{
  "params": {
    "N": 150,
    "K": 4,
    "n0": 0,
    "target": 75,
    "sc_src": 5,
    "sc_dst": 76,
    "mode": "lazy_selfloop",
    "q": 0.6666666667,
    "beta": 0.01,
    "rho": 1.0,
    "jumpover_absorbs": false,
    "n0_paper": 1,
    "target_paper": 76,
    "sc_src_paper": 6,
    "sc_dst_paper": 77,
    "p_shortcut": 0.0033333333330000004
  },
  "paper_peaks": [
    [
      32,
      0.00011037965361941844
    ],
    [
      1076,
      0.0002850318240223359
    ]
  ],
  "peaks_valley": {
    "t1": 32,
    "tv": 212,
    "t2": 1076,
    "delta": 52
  },
  "exact_meta": {
    "method": "aw",
    "r": 0.9977000638225533,
    "L": 8192,
    "max_steps": 4000,
    "x_nnz": 2
  },
  "cond_by_time": {
    "max_t": 4000,
    "min_n": 50,
    "smooth_window": 21
  },
  "summaries": [
    {
      "window": "peak1",
      "n": 1539,
      "frac": 0.007695,
      "P_sc_ge1": 1.0,
      "P_jo_ge1": 0.34632878492527613,
      "P_sc_ge1_ci95": [
        0.9975100489901231,
        0.9999999999999999
      ],
      "P_jo_ge1_ci95": [
        0.32296622214391013,
        0.37045661530097074
      ],
      "C0": 0.0,
      "C1": 1.0,
      "C2p": 0.0,
      "J0": 0.6536712150747238,
      "J1": 0.2222222222222222,
      "J2p": 0.12410656270305392,
      "class_C0J0": 0.0,
      "class_C1pJ0": 0.6536712150747238,
      "class_C0J1p": 0.0,
      "class_C1pJ1p": 0.34632878492527613,
      "class_D_taujo_lt_tausc": 0.0,
      "class_D_tausc_lt_taujo": 1.0,
      "class_D_tie": 0.0
    },
    {
      "window": "valley",
      "n": 1447,
      "frac": 0.007235,
      "P_sc_ge1": 0.9067035245335177,
      "P_jo_ge1": 0.3510711817553559,
      "P_sc_ge1_ci95": [
        0.8906217511667502,
        0.9206315241735765
      ],
      "P_jo_ge1_ci95": [
        0.32690157417716237,
        0.37602946943228477
      ],
      "C0": 0.09329647546648238,
      "C1": 0.9067035245335177,
      "C2p": 0.0,
      "J0": 0.6489288182446441,
      "J1": 0.21769177608845888,
      "J2p": 0.13337940566689702,
      "class_C0J0": 0.07256392536281962,
      "class_C1pJ0": 0.5763648928818245,
      "class_C0J1p": 0.02073255010366275,
      "class_C1pJ1p": 0.33033863165169314,
      "class_D_taujo_lt_tausc": 0.0,
      "class_D_tausc_lt_taujo": 1.0,
      "class_D_tie": 0.0
    },
    {
      "window": "peak2",
      "n": 6049,
      "frac": 0.030245,
      "P_sc_ge1": 0.10051248140188461,
      "P_jo_ge1": 0.26897007769879316,
      "P_sc_ge1_ci95": [
        0.09318676141768278,
        0.10834529255181147
      ],
      "P_jo_ge1_ci95": [
        0.25794464383873605,
        0.28028877036460265
      ],
      "C0": 0.8994875185981154,
      "C1": 0.10051248140188461,
      "C2p": 0.0,
      "J0": 0.7310299223012068,
      "J1": 0.17126797817821127,
      "J2p": 0.09770209952058191,
      "class_C0J0": 0.6649032897999669,
      "class_C1pJ0": 0.06612663250123987,
      "class_C0J1p": 0.23458422879814844,
      "class_C1pJ1p": 0.034385848900644736,
      "class_D_taujo_lt_tausc": 0.0,
      "class_D_tausc_lt_taujo": 1.0,
      "class_D_tie": 0.0
    },
    {
      "window": "other",
      "n": 190965,
      "frac": 0.954825,
      "P_sc_ge1": 0.11097845154871311,
      "P_jo_ge1": 0.28694263346686566,
      "P_sc_ge1_ci95": [
        0.10957745244696349,
        0.11239510205378078
      ],
      "P_jo_ge1_ci95": [
        0.2849181365858847,
        0.2889757022297559
      ],
      "C0": 0.8890215484512869,
      "C1": 0.11055952661482471,
      "C2p": 0.00041892493388840887,
      "J0": 0.7130573665331343,
      "J1": 0.17677584897756132,
      "J2p": 0.11016678448930432,
      "class_C0J0": 0.6458094415206975,
      "class_C1pJ0": 0.06724792501243683,
      "class_C0J1p": 0.24321210693058937,
      "class_C1pJ1p": 0.04373052653627628,
      "class_D_taujo_lt_tausc": 0.022991258531912345,
      "class_D_tausc_lt_taujo": 0.9770087414680877,
      "class_D_tie": 0.0
    }
  ]
}