{
  "N": 100,
  "K": 6,
  "rho": 1.0,
  "peaks": [
    [
      14,
      0.003454833605627204
    ],
    [
      101,
      0.0023412049218523674
    ]
  ],
  "t2": 101,
  "t_valley": 74,
  "delta": 4,
  "mc_counts": {
    "direct": 359958,
    "valley": 42221,
    "intermediate": 126677,
    "indirect": 1471144
  },
  "shortcut_usage": {
    "direct": {
      "frac_no": 0.03705710110624017,
      "frac_one": 0.9628262186143939,
      "frac_multi": 0.00011668027936592602
    },
    "valley": {
      "frac_no": 0.22124061485990384,
      "frac_one": 0.7775277705407262,
      "frac_multi": 0.0012316145993699818
    },
    "intermediate": {
      "frac_no": 0.33028884485739324,
      "frac_one": 0.6667113998594851,
      "frac_multi": 0.00299975528312164
    },
    "indirect": {
      "frac_no": 0.5331843789595037,
      "frac_one": 0.4282068920513559,
      "frac_multi": 0.038608728989140424
    }
  }
}