{
  "params": {
    "N": 170,
    "K": 2,
    "n0": 0,
    "target": 85,
    "sc_src": 5,
    "sc_dst": 86,
    "mode": "lazy_selfloop",
    "q": 0.6666666667,
    "beta": 0.01,
    "rho": 1.0,
    "jumpover_absorbs": false,
    "n0_paper": 1,
    "target_paper": 86,
    "sc_src_paper": 6,
    "sc_dst_paper": 87,
    "p_shortcut": 0.0033333333330000004
  },
  "paper_peaks": [
    [
      53,
      0.0001322048635509538
    ],
    [
      3014,
      9.886792933464114e-05
    ]
  ],
  "peaks_valley": {
    "t1": 53,
    "tv": 840,
    "t2": 3014,
    "delta": 148
  },
  "exact_meta": {
    "method": "aw",
    "r": 0.9977000638225533,
    "L": 8192,
    "max_steps": 4000,
    "x_nnz": 2
  },
  "cond_by_time": {
    "max_t": 4000,
    "min_n": 50,
    "smooth_window": 21
  },
  "summaries": [
    {
      "window": "peak1",
      "n": 4288,
      "frac": 0.02144,
      "P_sc_ge1": 1.0,
      "P_jo_ge1": 0.0,
      "P_sc_ge1_ci95": [
        0.9991049063879711,
        1.0
      ],
      "P_jo_ge1_ci95": [
        0.0,
        0.0008950936120289247
      ],
      "C0": 0.0,
      "C1": 1.0,
      "C2p": 0.0,
      "J0": 1.0,
      "J1": 0.0,
      "J2p": 0.0,
      "class_C0J0": 0.0,
      "class_C1pJ0": 1.0,
      "class_C0J1p": 0.0,
      "class_C1pJ1p": 0.0,
      "class_D_taujo_lt_tausc": null,
      "class_D_tausc_lt_taujo": null,
      "class_D_tie": null
    },
    {
      "window": "valley",
      "n": 3258,
      "frac": 0.01629,
      "P_sc_ge1": 0.8941068139963168,
      "P_jo_ge1": 0.0,
      "P_sc_ge1_ci95": [
        0.8830727197351701,
        0.904212597859651
      ],
      "P_jo_ge1_ci95": [
        0.0,
        0.0011777395934860846
      ],
      "C0": 0.10589318600368323,
      "C1": 0.8941068139963168,
      "C2p": 0.0,
      "J0": 1.0,
      "J1": 0.0,
      "J2p": 0.0,
      "class_C0J0": 0.10589318600368323,
      "class_C1pJ0": 0.8941068139963168,
      "class_C0J1p": 0.0,
      "class_C1pJ1p": 0.0,
      "class_D_taujo_lt_tausc": null,
      "class_D_tausc_lt_taujo": null,
      "class_D_tie": null
    },
    {
      "window": "peak2",
      "n": 5969,
      "frac": 0.029845,
      "P_sc_ge1": 0.22516334394370915,
      "P_jo_ge1": 0.0,
      "P_sc_ge1_ci95": [
        0.2147456252338844,
        0.23593460040611913
      ],
      "P_jo_ge1_ci95": [
        0.0,
        0.0006431779473274495
      ],
      "C0": 0.7748366560562908,
      "C1": 0.2244932149438767,
      "C2p": 0.0006701289998324678,
      "J0": 1.0,
      "J1": 0.0,
      "J2p": 0.0,
      "class_C0J0": 0.7748366560562908,
      "class_C1pJ0": 0.22516334394370915,
      "class_C0J1p": 0.0,
      "class_C1pJ1p": 0.0,
      "class_D_taujo_lt_tausc": null,
      "class_D_tausc_lt_taujo": null,
      "class_D_tie": null
    },
    {
      "window": "other",
      "n": 186485,
      "frac": 0.932425,
      "P_sc_ge1": 0.25410622838297986,
      "P_jo_ge1": 0.0,
      "P_sc_ge1_ci95": [
        0.25213533793653803,
        0.25608724946785494
      ],
      "P_jo_ge1_ci95": [
        0.0,
        2.0599623908007588e-05
      ],
      "C0": 0.7458937716170201,
      "C1": 0.253221438721613,
      "C2p": 0.000884789661366866,
      "J0": 1.0,
      "J1": 0.0,
      "J2p": 0.0,
      "class_C0J0": 0.7458937716170201,
      "class_C1pJ0": 0.25410622838297986,
      "class_C0J1p": 0.0,
      "class_C1pJ1p": 0.0,
      "class_D_taujo_lt_tausc": null,
      "class_D_tausc_lt_taujo": null,
      "class_D_tie": null
    }
  ]
}