{
  "params": {
    "N": 300,
    "K": 2,
    "n0": 0,
    "target": 150,
    "sc_src": 5,
    "sc_dst": 151,
    "mode": "lazy_selfloop",
    "q": 0.6666666667,
    "beta": 0.01,
    "rho": 1.0,
    "jumpover_absorbs": false,
    "n0_paper": 1,
    "target_paper": 151,
    "sc_src_paper": 6,
    "sc_dst_paper": 152,
    "p_shortcut": 0.0033333333330000004
  },
  "paper_peaks": [
    [
      53,
      0.000132204863427632
    ],
    [
      4000,
      2.7272641565717397e-05
    ]
  ],
  "peaks_valley": {
    "t1": 53,
    "tv": 3139,
    "t2": 4000,
    "delta": 197
  },
  "exact_meta": {
    "method": "aw",
    "r": 0.9977000638225533,
    "L": 8192,
    "max_steps": 4000,
    "x_nnz": 2
  },
  "cond_by_time": {
    "max_t": 4000,
    "min_n": 50,
    "smooth_window": 21
  },
  "summaries": [
    {
      "window": "peak1",
      "n": 5147,
      "frac": 0.025735,
      "P_sc_ge1": 1.0,
      "P_jo_ge1": 0.0,
      "P_sc_ge1_ci95": [
        0.9992541801324272,
        0.9999999999999999
      ],
      "P_jo_ge1_ci95": [
        0.0,
        0.0007458198675727088
      ],
      "C0": 0.0,
      "C1": 1.0,
      "C2p": 0.0,
      "J0": 1.0,
      "J1": 0.0,
      "J2p": 0.0,
      "class_C0J0": 0.0,
      "class_C1pJ0": 1.0,
      "class_C0J1p": 0.0,
      "class_C1pJ1p": 0.0,
      "class_D_taujo_lt_tausc": null,
      "class_D_tausc_lt_taujo": null,
      "class_D_tie": null
    },
    {
      "window": "valley",
      "n": 2070,
      "frac": 0.01035,
      "P_sc_ge1": 0.8705314009661835,
      "P_jo_ge1": 0.0,
      "P_sc_ge1_ci95": [
        0.8553795684379742,
        0.8843104831069458
      ],
      "P_jo_ge1_ci95": [
        0.0,
        0.0018524076284321808
      ],
      "C0": 0.1294685990338164,
      "C1": 0.8705314009661835,
      "C2p": 0.0,
      "J0": 1.0,
      "J1": 0.0,
      "J2p": 0.0,
      "class_C0J0": 0.1294685990338164,
      "class_C1pJ0": 0.8705314009661835,
      "class_C0J1p": 0.0,
      "class_C1pJ1p": 0.0,
      "class_D_taujo_lt_tausc": null,
      "class_D_tausc_lt_taujo": null,
      "class_D_tie": null
    },
    {
      "window": "peak2",
      "n": 2206,
      "frac": 0.01103,
      "P_sc_ge1": 0.6962828649138713,
      "P_jo_ge1": 0.0,
      "P_sc_ge1_ci95": [
        0.6767650390527961,
        0.71511825249172
      ],
      "P_jo_ge1_ci95": [
        0.0,
        0.0017384051417983987
      ],
      "C0": 0.30371713508612874,
      "C1": 0.6962828649138713,
      "C2p": 0.0,
      "J0": 1.0,
      "J1": 0.0,
      "J2p": 0.0,
      "class_C0J0": 0.30371713508612874,
      "class_C1pJ0": 0.6962828649138713,
      "class_C0J1p": 0.0,
      "class_C1pJ1p": 0.0,
      "class_D_taujo_lt_tausc": null,
      "class_D_tausc_lt_taujo": null,
      "class_D_tie": null
    },
    {
      "window": "other",
      "n": 190577,
      "frac": 0.952885,
      "P_sc_ge1": 0.3898634147877236,
      "P_jo_ge1": 0.0,
      "P_sc_ge1_ci95": [
        0.38767592561620434,
        0.3920553440771707
      ],
      "P_jo_ge1_ci95": [
        0.0,
        2.0157325194643275e-05
      ],
      "C0": 0.6101365852122764,
      "C1": 0.38865655351905004,
      "C2p": 0.0012068612686735546,
      "J0": 1.0,
      "J1": 0.0,
      "J2p": 0.0,
      "class_C0J0": 0.6101365852122764,
      "class_C1pJ0": 0.3898634147877236,
      "class_C0J1p": 0.0,
      "class_C1pJ1p": 0.0,
      "class_D_taujo_lt_tausc": null,
      "class_D_tausc_lt_taujo": null,
      "class_D_tie": null
    }
  ]
}