{
  "params": {
    "N": 290,
    "K": 2,
    "n0": 0,
    "target": 145,
    "sc_src": 5,
    "sc_dst": 146,
    "mode": "lazy_selfloop",
    "q": 0.6666666667,
    "beta": 0.01,
    "rho": 1.0,
    "jumpover_absorbs": false,
    "n0_paper": 1,
    "target_paper": 146,
    "sc_src_paper": 6,
    "sc_dst_paper": 147,
    "p_shortcut": 0.0033333333330000004
  },
  "paper_peaks": [
    [
      53,
      0.00013220486344149189
    ],
    [
      4000,
      2.943759483538782e-05
    ]
  ],
  "peaks_valley": {
    "t1": 53,
    "tv": 2898,
    "t2": 4000,
    "delta": 197
  },
  "exact_meta": {
    "method": "aw",
    "r": 0.9977000638225533,
    "L": 8192,
    "max_steps": 4000,
    "x_nnz": 2
  },
  "cond_by_time": {
    "max_t": 4000,
    "min_n": 50,
    "smooth_window": 21
  },
  "summaries": [
    {
      "window": "peak1",
      "n": 5340,
      "frac": 0.0267,
      "P_sc_ge1": 1.0,
      "P_jo_ge1": 0.0,
      "P_sc_ge1_ci95": [
        0.999281116416325,
        1.0
      ],
      "P_jo_ge1_ci95": [
        0.0,
        0.000718883583675085
      ],
      "C0": 0.0,
      "C1": 1.0,
      "C2p": 0.0,
      "J0": 1.0,
      "J1": 0.0,
      "J2p": 0.0,
      "class_C0J0": 0.0,
      "class_C1pJ0": 1.0,
      "class_C0J1p": 0.0,
      "class_C1pJ1p": 0.0,
      "class_D_taujo_lt_tausc": null,
      "class_D_tausc_lt_taujo": null,
      "class_D_tie": null
    },
    {
      "window": "valley",
      "n": 2144,
      "frac": 0.01072,
      "P_sc_ge1": 0.8619402985074627,
      "P_jo_ge1": 0.0,
      "P_sc_ge1_ci95": [
        0.8466895316790135,
        0.8758963424375878
      ],
      "P_jo_ge1_ci95": [
        0.0,
        0.001788586271911299
      ],
      "C0": 0.13805970149253732,
      "C1": 0.8619402985074627,
      "C2p": 0.0,
      "J0": 1.0,
      "J1": 0.0,
      "J2p": 0.0,
      "class_C0J0": 0.13805970149253732,
      "class_C1pJ0": 0.8619402985074627,
      "class_C0J1p": 0.0,
      "class_C1pJ1p": 0.0,
      "class_D_taujo_lt_tausc": null,
      "class_D_tausc_lt_taujo": null,
      "class_D_tie": null
    },
    {
      "window": "peak2",
      "n": 2384,
      "frac": 0.01192,
      "P_sc_ge1": 0.6606543624161074,
      "P_jo_ge1": 0.0,
      "P_sc_ge1_ci95": [
        0.6414025381565323,
        0.6793892597583715
      ],
      "P_jo_ge1_ci95": [
        0.0,
        0.0016088169332505137
      ],
      "C0": 0.33934563758389263,
      "C1": 0.6606543624161074,
      "C2p": 0.0,
      "J0": 1.0,
      "J1": 0.0,
      "J2p": 0.0,
      "class_C0J0": 0.33934563758389263,
      "class_C1pJ0": 0.6606543624161074,
      "class_C0J1p": 0.0,
      "class_C1pJ1p": 0.0,
      "class_D_taujo_lt_tausc": null,
      "class_D_tausc_lt_taujo": null,
      "class_D_tie": null
    },
    {
      "window": "other",
      "n": 190132,
      "frac": 0.95066,
      "P_sc_ge1": 0.3806250394462794,
      "P_jo_ge1": 0.0,
      "P_sc_ge1_ci95": [
        0.3784449735294387,
        0.38280992918638884
      ],
      "P_jo_ge1_ci95": [
        0.0,
        2.020450204271218e-05
      ],
      "C0": 0.6193749605537205,
      "C1": 0.3794521700713189,
      "C2p": 0.0011728693749605537,
      "J0": 1.0,
      "J1": 0.0,
      "J2p": 0.0,
      "class_C0J0": 0.6193749605537205,
      "class_C1pJ0": 0.3806250394462794,
      "class_C0J1p": 0.0,
      "class_C1pJ1p": 0.0,
      "class_D_taujo_lt_tausc": null,
      "class_D_tausc_lt_taujo": null,
      "class_D_tie": null
    }
  ]
}