scan_name,case_id,corridor_halfwidth,bx,delta_core,delta_open,kappa_c2o,kappa_o2c,window,lo,hi,hit_mass,flux_c2o,flux_o2c,occupancy_mass,L0R0,L0R1,L1R0,L1R1,rollback_share
delta,delta_core_p0p40_open_p0p00,2,-0.08,0.4,0.0,0.002,0.002,early,10,60,7.902768666101064e-26,5.644825609506741e-32,1.644177631986607e-32,4.7145776718694206e-24,0.9943001424790837,0.005699143025887794,7.134927769013073e-07,1.0022515331579627e-09,0.005699144028139327
delta,delta_core_p0p40_open_p0p00,2,-0.08,0.4,0.0,0.002,0.002,middle,120,200,2.267573697402546e-08,1.1329481257473699e-11,2.6470944740836304e-12,4.275760609679963e-06,0.5740767628839262,0.4253706018149859,0.0003277111920977293,0.00022492410899009114,0.42559552592397604
delta,delta_core_p0p40_open_p0p00,2,-0.08,0.4,0.0,0.002,0.002,late,260,360,1.5490328383733812e-05,2.0475951546114496e-08,8.023332119952293e-09,0.00508373951176906,0.35255041375434565,0.6458001052921769,0.0005856119651656982,0.0010638689883116904,0.6468639742804886
delta,delta_core_p0p40_open_p0p20,2,-0.08,0.4,0.2,0.002,0.002,early,10,60,1.488915940629318e-25,9.695792527965647e-32,3.1414987751484614e-32,8.88222485739273e-24,0.9942513929496398,0.005747955638018383,6.50477226078633e-07,9.35115832138881e-10,0.005747956573134215
delta,delta_core_p0p40_open_p0p20,2,-0.08,0.4,0.2,0.002,0.002,middle,120,200,3.583381010218847e-08,1.6072640178982063e-11,4.127819236493524e-12,6.754862655653679e-06,0.5710882543190006,0.42841203424605,0.00029410014193513535,0.0002056112930144239,0.42861764553906445
delta,delta_core_p0p40_open_p0p20,2,-0.08,0.4,0.2,0.002,0.002,late,260,360,2.373554597674925e-05,2.905523223942048e-08,1.2074608063018586e-08,0.007788181789964262,0.34435696689527645,0.654101136756973,0.0005250600543290033,0.0010168362934214032,0.6551179730503944
