{
  "params": {
    "N": 160,
    "K": 4,
    "n0": 0,
    "target": 80,
    "sc_src": 5,
    "sc_dst": 81,
    "mode": "lazy_selfloop",
    "q": 0.6666666667,
    "beta": 0.01,
    "rho": 1.0,
    "jumpover_absorbs": false,
    "n0_paper": 1,
    "target_paper": 81,
    "sc_src_paper": 6,
    "sc_dst_paper": 82,
    "p_shortcut": 0.0033333333330000004
  },
  "paper_peaks": [
    [
      32,
      0.00011037965365400565
    ],
    [
      1217,
      0.00025172225629343777
    ]
  ],
  "peaks_valley": {
    "t1": 32,
    "tv": 244,
    "t2": 1217,
    "delta": 59
  },
  "exact_meta": {
    "method": "aw",
    "r": 0.9977000638225533,
    "L": 8192,
    "max_steps": 4000,
    "x_nnz": 2
  },
  "cond_by_time": {
    "max_t": 4000,
    "min_n": 50,
    "smooth_window": 21
  },
  "summaries": [
    {
      "window": "peak1",
      "n": 1729,
      "frac": 0.008645,
      "P_sc_ge1": 1.0,
      "P_jo_ge1": 0.34644303065355697,
      "P_sc_ge1_ci95": [
        0.9977830633798265,
        0.9999999999999999
      ],
      "P_jo_ge1_ci95": [
        0.3243764210064386,
        0.36919049243792923
      ],
      "C0": 0.0,
      "C1": 1.0,
      "C2p": 0.0,
      "J0": 0.653556969346443,
      "J1": 0.2463851937536148,
      "J2p": 0.10005783689994216,
      "class_C0J0": 0.0,
      "class_C1pJ0": 0.653556969346443,
      "class_C0J1p": 0.0,
      "class_C1pJ1p": 0.34644303065355697,
      "class_D_taujo_lt_tausc": 0.0,
      "class_D_tausc_lt_taujo": 1.0,
      "class_D_tie": 0.0
    },
    {
      "window": "valley",
      "n": 1546,
      "frac": 0.00773,
      "P_sc_ge1": 0.9346701164294955,
      "P_jo_ge1": 0.37516170763260026,
      "P_sc_ge1_ci95": [
        0.9212429914636517,
        0.9459424034825157
      ],
      "P_jo_ge1_ci95": [
        0.35136425049856207,
        0.3995780393457678
      ],
      "C0": 0.06532988357050452,
      "C1": 0.9346701164294955,
      "C2p": 0.0,
      "J0": 0.6248382923673997,
      "J1": 0.24967658473479948,
      "J2p": 0.12548512289780078,
      "class_C0J0": 0.04851228978007762,
      "class_C1pJ0": 0.5763260025873221,
      "class_C0J1p": 0.016817593790426907,
      "class_C1pJ1p": 0.35834411384217335,
      "class_D_taujo_lt_tausc": 0.0,
      "class_D_tausc_lt_taujo": 1.0,
      "class_D_tie": 0.0
    },
    {
      "window": "peak2",
      "n": 6120,
      "frac": 0.0306,
      "P_sc_ge1": 0.10735294117647058,
      "P_jo_ge1": 0.28137254901960784,
      "P_sc_ge1_ci95": [
        0.09984196639002724,
        0.11535654560283681
      ],
      "P_jo_ge1_ci95": [
        0.2702463097208535,
        0.2927730864699296
      ],
      "C0": 0.8926470588235295,
      "C1": 0.10735294117647058,
      "C2p": 0.0,
      "J0": 0.7186274509803922,
      "J1": 0.17973856209150327,
      "J2p": 0.10163398692810457,
      "class_C0J0": 0.6542483660130719,
      "class_C1pJ0": 0.06437908496732025,
      "class_C0J1p": 0.23839869281045753,
      "class_C1pJ1p": 0.04297385620915033,
      "class_D_taujo_lt_tausc": 0.0,
      "class_D_tausc_lt_taujo": 1.0,
      "class_D_tie": 0.0
    },
    {
      "window": "other",
      "n": 190605,
      "frac": 0.953025,
      "P_sc_ge1": 0.11707457831641352,
      "P_jo_ge1": 0.28911098869389573,
      "P_sc_ge1_ci95": [
        0.11563890467795253,
        0.11852568719164101
      ],
      "P_jo_ge1_ci95": [
        0.2870799846509194,
        0.29115049340472193
      ],
      "C0": 0.8829254216835865,
      "C1": 0.11664436924529786,
      "C2p": 0.00043020907111565804,
      "J0": 0.7108890113061043,
      "J1": 0.17917158521549803,
      "J2p": 0.10993940347839773,
      "class_C0J0": 0.6401983158888801,
      "class_C1pJ0": 0.0706906954172241,
      "class_C0J1p": 0.24272710579470633,
      "class_C1pJ1p": 0.046383882899189426,
      "class_D_taujo_lt_tausc": 0.01922859405044678,
      "class_D_tausc_lt_taujo": 0.9807714059495533,
      "class_D_tie": 0.0
    }
  ]
}