{
  "params": {
    "N": 100,
    "K": 4,
    "n0": 0,
    "target": 50,
    "sc_src": 5,
    "sc_dst": 51,
    "mode": "lazy_selfloop",
    "q": 0.6666666667,
    "beta": 0.001,
    "rho": 1.0,
    "jumpover_absorbs": false,
    "n0_paper": 1,
    "target_paper": 51,
    "sc_src_paper": 6,
    "sc_dst_paper": 52,
    "p_shortcut": 0.0003333333333
  },
  "paper_peaks": [
    [
      32,
      1.1147569784723535e-05
    ],
    [
      515,
      0.000598321926075344
    ]
  ],
  "peaks_valley": {
    "t1": 32,
    "tv": 63,
    "t2": 515,
    "delta": 24
  },
  "exact_meta": {
    "method": "aw",
    "r": 0.9977000638225533,
    "L": 8192,
    "max_steps": 4000,
    "x_nnz": 2
  },
  "cond_by_time": {
    "max_t": 4000,
    "min_n": 50,
    "smooth_window": 21
  },
  "summaries": [
    {
      "window": "peak1",
      "n": 72,
      "frac": 0.00036,
      "P_sc_ge1": 1.0,
      "P_jo_ge1": 0.375,
      "P_sc_ge1_ci95": [
        0.9493470601886036,
        1.0
      ],
      "P_jo_ge1_ci95": [
        0.27219009399354577,
        0.4904731409593034
      ],
      "C0": 0.0,
      "C1": 1.0,
      "C2p": 0.0,
      "J0": 0.625,
      "J1": 0.2222222222222222,
      "J2p": 0.1527777777777778,
      "class_C0J0": 0.0,
      "class_C1pJ0": 0.625,
      "class_C0J1p": 0.0,
      "class_C1pJ1p": 0.375,
      "class_D_taujo_lt_tausc": 0.0,
      "class_D_tausc_lt_taujo": 1.0,
      "class_D_tie": 0.0
    },
    {
      "window": "valley",
      "n": 88,
      "frac": 0.00044,
      "P_sc_ge1": 0.8522727272727273,
      "P_jo_ge1": 0.26136363636363635,
      "P_sc_ge1_ci95": [
        0.7634870210099294,
        0.9115883261094588
      ],
      "P_jo_ge1_ci95": [
        0.18093113139383876,
        0.3617597624930273
      ],
      "C0": 0.14772727272727273,
      "C1": 0.8522727272727273,
      "C2p": 0.0,
      "J0": 0.7386363636363636,
      "J1": 0.19318181818181818,
      "J2p": 0.06818181818181818,
      "class_C0J0": 0.125,
      "class_C1pJ0": 0.6136363636363636,
      "class_C0J1p": 0.022727272727272728,
      "class_C1pJ1p": 0.23863636363636365,
      "class_D_taujo_lt_tausc": 0.0,
      "class_D_tausc_lt_taujo": 1.0,
      "class_D_tie": 0.0
    },
    {
      "window": "peak2",
      "n": 5822,
      "frac": 0.02911,
      "P_sc_ge1": 0.007557540364136035,
      "P_jo_ge1": 0.25437993816557886,
      "P_sc_ge1_ci95": [
        0.005634756324322258,
        0.01012976429017574
      ],
      "P_jo_ge1_ci95": [
        0.24335724920981283,
        0.265726554235856
      ],
      "C0": 0.992442459635864,
      "C1": 0.007557540364136035,
      "C2p": 0.0,
      "J0": 0.7456200618344212,
      "J1": 0.1556166265888011,
      "J2p": 0.09876331157677774,
      "class_C0J0": 0.739780144280316,
      "class_C1pJ0": 0.005839917554105119,
      "class_C0J1p": 0.2526623153555479,
      "class_C1pJ1p": 0.0017176228100309172,
      "class_D_taujo_lt_tausc": 0.0,
      "class_D_tausc_lt_taujo": 1.0,
      "class_D_tie": 0.0
    },
    {
      "window": "other",
      "n": 194018,
      "frac": 0.97009,
      "P_sc_ge1": 0.008050799410363987,
      "P_jo_ge1": 0.2765877392819223,
      "P_sc_ge1_ci95": [
        0.007662776141399134,
        0.008458303703046588
      ],
      "P_jo_ge1_ci95": [
        0.2746017588453028,
        0.2785825667693037
      ],
      "C0": 0.991949200589636,
      "C1": 0.008030182766547433,
      "C2p": 2.0616643816553103e-05,
      "J0": 0.7234122607180777,
      "J1": 0.1708913605954087,
      "J2p": 0.10569637868651362,
      "class_C0J0": 0.7185879660650043,
      "class_C1pJ0": 0.004824294653073426,
      "class_C0J1p": 0.27336123452463174,
      "class_C1pJ1p": 0.003226504757290561,
      "class_D_taujo_lt_tausc": 0.04472843450479233,
      "class_D_tausc_lt_taujo": 0.9552715654952076,
      "class_D_tie": 0.0
    }
  ]
}