N,n0,m0,shortcut_src,shortcut_dst,t_ignore,t_max_scan,onset_beta,onset_beta_window,onset_beta_ext,onset_source,onset_search_max_beta,clear_fraction,rep_beta,rep_phase,rep_t1,rep_t2,rep_peak_ratio,rep_valley_ratio,rep_mass_tmax,rep_survival_tmax
81,4,44,4,56,64,1123,0.38,,0.38,extended,0.38,0.0,0.2,1,153,256,0.18676756386266624,0.10224152023180025,0.9999995270482868,4.729517133193915e-07
101,5,55,5,70,80,1400,0.16,0.16,,main,0.3,0.5,0.2,2,108,321,0.30633499651607066,0.1256882453829077,0.9999995258051155,4.7419488451696535e-07
121,6,66,6,84,96,1677,0.08,0.08,,main,0.3,0.75,0.2,2,132,386,0.3112841899399739,0.09740917531989718,0.9999995256398447,4.7436015532564436e-07
141,7,77,7,98,112,1800,0.04,0.04,,main,0.3,0.875,0.2,2,154,451,0.3108834669871738,0.07550401333078235,0.9999984808924485,1.5191075513862146e-06
