{
  "params": {
    "N": 70,
    "K": 4,
    "n0": 0,
    "target": 35,
    "sc_src": 5,
    "sc_dst": 36,
    "mode": "lazy_selfloop",
    "q": 0.6666666667,
    "beta": 0.01,
    "rho": 1.0,
    "jumpover_absorbs": false,
    "n0_paper": 1,
    "target_paper": 36,
    "sc_src_paper": 6,
    "sc_dst_paper": 37,
    "p_shortcut": 0.0033333333330000004
  },
  "paper_peaks": [
    [
      250,
      0.0012370243660879178
    ]
  ],
  "peaks_valley": {
    "t1": 250,
    "tv": null,
    "t2": null,
    "delta": 2
  },
  "exact_meta": {
    "method": "aw",
    "r": 0.9977000638225533,
    "L": 8192,
    "max_steps": 4000,
    "x_nnz": 2
  },
  "cond_by_time": {
    "max_t": 4000,
    "min_n": 50,
    "smooth_window": 21
  },
  "summaries": [
    {
      "window": "peak1",
      "n": 1186,
      "frac": 0.00593,
      "P_sc_ge1": 0.05227655986509275,
      "P_jo_ge1": 0.2630691399662732,
      "P_sc_ge1_ci95": [
        0.040992234840212596,
        0.06645198294474298
      ],
      "P_jo_ge1_ci95": [
        0.23880400144066427,
        0.2888642192703951
      ],
      "C0": 0.9477234401349073,
      "C1": 0.05227655986509275,
      "C2p": 0.0,
      "J0": 0.7369308600337268,
      "J1": 0.17706576728499157,
      "J2p": 0.08600337268128162,
      "class_C0J0": 0.6989881956155143,
      "class_C1pJ0": 0.03794266441821248,
      "class_C0J1p": 0.2487352445193929,
      "class_C1pJ1p": 0.01433389544688027,
      "class_D_taujo_lt_tausc": 0.0,
      "class_D_tausc_lt_taujo": 1.0,
      "class_D_tie": 0.0
    },
    {
      "window": "valley",
      "n": 0,
      "frac": 0.0
    },
    {
      "window": "peak2",
      "n": 0,
      "frac": 0.0
    },
    {
      "window": "other",
      "n": 198814,
      "frac": 0.99407,
      "P_sc_ge1": 0.05728972808755923,
      "P_jo_ge1": 0.2802066252879576,
      "P_sc_ge1_ci95": [
        0.05627670519682636,
        0.05831985925959013
      ],
      "P_jo_ge1_ci95": [
        0.27823675685064386,
        0.28218498751256427
      ],
      "C0": 0.9427102719124407,
      "C1": 0.05702817709014456,
      "C2p": 0.00026155099741466897,
      "J0": 0.7197933747120424,
      "J1": 0.17378554830142748,
      "J2p": 0.10642107698653012,
      "class_C0J0": 0.6847153620972366,
      "class_C1pJ0": 0.035078012614805795,
      "class_C0J1p": 0.2579949098152042,
      "class_C1pJ1p": 0.022211715472753427,
      "class_D_taujo_lt_tausc": 0.051630434782608696,
      "class_D_tausc_lt_taujo": 0.9483695652173914,
      "class_D_tie": 0.0
    }
  ]
}