{
  "params": {
    "N": 240,
    "K": 2,
    "n0": 0,
    "target": 120,
    "sc_src": 5,
    "sc_dst": 121,
    "mode": "lazy_selfloop",
    "q": 0.6666666667,
    "beta": 0.01,
    "rho": 1.0,
    "jumpover_absorbs": false,
    "n0_paper": 1,
    "target_paper": 121,
    "sc_src_paper": 6,
    "sc_dst_paper": 122,
    "p_shortcut": 0.0033333333330000004
  },
  "paper_peaks": [
    [
      53,
      0.0001322048635112601
    ],
    [
      4000,
      4.7885882161128935e-05
    ]
  ],
  "peaks_valley": {
    "t1": 53,
    "tv": 1861,
    "t2": 4000,
    "delta": 197
  },
  "exact_meta": {
    "method": "aw",
    "r": 0.9977000638225533,
    "L": 8192,
    "max_steps": 4000,
    "x_nnz": 2
  },
  "cond_by_time": {
    "max_t": 4000,
    "min_n": 50,
    "smooth_window": 21
  },
  "summaries": [
    {
      "window": "peak1",
      "n": 5316,
      "frac": 0.02658,
      "P_sc_ge1": 1.0,
      "P_jo_ge1": 0.0,
      "P_sc_ge1_ci95": [
        0.9992778732359249,
        1.0
      ],
      "P_jo_ge1_ci95": [
        0.0,
        0.0007221267640750808
      ],
      "C0": 0.0,
      "C1": 1.0,
      "C2p": 0.0,
      "J0": 1.0,
      "J1": 0.0,
      "J2p": 0.0,
      "class_C0J0": 0.0,
      "class_C1pJ0": 1.0,
      "class_C0J1p": 0.0,
      "class_C1pJ1p": 0.0,
      "class_D_taujo_lt_tausc": null,
      "class_D_tausc_lt_taujo": null,
      "class_D_tie": null
    },
    {
      "window": "valley",
      "n": 2829,
      "frac": 0.014145,
      "P_sc_ge1": 0.8776952986921174,
      "P_jo_ge1": 0.0,
      "P_sc_ge1_ci95": [
        0.8651069342747725,
        0.8892592823184885
      ],
      "P_jo_ge1_ci95": [
        0.0,
        0.0013560941776624574
      ],
      "C0": 0.12230470130788264,
      "C1": 0.8776952986921174,
      "C2p": 0.0,
      "J0": 1.0,
      "J1": 0.0,
      "J2p": 0.0,
      "class_C0J0": 0.12230470130788264,
      "class_C1pJ0": 0.8776952986921174,
      "class_C0J1p": 0.0,
      "class_C1pJ1p": 0.0,
      "class_D_taujo_lt_tausc": null,
      "class_D_tausc_lt_taujo": null,
      "class_D_tie": null
    },
    {
      "window": "peak2",
      "n": 3834,
      "frac": 0.01917,
      "P_sc_ge1": 0.40688575899843504,
      "P_jo_ge1": 0.0,
      "P_sc_ge1_ci95": [
        0.3914362889906917,
        0.42252163986181734
      ],
      "P_jo_ge1_ci95": [
        1.0842021724855044e-19,
        0.0010009793004484603
      ],
      "C0": 0.593114241001565,
      "C1": 0.40688575899843504,
      "C2p": 0.0,
      "J0": 1.0,
      "J1": 0.0,
      "J2p": 0.0,
      "class_C0J0": 0.593114241001565,
      "class_C1pJ0": 0.40688575899843504,
      "class_C0J1p": 0.0,
      "class_C1pJ1p": 0.0,
      "class_D_taujo_lt_tausc": null,
      "class_D_tausc_lt_taujo": null,
      "class_D_tie": null
    },
    {
      "window": "other",
      "n": 188021,
      "frac": 0.940105,
      "P_sc_ge1": 0.3333404247397897,
      "P_jo_ge1": 0.0,
      "P_sc_ge1_ci95": [
        0.3312130181666148,
        0.3354746414708019
      ],
      "P_jo_ge1_ci95": [
        1.6940658945086007e-21,
        2.0431342833797126e-05
      ],
      "C0": 0.6666595752602102,
      "C1": 0.3320905643518543,
      "C2p": 0.0012498603879353902,
      "J0": 1.0,
      "J1": 0.0,
      "J2p": 0.0,
      "class_C0J0": 0.6666595752602102,
      "class_C1pJ0": 0.3333404247397897,
      "class_C0J1p": 0.0,
      "class_C1pJ1p": 0.0,
      "class_D_taujo_lt_tausc": null,
      "class_D_tausc_lt_taujo": null,
      "class_D_tie": null
    }
  ]
}