{
  "params": {
    "N": 100,
    "K": 4,
    "n0": 0,
    "target": 50,
    "sc_src": 5,
    "sc_dst": 51,
    "mode": "lazy_selfloop",
    "q": 0.6666666667,
    "beta": 0.03,
    "rho": 1.0,
    "jumpover_absorbs": false,
    "n0_paper": 1,
    "target_paper": 51,
    "sc_src_paper": 6,
    "sc_dst_paper": 52,
    "p_shortcut": 0.009999999999000002
  },
  "paper_peaks": [
    [
      31,
      0.0003241531584671664
    ],
    [
      457,
      0.0006702535002771746
    ]
  ],
  "peaks_valley": {
    "t1": 31,
    "tv": 103,
    "t2": 457,
    "delta": 21
  },
  "exact_meta": {
    "method": "aw",
    "r": 0.9977000638225533,
    "L": 8192,
    "max_steps": 4000,
    "x_nnz": 2
  },
  "cond_by_time": {
    "max_t": 4000,
    "min_n": 50,
    "smooth_window": 21
  },
  "summaries": [
    {
      "window": "peak1",
      "n": 2597,
      "frac": 0.012985,
      "P_sc_ge1": 1.0,
      "P_jo_ge1": 0.28609934539853676,
      "P_sc_ge1_ci95": [
        0.9985229396515345,
        1.0
      ],
      "P_jo_ge1_ci95": [
        0.269043351227938,
        0.3037872279199809
      ],
      "C0": 0.0,
      "C1": 1.0,
      "C2p": 0.0,
      "J0": 0.7139006546014632,
      "J1": 0.20215633423180593,
      "J2p": 0.08394301116673085,
      "class_C0J0": 0.0,
      "class_C1pJ0": 0.7139006546014632,
      "class_C0J1p": 0.0,
      "class_C1pJ1p": 0.28609934539853676,
      "class_D_taujo_lt_tausc": 0.0,
      "class_D_tausc_lt_taujo": 1.0,
      "class_D_tie": 0.0
    },
    {
      "window": "valley",
      "n": 2243,
      "frac": 0.011215,
      "P_sc_ge1": 0.9407044137316094,
      "P_jo_ge1": 0.3517610343290236,
      "P_sc_ge1_ci95": [
        0.9301560854683093,
        0.9497457287049729
      ],
      "P_jo_ge1_ci95": [
        0.3322676753120964,
        0.371761304745955
      ],
      "C0": 0.05929558626839055,
      "C1": 0.9407044137316094,
      "C2p": 0.0,
      "J0": 0.6482389656709764,
      "J1": 0.21756576014266607,
      "J2p": 0.13419527418635754,
      "class_C0J0": 0.04814979937583593,
      "class_C1pJ0": 0.6000891662951404,
      "class_C0J1p": 0.011145786892554615,
      "class_C1pJ1p": 0.34061524743646904,
      "class_D_taujo_lt_tausc": 0.0,
      "class_D_tausc_lt_taujo": 1.0,
      "class_D_tie": 0.0
    },
    {
      "window": "peak2",
      "n": 5688,
      "frac": 0.02844,
      "P_sc_ge1": 0.17369901547116737,
      "P_jo_ge1": 0.285337552742616,
      "P_sc_ge1_ci95": [
        0.16407446245545604,
        0.18376402974713796
      ],
      "P_jo_ge1_ci95": [
        0.2737498764873139,
        0.29721499365243137
      ],
      "C0": 0.8263009845288326,
      "C1": 0.17334739803094235,
      "C2p": 0.00035161744022503517,
      "J0": 0.7146624472573839,
      "J1": 0.17809423347398032,
      "J2p": 0.10724331926863573,
      "class_C0J0": 0.6126933895921237,
      "class_C1pJ0": 0.1019690576652602,
      "class_C0J1p": 0.21360759493670886,
      "class_C1pJ1p": 0.07172995780590717,
      "class_D_taujo_lt_tausc": 0.0,
      "class_D_tausc_lt_taujo": 1.0,
      "class_D_tie": 0.0
    },
    {
      "window": "other",
      "n": 189472,
      "frac": 0.94736,
      "P_sc_ge1": 0.1927408799189326,
      "P_jo_ge1": 0.29794375950008445,
      "P_sc_ge1_ci95": [
        0.19097097764170542,
        0.19452324147989472
      ],
      "P_jo_ge1_ci95": [
        0.2958884922109818,
        0.3000072201213497
      ],
      "C0": 0.8072591200810674,
      "C1": 0.19076169565951698,
      "C2p": 0.0019791842594156393,
      "J0": 0.7020562404999156,
      "J1": 0.18347301976017566,
      "J2p": 0.1144707397399088,
      "class_C0J0": 0.5851840905252491,
      "class_C1pJ0": 0.11687214997466644,
      "class_C0J1p": 0.2220750295558183,
      "class_C1pJ1p": 0.07586872994426618,
      "class_D_taujo_lt_tausc": 0.02977391304347826,
      "class_D_tausc_lt_taujo": 0.9702260869565218,
      "class_D_tie": 0.0
    }
  ]
}