{
  "params": {
    "N": 100,
    "K": 4,
    "n0": 0,
    "target": 50,
    "sc_src": 5,
    "sc_dst": 51,
    "mode": "lazy_selfloop",
    "q": 0.6666667,
    "beta": 0.15,
    "rho": 1.0,
    "jumpover_absorbs": false,
    "n0_paper": 1,
    "target_paper": 51,
    "sc_src_paper": 6,
    "sc_dst_paper": 52,
    "p_shortcut": 0.049999995000000005
  },
  "paper_peaks": [
    [
      27,
      0.0014435145697123417
    ],
    [
      295,
      0.0008556789911750462
    ]
  ],
  "peaks_valley": {
    "t1": 27,
    "tv": 185,
    "t2": 295,
    "delta": 13
  },
  "exact_meta": {
    "method": "aw",
    "r": 0.9977000638225533,
    "L": 8192,
    "max_steps": 4000,
    "x_nnz": 2
  },
  "cond_by_time": {
    "max_t": 4000,
    "min_n": 50,
    "smooth_window": 21
  },
  "summaries": [
    {
      "window": "peak1",
      "n": 7441,
      "frac": 0.037205,
      "P_sc_ge1": 1.0,
      "P_jo_ge1": 0.30936702056175247,
      "P_sc_ge1_ci95": [
        0.9994839917077619,
        1.0
      ],
      "P_jo_ge1_ci95": [
        0.29896493511905203,
        0.31996584240078135
      ],
      "C0": 0.0,
      "C1": 1.0,
      "C2p": 0.0,
      "J0": 0.6906329794382475,
      "J1": 0.21287461362720064,
      "J2p": 0.09649240693455181,
      "class_C0J0": 0.0,
      "class_C1pJ0": 0.6906329794382475,
      "class_C0J1p": 0.0,
      "class_C1pJ1p": 0.30936702056175247,
      "class_D_taujo_lt_tausc": 0.0,
      "class_D_tausc_lt_taujo": 1.0,
      "class_D_tie": 0.0
    },
    {
      "window": "valley",
      "n": 4484,
      "frac": 0.02242,
      "P_sc_ge1": 0.784121320249777,
      "P_jo_ge1": 0.3450044603033006,
      "P_sc_ge1_ci95": [
        0.7718382239995154,
        0.7959179998386878
      ],
      "P_jo_ge1_ci95": [
        0.3312283708493539,
        0.3590459026455038
      ],
      "C0": 0.215878679750223,
      "C1": 0.7834522747546833,
      "C2p": 0.0006690454950936663,
      "J0": 0.6549955396966993,
      "J1": 0.22123104371097235,
      "J2p": 0.12377341659232828,
      "class_C0J0": 0.17060660124888494,
      "class_C1pJ0": 0.48438893844781444,
      "class_C0J1p": 0.04527207850133809,
      "class_C1pJ1p": 0.29973238180196254,
      "class_D_taujo_lt_tausc": 0.0,
      "class_D_tausc_lt_taujo": 1.0,
      "class_D_tie": 0.0
    },
    {
      "window": "peak2",
      "n": 4689,
      "frac": 0.023445,
      "P_sc_ge1": 0.5602473875026658,
      "P_jo_ge1": 0.3120068244828322,
      "P_sc_ge1_ci95": [
        0.5459965469467983,
        0.5743995900120965
      ],
      "P_jo_ge1_ci95": [
        0.2989038319637844,
        0.3254176026228847
      ],
      "C0": 0.43975261249733416,
      "C1": 0.5570484111750906,
      "C2p": 0.003198976327575176,
      "J0": 0.6879931755171679,
      "J1": 0.19769673704414586,
      "J2p": 0.11431008743868629,
      "class_C0J0": 0.3371721049264235,
      "class_C1pJ0": 0.3508210705907443,
      "class_C0J1p": 0.10258050757091064,
      "class_C1pJ1p": 0.2094263169119215,
      "class_D_taujo_lt_tausc": 0.0,
      "class_D_tausc_lt_taujo": 1.0,
      "class_D_tie": 0.0
    },
    {
      "window": "other",
      "n": 183386,
      "frac": 0.91693,
      "P_sc_ge1": 0.5151756404523792,
      "P_jo_ge1": 0.3343439521010328,
      "P_sc_ge1_ci95": [
        0.5128879425866059,
        0.5174627025278616
      ],
      "P_jo_ge1_ci95": [
        0.3321882331565151,
        0.3365066112802774
      ],
      "C0": 0.4848243595476209,
      "C1": 0.500147230431985,
      "C2p": 0.015028410020394142,
      "J0": 0.6656560478989672,
      "J1": 0.20586631476775763,
      "J2p": 0.12847763733327516,
      "class_C0J0": 0.3525296369406607,
      "class_C1pJ0": 0.3131264109583065,
      "class_C0J1p": 0.13229472260696018,
      "class_C1pJ1p": 0.2020492294940726,
      "class_D_taujo_lt_tausc": 0.017218578792540414,
      "class_D_tausc_lt_taujo": 0.9827814212074596,
      "class_D_tie": 0.0
    }
  ]
}