{
  "meta": {
    "Lx": 60,
    "q": 0.8,
    "bx_values": [
      -0.12,
      -0.08,
      -0.04,
      0.0,
      0.08
    ],
    "scan_t_max": 5000,
    "scan_surv_tol": 1e-10,
    "t_max": 20000,
    "surv_tol": 1e-13
  },
  "widths": [
    8,
    10,
    12,
    14,
    16,
    18,
    20,
    22,
    24,
    26,
    28
  ],
  "phase_grid": [
    [
      1,
      2,
      0,
      0,
      0
    ],
    [
      1,
      2,
      0,
      0,
      0
    ],
    [
      1,
      2,
      0,
      0,
      0
    ],
    [
      1,
      2,
      0,
      0,
      0
    ],
    [
      1,
      2,
      0,
      0,
      0
    ],
    [
      1,
      1,
      0,
      0,
      0
    ],
    [
      1,
      1,
      0,
      0,
      0
    ],
    [
      1,
      1,
      0,
      0,
      0
    ],
    [
      1,
      1,
      0,
      0,
      0
    ],
    [
      1,
      1,
      0,
      0,
      0
    ],
    [
      1,
      1,
      0,
      0,
      0
    ]
  ],
  "sep_grid": [
    [
      0.5820262823230182,
      1.8298784846318799,
      0.0,
      0.0,
      0.0
    ],
    [
      0.5368242606893954,
      1.6288532675709002,
      0.0,
      0.0,
      0.0
    ],
    [
      0.50595340811044,
      1.2103849597135183,
      0.0,
      0.0,
      0.0
    ],
    [
      0.48280295724847316,
      1.1120967741935484,
      0.0,
      0.0,
      0.0
    ],
    [
      0.4633962264150943,
      1.0470500373412994,
      0.0,
      0.0,
      0.0
    ],
    [
      0.4458689458689459,
      0.9926803764377832,
      0.0,
      0.0,
      0.0
    ],
    [
      0.430151024811219,
      0.9415605615409729,
      0.0,
      0.0,
      0.0
    ],
    [
      0.4150460593654043,
      0.8946078431372549,
      0.0,
      0.0,
      0.0
    ],
    [
      0.4005837285662167,
      0.8497409326424871,
      0.0,
      0.0,
      0.0
    ],
    [
      0.3873059995367153,
      0.8091106290672451,
      0.0,
      0.0,
      0.0
    ],
    [
      0.3744201457919152,
      0.7707267144319345,
      0.0,
      0.0,
      0.0
    ]
  ],
  "valley_grid": [
    [
      0.3246279089329771,
      0.0822843186413291,
      1.0,
      1.0,
      1.0
    ],
    [
      0.31378485735041867,
      0.08768034338839657,
      1.0,
      1.0,
      1.0
    ],
    [
      0.29654162098174547,
      0.08778272310254148,
      1.0,
      1.0,
      1.0
    ],
    [
      0.2778802727740437,
      0.08511305929562037,
      1.0,
      1.0,
      1.0
    ],
    [
      0.2596895541065843,
      0.08111369086421352,
      1.0,
      1.0,
      1.0
    ],
    [
      0.242697356777851,
      0.07658587366473477,
      1.0,
      1.0,
      1.0
    ],
    [
      0.22714487482290288,
      0.07196275317666824,
      1.0,
      1.0,
      1.0
    ],
    [
      0.21305883312482965,
      0.06747734470571132,
      1.0,
      1.0,
      1.0
    ],
    [
      0.20038108135706253,
      0.06325557251494879,
      1.0,
      1.0,
      1.0
    ],
    [
      0.18902663723122964,
      0.05936657871260878,
      1.0,
      1.0,
      1.0
    ],
    [
      0.17890399399058118,
      0.05584786234711124,
      1.0,
      1.0,
      1.0
    ]
  ]
}