{
  "params": {
    "N": 180,
    "K": 4,
    "n0": 0,
    "target": 90,
    "sc_src": 5,
    "sc_dst": 91,
    "mode": "lazy_selfloop",
    "q": 0.6666666667,
    "beta": 0.01,
    "rho": 1.0,
    "jumpover_absorbs": false,
    "n0_paper": 1,
    "target_paper": 91,
    "sc_src_paper": 6,
    "sc_dst_paper": 92,
    "p_shortcut": 0.0033333333330000004
  },
  "paper_peaks": [
    [
      32,
      0.00011037965371915132
    ],
    [
      1523,
      0.00020067440718115985
    ]
  ],
  "peaks_valley": {
    "t1": 32,
    "tv": 317,
    "t2": 1523,
    "delta": 74
  },
  "exact_meta": {
    "method": "aw",
    "r": 0.9977000638225533,
    "L": 8192,
    "max_steps": 4000,
    "x_nnz": 2
  },
  "cond_by_time": {
    "max_t": 4000,
    "min_n": 50,
    "smooth_window": 21
  },
  "summaries": [
    {
      "window": "peak1",
      "n": 1866,
      "frac": 0.00933,
      "P_sc_ge1": 1.0,
      "P_jo_ge1": 0.3285101822079314,
      "P_sc_ge1_ci95": [
        0.99794549442049,
        1.0
      ],
      "P_jo_ge1_ci95": [
        0.30757095967522696,
        0.35015405831560176
      ],
      "C0": 0.0,
      "C1": 1.0,
      "C2p": 0.0,
      "J0": 0.6714898177920686,
      "J1": 0.2240085744908896,
      "J2p": 0.1045016077170418,
      "class_C0J0": 0.0,
      "class_C1pJ0": 0.6714898177920686,
      "class_C0J1p": 0.0,
      "class_C1pJ1p": 0.3285101822079314,
      "class_D_taujo_lt_tausc": 0.0,
      "class_D_tausc_lt_taujo": 1.0,
      "class_D_tie": 0.0
    },
    {
      "window": "valley",
      "n": 1744,
      "frac": 0.00872,
      "P_sc_ge1": 0.9168577981651376,
      "P_jo_ge1": 0.38073394495412843,
      "P_sc_ge1_ci95": [
        0.9029652471259418,
        0.9289179166573208
      ],
      "P_jo_ge1_ci95": [
        0.35823026286479265,
        0.4037618993540264
      ],
      "C0": 0.08314220183486239,
      "C1": 0.9168577981651376,
      "C2p": 0.0,
      "J0": 0.6192660550458715,
      "J1": 0.23910550458715596,
      "J2p": 0.14162844036697247,
      "class_C0J0": 0.06708715596330275,
      "class_C1pJ0": 0.5521788990825688,
      "class_C0J1p": 0.016055045871559634,
      "class_C1pJ1p": 0.3646788990825688,
      "class_D_taujo_lt_tausc": 0.0,
      "class_D_tausc_lt_taujo": 1.0,
      "class_D_tie": 0.0
    },
    {
      "window": "peak2",
      "n": 5889,
      "frac": 0.029445,
      "P_sc_ge1": 0.11309220580743759,
      "P_jo_ge1": 0.28544744438784175,
      "P_sc_ge1_ci95": [
        0.10525421284589691,
        0.1214346565783211
      ],
      "P_jo_ge1_ci95": [
        0.27405528224526504,
        0.2971193442710833
      ],
      "C0": 0.8869077941925624,
      "C1": 0.1129223976906096,
      "C2p": 0.00016980811682798438,
      "J0": 0.7145525556121582,
      "J1": 0.1823739174732552,
      "J2p": 0.10307352691458652,
      "class_C0J0": 0.6481575819324163,
      "class_C1pJ0": 0.0663949736797419,
      "class_C0J1p": 0.23875021226014603,
      "class_C1pJ1p": 0.046697232127695706,
      "class_D_taujo_lt_tausc": 0.0036363636363636364,
      "class_D_tausc_lt_taujo": 0.9963636363636363,
      "class_D_tie": 0.0
    },
    {
      "window": "other",
      "n": 190501,
      "frac": 0.952505,
      "P_sc_ge1": 0.13066073143972998,
      "P_jo_ge1": 0.2917150041207133,
      "P_sc_ge1_ci95": [
        0.12915470339245447,
        0.13218165521062267
      ],
      "P_jo_ge1_ci95": [
        0.28967799567743685,
        0.29376041285065385
      ],
      "C0": 0.86933926856027,
      "C1": 0.13024603545388214,
      "C2p": 0.00041469598584784333,
      "J0": 0.7082849958792867,
      "J1": 0.1798153290533908,
      "J2p": 0.11189967506732248,
      "class_C0J0": 0.6289940735219238,
      "class_C1pJ0": 0.07929092235736296,
      "class_C0J1p": 0.24034519503834625,
      "class_C1pJ1p": 0.05136980908236702,
      "class_D_taujo_lt_tausc": 0.017984876353975065,
      "class_D_tausc_lt_taujo": 0.982015123646025,
      "class_D_tie": 0.0
    }
  ]
}