{
  "params": {
    "N": 100,
    "K": 2,
    "n0": 0,
    "target": 50,
    "sc_src": 5,
    "sc_dst": 51,
    "mode": "lazy_selfloop",
    "q": 0.6666667,
    "beta": 0.02,
    "rho": 1.0,
    "jumpover_absorbs": false,
    "n0_paper": 1,
    "target_paper": 51,
    "sc_src_paper": 6,
    "sc_dst_paper": 52,
    "p_shortcut": 0.006666666000000002
  },
  "paper_peaks": [
    [
      51,
      0.0002595871262470062
    ],
    [
      1022,
      0.0002941192208955099
    ]
  ],
  "peaks_valley": {
    "t1": 51,
    "tv": 291,
    "t2": 1022,
    "delta": 48
  },
  "exact_meta": {
    "method": "aw",
    "r": 0.9977000638225533,
    "L": 8192,
    "max_steps": 4000,
    "x_nnz": 2
  },
  "cond_by_time": {
    "max_t": 4000,
    "min_n": 50,
    "smooth_window": 21
  },
  "summaries": [
    {
      "window": "peak1",
      "n": 4161,
      "frac": 0.020805,
      "P_sc_ge1": 1.0,
      "P_jo_ge1": 0.0,
      "P_sc_ge1_ci95": [
        0.9990776119792886,
        0.9999999999999998
      ],
      "P_jo_ge1_ci95": [
        0.0,
        0.0009223880207112797
      ],
      "C0": 0.0,
      "C1": 1.0,
      "C2p": 0.0,
      "J0": 1.0,
      "J1": 0.0,
      "J2p": 0.0,
      "class_C0J0": 0.0,
      "class_C1pJ0": 1.0,
      "class_C0J1p": 0.0,
      "class_C1pJ1p": 0.0,
      "class_D_taujo_lt_tausc": null,
      "class_D_tausc_lt_taujo": null,
      "class_D_tie": null
    },
    {
      "window": "valley",
      "n": 3330,
      "frac": 0.01665,
      "P_sc_ge1": 0.9084084084084084,
      "P_jo_ge1": 0.0,
      "P_sc_ge1_ci95": [
        0.8981349329801133,
        0.917740662309117
      ],
      "P_jo_ge1_ci95": [
        0.0,
        0.001152304296640848
      ],
      "C0": 0.0915915915915916,
      "C1": 0.9084084084084084,
      "C2p": 0.0,
      "J0": 1.0,
      "J1": 0.0,
      "J2p": 0.0,
      "class_C0J0": 0.0915915915915916,
      "class_C1pJ0": 0.9084084084084084,
      "class_C0J1p": 0.0,
      "class_C1pJ1p": 0.0,
      "class_D_taujo_lt_tausc": null,
      "class_D_tausc_lt_taujo": null,
      "class_D_tie": null
    },
    {
      "window": "peak2",
      "n": 5712,
      "frac": 0.02856,
      "P_sc_ge1": 0.26348039215686275,
      "P_jo_ge1": 0.0,
      "P_sc_ge1_ci95": [
        0.25221782446936997,
        0.27506088808277646
      ],
      "P_jo_ge1_ci95": [
        0.0,
        0.0006720970014284511
      ],
      "C0": 0.7365196078431373,
      "C1": 0.26278011204481794,
      "C2p": 0.0007002801120448179,
      "J0": 1.0,
      "J1": 0.0,
      "J2p": 0.0,
      "class_C0J0": 0.7365196078431373,
      "class_C1pJ0": 0.26348039215686275,
      "class_C0J1p": 0.0,
      "class_C1pJ1p": 0.0,
      "class_D_taujo_lt_tausc": null,
      "class_D_tausc_lt_taujo": null,
      "class_D_tie": null
    },
    {
      "window": "other",
      "n": 186797,
      "frac": 0.933985,
      "P_sc_ge1": 0.27624105312183816,
      "P_jo_ge1": 0.0,
      "P_sc_ge1_ci95": [
        0.27421793069334405,
        0.2782733788533041
      ],
      "P_jo_ge1_ci95": [
        0.0,
        2.0565217838932904e-05
      ],
      "C0": 0.7237589468781619,
      "C1": 0.2742870602846941,
      "C2p": 0.0019539928371440653,
      "J0": 1.0,
      "J1": 0.0,
      "J2p": 0.0,
      "class_C0J0": 0.7237589468781619,
      "class_C1pJ0": 0.27624105312183816,
      "class_C0J1p": 0.0,
      "class_C1pJ1p": 0.0,
      "class_D_taujo_lt_tausc": null,
      "class_D_tausc_lt_taujo": null,
      "class_D_tie": null
    }
  ]
}