{
  "params": {
    "N": 100,
    "K": 4,
    "n0": 0,
    "target": 50,
    "sc_src": 5,
    "sc_dst": 51,
    "mode": "lazy_selfloop",
    "q": 0.6666666667,
    "beta": 0.02,
    "rho": 1.0,
    "jumpover_absorbs": false,
    "n0_paper": 1,
    "target_paper": 51,
    "sc_src_paper": 6,
    "sc_dst_paper": 52,
    "p_shortcut": 0.006666666666000001
  },
  "paper_peaks": [
    [
      31,
      0.0002184030863737083
    ],
    [
      475,
      0.0006474699667403263
    ]
  ],
  "peaks_valley": {
    "t1": 31,
    "tv": 95,
    "t2": 475,
    "delta": 22
  },
  "exact_meta": {
    "method": "aw",
    "r": 0.9977000638225533,
    "L": 8192,
    "max_steps": 4000,
    "x_nnz": 2
  },
  "cond_by_time": {
    "max_t": 4000,
    "min_n": 50,
    "smooth_window": 21
  },
  "summaries": [
    {
      "window": "peak1",
      "n": 1728,
      "frac": 0.00864,
      "P_sc_ge1": 1.0,
      "P_jo_ge1": 0.31828703703703703,
      "P_sc_ge1_ci95": [
        0.9977817832762536,
        1.0
      ],
      "P_jo_ge1_ci95": [
        0.29674764502404816,
        0.340632586516758
      ],
      "C0": 0.0,
      "C1": 1.0,
      "C2p": 0.0,
      "J0": 0.6817129629629629,
      "J1": 0.22569444444444445,
      "J2p": 0.09259259259259259,
      "class_C0J0": 0.0,
      "class_C1pJ0": 0.6817129629629629,
      "class_C0J1p": 0.0,
      "class_C1pJ1p": 0.31828703703703703,
      "class_D_taujo_lt_tausc": 0.0,
      "class_D_tausc_lt_taujo": 1.0,
      "class_D_tie": 0.0
    },
    {
      "window": "valley",
      "n": 1656,
      "frac": 0.00828,
      "P_sc_ge1": 0.9293478260869565,
      "P_jo_ge1": 0.34480676328502413,
      "P_sc_ge1_ci95": [
        0.9159866519638417,
        0.9407216026069559
      ],
      "P_jo_ge1_ci95": [
        0.32229685683304565,
        0.3680350398973411
      ],
      "C0": 0.07065217391304347,
      "C1": 0.9293478260869565,
      "C2p": 0.0,
      "J0": 0.6551932367149759,
      "J1": 0.22282608695652173,
      "J2p": 0.12198067632850242,
      "class_C0J0": 0.057367149758454104,
      "class_C1pJ0": 0.5978260869565217,
      "class_C0J1p": 0.013285024154589372,
      "class_C1pJ1p": 0.33152173913043476,
      "class_D_taujo_lt_tausc": 0.0,
      "class_D_tausc_lt_taujo": 1.0,
      "class_D_tie": 0.0
    },
    {
      "window": "peak2",
      "n": 5892,
      "frac": 0.02946,
      "P_sc_ge1": 0.1250848608282417,
      "P_jo_ge1": 0.2654446707399864,
      "P_sc_ge1_ci95": [
        0.11688122013437777,
        0.1337770743489747
      ],
      "P_jo_ge1_ci95": [
        0.25432494718234805,
        0.27687005642833235
      ],
      "C0": 0.8749151391717583,
      "C1": 0.12457569585879158,
      "C2p": 0.0005091649694501018,
      "J0": 0.7345553292600135,
      "J1": 0.1627630685675492,
      "J2p": 0.1026816021724372,
      "class_C0J0": 0.6535980991174474,
      "class_C1pJ0": 0.08095723014256619,
      "class_C0J1p": 0.22131704005431094,
      "class_C1pJ1p": 0.04412763068567549,
      "class_D_taujo_lt_tausc": 0.007692307692307693,
      "class_D_tausc_lt_taujo": 0.9923076923076923,
      "class_D_tie": 0.0
    },
    {
      "window": "other",
      "n": 190724,
      "frac": 0.95362,
      "P_sc_ge1": 0.13845137476143538,
      "P_jo_ge1": 0.29081290241395946,
      "P_sc_ge1_ci95": [
        0.136908618979289,
        0.14000869501604749
      ],
      "P_jo_ge1_ci95": [
        0.2887789608540704,
        0.2928552707787381
      ],
      "C0": 0.8615486252385647,
      "C1": 0.1373398208930182,
      "C2p": 0.0011115538684171892,
      "J0": 0.7091870975860406,
      "J1": 0.17934292485476394,
      "J2p": 0.1114699775591955,
      "class_C0J0": 0.6256370462028901,
      "class_C1pJ0": 0.08355005138315053,
      "class_C0J1p": 0.23591157903567458,
      "class_C1pJ1p": 0.05490132337828485,
      "class_D_taujo_lt_tausc": 0.03294814248877853,
      "class_D_tausc_lt_taujo": 0.9670518575112215,
      "class_D_tie": 0.0
    }
  ]
}