{
  "config": {
    "N": 60,
    "q": 0.8,
    "g_x": 0.5,
    "g_y": 0.0,
    "boundary": {
      "x": "periodic",
      "y": "reflecting"
    },
    "start": [
      10,
      30
    ],
    "target": [
      50,
      30
    ],
    "local_bias_delta": 0.2,
    "n_local_bias": 0,
    "n_sticky": 9,
    "n_barriers_reflect": 59,
    "n_barriers_perm": 1
  },
  "peaks": {
    "t_p1": 88,
    "t_p2": 500,
    "t_v": 279,
    "h1": 0.0023107984570880594,
    "h2": 7.547070676835737e-05,
    "hv": 1.657905793974599e-06,
    "h2_over_h1": 0.032660012618954834,
    "peak_ratio": 0.032660012618954834,
    "valley_ratio": 0.021967540320819014,
    "valley_depth": 0.978032459679181,
    "gap": 412,
    "smooth_window": 9,
    "min_sep": 5,
    "min_gap": 20,
    "p_fast": 0.2462,
    "p_slow": 0.7538,
    "heatmap_times": [
      88,
      279,
      500
    ],
    "bimodality_proof": null,
    "bimodality_diagnostic": {
      "t_p1": 88,
      "t_v": 279,
      "t_p2": 500,
      "gap": 412,
      "valley_ratio": 0.021967540320819014,
      "passes": true,
      "method": "windowed"
    }
  },
  "mc": {
    "n_walkers": 30000,
    "early_fraction": 0.24619999999999997,
    "mean_first_cross": 1404.1621,
    "sticky_fraction": 0.5502333333333334,
    "mean_cross_count": 0.9870666666666666,
    "truncated_fraction": 0.7431333333333333,
    "tail_mass": 0.0
  },
  "aw": {
    "enabled": true,
    "m": 16384,
    "r": 0.9983149575896413,
    "oversample": 4,
    "r_pow10": 12.0,
    "l1": 1.1035240065005887e-13,
    "linf": 1.8906114195894885e-16,
    "rel_l1": 4.286281211890772e-13,
    "max_abs_error": 1.8906114195894885e-16
  },
  "plot_params": {
    "fig_version": "main",
    "plot_style": "fig3v5",
    "png_dpi": 800,
    "mc_bin_width": 2,
    "mc_smooth_window": 5,
    "peak_smooth_window": 9,
    "log_eps": 1e-14
  }
}