{
  "params": {
    "N": 280,
    "K": 4,
    "n0": 0,
    "target": 140,
    "sc_src": 5,
    "sc_dst": 141,
    "mode": "lazy_selfloop",
    "q": 0.6666666667,
    "beta": 0.01,
    "rho": 1.0,
    "jumpover_absorbs": false,
    "n0_paper": 1,
    "target_paper": 141,
    "sc_src_paper": 6,
    "sc_dst_paper": 142,
    "p_shortcut": 0.0033333333330000004
  },
  "paper_peaks": [
    [
      32,
      0.0001103796538487814
    ],
    [
      3503,
      8.598326224849708e-05
    ]
  ],
  "peaks_valley": {
    "t1": 32,
    "tv": 846,
    "t2": 3503,
    "delta": 173
  },
  "exact_meta": {
    "method": "aw",
    "r": 0.9977000638225533,
    "L": 8192,
    "max_steps": 4000,
    "x_nnz": 2
  },
  "cond_by_time": {
    "max_t": 4000,
    "min_n": 50,
    "smooth_window": 21
  },
  "summaries": [
    {
      "window": "peak1",
      "n": 3448,
      "frac": 0.01724,
      "P_sc_ge1": 1.0,
      "P_jo_ge1": 0.35556844547563804,
      "P_sc_ge1_ci95": [
        0.9988870868234512,
        1.0
      ],
      "P_jo_ge1_ci95": [
        0.3397592686907263,
        0.37169910182082905
      ],
      "C0": 0.0,
      "C1": 1.0,
      "C2p": 0.0,
      "J0": 0.644431554524362,
      "J1": 0.23694895591647333,
      "J2p": 0.11861948955916474,
      "class_C0J0": 0.0,
      "class_C1pJ0": 0.644431554524362,
      "class_C0J1p": 0.0,
      "class_C1pJ1p": 0.35556844547563804,
      "class_D_taujo_lt_tausc": 0.0,
      "class_D_tausc_lt_taujo": 1.0,
      "class_D_tie": 0.0
    },
    {
      "window": "valley",
      "n": 2517,
      "frac": 0.012585,
      "P_sc_ge1": 0.9058402860548271,
      "P_jo_ge1": 0.367103694874851,
      "P_sc_ge1_ci95": [
        0.8938040819914514,
        0.9166395412810302
      ],
      "P_jo_ge1_ci95": [
        0.348488409182994,
        0.386124031360672
      ],
      "C0": 0.09415971394517282,
      "C1": 0.9058402860548271,
      "C2p": 0.0,
      "J0": 0.6328963051251489,
      "J1": 0.23639253079062375,
      "J2p": 0.13071116408422725,
      "class_C0J0": 0.07151370679380215,
      "class_C1pJ0": 0.5613825983313468,
      "class_C0J1p": 0.02264600715137068,
      "class_C1pJ1p": 0.34445768772348034,
      "class_D_taujo_lt_tausc": 0.0,
      "class_D_tausc_lt_taujo": 1.0,
      "class_D_tie": 0.0
    },
    {
      "window": "peak2",
      "n": 5966,
      "frac": 0.02983,
      "P_sc_ge1": 0.17197452229299362,
      "P_jo_ge1": 0.2960107274555816,
      "P_sc_ge1_ci95": [
        0.16261070954345033,
        0.1817605045939565
      ],
      "P_jo_ge1_ci95": [
        0.28456117472205666,
        0.3077228148564942
      ],
      "C0": 0.8280254777070064,
      "C1": 0.1713040563191418,
      "C2p": 0.0006704659738518271,
      "J0": 0.7039892725444183,
      "J1": 0.182199128394234,
      "J2p": 0.11381159906134763,
      "class_C0J0": 0.597049949715052,
      "class_C1pJ0": 0.10693932282936641,
      "class_C0J1p": 0.23097552799195442,
      "class_C1pJ1p": 0.06503519946362722,
      "class_D_taujo_lt_tausc": 0.0,
      "class_D_tausc_lt_taujo": 1.0,
      "class_D_tie": 0.0
    },
    {
      "window": "other",
      "n": 188069,
      "frac": 0.940345,
      "P_sc_ge1": 0.19029186096592207,
      "P_jo_ge1": 0.2980820868936401,
      "P_sc_ge1_ci95": [
        0.1885241195695282,
        0.19207225463870836
      ],
      "P_jo_ge1_ci95": [
        0.29601890420316124,
        0.3001535183865338
      ],
      "C0": 0.8097081390340779,
      "C1": 0.18943579218265635,
      "C2p": 0.0008560687832657163,
      "J0": 0.7019179131063599,
      "J1": 0.18413454636330284,
      "J2p": 0.11394754053033727,
      "class_C0J0": 0.5852479675012894,
      "class_C1pJ0": 0.11666994560507048,
      "class_C0J1p": 0.2244601715327885,
      "class_C1pJ1p": 0.07362191536085161,
      "class_D_taujo_lt_tausc": 0.010616784630940344,
      "class_D_tausc_lt_taujo": 0.9893832153690597,
      "class_D_tie": 0.0
    }
  ]
}