{
  "params": {
    "N": 260,
    "K": 4,
    "n0": 0,
    "target": 130,
    "sc_src": 5,
    "sc_dst": 131,
    "mode": "lazy_selfloop",
    "q": 0.6666666667,
    "beta": 0.01,
    "rho": 1.0,
    "jumpover_absorbs": false,
    "n0_paper": 1,
    "target_paper": 131,
    "sc_src_paper": 6,
    "sc_dst_paper": 132,
    "p_shortcut": 0.0033333333330000004
  },
  "paper_peaks": [
    [
      32,
      0.00011037965384574558
    ],
    [
      3049,
      9.908290579292981e-05
    ]
  ],
  "peaks_valley": {
    "t1": 32,
    "tv": 717,
    "t2": 3049,
    "delta": 150
  },
  "exact_meta": {
    "method": "aw",
    "r": 0.9977000638225533,
    "L": 8192,
    "max_steps": 4000,
    "x_nnz": 2
  },
  "cond_by_time": {
    "max_t": 4000,
    "min_n": 50,
    "smooth_window": 21
  },
  "summaries": [
    {
      "window": "peak1",
      "n": 3080,
      "frac": 0.0154,
      "P_sc_ge1": 1.0,
      "P_jo_ge1": 0.3409090909090909,
      "P_sc_ge1_ci95": [
        0.9987542810240316,
        0.9999999999999999
      ],
      "P_jo_ge1_ci95": [
        0.3243758665992179,
        0.35783868034768096
      ],
      "C0": 0.0,
      "C1": 1.0,
      "C2p": 0.0,
      "J0": 0.6590909090909091,
      "J1": 0.22077922077922077,
      "J2p": 0.12012987012987013,
      "class_C0J0": 0.0,
      "class_C1pJ0": 0.6590909090909091,
      "class_C0J1p": 0.0,
      "class_C1pJ1p": 0.3409090909090909,
      "class_D_taujo_lt_tausc": 0.0,
      "class_D_tausc_lt_taujo": 1.0,
      "class_D_tie": 0.0
    },
    {
      "window": "valley",
      "n": 2466,
      "frac": 0.01233,
      "P_sc_ge1": 0.897404703974047,
      "P_jo_ge1": 0.35279805352798055,
      "P_sc_ge1_ci95": [
        0.8848037878336059,
        0.908769370866126
      ],
      "P_jo_ge1_ci95": [
        0.3341802576627829,
        0.37187376620660195
      ],
      "C0": 0.10259529602595296,
      "C1": 0.897404703974047,
      "C2p": 0.0,
      "J0": 0.6472019464720195,
      "J1": 0.21289537712895376,
      "J2p": 0.13990267639902676,
      "class_C0J0": 0.08029197080291971,
      "class_C1pJ0": 0.5669099756690997,
      "class_C0J1p": 0.022303325223033254,
      "class_C1pJ1p": 0.3304947283049473,
      "class_D_taujo_lt_tausc": 0.0,
      "class_D_tausc_lt_taujo": 1.0,
      "class_D_tie": 0.0
    },
    {
      "window": "peak2",
      "n": 5911,
      "frac": 0.029555,
      "P_sc_ge1": 0.14955168330231772,
      "P_jo_ge1": 0.28421586871933685,
      "P_sc_ge1_ci95": [
        0.14068769519972,
        0.15887089314861377
      ],
      "P_jo_ge1_ci95": [
        0.2728604082442182,
        0.29585162624204775
      ],
      "C0": 0.8504483166976823,
      "C1": 0.14938250718998478,
      "C2p": 0.0001691761123329386,
      "J0": 0.7157841312806632,
      "J1": 0.17594315682625614,
      "J2p": 0.1082727118930807,
      "class_C0J0": 0.6188462189138894,
      "class_C1pJ0": 0.0969379123667738,
      "class_C0J1p": 0.23160209778379293,
      "class_C1pJ1p": 0.0526137709355439,
      "class_D_taujo_lt_tausc": 0.0,
      "class_D_tausc_lt_taujo": 1.0,
      "class_D_tie": 0.0
    },
    {
      "window": "other",
      "n": 188543,
      "frac": 0.942715,
      "P_sc_ge1": 0.17844205300647598,
      "P_jo_ge1": 0.29650000265191495,
      "P_sc_ge1_ci95": [
        0.1767203120916007,
        0.1801768972647824
      ],
      "P_jo_ge1_ci95": [
        0.29444260913809867,
        0.29856568870018246
      ],
      "C0": 0.821557946993524,
      "C1": 0.1777154283107832,
      "C2p": 0.0007266246956927597,
      "J0": 0.7034999973480851,
      "J1": 0.18247296372710733,
      "J2p": 0.1140270389248076,
      "class_C0J0": 0.5943206589478263,
      "class_C1pJ0": 0.10917933840025883,
      "class_C0J1p": 0.2272372880456978,
      "class_C1pJ1p": 0.06926271460621715,
      "class_D_taujo_lt_tausc": 0.011103453556933915,
      "class_D_tausc_lt_taujo": 0.9888965464430661,
      "class_D_tie": 0.0
    }
  ]
}