{
  "t_max": 4000,
  "records": [
    {
      "g_y": -0.4,
      "delta_core": 0.6,
      "delta_open": 0.3,
      "absorption_prob": 0.17984406915637247,
      "metrics": {
        "t_p1": 227,
        "t_p2": 2000,
        "t_v": 2000,
        "h1": 0.001216004718044886,
        "h2": 1.8399348356849428e-06,
        "hv": 1.8399348356849428e-06,
        "peak_ratio": 0.0015130984348837254,
        "valley_ratio": 1.0,
        "gap": 1773,
        "smooth_window": 9,
        "bimodal": false,
        "passes": false,
        "early_window": [
          1,
          800
        ],
        "late_window": [
          2000,
          4000
        ]
      }
    },
    {
      "g_y": -0.4,
      "delta_core": 0.6,
      "delta_open": 0.6,
      "absorption_prob": 0.17984406915637247,
      "metrics": {
        "t_p1": 227,
        "t_p2": 2000,
        "t_v": 2000,
        "h1": 0.001216004718044886,
        "h2": 1.8399348356849428e-06,
        "hv": 1.8399348356849428e-06,
        "peak_ratio": 0.0015130984348837254,
        "valley_ratio": 1.0,
        "gap": 1773,
        "smooth_window": 9,
        "bimodal": false,
        "passes": false,
        "early_window": [
          1,
          800
        ],
        "late_window": [
          2000,
          4000
        ]
      }
    },
    {
      "g_y": -0.4,
      "delta_core": 0.8,
      "delta_open": 0.3,
      "absorption_prob": 0.17984406915637247,
      "metrics": {
        "t_p1": 227,
        "t_p2": 2000,
        "t_v": 2000,
        "h1": 0.001216004718044886,
        "h2": 1.8399348356849428e-06,
        "hv": 1.8399348356849428e-06,
        "peak_ratio": 0.0015130984348837254,
        "valley_ratio": 1.0,
        "gap": 1773,
        "smooth_window": 9,
        "bimodal": false,
        "passes": false,
        "early_window": [
          1,
          800
        ],
        "late_window": [
          2000,
          4000
        ]
      }
    },
    {
      "g_y": -0.4,
      "delta_core": 0.8,
      "delta_open": 0.6,
      "absorption_prob": 0.17984406915637247,
      "metrics": {
        "t_p1": 227,
        "t_p2": 2000,
        "t_v": 2000,
        "h1": 0.001216004718044886,
        "h2": 1.8399348356849428e-06,
        "hv": 1.8399348356849428e-06,
        "peak_ratio": 0.0015130984348837254,
        "valley_ratio": 1.0,
        "gap": 1773,
        "smooth_window": 9,
        "bimodal": false,
        "passes": false,
        "early_window": [
          1,
          800
        ],
        "late_window": [
          2000,
          4000
        ]
      }
    },
    {
      "g_y": -0.4,
      "delta_core": 0.95,
      "delta_open": 0.3,
      "absorption_prob": 0.17984406915637247,
      "metrics": {
        "t_p1": 227,
        "t_p2": 2000,
        "t_v": 2000,
        "h1": 0.001216004718044886,
        "h2": 1.8399348356849428e-06,
        "hv": 1.8399348356849428e-06,
        "peak_ratio": 0.0015130984348837254,
        "valley_ratio": 1.0,
        "gap": 1773,
        "smooth_window": 9,
        "bimodal": false,
        "passes": false,
        "early_window": [
          1,
          800
        ],
        "late_window": [
          2000,
          4000
        ]
      }
    },
    {
      "g_y": -0.4,
      "delta_core": 0.95,
      "delta_open": 0.6,
      "absorption_prob": 0.17984406915637247,
      "metrics": {
        "t_p1": 227,
        "t_p2": 2000,
        "t_v": 2000,
        "h1": 0.001216004718044886,
        "h2": 1.8399348356849428e-06,
        "hv": 1.8399348356849428e-06,
        "peak_ratio": 0.0015130984348837254,
        "valley_ratio": 1.0,
        "gap": 1773,
        "smooth_window": 9,
        "bimodal": false,
        "passes": false,
        "early_window": [
          1,
          800
        ],
        "late_window": [
          2000,
          4000
        ]
      }
    },
    {
      "g_y": -0.2,
      "delta_core": 0.6,
      "delta_open": 0.3,
      "absorption_prob": 0.31046483023080373,
      "metrics": {
        "t_p1": 419,
        "t_p2": 2000,
        "t_v": 2000,
        "h1": 0.0004458055473029903,
        "h2": 4.15428839717261e-05,
        "hv": 4.15428839717261e-05,
        "peak_ratio": 0.0931861082102947,
        "valley_ratio": 1.0,
        "gap": 1581,
        "smooth_window": 9,
        "bimodal": false,
        "passes": false,
        "early_window": [
          1,
          800
        ],
        "late_window": [
          2000,
          4000
        ]
      }
    },
    {
      "g_y": -0.2,
      "delta_core": 0.6,
      "delta_open": 0.6,
      "absorption_prob": 0.31046483023080373,
      "metrics": {
        "t_p1": 419,
        "t_p2": 2000,
        "t_v": 2000,
        "h1": 0.0004458055473029903,
        "h2": 4.15428839717261e-05,
        "hv": 4.15428839717261e-05,
        "peak_ratio": 0.0931861082102947,
        "valley_ratio": 1.0,
        "gap": 1581,
        "smooth_window": 9,
        "bimodal": false,
        "passes": false,
        "early_window": [
          1,
          800
        ],
        "late_window": [
          2000,
          4000
        ]
      }
    },
    {
      "g_y": -0.2,
      "delta_core": 0.8,
      "delta_open": 0.3,
      "absorption_prob": 0.31046483023080373,
      "metrics": {
        "t_p1": 419,
        "t_p2": 2000,
        "t_v": 2000,
        "h1": 0.0004458055473029903,
        "h2": 4.15428839717261e-05,
        "hv": 4.15428839717261e-05,
        "peak_ratio": 0.0931861082102947,
        "valley_ratio": 1.0,
        "gap": 1581,
        "smooth_window": 9,
        "bimodal": false,
        "passes": false,
        "early_window": [
          1,
          800
        ],
        "late_window": [
          2000,
          4000
        ]
      }
    },
    {
      "g_y": -0.2,
      "delta_core": 0.8,
      "delta_open": 0.6,
      "absorption_prob": 0.31046483023080373,
      "metrics": {
        "t_p1": 419,
        "t_p2": 2000,
        "t_v": 2000,
        "h1": 0.0004458055473029903,
        "h2": 4.15428839717261e-05,
        "hv": 4.15428839717261e-05,
        "peak_ratio": 0.0931861082102947,
        "valley_ratio": 1.0,
        "gap": 1581,
        "smooth_window": 9,
        "bimodal": false,
        "passes": false,
        "early_window": [
          1,
          800
        ],
        "late_window": [
          2000,
          4000
        ]
      }
    },
    {
      "g_y": -0.2,
      "delta_core": 0.95,
      "delta_open": 0.3,
      "absorption_prob": 0.31046483023080373,
      "metrics": {
        "t_p1": 419,
        "t_p2": 2000,
        "t_v": 2000,
        "h1": 0.0004458055473029903,
        "h2": 4.15428839717261e-05,
        "hv": 4.15428839717261e-05,
        "peak_ratio": 0.0931861082102947,
        "valley_ratio": 1.0,
        "gap": 1581,
        "smooth_window": 9,
        "bimodal": false,
        "passes": false,
        "early_window": [
          1,
          800
        ],
        "late_window": [
          2000,
          4000
        ]
      }
    },
    {
      "g_y": -0.2,
      "delta_core": 0.95,
      "delta_open": 0.6,
      "absorption_prob": 0.31046483023080373,
      "metrics": {
        "t_p1": 419,
        "t_p2": 2000,
        "t_v": 2000,
        "h1": 0.0004458055473029903,
        "h2": 4.15428839717261e-05,
        "hv": 4.15428839717261e-05,
        "peak_ratio": 0.0931861082102947,
        "valley_ratio": 1.0,
        "gap": 1581,
        "smooth_window": 9,
        "bimodal": false,
        "passes": false,
        "early_window": [
          1,
          800
        ],
        "late_window": [
          2000,
          4000
        ]
      }
    },
    {
      "g_y": 0.0,
      "delta_core": 0.6,
      "delta_open": 0.3,
      "absorption_prob": 0.1297345847281513,
      "metrics": {
        "t_p1": 800,
        "t_p2": 3996,
        "t_v": 800,
        "h1": 1.7224259406761872e-05,
        "h2": 4.884349938360963e-05,
        "hv": 1.7224259406761872e-05,
        "peak_ratio": 0.35264179725299943,