{
  "params": {
    "N": 230,
    "K": 4,
    "n0": 0,
    "target": 115,
    "sc_src": 5,
    "sc_dst": 116,
    "mode": "lazy_selfloop",
    "q": 0.6666666667,
    "beta": 0.01,
    "rho": 1.0,
    "jumpover_absorbs": false,
    "n0_paper": 1,
    "target_paper": 116,
    "sc_src_paper": 6,
    "sc_dst_paper": 117,
    "p_shortcut": 0.0033333333330000004
  },
  "paper_peaks": [
    [
      32,
      0.00011037965382335572
    ],
    [
      2422,
      0.00012532197006165678
    ]
  ],
  "peaks_valley": {
    "t1": 32,
    "tv": 546,
    "t2": 2422,
    "delta": 119
  },
  "exact_meta": {
    "method": "aw",
    "r": 0.9977000638225533,
    "L": 8192,
    "max_steps": 4000,
    "x_nnz": 2
  },
  "cond_by_time": {
    "max_t": 4000,
    "min_n": 50,
    "smooth_window": 21
  },
  "summaries": [
    {
      "window": "peak1",
      "n": 2592,
      "frac": 0.01296,
      "P_sc_ge1": 1.0,
      "P_jo_ge1": 0.35146604938271603,
      "P_sc_ge1_ci95": [
        0.9985200946005335,
        1.0
      ],
      "P_jo_ge1_ci95": [
        0.3333181084724888,
        0.3700536226839886
      ],
      "C0": 0.0,
      "C1": 1.0,
      "C2p": 0.0,
      "J0": 0.6485339506172839,
      "J1": 0.23842592592592593,
      "J2p": 0.11304012345679013,
      "class_C0J0": 0.0,
      "class_C1pJ0": 0.6485339506172839,
      "class_C0J1p": 0.0,
      "class_C1pJ1p": 0.35146604938271603,
      "class_D_taujo_lt_tausc": 0.0,
      "class_D_tausc_lt_taujo": 1.0,
      "class_D_tie": 0.0
    },
    {
      "window": "valley",
      "n": 1971,
      "frac": 0.009855,
      "P_sc_ge1": 0.9046169457128361,
      "P_jo_ge1": 0.3693556570268899,
      "P_sc_ge1_ci95": [
        0.8908503583267907,
        0.9168093547357657
      ],
      "P_jo_ge1_ci95": [
        0.34832176340429943,
        0.3908978276758154
      ],
      "C0": 0.09538305428716387,
      "C1": 0.9041095890410958,
      "C2p": 0.0005073566717402334,
      "J0": 0.6306443429731101,
      "J1": 0.2176560121765601,
      "J2p": 0.15169964485032977,
      "class_C0J0": 0.07052257737189244,
      "class_C1pJ0": 0.5601217656012176,
      "class_C0J1p": 0.024860476915271434,
      "class_C1pJ1p": 0.34449518011161845,
      "class_D_taujo_lt_tausc": 0.0,
      "class_D_tausc_lt_taujo": 1.0,
      "class_D_tie": 0.0
    },
    {
      "window": "peak2",
      "n": 5862,
      "frac": 0.02931,
      "P_sc_ge1": 0.13988399863527806,
      "P_jo_ge1": 0.2910269532582736,
      "P_sc_ge1_ci95": [
        0.13123997107589586,
        0.1489997135415681
      ],
      "P_jo_ge1_ci95": [
        0.27953855729444,
        0.30278906641773107
      ],
      "C0": 0.8601160013647219,
      "C1": 0.13971340839303992,
      "C2p": 0.000170590242238144,
      "J0": 0.7089730467417263,
      "J1": 0.18253155919481406,
      "J2p": 0.10849539406345957,
      "class_C0J0": 0.6243602865916069,
      "class_C1pJ0": 0.08461276015011941,
      "class_C0J1p": 0.23575571477311497,
      "class_C1pJ1p": 0.05527123848515865,
      "class_D_taujo_lt_tausc": 0.0,
      "class_D_tausc_lt_taujo": 1.0,
      "class_D_tie": 0.0
    },
    {
      "window": "other",
      "n": 189575,
      "frac": 0.947875,
      "P_sc_ge1": 0.16116049057101411,
      "P_jo_ge1": 0.2945061321376764,
      "P_sc_ge1_ci95": [
        0.15951222107388463,
        0.16282249246410546
      ],
      "P_jo_ge1_ci95": [
        0.2924583979659865,
        0.2965621945092446
      ],
      "C0": 0.8388395094289859,
      "C1": 0.16056969537122512,
      "C2p": 0.0005907951997890017,
      "J0": 0.7054938678623236,
      "J1": 0.18169062376368192,
      "J2p": 0.11281550837399446,
      "class_C0J0": 0.6068099696689965,
      "class_C1pJ0": 0.09868389819332718,
      "class_C0J1p": 0.23202953975998944,
      "class_C1pJ1p": 0.062476592377686935,
      "class_D_taujo_lt_tausc": 0.013002364066193853,
      "class_D_tausc_lt_taujo": 0.9869976359338062,
      "class_D_tie": 0.0
    }
  ]
}