{
  "params": {
    "N": 100,
    "K": 2,
    "n0": 0,
    "target": 50,
    "sc_src": 5,
    "sc_dst": 51,
    "mode": "lazy_selfloop",
    "q": 0.6666666667,
    "beta": 0.01,
    "rho": 1.0,
    "jumpover_absorbs": false,
    "n0_paper": 1,
    "target_paper": 51,
    "sc_src_paper": 6,
    "sc_dst_paper": 52,
    "p_shortcut": 0.0033333333330000004
  },
  "paper_peaks": [
    [
      53,
      0.0001322048633379766
    ],
    [
      1124,
      0.00027293141577065246
    ]
  ],
  "peaks_valley": {
    "t1": 53,
    "tv": 247,
    "t2": 1124,
    "delta": 53
  },
  "exact_meta": {
    "method": "aw",
    "r": 0.9977000638225533,
    "L": 8192,
    "max_steps": 4000,
    "x_nnz": 2
  },
  "cond_by_time": {
    "max_t": 4000,
    "min_n": 50,
    "smooth_window": 21
  },
  "summaries": [
    {
      "window": "peak1",
      "n": 2337,
      "frac": 0.011685,
      "P_sc_ge1": 1.0,
      "P_jo_ge1": 0.0,
      "P_sc_ge1_ci95": [
        0.9983588808401218,
        1.0
      ],
      "P_jo_ge1_ci95": [
        0.0,
        0.0016411191598782252
      ],
      "C0": 0.0,
      "C1": 1.0,
      "C2p": 0.0,
      "J0": 1.0,
      "J1": 0.0,
      "J2p": 0.0,
      "class_C0J0": 0.0,
      "class_C1pJ0": 1.0,
      "class_C0J1p": 0.0,
      "class_C1pJ1p": 0.0,
      "class_D_taujo_lt_tausc": null,
      "class_D_tausc_lt_taujo": null,
      "class_D_tie": null
    },
    {
      "window": "valley",
      "n": 1981,
      "frac": 0.009905,
      "P_sc_ge1": 0.9232710752145381,
      "P_jo_ge1": 0.0,
      "P_sc_ge1_ci95": [
        0.9107137521605501,
        0.9341899419176071
      ],
      "P_jo_ge1_ci95": [
        0.0,
        0.0019354693089866717
      ],
      "C0": 0.0767289247854619,
      "C1": 0.9232710752145381,
      "C2p": 0.0,
      "J0": 1.0,
      "J1": 0.0,
      "J2p": 0.0,
      "class_C0J0": 0.0767289247854619,
      "class_C1pJ0": 0.9232710752145381,
      "class_C0J1p": 0.0,
      "class_C1pJ1p": 0.0,
      "class_D_taujo_lt_tausc": null,
      "class_D_tausc_lt_taujo": null,
      "class_D_tie": null
    },
    {
      "window": "peak2",
      "n": 5796,
      "frac": 0.02898,
      "P_sc_ge1": 0.14855072463768115,
      "P_jo_ge1": 0.0,
      "P_sc_ge1_ci95": [
        0.13962752405153933,
        0.157939499158198
      ],
      "P_jo_ge1_ci95": [
        0.0,
        0.0006623629169458697
      ],
      "C0": 0.8514492753623188,
      "C1": 0.14837819185645273,
      "C2p": 0.0001725327812284334,
      "J0": 1.0,
      "J1": 0.0,
      "J2p": 0.0,
      "class_C0J0": 0.8514492753623188,
      "class_C1pJ0": 0.14855072463768115,
      "class_C0J1p": 0.0,
      "class_C1pJ1p": 0.0,
      "class_D_taujo_lt_tausc": null,
      "class_D_tausc_lt_taujo": null,
      "class_D_tie": null
    },
    {
      "window": "other",
      "n": 189886,
      "frac": 0.94943,
      "P_sc_ge1": 0.16407212748701852,
      "P_jo_ge1": 0.0,
      "P_sc_ge1_ci95": [
        0.16241317044490577,
        0.16574467662551906
      ],
      "P_jo_ge1_ci95": [
        0.0,
        2.0230676731471873e-05
      ],
      "C0": 0.8359278725129815,
      "C1": 0.16334010932875515,
      "C2p": 0.000732018158263379,
      "J0": 1.0,
      "J1": 0.0,
      "J2p": 0.0,
      "class_C0J0": 0.8359278725129815,
      "class_C1pJ0": 0.16407212748701852,
      "class_C0J1p": 0.0,
      "class_C1pJ1p": 0.0,
      "class_D_taujo_lt_tausc": null,
      "class_D_tausc_lt_taujo": null,
      "class_D_tie": null
    }
  ]
}