{
  "params": {
    "N": 190,
    "K": 4,
    "n0": 0,
    "target": 95,
    "sc_src": 5,
    "sc_dst": 96,
    "mode": "lazy_selfloop",
    "q": 0.6666666667,
    "beta": 0.01,
    "rho": 1.0,
    "jumpover_absorbs": false,
    "n0_paper": 1,
    "target_paper": 96,
    "sc_src_paper": 6,
    "sc_dst_paper": 97,
    "p_shortcut": 0.0033333333330000004
  },
  "paper_peaks": [
    [
      32,
      0.00011037965374743212
    ],
    [
      1687,
      0.0001808607772723453
    ]
  ],
  "peaks_valley": {
    "t1": 32,
    "tv": 358,
    "t2": 1687,
    "delta": 82
  },
  "exact_meta": {
    "method": "aw",
    "r": 0.9977000638225533,
    "L": 8192,
    "max_steps": 4000,
    "x_nnz": 2
  },
  "cond_by_time": {
    "max_t": 4000,
    "min_n": 50,
    "smooth_window": 21
  },
  "summaries": [
    {
      "window": "peak1",
      "n": 2009,
      "frac": 0.010045,
      "P_sc_ge1": 1.0,
      "P_jo_ge1": 0.35390741662518665,
      "P_sc_ge1_ci95": [
        0.998091454389655,
        1.0
      ],
      "P_jo_ge1_ci95": [
        0.3332941378169428,
        0.37507834415083846
      ],
      "C0": 0.0,
      "C1": 1.0,
      "C2p": 0.0,
      "J0": 0.6460925833748133,
      "J1": 0.22946739671478347,
      "J2p": 0.12444001991040318,
      "class_C0J0": 0.0,
      "class_C1pJ0": 0.6460925833748133,
      "class_C0J1p": 0.0,
      "class_C1pJ1p": 0.35390741662518665,
      "class_D_taujo_lt_tausc": 0.0,
      "class_D_tausc_lt_taujo": 1.0,
      "class_D_tie": 0.0
    },
    {
      "window": "valley",
      "n": 1753,
      "frac": 0.008765,
      "P_sc_ge1": 0.9127210496292071,
      "P_jo_ge1": 0.3679406731317741,
      "P_sc_ge1_ci95": [
        0.8985895881977515,
        0.9250475570064605
      ],
      "P_jo_ge1_ci95": [
        0.3456770186120255,
        0.39078186305380025
      ],
      "C0": 0.08727895037079293,
      "C1": 0.9127210496292071,
      "C2p": 0.0,
      "J0": 0.6320593268682259,
      "J1": 0.22304620650313747,
      "J2p": 0.14489446662863661,
      "class_C0J0": 0.06617227609811752,
      "class_C1pJ0": 0.5658870507701084,
      "class_C0J1p": 0.021106674272675412,
      "class_C1pJ1p": 0.3468339988590987,
      "class_D_taujo_lt_tausc": 0.0,
      "class_D_tausc_lt_taujo": 1.0,
      "class_D_tie": 0.0
    },
    {
      "window": "peak2",
      "n": 5933,
      "frac": 0.029665,
      "P_sc_ge1": 0.12641159615708747,
      "P_jo_ge1": 0.28788134164840723,
      "P_sc_ge1_ci95": [
        0.11819660166976124,
        0.13511007237052303
      ],
      "P_jo_ge1_ci95": [
        0.27650019996839825,
        0.29953699799221445
      ],
      "C0": 0.8735884038429125,
      "C1": 0.12624304736221137,
      "C2p": 0.00016854879487611664,
      "J0": 0.7121186583515928,
      "J1": 0.18186414967132986,
      "J2p": 0.10601719197707736,
      "class_C0J0": 0.6340805663239508,
      "class_C1pJ0": 0.078038092027642,
      "class_C0J1p": 0.23950783751896174,
      "class_C1pJ1p": 0.04837350412944547,
      "class_D_taujo_lt_tausc": 0.0,
      "class_D_tausc_lt_taujo": 1.0,
      "class_D_tie": 0.0
    },
    {
      "window": "other",
      "n": 190305,
      "frac": 0.951525,
      "P_sc_ge1": 0.1373899792438454,
      "P_jo_ge1": 0.2920417224980952,
      "P_sc_ge1_ci95": [
        0.13585056280965854,
        0.13894403506781602
      ],
      "P_jo_ge1_ci95": [
        0.29000298895152793,
        0.29408885179245986
      ],
      "C0": 0.8626100207561546,
      "C1": 0.13675941252200416,
      "C2p": 0.0006305667218412548,
      "J0": 0.7079582775019049,
      "J1": 0.18027902577441476,
      "J2p": 0.1117626967236804,
      "class_C0J0": 0.6248758571766375,
      "class_C1pJ0": 0.08308242032526733,
      "class_C0J1p": 0.2377341635795171,
      "class_C1pJ1p": 0.054307558918578074,
      "class_D_taujo_lt_tausc": 0.017706821480406386,
      "class_D_tausc_lt_taujo": 0.9822931785195936,
      "class_D_tie": 0.0
    }
  ]
}