{
  "name": "near_mass_loss",
  "near_dx": 2,
  "near_dy": 6,
  "bx": 0.12,
  "phase": 2,
  "t_peak1": 27,
  "t_valley": 193,
  "t_peak2": 470,
  "p_near": 0.08873768175379089,
  "p_far": 0.9112623182462092,
  "sep_mode": 2.1658536585365855,
  "valley_over_max": 0.018766744666618634,
  "peak_ratio": 0.6469463486337754,
  "early_family_fine": "N_direct",
  "late_family_fine": "F_clean",
  "early_family_coarse": "N_direct",
  "late_family_coarse": "F_no_return",
  "sep_gate_fine": 2.2250639386189257,
  "sep_gate_coarse": 2.2290076335877864,
  "closure_max_abs": 4.7704895589362195e-17,
  "mass_N_direct": 0.06857685677075821,
  "mass_N_detour": 0.020160824979039094,
  "mass_F_clean": 0.6705427610168215,
  "mass_F_linger": 0.11546475262242918,
  "mass_F_rollback": 0.12525480456597596,
  "mass_F_no_return": 0.7860075136392435,
  "mc_branch_near": 0.0893,
  "mc_branch_far": 0.9103,
  "mc_max_family_abs_err": 0.005742761016821585
}