{
  "ring_size": 100,
  "source": 1,
  "target": 50,
  "shortcut_from": 1,
  "scan": {
    "dst": [20, 36, 50, 63],
    "h1": [0.0018243042491477913, 0.0020867635864178728, 0.020408163265306103, 0.0022743364309911404],
    "t1": [161, 34, 3, 28],
    "bimodal": [false, true, true, true]
  },
  "presets": [
    {
      "id": "baseline",
      "label_en": "Baseline",
      "label_cn": "Baseline",
      "summary_en": "A weak shortcut leaves one broad arrival scale, so the ring still behaves almost like a single-route system.",
      "summary_cn": "shortcut 很弱时，系统仍然近似只有一个宽的到达时间尺度。",
      "callout_en": "Here the shortcut exists, but it does not yet split the dynamics into two clean visible branches.",
      "callout_cn": "这里虽然有 shortcut，但还不足以把动力学真正分裂成两个清晰分支。",
      "dst": 20,
      "t1": 161,
      "h1": 0.0018243042491477913,
      "t2": null,
      "h2": null,
      "bimodal": false,
      "window": null,
      "fast_weight": 0.22,
      "slow_weight": 0.08,
      "in_window": 0.0,
      "fast_path": [1, 20, 28, 38, 50],
      "slow_path": [1, 8, 16, 24, 32, 40, 46, 50],
      "curve": {
        "times": [0, 6, 12, 18, 24, 30, 36, 42, 48, 54, 60, 66, 72, 78, 84, 90, 96, 102, 108, 114, 120, 126, 132, 138, 144, 150, 156, 162, 168, 174, 180],
        "density": [0.000036, 0.000035, 0.000034, 0.000033, 0.000031, 0.00003, 0.000029, 0.000028, 0.000027, 0.000026, 0.000025, 0.000024, 0.000023, 0.000022, 0.000022, 0.000021, 0.00002, 0.000019, 0.000019, 0.000021, 0.00003, 0.000065, 0.000168, 0.000397, 0.000791, 0.00129, 0.001708, 0.001832, 0.001591, 0.001119, 0.000639]
      }
    },
    {
      "id": "bimodal",
      "label_en": "Bimodal",
      "label_cn": "Bimodal",
      "summary_en": "Retuning the shortcut destination separates a fast arrival from a visibly delayed branch.",
      "summary_cn": "把 shortcut 终点调到合适位置后，快到达和慢分支就能被明显分开。",
      "callout_en": "This is the clean mechanism case: an early branch remains strong, but a late detour still keeps its own timescale.",
      "callout_cn": "这是最干净的机制情形：早峰已经很清楚，但慢绕行分支仍保留了自己的时间尺度。",
      "dst": 36,
      "t1": 34,
      "h1": 0.0020867635864178728,
      "t2": 108,
      "h2": 0.002175758311457518,
      "bimodal": true,
      "window": [105, 111],
      "fast_weight": 0.6130182202270927,
      "slow_weight": 0.020200686559281752,
      "in_window": 0.015148,
      "fast_path": [1, 36, 40, 45, 50],
      "slow_path": [1, 7, 14, 22, 30, 38, 44, 50],
      "curve": {
        "times": [0, 6, 12, 18, 24, 30, 36, 42, 48, 54, 60, 66, 72, 78, 84, 90, 96, 102, 108, 114, 120, 126, 132, 138, 144, 150, 156, 162, 168, 174, 180],
        "density": [0.000112, 0.000247, 0.000539, 0.001017, 0.00159, 0.002027, 0.002098, 0.001763, 0.001209, 0.000694, 0.000374, 0.000273, 0.000351, 0.000576, 0.000922, 0.001345, 0.001766, 0.002081, 0.002198, 0.00208, 0.001763, 0.001339, 0.000914, 0.000561, 0.000312, 0.00016, 0.000079, 0.00004, 0.000024, 0.000017, 0.000015]
      }
    },
    {
      "id": "shortcut-strong",
      "label_en": "Shortcut too strong",
      "label_cn": "Shortcut too strong",
      "summary_en": "When the shortcut lands almost on the target, the early branch dominates so strongly that the late structure stops being informative.",
      "summary_cn": "当 shortcut 几乎直接落到 target 附近时，早分支会强到把晚结构几乎压平。",
      "callout_en": "This is why “more shortcut” is not always better for mechanism resolution.",
      "callout_cn": "这说明 shortcut 越强并不一定越有利于看清机制。",
      "dst": 50,
      "t1": 3,
      "h1": 0.020408163265306103,
      "t2": 5,
      "h2": 0.011040924306230406,
      "bimodal": true,
      "window": [4, 6],
      "fast_weight": 1.0,
      "slow_weight": 0.0,
      "in_window": 0.0304,
      "fast_path": [1, 50],
      "slow_path": [1, 2, 3, 4, 5, 6, 7, 8],
      "curve": {
        "times": [0, 6, 12, 18, 24, 30, 36, 42, 48, 54, 60, 66, 72, 78, 84, 90, 96, 102, 108, 114, 120, 126, 132, 138, 144, 150, 156, 162, 168, 174, 180],
        "density": [0.028488, 0.029984, 0.017468, 0.006309, 0.001767, 0.000583, 0.000356, 0.000316, 0.000302, 0.000291, 0.000281, 0.00027, 0.00026, 0.000251, 0.000241, 0.000233, 0.000224, 0.000216, 0.000208, 0.0002, 0.000193, 0.000186, 0.000179, 0.000172, 0.000166, 0.00016, 0.000154, 0.000148, 0.000143, 0.000138, 0.000133]
      }
    },
    {
      "id": "retuned",
      "label_en": "Destination retuned",
      "label_cn": "Destination retuned",
      "summary_en": "A different destination keeps the fast branch active while restoring a clearly delayed second structure.",
      "summary_cn": "换一个终点后，快分支仍在，但第二个延迟结构又被恢复出来。",
      "callout_en": "The late branch is not gone; it can be recovered by where the shortcut lands.",
      "callout_cn": "慢分支并没有消失，它会随着 shortcut 落点不同而重新显现。",
      "dst": 63,
      "t1": 28,
      "h1": 0.0022743364309911404,
      "t2": 103,
      "h2": 0.0021856854706619267,
      "bimodal": true,
      "window": [100, 106],
      "fast_weight": 0.6185526315789474,
      "slow_weight": 0.018157894736842106,
      "in_window": 0.0152,
      "fast_path": [1, 63, 61, 58, 54, 50],
      "slow_path": [1, 10, 18, 26, 34, 42, 46, 50],
      "curve": {
        "times": [0, 6, 12, 18, 24, 30, 36, 42, 48, 54, 60, 66, 72, 78, 84, 90, 96, 102, 108, 114, 120, 126, 132, 138, 144, 150, 156, 162, 168, 174, 180],
        "density": [0.000269, 0.000587, 0.001109, 0.001733, 0.002208, 0.002286, 0.00192, 0.001316, 0.000751, 0.000394, 0.000267, 0.000326, 0.000532, 0.000862, 0.001279, 0.00171, 0.002051, 0.002206, 0.002126, 0.001836, 0.001421, 0.000987, 0.000617, 0.000349, 0.000182, 0.00009, 0.000046, 0.000027, 0.000019, 0.000016, 0.000015]
      }
    }
  ]
}
