name,N,K,q,drift,beta,start,target1,target2,src,dst,max_steps,eps_surv
A_no_sc_K2,20,2,0.6666666666666666,0.6,0.0,0,18,10,,,3000,1e-12
B_no_sc_K4,30,4,0.6666666666666666,0.6,0.0,0,27,15,,,4000,1e-12
C_sc_K2,60,2,0.6666666666666666,0.0,0.02,0,30,31,5,31,9000,1e-12
D_sc_K4,60,4,0.6666666666666666,0.0,0.02,0,30,31,5,31,9000,1e-12
E_triple_K4,30,4,0.9,0.8,0.0,0,29,20,,,5000,1e-12
