{
  "params": {
    "N": 70,
    "K": 2,
    "n0": 0,
    "target": 35,
    "sc_src": 5,
    "sc_dst": 36,
    "mode": "lazy_selfloop",
    "q": 0.6666666667,
    "beta": 0.01,
    "rho": 1.0,
    "jumpover_absorbs": false,
    "n0_paper": 1,
    "target_paper": 36,
    "sc_src_paper": 6,
    "sc_dst_paper": 37,
    "p_shortcut": 0.0033333333330000004
  },
  "paper_peaks": [
    [
      53,
      0.0001322054755346438
    ],
    [
      570,
      0.0005431953371540257
    ]
  ],
  "peaks_valley": {
    "t1": 53,
    "tv": 104,
    "t2": 570,
    "delta": 25
  },
  "exact_meta": {
    "method": "aw",
    "r": 0.9977000638225533,
    "L": 8192,
    "max_steps": 4000,
    "x_nnz": 2
  },
  "cond_by_time": {
    "max_t": 4000,
    "min_n": 50,
    "smooth_window": 21
  },
  "summaries": [
    {
      "window": "peak1",
      "n": 1381,
      "frac": 0.006905,
      "P_sc_ge1": 1.0,
      "P_jo_ge1": 0.0,
      "P_sc_ge1_ci95": [
        0.9972259643268949,
        1.0
      ],
      "P_jo_ge1_ci95": [
        0.0,
        0.002774035673105141
      ],
      "C0": 0.0,
      "C1": 1.0,
      "C2p": 0.0,
      "J0": 1.0,
      "J1": 0.0,
      "J2p": 0.0,
      "class_C0J0": 0.0,
      "class_C1pJ0": 1.0,
      "class_C0J1p": 0.0,
      "class_C1pJ1p": 0.0,
      "class_D_taujo_lt_tausc": null,
      "class_D_tausc_lt_taujo": null,
      "class_D_tie": null
    },
    {
      "window": "valley",
      "n": 1243,
      "frac": 0.006215,
      "P_sc_ge1": 0.9605792437650845,
      "P_jo_ge1": 0.0,
      "P_sc_ge1_ci95": [
        0.9482659633010622,
        0.9700543750642925
      ],
      "P_jo_ge1_ci95": [
        0.0,
        0.0030810649885278127
      ],
      "C0": 0.039420756234915526,
      "C1": 0.9605792437650845,
      "C2p": 0.0,
      "J0": 1.0,
      "J1": 0.0,
      "J2p": 0.0,
      "class_C0J0": 0.039420756234915526,
      "class_C1pJ0": 0.9605792437650845,
      "class_C0J1p": 0.0,
      "class_C1pJ1p": 0.0,
      "class_D_taujo_lt_tausc": null,
      "class_D_tausc_lt_taujo": null,
      "class_D_tie": null
    },
    {
      "window": "peak2",
      "n": 5506,
      "frac": 0.02753,
      "P_sc_ge1": 0.10606610969851071,
      "P_jo_ge1": 0.0,
      "P_sc_ge1_ci95": [
        0.0982054400266508,
        0.11447610058242949
      ],
      "P_jo_ge1_ci95": [
        0.0,
        0.0006972251253103175
      ],
      "C0": 0.8939338903014893,
      "C1": 0.10606610969851071,
      "C2p": 0.0,
      "J0": 1.0,
      "J1": 0.0,
      "J2p": 0.0,
      "class_C0J0": 0.8939338903014893,
      "class_C1pJ0": 0.10606610969851071,
      "class_C0J1p": 0.0,
      "class_C1pJ1p": 0.0,
      "class_D_taujo_lt_tausc": null,
      "class_D_tausc_lt_taujo": null,
      "class_D_tie": null
    },
    {
      "window": "other",
      "n": 191870,
      "frac": 0.95935,
      "P_sc_ge1": 0.11729295877417001,
      "P_jo_ge1": 0.0,
      "P_sc_ge1_ci95": [
        0.11586083296377882,
        0.11874040931415762
      ],
      "P_jo_ge1_ci95": [
        0.0,
        2.0021488953187248e-05
      ],
      "C0": 0.88270704122583,
      "C1": 0.11680304372752384,
      "C2p": 0.0004899150466461667,
      "J0": 1.0,
      "J1": 0.0,
      "J2p": 0.0,
      "class_C0J0": 0.88270704122583,
      "class_C1pJ0": 0.11729295877417001,
      "class_C0J1p": 0.0,
      "class_C1pJ1p": 0.0,
      "class_D_taujo_lt_tausc": null,
      "class_D_tausc_lt_taujo": null,
      "class_D_tie": null
    }
  ]
}