{
  "params": {
    "N": 90,
    "K": 4,
    "n0": 0,
    "target": 45,
    "sc_src": 5,
    "sc_dst": 46,
    "mode": "lazy_selfloop",
    "q": 0.6666666667,
    "beta": 0.01,
    "rho": 1.0,
    "jumpover_absorbs": false,
    "n0_paper": 1,
    "target_paper": 46,
    "sc_src_paper": 6,
    "sc_dst_paper": 47,
    "p_shortcut": 0.0033333333330000004
  },
  "paper_peaks": [
    [
      32,
      0.0001103797267492914
    ],
    [
      405,
      0.0007627849928619263
    ]
  ],
  "peaks_valley": {
    "t1": 32,
    "tv": 66,
    "t2": 405,
    "delta": 18
  },
  "exact_meta": {
    "method": "aw",
    "r": 0.9977000638225533,
    "L": 8192,
    "max_steps": 4000,
    "x_nnz": 2
  },
  "cond_by_time": {
    "max_t": 4000,
    "min_n": 50,
    "smooth_window": 21
  },
  "summaries": [
    {
      "window": "peak1",
      "n": 721,
      "frac": 0.003605,
      "P_sc_ge1": 0.9986130374479889,
      "P_jo_ge1": 0.34951456310679613,
      "P_sc_ge1_ci95": [
        0.9921857285243852,
        0.9997551313821101
      ],
      "P_jo_ge1_ci95": [
        0.31559045810373376,
        0.3850337886282418
      ],
      "C0": 0.0013869625520110957,
      "C1": 0.9986130374479889,
      "C2p": 0.0,
      "J0": 0.6504854368932039,
      "J1": 0.23994452149791956,
      "J2p": 0.10957004160887657,
      "class_C0J0": 0.0013869625520110957,
      "class_C1pJ0": 0.6490984743411928,
      "class_C0J1p": 0.0,
      "class_C1pJ1p": 0.34951456310679613,
      "class_D_taujo_lt_tausc": 0.0,
      "class_D_tausc_lt_taujo": 1.0,
      "class_D_tie": 0.0
    },
    {
      "window": "valley",
      "n": 698,
      "frac": 0.00349,
      "P_sc_ge1": 0.9498567335243553,
      "P_jo_ge1": 0.35673352435530087,
      "P_sc_ge1_ci95": [
        0.9310614636891504,
        0.9637273319593264
      ],
      "P_jo_ge1_ci95": [
        0.32206819860789293,
        0.3929672167906815
      ],
      "C0": 0.050143266475644696,
      "C1": 0.9498567335243553,
      "C2p": 0.0,
      "J0": 0.6432664756446992,
      "J1": 0.23065902578796563,
      "J2p": 0.12607449856733524,
      "class_C0J0": 0.044412607449856735,
      "class_C1pJ0": 0.5988538681948424,
      "class_C0J1p": 0.0057306590257879654,
      "class_C1pJ1p": 0.3510028653295129,
      "class_D_taujo_lt_tausc": 0.0,
      "class_D_tausc_lt_taujo": 1.0,
      "class_D_tie": 0.0
    },
    {
      "window": "peak2",
      "n": 5686,
      "frac": 0.02843,
      "P_sc_ge1": 0.060323601829053816,
      "P_jo_ge1": 0.26609215617305665,
      "P_sc_ge1_ci95": [
        0.054426928038018796,
        0.06681398664754996
      ],
      "P_jo_ge1_ci95": [
        0.25476632996289533,
        0.27773383664982737
      ],
      "C0": 0.9396763981709462,
      "C1": 0.060323601829053816,
      "C2p": 0.0,
      "J0": 0.7339078438269434,
      "J1": 0.16514245515300738,
      "J2p": 0.10094970102004924,
      "class_C0J0": 0.6969750263805838,
      "class_C1pJ0": 0.03693281744635948,
      "class_C0J1p": 0.2427013717903623,
      "class_C1pJ1p": 0.023390784382694336,
      "class_D_taujo_lt_tausc": 0.0,
      "class_D_tausc_lt_taujo": 1.0,
      "class_D_tie": 0.0
    },
    {
      "window": "other",
      "n": 192895,
      "frac": 0.964475,
      "P_sc_ge1": 0.06864356255994193,
      "P_jo_ge1": 0.28315404753881646,
      "P_sc_ge1_ci95": [
        0.06752375660659157,
        0.06978054952771753
      ],
      "P_jo_ge1_ci95": [
        0.28114780821894814,
        0.28516892387696924
      ],
      "C0": 0.931356437440058,
      "C1": 0.06834288084190882,
      "C2p": 0.00030068171803312684,
      "J0": 0.7168459524611835,
      "J1": 0.17449389564270718,
      "J2p": 0.10866015189610928,
      "class_C0J0": 0.6752326395189092,
      "class_C1pJ0": 0.04161331294227429,
      "class_C0J1p": 0.2561237979211488,
      "class_C1pJ1p": 0.027030249617667642,
      "class_D_taujo_lt_tausc": 0.038933640199462986,
      "class_D_tausc_lt_taujo": 0.961066359800537,
      "class_D_tie": 0.0
    }
  ]
}