{
  "params": {
    "N": 220,
    "K": 4,
    "n0": 0,
    "target": 110,
    "sc_src": 5,
    "sc_dst": 111,
    "mode": "lazy_selfloop",
    "q": 0.6666666667,
    "beta": 0.01,
    "rho": 1.0,
    "jumpover_absorbs": false,
    "n0_paper": 1,
    "target_paper": 111,
    "sc_src_paper": 6,
    "sc_dst_paper": 112,
    "p_shortcut": 0.0033333333330000004
  },
  "paper_peaks": [
    [
      32,
      0.00011037965380984834
    ],
    [
      2227,
      0.00013647762848286116
    ]
  ],
  "peaks_valley": {
    "t1": 32,
    "tv": 495,
    "t2": 2227,
    "delta": 109
  },
  "exact_meta": {
    "method": "aw",
    "r": 0.9977000638225533,
    "L": 8192,
    "max_steps": 4000,
    "x_nnz": 2
  },
  "cond_by_time": {
    "max_t": 4000,
    "min_n": 50,
    "smooth_window": 21
  },
  "summaries": [
    {
      "window": "peak1",
      "n": 2479,
      "frac": 0.012395,
      "P_sc_ge1": 1.0,
      "P_jo_ge1": 0.35699878983461075,
      "P_sc_ge1_ci95": [
        0.9984527406017363,
        1.0
      ],
      "P_jo_ge1_ci95": [
        0.3383726796241444,
        0.3760674199778601
      ],
      "C0": 0.0,
      "C1": 1.0,
      "C2p": 0.0,
      "J0": 0.6430012101653892,
      "J1": 0.23678902783380396,
      "J2p": 0.12020976200080678,
      "class_C0J0": 0.0,
      "class_C1pJ0": 0.6430012101653892,
      "class_C0J1p": 0.0,
      "class_C1pJ1p": 0.35699878983461075,
      "class_D_taujo_lt_tausc": 0.0,
      "class_D_tausc_lt_taujo": 1.0,
      "class_D_tie": 0.0
    },
    {
      "window": "valley",
      "n": 1986,
      "frac": 0.00993,
      "P_sc_ge1": 0.9073514602215509,
      "P_jo_ge1": 0.3741188318227593,
      "P_sc_ge1_ci95": [
        0.8938012302444961,
        0.9193288199062294
      ],
      "P_jo_ge1_ci95": [
        0.35309879143829137,
        0.39562492606766475
      ],
      "C0": 0.09264853977844914,
      "C1": 0.9073514602215509,
      "C2p": 0.0,
      "J0": 0.6258811681772407,
      "J1": 0.23564954682779457,
      "J2p": 0.13846928499496475,
      "class_C0J0": 0.06948640483383686,
      "class_C1pJ0": 0.5563947633434039,
      "class_C0J1p": 0.023162134944612285,
      "class_C1pJ1p": 0.350956696878147,
      "class_D_taujo_lt_tausc": 0.0,
      "class_D_tausc_lt_taujo": 1.0,
      "class_D_tie": 0.0
    },
    {
      "window": "peak2",
      "n": 6076,
      "frac": 0.03038,
      "P_sc_ge1": 0.1390717577353522,
      "P_jo_ge1": 0.2876892692560895,
      "P_sc_ge1_ci95": [
        0.13059895455553616,
        0.14800067211894824
      ],
      "P_jo_ge1_ci95": [
        0.276443565554428,
        0.2992032736658569
      ],
      "C0": 0.8609282422646478,
      "C1": 0.1390717577353522,
      "C2p": 0.0,
      "J0": 0.7123107307439105,
      "J1": 0.1747860434496379,
      "J2p": 0.11290322580645161,
      "class_C0J0": 0.6270572745227123,
      "class_C1pJ0": 0.08525345622119816,
      "class_C0J1p": 0.23387096774193547,
      "class_C1pJ1p": 0.05381830151415405,
      "class_D_taujo_lt_tausc": 0.0,
      "class_D_tausc_lt_taujo": 1.0,
      "class_D_tie": 0.0
    },
    {
      "window": "other",
      "n": 189459,
      "frac": 0.947295,
      "P_sc_ge1": 0.1577016663235845,
      "P_jo_ge1": 0.2931029932597554,
      "P_sc_ge1_ci95": [
        0.15606745396088278,
        0.15934975975412563
      ],
      "P_jo_ge1_ci95": [
        0.2910575220822523,
        0.2951568546369872
      ],
      "C0": 0.8422983336764155,
      "C1": 0.15705244934260182,
      "C2p": 0.0006492169809826928,
      "J0": 0.7068970067402446,
      "J1": 0.18059316263677103,
      "J2p": 0.11250983062298439,
      "class_C0J0": 0.6099261581661468,
      "class_C1pJ0": 0.09697084857409782,
      "class_C0J1p": 0.2323721755102687,
      "class_C1pJ1p": 0.060730817749486694,
      "class_D_taujo_lt_tausc": 0.014774900052146706,
      "class_D_tausc_lt_taujo": 0.9852250999478533,
      "class_D_tie": 0.0
    }
  ]
}