{
  "params": {
    "N": 290,
    "K": 4,
    "n0": 0,
    "target": 145,
    "sc_src": 5,
    "sc_dst": 146,
    "mode": "lazy_selfloop",
    "q": 0.6666666667,
    "beta": 0.01,
    "rho": 1.0,
    "jumpover_absorbs": false,
    "n0_paper": 1,
    "target_paper": 146,
    "sc_src_paper": 6,
    "sc_dst_paper": 147,
    "p_shortcut": 0.0033333333330000004
  },
  "paper_peaks": [
    [
      32,
      0.000110379653847593
    ],
    [
      3740,
      8.040376455567747e-05
    ]
  ],
  "peaks_valley": {
    "t1": 32,
    "tv": 914,
    "t2": 3740,
    "delta": 185
  },
  "exact_meta": {
    "method": "aw",
    "r": 0.9977000638225533,
    "L": 8192,
    "max_steps": 4000,
    "x_nnz": 2
  },
  "cond_by_time": {
    "max_t": 4000,
    "min_n": 50,
    "smooth_window": 21
  },
  "summaries": [
    {
      "window": "peak1",
      "n": 3521,
      "frac": 0.017605,
      "P_sc_ge1": 1.0,
      "P_jo_ge1": 0.34791252485089463,
      "P_sc_ge1_ci95": [
        0.9989101354228229,
        1.0
      ],
      "P_jo_ge1_ci95": [
        0.3323530006787051,
        0.36380355852667867
      ],
      "C0": 0.0,
      "C1": 1.0,
      "C2p": 0.0,
      "J0": 0.6520874751491054,
      "J1": 0.23004828173814257,
      "J2p": 0.11786424311275207,
      "class_C0J0": 0.0,
      "class_C1pJ0": 0.6520874751491054,
      "class_C0J1p": 0.0,
      "class_C1pJ1p": 0.34791252485089463,
      "class_D_taujo_lt_tausc": 0.0,
      "class_D_tausc_lt_taujo": 1.0,
      "class_D_tie": 0.0
    },
    {
      "window": "valley",
      "n": 2517,
      "frac": 0.012585,
      "P_sc_ge1": 0.8990862137465236,
      "P_jo_ge1": 0.36392530790623756,
      "P_sc_ge1_ci95": [
        0.8867036171098996,
        0.9102524470870734
      ],
      "P_jo_ge1_ci95": [
        0.3453494611441556,
        0.3829158927757416
      ],
      "C0": 0.10091378625347636,
      "C1": 0.8990862137465236,
      "C2p": 0.0,
      "J0": 0.6360746920937624,
      "J1": 0.21652761223678982,
      "J2p": 0.14739769566944774,
      "class_C0J0": 0.07389749702026222,
      "class_C1pJ0": 0.5621771950735002,
      "class_C0J1p": 0.027016289233214145,
      "class_C1pJ1p": 0.3369090186730234,
      "class_D_taujo_lt_tausc": 0.0,
      "class_D_tausc_lt_taujo": 1.0,
      "class_D_tie": 0.0
    },
    {
      "window": "peak2",
      "n": 5876,
      "frac": 0.02938,
      "P_sc_ge1": 0.17750170183798503,
      "P_jo_ge1": 0.2932266848196052,
      "P_sc_ge1_ci95": [
        0.16794356478831785,
        0.18748124801616312
      ],
      "P_jo_ge1_ci95": [
        0.28172469172387304,
        0.30499886899245643
      ],
      "C0": 0.822498298162015,
      "C1": 0.17716133424098027,
      "C2p": 0.0003403675970047651,
      "J0": 0.7067733151803949,
      "J1": 0.17920353982300885,
      "J2p": 0.11402314499659633,
      "class_C0J0": 0.5944520081688224,
      "class_C1pJ0": 0.1123213070115725,
      "class_C0J1p": 0.22804628999319265,
      "class_C1pJ1p": 0.06518039482641252,
      "class_D_taujo_lt_tausc": 0.0026109660574412533,
      "class_D_tausc_lt_taujo": 0.9973890339425587,
      "class_D_tie": 0.0
    },
    {
      "window": "other",
      "n": 188086,
      "frac": 0.94043,
      "P_sc_ge1": 0.1964048360856204,
      "P_jo_ge1": 0.2992939400061674,
      "P_sc_ge1_ci95": [
        0.19461559745874027,
        0.198206476139093
      ],
      "P_jo_ge1_ci95": [
        0.2972284167157301,
        0.3013676618510138
      ],
      "C0": 0.8035951639143796,
      "C1": 0.1956073285624661,
      "C2p": 0.0007975075231543017,
      "J0": 0.7007060599938326,
      "J1": 0.18556405048754293,
      "J2p": 0.11372988951862446,
      "class_C0J0": 0.581574386185043,
      "class_C1pJ0": 0.1191316738087896,
      "class_C0J1p": 0.2220207777293366,
      "class_C1pJ1p": 0.07727316227683081,
      "class_D_taujo_lt_tausc": 0.01121508187697812,
      "class_D_tausc_lt_taujo": 0.9887849181230218,
      "class_D_tie": 0.0
    }
  ]
}