{
  "params": {
    "N": 80,
    "K": 4,
    "n0": 0,
    "target": 40,
    "sc_src": 5,
    "sc_dst": 41,
    "mode": "lazy_selfloop",
    "q": 0.6666666667,
    "beta": 0.01,
    "rho": 1.0,
    "jumpover_absorbs": false,
    "n0_paper": 1,
    "target_paper": 41,
    "sc_src_paper": 6,
    "sc_dst_paper": 42,
    "p_shortcut": 0.0033333333330000004
  },
  "paper_peaks": [
    [
      32,
      0.00011038833699901673
    ],
    [
      323,
      0.0009569244746508255
    ]
  ],
  "peaks_valley": {
    "t1": 32,
    "tv": 49,
    "t2": 323,
    "delta": 14
  },
  "exact_meta": {
    "method": "aw",
    "r": 0.9977000638225533,
    "L": 8192,
    "max_steps": 4000,
    "x_nnz": 2
  },
  "cond_by_time": {
    "max_t": 4000,
    "min_n": 50,
    "smooth_window": 21
  },
  "summaries": [
    {
      "window": "peak1",
      "n": 503,
      "frac": 0.002515,
      "P_sc_ge1": 1.0,
      "P_jo_ge1": 0.3121272365805169,
      "P_sc_ge1_ci95": [
        0.9924205116549235,
        1.0
      ],
      "P_jo_ge1_ci95": [
        0.2731857251105861,
        0.35391670689183835
      ],
      "C0": 0.0,
      "C1": 1.0,
      "C2p": 0.0,
      "J0": 0.6878727634194831,
      "J1": 0.2345924453280318,
      "J2p": 0.0775347912524851,
      "class_C0J0": 0.0,
      "class_C1pJ0": 0.6878727634194831,
      "class_C0J1p": 0.0,
      "class_C1pJ1p": 0.3121272365805169,
      "class_D_taujo_lt_tausc": 0.0,
      "class_D_tausc_lt_taujo": 1.0,
      "class_D_tie": 0.0
    },
    {
      "window": "valley",
      "n": 461,
      "frac": 0.002305,
      "P_sc_ge1": 0.9479392624728851,
      "P_jo_ge1": 0.3188720173535792,
      "P_sc_ge1_ci95": [
        0.9237056213460938,
        0.9647690762713311
      ],
      "P_jo_ge1_ci95": [
        0.27797563425531285,
        0.36276219988001407
      ],
      "C0": 0.052060737527114966,
      "C1": 0.9479392624728851,
      "C2p": 0.0,
      "J0": 0.6811279826464208,
      "J1": 0.1843817787418655,
      "J2p": 0.13449023861171366,
      "class_C0J0": 0.04338394793926247,
      "class_C1pJ0": 0.6377440347071583,
      "class_C0J1p": 0.008676789587852495,
      "class_C1pJ1p": 0.31019522776572667,
      "class_D_taujo_lt_tausc": 0.0,
      "class_D_tausc_lt_taujo": 1.0,
      "class_D_tie": 0.0
    },
    {
      "window": "peak2",
      "n": 5598,
      "frac": 0.02799,
      "P_sc_ge1": 0.053769203286888174,
      "P_jo_ge1": 0.2543765630582351,
      "P_sc_ge1_ci95": [
        0.04816044475624455,
        0.05998998920104549
      ],
      "P_jo_ge1_ci95": [
        0.24313892715808194,
        0.2659510835269756
      ],
      "C0": 0.9462307967131118,
      "C1": 0.05359056806002144,
      "C2p": 0.0001786352268667381,
      "J0": 0.7456234369417649,
      "J1": 0.16488031439799927,
      "J2p": 0.0894962486602358,
      "class_C0J0": 0.711504108610218,
      "class_C1pJ0": 0.03411932833154698,
      "class_C0J1p": 0.2347266881028939,
      "class_C1pJ1p": 0.019649874955341193,
      "class_D_taujo_lt_tausc": 0.00909090909090909,
      "class_D_tausc_lt_taujo": 0.990909090909091,
      "class_D_tie": 0.0
    },
    {
      "window": "other",
      "n": 193438,
      "frac": 0.96719,
      "P_sc_ge1": 0.062025041615401316,
      "P_jo_ge1": 0.2836102523806077,
      "P_sc_ge1_ci95": [
        0.06095882417188421,
        0.06310865472250612
      ],
      "P_jo_ge1_ci95": [
        0.2816058385112382,
        0.2856232609040352
      ],
      "C0": 0.9379749583845987,
      "C1": 0.061776900092019145,
      "C2p": 0.00024814152338216894,
      "J0": 0.7163897476193922,
      "J1": 0.17628904351781965,
      "J2p": 0.10732120886278808,
      "class_C0J0": 0.6791788583422078,
      "class_C1pJ0": 0.03721088927718442,
      "class_C0J1p": 0.25879610004239084,
      "class_C1pJ1p": 0.024814152338216898,
      "class_D_taujo_lt_tausc": 0.04708333333333333,
      "class_D_tausc_lt_taujo": 0.9529166666666666,
      "class_D_tie": 0.0
    }
  ]
}