{
  "params": {
    "N": 140,
    "K": 2,
    "n0": 0,
    "target": 70,
    "sc_src": 5,
    "sc_dst": 71,
    "mode": "lazy_selfloop",
    "q": 0.6666666667,
    "beta": 0.01,
    "rho": 1.0,
    "jumpover_absorbs": false,
    "n0_paper": 1,
    "target_paper": 71,
    "sc_src_paper": 6,
    "sc_dst_paper": 72,
    "p_shortcut": 0.0033333333330000004
  },
  "paper_peaks": [
    [
      53,
      0.00013220486350425708
    ],
    [
      2109,
      0.00014318813804114873
    ]
  ],
  "peaks_valley": {
    "t1": 53,
    "tv": 538,
    "t2": 2109,
    "delta": 102
  },
  "exact_meta": {
    "method": "aw",
    "r": 0.9977000638225533,
    "L": 8192,
    "max_steps": 4000,
    "x_nnz": 2
  },
  "cond_by_time": {
    "max_t": 4000,
    "min_n": 50,
    "smooth_window": 21
  },
  "summaries": [
    {
      "window": "peak1",
      "n": 3409,
      "frac": 0.017045,
      "P_sc_ge1": 1.0,
      "P_jo_ge1": 0.0,
      "P_sc_ge1_ci95": [
        0.9988743690887969,
        1.0
      ],
      "P_jo_ge1_ci95": [
        0.0,
        0.0011256309112031451
      ],
      "C0": 0.0,
      "C1": 1.0,
      "C2p": 0.0,
      "J0": 1.0,
      "J1": 0.0,
      "J2p": 0.0,
      "class_C0J0": 0.0,
      "class_C1pJ0": 1.0,
      "class_C0J1p": 0.0,
      "class_C1pJ1p": 0.0,
      "class_D_taujo_lt_tausc": null,
      "class_D_tausc_lt_taujo": null,
      "class_D_tie": null
    },
    {
      "window": "valley",
      "n": 2711,
      "frac": 0.013555,
      "P_sc_ge1": 0.9107340464773146,
      "P_jo_ge1": 0.0,
      "P_sc_ge1_ci95": [
        0.8994114839582267,
        0.9208942016478875
      ],
      "P_jo_ge1_ci95": [
        0.0,
        0.0014150365163109332
      ],
      "C0": 0.08926595352268536,
      "C1": 0.9107340464773146,
      "C2p": 0.0,
      "J0": 1.0,
      "J1": 0.0,
      "J2p": 0.0,
      "class_C0J0": 0.08926595352268536,
      "class_C1pJ0": 0.9107340464773146,
      "class_C0J1p": 0.0,
      "class_C1pJ1p": 0.0,
      "class_D_taujo_lt_tausc": null,
      "class_D_tausc_lt_taujo": null,
      "class_D_tie": null
    },
    {
      "window": "peak2",
      "n": 5649,
      "frac": 0.028245,
      "P_sc_ge1": 0.20800141617985485,
      "P_jo_ge1": 0.0,
      "P_sc_ge1_ci95": [
        0.19761720611285938,
        0.21878250337130523
      ],
      "P_jo_ge1_ci95": [
        5.421010862427522e-20,
        0.0006795874131693342
      ],
      "C0": 0.7919985838201452,
      "C1": 0.20782439369799965,
      "C2p": 0.0001770224818551956,
      "J0": 1.0,
      "J1": 0.0,
      "J2p": 0.0,
      "class_C0J0": 0.7919985838201452,
      "class_C1pJ0": 0.20800141617985485,
      "class_C0J1p": 0.0,
      "class_C1pJ1p": 0.0,
      "class_D_taujo_lt_tausc": null,
      "class_D_tausc_lt_taujo": null,
      "class_D_tie": null
    },
    {
      "window": "other",
      "n": 188231,
      "frac": 0.941155,
      "P_sc_ge1": 0.21949094463717453,
      "P_jo_ge1": 0.0,
      "P_sc_ge1_ci95": [
        0.21762682541098305,
        0.2213665134290035
      ],
      "P_jo_ge1_ci95": [
        0.0,
        2.0408549062151944e-05
      ],
      "C0": 0.7805090553628254,
      "C1": 0.21865686310968968,
      "C2p": 0.0008340815274848457,
      "J0": 1.0,
      "J1": 0.0,
      "J2p": 0.0,
      "class_C0J0": 0.7805090553628254,
      "class_C1pJ0": 0.21949094463717453,
      "class_C0J1p": 0.0,
      "class_C1pJ1p": 0.0,
      "class_D_taujo_lt_tausc": null,
      "class_D_tausc_lt_taujo": null,
      "class_D_tie": null
    }
  ]
}