{
  "params": {
    "N": 100,
    "K": 2,
    "n0": 0,
    "target": 50,
    "sc_src": 5,
    "sc_dst": 51,
    "mode": "lazy_selfloop",
    "q": 0.6666666667,
    "beta": 0.02,
    "rho": 1.0,
    "jumpover_absorbs": false,
    "n0_paper": 1,
    "target_paper": 51,
    "sc_src_paper": 6,
    "sc_dst_paper": 52,
    "p_shortcut": 0.006666666666000001
  },
  "paper_peaks": [
    [
      51,
      0.0002595871506590295
    ],
    [
      1022,
      0.0002941192119505788
    ]
  ],
  "peaks_valley": {
    "t1": 51,
    "tv": 291,
    "t2": 1022,
    "delta": 48
  },
  "exact_meta": {
    "method": "aw",
    "r": 0.9977000638225533,
    "L": 8192,
    "max_steps": 4000,
    "x_nnz": 2
  },
  "cond_by_time": {
    "max_t": 4000,
    "min_n": 50,
    "smooth_window": 21
  },
  "summaries": [
    {
      "window": "peak1",
      "n": 4165,
      "frac": 0.020825,
      "P_sc_ge1": 1.0,
      "P_jo_ge1": 0.0,
      "P_sc_ge1_ci95": [
        0.9990784970098169,
        1.0
      ],
      "P_jo_ge1_ci95": [
        0.0,
        0.0009215029901831723
      ],
      "C0": 0.0,
      "C1": 1.0,
      "C2p": 0.0,
      "J0": 1.0,
      "J1": 0.0,
      "J2p": 0.0,
      "class_C0J0": 0.0,
      "class_C1pJ0": 1.0,
      "class_C0J1p": 0.0,
      "class_C1pJ1p": 0.0,
      "class_D_taujo_lt_tausc": null,
      "class_D_tausc_lt_taujo": null,
      "class_D_tie": null
    },
    {
      "window": "valley",
      "n": 3239,
      "frac": 0.016195,
      "P_sc_ge1": 0.9141710404445816,
      "P_jo_ge1": 0.0,
      "P_sc_ge1_ci95": [
        0.9040268808224766,
        0.9233339128715478
      ],
      "P_jo_ge1_ci95": [
        0.0,
        0.0011846400391557822
      ],
      "C0": 0.08582895955541833,
      "C1": 0.9141710404445816,
      "C2p": 0.0,
      "J0": 1.0,
      "J1": 0.0,
      "J2p": 0.0,
      "class_C0J0": 0.08582895955541833,
      "class_C1pJ0": 0.9141710404445816,
      "class_C0J1p": 0.0,
      "class_C1pJ1p": 0.0,
      "class_D_taujo_lt_tausc": null,
      "class_D_tausc_lt_taujo": null,
      "class_D_tie": null
    },
    {
      "window": "peak2",
      "n": 5663,
      "frac": 0.028315,
      "P_sc_ge1": 0.2677026311142504,
      "P_jo_ge1": 0.0,
      "P_sc_ge1_ci95": [
        0.25633098883937694,
        0.27938922610363487
      ],
      "P_jo_ge1_ci95": [
        0.0,
        0.0006779084843310248
      ],
      "C0": 0.7322973688857496,
      "C1": 0.26752604626523047,
      "C2p": 0.0001765848490199541,
      "J0": 1.0,
      "J1": 0.0,
      "J2p": 0.0,
      "class_C0J0": 0.7322973688857496,
      "class_C1pJ0": 0.2677026311142504,
      "class_C0J1p": 0.0,
      "class_C1pJ1p": 0.0,
      "class_D_taujo_lt_tausc": null,
      "class_D_tausc_lt_taujo": null,
      "class_D_tie": null
    },
    {
      "window": "other",
      "n": 186933,
      "frac": 0.934665,
      "P_sc_ge1": 0.27436033231157686,
      "P_jo_ge1": 0.0,
      "P_sc_ge1_ci95": [
        0.27234227179966425,
        0.27638766672947807
      ],
      "P_jo_ge1_ci95": [
        0.0,
        2.0550256263664187e-05
      ],
      "C0": 0.7256396676884231,
      "C1": 0.272295421354175,
      "C2p": 0.0020649109574018497,
      "J0": 1.0,
      "J1": 0.0,
      "J2p": 0.0,
      "class_C0J0": 0.7256396676884231,
      "class_C1pJ0": 0.27436033231157686,
      "class_C0J1p": 0.0,
      "class_C1pJ1p": 0.0,
      "class_D_taujo_lt_tausc": null,
      "class_D_tausc_lt_taujo": null,
      "class_D_tie": null
    }
  ]
}