{
  "params": {
    "N": 100,
    "K": 4,
    "n0": 0,
    "target": 50,
    "sc_src": 5,
    "sc_dst": 51,
    "mode": "lazy_selfloop",
    "q": 0.6666666667,
    "beta": 0.01,
    "rho": 1.0,
    "jumpover_absorbs": false,
    "n0_paper": 1,
    "target_paper": 51,
    "sc_src_paper": 6,
    "sc_dst_paper": 52,
    "p_shortcut": 0.0033333333330000004
  },
  "paper_peaks": [
    [
      32,
      0.00011037965372911179
    ],
    [
      495,
      0.0006226550398850272
    ]
  ],
  "peaks_valley": {
    "t1": 32,
    "tv": 84,
    "t2": 495,
    "delta": 23
  },
  "exact_meta": {
    "method": "aw",
    "r": 0.9977000638225533,
    "L": 8192,
    "max_steps": 4000,
    "x_nnz": 2
  },
  "cond_by_time": {
    "max_t": 4000,
    "min_n": 50,
    "smooth_window": 21
  },
  "summaries": [
    {
      "window": "peak1",
      "n": 924,
      "frac": 0.00462,
      "P_sc_ge1": 1.0,
      "P_jo_ge1": 0.30303030303030304,
      "P_sc_ge1_ci95": [
        0.9958596381106429,
        0.9999999999999999
      ],
      "P_jo_ge1_ci95": [
        0.27426337324967803,
        0.3334282844643111
      ],
      "C0": 0.0,
      "C1": 1.0,
      "C2p": 0.0,
      "J0": 0.696969696969697,
      "J1": 0.22943722943722944,
      "J2p": 0.0735930735930736,
      "class_C0J0": 0.0,
      "class_C1pJ0": 0.696969696969697,
      "class_C0J1p": 0.0,
      "class_C1pJ1p": 0.30303030303030304,
      "class_D_taujo_lt_tausc": 0.0,
      "class_D_tausc_lt_taujo": 1.0,
      "class_D_tie": 0.0
    },
    {
      "window": "valley",
      "n": 940,
      "frac": 0.0047,
      "P_sc_ge1": 0.9382978723404255,
      "P_jo_ge1": 0.3478723404255319,
      "P_sc_ge1_ci95": [
        0.9210599556192205,
        0.9519678914263008
      ],
      "P_jo_ge1_ci95": [
        0.31809857212900633,
        0.3788844809595627
      ],
      "C0": 0.06170212765957447,
      "C1": 0.9382978723404255,
      "C2p": 0.0,
      "J0": 0.652127659574468,
      "J1": 0.24468085106382978,
      "J2p": 0.10319148936170212,
      "class_C0J0": 0.05851063829787234,
      "class_C1pJ0": 0.5936170212765958,
      "class_C0J1p": 0.0031914893617021275,
      "class_C1pJ1p": 0.3446808510638298,
      "class_D_taujo_lt_tausc": 0.0,
      "class_D_tausc_lt_taujo": 1.0,
      "class_D_tie": 0.0
    },
    {
      "window": "peak2",
      "n": 5741,
      "frac": 0.028705,
      "P_sc_ge1": 0.07002264413865181,
      "P_jo_ge1": 0.2748650060964989,
      "P_sc_ge1_ci95": [
        0.0637049965129395,
        0.07691534713587407
      ],
      "P_jo_ge1_ci95": [
        0.26346977893608203,
        0.28656133071191947
      ],
      "C0": 0.9299773558613482,
      "C1": 0.06984845845671486,
      "C2p": 0.00017418568193694478,
      "J0": 0.7251349939035011,
      "J1": 0.1700052255704581,
      "J2p": 0.10485978052604077,
      "class_C0J0": 0.6833304302386344,
      "class_C1pJ0": 0.04180456366486675,
      "class_C0J1p": 0.24664692562271381,
      "class_C1pJ1p": 0.028218080473785056,
      "class_D_taujo_lt_tausc": 0.0,
      "class_D_tausc_lt_taujo": 1.0,
      "class_D_tie": 0.0
    },
    {
      "window": "other",
      "n": 192395,
      "frac": 0.961975,
      "P_sc_ge1": 0.07529821461056681,
      "P_jo_ge1": 0.285308869773123,
      "P_sc_ge1_ci95": [
        0.07412757115464662,
        0.07648581798542607
      ],
      "P_jo_ge1_ci95": [
        0.28329538184748937,
        0.28733093111259866
      ],
      "C0": 0.9247017853894332,
      "C1": 0.0749863561942878,
      "C2p": 0.00031185841627900935,
      "J0": 0.714691130226877,
      "J1": 0.17591933262298917,
      "J2p": 0.10938953715013384,
      "class_C0J0": 0.6692117778528548,
      "class_C1pJ0": 0.045479352374022196,
      "class_C0J1p": 0.2554900075365784,
      "class_C1pJ1p": 0.02981886223654461,
      "class_D_taujo_lt_tausc": 0.03799895415722503,
      "class_D_tausc_lt_taujo": 0.962001045842775,
      "class_D_tie": 0.0
    }
  ]
}