{
  "params": {
    "N": 100,
    "K": 4,
    "n0": 0,
    "target": 50,
    "sc_src": 5,
    "sc_dst": 51,
    "mode": "lazy_selfloop",
    "q": 0.6666666667,
    "beta": 0.005,
    "rho": 1.0,
    "jumpover_absorbs": false,
    "n0_paper": 1,
    "target_paper": 51,
    "sc_src_paper": 6,
    "sc_dst_paper": 52,
    "p_shortcut": 0.0016666666665000002
  },
  "paper_peaks": [
    [
      32,
      5.549316968924975e-05
    ],
    [
      506,
      0.0006093883336757186
    ]
  ],
  "peaks_valley": {
    "t1": 32,
    "tv": 76,
    "t2": 506,
    "delta": 23
  },
  "exact_meta": {
    "method": "aw",
    "r": 0.9977000638225533,
    "L": 8192,
    "max_steps": 4000,
    "x_nnz": 2
  },
  "cond_by_time": {
    "max_t": 4000,
    "min_n": 50,
    "smooth_window": 21
  },
  "summaries": [
    {
      "window": "peak1",
      "n": 464,
      "frac": 0.00232,
      "P_sc_ge1": 1.0,
      "P_jo_ge1": 0.34698275862068967,
      "P_sc_ge1_ci95": [
        0.9917886737733455,
        1.0
      ],
      "P_jo_ge1_ci95": [
        0.3050866199206258,
        0.39139184629529
      ],
      "C0": 0.0,
      "C1": 1.0,
      "C2p": 0.0,
      "J0": 0.6530172413793104,
      "J1": 0.25862068965517243,
      "J2p": 0.08836206896551724,
      "class_C0J0": 0.0,
      "class_C1pJ0": 0.6530172413793104,
      "class_C0J1p": 0.0,
      "class_C1pJ1p": 0.34698275862068967,
      "class_D_taujo_lt_tausc": 0.0,
      "class_D_tausc_lt_taujo": 1.0,
      "class_D_tie": 0.0
    },
    {
      "window": "valley",
      "n": 464,
      "frac": 0.00232,
      "P_sc_ge1": 0.9331896551724138,
      "P_jo_ge1": 0.34913793103448276,
      "P_sc_ge1_ci95": [
        0.9067284025837625,
        0.9525367846077999
      ],
      "P_jo_ge1_ci95": [
        0.30716234111660523,
        0.39359107627936807
      ],
      "C0": 0.0668103448275862,
      "C1": 0.9331896551724138,
      "C2p": 0.0,
      "J0": 0.6508620689655172,
      "J1": 0.2349137931034483,
      "J2p": 0.11422413793103449,
      "class_C0J0": 0.05172413793103448,
      "class_C1pJ0": 0.5991379310344828,
      "class_C0J1p": 0.015086206896551725,
      "class_C1pJ1p": 0.33405172413793105,
      "class_D_taujo_lt_tausc": 0.0,
      "class_D_tausc_lt_taujo": 1.0,
      "class_D_tie": 0.0
    },
    {
      "window": "peak2",
      "n": 5717,
      "frac": 0.028585,
      "P_sc_ge1": 0.03778205352457582,
      "P_jo_ge1": 0.2576526150078713,
      "P_sc_ge1_ci95": [
        0.03314180295760671,
        0.043043071659442635
      ],
      "P_jo_ge1_ci95": [
        0.24648113069181884,
        0.26914957651042226
      ],
      "C0": 0.9622179464754241,
      "C1": 0.03778205352457582,
      "C2p": 0.0,
      "J0": 0.7423473849921287,
      "J1": 0.16267273045303482,
      "J2p": 0.09497988455483646,
      "class_C0J0": 0.7173342662235438,
      "class_C1pJ0": 0.025013118768584922,
      "class_C0J1p": 0.24488368025188037,
      "class_C1pJ1p": 0.012768934755990904,
      "class_D_taujo_lt_tausc": 0.0,
      "class_D_tausc_lt_taujo": 1.0,
      "class_D_tie": 0.0
    },
    {
      "window": "other",
      "n": 193355,
      "frac": 0.966775,
      "P_sc_ge1": 0.04029893201623956,
      "P_jo_ge1": 0.28070130071629906,
      "P_sc_ge1_ci95": [
        0.039431443194450175,
        0.041184687265445996
      ],
      "P_jo_ge1_ci95": [
        0.2787027915115649,
        0.2827085238528731
      ],
      "C0": 0.9597010679837604,
      "C1": 0.04021101083499263,
      "C2p": 8.792118124692922e-05,
      "J0": 0.7192986992837009,
      "J1": 0.17302888469395672,
      "J2p": 0.10767241602234233,
      "class_C0J0": 0.6951462336117504,
      "class_C1pJ0": 0.024152465671950556,
      "class_C0J1p": 0.26455483437201005,
      "class_C1pJ1p": 0.016146466344289002,
      "class_D_taujo_lt_tausc": 0.037155669442664956,
      "class_D_tausc_lt_taujo": 0.9628443305573351,
      "class_D_tie": 0.0
    }
  ]
}