{
  "params": {
    "N": 200,
    "K": 4,
    "n0": 0,
    "target": 100,
    "sc_src": 5,
    "sc_dst": 101,
    "mode": "lazy_selfloop",
    "q": 0.6666666667,
    "beta": 0.01,
    "rho": 1.0,
    "jumpover_absorbs": false,
    "n0_paper": 1,
    "target_paper": 101,
    "sc_src_paper": 6,
    "sc_dst_paper": 102,
    "p_shortcut": 0.0033333333330000004
  },
  "paper_peaks": [
    [
      32,
      0.00011037965377203587
    ],
    [
      1860,
      0.000163884081942374
    ]
  ],
  "peaks_valley": {
    "t1": 32,
    "tv": 401,
    "t2": 1860,
    "delta": 91
  },
  "exact_meta": {
    "method": "aw",
    "r": 0.9977000638225533,
    "L": 8192,
    "max_steps": 4000,
    "x_nnz": 2
  },
  "cond_by_time": {
    "max_t": 4000,
    "min_n": 50,
    "smooth_window": 21
  },
  "summaries": [
    {
      "window": "peak1",
      "n": 2255,
      "frac": 0.011275,
      "P_sc_ge1": 1.0,
      "P_jo_ge1": 0.34456762749445674,
      "P_sc_ge1_ci95": [
        0.9982993052722244,
        1.0
      ],
      "P_jo_ge1_ci95": [
        0.3252320700781765,
        0.36443187094362867
      ],
      "C0": 0.0,
      "C1": 1.0,
      "C2p": 0.0,
      "J0": 0.6554323725055432,
      "J1": 0.23414634146341465,
      "J2p": 0.11042128603104213,
      "class_C0J0": 0.0,
      "class_C1pJ0": 0.6554323725055432,
      "class_C0J1p": 0.0,
      "class_C1pJ1p": 0.34456762749445674,
      "class_D_taujo_lt_tausc": 0.0,
      "class_D_tausc_lt_taujo": 1.0,
      "class_D_tie": 0.0
    },
    {
      "window": "valley",
      "n": 1903,
      "frac": 0.009515,
      "P_sc_ge1": 0.9122438255386233,
      "P_jo_ge1": 0.3699421965317919,
      "P_sc_ge1_ci95": [
        0.898686486025553,
        0.9241401189740444
      ],
      "P_jo_ge1_ci95": [
        0.3485327826841502,
        0.39187564977295586
      ],
      "C0": 0.08775617446137678,
      "C1": 0.9122438255386233,
      "C2p": 0.0,
      "J0": 0.630057803468208,
      "J1": 0.2348922753547031,
      "J2p": 0.1350499211770888,
      "class_C0J0": 0.07041513399894903,
      "class_C1pJ0": 0.5596426694692591,
      "class_C0J1p": 0.017341040462427744,
      "class_C1pJ1p": 0.35260115606936415,
      "class_D_taujo_lt_tausc": 0.0,
      "class_D_tausc_lt_taujo": 1.0,
      "class_D_tie": 0.0
    },
    {
      "window": "peak2",
      "n": 5912,
      "frac": 0.02956,
      "P_sc_ge1": 0.135148849797023,
      "P_jo_ge1": 0.28991880920162383,
      "P_sc_ge1_ci95": [
        0.12667041771271983,
        0.14410113235718056
      ],
      "P_jo_ge1_ci95": [
        0.278492238521833,
        0.3016182228536034
      ],
      "C0": 0.864851150202977,
      "C1": 0.135148849797023,
      "C2p": 0.0,
      "J0": 0.7100811907983762,
      "J1": 0.18437077131258459,
      "J2p": 0.10554803788903924,
      "class_C0J0": 0.6278755074424899,
      "class_C1pJ0": 0.08220568335588634,
      "class_C0J1p": 0.23697564276048713,
      "class_C1pJ1p": 0.05294316644113667,
      "class_D_taujo_lt_tausc": 0.003194888178913738,
      "class_D_tausc_lt_taujo": 0.9968051118210862,
      "class_D_tie": 0.0
    },
    {
      "window": "other",
      "n": 189930,
      "frac": 0.94965,
      "P_sc_ge1": 0.1433949349760438,
      "P_jo_ge1": 0.29216026957300056,
      "P_sc_ge1_ci95": [
        0.1418259282725737,
        0.14497836706054398
      ],
      "P_jo_ge1_ci95": [
        0.29011928240451684,
        0.29420966427014467
      ],
      "C0": 0.8566050650239562,
      "C1": 0.14279997893960933,
      "C2p": 0.0005949560364344759,
      "J0": 0.7078397304269994,
      "J1": 0.18027694413731374,
      "J2p": 0.11188332543568683,
      "class_C0J0": 0.6204127836571368,
      "class_C1pJ0": 0.08742694676986258,
      "class_C0J1p": 0.23619228136681936,
      "class_C1pJ1p": 0.05596798820618123,
      "class_D_taujo_lt_tausc": 0.017873941674506115,
      "class_D_tausc_lt_taujo": 0.9821260583254939,
      "class_D_tie": 0.0
    }
  ]
}