{
  "params": {
    "N": 240,
    "K": 4,
    "n0": 0,
    "target": 120,
    "sc_src": 5,
    "sc_dst": 121,
    "mode": "lazy_selfloop",
    "q": 0.6666666667,
    "beta": 0.01,
    "rho": 1.0,
    "jumpover_absorbs": false,
    "n0_paper": 1,
    "target_paper": 121,
    "sc_src_paper": 6,
    "sc_dst_paper": 122,
    "p_shortcut": 0.0033333333330000004
  },
  "paper_peaks": [
    [
      32,
      0.00011037965383361814
    ],
    [
      2624,
      0.00011550208565058633
    ]
  ],
  "peaks_valley": {
    "t1": 32,
    "tv": 601,
    "t2": 2624,
    "delta": 129
  },
  "exact_meta": {
    "method": "aw",
    "r": 0.9977000638225533,
    "L": 8192,
    "max_steps": 4000,
    "x_nnz": 2
  },
  "cond_by_time": {
    "max_t": 4000,
    "min_n": 50,
    "smooth_window": 21
  },
  "summaries": [
    {
      "window": "peak1",
      "n": 2751,
      "frac": 0.013755,
      "P_sc_ge1": 1.0,
      "P_jo_ge1": 0.35478007997091965,
      "P_sc_ge1_ci95": [
        0.9986055096597931,
        0.9999999999999999
      ],
      "P_jo_ge1_ci95": [
        0.3371148673698897,
        0.37285030812332187
      ],
      "C0": 0.0,
      "C1": 1.0,
      "C2p": 0.0,
      "J0": 0.6452199200290804,
      "J1": 0.23809523809523808,
      "J2p": 0.11668484187568157,
      "class_C0J0": 0.0,
      "class_C1pJ0": 0.6452199200290804,
      "class_C0J1p": 0.0,
      "class_C1pJ1p": 0.35478007997091965,
      "class_D_taujo_lt_tausc": 0.0,
      "class_D_tausc_lt_taujo": 1.0,
      "class_D_tie": 0.0
    },
    {
      "window": "valley",
      "n": 2241,
      "frac": 0.011205,
      "P_sc_ge1": 0.9170013386880856,
      "P_jo_ge1": 0.36992414100847837,
      "P_sc_ge1_ci95": [
        0.9048528570955844,
        0.9277225905440173
      ],
      "P_jo_ge1_ci95": [
        0.35017375610323825,
        0.39011972384652743
      ],
      "C0": 0.08299866131191433,
      "C1": 0.9170013386880856,
      "C2p": 0.0,
      "J0": 0.6300758589915216,
      "J1": 0.24141008478357875,
      "J2p": 0.1285140562248996,
      "class_C0J0": 0.06648817492190987,
      "class_C1pJ0": 0.5635876840696118,
      "class_C0J1p": 0.01651048639000446,
      "class_C1pJ1p": 0.3534136546184739,
      "class_D_taujo_lt_tausc": 0.0,
      "class_D_tausc_lt_taujo": 1.0,
      "class_D_tie": 0.0
    },
    {
      "window": "peak2",
      "n": 5868,
      "frac": 0.02934,
      "P_sc_ge1": 0.14587593728698023,
      "P_jo_ge1": 0.28561690524880706,
      "P_sc_ge1_ci95": [
        0.13707603103485885,
        0.1551392085587978
      ],
      "P_jo_ge1_ci95": [
        0.2742024696314652,
        0.2973118573217687
      ],
      "C0": 0.8541240627130198,
      "C1": 0.14587593728698023,
      "C2p": 0.0,
      "J0": 0.7143830947511929,
      "J1": 0.17842535787321062,
      "J2p": 0.10719154737559645,
      "class_C0J0": 0.6247443762781186,
      "class_C1pJ0": 0.08963871847307431,
      "class_C0J1p": 0.22937968643490117,
      "class_C1pJ1p": 0.05623721881390593,
      "class_D_taujo_lt_tausc": 0.0030303030303030303,
      "class_D_tausc_lt_taujo": 0.996969696969697,
      "class_D_tie": 0.0
    },
    {
      "window": "other",
      "n": 189140,
      "frac": 0.9457,
      "P_sc_ge1": 0.1666067463254732,
      "P_jo_ge1": 0.29610870254837685,
      "P_sc_ge1_ci95": [
        0.16493419259182093,
        0.16829284280534954
      ],
      "P_jo_ge1_ci95": [
        0.294055346575607,
        0.298170340776616
      ],
      "C0": 0.8333932536745268,
      "C1": 0.165840118430792,
      "C2p": 0.0007666278946811885,
      "J0": 0.7038912974516232,
      "J1": 0.1830390187162948,
      "J2p": 0.11306968383208206,
      "class_C0J0": 0.6019086391033097,
      "class_C1pJ0": 0.10198265834831342,
      "class_C0J1p": 0.23148461457121708,
      "class_C1pJ1p": 0.06462408797715978,
      "class_D_taujo_lt_tausc": 0.012599198232839729,
      "class_D_tausc_lt_taujo": 0.9874008017671603,
      "class_D_tie": 0.0
    }
  ]
}