{
  "model": {
    "N": 31,
    "q": 0.2,
    "boundary": "reflecting",
    "local_bias_rule": "shift 20% of stay probability to arrow direction",
    "start_1_based": [
      15,
      15
    ],
    "target1_1_based": [
      22,
      15
    ],
    "target2_1_based": [
      7,
      7
    ],
    "fast_path_1_based": [
      [
        15,
        15
      ],
      [
        22,
        15
      ]
    ],
    "slow_path_1_based": [
      [
        15,
        15
      ],
      [
        15,
        27
      ],
      [
        3,
        27
      ],
      [
        3,
        7
      ],
      [
        7,
        7
      ]
    ]
  },
  "cases": [
    {
      "case_id": "C1",
      "title": "balanced double peak",
      "w1": 1,
      "w2": 3,
      "skip2": 2,
      "delta": 0.2,
      "steps": 6000,
      "t_peak1": 35,
      "t_peak2": 284,
      "h_peak1": 0.0007767778922582305,
      "h_peak2": 0.0006461303678768307,
      "t_valley": 143,
      "h_valley": 0.00015083458122172158,
      "peak_ratio": 0.8318083899097793,
      "valley_over_max": 0.1941798070272299,
      "p_m1": 0.36316824048680607,
      "p_m2": 0.48761810645520665,
      "t_mode_m1": 35,
      "t_mode_m2": 287,
      "h_mode_m1": 0.000776777543168354,
      "h_mode_m2": 0.0005966946416384426,
      "hw_m1": 25.0,
      "hw_m2": 141.5,
      "sep_mode_width": 1.5135135135135136,
      "absorbed_mass": 0.8507863469420127,
      "survival_tail": 0.14921365305811782,
      "heat_times": [
        50,
        143,
        284
      ]
    },
    {
      "case_id": "C2",
      "title": "late peak dominates",
      "w1": 1,
      "w2": 2,
      "skip2": 1,
      "delta": 0.2,
      "steps": 6000,
      "t_peak1": 36,
      "t_peak2": 313,
      "h_peak1": 0.0007939975572767682,
      "h_peak2": 0.0010581905515666004,
      "t_valley": 152,
      "h_valley": 0.0001858210736964288,
      "peak_ratio": 1.3327377922873647,
      "valley_over_max": 0.17560265816145268,
      "p_m1": 0.23579072023076614,
      "p_m2": 0.7127636376039942,
      "t_mode_m1": 36,
      "t_mode_m2": 316,
      "h_mode_m1": 0.0007939969771174114,
      "h_mode_m2": 0.0009972647005997894,
      "hw_m1": 28.5,
      "hw_m2": 179.5,
      "sep_mode_width": 1.3461538461538463,
      "absorbed_mass": 0.9485543578347604,
      "survival_tail": 0.0514456421653224,
      "heat_times": [
        51,
        152,
        313
      ]
    },
    {
      "case_id": "C3",
      "title": "strong slow capture",
      "w1": 1,
      "w2": 2,
      "skip2": 0,
      "delta": 0.2,
      "steps": 6000,
      "t_peak1": 41,
      "t_peak2": 314,
      "h_peak1": 0.0003805464012890905,
      "h_peak2": 0.0011072190322615797,
      "t_valley": 146,
      "h_valley": 0.00013306568189790766,
      "peak_ratio": 2.909550657977334,
      "valley_over_max": 0.12018008905257961,
      "p_m1": 0.1761636564077375,
      "p_m2": 0.7723126056861298,
      "t_mode_m1": 41,
      "t_mode_m2": 316,
      "h_mode_m1": 0.00038054436667329884,
      "h_mode_m2": 0.0010637662294137864,
      "hw_m1": 37.5,
      "hw_m2": 177.0,
      "sep_mode_width": 1.2820512820512822,
      "absorbed_mass": 0.9484762620938674,
      "survival_tail": 0.05152373790621628,
      "heat_times": [
        56,
        146,
        314
      ]
    },
    {
      "case_id": "C4",
      "title": "largest peak separation",
      "w1": 1,
      "w2": 1,
      "skip2": 1,
      "delta": 0.2,
      "steps": 6000,
      "t_peak1": 34,
      "t_peak2": 426,
      "h_peak1": 0.0026021978946634125,
      "h_peak2": 0.0007571438611221877,
      "t_valley": 200,
      "h_valley": 0.00035525247447528905,
      "peak_ratio": 0.29096321331860975,
      "valley_over_max": 0.13652016059341252,
      "p_m1": 0.36207433032116654,
      "p_m2": 0.6108888048091956,
      "t_mode_m1": 34,
      "t_mode_m2": 445,
      "h_mode_m1": 0.0026021975547433135,
      "h_mode_m2": 0.0006598201697195734,
      "hw_m1": 26.0,
      "hw_m2": 319.0,
      "sep_mode_width": 1.191304347826087,
      "absorbed_mass": 0.972963135130362,
      "survival_tail": 0.027036864869701326,
      "heat_times": [
        49,
        200,
        426
      ]
    }
  ],
  "external_sparse_testset": {
    "source_json": "external/sparse_double_peak_testset.json",
    "cases": [
      {
        "case_id": "S01",
        "name": "baseline_unbiased_reflecting",
        "type": "unbiased",
        "phase": 0,
        "t_peak1": null,
        "t_peak2": null,
        "p_m1": 0.38509934885754443,
        "p_m2": 0.2812393044628673,
        "sep_mode_width": 0.2532724505327245
      },
      {
        "case_id": "S02",
        "name": "corridor_thin_w2_1_skip2_0",
        "type": "corridor_model",
        "phase": 2,
        "t_peak1": 38,
        "t_peak2": 436,
        "p_m1": 0.233246439027613,
        "p_m2": 0.7402759670842656,
        "sep_mode_width": 1.1657142857142857
      },
      {
        "case_id": "S03",
        "name": "centerline_only_bias_fast_and_slow",
        "type": "explicit_bias_list",
        "phase": 1,
        "t_peak1": 38,
        "t_peak2": 925,
        "p_m1": 0.410731190479497,
        "p_m2": 0.510575276462224,
        "sep_mode_width": 0.922874671340929
      },
      {
        "case_id": "S04",
        "name": "sparse_slow_centerline_bias_stride_3",
        "type": "explicit_bias_list",
        "phase": 0,
        "t_peak1": null,
        "t_peak2": null,
        "p_m1": 0.6004533468004951,
        "p_m2": 0.22190162722212367,
        "sep_mode_width": 0.36741973840665876
      },
      {
        "case_id": "S05",
        "name": "geometry_only_reflecting_wall_with_gate",
        "type": "barrier_geometry",
        "phase": 0,
        "t_peak1": null,
        "t_peak2": null,
        "p_m1": 0.42535328781967296,
        "p_m2": 0.23048025702660624,
        "sep_mode_width": 0.2698633955952049
      },
      {
        "case_id": "S06",
        "name": "geometry_perm_gate_pass_0p2_like_giuggioli",
        "type": "barrier_geometry",
        "phase": 0,
        "t_peak1": null,
        "t_peak2": null,
        "p_m1": 0.5314089003196183,
        "p_m2": 0.13332979018474617,
        "sep_mode_width": 0.25703125
      },
      {
        "case_id": "S07",
        "name": "no_bias_sticky_patch_near_m2",
        "type": "sticky_region",
        "phase": 0,
        "t_peak1": null,
        "t_peak2": null,
        "p_m1": 0.3747577831862548,
        "p_m2": 0.2406257211141898,
        "sep_mode_width": 0.2500488376636062
      },
      {
        "case_id": "S08",
        "name": "long_range_shortcut_to_m1_plus_sticky_m2",
        "type": "long_range_and_sticky",
        "phase": 0,
        "t_peak1": null,
        "t_peak2": null,
        "p_m1": 0.6678417463812207,
        "p_m2": 0.12207849792212189,
        "sep_mode_width": 0.34154154154154154
      },
      {
        "case_id": "S09",
        "name": "tiny_bias_budget_router_to_fast",
        "type": "explicit_bias_list",
        "phase": 0,
        "t_peak1": null,
        "t_peak2": null,
        "p_m1": 0.6085201729988078,
        "p_m2": 0.17073307941773566,
        "sep_mode_width": 0.3628058727569331
      },
      {
        "case_id": "S10",
        "name": "global_bias_only",
        "type": "global_bias",
        "phase": 0,
        "t_peak1": null,
        "t_peak2": null,
        "p_m1": 0.21025856687620564,
        "p_m2": 1.4651693606114246e-06,
        "sep_mode_width": 0.5919282511210763
      },
      {
        "case_id": "S11",
        "name": "sparse_mixed_disorder_like_fig3",
        "type": "mixed_disorder",
        "phase": 0,
        "t_peak1": null,
        "t_peak2": null,
        "p_m1": 0.37973687942870893,
        "p_m2": 0.252468888673803,
        "sep_mode_width": 0.25411635565312846
      }
    ]
  },
  "phase_scan": {
    "w2_values": [
      1,
      2,
      3,
      4,
      5
    ],
    "skip_values": [
      0,
      1,
      2,
      3,
      4,
      5,
      6
    ],
    "scan_t_max": 2500,