{
  "model": {
    "N": 31,
    "q": 0.2,
    "boundary": "reflecting",
    "local_bias_rule": "shift 20% of stay probability to arrow direction",
    "start_1_based": [
      15,
      15
    ],
    "target1_1_based": [
      22,
      15
    ],
    "target2_1_based": [
      7,
      7
    ],
    "fast_path_1_based": [
      [
        15,
        15
      ],
      [
        22,
        15
      ]
    ],
    "slow_path_1_based": [
      [
        15,
        15
      ],
      [
        15,
        27
      ],
      [
        3,
        27
      ],
      [
        3,
        7
      ],
      [
        7,
        7
      ]
    ]
  },
  "cases": [
    {
      "case_id": "C1",
      "title": "balanced double peak",
      "w1": 1,
      "w2": 3,
      "skip2": 2,
      "delta": 0.2,
      "steps": 6000,
      "t_peak1": 35,
      "t_peak2": 284,
      "h_peak1": 0.0007767778922582305,
      "h_peak2": 0.0006461303678768307,
      "t_valley": 143,
      "h_valley": 0.00015083458122172158,
      "peak_ratio": 0.8318083899097793,
      "valley_over_max": 0.1941798070272299,
      "p_m1": 0.36316824048680607,
      "p_m2": 0.48761810645520665,
      "t_mode_m1": 35,
      "t_mode_m2": 287,
      "h_mode_m1": 0.000776777543168354,
      "h_mode_m2": 0.0005966946416384426,
      "hw_m1": 25.0,
      "hw_m2": 141.5,
      "sep_mode_width": 1.5135135135135136,
      "absorbed_mass": 0.8507863469420127,
      "survival_tail": 0.14921365305811782,
      "heat_times": [
        50,
        143,
        284
      ]
    },
    {
      "case_id": "C2",
      "title": "late peak dominates",
      "w1": 1,
      "w2": 2,
      "skip2": 1,
      "delta": 0.2,
      "steps": 6000,
      "t_peak1": 36,
      "t_peak2": 313,
      "h_peak1": 0.0007939975572767682,
      "h_peak2": 0.0010581905515666004,
      "t_valley": 152,
      "h_valley": 0.0001858210736964288,
      "peak_ratio": 1.3327377922873647,
      "valley_over_max": 0.17560265816145268,
      "p_m1": 0.23579072023076614,
      "p_m2": 0.7127636376039942,
      "t_mode_m1": 36,
      "t_mode_m2": 316,
      "h_mode_m1": 0.0007939969771174114,
      "h_mode_m2": 0.0009972647005997894,
      "hw_m1": 28.5,
      "hw_m2": 179.5,
      "sep_mode_width": 1.3461538461538463,
      "absorbed_mass": 0.9485543578347604,
      "survival_tail": 0.0514456421653224,
      "heat_times": [
        51,
        152,
        313
      ]
    },
    {
      "case_id": "C3",
      "title": "strong slow capture",
      "w1": 1,
      "w2": 2,
      "skip2": 0,
      "delta": 0.2,
      "steps": 6000,
      "t_peak1": 41,
      "t_peak2": 314,
      "h_peak1": 0.0003805464012890905,
      "h_peak2": 0.0011072190322615797,
      "t_valley": 146,
      "h_valley": 0.00013306568189790766,
      "peak_ratio": 2.909550657977334,
      "valley_over_max": 0.12018008905257961,
      "p_m1": 0.1761636564077375,
      "p_m2": 0.7723126056861298,
      "t_mode_m1": 41,
      "t_mode_m2": 316,
      "h_mode_m1": 0.00038054436667329884,
      "h_mode_m2": 0.0010637662294137864,
      "hw_m1": 37.5,
      "hw_m2": 177.0,
      "sep_mode_width": 1.2820512820512822,
      "absorbed_mass": 0.9484762620938674,
      "survival_tail": 0.05152373790621628,
      "heat_times": [
        56,
        146,
        314
      ]
    },
    {
      "case_id": "C4",
      "title": "largest peak separation",
      "w1": 1,
      "w2": 1,
      "skip2": 1,
      "delta": 0.2,
      "steps": 6000,
      "t_peak1": 34,
      "t_peak2": 426,
      "h_peak1": 0.0026021978946634125,
      "h_peak2": 0.0007571438611221877,
      "t_valley": 200,
      "h_valley": 0.00035525247447528905,
      "peak_ratio": 0.29096321331860975,
      "valley_over_max": 0.13652016059341252,
      "p_m1": 0.36207433032116654,
      "p_m2": 0.6108888048091956,
      "t_mode_m1": 34,
      "t_mode_m2": 445,
      "h_mode_m1": 0.0026021975547433135,
      "h_mode_m2": 0.0006598201697195734,
      "hw_m1": 26.0,
      "hw_m2": 319.0,
      "sep_mode_width": 1.191304347826087,
      "absorbed_mass": 0.972963135130362,
      "survival_tail": 0.027036864869701326,
      "heat_times": [
        49,
        200,
        426
      ]
    }
  ],
  "phase_scan": {
    "w2_values": [
      1,
      2,
      3,
      4,
      5
    ],
    "skip_values": [
      0,
      1,
      2,
      3,
      4,
      5,
      6
    ],
    "scan_t_max": 2500,
    "files": {
      "csv": "data/scan_w2_skip2.csv",
      "json": "data/scan_w2_skip2.json",
      "phase_map": "figures/phase_w2_skip2.pdf",
      "sep_map": "figures/phase_sep_w2_skip2.pdf"
    }
  }
}