{
  "config": {
    "N": 41,
    "q": 0.2,
    "delta": 0.2,
    "start_0_based": [
      20,
      20
    ],
    "m1_0_based": [
      28,
      20
    ],
    "m2_0_based": [
      12,
      12
    ],
    "local_bias_sites": 1,
    "t_max_main": 12000,
    "t_max_aw": 80,
    "aw_oversample": 2,
    "aw_r_pow10": 8.0,
    "n_transient": 1679
  },
  "runtime_seconds": {
    "sparse_exact": 0.17152475006878376,
    "dense_recursion": 1.6847603329224512,
    "linear_mfpt": 0.049865375040099025,
    "full_aw": 25.314935542060994,
    "luca_defect_reduced": 0.023073083022609353
  },
  "winner": {
    "method": "Luca defect",
    "runtime_seconds": 0.023073083022609353
  },
  "sparse_exact": {
    "steps": 12000,
    "mass_any": 0.7261700980486434,
    "mass_m1": 0.4252315896504133,
    "mass_m2": 0.3009385083982301,
    "survival_tail": 0.2738299019516944,
    "mfpt_trunc": 2864.5030216260466,
    "peak1": null,
    "peak2": null
  },
  "sparse_exact_on_aw_horizon": {
    "steps": 80,
    "mass_any": 0.0018818915212619664,
    "mass_m1": 0.0018677360691484915,
    "mass_m2": 1.4155452113475146e-05,
    "survival_tail": 0.9981181084787426,
    "mfpt_trunc": 0.12248001292226345,
    "peak1": null,
    "peak2": null
  },
  "dense_recursion": {
    "steps": 12000,
    "mass_any": 0.7261700980486612,
    "mass_m1": 0.4252315896504225,
    "mass_m2": 0.30093850839823866,
    "survival_tail": 0.27382990195171486,
    "mfpt_trunc": 2864.5030216261703,
    "peak1": null,
    "peak2": null
  },
  "full_aw": {
    "steps": 80,
    "mass_any": 0.001881891734766112,
    "mass_m1": 0.0018677362343151322,
    "mass_m2": 1.4155500450979527e-05,
    "survival_tail": 0.9981181082652338,
    "mfpt_trunc": 0.12248002155075553,
    "peak1": null,
    "peak2": null
  },
  "luca_defect_reduced": {
    "steps": 80,
    "mass_any": 0.0018818917347637138,
    "mass_m1": 0.001867736234313138,
    "mass_m2": 1.4155500450575841e-05,
    "survival_tail": 0.9981181082652363,
    "mfpt_trunc": 0.12248002155057128,
    "peak1": null,
    "peak2": null,
    "defect_pairs": 2,
    "defect_nodes": 5,
    "local_bias_sites": 1
  },
  "linear_mfpt": {
    "mfpt_exact": 9152.680196674015,
    "p_m1_exact": 0.5718161386991594,
    "p_m2_exact": 0.4281838613014141,
    "p_sum_exact": 1.0000000000005735
  },
  "error_dense_vs_sparse": {
    "l1": 1.783426371313486e-14,
    "linf": 1.9989977555201488e-18
  },
  "error_full_aw_vs_sparse_aw": {
    "l1": 2.135041456180677e-10,
    "linf": 2.680377341512103e-12
  },
  "error_luca_vs_sparse_aw": {
    "l1": 2.1350174722311273e-10,
    "linf": 2.6803755759778036e-12
  },
  "artifacts": {
    "config_figure": "figures/luca_fast_case_config_detailed.pdf",
    "fpt_overlay_figure": "figures/luca_fast_case_fpt_overlay.pdf",
    "runtime_figure": "figures/luca_fast_case_runtime.pdf",
    "report_markdown": "luca_fast_case_cn.md"
  }
}