{
  "config": {
    "N": 31,
    "q": 0.2,
    "delta": 0.2,
    "case_id": "C1",
    "start_0_based": [
      14,
      14
    ],
    "m1_0_based": [
      21,
      14
    ],
    "m2_0_based": [
      6,
      6
    ],
    "t_max_main": 6000,
    "surv_tol": 1e-13,
    "t_max_aw": 800,
    "aw_oversample": 2,
    "aw_r_pow10": 8.0
  },
  "runtime_seconds": {
    "sparse_exact": 0.05513066693674773,
    "dense_recursion": 0.09103274997323751,
    "aw_inversion": 35.85438433394302,
    "aw_defect_reduced": 57.38818254193757,
    "linear_mfpt": 0.018440708983689547
  },
  "sparse_exact": {
    "steps": 6000,
    "mass_any": 0.8507863469420127,
    "mass_m1": 0.36316824048680607,
    "mass_m2": 0.48761810645520665,
    "survival_tail": 0.14921365305811782,
    "mfpt_trunc": 1583.4791709461103,
    "peak1": 35,
    "peak2": 284
  },
  "sparse_exact_on_aw_horizon": {
    "steps": 800,
    "mass_any": 0.2970304369530955,
    "mass_m1": 0.0901541623472834,
    "mass_m2": 0.2068762746058121,
    "survival_tail": 0.7029695630469368,
    "mfpt_trunc": 111.65348353544914,
    "peak1": 35,
    "peak2": 284
  },
  "dense_recursion": {
    "steps": 6000,
    "mass_any": 0.8507863469420219,
    "mass_m1": 0.36316824048681107,
    "mass_m2": 0.487618106455211,
    "survival_tail": 0.1492136530581234,
    "mfpt_trunc": 1583.4791709461415,
    "peak1": 35,
    "peak2": 284
  },
  "aw_inversion": {
    "steps": 800,
    "mass_any": 0.29703043794427053,
    "mass_m1": 0.09015416286110586,
    "mass_m2": 0.20687627508316467,
    "survival_tail": 0.7029695620557297,
    "mfpt_trunc": 111.65348391383218,
    "peak1": 35,
    "peak2": 284,
    "aw_grid": {
      "m": 2048,
      "r": 0.9910458562488609,
      "oversample": 2,
      "r_pow10": 8.0
    }
  },
  "aw_defect_reduced": {
    "steps": 800,
    "mass_any": 0.29703043794429174,
    "mass_m1": 0.09015416286112243,
    "mass_m2": 0.2068762750831693,
    "survival_tail": 0.7029695620557086,
    "mfpt_trunc": 111.65348391384879,
    "peak1": 35,
    "peak2": 284,
    "aw_grid": {
      "m": 2048,
      "r": 0.9910458562488609,
      "oversample": 2,
      "r_pow10": 8.0
    },
    "defect_pairs": 632,
    "defect_nodes": 326,
    "local_bias_sites": 317
  },
  "linear_mfpt": {
    "mfpt_exact": 3011.2140947374173,
    "p_m1_exact": 0.4527970725255733,
    "p_m2_exact": 0.5472029274745993,
    "p_sum_exact": 1.0000000000001725
  },
  "error_dense_vs_sparse": {
    "l1": 9.212329487304823e-15,
    "linf": 1.9244588561617704e-18
  },
  "error_aw_vs_sparse": {
    "l1": 9.91175013143618e-10,
    "linf": 1.4263113831410764e-12
  },
  "error_aw_defect_vs_sparse": {
    "l1": 9.911962023617074e-10,
    "linf": 1.4263230305872307e-12
  },
  "mfpt_truncation_scan": [
    {
      "t_max": 300.0,
      "mass_any": 0.11671416129556221,
      "survival_tail": 0.8832858387044504,
      "mfpt_trunc": 19.29422240458421,
      "mfpt_rel_error": -0.9935925438054026
    },
    {
      "t_max": 600.0,
      "mass_any": 0.24180680504866076,
      "survival_tail": 0.7581931949513643,
      "mfpt_trunc": 73.09861630109955,
      "mfpt_rel_error": -0.9757245370135418
    },
    {
      "t_max": 1200.0,
      "mass_any": 0.38957932129795025,
      "survival_tail": 0.6104206787020958,
      "mfpt_trunc": 203.55923513145598,
      "mfpt_rel_error": -0.9323996140004763
    },
    {
      "t_max": 2400.0,
      "mass_any": 0.5817658765109595,
      "survival_tail": 0.4182341234891194,
      "mfpt_trunc": 540.033577004423,
      "mfpt_rel_error": -0.8206591892790954
    },
    {
      "t_max": 6000.0,
      "mass_any": 0.8507863469420127,
      "survival_tail": 0.14921365305811782,
      "mfpt_trunc": 1583.4791709461103,
      "mfpt_rel_error": -0.4741392936113391
    }
  ],
  "artifacts": {
    "truncation_csv": "data/method_comparison_c1_truncation.csv",
    "fpt_overlay_figure": "figures/method_compare_c1_fpt_overlay.pdf",
    "runtime_figure": "figures/method_compare_c1_runtime.pdf",
    "report_markdown": "method_comparison_cn.md"
  }
}
