{
  "w2_values": [
    1,
    2,
    3,
    4,
    5
  ],
  "skip_values": [
    0,
    1,
    2,
    3,
    4,
    5,
    6
  ],
  "phase_grid": [
    [
      2,
      2,
      0,
      0,
      0,
      0,
      0
    ],
    [
      1,
      2,
      2,
      2,
      0,
      0,
      0
    ],
    [
      1,
      1,
      2,
      2,
      0,
      0,
      0
    ],
    [
      1,
      1,
      2,
      2,
      1,
      0,
      0
    ],
    [
      1,
      1,
      1,
      1,
      1,
      1,
      0
    ]
  ],
  "sep_grid": [
    [
      1.1657142857142857,
      1.191304347826087,
      1.0785973397823458,
      1.0062111801242235,
      0.9922480620155039,
      0.9862258953168044,
      0.9790940766550522
    ],
    [
      1.2820512820512822,
      1.3461538461538463,
      1.3542168674698796,
      1.1010830324909748,
      0.95,
      0.918918918918919,
      0.9088888888888889
    ],
    [
      1.3370165745856353,
      1.4604105571847508,
      1.5135135135135136,
      1.4867256637168142,
      1.1702127659574468,
      0.9446153846153846,
      0.8663239074550129
    ],
    [
      2.152289156626506,
      1.4258675078864353,
      1.5282392026578073,
      1.5451505016722409,
      1.5263157894736843,
      1.248780487804878,
      1.0285714285714285
    ],
    [
      2.316546762589928,
      2.1466666666666665,
      1.404109589041096,
      1.4577464788732395,
      1.475177304964539,
      1.4545454545454546,
      1.1958762886597938
    ]
  ]
}