{
  "params": {
    "N": 60,
    "K": 2,
    "n0": 0,
    "target": 30,
    "sc_src": 5,
    "sc_dst": 31,
    "mode": "lazy_selfloop",
    "q": 0.6666666667,
    "beta": 0.01,
    "rho": 1.0,
    "jumpover_absorbs": false,
    "n0_paper": 1,
    "target_paper": 31,
    "sc_src_paper": 6,
    "sc_dst_paper": 32,
    "p_shortcut": 0.0033333333330000004
  },
  "paper_peaks": [
    [
      54,
      0.00013233059676111302
    ],
    [
      424,
      0.0007323361136355865
    ]
  ],
  "peaks_valley": {
    "t1": 54,
    "tv": 66,
    "t2": 424,
    "delta": 18
  },
  "exact_meta": {
    "method": "aw",
    "r": 0.9977000638225533,
    "L": 8192,
    "max_steps": 4000,
    "x_nnz": 2
  },
  "cond_by_time": {
    "max_t": 4000,
    "min_n": 50,
    "smooth_window": 21
  },
  "summaries": [
    {
      "window": "peak1",
      "n": 621,
      "frac": 0.003105,
      "P_sc_ge1": 1.0,
      "P_jo_ge1": 0.0,
      "P_sc_ge1_ci95": [
        0.9938518818209289,
        1.0
      ],
      "P_jo_ge1_ci95": [
        0.0,
        0.006148118179071304
      ],
      "C0": 0.0,
      "C1": 1.0,
      "C2p": 0.0,
      "J0": 1.0,
      "J1": 0.0,
      "J2p": 0.0,
      "class_C0J0": 0.0,
      "class_C1pJ0": 1.0,
      "class_C0J1p": 0.0,
      "class_C1pJ1p": 0.0,
      "class_D_taujo_lt_tausc": null,
      "class_D_tausc_lt_taujo": null,
      "class_D_tie": null
    },
    {
      "window": "valley",
      "n": 646,
      "frac": 0.00323,
      "P_sc_ge1": 0.9566563467492261,
      "P_jo_ge1": 0.0,
      "P_sc_ge1_ci95": [
        0.9380693061176937,
        0.9698442531250511
      ],
      "P_jo_ge1_ci95": [
        0.0,
        0.005911594456249031
      ],
      "C0": 0.043343653250773995,
      "C1": 0.9566563467492261,
      "C2p": 0.0,
      "J0": 1.0,
      "J1": 0.0,
      "J2p": 0.0,
      "class_C0J0": 0.043343653250773995,
      "class_C1pJ0": 0.9566563467492261,
      "class_C0J1p": 0.0,
      "class_C1pJ1p": 0.0,
      "class_D_taujo_lt_tausc": null,
      "class_D_tausc_lt_taujo": null,
      "class_D_tie": null
    },
    {
      "window": "peak2",
      "n": 5480,
      "frac": 0.0274,
      "P_sc_ge1": 0.09361313868613139,
      "P_jo_ge1": 0.0,
      "P_sc_ge1_ci95": [
        0.08618284699281227,
        0.101612803414012
      ],
      "P_jo_ge1_ci95": [
        0.0,
        0.0007005308103720573
      ],
      "C0": 0.9063868613138686,
      "C1": 0.09343065693430656,
      "C2p": 0.0001824817518248175,
      "J0": 1.0,
      "J1": 0.0,
      "J2p": 0.0,
      "class_C0J0": 0.9063868613138686,
      "class_C1pJ0": 0.09361313868613139,
      "class_C0J1p": 0.0,
      "class_C1pJ1p": 0.0,
      "class_D_taujo_lt_tausc": null,
      "class_D_tausc_lt_taujo": null,
      "class_D_tie": null
    },
    {
      "window": "other",
      "n": 193253,
      "frac": 0.966265,
      "P_sc_ge1": 0.10403978204736795,
      "P_jo_ge1": 0.0,
      "P_sc_ge1_ci95": [
        0.10268639650777939,
        0.10540890954735177
      ],
      "P_jo_ge1_ci95": [
        0.0,
        1.9878209579515345e-05
      ],
      "C0": 0.895960217952632,
      "C1": 0.10361029324253698,
      "C2p": 0.00042948880483097287,
      "J0": 1.0,
      "J1": 0.0,
      "J2p": 0.0,
      "class_C0J0": 0.895960217952632,
      "class_C1pJ0": 0.10403978204736795,
      "class_C0J1p": 0.0,
      "class_C1pJ1p": 0.0,
      "class_D_taujo_lt_tausc": null,
      "class_D_tausc_lt_taujo": null,
      "class_D_tie": null
    }
  ]
}