{
  "params": {
    "N": 100,
    "K": 4,
    "n0": 0,
    "target": 50,
    "sc_src": 5,
    "sc_dst": 51,
    "mode": "lazy_selfloop",
    "q": 0.6666666667,
    "beta": 0.01,
    "rho": 1.0,
    "jumpover_absorbs": false,
    "n0_paper": 1,
    "target_paper": 51,
    "sc_src_paper": 6,
    "sc_dst_paper": 52,
    "p_shortcut": 0.0033333333330000004
  },
  "paper_peaks": [
    [
      32,
      0.00011037965372911179
    ],
    [
      495,
      0.0006226550398850272
    ]
  ],
  "peaks_valley": {
    "t1": 32,
    "tv": 84,
    "t2": 495,
    "delta": 23
  },
  "exact_meta": {
    "method": "aw",
    "r": 0.9977000638225533,
    "L": 8192,
    "max_steps": 4000,
    "x_nnz": 2
  },
  "cond_by_time": {
    "max_t": 4000,
    "min_n": 50,
    "smooth_window": 21
  },
  "summaries": [
    {
      "window": "peak1",
      "n": 977,
      "frac": 0.004885,
      "P_sc_ge1": 1.0,
      "P_jo_ge1": 0.3142272262026612,
      "P_sc_ge1_ci95": [
        0.9960833635114988,
        1.0
      ],
      "P_jo_ge1_ci95": [
        0.2858942140098983,
        0.34401544724427363
      ],
      "C0": 0.0,
      "C1": 1.0,
      "C2p": 0.0,
      "J0": 0.6857727737973388,
      "J1": 0.22006141248720573,
      "J2p": 0.09416581371545547,
      "class_C0J0": 0.0,
      "class_C1pJ0": 0.6857727737973388,
      "class_C0J1p": 0.0,
      "class_C1pJ1p": 0.3142272262026612,
      "class_D_taujo_lt_tausc": 0.0,
      "class_D_tausc_lt_taujo": 1.0,
      "class_D_tie": 0.0
    },
    {
      "window": "valley",
      "n": 843,
      "frac": 0.004215,
      "P_sc_ge1": 0.9217081850533808,
      "P_jo_ge1": 0.3819691577698695,
      "P_sc_ge1_ci95": [
        0.9016013288346779,
        0.9379889794354873
      ],
      "P_jo_ge1_ci95": [
        0.3497756220344218,
        0.415233560320342
      ],
      "C0": 0.07829181494661921,
      "C1": 0.9217081850533808,
      "C2p": 0.0,
      "J0": 0.6180308422301305,
      "J1": 0.24199288256227758,
      "J2p": 0.13997627520759193,
      "class_C0J0": 0.06168446026097272,
      "class_C1pJ0": 0.5563463819691578,
      "class_C0J1p": 0.0166073546856465,
      "class_C1pJ1p": 0.365361803084223,
      "class_D_taujo_lt_tausc": 0.0,
      "class_D_tausc_lt_taujo": 1.0,
      "class_D_tie": 0.0
    },
    {
      "window": "peak2",
      "n": 5801,
      "frac": 0.029005,
      "P_sc_ge1": 0.07653852784002758,
      "P_jo_ge1": 0.2739182899500086,
      "P_sc_ge1_ci95": [
        0.06997375314578573,
        0.08366378969431519
      ],
      "P_jo_ge1_ci95": [
        0.26259427284407455,
        0.28554154536670995
      ],
      "C0": 0.9234614721599724,
      "C1": 0.07636614376831581,
      "C2p": 0.00017238407171177384,
      "J0": 0.7260817100499913,
      "J1": 0.17565936907429752,
      "J2p": 0.09825892087571109,
      "class_C0J0": 0.6795380106878125,
      "class_C1pJ0": 0.046543699362178934,
      "class_C0J1p": 0.24392346147215999,
      "class_C1pJ1p": 0.029994828477848647,
      "class_D_taujo_lt_tausc": 0.005747126436781609,
      "class_D_tausc_lt_taujo": 0.9942528735632183,
      "class_D_tie": 0.0
    },
    {
      "window": "other",
      "n": 192379,
      "frac": 0.961895,
      "P_sc_ge1": 0.07516412914091455,
      "P_jo_ge1": 0.2852650237292012,
      "P_sc_ge1_ci95": [
        0.07399440491070239,
        0.07635082005555577
      ],
      "P_jo_ge1_ci95": [
        0.2832515462937476,
        0.28728707704260725
      ],
      "C0": 0.9248358708590855,
      "C1": 0.07486783900529684,
      "C2p": 0.00029629013561771297,
      "J0": 0.7147349762707987,
      "J1": 0.17477479350656777,
      "J2p": 0.11049023022263345,
      "class_C0J0": 0.6696676872215782,
      "class_C1pJ0": 0.04506728904922055,
      "class_C0J1p": 0.2551681836375072,
      "class_C1pJ1p": 0.030096840091694,
      "class_D_taujo_lt_tausc": 0.0385146804835924,
      "class_D_tausc_lt_taujo": 0.9614853195164076,
      "class_D_tie": 0.0
    }
  ]
}