{
  "cases": {
    "C3": {
      "aw_estimated_total_seconds": 1483.042174291,
      "aw_eval_nz": 32,
      "aw_eval_per_z_seconds": 0.0905140703125,
      "aw_eval_seconds": 2.89645025,
      "aw_fft_seconds": 0.00017508300000024235,
      "aw_full_seconds": null,
      "aw_inversion_seconds": {
        "median": 0.00045362500000045713,
        "samples": [
          0.00045362500000045713
        ]
      },
      "aw_setup_seconds": 0.05947120799999972,
      "defects": 1004,
      "exact_seconds": {
        "median": 0.1057442919999998,
        "samples": [
          0.1057442919999998
        ]
      },
      "m": 16384,
      "p_abs": 0.9999999999990028,
      "t_max": 3000
    },
    "NB4": {
      "aw_estimated_total_seconds": 16785.671934667,
      "aw_eval_nz": 32,
      "aw_eval_per_z_seconds": 0.1280639140625,
      "aw_eval_seconds": 4.09804525,
      "aw_fft_seconds": 0.0013812499999996675,
      "aw_full_seconds": null,
      "aw_inversion_seconds": {
        "median": 0.003909459000000837,
        "samples": [
          0.003909459000000837
        ]
      },
      "aw_setup_seconds": 0.07720941699999884,
      "defects": 936,
      "exact_seconds": {
        "median": 0.6917431670000003,
        "samples": [
          0.6917431670000003
        ]
      },
      "m": 131072,
      "p_abs": 0.9999976243883318,
      "t_max": 20000
    },
    "NB5": {
      "aw_estimated_total_seconds": 15945.615403011,
      "aw_eval_nz": 32,
      "aw_eval_per_z_seconds": 0.12165478774999999,
      "aw_eval_seconds": 3.8929532079999998,
      "aw_fft_seconds": 0.0014654589999985035,
      "aw_full_seconds": null,
      "aw_inversion_seconds": {
        "median": 0.004764542000000205,
        "samples": [
          0.004764542000000205
        ]
      },
      "aw_setup_seconds": 0.07759758399999939,
      "defects": 936,
      "exact_seconds": {
        "median": 0.6976202909999998,
        "samples": [
          0.6976202909999998
        ]
      },
      "m": 131072,
      "p_abs": 0.9995431155985322,
      "t_max": 20000
    },
    "R1": {
      "aw_estimated_total_seconds": 633.239929627,
      "aw_eval_nz": 32,
      "aw_eval_per_z_seconds": 0.07729293100000001,
      "aw_eval_seconds": 2.4733737920000003,
      "aw_fft_seconds": 7.237499999979136e-05,
      "aw_full_seconds": null,
      "aw_inversion_seconds": {
        "median": 0.004706958999999955,
        "samples": [
          0.004706958999999955
        ]
      },
      "aw_setup_seconds": 0.05616650000000001,
      "defects": 973,
      "exact_seconds": {
        "median": 0.05712075,
        "samples": [
          0.05712075
        ]
      },
      "m": 8192,
      "p_abs": 0.9999999999990301,
      "t_max": 1500
    },
    "R6": {
      "aw_estimated_total_seconds": 4862.395770958999,
      "aw_eval_nz": 32,
      "aw_eval_per_z_seconds": 0.07419339453124998,
      "aw_eval_seconds": 2.3741886249999995,
      "aw_fft_seconds": 0.0006651250000011544,
      "aw_full_seconds": null,
      "aw_inversion_seconds": {
        "median": 0.0020161249999999242,
        "samples": [
          0.0020161249999999242
        ]
      },
      "aw_setup_seconds": 0.05680183399999983,
      "defects": 988,
      "exact_seconds": {
        "median": 0.42128891700000004,
        "samples": [
          0.42128891700000004
        ]
      },
      "m": 65536,
      "p_abs": 0.9999999999976414,
      "t_max": 12000
    },
    "R7": {
      "aw_estimated_total_seconds": 313.61618370599996,
      "aw_eval_nz": 32,
      "aw_eval_per_z_seconds": 0.038278272125,
      "aw_eval_seconds": 1.224904708,
      "aw_fft_seconds": 7.383299999919046e-05,
      "aw_full_seconds": null,
      "aw_inversion_seconds": {
        "median": 0.00023187499999988148,
        "samples": [
          0.00023187499999988148
        ]
      },
      "aw_setup_seconds": 0.04050462500000007,
      "defects": 754,
      "exact_seconds": {
        "median": 0.08047525000000011,
        "samples": [
          0.08047525000000011
        ]
      },
      "m": 8192,
      "p_abs": 0.9999997657005114,
      "t_max": 2000
    },
    "S0": {
      "aw_estimated_total_seconds": 1.1278520000007646,
      "aw_eval_nz": 32,
      "aw_eval_per_z_seconds": 3.42460937500233e-05,
      "aw_eval_seconds": 0.0010958750000007456,
      "aw_fft_seconds": 0.00031175000000160935,
      "aw_full_seconds": {
        "median": 1.4361825830000008,
        "samples": [
          1.4361825830000008
        ]
      },
      "aw_inversion_seconds": {
        "median": 0.0009732090000014182,
        "samples": [
          0.0009732090000014182
        ]
      },
      "aw_setup_seconds": 0.005364249999999515,
      "defects": 9,
      "exact_seconds": {
        "median": 0.05609400000000164,
        "samples": [
          0.05609400000000164
        ]
      },
      "m": 32768,
      "p_abs": 0.9999475915911631,
      "t_max": 5000
    }
  },
  "meta": {
    "aw_nz": 32,
    "aw_oversample": 4,
    "aw_repeats": 1,
    "aw_rpow10": 12.0,
    "exact_repeats": 1,
    "numpy": "2.0.2",
    "platform": "macOS-15.7.2-arm64-arm-64bit",
    "python": "3.9.6",
    "thread_env": {
      "MKL_NUM_THREADS": "1",
      "OMP_NUM_THREADS": "1",
      "OPENBLAS_NUM_THREADS": "1"
    },
    "timestamp": "2026-01-20 17:26:00"
  }
}