{
  "absorption_prob": 0.9999999999990307,
  "aw": {
    "errors": {
      "l1": 1.4065028223372358e-14,
      "linf": 1.5368260855865135e-16,
      "rel_l1": 1.406502822338599e-14
    },
    "params": {
      "m": 8192,
      "oversample": 4,
      "r": 0.9966327545472072,
      "r_pow10": 12.0
    }
  },
  "case_id": "R5",
  "mc": {
    "fast_fraction": 0.3210666666666666,
    "n_walkers": 30000,
    "slow_fraction": 0.6789333333333334,
    "truncated_fraction": 0.0
  },
  "metrics": {
    "gap": 288,
    "h1": 0.006426593343028234,
    "h2": 0.0028986351897169094,
    "h2_over_h1": 0.45103759254682546,
    "hv": 0.00010113669649021038,
    "min_gap": 20,
    "min_sep": 5,
    "peak_ratio": 0.45103759254682546,
    "smooth_window": 9,
    "t_p1": 136,
    "t_p2": 424,
    "t_v": 269,
    "valley_depth": 0.9651088564545828,
    "valley_ratio": 0.034891143545417225
  },
  "name": "rotated variant (vertical shortcut)",
  "params": {
    "N": 60,
    "g_x": 0.0,
    "g_y": -0.2,
    "q": 0.8,
    "start": [
      30,
      50
    ],
    "target": [
      30,
      10
    ]
  }
}