{
  "absorption_prob": 0.999241931313639,
  "aw": {
    "errors": {
      "l1": 3.0830508399648657e-14,
      "linf": 9.222018273671992e-17,
      "rel_l1": 3.0853897773402855e-14
    },
    "params": {
      "m": 32768,
      "oversample": 4,
      "r": 0.9991571235744863,
      "r_pow10": 12.0
    }
  },
  "case_id": "S1",
  "mc": {
    "fast_fraction": 0.1265333333333334,
    "n_walkers": 30000,
    "slow_fraction": 0.8734666666666666,
    "truncated_fraction": 0.0007333333333333333
  },
  "metrics": {
    "gap": 316,
    "h1": 0.0025330313113089715,
    "h2": 0.003954756229215962,
    "h2_over_h1": 1.5612741190997355,
    "hv": 9.291545870878795e-05,
    "min_gap": 20,
    "min_sep": 5,
    "peak_ratio": 0.6405025150718707,
    "smooth_window": 9,
    "t_p1": 47,
    "t_p2": 363,
    "t_v": 240,
    "valley_depth": 0.9633184721033816,
    "valley_ratio": 0.03668152789661841
  },
  "name": "soft two tracks without barriers (turn at y=1)",
  "params": {
    "N": 60,
    "g_x": 0.0,
    "g_y": 0.0,
    "q": 0.8,
    "start": [
      10,
      30
    ],
    "target": [
      50,
      30
    ]
  }
}