{
  "absorption_prob": 0.9988593647161818,
  "aw": {
    "errors": {
      "l1": 2.2083299440885274e-14,
      "linf": 6.317796407421172e-17,
      "rel_l1": 2.210851719567156e-14
    },
    "params": {
      "m": 32768,
      "oversample": 4,
      "r": 0.9991571235744863,
      "r_pow10": 12.0
    }
  },
  "case_id": "S2",
  "mc": {
    "fast_fraction": 0.17059999999999997,
    "n_walkers": 30000,
    "slow_fraction": 0.8294,
    "truncated_fraction": 0.0010333333333333334
  },
  "metrics": {
    "gap": 414,
    "h1": 0.0031347536064217103,
    "h2": 0.0020285577850061836,
    "h2_over_h1": 0.6471187339415049,
    "hv": 0.00012472796769711527,
    "min_gap": 20,
    "min_sep": 5,
    "peak_ratio": 0.6471187339415049,
    "smooth_window": 9,
    "t_p1": 48,
    "t_p2": 462,
    "t_v": 274,
    "valley_depth": 0.9385139685844665,
    "valley_ratio": 0.06148603141553351
  },
  "name": "soft two tracks without barriers (turn at y=10)",
  "params": {
    "N": 60,
    "g_x": 0.0,
    "g_y": 0.0,
    "q": 0.8,
    "start": [
      10,
      30
    ],
    "target": [
      50,
      30
    ]
  }
}