t,f_total,k_0,k_1,k_2,k_3,k_4,k_5,k_6
1,0.0000000000000000e+00,0.0000000000000000e+00,0.0000000000000000e+00,0.0000000000000000e+00,0.0000000000000000e+00,0.0000000000000000e+00,0.0000000000000000e+00,0.0000000000000000e+00
2,7.4104938271604909e-04,0.0000000000000000e+00,0.0000000000000000e+00,0.0000000000000000e+00,7.4104938271604909e-04,0.0000000000000000e+00,0.0000000000000000e+00,0.0000000000000000e+00
3,5.4343621399176945e-03,0.0000000000000000e+00,0.0000000000000000e+00,2.6537801783264739e-03,2.4240548696844986e-03,3.5652709190672153e-04,0.0000000000000000e+00,0.0000000000000000e+00
4,1.0926946517108672e-02,0.0000000000000000e+00,1.2535918426116442e-03,4.9160886694101496e-03,3.8546763195397042e-03,8.5511060585276625e-04,4.7479079694406338e-05,0.0000000000000000e+00
5,1.5076228353068056e-02,1.6718512350399661e-04,2.4032667999212519e-03,6.1882751765026719e-03,4.7989978413504565e-03,1.3656998527159648e-03,1.4737385619284407e-04,5.4297028808701232e-06
6,1.7912942307358452e-02,4.6334118769058446e-04,3.1978257582829829e-03,6.7498756034456838e-03,5.3576891525439043e-03,1.8345500317191502e-03,2.8974422810278881e-04,1.9916345573359002e-05
7,1.9821373000967007e-02,8.0281687258135920e-04,3.7102517195513659e-03,6.9102796067429910e-03,5.6567281365916188e-03,2.2391311510669911e-03,4.5839390680511708e-04,4.3771607627565069e-05
8,2.1102391501220046e-02,1.1257889622443365e-03,4.0375392081765720e-03,6.8670391430111230e-03,5.7880883086241369e-03,2.5720808259999477e-03,6.3684625943986526e-04,7.5008793724065881e-05
9,2.1947777624681052e-02,1.4038538047591066e-03,4.2463265751536234e-03,6.7285656351421252e-03,5.8121782917619769e-03,2.8346243360604512e-03,8.1154173268169183e-04,1.1068724912207440e-04
10,2.2477293340229590e-02,1.6288573047643768e-03,4.3766517748352052e-03,6.5503498253250362e-03,5.7679539766292420e-03,3.0327280934286183e-03,9.7288244031262208e-04,1.4786992493449246e-04
11,2.2768779712987144e-02,1.8028508126809980e-03,4.4521716402030065e-03,6.3594050249713551e-03,5.6806351197102173e-03,3.1745434626507547e-03,1.1150475732362012e-03,1.8412607953460791e-04
12,2.2875917972818464e-02,1.9320079562801188e-03,4.4873803468458949e-03,6.1681246648586504e-03,5.5666478659212194e-03,3.2687755289094876e-03,1.2352789201541723e-03,2.1770268984892200e-04
13,2.2837919688817609e-02,2.0235209706737983e-03,4.4917400387803914e-03,5.9816484110525973e-03,5.4367189985382964e-03,3.3237407396749124e-03,1.3330471144041404e-03,2.4750341569347367e-04
14,2.2684777876875811e-02,2.0842181498843394e-03,4.4718829211616894e-03,5.8016583606021544e-03,5.2978442575584428e-03,3.3468980959247717e-03,1.4092978005378351e-03,2.7297829120657925e-04
15,2.2440194611630149e-02,2.1200586120875531e-03,4.4327613696771928e-03,5.6282927233035438e-03,5.1545660293320743e-03,3.3446775058038011e-03,1.4658507007299505e-03,2.9398767069603257e-04
16,2.2123298707492633e-02,2.1360341488696030e-03,4.3782537361424347e-03,5.4610857345741125e-03,5.0098141249712664e-03,3.3224778947576407e-03,1.5049591472846094e-03,3.1067392089296678e-04
17,2.1749721993624647e-02,2.1362396099902756e-03,4.3114942110229889e-03,5.2994103354574032e-03,4.8654622567069804e-03,3.2847515013522078e-03,1.5290089619383715e-03,3.2335511715641965e-04
18,2.1332323638213108e-02,2.1239989014801468e-03,4.2350630928081221e-03,5.1426708511111922e-03,4.7226962480016593e-03,3.2351236891701271e-03,1.5403267457530798e-03,3.3244410988878193e-04
19,2.0881711518172971e-02,2.1019970571527031e-03,4.1511054874113678e-03,4.9903731543297653e-03,4.5822566534125470e-03,3.1765198161422671e-03,1.5410684105292987e-03,3.3839093919502263e-04
20,2.0406638903640438e-02,2.0723991731490402e-03,4.0614121270594761e-03,4.8421375432573651e-03,4.4445975883445898e-03,3.1112846221245769e-03,1.5331633979195041e-03,3.4164445178588377e-04
21,1.9914318824860409e-02,2.0369507327720944e-03,3.9674790063063230e-03,4.6976872271438661e-03,4.3099898998961760e-03,3.0412877977793891e-03,1.5182955594587708e-03,3.4262860150379131e-04
22,1.9410680049444372e-02,1.9970595962959361e-03,3.8705541959722948e-03,4.5568285573236713e-03,4.1785876222932370e-03,2.9680139403438464e-03,1.4979067713733847e-03,3.4172936584199904e-04
23,1.8900578983668738e-02,1.9538619870353682e-03,3.7716761269488636e-03,4.4194305168627109e-03,4.0504704174454146e-03,2.8926374277453990e-03,1.4732135463096487e-03,3.3928896132133502e-04
24,1.8387976693747667e-02,1.9082752496284918e-03,3.6717056547618436e-03,4.2854066119229752e-03,3.9256704548931874e-03,2.8160837895083255e-03,1.4452301124817549e-03,3.3560482055109027e-04
25,1.7876087432214673e-02,1.8610399621208581e-03,3.5713532488306676e-03,4.1547001582249877e-03,3.8041893103371639e-03,2.7390794990642298e-03,1.4147937716335384e-03,3.3093148200322641e-04
26,1.7367503434697677e-02,1.8127535866523904e-03,3.4712021721400102e-03,4.0272729571213771e-03,3.6860085296276657e-03,2.6621920990690462e-03,1.3825899902232255e-03,3.2548409986396114e-04
27,1.6864299752404530e-02,1.7638974276312728e-03,3.3717282722489257e-03,3.9030969433907913e-03,3.5710962177741687e-03,2.5858623932212364e-03,1.3491757920694250e-03,3.1944270606871150e-04
28,1.6368122213448064e-02,1.7148582987164920e-03,3.2733168702424181e-03,3.7821482639183116e-03,3.4594111630157445e-03,2.5104302003908503e-03,1.3150007498158932e-03,3.1295666734835472e-04
29,1.5880261113024867e-02,1.6659459977966965e-03,3.1762771519223010e-03,3.6644032579647998e-03,3.3509054509341194e-03,2.4361549237168823e-03,1.2804253312291743e-03,3.0614899946089351e-04
30,1.5401712843285289e-02,1.6174074494152780e-03,3.0808544079563936e-03,3.5498358763161467e-03,3.2455261646910745e-03,2.3632319639488287e-03,1.2457366303853640e-03,2.9912035057220077e-04
31,1.4933231350768138e-02,1.5694381871337788e-03,2.9872404244537447e-03,3.4384161588858933e-03,3.1432165379807991e-03,2.2918058123308359e-03,1.2111616654053457e-03,2.9195256457774019e-04
32,1.4475371033486749e-02,1.5221917036128743e-03,2.8955822870624383e-03,3.3301094700096696e-03,3.0439167823272085e-03,2.2219804953820229e-03,1.1768784972913946e-03,2.8471179780114046e-04
33,1.4028522451194146e-02,1.4757870843659859e-03,2.8059898279016319e-03,3.2248762602523138e-03,2.9475647200484668e-03,2.1538279098690639e-03,1.1430254485828297e-03,2.7745120017385477e-04
34,1.3592942015322114e-02,1.4303152545779186e-03,2.7185419145036816e-03,3.1226721809808709e-03,2.8540962988547877e-03,2.0873944774538211e-03,1.1097086960451812e-03,2.7021319290585220e-04
35,1.3168776645766040e-02,1.3858441011186126e-03,2.6332917530524037e-03,3.0234484236899319e-03,2.7634460307744404e-03,2.0227064609566222e-03,1.0770084915220032e-03,2.6303138465202534e-04
36,1.2756084227054505e-02,1.3424226793598254e-03,2.5502713543332084e-03,2.9271521915770820e-03,2.6755473785958221e-03,1.9597742141569761e-03,1.0449842377013813e-03,2.5593217133020984e-04
37,1.2354850563812969e-02,1.3000846731673810e-03,2.4694952897672713e-03,2.8337272379134275e-03,2.5903331019450368e-03,1.8985955812623001e-03,1.0136786159420203e-03,2.4893606381553234e-04
38,1.1965003422290840e-02,1.2588512438880333e-03,2.3909638464803913e-03,2.7431144260262183e-03,2.5077355691193555e-03,1.8391586178259504e-03,9.8312093440011575e-04,2.4205878455077655e-04
39,1.1586424148696919e-02,1.2187333783106030e-03,2.3146656743344711e-03,2.6552522806849868e-03,2.4276870377635479e-03,1.7814437696906495e-03,9.5332983806178419e-04,2.3531216985087739e-04
40,1.1218957273960519e-02,1.1797338249654281e-03,2.2405800039912104e-03,2.5700775115861585e-03,2.3501199061155623e-03,1.7254256186057021e-03,9.2431549862325726e-04,2.2870491007320000e-04
41,1.0862418446263917e-02,1.1418486915994084e-03,2.1686785031483171e-03,2.4875254974497350e-03,2.2749669360814791e-03,1.6710742810156676e-03,8.9608138166230990e-04,2.2224315530700023e-04
42,1.0516600975431266e-02,1.1050687633568882e-03,2.0989268278607406e-03,2.4075307247502491e-03,2.2021614493699790e-03,1.6183565289459821e-03,8.6862567110463382e-04,2.1593101004279392e-04
43,1.0181281225367548e-02,1.0693805904393259e-03,2.0312859171196180e-03,2.3300271789018167e-03,2.1316374980650198e-03,1.5672366879645088e-03,8.4194241634939510e-04,2.0977093652786391e-04
44,9.8562230507771055e-03,1.0347673852893560e-03,1.9657130714139091e-03,2.2549486882612207e-03,2.0633300112034175e-03,1.5176773561217396e-03,8.1602245525401831e-04,2.0376408323344539e-04
45,9.5411814411034135e-03,1.0012097622416553e-03,1.9021628496675930e-03,2.1822292229492011e-03,1.9971749190839691e-03,1.4696399789684573e-03,7.9085415614981911e-04,1.9791055204271821e-04
46,9.2359055069444265e-03,9.6868634678507772e-04,1.8405878135719621e-03,2.1118031514772979e-03,1.9331092571394427e-03,1.4230853087453680e-03,7.6642401384277407e-04,1.9220961538250642e-04
47,8.9401409211942191e-03,9.3717427683593355e-04,1.7809391437800194e-03,2.0436054586979225e-03,1.8710712512470605e-03,1.3779737702609481e-03,7.4271712785237490e-04,1.8665989251996198e-04
48,8.6536319080642438e-03,9.0664961453082850e-04,1.7231671485779909e-03,1.9775719288103464e-03,1.8110003863427075e-03,1.3342657515262543e-03,7.1971758569672455e-04,1.8125949257939431e-04
49,8.3761228572923844e-03,8.7708768384934849e-04,1.6672216823933551e-03,1.9136392971582671e-03,1.7528374601493064e-03,1.2919218336653977e-03,6.9740876962086416e-04,1.7600613045584487e-04
50,8.1073596277050214e-03,8.4846334674384158e-04,1.6130524887497776e-03,1.8517453744202159e-03,1.6965246237419167e-03,1.2509029717831985e-03,6.7577360159939341e-04,1.7089722066667752e-04
51,7.8470905933982985e-03,8.2075122828233942e-04,1.5606094799599985e-03,1.7918291465756544e-03,1.6420054105617391e-03,1.2111706362012168e-03,6.5479473856651556e-04,1.6592995325083459e-04
52,7.5950674767660785e-03,7.9392589951776790e-04,1.5098429638921611e-03,1.7338308537647340e-03,1.5892247553673307e-03,1.1726869216542827e-03,6.3445472750672024e-04,1.6110135506308272e-04
53,7.3510460051060614e-03,7.6796202531427050e-04,1.4607038264972572e-03,1.6776920508743346e-03,1.5381290044812130e-03,1.1354146305801716e-03,6.1473612817069720e-04,1.5640833918811628e-04
54,7.1147864213173054e-03,7.4283448313457374e-04,1.4131436773975447e-03,1.6233556523947894e-03,1.4886659185592442e-03,1.0993173354625183e-03,5.9562160967669602e-04,1.5184774469193972e-04
55,6.8860538740430710e-03,7.1851845777585154e-04,1.3671149646674499e-03,1.5707659638120278e-03,1.4407846689826107e-03,1.0643594242437198e-03,5.7709402604666081e-04,1.4741636851475003e-04
56,6.6646187083305207e-03,6.9498951619870403e-04,1.3225710639553022e-03,1.5198687015358602e-03,1.3944358288509179e-03,1.0305061320645820e-03,5.5913647475181220e-04,1.4311099097334177e-04
57,6.4502566743233590e-03,6.7222366589444668e-04,1.2794663462671735e-03,1.4706110031208444e-03,1.3495713594412783e-03,9.9772356197430981e-04,5.4173234155765928e-04,1.3892839606764686e-04
58,6.2427490685500568e-03,6.5019739965514072e-04,1.2377562280385503e-03,1.4229414293134516e-03,1.3061445928936662e-03,9.6597869675904698e-04,5.2486533432647136e-04,1.3486538756373015e-04
59,6.0418828199162097e-03,6.2888772912824558e-04,1.1973972065347812e-03,1.3768099592585718e-03,1.2641102117873725e-03,9.3523940363638000e-04,5.0851950792602137e-04,1.3091880164483653e-04
60,5.8474505304693834e-03,6.0827220913665079e-04,1.1583468831297232e-03,1.3321679800192558e-03,1.2234242261873014e-03,9.0547443323846601e-04,4.9267928198284679e-04,1.2708551677513872e-04
61,5.6592504793080978e-03,5.8832895441123401e-04,1.1205639765989662e-03,1.2889682714048339e-03,1.1840439486617282e-03,8.7665341404297896e-04,4.7732945288703308e-04,1.2336246130132485e-04
62,5.4770865965947978e-03,5.6903665010553774e-04,1.0840083282169679e-03,1.2471649869627934e-03,1.1459279677045293e-03,8.4874684319698082e-04,4.6245520118805500e-04,1.1974661921993317e-04
63,5.3007684134576153e-03,5.5037455723115311e-04,1.0486409001559430e-03,1.2067136318673374e-03,1.1090361199342287e-03,8.2172607450467061e-04,4.4804209530507888e-04,1.1623503445920425e-04
64,5.1301109925873554e-03,5.3232251396009129e-04,1.0144237684395166e-03,1.1675710383307846e-03,1.0733294613888020e-03,7.9556330420806293e-04,4.3407609230031857e-04,1.1282481395977879e-04
65,4.9649348435209240e-03,5.1486093358027690e-04,9.8132011149858374e-04,1.1296953390711722e-03,1.0387702381883797e-03,7.7023155507391404e-04,4.2054353632252855e-04,1.0951312978606890e-04
66,4.8050658259234649e-03,4.9797079975692749e-04,9.4929419520423358e-04,1.0930459392890950e-03,1.0053218567971345e-03,7.4570465920567391e-04,4.0743115521306515e-04,1.0629722045733591e-04
67,4.6503350436152479e-03,4.8163365964147634e-04,9.1831135510772220e-04,1.0575834875374351e-03,9.7294885408009144e-04,7.2195723992194815e-04,3.9472605567396845e-04,1.0317439165260606e-04
68,4.5005787316174644e-03,4.6583161527713793e-04,8.8833797649591245e-04,1.0232698458078639e-03,9.4161686731974699e-04,6.9896469297966947e-04,3.8241571732205358e-04,1.0014201641507952e-04
69,4.3556381380975067e-03,4.5054731367310174e-04,8.5934147276857831e-04,9.9006805910666117e-04,9.1129260433071022e-04,6.7670316736832001e-04,3.7048798589169442e-04,9.7197534958440621e-05
70,4.2153594027660177e-03,4.3576393585508910e-04,8.3129026255841093e-04,9.5794232474833395e-04,8.8194381378753524e-04,6.5514954585900714e-04,3.5893106579914857e-04,9.4338454158492569e-05
71,4.0795934330042040e-03,4.2146518514648272e-04,8.0415374594278817e-04,9.2685796155782317e-04,8.5353925586109051e-04,6.3428142545727119e-04,3.4773351224071878e-04,9.1562346798029721e-05
72,3.9481957787715020e-03,4.0763527488964479e-04,7.7790228003620269e-04,8.9678137913985691e-04,8.2604867324176845e-04,6.1407709787980472e-04,3.3688422296403837e-04,8.8866850620186321e-05
73,3.8210265071531380e-03,3.9425891577989737e-04,7.5250715420180337e-04,8.6768004734652537e-04,7.9944276261322629e-04,5.9451553015167559e-04,3.2637242982487080e-04,8.6249667235139272e-05
74,3.6979500772482566e-03,3.8132130295370862e-04,7.2794056507825421e-04,8.3952246605073521e-04,7.7369314662785352e-04,5.7557634540123697e-04,3.1618769021989491e-04,8.3708560916573408e-05
75,3.5788352159667647e-03,3.6880810294687616e-04,7.0417559158271210e-04,8.1227813531328102e-04,7.4877234642448619e-04,5.5723980391394145e-04,3.0631987846807421e-04,8.1241357317393762e-05
76,3.4635547951926151e-03,3.5670544061706635e-04,6.8118617002110805e-04,7.8591752601437487e-04,7.2465375471979265e-04,5.3948678449313706e-04,2.9675917719862790e-04,7.8845942128508313e-05
77,3.3519857106792403e-03,3.4499988610724300e-04,6.5894706941211820e-04,7.6041205100612567e-04,7.0131160949703101e-04,5.2229876616510936e-04,2.8749606879173342e-04,7.6520259699879839e-05
78,3.2440087629662371e-03,3.3367844191169497e-04,6.3743386711049600e-04,7.3573403683033494e-04,6.7872096830931777e-04,5.0565781025674284e-04,2.7852132690838556e-04,7.4262311639264621e-05
79,3.1395085405426688e-03,3.2272853009405767e-04,6.1662292479811606e-04,7.1185669603573021e-04,6.5685768320900690e-04,4.8954654286685877e-04,2.6982600813792927e-04,7.2070155400970391e-05
80,3.0383733054294162e-03,3.1213797969650110e-04,5.9649136489663634e-04,6.8875410012010749e-04,6.3569837631010241e-04,4.7394813774628863e-04,2.6140144378533322e-04,6.9941902874446648e-05
81,2.9404948813090042e-03,3.0189501437078066e-04,5.7701704744363516e-04,6.6640115311559318e-04,6.1522041598669765e-04,4.5884629959681150e-04,2.5323923181501872e-04,6.7875718980466875e-05
82,2.8457685442949878e-03,2.9198824025482154e-04,5.5817854746405358e-04,6.4477356582913351e-04,5.9540189370714666e-04,4.4422524779505869e-04,2.4533122896378380e-04,6.5869820280989891e-05
83,2.7540929164027953e-03,2.8240663411270578e-04,5.3995513286043658e-04,6.2384783074521716e-04,5.7622160150092808e-04,4.3006970054419388e-04,2.3766954303188739e-04,6.3922473607426554e-05
84,2.6653698617591336e-03,2.7313953175112923e-04,5.2232674283855059e-04,6.0360119759358120e-04,5.5765901005289510e-04,4.1636485945349981e-04,2.3024652535854335e-04,6.2031994710933931e-05
85,2.5795043855666075e-03,2.6417661672145144e-04,5.0527396687923237e-04,5.8401164958111476e-04,5.3969424741772570e-04,4.0309639454383069e-04,2.2305476348579006e-04,6.0196746937462779e-05
86,2.4964045358234930e-03,2.5550790931321037e-04,4.8877802426259827e-04,5.6505788028425564e-04,5.2230807834586362e-04,3.9025042967514022e-04,2.1608707401286409e-04,5.8415139929561084e-05
87,2.4159813077849110e-03,2.4712375584231688e-04,4.7282074414685941e-04,5.4671927119576776e-04,5.0548188421099924e-04,3.7781352839089030e-04,2.0933649564172549e-04,5.6685628356351885e-05
88,2.3381485511406262e-03,2.3901481823497236e-04,4.5738454620079951e-04,5.2897586991783264e-04,4.8919764352815180e-04,3.6577268017303524e-04,2.0279628241319931e-04,5.5006710672634939e-05
89,2.2628228798757450e-03,2.3117206390658849e-04,4.4245242178638400e-04,5.1180836899179512e-04,4.7343791305063450e-04,3.5411528710040075e-04,1.9645989713225619e-04,5.3376927907686247e-05
90,2.1899235847734943e-03,2.2358675593356326e-04,4.2800791568585852e-04,4.9519808535363515e-04,4.5818580943358971e-04,3.4282915090260466e-04,1.9032100498021288e-04,5.1794862484030470e-05
91,2.1193725485136334e-03,2.1625044351462493e-04,4.1403510836601369e-04,4.7912694040323615e-04,4.4342499145133102e-04,3.3190246040115152e-04,1.8437346731105153e-04,5.0259137066224589e-05
92,2.0510941633157184e-03,2.0915495271754556e-04,4.0051859877093902e-04,4.6357744067473836e-04,4.2913964275541604e-04,3.2132377932896382e-04,1.7861133562861075e-04,4.8768413439505306e-05
93,1.9850152510731160e-03,2.0229237750631255e-04,3.8744348763354228e-04,4.4853265909468581e-04,4.1531445516016364e-04,3.1108203451934459e-04,1.7302884574105963e-04,4.7321391418007791e-05
94,1.9210649859212037e-03,1.9565507104329046e-04,3.7479536129528430e-04,4.3397621681424286e-04,4.0193461244221462e-04,3.0116650445520147e-04,1.6762041208881801e-04,4.5916807782152256e-05
95,1.8591748191815077e-03,1.8923563726048977e-04,3.6256027602297363e-04,4.1989226560147061e-04,3.8898577464069496e-04,2.9156680816926371e-04,1.6238062224190454e-04,4.4553435244710124e-05
96,1.7992784066223639e-03,1.8302692269374593e-04,3.5072474281100792e-04,4.0626547077947156e-04,3.7645406284456584e-04,2.8227289448599696e-04,1.5730423156257612e-04,4.3230081444999580e-05
97,1.7413115379760968e-03,1.7702200857339580e-04,3.3927571265714585e-04,3.9308099469613088e-04,3.6432604445382581e-04,2.7327503159593644e-04,1.5238615802904727e-04,4.1945587970614693e-05
98,1.6852120686524422e-03,1.7121420316489484e-04,3.2820056229969401e-04,3.8032448071117342e-04,3.5258871890135081e-04,2.6456379695322281e-04,1.4762147721604456e-04,4.0698829406061744e-05
99,1.6309198535880975e-03,1.6559703435273652e-04,3.1748708040389478e-04,3.6798203768632063e-04,3.4122950382232318e-04,2.5613006748721973e-04,1.4300541742794665e-04,3.9488712407656242e-05
100,1.5783766831726231e-03,1.6016424246100369e-04,3.0712345418527752e-04,3.5604022496444194e-04,3.3023622165838335e-04,2.4796501011921292e-04,1.3853335498028067e-04,3.8314174804023306e-05
101,1.5275262211915492e-03,1.5490977330389109e-04,2.9709825645777958e-04,3.4448603782375598e-04,3.1959708668386193e-04,2.4006007257533515e-04,1.3420080962538541e-04,3.7174184721540059e-05
102,1.4783139447283114e-03,1.4982777145958185e-04,2.8740043309453500e-04,3.3330689339333057e-04,3.0930069244167505e-04,2.3240697448702100e-04,1.3000344011810796e-04,3.6067739734059989e-05
103,1.4306870859675691e-03,1.4491257376092817e-04,2.7801929088936729e-04,3.2249061701635352e-04,2.9933599957672095e-04,2.2499769877046811e-04,1.2593703991746610e-04,3.4993866036264988e-05
104,1.3845945758434901e-03,1.4015870299647894e-04,2.6894448580719148e-04,3.1202542904789439e-04,2.8969232405487341e-04,2.1782448327676681e-04,1.2199753302028567e-04,3.3951617639999428e-05
105,1.3399869894777138e-03,1.3556086181550325e-04,2.6016601161173083e-04,3.0189993207413999e-04,2.8035932575593676e-04,2.1087981270454618e-04,1.1818096992290497e-04,3.2940075592951962e-05
106,1.2968164933528955e-03,1.3111392683077999e-04,2.5167418885916812e-04,2.9210309854036678e-04,2.7132699742920603e-04,2.0415641076718477e-04,1.1448352370712633e-04,3.1958347219063602e-05
107,1.2550367941689649e-03,1.2681294291305324e-04,2.4345965424659149e-04,2.8262425877520134e-04,2.6258565400055019e-04,1.9764723260682815e-04,1.1090148624668574e-04,3.1005565380054757e-05
108,1.2146030893305118e-03,1.2265311767119280e-04,2.3551335030433813e-04,2.7345308939901656e-04,2.5412592222022180e-04,1.9134545744765765e-04,1.0743126453060579e-04,3.0080887757479105e-05
109,1.1754720190150026e-03,1.1862981611224012e-04,2.2782651542159851e-04,2.6457960210461278e-04,2.4593873064087703e-04,1.8524448148105508e-04,1.0406937709989173e-04,2.9183496154727371e-05
110,1.1376016197728314e-03,1.1473855547566916e-04,2.2039067419490354e-04,2.5599413279863564e-04,2.3801529991557111e-04,1.7933791097550619e-04,1.0081245059412536e-04,2.8312595818420063e-05
111,1.1009512796115262e-03,1.1097500023633863e-04,2.1319762808938669e-04,2.4768733109248829e-04,2.3034713340577487e-04,1.7361955560428637e-04,9.7657216404607386e-05,2.7467414778643913e-05
112,1.0654816945177318e-03,1.0733495727076316e-04,2.0623944640297688e-04,2.3965015013179848e-04,2.2292600808973307e-04,1.6808342198416530e-04,9.4600507430792340e-05,2.6647203207502526e-05
113,1.0311548263718824e-03,1.0381437118148100e-04,1.9950845752394984e-04,2.3187383675380468e-04,2.1574396576176191e-04,1.6272370741856349e-04,9.1639254936854350e-05,2.5851232795467223e-05
114,9.9793386221176997e-04,1.0040931977444369e-04,1.9299724047253095e-04,2.2434992196232218e-04,2.0879330451334903e-04,1.5753479383878147e-04,8.8770485505313285e-05,2.5078796145029137e-05
115,9.6578317480246645e-04,9.7116009684502586e-05,1.8669861671750688e-04,2.1707021171024843e-04,2.0206657048718737e-04,1.5251124193711133e-04,8.5991318084741188e-05,2.4329206181168822e-05
116,9.3466828447131948e-04,9.3930772144211759e-05,1.8060564225906613e-04,2.1002677797985630e-04,1.9555654989553224e-04,1.4764778548582161e-04,8.3298961128657891e-05,2.3601795578173632e-05
117,9.0455582216794064e-04,9.0850058891310894e-05,1.7471159996934667e-04,2.0321195015141066e-04,1.8925626129452796e-04,1.4293932583618688e-04,8.0690709822809961e-05,2.2895916202347636e-05
118,8.7541349371032893e-04,8.7870438210392517e-05,1.6900999218242091e-04,1.9661830665092494e-04,1.8315894810639756e-04,1.3838092659190779e-04,7.8163943398113064e-05,2.2210938570172027e-05
119,8.4721004517942437e-04,8.4988591104395920e-05,1.6349453352569888e-04,1.9023866686814850e-04,1.7725807138163573e-04,1.3396780845143901e-04,7.5716122526618834e-05,2.1546251321487581e-05
120,8.1991522942554448e-04,8.2201307591705559e-05,1.5815914398497293e-04,1.8406608333614629e-04,1.7154730279358047e-04,1.2969534421390834e-04,7.3344786797948036e-05,2.0901260707282980e-05
121,7.9349977365126482e-04,7.9505483124762789e-05,1.5299794219556599e-04,1.7809383416409375e-04,1.6602051785797413e-04,1.2555905394347260e-04,7.1047552273710012e-05,2.0275390091685572e-05
122,7.6793534803640501e-04,7.6898115126229033e-05,1.4800523895227758e-04,1.7231541571516784e-04,1.6067178937034877e-04,1.2155460028711556e-04,6.8822109117503552e-05,1.9668079467762654e-05
123,7.4319453537183787e-04,7.4376299638863479e-05,1.4317553093104991e-04,1.6672453552166503e-04,1.5549538105429290e-04,1.1767778394104468e-04,6.6666219298168751e-05,1.9078784986753035e-05
124,7.1925080166987073e-04,7.1937228085400284e-05,1.3850349461549594e-04,1.6131510542971984e-04,1.5048574141387014e-04,1.1392453926099487e-04,6.4577714364030158e-05,1.8506978500359537e-05
125,6.9607846771996371e-04,6.9578184134828753e-05,1.3398398042164782e-04,1.5608123496623801e-04,1.4563749778367108e-04,1.1029093001189225e-04,6.2554493285941822e-05,1.7952147115743924e-05
126,6.7365268155951310e-04,6.7296540671595156e-05,1.2961200701449338e-04,1.5101722492088515e-04,1.4094545057018049e-04,1.0677314525247186e-04,6.0594520367011291e-05,1.7413792762875851e-05
127,6.5194939183039471e-04,6.5089756864357008e-05,1.2538275581007113e-04,1.4611756113620057e-04,1.3640456767834163e-04,1.0336749535058098e-04,5.8695823216945735e-05,1.6891431773897528e-05
128,6.3094532199286818e-04,6.2955375331028514e-05,1.2129156565709400e-04,1.4137690849912120e-04,1.3200997911738999e-04,1.0007040812503261e-04,5.6856490789026436e-05,1.6384594474175291e-05
129,6.1061794536935445e-04,6.0891019396961898e-05,1.1733392769226227e-04,1.3679010512741439e-04,1.2775697178021503e-04,9.6878425110003151e-05,5.5074671477779089e-05,1.5892824784718577e-05
130,5.9094546099145633e-04,5.8894390443211368e-05,1.1350548036361392e-04,1.3235215674472386e-04,1.2364098439069046e-04,9.3788197938093329e-05,5.3348571275467617e-05,1.5415679835655765e-05
131,5.7190677022444147e-04,5.6963265341924969e-05,1.0980200461644155e-04,1.2805823123813252e-04,1.1965760261358747e-04,9.0796484838293770e-05,5.1676451985596138e-05,1.4952729590464973e-05
132,5.5348145414422600e-04,5.5095493976006306e-05,1.0621941923648053e-04,1.2390365339234096e-04,1.1580255432185746e-04,8.7900147245214010e-05,5.0056629491660441e-05,1.4503556480666335e-05
133,5.3564975164268832e-04,5.3288996840280611e-05,1.0275377634524343e-04,1.1988389979474733e-04,1.1207170501623410e-04,8.5096146516048425e-05,4.8487472079444063e-05,1.4067755050690334e-05
134,5.1839253823791095e-04,5.1541762721489970e-05,9.9401257042540836e-05,1.1599459390589815e-04,1.0846105339226658e-04,8.2381540751863842e-05,4.6967398811206931e-05,1.3644931612644657e-05
135,5.0169130556669897e-04,4.9851846454529543e-05,9.6158167191388904e-05,1.1223150128995539e-04,1.0496672705004969e-04,7.9753481719900332e-05,4.5494877950165444e-05,1.3234703910709644e-05
136,4.8552814153744056e-04,4.8217366752421553e-05,9.3020933340659344e-05,1.0859052499999788e-04,1.0158497834206808e-04,7.7209211873681955e-05,4.4068425433712048e-05,1.2836700794899742e-05
137,4.6988571112208046e-04,4.6636504107604928e-05,8.9986098780976985e-05,1.0506770111314038e-04,9.8312180354717546e-05,7.4746061467834409e-05,4.2686603393870666e-05,1.2450561903935512e-05
138,4.5474723776665167e-04,4.5107498762198501e-05,8.7050319729516858e-05,1.0165919441061561e-04,9.5144823019207604e-05,7.2361445764605140e-05,4.1348018723530143e-05,1.2075937356977792e-05
139,4.4009648540047232e-04,4.3628648744971517e-05,8.4210361639492639e-05,9.8361294198120037e-05,9.2079509347686787e-05,7.0052862329175866e-05,4.0051321687043343e-05,1.1712487453982102e-05
140,4.2591774102474731e-04,4.2198307972830084e-05,8.1463095630265563e-05,9.5170410261876038e-05,8.9112951790565101e-05,6.7817888410949670e-05,3.8795204573822689e-05,1.1359882384438175e-05
141,4.1219579786193512e-04,4.0814884414699495e-05,7.8805495034135037e-05,9.2083068956009298e-05,8.6241968711136537e-05,6.5654178408083776e-05,3.7578400393605361e-05,1.1017801944265619e-05
142,3.9891593904783424e-04,3.9476838315752190e-05,7.6234632055999812e-05,8.9095909416982122e-05,8.3463480973729144e-05,6.3559461412625792e-05,3.6399681612102231e-05,1.0685935260642983e-05
143,3.8606392184892496e-04,3.8182680479997981e-05,7.3747674542203056e-05,8.6205679900961193e-05,8.0774508641731255e-05,6.1531538833693922e-05,3.5257858925784140e-05,1.0363980524553499e-05
144,3.7362596238806078e-04,3.6930970609318714e-05,7.1341882854994453e-05,8.3409234240130670e-05,7.8172167781958936e-05,5.9568282096223872e-05,3.4151780074597683e-05,1.0051644730836430e-05
145,3.6158872086214670e-04,3.5720315697091926e-05,6.9014606849158435e-05,8.0703528414091756e-05,7.5653667371943463e-05,5.7667630412882590e-05,3.3080328691439662e-05,9.7486434255388100e-06
146,3.4993928723596820e-04,3.4549368474609437e-05,6.6763282947470234e-05,7.8085617232612686e-05,7.3216306306826947e-05,5.5827588626825429e-05,3.2042423187255776e-05,9.4547004603677223e-06
147,3.3866516739684144e-04,3.3416825908555332e-05,6.4585431311750237e-05,7.5552651126115886e-05,7.0857470502660666e-05,5.4046225123046897e-05,3.1037015670663729e-05,9.1695477540486106e-06
148,3.2775426975524704e-04,3.2321427747865006e-05,6.2478653106392448e-05,7.3101873040404432e-05,6.8574630093003392e-05,5.2321669806146456e-05,3.0063090901034956e-05,8.8929250604003568e-06
149,3.1719489227709241e-04,3.1261955118342033e-05,6.0440627851344534e-05,7.0730615432244346e-05,6.6365336715816707e-05,5.0652112142399712e-05,2.9119665274002110e-05,8.6245797429429314e-06
150,3.0697570993369887e-04,3.0237229163462819e-05,5.8469110861615920e-05,6.8436297362527864e-05,6.4227220887750589e-05,4.9035799264092431e-05,2.8205785838391001e-05,8.3642665558582591e-06
151,2.9708576255606760e-04,2.9246109729850790e-05,5.6561930770485259e-05,6.6216421683849586e-05,6.2157989463006031e-05,4.7471034134139356e-05,2.7320529343606799e-05,8.1117474311297862e-06
152,2.8751444308040239e-04,2.8287494095951523e-05,5.4716987133671620e-05,6.4068572319429801e-05,6.0155423174051711e-05,4.5956173769072785e-05,2.6463001316534041e-05,7.8667912716909299e-06
153,2.7825148617229120e-04,2.7360315742488642e-05,5.2932248111822321e-05,6.1990411630418669e-05,5.8217374251559351e-05,4.4489627518546322e-05,2.5632335167038845e-05,7.6291737504170430e-06
154,2.6928695721735072e-04,2.6463543163326932e-05,5.1205748228757464e-05,5.9979677868710941e-05,5.6341764121007064e-05,4.3069855399558177e-05,2.4827691321190179e-05,7.3986771147999919e-06
155,2.6061124166653298e-04,2.5596178715414267e-05,4.9535586202994179e-05,5.8034182712494515e-05,5.4526581173481925e-05,4.1695366483655529e-05,2.4048256381343751e-05,7.1750899971487722e-06
156,2.5221503472466940e-04,2.4757257506517635e-05,4.7919922850155038e-05,5.6151808881845522e-05,5.2769878608292467e-05,4.0364717335436177e-05,2.3293242312258863e-05,6.9582072301636933e-06
157,2.4408933137120000e-04,2.3945846319510707e-05,4.6356979053943089e-05,5.4330507831770223e-05,5.1069772345078662e-05,3.9076510500717576e-05,2.2561885652443893e-05,6.7478296677358346e-06
158,2.3622541670238574e-04,2.3161042572011347e-05,4.4845033803441696e-05,5.2568297520178282e-05,4.9424439003181212e-05,3.7829393042794878e-05,2.1853446749950953e-05,6.5437640108273543e-06
159,2.2861485658465114e-04,2.2401973310206873e-05,4.3382422294570676e-05,5.0863260248353491e-05,4.7832113946104063e-05,3.6622055125259618e-05,2.1167209021864215e-05,6.3458226382921955e-06
160,2.2124948860903493e-04,2.1667794235743167e-05,4.1967534093601166e-05,4.9213540571567284e-05,4.6291089388973682e-05,3.5453228639899481e-05,2.0502478236749736e-05,6.1538234425003953e-06
161,2.1412141333704943e-04,2.0957688764590625e-05,4.0598811360700034e-05,4.7617343277556251e-05,4.4799712566966365e-05,3.4321685878246084e-05,1.9858581819357089e-05,5.9675896696329673e-06
162,2.0722298582856271e-04,2.0270867116835716e-05,3.9274747131541141e-05,4.6072931430659715e-05,4.3356383962739529e-05,3.3226238245383732e-05,1.9234868176885033e-05,5.7869497645178320e-06
163,2.0054680744261829e-04,1.9606565436381468e-05,3.7993883655084835e-05,4.4578624479484033e-05,4.1959555590966818e-05,3.2165735014675739e-05,1.8630706046144621e-05,5.6117372198807876e-06
164,1.9408571790240108e-04,1.8964044939573632e-05,3.6754810785689151e-05,4.3132796426030227e-05,4.0607729338137714e-05,3.1139062122107759e-05,1.8045483860973695e-05,5.4417904298888790e-06
165,1.8783278761583982e-04,1.8342591091801632e-05,3.5556164427776282e-05,4.1733874054288360e-05,3.9299455355841356e-05,3.0145140998988764e-05,1.7478609139276581e-05,5.2769525478668412e-06
166,1.8178131024361221e-04,1.7741512811154619e-05,3.4396625031335771e-05,4.0380335216366726e-05,3.8033330505812029e-05,2.9182927441790405e-05,1.6929507889082170e-05,5.1170713480705014e-06
167,1.7592479550658193e-04,1.7160141698243269e-05,3.3274916136602473e-05,3.9070707174286947e-05,3.6807996855068843e-05,2.8251410517944085e-05,1.6397624033032180e-05,4.9619990914041536e-06
168,1.7025696222495502e-04,1.6597831291327147e-05,3.2189802966301116e-05,3.7803564995636529e-05,3.5622140219536000e-05,2.7349611506452658e-05,1.5882418850729607e-05,4.8115923949719711e-06
169,1.6477173158169114e-04,1.6053956345915789e-05,3.1140091063902455e-05,3.6577530001329478e-05,3.4474488754582063e-05,2.6476582872209966e-05,1.5383370438394903e-05,4.6657121053564952e-06
170,1.5946322060294489e-04,1.5527912138038947e-05,3.0124624976386400e-05,3.5391268263781883e-05,3.3363811590966665e-05,2.5631407272956468e-05,1.4899973185294401e-05,4.5242231755201372e-06
171,1.5432573584854607e-04,1.5019113790407991e-05,2.9142286980056997e-05,3.4243489153865007e-05,3.2288917514732030e-05,2.4813196597833473e-05,1.4431737266422163e-05,4.3869945452284326e-06
172,1.4935376730575240e-04,1.4526995620715989e-05,2.8191995848001591e-05,3.3132943935051129e-05,3.1248653689623762e-05,2.4021091036531187e-05,1.3978188150932213e-05,4.2538990248965445e-06
173,1.4454198247972584e-04,1.4051010511348707e-05,2.7272705657832541e-05,3.2058424403219040e-05,3.0241904420670636e-05,2.3254258178057893e-05,1.3538866125833831e-05,4.1248131827631941e-06
174,1.3988522067439561e-04,1.3590629299802789e-05,2.6383404638394471e-05,3.1018761570635961e-05,2.9267589957597737e-05,2.2511892138188386e-05,1.3113325834477480e-05,3.9996172352987728e-06
175,1.3537848745757397e-04,1.3145340189130414e-05,2.5523114054163015e-05,3.0012824392680670e-05,2.8324665336789557e-05,2.1793212714679797e-05,1.2701135829373552e-05,3.8781949407569597e-06
176,1.3101694930438924e-04,1.2714648177752217e-05,2.4690887126102696e-05,2.9039518535919502e-05,2.7412119260561246e-05,2.1097464569371713e-05,1.2301878138900259e-05,3.7604334957816014e-06
177,1.2679592841329115e-04,1.2298074508001809e-05,2.3885807987792008e-05,2.8097785186191672e-05,2.6528973012536131e-05,2.0423916436315856e-05,1.1915147847470632e-05,3.6462234349830521e-06
178,1.2271089768906926e-04,1.1895156132786250e-05,2.3106990675662543e-05,2.7186599895404304e-05,2.5674279407966329e-05,1.9771860355107420e-05,1.1540552688741927e-05,3.5354585334004866e-06
179,1.1875747588750342e-04,1.1505445199767011e-05,2.2353578152236834e-05,2.6304971465779623e-05,2.4847121777870693e-05,1.9140610928616767e-05,1.1177712651463522e-05,3.4280357117689904e-06
180,1.1493142291643992e-04,1.1128508552485575e-05,2.1624741361286205e-05,2.5451940870337685e-05,2.4046612985900774e-05,1.8529504604345333e-05,1.0826259597571901e-05,3.3238549445124495e-06
181,1.1122863528825279e-04,1.0763927247876773e-05,2.0919678313864825e-05,2.4626580208437479e-05,2.3271894476880288e-05,1.7937898978654608e-05,1.0485836892153395e-05,3.2228191703854218e-06
182,1.0764514171881420e-04,1.0411296089631216e-05,2.0237613204210709e-05,2.3827991695237577e-05,2.2522135355997815e-05,1.7365172123140580e-05,1.0156099044907027e-05,3.1248342056892854e-06
183,1.0417709886825325e-04,1.0070223176885943e-05,1.9577795554537119e-05,2.3055306683974442e-05,2.1796531497665154e-05,1.6810721932449405e-05,9.8367113627512010e-06,3.0298086599899951e-06
184,1.0082078721893548e-04,9.7403294677395301e-06,1.8939499387769973e-05,2.2307684719992316e-05,2.1094304683085624e-05,1.6273965492852312e-05,9.5273496132289400e-06,2.9376538542667844e-06
185,9.7572607086242273e-05,9.4212483571044134e-06,1.8322022427317516e-05,2.1584312625493298e-05,2.0414701765607408e-05,1.5754338470919476e-05,9.2276996983770763e-06,2.8482837414230888e-06
186,9.4429074757871944e-05,9.1126252684253033e-06,1.7724685322988705e-05,2.0884403614009648e-05,1.9756993862966787e-05,1.5251294521653571e-05,8.9374573387350599e-06,2.7616148290928613e-06
187,9.1386818757521426e-05,8.8141172588079379e-06,1.7146830902205284e-05,2.0207196433632813e-05,1.9120475575554953e-05,1.4764304715463992e-05,8.6563277671791577e-06,2.6775661046772785e-06
188,8.8442576228942171e-05,8.5253926371174996e-06,1.6587823445680863e-05,1.9551954538065146e-05,1.8504464229870051e-05,1.4292856983382481e-05,8.3840254322774673e-06,2.5960589625486516e-06
189,8.5593189436491550e-05,8.2461305946204876e-06,1.6047047986767050e-05,1.8917965284590414e-05,1.7908299146343088e-05,1.3836455579939890e-05,8.1202737108705531e-06,2.5170171333600724e-06
190,8.2835602378426981e-05,7.9760208477578068e-06,1.5523909633693012e-05,1.8304539158088807e-05,1.7331340930752329e-05,1.3394620563142234e-05,7.8648046295917434e-06,2.4403666154010541e-06
191,8.0166857509310322e-05,7.7147632926504625e-06,1.5017832913950113e-05,1.7711009020250344e-05,1.6772970788466448e-05,1.2966887291002120e-05,7.6173585950497843e-06,2.3660356079410434e-06
192,7.7584092568007494e-05,7.4620676709522750e-06,1.4528261140097694e-05,1.7136729383168267e-05,1.6232589860780764e-05,1.2552805934098867e-05,7.3776841324053215e-06,2.2939544465043265e-06
193,7.5084537507881576e-05,7.2176532466768017e-06,1.4054655796289819e-05,1.6581075706520438e-05,1.5709618582634945e-05,1.2151941003657375e-05,7.1455376320808033e-06,2.2240555400213839e-06
194,7.2665511525886139e-05,6.9812484936377893e-06,1.3596495944845619e-05,1.6043443717572581e-05,1.5203496061023227e-05,1.1763870894652064e-05,6.9206831043515544e-06,2.1562733098033020e-06
195,7.0324420187373854e-05,6.7525907931544636e-06,1.3153277652208107e-05,1.5523248753262075e-05,1.4713679473430567e-05,1.1388187443457823e-05,6.7028919415735244e-06,2.0905441302873025e-06
196,6.8058752643535540e-05,6.5314261416843362e-06,1.2724513433657690e-05,1.5019925123645086e-05,1.4239643485649535e-05,1.1024495499585166e-05,6.4919426878107901e-06,2.0268062715029273e-06
197,6.5866078938485898e-05,6.3175088680573395e-06,1.2309731716167360e-05,1.4532925496013159e-05,1.3780879688353554e-05,1.0672412511051492e-05,6.2876208156332066e-06,1.9649998432097857e-06
198,6.3744047403107893e-05,6.1106013599958117e-06,1.1908476318806592e-05,1.4061720299007871e-05,1.3336896051822203e-05,1.0331568122954551e-05,6.0897185098616972e-06,1.9050667406591676e-06
199,6.1690382132860227e-05,5.9104737996152364e-06,1.1520305950120366e-05,1.3605797146084031e-05,1.2907216398233802e-05,1.0001603788828066e-05,5.8980344580455885e-06,1.8469505919331377e-06
200,5.9702880546843277e-05,5.7169039076106431e-06,1.1144793721928483e-05,1.3164660277692991e-05,1.2491379890959303e-05,9.6821723943728197e-06,5.7123736474630064e-06,1.7905967068160256e-06
201,5.7779411025505247e-05,5.5296766958433242e-06,1.0781526679008476e-05,1.2737830021577989e-05,1.2088940540309744e-05,9.3729378931693471e-06,5.5325471684418784e-06,1.7359520271544871e-06
202,5.5917910624455256e-05,5.3485842280518493e-06,1.0430105344142999e-05,1.2324842270593339e-05,1.1699466725207174e-05,9.0735749539910666e-06,5.3583720238053006e-06,1.6829650786635336e-06
203,5.4116382861931166e-05,5.1734253884204719e-06,1.0090143278029515e-05,1.1925247977478231e-05,1.1322540730266093e-05,8.7837686193486170e-06,5.1896709442511234e-06,1.6315859241371202e-06
204,5.2372895577549314e-05,5.0040056577467844e-06,9.7612666535665559e-06,1.1538612666034513e-05,1.0957758297788843e-05,8.5032139749080704e-06,5.0262722094814984e-06,1.5817661180230443e-06
205,5.0685578860039627e-05,4.8401368969589400e-06,9.4431138440466852e-06,1.1164515958175700e-05,1.0604728194194528e-05,8.2316158294369274e-06,4.8680094749038232e-06,1.5334586623230279e-06
206,4.9052623041743655e-05,4.6816371377410214e-06,9.1353350248016595e-06,1.0802551116331678e-05,1.0263071790416417e-05,7.9686884049428869e-06,4.7147216037300285e-06,1.4866179637799631e-06
207,4.7472276757724433e-05,4.5283303800330131e-06,8.8375917878601728e-06,1.0452324600710449e-05,9.9324226558178549e-06,7.7141550366810159e-06,4.5662525043065669e-06,1.4411997923153611e-06
208,4.5942845067406773e-05,4.3800463961795411e-06,8.5495567691929097e-06,1.0113455640934367e-05,9.6124261651910716e-06,7.4677478827152180e-06,4.4224509725125778e-06,1.3971612406810879e-06
209,4.4462687636733235e-05,4.2366205415089703e-06,8.2709132881335439e-06,9.7855758215840151e-06,9.3027391184174726e-06,7.2292076427299702e-06,4.2831705390687900e-06,1.3544606852904716e-06
210,4.3030216978886260e-05,4.0978935711316144e-06,8.0013549985777957e-06,9.4683286811980607e-06,9.0030293723814565e-06,6.9982832857978735e-06,4.1482693216046000e-06,1.3130577481948635e-06
211,4.1643896751689589e-05,3.9637114627527600e-06,7.7405855515756316e-06,9.1613693242921020e-06,8.7129754847429824e-06,6.7747317868180064e-06,4.0176098813354285e-06,1.2729132601726757e-06
212,4.0302240109862794e-05,3.8339252453029310e-06,7.4883182689442924e-06,8.8643640459736628e-06,8.4322663691868360e-06,6.5583178713490882e-06,3.8910590842071234e-06,1.2339892248988579e-06
213,3.9003808110361938e-05,3.7083908331942963e-06,7.2442758275420239e-06,8.5769899687442830e-06,8.1606009617788687e-06,6.3488137685702540e-06,3.7684879663685493e-06,1.1962487841636692e-06
214,3.7747208169095876e-05,3.5869688660184188e-06,7.0081899538541272e-06,8.2989346910929441e-06,7.8976878980713157e-06,6.1459989721107328e-06,3.6497716038378335e-06,1.1596561841104984e-06
215,3.6531092567362981e-05,3.4695245535066159e-06,6.7798011285543540e-06,8.0298959474978553e-06,7.6432452006109644e-06,5.9496600084979552e-06,3.5347889862319135e-06,1.1241767424633182e-06
216,3.5354157006406730e-05,3.3559275255800602e-06,6.5588583007156945e-06,7.7695812794661736e-06,7.3969999765149566e-06,5.7595902129815938e-06,3.4234228944330392e-06,1.0897768167152083e-06
217,3.4215139208539502e-05,3.2460516873224581e-06,6.3451186113552332e-06,7.5177077172531671e-06,7.1586881247898932e-06,5.5755895124987310e-06,3.3155597820698392e-06,1.0564237732501821e-06
218,3.3112817563334575e-05,3.1397750787135999e-06,6.1383471260081012e-06,7.2740014719140096e-06,6.9280540530803613e-06,5.3974642155528269e-06,3.2110896606943259e-06,1.0240859573713433e-06
219,3.2046009817434149e-05,3.0369797389674402e-06,5.9383165760354716e-06,7.0381976373527194e-06,6.7048504035430622e-06,5.2250268087864047e-06,3.1099059885398977e-06,9.9273266420915631e-07
220,3.1013571806568433e-05,2.9375515753234423e-06,5.7448071083812322e-06,6.8100399020435309e-06,6.4888377875525446e-06,5.0580957600343520e-06,3.0119055627489656e-06,9.6233411048436663e-07
221,3.0014396228425569e-05,2.8413802361449548e-06,5.5576060435012868e-06,6.5892802701106712e-06,6.2797845289540278e-06,4.8964953276515209e-06,2.9169884149622835e-06,9.3286140710082368e-07
222,2.9047411455056544e-05,2.7483589881831409e-06,5.3765076411984244e-06,6.3756787914625880e-06,6.0774664155879345e-06,4.7400553759148881e-06,2.8250577101654035e-06,9.0428653254416554e-07
223,2.8111580383541274e-05,2.6583845978696705e-06,5.2013128741045048e-06,6.1690033006866534e-06,5.8816664588196484e-06,4.5886111963068698e-06,2.7360196486909208e-06,8.7658230706300483e-07
224,2.7205899323683145e-05,2.5713572165058467e-06,5.0318292085600589e-06,5.9690291644198550e-06,5.6921746608165816e-06,4.4420033344925509e-06,2.6497833712783244e-06,8.4972236760992516e-07
225,2.6329396921539139e-05,2.4871802692202167e-06,4.8678703926496359e-06,5.7755390369202375e-06,5.5087877893229670e-06,4.3000774228095358e-06,2.5662608670963093e-06,8.2368114352023783e-07
226,2.5481133117630988e-05,2.4057603475708978e-06,4.7092562511591090e-06,5.5883226235728263e-06,5.3313091596908112e-06,4.1626840180949179e-06,2.4853668846353489e-06,7.9843383290708056e-07
227,2.4660198138719978e-05,2.3270071056729285e-06,4.5558124872287833e-06,5.4071764520723648e-06,5.1595484239332307e-06,4.0296784446794169e-06,2.4070188453812089e-06,7.7395637975204971e-07
228,2.3865711522064133e-05,2.2508331597348839e-06,4.4073704904835540e-06,5.2319036510336107e-06,4.9933213665739342e-06,3.9009206423841662e-06,2.3311367601828341e-06,7.5022545167114966e-07
229,2.3096821171111243e-05,2.1771539908928026e-06,4.2637671514285077e-06,5.0623137357880153e-06,4.8324497070738957e-06,3.7762750193608554e-06,2.2576431482307411e-06,7.2721841833642423e-07
230,2.2352702441614999e-05,2.1058878512331353e-06,4.1248446819052805e-06,4.8982224011334359e-06,4.6767609086233188e-06,3.6556103096210050e-06,2.1864629585646345e-06,7.0491333053419010e-07
231,2.1632557257194039e-05,2.0369556729000105e-06,3.9904504414111738e-06,4.7394513208111210e-06,4.5260879930938205e-06,3.5387994351050516e-06,2.1175234940315172e-06,6.8328889984134486e-07
232,2.0935613253385341e-05,1.9702809801855231e-06,3.8604367690894926e-06,4.5858279534915428e-06,4.3802693619523678e-06,3.4257193721466913e-06,2.0507543376179755e-06,6.6232447890174562e-07
233,2.0261122949273959e-05,1.9057898045051032e-06,3.7346608212058541e-06,4.4371853550577287e-06,4.2391486229448866e-06,3.3162510221925004e-06,1.9860872810827130e-06,6.4200004228517407e-07
234,1.9608362945810707e-05,1.8434106021632230e-06,3.6129844139312319e-06,4.2933619969816367e-06,4.1025744223636847e-06,3.2102790866413320e-06,1.9234562558176948e-06,6.2229616791190437e-07
235,1.8976633149957863e-05,1.7830741748178260e-06,3.4952738712584052e-06,4.1542015905957276e-06,3.9704002827187550e-06,3.1076919456722903e-06,1.8627972658684848e-06,6.0319401902637344e-07
236,1.8365256023830904e-05,1.7247135925548624e-06,3.3813998778841019e-06,4.0195529170683350e-06,3.8424844456388977e-06,3.0083815409342539e-06,1.8040483230465195e-06,5.8467532670393219e-07
237,1.7773575858030905e-05,1.6682641194872328e-06,3.2712373368946379e-06,3.8892696628976529e-06,3.7186897198341463e-06,2.9122432619739710e-06,1.7471493840681527e-06,5.6672237287511215e-07
238,1.7200958068388249e-05,1.6136631417952516e-06,3.1646652320981428e-06,3.7632102607451423e-06,3.5988833339564454e-06,2.8191758362836608e-06,1.6920422896573188e-06,5.4931797385228906e-07
239,1.6646788515363392e-05,1.5608500981284710e-06,3.0615664948515847e-06,3.6412377354350274e-06,3.4829367942007693e-06,2.7290812228528365e-06,1.6386707055506409e-06,5.3244546434406366e-07
240,1.6110472845374753e-05,1.5097664122913328e-06,2.9618278752357866e-06,3.5232195549521379e-06,3.3707257464939564e-06,2.6418645091127511e-06,1.5869800653456947e-06,5.1608868194309563e-07
241,1.5591435853347290e-05,1.4603554281376699e-06,2.8653398174363975e-06,3.4090274862758298e-06,3.2621298431234580e-06,2.5574338111654008e-06,1.5369175151349901e-06,5.0023195207354307e-07
242,1.5089120865798043e-05,1.4125623466015336e-06,2.7719963391934486e-06,3.2985374558929661e-06,3.1570326136629511e-06,2.4757001771924721e-06,1.4884318598700175e-06,4.8486007338465515e-07
243,1.4602989143797108e-05,1.3663341647942132e-06,2.6816949151865971e-06,3.1916294148380602e-06,3.0553213400563998e-06,2.3965774939429519e-06,1.4414735114014318e-06,4.6995830357745496e-07
244,1.4132519305163551e-05,1.3216196170996135e-06,2.5943363642275068e-06,3.0881872081135940e-06,2.9568869357265664e-06,2.3199823962013202e-06,1.3959944381431236e-06,4.5551234565182459e-07
245,1.3677206765276695e-05,1.2783691182023838e-06,2.5098247401350268e-06,2.9880984483483174e-06,2.8616238285783341e-06,2.2458341791414055e-06,1.3519481163095558e-06,4.4150833456167245e-07
246,1.3236563195903005e-05,1.2365347079853508e-06,2.4280672261728688e-06,2.8912543935559397e-06,2.7694298477713527e-06,2.1740547134739637e-06,1.3092894826773122e-06,4.2793282426621570e-07
247,1.2810116001458094e-05,1.1960699982348902e-06,2.3489740329334440e-06,2.7975498288610960e-06,2.6802061141405737e-06,2.1045683632989970e-06,1.2679748888233325e-06,4.1477277516576039e-07
248,1.2397407812142242e-05,1.1569301210948781e-06,2.2724582995552918e-06,2.7068829520637997e-06,2.5938569341471412e-06,2.0373019065766540e-06,1.2279620567937844e-06,4.0201554191069353e-07
249,1.1997995993405718e-05,1.1190716792118365e-06,2.1984359981652366e-06,2.6191552629177597e-06,2.5102896972459120e-06,1.9721844581332841e-06,1.1892100361589605e-06,3.8964886157272911e-07
250,1.1611452171217845e-05,1.0824526975157406e-06,2.1268258414399508e-06,2.5342714560020094e-06,2.4294147765595201e-06,1.9091473951218878e-06,1.1516791624109672e-06,3.7766084216776895e-07
251,1.1237361772630651e-05,1.0470325765828085e-06,2.0575491931850486e-06,2.4521393170691903e-06,2.3511454327524616e-06,1.8481242848587780e-06,1.1153310166623201e-06,3.6603995152004450e-07
252,1.0875323581144349e-05,1.0127720475283368e-06,1.9905299818331603e-06,2.3726696227576281e-06,2.2753977210021057e-06,1.7890508149607400e-06,1.0801283866048733e-06,3.5477500645750578e-07
253,1.0524949306397755e-05,9.7963312837936171e-07,1.9256946167656653e-06,2.2957760435580085e-06,2.2020904009668474e-06,1.7318647257094025e-06,1.0460352286897530e-06,3.4385516232871653e-07
254,1.0185863167722165e-05,9.4757908187857092e-07,1.8629719073658634e-06,2.2213750499290004e-06,2.1311448496548604e-06,1.6765057445718665e-06,1.0130166314902080e-06,3.3326990283179369e-07
255,9.8577014911120134e-06,9.1657437467248894e-07,1.8022929847143929e-06,2.1493858214596037e-06,2.0624849770999797e-06,1.6229155228088812e-06,9.8103878021046278e-07,3.2300903014620626e-07
256,9.5401123191801053e-06,8.8658463783849589e-07,1.7435912258405978e-06,2.0797301589793252e-06,1.9960371447542880e-06,1.5710375741040682e-06,9.5006892230481512e-07,3.1306265535851482e-07
257,9.2327550336790017e-06,8.5757662870674225e-07,1.6868021804463903e-06,2.0123323995204845e-06,1.9317300865098797e-06,1.5208172151497870e-06,9.2007533417232587e-07,3.0342118917339106e-07
258,8.9352999901838443e-06,8.2951819393445330e-07,1.6318635000218595e-06,1.9471193340400829e-06,1.8694948322650935e-06,1.4722015081273099e-06,8.9102728889353518e-07,2.9407533290150935e-07
259,8.6474281645446893e-06,8.0237823379152091e-07,1.5787148692745268e-06,1.8840201278116402e-06,1.8092646339532402e-06,1.4251392050209373e-06,8.6289502497667661e-07,2.8501606971614643e-07
260,8.3688308107292293e-06,7.7612666761762734e-07,1.5272979397966989e-06,1.8229662434003457e-06,1.7509748939544909e-06,1.3795806937076249e-06,8.3564971608187931e-07,2.7623465617056298e-07
261,8.0992091296889265e-06,7.5073440041245097e-07,1.4775562658978339e-06,1.7638913661376632e-06,1.6945630958141423e-06,1.3354779457655400e-06,8.0926344169282475e-07,2.6772261396847113e-07
262,7.8382739488933927e-06,7.2617329052176755e-07,1.4294352425312264e-06,1.7067313320142643e-06,1.6399687371929630e-06,1.2927844659467766e-06,7.8370915870627924e-07,2.5947172198011583e-07
263,7.5857454121893449e-06,7.0241611838347920e-07,1.3828820452466282e-06,1.6514240579127842e-06,1.5871332649776954e-06,1.2514552432611991e-06,7.5896067391084112e-07,2.5147400849671780e-07
264,7.3413526796514722e-06,6.7943655629878870e-07,1.3378455721026473e-06,1.5979094741044614e-06,1.5360000124821327e-06,1.2114467036200710e-06,7.3499261732713742e-07,2.4372174371623342e-07
265,7.1048336371033288e-06,6.5720913919487427e-07,1.2942763874749439e-06,1.5461294589361768e-06,1.4865141386714090e-06,1.1727166639897637e-06,7.1178041638256498e-07,2.3620743245359633e-07
266,6.8759346149966944e-06,6.3570923634652843e-07,1.2521266676983144e-06,1.4960277756367901e-06,1.4386225693443228e-06,1.1352242880074221e-06,6.8930027089451553e-07,2.2892380706880158e-07
267,6.6544101163478968e-06,6.1491302402528854e-07,1.2113501484827893e-06,1.4475500111739949e-06,1.3922739402106098e-06,1.0989300430119955e-06,6.6752912883682891e-07,2.2186382060639027e-07
268,6.4400225534393138e-06,5.9479745904562554e-07,1.1719020740458254e-06,1.4006435170951307e-06,1.3474185418021180e-06,1.0637956584455256e-06,6.4644466286501067e-07,2.1502064014007706e-07
269,6.2325419930036569e-06,5.7534025317875215e-07,1.1337391479045569e-06,1.3552573522875608e-06,1.3040082661588001e-06,1.0297840855810257e-06,6.2602524757651161e-07,2.0838764031644928e-07
270,6.0317459096177536e-06,5.5651984840557916e-07,1.0968194852739089e-06,1.3113422275963150e-06,1.2619965552323406e-06,9.9685945853466566e-07,6.0624993748310228e-07,2.0195839709184161e-07
271,5.8374189470413187e-06,5.3831539298128580e-07,1.0611025670181441e-06,1.2688504522387124e-06,1.2213383509520833e-06,9.6498705652133494e-07,5.8709844567309540e-07,1.9572668165666372e-07
272,5.6493526872447761e-06,5.2070671828487069e-07,1.0265491951051237e-06,1.2277358819576446e-06,1.1819900468997021e-06,9.3413326731395081e-07,5.6855112314185959e-07,1.8968645454162521e-07
273,5.4673454268783803e-06,5.0367431642792671e-07,9.9312144951422359e-07,1.1879538688570894e-06,1.1439094415407884e-06,9.0426555186814645e-07,5.5058893876974042e-07,1.8383185990046553e-07
274,5.2912019609429278e-06,4.8719931859772779e-07,9.6078264655044830e-07,1.1494612128652546e-06,1.1070556929631920e-06,8.7535241007519405e-07,5.3319345992715731e-07,1.7815721996395359e-07
275,5.1207333734300206e-06,4.7126347411053245e-07,9.2949729851883192e-07,1.1122161147725308e-06,1.0713892750735745e-06,8.4736334760720240e-07,5.1634683368727320e-07,1.7265702966007598e-07
276,4.9557568347073546e-06,4.5584913015180373e-07,8.9923107471472329e-07,1.0761781307931390e-06,1.0368719352051922e-06,8.2026884381977009e-07,5.0003176862724549e-07,1.6732595139548130e-07
277,4.7960954054317114e-06,4.4093921218080345e-07,8.6995076368699014e-07,1.0413081286010261e-06,1.0034666530914476e-06,7.9404032067838941e-07,4.8423151719966169e-07,1.6215880999339281e-07
278,4.6415778467793627e-06,4.2651720497776693e-07,8.4162423673259345e-07,1.0075682447921574e-06,9.7113760116120374e-07,7.6865011267596683e-07,4.6892985865633192e-07,1.5715058778334214e-07
279,4.4920384367903542e-06,4.1256713431257186e-07,8.1422041258233166e-07,9.7492184372692125e-07,9.3985010611327621e-07,7.4407143770986829e-07,4.5411108250717134e-07,1.5229641983821320e-07
280,4.3473167926296841e-06,3.9907354921451368e-07,7.8770922323886794e-07,9.4333347770784810e-07,9.0957061172889891e-07,7.2027836888789657e-07,4.3975997249744092e-07,1.4759158935421786e-07
281,4.2072576985747686e-06,3.8602150482346385e-07,7.6206158092943035e-07,9.1276884844931555e-07,8.8026664288227023e-07,6.9724580723359645e-07,4.2586179108713800e-07,1.4303152316955392e-07
282,4.0717109395446865e-06,3.7339654580333940e-07,7.3724934613679240e-07,8.8319476979730623e-07,8.5190677071058615e-07,6.7494945526220839e-07,4.1240226441683325e-07,1.3861178741762030e-07
283,3.9405311399926839e-06,3.6118469029943385e-07,7.1324529667334269e-07,8.5457913165865297e-07,8.2446057890620269e-07,6.5336579139952454e-07,3.9936756774474135e-07,1.3432808331078612e-07
284,3.8135776079891320e-06,3.4937241442176918e-07,6.9002309776418613e-07,8.2689086510051981e-07,7.9789863109477645e-07,6.3247204521676611e-07,3.8674431134028628e-07,1.3017624305082785e-07
285,3.6907141843277190e-06,3.3794663723721132e-07,6.6755727310634995e-07,8.0009990858214272e-07,7.7219243926439476e-07,6.1224617345547368e-07,3.7451952681988308e-07,1.2615222586226326e-07
286,3.5718090964930513e-06,3.2689470625365869e-07,6.4582317687222416e-07,7.7417717528208647e-07,7.4731443321183783e-07,5.9266683681722028e-07,3.6268065391110167e-07,1.2225211414492206e-07
287,3.4567348173330248e-06,3.1620438338016237e-07,6.2479696662642135e-07,7.4909452148546633e-07,7.2323793097319932e-07,5.7371337749376276e-07,3.5121552763181285e-07,1.1847210974220023e-07
288,3.3453679282844081e-06,3.0586383134736523e-07,6.0445557712624062e-07,7.2482471599673681e-07,6.9993711020715631e-07,5.5536579741402560e-07,3.4011236587133252e-07,1.1480853032155091e-07
289,3.2375889870049290e-06,2.9586160057315896e-07,5.8477669497689278e-07,7.0134141054477013e-07,6.7738698050019483e-07,5.3760473718506185e-07,3.2935975736098511e-07,1.1125780586386528e-07
290,3.1332823992699125e-06,2.8618661645895570e-07,5.6573873411358981e-07,6.7861911114801840e-07,6.5556335656408643e-07,5.2041145570486257e-07,3.1894665002190332e-07,1.0781647525849612e-07
291,3.0323362949960700e-06,2.7682816710244847e-07,5.4732081208351040e-07,6.5663315040861310e-07,6.3444283229687336e-07,5.0376781042559590e-07,3.0886233967825627e-07,1.0448118300077261e-07
292,2.9346424082594749e-06,2.6777589141319903e-07,5.2950272710153460e-07,6.3535966070524797e-07,6.1400275567953971e-07,4.8765623824653399e-07,2.9909645912447228e-07,1.0124867598894736e-07
293,2.8400959611790435e-06,2.5901976761784013e-07,5.1226493585449289e-07,6.1477554825569071e-07,5.9422120448144591e-07,4.7205973701659089e-07,2.8963896753537485e-07,9.8115800417607908e-08
294,2.7485955515409812e-06,2.5055010214211141e-07,4.9558853202950160e-07,5.9485846802069568e-07,5.7507696274846846e-07,4.5696184762703225e-07,2.8048014020850024e-07,9.5079498764671838e-08
295,2.6600430440436804e-06,2.4235751885737078e-07,4.7945522554275078e-07,5.7558679942202074e-07,5.5654949804863311e-07,4.4234663667553838e-07,2.7161055862819684e-07,9.2136806869169899e-08
296,2.5743434650464120e-06,2.3443294867962511e-07,4.6384732244588554e-07,5.5693962284813077e-07,5.3861893945083096e-07,4.2819867968340085e-07,2.6302110084143417e-07,8.9284851097104807e-08
297,2.4914049007089441e-06,2.2676761950951830e-07,4.4874770548786703e-07,5.3889669692202651e-07,5.2126605621300337e-07,4.1450304484821391e-07,2.5470293213556198e-07,8.6520845592752814e-08
298,2.4111383984128293e-06,2.1935304650209426e-07,4.3413981531092061e-07,5.2143843650647264e-07,5.0447223715693729e-07,4.0124527731498507e-07,2.4664749600856580e-07,8.3842089612853241e-08
299,2.3334578713586405e-06,2.1218102265551902e-07,4.2000763225987691e-07,5.0454589142269541e-07,4.8821947070755081e-07,3.8841138394913108e-07,2.3884650542265988e-07,8.1245964941207500e-08
300,2.2582800062368348e-06,2.0524360970830006e-07,4.0633565878489117e-07,4.8820072585940251e-07,4.7249032557525949e-07,3.7598781859535483e-07,2.3129193433234566e-07,7.8729933381281253e-08
301,2.1855241738732122e-06,1.9853312933488666e-07,3.9310890241817238e-07,4.7238519844972283e-07,4.5726793206070673e-07,3.6396146780690816e-07,2.2397600947833920e-07,7.6291534324475872e-08
302,2.1151123427531465e-06,1.9204215462986444e-07,3.8031285930599355e-07,4.5708214299439826e-07,4.4253596396180582e-07,3.5231963703023794e-07,2.1689120243904290e-07,7.3928382391803647e-08
303,2.0469689953318420e-06,1.8576350187128015e-07,3.6793349827786129e-07,4.4227494981025611e-07,4.2827862106369004e-07,3.4105003723049310e-07,2.1003022193149266e-07,7.1638165146768812e-08
304,1.9810210470408435e-06,1.7969022255394205e-07,3.5595724543531546e-07,4.2794754768367509e-07,4.1448061219278987e-07,3.3014077194383199e-07,2.0338600635396725e-07,6.9418640877321600e-08
305,1.9171977679039494e-06,1.7381559568384312e-07,3.4437096924340336e-07,4.1408438640941665e-07,4.0112713881686374e-07,3.1958032474291721e-07,1.9695171656268989e-07,6.7267636444815402e-08
306,1.8554307066784550e-06,1.6813312032514336e-07,3.3316196610842428e-07,4.0067041989582732e-07,3.8820387917339213e-07,3.0935754710242122e-07,1.9072072887528732e-07,6.5183045197959223e-08
307,1.7956536174403595e-06,1.6263650839142877e-07,3.2231794642607833e-07,3.8769108981803745e-07,3.7569697290931315e-07,2.9946164665178179e-07,1.8468662829390343e-07,6.3162824949816602e-08
308,1.7378023885348091e-06,1.5731967767323735e-07,3.1182702108466798e-07,3.7513230980137629e-07,3.6359300621562551e-07,2.8988217580285812e-07,1.7884320194108346e-07,6.1204996015960413e-08
309,1.6818149738155677e-06,1.5217674509410385e-07,3.0167768840850595e-07,3.6298045011780108e-07,3.5187899744091539e-07,2.8060902074052889e-07,1.7318443270176357e-07,5.9307639311948879e-08
310,1.6276313260997691e-06,1.4720202018762983e-07,2.9185882152716417e-07,3.5122232287869525e-07,3.4054238316837709e-07,2.7163239076465454e-07,1.6770449306490514e-07,5.7468894508342955e-08
311,1.5751933327665857e-06,1.4238999878833186e-07,2.8235965615667009e-07,3.3984516770793236e-07,3.2957100474139650e-07,2.6294280797219839e-07,1.6239773915851872e-07,5.5686958241537904e-08
312,1.5244447534307357e-06,1.3773535692925791e-07,2.7316977877920831e-07,3.2883663787962376e-07,3.1895309522324309e-07,2.5453109726865354e-07,1.5725870497201568e-07,5.3960082378733241e-08
313,1.4753311596239843e-06,1.3323294493959151e-07,2.6427911520832490e-07,3.1818478690547478e-07,3.0867726677688831e-07,2.4638837669827311e-07,1.5228209676001624e-07,5.2286572335415352e-08
314,1.4277998764199527e-06,1.2887778173568737e-07,2.5567791952705751e-07,3.0787805555716166e-07,2.9873249845141111e-07,2.3850604808293400e-07,1.4746278762192605e-07,5.0664785443775118e-08
315,1.3817999259396182e-06,1.2466504929919502e-07,2.4735676338682229e-07,2.9790525930961760e-07,2.8910812436189451e-07,2.3087578795978714e-07,1.4279581225177147e-07,4.9093129370530116e-08
316,1.3372819726769177e-06,1.2059008733613705e-07,2.3930652565528834e-07,2.8825557619157080e-07,2.7979382225013432e-07,2.2348953880816508e-07,1.3827636185295569e-07,4.7570060582666415e-08
317,1.2941982705858202e-06,1.1664838811100870e-07,2.3151838240185319e-07,2.7891853503012477e-07,2.7077960241389167e-07,2.1633950055651762e-07,1.3389977921276509e-07,4.6094082859659200e-08
318,1.2525026118721105e-06,1.1283559145016006e-07,2.2398379720970474e-07,2.6988400407659507e-07,2.6205579699281600e-07,2.0941812236044280e-07,1.2966155393161740e-07,4.4663745850774547e-08
319,1.2121502774349687e-06,1.0914747990891149e-07,2.1669451180381470e-07,2.6114218000123591e-07,2.5361304959954713e-07,2.0271809464316453e-07,1.2555731780219878e-07,4.3277643676096147e-08
320,1.1730979889051904e-06,1.0557997409703353e-07,2.0964253698455664e-07,2.5268357724488836e-07,2.4544230528487645e-07,1.9623234139008416e-07,1.2158284033379015e-07,4.1934413569961336e-08
321,1.1353038622286114e-06,1.0212912815739966e-07,2.0282014385697762e-07,2.4449901771597178e-07,2.3753480082620346e-07,1.8995401268929961e-07,1.1773402441722921e-07,4.0632734565530003e-08
322,1.0987273627449474e-06,9.8791125392790093e-08,1.9621985534607773e-07,2.3657962082161538e-07,2.2988205532887312e-07,1.8387647751024540e-07,1.1400690212609746e-07,3.9371326219248040e-08
323,1.0633292617138806e-06,9.5562274035989788e-08,1.8983443798876803e-07,2.2891679382209018e-07,2.2247586113031330e-07,1.7799331671285616e-07,1.1039763064985941e-07,3.8148947374003936e-08
324,1.0290715942417596e-06,9.2439003158482917e-08,1.8365689399347951e-07,2.2150222249805387e-07,2.1530827499721694e-07,1.7229831627989789e-07,1.0690248835481540e-07,3.6964394959813001e-08
325,9.9591761856378558e-07,8.9417858713200142e-08,1.7768045355869265e-07,2.1432786212046051e-07,2.0837160960632754e-07,1.6678546076534805e-07,1.0351787096885801e-07,3.5816502830898613e-08
326,9.6383177663802678e-07,8.6495499706924438e-08,1.7189856744194072e-07,2.0738592871331774e-07,2.0165842529969182e-07,1.6144892695192985e-07,1.0024028788614887e-07,3.4704140638073449e-08
327,9.3277965600898500e-07,8.3668694498104866e-08,1.6630489977111615e-07,2.0066889059979094e-07,1.9516152210553588e-07,1.5628307771112761e-07,9.7066358587952891e-08,3.3626212735356617e-08
328,9.0272795289981752e-07,8.0934317215967316e-08,1.6089332109017556e-07,1.9416946022246346e-07,1.8887393201620802e-07,1.5128245605922293e-07,9.3992809175985768e-08,3.2581657119794447e-08
329,8.7364443649363368e-07,7.8289344296946019e-08,1.5565790163159765e-07,1.8788058622885977e-07,1.8278891151490601e-07,1.4644177940309612e-07,9.1016469014744653e-08,3.1569444403483442e-08
330,8.4549791436555057e-07,7.5730851134590459e-08,1.5059290480819675e-07,1.8179544581362676e-07,1.7689993434317310e-07,1.4175593396973852e-07,8.8134267479401262e-08,3.0588576816823783e-08
331,8.1825819902843887e-07,7.3256008839227268e-08,1.4569278091713755e-07,1.7590743730904779e-07,1.7120068450140660e-07,1.3721996941361270e-07,8.5343230805945641e-08,2.9638087242061256e-08
332,7.9189607555647507e-07,7.0862081103780441e-08,1.4095216104922821e-07,1.7021017301583439e-07,1.6568504947487151e-07,1.3282909359618644e-07,8.2640479040370961e-08,2.8717038276203088e-08
333,7.6638327025177955e-07,6.8546421172269351e-08,1.3636585119679678e-07,1.6469747226640155e-07,1.6034711367795423e-07,1.2857866753214536e-07,8.0023223083791136e-08,2.7824521322421088e-08
334,7.4169242032053099e-07,6.6306468907619747e-08,1.3192882655367324e-07,1.5936335471308573e-07,1.5518115210962495e-07,1.2446420049696564e-07,7.7488761830479958e-08,2.6959655709081684e-08
335,7.1779704452603807e-07,6.4139747955531951e-08,1.2763622600101100e-07,1.5420203383400908e-07,1.5018162421330463e-07,1.2048134529069772e-07,7.5034479395915176e-08,2.6121587835568457e-08
336,6.9467151478729065e-07,6.2043863001258323e-08,1.2348334677288671e-07,1.4920791064953021e-07,1.4534316793455049e-07,1.1662589365297543e-07,7.2657842432001835e-08,2.5309490344087563e-08
337,6.7229102869253124e-07,6.0016497116244607e-08,1.1946563929581369e-07,1.4437556764245118e-07,1.4066059397018767e-07,1.1289377182442502e-07,7.0356397526738101e-08,2.4522561316670973e-08
338,6.5063158289836798e-07,5.8055409191689804e-08,1.1557870219649835e-07,1.3969976287537189e-07,1.3612888020271831e-07,1.0928103624980143e-07,6.8127768685672474e-08,2.3760023496615728e-08
339,6.2966994738589574e-07,5.6158431456176027e-08,1.1181827747234999e-07,1.3517542429879653e-07,1.3174316631403962e-07,1.0578386941832901e-07,6.5969654892584146e-08,2.3021123533620415e-08
340,6.0938364054621924e-07,5.4323467074612852e-08,1.0818024581943758e-07,1.3079764424380614e-07,1.2749874857269357e-07,1.0239857583686777e-07,6.3879827746899089e-08,2.2305131251902247e-08
341,5.8975090506865398e-07,5.2548487825831324e-08,1.0466062211275751e-07,1.2656167409331013e-07,1.2339107478905770e-07,9.9121578131665750e-08,6.1856129175431918e-08,2.1611338940599571e-08
342,5.7075068460574592e-07,5.0831531856249990e-08,1.0125555103384511e-07,1.2246291912608509e-07,1.1941573943306647e-07,9.5949413274594142e-08,5.9896469216119785e-08,2.0939060665785422e-08
343,5.5236260119008358e-07,4.9170701507119894e-08,9.7961302840924248e-08,1.1849693352799629e-07,1.1556847890922665e-07,9.2878728929891153e-08,5.7998823871487042e-08,2.0287631603438290e-08
344,5.3456693337867904e-07,4.7564161212937217e-08,9.4774269276946655e-08,1.1465941556498027e-07,1.1184516698385945e-07,8.9906279917569461e-08,5.6161233029650601e-08,1.9656407392735490e-08
345,5.1734459510148206e-07,4.6010135468691440e-08,9.1690959611023860e-08,1.1094620291254090e-07,1.0824181035966452e-07,8.7028924789762568e-08,5.4381798450744724e-08,1.9044763509053980e-08
346,5.0067711519133630e-07,4.4506906863692940e-08,8.8707996808901458e-08,1.0735326813668388e-07,1.0475454439286031e-07,8.4243622516406026e-08,5.2658681816710024e-08,1.8452094656081670e-08
347,4.8454661757342976e-07,4.3052814179798620e-08,8.5822113828267513e-08,1.0387671432137716e-07,1.0137962894830643e-07,8.1547429276763175e-08,5.0990102842456436e-08,1.7877814176460412e-08
348,4.6893580209298588e-07,4.1646250551924943e-08,8.3030150034823786e-08,1.0051277083778562e-07,9.8113444388163392e-08,7.8937495353417241e-08,4.9374337446471795e-08,1.7321353480399110e-08
349,4.5382792596063798e-07,4.0285661688807420e-08,8.0329047735182143e-08,9.7257789250681636e-08,9.4952487689786901e-08,7.6411062125458823e-08,4.7809715979008583e-08,1.6782161491712432e-08
350,4.3920678579558365e-07,3.8969544152032426e-08,7.7715848822775721e-08,9.4108239357582984e-08,9.1893368688693584e-08,7.3965459157702538e-08,4.6294621506039572e-08,1.6259704110756857e-08
351,4.2505670024726249e-07,3.7696443691431739e-08,7.5187691533100053e-08,9.1060705356312998e-08,8.8932806442568313e-08,7.1598101382867507e-08,4.4827488147230173e-08,1.5753463693751742e-08
352,4.1136249317691637e-07,3.6464953634993096e-08,7.2741807304718533e-08,8.8111882136818595e-08,8.6067625712413753e-08,6.9306486373753845e-08,4.3406799466230008e-08,1.5262938547988563e-08
353,3.9810947738099650e-07,3.5273713331500419e-08,7.0375517742583597e-08,8.5258571693216067e-08,8.3294753557067850e-08,6.7088191702542722e-08,4.2031086911639520e-08,1.4787642442446351e-08
354,3.8528343883895908e-07,3.4121406644175890e-08,6.8086231680337124e-08,8.2497679652165529e-08,8.0611216037437198e-08,6.4940872384438289e-08,4.0698928307059147e-08,1.4327104133345932e-08
355,3.7287062146855534e-07,3.3006760493652888e-08,6.5871442338362541e-08,7.9826211913801577e-08,7.8014135026911044e-08,6.2862258402959361e-08,3.9408946388678255e-08,1.3880866904189626e-08
356,3.6085771237226603e-07,3.1928543448663404e-08,6.3728724574466353e-08,7.7241271401569837e-08,7.5500725124535698e-08,6.0850152314274133e-08,3.8159807388909851e-08,1.3448488119846750e-08
357,3.4923182755905744e-07,3.0885564362876587e-08,6.1655732224168884e-08,7.4740054917437615e-08,7.3068290667638009e-08,5.8902426928054445e-08,3.6950219664623393e-08,1.3029538794258496e-08
358,3.3798049812614387e-07,2.9876671056376377e-08,5.9650195527682151e-08,7.2319850099061377e-08,7.0714222840694433e-08,5.7017023062406831e-08,3.5778932368574089e-08,1.2623603171348611e-08
359,3.2709165688593820e-07,2.8900749040315722e-08,5.7709918640748395e-08,6.9978032475604742e-08,6.8435996877344726e-08,5.5191947370515361e-08,3.4644734162670399e-08,1.2230278318738814e-08
360,3.1655362542384616e-07,2.7956720283332667e-08,5.5832777226605076e-08,6.7712062619007791e-08,6.6231169352549218e-08,5.3425270236706789e-08,3.3546451971764719e-08,1.1849173733879925e-08
361,3.0635510157302532e-07,2.7043542018360296e-08,5.4016716126430893e-08,6.5519483387612306e-08,6.4097375561985825e-08,5.1715123739721562e-08,3.2482949776692897e-08,1.1479910962221502e-08
362,2.9648514729267291e-07,2.6160205588507047e-08,5.2259747105714193e-08,6.3397917259147956e-08,6.2032326985875942e-08,5.0059699681045042e-08,3.1453127445328645e-08,1.1122123227054072e-08
363,2.8693317693684483e-07,2.5305735330727396e-08,5.0559946674068310e-08,6.1345063750181812e-08,6.0033808834519079e-08,4.8457247676221624e-08,3.0455919600457483e-08,1.0775455070669142e-08
364,2.7768894590122143e-07,2.4479187496044987e-08,4.8915453976099103e-08,5.9358696919227079e-08,5.8099677672904073e-08,4.6906073307140946e-08,2.9490294523312349e-08,1.0439562006492923e-08
365,2.6874253963564477e-07,2.3679649205130675e-08,4.7324468751008221e-08,5.7436662950798339e-08,5.6227859121848929e-08,4.5404536333349220e-08,2.8555253091649366e-08,1.0114110181859983e-08
366,2.6008436301064300e-07,2.2906237438077294e-08,4.5785249358691070e-08,5.5576877817788565e-08,5.4416345633203930e-08,4.3951048960501312e-08,2.7649827751277561e-08,9.7987760511032665e-09
367,2.5170513002653774e-07,2.2158098057250918e-08,4.4296110870161583e-08,5.3777325019627759e-08,5.2663194336731875e-08,4.2544074164128731e-08,2.6773081519990251e-08,9.4932460586465744e-09
368,2.4359585385409607e-07,2.1434404862135116e-08,4.2855423220206664e-08,5.2036053393766358e-08,5.0966524956356118e-08,4.1182124066957608e-08,2.5924107022879014e-08,9.1972163317951592e-09
369,2.3574783719604725e-07,2.0734358675120140e-08,4.1461609420241337e-08,5.0351174998105351e-08,4.9324517793541607e-08,3.9863758368066436e-08,2.5102025558043080e-08,8.9103923829292779e-09
370,2.2815266295912562e-07,2.0057186457223411e-08,4.0113143829402346e-08,4.8720863062072761e-08,4.7735411775646101e-08,3.8587582822228567e-08,2.4305986191737996e-08,8.6324888208144527e-09
371,2.2080218522663566e-07,1.9402140452760861e-08,3.8808550481981066e-08,4.7143350004120643e-08,4.6197502567148348e-08,3.7352247767836556e-08,2.3535164882037356e-08,8.3632290707508526e-09
372,2.1368852052185740e-07,1.8768497362020822e-08,3.7546401469359607e-08,4.5616925513488681e-08,4.4709140741727500e-08,3.6156446701857475e-08,2.2788763630110695e-08,8.1023451032926217e-09
373,2.0680403935292172e-07,1.8155557541023202e-08,3.6325315374672928e-08,4.4139934694150656e-08,4.3268730013233383e-08,3.4998914900316879e-08,2.2066009658248540e-08,7.8495771712761268e-09
374,2.0014135803008764e-07,1.7562644227476808e-08,3.5143955758478269e-08,4.2710776268927481e-08,4.1874725523650145e-08,3.3878428082857866e-08,2.1366154613793078e-08,7.6046735549039620e-09
375,1.9369333074664532e-07,1.6989102792076725e-08,3.4001029693769165e-08,4.1327900841815951e-08,4.0525632186217299e-08,3.2793801119967581e-08,2.0688473798159323e-08,7.3673903146392682e-09
376,1.8745304191495151e-07,1.6434300014311713e-08,3.2895286348725366e-08,3.9989809216645476e-08,3.9220003081930943e-08,3.1743886781508549e-08,2.0032265420157179e-08,7.1374910516723026e-09
377,1.8141379874937780e-07,1.5897623381978921e-08,3.1825515615642708e-08,3.8695050770236572e-08,3.7956437907705622e-08,3.0727574525235812e-08,1.9396849872849687e-08,6.9147466757284493e-09
378,1.7556912408821629e-07,1.5378480413629390e-08,3.0790546784537449e-08,3.7442221878293869e-08,3.6733581474532135e-08,2.9743789324022905e-08,1.8781569033206733e-08,6.6989351799938198e-09
379,1.6991274944684557e-07,1.4876298003193332e-08,2.9789247259968962e-08,3.6229964392323773e-08,3.5550122254020969e-08,2.8791490530560375e-08,1.8185785583836751e-08,6.4898414229414155e-09
380,1.6443860829470424e-07,1.4390521786058782e-08,2.8820521319671882e-08,3.5056964165922487e-08,3.4404790971772077e-08,2.7869670778330149e-08,1.7608882356101526e-08,6.2872569168473458e-09
381,1.5914082954886334e-07,1.3920615525900980e-08,2.7883308913634954e-08,3.3921949628833532e-08,3.3296359246062662e-08,2.6977354917697119e-08,1.7050261693941037e-08,6.0909796227930427e-09
382,1.5401373127721847e-07,1.3466060521582920e-08,2.6976584502308190e-08,3.2823690407226108e-08,3.2223638270392890e-08,2.6113598985996460e-08,1.6509344837756394e-08,5.9008137519555414e-09
383,1.4905181460454877e-07,1.3026355033469714e-08,2.6099355932662934e-08,3.1760995988695513e-08,3.1185477538476441e-08,2.5277489210530816e-08,1.5985571327719414e-08,5.7165695729939403e-09
384,1.4424975781490594e-07,1.2601013728521006e-08,2.5250663350870991e-08,3.0732714430535858e-08,3.0180763610308512e-08,2.4468141043426280e-08,1.5478398425897340e-08,5.5380632253459704e-09
385,1.3960241064400972e-07,1.2189567143546478e-08,2.4429578150409366e-08,2.9737731109881930e-08,2.9208418917987915e-08,2.3684698227329634e-08,1.4987300556600199e-08,5.3651165382542110e-09
386,1.3510478875552643e-07,1.1791561166029621e-08,2.3635201954435783e-08,2.8774967514362779e-08,2.8267400610012379e-08,2.2926331890961713e-08,1.4511768764377133e-08,5.1975568553470285e-09
387,1.3075206839530793e-07,1.1406556531944508e-08,2.2866665631318151e-08,2.7843380071953717e-08,2.7356699432807656e-08,2.2192239673573356e-08,1.4051310189105979e-08,5.0352168646045757e-09
388,1.2653958121785654e-07,1.1034128340009020e-08,2.2123128342237310e-08,2.6941959018755636e-08,2.6475338648290760e-08,2.1481644877380621e-08,1.3605447557637807e-08,4.8779344335453557e-09
389,1.2246280927946761e-07,1.0673865581836381e-08,2.1403776619817659e-08,2.6069727303472298e-08,2.5622372986306547e-08,2.0793795647085726e-08,1.3173718691475158e-08,4.7255524494738619e-09
390,1.1851738019268045e-07,1.0325370687464320e-08,2.0707823476774586e-08,2.5225739527395605e-08,2.4796887630813944e-08,2.0127964175618416e-08,1.2755676029978939e-08,4.5779186646346318e-09
391,1.1469906243683899e-07,9.9882590857583798e-09,2.0034507543600188e-08,2.4409080918747762e-08,2.3997997238734641e-08,1.9483445935260226e-08,1.2350886168615025e-08,4.4348855461227609e-09
392,1.1100376081973490e-07,9.6621587792022790e-09,1.9383092234341047e-08,2.3618866340266524e-08,2.3224844990411873e-08,1.8859558933340869e-08,1.1958929411766812e-08,4.2963101304054922e-09
393,1.0742751208546403e-07,9.3467099326042596e-09,1.8752864939552466e-08,2.2854239328955771e-08,2.2476601670660930e-08,1.8255642991721775e-08,1.1579399339654935e-08,4.1620538823138802e-09
394,1.0396648066378622e-07,9.0415644752637471e-09,1.8143136245543485e-08,2.2114371166958579e-08,2.1752464779425792e-08,1.7671059049306938e-08,1.1211902388919823e-08,4.0319825583678595e-09
395,1.0061695455642969e-07,8.7463857161576182e-09,1.7553239179055858e-08,2.1398459982543897e-08,2.1051657671088050e-08,1.7105188486845478e-08,1.0856057446436636e-08,3.9059660743021597e-09
396,9.7375341355927668e-08,8.4608479717197371e-09,1.6982528476548150e-08,2.0705729880230597e-08,2.0373428721505041e-08,1.6557432473313745e-08,1.0511495455945813e-08,3.7838783766645950e-09
397,9.4238164392717825e-08,8.1846362058014825e-09,1.6430379877283075e-08,2.0035430099104240e-08,1.9717050521883836e-08,1.6027211333187669e-08,1.0177859037095411e-08,3.6655973183620929e-09
398,9.1202059006371753e-08,7.9174456814144102e-09,1.5896189439442373e-08,1.9386834198412637e-08,1.9081819098626459e-08,1.5513963933937946e-08,9.8548021165042312e-09,3.5510045380336922e-09
399,8.8263768936955944e-08,7.6589816238693141e-09,1.5379372878518784e-08,1.8759239269555920e-08,1.8467053158309630e-08,1.5017147093101976e-08,9.5419895704669542e-09,3.4399853431333628e-09
400,8.5420142832653285e-08,7.4089588949385452e-09,1.4879364927259253e-08,1.8151965173615392e-08,1.7872093356989311e-08,1.4536235004307185e-08,9.2390968789345159e-09,3.3324285966090924e-09
401,8.2668130869900036e-08,7.1671016776807107e-09,1.4395618716456950e-08,1.7564353803593360e-08,1.7296301593046295e-08,1.4070718681640220e-08,8.9458097904143516e-09,3.2282266070681350e-09
402,8.0004781482412799e-08,6.9331431715786723e-09,1.3927605175912801e-08,1.6995768370562800e-08,1.6739060322814468e-08,1.3620105421775951e-08,8.6618239974464424e-09,3.1272750223216674e-09
403,7.7427238195598065e-08,6.7068252976531883e-09,1.3474812454909268e-08,1.6445592712951850e-08,1.6199771898257717e-08,1.3183918283298808e-08,8.3868448223218852e-09,3.0294727262053510e-09
404,7.4932736562948270e-08,6.4878984132256351e-09,1.3036745361560542e-08,1.5913230628213101e-08,1.5677857925985160e-08,1.2761695582667222e-08,8.1205869127211439e-09,2.9347217385754580e-09
405,7.2518601201139393e-08,6.2761210360139044e-09,1.2612924820424073e-08,1.5398105226152166e-08,1.5172758646917174e-08,1.2352990406289417e-08,7.8627739469593872e-09,2.8429271183832699e-09
406,7.0182242920649842e-08,6.0712595772559530e-09,1.2202887347778371e-08,1.4899658303213302e-08,1.4683932335937016e-08,1.1957370138195733e-08,7.6131383485360561e-09,2.7539968697334122e-09
407,6.7921155948823196e-08,5.8730880835654638e-09,1.1806184543991506e-08,1.4417349737042834e-08,1.4210854720884017e-08,1.1574416002809245e-08,7.3714210096954250e-09,2.6678418508346959e-09
408,6.5732915242396510e-08,5.6813879872337661e-09,1.1422382602423304e-08,1.3950656900673034e-08,1.3753018420265329e-08,1.1203722622332191e-08,7.1373710237141089e-09,2.5843756857547852e-09
409,6.3615173886612093e-08,5.4959478647015298e-09,1.1051061834322641e-08,1.3499074095690450e-08,1.3309932399083121e-08,1.0844897588281241e-08,6.9107454256403678e-09,2.5035146788927463e-09
410,6.1565660578122732e-08,5.3165632029327907e-09,1.0691816209198598e-08,1.3062112003773337e-08,1.2881121442193549e-08,1.0497561046719518e-08,6.6913089412188063e-09,2.4251777320861285e-09
411,5.9582177188991305e-08,5.1430361734326380e-09,1.0344252910161294e-08,1.2639297156002728e-08,1.2466125644632751e-08,1.0161345296747701e-08,6.4788337437423940e-09,2.3492862642717987e-09
412,5.7662596409171906e-08,4.9751754136583636e-09,1.0007991903744711e-08,1.2230171419371054e-08,1.2064499918363182e-08,9.8358944018305596e-09,6.2730992185818518e-09,2.2757641336221834e-09
413,5.5804859464943876e-08,4.8127958155820422e-09,9.6826655237396028e-09,1.1834291499930858e-08,1.1675813514911284e-08,9.5208638135487462e-09,6.0738917351503508e-09,2.2045375620809931e-09
414,5.4006973910852019e-08,4.6557183211704900e-09,9.3679180685800476e-09,1.1451228462044240e-08,1.1299649563384512e-08,9.2159200073788570e-09,5.8810044260690731e-09,2.1355350622247971e-09
415,5.2267011492784586e-08,4.5037697245561522e-09,9.0634054118420831e-09,1.1080567263211147e-08,1.0935604623372227e-08,8.9207401301173260e-09,5.6942369733065663e-09,2.0686873663790850e-09
416,5.0583106079897340e-08,4.3567824806799369e-09,8.7687946254271727e-09,1.0721906303971554e-08,1.0583288252250963e-08,8.6350116585761478e-09,5.5133954010719564e-09,2.0039273579196118e-09
417,4.8953451663165537e-08,4.2145945201941586e-09,8.4837636150172928e-09,1.0374856992392960e-08,1.0242322586429960e-08,8.3584320691901624e-09,5.3382918752490545e-09,1.9411900046919504e-09
418,4.7376300418417246e-08,4.0770490704206795e-09,8.2080007674017832e-09,1.0039043322670405e-08,9.9123419360878680e-09,8.0907085181872524e-09,5.1687445091650415e-09,1.8804122944842199e-09
419,4.5849960831770754e-08,3.9439944821661030e-09,7.9412046092892487e-09,9.7141014673816672e-09,9.5929923929659765e-09,7.8315575319838580e-09,5.0045771754939629e-09,1.8215331724899363e-09
420,4.4372795885465281e-08,3.8152840622022716e-09,7.6830834772302987e-09,9.3996793829549428e-09,9.2839314507972891e-09,7.5807047074790846e-09,4.8456193241015080e-09,1.7644934806998818e-09
421,4.2943221302139614e-08,3.6907759112266978e-09,7.4333551982891756e-09,9.0954364279208892e-09,8.9848276379644141e-09,7.3378844219310086e-09,4.6917058056437007e-09,1.7092358991637222e-09
422,4.1559703845675303e-08,3.5703327671235515e-09,7.1917467811141021e-09,8.8010429935345538e-09,8.6953601619921974e-09,7.1028395521089897e-09,4.5426767007379643e-09,1.6557048890639492e-09
423,4.0220759676782395e-08,3.4538218533517414e-09,6.9579941170675856e-09,8.5161801463663597e-09,8.4152185654939157e-09,6.8753212024255336e-09,4.3983771545307976e-09,1.6038466375464540e-09
424,3.8924952761563581e-08,3.3411147322922945e-09,6.7318416910889457e-09,8.2405392824741351e-09,8.1441023932019414e-09,6.6550884417607086e-09,4.2586572164918094e-09,1.5536090042537524e-09
425,3.7670893331350603e-08,3.2320871633927350e-09,6.5130423019720420e-09,7.9738217927809403e-09,7.8817208697258226e-09,6.4419080487013218e-09,4.1233716852692104e-09,1.5049414695085326e-09
426,3.6457236392160269e-08,3.1266189659514702e-09,6.3013567917514882e-09,7.7157387392953727e-09,7.6277925876921387e-09,6.2355542649259098e-09,3.9923799584470921e-09,1.4577950840967978e-09
427,3.5282680282172168e-08,3.0245938863903471e-09,6.0965537839006350e-09,7.4660105418230944e-09,7.3820452059316732e-09,6.0358085564751926e-09,3.8655458870498114e-09,1.4121224206014175e-09
428,3.4145965275680530e-08,2.9258994698685001e-09,5.8984094300542947e-09,7.2243666748294202e-09,7.1442151573902021e-09,5.8424593826559734e-09,3.7427376346437087e-09,1.3678775262384274e-09
429,3.3045872232023039e-08,2.8304269360954210e-09,5.7067071649784901e-09,6.9905453741240850e-09,6.9140473664496157e-09,5.6553019723345030e-09,3.6238275408910750e-09,1.3250158771498502e-09
430,3.1981221288037744e-08,2.7380710592058471e-09,5.5212374695186234e-09,6.7642933530497953e-09,6.6912949753562298e-09,5.4741381073831123e-09,3.5086919894158845e-09,1.2834943341082493e-09
431,3.0950870592645377e-08,2.6487300515635403e-09,5.3417976412661481e-09,6.5453655278665766e-09,6.4757190794628319e-09,5.2987759130514903e-09,3.3972112798452076e-09,1.2432710995895804e-09
432,2.9953715082200263e-08,2.5623054513654078e-09,5.1681915726923512e-09,6.3335247520338954e-09,6.2670884710005524e-09,5.1290296550412782e-09,3.2892695038945334e-09,1.2043056761722467e-09
433,2.8988685295296105e-08,2.4787020139215907e-09,5.0002295365060005e-09,6.1285415591021880e-09,6.0651793911057150e-09,4.9647195430697022e-09,3.1847544253693634e-09,1.1665588262215458e-09
434,2.8054746225755612e-08,2.3978276064912579e-09,4.8377279779995833e-09,5.9301939139347704e-09,5.8697752898357404e-09,4.8056715407148303e-09,3.0835573639594728e-09,1.1299925328199539e-09
435,2.7150896212573783e-08,2.3195931065577415e-09,4.6805093141564796e-09,5.7382669719901786e-09,5.6806665939166964e-09,4.6517171813416824e-09,2.9855730827061153e-09,1.0945699619048939e-09
436,2.6276165865624367e-08,2.2439123034304920e-09,4.5284017392988735e-09,5.5525528464036974e-09,5.4976504819734184e-09,4.5026933899148019e-09,2.8906996790262626e-09,1.0602554255768234e-09
437,2.5429617025977091e-08,2.1707018030649884e-09,4.3812390370633648e-09,5.3728503826153434e-09,5.3205306670011162e-09,4.3584423105091233e-09,2.7988384791815516e-09,1.0270143465416024e-09
438,2.4610341759710841e-08,2.0998809359953188e-09,4.2388603984981677e-09,5.1989649402997327e-09,5.1491171858451758e-09,4.2188111393369998e-09,2.7098939360832272e-09,9.9481322365221713e-10
439,2.3817461384143496e-08,2.0313716682775907e-09,4.1011102460825373e-09,5.0307081823611966e-09,4.9832261954633685e-09,4.0836519631150473e-09,2.6237735303277523e-09,9.6361959851599983e-10
440,2.3050125525434053e-08,1.9650985153456617e-09,3.9678380634755233e-09,4.8678978707652020e-09,4.8226797757519482e-09,3.9528216026001084e-09,2.5403876743610835e-09,9.3340202313452649e-10
441,2.2307511206546370e-08,1.9009884586838988e-09,3.8388982308074563e-09,4.7103576689845200e-09,4.6673057387241820e-09,3.8261814611290962e-09,2.4596496196728392e-09,9.0413002854438007e-10
442,2.1588821964596278e-08,1.8389708652248100e-09,3.7141498653336521e-09,4.5579169508457907e-09,4.5169374438366458e-09,3.7035973780027586e-09,2.3814753669246841e-09,8.7577409442793782e-10
443,2.0893286996635442e-08,1.7789774093823989e-09,3.5934566672756810e-09,4.4104106155690691e-09,4.3714136192652021e-09,3.5849394865585004e-09,2.3057835789202920e-09,8.4830561966429792e-10
444,2.0220160332955850e-08,1.7209419976350049e-09,3.4766867706812719e-09,4.2676789087996772e-09,4.2305781889390231e-09,3.4700820767823690e-09,2.2324954963271416e-09,8.2169689379136400e-10
445,1.9568720037028225e-08,1.6648006955742304e-09,3.3637125991393890e-09,4.1295672494381622e-09,4.0942801051470967e-09,3.3589034623150847e-09,2.1615348560632554e-09,7.9592106935100845e-10
446,1.8938267431216320e-08,1.6104916573392675e-09,3.2544107261923771e-09,3.9959260620804834e-09,3.9623731865377274e-09,3.2512858517116507e-09,2.0928278122647288e-09,7.7095213509008659e-10
447,1.8328126347436670e-08,1.5579550573585987e-09,3.1486617402922020e-09,3.8666106148866346e-09,3.8347159613372545e-09,3.1471152238185366e-09,2.0263028597525235e-09,7.4676488999091785e-10
448,1.7737642401960072e-08,1.5071330243235742e-09,3.0463501141527960e-09,3.7414808627017748e-09,3.7111715156198577e-09,3.0462812071368108e-09,1.9618907599196090e-09,7.2333491810565333e-10
449,1.7166182293577141e-08,1.4579695773208682e-09,2.9473640783553553e-09,3.6204012952596910e-09,3.5916073464657064e-09,2.9486769630437780e-09,1.8995244689620008e-09,7.0063856416973978e-10
450,1.6613133124374993e-08,1.4104105640531808e-09,2.8515954990680927e-09,3.5032407903038797e-09,3.4758952198499715e-09,2.8541990727497644e-09,1.8391390683796559e-09,6.7865290997044790e-10
451,1.6077901742396835e-08,1.3644036010798788e-09,2.7589397597464379e-09,3.3898724714669188e-09,3.3639110331102674e-09,2.7627474278706246e-09,1.7806716976755351e-09,6.5735575144717180e-10
452,1.5559914105479263e-08,1.3198980160114995e-09,2.6692956466840978e-09,3.2801735707539303e-09,3.2555346818450450e-09,2.6742251245003753e-09,1.7240614891833886e-09,6.3672557650092560e-10
453,1.5058614665585055e-08,1.2768447915942014e-09,2.5825652382895443e-09,3.1740252954809467e-09,3.1506499311001547e-09,2.5885383606720396e-09,1.6692495049570184e-09,6.1674154349114898e-10
454,1.4573465772971163e-08,1.2351965116223458e-09,2.4986537979666393e-09,3.0713126995238453e-09,3.0491442907054523e-09,2.5055963370983707e-09,1.6161786756558979e-09,5.9738346039861324e-10
455,1.4103947099552831e-08,1.1949073086194055e-09,2.4174696704820233e-09,2.9719245587381544e-09,2.9509088946277193e-09,2.4253111610875903e-09,1.5647937413640676e-09,5.7863176463386991e-10
456,1.3649555080845373e-08,1.1559328132293632e-09,2.3389241817057312e-09,2.8757532504145965e-09,2.8558383842105182e-09,2.3475977535326148e-09,1.5150411942812378e-09,5.6046750347131158e-10
457,1.3209802375885171e-08,1.1182301052626469e-09,2.2629315416151975e-09,2.7826946366396024e-09,2.7638307951757580e-09,2.2723737588755020e-09,1.4668692232269318e-09,5.4287231508953184e-10
458,1.2784217344550550e-08,1.0817576663424925e-09,2.1894087504563876e-09,2.6926479514342650e-09,2.6747874482657596e-09,2.1995594579519838e-09,1.4202276599003960e-09,5.2582841019926448e-10
459,1.2372343541722021e-08,1.0464753340993768e-09,2.1182755079592535e-09,2.6055156915493047e-09,2.5886128434085570e-09,2.1290776836239914e-09,1.3750679268407828e-09,5.0931855424075504e-10
460,1.1973739227739344e-08,1.0123442578628951e-09,2.0494541255080620e-09,2.5212035107975862e-09,2.5052145572929095e-09,2.0608537391110200e-09,1.3313429870338908e-09,4.9332605013297898e-10
461,1.1587976894630361e-08,9.7932685580210620e-10,1.9828694411703876e-09,2.4396201178095687e-09,2.4245031442431735e-09,1.9948153189340460e-09,1.2890072951134190e-09,4.7783472155766002e-10
462,1.1214642807603519e-08,9.4738677346696526e-10,1.9184487374916822e-09,2.3606771771007799e-09,2.3463920402877312e-09,1.9308924323884414e-09,1.2480167501063502e-09,4.6282889676156681e-10
463,1.0853336561312248e-08,9.1648884368502667e-10,1.8561216619653848e-09,2.2842892133440052e-09,2.2707974703180767e-09,1.8690173294650235e-09,1.2083286496736579e-09,4.4829339286107532e-10
464,1.0503670650415400e-08,8.8659904776909030e-10,1.7958201500914522e-09,2.2103735187423563e-09,2.1976383582389953e-09,1.8091244291409499e-09,1.1699016457990797e-09,4.3421350063347608e-10
465,1.0165270053973014e-08,8.5768447799291509e-10,1.7374783509390348e-09,2.1388500634027491e-09,2.1268362400134655e-09,1.7511502499646787e-09,1.1326957018801885e-09,4.2057496977998365e-10
466,9.8377718332318357e-09,8.2971330129353216e-10,1.6810325551317689e-09,2.0696414086125830e-09,2.0583151795090245e-09,1.6950333428616275e-09,1.0966720511774316e-09,4.0736399464586851e-10
467,9.5208247423690712e-09,8.0265472416004304e-10,1.6264211251768070e-09,2.0026726229255531e-09,1.9920016870553433e-09,1.6407142260895225e-09,1.0617931565782226e-09,3.9456720038358097e-10
468,9.2140888517769875e-09,7.7647895867009645e-10,1.5735844280612819e-09,1.9378712009655849e-09,1.9278246406256642e-09,1.5881353222746831e-09,1.0280226716345060e-09,3.8217162954517072e-10
469,8.9172351834842607e-09,7.5115718963651834e-10,1.5224647700423813e-09,1.8751669848608256e-09,1.8657152095575597e-09,1.5372408974627017e-09,9.9532540283354472e-10,3.7016472909072928e-10
470,8.6299453583231163e-09,7.2666154282778608e-10,1.4730063335596186e-09,1.8144920882224811e-09,1.8056067807312106e-09,1.4879770021190919e-09,9.6366727306293843e-10,3.5853433779998877e-10
471,8.3519112544637908e-09,7.0296505422723184e-10,1.4251551162002057e-09,1.7557808225860514e-09,1.7474348871260266e-09,1.4402914140175448e-09,9.3301528623212082e-10,3.4726867407460965e-10
472,8.0828346769501330e-09,6.8004164029700874e-10,1.3788588716506911e-09,1.6989696262351832e-09,1.6911371386789831e-09,1.3941335829554264e-09,9.0333749301376979e-10,3.3635632411907191e-10
473,7.8224270378818869e-09,6.5786606921396159e-10,1.3340670525701958e-09,1.6439969953309499e-09,1.6366531553705188e-09,1.3494545772380787e-09,8.7460295766972376e-10,3.2578623048845752e-10
474,7.5704090469006500e-09,6.3641393304562371e-10,1.2907307553226905e-09,1.5908034172718691e-09,1.5839245024662326e-09,1.3062070318753500e-09,8.4678172592710959e-10,3.1554768099177427e-10
475,7.3265104116475826e-09,6.1566162083559449e-10,1.2488026665077977e-09,1.5393313062123835e-09,1.5328946278449176e-09,1.2643450984355944e-09,8.1984479387147800e-10,3.0563029793981699e-10
476,7.0904695478715626e-09,5.9558629256856592e-10,1.2082370112315591e-09,1.4895249406698820e-09,1.4835088013457277e-09,1.2238243965041364e-09,7.9376407782478417e-10,2.9602402772690658e-10
477,6.8620332988768901e-09,5.7616585398623249e-10,1.1689895030605391e-09,1.4413304031525933e-09,1.4357140560694115e-09,1.1846019666948718e-09,7.6851238517707118e-10,2.8671913073617143e-10
478,6.6409566640096676e-09,5.5737893222626344e-10,1.1310172956044547e-09,1.3946955217428866e-09,1.3894591315706705e-09,1.1466362251653391e-09,7.4406338614169670e-10,2.7770617155835690e-10
479,6.4270025358916060e-09,5.3920485225742537e-10,1.0942789356743253e-09,1.3495698135726267e-09,1.3446944188807083e-09,1.1098869195871716e-09,7.2039158640489147e-10,2.6897600951445723e-10
480,6.2199414461194864e-09,5.2162361408482306e-10,1.0587343179648511e-09,1.3059044301292926e-09,1.3013719073010082e-09,1.0743150865253785e-09,6.9747230064137018e-10,2.6051978947276282e-10
481,6.0195513191575083e-09,5.0461587070008004e-10,1.0243446412114079e-09,1.2636521043335462e-09,1.2594451329112752e-09,1.0398830101813936e-09,6.7528162686859921e-10,2.5232893295120577e-10
482,5.8256172341585763e-09,4.8816290675210059e-10,9.9107236577365175e-10,1.2227670993308671e-09,1.2188691287363176e-09,1.0065541824562723e-09,6.5379642161319651e-10,2.4439512949616979e-10
483,5.6379311944590787e-09,4.7224661791485597e-10,9.5888117259929983e-10,1.1832051589417207e-09,1.1796003765184187e-09,9.7429326429181048e-10,6.3299427586377324e-10,2.3671032832920029e-10
484,5.4562919044999417e-09,4.5684949092940290e-10,9.2773592352315906e-10,1.1449234597165373e-09,1.1415967600434763e-09,9.4306604824870532e-10,6.1285349178534356e-10,2.2926673025331743e-10
485,5.2805045539346892e-09,4.4195458429809513e-10,8.9760262285794031e-10,1.1078805645435082e-09,1.1048175199708518e-09,9.1283942228219485e-10,5.9335306017120861e-10,2.2205677981088923e-10
486,5.1103806086929780e-09,4.2754550960966070e-10,8.6844838023481140e-10,1.0720363777588995e-09,1.0692232101184814e-09,8.8358133467686708e-10,5.7447263860898677e-10,2.1507315768527079e-10
487,4.9457376087755244e-09,4.1360641347452405e-10,8.4024137465300963e-10,1.0373521017112096e-09,1.0347756551563669e-09,8.5526076010356144e-10,5.5619253033819592e-10,2.0830877333865644e-10
488,4.7863989725635279e-09,4.0012196005042059e-10,8.1295081969915958e-10,1.0037901947320731e-09,1.0014379096630687e-09,8.2784766676247004e-10,5.3849366377751056e-10,2.0175675787882408e-10
489,4.6321938074327384e-09,3.8707731413900580e-10,7.8654692989822392e-10,9.7131433046834127e-10,9.6917421850129396e-10,8.0131298457769003e-10,5.2135757270050531e-10,1.9541045714767826e-10
490,4.4829567264690498e-09,3.7445812483479315e-10,7.6100088815925616e-10,9.3988935853124734e-10,9.3794997847007690e-10,7.7562857440959415e-10,5.0476637703936591e-10,1.8926342502471642e-10
491,4.3385276710890111e-09,3.6225050970836405e-10,7.3628481428031896e-10,9.0948126641998797e-10,9.0773170119242413e-10,7.5076719825246000e-10,4.8870276429670084e-10,1.8330941693875547e-10
492,4.1987517393750589e-09,3.5044103950638469e-10,7.1237173447809739e-10,8.8005714267844312e-10,8.7848697719862394e-10,7.2670249038583851e-10,4.7314997154620853e-10,1.7754238358146273e-10
493,4.0634790199413222e-09,3.3901672335153468e-10,6.8923555190885370e-10,8.5158514124508375e-10,8.5018444116669626e-10,7.0340892944915163e-10,4.5809176800356913e-10,1.7195646481643227e-10
494,3.9325644311518407e-09,3.2796499442600691e-10,6.6685101814846241e-10,8.2403444695742298e-10,8.2279373828270338e-10,6.8086181140998629e-10,4.4351243814951499e-10,1.6654598377774439e-10
495,3.8058675655187531e-09,3.1727369612277019e-10,6.4519370560030718e-10,7.9737524217360564e-10,7.9628549168484233e-10,6.5903722339749160e-10,4.2939676538760593e-10,1.6130544115213028e-10
496,3.6832525391135467e-09,3.0693106864930485e-10,6.2423998080084413e-10,7.7157867447495499e-10,7.7063127095640466e-10,6.3791201837320418e-10,4.1573001621978673e-10,1.5622950963904715e-10
497,3.5645878458299027e-09,2.9692573606902046e-10,6.0396697859361566e-10,7.4661682541445913e-10,7.4580356163380825e-10,6.1746379061251337e-10,4.0249792492334085e-10,1.5131302858314525e-10
498,3.4497462163417955e-09,2.8724669376604999e-10,5.8435257714345187e-10,7.2246268027731825e-10,7.2177573569700067e-10,5.9767085197082618e-10,3.8968667871337006e-10,1.4655099877377832e-10
499,3.3386044816055912e-09,2.7788329631958083e-10,5.6537537376351464e-10,6.9909009882077074e-10,6.9852202301058411e-10,5.7851220890933364e-10,3.7728290337543328e-10,1.4193857740637380e-10
500,3.2310434407597539e-09,2.6882524577433660e-10,5.4701466152873176e-10,6.7647378696147731e-10,6.7601748368503168e-10,5.5996754025607287e-10,3.6527364935346229e-10,1.3747107320064115e-10
501,3.1269477332804724e-09,2.6006258029426138e-10,5.2925040665003016e-10,6.5458926937977198e-10,6.5423798132835332e-10,5.4201717567876030e-10,3.5364637827854473e-10,1.3314394167075002e-10
502,3.0262057152560944e-09,2.5158566318688196e-10,5.1206322658460755e-10,6.3341286301108023e-10,6.3316015715952144e-10,5.2464207484662458e-10,3.4238894992461652e-10,1.2895278054276196e-10
503,2.9287093396476759e-09,2.4338517228623097e-10,4.9543436885828979e-10,6.1292165139577029e-10,6.1276140495589412e-10,5.0782380725919507e-10,3.3148960957755119e-10,1.2489332531474447e-10
504,2.8343540404072182e-09,2.3545208968261390e-10,4.7934569057680259e-10,5.9309345985963197e-10,5.9301984680776737e-10,4.9154453272070587e-10,3.2093697580455846e-10,1.2096144495513808e-10
505,2.7430386203293090e-09,2.2777769178788199e-10,4.6377963860353655e-10,5.7390683149807752e-10,5.7391430965405002e-10,4.7578698243945960e-10,3.1072002861121935e-10,1.1715313773508387e-10
506,2.6546651425158911e-09,2.2035353972524660e-10,4.4871923038211883e-10,5.5534100393803533e-10,5.5542430257389951e-10,4.6053444073215461e-10,3.0082809797388416e-10,1.1346452719055183e-10
507,2.5691388253377471e-09,2.1317147003302830e-10,4.3414803538280702e-10,5.3737588685234394e-10,5.3752999480995896e-10,4.4577072731381931e-10,2.9125085273555051e-10,1.0989185821023923e-10
508,2.4863679407800523e-09,2.0622358567208007e-10,4.2005015715240593e-10,5.1999204020227603e-10,5.2021219449962952e-10,4.3148018015461600e-10,2.8197828985371174e-10,1.0643149324533297e-10
509,2.4062637160629606e-09,1.9950224732696058e-10,4.0641021594806920e-10,5.0317065318460755e-10,5.0345232809156435e-10,4.1764763888537669e-10,2.7300072398903202e-10,1.0307990863735038e-10
510,2.3287402384317220e-09,1.9300006499125738e-10,3.9321333193598446e-10,4.8689352386041245e-10,4.8723242042530909e-10,4.0425842873431238e-10,2.6430877742405512e-10,9.9833691060391032e-11
511,2.2537143630142069e-09,1.8670988982777381e-10,3.8044510893656306e-10,4.7114303944350461e-10,4.7153507545272359e-10,3.9129834497790027e-10,2.5589337030149694e-10,9.6689534074244365e-11
512,2.1811056236470199e-09,1.8062480629459703e-10,3.6809161869834926e-10,4.5590215722715995e-10,4.5634345758050902e-10,3.7875363788949488e-10,2.4774571117200048e-10,9.3644234784909590e-11
513,2.1108361465745646e-09,1.7473812452835876e-10,3.5613938568344663e-10,4.4115438612844678e-10,4.4164127361382901e-10,3.6661099816973856e-10,2.3985728784155492e-10,9.0694690609189601e-11
514,2.0428305669284881e-09,1.6904337297628330e-10,3.4457537234781694e-10,4.2688376883016336e-10,4.2741275528166063e-10,3.5485754284335276e-10,2.3221985850908630e-10,8.7837896140124788e-11
515,1.9770159478979494e-09,1.6353429126889347e-10,3.3338696490034965e-10,4.1307486450102326e-10,4.1364264232513176e-10,3.4348080160738660e-10,2.2482544318503224e-10,8.5070940110132659e-11
516,1.9133217025040009e-09,1.5820482332550985e-10,3.2256195952512385e-10,3.9971273207536624e-10,4.0031616613070792e-10,3.3246870361647716e-10,2.1766631538199980e-10,8.2391002448816293e-11
517,1.8516795178941943e-09,1.5304911068493677e-10,3.1208854905179124e-10,3.8678291407426737e-10,3.8741903389067499e-10,3.2180956469113590e-10,2.1073499406888949e-10,7.9795351432498618e-11
518,1.7920232820762172e-09,1.4806148605397588e-10,3.0195531005950122e-10,3.7427142095051547e-10,3.7493741327392874e-10,3.1149207493552486e-10,2.0402423588014052e-10,7.7281340922630859e-11
519,1.7342890130119784e-09,1.4323646706665049e-10,2.9215119040025946e-10,3.6216471594049043e-10,3.6285791759063206e-10,3.0150528675161824e-10,1.9752702757201588e-10,7.4846407690311824e-11
520,1.6784147899960920e-09,1.3856875024725471e-10,2.8266549712807682e-10,3.5044970040652579e-10,3.5116759143482713e-10,2.9183860323706531e-10,1.9123657871810202e-10,7.2488068824240395e-11
521,1.6243406872451709e-09,1.3405320517056777e-10,2.7348788482070249e-10,3.3911369965386940e-10,3.3985389678960505e-10,2.8248176695447413e-10,1.8514631463644564e-10,7.0203919219506432e-11
522,1.5720087096266933e-09,1.2968486881279109e-10,2.6460834428117141e-10,3.2814444920687321e-10,3.2890469957993020e-10,2.7342484906023165e-10,1.7924986954098953e-10,6.7991629144706026e-11
523,1.5213627304585192e-09,1.2545894008697658e-10,2.5601719160680651e-10,3.1753008152953976e-10,3.1830825665869771e-10,2.6465823878135266e-10,1.7354107991020123e-10,6.5848941884944716e-11
524,1.4723484313123421e-09,1.2137077455691784e-10,2.4770505761372288e-10,3.0725911317603363e-10,3.0805320321206482e-10,2.5617263322922087e-10,1.6801397806601429e-10,6.3773671458367941e-11
525,1.4249132437565135e-09,1.1741587932367345e-10,2.3966287760526646e-10,2.9732043235723470e-10,2.9812854057055030e-10,2.4795902753943889e-10,1.6266278595641854e-10,6.1763700403931298e-11
526,1.3790062929757607e-09,1.1358990807908219e-10,2.3188188147319839e-10,2.8770328690985860e-10,2.8852362441282762e-10,2.4000870532735265e-10,1.5748190913524736e-10,5.9816977638193947e-11
527,1.3345783432073296e-09,1.0988865632081393e-10,2.2435358412080009e-10,2.7839727265510830e-10,2.7922815334956098e-10,2.3231322944914565e-10,1.5246593093291325e-10,5.7931516378987503e-11
528,1.2915817449350304e-09,1.0630805672367861e-10,2.1706977619742558e-10,2.6939232213424104e-10,2.7023215787503987e-10,2.2486443305872381e-10,1.4760960681204247e-10,5.6105392133879056e-11
529,1.2499703837845523e-09,1.0284417466208839e-10,2.1002251513436908e-10,2.6067869370884592e-10,2.6152598967476318e-10,2.1765441095092530e-10,1.4290785890214863e-10,5.4336740751411917e-11
530,1.2096996310652369e-09,9.9493203878734377e-11,2.0320411647224592e-10,2.5224696101401960e-10,2.5310031127750448e-10,2.1067551118188977e-10,1.3835577070767295e-10,5.2623756533169880e-11
531,1.1707262959052639e-09,9.6251462294701441e-11,1.9660714547040237e-10,2.4408800275301348e-10,2.4494608604076082e-10,2.0392032695771775e-10,1.3394858198389643e-10,5.0964690404771802e-11
532,1.1330085789289176e-09,9.3115387956400083e-11,1.9022440898918122e-10,2.3619299282229348e-10,2.3705456845884362e-10,1.9738168878283265e-10,1.2968168377540488e-10,4.9357848143961716e-11
533,1.0965060274262462e-09,9.0081535114845822e-11,1.8404894763616511e-10,2.2855339075631306e-10,2.2941729478321743e-10,1.9105265685973336e-10,1.2555061361195458e-10,4.7801588664016947e-11
534,1.0611794919670411e-09,8.7146570432962671e-11,1.7807402816781218e-10,2.2116093248164549e-10,2.2202607394502700e-10,1.8492651373209147e-10,1.2155105085675070e-10,4.6294322350751647e-11
535,1.0269910844125952e-09,8.4307269316727894e-11,1.7229313613817420e-10,2.1400762137045853e-10,2.1487297877007623e-10,1.7899675716340416e-10,1.1767881220230740e-10,4.4834509451446770e-11
536,9.9390413728021431e-10,8.1560512366113137e-11,1.6669996878666154e-10,2.0708571958363685e-10,2.0795033747683746e-10,1.7325709324366319e-10,1.1392984730921287e-10,4.3420658514089289e-11
537,9.6188316441689653e-10,7.8903281941907857e-11,1.6128842815707789e-10,2.0038773969417383e-10,2.0125072544837255e-10,1.6770142971674178e-10,1.1030023458326885e-10,4.2051324875353816e-11
538,9.3089382294000125e-10,7.6332658844640217e-11,1.5605261444040188e-10,1.9390643658175622e-10,1.9476695726934087e-10,1.6232386952143472e-10,1.0678617708661924e-10,4.0725109195808048e-11
539,9.0090287640408982e-10,7.3845819101933188e-11,1.5098681953403777e-10,1.8763479958976012e-10,1.8849207901955430e-10,1.5711870453931274e-10,1.0338399857862055e-10,3.9440656040871187e-11
540,8.7187815915443506e-10,7.1440030860754018e-11,1.4608552081049432e-10,1.8156604493616165e-10,1.8241936081581282e-10,1.5208040954277134e-10,1.0009013968234121e-10,3.8196652506099705e-11
541,8.4378854182896401e-10,6.9112651381130556e-11,1.4134337508867825e-10,1.7569360837013913e-10,1.7654228959402343e-10,1.4720363633686594e-10,9.6901154172707341e-11,3.6991826885419376e-11
542,8.1660389797163977e-10,6.6861124128020474e-11,1.3675521280121366e-10,1.7001113806641160e-10,1.7085456212385959e-10,1.4248320808873032e-10,9.3813705382438836e-11,3.5824947380965280e-11
543,7.9029507172147061e-10,6.4682975958126633e-11,1.3231603235140987e-10,1.6451248774961584e-10,1.6535007824846976e-10,1.3791411383857408e-10,9.0824562722041342e-11,3.4694820853233127e-11
544,7.6483384654249508e-10,6.2575814398558010e-11,1.2802099465370975e-10,1.5919171004127224e-10,1.6002293434198558e-10,1.3349150318644580e-10,8.7930598310238118e-11,3.3600291610285538e-11
545,7.4019291496120374e-10,6.0537325014335963e-11,1.2386541785165068e-10,1.5404305002213303e-10,1.5486741697781091e-10,1.2921068114913682e-10,8.5128783711340349e-11,3.2540240234795987e-11
546,7.1634584927894225e-10,5.8565268861843661e-11,1.1984477220756403e-10,1.4906093900293771e-10,1.4987799680090257e-10,1.2506710318177790e-10,8.2416186776165509e-11,3.1513582447750807e-11
547,6.9326707322788292e-10,5.6657480025412236e-11,1.1595467515842800e-10,1.4423998849682831e-10,1.4504932259746970e-10,1.2105637035885771e-10,7.9789968583220323e-11,3.0519268007666580e-11
548,6.7093183454016708e-10,5.4811863234327691e-11,1.1219088653246919e-10,1.3957498438689432e-10,1.4037621555573222e-10,1.1717422470955902e-10,7.7247380476969199e-11,2.9556279644215502e-11
549,6.4931617840079676e-10,5.3026391557632179e-11,1.0854930392128450e-10,1.3506088128252921e-10,1.3585366371158179e-10,1.1341654470247307e-10,7.4785761200110070e-11,2.8623632025185934e-11
550,6.2839692175580371e-10,5.1299104174179066e-11,1.0502595820242607e-10,1.3069279705848503e-10,1.3147681657318981e-10,1.0977934087490950e-10,7.2402534116875754e-11,2.7720370755738567e-11
551,6.0815162844814345e-10,4.9628104215483689e-11,1.0161700920755465e-10,1.2646600757070931e-10,1.2724097991879569e-10,1.0625875160217372e-10,7.0095204524475360e-11,2.6845571408951085e-11
552,5.8855858515464295e-10,4.8011556678992425e-11,9.8318741531427813e-11,1.2237594154324058e-10,1.2314161076209699e-10,1.0285103900232993e-10,6.7861357049879805e-11,2.5998338586675404e-11
553,5.6959677809819825e-10,4.6447686409470437e-11,9.5127560477142152e-11,1.1841817562062356e-10,1.1917431247984157e-10,9.9552584972113228e-11,6.5698653129245298e-11,2.5177805009762063e-11
554,5.5124587051024299e-10,4.4934776146283231e-11,9.2039988133198547e-11,1.1458842958048475e-10,1.1533483009639551e-10,9.6359887349791491e-11,6.3604828567353929e-11,2.4383130636735584e-11
555,5.3348618081931663e-10,4.3471164634420303e-11,8.9052659578103071e-11,1.1088256170108327e-10,1.1161904572023002e-10,9.3269556200913298e-11,6.1577691174533417e-11,2.3613501810033286e-11
556,5.1629866154234008e-10,4.2055244797179071e-11,8.6162319208355982e-11,1.0729656427881840e-10,1.0802297412743290e-10,9.0278310223007393e-11,5.9615118478598853e-11,2.2868130428947555e-11
557,4.9966487885595869e-10,4.0685461968495432e-11,8.3365817185816109e-11,1.0382655929083921e-10,1.0454275848750725e-10,8.7382973265425589e-11,5.7715055509436768e-11,2.2146253148438305e-11
558,4.8356699282604204e-10,3.9360312182973301e-11,8.0660106000558365e-11,1.0046879419805773e-10,1.0117466622687402e-10,8.4580470960642527e-11,5.5875512653927568e-11,2.1447130603008442e-11
559,4.6798773827413802e-10,3.8078340521728724e-11,7.8042237145468514e-11,9.7219637884020424e-11,9.7915085025641341e-11,8.1867827463444071e-11,5.4094563578974951e-11,2.0770046654860060e-11
560,4.5291040626035988e-10,3.6838139512226028e-11,7.5509357898941532e-11,9.4075576725238556e-11,9.4760518943347679e-11,7.9242162294550172e-11,5.2370343220482239e-11,2.0114307665573623e-11
561,4.3831882616284335e-10,3.5638347580342830e-11,7.3058708212168048e-11,9.1033210788721896e-11,9.1707584669523051e-11,7.6700687285328217e-11,5.0701045836183432e-11,1.9479241790575882e-11
562,4.2419734833455996e-10,3.4477647552958529e-11,7.0687617697607698e-11,8.8089250152596906e-11,8.8753007895047578e-11,7.4240703620360714e-11,4.9084923120303357e-11,1.8864198295685168e-11
563,4.1053082731887897e-10,3.3354765209416357e-11,6.8393502715358978e-11,8.5240511345824619e-11,8.5893619800414963e-11,7.1859598974733722e-11,4.7520282378085584e-11,1.8268546895044771e-11
564,3.9730460560588188e-10,3.2268467880263231e-11,6.6173863554242110e-11,8.2483913903162076e-11,8.3126353657135190e-11,6.9554844743013822e-11,4.6005484758288638e-11,1.7691677109776791e-11
565,3.8450449791200444e-10,3.1217563091723511e-11,6.4026281704514991e-11,7.9816477031636612e-11,8.0448241538630912e-11,6.7323993356977527e-11,4.4538943541811553e-11,1.7132997646709291e-11
566,3.7211677596614764e-10,3.0200897254413502e-11,6.1948417219242632e-11,7.7235316384922029e-11,7.7856411137100074e-11,6.5164675689251530e-11,4.3119122484667764e-11,1.6591935796550124e-11
567,3.6012815378594043e-10,2.9217354394852056e-11,5.9938006161437196e-11,7.4737640942123898e-11,7.5348082682930933e-11,6.3074598540113100e-11,4.1744534213583246e-11,1.6067936850899997e-11
568,3.4852577342836147e-10,2.8265854928369950e-11,5.7992858134179727e-11,7.2320749987593463e-11,7.2920565963365330e-11,6.1051542204787725e-11,4.0413738672548876e-11,1.5560463537516468e-11
569,3.3729719119943971e-10,2.7345354472066348e-11,5.6110853891025309e-11,6.9982030188499400e-11,7.0571257437212779e-11,5.9093358118666671e-11,3.9125341618710493e-11,1.5068995473258796e-11
570,3.2643036430824080e-10,2.6454842696504791e-11,5.4289943024080921e-11,6.7718952766992459e-11,6.8297637442520973e-11,5.7197966577949442e-11,3.7877993166030873e-11,1.4593028634161349e-11
571,3.1591363795082736e-10,2.5593342214883870e-11,5.2528141727230762e-11,6.5529070763900803e-11,6.6097267494207628e-11,5.5363354533295814e-11,3.6670386375207973e-11,1.4132074842100488e-11
572,3.0573573281034052e-10,2.4759907508459077e-11,5.0823530632065315e-11,6.3410016390992650e-11,6.3967787668755643e-11,5.3587573454149887e-11,3.5501255888381381e-11,1.3685661267536544e-11
573,2.9588573295979513e-10,2.3953623887032244e-11,4.9174252714150268e-11,6.1359498468938929e-11,6.1906914073166398e-11,5.1868737261473044e-11,3.4369376607205708e-11,1.3253329947828571e-11
574,2.8635307415461578e-10,2.3173606483363724e-11,4.7578511267348282e-11,5.9375299948201686e-11,5.9912436395456815e-11,5.0205020326695223e-11,3.3273562412914706e-11,1.2834637320635333e-11
575,2.7712753250235532e-10,2.2418999280399751e-11,4.6034567943980823e-11,5.7455275510163372e-11,5.7982215534072771e-11,4.8594655534764087e-11,3.2212664927043476e-11,1.2429153771931056e-11
576,2.6819921349744682e-10,2.1688974170243710e-11,4.4540740858689392e-11,5.5597349245899621e-11,5.6114181303676825e-11,4.7035932409239702e-11,3.1185572311518358e-11,1.2036463198179222e-11
577,2.5955854140922547e-10,2.0982730043834899e-11,4.3095402753925078e-11,5.3799512410081807e-11,5.4306330214849183e-11,4.5527195297447608e-11,3.0191208106864996e-11,1.1656162582221864e-11
578,2.5119624901184106e-10,2.0299491910332440e-11,4.1696979225062664e-11,5.2059821247577199e-11,5.2556723325320970e-11,4.4066841613767215e-11,2.9228530107324891e-11,1.1287861582455731e-11
579,2.4310336764504625e-10,1.9638510045234390e-11,4.0343947003200818e-11,5.0376394890393416e-11,5.0863484160435054e-11,4.2653320139193863e-11,2.8296529271708806e-11,1.0931182134879888e-11
580,2.3527121759519841e-10,1.8999059166294163e-11,3.9034832293772682e-11,4.8747413322689838e-11,4.9224796700604209e-11,4.1285129375372332e-11,2.7394228668852737e-11,1.0585758067612458e-11
581,2.2769139878616211e-10,1.8380437636326731e-11,3.7768209169152576e-11,4.7171115411652579e-11,4.7638903433607983e-11,3.9960815951357505e-11,2.6520682456578135e-11,1.0251234727486592e-11
582,2.2035578177012486e-10,1.7781966692026832e-11,3.6542698013503152e-11,4.5645797002100860e-11,4.6104103469639526e-11,3.8678973081413711e-11,2.5674974893092760e-11,9.9272686183480195e-12
583,2.1325649900866572e-10,1.7202989697950014e-11,3.5356964018164731e-11,4.4169809072761690e-11,4.4618750717080552e-11,3.7438239072218005e-11,2.4856219379802444e-11,9.6135270506882854e-12
584,2.0638593643472465e-10,1.6642871424835209e-11,3.4209715725943478e-11,4.2741555952216573e-11,4.3181252117048091e-11,3.6237295877885542e-11,2.4063557534536568e-11,9.3096878022591777e-12
585,1.9973672528642299e-10,1.6100997351474159e-11,3.3099703622708936e-11,4.1359493592588486e-11,4.1790065934819478e-11,3.5074867701285294e-11,2.3296158294221732e-11,9.0154387893248920e-12
586,1.9330173420397685e-10,1.5576772989359104e-11,3.2025718774762631e-11,4.0022127899100194e-11,4.0443700106303121e-11,3.3949719640163738e-11,2.2553217046068766e-11,8.7304777482192802e-12
587,1.8707406158122695e-10,1.5069623229365246e-11,3.0986591510489944e-11,3.8728013113695143e-11,3.9140710637781587e-11,3.2860656376641467e-11,2.1833954786367794e-11,8.4545119268857795e-12
588,1.8104702816358233e-10,1.4578991709748710e-11,2.9981190144855583e-11,3.7475750250970913e-11,3.7879700057210859e-11,3.1806520908693684e-11,2.1137617306014791e-11,8.1872577860878043e-12
589,1.7521416988443829e-10,1.4104340204764198e-11,2.9008419745349751e-11,3.6263985584731932e-11,3.6659315915414500e-11,3.0786193322269900e-11,2.0463474401921000e-11,7.9284407099870428e-12
590,1.6956923093238669e-10,1.3645148033229430e-11,2.8067220938037701e-11,3.5091409183522793e-11,3.5478249335565533e-11,2.9798589602751361e-11,1.9810819113483311e-11,7.6777947257965657e-12
591,1.6410615704178191e-10,1.3200911486385172e-11,2.7156568752408774e-11,3.3956753493556794e-11,3.4335233609400109e-11,2.8842660484486304e-11,1.9178966983319890e-11,7.4350622322248549e-12
592,1.5881908899946751e-10,1.2771143274421142e-11,2.6275471503763864e-11,3.2858791967505370e-11,3.3229042838657486e-11,2.7917390337183463e-11,1.8567255341500597e-11,7.1999937364355987e-12
593,1.5370235636069894e-10,1.2355371991058519e-11,2.5422969711920823e-11,3.1796337737664065e-11,3.2158490620289283e-11,2.7021796087983354e-11,1.7975042612526070e-11,6.9723475992568389e-12
594,1.4875047136752244e-10,1.1953141595599757e-11,2.4598135055057371e-11,3.0768242332058532e-11,3.1122428774027716e-11,2.6154926178064645e-11,1.7401707644333158e-11,6.7518897883812520e-12
595,1.4395812306308805e-10,1.1564010911875559e-11,2.3800069357549232e-11,2.9773394432100669e-11,3.0119746110948395e-11,2.5315859552679476e-11,1.6846649058627221e-11,6.5383936393074895e-12
596,1.3932017159558379e-10,1.1187553143537569e-11,2.3027903610698446e-11,2.8810718670449897e-11,2.9149367241706615e-11,2.4503704683547057e-11,1.6309284621863970e-11,6.3316396237802459e-12
597,1.3483164270568220e-10,1.0823355405163267e-11,2.2280797025282805e-11,2.7879174467778278e-11,2.8210251423169260e-11,2.3717598622569086e-11,1.5789050636225140e-11,6.1314151254943545e-12
598,1.3048772239158655e-10,1.0471018268657085e-11,2.1557936114891915e-11,2.6977754907180157e-11,2.7301391442205121e-11,2.2956706085863825e-11,1.5285401349952966e-11,5.9375142228354943e-12
599,1.2628375174595567e-10,1.0130155324448453e-11,2.0858533809049304e-11,2.6105485645007840e-11,2.6421812535436573e-11,2.2220218567147661e-11,1.4797808386428633e-11,5.7497374784371978e-12
600,1.2221522195916885e-10,9.8003927570039176e-12,2.0181828595152273e-11,2.5261423856954338e-11,2.5570571343794010e-11,2.1507353479524148e-11,1.4325760191399389e-11,5.5678917353407749e-12
601,1.1827776948357305e-10,9.4813689341862060e-12,1.9527083688292909e-11,2.4444657218242171e-11,2.4746754900751764e-11,2.0817353324770685e-11,1.3868761497777922e-11,5.3917899195513738e-12
602,1.1446717135352474e-10,9.1727340100083011e-12,1.8893586228053861e-11,2.3654302916814513e-11,2.3949479653160412e-11,2.0149484889241963e-11,1.3426332807455781e-11,5.2212508487898920e-12
603,1.1077934065620810e-10,8.8741495403454260e-12,1.8280646501402257e-11,2.2889506698460243e-11,2.3177890513625298e-11,1.9503038465537672e-11,1.2998009889590490e-11,5.0560990472467254e-12
604,1.0721032214837127e-10,8.5852881111820910e-12,1.7687597190833341e-11,2.2149441942839448e-11,2.2431159943414882e-11,1.8877327099109144e-11,1.2583343294843031e-11,4.8961645661493514e-12
605,1.0375628801427985e-10,8.3058329789851002e-12,1.7113792646943286e-11,2.1433308769409198e-11,2.1708487064915410e-11,1.8271685859006124e-11,1.2181897885059064e-11,4.7412828099616781e-12
606,1.0041353376033800e-10,8.0354777228068549e-12,1.6558608184637039e-11,2.0740333172281778e-11,2.1009096802679925e-11,1.7685471131990427e-11,1.1793252377903245e-11,4.5912943680387408e-12
607,9.7178474241974116e-11,7.7739259077361653e-12,1.6021439402203128e-11,2.0069766183078982e-11,2.0332239052150448e-11,1.7118059939267859e-11,1.1416998905971677e-11,4.4460448515658491e-12
608,9.4047639818529533e-11,7.5208907593262586e-12,1.5501701522512113e-11,1.9420883060876301e-11,1.9677187875161688e-11,1.6568849275114034e-11,1.1052742589922489e-11,4.3053847356166457e-12
609,9.1017672632026928e-11,7.2760948486418235e-12,1.4998828755619701e-11,1.8792982508360243e-11,1.9043240721363577e-11,1.6037255466692635e-11,1.0700101125179267e-11,4.1691692061696870e-12
610,8.8085323005826723e-11,7.0392697875785446e-12,1.4512273682078839e-11,1.8185385913350372e-11,1.8429717674727451e-11,1.5522713554387259e-11,1.0358704381776073e-11,4.0372580119281926e-12
611,8.5247445959309359e-11,6.8101559341199811e-12,1.4041506656287687e-11,1.7597436614865091e-11,1.7835960724327838e-11,1.5024676691989769e-11,1.0028194016926538e-11,3.9095153207924616e-12
612,8.2500997834845423e-11,6.5885021072074933e-12,1.3586015229222382e-11,1.7028499192936832e-11,1.7261333058617774e-11,1.4542615566109011e-11,9.7082230999128017e-12,3.7858095808391327e-12
613,7.9843033033435783e-11,6.3740653109095743e-12,1.3145303589924482e-11,1.6477958781408009e-11,1.6705218382440651e-11,1.4076017834184182e-11,9.3984557489028046e-12,3.6660133856660800e-12
614,7.7270700855520905e-11,6.1666104675871688e-12,1.2718892025133687e-11,1.5945220402963905e-11,1.6167020256046178e-11,1.3624387580506885e-11,9.0985667793169767e-12,3.5500033439660938e-12
615,7.4781242443570865e-11,5.9659101597614292e-12,1.2306316396476033e-11,1.5429708325682858e-11,1.5646161455401491e-11,1.3187244789674918e-11,8.8082413633773014e-12,3.4376599531968189e-12
616,7.2371987823177156e-11,5.7717443803999937e-12,1.1907127634637098e-11,1.4930865440407336e-11,1.5142083353111380e-11,1.2764124836919353e-11,8.5271747004834574e-12,3.3288674772185354e-12
617,7.0040353039472685e-11,5.5839002913471005e-12,1.1520891249968184e-11,1.4448152658262010e-11,1.4654245319283597e-11,1.2354577994764408e-11,8.2550716980719769e-12,3.2235138277754136e-12
618,6.7783837385808743e-11,5.4021719896318401e-12,1.1147186858991464e-11,1.3981048327666846e-11,1.4182124141696743e-11,1.1958168955496812e-11,7.9916466626253113e-12,3.1214904496997360e-12
619,6.5600020721716736e-11,5.2263602813974958e-12,1.0785607726287423e-11,1.3529047670214230e-11,1.3725213464648779e-11,1.1574476368938198e-11,7.7366230005082390e-12,3.0226922097223768e-12
620,6.3486560877278092e-11,5.0562724632033536e-12,1.0435760321264660e-11,1.3091662234799619e-11,1.3283023245884399e-11,1.1203092395030270e-11,7.4897329283193351e-12,2.9270172887764546e-12
621,6.1441191141118556e-11,4.8917221104584242e-12,1.0097263889328488e-11,1.2668419369415018e-11,1.2855079231018739e-11,1.0843622270758183e-11,7.2507171924550736e-12,2.8343670776846338e-12
622,5.9461717829332765e-11,4.7325288727544361e-12,9.7697500369803711e-12,1.2258861710033607e-11,1.2440922444893803e-11,1.0495683890952748e-11,7.0193247975938309e-12,2.7446460761239641e-12
623,5.7546017932731436e-11,4.5785182758729659e-12,9.4528623303955076e-12,1.1862546686032399e-11,1.2040108699322010e-11,1.0158907402526849e-11,6.7953127438162478e-12,2.6577617947654686e-12
624,5.5692036839888417e-11,4.4295215302490268e-12,9.1462559070406050e-12,1.1479046041617750e-11,1.1652208116688968e-11,9.8329348117156475e-12,6.5784457720874907e-12,2.5736246604889232e-12
625,5.3897786133544701e-11,4.2853753456804392e-12,8.8495970999080478e-12,1.1107945372735782e-11,1.1276804668904509e-11,9.5174196039039288e-12,6.3684961178356384e-12,2.4921479245763547e-12
626,5.2161341458006980e-11,4.1459217520792457e-12,8.5625630739565452e-12,1.0748843678966619e-11,1.0913495731207513e-11,9.2120263756373627e-12,6.1652432723688511e-12,2.4132475737908444e-12
627,5.0480840455252631e-11,4.0110079260680779e-12,8.2848414743615669e-12,1.0401352929917510e-11,1.0561891650345934e-11,8.9164304784272582e-12,5.9684737518821696e-12,2.3368422442501145e-12
628,4.8854480767528146e-11,3.8804860232307680e-12,8.0161300861918342e-12,1.0065097645645635e-11,1.0221615326668975e-11,8.6303176739710150e-12,5.7779808738127019e-12,2.2628531380072208e-12
629,4.7280518104298530e-11,3.7542130158327908e-12,7.7561365051405900e-12,9.7397144906565589e-12,9.8923018096831184e-12,8.3533838004224363e-12,5.5935645403096127e-12,2.1912039422534278e-12
630,4.5757264371474486e-11,3.6320505358330848e-12,7.5045778189524295e-12,9.4248518810390179e-12,9.5735979066382859e-12,8.0853344493579556e-12,5.4150310285927265e-12,2.1218207510609900e-12
631,4.4283085860910988e-11,3.5138647230146442e-12,7.2611802991981685e-12,9.1201696043109237e-12,9.2651618037243156e-12,7.8258846530959929e-12,5.2421927879808051e-12,2.0546319895861411e-12
632,4.2856401498235464e-11,3.3995260780669271e-12,7.0256791030614963e-12,8.8253384515652187e-12,8.9666626994715075e-12,7.5747585820377778e-12,5.0748682433774361e-12,1.9895683406550945e-12
633,4.1475681147126231e-11,3.2889093204585264e-12,6.7978179848121156e-12,8.5400398615175650e-12,8.6777804499620120e-12,7.3316892517084929e-12,4.9128816050092459e-12,1.9265626736582700e-12
634,4.0139443968222809e-11,3.1818932509438734e-12,6.5773490166506395e-12,8.2639655760707334e-12,8.3982052254716029e-12,7.0964182391879662e-12,4.7560626842176905e-12,1.8655499756803050e-12
635,3.8846256830907621e-11,3.0783606185528059e-12,6.3640323186207169e-12,7.9968173070229390e-12,8.1276371781735130e-12,6.8686954086300296e-12,4.6042467151119310e-12,1.8064672847956805e-12
636,3.7594732776255982e-11,2.9781979919167802e-12,6.1576357972938124e-12,7.7383064135595924e-12,7.8657861205480097e-12,6.6482786455793312e-12,4.4572741818964738e-12,1.7492536254619861e-12
637,3.6383529529505862e-11,2.8812956347902797e-12,5.9579348929415724e-12,7.4881535901794325e-12,7.6123712141527490e-12,6.4349335998037025e-12,4.3149906516931462e-12,1.6938499459449798e-12
638,3.5211348060451803e-11,2.7875473856305842e-12,5.7647123349200379e-12,7.2460885647174453e-12,7.3671206684201230e-12,6.2284334363692456e-12,4.1772466126827086e-12,1.6401990577116603e-12
639,3.4076931190219293e-11,2.6968505411035248e-12,5.5777579049988752e-12,7.0118498061377901e-12,7.1297714491585871e-12,6.0285585946939796e-12,4.0438973173969660e-12,1.5882455767295697e-12
640,3.2979062242925104e-11,2.6091057433871785e-12,5.3968682083775184e-12,6.7851842417806249e-12,6.9000689964452837e-12,5.8350965553244179e-12,3.9148026309976129e-12,1.5379358666124731e-12
641,3.1916563740777666e-11,2.5242168711496331e-12,5.2218464521384432e-12,6.5658469837568803e-12,6.6777669516074308e-12,5.6478416141875918e-12,3.7898268843832364e-12,1.4892179835544527e-12
642,3.0888296141217755e-11,2.4420909340809785e-12,5.0525022308959720e-12,6.3536010641949691e-12,6.4626268929996502e-12,5.4665946640789835e-12,3.6688387319709544e-12,1.4420416229962472e-12
643,2.9893156614745289e-11,2.3626379708636249e-12,4.8886513194068290e-12,6.1482171790529994e-12,6.2544180802938554e-12,5.2911629831544898e-12,3.5517110140040351e-12,1.3963580679694539e-12
644,2.8930077862121277e-11,2.2857709504687868e-12,4.7301154719162616e-12,5.9494734402193171e-12,6.0529172070074509e-12,5.1213600302019910e-12,3.4383206232415859e-12,1.3521201390658892e-12
645,2.7998026969676430e-11,2.2114056766706735e-12,4.5767222280209040e-12,5.7571551356331803e-12,5.8579081610044051e-12,4.9570052464752604e-12,3.3285483758909287e-12,1.3092821459810785e-12
646,2.7096004301498634e-11,2.1394606956734329e-12,4.4283047248366673e-12,5.5710544971660521e-12,5.6691817927123636e-12,4.7979238638799235e-12,3.2222788866477677e-12,1.2677998405824266e-12
647,2.6223042427311355e-11,2.0698572067493376e-12,4.2847015152668357e-12,5.3909704760123930e-12,5.4865356908071886e-12,4.6439467193079254e-12,3.1194004477134846e-12,1.2276303714541880e-12
648,2.5378205084892853e-11,2.0025189757900096e-12,4.1457563921721607e-12,5.2167085253469423e-12,5.3097739651243506e-12,4.4949100749234595e-12,3.0198049116630941e-12,1.1887322398728358e-12
649,2.4560586175923609e-11,1.9373722516756865e-12,4.0113182182512435e-12,5.0480803900134047e-12,5.1387070365643561e-12,4.3506554442096349e-12,2.9233875780413758e-12,1.1510652571679065e-12
650,2.3769308794184831e-11,1.8743456853706205e-12,3.8812407614456886e-12,4.8849039030169754e-12,4.9731514337668439e-12,4.2110294235912902e-12,2.8300470835686238e-12,1.1145905034247879e-12
651,2.3003524285065888e-11,1.8133702516557182e-12,3.7553825356905480e-12,4.7270027886005839e-12,4.8129295963353309e-12,4.0758835294552301e-12,2.7396852958411864e-12,1.0792702874872904e-12
652,2.2262411335371928e-11,1.7543791734124118e-12,3.6336066468364118e-12,4.5742064716918124e-12,4.6578696844015285e-12,3.9450740403949433e-12,2.6522072104156588e-12,1.0450681082191661e-12
653,2.1545175092455498e-11,1.6973078483745727e-12,3.5157806435751486e-12,4.4263498935143587e-12,4.5078053943249874e-12,3.8184618445123377e-12,2.5675208511690801e-12,1.0119486169850128e-12
654,2.0851046311727380e-11,1.6420937782679766e-12,3.4017763732067399e-12,4.2832733331645712e-12,4.3625757803304308e-12,3.6959122916144596e-12,2.4855371738309514e-12,9.7987758131224784e-13
655,2.0179280531632466e-11,1.5886765002594777e-12,3.2914698420899600e-12,4.1448222349600670e-12,4.2220250818914496e-12,3.5772950501483033e-12,2.4061699725861687e-12,9.4882184969703889e-13
656,1.9529157275205669e-11,1.5369975206405597e-12,3.1847410806247428e-12,4.0108470413736439e-12,4.0860025566754405e-12,3.4624839687218699e-12,2.3293357896511796e-12,9.1874931751823165e-13
657,1.8899979277351612e-11,1.4870002506724178e-12,3.0814740126190244e-12,3.8812030313717894e-12,3.9543623188706307e-12,3.3513569420644887e-12,2.2549538277287994e-12,8.8962889402446269e-13
658,1.8291071737019364e-11,1.4386299445220823e-12,2.9815563288976528e-12,3.7557501639829124e-12,3.8269631827217652e-12,3.2437957812841407e-12,2.1829458652500942e-12,8.6143047036071428e-13
659,1.7701781593470067e-11,1.3918336392214029e-12,2.8848793650155485e-12,3.6343529269260717e-12,3.7036685111066692e-12,3.1396860882840518e-12,2.1132361743146758e-12,8.3412488860164693e-13
660,1.7131476825861404e-11,1.3465600965829346e-12,2.7913379829418177e-12,3.5168801901364924e-12,3.5843460689912723e-12,3.0389171342052646e-12,2.0457514412435632e-12,8.0768391176005684e-13
661,1.6579545775397521e-11,1.3027597470089168e-12,2.7008304565858167e-12,3.4032050640294093e-12,3.4688678816059326e-12,2.9413817417661565e-12,1.9804206896614845e-12,7.8208019473980516e-13
662,1.6045396489317567e-11,1.2603846351316227e-12,2.6132583610403780e-12,3.2932047623489447e-12,3.3571100971909331e-12,2.8469761713740040e-12,1.9171752060281585e-12,7.5728725620352554e-13
663,1.5528456086019140e-11,1.2193883672253623e-12,2.5285264654214625e-12,3.1867604694536642e-12,3.2489528541639689e-12,2.7556000108877011e-12,1.8559484675406285e-12,7.3327945132634944e-13
664,1.5028170140635802e-11,1.1797260603323785e-12,2.4465426291874097e-12,3.0837572118952673e-12,3.1442801525671426e-12,2.6671560689146030e-12,1.7966760723312111e-12,7.1003194540778846e-13
665,1.4544002090409696e-11,1.1413542930467527e-12,2.3672177018247786e-12,2.9840837341515120e-12,3.0429797296555965e-12,2.5815502715282379e-12,1.7392956718880250e-12,6.8752068831479328e-13
666,1.4075432659221438e-11,1.1042310579022654e-12,2.2904654257914129e-12,2.8876323783789581e-12,2.9449429394943569e-12,2.4986915622972242e-12,1.6837469056273721e-12,6.6572238972984788e-13
667,1.3621959300660181e-11,1.0683157153119136e-12,2.2162023426109530e-12,2.7942989680554873e-12,2.8500646364342488e-12,2.4184918055192842e-12,1.6299713375495110e-12,6.4461449517878435e-13
668,1.3183095659036478e-11,1.0335689490084984e-12,2.1443477020164173e-12,2.7039826953867332e-12,2.7582430623419046e-12,2.3408656925576103e-12,1.5779123949115188e-12,6.2417516281379630e-13
669,1.2758371047759891e-11,9.9995272293734654e-13,2.0748233740438371e-12,2.6165860123546593e-12,2.6693797374629339e-12,2.2657306511801560e-12,1.5275153088530631e-12,6.0438324092789749e-13
670,1.2347329944521906e-11,9.6743023955381654e-13,2.0075537639801145e-12,2.5320145252904410e-12,2.5833793548011876e-12,2.1930067578055900e-12,1.4787270569129370e-12,5.8521824617781932e-13
671,1.1949531502742712e-11,9.3596589947979806e-13,1.9424657300724091e-12,2.4501768928576345e-12,2.5001496779008471e-12,2.1226166525627661e-12,1.4314963073761902e-12,5.6666034249306445e-13
672,1.1564549078757881e-11,9.0552526247489668e-13,1.8794885039093618e-12,2.3709847273352888e-12,2.4196014419217016e-12,2.0544854570735056e-12,1.3857733653935975e-12,5.4869032064952934e-13
673,1.1191969774237882e-11,8.7607500967944294e-13,1.8185536133873788e-12,2.2943524990942595e-12,2.3416482579015249e-12,1.9885406948714175e-12,1.3415101208170667e-12,5.3128957848679166e-13
674,1.0831393993349563e-11,8.4758290708786799e-13,1.7595948081780119e-12,2.2201974441633889e-12,2.2662065201028617e-12,1.9247122143722529e-12,1.2986599976963699e-12,5.1444010174880980e-13
675,1.0482435014184788e-11,8.2001777021233244e-13,1.7025479876152175e-12,2.1484394747856089e-12,2.1931953163448592e-12,1.8629321143140120e-12,1.2571779053843350e-12,4.9812444552842352e-13
676,1.0144718573996482e-11,7.9334942989780822e-13,1.6473511309238916e-12,2.0790010928672282e-12,2.1225363412239670e-12,1.8031346715876369e-12,1.2170201911992968e-12,4.8232571629665377e-13
677,9.8178824677972856e-12,7.6754869925107788e-13,1.5939442297136507e-12,2.0118073062268017e-12,2.0541538121304428e-12,1.7452562713816602e-12,1.1781445945952504e-12,4.6702755449840232e-13
678,9.5015761598903011e-12,7.4258734164733945e-13,1.5422692226642875e-12,1.9467855475530118e-12,1.9879743879705803e-12,1.6892353395666366e-12,1.1405102027917183e-12,4.5221411769672908e-13
679,9.1954604079153037e-12,7.1843803977928799e-13,1.4922699323317239e-12,1.8838655959839255e-12,1.9239270905074956e-12,1.6350122772475636e-12,1.1040774078168691e-12,4.3787006424843925e-13
680,8.8992068990071771e-12,6.9507436571469304e-13,1.4438920040056005e-12,1.8229795012228142e-12,1.8619432282361045e-12,1.5825293974147926e-12,1.0688078649189077e-12,4.2398053749426394e-13
681,8.6124978976763777e-12,6.7247075192959728e-13,1.3970828465518685e-12,1.7640615101084792e-12,1.8019563227106498e-12,1.5317308636261653e-12,1.0346644523021825e-12,4.1053115044743527e-13
682,8.3350259050337672e-12,6.5060246328533467e-13,1.3517915751759240e-12,1.7070479955606785e-12,1.7439020372457591e-12,1.4825626306552584e-12,1.0016112321458426e-12,3.9750797096496913e-13
683,8.0664933289943035e-12,6.2944556991860312e-13,1.3079689560439162e-12,1.6518773878238159e-12,1.6877181079145672e-12,1.4349723870427160e-12,9.6961341286422089e-13,3.8489750738646334e-13
684,7.8066121651059215e-12,6.0897692101483115e-13,1.2655673527018830e-12,1.5984901079345423e-12,1.6333442767698979e-12,1.3889094994896618e-12,9.3863731256941248e-13,3.7268669462569206e-13
685,7.5551036876612523e-12,5.8917411943604490e-13,1.2245406742343334e-12,1.5468285033413251e-12,1.5807222272168847e-12,1.3443249590341366e-12,9.0865032369778361e-13,3.6086288070074439e-13
686,7.3116981507609203e-12,5.7001549717538698e-13,1.1848443251057906e-12,1.4968367856063714e-12,1.5297955214677118e-12,1.3011713289534077e-12,8.7962087876335215e-13,3.4941381368889926e-13
687,7.0761344990077753e-12,5.5148009161133921e-13,1.1464351566306416e-12,1.4484609701225336e-12,1.4805095400114018e-12,1.2594026943368210e-12,8.5151841720217290e-13,3.3832762909286521e-13
688,6.8481600875218175e-12,5.3354762253558644e-13,1.1092714200184197e-12,1.4016488177800242e-12,1.4328114230337253e-12,1.2189746132756426e-12,8.2431335327298775e-13,3.2759283760543245e-13
689,6.6275304109754903e-12,5.1619846992930529e-13,1.0733127209433592e-12,1.3563497785198496e-12,1.3866500137244090e-12,1.1798440696180536e-12,7.9797704498051922e-13,3.1719831325999338e-13
690,6.4140088413587335e-12,4.9941365246348389e-13,1.0385199755887257e-12,1.3125149367129452e-12,1.3419758034108343e-12,1.1419694272391188e-12,7.7248176398884610e-13,3.0713328195477873e-13
691,6.2073663741925816e-12,4.8317480669967525e-13,1.0048553681180362e-12,1.2700969583059361e-12,1.2987408784593827e-12,1.1053103857771707e-12,7.4780066649333788e-13,2.9738731033904358e-13
692,6.0073813829190679e-12,4.6746416696835595e-13,9.7228230952682823e-13,1.2290500396763834e-12,1.2568988688874828e-12,1.0698279377895820e-12,7.2390776502063421e-13,2.8795029504980232e-13
693,5.8138393812040503e-12,4.5226454590280487e-13,9.4076539783015885e-13,1.1893298581422173e-12,1.2164048986312410e-12,1.0354843272824409e-12,7.0077790112711393e-13,2.7881245228807336e-13
694,5.6265327928980020e-12,4.3755931560713919e-13,9.1027037954244995e-13,1.1508935240718387e-12,1.1772155374153149e-12,1.0022430095700680e-12,6.7838671896725106e-13,2.6996430772394013e-13
695,5.4452607294080808e-12,4.2333238943783950e-13,8.8076411240772910e-13,1.1136995345431168e-12,1.1392887541734172e-12,9.7006861242174796e-13,6.5671063970415815e-13,2.6139668672007176e-13
696,5.2698287742426625e-12,4.0956820437876969e-13,8.5221452933965268e-13,1.0777077285011756e-12,1.1025838719694860e-12,9.3892689845440873e-13,6.3572683673549755e-13,2.5310070486367211e-13
697,5.1000487744972943e-12,3.9625170399035171e-13,8.2459060353203765e-13,1.0428792433664871e-12,1.0670615243711753e-12,9.0878472873129804e-13,6.1541321170880360e-13,2.4506775879714084e-13
698,4.9357386390584153e-12,3.8336832191418062e-13,7.9786231470189342e-13,1.0091764730463556e-12,1.0326836132288791e-12,8.7961002752799718e-13,5.9574837130107138e-13,2.3728951733803714e-13
699,4.7767221433084230e-12,3.7090396591498323e-13,7.7200061642818187e-13,9.7656302730439832e-13,9.9941326781500151e-13,8.5137174822834638e-13,5.7671160473827996e-13,2.2975791287923154e-13
700,4.6228287401226344e-12,3.5884500244240492e-13,7.4697740455072730e-13,9.4500369244409348e-13,9.6721480527965396e-13,8.2403984031405077e-13,5.5828286203128501e-13,2.2246513306041801e-13
701,4.4738933769554117e-12,3.4717824169568694e-13,7.2276548659485840e-13,9.1446439326388824e-13,9.3605369238036495e-13,7.9758521741290950e-13,5.4044273290526719e-13,2.1540361270243674e-13
702,4.3297563188193140e-12,3.3589092317484625e-13,6.9933855218847241e-13,8.8491215624273748e-13,9.0589650844475817e-13,7.7197972637172127e-13,5.2317242640065212e-13,2.0856602599612626e-13
703,4.1902629769673688e-12,3.2497070170250302e-13,6.7667114443930604e-13,8.5631507391627063e-13,8.7671090952647364e-13,7.4719611732101678e-13,5.0645375112411328e-13,2.0194527893768522e-13
704,4.0552637430947669e-12,3.1440563390102008e-13,6.5473863224123138e-13,8.2864227040507369e-13,8.4846559371589344e-13,7.2320801469981522e-13,4.9026909612895899e-13,1.9553450200277476e-13
705,3.9246138288821423e-12,3.0418416511011708e-13,6.3351718347941826e-13,8.0186386805782188e-13,8.2113026756846267e-13,6.9998988920962851e-13,4.7460141240485487e-13,1.8932704305183823e-13
706,3.7981731107083259e-12,2.9429511673060623e-13,6.1298373910517722e-13,7.7595095517319743e-13,7.9467561361460194e-13,6.7751703066791408e-13,4.5943419495747780e-13,1.8331646045935138e-13
707,3.6758059793660753e-12,2.8472767398036440e-13,5.9311598805224778e-13,7.5087555476570172e-13,7.6907325891636464e-13,6.5576552173214199e-13,4.4475146545930936e-13,1.7749651645994506e-13
708,3.5573811946195381e-12,2.7547137404910906e-13,5.7389234296721444e-13,7.2661059434159288e-13,7.4429574463711651e-13,6.3471221246655865e-13,4.3053775545338132e-13,1.7186117070456484e-13
709,3.4427717444475098e-12,2.6651609463898291e-13,5.5529191672761605e-13,7.0312987665227811e-13,7.2031649659159946e-13,6.1433469572462911e-13,4.1677809009235710e-13,1.6640457402004721e-13
710,3.3318547088214972e-12,2.5785204287837678e-13,5.3729449972217980e-13,6.8040805139354206e-13,6.9710979674479441e-13,5.9461128332100323e-13,4.0345797239590101e-13,1.6112106236570003e-13
711,3.2245111278724911e-12,2.4946974459682898e-13,5.1988053786843344e-13,6.5842058782001951e-13,6.7465075562901646e-13,5.7552098296769206e-13,3.9056336800982373e-13,1.5600515098067698e-13
712,3.1206258743050635e-12,2.4136003394923596e-13,5.0303111134375778e-13,6.3714374824530717e-13,6.5291528564965868e-13,5.5704347594994908e-13,3.7808069045102331e-13,1.5105152871613088e-13
713,3.0200875299219392e-12,2.3351404337799298e-13,4.8672791400671948e-13,6.1655456239906876e-13,6.3188007525095336e-13,5.3915909551813893e-13,3.6599678682274458e-13,1.4625505254632105e-13
714,2.9227882661266317e-12,2.2592319390205556e-13,4.7095323348627216e-13,5.9663080261341586e-13,6.1152256391404503e-13,5.2184880597263455e-13,3.5429892398517717e-13,1.4161074225303146e-13
715,2.8286237282759578e-12,2.1857918572226739e-13,4.5568993191714511e-13,5.7735095981173834e-13,5.9182091796056064e-13,5.0509418241952445e-13,3.4297477516688554e-13,1.3711377527783602e-13
716,2.7374929237584136e-12,2.1147398913265332e-13,4.4092142730044352e-13,5.5869422027403255e-13,5.7275400713572308e-13,4.8887739117561375e-13,3.3201240700302929e-13,1.3275948173691818e-13
717,2.6492981136783759e-12,2.0459983572770683e-13,4.2663167546916007e-13,5.4064044315361092e-13,5.5430138194589675e-13,4.7318117080190681e-13,3.2140026698677544e-13,1.2854333959331863e-13
718,2.5639447080299422e-12,1.9794920989602948e-13,4.1280515263896511e-13,5.2317013872088966e-13,5.3644325172625661e-13,4.5798881374541237e-13,3.1112717132074178e-13,1.2446096998164715e-13
719,2.4813411642480054e-12,1.9151484059099255e-13,3.9942683852527173e-13,5.0626444731073844e-13,5.1916046341506012e-13,4.4328414856976835e-13,3.0118229315572465e-13,1.2050813268044993e-13
720,2.4013988890277372e-12,1.8528969336939578e-13,3.8648220000819536e-13,4.8990511895063632e-13,5.0243448101175489e-13,4.2905152275580411e-13,2.9155515120437447e-13,1.1668072172757588e-13
721,2.3240321433071893e-12,1.7926696268939227e-13,3.7395717532762223e-13,4.7407449364761458e-13,4.8624736569689359e-13,4.1527578605376327e-13,2.8223559871787182e-13,1.1297476117403158e-13
722,2.2491579503111125e-12,1.7344006445923287e-13,3.6183815879117608e-13,4.5875548231267705e-13,4.7058175659253154e-13,4.0194227436949834e-13,2.7321381281403993e-13,1.0938640097195688e-13
723,2.1766960065573531e-12,1.6780262882865888e-13,3.5011198597843705e-13,4.4393154830208274e-13,4.5542085214247440e-13,3.8903679416751416e-13,2.6448028414569534e-13,1.0591191299249067e-13
724,2.1065685957303933e-12,1.6234849321503853e-13,3.3876591942530153e-13,4.2958668955553776e-13,4.4074839209240442e-13,3.7654560737428510e-13,2.5602580689839673e-13,1.0254768716942909e-13
725,2.0387005053296560e-12,1.5707169555659906e-13,3.2778763477289726e-13,4.1570542131199018e-13,4.2654864005056048e-13,3.6445541676580427e-13,2.4784146910709602e-13,9.9290227764708612e-14
726,1.9730189460031875e-12,1.5196646778535752e-13,3.1716520736597606e-13,4.0227275938434894e-13,4.1280636661026658e-13,3.5275335182383672e-13,2.3991864328153110e-13,9.6136149751870107e-14
727,1.9094534734801886e-12,1.4702722951259252e-13,3.0688709928619161e-13,3.8927420397504770e-13,3.9950683301620779e-13,3.4142695504584520e-13,2.3224897733052171e-13,9.3082175313782033e-14
728,1.8479359130186822e-12,1.4224858191993328e-13,2.9694214680614749e-13,3.7669572401496214e-13,3.8663577535693645e-13,3.3046416869404078e-13,2.2482438577564427e-13,9.0125130451017789e-14
729,1.7884002862872693e-12,1.3762530184936855e-13,2.8731954825055721e-13,3.6452374200875435e-13,3.7417938926665314e-13,3.1985332196947559e-13,2.1763704124506487e-13,8.7261941697395698e-14
730,1.7307827406025701e-12,1.3315233608569473e-13,2.7800885225130178e-13,3.5274511937026646e-13,3.6212431511985714e-13,3.0958311859754761e-13,2.1067936623860202e-13,8.4489632939300357e-14
731,1.6750214804464424e-12,1.2882479582513528e-13,2.6899994638359916e-13,3.4134714223211178e-13,3.5045762370298529e-13,2.9964262481172308e-13,2.0394402515537711e-13,8.1805322335510725e-14
732,1.6210567011895389e-12,1.2463795132406659e-13,2.6028304617091503e-13,3.3031750771413061e-13,3.3916680234767361e-13,2.9002125772270686e-13,1.9742391657568343e-13,7.9206219334362775e-14
733,1.5688305249501147e-12,1.2058722672198401e-13,2.5184868444664768e-13,3.1964431063586771e-13,3.2823974151076799e-13,2.8070877406069862e-13,1.9111216578897297e-13,7.6689621785175522e-14
734,1.5182869385192944e-12,1.1666819503303204e-13,2.4368770106100467e-13,3.0931603065871224e-13,3.1766472178669224e-13,2.7169525927877062e-13,1.8500211756011728e-13,7.4252913140965340e-14
735,1.4693717332862273e-12,1.1287657330060846e-13,2.3579123292186940e-13,2.9932151984380489e-13,3.0743040133824309e-13,2.6297111700578545e-13,1.7908732912634885e-13,7.1893559749567157e-14
736,1.4220324470986910e-12,1.0920821790973057e-13,2.2815070435881551e-13,2.8964999061226506e-13,2.9752580373233202e-13,2.5452705883764441e-13,1.7336156341753083e-13,6.9609108230372580e-14
737,1.3762183079967962e-12,1.0565912005202472e-13,2.2075781779978194e-13,2.8029100409472728e-13,2.8794030616762687e-13,2.4635409445601501e-13,1.6781878249263802e-13,6.7397182933982267e-14
738,1.3318801797594424e-12,1.0222540133836838e-13,2.1360454475026017e-13,2.7123445885759635e-13,2.7866362808146903e-13,2.3844352206403577e-13,1.6245314118555731e-13,6.5255483482155373e-14
739,1.2889705092051239e-12,9.8903309554375312e-14,2.0668311706517523e-13,2.6247057999383786e-13,2.6968582012384435e-13,2.3078691912883282e-13,1.5725898095353721e-13,6.3181782385521294e-14
740,1.2474432751905646e-12,9.5689214554071284e-14,1.9998601850396144e-13,2.5398990856651563e-13,2.6099725348658469e-13,2.2337613342100682e-13,1.5223082392182598e-13,6.1173922736598877e-14
741,1.2072539392524815e-12,9.2579604287259701e-14,1.9350597655964094e-13,2.4578329139366674e-13,2.5258860957635395e-13,2.1620327434156772e-13,1.4736336711824671e-13,5.9229815975745719e-14
742,1.1683593978395419e-12,8.9571080956222756e-14,1.8723595455301247e-13,2.3784187116347725e-13,2.4445087002034351e-13,2.0926070452709690e-13,1.4265147689165412e-13,5.7347439727734829e-14
743,1.1307179360832814e-12,8.6660357297545635e-14,1.8116914398334668e-13,2.3015707686907586e-13,2.3657530699395779e-13,2.0254103172421421e-13,1.3809018350841211e-13,5.5524835706729043e-14
744,1.0942891830583995e-12,8.3844252984989009e-14,1.7529895712726222e-13,2.2272061455260859e-13,2.2895347386011617e-13,1.9603710092471205e-13,1.3367467592121803e-13,5.3760107687493228e-14
745,1.0590340684844511e-12,8.1119691149467089e-14,1.6961901987772907e-13,2.1552445834859409e-13,2.2157719611013218e-13,1.8974198675299635e-13,1.2940029670477919e-13,5.2051419540753043e-14
746,1.0249147808224971e-12,7.8483695012317622e-14,1.6412316481540568e-13,2.0856084181688015e-13,2.1443856259645330e-13,1.8364898609774244e-13,1.2526253715302350e-13,5.0396993330674484e-14
747,9.9189472672176880e-13,7.5933384628174036e-14,1.5880542450476947e-13,2.0182224955583620e-13,2.0752991704785956e-13,1.7775161097993256e-13,1.2125703253269435e-13,4.8795107472502636e-14
748,9.5993849177285314e-13,7.3465973733870372e-14,1.5366002500774605e-13,1.9530140908671929e-13,2.0084384985801893e-13,1.7204358164969385e-13,1.1737955748834501e-13,4.7244094948459751e-14
749,9.2901180252531004e-13,7.1078766699926046e-14,1.4868137960777821e-13,1.8899128300044455e-13,1.9437319013859496e-13,1.6651881990459811e-13,1.1362602159390555e-13,4.5742341580062617e-14
750,8.9908148972897851e-13,6.8769155581269268e-14,1.4386408273750560e-13,1.8288506135827403e-13,1.8811099802838175e-13,1.6117144262232001e-13,1.0999246504615030e-13,4.4288284355077526e-14
751,8.7011545275955362e-13,6.6534617263968097e-14,1.3920290410344742e-13,1.7697615433821281e-13,1.8205055725021821e-13,1.5599575550077885e-13,1.0647505449554125e-13,4.2880409807386980e-14
752,8.4208262519027667e-13,6.4372710704841993e-14,1.3469278300129488e-13,1.7125818511916675e-13,1.7618536790769954e-13,1.5098624699910844e-13,1.0307007901006824e-13,4.1517252448096905e-14
753,8.1495294147281475e-13,6.2281074260929524e-14,1.3032882281562799e-13,1.6572498299517320e-13,1.7050913951395907e-13,1.4613758247301341e-13,9.9773946167845730e-14,4.0197393246265800e-14
754,7.8869730469159377e-13,6.0257423105885976e-14,1.2610628569807153e-13,1.6037057671226443e-13,1.6501578424504460e-13,1.4144459849827796e-13,9.6583178274360849e-14,3.8919458157688413e-14
755,7.6328755535700448e-13,5.8299546730480170e-14,1.2202058741810039e-13,1.5518918802076498e-13,1.5969941041065340e-13,1.3690229737639097e-13,9.3494408700398854e-14,3.7682116700215773e-14
756,7.3869644120400647e-13,5.6405306524451929e-14,1.1806729238089060e-13,1.5017522543605549e-13,1.5455431613522264e-13,1.3250584181644632e-13,9.0504378336798042e-14,3.6484080574141471e-14
757,7.1489758796374261e-13,5.4572633437080653e-14,1.1424210880679624e-13,1.4532327820106298e-13,1.4957498324259849e-13,1.2825054978766454e-13,8.7609932162309234e-14,3.5324102326230399e-14
758,6.9186547107681541e-13,5.2799525713902241e-14,1.1054088406720748e-13,1.4062811044395302e-13,1.4475607133772517e-13,1.2413188953706269e-13,8.4808015920953737e-14,3.4200974056011122e-14
759,6.6957538831788717e-13,5.1084046707094500e-14,1.0695960017171420e-13,1.3608465552471283e-13,1.4009241207900636e-13,1.2014547476697497e-13,8.2095672905387773e-14,3.3113526162996466e-14
760,6.4800343330224179e-13,4.9424322757132463e-14,1.0349436940166659e-13,1.3168801056451660e-13,1.3557900363519597e-13,1.1628705996729686e-13,7.9470040842894148e-14,3.2060626133539155e-14
761,6.2712646984589805e-13,4.7818541143392858e-14,1.0014143008538181e-13,1.2743343115196247e-13,1.3121100532087334e-13,1.1255253589748983e-13,7.6928348880727684e-14,3.1041177366070072e-14
762,6.0692210715177026e-13,4.6264948101462755e-14,9.6897142510400269e-14,1.2331632622046215e-13,1.2698373240474927e-13,1.0893792521354238e-13,7.4467914667647183e-14,3.0054118033506165e-14
763,5.8736867579526569e-13,4.4761846904980384e-14,9.3757984968344576e-14,1.1933225309124854e-13,1.2289265108523472e-13,1.0543937823523782e-13,7.2086141528566044e-14,2.9098419981653586e-14
764,5.6844520448356461e-13,4.3307596009906955e-14,9.0720549928078863e-14,1.1547691267664594e-13,1.1893337362788372e-13,1.0205316884922830e-13,6.9780515729352617e-14,2.8173087662468274e-14
765,5.5013139756365280e-13,4.1900607259196799e-14,8.7781540333004637e-14,1.1174614483842092e-13,1.1510165365949444e-13,9.8775690543558336e-14,6.7548603828905169e-14,2.7277157101072556e-14
766,5.3240761325498728e-13,4.0539344145899308e-14,8.4937766018466035e-14,1.0813592389619899e-13,1.1139338161382273e-13,9.5603452569421348e-14,6.5388050115718218e-14,2.6409694895460685e-14
767,5.1525484258344786e-13,3.9222320132790068e-14,8.2186140245366616e-14,1.0464235428109452e-13,1.0780458032402209e-13,9.2533076226068060e-14,6.3296574126246261e-14,2.5569797247860315e-14
768,4.9865468899398157e-13,3.7948097026690838e-14,7.9523676346227333e-14,1.0126166632985895e-13,1.0433140075708401e-13,8.9561291264915698e-14,6.1271968242455503e-14,2.4756589026749187e-14
769,4.8258934862007300e-13,3.6715283405697738e-14,7.6947484480037400e-14,9.7990212215003049e-14,1.0097011788570317e-13,8.6684932409034740e-14,5.9312095366038891e-14,2.3969222858558072e-14
770,4.6704159118888243e-13,3.5522533097595108e-14,7.4454768492367800e-14,9.4824462006496880e-14,9.7717126693140547e-14,8.3900935984311648e-14,5.7414886666848908e-14,2.3206878248121572e-14
771,4.5199474154156720e-13,3.4368543707788528e-14,7.2042822877332348e-14,9.1760999860792810e-14,9.4568938306798946e-14,8.1206336658705172e-14,5.5578339403181455e-14,2.2468760726967964e-14
772,4.3743266174897211e-13,3.3252055195144882e-14,6.9709029838091775e-14,8.8796520333054732e-14,9.1522176256364860e-14,7.8598264286128847e-14,5.3800514811618991e-14,2.1754101028568032e-14
773,4.2333973380350406e-13,3.2171848494179780e-14,6.7450856442703505e-14,8.5927824808609685e-14,8.8573572852502993e-14,7.6073940851602997e-14,5.2079536064214533e-14,2.1062154289690523e-14
774,4.0970084286862870e-13,3.1126744182083348e-14,6.5265851872223565e-14,8.3151818049766892e-14,8.5719965682219646e-14,7.3630677514427728e-14,5.0413586290868598e-14,2.0392199277038910e-14
775,3.9650136106802511e-13,3.0115601189124844e-14,6.3151644758067747e-14,8.0465504854273995e-14,8.2958294217136462e-14,7.1265871746232390e-14,4.8800906664819715e-14,1.9743537638369986e-14
776,3.8372713179701017e-13,2.9137315551023741e-14,6.1105940605735798e-14,7.7865986821800635e-14,8.0285596531036450e-14,6.8977004560857646e-14,4.7239794549235490e-14,1.9115493177320402e-14
777,3.7136445453940795e-13,2.8190819201921112e-14,5.9126519302096819e-14,7.5350459224956967e-14,7.7699006123162129e-14,6.6761637833124357e-14,4.5728601702955269e-14,1.8507411151191299e-14
778,3.5940007017357996e-13,2.7275078806629673e-14,5.7211232703524857e-14,7.2916207981466497e-14,7.5195748843858653e-14,6.4617411703637522e-14,4.4265732543497543e-14,1.7918657590965185e-14
779,3.4782114675185544e-13,2.6389094630883725e-14,5.5358002302261519e-14,7.0560606724222989e-14,7.2773139919264546e-14,6.2542042066865153e-14,4.2849642465505612e-14,1.7348618642851933e-14
780,3.3661526573811218e-13,2.5531899448352022e-14,5.3564816968467688e-14,6.8281113966066601e-14,7.0428581071859100e-14,6.0533318139820702e-14,4.1478836212862950e-14,1.6796699930683142e-14
781,3.2577040868874500e-13,2.4702557483216822e-14,5.1829730765508884e-14,6.6075270356216377e-14,6.8159557733778201e-14,5.8589100108763008e-14,4.0151866302766320e-14,1.6262325938495380e-14
782,3.1527494436273899e-13,2.3900163387161333e-14,5.0150860836098227e-14,6.3940696025395873e-14,6.5963636349909635e-14,5.6707316851410749e-14,3.8867331500099201e-14,1.5744939412663993e-14
783,3.0511761624702251e-13,2.3123841249645484e-14,4.8526385356998331e-14,6.1875088016784207e-14,6.3838461767875768e-14,5.4885963732248935e-14,3.7623875340500877e-14,1.5244000782968902e-14
784,2.9528753048371954e-13,2.2372743640386468e-14,4.6954541560057941e-14,5.9876217800017430e-14,6.1781754712103871e-14,5.3123100468582326e-14,3.6420184700577742e-14,1.4758987601993796e-14
785,2.8577414418635526e-13,2.1646050682995705e-14,4.5433623817431150e-14,5.7941928865555247e-14,5.9791309339275445e-14,5.1416849065066115e-14,3.5254988413752937e-14,1.4289394002278650e-14
786,2.7656725413248153e-13,2.0942969158758086e-14,4.3961981788897331e-14,5.6070134396814481e-14,5.7864990872532406e-14,4.9765391814516816e-14,3.4127055930298310e-14,1.3834730170664093e-14
787,2.6765698582059730e-13,2.0262731639572366e-14,4.2538018629266763e-14,5.4258815017555158e-14,5.6000733311902995e-14,4.8166969362877065e-14,3.3035196020139200e-14,1.3394521839283757e-14
788,2.5903378287962550e-13,1.9604595649103444e-14,4.1160189253923182e-14,5.2506016612085967e-14,5.4196537218491648e-14,4.6619878836275956e-14,3.1978255517067367e-14,1.2968309792677943e-14
789,2.5068839681958889e-13,1.8967842851228341e-14,3.9826998660616883e-14,5.0809848215934923e-14,5.2450467570056491e-14,4.5122472028192612e-14,3.0955118103041033e-14,1.2555649390518606e-14
790,2.4261187711249209e-13,1.8351778264887417e-14,3.8537000305683793e-14,4.9168479974706800e-14,5.0760651685674478e-14,4.3673153644794809e-14,2.9964703131293022e-14,1.2156110105451756e-14
791,2.3479556159277162e-13,1.7755729504481396e-14,3.7288794532924956e-14,4.7580141168922967e-14,4.9125277217268323e-14,4.2270379606586131e-14,2.9005964487008886e-14,1.1769275075578982e-14
792,2.2723106716701803e-13,1.7179046044982702e-14,3.6081027053438095e-14,4.6043118302710187e-14,4.7542590205841155e-14,4.0912655404554840e-14,2.8077889484376174e-14,1.1394740671114901e-14
793,2.1991028082300626e-13,1.6621098510956780e-14,3.4912387474748337e-14,4.4555753254274251e-14,4.6010893200334207e-14,3.9598534509076127e-14,2.7179497798844514e-14,1.1032116074772044e-14
794,2.1282535092839132e-13,1.6081277988715076e-14,3.3781607877639081e-14,4.3116441486160682e-14,4.4528543437089852e-14,3.8326616829874954e-14,2.6309840433472940e-14,1.0681022875438726e-14
795,2.0596867880973730e-13,1.5558995360846918e-14,3.2687461439135554e-14,4.1723630313369801e-14,4.3093951077967665e-14,3.7095547225411218e-14,2.5467998718276804e-14,1.0341094674729347e-14
796,1.9933291060284777e-13,1.5053680662401857e-14,3.1628761100143862e-14,4.0375817227455562e-14,4.1705577505223689e-14,3.5904014060101672e-14,2.4653083341521408e-14,1.0011976705999733e-14
797,1.9291092936565686e-13,1.4564782458017899e-14,3.0604358276297265e-14,3.9071548274798160e-14,4.0361933671324180e-14,3.4750747807843525e-14,2.3864233411942812e-14,9.6933254654330224e-15
798,1.8669584744522257e-13,1.4091767239313849e-14,2.9613141610607808e-14,3.7809416487299156e-14,3.9061578501924060e-14,3.3634519700354358e-14,2.3100615550909155e-14,9.3848083548141884e-15
799,1.8068099909063509e-13,1.3634118841886346e-14,2.8654035766567547e-14,3.6588060363804077e-14,3.7803117350297088e-14,3.2554140418890073e-14,2.2361423013566819e-14,9.0861033356231442e-15
800,1.7485993330391807e-13,1.3191337881273460e-14,2.7726000260387068e-14,3.5406162400612643e-14,3.6585200501560400e-14,3.1508458827949408e-14,2.1645874838046780e-14,8.7968985940883072e-15
801,1.6922640692125474e-13,1.2762941207267706e-14,2.6828028331101992e-14,3.4262447669489582e-14,3.5406521725088796e-14,3.0496360749617500e-14,2.0953215021835512e-14,8.5168922168536494e-15
802,1.6377437791711897e-13,1.2348461375981199e-14,2.5959145847319035e-14,3.3155682441640429e-14,3.4265816873566578e-14,2.9516767777244775e-14,2.0282711724443642e-14,8.2457918769233019e-15
803,1.5849799892412932e-13,1.1947446139085278e-14,2.5118410249413250e-14,3.2084672856166201e-14,3.3161862527174172e-14,2.8568636127198858e-14,1.9633656495533146e-14,7.9833145295584232e-15
804,1.5339161096167657e-13,1.1559457949665725e-14,2.4304909526026516e-14,3.1048263631559063e-14,3.2093474681455465e-14,2.7650955527467940e-14,1.9005363527690574e-14,7.7291861178112458e-15
805,1.4844973736659795e-13,1.1184073484152759e-14,2.3517761223754757e-14,3.0045336818847505e-14,3.1059507477458678e-14,2.6762748141933143e-14,1.8397168933059830e-14,7.4831412873912758e-15
806,1.4366707791938979e-13,1.0820883179802790e-14,2.2756111488947291e-14,2.9074810595044573e-14,3.0058851972788696e-14,2.5903067529165319e-14,1.7808430043072964e-14,7.2449231105681641e-15
807,1.3903850315965725e-13,1.0469490787225780e-14,2.2019134140576918e-14,2.8135638095596127e-14,2.9090434952252852e-14,2.5070997634638511e-14,1.7238524730541868e-14,7.0142828188252082e-15
808,1.3455904888470589e-13,1.0129512937468639e-14,2.1306029773172786e-14,2.7226806284568491e-14,2.8153217776824611e-14,2.4265651815287759e-14,1.6686850753397195e-14,6.7909795439864146e-15
809,1.3022391082537387e-13,9.8005787231809663e-15,2.0616024888841144e-14,2.6347334861355250e-14,2.7246195269690589e-14,2.3486171895373467e-14,1.6152825119383602e-14,6.5747800675488505e-15
810,1.2602843949339494e-13,9.4823292934048843e-15,1.9948371057430443e-14,2.5496275202722751e-14,2.6368394638186179e-14,2.2731727252647687e-14,1.5635883471042494e-14,6.3654585779604831e-15
811,1.2196813519476564e-13,9.1744174615456437e-15,1.9302344103927945e-14,2.4672709339051832e-14,2.5518874430463608e-14,2.2001513933849977e-14,1.5135479490334705e-14,6.1627964355919302e-15
812,1.1803864320376895e-13,8.8765073260940736e-15,1.8677243322204730e-14,2.3875748963670264e-14,2.4696723525773374e-14,2.1294753798591734e-14,1.4651084322276283e-14,5.9665819451584968e-15
813,1.1423574909247790e-13,8.5882739036859742e-15,1.8072390714254414e-14,2.3104534474206222e-14,2.3901060157276202e-14,2.0610693690717996e-14,1.4182186016980512e-14,5.7766101353565791e-15
814,1.1055537421073041e-13,8.3094027740969728e-15,1.7487130254098840e-14,2.2358234044927599e-14,2.3131030966337348e-14,1.9948604636265020e-14,1.3728288989518660e-14,5.5926825454859718e-15
815,1.0699357131172741e-13,8.0395897367845124e-15,1.6920827175560665e-14,2.1636042729065466e-14,2.2385810087289100e-14,1.9307781067160138e-14,1.3288913497030664e-14,5.4146070188368684e-15
816,1.0354652031856269e-13,7.7785404786012189e-15,1.6372867283128823e-14,2.0937181590152403e-14,2.1664598261679827e-14,1.8687540069837930e-14,1.2863595132535211e-14,5.2421975026272874e-15
817,1.0021052422714399e-13,7.5259702523161779e-15,1.5842656285167913e-14,2.0260896861437749e-14,2.0966621981059573e-14,1.8087220657973029e-14,1.2451884334906043e-14,5.0752738542835102e-15
818,9.6982005141111091e-14,7.2816035655924511e-15,1.5329619148746822e-14,1.9606459132472085e-14,2.0291132657382805e-14,1.7506183068555773e-14,1.2053345914498561e-14,4.9136616538625998e-15
819,9.3857500434498590e-14,7.0451738800805965e-15,1.4833199475385514e-14,1.8973162561982741e-14,1.9637405820138690e-14,1.6943808080561515e-14,1.1667558593927063e-14,4.7571920224224837e-15
820,9.0833659038027394e-14,6.8164233202990712e-15,1.4352858897041487e-14,1.8360324116190346e-14,1.9004740339347621e-14,1.6399496355488647e-14,1.1294114563509004e-14,4.6057014461512183e-15
821,8.7907237845042140e-14,6.5951023919830817e-15,1.3888076491679631e-14,1.7767282831744103e-14,1.8392457673590812e-14,1.5872667799063479e-14,1.0932619050908049e-14,4.4590316060729919e-15
822,8.5075098233240018e-14,6.3809697095938211e-15,1.3438348217790263e-14,1.7193399102479861e-14,1.7799901142266375e-14,1.5362760943432765e-14,1.0582689904522692e-14,4.3170292131542438e-15
823,8.2334202698460047e-14,6.1737917326900277e-15,1.3003186367240934e-14,1.6638053989230984e-14,1.7226435221291385e-14,1.4869232349186358e-14,1.0243957190181555e-14,4.1795458486388101e-15
824,7.9681611596923059e-14,5.9733425108735748e-15,1.2582119035867409e-14,1.6100648551946751e-14,1.6671444861494584e-14,1.4391556026573657e-14,9.9160628007206204e-15,4.0464378094464665e-15
825,7.7114479992427933e-14,5.7794034370300951e-15,1.2174689611228555e-14,1.5580603203397227e-14,1.6134334828968669e-14,1.3929222875297841e-14,9.5986600780310991e-15,3.9175659584744497e-15
826,7.4630054605122992e-14,5.5917630085947889e-15,1.1780456276968510e-14,1.5077357083766779e-14,1.5614529066674683e-14,1.3481740142291760e-14,9.2914134471798351e-15,3.7927955796466286e-15
827,7.2225670858579809e-14,5.4102165965823118e-15,1.1398991533247590e-14,1.4590367455461034e-14,1.5111470076613842e-14,1.3048630896898330e-14,8.9939980622167853e-15,3.6719962375599132e-15
828,6.9898750022002714e-14,5.2345662221281677e-15,1.1029881732720843e-14,1.4119109117473872e-14,1.4624618321904156e-14,1.2629433522896978e-14,8.7060994632964684e-15,3.5550416415822333e-15
829,6.7646796444508596e-14,5.0646203402972126e-15,1.0672726631560059e-14,1.3663073838682160e-14,1.4153451648120558e-14,1.2223701226835407e-14,8.4274132447521427e-15,3.4418095142610593e-15
830,6.5467394878510996e-14,4.9001936309228629e-15,1.0327138955031392e-14,1.3221769809456413e-14,1.3697464723277952e-14,1.1831001562143488e-14,8.1576447337730268e-15,3.3321814639058675e-15
831,6.3358207889337736e-14,4.7411067962482809e-15,9.9927439771566187e-15,1.2794721110995311e-14,1.3256168495856496e-14,1.1450915968522724e-14,7.8965086793460079e-15,3.2260428612122940e-15
832,6.1316973348303768e-14,4.5871863651482524e-15,9.6691791140013116e-15,1.2381467201811169e-14,1.2829089670287914e-14,1.1083039326121067e-14,7.6437289511341440e-15,3.1232827197999138e-15
833,5.9341502006550761e-14,4.4382645037176842e-15,9.3560935301480411e-15,1.1981562420811980e-14,1.2415770199340243e-14,1.0726979524018587e-14,7.3990382479746138e-15,3.0237935805396108e-15
834,5.7429675147050971e-14,4.2941788320195897e-15,9.0531477579270672e-15,1.1594575506443508e-14,1.2015766792856606e-14,1.0382357042564687e-14,7.1621778156890491e-15,2.9274713995504601e-15
835,5.5579442312257552e-14,4.1547722467922271e-15,8.7600133289908334e-15,1.1220089131372386e-14,1.1628650442321141e-14,1.0048804549122321e-14,6.9328971739088240e-15,2.8342154397498192e-15
836,5.3788819104963890e-14,4.0198927499214825e-15,8.4763724178320009e-15,1.0857699452207810e-14,1.1254005960742137e-14,9.7259665067889421e-15,6.7109538516274911e-15,2.7439281658440282e-15
837,5.2055885060013474e-14,3.8893932824910098e-15,8.2019174968577314e-15,1.0507015673775744e-14,1.0891431537358950e-14,9.4134987956776945e-15,6.4961131312016813e-15,2.6565151426506631e-15
838,5.0378781584577663e-14,3.7631315642286477e-15,7.9363510026454982e-15,1.0167659627475274e-14,1.0540538306695065e-14,9.1110683463557453e-15,6.2881478005306721e-15,2.5718849366467607e-15
839,4.8755709964792300e-14,3.6409699381735997e-15,7.6793850130178778e-15,9.8392653632618865e-15,1.0200949931495167e-14,8.8183527850495275e-15,6.0868379131534830e-15,2.4899490206407577e-15
840,4.7184929436615215e-14,3.5227752203945315e-15,7.4307409345854816e-15,9.5214787548172459e-15,9.8723021990988403e-15,8.5350400902393411e-15,5.8919705560106405e-15,2.4106216814691298e-15
841,4.5664755318835629e-14,3.4084185545943126e-15,7.1901492004186316e-15,9.2139571174792171e-15,9.5542426308180684e-15,8.2608282602776618e-15,5.7033396246258781e-15,2.3338199306218651e-15
842,4.4193557206233127e-14,3.2977752714424248e-15,6.9573489775193278e-15,8.9163688385196934e-15,9.2464301038995657e-15,7.9954249916774077e-15,5.5207456054707879e-15,2.2594634177039162e-15
843,4.2769757220948116e-14,3.1907247524812837e-15,6.7320878837757704e-15,8.6283930193711130e-15,8.9485344856664584e-15,7.7385473677276909e-15,5.3439953652830615e-15,2.1874743466427402e-15
844,4.1391828320188784e-14,3.0871502984576693e-15,6.5141217140919437e-15,8.3497191294154656e-15,8.6602362794469939e-15,7.4899215571055997e-15,5.1729019471162564e-15,2.1177773945548639e-15
845,4.0058292658459080e-14,2.9869390019353540e-15,6.3032141753947888e-15,8.0800466709620457e-15,8.3812262819104710e-15,7.2492825221631565e-15,5.0072843729060756e-15,2.0502996331871861e-15
846,3.8767720002551386e-14,2.8899816240496658e-15,6.0991366302311234e-15,7.8190848550522999e-15,8.1112052514429043e-15,7.0163737365789289e-15,4.8469674523450969e-15,1.9849704528513743e-15
847,3.7518726197604169e-14,2.7961724752692668e-15,5.9016678486757896e-15,7.5665522877418575e-15,7.8498835872067633e-15,6.7909469120737357e-15,4.6917815978644348e-15,1.9217214887723310e-15
848,3.6309971682578929e-14,2.7054093000348117e-15,5.7105937682815601e-15,7.3221766665210366e-15,7.5969810185405391e-15,6.5727617338994874e-15,4.5415626455273211e-15,1.8604865497741706e-15
849,3.5140160053564740e-14,2.6175931651483921e-15,5.5257072618100809e-15,7.0856944865461928e-15,7.3522263043650796e-15,6.3615856048196223e-15,4.3961516816457721e-15,1.8012015492296102e-15
850,3.4008036673369377e-14,2.5326283517917644e-15,5.3468079124915385e-15,6.8568507563647744e-15,7.1153569422742042e-15,6.1571933973085332e-15,4.2553948749375749e-15,1.7438044382009903e-15
851,3.2912387325905540e-14,2.4504222510553548e-15,5.1737017965689979e-15,6.6353987228272325e-15,6.8861188869977068e-15,5.9593672137062020e-15,4.1191433140466067e-15,1.6882351407034416e-15
852,3.1852036913929441e-14,2.3708852628638343e-15,5.0062012728911844e-15,6.4210996048888781e-15,6.6642662779346986e-15,5.7678961540727197e-15,3.9872528502552294e-15,1.6344354910228984e-15
853,3.0825848198734688e-14,2.2939306981878138e-15,4.8441247793252260e-15,6.2137223360143346e-15,6.4495611754651365e-15,5.5825760914955020e-15,3.8595839452228788e-15,1.5823491730238006e-15
854,2.9832720580449963e-14,2.2194746844347765e-15,4.6872966357682173e-15,6.0130433149065450e-15,6.2417733057566792e-15,5.4032094546100233e-15,3.7360015235903360e-15,1.5319216613833849e-15
855,2.8871588917632255e-14,2.1474360739158475e-15,4.5355468535436838e-15,5.8188461642912741e-15,6.0406798137932118e-15,5.2296050171025110e-15,3.6163748302942632e-15,1.4831001646914650e-15
856,2.7941422384889753e-14,2.0777363552883740e-15,4.3887109509759260e-15,5.6309214974967646e-15,5.8460650243601242e-15,5.0615776939704933e-15,3.5005772924415256e-15,1.4358335703565439e-15
857,2.7041223367309038e-14,2.0102995678775291e-15,4.2466297749419731e-15,5.4490666925765694e-15,5.6577202107300244e-15,4.8989483443242893e-15,3.3884863855976909e-15,1.3900723912609611e-15
858,2.6170026390501006e-14,1.9450522187833157e-15,4.1091493282073351e-15,5.2730856737318050e-15,5.4754433708007891e-15,4.7415435805194865e-15,3.2799835043486646e-15,1.3457687141096099e-15
859,2.5326897085117821e-14,1.8819232026823797e-15,3.9761206023580554e-15,5.1027886997968672e-15,5.2990390104458480e-15,4.5891955834171834e-15,3.1749538369989851e-15,1.3028761494185001e-15
860,2.4510931184730433e-14,1.8208437242370014e-15,3.8473994161476233e-15,4.9379921595603442e-15,5.1283179338443630e-15,4.4417419235753029e-15,3.0732862442746343e-15,1.2613497830911622e-15
861,2.3721253555991852e-14,1.7617472230264692e-15,3.7228462590832135e-15,4.7785183737002023e-15,4.9630970405664032e-15,4.2990253881806043e-15,2.9748731419024410e-15,1.2211461295325183e-15
862,2.2957017260045992e-14,1.7045693009188219e-15,3.6023261400813846e-15,4.6241954031194752e-15,4.8031991291955163e-15,4.1608938135371022e-15,2.8796103869422377e-15,1.1822230862514550e-15
863,2.2217402644175447e-14,1.6492476518035825e-15,3.4857084410289072e-15,4.4748568634755966e-15,4.6484527072780484e-15,4.0271999229325522e-15,2.7873971677518888e-15,1.1445398899048729e-15
864,2.1501616462713993e-14,1.5957219936087196e-15,3.3728667750896845e-15,4.3303417457032014e-15,4.4986918073954055e-15,3.8978011697103588e-15,2.6981358974691402e-15,1.1080570737374844e-15
865,2.0808891026280964e-14,1.5439340025275503e-15,3.2636788496039331e-15,4.1904942423366786e-15,4.3537558091619812e-15,3.7725595853798081e-15,2.6117321108979280e-15,1.0727364263730824e-15
866,2.0138483378425057e-14,1.4938272493837195e-15,3.1580263334307253e-15,4.0551635794450643e-15,4.2134892669578383e-15,3.6513416326029077e-15,2.5280943646904005e-15,1.0385409519144030e-15
867,1.9489674498794525e-14,1.4453471380647312e-15,3.0557947285898648e-15,3.9242038539978455e-15,4.0777417432113916e-15,3.5340180629012775e-15,2.4471341407193509e-15,1.0054348313100660e-15
868,1.8861768531979091e-14,1.3984408459567679e-15,2.9568732460637242e-15,3.7974738764861957e-15,3.9463676470532849e-15,3.4204637789315834e-15,2.3687657525391389e-15,9.7338338494839512e-16
869,1.8254092041196556e-14,1.3530572663157196e-15,2.8611546856241814e-15,3.6748370186297629e-15,3.8192260781684167e-15,3.3105577011828594e-15,2.2929062548364304e-15,9.4235303643918547e-16
870,1.7665993286023686e-14,1.3091469525114656e-15,2.7685353195541842e-15,3.5561610660046747e-15,3.6961806756786317e-15,3.2041826389537648e-15,2.2194753557752278e-15,9.1231127754573578e-16
871,1.7096841523396669e-14,1.2666620640844922e-15,2.6789147801376857e-15,3.4413180754336952e-15,3.5770994718940288e-15,3.1012251654723993e-15,2.1483953321437311e-15,8.8322663423063458e-16
872,1.6546026331131514e-14,1.2255563145559224e-15,2.5921959507957967e-15,3.3301842369846514e-15,3.4618547507760064e-15,3.0015754970256743e-15,2.0795909472134942e-15,8.5506863377997115e-16
873,1.6012956953238857e-14,1.1857849209339407e-15,2.5082848607509606e-15,3.2226397404281731e-15,3.3503229109602577e-15,2.9051273759695436e-15,2.0129893712242389e-15,8.2780777297174300e-16
874,1.5497061666330946e-14,1.1473045548614530e-15,2.4270905831047874e-15,3.1185686460106523e-15,3.2423843331928085e-15,2.8117779574955051e-15,1.9485201044104104e-15,8.0141548725532862e-16
875,1.4997787166441384e-14,1.1100732953516187e-15,2.3485251362188907e-15,3.0178587594029549e-15,3.1379232520369080e-15,2.7214277000327880e-15,1.8861149024882871e-15,7.7586412090993646e-16
876,1.4514597975599896e-14,1.0740505830596280e-15,2.2725033882916609e-15,2.9204015106899303e-15,3.0368276317131950e-15,2.6339802591695119e-15,1.8257077045250019e-15,7.5112689815096645e-16
877,1.4046975867525685e-14,1.0391971760407676e-15,2.1989429650273798e-15,2.8260918372701407e-15,2.9389890459399615e-15,2.5493423849798557e-15,1.7672345631133844e-15,7.2717789515419598e-16
878,1.3594419311823466e-14,1.0054751069464579e-15,2.1277641602974413e-15,2.7348280705394336e-15,2.8443025616446464e-15,2.4674238226478872e-15,1.7106335767789357e-15,7.0399201296866459e-16
879,1.3156442936085999e-14,9.7284764161150306e-16,2.0588898496966828e-15,2.6465118262360754e-15,2.7526666264218410e-15,2.3881372162822274e-15,1.6558448245476183e-15,6.8154495129005158e-16
880,1.2732577005326295e-14,9.4127923898732301e-16,1.9922454069010010e-15,2.5610478983291228e-15,2.6639829596170974e-15,2.3113980158191086e-15,1.6028103026054096e-15,6.5981318306723269e-16
881,1.2322366918181128e-14,9.1073551237740619e-16,1.9277586227354342e-15,2.4783441563355147e-15,2.5781564469197363e-15,2.2371243869146853e-15,1.5514738629827802e-15,6.3877392991557256e-16
882,1.1925372719345554e-14,8.8118319193264450e-16,1.8653596268648696e-15,2.3983114459550876e-15,2.4950950383515883e-15,2.1652371237306267e-15,1.5017811541993909e-15,6.1840513831134661e-16
883,1.1541168627715484e-14,8.5259008836558769e-16,1.8049808120223607e-15,2.3208634929162900e-15,2.4147096495422755e-15,2.0956595645201082e-15,1.4536795638063677e-15,5.9868545654249434e-16
884,1.1169342579732284e-14,8.2492505784399165e-16,1.7465567606928050e-15,2.2459168099288292e-15,2.3369140661851397e-15,2.0283175099243008e-15,1.4071181627655182e-15,5.7959421239170019e-16
885,1.0809495787439606e-14,7.9815796802531747e-16,1.6900241741723996e-15,2.1733906066428611e-15,2.2616248515713535e-15,1.9631391438923410e-15,1.3620476516067816e-15,5.6111139152855133e-16
886,1.0461242310778441e-14,7.7225966519508837e-16,1.6353218039268667e-15,2.1032067025175473e-15,2.1887612571030332e-15,1.9000549571405461e-15,1.3184203083070952e-15,5.4321761658826347e-16
887,1.0124208643661723e-14,7.4720194247321920e-16,1.5823903851739424e-15,2.0352894425049671e-15,2.1182451356893865e-15,1.8389976730693723e-15,1.2761899378356557e-15,5.2589412691517915e-16
888,9.7980333133845120e-15,7.2295750905359753e-16,1.5311725726180407e-15,1.9695656154584132e-15,2.0500008579330077e-15,1.7799021760591921e-15,1.2353118233123270e-15,5.0912275894993440e-16
889,9.4823664929401250e-15,6.9949996044332527e-16,1.4816128782673275e-15,1.9059643751770104e-15,1.9839552310164312e-15,1.7227054420685349e-15,1.1957426787276379e-15,4.9288592723985640e-16
890,9.1768696258264040e-15,6.7680374966912441e-16,1.4336576112657235e-15,1.8444171640014822e-15,1.9200374202019425e-15,1.6673464714608584e-15,1.1574406031744652e-15,4.7716660605280779e-16
891,8.8812150629397766e-15,6.5484415941946242e-16,1.3872548196745203e-15,1.7848576388786133e-15,1.8581788728604621e-15,1.6137662239883122e-15,1.1203650365430902e-15,4.6194831157531583e-16
892,8.5950857111675873e-15,6.3359727509198254e-16,1.3423542341404235e-15,1.7272215998146348e-15,1.7983132449480188e-15,1.5619075558632369e-15,1.0844767166328555e-15,4.4721508467643578e-16
893,8.3181746933018956e-15,6.1303995871680484e-16,1.2989072133888910e-15,1.6714469206403345e-15,1.7403763298509538e-15,1.5117151588503750e-15,1.0497376376351504e-15,4.3295147421938564e-16
894,8.0501850189099260e-15,5.9314982372722866e-16,1.2568666914835928e-15,1.6174734820131862e-15,1.6843059895235482e-15,1.4631355013149128e-15,1.0161110099438987e-15,4.1914252090355752e-16
895,7.7908292658082280e-15,5.7390521055028863e-16,1.2161871267947695e-15,1.5652431065842132e-15,1.6300420878442139e-15,1.4161167711635647e-15,9.8356122125111301e-16,4.0577374162006545e-16
896,7.5398292717988926e-15,5.5528516299051251e-16,1.1768244526210914e-15,1.5146994962596287e-15,1.5775264261187713e-15,1.3706088206179169e-15,9.5205379888644993e-16,3.9283111430452190e-16
897,7.2969158363372046e-15,5.3726940538109778e-16,1.1387360294114376e-15,1.4657881714895672e-15,1.5267026806616437e-15,1.3265631127612059e-15,9.2155537336100142e-16,3.8030106327125180e-16
898,7.0618284318107948e-15,5.1983832047756021e-16,1.1018805985347384e-15,1.4184564125183949e-15,1.4775163423880179e-15,1.2839326698015942e-15,8.9203364307683181e-16,3.6817044501365735e-16
899,6.8343149241205971e-15,5.0297292806972041e-16,1.0662182375477128e-15,1.3726532025332203e-15,1.4299146583521894e-15,1.2426720229968271e-15,8.6345734016500043e-16,3.5642653445592770e-16
900,6.6141313022639817e-15,4.8665486428867736e-16,1.0317103169119560e-15,1.3283291726492623e-15,1.3838465751693874e-15,1.2027371641869376e-15,8.3579619741600030e-16,3.4505701164176048e-16
901,6.4010414166299666e-15,4.7086636158617984e-16,9.9831945811340435e-16,1.2854365486727187e-15,1.3392626842603984e-15,1.1640854988833581e-15,8.0902091626769180e-16,3.3404994884621518e-16
902,6.1948167257259025e-15,4.5559022936453836e-16,9.6600949313873179e-16,1.2439290995836994e-15,1.2961151688602628e-15,1.1266758008644787e-15,7.8310313581693249e-16,3.2339379809725983e-16
903,5.9952360510639453e-15,4.4080983523593197e-16,9.3474542526470158e-16,1.2037620876836441e-15,1.2543577527342165e-15,1.0904681682292758e-15,7.5801540282217817e-16,3.1307737909399796e-16
904,5.8020853399444291e-15,4.2650908689065447e-16,9.0449339111792300e-16,1.1648922203534330e-15,1.2139456505458639e-15,1.0554239808621991e-15,7.3373114266537905e-16,3.0308986750897693e-16
905,5.6151574358817508e-15,4.1267241455450369e-16,8.7522062396384406e-16,1.1272776033701539e-15,1.1748355198243609e-15,1.0215058592640045e-15,7.1022463124250709e-16,2.9342078366237723e-16
906,5.4342518564265232e-15,3.9928475401616787e-16,8.4689541818514458e-16,1.0908776957321492e-15,1.1369854144790891e-15,9.8867762470467410e-16,6.8747096775302726e-16,2.8405998155627039e-16
907,5.2591745781457010e-15,3.8633153020608087e-16,8.1948709491098371e-16,1.0556532659436134e-15,1.1003547398119619e-15,9.5690426065597398e-16,6.6544604835957944e-16,2.7499763825750749e-16
908,5.0897378285301038e-15,3.7379864130882272e-16,7.9296596875980759e-16,1.0215663497115759e-15,1.0649042089791194e-15,9.2615187546256410e-16,6.4412654069004908e-16,2.6622424361816462e-16
909,4.9257598846061050e-15,3.6167244339172435e-16,7.6730331565963164e-16,9.8858020900963162e-16,1.0305958008553090e-15,8.9638766621188775e-16,6.2348985915510081e-16,2.5773059032282017e-16
910,4.7670648780355444e-15,3.4993973553289814e-16,7.4247134171088002e-16,9.5665929246425689e-16,9.9739271925576745e-16,8.6757988376435649e-16,6.0351414105510251e-16,2.4950776425228277e-16
911,4.6134826064947870e-15,3.3858774543246327e-16,7.1844315305799812e-16,9.2576919702097132e-16,9.6525935347186436e-16,8.3969779890656662e-16,5.8417822345120787e-16,2.4154713515371603e-16
912,4.4648483511306722e-15,3.2760411549126100e-16,6.9519272673714721e-16,8.9587663084899527e-16,9.3416124007818593e-16,8.1271166959149424e-16,5.6546162077616362e-16,2.3384034760742491e-16
913,4.3210026998975318e-15,3.1697688934186586e-16,6.7269488246835406e-16,8.6694937744438277e-16,9.0406502597009088e-16,7.8659270923076204e-16,5.4734450316119660e-16,2.2637931228088005e-16
914,4.1817913765858425e-15,3.0669449881719393e-16,6.5092525536150752e-16,8.3895626089290201e-16,8.7493843259210056e-16,7.6131305600520047e-16,5.2980767545608521e-16,2.1915619746085284e-16
915,4.0470650753591074e-15,2.9674575134248553e-16,6.2986026950659097e-16,8.1186711225519451e-16,8.4675022131875649e-16,7.3684574316100224e-16,5.1283255692025372e-16,2.1216342085482504e-16
916,3.9166793006215393e-15,2.8711981773690312e-16,6.0947711241949677e-16,7.8565273703794598e-16,8.1947015995081398e-16,7.1316467025982513e-16,4.9640116156343764e-16,2.0539364165311754e-16
917,3.7904942120447723e-15,2.7780622041143264e-16,5.8975371031569986e-16,7.6028488371598088e-16,7.9306899029084145e-16,6.9024457535221241e-16,4.8049607911515063e-16,1.9883975284345356e-16
918,3.6683744745874061e-15,2.6879482195020792e-16,5.7066870418496311e-16,7.3573621327132146e-16,7.6751839676344746e-16,6.6806100804468052e-16,4.6510045660285070e-16,1.9249487376993514e-16
919,3.5501891133465428e-15,2.6007581406279897e-16,5.5220142664111854e-16,7.1198026971635386e-16,7.4279097604648297e-16,6.4659030343178018e-16,4.5019798051934191e-16,1.8635234292866646e-16
920,3.4358113730855970e-15,2.5163970689540703e-16,5.3433187952181067e-16,6.8899145156930251e-16,7.1886020768064399e-16,6.2580955686535488e-16,4.3577285956057386e-16,1.8040571099250396e-16
921,3.3251185822877713e-15,2.4347731868930386e-16,5.1704071221389917e-16,6.6674498425124296e-16,6.9570042562595755e-16,6.0569659953411421e-16,4.2180980791560144e-16,1.7464873405765168e-16
922,3.2179920215893600e-15,2.3557976577523049e-16,5.0030920068100901e-16,6.4521689337487665e-16,6.7328679073464134e-16,5.8622997482750202e-16,4.0829402909104862e-16,1.6907536710505218e-16
923,3.1143167964517927e-15,2.2793845289283695e-16,4.8411922717047594e-16,6.2438397889625558e-16,6.5159526411081565e-16,5.6738891545867453e-16,3.9521120025298725e-16,1.6367975766974674e-16
924,3.0139817139358395e-15,2.2054506382460201e-16,4.6845326057767402e-16,6.0422379010157362e-16,6.3060258132849576e-16,5.4915332132221268e-16,3.8254745706968637e-16,1.5845623971159499e-16
925,2.9168791634458359e-15,2.1339155233401153e-16,4.5329433744642355e-16,5.8471460140204165e-16,6.1028622748021220e-16,5.3150373806297520e-16,3.7028937903921668e-16,1.5339932768095494e-16
926,2.8229050013160090e-15,2.0647013339810989e-16,4.3862604358487136e-16,5.6583538891074094e-16,5.9062441302949825e-16,5.1442133633325573e-16,3.5842397528640629e-16,1.4850371077312672e-16
927,2.7319584391151322e-15,1.9977327472485768e-16,4.2443249627689919e-16,5.4756580777618346e-16,5.7159605044134803e-16,4.9788789171614341e-16,3.4693867081414036e-16,1.4376424736556030e-16
928,2.6439419355497041e-15,1.9329368854604128e-16,4.1069832706976587e-16,5.2988617024813483e-16,5.5318073156557820e-16,4.8188576529369045e-16,3.3582129319447524e-16,1.3917595963201837e-16
929,2.5587610918497285e-15,1.8702432367678044e-16,3.9740866511931179e-16,5.1277742445203798e-16,5.3535870574883925e-16,4.6639788483918423e-16,3.2506005968550516e-16,1.3473402832806987e-16
930,2.4763245505248851e-15,1.8095835783297063e-16,3.8454912107466133e-16,4.9622113384914226e-16,5.1811085865179943e-16,4.5140772661347899e-16,3.1464356476036454e-16,1.3043378774246788e-16
931,2.3965438973825096e-15,1.7508919019827900e-16,3.7210577148494212e-16,4.8019945736018574e-16,5.0141869174878335e-16,4.3689929774599172e-16,3.0456076803518875e-16,1.2627072080913872e-16
932,2.3193335667022982e-15,1.6941043423258482e-16,3.6006514371110880e-16,4.6469513013118838e-16,4.8526430248787869e-16,4.2285711918158576e-16,2.9480098258327398e-16,1.2224045437467786e-16
933,2.2446107494660341e-15,1.6391591071401958e-16,3.4841420132650551e-16,4.4969144492061234e-16,4.6963036509023172e-16,4.0926620917517013e-16,2.8535386362308745e-16,1.1833875461640741e-16
934,2.1722953045439050e-15,1.5859964100701580e-16,3.3714032999033155e-16,4.3517223408781245e-16,4.5450011196793824e-16,3.9611206731642597e-16,2.7620939756817066e-16,1.1456152260621054e-16
935,2.1023096727421713e-15,1.5345584054902150e-16,3.2623132377869041e-16,4.2112185216334995e-16,4.3985731574060239e-16,3.8338065906763505e-16,2.6735789142736453e-16,1.1090479001550764e-16
936,2.0345787936199843e-15,1.4847891254877475e-16,3.1567537195839382e-16,4.0752515898236926e-16,4.2568627183127344e-16,3.7105840079813441e-16,2.5878996254415172e-16,1.0736471495688715e-16
937,1.9690300249861547e-15,1.4366344188926524e-16,3.0546104618917966e-16,3.9436750336284777e-16,4.1197178162309639e-16,3.5913214529944715e-16,2.5049652866427149e-16,1.0393757795804670e-16
938,1.9055930649895142e-15,1.3900418922873136e-16,2.9557728814046030e-16,3.8163470731111242e-16,3.9869913615861067e-16,3.4758916776565364e-16,2.4246879832110855e-16,1.0061977806383778e-16
939,1.8441998767193341e-15,1.3449608529325888e-16,2.8601339750917432e-16,3.6931305073758941e-16,3.8585410036421422e-16,3.3641715222406274e-16,2.3469826152869338e-16,9.7407829062341129e-17
940,1.7847846152349012e-15,1.3013422535475601e-16,2.7675902042574400e-16,3.5738925666630089e-16,3.7342289778287411e-16,3.2560417840172130e-16,2.2717668077247556e-16,9.4298355831029168e-17
941,1.7272835569460257e-15,1.2591386388828167e-16,2.6780413823556697e-16,3.4585047692215776e-16,3.6139219579870908e-16,3.1513870901376581e-16,2.1989608228834709e-16,9.1288090799197423e-17
942,1.6716350312687147e-15,1.2183040940289984e-16,2.5913905664387414e-16,3.3468427828061151e-16,3.4974909133759672e-16,3.0500957746006868e-16,2.1284874762069646e-16,8.8373870522967412e-17
943,1.6177793544827194e-15,1.1787941944042219e-16,2.5075439521218261e-16,3.2387862906472592e-16,3.3848109702846971e-16,2.9520597591706703e-16,2.0602720545056942e-16,8.5552632369282407e-17
944,1.5656587657200207e-15,1.1405659573658462e-16,2.4264107719495265e-16,3.1342188617521582e-16,3.2757612781045862e-16,2.8571744381208252e-16,1.9942422368529718e-16,8.2821411305429213e-17
945,1.5152173650155964e-15,1.1035777953937990e-16,2.3479031970542746e-16,3.0330278253946258e-16,3.1702248797151692e-16,2.7653385666784880e-16,1.9303280180122952e-16,8.0177336790731156e-17
946,1.4664010533540288e-15,1.0677894707944127e-16,2.2719362419999085e-16,2.9351041496597134e-16,3.0680885860462818e-16,2.6764541530535702e-16,1.8684616343147749e-16,7.7617629767162749e-17
947,1.4191574746476533e-15,1.0331620518753662e-16,2.1984276727072451e-16,2.8403423239117095e-16,2.9692428546814015e-16,2.5904263539351191e-16,1.8085774919082889e-16,7.5139599745740415e-17
948,1.3734359595840179e-15,9.9965787054394138e-17,2.1272979173618069e-16,2.7486402450588066e-16,2.8735816723720779e-16,2.5071633733446062e-16,1.7506120973025062e-16,7.2740641985643247e-17
949,1.3291874712824290e-15,9.6724048128235582e-17,2.0584699802070808e-16,2.6598991074917842e-16,2.7810024413374344e-16,2.4265763647381366e-16,1.6945039901363445e-16,7.0418234763115033e-17
950,1.2863645527013010e-15,9.3587462145543086e-17,1.9918693581298498e-16,2.5740232965780030e-16,2.6914058692267980e-16,2.3485793362532360e-16,1.6401936780967740e-16,6.8169936727291779e-17
951,1.2449212757399039e-15,9.0552617290731494e-17,1.9274239599471284e-16,2.4909202855958535e-16,2.6046958626274508e-16,2.2730890589992324e-16,1.5876235739201535e-16,6.5993384340190473e-17
952,1.2048131919799148e-15,8.7616212480538479e-17,1.8650640283071995e-16,2.4105005359985106e-16,2.5207794240032750e-16,2.2000249782934691e-16,1.5367379344094885e-16,6.3886289398182148e-17
953,1.1659972850139503e-15,8.4775053769080583e-17,1.8047220641200577e-16,2.3326774008994282e-16,2.4395665519537628e-16,2.1293091277487535e-16,1.4874828014031189e-16,6.1846436632357575e-17
954,1.1284319243099456e-15,8.2026050869655714e-17,1.7463327534353274e-16,2.2573670316754992e-16,2.3609701446864240e-16,2.0608660461204586e-16,1.4398059446324271e-16,5.9871681385276203e-17
955,1.0920768205619034e-15,7.9366213789499165e-17,1.6898328966883672e-16,2.1844882875871562e-16,2.2849059065990506e-16,1.9946226968246566e-16,1.3936568064081237e-16,5.7959947361668957e-17
956,1.0568929824791247e-15,7.6792649573824000e-17,1.6351613402378502e-16,2.1139626483179462e-16,2.2112922578716633e-16,1.9305083900414880e-16,1.3489864480766369e-16,5.6109224450742263e-17
957,1.0228426749675727e-15,7.4302559155595832e-17,1.5822589101205843e-16,2.0457141293392633e-16,2.1400502469711588e-16,1.8684547073207435e-16,1.3057474981899602e-16,5.4317566617805948e-17
958,9.8988937865852853e-16,7.1893234307607039e-17,1.5310683479517556e-16,1.9796692000089706e-16,2.0711034659748338e-16,1.8083954286092921e-16,1.2638941023341655e-16,5.2583089863019586e-17
959,9.5799775074112220e-16,6.9562054693527639e-17,1.4815342489010916e-16,1.9157567043155919e-16,2.0043779686219581e-16,1.7502664616225719e-16,1.2233818745635081e-16,5.0903970245122415e-17
960,9.2713358705674032e-16,6.7306485014717440e-17,1.4336030016777037e-16,1.8539077841826017e-16,1.9398021910055091e-16,1.6940057734848558e-16,1.1841678503887639e-16,4.9278441968079417e-17
961,8.9726378541464858e-16,6.5124072249688992e-17,1.3872227304585371e-16,1.7940558052501131e-16,1.8773068748190148e-16,1.6395533245654284e-16,1.1462104412700810e-16,4.7704795528642024e-17
962,8.6835631008949040e-16,6.3012442983211685e-17,1.3423432386974763e-16,1.7361362850539261e-16,1.8168249930761764e-16,1.5868510044401422e-16,1.1094693905662101e-16,4.6181375922885666e-17
963,8.4038015746258268e-16,6.0969300822145274e-17,1.2989159547541813e-16,1.6800868235244927e-16,1.7582916782236115e-16,1.5358425699100884e-16,1.0739057308935234e-16,4.4706580909847722e-17
964,8.1330532277015671e-16,5.8992423895185615e-17,1.2568938792837135e-16,1.6258470357308494e-16,1.7016441525696131e-16,1.4864735850113185e-16,1.0394817428497231e-16,4.3278859330449320e-17
965,7.8710276792288506e-16,5.7079662433797049e-17,1.2162315343299173e-16,1.5733584867969974e-16,1.6468216609543148e-16,1.4386913629516580e-16,1.0061609150585729e-16,4.1896709479941964e-17
966,7.6174439036217741e-16,5.5228936431694363e-17,1.1768849140673630e-16,1.5225646289205453e-16,1.5937654055890403e-16,1.3924449099127224e-16,9.7390790549339829e-17,4.0558677532176136e-17
967,7.3720299291984546e-16,5.3438233380322902e-17,1.1388114371384644e-16,1.4734107404257059e-16,1.5424184829949621e-16,1.3476848706572272e-16,9.4268850403843645e-17,3.9263356014042941e-17
968,7.1345225464880867e-16,5.1705606077868377e-17,1.1019699005340876e-16,1.4258438667849252e-16,1.4927258229734285e-16,1.3043634758836033e-16,9.1246959624843400e-17,3.8009382328492408e-17
969,6.9046670259355896e-16,5.0029170509408099e-17,1.0663204349676686e-16,1.3798127635455463e-16,1.4446341295425055e-16,1.2624344912718011e-16,8.8321912826816050e-17,3.6795437324582637e-17
970,6.6822168447010638e-16,4.8407103795892973e-17,1.0318244616944552e-16,1.3352678410999730e-16,1.3980918237763899e-16,1.2218531681659599e-16,8.5490607287472021e-17,3.5620243913063594e-17
971,6.4669334222610449e-16,4.6837642209724633e-17,9.9844465072907002e-17,1.2921611112397732e-16,1.3530489884863816e-16,1.1825761958413692e-16,8.2750039660674286e-17,3.4482565726046249e-17
972,6.2585858645279990e-16,4.5319079254764738e-17,9.6614488041610302e-17,1.2504461354360982e-16,1.3094573146840952e-16,1.1445616553048339e-16,8.0097302794567666e-17,3.3381205819354414e-17
973,6.0569507162135949e-16,4.3849763808683683e-17,9.3489019830990577e-17,1.2100779747906503e-16,1.2672700497694802e-16,1.1077689745791907e-16,7.7529582651552211e-17,3.2315005416200943e-17
974,5.8618117211702053e-16,4.2428098325624230e-17,9.0464678332118626e-17,1.1710131416032312e-16,1.2264419473880898e-16,1.0721588854243049e-16,7.5044155326841811e-17,3.1282842690873247e-17
975,5.6729595904535485e-16,4.1052537097220819e-17,8.7538190908937263e-17,1.1332095525036533e-16,1.1869292189038171e-16,1.0376933814484090e-16,7.2638384162454005e-17,3.0283631591154801e-17
976,5.4901917778577566e-16,3.9721584570079551e-17,8.4706390854104358e-17,1.0966264830974756e-16,1.1486894864350479e-16,1.0043356775651225e-16,7.0309716953577182e-17,2.9316320698250016e-17
977,5.3133122626821103e-16,3.8433793717885033e-17,8.1966213959601151e-17,1.0612245240766648e-16,1.1116817374038706e-16,9.7205017075293069e-17,6.8055683244359478e-17,2.8379892123018786e-17
978,5.1421313394964468e-16,3.7187764466359851e-17,7.9314695198388626e-17,1.0269655387478596e-16,1.0758662805495852e-16,9.4080240207528472e-17,6.5873891710258184e-17,2.7473360437365130e-17
979,4.9764654146797868e-16,3.5982142169360394e-17,7.6748965513515296e-17,9.9381262193244331e-17,1.0412047033593454e-16,9.1055901992083320e-17,6.3762027624179641e-17,2.6595771639661160e-17
980,4.8161368095139404e-16,3.4815616134448152e-17,7.4266248711196432e-17,9.6173006019411329e-17,1.0076598308702708e-16,8.8128774442459379e-17,6.1717850403728719e-17,2.5746202153122954e-17
981,4.6609735696209242e-16,3.3686918196329622e-17,7.1863858454497099e-17,9.3068329335106312e-17,9.7519568579884780e-17,8.5295733303212459e-17,5.9739191236972340e-17,2.4923757856089728e-17
982,4.5108092805397980e-16,3.2594821336610540e-17,6.9539195354360856e-17,9.0063887723128339e-17,9.4377744995485550e-17,8.2553754716999350e-17,5.7823950784204530e-17,2.4127573143190599e-17
983,4.3654828892451366e-16,3.1538138348360048e-17,6.7289744154831191e-17,8.7156444763082188e-17,9.1337142689843326e-17,7.9899911998699570e-17,5.5970096953281375e-17,2.3356810016415974e-17
984,4.2248385314156994e-16,3.0515720544029734e-17,6.5113071009415261e-17,8.4342868543614778e-17,8.8394500580023954e-17,7.7331372513173598e-17,5.4175662746171039e-17,2.2610657205141593e-17
985,4.0887253642680504e-16,2.9526456505319589e-17,6.3006820845637929e-17,8.1620128287301287e-17,8.5546662646594073e-17,7.4845394653327989e-17,5.2438744174440570e-17,2.1888329314183599e-17
986,3.9569974047758428e-16,2.8569270873628678e-17,6.0968714814930069e-17,7.8985291084542637e-17,8.2790574548752018e-17,7.2439324915265453e-17,5.0757498241472994e-17,2.1189065998992377e-17
987,3.8295133731012433e-16,2.7643123179772504e-17,5.8996547825087351e-17,7.6435518732952379e-17,8.0123280348509981e-17,7.0110595067401507e-17,4.9130140989279377e-17,2.0512131167121205e-17
988,3.7061365410705950e-16,2.6747006711692018e-17,5.7088186152625500e-17,7.3968064678826105e-17,7.7541919340414783e-17,6.7856719410528896e-17,4.7554945607838849e-17,1.9856812205133341e-17
989,3.5867345855317840e-16,2.5879947418920474e-17,5.5241565132444354e-17,7.1580271057395367e-17,7.5043722983406397e-17,6.5675292125908821e-17,4.6030240604965403e-17,1.9222419230137623e-17
990,3.4711794464360545e-16,2.5041002852614554e-17,5.3454686922297153e-17,6.9269565828675757e-17,7.2626011931524016e-17,6.3563984708560874e-17,4.4554408034764456e-17,1.8608284365168648e-17
991,3.3593471894920449e-16,2.4229261139994837e-17,5.1725618339642401e-17,6.7033460005820679e-17,7.0286193160274987e-17,6.1520543483015019e-17,4.3125881782804285e-17,1.8013761037652267e-17
992,3.2511178732447568e-16,2.3443839992078256e-17,5.0052488768534197e-17,6.4869544972993263e-17,6.8021757185584447e-17,5.9542787198876884e-17,4.1743145906187167e-17,1.7438223300221525e-17
