t,f_total,k_0,k_1,k_2,k_3,k_4,k_5,k_6
1,0.0000000000000000e+00,0.0000000000000000e+00,0.0000000000000000e+00,0.0000000000000000e+00,0.0000000000000000e+00,0.0000000000000000e+00,0.0000000000000000e+00,0.0000000000000000e+00
2,2.8947241512345675e-04,0.0000000000000000e+00,0.0000000000000000e+00,0.0000000000000000e+00,2.8947241512345675e-04,0.0000000000000000e+00,0.0000000000000000e+00,0.0000000000000000e+00
3,4.2902224191422320e-03,0.0000000000000000e+00,0.0000000000000000e+00,3.3978834950220767e-03,8.5233544453017815e-04,4.0003479589977699e-05,0.0000000000000000e+00,0.0000000000000000e+00
4,1.1595153113883948e-02,0.0000000000000000e+00,4.5842697366674668e-03,5.4657099252429578e-03,1.4277562384888121e-03,1.1479893018515837e-04,2.6182832995523596e-06,0.0000000000000000e+00
5,1.6208639427631042e-02,3.5559329568642253e-04,6.9776216235448475e-03,6.7120539840146145e-03,1.9371037397782965e-03,2.1624886257453366e-04,9.8619454420782344e-06,1.5597659024714356e-07
6,1.8966474374925213e-02,8.2229650808303683e-04,8.0160905367096195e-03,7.3934106927938002e-03,2.3755853991894436e-03,3.3574233132637528e-04,2.2702278279620586e-05,6.4662854331354721e-07
7,2.0616109751970570e-02,1.2926902200642199e-03,8.3431860236746671e-03,7.7283003892763009e-03,2.7438980934958862e-03,4.6528078033497003e-04,4.1158452901718842e-05,1.5957922228085238e-06
8,2.1603723860405776e-02,1.7198007891215492e-03,8.3259314963048635e-03,7.8473391346705092e-03,3.0451263839418215e-03,5.9791697522067156e-04,6.4556368193796629e-05,3.0527129525659472e-06
9,2.2174528949644064e-02,2.0890433218507991e-03,8.1480774954260163e-03,7.8284777394273600e-03,3.2840613794484965e-03,7.2805726817395478e-04,9.1811554389674310e-05,5.0001909277663215e-06
10,2.2466579816563949e-02,2.3991499973664743e-03,7.9001540935749858e-03,7.7200258979048721e-03,3.4667114163277456e-03,8.5149891552294718e-04,1.2166649027301000e-04,7.3730055939121442e-06
11,2.2562101453182850e-02,2.6539935778187250e-03,7.6267098869256091e-03,7.5534675590857910e-03,3.5996866566079980e-03,9.6530369197837828e-04,1.5286267368881074e-04,1.0077407077539236e-05
12,2.2513391256916673e-02,2.8591407283375366e-03,7.3495627359877721e-03,7.3501538184892875e-03,3.6896746087302576e-03,1.0676005697459121e-03,1.8425114411663222e-04,1.3007651509275168e-05
13,2.2355862130859092e-02,3.0204651471391329e-03,7.0791279971628134e-03,7.1249095011791412e-03,3.7430724788978017e-03,1.1573752308346407e-03,2.1485344877523170e-04,1.6058326870325560e-05
14,2.2114804852812312e-02,3.1436037999096967e-03,6.8200211803747081e-03,6.8881191476983647e-03,3.7657669018150114e-03,1.2342748167898563e-03,2.4388643802111562e-04,1.9132568203561112e-05
15,2.1809057822207819e-02,3.2337544073748532e-03,6.5738912201760554e-03,6.6470367336269156e-03,3.7630268169378538e-03,1.2984390881561028e-03,2.7076272841133279e-04,2.2146827524705960e-05
16,2.1453109028815826e-02,3.2956114716619724e-03,6.3408866426083567e-03,6.4066675248200238e-03,3.7394737796578323e-03,1.3503603965643670e-03,2.9507619538071483e-04,2.5033018122559513e-05
17,2.1058369503975771e-02,3.3333603587337511e-03,6.1204287481242048e-03,6.1703908023778287e-03,3.6991005469853566e-03,1.3907708594057123e-03,3.1657938026420196e-04,2.7738808084713406e-05
18,2.0633986889948309e-02,3.3506972178765724e-03,5.9116235290566912e-03,5.9404115508538847e-03,3.6453167565372348e-03,1.4205535402369955e-03,3.3515758396633882e-04,3.0226711420589056e-05
19,2.0187390212123159e-02,3.3508611613928081e-03,5.7134802830836788e-03,5.7180920515584252e-03,3.5810074531669425e-03,1.4406740201443387e-03,3.5080276385645855e-04,3.2472478920510349e-05
20,1.9724669566034039e-02,3.3366722884817322e-03,5.5250246332155667e-03,5.5041960287819918e-03,3.5085954760537873e-03,1.4521288612202048e-03,3.6358912358824466e-04,3.4463154692512962e-05
21,1.9250849845429838e-02,3.3105720088683851e-03,5.3453531622459291e-03,5.2990680020080106e-03,3.4301024031215301e-03,1.4559078024403743e-03,3.7365141659014114e-04,3.6195050155468017e-05
22,1.8770093868462779e-02,3.2746634396963420e-03,5.1736557567617263e-03,5.1027643479123978e-03,3.3472051903726285e-03,1.4529669413301850e-03,3.8116639461898381e-04,3.7671797770514457e-05
23,1.8285856966122373e-02,3.2307504007447153e-03,5.0092203847698982e-03,4.9151483900821327e-03,3.2612871867430818e-03,1.4442105715039260e-03,3.8633745217068251e-04,3.8902580107933547e-05
24,1.7801007300562232e-02,3.1803740510468214e-03,4.8514287180305591e-03,4.7359587913862709e-03,3.1734831360148595e-03,1.4304797344877889e-03,3.8938228725742680e-04,3.9900582338507257e-05
25,1.7317921406630455e-02,3.1248465991935591e-03,4.6997474143950545e-03,4.5648582364705521e-03,3.0847183081304371e-03,1.4125458910993643e-03,3.9052327343248915e-04,4.0681683908995651e-05
26,1.6838561419100617e-02,3.0652818137399812e-03,4.5537177877852941e-03,4.4014676507048650e-03,2.9957421805929477e-03,1.3911084193227157e-03,3.8998018263077574e-04,4.1263384324037216e-05
27,1.6364538469245626e-02,3.0026222750502546e-03,4.4129453674226146e-03,4.2453898748636238e-03,2.9071572150439176e-03,1.3667949030213998e-03,3.8796488834234134e-04,4.1663945501477524e-05
28,1.5897165414893662e-02,2.9376634587182609e-03,4.2770901258356569e-03,4.0962257072296084e-03,2.8194433082495123e-03,1.3401633921819429e-03,3.8467769606530657e-04,4.1901726613374101e-05
29,1.5437501174402585e-02,2.8710748364402703e-03,4.1458577328898237e-03,3.9535844641659119e-03,2.7329784806185225e-03,1.3117059949003182e-03,3.8030498061902113e-04,4.1994684768717205e-05
30,1.4986388322330997e-02,2.8034182353388940e-03,4.0189919509397015e-03,3.8170906395027068e-03,2.6480563235406593e-03,1.2818533085603204e-03,3.7501784952361807e-04,4.1960014925096544e-05
31,1.4544485180249495e-02,2.7351637222273223e-03,3.8962681526290132e-03,3.6863878174274861e-03,2.5649006738784237e-03,1.2509793170902414e-03,3.6897159297860285e-04,4.1813904018407145e-05
32,1.4112293339266849e-02,2.6667032842210975e-03,3.7774878743963673e-03,3.5611406778155094e-03,2.4836779282702286e-03,1.2194064770328968e-03,3.6230572076991277e-04,4.1571376760836158e-05
33,1.3690181340823468e-02,2.5983625685318699e-03,3.6624742887835485e-03,3.4410356998796562e-03,2.4045073560981806e-03,1.1874107912485065e-03,3.5514442288575717e-04,4.1246213395948438e-05
34,1.3278405091730160e-02,2.5304109275014267e-03,3.5510684708525064e-03,3.3257809987925521e-03,2.3274697203432516e-03,1.1552267287825598e-03,3.4759732285581288e-04,4.0850922602052715e-05
35,1.2877125479710292e-02,2.4630699937473639e-03,3.4431263384040157e-03,3.2151056046882094e-03,2.2526144710530590e-03,1.1230518957242109e-03,3.3976042058555053e-04,4.0396755507880511e-05
36,1.2486423574186294e-02,2.3965209873076689e-03,3.3385161562026859e-03,3.1087584022379397e-03,2.1799657369814406e-03,1.0910513972852756e-03,3.3171714485265871e-04,3.9893749318625797e-05
37,1.2106313735122012e-02,2.3309109336134577e-03,3.2371165074534546e-03,3.0065068828690217e-03,2.1095273069123800e-03,1.0593618579852119e-03,3.2353945499526788e-04,3.9350791293218877e-05
38,1.1736754904527398e-02,2.2663579490610430e-03,3.1388146492745046e-03,2.9081358139916571e-03,2.0412867628397148e-03,1.0280950865217309e-03,3.1528894708842574e-04,3.8775695750322210e-05
39,1.1377660316767084e-02,2.2029557305117023e-03,3.0435051817436620e-03,2.8134458953805045e-03,1.9752189020437131e-03,9.9734138611851987e-04,3.0701793254972790e-04,3.8175288419252951e-05
40,1.1028905832380007e-02,2.1407773665213050e-03,2.9510889717057846e-03,2.7222524484737626e-03,1.9112885636779150e-03,9.6717252108164580e-04,2.9877046710484359e-04,3.7555493814750981e-05
41,1.0690337073873140e-02,2.0798785715862725e-03,2.8614722827048286e-03,2.6343841671199624e-03,1.8494529572699444e-03,9.3764435694659626e-04,2.9058331581547384e-04,3.6921422430059683e-05
42,1.0361775519641488e-02,2.0203004301501881e-03,2.7745660711287613e-03,2.5496819462494514e-03,1.7896635751038462e-03,9.0879919574809629e-04,2.8248684581857586e-04,3.6277455442568152e-05
43,1.0043023692926333e-02,1.9620717244317317e-03,2.6902854160165681e-03,2.4679977966308502e-03,1.7318677573920267e-03,8.8066783022380498e-04,2.7450584288988368e-04,3.5627325341467664e-05
44,9.7338695659528948e-03,1.9052109091532200e-03,2.6085490561126726e-03,2.3891938482387036e-03,1.6760099681131270e-03,8.5327134166730183e-04,2.6666025122104353e-04,3.4974191446825875e-05
45,9.4340902846620327e-03,1.8497277867959778e-03,2.5292790128214971e-03,2.3131414410392853e-03,1.6220328300849604e-03,8.2662266606379131e-04,2.5896583813577042e-04,3.4320709720749194e-05
46,9.1434553064571704e-03,1.7956249289080540e-03,2.4524002818689049e-03,2.2397202996391878e-03,1.5698779599975256e-03,8.0072795237423112e-04,2.5143478707194731e-04,3.3669096597320670e-05
47,8.8617290318937451e-03,1.7428988820725666e-03,2.3778405798623049e-03,2.1688177868316536e-03,1.5194866375259530e-03,7.7558773561025370e-04,2.4407622319200397e-04,3.3021186799008032e-05
48,8.5886730010607017e-03,1.6915411912546800e-03,2.3055301346863993e-03,2.1003282303268004e-03,1.4708003370856053e-03,7.5119794583706286e-04,2.3689667658973118e-04,3.2378485280423221e-05
49,8.3240477163930293e-03,1.6415392682402651e-03,2.2354015108888969e-03,2.0341523166540598e-03,1.4237611461186052e-03,7.2755077258389767e-04,2.2990048834723286e-04,3.1742213560071071e-05
50,8.0676141456844930e-03,1.5928771286335898e-03,2.1673894629956280e-03,1.9701965462281357e-03,1.3783120898744347e-03,7.0463540242609939e-04,2.2309016474765883e-04,3.1113350778946619e-05
51,7.8191349520322605e-03,1.5455360172843089e-03,2.1014308111276729e-03,1.9083727437669102e-03,1.3343973793497690e-03,6.8243864579673667e-04,2.1646668483561233e-04,3.0492669871251363e-05
52,7.5783754912420575e-03,1.4994949389691764e-03,2.0374643344410318e-03,1.8485976185657221e-03,1.2919625962851612e-03,6.6094546743568881e-04,2.1002976629031932e-04,2.9880769254958834e-05
53,7.3451046117673727e-03,1.4547311085782071e-03,1.9754306788269975e-03,1.7907923695148500e-03,1.2509548267947931e-03,6.4013943332072974e-04,2.0377809427703648e-04,2.9278100454758898e-05
54,7.1190952874693918e-03,1.4112203328769933e-03,1.9152722760437302e-03,1.7348823301598214e-03,1.2113227532594229e-03,6.2000308546728510e-04,1.9770951760011326e-04,2.8684992062026297e-05
55,6.9001251092939359e-03,1.3689373340755758e-03,1.8569332720331289e-03,1.6807966495230224e-03,1.1730167124822659e-03,6.0051825464104997e-04,1.9182121611910542e-04,2.8101670419788465e-05
56,6.6879766583018956e-03,1.3278560238776771e-03,1.8003594626416076e-03,1.6284680048141310e-03,1.1359887267424482e-03,5.8166631980412253e-04,1.8610984302368423e-04,2.7528277398224577e-05
57,6.4824377793007660e-03,1.2879497353680764e-03,1.7454982353327130e-03,1.5778323425461932e-03,1.1001925132385129e-03,5.6342842200965491e-04,1.8057164520530466e-04,2.6964885600310053e-05
58,6.2833017715526367e-03,1.2491914189830832e-03,1.6922985157728845e-03,1.5288286449379172e-03,1.0655834764595287e-03,5.4578563946815629e-04,1.7520256462151207e-04,2.6411511309554296e-05
59,6.0903675106292621e-03,1.2115538078677557e-03,1.6407107184045198e-03,1.4813987188180833e-03,1.0321186872236019e-03,5.2871912962428698e-04,1.6999832322737971e-04,2.5868125463634081e-05
60,5.9034395134035028e-03,1.1750095571270121e-03,1.5906867003051533e-03,1.4354870045539228e-03,9.9975685145774771e-04,5.1221024329887728e-04,1.6495449375077749e-04,2.5334662910012946e-05
61,5.7223279563688063e-03,1.1395313608034896e-03,1.5421797177779257e-03,1.3910404028022586e-03,9.6845827123787759e-04,4.9624061525894807e-04,1.6006655831531688e-04,2.4811030172989904e-05
62,5.5468486559289345e-03,1.1050920498439079e-03,1.4951443852344181e-03,1.3480081171313347e-03,9.3818480014523490e-04,4.8079223497045977e-04,1.5532995666712174e-04,2.4297111936457825e-05
63,5.3768230179674931e-03,1.0716646738317122e-03,1.4495366360226573e-03,1.3063415107842393e-03,9.0889979461094054e-04,4.6584750075625057e-04,1.5074012553846722e-04,2.3792776423225509e-05
64,5.2120779628626298e-03,1.0392225688533663e-03,1.4053136849256369e-03,1.2659939760536537e-03,8.8056806260075702e-04,4.5138926011730011e-04,1.4629253048171540e-04,2.3297879830200155e-05
65,5.0524458311322013e-03,1.0077394135174587e-03,1.3624339921130342e-03,1.2269208149143383e-03,8.5315581072716647e-04,4.3740083857170503e-04,1.4198269132941751e-04,2.2812269959080451e-05
66,4.8977642740564726e-03,9.7718927485009608e-04,1.3208572283740460e-03,1.1890791297164173e-03,8.2663059065644711e-04,4.2386605901569561e-04,1.3780620227931963e-04,2.2335789164450546e-05
67,4.7478761329102764e-03,9.4754664553886180e-04,1.2805442414949677e-03,1.1524277228810982e-03,8.0096124549718008e-04,4.1076925330836106e-04,1.3375874746458235e-04,2.1868276725225137e-05
68,4.6026293098273274e-03,9.1878647378397418e-04,1.2414570236732505e-03,1.1169270046628764e-03,7.7611785670721905e-04,3.9809526752075165e-04,1.2983611274807946e-04,2.1409570731176879e-05
69,4.4618766328017069e-03,8.9088418683353041e-04,1.2035586798818906e-03,1.0825389081502703e-03,7.5207169193336042e-04,3.8582946206550459e-04,1.2603419437348678e-04,2.0959509563663807e-05
70,4.3254757168923351e-03,8.6381570912489561e-04,1.1668133971153671e-03,1.0492268107723192e-03,7.2879515409734552e-04,3.7395770773046712e-04,1.2234900501340029e-04,2.0517933038540649e-05
71,4.1932888233246401e-03,8.3755747582236833e-04,1.1311864144619504e-03,1.0169554616619302e-03,7.0626173195968104e-04,3.6246637847482823e-04,1.1877667767442717e-04,2.0084683269454555e-05
72,4.0651827178697347e-03,8.1208644242869801e-04,1.0966439939578442e-03,9.8569091430098215e-04,6.8444595232601037e-04,3.5134234170536245e-04,1.1531346784967264e-04,1.9659605301165062e-05
73,3.9410285296171063e-03,7.8738009105194546e-04,1.0631533921869178e-03,9.5540046393708528e-04,6.6332333400677195e-04,3.4057294663029344e-04,1.1195575424902623e-04,1.9242547555066768e-05
74,3.8207016110346236e-03,7.6341643382706915e-04,1.0306828325962131e-03,9.2605258931910146e-04,6.4287034359748264e-04,3.3014601118617419e-04,1.0870003838596959e-04,1.8833362122613384e-05
75,3.7040814000235791e-03,7.4017401392140387e-04,9.9920147850240428e-04,8.9761689834888384e-04,6.2306435311235543e-04,3.2004980794655253e-04,1.0554294325524409e-04,1.8431904936735064e-05
76,3.5910512845209984e-03,7.1763190449308442e-04,9.6867940676821000e-04,8.7006407729105033e-04,6.0388359947657422e-04,3.1027304934788127e-04,1.0248121129769299e-04,1.8038035846505444e-05
77,3.4814984700719635e-03,6.9576970591997281e-04,9.3908758213069338e-04,8.4336584322165743e-04,5.8530714586113326e-04,3.0080487250624748e-04,9.9511701816100626e-05,1.7651618616158923e-05
78,3.3753138506873431e-03,6.7456754157247409e-04,9.1039783216560755e-04,8.1749489943107594e-04,5.6731484482764336e-04,2.9163482384638947e-04,9.6631387978154680e-05,1.7272520865998251e-05
79,3.2723918832136111e-03,6.5400605236572325e-04,8.8258282287362062e-04,7.9242489352673070e-04,5.4988730323801346e-04,2.8275284372072435e-04,9.3837353519106353e-05,1.6900613969692745e-05
80,3.1726304653685090e-03,6.3406639029404521e-04,8.5561603487549639e-04,7.6813037800815809e-04,5.3300584887471057e-04,2.7414925115948948e-04,9.1126789236729418e-05,1.6535772919880439e-05
81,3.0759308175366913e-03,6.1473021112258476e-04,8.2947174020422422e-04,7.4458677311049987e-04,5.1665249871075546e-04,2.6581472886254905e-04,8.8496989354284357e-05,1.6177876171793743e-05
82,2.9821973683710552e-03,5.9597966638688313e-04,8.0412497968275097e-04,7.2177033173347082e-04,5.0080992876421642e-04,2.5774030851801919e-04,8.5945347812940292e-05,1.5826805472774458e-05
83,2.8913376442064299e-03,5.7779739483040666e-04,7.7955154087643269e-04,6.9965810629134815e-04,4.8546144546930589e-04,2.4991735651183324e-04,8.3469354543119577e-05,1.5482445683983302e-05
84,2.8032621622610956e-03,5.6016651339211264e-04,7.5572793660965017e-04,6.7822791733591816e-04,4.7059095849489826e-04,2.4233756007503664e-04,8.1066591754178359e-05,1.5144684599300730e-05
85,2.7178843275769940e-03,5.4307060784066679e-04,7.3263138403623291e-04,6.5745832381886092e-04,4.5618295494109085e-04,2.3499291390138388e-04,7.8734730273435279e-05,1.4813412765323388e-05
86,2.6351203336303351e-03,5.2649372313856634e-04,7.1023978425348766e-04,6.3732859487295053e-04,4.4222247484508641e-04,2.2787570725622518e-04,7.6471525958565905e-05,1.4488523305452676e-05
87,2.5548890665296306e-03,5.1042035360786134e-04,6.8853170244968255e-04,6.1781868300291780e-04,4.2869508792897908e-04,2.2097851158828688e-04,7.4274816201580566e-05,1.4169911750321857e-05
88,2.4771120127073491e-03,4.9483543295916353e-04,6.6748634857489910e-04,5.9890919858703192e-04,4.1558687152382860e-04,2.1429416864842117e-04,7.2142516537813744e-05,1.3857475876191205e-05
89,2.4017131700035119e-03,4.7972432423696513e-04,6.4708355852516233e-04,5.8058138559954680e-04,4.0288438960656549e-04,2.0781577911341295e-04,7.0072617369421904e-05,1.3551115552437588e-05
90,2.3286189620342706e-03,4.6507280972677377e-04,6.2730377582977212e-04,5.6281709847227424e-04,3.9057467288868664e-04,2.0153669170823303e-04,6.8063180809673971e-05,1.3250732598856894e-05
91,2.2577581557352636e-03,4.5086708086305424e-04,6.0812803383174490e-04,5.4559878002079449e-04,3.7864519989828731e-04,1.9545049281649546e-04,6.6112337651716692e-05,1.2956230653170582e-05
92,2.1890617819679361e-03,4.3709372817129919e-04,5.8953793835128058e-04,5.2890944036730072e-04,3.6708387899965717e-04,1.8955099656612902e-04,6.4218284463401904e-05,1.2667515048867460e-05
93,2.1224630590767398e-03,4.2373973127263762e-04,5.7151565082215971e-04,5.1273263679788559e-04,3.5587903129740225e-04,1.8383223537525093e-04,6.2379280808095113e-05,1.2384492703308323e-05
94,2.0578973192859223e-03,4.1079244897511007e-04,5.5404387189099142e-04,4.9705245449729342e-04,3.4501937437478504e-04,1.7828845094180562e-04,6.0593646590072534e-05,1.2107072015864112e-05
95,1.9953019378262148e-03,3.9823960947201793e-04,5.3710582546924717e-04,4.8185348810884720e-04,3.3449400681867660e-04,1.7291408565958999e-04,5.8859759522096312e-05,1.1835162775739981e-05
96,1.9346162646839752e-03,3.8606930066452009e-04,5.2068524322804307e-04,4.6712082407147698e-04,3.2429239348616076e-04,1.6770377444273724e-04,5.7176052711985204e-05,1.1568676079051402e-05
97,1.8757815588680610e-03,3.7426996062282596e-04,5.0476634952567796e-04,4.5284002368957833e-04,3.1440435147039641e-04,1.6265233694049772e-04,5.5541012364426495e-05,1.1307524254657923e-05
98,1.8187409250928100e-03,3.6283036819788431e-04,4.8933384675798339e-04,4.3899710689486123e-04,3.0482003672582185e-04,1.5775477012416916e-04,5.3953175593868862e-05,1.1051620798221102e-05
99,1.7634392527787861e-03,3.5173963379332571e-04,4.7437290112160890e-04,4.2557853666245121e-04,2.9552993131516404e-04,1.5300624122824139e-04,5.2411128344064235e-05,1.0800880313930741e-05
100,1.7098231572764801e-03,3.4098719030555740e-04,4.5986912878044254e-04,4.1257120404631541e-04,2.8652483124298332e-04,1.4840208102818246e-04,5.0913503409663956e-05,1.0555218463334990e-05
101,1.6578409232217029e-03,3.3056278423828592e-04,4.4580858242545331e-04,3.9996241380163333e-04,2.7779583484264755e-04,1.4393777743777148e-04,4.9458978555199504e-05,1.0314551920711770e-05
102,1.6074424499350440e-03,3.2045646699633320e-04,4.3217773821834301e-04,3.8773987056404550e-04,2.6933433168567652e-04,1.3960896940944415e-04,4.8046274726772087e-05,1.0078798334429277e-05
103,1.5585791987813649e-03,3.1065858636238449e-04,4.1896348310950136e-04,3.7589166555781947e-04,2.6113199198433404e-04,1.3541144112174083e-04,4.6674154351824651e-05,9.8478762937597984e-06
104,1.5112041424088782e-03,3.0115977815923714e-04,4.0615310252087761e-04,3.6440626380688991e-04,2.5318075646017498e-04,1.3134111643860538e-04,4.5341419722460785e-05,9.6217053006323456e-06
105,1.4652717157908576e-03,2.9195095809919668e-04,3.9373426838450724e-04,3.5327249182447857e-04,2.4547282665297160e-04,1.2739405362597068e-04,4.4046911457898574e-05,9.4002057458340117e-06
106,1.4207377689964351e-03,2.8302331382145795e-04,3.8169502752756539e-04,3.4247952575860020e-04,2.3800065564606141e-04,1.2356644031175931e-04,4.2789507041794029e-05,9.1832988891967212e-06
107,1.3775595216202658e-03,2.7436829711761657e-04,3.7002379039496013e-04,3.3201687997222408e-04,2.3075693918567409e-04,1.1985458867612404e-04,4.1568119430332600e-05,8.9709068433341158e-06
108,1.3356955188040163e-03,2.6597761634485426e-04,3.5870932010062230e-04,3.2187439603820081e-04,2.2373460717321485e-04,1.1625493085944003e-04,4.0381695727162071e-05,8.7629525605219583e-06
109,1.2951055887857334e-03,2.5784322902582283e-04,3.4774072179880391e-04,3.1204223213029703e-04,2.1692681551081197e-04,1.1276401457623198e-04,3.9229215921421625e-05,8.5593598223442332e-06
110,1.2557508019160751e-03,2.4995733463380545e-04,3.3710743236684530e-04,3.0251085279281144e-04,2.1032693828167630e-04,1.0937849892387497e-04,3.8109691685306217e-05,8.3600532317555306e-06
111,1.2175934310832315e-03,2.4231236756135492e-04,3.2679921039104043e-04,2.9327101907228824e-04,2.0392856024798250e-04,1.0609515037553701e-04,3.7022165227790535e-05,8.1649582072380123e-06
112,1.1805969134910492e-03,2.3490099027028230e-04,3.1680612644738093e-04,2.8431377899580510e-04,1.9772546965006422e-04,1.0291083894743958e-04,3.5965708201318890e-05,7.9740009787579939e-06
113,1.1447258137374395e-03,2.2771608662059396e-04,3.0711855366913181e-04,2.7563045838119874e-04,1.9171165129172526e-04,9.9822534531090473e-05,3.4939420658446423e-05,7.7871085852528839e-06
114,1.1099457881426139e-03,2.2075075537574475e-04,2.9772715859335396e-04,2.6721265196541266e-04,1.8588127989741085e-04,9.6827303381697043e-05,3.3942430055590797e-05,7.6042088734035471e-06
115,1.0762235502789906e-03,2.1399830388138047e-04,2.8862289227865704e-04,2.5905221483790947e-04,1.8022871372786050e-04,9.3922304754492082e-05,3.2973890301220853e-05,7.4252304974702503e-06
116,1.0435268376568589e-03,2.0745224191458386e-04,2.7979698168663456e-04,2.5114125416679566e-04,1.7474848844168279e-04,9.1104787681200512e-05,3.2032980845969469e-05,7.2501029199920233e-06
117,1.0118243795219496e-03,2.0110627570050946e-04,2.7124092131960070e-04,2.4347212120595961e-04,1.6943531119105253e-04,8.8372087879346039e-05,3.1118905812311845e-05,7.0787564131695447e-06
118,9.8108586572307984e-04,1.9495430209318665e-04,2.6294646510741668e-04,2.3603740357212979e-04,1.6428405494044269e-04,8.5721624787537544e-05,3.0230893161595912e-05,6.9111220607705456e-06
119,9.5128191660990517e-04,1.8899040291719258e-04,2.5490561853636458e-04,2.2882991778132877e-04,1.5928975299796160e-04,8.3150898720292673e-05,2.9368193896350633e-05,6.7471317604143297e-06
120,9.2238405392261230e-04,1.8320883946683301e-04,2.4711063101318895e-04,2.2184270203472271e-04,1.5444759374948463e-04,8.0657488136346513e-05,2.8530081295928502e-05,6.5867182261081270e-06
121,8.9436467263707129e-04,1.7760404715942872e-04,2.3955398845759660e-04,2.1506900924435940e-04,1.4975291558634026e-04,7.8239047014761070e-05,2.7715850183662269e-05,6.4298149909230527e-06
122,8.6719701373057505e-04,1.7217063033927592e-04,2.3222840611666744e-04,2.0850230028974750e-04,1.4520120201784700e-04,7.5893302333494286e-05,2.6924816223831835e-05,6.2763564097110659e-06
123,8.4085513783481631e-04,1.6690335722883653e-04,2.2512682159479190e-04,2.0213623749665939e-04,1.4078807696049379e-04,7.3618051645411254e-05,2.6156315246846489e-05,6.1262776617770107e-06
124,8.1531389974418814e-04,1.6179715502371059e-04,2.1824238809291214e-04,1.9596467832994318e-04,1.3650930019602127e-04,7.1411160747020022e-05,2.5409702601149722e-05,5.9795147534311903e-06
125,7.9054892374886296e-04,1.5684710512795387e-04,2.1156846785100222e-04,1.8998166929250638e-04,1.3236076299109463e-04,6.9270561435497830e-05,2.4684352530449680e-05,5.8360045203584745e-06
126,7.6653657976340152e-04,1.5204843852631778e-04,2.0509862578787992e-04,1.8418144002298984e-04,1.2833848387166076e-04,6.7194249349836210e-05,2.3979657574967678e-05,5.6956846297493679e-06
127,7.4325396022286360e-04,1.4739653129001659e-04,1.9882662333259605e-04,1.7855839758498237e-04,1.2443860454546056e-04,6.5180281892180140e-05,2.3295027995480716e-05,5.5584935821471068e-06
128,7.2067885771956723e-04,1.4288690021265740e-04,1.9274641244180021e-04,1.7310712094094170e-04,1.2065738596651764e-04,6.3226776225665729e-05,2.2629891219011882e-05,5.4243707129725638e-06
129,6.9878974335473823e-04,1.3851519857300545e-04,1.8685212979762948e-04,1.6782235560428206e-04,1.1699120453575361e-04,6.1331907345276481e-05,2.1983691305095267e-05,5.2932561936957829e-06
130,6.7756574578034599e-04,1.3427721202130102e-04,1.8113809118081443e-04,1.6269900846336752e-04,1.1343654843218685e-04,5.9493906218437498e-05,2.1355888431609532e-05,5.1650910326291756e-06
131,6.5698663090741716e-04,1.3016885458589018e-04,1.7559878601383983e-04,1.5773214277141394e-04,1.0999001406945778e-04,5.7711057992254977e-05,2.0745958399237307e-05,5.0398170753230599e-06
132,6.3703278225806089e-04,1.2618616479698162e-04,1.7022887206913812e-04,1.5291697329655027e-04,1.0664830267269305e-04,5.5981700264482277e-05,2.0153392153666428e-05,4.9173770045492074e-06
133,6.1768518193934887e-04,1.2232530192439557e-04,1.6502317033743243e-04,1.4824886162652650e-04,1.0340821697097127e-04,5.4304221415457333e-05,1.9577695324703311e-05,4.7977143398625195e-06
134,5.9892539221803446e-04,1.1858254232622604e-04,1.5997666005148061e-04,1.4372331162277650e-04,1.0026665800088858e-04,5.2677058998408105e-05,1.9018387781519694e-05,4.6807734367348620e-06
135,5.8073553767592427e-04,1.1495427590539563e-04,1.5508447386060372e-04,1.3933596501875737e-04,9.7220622016942870e-05,5.1098698185665116e-05,1.8475003203301047e-05,4.5664994852586000e-06
136,5.6309828792648197e-04,1.1143700267114043e-04,1.5034189315151248e-04,1.3508259715768516e-04,9.4267197504661914e-05,4.9567670268452633e-05,1.7947088664608993e-05,4.4548385084203685e-06
137,5.4599684087398219e-04,1.0802732940252412e-04,1.4574434351107078e-04,1.3095911286497861e-04,9.1403562292595249e-05,4.8082551208054587e-05,1.7434204234810619e-05,4.3457373599483104e-06
138,5.2941490649724475e-04,1.0472196641114085e-04,1.4128739032675925e-04,1.2696154245090243e-04,8.8626980759471278e-05,4.6641960236266799e-05,1.6935922590965802e-05,4.2391437217383047e-06
139,5.1333669114063895e-04,1.0151772440022825e-04,1.3696673452072205e-04,1.2308603783907406e-04,8.5934801132993136e-05,4.5244558503156011e-05,1.6451828643598697e-05,4.1350061008666908e-06
140,4.9774688229570121e-04,9.8411511417474833e-05,1.3277820841339823e-04,1.1932886881666171e-04,8.3324452876907650e-05,4.3889047770247501e-05,1.5981519174812558e-05,4.0332738261987060e-06
141,4.8263063385730893e-04,9.5400329898867990e-05,1.2871777171285270e-04,1.1568641940225638e-04,8.0793444163133164e-05,4.2574169147358056e-05,1.5524602488237413e-05,3.9338970446032929e-06
142,4.6797355183894775e-04,9.2481273800990870e-05,1.2478150762603503e-04,1.1215518432755102e-04,7.8339359425875764e-05,4.1298701871380192e-05,1.5080698070328733e-05,3.8368267167861357e-06
143,4.5376168053216150e-04,8.9651525819239115e-05,1.2096561908830249e-04,1.0873176562910028e-04,7.5959856994797429e-05,4.0061462125406886e-05,1.4649436262561519e-05,3.7420146127537966e-06
144,4.3998148909581305e-04,8.6908354689490034e-05,1.1726642510764987e-04,1.0541286934657044e-04,7.3652666804427028e-05,3.8861301896664168e-05,1.4230457944088965e-05,3.6494133069226107e-06
145,4.2661985856129171e-04,8.4249112570817318e-05,1.1368035722019287e-04,1.0219530232401891e-04,7.1415588177125623e-05,3.7697107871792440e-05,1.3823414224457831e-05,3.5589761728866700e-06
146,4.1366406924029465e-04,8.1671232506906263e-05,1.1020395605355229e-04,9.9075969110865757e-05,6.9246487677030358e-05,3.6567800368086284e-05,1.3427966145993999e-05,3.4706573778596977e-06
147,4.0110178852227992e-04,7.9172225963883489e-05,1.0683386799488414e-04,9.6051868959338559e-05,6.7143297032508918e-05,3.5472332299367115e-05,1.3043784395491733e-05,3.3844118768059781e-06
148,3.8892105904913334e-04,7.6749680442334374e-05,1.0356684196039672e-04,9.3120092915285332e-05,6.5104011124758279e-05,3.4409688175224111e-05,1.2670549024858737e-05,3.3001954062757578e-06
149,3.7711028725502771e-04,7.4401257161340394e-05,1.0039972626328837e-04,9.0277820999358358e-05,6.3126686040277435e-05,3.3378883132415942e-05,1.2307949180386563e-05,3.2179644779606583e-06
150,3.6565823225986476e-04,7.2124688812425151e-05,9.7329465577130589e-05,8.7522319475676836e-05,6.1209437185035396e-05,3.2378961997279885e-05,1.1955682840332157e-05,3.1376763719846991e-06
151,3.5455399510508283e-04,6.9917777381354630e-05,9.4353097991808091e-05,8.4850938205174617e-05,5.9350437458241885e-05,3.1408998378045582e-05,1.1613456560511570e-05,3.0592891299464792e-06
152,3.4378700832100276e-04,6.7778392035792800e-05,9.1467752159214263e-05,8.2261108080936742e-05,5.7547915483711025e-05,3.0468093785998912e-05,1.1280985227621072e-05,2.9827615477279698e-06
153,3.3334702581524085e-04,6.5704467076867722e-05,8.8670644525982528e-05,7.9750338542919054e-05,5.5800153896885830e-05,2.9555376784486204e-05,1.0957991820014261e-05,2.9080531680852082e-06
154,3.2322411307207747e-04,6.3693999952757073e-05,8.5959076650615645e-05,7.7316215169534293e-05,5.4105487685665991e-05,2.8670002164792263e-05,1.0644207175676276e-05,2.8351242730359485e-06
155,3.1340863765300417e-04,6.1745049332453459e-05,8.3330432602453131e-05,7.4956397343672740e-05,5.2462302583252203e-05,2.7811150147965738e-05,1.0339369767147908e-05,2.7639358760590763e-06
156,3.0389125998899711e-04,5.9855733237922109e-05,8.0782176439993678e-05,7.2668615990806665e-05,5.0869033511287275e-05,2.6978025611703660e-05,1.0043225483163460e-05,2.6944497141202784e-06
157,2.9466292445537966e-04,5.8024227232912457e-05,7.8311849766163498e-05,7.0450671386907025e-05,4.9324163071638933e-05,2.6169857341443092e-05,9.7555274167765094e-06,2.6266282395381387e-06
158,2.8571485072043822e-04,5.6248762666734888e-05,7.5917069358193408e-05,6.8300431033975717e-05,4.7826220085229981e-05,2.5385897304842318e-05,9.4760356597575145e-06,2.5604346117044582e-06
159,2.7703852535924353e-04,5.4527624971361055e-05,7.3595524869837930e-05,6.6215827601069519e-05,4.6373778176380347e-05,2.4625419948866187e-05,9.2045171030563010e-06,2.4958326886722095e-06
160,2.6862569372441015e-04,5.2859152010253258e-05,7.1344976603737129e-05,6.4194856928762083e-05,4.4965454401180976e-05,2.3887721518721356e-05,8.9407452431311636e-06,2.4327870186241565e-06
161,2.6046835206579766e-04,5.1241732477373636e-05,6.9163253351788538e-05,6.2235576095057092e-05,4.3599907918473063e-05,2.3172119397916231e-05,8.6844999939544188e-06,2.3712628312347357e-06
162,2.5255873989141523e-04,4.9673804344868742e-05,6.7048250301460140e-05,6.0336101540831441e-05,4.2275838702057048e-05,2.2477951468748504e-05,8.4355675045119264e-06,2.3112260289373762e-06
163,2.4488933256203919e-04,4.8153853357967783e-05,6.4997927006037919e-05,5.8494607252949110e-05,4.0991986292804529e-05,2.1804575492549458e-05,8.1937399816214029e-06,2.2526431781090055e-06
164,2.3745283411230129e-04,4.6680411575675647e-05,6.3010305416861813e-05,5.6709323003247157e-05,3.9747128589392956e-05,2.1151368509039487e-05,7.9588155179011653e-06,2.1954815001830597e-06
165,2.3024217029122960e-04,4.5252055955882837e-05,6.1083467975662844e-05,5.4978532641653292e-05,3.8540080676427900e-05,2.0517726254173360e-05,7.7305979247274800e-06,2.1397088627018644e-06
166,2.2325048181545614e-04,4.3867406983554231e-05,5.9215555765170723e-05,5.3300572441750700e-05,3.7369693688760189e-05,1.9903062595876622e-05,7.5088965700248615e-06,2.0852937703188217e-06
167,2.1647111782851738e-04,4.2525127340698130e-05,5.7404766716216782e-05,5.1673829497159740e-05,3.6234853710846630e-05,1.9306808987096257e-05,7.2935262207394322e-06,2.0322053557604135e-06
168,2.0989762955988528e-04,4.1223920616854757e-05,5.5649353869610984e-05,5.0096740167158646e-05,3.5134480710042355e-05,1.8728413935609819e-05,7.0843068898511368e-06,1.9804133707575779e-06
169,2.0352376417756828e-04,3.9962530058880456e-05,5.3947623691123097e-05,4.8567788570015714e-05,3.4067527502750747e-05,1.8167342490056901e-05,6.8810636877857291e-06,1.9298881769556110e-06
170,1.9734345882831662e-04,3.8739737358839937e-05,5.2297934437949657e-05,4.7085505122554001e-05,3.3032978752393123e-05,1.7623075741676064e-05,6.6836266780925640e-06,1.8806007368113040e-06
171,1.9135083485965560e-04,3.7554361478853848e-05,5.0698694575096292e-05,4.5648465124516946e-05,3.2029849998195528e-05,1.7095110341248418e-05,6.4918307372589560e-06,1.8325226044856375e-06
172,1.8554019221815159e-04,3.6405257511783213e-05,4.9148361240153612e-05,4.4255287386348567e-05,3.1057186713823355e-05,1.6582958030766546e-05,6.3055154185363962e-06,1.7856259167399168e-06
173,1.7990600401849316e-04,3.5291315576665065e-05,4.7645438754990126e-05,4.2904632899045714e-05,3.0114063394926915e-05,1.6086145189364158e-05,6.1245248196583122e-06,1.7398833838428719e-06
174,1.7444291127813893e-04,3.4211459747846342e-05,4.6188477182931080e-05,4.1595203544782656e-05,2.9199582674692112e-05,1.5604212393057828e-05,5.9487074543331063e-06,1.6952682804958243e-06
175,1.6914571781244872e-04,3.3164647016794027e-05,4.4776070930035187e-05,4.0325740847048826e-05,2.8312874466520316e-05,1.5136713987867495e-05,5.7779161274002315e-06,1.6517544367826672e-06
176,1.6400938528537328e-04,3.2149866285589954e-05,4.3406857389123475e-05,3.9095024759080532e-05,2.7453095132990274e-05,1.4683217675897205e-05,5.6120078135408120e-06,1.6093162291510318e-06
177,1.5902902841093277e-04,3.1166137391148791e-05,4.2079515625255453e-05,3.7901872489405771e-05,2.6619426680282618e-05,1.4243304113971570e-05,5.4508435394379017e-06,1.5679285714306532e-06
178,1.5419991030086213e-04,3.0212510159225670e-05,4.0792765101387388e-05,3.6745137363358089e-05,2.5811075977274345e-05,1.3816566524437081e-05,5.2942882692849825e-06,1.5275669058946029e-06
179,1.4951743795394597e-04,2.9288063487308670e-05,3.9545364442985801e-05,3.5623707719451640e-05,2.5027273998536174e-05,1.3402610317750405e-05,5.1422107935445720e-06,1.4882071943687258e-06
180,1.4497715788270394e-04,2.8391904455517842e-05,3.8336110240406857e-05,3.4536505839543906e-05,2.4267275090490778e-05,1.3001052726488296e-05,4.9944836208620073e-06,1.4498259093942878e-06
181,1.4057475187322473e-04,2.7523167464659199e-05,3.7163835887888505e-05,3.3482486911746527e-05,2.3530356260013609e-05,1.2611522450425843e-05,4.8509828730425234e-06,1.4124000254485304e-06
182,1.3630603287407374e-04,2.6681013400607536e-05,3.6027410458036997e-05,3.2460638025076522e-05,2.2815816484781194e-05,1.2233659312341321e-05,4.7115881830026503e-06,1.3759070102275231e-06
183,1.3216694101032949e-04,2.5864628824216817e-05,3.4925737610723845e-05,3.1469977194872424e-05,2.2122976044694079e-05,1.1867113924217097e-05,4.5761825956097688e-06,1.3403248159954230e-06
184,1.2815353971892265e-04,2.5073225185980968e-05,3.3857754535342103e-05,3.0509552418029346e-05,2.1451175873723098e-05,1.1511547363516758e-05,4.4446524713264000e-06,1.3056318710039499e-06
185,1.2426201200157268e-04,2.4306038064691421e-05,3.2822430925402876e-05,2.9578440757137107e-05,2.0799776931548324e-05,1.1166630859228961e-05,4.3168873925783254e-06,1.2718070709856421e-06
186,1.2048865679172919e-04,2.3562326429360290e-05,3.1818767984484125e-05,2.8675747452633617e-05,2.0168159594380233e-05,1.0832045487378521e-05,4.1927800727682339e-06,1.2388297707241701e-06
187,1.1682988543203790e-04,2.2841371923700480e-05,3.0845797462573678e-05,2.7800605062113441e-05,1.9555723064371830e-05,1.0507481875714813e-05,4.0722262678589052e-06,1.2066797757047628e-06
188,1.1328221825895708e-04,2.2142478172474949e-05,2.9902580721878052e-05,2.6952172625958127e-05,1.8961884797049264e-05,1.0192639917296825e-05,3.9551246904523199e-06,1.1753373338475393e-06
189,1.0984228129125499e-04,2.1464970109048705e-05,2.8988207831196362e-05,2.6129634858480555e-05,1.8386079946206539e-05,9.8872284927031775e-06,3.8413769262933145e-06,1.1447831273263291e-06
190,1.0650680301921948e-04,2.0808193323496807e-05,2.8101796687986646e-05,2.5332201363800878e-05,1.7827760825727327e-05,9.5909652006039795e-06,3.7308873531285109e-06,1.1149982644753301e-06
191,1.0327261129150791e-04,2.0171513430641498e-05,2.7242492167278199e-05,2.4559105875695441e-05,1.7286396387813798e-05,9.3035760964398082e-06,3.6235630618534052e-06,1.0859642717857507e-06
192,1.0013663029666027e-04,1.9554315457410447e-05,2.6409465296609426e-05,2.3809605520683855e-05,1.6761471717118726e-05,9.0247954389609929e-06,3.5193137798824373e-06,1.0576630859943839e-06
193,9.7095877636390324e-05,1.8956003248926718e-05,2.5601912456195803e-05,2.3082980103641973e-05,1.6252487540292825e-05,8.7543654443882951e-06,3.4180517966788418e-06,1.0300770462658646e-06
194,9.4147461487856926e-05,1.8375998892758597e-05,2.4819054603556801e-05,2.2378531415250371e-05,1.5758959750474607e-05,8.4920360479634197e-06,3.3196918913829530e-06,1.0031888864701815e-06
195,9.1288577852204926e-05,1.7813742160775212e-05,2.4060136521854030e-05,2.1695582560609488e-05,1.5280418946264778e-05,8.2375646726651524e-06,3.2241512624794232e-06,9.7698172755684033e-07
196,8.8516507886746945e-05,1.7268689968070302e-05,2.3324426091215891e-05,2.1033477308373002e-05,1.4816409984741420e-05,7.9907160048738310e-06,3.1313494594455931e-06,9.5143907002691020e-07
197,8.5828615318238994e-05,1.6740315848433131e-05,2.2611213582346082e-05,2.0391579459771102e-05,1.4366491548086069e-05,7.7512617767736512e-06,3.0412083163249200e-06,9.2654478650402969e-07
198,8.3222343934779647e-05,1.6228109445861138e-05,2.1919810971734541e-05,1.9769272236914659e-05,1.3930235723404160e-05,7.5189805552888207e-06,2.9536518871710285e-06,9.0228311440528724e-07
199,8.0695215153939504e-05,1.5731576021624505e-05,2.1249551277810666e-05,1.9165957689789966e-05,1.3507227595336159e-05,7.2936575373559289e-06,2.8686063833095104e-06,8.7863864871276716e-07
200,7.8244825664799638e-05,1.5250235976407517e-05,2.0599787917398265e-05,1.8581056121371988e-05,1.3097064851068334e-05,7.0750843513409747e-06,2.7860001123661606e-06,8.5559633484639910e-07
201,7.5868845141649615e-05,1.4783624387066177e-05,1.9969894081851860e-05,1.8014005530301637e-05,1.2699357397364096e-05,6.8630588644154149e-06,2.7057634190117953e-06,8.3314146163863242e-07
202,7.3565014027163889e-05,1.4331290557555550e-05,1.9359262132272230e-05,1.7464261070589545e-05,1.2313726989248678e-05,6.6573849957113085e-06,2.6278286273752519e-06,8.1125965441132951e-07
203,7.1331141382942529e-05,1.3892797583593807e-05,1.8767303013218194e-05,1.6931294527825405e-05,1.1939806869991215e-05,6.4578725350811937e-06,2.5521299850775615e-06,7.8993686815515840e-07
204,6.9165102805366263e-05,1.3467721930643274e-05,1.8193445684348808e-05,1.6414593811388040e-05,1.1577241422039221e-05,6.2643369672936285e-06,2.4786036088416287e-06,7.6915938081165748e-07
205,6.7064838404778864e-05,1.3055653024801458e-05,1.7637136569447903e-05,1.5913662462166590e-05,1.1225685828571236e-05,6.0765993015005747e-06,2.4071874316330710e-06,7.4891378665804017e-07
206,6.5028350846070500e-05,1.2656192856207462e-05,1.7097839022299363e-05,1.5428019175318541e-05,1.0884805745343535e-05,5.8944859058177604e-06,2.3378211512891271e-06,7.2918698979471200e-07
207,6.3053703448794123e-05,1.2268955594581297e-05,1.6575032808897912e-05,1.4957197337604737e-05,1.0554276982516956e-05,5.7178283468640488e-06,2.2704461805937850e-06,7.0996619773538031e-07
208,6.1139018345004483e-05,1.1893567216525129e-05,1.6068213605495870e-05,1.4500744578855527e-05,1.0233785196159406e-05,5.5464632341105298e-06,2.2050055987584615e-06,6.9123891509955080e-07
209,5.9282474693064207e-05,1.1529665144226936e-05,1.5576892512001636e-05,1.4058222337136117e-05,9.9230255891290616e-06,5.3802320688945952e-06,2.1414441042687350e-06,6.7299293740712433e-07
210,5.7482306945715043e-05,1.1176897895217966e-05,1.5100595580260461e-05,1.3629205437192217e-05,9.6217026210522566e-06,5.2189810979586734e-06,2.0797079690587377e-06,6.5521634497473120e-07
211,5.5736803170764166e-05,1.0834924742845992e-05,1.4638863356762358e-05,1.3213281681769993e-05,9.3295297271189558e-06,5.0625611713775763e-06,2.0197449939759213e-06,6.3789749691336821e-07
212,5.4044303422785987e-05,1.0503415387136740e-05,1.4191250439336000e-05,1.2810051455416877e-05,9.0462290454270606e-06,4.9108276047425237e-06,1.9615044654999478e-06,6.2102502522683818e-07
213,5.2403198164288350e-05,1.0182049635725816e-05,1.3757325047400888e-05,1.2419127340381637e-05,8.7715311526151510e-06,4.7636400454739301e-06,1.9049371136804995e-06,6.0458782901042698e-07
214,5.0811926734839413e-05,9.8705170945531847e-06,1.3336668605363129e-05,1.2040133744243988e-05,8.5051748075311999e-06,4.6208623431389290e-06,1.8499950712597828e-06,5.8857506874919847e-07
215,4.9268975866697356e-05,9.5685168680216194e-06,1.2928875338752907e-05,1.1672706538915266e-05,8.2469067026925178e-06,4.4823624236533455e-06,1.7966318339464721e-06,5.7297616071522825e-07
216,4.7772878245529330e-05,9.2757572683297031e-06,1.2533551882713926e-05,1.1316492710662642e-05,7.9964812232997351e-06,4.3480121672514844e-06,1.7448022218087851e-06,5.5778077146305057e-07
217,4.6322211114849216e-05,8.9919555336987835e-06,1.2150316902467132e-05,1.0971150020820072e-05,7.7536602135747842e-06,4.2176872901106324e-06,1.6944623417552712e-06,5.4297881242254423e-07
218,4.4915594922845504e-05,8.7168375552218219e-06,1.1778800725382429e-05,1.0636346676859421e-05,7.5182127502000050e-06,4.0912672295205802e-06,1.6455695510728037e-06,5.2856043458843871e-07
219,4.3551692010310807e-05,8.4501376120704361e-06,1.1418644984303462e-05,1.0311761013505205e-05,7.2899149226422119e-06,3.9686350324918064e-06,1.5980824219921027e-06,5.1451602330558472e-07
220,4.2229205338424275e-05,8.1915981148044901e-06,1.1069502271781226e-05,9.9970811835861184e-06,7.0685496201522213e-06,3.8496772476991578e-06,1.5519607072519656e-06,5.0083619314909033e-07
221,4.0946877255175394e-05,7.9409693565363295e-06,1.0731035804882950e-05,9.6920048583258639e-06,6.8539063252366929e-06,3.7342838206609713e-06,1.5071653066341806e-06,4.8751178289839793e-07
222,3.9703488299255396e-05,7.6980092717094410e-06,1.0402919100252738e-05,9.3962389367849434e-06,6.6457809134054210e-06,3.6223479920566272e-06,1.4636582344418915e-06,4.7453385060433725e-07
223,3.8497856040277544e-05,7.4624832022585432e-06,1.0084835659110508e-05,9.1094992641738269e-06,6.4439754590031260e-06,3.5137661990884260e-06,1.4214025878949441e-06,4.6189366874816809e-07
224,3.7328833954222389e-05,7.2341636709253537e-06,9.7764786618852129e-06,8.8315103587665535e-06,6.2482980469406808e-06,3.4084379797965084e-06,1.3803625164164869e-06,4.4958271949159574e-07
225,3.6195310333038003e-05,7.0128301615110578e-06,9.4775506721876969e-06,8.5620051471520073e-06,6.0585625901463681e-06,3.3062658802383274e-06,1.3405031917858202e-06,4.3759269001672176e-07
226,3.5096207227357145e-05,6.7982689058533103e-06,9.1877633498375693e-06,8.3007247075682464e-06,5.8745886525631740e-06,3.2071553644467928e-06,1.3017907791331842e-06,4.2591546795486978e-07
227,3.4030479421325519e-05,6.5902726773219921e-06,8.9068371726671449e-06,8.0474180210729713e-06,5.6962012775234986e-06,3.1110147270838390e-06,1.2641924087528671e-06,4.1454313690320648e-07
228,3.2997113438565239e-05,6.3886405906343118e-06,8.6345011668339957e-06,7.8018417303108068e-06,5.5232308213377508e-06,3.0177550087086392e-06,1.2276761487116678e-06,4.0346797202806485e-07
229,3.1995126578327905e-05,6.1931779077958898e-06,8.3704926453819382e-06,7.5637599056453773e-06,5.3555127919383178e-06,2.9272899135821387e-06,1.1922109782303858e-06,3.9268243575385523e-07
230,3.1023565980919959e-05,6.0036958499803749e-06,8.1145569547981029e-06,7.3329438184312482e-06,5.1928876924252085e-06,2.8395357299319226e-06,1.1577667618166541e-06,3.8217917353644430e-07
231,3.0081507721511171e-05,5.8200114151659403e-06,7.8664472293215666e-06,7.1091717212077008e-06,5.0352008693643599e-06,2.7544112526037176e-06,1.1243142241280150e-06,3.7195100971986588e-07
232,2.9168055931463988e-05,5.6419472013524493e-06,7.6259241527664628e-06,6.8922286346029216e-06,4.8823023656941281e-06,2.6718377080280584e-06,1.0918249255447455e-06,3.6199094347521953e-07
233,2.8282341946347778e-05,5.4693312351885760e-06,7.3927557276297095e-06,6.6819061407437171e-06,4.7340467780999075e-06,2.5917386814327556e-06,1.0602712384325049e-06,3.5229214482060529e-07
234,2.7423523479827368e-05,5.3019968058433377e-06,7.1667170512605885e-06,6.4780021829720721e-06,4.5902931187210535e-06,2.5140400462339473e-06,1.0296263240754343e-06,3.4284795072093659e-07
235,2.6590783822639909e-05,5.1397823039615452e-06,6.9475900988761417e-06,6.2803208716759652e-06,4.4509046810584499e-06,2.4386698955404581e-06,9.9986411026088381e-07,3.3365186126646921e-07
236,2.5783331065898007e-05,4.9825310655476251e-06,6.7351635132130428e-06,6.0886722960477254e-06,4.3157489099550511e-06,2.3655584757082234e-06,9.7095926949746208e-07,3.2469753592887776e-07
237,2.5000397347980244e-05,4.8300912206269997e-06,6.5292324006129400e-06,5.9028723415889719e-06,4.1846972755256224e-06,2.2946381218833729e-06,9.4288719784862425e-07,3.1597878989371346e-07
238,2.4241238124292620e-05,4.6823155465388353e-06,6.3295981333444936e-06,5.7227425131865978e-06,4.0576251509156679e-06,2.2258431954744520e-06,9.1562399436450112e-07,3.0748959046807248e-07
239,2.3505131459206205e-05,4.5390613257184166e-06,6.1360681579713604e-06,5.5481097635897418e-06,3.9344116937731945e-06,2.1591100234960185e-06,8.8914644109516468e-07,2.9922405356230551e-07
240,2.2791377339497518e-05,4.4001902078317952e-06,5.9484558095812289e-06,5.3788063271228247e-06,3.8149397313204782e-06,2.0943768397276006e-06,8.6343198366898931e-07,2.9117644024460072e-07
241,2.2099297008638488e-05,4.2655680761294996e-06,5.7665801316965889e-06,5.2146695584747629e-06,3.6990956489164661e-06,2.0315837276336680e-06,8.3845871242022707e-07,2.8334115336727422e-07
242,2.1428232321302691e-05,4.1350649178902063e-06,5.5902657016935011e-06,5.0555417764093711e-06,3.5867692820037370e-06,1.9706725649919116e-06,8.1420534405035800e-07,2.7571273426360480e-07
243,2.0777545117473965e-05,4.0085546988292180e-06,5.4193424615598741e-06,4.9012701122467187e-06,3.4778538113371983e-06,1.9115869701786909e-06,7.9065120380821144e-07,2.6828585951405502e-07
244,2.0146616615561972e-05,3.8859152413504074e-06,5.2536455538299521e-06,4.7517063629697424e-06,3.3722456613948216e-06,1.8542722500620567e-06,7.6777620817426863e-07,2.6105533778072462e-07
245,1.9534846823947424e-05,3.7670281065240205e-06,5.0930151625366732e-06,4.6067068488149242e-06,3.2698444018737188e-06,1.7986753494542300e-06,7.4556084803496803e-07,2.5401610670888812e-07
246,1.8941653970397309e-05,3.6517784796763176e-06,4.9372963590284444e-06,4.4661322752101207e-06,3.1705526521778532e-06,1.7447448020768666e-06,7.2398617233323239e-07,2.4716322989447517e-07
247,1.8366473948807358e-05,3.5400550594805056e-06,4.7863389525015334e-06,4.3298475989268138e-06,3.0742759888064915e-06,1.6924306829938327e-06,7.0303377218181709e-07,2.4049189391635935e-07
248,1.7808759782745460e-05,3.4317499504418380e-06,4.6399973451038620e-06,4.1977218983181338e-06,2.9809228555552671e-06,1.6416845624675719e-06,6.8268576542645957e-07,2.3399740543232804e-07
249,1.7267981105285924e-05,3.3267585586729875e-06,4.4981303914703625e-06,4.0696282475178976e-06,2.8904044764444285e-06,1.5924594611964640e-06,6.6292478164617162e-07,2.2767518833761537e-07
250,1.6743623654639655e-05,3.2249794908590244e-06,4.3606012625543686e-06,3.9454435944797399e-06,2.8026347712914226e-06,1.5447098068918446e-06,6.4373394757836625e-07,2.2152078098488871e-07
251,1.6235188785100643e-05,3.1263144563143623e-06,4.2272773136236360e-06,3.8250486427391064e-06,2.7175302738474864e-06,1.4983913921545977e-06,6.2509687295686468e-07,2.1552983346458775e-07
252,1.5742192992843606e-05,3.0306681720370693e-06,4.0980299562936166e-06,3.7083277367844444e-06,2.6350100524203645e-06,1.4534613336124334e-06,6.0699763675115249e-07,2.0969810494452674e-07
253,1.5264167456121735e-05,2.9379482706688026e-06,3.9727345344745013e-06,3.5951687509274065e-06,2.5549956329076360e-06,1.4098780322801229e-06,5.8942077379558797e-07,2.0402146106767873e-07
254,1.4800657589427212e-05,2.8480652112714516e-06,3.8512702041123274e-06,3.4854629815652575e-06,2.4774109241674305e-06,1.3676011351060973e-06,5.7235126179757716e-07,1.9849587140707235e-07
255,1.4351222611190526e-05,2.7609321928342855e-06,3.7335198166081042e-06,3.3791050427319087e-06,2.4021821456555319e-06,1.3265914976699087e-06,5.5577450871404030e-07,1.9311740697674361e-07
256,1.3915435124607352e-05,2.6764650704280416e-06,3.6193698058024664e-06,3.2759927648372015e-06,2.3292377572600393e-06,1.2868111479961205e-06,5.3967634048578878e-07,1.8788223779769373e-07
257,1.3492880711194429e-05,2.5945822739249499e-06,3.5087100784167935e-06,3.1760270964970980e-06,2.2585083912668299e-06,1.2482232514512097e-06,5.2404298911972945e-07,1.8278663051781876e-07
258,1.3083157536687749e-05,2.5152047292061722e-06,3.4014339078450848e-06,3.0791120093604173e-06,2.1899267863911068e-06,1.2107920766910910e-06,5.0886108110908913e-07,1.7782694608478658e-07
259,1.2685875968908357e-05,2.4382557817805163e-06,3.2974378311941011e-06,2.9851544058406598e-06,2.1234277238122908e-06,1.1744829626278087e-06,4.9411762618212908e-07,1.7299963747084971e-07
260,1.2300658207232263e-05,2.3636611227406521e-06,3.1966215494724175e-06,2.8940640296642100e-06,2.0589479651513878e-06,1.1392622863849121e-06,4.7980000637008708e-07,1.6830124744859462e-07
261,1.1927137923312097e-05,2.2913487169852760e-06,3.0988878308320923e-06,2.8057533791489536e-06,1.9964261923318622e-06,1.1050974322119262e-06,4.6589596538534349e-07,1.6372840641664093e-07
262,1.1564959912708799e-05,2.2212487336378849e-06,3.0041424167695594e-06,2.7201376231299681e-06,1.9358029492667897e-06,1.0719567613292197e-06,4.5239359830105919e-07,1.5927783027431622e-07
263,1.1213779757102053e-05,2.1532934785949340e-06,2.9122939311952709e-06,2.6371345194514559e-06,1.8770205853168344e-06,1.0398095826754334e-06,4.3928134152377976e-07,1.5494631834434518e-07
264,1.0873263496758188e-05,2.0874173291382114e-06,2.8232537922843056e-06,2.5566643359466020e-06,1.8200232004652661e-06,1.0086261245304595e-06,4.2654796305073827e-07,1.5073075134260532e-07
265,1.0543087312944068e-05,2.0235566705482524e-06,2.7369361270229274e-06,2.4786497738294023e-06,1.7647565921578758e-06,9.7837750698777569e-07,4.1418255300382051e-07,1.4662808939401306e-07
266,1.0222937219984924e-05,1.9616498346575637e-06,2.6532576883686011e-06,2.4030158934248273e-06,1.7111682037572108e-06,9.4903571525071921e-07,4.0217451443238239e-07,1.4263537009361948e-07
267,9.9125087666733008e-06,1.9016370402842757e-06,2.5721377749435641e-06,2.3296900421659558e-06,1.6592070745621219e-06,9.2057357372804598e-07,3.9051355437732840e-07,1.3874970661200572e-07
268,9.6115067467450789e-06,1.8434603354886944e-06,2.4934981531844375e-06,2.2586017847888574e-06,1.6088237913450736e-06,8.9296472090486104e-07,3.7918967518907150e-07,1.3496828584408350e-07
269,9.3196449181473297e-06,1.7870635415969446e-06,2.4172629818727747e-06,2.1896828356581544e-06,1.5599704413611201e-06,8.6618358496571668e-07,3.6819316609220426e-07,1.3128836660041765e-07
270,9.0366457308309237e-06,1.7323921989376403e-06,2.3433587389737198e-06,2.1228669931582114e-06,1.5126005667838674e-06,8.4020536014737249e-07,3.5751459498991027e-07,1.2770727784020268e-07
271,8.7622400628090651e-06,1.6793935142391497e-06,2.2717141507121824e-06,2.0580900760868991e-06,1.4666691205250695e-06,8.1500598379938568e-07,3.4714480050134140e-07,1.2422241694503740e-07
272,8.4961669642307725e-06,1.6280163096366354e-06,2.2022601228180950e-06,1.9952898619908102e-06,1.4221324233958493e-06,7.9056211413135035e-07,3.3707488422537675e-07,1.2083124803265548e-07
273,8.2381734092258484e-06,1.5782109732396016e-06,2.1349296738744116e-06,1.9344060273826518e-06,1.3789481225687990e-06,7.6685110862623773e-07,3.2729620322436374e-07,1.1753130030978344e-07
274,7.9880140552853936e-06,1.5299294112121970e-06,2.0696578707035317e-06,1.8753800897833727e-06,1.3370751513014500e-06,7.4385100309991031e-07,3.1780036272162145e-07,1.1432016646331008e-07
275,7.7454510099490101e-06,1.4831250013199728e-06,2.0063817657298131e-06,1.8181553515333162e-06,1.2964736898828120e-06,7.2154049138746868e-07,3.0857920900666103e-07,1.1119550108896578e-07
276,7.5102536045768249e-06,1.4377525478982153e-06,1.9450403362577214e-06,1.7626768453184042e-06,1.2571051277658347e-06,6.9989890563767913e-07,2.9962482254224868e-07,1.0815501915672207e-07
277,7.2821981749911936e-06,1.3937682381983513e-06,1.8855744256070415e-06,1.7088912813590010e-06,1.2189320268497799e-06,6.7890619719728277e-07,2.9092951126760079e-07,1.0519649451213595e-07
278,7.0610678487794451e-06,1.3511296000702492e-06,1.8279266860483418e-06,1.6567469962106979e-06,1.1819180858775826e-06,6.5854291806753655e-07,2.8248580409216090e-07,1.0231775841287607e-07
279,6.8466523390554494e-06,1.3097954609395353e-06,1.7720415234836373e-06,1.6061939031278259e-06,1.1460281059143402e-06,6.3879020291586217e-07,2.7428644457456677e-07,9.9516698099681279e-08
280,6.6387477444838210e-06,1.2697259080402900e-06,1.7178650438188715e-06,1.5571834439419852e-06,1.1112279568741035e-06,6.1962975162599218e-07,2.6632438478156364e-07,9.6791255401014310e-08
281,6.4371563553766139e-06,1.2308822498647031e-06,1.6653450009764773e-06,1.5096685424093506e-06,1.0774845450631270e-06,6.0104381237049766e-07,2.5859277932177099e-07,9.4139425370687148e-08
282,6.2416864656781026e-06,1.1932269787924513e-06,1.6144307464978507e-06,1.4636035589819198e-06,1.0447657817087165e-06,5.8301516519006723e-07,2.5108497954935016e-07,9.1559254957746587e-08
283,6.0521521906588415e-06,1.1567237348636869e-06,1.5650731806871144e-06,1.4189442469592395e-06,1.0130405524437436e-06,5.6552710606437238e-07,2.4379452793276274e-07,8.9048841707921429e-08
284,5.8683732901456404e-06,1.1213372706606451e-06,1.5172247052490317e-06,1.3756477099784672e-06,9.8227868771780408e-07,5.4856343145980637e-07,2.3671515258394135e-07,8.6606332495945534e-08
285,5.6901749971193529e-06,1.0870334172639358e-06,1.4708391773753691e-06,1.3336723608019252e-06,9.5245093410688103e-07,5.3210842333982953e-07,2.2984076194332983e-07,8.4229922288082935e-08
286,5.5173878515174583e-06,1.0537790512506378e-06,1.4258718652354143e-06,1.2929778813625333e-06,9.2352892649423063e-07,5.1614683462407363e-07,2.2316543961637516e-07,8.1917852934193814e-08
287,5.3498475390834063e-06,1.0215420627023047e-06,1.3822794048276945e-06,1.2535251840287324e-06,8.9548516109602622e-07,5.0066387508277774e-07,2.1668343935717869e-07,7.9668411988692383e-08
288,5.1873947351094720e-06,9.9029132419198377e-07,1.3400197581512773e-06,1.2152763740516697e-06,8.6829296930611953e-07,4.8564519765352711e-07,2.1038918019513570e-07,7.7479931559759345e-08
289,5.0298749529245073e-06,9.5999666072028217e-07,1.2990521726562821e-06,1.1781947131585618e-06,8.4192649233503256e-07,4.7107688516765692e-07,2.0427724170050829e-07,7.5350787186184333e-08
290,4.8771383969825178e-06,9.3062882057143349e-07,1.2593371419344860e-06,1.1422445842572481e-06,8.1636065661907175e-07,4.5694543747406056e-07,1.9834235938499336e-07,7.3279396741224369e-08
291,4.7290398204123509e-06,9.0215944706121833e-07,1.2208363676120983e-06,1.1073914572180199e-06,7.9157114997617225e-07,4.4323775894850930e-07,1.9257942023345531e-07,7.1264219362877367e-08
292,4.5854383868930331e-06,8.7456105114943632e-07,1.1835127224079302e-06,1.0736018556998381e-06,7.6753439848579818e-07,4.2994114637694647e-07,1.8698345836310380e-07,6.9303754409980203e-08
293,4.4461975367233918e-06,8.4780698489047640e-07,1.1473302143213221e-06,1.0408433249890656e-06,7.4422754407091336e-07,4.1704327720156256e-07,1.8154965080650044e-07,6.7396540443552605e-08
294,4.3111848569586114e-06,8.2187141569633539e-07,1.1122539519152746e-06,1.0090844008198076e-06,7.2162842276069930e-07,4.0453219811879522e-07,1.7627331341488013e-07,6.5541154232819520e-08
295,4.1802719554902072e-06,7.9672930138722156e-07,1.0782501106612898e-06,9.7829457914589586e-07,6.9971554361335212e-07,3.9239631401871992e-07,1.7114989687837223e-07,6.3736209785355435e-08
296,4.0533343389496955e-06,7.7235636600564136e-07,1.0452859003134440e-06,9.4844428683547404e-07,6.7846806827891190e-07,3.8062437725561488e-07,1.6617498285980417e-07,6.1980357400805245e-08
297,3.9302512943198337e-06,7.4872907637060290e-07,1.0133295332802266e-06,9.1950485326001759e-07,6.5786579118268910e-07,3.6920547723978890e-07,1.6134428023886110e-07,6.0272282747646974e-08
298,3.8109057741408364e-06,7.2582461934928721e-07,9.8235019396361789e-07,8.9144848275049274e-07,6.3788912031044349e-07,3.5812903034105439e-07,1.5665362146346858e-07,5.8610705962472152e-08
299,3.6951842852024331e-06,7.0362087982423067e-07,9.5231800903583232e-07,8.6424822789418394e-07,6.1851905857704170e-07,3.4738477009452064e-07,1.5209895900535330e-07,5.6994380771270776e-08
300,3.5829767806158784e-06,6.8209641933473443e-07,9.2320401862504348e-07,8.3787796364652972e-07,5.9973718576087493e-07,3.3696273769965742e-07,1.4767636191682173e-07,5.5422093632216953e-08
301,3.4741765551633100e-06,6.6123045537186627e-07,8.9498014838229815e-07,8.1231236223309298e-07,5.8152564098685808e-07,3.2685327280385089e-07,1.4338201248588123e-07,5.3892662899462946e-08
302,3.3686801438249187e-06,6.4100284130705476e-07,8.6761918240266303e-07,7.8752686881754522e-07,5.6386710574135078e-07,3.1704700456193726e-07,1.3921220298690917e-07,5.2404938007458024e-08
303,3.2663872233874270e-06,6.2139404693488296e-07,8.4109473697448192e-07,7.6349767791228764e-07,5.4674478740284753e-07,3.0753484296345327e-07,1.3516333252415422e-07,5.0957798675319570e-08
304,3.1672005170403378e-06,6.0238513961129132e-07,8.1538123513141840e-07,7.4020171050903788e-07,5.3014240327277583e-07,2.9830797041959055e-07,1.3123190396543109e-07,4.9550154130792653e-08
305,3.0710257018691827e-06,5.8395776596896105e-07,7.9045388198272697e-07,7.1761659190741047e-07,5.1404416509121527e-07,2.8935783360207977e-07,1.2741452096344430e-07,4.8180942353344493e-08
306,2.9777713191578403e-06,5.6609413419222150e-07,7.6628864079795877e-07,6.9572063022018467e-07,4.9843476402281258e-07,2.8067613552646391e-07,1.2370788506224921e-07,4.6849129335949602e-08
307,2.8873486874146031e-06,5.4877699683435522e-07,7.4286220982302331e-07,6.7449279553460503e-07,4.8329935609861421e-07,2.7225482787244595e-07,1.2010879288642895e-07,4.5553708365130153e-08
308,2.7996718180392830e-06,5.3198963416070188e-07,7.2015199980524209e-07,6.5391269970969281e-07,4.6862354809997305e-07,2.6408610353421312e-07,1.1661413341063437e-07,4.4293699318826000e-08
309,2.7146573335511713e-06,5.1571583800147210e-07,6.9813611220570942e-07,6.3396057679015460e-07,4.5439338387110268e-07,2.5616238939385451e-07,1.1322088530720056e-07,4.3068147981677201e-08
310,2.6322243883000707e-06,4.9993989609867104e-07,6.7679331807794220e-07,6.1461726401806717e-07,4.4059533104726610e-07,2.4847633931119447e-07,1.0992611436961857e-07,4.1876125377310854e-08
311,2.5522945915850195e-06,4.8464657693201318e-07,6.5610303759243862e-07,5.9586418342409518e-07,4.2721626818597487e-07,2.4102082732356183e-07,1.0672697100970290e-07,4.0716727117232883e-08
312,2.4747919331075802e-06,4.6982111500916614e-07,6.3604532018739693e-07,5.7768332398055113e-07,4.1424347228896236e-07,2.3378894104921198e-07,1.0362068782635792e-07,3.9589072765933726e-08
313,2.3996427106888068e-06,4.5544919660611911e-07,6.1660082532643832e-07,5.6005722429915096e-07,4.0166460670306434e-07,2.2677397528830453e-07,1.0060457724390422e-07,3.8492305221825388e-08
314,2.3267754601811531e-06,4.4151694594389676e-07,5.9775080384477599e-07,5.4296895585683711e-07,3.8946770938850056e-07,2.1996942581552333e-07,9.7676029217984200e-08,3.7425590113635454e-08
315,2.2561208875086703e-06,4.2801091178826781e-07,5.7947707986583008e-07,5.2640210673355506e-07,3.7764118154340169e-07,2.1336898335860064e-07,9.4832509007123221e-08,3.6388115211891937e-08
316,2.1876118027708625e-06,4.1491805445950367e-07,5.6176203327084502e-07,5.1034076584635445e-07,3.6617377657376322e-07,2.0696652775718129e-07,9.2071555008075049e-08,3.5379089855140443e-08
317,2.1211830563475415e-06,4.0222573323963759e-07,5.4458858270459454e-07,4.9476950766466679e-07,3.5505458939833664e-07,2.0075612229662741e-07,8.9390776653135662e-08,3.4397744390543254e-08
318,2.0567714769439109e-06,3.8992169416506135e-07,5.2794016910078335e-07,4.7967337739207527e-07,3.4427304607828833e-07,1.9473200821152636e-07,8.6787852367658888e-08,3.3443329628517471e-08
319,1.9943158115169713e-06,3.7799405819266661e-07,5.1180073971124822e-07,4.6503787660033546e-07,3.3381889376176343e-07,1.8888859935382188e-07,8.4260527586059165e-08,3.2515116311076755e-08
320,1.9337566670261120e-06,3.6643130972810091e-07,4.9615473262355190e-07,4.5084894930184489e-07,3.2368219093379226e-07,1.8322047702063915e-07,8.1806612824633791e-08,3.1612394593548827e-08
321,1.8750364539524962e-06,3.5522228550505494e-07,4.8098706175203661e-07,4.3709296844718085e-07,3.1385329796226730e-07,1.7772238493702350e-07,7.9423981809585337e-08,3.0734473539347823e-08
322,1.8180993315335365e-06,3.4435616380484107e-07,4.6628310228785271e-07,4.2375672283472884e-07,3.0432286793100090e-07,1.7238922438895453e-07,7.7110569658670614e-08,2.9880680627488074e-08
323,1.7628911546603676e-06,3.3382245400584841e-07,4.5202867659393021e-07,4.1082740441982853e-07,2.9508183775114523e-07,1.6721604950213622e-07,7.4864371114946524e-08,2.9050361272532465e-08
324,1.7093594223878270e-06,3.2361098645278014e-07,4.3821004053128330e-07,3.9829259601123917e-07,2.8612141954252199e-07,1.6219806266219921e-07,7.2683438831127591e-08,2.8242878356675616e-08
325,1.6574532280079805e-06,3.1371190263588752e-07,4.2481387020345944e-07,3.8614025934310618e-07,2.7743309227666686e-07,1.5733061007208040e-07,7.0565881703111372e-08,2.7457611773668805e-08
326,1.6071232106397023e-06,3.0411564567071296e-07,4.1182724910634126e-07,3.7435872351096590e-07,2.6900859367363940e-07,1.5260917744247383e-07,6.8509863251268911e-08,2.6693957984300003e-08
327,1.5583215082882854e-06,2.9481295106914826e-07,3.9923765567090942e-07,3.6293667376067899e-07,2.6083991234489455e-07,1.4802938581136765e-07,6.6513600048137730e-08,2.5951329583148956e-08
328,1.5110017123304372e-06,2.8579483779289123e-07,3.8703295118694504e-07,3.5186314061951946e-07,2.5291928017474279e-07,1.4358698748880255e-07,6.4575360191192809e-08,2.5229154876343602e-08
329,1.4651188233813793e-06,2.7705259958066048e-07,3.7520136809602528e-07,3.4112748935897773e-07,2.4523916493315394e-07,1.3927786212310238e-07,6.2693461819409412e-08,2.4526877470050074e-08
330,1.4206292085020793e-06,2.6857779654079061e-07,3.6373149864251454e-07,3.3071940977915137e-07,2.3779226311288055e-07,1.3509801288493990e-07,6.0866271672367290e-08,2.3843955869434981e-08
331,1.3774905597059271e-06,2.6036224700108646e-07,3.5261228387160707e-07,3.2062890630491125e-07,2.3057149298408750e-07,1.3104356276570872e-07,5.9092203690682099e-08,2.3179863087844267e-08
332,1.3356618537253914e-06,2.5239801960806422e-07,3.4183300296380546e-07,3.1084628838432382e-07,2.2356998785988526e-07,1.2711075098677994e-07,5.7369717656583647e-08,2.2534086265948986e-08
333,1.2951033130003925e-06,2.4467742566794834e-07,3.3138326289554546e-07,3.0136216118010790e-07,2.1678108956636018e-07,1.2329592951632193e-07,5.5697317873494724e-08,2.1906126300613996e-08
334,1.2557763678513065e-06,2.3719301172202593e-07,3.2125298841599613e-07,2.9216741654517910e-07,2.1019834211089412e-07,1.1959555969046380e-07,5.4073551883496370e-08,2.1295497483251112e-08
335,1.2176436198006115e-06,2.2993755234918676e-07,3.1143241233036222e-07,2.8325322427361408e-07,2.0381548554275062e-07,1.1600620893567659e-07,5.2497009221597375e-08,2.0701727147423856e-08
336,1.1806688060083095e-06,2.2290404318869739e-07,3.0191206608031986e-07,2.7461102361862649e-07,1.9762645000009004e-07,1.1252454758934280e-07,5.0966320205756589e-08,2.0124355325476248e-08
337,1.1448167647872952e-06,2.1608569417646994e-07,2.9268277061249449e-07,2.6623251506940592e-07,1.9162534993775287e-07,1.0914734581557274e-07,4.9480154761636038e-08,1.9562934413963309e-08
338,1.1100534021658841e-06,2.0947592298829207e-07,2.8373562752617569e-07,2.5810965237892017e-07,1.8580647853032079e-07,1.0587147061341641e-07,4.8037221281092803e-08,1.9017028847666203e-08
339,1.0763456594656948e-06,2.0306834868368550e-07,2.7506201049172773e-07,2.5023463483501907e-07,1.8016430224513439e-07,1.0269388291470354e-07,4.6636265513444741e-08,1.8486214781979883e-08
340,1.0436614818640617e-06,1.9685678554425333e-07,2.6665355693141824e-07,2.4259989976741632e-07,1.7469345558010592e-07,9.9611634768828051e-08,4.5276069488573554e-08,1.7970079783466139e-08
341,1.0119697879110739e-06,1.9083523710056474e-07,2.5850215995463968e-07,2.3519811528334904e-07,1.6938873596132284e-07,9.6621866611873235e-08,4.3955450470954623e-08,1.7468222528369722e-08
342,9.8124043997226049e-07,1.8499789034180847e-07,2.5059996053974464e-07,2.2802217322493584e-07,1.6424509879559058e-07,9.3721804617551791e-08,4.2673259943729422e-08,1.6980252508899944e-08
343,9.5144421556880549e-07,1.7933911010262073e-07,2.4293933995495216e-07,2.2106518234146717e-07,1.5925765267320870e-07,9.0908758127510811e-08,4.1428382621961121e-08,1.6505789747084867e-08
344,9.2255277958804371e-07,1.7385343362166757e-07,2.3551291241101506e-07,2.1432046167006829e-07,1.5442165471641959e-07,8.8180117158624774e-08,4.0219735494238818e-08,1.6044464516009659e-08
345,8.9453865733781147e-07,1.6853556526672502e-07,2.2831351793856080e-07,2.0778153411837506e-07,1.4973250606910528e-07,8.5533349984970884e-08,3.9046266891819209e-08,1.5595917068255145e-08
346,8.6737520841902255e-07,1.6338037142116254e-07,2.2133421548323420e-07,2.0144212024305690e-07,1.4518574752344375e-07,8.2966000792250301e-08,3.7906955584517841e-08,1.5159797371356922e-08
347,8.4103660139162820e-07,1.5838287552689030e-07,2.1456827621198250e-07,1.9529613221820991e-07,1.4077705527936566e-07,8.0475687402485640e-08,3.6800809902584612e-08,1.4735764850109705e-08
348,8.1549778920986807e-07,1.5353825327898327e-07,2.0800917702402545e-07,1.8933766798782547e-07,1.3650223683277897e-07,7.8060099066889650e-08,3.5726866883819565e-08,1.4323488135545695e-08
349,7.9073448540344852e-07,1.4884182796734015e-07,2.0165059426025118e-07,1.8356100559671552e-07,1.3235722698865130e-07,7.5716994324863811e-08,3.4684191445206770e-08,1.3922644820419763e-08
350,7.6672314098200350e-07,1.4428906596087801e-07,1.9548639760496953e-07,1.7796059769444886e-07,1.2833808399515837e-07,7.3444198927146246e-08,3.3671875578364170e-08,1.3532921221038364e-08
351,7.4344092204087035e-07,1.3987557232990134e-07,1.8951064417414101e-07,1.7253106620701758e-07,1.2444098579522279e-07,7.1239603821187163e-08,3.2689037568127640e-08,1.3154012145272871e-08
352,7.2086568804688592e-07,1.3559708660241718e-07,1.8371757278437838e-07,1.6726719717111520e-07,1.2066222639187789e-07,6.9101163196888852e-08,3.1734821233606643e-08,1.2785620666601871e-08
353,6.9897597078355362e-07,1.3144947865029738e-07,1.7810159839719314e-07,1.6216393572606251e-07,1.1699821232400047e-07,6.7026892590901514e-08,3.0808395191067945e-08,1.2427457904030684e-08
354,6.7775095393555875e-07,1.2742874470131527e-07,1.7265730673312735e-07,1.5721638125857086e-07,1.1344545924906145e-07,6.5014867047721582e-08,2.9908952138022223e-08,1.2079242807740018e-08
355,6.5717045329321867e-07,1.2353100347320439e-07,1.6737944905057649e-07,1.5241978269567791e-07,1.1000058862964374e-07,6.3063219335891035e-08,2.9035708157906022e-08,1.1740701950319182e-08
356,6.3721489755804177e-07,1.1975249242600615e-07,1.6226293708426618e-07,1.4776953394133297e-07,1.0666032452057728e-07,6.1170138217647322e-08,2.8187902044768983e-08,1.1411569323442856e-08
357,6.1786530973114168e-07,1.1608956412908592e-07,1.5730283813850125e-07,1.4326116945224927e-07,1.0342149045363562e-07,5.9333866770422759e-08,2.7364794647393142e-08,1.1091586139853724e-08
358,5.9910328906681034e-07,1.1253868273930984e-07,1.5249437033045332e-07,1.3889035994877140e-07,1.0028100641683102e-07,5.7552700758640853e-08,2.6565668232287326e-08,1.0780500640516634e-08
359,5.8091099357408514e-07,1.0909642058697975e-07,1.4783289797890017e-07,1.3465290825663774e-07,9.7235885925436452e-08,5.5824987054302215e-08,2.5789825865015581e-08,1.0478067906813250e-08
360,5.6327112304967206e-07,1.0575945486623008e-07,1.4331392713396714e-07,1.3054474527564372e-07,9.4283233181948126e-08,5.4149122104899449e-08,2.5036590809334187e-08,1.0184049677649262e-08
361,5.4616690262608828e-07,1.0252456442668915e-07,1.3893310124356034e-07,1.2656192607133168e-07,9.1420240322288550e-08,5.2523550447242697e-08,2.4305305943626433e-08,9.8982141713493876e-09
362,5.2958206681938128e-07,9.9388626663307038e-08,1.3468619695231074e-07,1.2270062608595373e-07,8.8644184745630982e-08,5.0946763265820975e-08,2.3595333194139377e-08,9.6203359122183897e-09
363,5.1350084406125121e-07,9.6348614501345858e-08,1.3056912002897728e-07,1.1895713746506704e-07,8.5952426525305996e-08,4.9417296994365084e-08,2.2906052984540564e-08,9.3501955616493629e-09
364,4.9790794170087025e-07,9.3401593473620588e-08,1.2657790141838083e-07,1.1532786549623242e-07,8.3342405898328355e-08,4.7933731959318031e-08,2.2236863701326666e-08,9.0875797536633506e-09
365,4.8278853146213394e-07,9.0544718887167741e-08,1.2270869341406050e-07,1.1180932515639508e-07,8.0811640831156440e-08,4.6494691063957609e-08,2.1587181174629280e-08,8.8322809347673122e-09
366,4.6812823534251662e-07,8.7775233076605383e-08,1.1895776594796146e-07,1.0839813776463065e-07,7.8357724659369606e-08,4.5098838511953272e-08,2.0956438173976200e-08,8.5840972080200956e-09
367,4.5391311194011978e-07,8.5090462741532001e-08,1.1532150299357440e-07,1.0509102773704072e-07,7.5978323799018766e-08,4.3744878569176117e-08,2.0344083918578919e-08,8.3428321811988598e-09
368,4.4012964319591188e-07,8.2487816365392568e-08,1.1179639907905840e-07,1.0188481944068037e-07,7.3671175527473884e-08,4.2431554362616012e-08,1.9749583601729636e-08,8.1082948189610495e-09
369,4.2676472153855193e-07,7.9964781713318898e-08,1.0837905590698325e-07,9.8776434143495597e-08,7.1434085831657930e-08,4.1157646715294135e-08,1.9172417928902631e-08,7.8802992988995218e-09
370,4.1380563741957129e-07,7.7518923406528281e-08,1.0506617907743126e-07,9.5762887057340103e-08,6.9264927321621141e-08,3.9921973016092746e-08,1.8612082669166816e-08,7.6586648713910172e-09
371,4.0124006722706088e-07,7.5147880570937033e-08,1.0185457491129763e-07,9.2841284471231019e-08,6.7161637207471386e-08,3.8723386123456044e-08,1.8068088219527145e-08,7.4432157231406193e-09
372,3.8905606156636956e-07,7.2849364557718894e-08,9.8741147370725768e-08,9.0008820972089531e-08,6.5122215337736883e-08,3.7560773301947451e-08,1.7539959181823762e-08,7.2337808443272426e-09
373,3.7724203389667011e-07,7.0621156733606359e-08,9.5722895073706788e-08,8.7262776750296544e-08,6.3144722297295619e-08,3.6433055190678909e-08,1.7027233951828276e-08,7.0301938992575273e-09
374,3.6578674951258459e-07,6.8461106338800838e-08,9.2796908399963959e-08,8.4600514987474678e-08,6.1227277563063016e-08,3.5339184802657476e-08,1.6529464320186806e-08,6.8322931004378494e-09
375,3.5467931486039394e-07,6.6367128410423504e-08,8.9960366685330781e-08,8.2019479323987381e-08,5.9368057715683582e-08,3.4278146554122784e-08,1.6046215084869557e-08,6.6399210859763570e-09
376,3.4390916717866827e-07,6.4337201769500637e-08,8.7210535501916632e-08,7.9517191403722308e-08,5.7565294705526188e-08,3.3248955322976989e-08,1.5577063674796396e-08,6.4529248002291737e-09
377,3.3346606445347057e-07,6.2369367069540097e-08,8.4544764021436403e-08,7.7091248493800235e-08,5.5817274171333938e-08,3.2250655535435554e-08,1.5121599784317314e-08,6.2711553776070027e-09
378,3.2334007567857741e-07,6.0461724904813863e-08,8.1960482459161409e-08,7.4739321176922913e-08,5.4122333809929645e-08,3.1282320280053237e-08,1.4679425018235844e-08,6.0944680294605083e-09
379,3.1352157141145838e-07,5.8612433976519884e-08,7.9455199596026115e-08,7.2459151114143016e-08,5.2478861795426672e-08,3.0343050448305374e-08,1.4250152547072512e-08,5.9227219339648120e-09
380,3.0400121461603026e-07,5.6819709315052414e-08,7.7026500376500856e-08,7.0248548875907199e-08,5.0885295246441834e-08,2.9431973900928482e-08,1.3833406772273946e-08,5.7557801289255115e-09
381,2.9476995178347950e-07,5.5081820556663778e-08,7.4672043579913490e-08,6.8105391839288408e-08,4.9340118739852689e-08,2.8548244659248698e-08,1.3428823001081850e-08,5.5935094074305372e-09
382,2.8581900432270826e-07,5.3397090272853328e-08,7.2389559562974377e-08,6.6027622149387528e-08,4.7841862869685912e-08,2.7691042120749175e-08,1.3036047130783993e-08,5.4357802162740218e-09
383,2.7713986021221841e-07,5.1763892350870539e-08,7.0176848071327160e-08,6.4013244742946234e-08,4.6389102849766315e-08,2.6859570298150246e-08,1.2654735342077635e-08,5.2824665570802917e-09
384,2.6872426590549093e-07,5.0180650423767776e-08,6.8031776118014604e-08,6.2060325432272136e-08,4.4980457158797522e-08,2.6053057081297868e-08,1.2284553801283217e-08,5.1334458900578030e-09
385,2.6056421848216805e-07,4.8645836348487114e-08,6.5952275926813484e-08,6.0166989047635861e-08,4.3614586226586181e-08,2.5270753521176900e-08,1.1925178371153859e-08,4.9885990403146973e-09
386,2.5265195803757045e-07,4.7157968730510980e-08,6.3936342938454928e-08,5.8331417636355556e-08,4.2290191160159929e-08,2.4511933135386322e-08,1.1576294330033471e-08,4.8478101066692939e-09
387,2.4497996030331321e-07,4.5715611493652412e-08,6.1982033877807090e-08,5.6551848716838703e-08,4.1006012508567985e-08,2.3775891234433235e-08,1.1237596099123188e-08,4.7109663728905749e-09
388,2.3754092949200356e-07,4.4317372493603227e-08,6.0087464880156266e-08,5.4826573585904142e-08,3.9760829065189650e-08,2.3061944268221936e-08,1.0908786977623023e-08,4.5779582213053358e-09
389,2.3032779135921622e-07,4.2961902173901740e-08,5.8250809674779181e-08,5.3153935677758412e-08,3.8553456706411774e-08,2.2369429192132835e-08,1.0589578885522029e-08,4.4486790487102551e-09
390,2.2333368647614658e-07,4.1647892263021553e-08,5.6470297824054638e-08,5.1532328973049751e-08,3.7382747265570736e-08,2.1697702852104237e-08,1.0279692113816933e-08,4.3230251845287445e-09
391,2.1655196370654694e-07,4.0374074511323719e-08,5.4744213016416301e-08,4.9960196456471748e-08,3.6247587441088217e-08,2.1046141388147611e-08,9.9788550819454362e-09,4.2008958111539281e-09
392,2.0997617388174070e-07,3.9139219466652206e-08,5.3070891411500121e-08,4.8436028621434947e-08,3.5146897737762429e-08,2.0414139655743882e-08,9.6868041022265235e-09,4.0821928864205763e-09
393,2.0360006366770005e-07,3.7942135287390500e-08,5.1448720035890490e-08,4.6958362020369858e-08,3.4079631440207817e-08,1.9801110664584980e-08,9.4032831511060910e-09,3.9668210681503313e-09
394,1.9741756961835599e-07,3.6781666591832976e-08,4.9876135227917941e-08,4.5525777859268992e-08,3.3044773617467311e-08,1.9206485034140916e-08,9.1280436470119546e-09,3.8546876407159003e-09
395,1.9142281240948390e-07,3.5656693342760026e-08,4.8351621130008483e-08,4.4136900635117786e-08,3.2041340157850352e-08,1.8629710465548031e-08,8.8608442346279202e-09,3.7457024435713264e-09
396,1.8561009124768299e-07,3.4566129766139810e-08,4.6873708227130475e-08,4.2790396814905479e-08,3.1068376833078839e-08,1.8070251229329488e-08,8.6014505754021385e-09,3.6397778016967738e-09
397,1.7997387844913133e-07,3.3508923302912261e-08,4.5440971929929571e-08,4.1484973554947167e-08,3.0124958390851210e-08,1.7527587668473466e-08,8.3496351441101025e-09,3.5368284579075824e-09
398,1.7450881418296232e-07,3.2484053592843464e-08,4.4052031201185290e-08,4.0219377459286611e-08,2.9210187674961554e-08,1.7001215716408794e-08,8.1051770312979855e-09,3.4367715069786308e-09
399,1.6920970137426253e-07,3.1490531489468788e-08,4.2705547224264437e-08,3.8992393375987442e-08,2.8323194772137044e-08,1.6490646429431657e-08,7.8678617514368685e-09,3.3395263315362865e-09
400,1.6407150076184502e-07,3.0527398105173878e-08,4.1400222112287318e-08,3.7802843230156286e-08,2.7463136184782487e-08,1.5995405533150223e-08,7.6374810566233538e-09,3.2450145396714659e-09
401,1.5908932610609751e-07,2.9593723885491133e-08,4.0134797656761858e-08,3.6649584892576970e-08,2.6629194028845130e-08,1.5515032982527144e-08,7.4138327556667818e-09,3.1531599042284913e-09
402,1.5425843954234814e-07,2.8688607711717876e-08,3.8908054114478644e-08,3.5531511082868876e-08,2.5820575256037017e-08,1.5049082535112341e-08,7.1967205384077661e-09,3.0638883037256059e-09
403,1.4957424707533078e-07,2.7811176030989716e-08,3.7718809031497208e-08,3.4447548306116192e-08,2.5036510899675308e-08,1.4597121337070862e-08,6.9859538051173568e-09,2.9771276648641404e-09
404,1.4503229421046469e-07,2.6960582012968959e-08,3.6565916103089221e-08,3.3396655821946277e-08,2.4276255343423226e-08,1.4158729521622249e-08,6.7813475008303433e-09,2.8928079065844241e-09
405,1.4062826171779398e-07,2.6136004732333769e-08,3.5448264068539165e-08,3.2377824645067070e-08,2.3539085612236384e-08,1.3733499819519487e-08,6.5827219544704943e-09,2.8108608856276196e-09
406,1.3635796152455909e-07,2.5336648376278774e-08,3.4364775639736742e-08,3.1390076576303466e-08,2.2824300684840133e-08,1.3321037181206712e-08,6.3899027226295813e-09,2.7312203435636900e-09
407,1.3221733273249370e-07,2.4561741476261624e-08,3.3314406462527655e-08,3.0432463263201932e-08,2.2131220827084136e-08,1.2920958410305599e-08,6.2027204378659954e-09,2.6538218552467595e-09
408,1.2820243775606004e-07,2.3810536163253932e-08,3.2296144109821157e-08,2.9504065289301034e-08,2.1459186945540193e-08,1.2532891808090944e-08,6.0210106613926509e-09,2.5786027786601102e-09
409,1.2430945857794988e-07,2.3082307445777244e-08,3.1309007105483288e-08,2.8603991291192990e-08,2.0807559960728699e-08,1.2156476828626045e-08,5.8446137400275863e-09,2.5055022061140223e-09
410,1.2053469311829086e-07,2.2376352510027007e-08,3.0352043978074632e-08,2.7731377102528312e-08,2.0175720199377525e-08,1.1791363744238400e-08,5.6733746672843261e-09,2.4344609167606501e-09
411,1.1687455171410459e-07,2.1691990041408658e-08,2.9424332343519760e-08,2.6885384924141211e-08,1.9563066805135600e-08,1.1437213321025775e-08,5.5071429484825696e-09,2.3654213303910052e-09
412,1.1332555370566942e-07,2.1028559566830790e-08,2.8524978015824020e-08,2.6065202519498621e-08,1.8969017167180615e-08,1.1093696504092042e-08,5.3457724697632686e-09,2.2983274624800654e-09
413,1.0988432412654125e-07,2.0385420817120242e-08,2.7653114144979879e-08,2.5270042434700175e-08,1.8393006366177581e-08,1.0760494112221096e-08,5.1891213708954053e-09,2.2331248804468712e-09
414,1.0654759049408453e-07,1.9761953108943439e-08,2.6807900381231502e-08,2.4499141242279754e-08,1.7834486637061350e-08,1.0437296541706024e-08,5.0370519217650963e-09,2.1697606610973616e-09
415,1.0331217969746186e-07,1.9157554745637282e-08,2.5988522064891689e-08,2.3751758808082424e-08,1.7292926848132169e-08,1.0123803479059033e-08,4.8894304024407360e-09,2.1081833492185111e-09
416,1.0017501498012238e-07,1.8571642436370911e-08,2.5194189440929772e-08,2.3027177580512474e-08,1.6767811995969038e-08,9.8197236223360297e-09,4.7461269867109984e-09,2.0483429172931674e-09
417,9.7133113013919636e-08,1.8003650733077553e-08,2.4424136897573088e-08,2.2324701901469889e-08,1.6258642715680380e-08,9.5247744108175357e-09,4.6070156289954270e-09,1.9901907263057649e-09
418,9.4183581062076193e-08,1.7453031484612779e-08,2.3677622228187834e-08,2.1643657338313458e-08,1.5764934806026416e-08,9.2386817627955340e-09,4.4719739545302873e-09,1.9336794876098826e-09
419,9.1323614228297555e-08,1.6919253307612037e-08,2.2953925915727452e-08,2.0983390036208748e-08,1.5286218768961618e-08,8.9611798212232255e-09,4.3408831527351089e-09,1.8787632258293586e-09
420,8.8550492789419057e-08,1.6401801073536670e-08,2.2252350439058508e-08,2.0343266090239023e-08,1.4822039363159360e-08,8.6920107069920050e-09,4.2136278736680843e-09,1.8253972427654125e-09
421,8.5861579609049286e-08,1.5900175411412942e-08,2.1572219600495177e-08,1.9722670936675878e-08,1.4371955171094157e-08,8.4309242796070451e-09,4.0900961274811334e-09,1.7735380822829509e-09
422,8.3254317629750306e-08,1.5413892225784133e-08,2.0912877873893785e-08,1.9121008762824954e-08,1.3935538179269864e-08,8.1776779050396645e-09,3.9701791867880051e-09,1.7231434961499197e-09
423,8.0726227441370466e-08,1.4942482229410086e-08,2.0273689772678873e-08,1.8537701934879979e-08,1.3512373371194589e-08,7.9320362305413837e-09,3.8537714918612865e-09,1.6741724108042646e-09
424,7.8274904923216269e-08,1.4485490490263103e-08,1.9654039237191213e-08,1.7972190443235405e-08,1.3102058332715295e-08,7.6937709662109482e-09,3.7407705585765972e-09,1.6265848950237105e-09
425,7.5898018957822416e-08,1.4042475992382747e-08,1.9053329040767114e-08,1.7423931364725060e-08,1.2704202869336758e-08,7.4626606731118918e-09,3.6310768890246174e-09,1.5803421284742283e-09
426,7.3593309214144737e-08,1.3613011210165540e-08,1.8470980213976226e-08,1.6892398341270198e-08,1.2318428635160947e-08,7.2384905577442676e-09,3.5245938847138691e-09,1.5354063711136888e-09
427,7.1358583998068656e-08,1.3196681695678506e-08,1.7906431486462639e-08,1.6377081074436201e-08,1.1944368773094031e-08,7.0210522726800729e-09,3.4212277622893937e-09,1.4917409334278113e-09
428,6.9191718168188726e-08,1.2793085678598111e-08,1.7359138745851025e-08,1.5877484835412518e-08,1.1581667565978768e-08,6.8101437231775608e-09,3.3208874716946249e-09,1.4493101474761279e-09
429,6.7090651114877500e-08,1.2401833678388314e-08,1.6828574513196118e-08,1.5393129989945139e-08,1.1229980098320599e-08,6.6055688795952216e-09,3.2234846167058546e-09,1.4080793387262516e-09
430,6.5053384800721471e-08,1.2022548128343264e-08,1.6314227434469621e-08,1.4923551537765311e-08,1.0888971928285698e-08,6.4071375954315550e-09,3.1289333777707003e-09,1.3680147986553234e-09
431,6.3077981860461213e-08,1.1654863011131641e-08,1.5815601787594213e-08,1.4468298666072208e-08,1.0558318769659109e-08,6.2146654308219802e-09,3.0371504370839959e-09,1.3290837580980561e-09
432,6.1162563758628257e-08,1.1298423505490797e-08,1.5332217004549349e-08,1.4026934316640575e-08,1.0237706183460497e-08,6.0279734813292689e-09,2.9480549058364179e-09,1.2912543613213423e-09
433,5.9305309003127011e-08,1.0952885643729496e-08,1.4863607208087908e-08,1.3599034766137647e-08,9.9268292789242374e-09,5.8468882118688053e-09,2.8615682535730103e-09,1.2544956408059115e-09
434,5.7504451413062960e-08,1.0617915979708624e-08,1.4409320762617101e-08,1.3184189219246271e-08,9.6253924235595443e-09,5.6712412956147309e-09,2.7776142396006403e-09,1.2187774927160475e-09
435,5.5758278439169462e-08,1.0293191266979254e-08,1.3968919838810438e-08,1.2781999414203336e-08,9.3331089620148422e-09,5.5008694577376316e-09,2.6961188463850996e-09,1.1840706530388635e-09
436,5.4065129535236631e-08,9.9783981467673753e-09,1.3541979991530987e-08,1.2392079240374796e-08,9.0497009434790852e-09,5.3356143238289278e-09,2.6170102148803240e-09,1.1503466743751325e-09
437,5.2423394578992884e-08,9.6732328455039216e-09,1.3128089750658909e-08,1.2014054367499865e-08,8.7748988573607651e-09,5.1753222728714341e-09,2.5402185817338566e-09,1.1175779033641396e-09
438,5.0831512340938078e-08,9.3774008816081939e-09,1.2726850224428732e-08,1.1647561886248354e-08,8.5084413769932609e-09,5.0198442946197903e-09,2.4656762183142632e-09,1.0857374587254843e-09
439,4.9287968999671594e-08,9.0906167812414483e-09,1.2337874714893846e-08,1.1292249959745909e-08,8.2500751111228051e-09,4.8690358512585581e-09,2.3933173715078111e-09,1.0547992099012163e-09
440,4.7791296702304017e-08,8.8126038027563117e-09,1.1960788345147464e-08,1.0947777485732475e-08,7.9995543629427311e-09,4.7227567432097080e-09,2.3230782062332096e-09,1.0247377562821233e-09
441,4.6340072168583055e-08,8.5430936695759224e-09,1.1595227697940574e-08,1.0613813769029485e-08,7.7566408964448448e-09,4.5808709789650948e-09,2.2548967496247126e-09,9.9552840700242249e-10
442,4.4932915337406368e-08,8.2818263112449300e-09,1.1240840465348423e-08,1.0290038204001207e-08,7.5211037098657583e-09,4.4432466488232418e-09,2.1887128368352932e-09,9.6714716128751808e-10
443,4.3568488054434367e-08,8.0285496124023100e-09,1.0897285109147727e-08,9.9761399667053346e-09,7.2927188160127187e-09,4.3097558024133575e-09,2.1244680584130141e-09,9.3957068933990001e-10
444,4.2245492799554603e-08,7.7830191694336469e-09,1.0564230531577134e-08,9.6718177164370303e-09,7.0712690292600424e-09,4.1802743298930374e-09,2.0621057092050585e-09,9.1277631374864835e-10
445,4.0962671452987951e-08,7.5449980545679636e-09,1.0241355756163439e-08,9.3767793063799110e-09,6.8565437590135563e-09,4.0546818467094963e-09,2.0015707387451969e-09,8.8674199140839923e-10
446,3.9718804098863102e-08,7.3142565871912828e-09,9.9283496183058794e-09,9.0907415030859963e-09,6.6483388094467234e-09,3.9328615818174693e-09,1.9428097030817558e-09,8.6144629593399878e-10
447,3.8512707865121301e-08,7.0905721121561848e-09,9.6249104653200291e-09,8.8134297145152204e-09,6.4464561853179099e-09,3.8147002692501441e-09,1.8857707180043731e-09,8.3686840055744118e-10
448,3.7343235798648749e-08,6.8737287848733014e-09,9.3307458656522128e-09,8.5445777263733477e-09,6.2507039036842144e-09,3.7000880429425802e-09,1.8304034136290480e-09,8.1298806149403899e-10
449,3.6209275774566276e-08,6.6635173629772554e-09,9.0455723269839184e-09,8.2839274464950000e-09,6.0608958113327445e-09,3.5889183347100837e-09,1.7766588903021477e-09,7.8978560176512749e-10
450,3.5109749438639649e-08,6.4597350043659250e-09,8.7691150229545309e-09,8.0312286570263833e-09,5.8768514077557720e-09,3.4810877752869301e-09,1.7244896757851785e-09,7.6724189546493423e-10
451,3.4043611181804308e-08,6.2621850714180382e-09,8.5011075282387689e-09,7.7862387741696370e-09,5.6983956735013960e-09,3.3764960983336704e-09,1.6738496836832227e-09,7.4533835245958125e-10
452,3.3009847145829682e-08,6.0706769412000819e-09,8.2412915617234739e-09,7.5487226152581119e-09,5.5253589037364825e-09,3.2750460473240064e-09,1.6246941730810218e-09,7.2405690350650539e-10
453,3.2007474259177321e-08,5.8850258214792892e-09,7.9894167375360716e-09,7.3184521729388441e-09,5.3575765468636237e-09,3.1766432852248719e-09,1.5769797093517218e-09,7.0337998578289351e-10
454,3.1035539302136046e-08,5.7050525723650818e-09,7.7452403236846556e-09,7.0952063962453871e-09,5.1948890480386172e-09,3.0811963068859669e-09,1.5306641261043066e-09,6.8329052881203454e-10
455,3.0093118000345167e-08,5.5305835334067607e-09,7.5085270080769879e-09,6.8787709783507045e-09,5.0371416974396936e-09,2.9886163540574996e-09,1.4857064882367296e-09,6.6377194077678880e-10
456,2.9179314145843483e-08,5.3614503559805411e-09,7.2790486716927934e-09,6.6689381507963203e-09,4.8841844831441612e-09,2.8988173329573072e-09,1.4420670560627043e-09,6.4480809520965788e-10
457,2.8293258744808611e-08,5.1974898408040842e-09,7.0565841686906560e-09,6.4655064840000916e-09,4.7358719484726043e-09,2.8117157343109110e-09,1.3997072504810395e-09,6.2638331804922405e-10
458,2.7434109191175777e-08,5.0385437804216894e-09,6.8409191132374984e-09,6.2682806938510094e-09,4.5920630536649214e-09,2.7272305557903508e-09,1.3585896191573068e-09,6.0848237505300220e-10
459,2.6601048465350531e-08,4.8844588065080527e-09,6.6318456728550994e-09,6.0770714542053168e-09,4.4526210417567161e-09,2.6452832267798470e-09,1.3186778036884928e-09,5.9109045955700855e-10
460,2.5793284357253148e-08,4.7350862418431861e-09,6.4291623680844021e-09,5.8916952151038113e-09,4.3174133085284531e-09,2.5657975353985239e-09,1.2799365077221551e-09,5.7419318057261594e-10
461,2.5010048712956022e-08,4.5902819568155975e-09,6.2326738782744558e-09,5.7119740265358293e-09,4.1863112764037335e-09,2.4886995577124945e-09,1.2423314660023957e-09,5.5777655121151318e-10
462,2.4250596704197566e-08,4.4499062303151909e-09,6.0421908533087531e-09,5.5377353675805962e-09,4.0591902721767465e-09,2.4139175890706540e-09,1.2058294143157934e-09,5.4182697742983607e-10
463,2.3514206120077979e-08,4.3138236148815911e-09,5.8575297310873864e-09,5.3688119807618961e-09,3.9359294084526455e-09,2.3413820775004899e-09,1.1703980603111955e-09,5.2633124708277414e-10
464,2.2800176680263210e-08,4.1819028059777103e-09,5.6785125605891146e-09,5.2050417114569546e-09,3.8164114686880843e-09,2.2710255591021230e-09,1.1360060551680318e-09,5.1127651928119176e-10
465,2.2107829369044209e-08,4.0540165152623564e-09,5.5049668303426860e-09,5.0462673522053398e-09,3.7005227957226015e-09,2.2027825953806522e-09,1.1026229660885403e-09,4.9665031404202899e-10
466,2.1436505789617930e-08,3.9300413477395340e-09,5.3367253021420630e-09,4.8923364917683334e-09,3.5881531836948412e-09,2.1365897124586741e-09,1.0702192495900133e-09,4.8244050222447002e-10
467,2.0785567537976263e-08,3.8098576826658380e-09,5.1736258498452266e-09,4.7431013687938387e-09,3.4791957732408425e-09,2.0723853421125784e-09,1.0387662255738575e-09,4.6863529574407996e-10
468,2.0154395595807283e-08,3.6933495581009885e-09,5.0155113031011239e-09,4.5984187299462753e-09,3.3735469498747132e-09,2.0101097645779301e-09,1.0082360521489323e-09,4.5522323805732204e-10
469,1.9542389741831662e-08,3.5804045589900197e-09,4.8622292958540982e-09,4.4581496923652378e-09,3.2711062454550726e-09,1.9497050530708741e-09,9.7860170118728608e-10,4.4219319490907193e-10
470,1.8948967981014285e-08,3.4709137086691158e-09,4.7136321194797455e-09,4.3221596103208055e-09,3.1717762426435437e-09,1.8911150199740879e-09,9.4983693459104438e-10,4.2953434533594274e-10
471,1.8373565991108457e-08,3.3647713636903319e-09,4.5695765804105801e-09,4.1903179459374780e-09,3.0754624822644548e-09,1.8342851646373718e-09,9.2191628124980955e-10,4.1723617291842880e-10
472,1.7815636586006164e-08,3.2618751118636791e-09,4.4299238621142573e-09,4.0624981438625525e-09,2.9820733734776387e-09,1.7791626227444328e-09,8.9481501466853926e-10,4.0528845727506551e-10
473,1.7274649195384277e-08,3.1621256734181374e-09,4.2945393912912772e-09,3.9385775097586259e-09,2.8915201066789160e-09,1.7256961171988943e-09,8.6850913124644484e-10,3.9368126579198390e-10
474,1.6750089360151682e-08,3.0654268051861925e-09,4.1632927081631696e-09,3.8184370925034906e-09,2.8037165690454329e-09,1.6738359104839630e-09,8.4297532918801304e-10,3.8240494558141961e-10
475,1.6241458243217626e-08,2.9716852077193920e-09,4.0360573407261016e-09,3.7019615699843370e-09,2.7185792626455349e-09,1.6235337584515475e-09,8.1819098802780715e-10,3.7145011566290734e-10
476,1.5748272155116026e-08,2.8808104352452542e-09,3.9127106828486594e-09,3.5890391383765585e-09,2.6360272250353103e-09,1.5747428654979575e-09,7.9413414875122591e-10,3.6080765936106257e-10
477,1.5270062094034581e-08,2.7927148083786099e-09,3.7931338760963060e-09,3.4795614048008549e-09,2.5559819522662841e-09,1.5274178410845862e-09,7.7078349449392372e-10,3.5046871691401652e-10
478,1.4806373299811312e-08,2.7073133295031171e-09,3.6772116951685515e-09,3.3734232832555292e-09,2.4783673242310541e-09,1.4815146575632412e-09,7.4811833180308706e-10,3.4042467828673143e-10
479,1.4356764821474400e-08,2.6245236007412484e-09,3.5648324368384008e-09,3.2705228937240625e-09,2.4031095322758739e-09,1.4369906092669795e-09,7.2611857244425906e-10,3.3066717618357757e-10
480,1.3920809097914054e-08,2.5442657444335830e-09,3.4558878122869986e-09,3.1707614643610660e-09,2.3301370090113356e-09,1.3938042728284983e-09,7.0476471573786327e-10,3.2118807925470761e-10
481,1.3498091551287604e-08,2.4664623260506233e-09,3.3502728427296775e-09,3.0740432366626788e-09,2.2593803602544222e-09,1.3519154686892433e-09,6.8403783141004991e-10,3.1197948549090949e-10
482,1.3088210192771279e-08,2.3910382794627295e-09,3.2478857582327793e-09,2.9802753735303550e-09,2.1907722990371905e-09,1.3112852237635365e-09,6.6391954294292440e-10,3.0303371580176610e-10
483,1.2690775240283612e-08,2.3179208344960322e-09,3.1486278996236922e-09,2.8893678701397465e-09,2.1242475816193470e-09,1.2718757352230564e-09,6.4439201140965271e-10,2.9434330777208570e-10
484,1.2305408747817023e-08,2.2470394467043875e-09,3.0524036233995493e-09,2.8012334675290934e-09,2.0597429454438452e-09,1.2336503353680775e-09,6.2543791978036028e-10,2.8590100959170816e-10
485,1.1931744246025094e-08,2.1783257292895847e-09,2.9591202095429102e-09,2.7157875688241387e-09,1.9971970489765302e-09,1.1965734575528615e-09,6.0704045768514704e-10,2.7769977415392163e-10
486,1.1569426393723720e-08,2.1117133871040849e-09,2.8686877721555418e-09,2.6329481580191255e-09,1.9365504133725955e-09,1.1606106031335795e-09,5.8918330662093679e-10,2.6973275331785536e-10
487,1.1218110639974705e-08,2.0471381526725935e-09,2.7810191728241545e-09,2.5526357212358744e-09,1.8777453659143890e-09,1.1257283094080883e-09,5.7185062558926810e-10,2.6199329233033763e-10
488,1.0877462896430519e-08,1.9845377241706881e-09,2.6960299366345611e-09,2.4747731703853363e-09,1.8207259851667856e-09,1.0918941185178129e-09,5.5502703715250058e-10,2.5447492440283445e-10
489,1.0547159219628579e-08,1.9238517053006551e-09,2.6136381707533109e-09,2.3992857691583080e-09,1.7654380477979601e-09,1.0590765472828653e-09,5.3869761389628023e-10,2.4717136543919916e-10
490,1.0226885502932932e-08,1.8650215470064755e-09,2.5337644854982706e-09,2.3261010612742488e-09,1.7118289770149935e-09,1.0272450579424061e-09,5.2284786528645586e-10,2.4007650891008250e-10
491,9.9163371778304272e-09,1.8079904909717145e-09,2.4563319178221040e-09,2.2551488009192893e-09,1.6598477925652795e-09,9.9637002977309430e-10,5.0746372490898146e-10,2.3318442086996354e-10
492,9.6152189242972483e-09,1.7527035148457656e-09,2.3812658571348397e-09,2.1863608853066383e-09,1.6094450622561825e-09,9.6642273155927745e-10,4.9253153808167251e-10,2.2648933511287285e-10
493,9.3232443899604695e-09,1.6991072791455772e-09,2.3084939733940530e-09,2.1196712892946330e-09,1.5605728549468401e-09,9.3737529488937509e-10,4.7803804982700648e-10,2.1998564846298553e-10
494,9.0401359177874740e-09,1.6471500757816113e-09,2.2379461473933121e-09,2.0550160019996382e-09,1.5131846949674139e-09,9.0920068825366270e-10,4.6397039319547014e-10,2.1366791619636664e-10
495,8.7656242820443440e-09,1.5967817781583376e-09,2.1695544031816956e-09,1.9923329653429348e-09,1.4672355179224398e-09,8.8187269191942098e-10,4.5031607792926404e-10,2.0753084759025131e-10
496,8.4994484322720971e-09,1.5479537928011112e-09,2.1032528425492284e-09,1.9315620144725862e-09,1.4226816278362439e-09,8.5536587356012075e-10,4.3706297945646461e-10,2.0156930159634192e-10
497,8.2413552450373191e-09,1.5006190124627258e-09,2.0389775815150771e-09,1.8726448200030699e-09,1.3794806555996820e-09,8.2965556461602659e-10,4.2419932820603608e-10,1.9577828263469987e-10
498,7.9910992832210818e-09,1.4547317706643849e-09,1.9766666887572764e-09,1.8155248320172104e-09,1.3375915186786734e-09,8.0471783736427271e-10,4.1171369923436132e-10,1.9015293650490298e-10
499,7.7484425626173041e-09,1.4102477976272147e-09,1.9162601259246318e-09,1.7601472257766450e-09,1.2969743820462269e-09,7.8052948267712492e-10,3.9959500215423087e-10,1.8468854641122973e-10
500,7.5131543256185053e-09,1.3671241775517699e-09,1.8576996897732594e-09,1.7064588490886866e-09,1.2575906203007925e-09,7.5706798844778358e-10,3.8783247135749265e-10,1.7938052909872141e-10
501,7.2850108217738402e-09,1.3253193072043077e-09,1.8009289560719770e-09,1.6544081712790487e-09,1.2194027809349314e-09,7.3431151866369662e-10,3.7641565652282054e-10,1.7422443109705768e-10
502,7.0637950950106372e-09,1.2847928557698496e-09,1.7458932252224740e-09,1.6039452337214294e-09,1.1823745487193560e-09,7.1223889310795572e-10,3.6533441340030723e-10,1.6921592506926537e-10
503,6.8492967773171816e-09,1.2455057259332771e-09,1.6925394695418376e-09,1.5550216018764553e-09,1.1464707111684866e-09,6.9082956766993409e-10,3.5457889486482754e-10,1.6435080626236243e-10
504,6.6413118886904623e-09,1.2074200161509037e-09,1.6408162821566093e-09,1.5075903187939292e-09,1.1116571250546731e-09,6.7006361524687943e-10,3.4413954223035183e-10,1.5962498905711648e-10
505,6.4396426431587162e-09,1.1704989840760928e-09,1.5906738274591125e-09,1.4616058600337350e-09,1.0779006839392428e-09,6.4992170721873943e-10,3.3400707681761686e-10,1.5503450361417695e-10
506,6.2440972606942359e-09,1.1347070111036347e-09,1.5420637930782880e-09,1.4170240899621126e-09,1.0451692866894949e-09,6.3038509547901223e-10,3.2417249176778129e-10,1.5057549261391202e-10
507,6.0544897848376336e-09,1.1000095679986439e-09,1.4949393433187338e-09,1.3738022193813406e-09,1.0134318069517074e-09,6.1143559500494430e-10,3.1462704409490662e-10,1.4624420808735694e-10
508,5.8706399058600894e-09,1.0663731815768131e-09,1.4492550740230698e-09,1.3318987644521373e-09,9.8265806355111867e-10,5.9305556695088832e-10,3.0536224697031252e-10,1.4203700833575030e-10
509,5.6923727892954444e-09,1.0337654024038562e-09,1.4049669688141153e-09,1.2912735068693422e-09,9.5281879179074223e-10,5.7522790224912667e-10,2.9636986223205815e-10,1.3795035493620362e-10
510,5.5195189096790493e-09,1.0021547734829633e-09,1.3620323566746891e-09,1.2518874552526349e-09,9.2388561562171733e-10,5.5793600570293056e-10,2.8764189311299548e-10,1.3398080983111774e-10
511,5.3519138893352972e-09,9.7151079990004901e-10,1.3204098708241542e-09,1.2137028077152194e-09,8.9583102065873137e-10,5.4116378055708795e-10,2.7917057718103111e-10,1.3012503249902433e-10
512,5.1893983420605068e-09,9.4180391939748855e-10,1.2800594088520481e-09,1.1766829155745338e-09,8.6862832801485197e-10,5.2489561353156977e-10,2.7094837948542004e-10,1.2637977720459439e-10
513,5.0318177215525041e-09,9.1300547384794590e-10,1.2409420940703842e-09,1.1407922481701378e-09,8.4225166893088804e-10,5.0911636030443898e-10,2.6296798590309066e-10,1.2274189032561848e-10
514,4.8790221744427849e-09,8.8508768160075475e-10,1.2030202380473557e-09,1.1059963587549997e-09,8.1667596017515240e-10,4.9381133143052295e-10,2.5522229667917748e-10,1.1920830775482206e-10
515,4.7308663977914756e-09,8.5802361067416425e-10,1.1662573042863352e-09,1.0722618514274285e-09,7.9187688019023129e-10,4.7896627868277032e-10,2.4770442015610586e-10,1.1577605237443980e-10
516,4.5872095009095866e-09,8.3178715276757376e-10,1.1306178730151544e-09,1.0395563490719023e-09,7.6783084596407938e-10,4.6456738180361009e-10,2.4040766668573752e-10,1.1244223160152832e-10
517,4.4479148713771550e-09,8.0635299806867424e-10,1.0960676070517201e-09,1.0078484622780086e-09,7.4451499060344288e-10,4.5060123565401086e-10,2.3332554271924490e-10,1.0920403500205299e-10
518,4.3128500451298638e-09,7.8169661083117703e-10,1.0625732187130656e-09,9.7710775920765517e-10,7.2190714158828699e-10,4.3705483774830287e-10,2.2645174506953818e-10,1.0605873197183847e-10
519,4.1818865804905946e-09,7.5779420569956427e-10,1.0301024377359389e-09,9.4730473638161551e-10,6.9998579968654434e-10,4.2391557616318903e-10,2.1978015534121842e-10,1.0300366948252454e-10
520,4.0548999360261171e-09,7.3462272475800400e-10,9.9862398017800178e-10,9.1841079035736192e-10,6.7873011850913817e-10,4.1117121780971522e-10,2.1330483452317557e-10,1.0003626989072093e-10
521,3.9317693521127741e-09,7.1215981528128034e-10,9.6810751826966595e-10,8.9039819027099062e-10,6.5811988468583226e-10,3.9880989705730705e-10,2.0702001773909444e-10,9.7154028808603448e-11
522,3.8123777360985252e-09,6.9038380816626545e-10,9.3852365118750577e-10,8.6324005121687370e-10,6.3813549864306174e-10,3.8682010469930870e-10,2.0092010915126675e-10,9.4354513034242993e-11
523,3.6966115509521455e-09,6.6927369702311547e-10,9.0984387672106758e-10,8.3691030843948168e-10,6.1875795596545888e-10,3.7519067724977470e-10,1.9499967701324201e-10,9.1635358540005349e-11
524,3.5843607072936911e-09,6.4880911790600879e-10,8.8204056380577559e-10,8.1138369231259117e-10,5.9996882932335448e-10,3.6391078656157376e-10,1.8925344886698118e-10,8.8994268517406103e-11
525,3.4755184587035468e-09,6.2897032966386407e-10,8.5508692589544705e-10,7.8663570408185824e-10,5.8175025094906543e-10,3.5296992975616274e-10,1.8367630688030043e-10,8.6429011476848863e-11
526,3.3699813002105154e-09,6.0973819489207529e-10,8.2895699514875815e-10,7.6264259234746519e-10,5.6408489564530559e-10,3.4235791945567533e-10,1.7826328332051732e-10,8.3937419400719001e-11
527,3.2676488698624015e-09,5.9109416146687598e-10,8.0362559740477376e-10,7.3938133026425972e-10,5.4695596430956140e-10,3.3206487430825506e-10,1.7300955616032914e-10,8.1517385948346522e-11
528,3.1684238532854846e-09,5.7302024464451283e-10,7.7906832792342003e-10,7.1682959343749630e-10,5.3034716795876303e-10,3.2208120979782998e-10,1.6791044481206918e-10,7.9166864711393301e-11
529,3.0722118911421379e-09,5.5549900970795202e-10,7.5526152786751755e-10,6.9496573849295569e-10,5.1424271223906185e-10,3.1239762932979352e-10,1.6296140598659781e-10,7.6883867518259259e-11
530,2.9789214893985703e-09,5.3851355514436757e-10,7.3218226150370401e-10,6.7376878230086831e-10,4.9862728240598152e-10,3.0300511558431043e-10,1.5815802967319636e-10,7.4666462786141506e-11
531,2.8884639323173669e-09,5.2204749633717818e-10,7.0980829410027111e-10,6.5321838183369146e-10,4.8348602876065922e-10,2.9389492212921605e-10,1.5349603523693385e-10,7.2512773919417140e-11
532,2.8007531980920939e-09,5.0608494975689120e-10,6.8811807050061093e-10,6.3329481463840269e-10,4.6880455252832911e-10,2.8505856528471786e-10,1.4897126763008339e-10,7.0420977753058369e-11
533,2.7157058770437199e-09,4.9061051763549777e-10,6.6709069435161925e-10,6.1397895990455980e-10,4.5456889216561792e-10,2.7648781623234131e-10,1.4457969371426108e-10,6.8389303039823332e-11
534,2.6332410923010932e-09,4.7560927310962621e-10,6.4670590796703429e-10,5.9525228010995093e-10,4.4076551008363057e-10,2.6817469336079080e-10,1.4031739869005940e-10,6.6416028980000986e-11
535,2.5532804228900019e-09,4.6106674581811587e-10,6.2694407280629847e-10,5.7709680322621006e-10,4.2738127977420212e-10,2.6011145484161271e-10,1.3618058263103975e-10,6.4499483792522691e-11
536,2.4757478291577241e-09,4.4696890794011148e-10,6.0778615055013326e-10,5.5949510546731651e-10,4.1440347332707142e-10,2.5229059142776622e-10,1.3216555711904040e-10,6.2638043326284938e-11
537,2.4005695804621159e-09,4.3330216066020262e-10,5.8921368475457918e-10,5.4243029456441199e-10,4.0181974932610721e-10,2.4470481946840908e-10,1.2826874197784487e-10,6.0830129710560724e-11
538,2.3276741850564807e-09,4.2005332104754594e-10,5.7120878306582157e-10,5.2588599355087901e-10,3.8961814111307577e-10,2.3734707413340972e-10,1.2448666210234153e-10,5.9074210043407553e-11
539,2.2569923221035576e-09,4.0720960933630745e-10,5.5375409997865961e-10,5.0984632504211199e-10,3.7778704540778946e-10,2.3021050284129088e-10,1.2081594438038825e-10,5.7368795117010036e-11
540,2.1884567757539498e-09,3.9475863659514849e-10,5.3683282012199802e-10,4.9429589599488668e-10,3.6631521127381440e-10,2.2328845888449850e-10,1.1725331470467834e-10,5.5712438178925253e-11
541,2.1220023712263316e-09,3.8268839277385569e-10,5.2042864205525211e-10,4.7921978293169857e-10,3.5519172941924419e-10,2.1657449524607302e-10,1.1379559507198111e-10,5.4103733728226885e-11
542,2.0575659128286286e-09,3.7098723511557876e-10,5.0452576256004805e-10,4.6460351761587873e-10,3.4440602182236503e-10,2.1006235860197829e-10,1.1043970076720794e-10,5.2541316345572269e-11
543,1.9950861238612436e-09,3.5964387692349266e-10,4.8910886141207658e-10,4.5043307316374094e-10,3.3394783167234643e-10,2.0374598350351488e-10,1.0718263762982850e-10,5.1023859556243568e-11
544,1.9345035883451664e-09,3.4864737667104300e-10,4.7416308661842492e-10,4.3669485058041936e-10,3.2380721361539177e-10,1.9761948673441299e-10,1.0402149940023413e-10,4.9550074725240532e-11
545,1.8757606945195715e-09,3.3798712744526558e-10,4.5967404010615460e-10,4.2337566570647497e-10,3.1397452429707298e-10,1.9167716183736102e-10,1.0095346514371470e-10,4.8118709983527793e-11
546,1.8188015800551496e-09,3.2765284671299133e-10,4.4562776384833423e-10,4.1046273656273539e-10,3.0444041319185543e-10,1.8591347380488408e-10,9.7975796749784383e-11,4.6728549184564615e-11
547,1.7635720789310913e-09,3.1763456640006087e-10,4.3201072641415228e-10,3.9794367108122038e-10,2.9519581371109259e-10,1.8032305392963937e-10,9.5085836504656279e-11,4.5378410890269428e-11
548,1.7100196699251956e-09,3.0792262327397393e-10,4.1880980993014827e-10,3.8580645521037122e-10,2.8623193458103384e-10,1.7490069480934271e-10,9.2281004734731005e-11,4.4067147385594537e-11
549,1.6580934266681210e-09,2.9850764962069319e-10,4.0601229743999397e-10,3.7403944138316631e-10,2.7754025148264699e-10,1.6964134550168472e-10,8.9558797519026155e-11,4.2793643720909680e-11
550,1.6077439692142828e-09,2.8938056420660322e-10,3.9360586065064167e-10,3.6263133733705000e-10,2.6911249894530448e-10,1.6454010682473433e-10,8.6916784468533918e-11,4.1556816781415223e-11
551,1.5589234170833433e-09,2.8053256351690447e-10,3.8157854805302978e-10,3.5157119527494140e-10,2.6094066248662535e-10,1.5959222679846203e-10,8.4352606570552484e-11,4.0355614382827496e-11
552,1.5115853437276368e-09,2.7195511326198545e-10,3.6991877340589462e-10,3.4084840135691801e-10,2.5301697099099739e-10,1.5479309622314703e-10,8.1863974096094640e-11,3.9189014392599592e-11
553,1.4656847323822343e-09,2.6363994014357624e-10,3.5861530457159057e-10,3.3045266551248338e-10,2.4533388931953246e-10,1.5013824439055855e-10,7.9448664568531134e-11,3.8056023875961890e-11
554,1.4211779332556548e-09,2.5557902387273869e-10,3.4765725269315679e-10,3.2037401156363991e-10,2.3788411114442668e-10,1.4562333492392630e-10,7.7104520791680744e-11,3.6955678266085915e-11
555,1.3780226220205229e-09,2.4776458943198826e-10,3.3703406170220015e-10,3.1060276764928332e-10,2.3066055200091178e-10,1.4124416174283325e-10,7.4829448935611202e-11,3.5887040557695013e-11
556,1.3361777595646898e-09,2.4018909957408201e-10,3.2673549814748235e-10,3.0112955694172610e-10,2.2365634255018980e-10,1.3699664514928073e-10,7.2621416678464984e-11,3.4849200523463684e-11
557,1.2956035529645492e-09,2.3284524755023261e-10,3.1675164133440578e-10,2.9194528864643713e-10,2.1686482204694505e-10,1.3287682803128841e-10,7.0478451402673955e-11,3.3841273952566208e-11
558,1.2562614176434334e-09,2.2572595006073137e-10,3.0707287376589806e-10,2.8304114927635680e-10,2.1027953200522030e-10,1.2888087218050038e-10,6.8398638443973742e-11,3.2862401910752596e-11
559,1.2181139406790986e-09,2.1882434042117728e-10,2.9768987187547805e-10,2.7440859419241037e-10,2.0389421005663441e-10,1.2500505472037530e-10,6.6380119391675958e-11,3.1911750021347410e-11
560,1.1811248452254170e-09,2.1213376193771750e-10,2.8859359704357625e-10,2.6603933940209860e-10,1.9770278399510082e-10,1.2124576464163977e-10,6.4421090438700205e-11,3.0988507766583854e-11
561,1.1452589560144279e-09,2.0564776148490584e-10,2.7977528688844680e-10,2.5792535360829193e-10,1.9169936600238293e-10,1.1759949944178612e-10,6.2519800779912496e-11,3.0091887808701747e-11
562,1.1104821659059550e-09,1.9936008327998236e-10,2.7122644682328137e-10,2.5005885050059359e-10,1.8587824704899557e-10,1.1406286186548953e-10,6.0674551057358428e-11,2.9221125330254186e-11
563,1.0767614034529724e-09,1.9326466284756565e-10,2.6293884187138506e-10,2.4243228128187330e-10,1.8023389146512855e-10,1.1063255674291597e-10,5.8883691851020965e-11,2.8375477393082854e-11
564,1.0440646014518739e-09,1.8735562116893392e-10,2.5490448873152682e-10,2.3503832742279421e-10,1.7476093167642808e-10,1.0730538792298115e-10,5.7145622213772406e-11,2.7554222315437218e-11
565,1.0123606664477447e-09,1.8162725901024913e-10,2.4711564808581770e-10,2.2786989363737996e-10,1.6945416309963142e-10,1.0407825529871012e-10,5.5458788249228969e-11,2.6756659066727523e-11
566,9.8161944916563077e-10,1.7607405142425009e-10,2.3956481714270275e-10,2.2092010107287557e-10,1.6430853919319976e-10,1.0094815192193273e-10,5.3821681731254302e-11,2.5982106679415450e-11
567,9.5181171583968607e-10,1.7069064242010997e-10,2.3224472240787998e-10,2.1418228070736635e-10,1.5931916665824295e-10,9.7912161204631935e-11,5.2232838763894401e-11,2.5229903677560479e-11
568,9.2290912041294043e-10,1.6547183979631337e-10,2.2514831267617946e-10,2.0764996694881535e-10,1.5448130078517250e-10,9.4967454204344385e-11,5.0690838480562177e-11,2.4499407521553267e-11
569,8.9488417758124120e-10,1.6041261013156761e-10,2.1826875223764774e-10,2.0131689142937480e-10,1.4979034094165734e-10,9.2111286991088802e-11,4.9194301781324461e-11,2.3789994068580435e-11
570,8.6771023665574107e-10,1.5550807392891419e-10,2.1159941429129091e-10,1.9517697698901382e-10,1.4524182619759190e-10,8.9340998093374881e-11,4.7741890107177404e-11,2.3101057048377990e-11
571,8.4136145621907464e-10,1.5075350090835435e-10,2.0513387456012785e-10,1.8922433184268644e-10,1.4083143108291596e-10,8.6654006020918278e-11,4.6332304250228968e-11,2.2432007553842836e-11
572,8.1581277955112194e-10,1.4614430544344723e-10,1.9886590510140093e-10,1.8345324392544115e-10,1.3655496147425154e-10,8.4047806861758452e-11,4.4964283198738714e-11,2.1782273546084011e-11
573,7.9103991080098949e-10,1.4167604213747524e-10,1.9278946830597782e-10,1.7785817541004204e-10,1.3240835060644638e-10,8.1519971951545585e-11,4.3636603015995606e-11,2.1151299373506862e-11
574,7.6701929188255124e-10,1.3734440153491008e-10,1.8689871108116279e-10,1.7243375739184009e-10,1.2838765520522969e-10,7.9068145612829552e-11,4.2348075752044367e-11,2.0538545304534796e-11
575,7.4372808007157584e-10,1.3314520596403893e-10,1.8118795921130956e-10,1.6717478473579026e-10,1.2448905173730362e-10,7.6690042962249210e-11,4.1097548387299946e-11,1.9943487073584295e-11
576,7.2114412628313603e-10,1.2907440550674051e-10,1.7565171189080248e-10,1.6207621108066923e-10,1.2070883277430391e-10,7.4383447783583152e-11,3.9883901807117229e-11,1.9365615439919593e-11
577,6.9924595400864618e-10,1.2512807409152185e-10,1.7028463642413600e-10,1.5713314399569694e-10,1.1704340346717186e-10,7.2146210464684374e-11,3.8706049806411020e-11,1.8804435759024006e-11
578,6.7801273889249100e-10,1.2130240570604484e-10,1.6508156308798556e-10,1.5234084028491255e-10,1.1348927812758546e-10,6.9976245996380766e-11,3.7562938123447026e-11,1.8259467566134844e-11
579,6.5742428892883251e-10,1.1759371072548914e-10,1.6003748015031804e-10,1.4769470143479731e-10,1.1004307691319792e-10,6.7871532031480465e-11,3.6453543501950751e-11,1.7730244171598885e-11
580,6.3746102525975374e-10,1.1399841235320727e-10,1.5514752904174159e-10,1.4319026920077392e-10,1.0670152261353210e-10,6.5830107002077824e-11,3.5376872780706002e-11,1.7216312267715018e-11
581,6.1810396355648675e-10,1.1051304317023835e-10,1.5040699967444162e-10,1.3882322132834571e-10,1.0346143753347400e-10,6.3850068293408813e-11,3.4331962009838591e-11,1.6717231546739795e-11
582,5.9933469596601529e-10,1.0713424179035030e-10,1.4581132590419128e-10,1.3458936740476801e-10,1.0031974047140174e-10,6.1929570472558238e-11,3.3317875593004723e-11,1.6232574329740951e-11
583,5.8113537360588261e-10,1.0385874961738305e-10,1.4135608113106374e-10,1.3048464483726939e-10,9.7273443789076170e-11,6.0066823570371587e-11,3.2333705454726095e-11,1.5761925205992667e-11
584,5.6348868959056373e-10,1.0068340770176409e-10,1.3703697403460644e-10,1.2650511495396183e-10,9.4319650570507007e-11,5.8260091414973593e-11,3.1378570232135916e-11,1.5304880682614881e-11
585,5.4637786257325250e-10,9.7605153693162464e-11,1.3284984443936678e-10,1.2264695922369765e-10,9.1455551867092294e-11,5.6507690015344328e-11,3.0451614490421527e-11,1.4861048844167469e-11
586,5.2978662078741962e-10,9.4621018886341706e-11,1.2879065930678581e-10,1.1890647559124303e-10,8.8678424026411740e-11,5.4807985993449179e-11,2.9552007961270215e-11,1.4430049021917997e-11
587,5.1369918657296157e-10,9.1728125357360119e-11,1.2485550884959645e-10,1.1528007492425149e-10,8.5985626102133542e-11,5.3159395063465077e-11,2.8678944803644981e-11,1.4011511472509855e-11
588,4.9810026137222634e-10,8.8923683187356061e-11,1.2104060276498260e-10,1.1176427756862571e-10,8.3374597342571632e-11,5.1560380556688430e-11,2.7831642886236824e-11,1.3605077065765097e-11
589,4.8297501118164935e-10,8.6204987771238827e-11,1.1734226658286825e-10,1.0835571000896124e-10,8.0842854755505162e-11,5.0009451990753055e-11,2.7009343090959004e-11,1.3210396981363841e-11
590,4.6830905244516100e-10,8.3569417208688397e-11,1.1375693812581787e-10,1.0505110163086624e-10,7.8387990746944161e-11,4.8505163681827552e-11,2.6211308636867380e-11,1.2827132414149310e-11
591,4.5408843837595480e-10,8.1014429774946746e-11,1.1028116407713687e-10,1.0184728158204967e-10,7.6007670831596533e-11,4.7046113398501324e-11,2.5436824423908994e-11,1.2454954287814631e-11
592,4.4029964569360727e-10,7.8537561468960318e-11,1.0691159665386446e-10,9.8741175729164181e-11,7.3699631412858292e-11,4.5630941056107372e-11,2.4685196395918303e-11,1.2093542976734345e-11
593,4.2692956176393525e-10,7.6136423636507460e-11,1.0364499038145288e-10,9.5729803707482716e-11,7.1461677630216575e-11,4.4258327450267541e-11,2.3955750922297739e-11,1.1742588035710323e-11
594,4.1396547212936396e-10,7.3808700666018016e-11,1.0047819896702499e-10,9.2810276060577000e-11,6.9291681272018197e-11,4.2926993028482229e-11,2.3247834197835379e-11,1.1401787937408121e-11
595,4.0139504841794589e-10,7.1552147754861316e-11,9.7408172268197062e-11,8.9979791467251669e-11,6.7187578751618633e-11,4.1635696698622168e-11,2.2560811660128839e-11,1.1070849817266195e-11
596,3.8920633661953294e-10,6.9364588743947533e-11,9.4431953354545624e-11,8.7235634053072568e-11,6.5147369144987018e-11,4.0383234673213924e-11,2.1894067424099762e-11,1.0749489225666496e-11
597,3.7738774571795308e-10,6.7243914018552927e-11,9.1546675658886914e-11,8.4575170783908233e-11,6.3169112287901276e-11,3.9168439348444259e-11,2.1247003733098479e-11,1.0437429887160907e-11
598,3.6592803666838016e-10,6.5188078473343661e-11,8.8749560215623376e-11,8.1995848938982650e-11,6.1250926930923175e-11,3.7990178216840579e-11,2.0619040426112988e-11,1.0134403466553728e-11
599,3.5481631170941689e-10,6.3195099539634608e-11,8.6037912983496207e-11,7.9495193661013606e-11,5.9390988950399520e-11,3.6847352812616195e-11,2.0009614420610631e-11,9.8401493416460952e-12
600,3.4404200399972421e-10,6.1263055272979764e-11,8.3409122250164242e-11,7.7070805581085118e-11,5.7587529613787583e-11,3.5738897688699295e-11,1.9418179210554587e-11,9.5544143824536356e-12
601,3.3359486756934478e-10,5.9390082499249017e-11,8.0860656116107552e-11,7.4720358515973683e-11,5.5838833897655667e-11,3.4663779424494101e-11,1.8844204379150722e-11,9.2769527367140071e-12
602,3.2346496757616218e-10,5.7574375017402471e-11,7.8390060055431566e-11,7.2441597235718527e-11,5.4143238856758925e-11,3.3620995663451243e-11,1.8287175125893354e-11,9.0075256215060783e-12
603,3.1364267085823247e-10,5.5814181857228358e-11,7.5994954551221455e-11,7.0232335299292347e-11,5.2499132042639690e-11,3.2609574179552041e-11,1.7746591807491009e-11,8.7459011208075776e-12
604,3.0411863677300147e-10,5.4107805590363450e-11,7.3673032803167322e-11,6.8090452956295567e-11,5.0904949970248298e-11,3.1628571971838314e-11,1.7221969492265586e-11,8.4918539888228919e-12
605,2.9488380831469755e-10,5.2453600692966372e-11,7.1422058505252267e-11,6.6013895112659395e-11,4.9359176631126452e-11,3.0677074386145386e-11,1.6712837527630204e-11,8.2451654589174334e-12
606,2.8592940350145267e-10,5.0849971958463947e-11,6.9239863691360881e-11,6.4000669358405550e-11,4.7860342051738894e-11,2.9754194263221245e-11,1.6218739120262531e-11,8.0056230579996008e-12
607,2.7724690702396125e-10,4.9295372958839413e-11,6.7124346646733021e-11,6.2048844055569115e-11,4.6407020895582785e-11,2.8859071112439389e-11,1.5739230928601641e-11,7.7730204261958614e-12
608,2.6882806214773391e-10,4.7788304552977568e-11,6.5073469883249493e-11,6.0156546484449078e-11,4.4997831107745097e-11,2.7990870310336620e-11,1.5273882667307229e-11,7.5471571416687979e-12
609,2.6066486286124746e-10,4.6327313440627851e-11,6.3085258176599430e-11,5.8321961046407727e-11,4.3631432600619308e-11,2.7148782323230181e-11,1.4822276723330722e-11,7.3278385504322309e-12
610,2.5274954626252248e-10,4.4910990760590136e-11,6.1157796663437256e-11,5.6543327521493161e-11,4.2306525979531427e-11,2.6332021953190933e-11,1.4384007783257968e-11,7.1148756010216250e-12
611,2.4507458517688949e-10,4.3537970731770735e-11,5.9289228996696186e-11,5.4818939379212763e-11,4.1021851307063492e-11,2.5539827606671228e-11,1.3958682471593109e-11,6.9080846838819783e-12
612,2.3763268099892268e-10,4.2206929335797459e-11,5.7477755557280375e-11,5.3147142140836220e-11,3.9776186904899452e-11,2.4771460585106767e-11,1.3545918999663080e-11,6.7072874753393031e-12
613,2.3041675675173513e-10,4.0916583039922687e-11,5.5721631720412786e-11,5.1526331791656020e-11,3.8568348192054115e-11,2.4026204396832660e-11,1.3145346824831305e-11,6.5123107860255548e-12
614,2.2341995035703434e-10,3.9665687558982365e-11,5.4019166174967978e-11,4.9954953241681394e-11,3.7397186558380181e-11,2.3303364089673328e-11,1.2756606319718522e-11,6.3229864136305801e-12
615,2.1663560810953824e-10,3.8453036655216318e-11,5.2368719294170590e-11,4.8431498833288204e-11,3.6261588272282336e-11,2.2602265603585325e-11,1.2379348451137312e-11,6.1391509998581599e-12
616,2.1005727834954653e-10,3.7277460974792105e-11,5.0768701556089404e-11,4.6954506894392391e-11,3.5160473421599489e-11,2.1922255142750743e-11,1.2013234468455615e-11,5.9606458914667694e-12
617,2.0367870532764984e-10,3.6137826919909772e-11,4.9217572012405131e-11,4.5522560335758155e-11,3.4092794886648054e-11,2.1262698566536967e-11,1.1657935601112767e-11,5.7873170052789866e-12
618,1.9749382325574237e-10,3.5033035555399347e-11,4.7713836803976316e-11,4.4134285291094466e-11,3.3057537344449685e-11,2.0622980798756005e-11,1.1313132765019745e-11,5.6190146970467841e-12
619,1.9149675053868060e-10,3.3962021548756189e-11,4.6256047721773087e-11,4.2788349798634744e-11,3.2053716303196515e-11,2.0002505254673815e-11,1.0978516277583121e-11,5.4555936340631262e-12
620,1.8568178418110310e-10,3.2923752142591542e-11,4.4842800811792233e-11,4.1483462522934003e-11,3.1080377166035688e-11,1.9400693285236376e-11,1.0653785581099853e-11,5.2969126714133895e-12
621,1.8004339436409160e-10,3.1917226158506869e-11,4.3472735022609090e-11,4.0218371515656840e-11,3.0136594323282892e-11,1.8816983637995349e-11,1.0338648974277446e-11,5.1428347317631088e-12
622,1.7457621918651708e-10,3.0941473031431069e-11,4.2144530894263313e-11,3.8991863014166581e-11,2.9221470272201654e-11,1.8250831934231704e-11,1.0032823351641234e-11,4.9932266885815328e-12
623,1.6927505956606899e-10,2.9995551873488746e-11,4.0856909287215088e-11,3.7802760276762566e-11,2.8334134763511231e-11,1.7701710161790721e-11,9.7360339505974247e-12,4.8479592527032249e-12
624,1.6413487429511950e-10,2.9078550566496495e-11,3.9608630150147114e-11,3.6649922453447582e-11,2.7473743973811623e-11,1.7169106183156436e-11,9.4480141059274222e-12,4.7069068621328287e-12
625,1.5915077524672048e-10,2.8189584882211637e-11,3.8398491325424976e-11,3.5532243491141521e-11,2.6639479703138564e-11,1.6652523258307714e-11,9.1685050114954328e-12,4.5699475750006694e-12
626,1.5431802272617514e-10,2.7327797629484694e-11,3.7225327391065164e-11,3.4448651072290472e-11,2.5830548596885506e-11,1.6151479581911907e-11,8.8972554889577901e-12,4.4369629655795924e-12
627,1.4963202096376228e-10,2.6492357827492677e-11,3.6088008538094574e-11,3.3398105585852530e-11,2.5046181391352582e-11,1.5665507834425397e-11,8.6340217632686235e-12,4.3078380232758931e-12
628,1.4508831374432903e-10,2.5682459904255741e-11,3.4985439482220096e-11,3.2379599129672623e-11,2.4285632182205141e-11,1.5194154746683297e-11,8.3785672447824480e-12,4.1824610545096871e-12
629,1.4068258016959401e-10,2.4897322919663807e-11,3.3916558408759502e-11,3.1392154543288785e-11,2.3548177715146181e-11,1.4736980677573018e-11,8.1306623177602283e-12,4.0607235874024829e-12
630,1.3641063054913219e-10,2.4136189812263697e-11,3.2880335949817053e-11,3.0434824470241610e-11,2.2833116698128180e-11,1.4293559204398658e-11,7.8900841350909514e-12,3.9425202791920187e-12
631,1.3226840241613352e-10,2.3398326669080026e-11,3.1875774192718343e-11,2.9506690448986876e-11,2.2139769134450130e-11,1.3863476725555042e-11,7.6566164190464355e-12,3.8277488262966975e-12
632,1.2825195666414687e-10,2.2683022017765470e-11,3.0901905718748975e-11,2.8606862031538726e-11,2.1467475676105752e-11,1.3446332075141496e-11,7.4300492678922719e-12,3.7163098769541692e-12
633,1.2435747380113420e-10,2.1989586140397478e-11,2.9957792671270881e-11,2.7734475928997482e-11,2.0815596996767776e-11,1.3041736149156730e-11,7.2101789681831182e-12,3.6081069463607150e-12
634,1.2058125031727481e-10,2.1317350408259520e-11,2.9042525852318367e-11,2.6888695183142117e-11,2.0183513183812179e-11,1.2649311542926930e-11,6.9968078125755201e-12,3.5030463342401992e-12
635,1.1691969516306372e-10,2.0665666636964958e-11,2.8155223846803513e-11,2.6068708363292007e-11,1.9570623148804077e-11,1.2268692199429510e-11,6.7897439229963068e-12,3.4010370447733528e-12
636,1.1336932633435556e-10,2.0033906461301551e-11,2.7295032173487039e-11,2.5273728787667378e-11,1.8976344055884760e-11,1.1899523068185251e-11,6.5888010790094609e-12,3.3019907088201184e-12
637,1.0992676756110712e-10,1.9421460729193439e-11,2.6461122461896649e-11,2.4502993768500955e-11,1.8400110767516260e-11,1.1541459774401308e-11,6.3937985512288023e-12,3.2058215083696980e-12
638,1.0658874509666865e-10,1.8827738914195910e-11,2.5652691654399726e-11,2.3755763880176350e-11,1.7841375307056347e-11,1.1194168298057091e-11,6.2045609396284489e-12,3.1124461031547932e-12
639,1.0335208460457148e-10,1.8252168545956277e-11,2.4868961232661697e-11,2.3031322249690685e-11,1.7299606337652922e-11,1.0857324662634328e-11,6.0209180166072686e-12,3.0217835593683266e-12
640,1.0021370813985078e-10,1.7694194658091302e-11,2.4109176467744681e-11,2.2328973868760569e-11,1.6774288656962214e-11,1.0530614633201557e-11,5.8427045746677698e-12,2.9337552804226955e-12
641,9.7170631222033237e-11,1.7153279252948622e-11,2.3372605693123946e-11,2.1648044926911064e-11,1.6264922707210355e-11,1.0213733423571991e-11,5.6697602785739708e-12,2.8482849396932909e-12
642,9.4219959997006047e-11,1.6628900782735794e-11,2.2658539599921685e-11,2.0987882164907659e-11,1.5771024100132308e-11,9.9063854122621597e-12,5.5019295218567600e-12,2.7652984151896838e-12
643,9.1358888485068210e-11,1.6120553646516422e-11,2.1966290553679185e-11,2.0347852247910644e-11,1.5292123156336455e-11,9.6082838669869093e-12,5.3390612875391093e-12,2.6847237260994794e-12
644,8.8584695912547030e-11,1.5627747702588061e-11,2.1295191932009001e-11,1.9727341157750228e-11,1.4827764458656793e-11,9.3191506774343020e-12,5.1810090129572465e-12,2.6064909711513943e-12
645,8.5894744124442679e-11,1.5150007795771613e-11,2.0644597482489065e-11,1.9125753603739245e-11,1.4377506419067988e-11,9.0387160960716068e-12,5.0276304585575024e-12,2.5305322687456614e-12
646,8.3286475075639830e-11,1.4686873299156073e-11,2.0013880700180036e-11,1.8542512451457782e-11,1.3940920858751404e-11,8.7667184867411316e-12,4.8787875805521226e-12,2.4567816988012737e-12
647,8.0757408398300885e-11,1.4237897669856608e-11,1.9402434224166174e-11,1.7977058168961686e-11,1.3517592600912818e-11,8.5029040808118065e-12,4.7343464073206957e-12,2.3851752462711003e-12
648,7.8305139043127598e-11,1.3802648018357431e-11,1.8809669252538345e-11,1.7428848289883299e-11,1.3107119075964574e-11,8.2470267406595282e-12,4.5941769194472201e-12,2.3156507462772185e-12
649,7.5927334992247698e-11,1.3380704691024008e-11,1.8235014975255449e-11,1.6897356892909243e-11,1.2709109938696728e-11,7.9988477302560343e-12,4.4581529332860314e-12,2.2481478308202102e-12
650,7.3621735041551647e-11,1.2971660865381857e-11,1.7677918024337961e-11,1.6382074097135559e-11,1.2323186697073117e-11,7.7581354926527432e-12,4.3261519879529412e-12,2.1826078770174613e-12
651,7.1386146650370896e-11,1.2575122157771508e-11,1.7137841940863808e-11,1.5882505572816014e-11,1.1948982352299377e-11,7.5246654341523927e-12,4.1980552356410041e-12,2.1189739568267932e-12
652,6.9218443856452461e-11,1.2190706243001182e-11,1.6614266658253059e-11,1.5398172067033897e-11,1.1586141049820601e-11,7.2982197149675002e-12,4.0737473351632331e-12,2.0571907882129849e-12
653,6.7116565254246948e-11,1.1818042485630233e-11,1.6106688001343652e-11,1.4928608943842103e-11,1.1234317740916748e-11,7.0785870461707596e-12,3.9531163486274932e-12,1.9972046877159578e-12
654,6.5078512034587915e-11,1.1456771582527718e-11,1.5614617200775509e-11,1.4473365738430227e-11,1.0893177854574019e-11,6.8655624927483106e-12,3.8360536411515566e-12,1.9389635243805698e-12
655,6.3102346083897832e-11,1.1106545216361218e-11,1.5137580422215168e-11,1.4032005724890685e-11,1.0562396979320153e-11,6.6589472825725025e-12,3.7224537835290083e-12,1.8824166750090987e-12
656,6.1186188141113517e-11,1.0767025719681750e-11,1.4675118309967459e-11,1.3604105497169097e-11,1.0241660554721037e-11,6.4585486211162701e-12,3.6122144577593069e-12,1.8275149806986013e-12
657,5.9328216010577993e-11,1.0437885749280628e-11,1.4226785544534404e-11,1.3189254562796737e-11,9.9306635722453376e-12,6.2641795117366171e-12,3.5052363653578517e-12,1.7742107046264147e-12
658,5.7526662829199501e-11,1.0118807970504222e-11,1.3792150413695176e-11,1.2787054949015157e-11,9.6291102852126006e-12,6.0756585813598544e-12,3.4014231383643783e-12,1.7224574910481117e-12
659,5.5779815386229805e-11,9.8094847512220344e-12,1.3370794396693865e-11,1.2397120820914961e-11,9.3367139275490564e-12,5.8928099114062691e-12,3.3006812529703930e-12,1.6722103254732315e-12
660,5.4086012494063796e-11,9.5096178651529379e-12,1.2962311761134423e-11,1.2019078111222235e-11,9.0531964410836285e-12,5.7154628737967887e-12,3.2029199456886820e-12,1.6234254959850971e-12
661,5.2443643408511241e-11,9.2189182042633541e-12,1.2566309172194484e-11,1.1652564161377394e-11,8.7782882111248764e-12,5.5434519718889383e-12,3.1080511319902026e-12,1.5760605556719962e-12
662,5.0851146297038393e-11,8.9371054999599657e-12,1.2182405313781515e-11,1.1297227373561886e-11,8.5117278100673152e-12,5.3766166861939568e-12,3.0159893273358413e-12,1.5300742861379229e-12
663,4.9307006753522737e-11,8.6639080528080210e-12,1.1810230521266374e-11,1.0952726873338902e-11,8.2532617487834141e-12,5.2148013247313972e-12,2.9266515705326451e-12,1.4854266620619874e-12
664,4.7809756358108494e-11,8.3990624705144893e-12,1.1449426425440416e-11,1.0618732182584250e-11,8.0026442355647624e-12,5.0578548778818616e-12,2.8399573493462313e-12,1.4420788167764876e-12
665,4.6357971280793452e-11,8.1423134139233527e-12,1.1099645607353135e-11,1.0294922902393556e-11,7.7596369423831946e-12,4.9056308776027017e-12,2.7558285283030343e-12,1.3999930088344777e-12
666,4.4950270927419010e-11,7.8934133507780012e-12,1.0760551263697846e-11,9.9809884056614238e-12,7.5240087782496211e-12,4.7579872608755587e-12,2.6741892786180443e-12,1.3591325895385127e-12
667,4.3585316626775984e-11,7.6521223170132000e-12,1.0431816882423023e-11,9.6766275390375764e-12,7.2955356694550050e-12,4.6147862372585891e-12,2.5949660101855445e-12,1.3194619714030470e-12
668,4.2261810357577586e-11,7.4182076853464046e-12,1.0113125928256775e-11,9.3815483339739213e-12,7.0740003464845060e-12,4.4758941604200178e-12,2.5180873055722084e-12,1.2809465975237502e-12
669,4.0978493514088931e-11,7.1914439409451670e-12,9.8041715378415164e-12,9.0954677265852300e-12,6.8591921374021798e-12,4.3411814035333762e-12,2.4434838559536896e-12,1.2435529118277687e-12
670,3.9734145709239336e-11,6.9716124639542710e-12,9.5046562241851284e-12,8.8181112860545930e-12,6.6509067675097165e-12,4.2105222384183666e-12,2.3710883989375677e-12,1.2072483301796987e-12
671,3.8527583614079198e-11,6.7585013186728166e-12,9.2142915901438882e-12,8.5492129513230158e-12,6.4489461650887285e-12,4.0837947183148057e-12,2.3008356582171836e-12,1.1720012123187614e-12
672,3.7357659832477632e-11,6.5519050491778871e-12,8.9327980506611319e-12,8.2885147758104327e-12,6.2531182730418362e-12,3.9608805641804456e-12,2.2326622850025434e-12,1.1377808346033540e-12
673,3.6223261809991076e-11,6.3516244811976807e-12,8.6599045634940886e-12,8.0357666799231903e-12,6.0632368662534380e-12,3.8416650544067883e-12,2.1665068011760259e-12,1.1045573635398555e-12
674,3.5123310775864908e-11,6.1574665300429793e-12,8.3953483681694564e-12,7.7907262111104449e-12,5.8791213744964870e-12,3.7260369178501614e-12,2.1023095441221789e-12,1.0723018300732033e-12
675,3.4056760717162270e-11,5.9692440144116936e-12,8.1388747329162602e-12,7.5531583112392583e-12,5.7005967107168445e-12,3.6138882300784255e-12,2.0400126131823842e-12,1.0409861046174055e-12
676,3.3022597384044177e-11,5.7867754758869047e-12,7.8902367093321796e-12,7.3228350910651023e-12,5.5274931045319470e-12,3.5051143127366737e-12,1.9795598176865905e-12,1.0105828728047818e-12
677,3.2019837325255313e-11,5.6098850039542654e-12,7.6491948945470279e-12,7.0995356115813551e-12,5.3596459407854137e-12,3.3996136359381840e-12,1.9208966265157439e-12,9.8106561193332460e-13
678,3.1047526952898080e-11,5.4384020663699991e-12,7.4155172006542359e-12,6.8830456720379754e-12,5.1968956030041012e-12,3.2972877235897094e-12,1.8639701191498974e-12,9.5240856809216236e-13
679,3.0104741635605636e-11,5.2721613447158858e-12,7.1889786311882528e-12,6.6731576044259034e-12,5.0390873216087083e-12,3.1980410615629083e-12,1.8087289381582959e-12,9.2458673394567734e-13
680,2.9190584819251452e-11,5.1110025749825777e-12,6.9693610644325026e-12,6.4696700742299682e-12,4.8860710267336096e-12,3.1017810086263838e-12,1.7551232430890233e-12,8.9757582715738994e-13
681,2.8304187174359435e-11,4.9547703930275368e-12,6.7564530433492010e-12,6.2723878872591027e-12,4.7377012055159317e-12,3.0084177100553615e-12,1.7031046657170522e-12,8.7135226943525301e-13
682,2.7444705769403530e-11,4.8033141847584832e-12,6.5500495719285989e-12,6.0811218023684811e-12,4.5938367637181857e-12,2.9178640138385234e-12,1.6526262666107214e-12,8.4589316618053342e-13
683,2.6611323269210874e-11,4.6564879408978686e-12,6.3499519177615290e-12,5.8956883498938650e-12,4.4543408915528347e-12,2.8300353894039497e-12,1.6036424929778696e-12,8.2117628672295622e-13
684,2.5803247157706182e-11,4.5141501161882959e-12,6.1559674206450369e-12,5.7159096556239095e-12,4.3190809335812261e-12,2.7448498487884501e-12,1.5561091377539685e-12,7.9718004512529396e-13
685,2.5019708984258108e-11,4.3761634929030737e-12,5.9679093070367323e-12,5.5416132701415265e-12,4.1879282625631546e-12,2.6622278701768464e-12,1.5099832998957222e-12,7.7388348154105158e-13
686,2.4259963632910987e-11,4.2423950485302561e-12,5.7855965101791250e-12,5.3726320033705072e-12,4.0607581571370895e-12,2.5820923237399794e-12,1.4652233458446578e-12,7.5126624410937639e-13
687,2.3523288613807016e-11,4.1127158275025540e-12,5.6088534957206573e-12,5.2088037641686539e-12,3.9374496832147551e-12,2.5043683997023451e-12,1.4217888721262880e-12,7.2930857137176615e-13
688,2.2808983376124961e-11,3.9870008168493891e-12,5.4375100926654638e-12,5.0499714048134740e-12,3.8178855789772624e-12,2.4289835385723472e-12,1.3796406690514281e-12,7.0799127519559653e-13
689,2.2116368641882146e-11,3.8651288256511683e-12,5.2714013294890158e-12,4.8959825702312106e-12,3.7019521433634355e-12,2.3558673634701672e-12,1.3387406854872345e-12,6.8729572418991257e-13
690,2.1444785759966089e-11,3.7469823681794859e-12,5.1103672752617593e-12,4.7466895518245140e-12,3.5895391279442932e-12,2.2849516144901998e-12,1.2990519946664880e-12,6.6720382759934834e-13
691,2.0793596079781562e-11,3.6324475506105713e-12,4.9542528856277295e-12,4.6019491457585027e-12,3.4805396320808480e-12,2.2161700850369052e-12,1.2605387610045632e-12,6.4769801966244194e-13
692,2.0162180343917351e-11,3.5214139612026915e-12,4.8029078534897447e-12,4.4616225155691922e-12,3.3748500012655345e-12,2.1494585600747553e-12,1.2231662078944322e-12,6.2876124442100307e-13
693,1.9549938099255311e-11,3.4137745638315977e-12,4.6561864642573809e-12,4.3255750589624965e-12,3.2723697285505912e-12,2.0847547562347534e-12,1.1869005864509089e-12,6.1037694096757841e-13
694,1.8956287125961481e-11,3.3094255947813267e-12,4.5139474555182462e-12,4.1936762786759234e-12,3.1730013589696504e-12,2.0219982637217040e-12,1.1517091451762067e-12,5.9252902911842407e-13
695,1.8380662883816548e-11,3.2082664626908105e-12,4.3760538809974306e-12,4.0657996572790881e-12,3.0766503968616570e-12,1.9611304899681248e-12,1.1175601005196768e-12,5.7520189549975801e-13
696,1.7822517975358802e-11,3.1101996515597981e-12,4.2423729786740393e-12,3.9418225357928766e-12,2.9832252160089705e-12,1.9020946049822852e-12,1.0844226083054195e-12,5.5838038003541543e-13
697,1.7281321625329364e-11,3.0151306267205335e-12,4.1127760429277931e-12,3.8216259960107982e-12,2.8926369725042062e-12,1.8448354883394573e-12,1.0522667360022080e-12,5.4204976282436846e-13
698,1.6756559175924414e-11,2.9229677436845087e-12,3.9871383005925462e-12,3.7050947464095852e-12,2.8047995202629516e-12,1.7892996777669792e-12,1.0210634358109399e-12,5.2619575139690236e-13
699,1.6247731597374585e-11,2.8336221597763679e-12,3.8653387907973017e-12,3.5921170115395764e-12,2.7196293291020099e-12,1.7354353192752278e-12,9.9078451854553829e-13,5.1080446833856363e-13
700,1.5754355013386032e-11,2.7470077484697437e-12,3.7472602484790056e-12,3.4825844247887366e-12,2.6370454053052720e-12,1.6831921187880271e-12,9.6140262828394724e-13,4.9586243927130062e-13
701,1.5275960240991878e-11,2.6630410163423954e-12,3.6327889914548997e-12,3.3763919244174058e-12,2.5569692146016750e-12,1.6325212952274235e-12,9.3289121776654826e-13,4.8135658118152983e-13
702,1.4812092344376490e-11,2.5816410225705698e-12,3.5218148109456540e-12,3.2734376527640245e-12,2.4793246074820007e-12,1.5833755350091062e-12,9.0522452451998780e-13,4.6727419108514565e-13
703,1.4362310202248269e-11,2.5027293008849166e-12,3.4142308654438378e-12,3.1736228585251072e-12,2.4040377467834963e-12,1.5357089479060732e-12,8.7837754768505623e-13,4.5360293501978384e-13
704,1.3926186088349553e-11,2.4262297839127177e-12,3.3099335778254735e-12,3.0768518020156941e-12,2.3310370374734511e-12,1.4894770242394049e-12,8.5232602552788925e-13,4.4033083735492233e-13
705,1.3503305264704669e-11,2.3520687298334310e-12,3.2088225356056024e-12,2.9830316633193735e-12,2.2602530585649564e-12,1.4446365933562623e-12,8.2704641361436409e-13,4.2744627041067719e-13
706,1.3093265587219402e-11,2.2801746512768359e-12,3.1108003942417456e-12,2.8920724532397413e-12,2.1916184971001025e-12,1.4011457833564041e-12,8.0251586362816412e-13,4.1493794437640829e-13
707,1.2695677123256775e-11,2.2104782463951908e-12,3.0157727833921506e-12,2.8038869269678404e-12,2.1250680841378340e-12,1.3589639820296979e-12,7.7871220281355285e-13,4.0279489752050864e-13
708,1.2310161780825453e-11,2.1429123320429352e-12,2.9236482160385120e-12,2.7183905003827439e-12,2.0605385326855903e-12,1.3180517989682193e-12,7.5561391402445861e-13,3.9100648668299452e-13
709,1.1936352949028193e-11,2.0774117789994861e-12,2.8343380003856324e-12,2.6355011689049682e-12,1.9979684775157064e-12,1.2783710288176252e-12,7.3320011636201289e-13,3.7956237804275890e-13
710,1.1573895149428349e-11,2.0139134491726532e-12,2.7477561544531650e-12,2.5551394288248476e-12,1.9372984168093369e-12,1.2398846156335597e-12,7.1145054638320768e-13,3.6845253815157751e-13
711,1.1222443698003008e-11,1.9523561347221233e-12,2.6638193232771753e-12,2.4772282010303808e-12,1.8784706555724227e-12,1.2025566183098647e-12,6.9034553986385139e-13,3.5766722522718986e-13
712,1.0881664377361147e-11,1.8926804990442811e-12,2.5824466986417608e-12,2.4016927570613671e-12,1.8214292507698703e-12,1.1663521770463827e-12,6.6986601409949212e-13,3.4719698069799346e-13
713,1.0551233118915206e-11,1.8348290195614717e-12,2.5035599412634176e-12,2.3284606474188676e-12,1.7661199581257895e-12,1.1312374808250904e-12,6.4999345072846351e-13,3.3703262099210630e-13
714,1.0230835694703790e-11,1.7787459322605158e-12,2.4270831053532019e-12,2.2574616320612096e-12,1.7124901805391813e-12,1.0971797358642550e-12,6.3070987906166812e-13,3.2716522956375807e-13
715,9.9201674185724466e-12,1.7243771779269939e-12,2.3529425654840239e-12,2.1886276130198382e-12,1.6604889180660316e-12,1.0641471350212116e-12,6.1199785990417233e-13,3.1758614915017477e-13
716,9.6189328564283591e-12,1.6716703500234509e-12,2.2810669456926298e-12,2.1218925690703592e-12,1.6100667194202438e-12,1.0321088281152370e-12,5.9384046985412091e-13,3.0828697425231598e-13
717,9.3268455452933858e-12,1.6205746441612448e-12,2.2113870507479848e-12,2.0571924923960839e-12,1.5611756349472840e-12,1.0010348931428652e-12,5.7622128606490674e-13,2.9925954383301550e-13
718,9.0436277208883289e-12,1.5710408091173202e-12,2.1438357995198583e-12,1.9944653271833051e-12,1.5137691710258274e-12,9.7089630835881005e-13,5.5912437145694819e-13,2.9049593422626047e-13
719,8.7690100534893270e-12,1.5230210993486596e-12,2.0783481603834295e-12,1.9336509100893853e-12,1.4678022458540338e-12,9.4166492519647182e-13,5.4253426036582338e-13,2.8198845225152429e-13
720,8.5027313918051973e-12,1.4764692289586233e-12,2.0148610885976901e-12,1.8746909125265325e-12,1.4232311465784151e-12,9.1331344200278860e-13,5.2643594461390382e-13,2.7372962852724441e-13
721,8.2445385146321803e-12,1.4313403270707750e-12,1.9533134655973450e-12,1.8175287847058828e-12,1.3800134877245209e-12,8.8581537856294550e-13,5.1081485999300873e-13,2.6571221097770247e-13
722,7.9941858900498936e-12,1.3875908945671669e-12,1.8936460401397190e-12,1.7621097013881992e-12,1.3381081708899126e-12,8.5914505139119884e-13,4.9565687314596265e-13,2.5792915852773376e-13
723,7.7514354419295143e-12,1.3451787621493530e-12,1.8358013712499944e-12,1.7083805092891372e-12,1.2974753456610966e-12,8.3327754976477875e-13,4.8094826883530603e-13,2.5037363497984891e-13
724,7.5160563235321527e-12,1.3040630496816935e-12,1.7797237729098248e-12,1.6562896760886065e-12,1.2580763717172458e-12,8.0818871247853054e-13,4.6667573758774299e-13,2.4303900306850905e-13
725,7.2878246979820939e-12,1.2642041267777341e-12,1.7253592604360513e-12,1.6057872409953036e-12,1.2198737820846807e-12,7.8385510529862532e-13,4.5282636370325489e-13,2.3591881868644492e-13
726,7.0665235254061756e-12,1.2255635745916597e-12,1.6726554984978694e-12,1.5568247668189830e-12,1.1828312475071529e-12,7.6025399909432246e-13,4.3938761361812937e-13,2.2900682527805874e-13
727,6.8519423565368539e-12,1.1881041487779654e-12,1.6215617507223866e-12,1.5093552935044803e-12,1.1469135418980636e-12,7.3736334862739517e-13,4.2634732461147317e-13,2.2229694839508930e-13
728,6.6438771325827054e-12,1.1517897435836322e-12,1.5720288308400291e-12,1.4633332930829023e-12,1.1120865088417497e-12,7.1516177197944929e-13,4.1369369384508380e-13,2.1578329040985877e-13
729,6.4421299911760243e-12,1.1165853570381756e-12,1.5240090553227426e-12,1.4187146259967554e-12,1.0783170291119913e-12,6.9362853059795126e-13,4.0141526772685247e-13,2.0946012538155621e-13
730,6.2465090782129978e-12,1.0824570572079971e-12,1.4774561974693723e-12,1.3754564987571156e-12,1.0455729891768458e-12,6.7274350994236757e-13,3.8950093158815934e-13,2.0332189407114077e-13
731,6.0568283654075120e-12,1.0493719494824977e-12,1.4323254428939977e-12,1.3335174228922029e-12,1.0138232506598620e-12,6.5248720071236859e-13,3.7793989966600689e-13,1.9736319910057693e-13
732,5.8729074733851088e-12,1.0172981448604064e-12,1.3885733463743560e-12,1.2928571751479781e-12,9.8303762072863184e-13,6.3284068064059705e-13,3.6672170538090364e-13,1.9157880025223580e-13
733,5.6945715001488336e-12,9.8620472920573710e-13,1.3461577900187863e-12,1.2534367589025714e-12,9.5318682338251484e-13,6.1378559683302587e-13,3.5583619190177988e-13,1.8596360990441749e-13
734,5.5216508547538794e-12,9.5606173344372868e-13,1.3050379427114082e-12,1.2152183667575218e-12,9.2424247161224356e-13,5.9530414864044038e-13,3.4527350298947234e-13,1.8051268859906430e-13
735,5.3539810960328430e-12,9.2684010466802655e-13,1.2651742207964753e-12,1.1781653442699343e-12,8.9617704040491900e-13,5.7737907104507559e-13,3.3502407411056248e-13,1.7522124073784976e-13
736,5.1914027762182285e-12,8.9851167813124529e-13,1.2265282499640371e-12,1.1422421547907559e-12,8.6896384056874027e-13,5.5999361854691705e-13,3.2507862381359740e-13,1.7008461040293597e-13
737,5.0337612893134898e-12,8.7104915009189492e-13,1.1890628283001972e-12,1.1074143453754357e-12,8.4257699335256305e-13,5.4313154953464418e-13,3.1542814535995468e-13,1.6509827729880006e-13
738,4.8809067240684179e-12,8.4442605149149692e-13,1.1527418904663869e-12,1.0736485137342572e-12,8.1699140583616124e-13,5.2677711112663941e-13,3.0606389860184317e-13,1.6025785281163331e-13
739,4.7326937214190659e-12,8.1861672243649653e-13,1.1175304729731505e-12,1.0409122761906364e-12,7.9218274706778381e-13,5.1091502446793249e-13,2.9697740210014945e-13,1.5555907618291734e-13
740,4.5889813362566272e-12,7.9359628746036899e-13,1.0833946805149971e-12,1.0091742366166420e-12,7.6812742492631479e-13,4.9553047046936789e-13,2.8816042547505794e-13,1.5099781079387939e-13
741,4.4496329033938295e-12,7.6934063154206331e-13,1.0503016533338990e-12,9.7840395631593233e-13,7.4480256368603511e-13,4.8060907597569909e-13,2.7960498198257747e-13,1.4657004055762368e-13
742,4.3145159076013683e-12,7.4582637685765741e-13,1.0182195355800005e-12,9.4857192482520858e-13,7.2218598226264989e-13,4.6613690034971100e-13,2.7130332131031233e-13,1.4227186641582831e-13
743,4.1835018575908054e-12,7.2303086024280626e-13,9.8711744463906737e-13,9.1964953160617977e-13,7.0025617311989299e-13,4.5210042245986178e-13,2.6324792258601079e-13,1.3809950293698630e-13
744,4.0564661638240861e-12,7.0093211134425050e-13,9.5696544139713655e-13,8.9160903860086726e-13,6.7899228181665307e-13,4.3848652805930906e-13,2.5543148759261374e-13,1.3404927501325625e-13
745,3.9332880200334745e-12,6.7950883143931605e-13,9.2773450141372750e-13,8.6442355362392602e-13,6.5837408717516701e-13,4.2528249754455198e-13,2.4784693418371246e-13,1.3011761465307340e-13
746,3.8138502883392370e-12,6.5874037290298011e-13,8.9939648697585232e-13,8.3806700456644872e-13,6.3838198205142440e-13,4.1247599408227395e-13,2.4048738989350367e-13,1.2630105786675319e-13
747,3.6980393878558342e-12,6.3860671930270676e-13,8.7192412000591103e-13,8.1251411438650533e-13,6.1899695468949605e-13,4.0005505209331280e-13,2.3334618573550322e-13,1.2259624164239926e-13
748,3.5857451866806843e-12,6.1908846610185242e-13,8.4529095579737930e-13,7.8774037686242234e-13,6.0020057064205351e-13,3.8800806608302064e-13,2.2641685018445018e-13,1.1899990100950557e-13
749,3.4768608971627692e-12,6.0016680195303919e-13,8.1947135755299517e-13,7.6372203308553717e-13,5.8197495523988830e-13,3.7632377980759645e-13,2.1969310333599562e-13,1.1550886618771716e-13
750,3.3712829743515173e-12,5.8182349056345404e-13,7.9444047170092106e-13,7.4043604866987627e-13,5.6430277659376006e-13,3.6499127576628678e-13,2.1316885123893191e-13,1.1212005981828732e-13
751,3.2689110175293678e-12,5.6404085311458923e-13,7.7017420396511323e-13,7.1786009165688962e-13,5.4716722911240747e-13,3.5399996500965773e-13,2.0683818039486997e-13,1.0883049427584012e-13
752,3.1696476747343771e-12,5.4680175121946895e-13,7.4664919616684504e-13,6.9597251109404262e-13,5.3055201752105008e-13,3.4333957725443066e-13,2.0069535242042446e-13,1.0563726905811534e-13
753,3.0733985501820983e-12,5.3008957040093181e-13,7.2384280373505254e-13,6.7475231626671480e-13,5.1444134136518169e-13,3.3300015129566441e-13,1.9473479886711131e-13,1.0253756825144104e-13
754,2.9800721144986548e-12,5.1388820407503462e-13,7.0173307390383527e-13,6.5417915656347819e-13,4.9881987998492017e-13,3.2297202570734049e-13,1.8895111619430348e-13,9.9528658069742809e-14
755,2.8895796176796855e-12,4.9818203802413581e-13,6.8029872457611862e-13,6.3423330195543770e-13,4.8367277794562337e-13,3.1324582982267993e-13,1.8333906089072776e-13,9.6607884464962563e-14
756,2.8018350046923489e-12,4.8295593534468425e-13,6.5951912383312170e-13,6.1489562407090728e-13,4.6898563091091816e-13,3.0381247498577729e-13,1.7789354474011938e-13,9.3772670806821008e-14
757,2.7167548336401613e-12,4.6819522185520202e-13,6.3937427006990013e-13,5.9614757784726084e-13,4.5474447194470693e-13,2.9466314606639458e-13,1.7260963022677950e-13,9.1020515629917413e-14
758,2.6342581964128229e-12,4.5388567195038700e-13,6.1984477273782818e-13,5.7797118374235979e-13,4.4093575822912515e-13,2.8578929322999908e-13,1.6748252607690608e-13,8.8348990446217873e-14
759,2.5542666417455847e-12,4.4001349488769950e-13,6.0091183367547850e-13,5.6034901048848433e-13,4.2754635818582053e-13,2.7718262395536993e-13,1.6250758293169153e-13,8.5755737621040210e-14
760,2.4767041006149822e-12,4.2656532149320591e-13,5.8255722900992009e-13,5.4326415837222842e-13,4.1456353898830545e-13,2.6883509529232812e-13,1.5768028914829712e-13,8.3238468310697303e-14
761,2.4014968138999983e-12,4.1352819127386349e-13,5.6476329161100261e-13,5.2670024302431330e-13,4.0197495445350768e-13,2.6073890635236757e-13,1.5299626672492920e-13,8.0794960460014523e-14
762,2.3285732622398496e-12,4.0088953992381772e-13,5.4751289408173165e-13,5.1064137970376873e-13,3.8976863330100461e-13,2.5288649102518405e-13,1.4845126734635502e-13,7.8423056857987803e-14
763,2.2578640980217121e-12,3.8863718721266620e-13,5.3078943226835625e-13,4.9507216806140594e-13,3.7793296776877667e-13,2.4527051091430690e-13,1.4404116854630112e-13,7.6120663249899102e-14
764,2.1893020794336929e-12,3.7675932524401067e-13,5.1457680927428287e-13,4.7997767736796113e-13,3.6645670257465287e-13,2.3788384848524488e-13,1.3976196998328533e-13,7.3885746504254819e-14
765,2.1228220065203408e-12,3.6524450707297518e-13,4.9885941996242769e-13,4.6534343219273980e-13,3.5532892421295183e-13,2.3071960041975470e-13,1.3560978982653205e-13,7.1716332832959619e-14
766,2.0583606591798934e-12,3.5408163567171565e-13,4.8362213593107722e-13,4.5115539851902272e-13,3.4453905057613960e-13,2.2377107117003222e-13,1.3158086124872193e-13,6.9610506063183760e-14
767,1.9958567370442821e-12,3.4325995323228086e-13,4.6885029094879318e-13,4.3739997028291069e-13,3.3407682089163504e-13,2.1703176670681484e-13,1.2767152902242061e-13,6.7566405959427331e-14
768,1.9352508011847459e-12,3.3276903079651146e-13,4.5452966683433088e-13,4.2406395632269614e-13,3.2393228596419300e-13,2.1049538845556155e-13,1.2387824621712623e-13,6.5582226594326758e-14
769,1.8764852175875916e-12,3.2259875820297655e-13,4.4064647976797904e-13,4.1113456772623919e-13,3.1409579871458571e-13,2.0415582741505510e-13,1.2019757099396384e-13,6.3656214766792367e-14
770,1.8195041023463738e-12,3.1273933434125600e-13,4.2718736702113311e-13,3.9859940556421027e-13,3.0455800500558576e-13,1.9800715845293909e-13,1.1662616349514408e-13,6.1786668466105283e-14
771,1.7642532685183536e-12,3.0318125770417018e-13,4.1413937409132688e-13,3.8644644899743231e-13,2.9530983474652606e-13,1.9204363477286879e-13,1.1316078282538698e-13,5.9971935380642396e-14
772,1.7106801745947145e-12,2.9391531722884994e-13,4.0148994223033169e-13,3.7466404374691004e-13,2.8634249326797726e-13,1.8625968254811361e-13,1.0979828412259598e-13,5.8210411449936152e-14
773,1.6587338745355199e-12,2.8493258341781305e-13,3.8922689635331331e-13,3.6324089091548790e-13,2.7764745295834116e-13,1.8064989571660533e-13,1.0653561571514558e-13,5.6500539458813389e-14
774,1.6083649693219036e-12,2.7622439973148843e-13,3.7733843331740323e-13,3.5216603615041120e-13,2.6921644515440597e-13,1.7520903093257584e-13,1.0336981636322524e-13,5.4840807672393894e-14
775,1.5595255599794254e-12,2.6778237424388725e-13,3.6581311055839719e-13,3.4142885913639337e-13,2.6104145227815209e-13,1.6993200267007483e-13,1.0029801258175660e-13,5.3229748510764179e-14
776,1.5121692020279059e-12,2.5959837155337714e-13,3.5463983507463783e-13,3.3101906340910976e-13,2.5311470021233036e-13,1.6481387847379908e-13,9.7317416042475143e-14,5.1665937262176731e-14
777,1.4662508613144382e-12,2.5166450494075821e-13,3.4380785274747333e-13,3.2092666647934582e-13,2.4542865090756311e-13,1.5984987435280258e-13,9.4425321052837485e-14,5.0147990833657579e-14
778,1.4217268711875650e-12,2.4397312876708159e-13,3.3330673798800870e-13,3.1114199025832484e-13,2.3797599521393638e-13,1.5503535031278972e-13,9.1619102109485654e-14,4.8674566537938098e-14
779,1.3785548909719022e-12,2.3651683110387941e-13,3.2312638370017864e-13,3.0165565177503000e-13,2.3074964593026770e-13,1.5036580602282351e-13,8.8896211524065567e-14,4.7244360915657377e-14
780,1.3366938657037144e-12,2.2928842658870152e-13,3.1325699155047823e-13,2.9245855417661512e-13,2.2374273106443871e-13,1.4583687661240546e-13,8.6254177119262602e-14,4.5856108591812835e-14
781,1.2961039870891568e-12,2.2228094949906960e-13,3.0368906253498034e-13,2.8354187800327166e-13,2.1694858729838340e-13,1.4144432859500593e-13,8.3690599992979959e-14,4.4508581165465652e-14
782,1.2567466556480512e-12,2.1548764703817193e-13,2.9441338783455719e-13,2.7489707272917964e-13,2.1036075365151821e-13,1.3718405591424098e-13,8.1203152348646592e-14,4.3200586131736644e-14
783,1.2185844440072049e-12,2.0890197282582379e-13,2.8542103994949950e-13,2.6651584856142950e-13,2.0397296533658731e-13,1.3305207610900745e-13,7.8789575389701243e-14,4.1930965835156098e-14
784,1.1815810613083539e-12,2.0251758058841939e-13,2.7670336410499660e-13,2.5839016848904609e-13,1.9777914780208032e-13,1.2904452659399725e-13,7.6447677276356365e-14,4.0698596453457847e-14
785,1.1457013186968938e-12,1.9632831804179006e-13,2.6825196991920174e-13,2.5051224057448714e-13,1.9177341095555802e-13,1.2515766105212033e-13,7.4175331142801855e-14,3.9502387010934712e-14
786,1.1109110958585753e-12,1.9032822096107232e-13,2.6005872332585871e-13,2.4287451048022248e-13,1.8595004356239066e-13,1.2138784593547072e-13,7.1970473173062973e-14,3.8341278420497340e-14
787,1.0771773085723396e-12,1.8451150743186649e-13,2.5211573874371245e-13,2.3546965422322303e-13,1.8030350781458452e-13,1.1773155707156999e-13,6.9831100733779047e-14,3.7214242553603953e-14
788,1.0444678772484446e-12,1.7887257227714553e-13,2.4441537148516351e-13,2.2829057115041014e-13,1.7482843406453025e-13,1.1418537637172165e-13,6.7755270562221432e-14,3.6120281337251960e-14
789,1.0127516964219542e-12,1.7340598165453849e-13,2.3695021039685516e-13,2.2133037712832574e-13,1.6951961571866568e-13,1.1074598863840486e-13,6.5741097007917908e-14,3.5058425877246298e-14
790,9.8199860517258762e-13,1.6810646781878192e-13,2.2971307072510873e-13,2.1458239794049009e-13,1.6437200428619702e-13,1.0741017846872817e-13,6.3786750326299947e-14,3.4027735606981752e-14
791,9.5217935844279393e-13,1.6296892404428771e-13,2.2269698719933479e-13,2.0804016288611380e-13,1.5938070457817006e-13,1.0417482725105380e-13,6.1890455022835026e-14,3.3027297460998859e-14
792,9.2326559922677964e-13,1.5798839970293308e-13,2.1589520732676227e-13,2.0169739857402277e-13,1.5454097005232572e-13,1.0103691025198959e-13,6.0050488246152138e-14,3.2056225072594138e-14
793,8.9522983160403918e-13,1.5316009549232745e-13,2.0930118489202686e-13,1.9554802290584249e-13,1.4984819829931286e-13,9.7993493791030528e-14,5.8265178228712547e-14,3.1113657994786365e-14
794,8.6804539459174764e-13,1.4847935880995456e-13,2.0290857365536150e-13,1.8958613924267027e-13,1.4529792666596678e-13,9.5041732500212745e-14,5.6532902773620770e-14,3.0198760943960964e-14
795,8.4168643679114760e-13,1.4394167926873108e-13,1.9671122124331901e-13,1.8380603074963896e-13,1.4088582801149014e-13,9.2178866666223119e-14,5.4852087786211555e-14,2.9310723065533761e-14
796,8.1612789180382049e-13,1.3954268434965761e-13,1.9070316322614565e-13,1.7820215491294748e-13,1.3660770659250144e-13,8.9402219652483453e-14,5.3221205849089883e-14,2.8448757220995001e-14
797,7.9134545439446461e-13,1.3527813518737132e-13,1.8487861737610185e-13,1.7276913822409809e-13,1.3245949407303751e-13,8.6709195398804027e-14,5.1638774839339314e-14,2.7612099295712600e-14
798,7.6731555737751126e-13,1.3114392248453634e-13,1.7923197810120196e-13,1.6750177102624078e-13,1.2843724565571582e-13,8.4097275996272400e-14,5.0103356586652339e-14,2.6800007526891699e-14
799,7.4401534920559878e-13,1.2713606255113386e-13,1.7375781104901298e-13,1.6239500251768170e-13,1.2453713633037745e-13,8.1564019335114774e-14,4.8613555571172812e-14,2.6011761851105182e-14
800,7.2142267223859232e-13,1.2325069346483277e-13,1.6845084787531681e-13,1.5744393590776215e-13,1.2075545723664309e-13,7.9107056823334016e-14,4.7168017659876840e-14,2.5246663270826580e-14
801,6.9951604167248406e-13,1.1948407134873957e-13,1.6330598117259827e-13,1.5264382372046095e-13,1.1708861213692362e-13,7.6724091173995669e-14,4.5765428880352501e-14,2.4504033239413409e-14
802,6.7827462510813543e-13,1.1583256676293848e-13,1.5831825955347629e-13,1.4799006324121590e-13,1.1353311399653023e-13,7.4412894259096547e-14,4.4404514230872993e-14,2.3783213064004844e-14
803,6.5767822274043233e-13,1.1229266120634374e-13,1.5348288288434354e-13,1.4347819210259577e-13,1.1008558166763317e-13,7.2171305028012762e-14,4.3084036525690000e-14,2.3083563325813331e-14
804,6.3770724814901490e-13,1.0886094372549073e-13,1.4879519766462577e-13,1.3910388400458889e-13,1.0674273667391440e-13,6.9997227488584491e-14,4.1802795274506048e-14,2.2404463317304565e-14
805,6.1834270967231197e-13,1.0553410762699713e-13,1.4425069254721119e-13,1.3486294456540255e-13,1.0350140009285744e-13,6.7888628748953198e-14,4.0559625595115257e-14,2.1745310495775247e-14
806,5.9956619234717071e-13,1.0230894729052446e-13,1.3984499399573698e-13,1.3075130729879335e-13,1.0035848953270897e-13,6.5843537118323267e-14,3.9353397158231757e-14,2.1105519952851869e-14
807,5.8135984039690400e-13,9.9182355079167542e-14,1.3557386207455139e-13,1.2676502971406947e-13,9.7311016201237910e-14,6.3860040264875673e-14,3.8183013163554003e-14,2.0484523899447985e-14
808,5.6370634025110501e-13,9.6151318344293560e-14,1.3143318636729777e-13,1.2290028953502400e-13,9.4356082063503909e-14,6.1936283429113959e-14,3.7047409346141288e-14,1.9881771165730471e-14
809,5.4658890408107859e-13,9.3212916521942781e-14,1.2741898202019074e-13,1.1915338103417219e-13,9.1490877085932925e-14,6.0070467690975221e-14,3.5945553012206221e-14,1.9296726715658583e-14
810,5.2999125383523479e-13,9.0364318317992013e-14,1.2352738590617496e-13,1.1552071147877612e-13,8.8712676564078656e-14,5.8260848289087994e-14,3.4876442103452994e-14,1.8728871175672073e-14
811,5.1389760575926035e-13,8.7602778979367133e-14,1.1975465290627255e-13,1.1199879768524814e-13,8.6018838531528991e-14,5.6505732990608726e-14,3.3839104289117605e-14,1.8177700377117110e-14
812,4.9829265538634974e-13,8.4925637648674056e-14,1.1609715230453978e-13,1.0858426267862710e-13,8.3406801247493216e-14,5.4803480510114780e-14,3.2832596084890436e-14,1.7642724912010394e-14
813,4.8316156298322153e-13,8.2330314799697678e-14,1.1255136429316071e-13,1.0527383245392401e-13,8.0874080760680772e-14,5.3152498976078195e-14,3.1856001997926315e-14,1.7123469701753768e-14
814,4.6848993943807682e-13,7.9814309751296766e-14,1.0911387658431390e-13,1.0206433283622951e-13,7.8418268547155140e-14,5.1551244443488540e-14,3.0908433697170361e-14,1.6619473578422574e-14
815,4.5426383257708509e-13,7.7375198257298155e-14,1.0578138112554907e-13,9.8952686436572039e-14,7.6037029219916114e-14,4.9998219451236554e-14,2.9989029208251004e-14,1.6130288878262191e-14
816,4.4046971389637980e-13,7.5010630170066396e-14,1.0255067091551181e-13,9.5935909700606092e-14,7.3728098308032886e-14,4.8491971622911792e-14,2.9096952132213299e-14,1.5655481047037544e-14
817,4.2709446569694952e-13,7.2718327175497251e-14,9.9418636916950245e-14,9.3011110047300101e-14,7.1489280103215467e-14,4.7031092309708036e-14,2.8231390887387479e-14,1.5194628256890925e-14
818,4.1412536861018903e-13,7.0496080597250644e-14,9.6382265064031339e-14,9.0175483094878850e-14,6.9318445571776946e-14,4.5614215274169591e-14,2.7391557973708406e-14,1.4747321034373222e-14
819,4.0155008950224812e-13,6.8341749268107060e-14,9.3438633361085558e-14,8.7426309971359661e-14,6.7213530330000920e-14,4.4240015413549702e-14,2.6576689258821623e-14,1.4313161899323589e-14
820,3.8935666974567546e-13,6.6253257466394884e-14,9.0584909069986512e-14,8.4760954707102782e-14,6.5172532680988480e-14,4.2907207521589209e-14,2.5786043285331736e-14,1.3891765014281875e-14
821,3.7753351384720400e-13,6.4228592915499570e-14,8.7818345983457593e-14,8.2176861706874427e-14,6.3193511711118182e-14,4.1614545087559491e-14,2.5018900598567415e-14,1.3482755844127315e-14
822,3.6606937842086385e-13,6.2265804844526207e-14,8.5136281781680212e-14,7.9671553298998056e-14,6.1274585444308728e-14,4.0360819131448444e-14,2.4274563094256211e-14,1.3085770825645957e-14
823,3.5495336149593616e-13,6.0363002108245736e-14,8.2536135469658819e-14,7.7242627359242821e-14,5.9413929052328882e-14,3.9144857074202005e-14,2.3552353385520023e-14,1.2700457046737827e-14
824,3.4417489214958034e-13,5.8518351364512732e-14,8.0015404892874983e-14,7.4887755007169904e-14,5.7609773119453133e-14,3.7965521641966580e-14,2.2851614188619654e-14,1.2326471934983304e-14
825,3.3372372045427559e-13,5.6730075307397563e-14,7.7571664328839301e-14,7.2604678372727379e-14,5.5860401959812344e-14,3.6821709803309078e-14,2.2171707726893663e-14,1.1963482955296276e-14
826,3.2358990773051752e-13,5.4996450954329915e-14,7.5202562152221532e-14,7.0391208430950977e-14,5.4164151985839792e-14,3.5712351738422571e-14,2.1512015152353137e-14,1.1611167316399573e-14
827,3.1376381709549918e-13,5.3315807985602169e-14,7.2905818571311569e-14,6.8245222902694091e-14,5.2519410126260538e-14,3.4636409839354858e-14,2.0871935984410075e-14,1.1269211685865850e-14
828,3.0423610429879094e-13,5.1686527134632384e-14,7.0679223433631642e-14,6.6164664219373179e-14,5.0924612292120099e-14,3.3592877740326861e-14,2.0250887565232189e-14,1.0937311913474572e-14
829,2.9499770883630200e-13,5.0107038627434756e-14,6.8520634098587211e-14,6.4147537549776531e-14,4.9378241889393378e-14,3.2580779377234986e-14,1.9648304531232262e-14,1.0615172762642916e-14
830,2.8603984533407493e-13,4.8575820669793454e-14,6.6427973375108365e-14,6.2191908887043640e-14,4.7878828376759656e-14,3.1599168075459699e-14,1.9063638300214546e-14,1.0302507649695559e-14
831,2.7735399519371780e-13,4.7091397980681489e-14,6.4399227522295871e-14,6.0295903193980333e-14,4.6424945867171871e-14,3.0647125665128389e-14,1.8496356573714826e-14,9.9990383907450598e-15
832,2.6893189849153168e-13,4.5652340370510803e-14,6.2432444311147561e-14,5.8457702604930634e-14,4.5015211771890536e-14,2.9723761623006443e-14,1.7945942854084534e-14,9.7044949559611560e-15
833,2.6076554612362648e-13,4.4257261362843099e-14,6.0525731145498352e-14,5.6675544682480537e-14,4.3648285485692807e-14,2.8828212240215329e-14,1.7411895975882488e-14,9.4186152310138575e-15
834,2.5284717218955846e-13,4.2904816858232869e-14,5.8677253240365077e-14,5.4947720727321742e-14,4.2322867112006231e-14,2.7959639815000398e-14,1.6893729651150850e-14,9.1411447854812943e-15
835,2.4516924660724473e-13,4.1593703838914538e-14,5.6885231855942423e-14,5.3272574139654104e-14,4.1037696226754949e-14,2.7117231869794792e-14,1.6390972028164352e-14,8.8718366480195411e-15
836,2.3772446795213232e-13,4.0322659113085186e-14,5.5147942585549610e-14,5.1648498830555137e-14,3.9791550679742836e-14,2.6300200391848288e-14,1.5903165263253930e-14,8.6104510880973258e-15
837,2.3050575651381242e-13,3.9090458097572249e-14,5.3463713695879480e-14,5.0073937681792790e-14,3.8583245432433657e-14,2.5507781096711929e-14,1.5429865105317850e-14,8.3567554041044738e-15
838,2.2350624756347633e-13,3.7895913637713003e-14,5.1830924517952246e-14,4.8547381052604259e-14,3.7411631431023020e-14,2.4739232713890799e-14,1.4970640492644717e-14,8.1105237176482984e-15
839,2.1671928482581109e-13,3.6737874863308032e-14,5.0248003887224710e-14,4.7067365332008523e-14,3.6275594513730546e-14,2.3993836293997675e-14,1.4525073161683902e-14,7.8715367738576717e-15
840,2.1013841414912669e-13,3.5615226079546075e-14,4.8713428631353241e-14,4.5632471535264093e-14,3.5174054351273026e-14,2.3270894536760774e-14,1.4092757267409736e-14,7.6395817475197368e-15
841,2.0375737736769556e-13,3.4526885691831037e-14,4.7225722104154421e-14,4.4241323943125752e-14,3.4105963419511017e-14,2.2569731139257862e-14,1.3673299014936238e-14,7.4144520548792199e-15
842,1.9757010635046728e-13,3.3471805163474861e-14,4.5783452764352447e-14,4.2892588782595124e-14,3.3070306003292011e-14,2.1889690163768137e-14,1.3266316302049294e-14,7.1959471709353818e-15
843,1.9157071723049930e-13,3.2448968005251592e-14,4.4385232797744357e-14,4.1584972947899706e-14,3.2066097230542667e-14,2.1230135424651581e-14,1.2871438372333079e-14,6.9838724520763221e-15
844,1.8575350480961627e-13,3.1457388795838433e-14,4.3029716781457251e-14,4.0317222760473670e-14,3.1092382135691740e-14,2.0590449893683059e-14,1.2488305478577054e-14,6.7780389638950790e-15
845,1.8011293713297647e-13,3.0496112232199941e-14,4.1715600389011030e-14,3.9088122766750899e-14,3.0148234751533010e-14,1.9970035123285983e-14,1.2116568556159169e-14,6.5782633140364742e-15
846,1.7464365022838658e-13,2.9564212208999667e-14,4.0441619134940408e-14,3.7896494572617421e-14,2.9232757228664537e-14,1.9368310687126669e-14,1.1755888906109839e-14,6.3843674899280374e-15
847,1.6934044300536132e-13,2.8660790926152059e-14,3.9206547157767323e-14,3.6741195713405106e-14,2.8345078981666926e-14,1.8784713637547157e-14,1.1405937887570109e-14,6.1961787012526132e-15
848,1.6419827230907818e-13,2.7784978023654363e-14,3.8009196040152345e-14,3.5621118558342961e-14,2.7484355861208663e-14,1.8218697979329602e-14,1.1066396619365809e-14,6.0135292270244015e-15
849,1.5921224812452270e-13,2.6935929742864617e-14,3.6848413665089075e-14,3.4535189248415094e-14,2.6649769351291177e-14,1.7669734159300826e-14,1.0736955690427721e-14,5.8362562671341967e-15
850,1.5437762892626444e-13,2.6112828113417199e-14,3.5723083107040459e-14,3.3482366666606792e-14,2.5840525790870261e-14,1.7137308571300308e-14,1.0417314878795896e-14,5.6642017982335003e-15
851,1.4968981716944045e-13,2.5314880164992291e-14,3.4632121556949535e-14,3.2461641439550913e-14,2.5055855619113621e-14,1.6620923076049316e-14,1.0107182878953812e-14,5.4972124338309598e-15
852,1.4514435491765981e-13,2.4541317163179461e-14,3.3574479280089662e-14,3.1472034969617127e-14,2.4295012643576888e-14,1.6120094535472611e-14,9.8062770372457563e-15,5.3351392884783065e-15
853,1.4073691960366998e-13,2.3791393868698871e-14,3.2549138605751062e-14,3.0512598496515611e-14,2.3557273330602052e-14,1.5634354361037917e-14,9.5143230951380039e-15,5.1778378459264699e-15
854,1.3646331991875456e-13,2.3064387819265962e-14,3.1555112947790986e-14,2.9582412187515203e-14,2.2841936117263598e-14,1.5163248075691211e-14,9.2310549400915078e-15,5.0251678311360961e-15
855,1.3231949182695302e-13,2.2359598633407598e-14,3.0591445855104595e-14,2.8680584255403487e-14,2.2148320744207994e-14,1.4706334888978662e-14,8.9562143638206700e-15,4.8769930860300210e-15
856,1.2830149470031215e-13,2.1676347335558480e-14,2.9657210091102580e-14,2.7806250103342691e-14,2.1475767608752098e-14,1.4263187284958399e-14,8.6895508277193897e-15,4.7331814488785158e-15
857,1.2440550757149386e-13,2.1013975701787389e-14,2.8751506741309207e-14,2.6958571495801361e-14,2.0823637137625268e-14,1.3833390622517162e-14,8.4308212352421438e-15,4.5936046372113320e-15
858,1.2062782550017605e-13,2.0371845625522634e-14,2.7873464348221814e-14,2.6136735754766628e-14,2.0191309178758757e-14,1.3416542747718498e-14,8.1797897110340779e-15,4.4581381341536404e-15
859,1.1696485604979068e-13,1.9749338502665331e-14,2.7022238072598856e-14,2.5339954980466063e-14,1.9578182411543915e-14,1.3012253617820416e-14,7.9362273866101618e-15,4.3266610780859424e-15
860,1.1341311587124888e-13,1.9145854635497785e-14,2.6197008880369127e-14,2.4567465295851833e-14,1.8983673774998423e-14,1.2620144936611290e-14,7.6999121923894562e-15,4.1990561555309672e-15
861,1.0996922739040417e-13,1.8560812654812596e-14,2.5396982754379443e-14,2.3818526114122481e-14,1.8407217913296765e-14,1.2239849800723331e-14,7.4706286558961901e-15,4.0752094971733720e-15
862,1.0662991559610391e-13,1.7993648959705326e-14,2.4621389930221917e-14,2.3092419428579865e-14,1.7848266638137670e-14,1.1871012356593326e-14,7.2481677059450065e-15,3.9550105769208055e-15
863,1.0339200492577413e-13,1.7443817174490883e-14,2.3869484155405281e-14,2.2388449124140073e-14,1.7306288407437198e-14,1.1513287467750080e-14,7.0323264826330499e-15,3.8383521139175757e-15
864,1.0025241624557654e-13,1.6910787622220130e-14,2.3140541971156986e-14,2.1705940309838139e-14,1.6780767819851804e-14,1.1166340392117860e-14,6.8229081529668891e-15,3.7251299774247240e-15
865,9.7208163922265519e-14,1.6394046814289335e-14,2.2433862016164846e-14,2.1044238671686260e-14,1.6271205124650626e-14,1.0829846469034312e-14,6.6197217319573192e-15,3.6152430944828324e-15
866,9.4256352983960994e-14,1.5893096955650410e-14,2.1748764351587843e-14,2.0402709845264875e-14,1.5777115746470943e-14,1.0503490815690524e-14,6.4225819090200612e-15,3.5085933602763256e-15
867,9.1394176367136504e-14,1.5407455465145186e-14,2.1084589806686417e-14,1.9780738807444952e-14,1.5298029824504850e-14,1.0186968032709591e-14,6.2313088795251113e-15,3.4050855511203930e-15
868,8.8618912247205366e-14,1.4936654510501291e-14,2.0440699344442309e-14,1.9177729286657966e-14,1.4833491765678916e-14,9.8799819185886850e-15,6.0457281813422374e-15,3.3046272399939561e-15
869,8.5927921450165579e-14,1.4480240557541537e-14,1.9816473446557241e-14,1.8593103191148147e-14,1.4383059811401952e-14,9.5822451927378269e-15,5.8656705362345393e-15,3.2071287145443294e-15
870,8.3318644942842549e-14,1.4037773933172298e-14,1.9211311517238465e-14,1.8026300054658462e-14,1.3946305617468860e-14,9.2934792268566124e-15,5.6909716959564409e-15,3.1125028974914147e-15
871,8.0788601399342779e-14,1.3608828401729632e-14,1.8624631305197239e-14,1.7476776499018882e-14,1.3522813846721057e-14,9.0134137843979469e-15,5.5214722929166986e-15,3.0206652693613204e-15
872,7.8335384841404237e-14,1.3192990754274941e-14,1.8055868343303806e-14,1.6944005713121426e-14,1.3112181774076136e-14,8.7417867678753493e-15,5.3570176952711655e-15,2.9315337934814114e-15
873,7.5956662350399664e-14,1.2789860410444215e-14,1.7504475405359527e-14,1.6427476947782304e-14,1.2714018903551118e-14,8.4783439737777812e-15,5.1974578663140058e-15,2.8450288431707020e-15
874,7.3650171848816778e-14,1.2399049032467183e-14,1.6969921979463222e-14,1.5926695026006715e-14,1.2327946596915186e-14,8.2228388548629933e-15,5.0426472280400070e-15,2.7610731310614884e-15
875,7.1413719949106021e-14,1.2020180150984347e-14,1.6451693757464790e-14,1.5441179868186648e-14,1.1953597713618632e-14,7.9750322896072902e-15,4.8924445287543573e-15,2.6795916404899547e-15
876,6.9245179867849471e-14,1.1652888802301256e-14,1.5949292140014640e-14,1.4970466031776273e-14,1.1590616261655731e-14,7.7346923585963465e-15,4.7467127146099301e-15,2.6005115588953078e-15
877,6.7142489403268375e-14,1.1296821176730423e-14,1.5462233756732491e-14,1.4514102265003470e-14,1.1238657059029444e-14,7.5015941276481167e-15,4.6053188049556785e-15,2.5237622131687633e-15
878,6.5103648974145041e-14,1.0951634277681944e-14,1.4990050001033725e-14,1.4071651074189515e-14,1.0897385405496051e-14,7.2755194374651963e-15,4.4681337713831938e-15,2.4492750068954130e-15
879,6.3126719718294718e-14,1.0616995591174270e-14,1.4532286579165383e-14,1.3642688304261955e-14,1.0566476764277536e-14,7.0562566996201404e-15,4.3350324203617717e-15,2.3769833594336602e-15
880,6.1209821648779112e-14,1.0292582765446602e-14,1.4088503073017878e-14,1.3226802732058303e-14,1.0245616453439064e-14,6.8436006986830544e-15,4.2058932793556777e-15,2.3068226467785273e-15
881,5.9351131866107956e-14,9.9780833003641429e-15,1.3658272516291439e-14,1.2823595672030647e-14,9.9344993466380430e-15,6.6373524003066232e-15,4.0805984863203547e-15,2.2387301441567088e-15
882,5.7548882824728786e-14,9.6731942463168310e-15,1.3241180983609447e-14,1.2432680593972912e-14,9.6328295829602156e-15,6.4373187650892151e-15,3.9590336824774138e-15,2.1726449703027487e-15
883,5.5801360652156082e-14,9.3776219123214101e-15,1.2836827192183029e-14,1.2053682752404223e-14,9.3403202855668023e-15,6.2433125680421612e-15,3.8410879082712356e-15,2.1085080333672173e-15
884,5.4106903519141730e-14,9.0910815830454637e-15,1.2444822115643596e-14,1.1686238827252930e-14,9.0566932888852120e-15,6.0551522234925020e-15,3.7266535024128384e-15,2.0462619784091838e-15
885,5.2463900059336549e-14,8.8132972444807350e-15,1.2064788609671527e-14,1.1329996575496718e-14,8.7816788740838088e-15,5.8726616152575859e-15,3.6156260039195152e-15,1.9858511364266596e-15
886,5.0870787836940228e-14,8.5440013180013228e-15,1.1696361049060690e-14,1.0984614493424669e-14,8.5150155125792384e-15,5.6956699319328367e-15,3.5079040570613982e-15,1.9272214748800757e-15
887,4.9326051860882405e-14,8.2829344025504621e-15,1.1339184975869414e-14,1.0649761489197464e-14,8.2564496173323781e-15,5.5240115071387653e-15,3.4033893191287974e-15,1.8703205496651233e-15
888,4.7828223144121929e-14,8.0298450247074086e-15,1.0992916758319311e-14,1.0325116565391611e-14,8.0057353016963869e-15,5.3575256645779429e-15,3.3019863709366644e-15,1.8150974584926019e-15
889,4.6375877306694249e-14,7.7844893963935667e-15,1.0657223260113498e-14,1.0010368511223324e-14,7.7626341455875702e-15,5.1960565677571471e-15,3.2036026299850280e-15,1.7615027956341134e-15
890,4.4967633221178561e-14,7.5466311799843655e-15,1.0331781519856053e-14,9.7052156041568919e-15,7.5269149687566469e-15,5.0394530742342477e-15,3.1081482661966674e-15,1.7094886079936880e-15
891,4.3602151699296436e-14,7.3160412606004811e-15,1.0016278440264024e-14,9.4093653206113216e-15,7.2983536109448559e-15,4.8875685942536209e-15,3.0155361201555894e-15,1.6590083524665486e-15
892,4.2278134218393092e-14,7.0924975253589566e-15,9.7104104868729182e-15,9.1225340554878983e-15,7.0767327187157940e-15,4.7402609536379812e-15,2.9256816237721660e-15,1.6100168545473818e-15
893,4.0994321686590140e-14,6.8757846493715214e-15,9.4138833959456139e-15,8.8444468502496407e-15,6.8618415387602964e-15,4.5973922608085200e-15,2.8385027233029726e-15,1.5624702681515728e-15
894,3.9749493245435565e-14,6.6656938882838139e-15,9.1264118913035899e-15,8.5748371292918822e-15,6.6534757174778131e-15,4.4588287778090415e-15,2.7539198046555053e-15,1.5163260366139176e-15
895,3.8542465108912305e-14,6.4620228771556045e-15,8.8477194098078653e-15,8.3134464443512109e-15,6.4514371066436441e-15,4.3244407952135884e-15,2.6718556209100134e-15,1.4715428548303844e-15
896,3.7372089437701327e-14,6.2645754354881926e-15,8.5775378352254459e-15,8.0600242267075829e-15,6.2555335749772811e-15,4.1941025108006366e-15,2.5922352219927105e-15,1.4280806325094776e-15
897,3.6237253247628665e-14,6.0731613782110749e-15,8.3156072402251393e-15,7.8143275469420459e-15,6.0655788254326307e-15,4.0676919118804812e-15,2.5149858864365463e-15,1.3859004585007472e-15
898,3.5136877351258490e-14,5.8875963324457231e-15,8.0616756362543501e-15,7.5761208820196342e-15,5.8813922180363827e-15,3.9450906611658160e-15,2.4400370551676450e-15,1.3449645661689357e-15
899,3.4069915331625553e-14,5.7077015598699063e-15,7.8154987310561376e-15,7.3451758894741113e-15,5.7027985981060449e-15,3.8261839860788669e-15,2.3673202672573227e-15,1.3052362997831608e-15
900,3.3035352547131193e-14,5.5333037845113459e-15,7.5768396935931560e-15,7.1212711884779627e-15,5.5296281296842918e-15,3.7108605713916094e-15,2.2967690975813913e-15,1.2666800818914436e-15
901,3.2032205166656570e-14,5.3642350258047650e-15,7.3454689261521890e-15,6.9041921475877607e-15,5.3617161340312202e-15,3.5990124550987169e-15,2.2283190963301805e-15,1.2292613816517439e-15
902,3.1059519233975413e-14,5.2003324367514363e-15,7.1211638434099294e-15,6.6937306789612736e-15,5.1989029330209267e-15,3.4905349274259510e-15,2.1619077303143793e-15,1.1929466840915154e-15
903,3.0116369760576821e-14,5.0414381470252801e-15,6.9037086582473764e-15,6.4896850388490504e-15,5.0410336972934978e-15,3.3853264328795643e-15,2.0974743260134399e-15,1.1577034602686099e-15
904,2.9201859846035232e-14,4.8873991108742952e-15,6.6928941741066716e-15,6.2918596341691130e-15,4.8879582990179788e-15,3.2832884752451898e-15,2.0349600143148469e-15,1.1235001383071424e-15
905,2.8315119825091177e-14,4.7380669596707759e-15,6.4885175836905339e-15,6.1000648349792947e-15,4.7395311691263402e-15,3.1843255254474098e-15,1.9743076768941027e-15,1.0903060752827205e-15
906,2.7455306440631565e-14,4.5932978589681758e-15,6.2903822738105396e-15,5.9141167926673925e-15,4.5956111588826530e-15,3.0883449321838856e-15,1.9154618941867517e-15,1.0580915299321685e-15
907,2.6621602041783267e-14,4.4529523699269249e-15,6.0982976361963984e-15,5.7338372636847612e-15,4.4560614056558359e-15,2.9952568352505078e-15,1.8583688949052239e-15,1.0268276361636150e-15
908,2.5813213806357214e-14,4.3168953149756097e-15,5.9120788840841757e-15,5.5590534386543544e-15,4.3207492027683283e-15,2.9049740814765705e-15,1.8029765070546646e-15,9.9648637734351249e-16
909,2.5029372986903711e-14,4.1849956475780810e-15,5.7315468744068858e-15,5.3895977766893135e-15,4.1895458732969349e-15,2.8174121431913661e-15,1.7492341104032814e-15,9.6704056133784807e-16
910,2.4269334179661888e-14,4.0571263259809955e-15,5.5565279354163371e-15,5.2253078447632259e-15,4.0623266477058021e-15,2.7324890391460093e-15,1.6970925903640574e-15,9.3846379628545848e-16
911,2.3532374615708168e-14,3.9331641908201024e-15,5.3868536995703206e-15,5.0660261619780276e-15,3.9389705451951832e-15,2.6501252578165537e-15,1.6465042932459605e-15,9.1073046708201971e-16
912,2.2817793473629655e-14,3.8129898464673465e-15,5.2223609415243078e-15,4.9116000485802101e-15,3.8193602586531554e-15,2.5702436830167254e-15,1.5974229828340103e-15,8.8381571255389913e-16
913,2.2124911213068753e-14,3.6964875460044581e-15,5.0628914210717088e-15,4.7618814795805340e-15,3.7033820431008736e-15,2.4927695217507243e-15,1.5498037982587848e-15,8.5769540330166959e-16
914,2.1453068928505302e-14,3.5835450797121452e-15,4.9082917308815517e-15,4.6167269428369017e-15,3.5909256075252820e-15,2.4176302342386480e-15,1.5036032131170993e-15,8.3234612019367602e-16
915,2.0801627722661703e-14,3.4740536669674757e-15,4.7584131488870089e-15,4.4759973014642945e-15,3.4818840099964235e-15,2.3447554660491415e-15,1.4587789958067402e-15,8.0774513349061568e-16
916,2.0169968098935104e-14,3.3679078514452527e-15,4.6131114951827407e-15,4.3395576604398178e-15,3.3761535559695988e-15,2.2740769822758146e-15,1.4152901710392250e-15,7.8387038258265190e-16
917,1.9557489372278965e-14,3.2650053995223923e-15,4.4722469932932787e-15,4.2072772372749649e-15,3.2736336996756749e-15,2.2055286036958958e-15,1.3730969824956355e-15,7.6070045632111989e-16
918,1.8963609097973680e-14,3.1652472017874200e-15,4.3356841356789697e-15,4.0790292366310690e-15,3.1742269485057595e-15,2.1390461448514475e-15,1.3321608565916046e-15,7.3821457392740948e-16
919,1.8387762517743100e-14,3.0685371775601614e-15,4.2032915533500077e-15,3.9546907287577084e-15,3.0778387702993173e-15,2.0745673539952501e-15,1.2924443673185381e-15,7.1639256646211654e-16
920,1.7829402022690191e-14,2.9747821823296264e-15,4.0749418894630835e-15,3.8341425316375095e-15,2.9843775034475693e-15,2.0120318548452138e-15,1.2539112021291404e-15,6.9521485883804962e-16
921,1.7287996632541149e-14,2.8838919180208916e-15,3.9505116767789824e-15,3.7172690967243236e-15,2.8937542697266740e-15,1.9513810900928722e-15,1.2165261288362473e-15,6.7466245236115965e-16
922,1.6763031490702706e-14,2.7957788460045115e-15,3.8298812188632092e-15,3.6039583981652206e-15,2.8058828897778118e-15,1.8925582666131295e-15,1.1802549634948953e-15,6.5471690778392719e-16
923,1.6254007374652446e-14,2.7103581027646306e-15,3.7129344749152852e-15,3.4941018254000556e-15,2.7206798011537851e-15,1.8355083023240568e-15,1.1450645392384464e-15,6.3536032885618716e-16
924,1.5760440221196598e-14,2.6275474181445411e-15,3.5995589481158797e-15,3.3875940790356561e-15,2.6380639788542085e-15,1.7801777746470389e-15,1.1109226760404551e-15,6.1657534635882179e-16
925,1.5281860666143742e-14,2.5472670360908947e-15,3.4896455773843359e-15,3.2843330698947381e-15,2.5579568582737176e-15,1.7265148705190942e-15,1.0777981513747952e-15,5.9834510260616761e-16
926,1.4817813597956739e-14,2.4694396378202083e-15,3.3830886324423865e-15,3.1842198211427963e-15,2.4802822604899198e-15,1.6744693379106316e-15,1.0456606717473943e-15,5.8065323640340227e-16
927,1.4367857724958423e-14,2.3939902673336194e-15,3.2797856120830913e-15,3.0871583733990775e-15,2.4049663198200442e-15,1.6239924388033139e-15,1.0144808450736975e-15,5.6348386844557742e-16
928,1.3931565155679460e-14,2.3208462592081230e-15,3.1796371455470812e-15,2.9930556927406812e-15,2.3319374135773993e-15,1.5750369035840612e-15,9.8423015387676047e-16,5.4682158714535386e-16
929,1.3508520991949321e-14,2.2499371685947052e-15,3.0825468969111869e-15,2.9018215815115498e-15,2.2611260939608296e-15,1.5275568868125626e-15,9.5488092928161403e-16,5.3065143487687241e-16
930,1.3098322934343387e-14,2.1811947033559245e-15,2.9884214723974484e-15,2.8133685918508425e-15,2.1924650220124209e-15,1.4815079243209259e-15,9.2640632578225959e-16,5.1495889462356454e-16
931,1.2700580899611011e-14,2.1145526582775438e-15,2.8971703305132862e-15,2.7276119418577653e-15,2.1258889035806228e-15,1.4368468916053665e-15,8.9878029675836497e-16,4.9972987701806156e-16
932,1.2314916649720715e-14,2.0499468512908315e-15,2.8087056949363608e-15,2.6444694343124721e-15,2.0613344272279202e-15,1.3935319634710231e-15,8.7197757071940078e-16,4.8495070776270596e-16
933,1.1940963432169733e-14,1.9873150616440613e-15,2.7229424700602824e-15,2.5638613778751033e-15,1.9987402040239840e-15,1.3515225748921689e-15,8.4597362825462371e-16,4.7060811541951023e-16
934,1.1578365631215899e-14,1.9265969699636484e-15,2.6397981591198868e-15,2.4857105106874014e-15,1.9380467091670597e-15,1.3107793830512208e-15,8.2074467966795478e-16,4.5668921955872864e-16
935,1.1226778429700163e-14,1.8677341001471617e-15,2.5591927848172899e-15,2.4099419263036407e-15,1.8791962253780732e-15,1.2712642305210550e-15,7.9626764327741281e-16,4.4318151925552831e-16
936,1.0885867481138154e-14,1.8106697630322180e-15,2.4810488123723282e-15,2.3364830018798602e-15,1.8221327880136204e-15,1.2329401095561928e-15,7.7252012435938090e-16,4.3007288192455454e-16
937,1.0555308591769018e-14,1.7553490017869851e-15,2.4052910749233289e-15,2.2652633285525344e-15,1.7668021318456567e-15,1.1957711274594793e-15,7.4948039471855339e-16,4.1735153248247889e-16
938,1.0234787412259039e-14,1.7017185389696716e-15,2.3318467012064220e-15,2.1962146439399242e-15,1.7131516394572571e-15,1.1597224729918565e-15,7.2712737286499324e-16,4.0500604282891424e-16
939,9.9239991387670417e-15,1.6497267252059953e-15,2.2606450454437984e-15,2.1292707667013949e-15,1.6611302912053944e-15,1.1247603837938312e-15,7.0544060478026779e-16,3.9302532163635972e-16
940,9.6226482230871336e-15,1.5993234894351741e-15,2.1916176193734235e-15,2.0643675330919456e-15,1.6106886167031363e-15,1.0908521147881654e-15,6.8440024525517668e-16,3.8139860444011179e-16
941,9.3304480915932446e-15,1.5504602906765012e-15,2.1246980263548177e-15,2.0014427354511124e-15,1.5617786477751260e-15,1.0579659075342477e-15,6.6398703978209661e-16,3.7011544401934381e-16
942,9.0471208727181709e-15,1.5030900712700293e-15,2.0598218974874730e-15,1.9404360625672807e-15,1.5143538728416165e-15,1.0260709605054833e-15,6.4418230698547507e-16,3.5916570106081342e-16
943,8.7723971327079379e-15,1.4571672115463108e-15,1.9969268296804369e-15,1.8812890418602058e-15,1.4683691926876710e-15,9.9513740026191100e-16,6.2496792157449316e-16,3.4853953509690794e-16
944,8.5060156194002094e-15,1.4126474858815135e-15,1.9359523256134551e-15,1.8239449833263165e-15,1.4237808775754657e-15,9.6513625349108720e-16,6.0632629780239209e-16,3.3822739570997866e-16
945,8.2477230137831222e-15,1.3694880200955727e-15,1.8768397355319151e-15,1.7683489251930530e-15,1.3805465256589238e-15,9.3603941989108890e-16,5.8824037341741368e-16,3.2822001399515458e-16
946,7.9972736890982145e-15,1.3276472501523289e-15,1.8195322008195490e-15,1.7144475812301246e-15,1.3386250226611191e-15,9.0781964587028150e-16,5.7069359409076193e-16,3.1850839427404968e-16
947,7.7544294772584300e-15,1.2870848821218602e-15,1.7639745992946196e-15,1.6621892896671733e-15,1.2979765027761118e-15,8.8045049903924901e-16,5.5366989830741186e-16,3.0908380605200394e-16
948,7.5189594423590273e-15,1.2477618533664293e-15,1.7101134921769286e-15,1.6115239636688606e-15,1.2585623107580354e-15,8.5390634347103578e-16,5.3715370270602501e-16,2.9993777621171279e-16
949,7.2906396610660506e-15,1.2096402949126516e-15,1.6578970726746198e-15,1.5624030433198962e-15,1.2203449651613815e-15,8.2816231570656113e-16,5.2112988785463170e-16,2.9106208143630771e-16
950,7.0692530096734673e-15,1.1726834949736220e-15,1.6072751161413003e-15,1.5147794490739627e-15,1.1832881226975240e-15,8.0319430148276678e-16,5.0558378444913491e-16,2.8244874085515571e-16
951,6.8545889576265268e-15,1.1368558635858635e-15,1.5581989317555085e-15,1.4686075366219095e-15,1.1473565436735899e-15,7.7897891316173132e-16,4.9050115992208359e-16,2.7409000890584123e-16
952,6.6464433673149606e-15,1.1021228983270176e-15,1.5106213156760388e-15,1.4238430531359411e-15,1.1125160584808102e-15,7.5549346783964410e-16,4.7586820544952283e-16,2.6597836840598627e-16
953,6.4446182999456109e-15,1.0684511510812443e-15,1.4644965056280345e-15,1.3804430948478420e-15,1.0787335351004778e-15,7.3271596611516073e-16,4.6167152334410216e-16,2.5810652382875011e-16
954,6.2489218273099451e-15,1.0358081958203204e-15,1.4197801368761516e-15,1.3383660659205678e-15,1.0459768475966194e-15,7.1062507149728913e-16,4.4789811482296599e-16,2.5046739477603073e-16
955,6.0591678492673807e-15,1.0041625973693809e-15,1.3764291995424237e-15,1.2975716385737679e-15,1.0142148455654110e-15,6.8920009043353914e-16,4.3453536813929396e-16,2.4305410964356397e-16
956,5.8751759167709171e-15,9.7348388112721763e-16,1.3344019972277566e-15,1.2580207144250069e-15,9.8341732451229404e-16,6.6842095293966132e-16,4.2157104706669081e-16,2.3585999947228923e-16
957,5.6967710602667236e-15,9.4374250371195913e-16,1.2936581068972311e-15,1.2196753870096168e-15,9.5355499712860919e-16,6.4826819381285546e-16,4.0899327972594086e-16,2.2887859198051142e-16
958,5.5237836233045448e-15,9.1490982450384667e-16,1.2541583399906137e-15,1.1824989054432465e-15,9.2459946544044725e-16,6.2872293441087685e-16,3.9679054774395916e-16,2.2210360577155418e-16
959,5.3560491012006535e-15,8.8695807805769327e-16,1.2158647047206521e-15,1.1464556391922694e-15,8.9652319380321995e-16,6.0976686497999875e-16,3.8495167573507072e-16,2.1552894471174960e-16
960,5.1934079845999620e-15,8.5986034735844144e-16,1.1787403695228733e-15,1.1115110439182666e-15,8.6929948271627572e-16,5.9138222751530050e-16,3.7346582109503941e-16,2.0914869247376529e-16
961,5.0357056077884915e-15,8.3359053789405486e-16,1.1427496276217147e-15,1.0776316283638422e-15,8.4290244343265822e-16,5.7355179913724994e-16,3.6232246409855848e-16,2.0295710724041317e-16
962,4.8827920016119752e-15,8.0812335252076252e-16,1.1078578626788912e-15,1.0447849222480180e-15,8.1730697333986019e-16,5.5625887596903072e-16,3.5151139829118411e-16,1.9694861656422800e-16
963,4.7345217508607111e-15,7.8343426709643978e-16,1.0740315154909369e-15,1.0129394451404294e-15,7.9248873208816443e-16,5.3948725749953390e-16,3.4102272116696580e-16,1.9111781237824175e-16
964,4.5907538559850601e-15,7.5949950685865017e-16,1.0412380517038821e-15,9.8206467628447694e-16,7.6842411844386598e-16,5.2322123141738704e-16,3.3084682512328468e-16,1.8545944615351315e-16
965,4.4513515990100503e-15,7.3629602352458800e-16,1.0094459305139965e-15,9.5213102534049856e-16,7.4509024784536892e-16,5.0744555890183324e-16,3.2097438868466222e-16,1.7996842419910315e-16
966,4.3161824135216323e-15,7.1380147309086018e-16,9.7862457432447581e-16,9.2310980402091984e-16,7.2246493064081026e-16,4.9214546035670382e-16,3.1139636798754982e-16,1.7463980310031235e-16
967,4.1851177586008882e-15,6.9199419431171823e-16,9.4874433932887769e-16,8.9497319859017722e-16,7.0052665098651767e-16,4.7730660157413563e-16,3.0210398851834167e-16,1.6946878529111974e-16
968,4.0580329965863555e-15,6.7085318783500237e-16,9.1977648699300124e-16,8.6769424320305377e-16,6.7925454638623491e-16,4.6291508031509366e-16,2.9308873709708957e-16,1.6445071475688052e-16
969,3.9348072745482022e-15,6.5035809597570343e-16,8.9169315640776323e-16,8.4124679405586277e-16,6.5862838785165606e-16,4.4895741329414309e-16,2.8434235409961603e-16,1.5958107286345768e-16
970,3.8153234093615323e-15,6.3048918310764749e-16,8.6446733748647252e-16,8.1560550432569854e-16,6.3862856066540176e-16,4.3542052355629702e-16,2.7585682591094314e-16,1.5485547430907213e-16
971,3.6994677762695554e-15,6.1122731665441720e-16,8.3807284498071019e-16,7.9074579987372304e-16,6.1923604572814504e-16,4.2229172823413022e-16,2.6762437760316259e-16,1.5026966319526693e-16
972,3.5871302008306227e-15,5.9255394866119488e-16,8.1248429328980947e-16,7.6664385568919875e-16,6.0043240147214938e-16,4.0955872667370644e-16,2.5963746583107687e-16,1.4581950921348653e-16
973,3.4782038541463899e-15,5.7445109792977152e-16,7.8767707203970000e-16,7.4327657305167878e-16,5.8219974632401539e-16,3.9720958891821026e-16,2.5188877193914066e-16,1.4150100394387331e-16
974,3.3725851512714694e-15,5.5690133269951268e-16,7.6362732240761515e-16,7.2062155738946075e-16,5.6452074169996302e-16,3.8523274453851070e-16,2.4437119527342195e-16,1.3731025726298527e-16
975,3.2701736527079585e-15,5.3988775385759273e-16,7.4031191416988083e-16,6.9865709681307671e-16,5.4737857551747776e-16,3.7361697180020652e-16,2.3707784669249007e-16,1.3324349385723374e-16
976,3.1708719688911769e-15,5.2339397866232707e-16,7.1770842345070230e-16,6.7736214130323661e-16,5.3075694620763780e-16,3.6235138715701926e-16,2.3000204227131900e-16,1.2929704983893503e-16
977,3.0745856675757753e-15,5.0740412496391343e-16,6.9579511115053517e-16,6.5671628253327142e-16,5.1464004721292317e-16,3.5142543506070349e-16,2.2313729719246810e-16,1.2546736946196040e-16
978,2.9812231840341457e-15,4.9190279590738830e-16,6.7455090203328703e-16,6.3669973430673417e-16,4.9901255195576075e-16,3.4082887807794244e-16,2.1647731981897522e-16,1.2175100193405750e-16
979,2.8906957339817381e-15,4.7687506510305646e-16,6.5395536445222497e-16,6.1729331359139953e-16,4.8385959926351375e-16,3.3055178730498085e-16,2.1001600594356076e-16,1.1814459832300196e-16
980,2.8029172291464757e-15,4.6230646225010805e-16,6.3398869069508094e-16,5.9847842213148097e-16,4.6916677923605357e-16,3.2058453307102865e-16,2.0374743320890155e-16,1.1464490855382193e-16
981,2.7178041954019741e-15,4.4818295919957348e-16,6.1463167792944344e-16,5.8023702862043687e-16,4.5492011954247525e-16,3.1091777592173643e-16,1.9766585569389070e-16,1.1124877849441810e-16
982,2.6352756933867231e-15,4.3449095644318909e-16,5.9586570973009947e-16,5.6255165141727119e-16,4.4110607213392505e-16,3.0154245787430776e-16,1.9176569866094874e-16,1.0795314712698163e-16
983,2.5552532415337338e-15,4.2121727001515685e-16,5.7767273817055591e-16,5.4540534178976335e-16,4.2771150035990519e-16,2.9244979393606585e-16,1.8604155345959878e-16,1.0475504380268758e-16
984,2.4776607414374548e-15,4.0834911879417925e-16,5.6003526646150198e-16,5.2878166766855609e-16,4.1472366647580245e-16,2.8363126387853887e-16,1.8048817258166089e-16,1.0165158557721568e-16
985,2.4024244054869967e-15,3.9587411219353780e-16,5.4293633211951520e-16,5.1266469789653176e-16,4.0213021952976218e-16,2.7507860425936865e-16,1.7510046486355797e-16,9.8639974624722958e-17
986,2.3294726866968219e-15,3.8378023822735377e-16,5.2635949064981010e-16,4.9703898695837271e-16,3.8991918361738778e-16,2.6678380068457613e-16,1.6987349083136029e-16,9.5717495727961065e-17
987,2.2587362106682034e-15,3.7205585194153715e-16,5.1028879972733188e-16,4.8188956017566720e-16,3.7807894649309662e-16,2.5873908030394555e-16,1.6480245818432492e-16,9.2881513842300070e-17
988,2.1901477096167212e-15,3.6068966419827574e-16,4.9470880386097333e-16,4.6720189935336789e-16,3.6659824852730210e-16,2.5093690453250388e-16,1.5988271741281278e-16,9.0129471731485549e-17
989,2.1236419584030777e-15,3.4967073080326278e-16,4.7960451952616026e-16,4.5296192886383994e-16,3.5546617199891988e-16,2.4336996199128658e-16,1.5510975754658827e-16,8.7458887673019825e-17
990,2.0591557125063907e-15,3.3898844196518578e-16,4.6496142075149780e-16,4.3915600215516099e-16,3.4467213071301799e-16,2.3603116166078270e-16,1.5047920202962524e-16,8.4867353231119893e-17
991,1.9966276478809826e-15,3.2863251207732445e-16,4.5076542514561313e-16,4.2577088867073334e-16,3.3420585993373437e-16,2.2891362624065451e-16,1.4598680471765777e-16,8.2352531095265066e-17
992,1.9359983026394724e-15,3.1859296981141291e-16,4.3700288035074583e-16,4.1279376116767335e-16,3.2405740662289145e-16,2.2201068570951721e-16,1.4162844599482623e-16,7.9912152982405387e-17
993,1.8772100205067074e-15,3.0886014851422262e-16,4.2366055091005480e-16,4.0021218342181735e-16,3.1421711997502327e-16,2.1531587107875254e-16,1.3740012900587808e-16,7.7544017600958545e-17
994,1.8202068959907693e-15,2.9942467689761594e-16,4.1072560553600512e-16,3.8801409830755658e-16,3.0467564223981439e-16,2.0882290833451202e-16,1.3329797600048705e-16,7.5245988674778154e-17
995,1.7649347212189110e-15,2.9027747001310024e-16,3.9818560476758395e-16,3.7618781624107597e-16,2.9542389982322457e-16,2.0252571256224008e-16,1.2931822478635679e-16,7.3015993025329392e-17
996,1.7113409343878628e-15,2.8140972050218887e-16,3.8602848900447091e-16,3.6472200397591435e-16,2.8645309465883401e-16,1.9641838224821985e-16,1.2545722528787492e-16,7.0852018710359975e-17
997,1.6593745697794952e-15,2.7281289011414044e-16,3.7424256690664976e-16,3.5360567374010693e-16,2.7775469584120692e-16,1.9049519375280846e-16,1.2171143620717804e-16,6.8752113217404785e-17
998,1.6089862092942957e-15,2.6447870148290334e-16,3.6281650414829941e-16,3.4282817270449417e-16,2.6932043151331411e-16,1.8475059595019076e-16,1.1807742178458287e-16,6.6714381710510869e-17
999,1.5601279354565753e-15,2.5639913015534702e-16,3.5173931251514396e-16,3.3237917277210277e-16,2.6114228100030134e-16,1.7917920502963413e-16,1.1455184865542851e-16,6.4736985328617395e-17
1000,1.5127532858467146e-15,2.4856639686309754e-16,3.4100033933477239e-16,3.2224866067880722e-16,2.5321246718212340e-16,1.7377579945338061e-16,1.1113148280046252e-16,6.2818139534070910e-17
1001,1.4668172089171136e-15,2.4097296003053514e-16,3.3058925722975809e-16,3.1242692839578483e-16,2.4552344909778867e-16,1.6853531506645695e-16,1.0781318658698919e-16,6.0956112509800653e-17
1002,1.4222760211498261e-15,2.3361150851173466e-16,3.2049605418371814e-16,3.0290456382456009e-16,2.3806791477418321e-16,1.6345284035382650e-16,1.0459391589808071e-16,5.9149223603722756e-17
1003,1.3790873655151453e-15,2.2647495454935434e-16,3.1071102391075722e-16,2.9367244177572112e-16,2.3083877427265357e-16,1.5852361184044417e-16,1.0147071734723194e-16,5.7395841818983039e-17
1004,1.3372101711916261e-15,2.1955642694868793e-16,3.0122475651902693e-16,2.8472171522265723e-16,2.2382915294673571e-16,1.5374300962991013e-16,9.8440725575918180e-17,5.5694384348690205e-17
1005,1.2966046145092472e-15,2.1284926446030701e-16,2.9202812945942037e-16,2.7604380682193490e-16,2.1703238490461983e-16,1.4910655307754588e-16,9.5501160631589601e-17,5.4043315153829793e-17
1006,1.2572320810785663e-15,2.0634700936491640e-16,2.8311229875069209e-16,2.6763040069218161e-16,2.1044200667013246e-16,1.4460989659384469e-16,9.2649325423710366e-17,5.2441143583088550e-17
1007,1.2190551290698565e-15,2.0004340125424574e-16,2.7446869047256145e-16,2.5947343444359681e-16,2.0405175103620855e-16,1.4024882557436733e-16,8.9882603255521060e-17,5.0886423033355603e-17
1008,1.1820374536073079e-15,1.9393237100198430e-16,2.6608899251861439e-16,2.5156509145045021e-16,1.9785554110500839e-16,1.3601925245227520e-16,8.7198455429272022e-17,4.9377749649703368e-17
1009,1.1461438522444239e-15,1.8800803491895221e-16,2.5796514660106910e-16,2.4389779335915683e-16,1.9184748450901138e-16,1.3191721286980553e-16,8.4594418922742385e-17,4.7913761063686301e-17
1010,1.1113401914877917e-15,1.8226468908687770e-16,2.5008934049971351e-16,2.3646419282474961e-16,1.8602186780759148e-16,1.2793886196510579e-16,8.2068104134924079e-17,4.6493135168829590e-17
1011,1.0775933743373882e-15,1.7669680386532227e-16,2.4245400054755693e-16,2.2925716646878453e-16,1.8037315105374564e-16,1.2408047077095182e-16,7.9617192698813927e-17,4.5114588932213194e-17
1012,1.0448713088125499e-15,1.7129901856646236e-16,2.3505178434596644e-16,2.2226980805192786e-16,1.7489596252580813e-16,1.2033842272197936e-16,7.7239435359317097e-17,4.3776877241088709e-17
1013,1.0131428774336809e-15,1.6606613629259754e-16,2.2787557370227922e-16,2.1549542185468073e-16,1.6958509361914078e-16,1.1670921026715950e-16,7.4932649914325215e-17,4.2478791783497766e-17
1014,9.8237790763067519e-16,1.6099311893141322e-16,2.2091846778309583e-16,2.0892751625989565e-16,1.6443549389294203e-16,1.1318943158434777e-16,7.2694719217089884e-17,4.1219159961891021e-17
1015,9.5254714304991611e-16,1.5607508230417602e-16,2.1417377647666821e-16,2.0255979753093264e-16,1.5944226626746358e-16,1.0977578739383154e-16,7.0523589238067951e-17,3.9996843838776309e-17
1016,9.2362221573255695e-16,1.5130729146218868e-16,2.0763501395799486e-16,1.9638616377949011e-16,1.5460066236706766e-16,1.0646507786789326e-16,6.8417267184469514e-17,3.8810739113452771e-17
1017,8.9557561913763900e-16,1.4668515612697390e-16,2.0129589245043393e-16,1.9040069911732953e-16,1.4990607800469693e-16,1.0325419963349707e-16,6.6373819675791588e-17,3.7659774128915915e-17
1018,8.6838068198438365e-16,1.4220422626979481e-16,1.9515031617783142e-16,1.8459766798628523e-16,1.4535404880346186e-16,1.0014014286529281e-16,6.4391370973672351e-17,3.6542908908045131e-17
1019,8.4201154288878622e-16,1.3786018782625340e-16,1.8919237550134580e-16,1.7897150966112629e-16,1.4094024595118275e-16,9.7119988466217017e-17,6.2468101264449372e-17,3.5459134218211476e-17
1020,8.1644312577039105e-16,1.3364885854184006e-16,1.8341634123532906e-16,1.7351683291999917e-16,1.3666047208384873e-16,9.4190905333051200e-17,6.0602244992853947e-17,3.4407470663468876e-17
1021,7.9165111600586358e-16,1.2956618394443173e-16,1.7781665913679520e-16,1.6822841087734276e-16,1.3251065729407911e-16,9.1350147704378323e-17,5.8792089245320027e-17,3.3386967803516411e-17
1022,7.6761193730667752e-16,1.2560823343985932e-16,1.7238794456317429e-16,1.6310117597432286e-16,1.2848685526079127e-16,8.8595052588454779e-17,5.7035972181431746e-17,3.2396703298643313e-17
1023,7.4430272929893329e-16,1.2177119652678384e-16,1.6712497729321314e-16,1.5813021512198317e-16,1.2458523949639469e-16,8.5923037268590138e-17,5.5332281512076738e-17,3.1435782079891534e-17
1024,7.2170132578398331e-16,1.1805137912723490e-16,1.6202269650603982e-16,1.5331076499245778e-16,1.2080209970794208e-16,8.3331596883699729e-17,5.3679453022915949e-17,3.0503335543693099e-17
1025,6.9978623365919429e-16,1.1444520002927721e-16,1.5707619591356145e-16,1.4863820745373066e-16,1.1713383826877726e-16,8.0818302081764866e-17,5.2075969141821405e-17,2.9598520770261394e-17
1026,6.7853661247879650e-16,1.1094918743837863e-16,1.5228071904151208e-16,1.4410806514356629e-16,1.1357696679732488e-16,7.8380796744004490e-17,5.0520357548973338e-17,2.8720519765036775e-17
1027,6.5793225463538830e-16,1.0755997563415778e-16,1.4763165465461191e-16,1.3971599717836833e-16,1.1012810283976788e-16,7.6016795777627500e-17,4.9011189828347622e-17,2.7868538722507410e-17
1028,6.3795356614324552e-16,1.0427430172929130e-16,1.4312453232143517e-16,1.3545779499285328e-16,1.0678396665345837e-16,7.3724082975099699e-17,4.7547080159361587e-17,2.7041807311746140e-17
1029,6.1858154800516099e-16,1.0108900252745839e-16,1.3875501811472079e-16,1.3132937830655046e-16,1.0354137808800323e-16,7.1500508937921124e-17,4.6126684047483203e-17,2.6239577983023786e-17
1030,5.9979777814509910e-16,9.8001011477296556e-17,1.3451891044298944e-16,1.2732679121326248e-16,1.0039725356105813e-16,6.9343989062970450e-17,4.4748697092644197e-17,2.5461125294877913e-17
1031,5.8158439388947985e-16,9.5007355719434463e-17,1.3041213600945651e-16,1.2344619838973732e-16,9.7348603125954237e-17,6.7252501589530949e-17,4.3411853794331886e-17,2.4705745261034410e-17
1032,5.6392407498043216e-16,9.2105153223757661e-17,1.2643074589435276e-16,1.1968388141991745e-16,9.4392527628368973e-17,6.5224085705169981e-17,4.2114926392268318e-17,2.3972754716596969e-17
1033,5.4680002710486837e-16,8.9291610014149501e-17,1.2257091175688575e-16,1.1603623523124301e-16,9.1526215949337125e-17,6.3256839708698695e-17,4.0856723741617544e-17,2.3261490702936860e-17
1034,5.3019596592371002e-16,8.6564017478034722e-17,1.1882892215318539e-16,1.1249976463959277e-16,8.8746942331980019e-17,6.1348919228492098e-17,3.9636090221693244e-17,2.2571309870731786e-17
1035,5.1409610158608031e-16,8.3919749758133643e-17,1.1520117896669406e-16,1.0907108099955068e-16,8.6052063789411231e-17,5.9498535494501425e-17,3.8451904677169938e-17,2.1901587900619313e-17
1036,4.9848512371373787e-16,8.1356261223915069e-17,1.1168419394756539e-16,1.0574689895678730e-16,8.3439017591353345e-17,5.7703953662341206e-17,3.7303079390830057e-17,2.1251718940945550e-17
1037,4.8334818684147103e-16,7.8871084020312559e-17,1.0827458535774382e-16,1.0252403329944319e-16,8.0905318827075713e-17,5.5963491187881802e-17,3.6188559086908444e-17,2.0621115062105493e-17
1038,4.6867089629960606e-16,7.6461825691342653e-17,1.0496907471849650e-16,9.9399395905495810e-17,7.8448558042335918e-17,5.4275516250825762e-17,3.5107319964123476e-17,2.0009205726985949e-17
1039,4.5443929452520727e-16,7.4126166876336573e-17,1.0176448365726932e-16,9.6369992783183873e-17,7.6066398948077505e-17,5.2638446225792133e-17,3.4058368757511216e-17,1.9415437277036580e-17
1040,4.4063984778894740e-16,7.1861859076566200e-17,9.8657730850833447e-17,9.3432921201652244e-17,7.3756576198705098e-17,5.1050746199476997e-17,3.3040741828205140e-17,1.8839272433508356e-17
1041,4.2725943332503084e-16,6.9666722490113396e-17,9.5645829061781740e-17,9.0585366909067098e-17,7.1516893237824052e-17,4.9510927532502291e-17,3.2053504280329735e-17,1.8280189813412484e-17
1042,4.1428532685192466e-16,6.7538643912897084e-17,9.2725882265524181e-17,8.7824601435534452e-17,6.9345220209396292e-17,4.8017546464606053e-17,3.1095749104200793e-17,1.7737683459765831e-17
1043,4.0170519047203696e-16,6.5475574703836805e-17,8.9895082865018232e-17,8.5147979478236989e-17,6.7239491932325649e-17,4.6569202761868306e-17,3.0166596345049186e-17,1.7211262385701769e-17
1044,3.8950706093882936e-16,6.3475528812192317e-17,8.7150708990555507e-17,8.2552936366282689e-17,6.5197705936546586e-17,4.5164538404706010e-17,2.9265192296508524e-17,1.6700450132037743e-17
1045,3.7767933828021078e-16,6.1536580865179879e-17,8.4490121882006215e-17,8.0036985602835131e-17,6.3217920558748897e-17,4.3802236315408478e-17,2.8390708718129347e-17,1.6204784337902797e-17
1046,3.6621077476739046e-16,5.9656864314022928e-17,8.1910763351003713e-17,7.7597716482169491e-17,6.1298253095927492e-17,4.2481019124022033e-17,2.7542342076204656e-17,1.5723816324040148e-17
1047,3.5509046421870248e-16,5.7834569636651503e-17,7.9410153320627905e-17,7.5232791779370257e-17,5.9436878015001031e-17,4.1199647971428101e-17,2.6719312807212638e-17,1.5257110688411021e-17
1048,3.4430783162822795e-16,5.6067942595319609e-17,7.6985887440220264e-17,7.2939945510455910e-17,5.7632025216797248e-17,3.9956921348494300e-17,2.5920864603203491e-17,1.4804244913737152e-17
1049,3.3385262310935444e-16,5.4355282547462225e-17,7.4635634773036645e-17,7.0716980760783800e-17,5.5881978352753754e-17,3.8751673970211294e-17,2.5146263718476783e-17,1.4364808986629947e-17
1050,3.2371489614370671e-16,5.2694940808165068e-17,7.2357135554512916e-17,6.8561767579653382e-17,5.4185073192733827e-17,3.7582775683761341e-17,2.4394798296915587e-17,1.3938405027964591e-17
1051,3.1388501012617807e-16,5.1085319062669895e-17,7.0148199018987192e-17,6.6472240939090210e-17,5.2539696042404700e-17,3.6449130409496046e-17,2.3665777719362367e-17,1.3524646934167628e-17
1052,3.0435361719706972e-16,4.9524867827386607e-17,6.8006701292788059e-17,6.4446398754853577e-17,5.0944282208673773e-17,3.5349675113831674e-17,2.2958531970439853e-17,1.3123160029096155e-17
