t,f_total,k_0,k_1,k_2,k_3,k_4,k_5,k_6
1,0.0000000000000000e+00,0.0000000000000000e+00,0.0000000000000000e+00,0.0000000000000000e+00,0.0000000000000000e+00,0.0000000000000000e+00,0.0000000000000000e+00,0.0000000000000000e+00
2,2.8947241512345675e-04,0.0000000000000000e+00,0.0000000000000000e+00,0.0000000000000000e+00,2.8947241512345675e-04,0.0000000000000000e+00,0.0000000000000000e+00,0.0000000000000000e+00
3,4.2902224191422329e-03,0.0000000000000000e+00,0.0000000000000000e+00,4.0003479589977699e-05,8.5233544453017815e-04,3.3978834950220767e-03,0.0000000000000000e+00,0.0000000000000000e+00
4,1.1595153113883948e-02,0.0000000000000000e+00,2.6182832995523596e-06,1.1479893018515837e-04,1.4277562384888121e-03,5.4657099252429578e-03,4.5842697366674668e-03,0.0000000000000000e+00
5,1.6208639427631039e-02,1.5597659024714356e-07,9.8619454420782344e-06,2.1624886257453366e-04,1.9371037397782965e-03,6.7120539840146145e-03,6.9776216235448458e-03,3.5559329568642253e-04
6,1.8966474374925209e-02,6.4662854331354721e-07,2.2702278279620586e-05,3.3574233132637534e-04,2.3755853991894440e-03,7.3934106927938011e-03,8.0160905367096177e-03,8.2229650808303683e-04
7,2.0616109751970570e-02,1.5957922228085241e-06,4.1158452901718849e-05,4.6528078033497003e-04,2.7438980934958862e-03,7.7283003892763009e-03,8.3431860236746654e-03,1.2926902200642199e-03
8,2.1603723860405776e-02,3.0527129525659480e-06,6.4556368193796642e-05,5.9791697522067156e-04,3.0451263839418215e-03,7.8473391346705092e-03,8.3259314963048635e-03,1.7198007891215492e-03
9,2.2174528949644064e-02,5.0001909277663215e-06,9.1811554389674310e-05,7.2805726817395478e-04,3.2840613794484965e-03,7.8284777394273582e-03,8.1480774954260163e-03,2.0890433218507991e-03
10,2.2466579816563945e-02,7.3730055939121442e-06,1.2166649027301000e-04,8.5149891552294718e-04,3.4667114163277456e-03,7.7200258979048721e-03,7.9001540935749841e-03,2.3991499973664743e-03
11,2.2562101453182850e-02,1.0077407077539236e-05,1.5286267368881071e-04,9.6530369197837839e-04,3.5996866566079980e-03,7.5534675590857902e-03,7.6267098869256100e-03,2.6539935778187250e-03
12,2.2513391256916673e-02,1.3007651509275168e-05,1.8425114411663222e-04,1.0676005697459118e-03,3.6896746087302580e-03,7.3501538184892893e-03,7.3495627359877703e-03,2.8591407283375366e-03
13,2.2355862130859085e-02,1.6058326870325560e-05,2.1485344877523167e-04,1.1573752308346404e-03,3.7430724788978008e-03,7.1249095011791420e-03,7.0791279971628117e-03,3.0204651471391324e-03
14,2.2114804852812309e-02,1.9132568203561112e-05,2.4388643802111560e-04,1.2342748167898563e-03,3.7657669018150109e-03,6.8881191476983629e-03,6.8200211803747055e-03,3.1436037999096954e-03
15,2.1809057822207819e-02,2.2146827524705960e-05,2.7076272841133274e-04,1.2984390881561026e-03,3.7630268169378538e-03,6.6470367336269147e-03,6.5738912201760546e-03,3.2337544073748532e-03
16,2.1453109028815826e-02,2.5033018122559509e-05,2.9507619538071477e-04,1.3503603965643667e-03,3.7394737796578319e-03,6.4066675248200221e-03,6.3408866426083559e-03,3.2956114716619724e-03
17,2.1058369503975768e-02,2.7738808084713403e-05,3.1657938026420190e-04,1.3907708594057119e-03,3.6991005469853562e-03,6.1703908023778278e-03,6.1204287481242048e-03,3.3333603587337511e-03
18,2.0633986889948303e-02,3.0226711420589046e-05,3.3515758396633871e-04,1.4205535402369951e-03,3.6453167565372335e-03,5.9404115508538829e-03,5.9116235290566912e-03,3.3506972178765724e-03
19,2.0187390212123162e-02,3.2472478920510336e-05,3.5080276385645844e-04,1.4406740201443385e-03,3.5810074531669421e-03,5.7180920515584252e-03,5.7134802830836771e-03,3.3508611613928085e-03
20,1.9724669566034039e-02,3.4463154692512948e-05,3.6358912358824461e-04,1.4521288612202045e-03,3.5085954760537873e-03,5.5041960287819901e-03,5.5250246332155667e-03,3.3366722884817322e-03
21,1.9250849845429838e-02,3.6195050155468010e-05,3.7365141659014098e-04,1.4559078024403741e-03,3.4301024031215296e-03,5.2990680020080097e-03,5.3453531622459291e-03,3.3105720088683851e-03
22,1.8770093868462775e-02,3.7671797770514457e-05,3.8116639461898376e-04,1.4529669413301848e-03,3.3472051903726281e-03,5.1027643479123978e-03,5.1736557567617263e-03,3.2746634396963420e-03
23,1.8285856966122369e-02,3.8902580107933547e-05,3.8633745217068246e-04,1.4442105715039256e-03,3.2612871867430809e-03,4.9151483900821327e-03,5.0092203847698982e-03,3.2307504007447157e-03
24,1.7801007300562235e-02,3.9900582338507257e-05,3.8938228725742680e-04,1.4304797344877886e-03,3.1734831360148586e-03,4.7359587913862709e-03,4.8514287180305600e-03,3.1803740510468214e-03
25,1.7317921406630452e-02,4.0681683908995644e-05,3.9052327343248904e-04,1.4125458910993639e-03,3.0847183081304371e-03,4.5648582364705521e-03,4.6997474143950545e-03,3.1248465991935595e-03
26,1.6838561419100617e-02,4.1263384324037209e-05,3.8998018263077563e-04,1.3911084193227155e-03,2.9957421805929477e-03,4.4014676507048650e-03,4.5537177877852950e-03,3.0652818137399812e-03
27,1.6364538469245626e-02,4.1663945501477511e-05,3.8796488834234128e-04,1.3667949030213994e-03,2.9071572150439176e-03,4.2453898748636238e-03,4.4129453674226155e-03,3.0026222750502551e-03
28,1.5897165414893662e-02,4.1901726613374088e-05,3.8467769606530651e-04,1.3401633921819429e-03,2.8194433082495128e-03,4.0962257072296084e-03,4.2770901258356569e-03,2.9376634587182614e-03
29,1.5437501174402587e-02,4.1994684768717205e-05,3.8030498061902113e-04,1.3117059949003182e-03,2.7329784806185229e-03,3.9535844641659119e-03,4.1458577328898237e-03,2.8710748364402703e-03
30,1.4986388322330997e-02,4.1960014925096544e-05,3.7501784952361807e-04,1.2818533085603204e-03,2.6480563235406589e-03,3.8170906395027068e-03,4.0189919509397015e-03,2.8034182353388940e-03
31,1.4544485180249495e-02,4.1813904018407158e-05,3.6897159297860285e-04,1.2509793170902414e-03,2.5649006738784228e-03,3.6863878174274865e-03,3.8962681526290128e-03,2.7351637222273223e-03
32,1.4112293339266849e-02,4.1571376760836165e-05,3.6230572076991277e-04,1.2194064770328968e-03,2.4836779282702286e-03,3.5611406778155090e-03,3.7774878743963669e-03,2.6667032842210975e-03
33,1.3690181340823466e-02,4.1246213395948445e-05,3.5514442288575712e-04,1.1874107912485065e-03,2.4045073560981806e-03,3.4410356998796554e-03,3.6624742887835494e-03,2.5983625685318699e-03
34,1.3278405091730162e-02,4.0850922602052715e-05,3.4759732285581283e-04,1.1552267287825596e-03,2.3274697203432516e-03,3.3257809987925517e-03,3.5510684708525068e-03,2.5304109275014267e-03
35,1.2877125479710289e-02,4.0396755507880511e-05,3.3976042058555048e-04,1.1230518957242109e-03,2.2526144710530590e-03,3.2151056046882094e-03,3.4431263384040152e-03,2.4630699937473639e-03
36,1.2486423574186296e-02,3.9893749318625790e-05,3.3171714485265866e-04,1.0910513972852754e-03,2.1799657369814410e-03,3.1087584022379401e-03,3.3385161562026863e-03,2.3965209873076693e-03
37,1.2106313735122011e-02,3.9350791293218871e-05,3.2353945499526783e-04,1.0593618579852117e-03,2.1095273069123804e-03,3.0065068828690222e-03,3.2371165074534533e-03,2.3309109336134581e-03
38,1.1736754904527399e-02,3.8775695750322203e-05,3.1528894708842569e-04,1.0280950865217307e-03,2.0412867628397152e-03,2.9081358139916580e-03,3.1388146492745046e-03,2.2663579490610430e-03
39,1.1377660316767084e-02,3.8175288419252944e-05,3.0701793254972790e-04,9.9734138611851987e-04,1.9752189020437131e-03,2.8134458953805053e-03,3.0435051817436620e-03,2.2029557305117023e-03
40,1.1028905832380009e-02,3.7555493814750981e-05,2.9877046710484359e-04,9.6717252108164580e-04,1.9112885636779155e-03,2.7222524484737630e-03,2.9510889717057850e-03,2.1407773665213050e-03
41,1.0690337073873138e-02,3.6921422430059683e-05,2.9058331581547384e-04,9.3764435694659626e-04,1.8494529572699444e-03,2.6343841671199629e-03,2.8614722827048286e-03,2.0798785715862725e-03
42,1.0361775519641486e-02,3.6277455442568152e-05,2.8248684581857586e-04,9.0879919574809640e-04,1.7896635751038462e-03,2.5496819462494514e-03,2.7745660711287613e-03,2.0203004301501881e-03
43,1.0043023692926333e-02,3.5627325341467664e-05,2.7450584288988368e-04,8.8066783022380476e-04,1.7318677573920267e-03,2.4679977966308507e-03,2.6902854160165681e-03,1.9620717244317313e-03
44,9.7338695659528948e-03,3.4974191446825875e-05,2.6666025122104348e-04,8.5327134166730194e-04,1.6760099681131270e-03,2.3891938482387036e-03,2.6085490561126717e-03,1.9052109091532198e-03
45,9.4340902846620309e-03,3.4320709720749194e-05,2.5896583813577042e-04,8.2662266606379131e-04,1.6220328300849602e-03,2.3131414410392848e-03,2.5292790128214966e-03,1.8497277867959776e-03
46,9.1434553064571721e-03,3.3669096597320670e-05,2.5143478707194731e-04,8.0072795237423123e-04,1.5698779599975256e-03,2.2397202996391878e-03,2.4524002818689049e-03,1.7956249289080540e-03
47,8.8617290318937433e-03,3.3021186799008032e-05,2.4407622319200399e-04,7.7558773561025370e-04,1.5194866375259530e-03,2.1688177868316536e-03,2.3778405798623044e-03,1.7428988820725664e-03
48,8.5886730010607017e-03,3.2378485280423221e-05,2.3689667658973118e-04,7.5119794583706286e-04,1.4708003370856055e-03,2.1003282303268000e-03,2.3055301346863993e-03,1.6915411912546800e-03
49,8.3240477163930293e-03,3.1742213560071071e-05,2.2990048834723286e-04,7.2755077258389767e-04,1.4237611461186052e-03,2.0341523166540593e-03,2.2354015108888973e-03,1.6415392682402651e-03
50,8.0676141456844930e-03,3.1113350778946619e-05,2.2309016474765883e-04,7.0463540242609939e-04,1.3783120898744347e-03,1.9701965462281357e-03,2.1673894629956275e-03,1.5928771286335898e-03
51,7.8191349520322622e-03,3.0492669871251363e-05,2.1646668483561233e-04,6.8243864579673667e-04,1.3343973793497690e-03,1.9083727437669100e-03,2.1014308111276729e-03,1.5455360172843089e-03
52,7.5783754912420584e-03,2.9880769254958834e-05,2.1002976629031932e-04,6.6094546743568881e-04,1.2919625962851612e-03,1.8485976185657221e-03,2.0374643344410318e-03,1.4994949389691764e-03
53,7.3451046117673727e-03,2.9278100454758898e-05,2.0377809427703651e-04,6.4013943332072985e-04,1.2509548267947931e-03,1.7907923695148497e-03,1.9754306788269975e-03,1.4547311085782071e-03
54,7.1190952874693927e-03,2.8684992062026297e-05,1.9770951760011326e-04,6.2000308546728499e-04,1.2113227532594229e-03,1.7348823301598212e-03,1.9152722760437304e-03,1.4112203328769933e-03
55,6.9001251092939368e-03,2.8101670419788465e-05,1.9182121611910542e-04,6.0051825464104986e-04,1.1730167124822659e-03,1.6807966495230222e-03,1.8569332720331287e-03,1.3689373340755756e-03
56,6.6879766583018939e-03,2.7528277398224577e-05,1.8610984302368423e-04,5.8166631980412242e-04,1.1359887267424480e-03,1.6284680048141308e-03,1.8003594626416076e-03,1.3278560238776768e-03
57,6.4824377793007652e-03,2.6964885600310053e-05,1.8057164520530463e-04,5.6342842200965480e-04,1.1001925132385127e-03,1.5778323425461932e-03,1.7454982353327130e-03,1.2879497353680764e-03
58,6.2833017715526358e-03,2.6411511309554292e-05,1.7520256462151201e-04,5.4578563946815629e-04,1.0655834764595287e-03,1.5288286449379172e-03,1.6922985157728848e-03,1.2491914189830832e-03
59,6.0903675106292621e-03,2.5868125463634081e-05,1.6999832322737968e-04,5.2871912962428698e-04,1.0321186872236019e-03,1.4813987188180833e-03,1.6407107184045202e-03,1.2115538078677557e-03
60,5.9034395134035036e-03,2.5334662910012946e-05,1.6495449375077749e-04,5.1221024329887717e-04,9.9975685145774771e-04,1.4354870045539228e-03,1.5906867003051535e-03,1.1750095571270121e-03
61,5.7223279563688063e-03,2.4811030172989897e-05,1.6006655831531688e-04,4.9624061525894807e-04,9.6845827123787759e-04,1.3910404028022589e-03,1.5421797177779255e-03,1.1395313608034896e-03
62,5.5468486559289354e-03,2.4297111936457825e-05,1.5532995666712174e-04,4.8079223497045982e-04,9.3818480014523523e-04,1.3480081171313347e-03,1.4951443852344181e-03,1.1050920498439079e-03
63,5.3768230179674931e-03,2.3792776423225509e-05,1.5074012553846722e-04,4.6584750075625067e-04,9.0889979461094054e-04,1.3063415107842395e-03,1.4495366360226573e-03,1.0716646738317122e-03
64,5.2120779628626298e-03,2.3297879830200155e-05,1.4629253048171537e-04,4.5138926011730011e-04,8.8056806260075702e-04,1.2659939760536539e-03,1.4053136849256369e-03,1.0392225688533663e-03
65,5.0524458311322004e-03,2.2812269959080448e-05,1.4198269132941751e-04,4.3740083857170503e-04,8.5315581072716636e-04,1.2269208149143383e-03,1.3624339921130342e-03,1.0077394135174587e-03
66,4.8977642740564726e-03,2.2335789164450539e-05,1.3780620227931963e-04,4.2386605901569561e-04,8.2663059065644711e-04,1.1890791297164173e-03,1.3208572283740460e-03,9.7718927485009608e-04
67,4.7478761329102764e-03,2.1868276725225133e-05,1.3375874746458232e-04,4.1076925330836101e-04,8.0096124549718019e-04,1.1524277228810982e-03,1.2805442414949675e-03,9.4754664553886180e-04
68,4.6026293098273283e-03,2.1409570731176876e-05,1.2983611274807946e-04,3.9809526752075165e-04,7.7611785670721905e-04,1.1169270046628764e-03,1.2414570236732505e-03,9.1878647378397418e-04
69,4.4618766328017069e-03,2.0959509563663807e-05,1.2603419437348678e-04,3.8582946206550464e-04,7.5207169193336042e-04,1.0825389081502703e-03,1.2035586798818906e-03,8.9088418683353041e-04
70,4.3254757168923359e-03,2.0517933038540649e-05,1.2234900501340029e-04,3.7395770773046718e-04,7.2879515409734563e-04,1.0492268107723192e-03,1.1668133971153671e-03,8.6381570912489561e-04
71,4.1932888233246401e-03,2.0084683269454551e-05,1.1877667767442716e-04,3.6246637847482823e-04,7.0626173195968115e-04,1.0169554616619302e-03,1.1311864144619504e-03,8.3755747582236822e-04
72,4.0651827178697347e-03,1.9659605301165062e-05,1.1531346784967264e-04,3.5134234170536245e-04,6.8444595232601047e-04,9.8569091430098237e-04,1.0966439939578440e-03,8.1208644242869790e-04
73,3.9410285296171072e-03,1.9242547555066768e-05,1.1195575424902623e-04,3.4057294663029344e-04,6.6332333400677195e-04,9.5540046393708538e-04,1.0631533921869178e-03,7.8738009105194546e-04
74,3.8207016110346236e-03,1.8833362122613384e-05,1.0870003838596957e-04,3.3014601118617419e-04,6.4287034359748264e-04,9.2605258931910156e-04,1.0306828325962131e-03,7.6341643382706915e-04
75,3.7040814000235791e-03,1.8431904936735064e-05,1.0554294325524409e-04,3.2004980794655258e-04,6.2306435311235532e-04,8.9761689834888384e-04,9.9920147850240406e-04,7.4017401392140387e-04
76,3.5910512845209988e-03,1.8038035846505444e-05,1.0248121129769299e-04,3.1027304934788127e-04,6.0388359947657422e-04,8.7006407729105044e-04,9.6867940676821000e-04,7.1763190449308442e-04
77,3.4814984700719640e-03,1.7651618616158923e-05,9.9511701816100626e-05,3.0080487250624748e-04,5.8530714586113336e-04,8.4336584322165732e-04,9.3908758213069338e-04,6.9576970591997281e-04
78,3.3753138506873439e-03,1.7272520865998251e-05,9.6631387978154693e-05,2.9163482384638947e-04,5.6731484482764347e-04,8.1749489943107583e-04,9.1039783216560755e-04,6.7456754157247420e-04
79,3.2723918832136115e-03,1.6900613969692745e-05,9.3837353519106366e-05,2.8275284372072435e-04,5.4988730323801336e-04,7.9242489352673070e-04,8.8258282287362062e-04,6.5400605236572325e-04
80,3.1726304653685094e-03,1.6535772919880439e-05,9.1126789236729418e-05,2.7414925115948948e-04,5.3300584887471057e-04,7.6813037800815820e-04,8.5561603487549639e-04,6.3406639029404521e-04
81,3.0759308175366913e-03,1.6177876171793746e-05,8.8496989354284357e-05,2.6581472886254905e-04,5.1665249871075546e-04,7.4458677311049987e-04,8.2947174020422433e-04,6.1473021112258476e-04
82,2.9821973683710557e-03,1.5826805472774458e-05,8.5945347812940292e-05,2.5774030851801925e-04,5.0080992876421653e-04,7.2177033173347093e-04,8.0412497968275097e-04,5.9597966638688313e-04
83,2.8913376442064299e-03,1.5482445683983299e-05,8.3469354543119577e-05,2.4991735651183329e-04,4.8546144546930594e-04,6.9965810629134815e-04,7.7955154087643291e-04,5.7779739483040666e-04
84,2.8032621622610951e-03,1.5144684599300730e-05,8.1066591754178359e-05,2.4233756007503661e-04,4.7059095849489831e-04,6.7822791733591816e-04,7.5572793660965017e-04,5.6016651339211264e-04
85,2.7178843275769940e-03,1.4813412765323388e-05,7.8734730273435279e-05,2.3499291390138385e-04,4.5618295494109085e-04,6.5745832381886092e-04,7.3263138403623291e-04,5.4307060784066679e-04
86,2.6351203336303346e-03,1.4488523305452676e-05,7.6471525958565905e-05,2.2787570725622521e-04,4.4222247484508641e-04,6.3732859487295053e-04,7.1023978425348777e-04,5.2649372313856634e-04
87,2.5548890665296302e-03,1.4169911750321857e-05,7.4274816201580566e-05,2.2097851158828694e-04,4.2869508792897908e-04,6.1781868300291791e-04,6.8853170244968255e-04,5.1042035360786134e-04
88,2.4771120127073496e-03,1.3857475876191207e-05,7.2142516537813757e-05,2.1429416864842126e-04,4.1558687152382871e-04,5.9890919858703203e-04,6.6748634857489910e-04,4.9483543295916375e-04
89,2.4017131700035128e-03,1.3551115552437589e-05,7.0072617369421918e-05,2.0781577911341303e-04,4.0288438960656560e-04,5.8058138559954691e-04,6.4708355852516244e-04,4.7972432423696524e-04
90,2.3286189620342710e-03,1.3250732598856896e-05,6.8063180809673984e-05,2.0153669170823308e-04,3.9057467288868670e-04,5.6281709847227435e-04,6.2730377582977223e-04,4.6507280972677388e-04
91,2.2577581557352640e-03,1.2956230653170586e-05,6.6112337651716706e-05,1.9545049281649552e-04,3.7864519989828742e-04,5.4559878002079470e-04,6.0812803383174490e-04,4.5086708086305429e-04
92,2.1890617819679365e-03,1.2667515048867461e-05,6.4218284463401931e-05,1.8955099656612907e-04,3.6708387899965717e-04,5.2890944036730093e-04,5.8953793835128080e-04,4.3709372817129930e-04
93,2.1224630590767402e-03,1.2384492703308323e-05,6.2379280808095140e-05,1.8383223537525096e-04,3.5587903129740236e-04,5.1273263679788581e-04,5.7151565082215982e-04,4.2373973127263773e-04
94,2.0578973192859227e-03,1.2107072015864112e-05,6.0593646590072554e-05,1.7828845094180568e-04,3.4501937437478514e-04,4.9705245449729353e-04,5.5404387189099153e-04,4.1079244897511018e-04
95,1.9953019378262157e-03,1.1835162775739982e-05,5.8859759522096326e-05,1.7291408565959008e-04,3.3449400681867666e-04,4.8185348810884725e-04,5.3710582546924728e-04,3.9823960947201809e-04
96,1.9346162646839752e-03,1.1568676079051404e-05,5.7176052711985218e-05,1.6770377444273732e-04,3.2429239348616092e-04,4.6712082407147692e-04,5.2068524322804318e-04,3.8606930066452020e-04
97,1.8757815588680612e-03,1.1307524254657927e-05,5.5541012364426515e-05,1.6265233694049777e-04,3.1440435147039647e-04,4.5284002368957838e-04,5.0476634952567796e-04,3.7426996062282612e-04
98,1.8187409250928102e-03,1.1051620798221106e-05,5.3953175593868889e-05,1.5775477012416924e-04,3.0482003672582201e-04,4.3899710689486134e-04,4.8933384675798339e-04,3.6283036819788437e-04
99,1.7634392527787865e-03,1.0800880313930745e-05,5.2411128344064248e-05,1.5300624122824142e-04,2.9552993131516409e-04,4.2557853666245126e-04,4.7437290112160890e-04,3.5173963379332577e-04
100,1.7098231572764805e-03,1.0555218463334992e-05,5.0913503409663976e-05,1.4840208102818252e-04,2.8652483124298338e-04,4.1257120404631557e-04,4.5986912878044259e-04,3.4098719030555745e-04
101,1.6578409232217033e-03,1.0314551920711773e-05,4.9458978555199511e-05,1.4393777743777148e-04,2.7779583484264765e-04,3.9996241380163349e-04,4.4580858242545342e-04,3.3056278423828603e-04
102,1.6074424499350442e-03,1.0078798334429279e-05,4.8046274726772100e-05,1.3960896940944418e-04,2.6933433168567657e-04,3.8773987056404561e-04,4.3217773821834307e-04,3.2045646699633336e-04
103,1.5585791987813651e-03,9.8478762937598001e-06,4.6674154351824657e-05,1.3541144112174086e-04,2.6113199198433414e-04,3.7589166555781963e-04,4.1896348310950147e-04,3.1065858636238460e-04
104,1.5112041424088787e-03,9.6217053006323489e-06,4.5341419722460792e-05,1.3134111643860538e-04,2.5318075646017503e-04,3.6440626380689002e-04,4.0615310252087783e-04,3.0115977815923725e-04
105,1.4652717157908576e-03,9.4002057458340134e-06,4.4046911457898581e-05,1.2739405362597068e-04,2.4547282665297166e-04,3.5327249182447862e-04,3.9373426838450735e-04,2.9195095809919684e-04
106,1.4207377689964354e-03,9.1832988891967212e-06,4.2789507041794035e-05,1.2356644031175931e-04,2.3800065564606149e-04,3.4247952575860031e-04,3.8169502752756555e-04,2.8302331382145800e-04
107,1.3775595216202661e-03,8.9709068433341175e-06,4.1568119430332613e-05,1.1985458867612406e-04,2.3075693918567412e-04,3.3201687997222413e-04,3.7002379039496023e-04,2.7436829711761663e-04
108,1.3356955188040167e-03,8.7629525605219583e-06,4.0381695727162084e-05,1.1625493085944004e-04,2.2373460717321490e-04,3.2187439603820087e-04,3.5870932010062252e-04,2.6597761634485431e-04
109,1.2951055887857341e-03,8.5593598223442332e-06,3.9229215921421632e-05,1.1276401457623202e-04,2.1692681551081203e-04,3.1204223213029714e-04,3.4774072179880402e-04,2.5784322902582289e-04
110,1.2557508019160756e-03,8.3600532317555306e-06,3.8109691685306217e-05,1.0937849892387499e-04,2.1032693828167639e-04,3.0251085279281149e-04,3.3710743236684535e-04,2.4995733463380551e-04
111,1.2175934310832319e-03,8.1649582072380140e-06,3.7022165227790555e-05,1.0609515037553703e-04,2.0392856024798256e-04,2.9327101907228835e-04,3.2679921039104043e-04,2.4231236756135492e-04
112,1.1805969134910492e-03,7.9740009787579956e-06,3.5965708201318903e-05,1.0291083894743960e-04,1.9772546965006428e-04,2.8431377899580516e-04,3.1680612644738098e-04,2.3490099027028230e-04
113,1.1447258137374397e-03,7.7871085852528856e-06,3.4939420658446436e-05,9.9822534531090500e-05,1.9171165129172537e-04,2.7563045838119879e-04,3.0711855366913181e-04,2.2771608662059396e-04
114,1.1099457881426139e-03,7.6042088734035488e-06,3.3942430055590817e-05,9.6827303381697070e-05,1.8588127989741090e-04,2.6721265196541272e-04,2.9772715859335396e-04,2.2075075537574478e-04
115,1.0762235502789908e-03,7.4252304974702512e-06,3.2973890301220859e-05,9.3922304754492095e-05,1.8022871372786053e-04,2.5905221483790947e-04,2.8862289227865704e-04,2.1399830388138050e-04
116,1.0435268376568592e-03,7.2501029199920242e-06,3.2032980845969475e-05,9.1104787681200525e-05,1.7474848844168279e-04,2.5114125416679571e-04,2.7979698168663467e-04,2.0745224191458388e-04
117,1.0118243795219498e-03,7.0787564131695456e-06,3.1118905812311845e-05,8.8372087879346067e-05,1.6943531119105256e-04,2.4347212120595961e-04,2.7124092131960075e-04,2.0110627570050951e-04
118,9.8108586572307984e-04,6.9111220607705465e-06,3.0230893161595919e-05,8.5721624787537572e-05,1.6428405494044271e-04,2.3603740357212982e-04,2.6294646510741668e-04,1.9495430209318671e-04
119,9.5128191660990538e-04,6.7471317604143297e-06,2.9368193896350640e-05,8.3150898720292673e-05,1.5928975299796163e-04,2.2882991778132877e-04,2.5490561853636464e-04,1.8899040291719263e-04
120,9.2238405392261274e-04,6.5867182261081286e-06,2.8530081295928512e-05,8.0657488136346540e-05,1.5444759374948466e-04,2.2184270203472276e-04,2.4711063101318900e-04,1.8320883946683304e-04
121,8.9436467263707151e-04,6.4298149909230535e-06,2.7715850183662272e-05,7.8239047014761083e-05,1.4975291558634029e-04,2.1506900924435943e-04,2.3955398845759660e-04,1.7760404715942875e-04
122,8.6719701373057527e-04,6.2763564097110667e-06,2.6924816223831845e-05,7.5893302333494299e-05,1.4520120201784705e-04,2.0850230028974753e-04,2.3222840611666744e-04,1.7217063033927600e-04
123,8.4085513783481642e-04,6.1262776617770116e-06,2.6156315246846492e-05,7.3618051645411254e-05,1.4078807696049381e-04,2.0213623749665941e-04,2.2512682159479187e-04,1.6690335722883656e-04
124,8.1531389974418824e-04,5.9795147534311929e-06,2.5409702601149722e-05,7.1411160747020022e-05,1.3650930019602130e-04,1.9596467832994324e-04,2.1824238809291217e-04,1.6179715502371062e-04
125,7.9054892374886328e-04,5.8360045203584745e-06,2.4684352530449680e-05,6.9270561435497816e-05,1.3236076299109466e-04,1.8998166929250646e-04,2.1156846785100230e-04,1.5684710512795392e-04
126,7.6653657976340174e-04,5.6956846297493679e-06,2.3979657574967685e-05,6.7194249349836224e-05,1.2833848387166081e-04,1.8418144002298986e-04,2.0509862578787995e-04,1.5204843852631780e-04
127,7.4325396022286371e-04,5.5584935821471068e-06,2.3295027995480716e-05,6.5180281892180154e-05,1.2443860454546064e-04,1.7855839758498237e-04,1.9882662333259611e-04,1.4739653129001662e-04
128,7.2067885771956723e-04,5.4243707129725638e-06,2.2629891219011882e-05,6.3226776225665742e-05,1.2065738596651766e-04,1.7310712094094173e-04,1.9274641244180026e-04,1.4288690021265743e-04
129,6.9878974335473823e-04,5.2932561936957829e-06,2.1983691305095270e-05,6.1331907345276495e-05,1.1699120453575364e-04,1.6782235560428211e-04,1.8685212979762953e-04,1.3851519857300545e-04
130,6.7756574578034631e-04,5.1650910326291756e-06,2.1355888431609538e-05,5.9493906218437518e-05,1.1343654843218689e-04,1.6269900846336760e-04,1.8113809118081451e-04,1.3427721202130102e-04
131,6.5698663090741727e-04,5.0398170753230607e-06,2.0745958399237317e-05,5.7711057992254990e-05,1.0999001406945783e-04,1.5773214277141402e-04,1.7559878601383985e-04,1.3016885458589018e-04
132,6.3703278225806122e-04,4.9173770045492083e-06,2.0153392153666434e-05,5.5981700264482297e-05,1.0664830267269309e-04,1.5291697329655035e-04,1.7022887206913812e-04,1.2618616479698162e-04
133,6.1768518193934898e-04,4.7977143398625195e-06,1.9577695324703321e-05,5.4304221415457353e-05,1.0340821697097131e-04,1.4824886162652655e-04,1.6502317033743245e-04,1.2232530192439554e-04
134,5.9892539221803457e-04,4.6807734367348620e-06,1.9018387781519697e-05,5.2677058998408126e-05,1.0026665800088862e-04,1.4372331162277655e-04,1.5997666005148064e-04,1.1858254232622604e-04
135,5.8073553767592448e-04,4.5664994852586008e-06,1.8475003203301053e-05,5.1098698185665130e-05,9.7220622016942884e-05,1.3933596501875743e-04,1.5508447386060374e-04,1.1495427590539563e-04
136,5.6309828792648208e-04,4.4548385084203685e-06,1.7947088664608996e-05,4.9567670268452653e-05,9.4267197504661941e-05,1.3508259715768522e-04,1.5034189315151251e-04,1.1143700267114042e-04
137,5.4599684087398240e-04,4.3457373599483104e-06,1.7434204234810626e-05,4.8082551208054614e-05,9.1403562292595290e-05,1.3095911286497867e-04,1.4574434351107080e-04,1.0802732940252412e-04
138,5.2941490649724486e-04,4.2391437217383047e-06,1.6935922590965809e-05,4.6641960236266812e-05,8.8626980759471305e-05,1.2696154245090245e-04,1.4128739032675925e-04,1.0472196641114085e-04
139,5.1333669114063906e-04,4.1350061008666916e-06,1.6451828643598704e-05,4.5244558503156038e-05,8.5934801132993177e-05,1.2308603783907411e-04,1.3696673452072208e-04,1.0151772440022825e-04
140,4.9774688229570132e-04,4.0332738261987060e-06,1.5981519174812562e-05,4.3889047770247521e-05,8.3324452876907664e-05,1.1932886881666174e-04,1.3277820841339823e-04,9.8411511417474833e-05
141,4.8263063385730899e-04,3.9338970446032929e-06,1.5524602488237417e-05,4.2574169147358069e-05,8.0793444163133177e-05,1.1568641940225638e-04,1.2871777171285270e-04,9.5400329898867990e-05
142,4.6797355183894786e-04,3.8368267167861366e-06,1.5080698070328738e-05,4.1298701871380206e-05,7.8339359425875791e-05,1.1215518432755105e-04,1.2478150762603503e-04,9.2481273800990870e-05
143,4.5376168053216156e-04,3.7420146127537975e-06,1.4649436262561522e-05,4.0061462125406899e-05,7.5959856994797442e-05,1.0873176562910028e-04,1.2096561908830252e-04,8.9651525819239115e-05
144,4.3998148909581315e-04,3.6494133069226111e-06,1.4230457944088968e-05,3.8861301896664175e-05,7.3652666804427015e-05,1.0541286934657043e-04,1.1726642510764990e-04,8.6908354689490034e-05
145,4.2661985856129171e-04,3.5589761728866704e-06,1.3823414224457833e-05,3.7697107871792446e-05,7.1415588177125623e-05,1.0219530232401892e-04,1.1368035722019289e-04,8.4249112570817305e-05
146,4.1366406924029471e-04,3.4706573778596981e-06,1.3427966145994000e-05,3.6567800368086291e-05,6.9246487677030371e-05,9.9075969110865771e-05,1.1020395605355229e-04,8.1671232506906263e-05
147,4.0110178852228003e-04,3.3844118768059786e-06,1.3043784395491735e-05,3.5472332299367122e-05,6.7143297032508931e-05,9.6051868959338586e-05,1.0683386799488419e-04,7.9172225963883489e-05
148,3.8892105904913339e-04,3.3001954062757578e-06,1.2670549024858737e-05,3.4409688175224118e-05,6.5104011124758279e-05,9.3120092915285332e-05,1.0356684196039675e-04,7.6749680442334388e-05
149,3.7711028725502776e-04,3.2179644779606583e-06,1.2307949180386564e-05,3.3378883132415949e-05,6.3126686040277448e-05,9.0277820999358358e-05,1.0039972626328841e-04,7.4401257161340408e-05
150,3.6565823225986481e-04,3.1376763719846991e-06,1.1955682840332158e-05,3.2378961997279885e-05,6.1209437185035410e-05,8.7522319475676850e-05,9.7329465577130589e-05,7.2124688812425164e-05
151,3.5455399510508293e-04,3.0592891299464792e-06,1.1613456560511572e-05,3.1408998378045582e-05,5.9350437458241885e-05,8.4850938205174617e-05,9.4353097991808091e-05,6.9917777381354643e-05
152,3.4378700832100276e-04,2.9827615477279698e-06,1.1280985227621072e-05,3.0468093785998916e-05,5.7547915483711019e-05,8.2261108080936742e-05,9.1467752159214263e-05,6.7778392035792800e-05
153,3.3334702581524079e-04,2.9080531680852082e-06,1.0957991820014261e-05,2.9555376784486204e-05,5.5800153896885830e-05,7.9750338542919054e-05,8.8670644525982528e-05,6.5704467076867722e-05
154,3.2322411307207752e-04,2.8351242730359485e-06,1.0644207175676276e-05,2.8670002164792263e-05,5.4105487685665991e-05,7.7316215169534306e-05,8.5959076650615632e-05,6.3693999952757087e-05
155,3.1340863765300434e-04,2.7639358760590755e-06,1.0339369767147908e-05,2.7811150147965745e-05,5.2462302583252203e-05,7.4956397343672754e-05,8.3330432602453131e-05,6.1745049332453486e-05
156,3.0389125998899722e-04,2.6944497141202775e-06,1.0043225483163462e-05,2.6978025611703667e-05,5.0869033511287289e-05,7.2668615990806665e-05,8.0782176439993705e-05,5.9855733237922130e-05
157,2.9466292445537971e-04,2.6266282395381387e-06,9.7555274167765127e-06,2.6169857341443095e-05,4.9324163071638946e-05,7.0450671386907039e-05,7.8311849766163512e-05,5.8024227232912471e-05
158,2.8571485072043839e-04,2.5604346117044578e-06,9.4760356597575179e-06,2.5385897304842322e-05,4.7826220085229994e-05,6.8300431033975731e-05,7.5917069358193436e-05,5.6248762666734909e-05
159,2.7703852535924364e-04,2.4958326886722086e-06,9.2045171030563027e-06,2.4625419948866198e-05,4.6373778176380354e-05,6.6215827601069532e-05,7.3595524869837930e-05,5.4527624971361082e-05
160,2.6862569372441015e-04,2.4327870186241557e-06,8.9407452431311653e-06,2.3887721518721363e-05,4.4965454401180983e-05,6.4194856928762096e-05,7.1344976603737129e-05,5.2859152010253272e-05
161,2.6046835206579777e-04,2.3712628312347357e-06,8.6844999939544205e-06,2.3172119397916234e-05,4.3599907918473076e-05,6.2235576095057092e-05,6.9163253351788552e-05,5.1241732477373656e-05
162,2.5255873989141523e-04,2.3112260289373758e-06,8.4355675045119281e-06,2.2477951468748514e-05,4.2275838702057061e-05,6.0336101540831454e-05,6.7048250301460154e-05,4.9673804344868756e-05
163,2.4488933256203925e-04,2.2526431781090051e-06,8.1937399816214029e-06,2.1804575492549469e-05,4.0991986292804536e-05,5.8494607252949117e-05,6.4997927006037919e-05,4.8153853357967790e-05
164,2.3745283411230131e-04,2.1954815001830597e-06,7.9588155179011653e-06,2.1151368509039494e-05,3.9747128589392963e-05,5.6709323003247178e-05,6.3010305416861826e-05,4.6680411575675647e-05
165,2.3024217029122965e-04,2.1397088627018640e-06,7.7305979247274834e-06,2.0517726254173371e-05,3.8540080676427907e-05,5.4978532641653305e-05,6.1083467975662858e-05,4.5252055955882844e-05
166,2.2325048181545619e-04,2.0852937703188213e-06,7.5088965700248641e-06,1.9903062595876628e-05,3.7369693688760203e-05,5.3300572441750707e-05,5.9215555765170729e-05,4.3867406983554231e-05
167,2.1647111782851743e-04,2.0322053557604131e-06,7.2935262207394347e-06,1.9306808987096267e-05,3.6234853710846643e-05,5.1673829497159747e-05,5.7404766716216789e-05,4.2525127340698130e-05
168,2.0989762955988533e-04,1.9804133707575779e-06,7.0843068898511393e-06,1.8728413935609823e-05,3.5134480710042376e-05,5.0096740167158659e-05,5.5649353869610991e-05,4.1223920616854764e-05
169,2.0352376417756833e-04,1.9298881769556110e-06,6.8810636877857316e-06,1.8167342490056912e-05,3.4067527502750760e-05,4.8567788570015735e-05,5.3947623691123118e-05,3.9962530058880463e-05
170,1.9734345882831673e-04,1.8806007368113040e-06,6.6836266780925657e-06,1.7623075741676074e-05,3.3032978752393130e-05,4.7085505122554028e-05,5.2297934437949677e-05,3.8739737358839951e-05
171,1.9135083485965571e-04,1.8325226044856373e-06,6.4918307372589560e-06,1.7095110341248425e-05,3.2029849998195542e-05,4.5648465124516966e-05,5.0698694575096306e-05,3.7554361478853862e-05
172,1.8554019221815165e-04,1.7856259167399164e-06,6.3055154185363978e-06,1.6582958030766553e-05,3.1057186713823369e-05,4.4255287386348581e-05,4.9148361240153619e-05,3.6405257511783220e-05
173,1.7990600401849319e-04,1.7398833838428721e-06,6.1245248196583148e-06,1.6086145189364168e-05,3.0114063394926925e-05,4.2904632899045720e-05,4.7645438754990126e-05,3.5291315576665065e-05
174,1.7444291127813899e-04,1.6952682804958245e-06,5.9487074543331080e-06,1.5604212393057835e-05,2.9199582674692122e-05,4.1595203544782663e-05,4.6188477182931080e-05,3.4211459747846342e-05
175,1.6914571781244877e-04,1.6517544367826674e-06,5.7779161274002340e-06,1.5136713987867502e-05,2.8312874466520330e-05,4.0325740847048826e-05,4.4776070930035187e-05,3.3164647016794027e-05
176,1.6400938528537330e-04,1.6093162291510320e-06,5.6120078135408137e-06,1.4683217675897210e-05,2.7453095132990284e-05,3.9095024759080539e-05,4.3406857389123475e-05,3.2149866285589954e-05
177,1.5902902841093277e-04,1.5679285714306534e-06,5.4508435394379034e-06,1.4243304113971575e-05,2.6619426680282632e-05,3.7901872489405771e-05,4.2079515625255453e-05,3.1166137391148791e-05
178,1.5419991030086219e-04,1.5275669058946029e-06,5.2942882692849842e-06,1.3816566524437084e-05,2.5811075977274352e-05,3.6745137363358096e-05,4.0792765101387388e-05,3.0212510159225673e-05
179,1.4951743795394600e-04,1.4882071943687260e-06,5.1422107935445729e-06,1.3402610317750412e-05,2.5027273998536177e-05,3.5623707719451640e-05,3.9545364442985801e-05,2.9288063487308677e-05
180,1.4497715788270400e-04,1.4498259093942881e-06,4.9944836208620090e-06,1.3001052726488301e-05,2.4267275090490785e-05,3.4536505839543920e-05,3.8336110240406864e-05,2.8391904455517849e-05
181,1.4057475187322479e-04,1.4124000254485304e-06,4.8509828730425260e-06,1.2611522450425849e-05,2.3530356260013616e-05,3.3482486911746534e-05,3.7163835887888511e-05,2.7523167464659206e-05
182,1.3630603287407379e-04,1.3759070102275233e-06,4.7115881830026520e-06,1.2233659312341326e-05,2.2815816484781204e-05,3.2460638025076535e-05,3.6027410458037004e-05,2.6681013400607546e-05
183,1.3216694101032949e-04,1.3403248159954230e-06,4.5761825956097714e-06,1.1867113924217103e-05,2.2122976044694092e-05,3.1469977194872431e-05,3.4925737610723851e-05,2.5864628824216820e-05
184,1.2815353971892268e-04,1.3056318710039501e-06,4.4446524713264008e-06,1.1511547363516763e-05,2.1451175873723105e-05,3.0509552418029359e-05,3.3857754535342109e-05,2.5073225185980972e-05
185,1.2426201200157268e-04,1.2718070709856421e-06,4.3168873925783263e-06,1.1166630859228963e-05,2.0799776931548331e-05,2.9578440757137111e-05,3.2822430925402883e-05,2.4306038064691421e-05
186,1.2048865679172921e-04,1.2388297707241701e-06,4.1927800727682356e-06,1.0832045487378525e-05,2.0168159594380240e-05,2.8675747452633617e-05,3.1818767984484132e-05,2.3562326429360297e-05
187,1.1682988543203793e-04,1.2066797757047628e-06,4.0722262678589061e-06,1.0507481875714815e-05,1.9555723064371834e-05,2.7800605062113441e-05,3.0845797462573685e-05,2.2841371923700483e-05
188,1.1328221825895708e-04,1.1753373338475393e-06,3.9551246904523207e-06,1.0192639917296829e-05,1.8961884797049267e-05,2.6952172625958127e-05,2.9902580721878055e-05,2.2142478172474953e-05
189,1.0984228129125501e-04,1.1447831273263293e-06,3.8413769262933154e-06,9.8872284927031792e-06,1.8386079946206546e-05,2.6129634858480561e-05,2.8988207831196366e-05,2.1464970109048709e-05
190,1.0650680301921951e-04,1.1149982644753301e-06,3.7308873531285113e-06,9.5909652006039829e-06,1.7827760825727327e-05,2.5332201363800885e-05,2.8101796687986646e-05,2.0808193323496813e-05
191,1.0327261129150793e-04,1.0859642717857507e-06,3.6235630618534061e-06,9.3035760964398099e-06,1.7286396387813805e-05,2.4559105875695448e-05,2.7242492167278199e-05,2.0171513430641498e-05
192,1.0013663029666029e-04,1.0576630859943839e-06,3.5193137798824385e-06,9.0247954389609963e-06,1.6761471717118730e-05,2.3809605520683862e-05,2.6409465296609430e-05,1.9554315457410447e-05
193,9.7095877636390338e-05,1.0300770462658651e-06,3.4180517966788427e-06,8.7543654443882968e-06,1.6252487540292829e-05,2.3082980103641980e-05,2.5601912456195810e-05,1.8956003248926718e-05
194,9.4147461487856953e-05,1.0031888864701820e-06,3.3196918913829534e-06,8.4920360479634214e-06,1.5758959750474610e-05,2.2378531415250378e-05,2.4819054603556808e-05,1.8375998892758597e-05
195,9.1288577852204940e-05,9.7698172755684054e-07,3.2241512624794240e-06,8.2375646726651541e-06,1.5280418946264781e-05,2.1695582560609498e-05,2.4060136521854033e-05,1.7813742160775212e-05
196,8.8516507886746986e-05,9.5143907002691052e-07,3.1313494594455935e-06,7.9907160048738327e-06,1.4816409984741423e-05,2.1033477308373008e-05,2.3324426091215908e-05,1.7268689968070306e-05
197,8.5828615318239007e-05,9.2654478650402990e-07,3.0412083163249213e-06,7.7512617767736528e-06,1.4366491548086073e-05,2.0391579459771106e-05,2.2611213582346092e-05,1.6740315848433134e-05
198,8.3222343934779661e-05,9.0228311440528766e-07,2.9536518871710293e-06,7.5189805552888215e-06,1.3930235723404164e-05,1.9769272236914662e-05,2.1919810971734554e-05,1.6228109445861144e-05
199,8.0695215153939518e-05,8.7863864871276748e-07,2.8686063833095108e-06,7.2936575373559289e-06,1.3507227595336166e-05,1.9165957689789966e-05,2.1249551277810672e-05,1.5731576021624512e-05
200,7.8244825664799665e-05,8.5559633484639921e-07,2.7860001123661614e-06,7.0750843513409764e-06,1.3097064851068336e-05,1.8581056121371992e-05,2.0599787917398271e-05,1.5250235976407524e-05
201,7.5868845141649629e-05,8.3314146163863252e-07,2.7057634190117957e-06,6.8630588644154157e-06,1.2699357397364096e-05,1.8014005530301640e-05,1.9969894081851867e-05,1.4783624387066184e-05
202,7.3565014027163902e-05,8.1125965441132972e-07,2.6278286273752524e-06,6.6573849957113093e-06,1.2313726989248678e-05,1.7464261070589545e-05,1.9359262132272237e-05,1.4331290557555554e-05
203,7.1331141382942543e-05,7.8993686815515850e-07,2.5521299850775619e-06,6.4578725350811937e-06,1.1939806869991215e-05,1.6931294527825412e-05,1.8767303013218197e-05,1.3892797583593809e-05
204,6.9165102805366263e-05,7.6915938081165779e-07,2.4786036088416291e-06,6.2643369672936293e-06,1.1577241422039223e-05,1.6414593811388044e-05,1.8193445684348812e-05,1.3467721930643275e-05
205,6.7064838404778878e-05,7.4891378665804039e-07,2.4071874316330718e-06,6.0765993015005756e-06,1.1225685828571236e-05,1.5913662462166593e-05,1.7637136569447907e-05,1.3055653024801458e-05
206,6.5028350846070513e-05,7.2918698979471221e-07,2.3378211512891271e-06,5.8944859058177613e-06,1.0884805745343537e-05,1.5428019175318548e-05,1.7097839022299366e-05,1.2656192856207463e-05
207,6.3053703448794123e-05,7.0996619773538042e-07,2.2704461805937855e-06,5.7178283468640497e-06,1.0554276982516956e-05,1.4957197337604739e-05,1.6575032808897915e-05,1.2268955594581299e-05
208,6.1139018345004483e-05,6.9123891509955080e-07,2.2050055987584619e-06,5.5464632341105314e-06,1.0233785196159408e-05,1.4500744578855528e-05,1.6068213605495870e-05,1.1893567216525132e-05
209,5.9282474693064220e-05,6.7299293740712454e-07,2.1414441042687350e-06,5.3802320688945960e-06,9.9230255891290616e-06,1.4058222337136122e-05,1.5576892512001643e-05,1.1529665144226941e-05
210,5.7482306945715050e-05,6.5521634497473151e-07,2.0797079690587385e-06,5.2189810979586743e-06,9.6217026210522566e-06,1.3629205437192216e-05,1.5100595580260465e-05,1.1176897895217970e-05
211,5.5736803170764180e-05,6.3789749691336863e-07,2.0197449939759217e-06,5.0625611713775771e-06,9.3295297271189592e-06,1.3213281681769998e-05,1.4638863356762358e-05,1.0834924742845995e-05
212,5.4044303422785994e-05,6.2102502522683850e-07,1.9615044654999478e-06,4.9108276047425246e-06,9.0462290454270640e-06,1.2810051455416880e-05,1.4191250439336000e-05,1.0503415387136742e-05
213,5.2403198164288364e-05,6.0458782901042730e-07,1.9049371136804999e-06,4.7636400454739309e-06,8.7715311526151544e-06,1.2419127340381642e-05,1.3757325047400890e-05,1.0182049635725819e-05
214,5.0811926734839427e-05,5.8857506874919868e-07,1.8499950712597826e-06,4.6208623431389290e-06,8.5051748075312016e-06,1.2040133744243993e-05,1.3336668605363131e-05,9.8705170945531881e-06
215,4.9268975866697370e-05,5.7297616071522846e-07,1.7966318339464725e-06,4.4823624236533464e-06,8.2469067026925195e-06,1.1672706538915271e-05,1.2928875338752910e-05,9.5685168680216211e-06
216,4.7772878245529337e-05,5.5778077146305089e-07,1.7448022218087857e-06,4.3480121672514861e-06,7.9964812232997368e-06,1.1316492710662646e-05,1.2533551882713931e-05,9.2757572683297048e-06
217,4.6322211114849230e-05,5.4297881242254444e-07,1.6944623417552717e-06,4.2176872901106332e-06,7.7536602135747842e-06,1.0971150020820074e-05,1.2150316902467135e-05,8.9919555336987869e-06
218,4.4915594922845511e-05,5.2856043458843903e-07,1.6455695510728041e-06,4.0912672295205802e-06,7.5182127502000067e-06,1.0636346676859426e-05,1.1778800725382434e-05,8.7168375552218236e-06
219,4.3551692010310820e-05,5.1451602330558482e-07,1.5980824219921031e-06,3.9686350324918064e-06,7.2899149226422161e-06,1.0311761013505210e-05,1.1418644984303466e-05,8.4501376120704378e-06
220,4.2229205338424288e-05,5.0083619314909044e-07,1.5519607072519660e-06,3.8496772476991587e-06,7.0685496201522247e-06,9.9970811835861235e-06,1.1069502271781231e-05,8.1915981148044935e-06
221,4.0946877255175400e-05,4.8751178289839804e-07,1.5071653066341809e-06,3.7342838206609717e-06,6.8539063252366954e-06,9.6920048583258690e-06,1.0731035804882953e-05,7.9409693565363329e-06
222,3.9703488299255416e-05,4.7453385060433741e-07,1.4636582344418918e-06,3.6223479920566289e-06,6.6457809134054244e-06,9.3962389367849468e-06,1.0402919100252743e-05,7.6980092717094461e-06
223,3.8497856040277564e-05,4.6189366874816819e-07,1.4214025878949443e-06,3.5137661990884269e-06,6.4439754590031277e-06,9.1094992641738303e-06,1.0084835659110517e-05,7.4624832022585491e-06
224,3.7328833954222403e-05,4.4958271949159584e-07,1.3803625164164873e-06,3.4084379797965092e-06,6.2482980469406816e-06,8.8315103587665569e-06,9.7764786618852179e-06,7.2341636709253596e-06
225,3.6195310333038010e-05,4.3759269001672176e-07,1.3405031917858208e-06,3.3062658802383283e-06,6.0585625901463689e-06,8.5620051471520090e-06,9.4775506721877003e-06,7.0128301615110637e-06
226,3.5096207227357159e-05,4.2591546795486973e-07,1.3017907791331844e-06,3.2071553644467940e-06,5.8745886525631748e-06,8.3007247075682498e-06,9.1877633498375744e-06,6.7982689058533153e-06
227,3.4030479421325533e-05,4.1454313690320648e-07,1.2641924087528675e-06,3.1110147270838403e-06,5.6962012775235003e-06,8.0474180210729764e-06,8.9068371726671483e-06,6.5902726773219955e-06
228,3.2997113438565252e-05,4.0346797202806490e-07,1.2276761487116682e-06,3.0177550087086400e-06,5.5232308213377525e-06,7.8018417303108102e-06,8.6345011668340008e-06,6.3886405906343152e-06
229,3.1995126578327912e-05,3.9268243575385528e-07,1.1922109782303862e-06,2.9272899135821395e-06,5.3555127919383195e-06,7.5637599056453790e-06,8.3704926453819416e-06,6.1931779077958915e-06
230,3.1023565980919965e-05,3.8217917353644435e-07,1.1577667618166543e-06,2.8395357299319230e-06,5.1928876924252102e-06,7.3329438184312499e-06,8.1145569547981063e-06,6.0036958499803774e-06
231,3.0081507721511178e-05,3.7195100971986598e-07,1.1243142241280152e-06,2.7544112526037176e-06,5.0352008693643599e-06,7.1091717212077033e-06,7.8664472293215700e-06,5.8200114151659428e-06
232,2.9168055931463992e-05,3.6199094347521953e-07,1.0918249255447457e-06,2.6718377080280584e-06,4.8823023656941281e-06,6.8922286346029233e-06,7.6259241527664645e-06,5.6419472013524518e-06
233,2.8282341946347778e-05,3.5229214482060529e-07,1.0602712384325049e-06,2.5917386814327556e-06,4.7340467780999075e-06,6.6819061407437180e-06,7.3927557276297112e-06,5.4693312351885777e-06
234,2.7423523479827375e-05,3.4284795072093659e-07,1.0296263240754345e-06,2.5140400462339473e-06,4.5902931187210535e-06,6.4780021829720729e-06,7.1667170512605910e-06,5.3019968058433394e-06
235,2.6590783822639913e-05,3.3365186126646931e-07,9.9986411026088402e-07,2.4386698955404581e-06,4.4509046810584499e-06,6.2803208716759643e-06,6.9475900988761434e-06,5.1397823039615469e-06
236,2.5783331065898014e-05,3.2469753592887782e-07,9.7095926949746229e-07,2.3655584757082230e-06,4.3157489099550520e-06,6.0886722960477254e-06,6.7351635132130453e-06,4.9825310655476276e-06
237,2.5000397347980251e-05,3.1597878989371352e-07,9.4288719784862435e-07,2.2946381218833729e-06,4.1846972755256224e-06,5.9028723415889727e-06,6.5292324006129443e-06,4.8300912206270031e-06
238,2.4241238124292624e-05,3.0748959046807248e-07,9.1562399436450112e-07,2.2258431954744520e-06,4.0576251509156687e-06,5.7227425131865978e-06,6.3295981333444953e-06,4.6823155465388369e-06
239,2.3505131459206205e-05,2.9922405356230551e-07,8.8914644109516479e-07,2.1591100234960185e-06,3.9344116937731945e-06,5.5481097635897427e-06,6.1360681579713613e-06,4.5390613257184174e-06
240,2.2791377339497524e-05,2.9117644024460077e-07,8.6343198366898952e-07,2.0943768397276010e-06,3.8149397313204791e-06,5.3788063271228264e-06,5.9484558095812306e-06,4.4001902078317969e-06
241,2.2099297008638495e-05,2.8334115336727433e-07,8.3845871242022728e-07,2.0315837276336688e-06,3.6990956489164670e-06,5.2146695584747638e-06,5.7665801316965914e-06,4.2655680761295013e-06
242,2.1428232321302694e-05,2.7571273426360485e-07,8.1420534405035821e-07,1.9706725649919120e-06,3.5867692820037370e-06,5.0555417764093711e-06,5.5902657016935019e-06,4.1350649178902089e-06
243,2.0777545117473975e-05,2.6828585951405502e-07,7.9065120380821155e-07,1.9115869701786913e-06,3.4778538113371992e-06,4.9012701122467195e-06,5.4193424615598749e-06,4.0085546988292197e-06
244,2.0146616615561975e-05,2.6105533778072462e-07,7.6777620817426874e-07,1.8542722500620567e-06,3.3722456613948220e-06,4.7517063629697432e-06,5.2536455538299529e-06,3.8859152413504083e-06
245,1.9534846823947427e-05,2.5401610670888812e-07,7.4556084803496824e-07,1.7986753494542302e-06,3.2698444018737183e-06,4.6067068488149242e-06,5.0930151625366758e-06,3.7670281065240222e-06
246,1.8941653970397313e-05,2.4716322989447517e-07,7.2398617233323250e-07,1.7447448020768666e-06,3.1705526521778536e-06,4.4661322752101207e-06,4.9372963590284452e-06,3.6517784796763193e-06
247,1.8366473948807358e-05,2.4049189391635935e-07,7.0303377218181709e-07,1.6924306829938329e-06,3.0742759888064915e-06,4.3298475989268147e-06,4.7863389525015342e-06,3.5400550594805073e-06
248,1.7808759782745467e-05,2.3399740543232804e-07,6.8268576542645957e-07,1.6416845624675721e-06,2.9809228555552675e-06,4.1977218983181355e-06,4.6399973451038637e-06,3.4317499504418393e-06
249,1.7267981105285930e-05,2.2767518833761537e-07,6.6292478164617162e-07,1.5924594611964644e-06,2.8904044764444289e-06,4.0696282475178984e-06,4.4981303914703633e-06,3.3267585586729891e-06
250,1.6743623654639659e-05,2.2152078098488871e-07,6.4373394757836625e-07,1.5447098068918446e-06,2.8026347712914226e-06,3.9454435944797407e-06,4.3606012625543703e-06,3.2249794908590252e-06
251,1.6235188785100643e-05,2.1552983346458775e-07,6.2509687295686468e-07,1.4983913921545979e-06,2.7175302738474868e-06,3.8250486427391073e-06,4.2272773136236368e-06,3.1263144563143635e-06
252,1.5742192992843609e-05,2.0969810494452679e-07,6.0699763675115249e-07,1.4534613336124334e-06,2.6350100524203649e-06,3.7083277367844452e-06,4.0980299562936166e-06,3.0306681720370702e-06
253,1.5264167456121742e-05,2.0402146106767876e-07,5.8942077379558797e-07,1.4098780322801229e-06,2.5549956329076360e-06,3.5951687509274073e-06,3.9727345344745021e-06,2.9379482706688035e-06
254,1.4800657589427215e-05,1.9849587140707243e-07,5.7235126179757716e-07,1.3676011351060973e-06,2.4774109241674301e-06,3.4854629815652583e-06,3.8512702041123291e-06,2.8480652112714525e-06
255,1.4351222611190527e-05,1.9311740697674367e-07,5.5577450871404030e-07,1.3265914976699089e-06,2.4021821456555319e-06,3.3791050427319091e-06,3.7335198166081055e-06,2.7609321928342868e-06
256,1.3915435124607357e-05,1.8788223779769376e-07,5.3967634048578878e-07,1.2868111479961205e-06,2.3292377572600397e-06,3.2759927648372024e-06,3.6193698058024672e-06,2.6764650704280424e-06
257,1.3492880711194431e-05,1.8278663051781876e-07,5.2404298911972955e-07,1.2482232514512097e-06,2.2585083912668299e-06,3.1760270964970980e-06,3.5087100784167939e-06,2.5945822739249507e-06
258,1.3083157536687751e-05,1.7782694608478658e-07,5.0886108110908924e-07,1.2107920766910910e-06,2.1899267863911073e-06,3.0791120093604177e-06,3.4014339078450861e-06,2.5152047292061731e-06
259,1.2685875968908357e-05,1.7299963747084971e-07,4.9411762618212897e-07,1.1744829626278089e-06,2.1234277238122908e-06,2.9851544058406602e-06,3.2974378311941015e-06,2.4382557817805172e-06
260,1.2300658207232263e-05,1.6830124744859459e-07,4.7980000637008708e-07,1.1392622863849123e-06,2.0589479651513882e-06,2.8940640296642100e-06,3.1966215494724184e-06,2.3636611227406538e-06
261,1.1927137923312097e-05,1.6372840641664091e-07,4.6589596538534349e-07,1.1050974322119264e-06,1.9964261923318626e-06,2.8057533791489536e-06,3.0988878308320923e-06,2.2913487169852773e-06
262,1.1564959912708800e-05,1.5927783027431622e-07,4.5239359830105919e-07,1.0719567613292199e-06,1.9358029492667897e-06,2.7201376231299681e-06,3.0041424167695606e-06,2.2212487336378862e-06
263,1.1213779757102055e-05,1.5494631834434521e-07,4.3928134152377981e-07,1.0398095826754338e-06,1.8770205853168342e-06,2.6371345194514559e-06,2.9122939311952718e-06,2.1532934785949348e-06
264,1.0873263496758191e-05,1.5073075134260534e-07,4.2654796305073837e-07,1.0086261245304598e-06,1.8200232004652661e-06,2.5566643359466020e-06,2.8232537922843073e-06,2.0874173291382118e-06
265,1.0543087312944070e-05,1.4662808939401308e-07,4.1418255300382056e-07,9.7837750698777611e-07,1.7647565921578760e-06,2.4786497738294019e-06,2.7369361270229282e-06,2.0235566705482532e-06
266,1.0222937219984927e-05,1.4263537009361948e-07,4.0217451443238244e-07,9.4903571525071932e-07,1.7111682037572110e-06,2.4030158934248277e-06,2.6532576883686020e-06,1.9616498346575641e-06
267,9.9125087666733008e-06,1.3874970661200575e-07,3.9051355437732845e-07,9.2057357372804608e-07,1.6592070745621222e-06,2.3296900421659562e-06,2.5721377749435654e-06,1.9016370402842766e-06
268,9.6115067467450823e-06,1.3496828584408350e-07,3.7918967518907161e-07,8.9296472090486126e-07,1.6088237913450736e-06,2.2586017847888579e-06,2.4934981531844388e-06,1.8434603354886953e-06
269,9.3196449181473331e-06,1.3128836660041765e-07,3.6819316609220431e-07,8.6618358496571668e-07,1.5599704413611201e-06,2.1896828356581544e-06,2.4172629818727751e-06,1.7870635415969450e-06
270,9.0366457308309254e-06,1.2770727784020268e-07,3.5751459498991032e-07,8.4020536014737260e-07,1.5126005667838674e-06,2.1228669931582114e-06,2.3433587389737206e-06,1.7323921989376407e-06
271,8.7622400628090668e-06,1.2422241694503740e-07,3.4714480050134135e-07,8.1500598379938579e-07,1.4666691205250695e-06,2.0580900760868995e-06,2.2717141507121828e-06,1.6793935142391504e-06
272,8.4961669642307725e-06,1.2083124803265551e-07,3.3707488422537670e-07,7.9056211413135024e-07,1.4221324233958495e-06,1.9952898619908097e-06,2.2022601228180954e-06,1.6280163096366358e-06
273,8.2381734092258484e-06,1.1753130030978345e-07,3.2729620322436374e-07,7.6685110862623773e-07,1.3789481225687990e-06,1.9344060273826518e-06,2.1349296738744116e-06,1.5782109732396020e-06
274,7.9880140552853936e-06,1.1432016646331008e-07,3.1780036272162150e-07,7.4385100309991031e-07,1.3370751513014502e-06,1.8753800897833724e-06,2.0696578707035317e-06,1.5299294112121977e-06
275,7.7454510099490101e-06,1.1119550108896580e-07,3.0857920900666114e-07,7.2154049138746879e-07,1.2964736898828120e-06,1.8181553515333162e-06,2.0063817657298131e-06,1.4831250013199735e-06
276,7.5102536045768266e-06,1.0815501915672209e-07,2.9962482254224879e-07,6.9989890563767924e-07,1.2571051277658347e-06,1.7626768453184046e-06,1.9450403362577214e-06,1.4377525478982155e-06
277,7.2821981749911936e-06,1.0519649451213598e-07,2.9092951126760084e-07,6.7890619719728277e-07,1.2189320268497799e-06,1.7088912813590010e-06,1.8855744256070419e-06,1.3937682381983513e-06
278,7.0610678487794451e-06,1.0231775841287610e-07,2.8248580409216095e-07,6.5854291806753655e-07,1.1819180858775826e-06,1.6567469962106979e-06,1.8279266860483422e-06,1.3511296000702492e-06
279,6.8466523390554494e-06,9.9516698099681292e-08,2.7428644457456682e-07,6.3879020291586217e-07,1.1460281059143402e-06,1.6061939031278261e-06,1.7720415234836373e-06,1.3097954609395359e-06
280,6.6387477444838210e-06,9.6791255401014310e-08,2.6632438478156364e-07,6.1962975162599218e-07,1.1112279568741035e-06,1.5571834439419852e-06,1.7178650438188719e-06,1.2697259080402905e-06
281,6.4371563553766147e-06,9.4139425370687148e-08,2.5859277932177099e-07,6.0104381237049777e-07,1.0774845450631270e-06,1.5096685424093502e-06,1.6653450009764775e-06,1.2308822498647036e-06
282,6.2416864656781026e-06,9.1559254957746600e-08,2.5108497954935021e-07,5.8301516519006734e-07,1.0447657817087167e-06,1.4636035589819198e-06,1.6144307464978507e-06,1.1932269787924513e-06
283,6.0521521906588407e-06,8.9048841707921455e-08,2.4379452793276279e-07,5.6552710606437238e-07,1.0130405524437436e-06,1.4189442469592395e-06,1.5650731806871144e-06,1.1567237348636869e-06
284,5.8683732901456413e-06,8.6606332495945561e-08,2.3671515258394140e-07,5.4856343145980648e-07,9.8227868771780408e-07,1.3756477099784672e-06,1.5172247052490317e-06,1.1213372706606451e-06
285,5.6901749971193537e-06,8.4229922288082962e-08,2.2984076194332988e-07,5.3210842333982963e-07,9.5245093410688125e-07,1.3336723608019252e-06,1.4708391773753691e-06,1.0870334172639358e-06
286,5.5173878515174583e-06,8.1917852934193827e-08,2.2316543961637521e-07,5.1614683462407384e-07,9.2352892649423042e-07,1.2929778813625331e-06,1.4258718652354143e-06,1.0537790512506378e-06
287,5.3498475390834071e-06,7.9668411988692396e-08,2.1668343935717872e-07,5.0066387508277774e-07,8.9548516109602622e-07,1.2535251840287320e-06,1.3822794048276947e-06,1.0215420627023049e-06
288,5.1873947351094720e-06,7.7479931559759371e-08,2.1038918019513570e-07,4.8564519765352711e-07,8.6829296930611932e-07,1.2152763740516695e-06,1.3400197581512773e-06,9.9029132419198398e-07
289,5.0298749529245073e-06,7.5350787186184346e-08,2.0427724170050834e-07,4.7107688516765697e-07,8.4192649233503245e-07,1.1781947131585614e-06,1.2990521726562819e-06,9.5999666072028217e-07
290,4.8771383969825178e-06,7.3279396741224382e-08,1.9834235938499338e-07,4.5694543747406056e-07,8.1636065661907164e-07,1.1422445842572481e-06,1.2593371419344856e-06,9.3062882057143349e-07
291,4.7290398204123500e-06,7.1264219362877381e-08,1.9257942023345531e-07,4.4323775894850920e-07,7.9157114997617225e-07,1.1073914572180199e-06,1.2208363676120981e-06,9.0215944706121833e-07
292,4.5854383868930331e-06,6.9303754409980216e-08,1.8698345836310380e-07,4.2994114637694642e-07,7.6753439848579818e-07,1.0736018556998381e-06,1.1835127224079300e-06,8.7456105114943632e-07
293,4.4461975367233927e-06,6.7396540443552618e-08,1.8154965080650047e-07,4.1704327720156256e-07,7.4422754407091336e-07,1.0408433249890656e-06,1.1473302143213219e-06,8.4780698489047640e-07
294,4.3111848569586122e-06,6.5541154232819520e-08,1.7627331341488013e-07,4.0453219811879527e-07,7.2162842276069930e-07,1.0090844008198076e-06,1.1122539519152746e-06,8.2187141569633539e-07
295,4.1802719554902072e-06,6.3736209785355435e-08,1.7114989687837223e-07,3.9239631401871987e-07,6.9971554361335212e-07,9.7829457914589586e-07,1.0782501106612898e-06,7.9672930138722156e-07
296,4.0533343389496955e-06,6.1980357400805258e-08,1.6617498285980417e-07,3.8062437725561493e-07,6.7846806827891180e-07,9.4844428683547404e-07,1.0452859003134440e-06,7.7235636600564157e-07
297,3.9302512943198337e-06,6.0272282747646961e-08,1.6134428023886107e-07,3.6920547723978885e-07,6.5786579118268910e-07,9.1950485326001749e-07,1.0133295332802266e-06,7.4872907637060311e-07
298,3.8109057741408364e-06,5.8610705962472159e-08,1.5665362146346858e-07,3.5812903034105434e-07,6.3788912031044349e-07,8.9144848275049274e-07,9.8235019396361810e-07,7.2582461934928721e-07
299,3.6951842852024340e-06,5.6994380771270776e-08,1.5209895900535330e-07,3.4738477009452059e-07,6.1851905857704170e-07,8.6424822789418394e-07,9.5231800903583243e-07,7.0362087982423067e-07
300,3.5829767806158788e-06,5.5422093632216953e-08,1.4767636191682170e-07,3.3696273769965736e-07,5.9973718576087493e-07,8.3787796364652982e-07,9.2320401862504348e-07,6.8209641933473454e-07
301,3.4741765551633104e-06,5.3892662899462933e-08,1.4338201248588120e-07,3.2685327280385089e-07,5.8152564098685798e-07,8.1231236223309298e-07,8.9498014838229815e-07,6.6123045537186627e-07
302,3.3686801438249183e-06,5.2404938007458024e-08,1.3921220298690914e-07,3.1704700456193726e-07,5.6386710574135078e-07,7.8752686881754533e-07,8.6761918240266303e-07,6.4100284130705476e-07
303,3.2663872233874270e-06,5.0957798675319570e-08,1.3516333252415420e-07,3.0753484296345327e-07,5.4674478740284753e-07,7.6349767791228754e-07,8.4109473697448213e-07,6.2139404693488296e-07
304,3.1672005170403378e-06,4.9550154130792653e-08,1.3123190396543109e-07,2.9830797041959055e-07,5.3014240327277583e-07,7.4020171050903788e-07,8.1538123513141850e-07,6.0238513961129132e-07
305,3.0710257018691823e-06,4.8180942353344493e-08,1.2741452096344430e-07,2.8935783360207972e-07,5.1404416509121527e-07,7.1761659190741047e-07,7.9045388198272687e-07,5.8395776596896105e-07
306,2.9777713191578403e-06,4.6849129335949595e-08,1.2370788506224921e-07,2.8067613552646396e-07,4.9843476402281258e-07,6.9572063022018467e-07,7.6628864079795877e-07,5.6609413419222150e-07
307,2.8873486874146027e-06,4.5553708365130147e-08,1.2010879288642895e-07,2.7225482787244601e-07,4.8329935609861421e-07,6.7449279553460503e-07,7.4286220982302331e-07,5.4877699683435533e-07
308,2.7996718180392834e-06,4.4293699318826000e-08,1.1661413341063437e-07,2.6408610353421312e-07,4.6862354809997310e-07,6.5391269970969281e-07,7.2015199980524209e-07,5.3198963416070209e-07
309,2.7146573335511717e-06,4.3068147981677201e-08,1.1322088530720057e-07,2.5616238939385451e-07,4.5439338387110268e-07,6.3396057679015460e-07,6.9813611220570964e-07,5.1571583800147220e-07
310,2.6322243883000707e-06,4.1876125377310854e-08,1.0992611436961855e-07,2.4847633931119447e-07,4.4059533104726610e-07,6.1461726401806717e-07,6.7679331807794220e-07,4.9993989609867125e-07
311,2.5522945915850199e-06,4.0716727117232889e-08,1.0672697100970290e-07,2.4102082732356183e-07,4.2721626818597492e-07,5.9586418342409528e-07,6.5610303759243873e-07,4.8464657693201328e-07
312,2.4747919331075807e-06,3.9589072765933733e-08,1.0362068782635795e-07,2.3378894104921198e-07,4.1424347228896241e-07,5.7768332398055134e-07,6.3604532018739693e-07,4.6982111500916625e-07
313,2.3996427106888068e-06,3.8492305221825388e-08,1.0060457724390419e-07,2.2677397528830453e-07,4.0166460670306434e-07,5.6005722429915096e-07,6.1660082532643832e-07,4.5544919660611921e-07
314,2.3267754601811535e-06,3.7425590113635454e-08,9.7676029217984200e-08,2.1996942581552333e-07,3.8946770938850056e-07,5.4296895585683711e-07,5.9775080384477599e-07,4.4151694594389692e-07
315,2.2561208875086703e-06,3.6388115211891944e-08,9.4832509007123208e-08,2.1336898335860064e-07,3.7764118154340169e-07,5.2640210673355506e-07,5.7947707986583008e-07,4.2801091178826792e-07
316,2.1876118027708629e-06,3.5379089855140449e-08,9.2071555008075049e-08,2.0696652775718126e-07,3.6617377657376322e-07,5.1034076584635434e-07,5.6176203327084502e-07,4.1491805445950377e-07
317,2.1211830563475415e-06,3.4397744390543260e-08,8.9390776653135662e-08,2.0075612229662736e-07,3.5505458939833653e-07,4.9476950766466679e-07,5.4458858270459454e-07,4.0222573323963769e-07
318,2.0567714769439109e-06,3.3443329628517478e-08,8.6787852367658888e-08,1.9473200821152634e-07,3.4427304607828833e-07,4.7967337739207527e-07,5.2794016910078345e-07,3.8992169416506141e-07
319,1.9943158115169717e-06,3.2515116311076768e-08,8.4260527586059179e-08,1.8888859935382188e-07,3.3381889376176343e-07,4.6503787660033551e-07,5.1180073971124822e-07,3.7799405819266666e-07
320,1.9337566670261120e-06,3.1612394593548840e-08,8.1806612824633791e-08,1.8322047702063915e-07,3.2368219093379226e-07,4.5084894930184500e-07,4.9615473262355200e-07,3.6643130972810096e-07
321,1.8750364539524964e-06,3.0734473539347830e-08,7.9423981809585363e-08,1.7772238493702350e-07,3.1385329796226730e-07,4.3709296844718080e-07,4.8098706175203661e-07,3.5522228550505499e-07
322,1.8180993315335368e-06,2.9880680627488087e-08,7.7110569658670627e-08,1.7238922438895450e-07,3.0432286793100090e-07,4.2375672283472884e-07,4.6628310228785276e-07,3.4435616380484107e-07
323,1.7628911546603676e-06,2.9050361272532468e-08,7.4864371114946524e-08,1.6721604950213622e-07,2.9508183775114523e-07,4.1082740441982864e-07,4.5202867659393021e-07,3.3382245400584841e-07
324,1.7093594223878272e-06,2.8242878356675622e-08,7.2683438831127591e-08,1.6219806266219921e-07,2.8612141954252199e-07,3.9829259601123917e-07,4.3821004053128341e-07,3.2361098645278014e-07
325,1.6574532280079803e-06,2.7457611773668812e-08,7.0565881703111372e-08,1.5733061007208040e-07,2.7743309227666686e-07,3.8614025934310618e-07,4.2481387020345939e-07,3.1371190263588747e-07
326,1.6071232106397023e-06,2.6693957984300010e-08,6.8509863251268924e-08,1.5260917744247383e-07,2.6900859367363940e-07,3.7435872351096590e-07,4.1182724910634126e-07,3.0411564567071296e-07
327,1.5583215082882856e-06,2.5951329583148965e-08,6.6513600048137743e-08,1.4802938581136762e-07,2.6083991234489455e-07,3.6293667376067899e-07,3.9923765567090942e-07,2.9481295106914826e-07
328,1.5110017123304376e-06,2.5229154876343602e-08,6.4575360191192823e-08,1.4358698748880255e-07,2.5291928017474279e-07,3.5186314061951946e-07,3.8703295118694510e-07,2.8579483779289123e-07
329,1.4651188233813795e-06,2.4526877470050074e-08,6.2693461819409412e-08,1.3927786212310238e-07,2.4523916493315394e-07,3.4112748935897779e-07,3.7520136809602528e-07,2.7705259958066048e-07
330,1.4206292085020793e-06,2.3843955869434977e-08,6.0866271672367290e-08,1.3509801288493990e-07,2.3779226311288050e-07,3.3071940977915137e-07,3.6373149864251454e-07,2.6857779654079061e-07
331,1.3774905597059271e-06,2.3179863087844267e-08,5.9092203690682099e-08,1.3104356276570872e-07,2.3057149298408750e-07,3.2062890630491120e-07,3.5261228387160707e-07,2.6036224700108646e-07
332,1.3356618537253914e-06,2.2534086265948986e-08,5.7369717656583647e-08,1.2711075098677994e-07,2.2356998785988526e-07,3.1084628838432382e-07,3.4183300296380546e-07,2.5239801960806422e-07
333,1.2951033130003928e-06,2.1906126300613996e-08,5.5697317873494724e-08,1.2329592951632193e-07,2.1678108956636018e-07,3.0136216118010784e-07,3.3138326289554556e-07,2.4467742566794839e-07
334,1.2557763678513065e-06,2.1295497483251112e-08,5.4073551883496370e-08,1.1959555969046380e-07,2.1019834211089412e-07,2.9216741654517910e-07,3.2125298841599613e-07,2.3719301172202601e-07
335,1.2176436198006117e-06,2.0701727147423856e-08,5.2497009221597381e-08,1.1600620893567659e-07,2.0381548554275062e-07,2.8325322427361408e-07,3.1143241233036227e-07,2.2993755234918686e-07
336,1.1806688060083095e-06,2.0124355325476248e-08,5.0966320205756589e-08,1.1252454758934280e-07,1.9762645000009004e-07,2.7461102361862644e-07,3.0191206608031991e-07,2.2290404318869747e-07
337,1.1448167647872954e-06,1.9562934413963305e-08,4.9480154761636038e-08,1.0914734581557274e-07,1.9162534993775284e-07,2.6623251506940592e-07,2.9268277061249454e-07,2.1608569417647002e-07
338,1.1100534021658841e-06,1.9017028847666197e-08,4.8037221281092803e-08,1.0587147061341641e-07,1.8580647853032074e-07,2.5810965237892012e-07,2.8373562752617575e-07,2.0947592298829218e-07
339,1.0763456594656948e-06,1.8486214781979880e-08,4.6636265513444741e-08,1.0269388291470356e-07,1.8016430224513433e-07,2.5023463483501902e-07,2.7506201049172779e-07,2.0306834868368558e-07
340,1.0436614818640615e-06,1.7970079783466139e-08,4.5276069488573561e-08,9.9611634768828064e-08,1.7469345558010584e-07,2.4259989976741632e-07,2.6665355693141829e-07,1.9685678554425339e-07
341,1.0119697879110741e-06,1.7468222528369722e-08,4.3955450470954630e-08,9.6621866611873248e-08,1.6938873596132281e-07,2.3519811528334902e-07,2.5850215995463979e-07,1.9083523710056479e-07
342,9.8124043997226070e-07,1.6980252508899944e-08,4.2673259943729422e-08,9.3721804617551791e-08,1.6424509879559053e-07,2.2802217322493581e-07,2.5059996053974469e-07,1.8499789034180855e-07
343,9.5144421556880559e-07,1.6505789747084867e-08,4.1428382621961127e-08,9.0908758127510811e-08,1.5925765267320867e-07,2.2106518234146712e-07,2.4293933995495216e-07,1.7933911010262079e-07
344,9.2255277958804371e-07,1.6044464516009663e-08,4.0219735494238825e-08,8.8180117158624787e-08,1.5442165471641956e-07,2.1432046167006829e-07,2.3551291241101506e-07,1.7385343362166760e-07
345,8.9453865733781136e-07,1.5595917068255149e-08,3.9046266891819215e-08,8.5533349984970858e-08,1.4973250606910525e-07,2.0778153411837508e-07,2.2831351793856080e-07,1.6853556526672504e-07
346,8.6737520841902244e-07,1.5159797371356922e-08,3.7906955584517855e-08,8.2966000792250314e-08,1.4518574752344373e-07,2.0144212024305690e-07,2.2133421548323420e-07,1.6338037142116254e-07
347,8.4103660139162841e-07,1.4735764850109706e-08,3.6800809902584619e-08,8.0475687402485640e-08,1.4077705527936566e-07,1.9529613221820991e-07,2.1456827621198250e-07,1.5838287552689030e-07
348,8.1549778920986807e-07,1.4323488135545695e-08,3.5726866883819565e-08,7.8060099066889650e-08,1.3650223683277897e-07,1.8933766798782547e-07,2.0800917702402545e-07,1.5353825327898327e-07
349,7.9073448540344852e-07,1.3922644820419765e-08,3.4684191445206770e-08,7.5716994324863811e-08,1.3235722698865127e-07,1.8356100559671558e-07,2.0165059426025121e-07,1.4884182796734009e-07
350,7.6672314098200350e-07,1.3532921221038365e-08,3.3671875578364177e-08,7.3444198927146233e-08,1.2833808399515834e-07,1.7796059769444886e-07,1.9548639760496953e-07,1.4428906596087801e-07
351,7.4344092204087035e-07,1.3154012145272873e-08,3.2689037568127647e-08,7.1239603821187163e-08,1.2444098579522277e-07,1.7253106620701758e-07,1.8951064417414099e-07,1.3987557232990134e-07
352,7.2086568804688602e-07,1.2785620666601872e-08,3.1734821233606643e-08,6.9101163196888852e-08,1.2066222639187783e-07,1.6726719717111525e-07,1.8371757278437841e-07,1.3559708660241718e-07
353,6.9897597078355362e-07,1.2427457904030689e-08,3.0808395191067945e-08,6.7026892590901500e-08,1.1699821232400044e-07,1.6216393572606248e-07,1.7810159839719311e-07,1.3144947865029738e-07
354,6.7775095393555864e-07,1.2079242807740023e-08,2.9908952138022223e-08,6.5014867047721569e-08,1.1344545924906141e-07,1.5721638125857084e-07,1.7265730673312730e-07,1.2742874470131522e-07
355,6.5717045329321856e-07,1.1740701950319187e-08,2.9035708157906018e-08,6.3063219335891035e-08,1.1000058862964371e-07,1.5241978269567789e-07,1.6737944905057641e-07,1.2353100347320436e-07
356,6.3721489755804167e-07,1.1411569323442859e-08,2.8187902044768983e-08,6.1170138217647295e-08,1.0666032452057725e-07,1.4776953394133292e-07,1.6226293708426616e-07,1.1975249242600613e-07
357,6.1786530973114157e-07,1.1091586139853729e-08,2.7364794647393146e-08,5.9333866770422752e-08,1.0342149045363560e-07,1.4326116945224924e-07,1.5730283813850117e-07,1.1608956412908592e-07
358,5.9910328906681034e-07,1.0780500640516637e-08,2.6565668232287326e-08,5.7552700758640834e-08,1.0028100641683101e-07,1.3889035994877137e-07,1.5249437033045332e-07,1.1253868273930981e-07
359,5.8091099357408514e-07,1.0478067906813253e-08,2.5789825865015588e-08,5.5824987054302201e-08,9.7235885925436439e-08,1.3465290825663774e-07,1.4783289797890017e-07,1.0909642058697974e-07
360,5.6327112304967196e-07,1.0184049677649265e-08,2.5036590809334187e-08,5.4149122104899435e-08,9.4283233181948113e-08,1.3054474527564370e-07,1.4331392713396714e-07,1.0575945486623007e-07
361,5.4616690262608817e-07,9.8982141713493910e-09,2.4305305943626433e-08,5.2523550447242684e-08,9.1420240322288537e-08,1.2656192607133165e-07,1.3893310124356034e-07,1.0252456442668913e-07
362,5.2958206681938117e-07,9.6203359122183930e-09,2.3595333194139377e-08,5.0946763265820949e-08,8.8644184745630943e-08,1.2270062608595370e-07,1.3468619695231074e-07,9.9388626663307038e-08
363,5.1350084406125110e-07,9.3501955616493629e-09,2.2906052984540564e-08,4.9417296994365064e-08,8.5952426525305969e-08,1.1895713746506698e-07,1.3056912002897728e-07,9.6348614501345858e-08
364,4.9790794170087014e-07,9.0875797536633522e-09,2.2236863701326666e-08,4.7933731959318018e-08,8.3342405898328316e-08,1.1532786549623237e-07,1.2657790141838083e-07,9.3401593473620601e-08
365,4.8278853146213394e-07,8.8322809347673138e-09,2.1587181174629280e-08,4.6494691063957603e-08,8.0811640831156413e-08,1.1180932515639507e-07,1.2270869341406053e-07,9.0544718887167741e-08
366,4.6812823534251662e-07,8.5840972080200956e-09,2.0956438173976196e-08,4.5098838511953258e-08,7.8357724659369579e-08,1.0839813776463065e-07,1.1895776594796148e-07,8.7775233076605383e-08
367,4.5391311194011973e-07,8.3428321811988614e-09,2.0344083918578919e-08,4.3744878569176104e-08,7.5978323799018740e-08,1.0509102773704073e-07,1.1532150299357442e-07,8.5090462741532001e-08
368,4.4012964319591193e-07,8.1082948189610528e-09,1.9749583601729636e-08,4.2431554362616005e-08,7.3671175527473858e-08,1.0188481944068036e-07,1.1179639907905842e-07,8.2487816365392568e-08
369,4.2676472153855198e-07,7.8802992988995251e-09,1.9172417928902631e-08,4.1157646715294121e-08,7.1434085831657916e-08,9.8776434143495597e-08,1.0837905590698325e-07,7.9964781713318898e-08
370,4.1380563741957139e-07,7.6586648713910188e-09,1.8612082669166813e-08,3.9921973016092726e-08,6.9264927321621141e-08,9.5762887057340116e-08,1.0506617907743126e-07,7.7518923406528281e-08
371,4.0124006722706078e-07,7.4432157231406210e-09,1.8068088219527139e-08,3.8723386123456037e-08,6.7161637207471373e-08,9.2841284471230993e-08,1.0185457491129763e-07,7.5147880570937033e-08
372,3.8905606156636956e-07,7.2337808443272442e-09,1.7539959181823759e-08,3.7560773301947445e-08,6.5122215337736869e-08,9.0008820972089505e-08,9.8741147370725795e-08,7.2849364557718934e-08
373,3.7724203389667006e-07,7.0301938992575298e-09,1.7027233951828276e-08,3.6433055190678909e-08,6.3144722297295592e-08,8.7262776750296530e-08,9.5722895073706801e-08,7.0621156733606386e-08
374,3.6578674951258464e-07,6.8322931004378510e-09,1.6529464320186806e-08,3.5339184802657469e-08,6.1227277563063003e-08,8.4600514987474664e-08,9.2796908399963959e-08,6.8461106338800851e-08
375,3.5467931486039388e-07,6.6399210859763578e-09,1.6046215084869554e-08,3.4278146554122771e-08,5.9368057715683562e-08,8.2019479323987368e-08,8.9960366685330781e-08,6.6367128410423517e-08
376,3.4390916717866832e-07,6.4529248002291728e-09,1.5577063674796396e-08,3.3248955322976982e-08,5.7565294705526181e-08,7.9517191403722308e-08,8.7210535501916632e-08,6.4337201769500650e-08
377,3.3346606445347052e-07,6.2711553776070043e-09,1.5121599784317314e-08,3.2250655535435540e-08,5.5817274171333931e-08,7.7091248493800235e-08,8.4544764021436403e-08,6.2369367069540110e-08
378,3.2334007567857741e-07,6.0944680294605100e-09,1.4679425018235844e-08,3.1282320280053231e-08,5.4122333809929645e-08,7.4739321176922900e-08,8.1960482459161396e-08,6.0461724904813863e-08
379,3.1352157141145838e-07,5.9227219339648129e-09,1.4250152547072507e-08,3.0343050448305361e-08,5.2478861795426672e-08,7.2459151114143002e-08,7.9455199596026115e-08,5.8612433976519898e-08
380,3.0400121461603026e-07,5.7557801289255124e-09,1.3833406772273946e-08,2.9431973900928476e-08,5.0885295246441821e-08,7.0248548875907199e-08,7.7026500376500869e-08,5.6819709315052428e-08
381,2.9476995178347945e-07,5.5935094074305381e-09,1.3428823001081850e-08,2.8548244659248695e-08,4.9340118739852682e-08,6.8105391839288408e-08,7.4672043579913503e-08,5.5081820556663792e-08
382,2.8581900432270842e-07,5.4357802162740234e-09,1.3036047130783995e-08,2.7691042120749172e-08,4.7841862869685912e-08,6.6027622149387541e-08,7.2389559562974390e-08,5.3397090272853341e-08
383,2.7713986021221847e-07,5.2824665570802926e-09,1.2654735342077639e-08,2.6859570298150243e-08,4.6389102849766308e-08,6.4013244742946247e-08,7.0176848071327160e-08,5.1763892350870545e-08
384,2.6872426590549093e-07,5.1334458900578038e-09,1.2284553801283217e-08,2.6053057081297865e-08,4.4980457158797522e-08,6.2060325432272136e-08,6.8031776118014604e-08,5.0180650423767790e-08
385,2.6056421848216811e-07,4.9885990403146990e-09,1.1925178371153863e-08,2.5270753521176900e-08,4.3614586226586181e-08,6.0166989047635861e-08,6.5952275926813484e-08,4.8645836348487127e-08
386,2.5265195803757050e-07,4.8478101066692947e-09,1.1576294330033471e-08,2.4511933135386322e-08,4.2290191160159929e-08,5.8331417636355556e-08,6.3936342938454928e-08,4.7157968730510993e-08
387,2.4497996030331321e-07,4.7109663728905757e-09,1.1237596099123188e-08,2.3775891234433235e-08,4.1006012508567992e-08,5.6551848716838703e-08,6.1982033877807090e-08,4.5715611493652412e-08
388,2.3754092949200359e-07,4.5779582213053366e-09,1.0908786977623023e-08,2.3061944268221936e-08,3.9760829065189657e-08,5.4826573585904149e-08,6.0087464880156266e-08,4.4317372493603227e-08
389,2.3032779135921622e-07,4.4486790487102551e-09,1.0589578885522027e-08,2.2369429192132832e-08,3.8553456706411781e-08,5.3153935677758419e-08,5.8250809674779181e-08,4.2961902173901747e-08
390,2.2333368647614661e-07,4.3230251845287453e-09,1.0279692113816932e-08,2.1697702852104237e-08,3.7382747265570736e-08,5.1532328973049751e-08,5.6470297824054638e-08,4.1647892263021566e-08
391,2.1655196370654696e-07,4.2008958111539289e-09,9.9788550819454362e-09,2.1046141388147614e-08,3.6247587441088230e-08,4.9960196456471755e-08,5.4744213016416315e-08,4.0374074511323726e-08
392,2.0997617388174070e-07,4.0821928864205771e-09,9.6868041022265235e-09,2.0414139655743882e-08,3.5146897737762429e-08,4.8436028621434947e-08,5.3070891411500128e-08,3.9139219466652206e-08
393,2.0360006366770010e-07,3.9668210681503313e-09,9.4032831511060927e-09,1.9801110664584984e-08,3.4079631440207823e-08,4.6958362020369858e-08,5.1448720035890496e-08,3.7942135287390507e-08
394,1.9741756961835602e-07,3.8546876407159003e-09,9.1280436470119529e-09,1.9206485034140919e-08,3.3044773617467325e-08,4.5525777859268998e-08,4.9876135227917947e-08,3.6781666591832982e-08
395,1.9142281240948398e-07,3.7457024435713264e-09,8.8608442346279202e-09,1.8629710465548037e-08,3.2041340157850358e-08,4.4136900635117792e-08,4.8351621130008496e-08,3.5656693342760039e-08
396,1.8561009124768307e-07,3.6397778016967738e-09,8.6014505754021385e-09,1.8070251229329495e-08,3.1068376833078845e-08,4.2790396814905499e-08,4.6873708227130495e-08,3.4566129766139823e-08
397,1.7997387844913141e-07,3.5368284579075832e-09,8.3496351441101025e-09,1.7527587668473473e-08,3.0124958390851217e-08,4.1484973554947173e-08,4.5440971929929584e-08,3.3508923302912281e-08
398,1.7450881418296238e-07,3.4367715069786308e-09,8.1051770312979871e-09,1.7001215716408797e-08,2.9210187674961564e-08,4.0219377459286624e-08,4.4052031201185303e-08,3.2484053592843470e-08
399,1.6920970137426256e-07,3.3395263315362865e-09,7.8678617514368685e-09,1.6490646429431660e-08,2.8323194772137057e-08,3.8992393375987455e-08,4.2705547224264450e-08,3.1490531489468795e-08
400,1.6407150076184504e-07,3.2450145396714667e-09,7.6374810566233554e-09,1.5995405533150230e-08,2.7463136184782497e-08,3.7802843230156299e-08,4.1400222112287318e-08,3.0527398105173885e-08
401,1.5908932610609751e-07,3.1531599042284921e-09,7.4138327556667843e-09,1.5515032982527147e-08,2.6629194028845130e-08,3.6649584892576976e-08,4.0134797656761865e-08,2.9593723885491136e-08
402,1.5425843954234814e-07,3.0638883037256067e-09,7.1967205384077678e-09,1.5049082535112344e-08,2.5820575256037023e-08,3.5531511082868883e-08,3.8908054114478644e-08,2.8688607711717876e-08
403,1.4957424707533083e-07,2.9771276648641404e-09,6.9859538051173568e-09,1.4597121337070867e-08,2.5036510899675311e-08,3.4447548306116205e-08,3.7718809031497228e-08,2.7811176030989716e-08
404,1.4503229421046474e-07,2.8928079065844249e-09,6.7813475008303433e-09,1.4158729521622252e-08,2.4276255343423232e-08,3.3396655821946290e-08,3.6565916103089228e-08,2.6960582012968959e-08
405,1.4062826171779401e-07,2.8108608856276200e-09,6.5827219544704960e-09,1.3733499819519492e-08,2.3539085612236391e-08,3.2377824645067077e-08,3.5448264068539172e-08,2.6136004732333769e-08
406,1.3635796152455911e-07,2.7312203435636908e-09,6.3899027226295837e-09,1.3321037181206715e-08,2.2824300684840140e-08,3.1390076576303472e-08,3.4364775639736749e-08,2.5336648376278774e-08
407,1.3221733273249372e-07,2.6538218552467607e-09,6.2027204378659978e-09,1.2920958410305604e-08,2.2131220827084139e-08,3.0432463263201939e-08,3.3314406462527661e-08,2.4561741476261624e-08
408,1.2820243775606007e-07,2.5786027786601107e-09,6.0210106613926534e-09,1.2532891808090949e-08,2.1459186945540206e-08,2.9504065289301044e-08,3.2296144109821157e-08,2.3810536163253932e-08
409,1.2430945857794990e-07,2.5055022061140232e-09,5.8446137400275888e-09,1.2156476828626050e-08,2.0807559960728703e-08,2.8603991291192996e-08,3.1309007105483294e-08,2.3082307445777244e-08
410,1.2053469311829089e-07,2.4344609167606506e-09,5.6733746672843277e-09,1.1791363744238401e-08,2.0175720199377528e-08,2.7731377102528322e-08,3.0352043978074632e-08,2.2376352510027007e-08
411,1.1687455171410460e-07,2.3654213303910056e-09,5.5071429484825713e-09,1.1437213321025778e-08,1.9563066805135603e-08,2.6885384924141221e-08,2.9424332343519766e-08,2.1691990041408658e-08
412,1.1332555370566945e-07,2.2983274624800659e-09,5.3457724697632686e-09,1.1093696504092043e-08,1.8969017167180618e-08,2.6065202519498628e-08,2.8524978015824023e-08,2.1028559566830793e-08
413,1.0988432412654126e-07,2.2331248804468716e-09,5.1891213708954061e-09,1.0760494112221101e-08,1.8393006366177587e-08,2.5270042434700181e-08,2.7653114144979879e-08,2.0385420817120245e-08
414,1.0654759049408454e-07,2.1697606610973616e-09,5.0370519217650971e-09,1.0437296541706024e-08,1.7834486637061350e-08,2.4499141242279761e-08,2.6807900381231506e-08,1.9761953108943439e-08
415,1.0331217969746186e-07,2.1081833492185111e-09,4.8894304024407369e-09,1.0123803479059036e-08,1.7292926848132175e-08,2.3751758808082430e-08,2.5988522064891692e-08,1.9157554745637282e-08
416,1.0017501498012240e-07,2.0483429172931678e-09,4.7461269867109984e-09,9.8197236223360330e-09,1.6767811995969044e-08,2.3027177580512474e-08,2.5194189440929772e-08,1.8571642436370911e-08
417,9.7133113013919663e-08,1.9901907263057653e-09,4.6070156289954279e-09,9.5247744108175373e-09,1.6258642715680384e-08,2.2324701901469892e-08,2.4424136897573088e-08,1.8003650733077559e-08
418,9.4183581062076206e-08,1.9336794876098830e-09,4.4719739545302881e-09,9.2386817627955356e-09,1.5764934806026419e-08,2.1643657338313461e-08,2.3677622228187834e-08,1.7453031484612782e-08
419,9.1323614228297568e-08,1.8787632258293590e-09,4.3408831527351097e-09,8.9611798212232288e-09,1.5286218768961625e-08,2.0983390036208748e-08,2.2953925915727452e-08,1.6919253307612044e-08
420,8.8550492789419083e-08,1.8253972427654129e-09,4.2136278736680843e-09,8.6920107069920066e-09,1.4822039363159365e-08,2.0343266090239027e-08,2.2252350439058511e-08,1.6401801073536677e-08
421,8.5861579609049299e-08,1.7735380822829513e-09,4.0900961274811334e-09,8.4309242796070467e-09,1.4371955171094159e-08,1.9722670936675881e-08,2.1572219600495177e-08,1.5900175411412948e-08
422,8.3254317629750346e-08,1.7231434961499203e-09,3.9701791867880059e-09,8.1776779050396661e-09,1.3935538179269866e-08,1.9121008762824957e-08,2.0912877873893789e-08,1.5413892225784140e-08
423,8.0726227441370466e-08,1.6741724108042652e-09,3.8537714918612873e-09,7.9320362305413870e-09,1.3512373371194592e-08,1.8537701934879979e-08,2.0273689772678873e-08,1.4942482229410090e-08
424,7.8274904923216295e-08,1.6265848950237111e-09,3.7407705585765981e-09,7.6937709662109515e-09,1.3102058332715300e-08,1.7972190443235409e-08,1.9654039237191216e-08,1.4485490490263108e-08
425,7.5898018957822443e-08,1.5803421284742291e-09,3.6310768890246195e-09,7.4626606731118934e-09,1.2704202869336760e-08,1.7423931364725064e-08,1.9053329040767118e-08,1.4042475992382752e-08
426,7.3593309214144751e-08,1.5354063711136892e-09,3.5245938847138703e-09,7.2384905577442684e-09,1.2318428635160951e-08,1.6892398341270201e-08,1.8470980213976226e-08,1.3613011210165545e-08
427,7.1358583998068669e-08,1.4917409334278121e-09,3.4212277622893949e-09,7.0210522726800754e-09,1.1944368773094033e-08,1.6377081074436204e-08,1.7906431486462639e-08,1.3196681695678507e-08
428,6.9191718168188739e-08,1.4493101474761287e-09,3.3208874716946261e-09,6.8101437231775625e-09,1.1581667565978770e-08,1.5877484835412521e-08,1.7359138745851025e-08,1.2793085678598113e-08
429,6.7090651114877500e-08,1.4080793387262522e-09,3.2234846167058554e-09,6.6055688795952216e-09,1.1229980098320599e-08,1.5393129989945136e-08,1.6828574513196118e-08,1.2401833678388314e-08
430,6.5053384800721484e-08,1.3680147986553236e-09,3.1289333777707003e-09,6.4071375954315542e-09,1.0888971928285698e-08,1.4923551537765311e-08,1.6314227434469625e-08,1.2022548128343264e-08
431,6.3077981860461213e-08,1.3290837580980567e-09,3.0371504370839976e-09,6.2146654308219811e-09,1.0558318769659109e-08,1.4468298666072210e-08,1.5815601787594219e-08,1.1654863011131641e-08
432,6.1162563758628257e-08,1.2912543613213427e-09,2.9480549058364184e-09,6.0279734813292706e-09,1.0237706183460498e-08,1.4026934316640577e-08,1.5332217004549349e-08,1.1298423505490797e-08
433,5.9305309003127024e-08,1.2544956408059121e-09,2.8615682535730111e-09,5.8468882118688077e-09,9.9268292789242374e-09,1.3599034766137650e-08,1.4863607208087909e-08,1.0952885643729496e-08
434,5.7504451413062954e-08,1.2187774927160484e-09,2.7776142396006415e-09,5.6712412956147317e-09,9.6253924235595460e-09,1.3184189219246271e-08,1.4409320762617101e-08,1.0617915979708622e-08
435,5.5758278439169468e-08,1.1840706530388639e-09,2.6961188463851004e-09,5.5008694577376324e-09,9.3331089620148438e-09,1.2781999414203338e-08,1.3968919838810439e-08,1.0293191266979251e-08
436,5.4065129535236631e-08,1.1503466743751329e-09,2.6170102148803248e-09,5.3356143238289295e-09,9.0497009434790885e-09,1.2392079240374800e-08,1.3541979991530986e-08,9.9783981467673703e-09
437,5.2423394578992890e-08,1.1175779033641400e-09,2.5402185817338574e-09,5.1753222728714357e-09,8.7748988573607668e-09,1.2014054367499865e-08,1.3128089750658910e-08,9.6732328455039199e-09
438,5.0831512340938085e-08,1.0857374587254847e-09,2.4656762183142640e-09,5.0198442946197911e-09,8.5084413769932609e-09,1.1647561886248356e-08,1.2726850224428735e-08,9.3774008816081939e-09
439,4.9287968999671607e-08,1.0547992099012168e-09,2.3933173715078119e-09,4.8690358512585597e-09,8.2500751111228084e-09,1.1292249959745912e-08,1.2337874714893848e-08,9.0906167812414483e-09
440,4.7791296702304037e-08,1.0247377562821237e-09,2.3230782062332109e-09,4.7227567432097088e-09,7.9995543629427311e-09,1.0947777485732478e-08,1.1960788345147466e-08,8.8126038027563134e-09
441,4.6340072168583061e-08,9.9552840700242270e-10,2.2548967496247139e-09,4.5808709789650965e-09,7.7566408964448448e-09,1.0613813769029485e-08,1.1595227697940574e-08,8.5430936695759224e-09
442,4.4932915337406382e-08,9.6714716128751849e-10,2.1887128368352941e-09,4.4432466488232426e-09,7.5211037098657583e-09,1.0290038204001209e-08,1.1240840465348423e-08,8.2818263112449317e-09
443,4.3568488054434367e-08,9.3957068933990043e-10,2.1244680584130154e-09,4.3097558024133575e-09,7.2927188160127212e-09,9.9761399667053346e-09,1.0897285109147727e-08,8.0285496124023083e-09
444,4.2245492799554603e-08,9.1277631374864877e-10,2.0621057092050593e-09,4.1802743298930382e-09,7.0712690292600424e-09,9.6718177164370303e-09,1.0564230531577132e-08,7.7830191694336469e-09
445,4.0962671452987965e-08,8.8674199140839964e-10,2.0015707387451978e-09,4.0546818467094979e-09,6.8565437590135555e-09,9.3767793063799110e-09,1.0241355756163437e-08,7.5449980545679636e-09
446,3.9718804098863102e-08,8.6144629593399930e-10,1.9428097030817562e-09,3.9328615818174693e-09,6.6483388094467242e-09,9.0907415030859946e-09,9.9283496183058794e-09,7.3142565871912828e-09
447,3.8512707865121307e-08,8.3686840055744149e-10,1.8857707180043735e-09,3.8147002692501449e-09,6.4464561853179115e-09,8.8134297145152204e-09,9.6249104653200324e-09,7.0905721121561856e-09
448,3.7343235798648749e-08,8.1298806149403930e-10,1.8304034136290485e-09,3.7000880429425810e-09,6.2507039036842152e-09,8.5445777263733477e-09,9.3307458656522128e-09,6.8737287848733023e-09
449,3.6209275774566289e-08,7.8978560176512791e-10,1.7766588903021482e-09,3.5889183347100845e-09,6.0608958113327461e-09,8.2839274464950000e-09,9.0455723269839200e-09,6.6635173629772571e-09
450,3.5109749438639655e-08,7.6724189546493443e-10,1.7244896757851791e-09,3.4810877752869305e-09,5.8768514077557737e-09,8.0312286570263833e-09,8.7691150229545309e-09,6.4597350043659266e-09
451,3.4043611181804322e-08,7.4533835245958156e-10,1.6738496836832233e-09,3.3764960983336708e-09,5.6983956735013968e-09,7.7862387741696387e-09,8.5011075282387689e-09,6.2621850714180391e-09
452,3.3009847145829689e-08,7.2405690350650581e-10,1.6246941730810227e-09,3.2750460473240068e-09,5.5253589037364841e-09,7.5487226152581119e-09,8.2412915617234739e-09,6.0706769412000835e-09
453,3.2007474259177321e-08,7.0337998578289382e-10,1.5769797093517222e-09,3.1766432852248715e-09,5.3575765468636237e-09,7.3184521729388441e-09,7.9894167375360732e-09,5.8850258214792916e-09
454,3.1035539302136053e-08,6.8329052881203475e-10,1.5306641261043068e-09,3.0811963068859669e-09,5.1948890480386172e-09,7.0952063962453888e-09,7.7452403236846556e-09,5.7050525723650834e-09
455,3.0093118000345167e-08,6.6377194077678911e-10,1.4857064882367298e-09,2.9886163540574996e-09,5.0371416974396936e-09,6.8787709783507045e-09,7.5085270080769879e-09,5.5305835334067615e-09
456,2.9179314145843490e-08,6.4480809520965830e-10,1.4420670560627048e-09,2.8988173329573072e-09,4.8841844831441620e-09,6.6689381507963203e-09,7.2790486716927934e-09,5.3614503559805419e-09
457,2.8293258744808611e-08,6.2638331804922436e-10,1.3997072504810401e-09,2.8117157343109110e-09,4.7358719484726035e-09,6.4655064840000899e-09,7.0565841686906560e-09,5.1974898408040850e-09
458,2.7434109191175784e-08,6.0848237505300241e-10,1.3585896191573068e-09,2.7272305557903508e-09,4.5920630536649214e-09,6.2682806938510111e-09,6.8409191132374984e-09,5.0385437804216919e-09
459,2.6601048465350534e-08,5.9109045955700886e-10,1.3186778036884930e-09,2.6452832267798474e-09,4.4526210417567153e-09,6.0770714542053160e-09,6.6318456728550994e-09,4.8844588065080535e-09
460,2.5793284357253145e-08,5.7419318057261615e-10,1.2799365077221555e-09,2.5657975353985243e-09,4.3174133085284531e-09,5.8916952151038105e-09,6.4291623680844021e-09,4.7350862418431861e-09
461,2.5010048712956018e-08,5.5777655121151338e-10,1.2423314660023961e-09,2.4886995577124945e-09,4.1863112764037335e-09,5.7119740265358284e-09,6.2326738782744575e-09,4.5902819568155975e-09
462,2.4250596704197570e-08,5.4182697742983617e-10,1.2058294143157938e-09,2.4139175890706540e-09,4.0591902721767465e-09,5.5377353675805970e-09,6.0421908533087531e-09,4.4499062303151909e-09
463,2.3514206120077979e-08,5.2633124708277424e-10,1.1703980603111962e-09,2.3413820775004903e-09,3.9359294084526455e-09,5.3688119807618961e-09,5.8575297310873864e-09,4.3138236148815911e-09
464,2.2800176680263213e-08,5.1127651928119196e-10,1.1360060551680320e-09,2.2710255591021230e-09,3.8164114686880851e-09,5.2050417114569554e-09,5.6785125605891146e-09,4.1819028059777103e-09
465,2.2107829369044209e-08,4.9665031404202910e-10,1.1026229660885403e-09,2.2027825953806530e-09,3.7005227957226015e-09,5.0462673522053398e-09,5.5049668303426852e-09,4.0540165152623564e-09
466,2.1436505789617930e-08,4.8244050222447012e-10,1.0702192495900135e-09,2.1365897124586741e-09,3.5881531836948408e-09,4.8923364917683334e-09,5.3367253021420630e-09,3.9300413477395340e-09
467,2.0785567537976257e-08,4.6863529574408006e-10,1.0387662255738577e-09,2.0723853421125780e-09,3.4791957732408425e-09,4.7431013687938379e-09,5.1736258498452258e-09,3.8098576826658380e-09
468,2.0154395595807290e-08,4.5522323805732214e-10,1.0082360521489323e-09,2.0101097645779301e-09,3.3735469498747136e-09,4.5984187299462761e-09,5.0155113031011231e-09,3.6933495581009885e-09
469,1.9542389741831662e-08,4.4219319490907208e-10,9.7860170118728628e-10,1.9497050530708741e-09,3.2711062454550734e-09,4.4581496923652378e-09,4.8622292958540982e-09,3.5804045589900197e-09
470,1.8948967981014285e-08,4.2953434533594290e-10,9.4983693459104438e-10,1.8911150199740879e-09,3.1717762426435445e-09,4.3221596103208055e-09,4.7136321194797455e-09,3.4709137086691158e-09
471,1.8373565991108457e-08,4.1723617291842896e-10,9.2191628124980976e-10,1.8342851646373720e-09,3.0754624822644557e-09,4.1903179459374780e-09,4.5695765804105801e-09,3.3647713636903319e-09
472,1.7815636586006164e-08,4.0528845727506556e-10,8.9481501466853936e-10,1.7791626227444328e-09,2.9820733734776387e-09,4.0624981438625525e-09,4.4299238621142573e-09,3.2618751118636791e-09
473,1.7274649195384277e-08,3.9368126579198395e-10,8.6850913124644495e-10,1.7256961171988945e-09,2.8915201066789164e-09,3.9385775097586251e-09,4.2945393912912756e-09,3.1621256734181374e-09
474,1.6750089360151682e-08,3.8240494558141961e-10,8.4297532918801325e-10,1.6738359104839634e-09,2.8037165690454329e-09,3.8184370925034906e-09,4.1632927081631696e-09,3.0654268051861925e-09
475,1.6241458243217629e-08,3.7145011566290734e-10,8.1819098802780715e-10,1.6235337584515480e-09,2.7185792626455353e-09,3.7019615699843370e-09,4.0360573407261016e-09,2.9716852077193920e-09
476,1.5748272155116029e-08,3.6080765936106257e-10,7.9413414875122601e-10,1.5747428654979575e-09,2.6360272250353107e-09,3.5890391383765589e-09,3.9127106828486594e-09,2.8808104352452542e-09
477,1.5270062094034581e-08,3.5046871691401652e-10,7.7078349449392362e-10,1.5274178410845864e-09,2.5559819522662837e-09,3.4795614048008549e-09,3.7931338760963060e-09,2.7927148083786103e-09
478,1.4806373299811310e-08,3.4042467828673143e-10,7.4811833180308706e-10,1.4815146575632410e-09,2.4783673242310545e-09,3.3734232832555288e-09,3.6772116951685515e-09,2.7073133295031171e-09
479,1.4356764821474400e-08,3.3066717618357762e-10,7.2611857244425916e-10,1.4369906092669795e-09,2.4031095322758739e-09,3.2705228937240617e-09,3.5648324368384000e-09,2.6245236007412484e-09
480,1.3920809097914050e-08,3.2118807925470766e-10,7.0476471573786327e-10,1.3938042728284979e-09,2.3301370090113356e-09,3.1707614643610656e-09,3.4558878122869973e-09,2.5442657444335830e-09
481,1.3498091551287602e-08,3.1197948549090959e-10,6.8403783141004991e-10,1.3519154686892433e-09,2.2593803602544218e-09,3.0740432366626780e-09,3.3502728427296775e-09,2.4664623260506233e-09
482,1.3088210192771281e-08,3.0303371580176615e-10,6.6391954294292440e-10,1.3112852237635363e-09,2.1907722990371909e-09,2.9802753735303537e-09,3.2478857582327797e-09,2.3910382794627295e-09
483,1.2690775240283612e-08,2.9434330777208570e-10,6.4439201140965271e-10,1.2718757352230560e-09,2.1242475816193470e-09,2.8893678701397465e-09,3.1486278996236918e-09,2.3179208344960322e-09
484,1.2305408747817020e-08,2.8590100959170816e-10,6.2543791978036028e-10,1.2336503353680773e-09,2.0597429454438452e-09,2.8012334675290934e-09,3.0524036233995489e-09,2.2470394467043875e-09
485,1.1931744246025094e-08,2.7769977415392163e-10,6.0704045768514693e-10,1.1965734575528615e-09,1.9971970489765306e-09,2.7157875688241387e-09,2.9591202095429098e-09,2.1783257292895843e-09
486,1.1569426393723719e-08,2.6973275331785536e-10,5.8918330662093679e-10,1.1606106031335795e-09,1.9365504133725955e-09,2.6329481580191255e-09,2.8686877721555414e-09,2.1117133871040840e-09
487,1.1218110639974705e-08,2.6199329233033763e-10,5.7185062558926820e-10,1.1257283094080883e-09,1.8777453659143890e-09,2.5526357212358744e-09,2.7810191728241545e-09,2.0471381526725923e-09
488,1.0877462896430519e-08,2.5447492440283445e-10,5.5502703715250058e-10,1.0918941185178129e-09,1.8207259851667852e-09,2.4747731703853363e-09,2.6960299366345611e-09,1.9845377241706877e-09
489,1.0547159219628579e-08,2.4717136543919916e-10,5.3869761389628023e-10,1.0590765472828653e-09,1.7654380477979603e-09,2.3992857691583080e-09,2.6136381707533109e-09,1.9238517053006547e-09
490,1.0226885502932932e-08,2.4007650891008250e-10,5.2284786528645586e-10,1.0272450579424061e-09,1.7118289770149937e-09,2.3261010612742488e-09,2.5337644854982706e-09,1.8650215470064750e-09
491,9.9163371778304272e-09,2.3318442086996354e-10,5.0746372490898146e-10,9.9637002977309430e-10,1.6598477925652797e-09,2.2551488009192889e-09,2.4563319178221044e-09,1.8079904909717141e-09
492,9.6152189242972483e-09,2.2648933511287285e-10,4.9253153808167261e-10,9.6642273155927745e-10,1.6094450622561829e-09,2.1863608853066387e-09,2.3812658571348397e-09,1.7527035148457651e-09
493,9.3232443899604712e-09,2.1998564846298553e-10,4.7803804982700638e-10,9.3737529488937488e-10,1.5605728549468401e-09,2.1196712892946335e-09,2.3084939733940530e-09,1.6991072791455770e-09
494,9.0401359177874740e-09,2.1366791619636664e-10,4.6397039319547008e-10,9.0920068825366270e-10,1.5131846949674139e-09,2.0550160019996382e-09,2.2379461473933121e-09,1.6471500757816107e-09
495,8.7656242820443424e-09,2.0753084759025128e-10,4.5031607792926404e-10,8.8187269191942108e-10,1.4672355179224396e-09,1.9923329653429348e-09,2.1695544031816948e-09,1.5967817781583374e-09
496,8.4994484322720971e-09,2.0156930159634189e-10,4.3706297945646461e-10,8.5536587356012075e-10,1.4226816278362441e-09,1.9315620144725862e-09,2.1032528425492279e-09,1.5479537928011110e-09
497,8.2413552450373157e-09,1.9577828263469987e-10,4.2419932820603608e-10,8.2965556461602659e-10,1.3794806555996817e-09,1.8726448200030699e-09,2.0389775815150771e-09,1.5006190124627256e-09
498,7.9910992832210818e-09,1.9015293650490298e-10,4.1171369923436143e-10,8.0471783736427271e-10,1.3375915186786734e-09,1.8155248320172104e-09,1.9766666887572764e-09,1.4547317706643849e-09
499,7.7484425626173024e-09,1.8468854641122973e-10,3.9959500215423092e-10,7.8052948267712482e-10,1.2969743820462267e-09,1.7601472257766450e-09,1.9162601259246314e-09,1.4102477976272147e-09
500,7.5131543256185069e-09,1.7938052909872141e-10,3.8783247135749265e-10,7.5706798844778358e-10,1.2575906203007925e-09,1.7064588490886864e-09,1.8576996897732598e-09,1.3671241775517699e-09
501,7.2850108217738394e-09,1.7422443109705762e-10,3.7641565652282054e-10,7.3431151866369641e-10,1.2194027809349311e-09,1.6544081712790485e-09,1.8009289560719772e-09,1.3253193072043077e-09
502,7.0637950950106372e-09,1.6921592506926537e-10,3.6533441340030729e-10,7.1223889310795561e-10,1.1823745487193558e-09,1.6039452337214292e-09,1.7458932252224742e-09,1.2847928557698496e-09
503,6.8492967773171808e-09,1.6435080626236243e-10,3.5457889486482759e-10,6.9082956766993388e-10,1.1464707111684862e-09,1.5550216018764553e-09,1.6925394695418376e-09,1.2455057259332771e-09
504,6.6413118886904623e-09,1.5962498905711648e-10,3.4413954223035183e-10,6.7006361524687933e-10,1.1116571250546729e-09,1.5075903187939292e-09,1.6408162821566089e-09,1.2074200161509037e-09
505,6.4396426431587154e-09,1.5503450361417695e-10,3.3400707681761681e-10,6.4992170721873933e-10,1.0779006839392426e-09,1.4616058600337345e-09,1.5906738274591125e-09,1.1704989840760928e-09
506,6.2440972606942359e-09,1.5057549261391204e-10,3.2417249176778129e-10,6.3038509547901223e-10,1.0451692866894947e-09,1.4170240899621122e-09,1.5420637930782884e-09,1.1347070111036347e-09
507,6.0544897848376327e-09,1.4624420808735697e-10,3.1462704409490662e-10,6.1143559500494430e-10,1.0134318069517072e-09,1.3738022193813404e-09,1.4949393433187336e-09,1.1000095679986439e-09
508,5.8706399058600902e-09,1.4203700833575035e-10,3.0536224697031252e-10,5.9305556695088832e-10,9.8265806355111846e-10,1.3318987644521373e-09,1.4492550740230704e-09,1.0663731815768133e-09
509,5.6923727892954453e-09,1.3795035493620365e-10,2.9636986223205815e-10,5.7522790224912656e-10,9.5281879179074223e-10,1.2912735068693424e-09,1.4049669688141153e-09,1.0337654024038564e-09
510,5.5195189096790493e-09,1.3398080983111777e-10,2.8764189311299548e-10,5.5793600570293046e-10,9.2388561562171733e-10,1.2518874552526349e-09,1.3620323566746891e-09,1.0021547734829635e-09
511,5.3519138893352972e-09,1.3012503249902436e-10,2.7917057718103111e-10,5.4116378055708785e-10,8.9583102065873137e-10,1.2137028077152192e-09,1.3204098708241542e-09,9.7151079990004901e-10
512,5.1893983420605068e-09,1.2637977720459444e-10,2.7094837948542004e-10,5.2489561353156967e-10,8.6862832801485197e-10,1.1766829155745338e-09,1.2800594088520481e-09,9.4180391939748855e-10
513,5.0318177215525041e-09,1.2274189032561854e-10,2.6296798590309066e-10,5.0911636030443898e-10,8.4225166893088804e-10,1.1407922481701380e-09,1.2409420940703842e-09,9.1300547384794600e-10
514,4.8790221744427849e-09,1.1920830775482212e-10,2.5522229667917748e-10,4.9381133143052295e-10,8.1667596017515230e-10,1.1059963587549997e-09,1.2030202380473557e-09,8.8508768160075485e-10
515,4.7308663977914756e-09,1.1577605237443983e-10,2.4770442015610586e-10,4.7896627868277032e-10,7.9187688019023119e-10,1.0722618514274285e-09,1.1662573042863354e-09,8.5802361067416425e-10
516,4.5872095009095866e-09,1.1244223160152836e-10,2.4040766668573752e-10,4.6456738180361009e-10,7.6783084596407928e-10,1.0395563490719023e-09,1.1306178730151546e-09,8.3178715276757407e-10
517,4.4479148713771550e-09,1.0920403500205303e-10,2.3332554271924490e-10,4.5060123565401086e-10,7.4451499060344288e-10,1.0078484622780088e-09,1.0960676070517201e-09,8.0635299806867445e-10
518,4.3128500451298654e-09,1.0605873197183852e-10,2.2645174506953825e-10,4.3705483774830292e-10,7.2190714158828699e-10,9.7710775920765517e-10,1.0625732187130658e-09,7.8169661083117713e-10
519,4.1818865804905954e-09,1.0300366948252458e-10,2.1978015534121847e-10,4.2391557616318903e-10,6.9998579968654434e-10,9.4730473638161551e-10,1.0301024377359389e-09,7.5779420569956447e-10
520,4.0548999360261179e-09,1.0003626989072095e-10,2.1330483452317562e-10,4.1117121780971527e-10,6.7873011850913817e-10,9.1841079035736202e-10,9.9862398017800157e-10,7.3462272475800411e-10
521,3.9317693521127741e-09,9.7154028808603500e-11,2.0702001773909449e-10,3.9880989705730710e-10,6.5811988468583236e-10,8.9039819027099062e-10,9.6810751826966595e-10,7.1215981528128034e-10
522,3.8123777360985252e-09,9.4354513034243032e-11,2.0092010915126677e-10,3.8682010469930870e-10,6.3813549864306174e-10,8.6324005121687370e-10,9.3852365118750577e-10,6.9038380816626545e-10
523,3.6966115509521463e-09,9.1635358540005387e-11,1.9499967701324206e-10,3.7519067724977470e-10,6.1875795596545898e-10,8.3691030843948168e-10,9.0984387672106768e-10,6.6927369702311547e-10
524,3.5843607072936916e-09,8.8994268517406142e-11,1.8925344886698120e-10,3.6391078656157381e-10,5.9996882932335458e-10,8.1138369231259117e-10,8.8204056380577559e-10,6.4880911790600889e-10
525,3.4755184587035472e-09,8.6429011476848902e-11,1.8367630688030050e-10,3.5296992975616274e-10,5.8175025094906543e-10,7.8663570408185824e-10,8.5508692589544705e-10,6.2897032966386417e-10
526,3.3699813002105162e-09,8.3937419400719026e-11,1.7826328332051734e-10,3.4235791945567533e-10,5.6408489564530569e-10,7.6264259234746529e-10,8.2895699514875815e-10,6.0973819489207550e-10
527,3.2676488698624019e-09,8.1517385948346548e-11,1.7300955616032919e-10,3.3206487430825511e-10,5.4695596430956150e-10,7.3938133026425972e-10,8.0362559740477386e-10,5.9109416146687608e-10
528,3.1684238532854854e-09,7.9166864711393301e-11,1.6791044481206918e-10,3.2208120979783003e-10,5.3034716795876303e-10,7.1682959343749630e-10,7.7906832792342023e-10,5.7302024464451304e-10
529,3.0722118911421379e-09,7.6883867518259272e-11,1.6296140598659786e-10,3.1239762932979357e-10,5.1424271223906196e-10,6.9496573849295579e-10,7.5526152786751755e-10,5.5549900970795233e-10
530,2.9789214893985703e-09,7.4666462786141532e-11,1.5815802967319638e-10,3.0300511558431048e-10,4.9862728240598162e-10,6.7376878230086841e-10,7.3218226150370412e-10,5.3851355514436778e-10
531,2.8884639323173673e-09,7.2512773919417153e-11,1.5349603523693390e-10,2.9389492212921605e-10,4.8348602876065922e-10,6.5321838183369146e-10,7.0980829410027111e-10,5.2204749633717838e-10
532,2.8007531980920935e-09,7.0420977753058382e-11,1.4897126763008339e-10,2.8505856528471786e-10,4.6880455252832922e-10,6.3329481463840258e-10,6.8811807050061103e-10,5.0608494975689131e-10
533,2.7157058770437212e-09,6.8389303039823332e-11,1.4457969371426108e-10,2.7648781623234141e-10,4.5456889216561792e-10,6.1397895990455980e-10,6.6709069435161935e-10,4.9061051763549788e-10
534,2.6332410923010936e-09,6.6416028980000986e-11,1.4031739869005940e-10,2.6817469336079080e-10,4.4076551008363062e-10,5.9525228010995103e-10,6.4670590796703429e-10,4.7560927310962631e-10
535,2.5532804228900019e-09,6.4499483792522691e-11,1.3618058263103975e-10,2.6011145484161266e-10,4.2738127977420217e-10,5.7709680322621017e-10,6.2694407280629857e-10,4.6106674581811592e-10
536,2.4757478291577245e-09,6.2638043326284938e-11,1.3216555711904040e-10,2.5229059142776622e-10,4.1440347332707147e-10,5.5949510546731661e-10,6.0778615055013347e-10,4.4696890794011153e-10
537,2.4005695804621163e-09,6.0830129710560737e-11,1.2826874197784492e-10,2.4470481946840908e-10,4.0181974932610721e-10,5.4243029456441210e-10,5.8921368475457929e-10,4.3330216066020273e-10
538,2.3276741850564816e-09,5.9074210043407553e-11,1.2448666210234153e-10,2.3734707413340977e-10,3.8961814111307577e-10,5.2588599355087911e-10,5.7120878306582167e-10,4.2005332104754604e-10
539,2.2569923221035580e-09,5.7368795117010036e-11,1.2081594438038825e-10,2.3021050284129091e-10,3.7778704540778946e-10,5.0984632504211210e-10,5.5375409997865971e-10,4.0720960933630755e-10
540,2.1884567757539502e-09,5.5712438178925253e-11,1.1725331470467834e-10,2.2328845888449850e-10,3.6631521127381440e-10,4.9429589599488688e-10,5.3683282012199812e-10,3.9475863659514865e-10
541,2.1220023712263320e-09,5.4103733728226879e-11,1.1379559507198111e-10,2.1657449524607302e-10,3.5519172941924419e-10,4.7921978293169857e-10,5.2042864205525221e-10,3.8268839277385580e-10
542,2.0575659128286294e-09,5.2541316345572263e-11,1.1043970076720794e-10,2.1006235860197826e-10,3.4440602182236503e-10,4.6460351761587884e-10,5.0452576256004805e-10,3.7098723511557886e-10
543,1.9950861238612440e-09,5.1023859556243561e-11,1.0718263762982853e-10,2.0374598350351483e-10,3.3394783167234653e-10,4.5043307316374105e-10,4.8910886141207668e-10,3.5964387692349282e-10
544,1.9345035883451668e-09,4.9550074725240532e-11,1.0402149940023412e-10,1.9761948673441299e-10,3.2380721361539183e-10,4.3669485058041947e-10,4.7416308661842492e-10,3.4864737667104310e-10
545,1.8757606945195723e-09,4.8118709983527786e-11,1.0095346514371470e-10,1.9167716183736102e-10,3.1397452429707308e-10,4.2337566570647512e-10,4.5967404010615465e-10,3.3798712744526573e-10
546,1.8188015800551500e-09,4.6728549184564615e-11,9.7975796749784383e-11,1.8591347380488410e-10,3.0444041319185548e-10,4.1046273656273555e-10,4.4562776384833438e-10,3.2765284671299148e-10
547,1.7635720789310917e-09,4.5378410890269435e-11,9.5085836504656292e-11,1.8032305392963939e-10,2.9519581371109264e-10,3.9794367108122048e-10,4.3201072641415238e-10,3.1763456640006097e-10
548,1.7100196699251962e-09,4.4067147385594537e-11,9.2281004734731005e-11,1.7490069480934271e-10,2.8623193458103384e-10,3.8580645521037138e-10,4.1880980993014848e-10,3.0792262327397414e-10
549,1.6580934266681214e-09,4.2793643720909673e-11,8.9558797519026168e-11,1.6964134550168470e-10,2.7754025148264699e-10,3.7403944138316641e-10,4.0601229743999402e-10,2.9850764962069334e-10
550,1.6077439692142830e-09,4.1556816781415223e-11,8.6916784468533892e-11,1.6454010682473433e-10,2.6911249894530448e-10,3.6263133733705000e-10,3.9360586065064177e-10,2.8938056420660333e-10
551,1.5589234170833431e-09,4.0355614382827496e-11,8.4352606570552471e-11,1.5959222679846203e-10,2.6094066248662540e-10,3.5157119527494150e-10,3.8157854805302978e-10,2.8053256351690457e-10
552,1.5115853437276370e-09,3.9189014392599592e-11,8.1863974096094640e-11,1.5479309622314703e-10,2.5301697099099744e-10,3.4084840135691806e-10,3.6991877340589472e-10,2.7195511326198550e-10
553,1.4656847323822345e-09,3.8056023875961890e-11,7.9448664568531134e-11,1.5013824439055855e-10,2.4533388931953246e-10,3.3045266551248354e-10,3.5861530457159062e-10,2.6363994014357630e-10
554,1.4211779332556552e-09,3.6955678266085915e-11,7.7104520791680744e-11,1.4562333492392635e-10,2.3788411114442668e-10,3.2037401156363996e-10,3.4765725269315684e-10,2.5557902387273869e-10
555,1.3780226220205229e-09,3.5887040557695013e-11,7.4829448935611214e-11,1.4124416174283325e-10,2.3066055200091178e-10,3.1060276764928332e-10,3.3703406170220020e-10,2.4776458943198831e-10
556,1.3361777595646898e-09,3.4849200523463684e-11,7.2621416678464996e-11,1.3699664514928073e-10,2.2365634255018983e-10,3.0112955694172605e-10,3.2673549814748235e-10,2.4018909957408206e-10
557,1.2956035529645494e-09,3.3841273952566208e-11,7.0478451402673942e-11,1.3287682803128838e-10,2.1686482204694508e-10,2.9194528864643718e-10,3.1675164133440589e-10,2.3284524755023261e-10
558,1.2562614176434332e-09,3.2862401910752589e-11,6.8398638443973742e-11,1.2888087218050038e-10,2.1027953200522030e-10,2.8304114927635680e-10,3.0707287376589806e-10,2.2572595006073137e-10
559,1.2181139406790988e-09,3.1911750021347410e-11,6.6380119391675958e-11,1.2500505472037530e-10,2.0389421005663441e-10,2.7440859419241032e-10,2.9768987187547805e-10,2.1882434042117733e-10
560,1.1811248452254170e-09,3.0988507766583854e-11,6.4421090438700205e-11,1.2124576464163977e-10,1.9770278399510085e-10,2.6603933940209860e-10,2.8859359704357620e-10,2.1213376193771752e-10
561,1.1452589560144277e-09,3.0091887808701747e-11,6.2519800779912496e-11,1.1759949944178612e-10,1.9169936600238293e-10,2.5792535360829193e-10,2.7977528688844675e-10,2.0564776148490587e-10
562,1.1104821659059552e-09,2.9221125330254186e-11,6.0674551057358428e-11,1.1406286186548953e-10,1.8587824704899560e-10,2.5005885050059359e-10,2.7122644682328137e-10,1.9936008327998239e-10
563,1.0767614034529721e-09,2.8375477393082854e-11,5.8883691851020965e-11,1.1063255674291597e-10,1.8023389146512853e-10,2.4243228128187319e-10,2.6293884187138501e-10,1.9326466284756565e-10
564,1.0440646014518736e-09,2.7554222315437215e-11,5.7145622213772412e-11,1.0730538792298111e-10,1.7476093167642803e-10,2.3503832742279416e-10,2.5490448873152676e-10,1.8735562116893394e-10
565,1.0123606664477447e-09,2.6756659066727523e-11,5.5458788249228969e-11,1.0407825529871010e-10,1.6945416309963140e-10,2.2786989363737996e-10,2.4711564808581765e-10,1.8162725901024913e-10
566,9.8161944916563077e-10,2.5982106679415450e-11,5.3821681731254302e-11,1.0094815192193270e-10,1.6430853919319973e-10,2.2092010107287557e-10,2.3956481714270275e-10,1.7607405142425009e-10
567,9.5181171583968607e-10,2.5229903677560476e-11,5.2232838763894401e-11,9.7912161204631922e-11,1.5931916665824295e-10,2.1418228070736629e-10,2.3224472240787998e-10,1.7069064242010994e-10
568,9.2290912041294043e-10,2.4499407521553260e-11,5.0690838480562171e-11,9.4967454204344385e-11,1.5448130078517250e-10,2.0764996694881529e-10,2.2514831267617946e-10,1.6547183979631337e-10
569,8.9488417758124120e-10,2.3789994068580435e-11,4.9194301781324448e-11,9.2111286991088802e-11,1.4979034094165729e-10,2.0131689142937475e-10,2.1826875223764774e-10,1.6041261013156761e-10
570,8.6771023665574097e-10,2.3101057048377990e-11,4.7741890107177404e-11,8.9340998093374881e-11,1.4524182619759188e-10,1.9517697698901377e-10,2.1159941429129086e-10,1.5550807392891414e-10
571,8.4136145621907454e-10,2.2432007553842836e-11,4.6332304250228968e-11,8.6654006020918265e-11,1.4083143108291591e-10,1.8922433184268642e-10,2.0513387456012780e-10,1.5075350090835433e-10
572,8.1581277955112183e-10,2.1782273546084011e-11,4.4964283198738714e-11,8.4047806861758452e-11,1.3655496147425152e-10,1.8345324392544110e-10,1.9886590510140085e-10,1.4614430544344718e-10
573,7.9103991080098939e-10,2.1151299373506862e-11,4.3636603015995606e-11,8.1519971951545585e-11,1.3240835060644636e-10,1.7785817541004202e-10,1.9278946830597774e-10,1.4167604213747522e-10
574,7.6701929188255114e-10,2.0538545304534796e-11,4.2348075752044367e-11,7.9068145612829552e-11,1.2838765520522964e-10,1.7243375739184004e-10,1.8689871108116271e-10,1.3734440153491006e-10
575,7.4372808007157573e-10,1.9943487073584295e-11,4.1097548387299940e-11,7.6690042962249197e-11,1.2448905173730359e-10,1.6717478473579021e-10,1.8118795921130951e-10,1.3314520596403888e-10
576,7.2114412628313593e-10,1.9365615439919593e-11,3.9883901807117229e-11,7.4383447783583139e-11,1.2070883277430385e-10,1.6207621108066917e-10,1.7565171189080240e-10,1.2907440550674049e-10
577,6.9924595400864587e-10,1.8804435759024006e-11,3.8706049806411027e-11,7.2146210464684374e-11,1.1704340346717186e-10,1.5713314399569691e-10,1.7028463642413595e-10,1.2512807409152179e-10
578,6.7801273889249090e-10,1.8259467566134838e-11,3.7562938123447026e-11,6.9976245996380766e-11,1.1348927812758546e-10,1.5234084028491252e-10,1.6508156308798546e-10,1.2130240570604479e-10
579,6.5742428892883241e-10,1.7730244171598881e-11,3.6453543501950751e-11,6.7871532031480465e-11,1.1004307691319790e-10,1.4769470143479728e-10,1.6003748015031799e-10,1.1759371072548906e-10
580,6.3746102525975354e-10,1.7216312267715015e-11,3.5376872780706002e-11,6.5830107002077824e-11,1.0670152261353208e-10,1.4319026920077389e-10,1.5514752904174154e-10,1.1399841235320720e-10
581,6.1810396355648665e-10,1.6717231546739795e-11,3.4331962009838584e-11,6.3850068293408801e-11,1.0346143753347399e-10,1.3882322132834566e-10,1.5040699967444154e-10,1.1051304317023830e-10
582,5.9933469596601498e-10,1.6232574329740954e-11,3.3317875593004717e-11,6.1929570472558226e-11,1.0031974047140171e-10,1.3458936740476799e-10,1.4581132590419120e-10,1.0713424179035025e-10
583,5.8113537360588251e-10,1.5761925205992667e-11,3.2333705454726095e-11,6.0066823570371574e-11,9.7273443789076144e-11,1.3048464483726936e-10,1.4135608113106369e-10,1.0385874961738301e-10
584,5.6348868959056363e-10,1.5304880682614881e-11,3.1378570232135910e-11,5.8260091414973580e-11,9.4319650570506994e-11,1.2650511495396180e-10,1.3703697403460639e-10,1.0068340770176403e-10
585,5.4637786257325229e-10,1.4861048844167469e-11,3.0451614490421527e-11,5.6507690015344309e-11,9.1455551867092268e-11,1.2264695922369760e-10,1.3284984443936673e-10,9.7605153693162425e-11
586,5.2978662078741941e-10,1.4430049021917997e-11,2.9552007961270208e-11,5.4807985993449172e-11,8.8678424026411715e-11,1.1890647559124300e-10,1.2879065930678573e-10,9.4621018886341667e-11
587,5.1369918657296136e-10,1.4011511472509855e-11,2.8678944803644974e-11,5.3159395063465071e-11,8.5985626102133542e-11,1.1528007492425145e-10,1.2485550884959639e-10,9.1728125357360080e-11
588,4.9810026137222634e-10,1.3605077065765097e-11,2.7831642886236814e-11,5.1560380556688423e-11,8.3374597342571632e-11,1.1176427756862571e-10,1.2104060276498258e-10,8.8923683187356035e-11
589,4.8297501118164924e-10,1.3210396981363841e-11,2.7009343090958998e-11,5.0009451990753042e-11,8.0842854755505123e-11,1.0835571000896122e-10,1.1734226658286823e-10,8.6204987771238801e-11
590,4.6830905244516080e-10,1.2827132414149310e-11,2.6211308636867377e-11,4.8505163681827545e-11,7.8387990746944161e-11,1.0505110163086622e-10,1.1375693812581784e-10,8.3569417208688358e-11
591,4.5408843837595470e-10,1.2454954287814628e-11,2.5436824423908984e-11,4.7046113398501317e-11,7.6007670831596533e-11,1.0184728158204966e-10,1.1028116407713685e-10,8.1014429774946707e-11
592,4.4029964569360712e-10,1.2093542976734342e-11,2.4685196395918303e-11,4.5630941056107372e-11,7.3699631412858279e-11,9.8741175729164143e-11,1.0691159665386442e-10,7.8537561468960266e-11
593,4.2692956176393515e-10,1.1742588035710320e-11,2.3955750922297739e-11,4.4258327450267541e-11,7.1461677630216575e-11,9.5729803707482677e-11,1.0364499038145284e-10,7.6136423636507408e-11
594,4.1396547212936385e-10,1.1401787937408118e-11,2.3247834197835379e-11,4.2926993028482223e-11,6.9291681272018197e-11,9.2810276060576974e-11,1.0047819896702496e-10,7.3808700666017977e-11
595,4.0139504841794579e-10,1.1070849817266193e-11,2.2560811660128836e-11,4.1635696698622161e-11,6.7187578751618608e-11,8.9979791467251643e-11,9.7408172268197036e-11,7.1552147754861291e-11
596,3.8920633661953284e-10,1.0749489225666494e-11,2.1894067424099762e-11,4.0383234673213918e-11,6.5147369144986992e-11,8.7235634053072555e-11,9.4431953354545624e-11,6.9364588743947495e-11
597,3.7738774571795292e-10,1.0437429887160906e-11,2.1247003733098475e-11,3.9168439348444259e-11,6.3169112287901251e-11,8.4575170783908220e-11,9.1546675658886901e-11,6.7243914018552901e-11
598,3.6592803666838006e-10,1.0134403466553726e-11,2.0619040426112984e-11,3.7990178216840579e-11,6.1250926930923162e-11,8.1995848938982637e-11,8.8749560215623324e-11,6.5188078473343622e-11
599,3.5481631170941679e-10,9.8401493416460920e-12,2.0009614420610631e-11,3.6847352812616189e-11,5.9390988950399507e-11,7.9495193661013593e-11,8.6037912983496181e-11,6.3195099539634583e-11
600,3.4404200399972411e-10,9.5544143824536308e-12,1.9418179210554584e-11,3.5738897688699289e-11,5.7587529613787563e-11,7.7070805581085092e-11,8.3409122250164216e-11,6.1263055272979738e-11
601,3.3359486756934462e-10,9.2769527367140023e-12,1.8844204379150719e-11,3.4663779424494101e-11,5.5838833897655647e-11,7.4720358515973670e-11,8.0860656116107501e-11,5.9390082499248991e-11
602,3.2346496757616202e-10,9.0075256215060751e-12,1.8287175125893351e-11,3.3620995663451243e-11,5.4143238856758906e-11,7.2441597235718501e-11,7.8390060055431540e-11,5.7574375017402426e-11
603,3.1364267085823242e-10,8.7459011208075744e-12,1.7746591807491009e-11,3.2609574179552041e-11,5.2499132042639670e-11,7.0232335299292334e-11,7.5994954551221429e-11,5.5814181857228325e-11
604,3.0411863677300136e-10,8.4918539888228903e-12,1.7221969492265586e-11,3.1628571971838308e-11,5.0904949970248292e-11,6.8090452956295554e-11,7.3673032803167296e-11,5.4107805590363424e-11
605,2.9488380831469740e-10,8.2451654589174318e-12,1.6712837527630204e-11,3.0677074386145379e-11,4.9359176631126439e-11,6.6013895112659382e-11,7.1422058505252228e-11,5.2453600692966339e-11
606,2.8592940350145256e-10,8.0056230579995992e-12,1.6218739120262531e-11,2.9754194263221238e-11,4.7860342051738894e-11,6.4000669358405550e-11,6.9239863691360855e-11,5.0849971958463915e-11
607,2.7724690702396115e-10,7.7730204261958598e-12,1.5739230928601641e-11,2.8859071112439379e-11,4.6407020895582772e-11,6.2048844055569089e-11,6.7124346646732995e-11,4.9295372958839388e-11
608,2.6882806214773376e-10,7.5471571416687963e-12,1.5273882667307226e-11,2.7990870310336617e-11,4.4997831107745084e-11,6.0156546484449052e-11,6.5073469883249468e-11,4.7788304552977542e-11
609,2.6066486286124736e-10,7.3278385504322277e-12,1.4822276723330719e-11,2.7148782323230175e-11,4.3631432600619289e-11,5.8321961046407714e-11,6.3085258176599404e-11,4.6327313440627819e-11
610,2.5274954626252238e-10,7.1148756010216242e-12,1.4384007783257964e-11,2.6332021953190930e-11,4.2306525979531414e-11,5.6543327521493136e-11,6.1157796663437231e-11,4.4910990760590104e-11
611,2.4507458517688933e-10,6.9080846838819767e-12,1.3958682471593109e-11,2.5539827606671225e-11,4.1021851307063473e-11,5.4818939379212731e-11,5.9289228996696147e-11,4.3537970731770709e-11
612,2.3763268099892257e-10,6.7072874753393007e-12,1.3545918999663080e-11,2.4771460585106764e-11,3.9776186904899439e-11,5.3147142140836201e-11,5.7477755557280343e-11,4.2206929335797446e-11
613,2.3041675675173505e-10,6.5123107860255540e-12,1.3145346824831303e-11,2.4026204396832654e-11,3.8568348192054089e-11,5.1526331791656001e-11,5.5721631720412760e-11,4.0916583039922675e-11
614,2.2341995035703426e-10,6.3229864136305784e-12,1.2756606319718519e-11,2.3303364089673322e-11,3.7397186558380168e-11,4.9954953241681368e-11,5.4019166174967952e-11,3.9665687558982352e-11
615,2.1663560810953814e-10,6.1391509998581582e-12,1.2379348451137309e-11,2.2602265603585318e-11,3.6261588272282330e-11,4.8431498833288178e-11,5.2368719294170551e-11,3.8453036655216298e-11
616,2.1005727834954646e-10,5.9606458914667669e-12,1.2013234468455613e-11,2.1922255142750739e-11,3.5160473421599482e-11,4.6954506894392366e-11,5.0768701556089385e-11,3.7277460974792085e-11
617,2.0367870532764974e-10,5.7873170052789850e-12,1.1657935601112764e-11,2.1262698566536964e-11,3.4092794886648041e-11,4.5522560335758135e-11,4.9217572012405118e-11,3.6137826919909753e-11
618,1.9749382325574227e-10,5.6190146970467832e-12,1.1313132765019743e-11,2.0622980798756002e-11,3.3057537344449672e-11,4.4134285291094447e-11,4.7713836803976277e-11,3.5033035555399328e-11
619,1.9149675053868050e-10,5.4555936340631246e-12,1.0978516277583118e-11,2.0002505254673812e-11,3.2053716303196496e-11,4.2788349798634712e-11,4.6256047721773061e-11,3.3962021548756170e-11
620,1.8568178418110300e-10,5.2969126714133871e-12,1.0653785581099850e-11,1.9400693285236376e-11,3.1080377166035675e-11,4.1483462522933997e-11,4.4842800811792214e-11,3.2923752142591516e-11
621,1.8004339436409152e-10,5.1428347317631088e-12,1.0338648974277444e-11,1.8816983637995349e-11,3.0136594323282886e-11,4.0218371515656834e-11,4.3472735022609071e-11,3.1917226158506849e-11
622,1.7457621918651703e-10,4.9932266885815312e-12,1.0032823351641233e-11,1.8250831934231700e-11,2.9221470272201642e-11,3.8991863014166569e-11,4.2144530894263293e-11,3.0941473031431056e-11
623,1.6927505956606894e-10,4.8479592527032249e-12,9.7360339505974230e-12,1.7701710161790714e-11,2.8334134763511218e-11,3.7802760276762547e-11,4.0856909287215075e-11,2.9995551873488733e-11
624,1.6413487429511939e-10,4.7069068621328263e-12,9.4480141059274206e-12,1.7169106183156433e-11,2.7473743973811603e-11,3.6649922453447562e-11,3.9608630150147088e-11,2.9078550566496479e-11
625,1.5915077524672042e-10,4.5699475750006678e-12,9.1685050114954296e-12,1.6652523258307714e-11,2.6639479703138548e-11,3.5532243491141502e-11,3.8398491325424950e-11,2.8189584882211624e-11
626,1.5431802272617509e-10,4.4369629655795924e-12,8.8972554889577901e-12,1.6151479581911904e-11,2.5830548596885493e-11,3.4448651072290459e-11,3.7225327391065145e-11,2.7327797629484681e-11
627,1.4963202096376220e-10,4.3078380232758931e-12,8.6340217632686218e-12,1.5665507834425393e-11,2.5046181391352573e-11,3.3398105585852518e-11,3.6088008538094555e-11,2.6492357827492664e-11
628,1.4508831374432898e-10,4.1824610545096871e-12,8.3785672447824480e-12,1.5194154746683294e-11,2.4285632182205125e-11,3.2379599129672610e-11,3.4985439482220077e-11,2.5682459904255725e-11
629,1.4068258016959394e-10,4.0607235874024829e-12,8.1306623177602266e-12,1.4736980677573012e-11,2.3548177715146168e-11,3.1392154543288766e-11,3.3916558408759482e-11,2.4897322919663794e-11
630,1.3641063054913208e-10,3.9425202791920179e-12,7.8900841350909498e-12,1.4293559204398650e-11,2.2833116698128167e-11,3.0434824470241597e-11,3.2880335949817027e-11,2.4136189812263681e-11
631,1.3226840241613347e-10,3.8277488262966975e-12,7.6566164190464323e-12,1.3863476725555036e-11,2.2139769134450121e-11,2.9506690448986863e-11,3.1875774192718323e-11,2.3398326669080013e-11
632,1.2825195666414679e-10,3.7163098769541692e-12,7.4300492678922670e-12,1.3446332075141489e-11,2.1467475676105742e-11,2.8606862031538707e-11,3.0901905718748962e-11,2.2683022017765451e-11
633,1.2435747380113412e-10,3.6081069463607150e-12,7.2101789681831166e-12,1.3041736149156725e-11,2.0815596996767766e-11,2.7734475928997469e-11,2.9957792671270868e-11,2.1989586140397459e-11
634,1.2058125031727476e-10,3.5030463342401992e-12,6.9968078125755177e-12,1.2649311542926925e-11,2.0183513183812170e-11,2.6888695183142104e-11,2.9042525852318345e-11,2.1317350408259504e-11
635,1.1691969516306365e-10,3.4010370447733528e-12,6.7897439229963060e-12,1.2268692199429505e-11,1.9570623148804068e-11,2.6068708363291987e-11,2.8155223846803490e-11,2.0665666636964945e-11
636,1.1336932633435551e-10,3.3019907088201184e-12,6.5888010790094601e-12,1.1899523068185247e-11,1.8976344055884753e-11,2.5273728787667362e-11,2.7295032173487020e-11,2.0033906461301538e-11
637,1.0992676756110706e-10,3.2058215083696980e-12,6.3937985512288007e-12,1.1541459774401304e-11,1.8400110767516257e-11,2.4502993768500942e-11,2.6461122461896630e-11,1.9421460729193426e-11
638,1.0658874509666863e-10,3.1124461031547932e-12,6.2045609396284465e-12,1.1194168298057086e-11,1.7841375307056344e-11,2.3755763880176333e-11,2.5652691654399710e-11,1.8827738914195897e-11
639,1.0335208460457144e-10,3.0217835593683266e-12,6.0209180166072670e-12,1.0857324662634325e-11,1.7299606337652912e-11,2.3031322249690673e-11,2.4868961232661681e-11,1.8252168545956264e-11
640,1.0021370813985073e-10,2.9337552804226955e-12,5.8427045746677690e-12,1.0530614633201552e-11,1.6774288656962208e-11,2.2328973868760556e-11,2.4109176467744671e-11,1.7694194658091289e-11
641,9.7170631222033198e-11,2.8482849396932905e-12,5.6697602785739700e-12,1.0213733423571989e-11,1.6264922707210351e-11,2.1648044926911051e-11,2.3372605693123933e-11,1.7153279252948613e-11
642,9.4219959997006008e-11,2.7652984151896834e-12,5.5019295218567592e-12,9.9063854122621564e-12,1.5771024100132301e-11,2.0987882164907647e-11,2.2658539599921673e-11,1.6628900782735785e-11
643,9.1358888485068172e-11,2.6847237260994782e-12,5.3390612875391093e-12,9.6082838669869077e-12,1.5292123156336448e-11,2.0347852247910634e-11,2.1966290553679172e-11,1.6120553646516409e-11
644,8.8584695912546991e-11,2.6064909711513943e-12,5.1810090129572457e-12,9.3191506774342988e-12,1.4827764458656787e-11,1.9727341157750218e-11,2.1295191932008991e-11,1.5627747702588052e-11
645,8.5894744124442653e-11,2.5305322687456614e-12,5.0276304585575024e-12,9.0387160960716052e-12,1.4377506419067981e-11,1.9125753603739232e-11,2.0644597482489052e-11,1.5150007795771607e-11
646,8.3286475075639791e-11,2.4567816988012737e-12,4.8787875805521226e-12,8.7667184867411284e-12,1.3940920858751396e-11,1.8542512451457773e-11,2.0013880700180020e-11,1.4686873299156067e-11
647,8.0757408398300833e-11,2.3851752462711003e-12,4.7343464073206949e-12,8.5029040808118049e-12,1.3517592600912810e-11,1.7977058168961673e-11,1.9402434224166161e-11,1.4237897669856600e-11
648,7.8305139043127586e-11,2.3156507462772185e-12,4.5941769194472193e-12,8.2470267406595266e-12,1.3107119075964566e-11,1.7428848289883293e-11,1.8809669252538332e-11,1.3802648018357423e-11
649,7.5927334992247659e-11,2.2481478308202098e-12,4.4581529332860298e-12,7.9988477302560311e-12,1.2709109938696718e-11,1.6897356892909231e-11,1.8235014975255436e-11,1.3380704691024001e-11
650,7.3621735041551583e-11,2.1826078770174609e-12,4.3261519879529412e-12,7.7581354926527400e-12,1.2323186697073109e-11,1.6382074097135549e-11,1.7677918024337948e-11,1.2971660865381846e-11
651,7.1386146650370857e-11,2.1189739568267932e-12,4.1980552356410033e-12,7.5246654341523894e-12,1.1948982352299372e-11,1.5882505572816005e-11,1.7137841940863792e-11,1.2575122157771496e-11
652,6.9218443856452422e-11,2.0571907882129849e-12,4.0737473351632323e-12,7.2982197149674969e-12,1.1586141049820595e-11,1.5398172067033888e-11,1.6614266658253046e-11,1.2190706243001171e-11
653,6.7116565254246910e-11,1.9972046877159578e-12,3.9531163486274916e-12,7.0785870461707563e-12,1.1234317740916740e-11,1.4928608943842093e-11,1.6106688001343643e-11,1.1818042485630223e-11
654,6.5078512034587876e-11,1.9389635243805698e-12,3.8360536411515558e-12,6.8655624927483082e-12,1.0893177854574013e-11,1.4473365738430219e-11,1.5614617200775496e-11,1.1456771582527709e-11
655,6.3102346083897793e-11,1.8824166750090987e-12,3.7224537835290083e-12,6.6589472825725009e-12,1.0562396979320145e-11,1.4032005724890677e-11,1.5137580422215158e-11,1.1106545216361209e-11
656,6.1186188141113465e-11,1.8275149806986009e-12,3.6122144577593061e-12,6.4585486211162669e-12,1.0241660554721030e-11,1.3604105497169086e-11,1.4675118309967450e-11,1.0767025719681739e-11
657,5.9328216010577954e-11,1.7742107046264145e-12,3.5052363653578505e-12,6.2641795117366147e-12,9.9306635722453311e-12,1.3189254562796726e-11,1.4226785544534391e-11,1.0437885749280619e-11
658,5.7526662829199463e-11,1.7224574910481117e-12,3.4014231383643775e-12,6.0756585813598528e-12,9.6291102852125941e-12,1.2787054949015146e-11,1.3792150413695166e-11,1.0118807970504214e-11
659,5.5779815386229773e-11,1.6722103254732313e-12,3.3006812529703922e-12,5.8928099114062667e-12,9.3367139275490483e-12,1.2397120820914949e-11,1.3370794396693854e-11,9.8094847512220279e-12
660,5.4086012494063751e-11,1.6234254959850968e-12,3.2029199456886812e-12,5.7154628737967862e-12,9.0531964410836253e-12,1.2019078111222226e-11,1.2962311761134411e-11,9.5096178651529298e-12
661,5.2443643408511209e-11,1.5760605556719960e-12,3.1080511319902026e-12,5.5434519718889359e-12,8.7782882111248715e-12,1.1652564161377385e-11,1.2566309172194471e-11,9.2189182042633444e-12
662,5.0851146297038361e-11,1.5300742861379227e-12,3.0159893273358405e-12,5.3766166861939552e-12,8.5117278100673087e-12,1.1297227373561877e-11,1.2182405313781502e-11,8.9371054999599560e-12
663,4.9307006753522699e-11,1.4854266620619874e-12,2.9266515705326447e-12,5.2148013247313948e-12,8.2532617487834093e-12,1.0952726873338892e-11,1.1810230521266363e-11,8.6639080528080113e-12
664,4.7809756358108461e-11,1.4420788167764876e-12,2.8399573493462305e-12,5.0578548778818592e-12,8.0026442355647560e-12,1.0618732182584240e-11,1.1449426425440405e-11,8.3990624705144828e-12
665,4.6357971280793413e-11,1.3999930088344777e-12,2.7558285283030335e-12,4.9056308776027000e-12,7.7596369423831881e-12,1.0294922902393550e-11,1.1099645607353122e-11,8.1423134139233446e-12
666,4.4950270927418971e-11,1.3591325895385127e-12,2.6741892786180435e-12,4.7579872608755554e-12,7.5240087782496163e-12,9.9809884056614157e-12,1.0760551263697835e-11,7.8934133507779932e-12
667,4.3585316626775952e-11,1.3194619714030470e-12,2.5949660101855437e-12,4.6147862372585859e-12,7.2955356694550002e-12,9.6766275390375683e-12,1.0431816882423013e-11,7.6521223170131936e-12
668,4.2261810357577554e-11,1.2809465975237502e-12,2.5180873055722076e-12,4.4758941604200154e-12,7.0740003464845019e-12,9.3815483339739116e-12,1.0113125928256762e-11,7.4182076853463981e-12
669,4.0978493514088899e-11,1.2435529118277685e-12,2.4434838559536896e-12,4.3411814035333730e-12,6.8591921374021758e-12,9.0954677265852219e-12,9.8041715378415067e-12,7.1914439409451606e-12
670,3.9734145709239310e-11,1.2072483301796987e-12,2.3710883989375673e-12,4.2105222384183650e-12,6.6509067675097125e-12,8.8181112860545849e-12,9.5046562241851171e-12,6.9716124639542637e-12
671,3.8527583614079172e-11,1.1720012123187614e-12,2.3008356582171832e-12,4.0837947183148032e-12,6.4489461650887261e-12,8.5492129513230093e-12,9.2142915901438785e-12,6.7585013186728077e-12
672,3.7357659832477599e-11,1.1377808346033538e-12,2.2326622850025434e-12,3.9608805641804432e-12,6.2531182730418330e-12,8.2885147758104263e-12,8.9327980506611239e-12,6.5519050491778791e-12
673,3.6223261809991038e-11,1.1045573635398553e-12,2.1665068011760250e-12,3.8416650544067866e-12,6.0632368662534356e-12,8.0357666799231838e-12,8.6599045634940806e-12,6.3516244811976727e-12
674,3.5123310775864882e-11,1.0723018300732029e-12,2.1023095441221781e-12,3.7260369178501598e-12,5.8791213744964838e-12,7.7907262111104385e-12,8.3953483681694483e-12,6.1574665300429704e-12
675,3.4056760717162250e-11,1.0409861046174051e-12,2.0400126131823838e-12,3.6138882300784243e-12,5.7005967107168428e-12,7.5531583112392535e-12,8.1388747329162521e-12,5.9692440144116855e-12
676,3.3022597384044151e-11,1.0105828728047816e-12,1.9795598176865896e-12,3.5051143127366717e-12,5.5274931045319437e-12,7.3228350910650975e-12,7.8902367093321731e-12,5.7867754758868959e-12
677,3.2019837325255287e-11,9.8106561193332440e-13,1.9208966265157431e-12,3.3996136359381820e-12,5.3596459407854105e-12,7.0995356115813494e-12,7.6491948945470199e-12,5.6098850039542573e-12
678,3.1047526952898054e-11,9.5240856809216216e-13,1.8639701191498970e-12,3.2972877235897070e-12,5.1968956030040971e-12,6.8830456720379698e-12,7.4155172006542295e-12,5.4384020663699919e-12
679,3.0104741635605603e-11,9.2458673394567714e-13,1.8087289381582951e-12,3.1980410615629059e-12,5.0390873216087051e-12,6.6731576044258978e-12,7.1889786311882447e-12,5.2721613447158778e-12
680,2.9190584819251427e-11,8.9757582715738944e-13,1.7551232430890231e-12,3.1017810086263822e-12,4.8860710267336064e-12,6.4696700742299626e-12,6.9693610644324954e-12,5.1110025749825704e-12
681,2.8304187174359419e-11,8.7135226943525261e-13,1.7031046657170518e-12,3.0084177100553599e-12,4.7377012055159301e-12,6.2723878872590971e-12,6.7564530433491953e-12,4.9547703930275320e-12
682,2.7444705769403507e-11,8.4589316618053292e-13,1.6526262666107210e-12,2.9178640138385218e-12,4.5938367637181833e-12,6.0811218023684771e-12,6.5500495719285925e-12,4.8033141847584775e-12
683,2.6611323269210848e-11,8.2117628672295582e-13,1.6036424929778687e-12,2.8300353894039481e-12,4.4543408915528307e-12,5.8956883498938609e-12,6.3499519177615233e-12,4.6564879408978630e-12
684,2.5803247157706159e-11,7.9718004512529366e-13,1.5561091377539679e-12,2.7448498487884493e-12,4.3190809335812229e-12,5.7159096556239047e-12,6.1559674206450312e-12,4.5141501161882903e-12
685,2.5019708984258089e-11,7.7388348154105148e-13,1.5099832998957216e-12,2.6622278701768456e-12,4.1879282625631514e-12,5.5416132701415225e-12,5.9679093070367283e-12,4.3761634929030688e-12
686,2.4259963632910971e-11,7.5126624410937629e-13,1.4652233458446574e-12,2.5820923237399786e-12,4.0607581571370863e-12,5.3726320033705023e-12,5.7855965101791209e-12,4.2423950485302513e-12
687,2.3523288613807000e-11,7.2930857137176615e-13,1.4217888721262878e-12,2.5043683997023443e-12,3.9374496832147526e-12,5.2088037641686490e-12,5.6088534957206509e-12,4.1127158275025484e-12
688,2.2808983376124945e-11,7.0799127519559653e-13,1.3796406690514277e-12,2.4289835385723464e-12,3.8178855789772600e-12,5.0499714048134699e-12,5.4375100926654573e-12,3.9870008168493851e-12
689,2.2116368641882126e-11,6.8729572418991257e-13,1.3387406854872343e-12,2.3558673634701656e-12,3.7019521433634330e-12,4.8959825702312066e-12,5.2714013294890093e-12,3.8651288256511634e-12
690,2.1444785759966070e-11,6.6720382759934844e-13,1.2990519946664876e-12,2.2849516144901982e-12,3.5895391279442900e-12,4.7466895518245100e-12,5.1103672752617544e-12,3.7469823681794819e-12
691,2.0793596079781539e-11,6.4769801966244194e-13,1.2605387610045632e-12,2.2161700850369032e-12,3.4805396320808452e-12,4.6019491457584970e-12,4.9542528856277230e-12,3.6324475506105673e-12
692,2.0162180343917335e-11,6.2876124442100307e-13,1.2231662078944318e-12,2.1494585600747541e-12,3.3748500012655317e-12,4.4616225155691874e-12,4.8029078534897399e-12,3.5214139612026871e-12
693,1.9549938099255291e-11,6.1037694096757841e-13,1.1869005864509087e-12,2.0847547562347518e-12,3.2723697285505883e-12,4.3255750589624924e-12,4.6561864642573761e-12,3.4137745638315933e-12
694,1.8956287125961462e-11,5.9252902911842397e-13,1.1517091451762060e-12,2.0219982637217028e-12,3.1730013589696476e-12,4.1936762786759202e-12,4.5139474555182413e-12,3.3094255947813230e-12
695,1.8380662883816528e-11,5.7520189549975801e-13,1.1175601005196764e-12,1.9611304899681236e-12,3.0766503968616542e-12,4.0657996572790841e-12,4.3760538809974265e-12,3.2082664626908065e-12
696,1.7822517975358786e-11,5.5838038003541533e-13,1.0844226083054192e-12,1.9020946049822840e-12,2.9832252160089681e-12,3.9418225357928726e-12,4.2423729786740337e-12,3.1101996515597937e-12
697,1.7281321625329351e-11,5.4204976282436826e-13,1.0522667360022078e-12,1.8448354883394561e-12,2.8926369725042038e-12,3.8216259960107949e-12,4.1127760429277899e-12,3.0151306267205295e-12
698,1.6756559175924398e-11,5.2619575139690236e-13,1.0210634358109397e-12,1.7892996777669784e-12,2.8047995202629495e-12,3.7050947464095812e-12,3.9871383005925430e-12,2.9229677436845050e-12
699,1.6247731597374572e-11,5.1080446833856343e-13,9.9078451854553788e-13,1.7354353192752270e-12,2.7196293291020083e-12,3.5921170115395732e-12,3.8653387907972977e-12,2.8336221597763639e-12
700,1.5754355013386022e-11,4.9586243927130062e-13,9.6140262828394704e-13,1.6831921187880261e-12,2.6370454053052704e-12,3.4825844247887337e-12,3.7472602484790015e-12,2.7470077484697400e-12
701,1.5275960240991865e-11,4.8135658118152973e-13,9.3289121776654806e-13,1.6325212952274223e-12,2.5569692146016730e-12,3.3763919244174025e-12,3.6327889914548960e-12,2.6630410163423922e-12
702,1.4812092344376477e-11,4.6727419108514565e-13,9.0522452451998750e-13,1.5833755350091054e-12,2.4793246074819991e-12,3.2734376527640217e-12,3.5218148109456512e-12,2.5816410225705666e-12
703,1.4362310202248258e-11,4.5360293501978374e-13,8.7837754768505603e-13,1.5357089479060724e-12,2.4040377467834947e-12,3.1736228585251039e-12,3.4142308654438346e-12,2.5027293008849134e-12
704,1.3926186088349540e-11,4.4033083735492218e-13,8.5232602552788905e-13,1.4894770242394041e-12,2.3310370374734491e-12,3.0768518020156905e-12,3.3099335778254707e-12,2.4262297839127153e-12
705,1.3503305264704653e-11,4.2744627041067704e-13,8.2704641361436389e-13,1.4446365933562615e-12,2.2602530585649547e-12,2.9830316633193703e-12,3.2088225356055984e-12,2.3520687298334285e-12
706,1.3093265587219389e-11,4.1493794437640824e-13,8.0251586362816392e-13,1.4011457833564032e-12,2.1916184971001005e-12,2.8920724532397385e-12,3.1108003942417420e-12,2.2801746512768331e-12
707,1.2695677123256766e-11,4.0279489752050854e-13,7.7871220281355275e-13,1.3589639820296973e-12,2.1250680841378324e-12,2.8038869269678380e-12,3.0157727833921473e-12,2.2104782463951880e-12
708,1.2310161780825443e-11,3.9100648668299447e-13,7.5561391402445841e-13,1.3180517989682185e-12,2.0605385326855887e-12,2.7183905003827419e-12,2.9236482160385092e-12,2.1429123320429323e-12
709,1.1936352949028179e-11,3.7956237804275890e-13,7.3320011636201259e-13,1.2783710288176244e-12,1.9979684775157044e-12,2.6355011689049658e-12,2.8343380003856292e-12,2.0774117789994832e-12
710,1.1573895149428334e-11,3.6845253815157751e-13,7.1145054638320748e-13,1.2398846156335587e-12,1.9372984168093353e-12,2.5551394288248448e-12,2.7477561544531618e-12,2.0139134491726508e-12
711,1.1222443698002998e-11,3.5766722522718986e-13,6.9034553986385119e-13,1.2025566183098639e-12,1.8784706555724207e-12,2.4772282010303780e-12,2.6638193232771725e-12,1.9523561347221209e-12
712,1.0881664377361138e-11,3.4719698069799346e-13,6.6986601409949202e-13,1.1663521770463818e-12,1.8214292507698691e-12,2.4016927570613650e-12,2.5824466986417572e-12,1.8926804990442791e-12
713,1.0551233118915198e-11,3.3703262099210630e-13,6.4999345072846320e-13,1.1312374808250894e-12,1.7661199581257883e-12,2.3284606474188660e-12,2.5035599412634148e-12,1.8348290195614696e-12
714,1.0230835694703780e-11,3.2716522956375807e-13,6.3070987906166782e-13,1.0971797358642542e-12,1.7124901805391798e-12,2.2574616320612076e-12,2.4270831053531991e-12,1.7787459322605137e-12
715,9.9201674185724385e-12,3.1758614915017472e-13,6.1199785990417203e-13,1.0641471350212107e-12,1.6604889180660304e-12,2.1886276130198357e-12,2.3529425654840219e-12,1.7243771779269921e-12
716,9.6189328564283494e-12,3.0828697425231593e-13,5.9384046985412061e-13,1.0321088281152364e-12,1.6100667194202424e-12,2.1218925690703572e-12,2.2810669456926274e-12,1.6716703500234489e-12
717,9.3268455452933761e-12,2.9925954383301545e-13,5.7622128606490664e-13,1.0010348931428646e-12,1.5611756349472830e-12,2.0571924923960819e-12,2.2113870507479824e-12,1.6205746441612427e-12
718,9.0436277208883209e-12,2.9049593422626031e-13,5.5912437145694799e-13,9.7089630835880945e-13,1.5137691710258259e-12,1.9944653271833030e-12,2.1438357995198563e-12,1.5710408091173182e-12
719,8.7690100534893189e-12,2.8198845225152424e-13,5.4253426036582308e-13,9.4166492519647121e-13,1.4678022458540322e-12,1.9336509100893837e-12,2.0783481603834270e-12,1.5230210993486578e-12
720,8.5027313918051908e-12,2.7372962852724431e-13,5.2643594461390372e-13,9.1331344200278779e-13,1.4232311465784135e-12,1.8746909125265313e-12,2.0148610885976884e-12,1.4764692289586221e-12
721,8.2445385146321738e-12,2.6571221097770242e-13,5.1081485999300853e-13,8.8581537856294469e-13,1.3800134877245196e-12,1.8175287847058810e-12,1.9533134655973437e-12,1.4313403270707738e-12
722,7.9941858900498872e-12,2.5792915852773371e-13,4.9565687314596245e-13,8.5914505139119844e-13,1.3381081708899114e-12,1.7621097013881974e-12,1.8936460401397178e-12,1.3875908945671654e-12
723,7.7514354419295079e-12,2.5037363497984891e-13,4.8094826883530592e-13,8.3327754976477825e-13,1.2974753456610954e-12,1.7083805092891354e-12,1.8358013712499923e-12,1.3451787621493516e-12
724,7.5160563235321463e-12,2.4303900306850910e-13,4.6667573758774289e-13,8.0818871247852993e-13,1.2580763717172450e-12,1.6562896760886048e-12,1.7797237729098234e-12,1.3040630496816919e-12
725,7.2878246979820875e-12,2.3591881868644492e-13,4.5282636370325478e-13,7.8385510529862482e-13,1.2198737820846795e-12,1.6057872409953017e-12,1.7253592604360501e-12,1.2642041267777329e-12
726,7.0665235254061692e-12,2.2900682527805874e-13,4.3938761361812912e-13,7.6025399909432185e-13,1.1828312475071517e-12,1.5568247668189811e-12,1.6726554984978678e-12,1.2255635745916585e-12
727,6.8519423565368466e-12,2.2229694839508928e-13,4.2634732461147302e-13,7.3736334862739476e-13,1.1469135418980624e-12,1.5093552935044787e-12,1.6215617507223850e-12,1.1881041487779642e-12
728,6.6438771325826990e-12,2.1578329040985877e-13,4.1369369384508375e-13,7.1516177197944879e-13,1.1120865088417487e-12,1.4633332930829009e-12,1.5720288308400274e-12,1.1517897435836312e-12
729,6.4421299911760194e-12,2.0946012538155621e-13,4.0141526772685237e-13,6.9362853059795085e-13,1.0783170291119902e-12,1.4187146259967542e-12,1.5240090553227412e-12,1.1165853570381744e-12
730,6.2465090782129921e-12,2.0332189407114077e-13,3.8950093158815929e-13,6.7274350994236727e-13,1.0455729891768448e-12,1.3754564987571142e-12,1.4774561974693704e-12,1.0824570572079958e-12
731,6.0568283654075072e-12,1.9736319910057693e-13,3.7793989966600679e-13,6.5248720071236818e-13,1.0138232506598614e-12,1.3335174228922015e-12,1.4323254428939959e-12,1.0493719494824965e-12
732,5.8729074733851040e-12,1.9157880025223580e-13,3.6672170538090354e-13,6.3284068064059664e-13,9.8303762072863083e-13,1.2928571751479771e-12,1.3885733463743546e-12,1.0172981448604054e-12
733,5.6945715001488272e-12,1.8596360990441746e-13,3.5583619190177978e-13,6.1378559683302547e-13,9.5318682338251423e-13,1.2534367589025702e-12,1.3461577900187849e-12,9.8620472920573589e-13
734,5.5216508547538737e-12,1.8051268859906428e-13,3.4527350298947224e-13,5.9530414864044008e-13,9.2424247161224275e-13,1.2152183667575206e-12,1.3050379427114064e-12,9.5606173344372747e-13
735,5.3539810960328390e-12,1.7522124073784976e-13,3.3502407411056248e-13,5.7737907104507509e-13,8.9617704040491849e-13,1.1781653442699331e-12,1.2651742207964741e-12,9.2684010466802554e-13
736,5.1914027762182253e-12,1.7008461040293595e-13,3.2507862381359735e-13,5.5999361854691675e-13,8.6896384056873966e-13,1.1422421547907549e-12,1.2265282499640358e-12,8.9851167813124428e-13
737,5.0337612893134849e-12,1.6509827729880006e-13,3.1542814535995463e-13,5.4313154953464387e-13,8.4257699335256245e-13,1.1074143453754349e-12,1.1890628283001958e-12,8.7104915009189411e-13
738,4.8809067240684139e-12,1.6025785281163331e-13,3.0606389860184307e-13,5.2677711112663911e-13,8.1699140583616063e-13,1.0736485137342560e-12,1.1527418904663857e-12,8.4442605149149622e-13
739,4.7326937214190627e-12,1.5555907618291734e-13,2.9697740210014935e-13,5.1091502446793219e-13,7.9218274706778330e-13,1.0409122761906354e-12,1.1175304729731495e-12,8.1861672243649582e-13
740,4.5889813362566240e-12,1.5099781079387934e-13,2.8816042547505789e-13,4.9553047046936768e-13,7.6812742492631409e-13,1.0091742366166414e-12,1.0833946805149959e-12,7.9359628746036838e-13
741,4.4496329033938263e-12,1.4657004055762363e-13,2.7960498198257737e-13,4.8060907597569889e-13,7.4480256368603471e-13,9.7840395631593132e-13,1.0503016533338976e-12,7.6934063154206260e-13
742,4.3145159076013634e-12,1.4227186641582829e-13,2.7130332131031227e-13,4.6613690034971070e-13,7.2218598226264919e-13,9.4857192482520757e-13,1.0182195355799993e-12,7.4582637685765660e-13
743,4.1835018575908014e-12,1.3809950293698628e-13,2.6324792258601068e-13,4.5210042245986153e-13,7.0025617311989238e-13,9.1964953160617896e-13,9.8711744463906616e-13,7.2303086024280535e-13
744,4.0564661638240829e-12,1.3404927501325623e-13,2.5543148759261364e-13,4.3848652805930881e-13,6.7899228181665247e-13,8.9160903860086645e-13,9.5696544139713554e-13,7.0093211134424959e-13
745,3.9332880200334704e-12,1.3011761465307337e-13,2.4784693418371241e-13,4.2528249754455172e-13,6.5837408717516630e-13,8.6442355362392491e-13,9.2773450141372649e-13,6.7950883143931524e-13
746,3.8138502883392330e-12,1.2630105786675316e-13,2.4048738989350357e-13,4.1247599408227370e-13,6.3838198205142390e-13,8.3806700456644771e-13,8.9939648697585141e-13,6.5874037290297950e-13
747,3.6980393878558310e-12,1.2259624164239924e-13,2.3334618573550317e-13,4.0005505209331250e-13,6.1899695468949555e-13,8.1251411438650442e-13,8.7192412000591012e-13,6.3860671930270616e-13
748,3.5857451866806814e-12,1.1899990100950554e-13,2.2641685018445008e-13,3.8800806608302049e-13,6.0020057064205300e-13,7.8774037686242143e-13,8.4529095579737849e-13,6.1908846610185192e-13
749,3.4768608971627660e-12,1.1550886618771713e-13,2.1969310333599555e-13,3.7632377980759615e-13,5.8197495523988780e-13,7.6372203308553646e-13,8.1947135755299416e-13,6.0016680195303848e-13
750,3.3712829743515149e-12,1.1212005981828731e-13,2.1316885123893186e-13,3.6499127576628658e-13,5.6430277659375956e-13,7.4043604866987567e-13,7.9444047170092025e-13,5.8182349056345354e-13
751,3.2689110175293638e-12,1.0883049427584010e-13,2.0683818039486990e-13,3.5399996500965743e-13,5.4716722911240707e-13,7.1786009165688871e-13,7.7017420396511222e-13,5.6404085311458863e-13
752,3.1696476747343743e-12,1.0563726905811532e-13,2.0069535242042439e-13,3.4333957725443041e-13,5.3055201752104958e-13,6.9597251109404191e-13,7.4664919616684423e-13,5.4680175121946845e-13
753,3.0733985501820950e-12,1.0253756825144103e-13,1.9473479886711124e-13,3.3300015129566411e-13,5.1444134136518129e-13,6.7475231626671419e-13,7.2384280373505214e-13,5.3008957040093140e-13
754,2.9800721144986532e-12,9.9528658069742784e-14,1.8895111619430340e-13,3.2297202570734029e-13,4.9881987998491977e-13,6.5417915656347769e-13,7.0173307390383487e-13,5.1388820407503412e-13
755,2.8895796176796835e-12,9.6607884464962525e-14,1.8333906089072766e-13,3.1324582982267963e-13,4.8367277794562286e-13,6.3423330195543730e-13,6.8029872457611811e-13,4.9818203802413541e-13
756,2.8018350046923465e-12,9.3772670806820971e-14,1.7789354474011933e-13,3.0381247498577709e-13,4.6898563091091765e-13,6.1489562407090657e-13,6.5951912383312109e-13,4.8295593534468395e-13
757,2.7167548336401589e-12,9.1020515629917387e-14,1.7260963022677940e-13,2.9466314606639438e-13,4.5474447194470642e-13,5.9614757784726033e-13,6.3937427006989962e-13,4.6819522185520172e-13
758,2.6342581964128213e-12,8.8348990446217848e-14,1.6748252607690598e-13,2.8578929322999888e-13,4.4093575822912474e-13,5.7797118374235939e-13,6.1984477273782757e-13,4.5388567195038670e-13
759,2.5542666417455827e-12,8.5755737621040185e-14,1.6250758293169145e-13,2.7718262395536978e-13,4.2754635818582018e-13,5.6034901048848392e-13,6.0091183367547789e-13,4.4001349488769914e-13
760,2.4767041006149810e-12,8.3238468310697277e-14,1.5768028914829705e-13,2.6883509529232792e-13,4.1456353898830515e-13,5.4326415837222801e-13,5.8255722900991969e-13,4.2656532149320555e-13
761,2.4014968138999959e-12,8.0794960460014523e-14,1.5299626672492915e-13,2.6073890635236742e-13,4.0197495445350738e-13,5.2670024302431270e-13,5.6476329161100180e-13,4.1352819127386313e-13
762,2.3285732622398476e-12,7.8423056857987790e-14,1.4845126734635492e-13,2.5288649102518395e-13,3.8976863330100426e-13,5.1064137970376813e-13,5.4751289408173114e-13,4.0088953992381737e-13
763,2.2578640980217105e-12,7.6120663249899064e-14,1.4404116854630107e-13,2.4527051091430675e-13,3.7793296776877637e-13,4.9507216806140553e-13,5.3078943226835574e-13,3.8863718721266590e-13
764,2.1893020794336909e-12,7.3885746504254794e-14,1.3976196998328528e-13,2.3788384848524473e-13,3.6645670257465262e-13,4.7997767736796062e-13,5.1457680927428247e-13,3.7675932524401052e-13
765,2.1228220065203392e-12,7.1716332832959593e-14,1.3560978982653200e-13,2.3071960041975450e-13,3.5532892421295153e-13,4.6534343219273930e-13,4.9885941996242728e-13,3.6524450707297498e-13
766,2.0583606591798918e-12,6.9610506063183760e-14,1.3158086124872188e-13,2.2377107117003207e-13,3.4453905057613935e-13,4.5115539851902231e-13,4.8362213593107691e-13,3.5408163567171545e-13
767,1.9958567370442809e-12,6.7566405959427318e-14,1.2767152902242056e-13,2.1703176670681466e-13,3.3407682089163478e-13,4.3739997028291039e-13,4.6885029094879278e-13,3.4325995323228061e-13
768,1.9352508011847447e-12,6.5582226594326746e-14,1.2387824621712615e-13,2.1049538845556140e-13,3.2393228596419270e-13,4.2406395632269584e-13,4.5452966683433052e-13,3.3276903079651121e-13
769,1.8764852175875904e-12,6.3656214766792342e-14,1.2019757099396378e-13,2.0415582741505495e-13,3.1409579871458535e-13,4.1113456772623883e-13,4.4064647976797869e-13,3.2259875820297630e-13
770,1.8195041023463721e-12,6.1786668466105270e-14,1.1662616349514400e-13,1.9800715845293894e-13,3.0455800500558551e-13,3.9859940556420997e-13,4.2718736702113276e-13,3.1273933434125574e-13
771,1.7642532685183524e-12,5.9971935380642396e-14,1.1316078282538690e-13,1.9204363477286861e-13,2.9530983474652581e-13,3.8644644899743206e-13,4.1413937409132658e-13,3.0318125770416998e-13
772,1.7106801745947134e-12,5.8210411449936152e-14,1.0979828412259592e-13,1.8625968254811346e-13,2.8634249326797705e-13,3.7466404374690974e-13,4.0148994223033144e-13,2.9391531722884974e-13
773,1.6587338745355183e-12,5.6500539458813389e-14,1.0653561571514553e-13,1.8064989571660520e-13,2.7764745295834096e-13,3.6324089091548765e-13,3.8922689635331295e-13,2.8493258341781284e-13
774,1.6083649693219028e-12,5.4840807672393875e-14,1.0336981636322519e-13,1.7520903093257569e-13,2.6921644515440577e-13,3.5216603615041094e-13,3.7733843331740298e-13,2.7622439973148818e-13
775,1.5595255599794246e-12,5.3229748510764173e-14,1.0029801258175656e-13,1.6993200267007470e-13,2.6104145227815188e-13,3.4142885913639317e-13,3.6581311055839699e-13,2.6778237424388705e-13
776,1.5121692020279049e-12,5.1665937262176706e-14,9.7317416042475092e-14,1.6481387847379900e-13,2.5311470021233021e-13,3.3101906340910946e-13,3.5463983507463753e-13,2.5959837155337693e-13
777,1.4662508613144370e-12,5.0147990833657566e-14,9.4425321052837447e-14,1.5984987435280246e-13,2.4542865090756296e-13,3.2092666647934552e-13,3.4380785274747303e-13,2.5166450494075806e-13
778,1.4217268711875638e-12,4.8674566537938073e-14,9.1619102109485604e-14,1.5503535031278959e-13,2.3797599521393623e-13,3.1114199025832459e-13,3.3330673798800839e-13,2.4397312876708139e-13
779,1.3785548909719014e-12,4.7244360915657365e-14,8.8896211524065529e-14,1.5036580602282340e-13,2.3074964593026755e-13,3.0165565177502974e-13,3.2312638370017838e-13,2.3651683110387926e-13
780,1.3366938657037136e-12,4.5856108591812816e-14,8.6254177119262564e-14,1.4583687661240539e-13,2.2374273106443853e-13,2.9245855417661492e-13,3.1325699155047798e-13,2.2928842658870137e-13
781,1.2961039870891556e-12,4.4508581165465627e-14,8.3690599992979933e-14,1.4144432859500583e-13,2.1694858729838325e-13,2.8354187800327141e-13,3.0368906253498014e-13,2.2228094949906947e-13
782,1.2567466556480502e-12,4.3200586131736625e-14,8.1203152348646541e-14,1.3718405591424085e-13,2.1036075365151803e-13,2.7489707272917939e-13,2.9441338783455694e-13,2.1548764703817178e-13
783,1.2185844440072041e-12,4.1930965835156073e-14,7.8789575389701192e-14,1.3305207610900740e-13,2.0397296533658714e-13,2.6651584856142930e-13,2.8542103994949919e-13,2.0890197282582362e-13
784,1.1815810613083531e-12,4.0698596453457834e-14,7.6447677276356328e-14,1.2904452659399717e-13,1.9777914780208024e-13,2.5839016848904589e-13,2.7670336410499635e-13,2.0251758058841924e-13
785,1.1457013186968930e-12,3.9502387010934686e-14,7.4175331142801829e-14,1.2515766105212026e-13,1.9177341095555792e-13,2.5051224057448694e-13,2.6825196991920159e-13,1.9632831804178996e-13
786,1.1109110958585746e-12,3.8341278420497314e-14,7.1970473173062935e-14,1.2138784593547065e-13,1.8595004356239056e-13,2.4287451048022233e-13,2.6005872332585851e-13,1.9032822096107219e-13
787,1.0771773085723388e-12,3.7214242553603941e-14,6.9831100733779022e-14,1.1773155707156989e-13,1.8030350781458439e-13,2.3546965422322283e-13,2.5211573874371230e-13,1.8451150743186641e-13
788,1.0444678772484436e-12,3.6120281337251948e-14,6.7755270562221369e-14,1.1418537637172155e-13,1.7482843406453010e-13,2.2829057115041004e-13,2.4441537148516330e-13,1.7887257227714538e-13
789,1.0127516964219534e-12,3.5058425877246279e-14,6.5741097007917857e-14,1.1074598863840479e-13,1.6951961571866553e-13,2.2133037712832556e-13,2.3695021039685501e-13,1.7340598165453837e-13
790,9.8199860517258681e-13,3.4027735606981733e-14,6.3786750326299922e-14,1.0741017846872810e-13,1.6437200428619687e-13,2.1458239794048989e-13,2.2971307072510853e-13,1.6810646781878179e-13
791,9.5217935844279352e-13,3.3027297460998846e-14,6.1890455022835001e-14,1.0417482725105373e-13,1.5938070457816996e-13,2.0804016288611367e-13,2.2269698719933467e-13,1.6296892404428756e-13
792,9.2326559922677904e-13,3.2056225072594119e-14,6.0050488246152112e-14,1.0103691025198953e-13,1.5454097005232562e-13,2.0169739857402262e-13,2.1589520732676207e-13,1.5798839970293293e-13
793,8.9522983160403867e-13,3.1113657994786359e-14,5.8265178228712534e-14,9.7993493791030478e-14,1.4984819829931278e-13,1.9554802290584241e-13,2.0930118489202671e-13,1.5316009549232730e-13
794,8.6804539459174704e-13,3.0198760943960952e-14,5.6532902773620758e-14,9.5041732500212720e-14,1.4529792666596670e-13,1.8958613924267015e-13,2.0290857365536132e-13,1.4847935880995441e-13
795,8.4168643679114719e-13,2.9310723065533748e-14,5.4852087786211536e-14,9.2178866666223068e-14,1.4088582801149007e-13,1.8380603074963881e-13,1.9671122124331878e-13,1.4394167926873098e-13
796,8.1612789180381999e-13,2.8448757220994988e-14,5.3221205849089852e-14,8.9402219652483415e-14,1.3660770659250137e-13,1.7820215491294738e-13,1.9070316322614547e-13,1.3954268434965751e-13
797,7.9134545439446411e-13,2.7612099295712588e-14,5.1638774839339295e-14,8.6709195398803964e-14,1.3245949407303744e-13,1.7276913822409799e-13,1.8487861737610172e-13,1.3527813518737120e-13
798,7.6731555737751075e-13,2.6800007526891689e-14,5.0103356586652320e-14,8.4097275996272362e-14,1.2843724565571577e-13,1.6750177102624065e-13,1.7923197810120181e-13,1.3114392248453621e-13
799,7.4401534920559827e-13,2.6011761851105170e-14,4.8613555571172799e-14,8.1564019335114736e-14,1.2453713633037740e-13,1.6239500251768157e-13,1.7375781104901283e-13,1.2713606255113376e-13
800,7.2142267223859172e-13,2.5246663270826571e-14,4.7168017659876814e-14,7.9107056823333966e-14,1.2075545723664304e-13,1.5744393590776202e-13,1.6845084787531664e-13,1.2325069346483269e-13
801,6.9951604167248336e-13,2.4504033239413390e-14,4.5765428880352482e-14,7.6724091173995631e-14,1.1708861213692354e-13,1.5264382372046080e-13,1.6330598117259812e-13,1.1948407134873944e-13
802,6.7827462510813482e-13,2.3783213064004835e-14,4.4404514230872974e-14,7.4412894259096522e-14,1.1353311399653018e-13,1.4799006324121580e-13,1.5831825955347614e-13,1.1583256676293836e-13
803,6.5767822274043182e-13,2.3083563325813324e-14,4.3084036525689981e-14,7.2171305028012711e-14,1.1008558166763311e-13,1.4347819210259565e-13,1.5348288288434338e-13,1.1229266120634362e-13
804,6.3770724814901439e-13,2.2404463317304559e-14,4.1802795274506036e-14,6.9997227488584453e-14,1.0674273667391436e-13,1.3910388400458874e-13,1.4879519766462562e-13,1.0886094372549061e-13
805,6.1834270967231157e-13,2.1745310495775240e-14,4.0559625595115245e-14,6.7888628748953173e-14,1.0350140009285737e-13,1.3486294456540243e-13,1.4425069254721104e-13,1.0553410762699704e-13
806,5.9956619234717021e-13,2.1105519952851863e-14,3.9353397158231744e-14,6.5843537118323255e-14,1.0035848953270891e-13,1.3075130729879322e-13,1.3984499399573685e-13,1.0230894729052435e-13
807,5.8135984039690360e-13,2.0484523899447981e-14,3.8183013163553990e-14,6.3860040264875647e-14,9.7311016201237847e-14,1.2676502971406935e-13,1.3557386207455129e-13,9.9182355079167441e-14
808,5.6370634025110450e-13,1.9881771165730465e-14,3.7047409346141282e-14,6.1936283429113946e-14,9.4356082063503858e-14,1.2290028953502390e-13,1.3143318636729762e-13,9.6151318344293472e-14
809,5.4658890408107828e-13,1.9296726715658570e-14,3.5945553012206203e-14,6.0070467690975208e-14,9.1490877085932849e-14,1.1915338103417206e-13,1.2741898202019064e-13,9.3212916521942693e-14
810,5.2999125383523438e-13,1.8728871175672067e-14,3.4876442103452976e-14,5.8260848289087969e-14,8.8712676564078593e-14,1.1552071147877604e-13,1.2352738590617486e-13,9.0364318317991899e-14
811,5.1389760575925985e-13,1.8177700377117100e-14,3.3839104289117592e-14,5.6505732990608695e-14,8.6018838531528940e-14,1.1199879768524804e-13,1.1975465290627245e-13,8.7602778979367032e-14
812,4.9829265538634933e-13,1.7642724912010391e-14,3.2832596084890430e-14,5.4803480510114761e-14,8.3406801247493153e-14,1.0858426267862700e-13,1.1609715230453968e-13,8.4925637648673968e-14
813,4.8316156298322103e-13,1.7123469701753758e-14,3.1856001997926296e-14,5.3152498976078176e-14,8.0874080760680696e-14,1.0527383245392391e-13,1.1255136429316061e-13,8.2330314799697590e-14
814,4.6848993943807632e-13,1.6619473578422568e-14,3.0908433697170342e-14,5.1551244443488515e-14,7.8418268547155064e-14,1.0206433283622941e-13,1.0911387658431380e-13,7.9814309751296677e-14
815,4.5426383257708479e-13,1.6130288878262182e-14,2.9989029208250985e-14,4.9998219451236522e-14,7.6037029219916051e-14,9.8952686436571951e-14,1.0578138112554896e-13,7.7375198257298067e-14
816,4.4046971389637940e-13,1.5655481047037538e-14,2.9096952132213280e-14,4.8491971622911760e-14,7.3728098308032822e-14,9.5935909700605991e-14,1.0255067091551167e-13,7.5010630170066320e-14
817,4.2709446569694907e-13,1.5194628256890919e-14,2.8231390887387464e-14,4.7031092309708011e-14,7.1489280103215391e-14,9.3011110047300001e-14,9.9418636916950144e-14,7.2718327175497163e-14
818,4.1412536861018858e-13,1.4747321034373216e-14,2.7391557973708390e-14,4.5614215274169560e-14,6.9318445571776883e-14,9.0175483094878737e-14,9.6382265064031251e-14,7.0496080597250569e-14
819,4.0155008950224771e-13,1.4313161899323586e-14,2.6576689258821608e-14,4.4240015413549670e-14,6.7213530330000844e-14,8.7426309971359560e-14,9.3438633361085470e-14,6.8341749268107010e-14
820,3.8935666974567521e-13,1.3891765014281871e-14,2.5786043285331727e-14,4.2907207521589177e-14,6.5172532680988417e-14,8.4760954707102681e-14,9.0584909069986424e-14,6.6253257466394834e-14
821,3.7753351384720369e-13,1.3482755844127311e-14,2.5018900598567406e-14,4.1614545087559459e-14,6.3193511711118132e-14,8.2176861706874352e-14,8.7818345983457492e-14,6.4228592915499532e-14
822,3.6606937842086350e-13,1.3085770825645954e-14,2.4274563094256196e-14,4.0360819131448406e-14,6.1274585444308665e-14,7.9671553298997980e-14,8.5136281781680136e-14,6.2265804844526156e-14
823,3.5495336149593576e-13,1.2700457046737822e-14,2.3552353385520010e-14,3.9144857074201974e-14,5.9413929052328831e-14,7.7242627359242732e-14,8.2536135469658718e-14,6.0363002108245685e-14
824,3.4417489214957998e-13,1.2326471934983298e-14,2.2851614188619642e-14,3.7965521641966548e-14,5.7609773119453070e-14,7.4887755007169840e-14,8.0015404892874907e-14,5.8518351364512682e-14
825,3.3372372045427529e-13,1.1963482955296270e-14,2.2171707726893648e-14,3.6821709803309047e-14,5.5860401959812287e-14,7.2604678372727303e-14,7.7571664328839238e-14,5.6730075307397525e-14
826,3.2358990773051722e-13,1.1611167316399568e-14,2.1512015152353124e-14,3.5712351738422533e-14,5.4164151985839742e-14,7.0391208430950901e-14,7.5202562152221456e-14,5.4996450954329877e-14
827,3.1376381709549883e-13,1.1269211685865847e-14,2.0871935984410063e-14,3.4636409839354832e-14,5.2519410126260494e-14,6.8245222902694028e-14,7.2905818571311480e-14,5.3315807985602125e-14
828,3.0423610429879069e-13,1.0937311913474569e-14,2.0250887565232180e-14,3.3592877740326842e-14,5.0924612292120042e-14,6.6164664219373129e-14,7.0679223433631566e-14,5.1686527134632340e-14
829,2.9499770883630180e-13,1.0615172762642912e-14,1.9648304531232249e-14,3.2580779377234961e-14,4.9378241889393340e-14,6.4147537549776456e-14,6.8520634098587160e-14,5.0107038627434712e-14
830,2.8603984533407462e-13,1.0302507649695557e-14,1.9063638300214530e-14,3.1599168075459668e-14,4.7878828376759605e-14,6.2191908887043564e-14,6.6427973375108289e-14,4.8575820669793410e-14
831,2.7735399519371755e-13,9.9990383907450550e-15,1.8496356573714817e-14,3.0647125665128357e-14,4.6424945867171814e-14,6.0295903193980283e-14,6.4399227522295808e-14,4.7091397980681452e-14
832,2.6893189849153142e-13,9.7044949559611528e-15,1.7945942854084525e-14,2.9723761623006418e-14,4.5015211771890486e-14,5.8457702604930584e-14,6.2432444311147498e-14,4.5652340370510765e-14
833,2.6076554612362618e-13,9.4186152310138512e-15,1.7411895975882479e-14,2.8828212240215304e-14,4.3648285485692756e-14,5.6675544682480480e-14,6.0525731145498288e-14,4.4257261362843054e-14
834,2.5284717218955826e-13,9.1411447854812911e-15,1.6893729651150844e-14,2.7959639815000367e-14,4.2322867112006186e-14,5.4947720727321685e-14,5.8677253240365014e-14,4.2904816858232831e-14
835,2.4516924660724448e-13,8.8718366480195363e-15,1.6390972028164343e-14,2.7117231869794764e-14,4.1037696226754905e-14,5.3272574139654047e-14,5.6885231855942359e-14,4.1593703838914507e-14
836,2.3772446795213207e-13,8.6104510880973211e-15,1.5903165263253917e-14,2.6300200391848259e-14,3.9791550679742792e-14,5.1648498830555080e-14,5.5147942585549547e-14,4.0322659113085154e-14
837,2.3050575651381222e-13,8.3567554041044723e-15,1.5429865105317837e-14,2.5507781096711900e-14,3.8583245432433613e-14,5.0073937681792739e-14,5.3463713695879417e-14,3.9090458097572218e-14
838,2.2350624756347612e-13,8.1105237176482952e-15,1.4970640492644708e-14,2.4739232713890774e-14,3.7411631431022982e-14,4.8547381052604215e-14,5.1830924517952176e-14,3.7895913637712952e-14
839,2.1671928482581083e-13,7.8715367738576717e-15,1.4525073161683889e-14,2.3993836293997647e-14,3.6275594513730508e-14,4.7067365332008479e-14,5.0248003887224660e-14,3.6737874863307988e-14
840,2.1013841414912649e-13,7.6395817475197352e-15,1.4092757267409727e-14,2.3270894536760752e-14,3.5174054351272988e-14,4.5632471535264055e-14,4.8713428631353185e-14,3.5615226079546031e-14
841,2.0375737736769536e-13,7.4144520548792183e-15,1.3673299014936230e-14,2.2569731139257839e-14,3.4105963419510985e-14,4.4241323943125708e-14,4.7225722104154370e-14,3.4526885691830987e-14
842,1.9757010635046702e-13,7.1959471709353802e-15,1.3266316302049284e-14,2.1889690163768115e-14,3.3070306003291980e-14,4.2892588782595073e-14,4.5783452764352371e-14,3.3471805163474823e-14
843,1.9157071723049907e-13,6.9838724520763205e-15,1.2871438372333073e-14,2.1230135424651558e-14,3.2066097230542623e-14,4.1584972947899661e-14,4.4385232797744300e-14,3.2448968005251541e-14
844,1.8575350480961609e-13,6.7780389638950774e-15,1.2488305478577048e-14,2.0590449893683043e-14,3.1092382135691703e-14,4.0317222760473626e-14,4.3029716781457195e-14,3.1457388795838389e-14
845,1.8011293713297630e-13,6.5782633140364742e-15,1.2116568556159162e-14,1.9970035123285961e-14,3.0148234751532978e-14,3.9088122766750861e-14,4.1715600389010973e-14,3.0496112232199903e-14
846,1.7464365022838638e-13,6.3843674899280367e-15,1.1755888906109829e-14,1.9368310687126650e-14,2.9232757228664499e-14,3.7896494572617377e-14,4.0441619134940364e-14,2.9564212208999629e-14
847,1.6934044300536106e-13,6.1961787012526116e-15,1.1405937887570101e-14,1.8784713637547135e-14,2.8345078981666888e-14,3.6741195713405062e-14,3.9206547157767266e-14,2.8660790926152021e-14
848,1.6419827230907793e-13,6.0135292270244000e-15,1.1066396619365799e-14,1.8218697979329583e-14,2.7484355861208631e-14,3.5621118558342917e-14,3.8009196040152288e-14,2.7784978023654328e-14
849,1.5921224812452252e-13,5.8362562671341951e-15,1.0736955690427712e-14,1.7669734159300804e-14,2.6649769351291148e-14,3.4535189248415049e-14,3.6848413665089018e-14,2.6935929742864585e-14
850,1.5437762892626421e-13,5.6642017982334964e-15,1.0417314878795891e-14,1.7137308571300292e-14,2.5840525790870229e-14,3.3482366666606741e-14,3.5723083107040409e-14,2.6112828113417168e-14
851,1.4968981716944030e-13,5.4972124338309582e-15,1.0107182878953806e-14,1.6620923076049300e-14,2.5055855619113593e-14,3.2461641439550875e-14,3.4632121556949490e-14,2.5314880164992262e-14
852,1.4514435491765964e-13,5.3351392884783049e-15,9.8062770372457499e-15,1.6120094535472595e-14,2.4295012643576859e-14,3.1472034969617095e-14,3.3574479280089618e-14,2.4541317163179433e-14
853,1.4073691960366983e-13,5.1778378459264668e-15,9.5143230951379960e-15,1.5634354361037905e-14,2.3557273330602027e-14,3.0512598496515573e-14,3.2549138605751031e-14,2.3791393868698842e-14
854,1.3646331991875441e-13,5.0251678311360946e-15,9.2310549400915030e-15,1.5163248075691198e-14,2.2841936117263570e-14,2.9582412187515165e-14,3.1555112947790941e-14,2.3064387819265934e-14
855,1.3231949182695290e-13,4.8769930860300202e-15,8.9562143638206652e-15,1.4706334888978649e-14,2.2148320744207969e-14,2.8680584255403455e-14,3.0591445855104557e-14,2.2359598633407573e-14
856,1.2830149470031200e-13,4.7331814488785134e-15,8.6895508277193834e-15,1.4263187284958386e-14,2.1475767608752070e-14,2.7806250103342656e-14,2.9657210091102543e-14,2.1676347335558451e-14
857,1.2440550757149373e-13,4.5936046372113304e-15,8.4308212352421406e-15,1.3833390622517149e-14,2.0823637137625243e-14,2.6958571495801330e-14,2.8751506741309175e-14,2.1013975701787361e-14
858,1.2062782550017593e-13,4.4581381341536389e-15,8.1797897110340732e-15,1.3416542747718485e-14,2.0191309178758738e-14,2.6136735754766599e-14,2.7873464348221777e-14,2.0371845625522612e-14
859,1.1696485604979055e-13,4.3266610780859416e-15,7.9362273866101586e-15,1.3012253617820407e-14,1.9578182411543896e-14,2.5339954980466032e-14,2.7022238072598818e-14,1.9749338502665306e-14
860,1.1341311587124875e-13,4.1990561555309664e-15,7.6999121923894499e-15,1.2620144936611274e-14,1.8983673774998404e-14,2.4567465295851805e-14,2.6197008880369089e-14,1.9145854635497767e-14
861,1.0996922739040406e-13,4.0752094971733705e-15,7.4706286558961838e-15,1.2239849800723321e-14,1.8407217913296746e-14,2.3818526114122453e-14,2.5396982754379405e-14,1.8560812654812578e-14
862,1.0662991559610381e-13,3.9550105769208040e-15,7.2481677059450017e-15,1.1871012356593315e-14,1.7848266638137651e-14,2.3092419428579840e-14,2.4621389930221882e-14,1.7993648959705310e-14
863,1.0339200492577402e-13,3.8383521139175749e-15,7.0323264826330452e-15,1.1513287467750069e-14,1.7306288407437179e-14,2.2388449124140044e-14,2.3869484155405246e-14,1.7443817174490861e-14
864,1.0025241624557642e-13,3.7251299774247232e-15,6.8229081529668844e-15,1.1166340392117849e-14,1.6780767819851785e-14,2.1705940309838113e-14,2.3140541971156954e-14,1.6910787622220111e-14
865,9.7208163922265418e-14,3.6152430944828309e-15,6.6197217319573168e-15,1.0829846469034304e-14,1.6271205124650610e-14,2.1044238671686234e-14,2.2433862016164821e-14,1.6394046814289313e-14
866,9.4256352983960881e-14,3.5085933602763244e-15,6.4225819090200580e-15,1.0503490815690515e-14,1.5777115746470927e-14,2.0402709845264853e-14,2.1748764351587818e-14,1.5893096955650395e-14
867,9.1394176367136403e-14,3.4050855511203922e-15,6.2313088795251090e-15,1.0186968032709581e-14,1.5298029824504831e-14,1.9780738807444930e-14,2.1084589806686392e-14,1.5407455465145167e-14
868,8.8618912247205265e-14,3.3046272399939549e-15,6.0457281813422351e-15,9.8799819185886755e-15,1.4833491765678900e-14,1.9177729286657944e-14,2.0440699344442287e-14,1.4936654510501269e-14
869,8.5927921450165478e-14,3.2071287145443294e-15,5.8656705362345370e-15,9.5822451927378190e-15,1.4383059811401936e-14,1.8593103191148122e-14,1.9816473446557215e-14,1.4480240557541521e-14
870,8.3318644942842461e-14,3.1125028974914135e-15,5.6909716959564370e-15,9.2934792268566061e-15,1.3946305617468846e-14,1.8026300054658437e-14,1.9211311517238442e-14,1.4037773933172279e-14
871,8.0788601399342691e-14,3.0206652693613192e-15,5.5214722929166954e-15,9.0134137843979390e-15,1.3522813846721043e-14,1.7476776499018860e-14,1.8624631305197214e-14,1.3608828401729615e-14
872,7.8335384841404149e-14,2.9315337934814103e-15,5.3570176952711631e-15,8.7417867678753430e-15,1.3112181774076122e-14,1.6944005713121404e-14,1.8055868343303781e-14,1.3192990754274925e-14
873,7.5956662350399576e-14,2.8450288431707008e-15,5.1974578663140035e-15,8.4783439737777765e-15,1.2714018903551107e-14,1.6427476947782282e-14,1.7504475405359502e-14,1.2789860410444201e-14
874,7.3650171848816727e-14,2.7610731310614876e-15,5.0426472280400046e-15,8.2228388548629870e-15,1.2327946596915177e-14,1.5926695026006696e-14,1.6969921979463203e-14,1.2399049032467169e-14
875,7.1413719949105946e-14,2.6795916404899543e-15,4.8924445287543534e-15,7.9750322896072823e-15,1.1953597713618620e-14,1.5441179868186635e-14,1.6451693757464771e-14,1.2020180150984334e-14
876,6.9245179867849407e-14,2.6005115588953070e-15,4.7467127146099253e-15,7.7346923585963402e-15,1.1590616261655719e-14,1.4970466031776257e-14,1.5949292140014618e-14,1.1652888802301241e-14
877,6.7142489403268312e-14,2.5237622131687626e-15,4.6053188049556769e-15,7.5015941276481103e-15,1.1238657059029433e-14,1.4514102265003454e-14,1.5462233756732475e-14,1.1296821176730411e-14
878,6.5103648974144977e-14,2.4492750068954126e-15,4.4681337713831907e-15,7.2755194374651916e-15,1.0897385405496040e-14,1.4071651074189503e-14,1.4990050001033706e-14,1.0951634277681930e-14
879,6.3126719718294655e-14,2.3769833594336594e-15,4.3350324203617686e-15,7.0562566996201341e-15,1.0566476764277525e-14,1.3642688304261940e-14,1.4532286579165367e-14,1.0616995591174257e-14
880,6.1209821648779037e-14,2.3068226467785265e-15,4.2058932793556762e-15,6.8436006986830489e-15,1.0245616453439053e-14,1.3226802732058290e-14,1.4088503073017859e-14,1.0292582765446591e-14
881,5.9351131866107906e-14,2.2387301441567084e-15,4.0805984863203524e-15,6.6373524003066176e-15,9.9344993466380351e-15,1.2823595672030636e-14,1.3658272516291427e-14,9.9780833003641319e-15
882,5.7548882824728736e-14,2.1726449703027475e-15,3.9590336824774115e-15,6.4373187650892104e-15,9.6328295829602045e-15,1.2432680593972901e-14,1.3241180983609434e-14,9.6731942463168200e-15
883,5.5801360652156025e-14,2.1085080333672169e-15,3.8410879082712333e-15,6.2433125680421565e-15,9.3403202855667928e-15,1.2053682752404212e-14,1.2836827192183015e-14,9.3776219123213991e-15
884,5.4106903519141673e-14,2.0462619784091830e-15,3.7266535024128369e-15,6.0551522234924972e-15,9.0566932888852009e-15,1.1686238827252920e-14,1.2444822115643585e-14,9.0910815830454511e-15
885,5.2463900059336504e-14,1.9858511364266592e-15,3.6156260039195129e-15,5.8726616152575812e-15,8.7816788740837993e-15,1.1329996575496705e-14,1.2064788609671519e-14,8.8132972444807224e-15
886,5.0870787836940178e-14,1.9272214748800745e-15,3.5079040570613962e-15,5.6956699319328320e-15,8.5150155125792289e-15,1.0984614493424658e-14,1.1696361049060675e-14,8.5440013180013134e-15
887,4.9326051860882360e-14,1.8703205496651225e-15,3.4033893191287954e-15,5.5240115071387622e-15,8.2564496173323702e-15,1.0649761489197455e-14,1.1339184975869402e-14,8.2829344025504511e-15
888,4.7828223144121872e-14,1.8150974584926011e-15,3.3019863709366628e-15,5.3575256645779390e-15,8.0057353016963790e-15,1.0325116565391597e-14,1.0992916758319298e-14,8.0298450247073959e-15
889,4.6375877306694199e-14,1.7615027956341126e-15,3.2036026299850260e-15,5.1960565677571423e-15,7.7626341455875623e-15,1.0010368511223313e-14,1.0657223260113487e-14,7.7844893963935541e-15
890,4.4967633221178517e-14,1.7094886079936874e-15,3.1081482661966658e-15,5.0394530742342438e-15,7.5269149687566406e-15,9.7052156041568792e-15,1.0331781519856041e-14,7.5466311799843544e-15
891,4.3602151699296398e-14,1.6590083524665478e-15,3.0155361201555882e-15,4.8875685942536162e-15,7.2983536109448496e-15,9.4093653206113121e-15,1.0016278440264012e-14,7.3160412606004701e-15
892,4.2278134218393055e-14,1.6100168545473816e-15,2.9256816237721644e-15,4.7402609536379773e-15,7.0767327187157861e-15,9.1225340554878904e-15,9.7104104868729040e-15,7.0924975253589463e-15
893,4.0994321686590095e-14,1.5624702681515724e-15,2.8385027233029714e-15,4.5973922608085169e-15,6.8618415387602909e-15,8.8444468502496312e-15,9.4138833959456044e-15,6.8757846493715104e-15
894,3.9749493245435533e-14,1.5163260366139172e-15,2.7539198046555033e-15,4.4588287778090376e-15,6.6534757174778075e-15,8.5748371292918727e-15,9.1264118913035820e-15,6.6656938882838037e-15
895,3.8542465108912273e-14,1.4715428548303840e-15,2.6718556209100126e-15,4.3244407952135845e-15,6.4514371066436393e-15,8.3134464443512046e-15,8.8477194098078542e-15,6.4620228771555959e-15
896,3.7372089437701290e-14,1.4280806325094768e-15,2.5922352219927097e-15,4.1941025108006343e-15,6.2555335749772763e-15,8.0600242267075750e-15,8.5775378352254349e-15,6.2645754354881840e-15
897,3.6237253247628633e-14,1.3859004585007470e-15,2.5149858864365455e-15,4.0676919118804780e-15,6.0655788254326260e-15,7.8143275469420396e-15,8.3156072402251298e-15,6.0731613782110662e-15
898,3.5136877351258458e-14,1.3449645661689357e-15,2.4400370551676438e-15,3.9450906611658128e-15,5.8813922180363780e-15,7.5761208820196279e-15,8.0616756362543406e-15,5.8875963324457153e-15
899,3.4069915331625522e-14,1.3052362997831606e-15,2.3673202672573215e-15,3.8261839860788654e-15,5.7027985981060410e-15,7.3451758894741050e-15,7.8154987310561281e-15,5.7077015598698992e-15
900,3.3035352547131174e-14,1.2666800818914434e-15,2.2967690975813905e-15,3.7108605713916063e-15,5.5296281296842886e-15,7.1212711884779564e-15,7.5768396935931482e-15,5.5333037845113388e-15
901,3.2032205166656545e-14,1.2292613816517437e-15,2.2283190963301797e-15,3.5990124550987145e-15,5.3617161340312155e-15,6.9041921475877536e-15,7.3454689261521811e-15,5.3642350258047587e-15
902,3.1059519233975388e-14,1.1929466840915154e-15,2.1619077303143785e-15,3.4905349274259487e-15,5.1989029330209227e-15,6.6937306789612673e-15,7.1211638434099215e-15,5.2003324367514307e-15
903,3.0116369760576789e-14,1.1577034602686099e-15,2.0974743260134391e-15,3.3853264328795616e-15,5.0410336972934939e-15,6.4896850388490449e-15,6.9037086582473686e-15,5.0414381470252730e-15
904,2.9201859846035206e-14,1.1235001383071422e-15,2.0349600143148461e-15,3.2832884752451879e-15,4.8879582990179740e-15,6.2918596341691059e-15,6.6928941741066645e-15,4.8873991108742889e-15
905,2.8315119825091155e-14,1.0903060752827205e-15,1.9743076768941015e-15,3.1843255254474074e-15,4.7395311691263363e-15,6.1000648349792907e-15,6.4885175836905292e-15,4.7380669596707680e-15
906,2.7455306440631540e-14,1.0580915299321685e-15,1.9154618941867505e-15,3.0883449321838828e-15,4.5956111588826506e-15,5.9141167926673877e-15,6.2903822738105317e-15,4.5932978589681694e-15
907,2.6621602041783242e-14,1.0268276361636150e-15,1.8583688949052232e-15,2.9952568352505058e-15,4.4560614056558320e-15,5.7338372636847549e-15,6.0982976361963905e-15,4.4529523699269202e-15
908,2.5813213806357192e-14,9.9648637734351229e-16,1.8029765070546638e-15,2.9049740814765685e-15,4.3207492027683251e-15,5.5590534386543481e-15,5.9120788840841694e-15,4.3168953149756041e-15
909,2.5029372986903682e-14,9.6704056133784768e-16,1.7492341104032802e-15,2.8174121431913646e-15,4.1895458732969309e-15,5.3895977766893064e-15,5.7315468744068803e-15,4.1849956475780763e-15
910,2.4269334179661866e-14,9.3846379628545829e-16,1.6970925903640566e-15,2.7324890391460077e-15,4.0623266477057989e-15,5.2253078447632195e-15,5.5565279354163308e-15,4.0571263259809907e-15
911,2.3532374615708142e-14,9.1073046708201951e-16,1.6465042932459597e-15,2.6501252578165509e-15,3.9389705451951793e-15,5.0660261619780229e-15,5.3868536995703143e-15,3.9331641908200969e-15
912,2.2817793473629633e-14,8.8381571255389884e-16,1.5974229828340101e-15,2.5702436830167239e-15,3.8193602586531515e-15,4.9116000485802046e-15,5.2223609415243023e-15,3.8129898464673425e-15
913,2.2124911213068728e-14,8.5769540330166940e-16,1.5498037982587846e-15,2.4927695217507227e-15,3.7033820431008705e-15,4.7618814795805277e-15,5.0628914210717033e-15,3.6964875460044541e-15
914,2.1453068928505280e-14,8.3234612019367592e-16,1.5036032131170991e-15,2.4176302342386460e-15,3.5909256075252780e-15,4.6167269428368962e-15,4.9082917308815446e-15,3.5835450797121404e-15
915,2.0801627722661677e-14,8.0774513349061568e-16,1.4587789958067396e-15,2.3447554660491399e-15,3.4818840099964199e-15,4.4759973014642882e-15,4.7584131488870026e-15,3.4740536669674714e-15
916,2.0169968098935079e-14,7.8387038258265170e-16,1.4152901710392242e-15,2.2740769822758130e-15,3.3761535559695949e-15,4.3395576604398115e-15,4.6131114951827336e-15,3.3679078514452475e-15
917,1.9557489372278943e-14,7.6070045632111969e-16,1.3730969824956352e-15,2.2055286036958942e-15,3.2736336996756717e-15,4.2072772372749602e-15,4.4722469932932732e-15,3.2650053995223871e-15
918,1.8963609097973658e-14,7.3821457392740948e-16,1.3321608565916042e-15,2.1390461448514455e-15,3.1742269485057559e-15,4.0790292366310643e-15,4.3356841356789642e-15,3.1652472017874153e-15
919,1.8387762517743078e-14,7.1639256646211654e-16,1.2924443673185375e-15,2.0745673539952482e-15,3.0778387702993133e-15,3.9546907287577029e-15,4.2032915533500030e-15,3.0685371775601570e-15
920,1.7829402022690172e-14,6.9521485883804962e-16,1.2539112021291400e-15,2.0120318548452122e-15,2.9843775034475654e-15,3.8341425316375048e-15,4.0749418894630772e-15,2.9747821823296220e-15
921,1.7287996632541130e-14,6.7466245236115984e-16,1.2165261288362465e-15,1.9513810900928706e-15,2.8937542697266705e-15,3.7172690967243189e-15,3.9505116767789769e-15,2.8838919180208869e-15
922,1.6763031490702684e-14,6.5471690778392709e-16,1.1802549634948945e-15,1.8925582666131279e-15,2.8058828897778083e-15,3.6039583981652150e-15,3.8298812188632037e-15,2.7957788460045071e-15
923,1.6254007374652427e-14,6.3536032885618706e-16,1.1450645392384460e-15,1.8355083023240549e-15,2.7206798011537816e-15,3.4941018254000513e-15,3.7129344749152789e-15,2.7103581027646270e-15
924,1.5760440221196582e-14,6.1657534635882169e-16,1.1109226760404545e-15,1.7801777746470369e-15,2.6380639788542054e-15,3.3875940790356510e-15,3.5995589481158742e-15,2.6275474181445372e-15
925,1.5281860666143723e-14,5.9834510260616741e-16,1.0777981513747947e-15,1.7265148705190922e-15,2.5579568582737148e-15,3.2843330698947329e-15,3.4896455773843303e-15,2.5472670360908907e-15
926,1.4817813597956720e-14,5.8065323640340218e-16,1.0456606717473940e-15,1.6744693379106300e-15,2.4802822604899163e-15,3.1842198211427916e-15,3.3830886324423810e-15,2.4694396378202048e-15
927,1.4367857724958404e-14,5.6348386844557742e-16,1.0144808450736971e-15,1.6239924388033123e-15,2.4049663198200415e-15,3.0871583733990736e-15,3.2797856120830862e-15,2.3939902673336155e-15
928,1.3931565155679441e-14,5.4682158714535386e-16,9.8423015387676008e-16,1.5750369035840602e-15,2.3319374135773961e-15,2.9930556927406765e-15,3.1796371455470761e-15,2.3208462592081195e-15
929,1.3508520991949302e-14,5.3065143487687231e-16,9.5488092928161344e-16,1.5275568868125614e-15,2.2611260939608273e-15,2.9018215815115455e-15,3.0825468969111821e-15,2.2499371685947016e-15
930,1.3098322934343370e-14,5.1495889462356454e-16,9.2640632578225939e-16,1.4815079243209245e-15,2.1924650220124181e-15,2.8133685918508381e-15,2.9884214723974440e-15,2.1811947033559210e-15
931,1.2700580899610995e-14,4.9972987701806146e-16,8.9878029675836477e-16,1.4368468916053651e-15,2.1258889035806204e-15,2.7276119418577613e-15,2.8971703305132819e-15,2.1145526582775407e-15
932,1.2314916649720699e-14,4.8495070776270596e-16,8.7197757071940029e-16,1.3935319634710217e-15,2.0613344272279174e-15,2.6444694343124685e-15,2.8087056949363569e-15,2.0499468512908280e-15
933,1.1940963432169719e-14,4.7060811541951042e-16,8.4597362825462351e-16,1.3515225748921675e-15,1.9987402040239816e-15,2.5638613778750998e-15,2.7229424700602784e-15,1.9873150616440573e-15
934,1.1578365631215886e-14,4.5668921955872864e-16,8.2074467966795449e-16,1.3107793830512198e-15,1.9380467091670574e-15,2.4857105106873982e-15,2.6397981591198828e-15,1.9265969699636453e-15
935,1.1226778429700149e-14,4.4318151925552835e-16,7.9626764327741261e-16,1.2712642305210538e-15,1.8791962253780708e-15,2.4099419263036375e-15,2.5591927848172860e-15,1.8677341001471590e-15
936,1.0885867481138142e-14,4.3007288192455459e-16,7.7252012435938041e-16,1.2329401095561918e-15,1.8221327880136184e-15,2.3364830018798570e-15,2.4810488123723246e-15,1.8106697630322156e-15
937,1.0555308591769003e-14,4.1735153248247894e-16,7.4948039471855319e-16,1.1957711274594783e-15,1.7668021318456543e-15,2.2652633285525316e-15,2.4052910749233246e-15,1.7553490017869823e-15
938,1.0234787412259027e-14,4.0500604282891429e-16,7.2712737286499305e-16,1.1597224729918556e-15,1.7131516394572552e-15,2.1962146439399218e-15,2.3318467012064192e-15,1.7017185389696688e-15
939,9.9239991387670306e-15,3.9302532163635982e-16,7.0544060478026750e-16,1.1247603837938302e-15,1.6611302912053927e-15,2.1292707667013930e-15,2.2606450454437949e-15,1.6497267252059928e-15
940,9.6226482230871226e-15,3.8139860444011184e-16,6.8440024525517648e-16,1.0908521147881646e-15,1.6106886167031347e-15,2.0643675330919432e-15,2.1916176193734196e-15,1.5993234894351715e-15
941,9.3304480915932335e-15,3.7011544401934381e-16,6.6398703978209631e-16,1.0579659075342469e-15,1.5617786477751245e-15,2.0014427354511100e-15,2.1246980263548141e-15,1.5504602906764990e-15
942,9.0471208727181599e-15,3.5916570106081347e-16,6.4418230698547477e-16,1.0260709605054823e-15,1.5143538728416152e-15,1.9404360625672780e-15,2.0598218974874702e-15,1.5030900712700273e-15
943,8.7723971327079252e-15,3.4853953509690789e-16,6.2496792157449306e-16,9.9513740026191041e-16,1.4683691926876692e-15,1.8812890418602031e-15,1.9969268296804333e-15,1.4571672115463089e-15
944,8.5060156194002000e-15,3.3822739570997866e-16,6.0632629780239189e-16,9.6513625349108661e-16,1.4237808775754641e-15,1.8239449833263142e-15,1.9359523256134524e-15,1.4126474858815117e-15
945,8.2477230137831127e-15,3.2822001399515458e-16,5.8824037341741368e-16,9.3603941989108831e-16,1.3805465256589225e-15,1.7683489251930511e-15,1.8768397355319123e-15,1.3694880200955708e-15
946,7.9972736890982066e-15,3.1850839427404968e-16,5.7069359409076183e-16,9.0781964587028091e-16,1.3386250226611177e-15,1.7144475812301226e-15,1.8195322008195462e-15,1.3276472501523272e-15
947,7.7544294772584222e-15,3.0908380605200394e-16,5.5366989830741166e-16,8.8045049903924842e-16,1.2979765027761107e-15,1.6621892896671713e-15,1.7639745992946171e-15,1.2870848821218583e-15
948,7.5189594423590194e-15,2.9993777621171279e-16,5.3715370270602491e-16,8.5390634347103509e-16,1.2585623107580343e-15,1.6115239636688586e-15,1.7101134921769260e-15,1.2477618533664275e-15
949,7.2906396610660427e-15,2.9106208143630766e-16,5.2112988785463160e-16,8.2816231570656044e-16,1.2203449651613804e-15,1.5624030433198943e-15,1.6578970726746176e-15,1.2096402949126498e-15
950,7.0692530096734594e-15,2.8244874085515571e-16,5.0558378444913481e-16,8.0319430148276619e-16,1.1832881226975226e-15,1.5147794490739610e-15,1.6072751161412982e-15,1.1726834949736204e-15
951,6.8545889576265205e-15,2.7409000890584123e-16,4.9050115992208349e-16,7.7897891316173093e-16,1.1473565436735888e-15,1.4686075366219079e-15,1.5581989317555062e-15,1.1368558635858624e-15
952,6.6464433673149551e-15,2.6597836840598622e-16,4.7586820544952273e-16,7.5549346783964351e-16,1.1125160584808092e-15,1.4238430531359399e-15,1.5106213156760369e-15,1.1021228983270161e-15
953,6.4446182999456054e-15,2.5810652382875016e-16,4.6167152334410206e-16,7.3271596611516004e-16,1.0787335351004769e-15,1.3804430948478406e-15,1.4644965056280326e-15,1.0684511510812430e-15
954,6.2489218273099388e-15,2.5046739477603069e-16,4.4789811482296569e-16,7.1062507149728864e-16,1.0459768475966182e-15,1.3383660659205660e-15,1.4197801368761496e-15,1.0358081958203192e-15
955,6.0591678492673736e-15,2.4305410964356397e-16,4.3453536813929377e-16,6.8920009043353875e-16,1.0142148455654100e-15,1.2975716385737663e-15,1.3764291995424217e-15,1.0041625973693793e-15
956,5.8751759167709100e-15,2.3585999947228918e-16,4.2157104706669066e-16,6.6842095293966093e-16,9.8341732451229286e-16,1.2580207144250053e-15,1.3344019972277548e-15,9.7348388112721625e-16
957,5.6967710602667173e-15,2.2887859198051142e-16,4.0899327972594057e-16,6.4826819381285497e-16,9.5355499712860820e-16,1.2196753870096152e-15,1.2936581068972292e-15,9.4374250371195775e-16
958,5.5237836233045385e-15,2.2210360577155418e-16,3.9679054774395907e-16,6.2872293441087636e-16,9.2459946544044646e-16,1.1824989054432452e-15,1.2541583399906119e-15,9.1490982450384529e-16
959,5.3560491012006480e-15,2.1552894471174958e-16,3.8495167573507052e-16,6.0976686497999825e-16,8.9652319380321916e-16,1.1464556391922681e-15,1.2158647047206505e-15,8.8695807805769199e-16
960,5.1934079845999565e-15,2.0914869247376527e-16,3.7346582109503922e-16,5.9138222751530001e-16,8.6929948271627493e-16,1.1115110439182654e-15,1.1787403695228715e-15,8.5986034735844016e-16
961,5.0357056077884868e-15,2.0295710724041314e-16,3.6232246409855828e-16,5.7355179913724944e-16,8.4290244343265753e-16,1.0776316283638410e-15,1.1427496276217133e-15,8.3359053789405368e-16
962,4.8827920016119689e-15,1.9694861656422798e-16,3.5151139829118391e-16,5.5625887596903032e-16,8.1730697333985940e-16,1.0447849222480166e-15,1.1078578626788898e-15,8.0812335252076133e-16
963,4.7345217508607071e-15,1.9111781237824175e-16,3.4102272116696566e-16,5.3948725749953350e-16,7.9248873208816364e-16,1.0129394451404284e-15,1.0740315154909351e-15,7.8343426709643879e-16
964,4.5907538559850553e-15,1.8545944615351313e-16,3.3084682512328449e-16,5.2322123141738655e-16,7.6842411844386529e-16,9.8206467628447576e-16,1.0412380517038807e-15,7.5949950685864909e-16
965,4.4513515990100456e-15,1.7996842419910313e-16,3.2097438868466212e-16,5.0744555890183285e-16,7.4509024784536823e-16,9.5213102534049758e-16,1.0094459305139951e-15,7.3629602352458702e-16
966,4.3161824135216268e-15,1.7463980310031233e-16,3.1139636798754967e-16,4.9214546035670343e-16,7.2246493064080947e-16,9.2310980402091886e-16,9.7862457432447442e-16,7.1380147309085920e-16
967,4.1851177586008827e-15,1.6946878529111967e-16,3.0210398851834152e-16,4.7730660157413533e-16,7.0052665098651689e-16,8.9497319859017623e-16,9.4874433932887650e-16,6.9199419431171725e-16
968,4.0580329965863524e-15,1.6445071475688045e-16,2.9308873709708942e-16,4.6291508031509337e-16,6.7925454638623432e-16,8.6769424320305289e-16,9.1977648699300005e-16,6.7085318783500138e-16
969,3.9348072745481983e-15,1.5958107286345765e-16,2.8434235409961593e-16,4.4895741329414280e-16,6.5862838785165547e-16,8.4124679405586198e-16,8.9169315640776205e-16,6.5035809597570244e-16
970,3.8153234093615283e-15,1.5485547430907210e-16,2.7585682591094304e-16,4.3542052355629677e-16,6.3862856066540097e-16,8.1560550432569775e-16,8.6446733748647154e-16,6.3048918310764650e-16
971,3.6994677762695515e-15,1.5026966319526688e-16,2.6762437760316249e-16,4.2229172823412992e-16,6.1923604572814445e-16,7.9074579987372235e-16,8.3807284498070911e-16,6.1122731665441641e-16
972,3.5871302008306188e-15,1.4581950921348651e-16,2.5963746583107677e-16,4.0955872667370614e-16,6.0043240147214879e-16,7.6664385568919796e-16,8.1248429328980828e-16,5.9255394866119400e-16
973,3.4782038541463859e-15,1.4150100394387329e-16,2.5188877193914061e-16,3.9720958891821002e-16,5.8219974632401480e-16,7.4327657305167789e-16,7.8767707203969872e-16,5.7445109792977073e-16
974,3.3725851512714658e-15,1.3731025726298525e-16,2.4437119527342180e-16,3.8523274453851040e-16,5.6452074169996253e-16,7.2062155738945986e-16,7.6362732240761397e-16,5.5690133269951169e-16
975,3.2701736527079550e-15,1.3324349385723372e-16,2.3707784669249002e-16,3.7361697180020632e-16,5.4737857551747726e-16,6.9865709681307583e-16,7.4031191416987984e-16,5.3988775385759194e-16
976,3.1708719688911734e-15,1.2929704983893500e-16,2.3000204227131890e-16,3.6235138715701896e-16,5.3075694620763731e-16,6.7736214130323572e-16,7.1770842345070111e-16,5.2339397866232628e-16
977,3.0745856675757714e-15,1.2546736946196038e-16,2.2313729719246796e-16,3.5142543506070325e-16,5.1464004721292268e-16,6.5671628253327073e-16,6.9579511115053409e-16,5.0740412496391254e-16
978,2.9812231840341422e-15,1.2175100193405748e-16,2.1647731981897517e-16,3.4082887807794219e-16,4.9901255195576026e-16,6.3669973430673338e-16,6.7455090203328595e-16,4.9190279590738751e-16
979,2.8906957339817350e-15,1.1814459832300196e-16,2.1001600594356063e-16,3.3055178730498061e-16,4.8385959926351326e-16,6.1729331359139874e-16,6.5395536445222399e-16,4.7687506510305568e-16
980,2.8029172291464725e-15,1.1464490855382193e-16,2.0374743320890147e-16,3.2058453307102840e-16,4.6916677923605307e-16,5.9847842213148018e-16,6.3398869069508005e-16,4.6230646225010736e-16
981,2.7178041954019709e-15,1.1124877849441810e-16,1.9766585569389063e-16,3.1091777592173618e-16,4.5492011954247476e-16,5.8023702862043608e-16,6.1463167792944235e-16,4.4818295919957279e-16
982,2.6352756933867200e-15,1.0795314712698164e-16,1.9176569866094869e-16,3.0154245787430756e-16,4.4110607213392461e-16,5.6255165141727040e-16,5.9586570973009848e-16,4.3449095644318850e-16
983,2.5552532415337307e-15,1.0475504380268758e-16,1.8604155345959873e-16,2.9244979393606565e-16,4.2771150035990470e-16,5.4540534178976257e-16,5.7767273817055502e-16,4.2121727001515620e-16
984,2.4776607414374521e-15,1.0165158557721567e-16,1.8048817258166084e-16,2.8363126387853868e-16,4.1472366647580196e-16,5.2878166766855530e-16,5.6003526646150109e-16,4.0834911879417866e-16
985,2.4024244054869939e-15,9.8639974624722958e-17,1.7510046486355794e-16,2.7507860425936845e-16,4.0213021952976174e-16,5.1266469789653107e-16,5.4293633211951431e-16,3.9587411219353716e-16
986,2.3294726866968192e-15,9.5717495727961065e-17,1.6987349083136024e-16,2.6678380068457593e-16,3.8991918361738729e-16,4.9703898695837202e-16,5.2635949064980921e-16,3.8378023822735323e-16
987,2.2587362106682007e-15,9.2881513842300058e-17,1.6480245818432484e-16,2.5873908030394530e-16,3.7807894649309628e-16,4.8188956017566651e-16,5.1028879972733109e-16,3.7205585194153655e-16
988,2.1901477096167188e-15,9.0129471731485537e-17,1.5988271741281270e-16,2.5093690453250368e-16,3.6659824852730171e-16,4.6720189935336720e-16,4.9470880386097264e-16,3.6068966419827510e-16
989,2.1236419584030749e-15,8.7458887673019825e-17,1.5510975754658819e-16,2.4336996199128639e-16,3.5546617199891953e-16,4.5296192886383945e-16,4.7960451952615947e-16,3.4967073080326219e-16
990,2.0591557125063879e-15,8.4867353231119881e-17,1.5047920202962520e-16,2.3603116166078250e-16,3.4467213071301760e-16,4.3915600215516045e-16,4.6496142075149701e-16,3.3898844196518514e-16
991,1.9966276478809799e-15,8.2352531095265042e-17,1.4598680471765770e-16,2.2891362624065431e-16,3.3420585993373402e-16,4.2577088867073279e-16,4.5076542514561235e-16,3.2863251207732386e-16
992,1.9359983026394696e-15,7.9912152982405362e-17,1.4162844599482613e-16,2.2201068570951701e-16,3.2405740662289111e-16,4.1279376116767286e-16,4.3700288035074509e-16,3.1859296981141242e-16
993,1.8772100205067047e-15,7.7544017600958532e-17,1.3740012900587803e-16,2.1531587107875237e-16,3.1421711997502287e-16,4.0021218342181676e-16,4.2366055091005411e-16,3.0886014851422212e-16
994,1.8202068959907669e-15,7.5245988674778129e-17,1.3329797600048696e-16,2.0882290833451182e-16,3.0467564223981410e-16,3.8801409830755604e-16,4.1072560553600453e-16,2.9942467689761545e-16
995,1.7649347212189086e-15,7.3015993025329343e-17,1.2931822478635674e-16,2.0252571256223993e-16,2.9542389982322422e-16,3.7618781624107542e-16,3.9818560476758335e-16,2.9027747001309979e-16
996,1.7113409343878608e-15,7.0852018710359938e-17,1.2545722528787487e-16,1.9641838224821962e-16,2.8645309465883372e-16,3.6472200397591391e-16,3.8602848900447032e-16,2.8140972050218843e-16
997,1.6593745697794934e-15,6.8752113217404760e-17,1.2171143620717799e-16,1.9049519375280826e-16,2.7775469584120668e-16,3.5360567374010643e-16,3.7424256690664927e-16,2.7281289011414000e-16
998,1.6089862092942937e-15,6.6714381710510856e-17,1.1807742178458284e-16,1.8475059595019059e-16,2.6932043151331376e-16,3.4282817270449368e-16,3.6281650414829896e-16,2.6447870148290295e-16
999,1.5601279354565731e-15,6.4736985328617383e-17,1.1455184865542847e-16,1.7917920502963398e-16,2.6114228100030099e-16,3.3237917277210232e-16,3.5173931251514337e-16,2.5639913015534663e-16
1000,1.5127532858467126e-15,6.2818139534070886e-17,1.1113148280046245e-16,1.7377579945338046e-16,2.5321246718212315e-16,3.2224866067880678e-16,3.4100033933477190e-16,2.4856639686309715e-16
1001,1.4668172089171117e-15,6.0956112509800641e-17,1.0781318658698915e-16,1.6853531506645683e-16,2.4552344909778842e-16,3.1242692839578439e-16,3.3058925722975760e-16,2.4097296003053474e-16
1002,1.4222760211498242e-15,5.9149223603722744e-17,1.0459391589808066e-16,1.6345284035382636e-16,2.3806791477418302e-16,3.0290456382455970e-16,3.2049605418371760e-16,2.3361150851173431e-16
1003,1.3790873655151437e-15,5.7395841818983014e-17,1.0147071734723188e-16,1.5852361184044405e-16,2.3083877427265328e-16,2.9367244177572072e-16,3.1071102391075677e-16,2.2647495454935399e-16
1004,1.3372101711916245e-15,5.5694384348690193e-17,9.8440725575918143e-17,1.5374300962991001e-16,2.2382915294673542e-16,2.8472171522265688e-16,3.0122475651902644e-16,2.1955642694868763e-16
1005,1.2966046145092458e-15,5.4043315153829775e-17,9.5501160631589552e-17,1.4910655307754578e-16,2.1703238490461953e-16,2.7604380682193456e-16,2.9202812945941988e-16,2.1284926446030666e-16
1006,1.2572320810785645e-15,5.2441143583088531e-17,9.2649325423710317e-17,1.4460989659384457e-16,2.1044200667013219e-16,2.6763040069218122e-16,2.8311229875069164e-16,2.0634700936491608e-16
1007,1.2190551290698551e-15,5.0886423033355585e-17,8.9882603255521023e-17,1.4024882557436719e-16,2.0405175103620830e-16,2.5947343444359656e-16,2.7446869047256110e-16,2.0004340125424545e-16
1008,1.1820374536073065e-15,4.9377749649703356e-17,8.7198455429271985e-17,1.3601925245227507e-16,1.9785554110500814e-16,2.5156509145044986e-16,2.6608899251861405e-16,1.9393237100198402e-16
1009,1.1461438522444223e-15,4.7913761063686282e-17,8.4594418922742324e-17,1.3191721286980541e-16,1.9184748450901113e-16,2.4389779335915653e-16,2.5796514660106871e-16,1.8800803491895192e-16
1010,1.1113401914877903e-15,4.6493135168829577e-17,8.2068104134924017e-17,1.2793886196510566e-16,1.8602186780759126e-16,2.3646419282474932e-16,2.5008934049971312e-16,1.8226468908687740e-16
1011,1.0775933743373870e-15,4.5114588932213176e-17,7.9617192698813890e-17,1.2408047077095172e-16,1.8037315105374544e-16,2.2925716646878428e-16,2.4245400054755653e-16,1.7669680386532200e-16
1012,1.0448713088125487e-15,4.3776877241088697e-17,7.7239435359317060e-17,1.2033842272197923e-16,1.7489596252580793e-16,2.2226980805192751e-16,2.3505178434596609e-16,1.7129901856646207e-16
1013,1.0131428774336797e-15,4.2478791783497747e-17,7.4932649914325178e-17,1.1670921026715940e-16,1.6958509361914060e-16,2.1549542185468041e-16,2.2787557370227887e-16,1.6606613629259727e-16
1014,9.8237790763067420e-16,4.1219159961891003e-17,7.2694719217089847e-17,1.1318943158434770e-16,1.6443549389294188e-16,2.0892751625989543e-16,2.2091846778309551e-16,1.6099311893141295e-16
1015,9.5254714304991493e-16,3.9996843838776284e-17,7.0523589238067914e-17,1.0977578739383145e-16,1.5944226626746340e-16,2.0255979753093239e-16,2.1417377647666786e-16,1.5607508230417574e-16
1016,9.2362221573255576e-16,3.8810739113452759e-17,6.8417267184469477e-17,1.0646507786789319e-16,1.5460066236706749e-16,1.9638616377948991e-16,2.0763501395799451e-16,1.5130729146218840e-16
1017,8.9557561913763782e-16,3.7659774128915896e-17,6.6373819675791551e-17,1.0325419963349698e-16,1.4990607800469678e-16,1.9040069911732925e-16,2.0129589245043364e-16,1.4668515612697365e-16
1018,8.6838068198438237e-16,3.6542908908045119e-17,6.4391370973672326e-17,1.0014014286529273e-16,1.4535404880346169e-16,1.8459766798628496e-16,1.9515031617783108e-16,1.4220422626979457e-16
1019,8.4201154288878494e-16,3.5459134218211457e-17,6.2468101264449347e-17,9.7119988466216944e-17,1.4094024595118258e-16,1.7897150966112601e-16,1.8919237550134545e-16,1.3786018782625318e-16
1020,8.1644312577038996e-16,3.4407470663468870e-17,6.0602244992853910e-17,9.4190905333051126e-17,1.3666047208384856e-16,1.7351683291999892e-16,1.8341634123532874e-16,1.3364885854183984e-16
1021,7.9165111600586249e-16,3.3386967803516405e-17,5.8792089245320014e-17,9.1350147704378249e-17,1.3251065729407894e-16,1.6822841087734252e-16,1.7781665913679488e-16,1.2956618394443151e-16
1022,7.6761193730667653e-16,3.2396703298643306e-17,5.7035972181431709e-17,8.8595052588454681e-17,1.2848685526079112e-16,1.6310117597432259e-16,1.7238794456317397e-16,1.2560823343985909e-16
1023,7.4430272929893220e-16,3.1435782079891528e-17,5.5332281512076701e-17,8.5923037268590051e-17,1.2458523949639456e-16,1.5813021512198292e-16,1.6712497729321282e-16,1.2177119652678362e-16
1024,7.2170132578398242e-16,3.0503335543693092e-17,5.3679453022915918e-17,8.3331596883699655e-17,1.2080209970794193e-16,1.5331076499245753e-16,1.6202269650603957e-16,1.1805137912723470e-16
1025,6.9978623365919330e-16,2.9598520770261387e-17,5.2075969141821374e-17,8.0818302081764779e-17,1.1713383826877711e-16,1.4863820745373044e-16,1.5707619591356113e-16,1.1444520002927699e-16
1026,6.7853661247879551e-16,2.8720519765036769e-17,5.0520357548973307e-17,7.8380796744004404e-17,1.1357696679732473e-16,1.4410806514356607e-16,1.5228071904151181e-16,1.1094918743837842e-16
1027,6.5793225463538752e-16,2.7868538722507404e-17,4.9011189828347597e-17,7.6016795777627438e-17,1.1012810283976774e-16,1.3971599717836813e-16,1.4763165465461169e-16,1.0755997563415756e-16
1028,6.3795356614324473e-16,2.7041807311746140e-17,4.7547080159361575e-17,7.3724082975099625e-17,1.0678396665345823e-16,1.3545779499285308e-16,1.4312453232143492e-16,1.0427430172929109e-16
1029,6.1858154800516000e-16,2.6239577983023783e-17,4.6126684047483197e-17,7.1500508937921050e-17,1.0354137808800309e-16,1.3132937830655027e-16,1.3875501811472052e-16,1.0108900252745818e-16
1030,5.9979777814509841e-16,2.5461125294877910e-17,4.4748697092644185e-17,6.9343989062970388e-17,1.0039725356105802e-16,1.2732679121326231e-16,1.3451891044298924e-16,9.8001011477296371e-17
1031,5.8158439388947896e-16,2.4705745261034407e-17,4.3411853794331867e-17,6.7252501589530887e-17,9.7348603125954102e-17,1.2344619838973714e-16,1.3041213600945626e-16,9.5007355719434290e-17
1032,5.6392407498043138e-16,2.3972754716596969e-17,4.2114926392268299e-17,6.5224085705169919e-17,9.4392527628368862e-17,1.1968388141991723e-16,1.2643074589435259e-16,9.2105153223757501e-17
1033,5.4680002710486768e-16,2.3261490702936851e-17,4.0856723741617519e-17,6.3256839708698634e-17,9.1526215949337002e-17,1.1603623523124284e-16,1.2257091175688555e-16,8.9291610014149365e-17
1034,5.3019596592370933e-16,2.2571309870731777e-17,3.9636090221693220e-17,6.1348919228492048e-17,8.8746942331979895e-17,1.1249976463959262e-16,1.1882892215318521e-16,8.6564017478034587e-17
1035,5.1409610158607962e-16,2.1901587900619307e-17,3.8451904677169925e-17,5.9498535494501376e-17,8.6052063789411132e-17,1.0907108099955053e-16,1.1520117896669387e-16,8.3919749758133508e-17
1036,4.9848512371373728e-16,2.1251718940945547e-17,3.7303079390830045e-17,5.7703953662341156e-17,8.3439017591353234e-17,1.0574689895678714e-16,1.1168419394756522e-16,8.1356261223914934e-17
1037,4.8334818684147044e-16,2.0621115062105490e-17,3.6188559086908426e-17,5.5963491187881753e-17,8.0905318827075603e-17,1.0252403329944303e-16,1.0827458535774368e-16,7.8871084020312448e-17
1038,4.6867089629960546e-16,2.0009205726985946e-17,3.5107319964123463e-17,5.4275516250825719e-17,7.8448558042335819e-17,9.9399395905495662e-17,1.0496907471849633e-16,7.6461825691342530e-17
1039,4.5443929452520658e-16,1.9415437277036580e-17,3.4058368757511191e-17,5.2638446225792077e-17,7.6066398948077406e-17,9.6369992783183712e-17,1.0176448365726915e-16,7.4126166876336450e-17
1040,4.4063984778894691e-16,1.8839272433508356e-17,3.3040741828205121e-17,5.1050746199476947e-17,7.3756576198705000e-17,9.3432921201652084e-17,9.8657730850833300e-17,7.1861859076566076e-17
1041,4.2725943332503020e-16,1.8280189813412484e-17,3.2053504280329723e-17,4.9510927532502248e-17,7.1516893237823953e-17,9.0585366909066951e-17,9.5645829061781604e-17,6.9666722490113260e-17
1042,4.1428532685192407e-16,1.7737683459765828e-17,3.1095749104200787e-17,4.8017546464606010e-17,6.9345220209396193e-17,8.7824601435534292e-17,9.2725882265524008e-17,6.7538643912896973e-17
1043,4.0170519047203627e-16,1.7211262385701766e-17,3.0166596345049180e-17,4.6569202761868257e-17,6.7239491932325538e-17,8.5147979478236853e-17,8.9895082865018059e-17,6.5475574703836682e-17
1044,3.8950706093882882e-16,1.6700450132037740e-17,2.9265192296508512e-17,4.5164538404705967e-17,6.5197705936546475e-17,8.2552936366282566e-17,8.7150708990555372e-17,6.3475528812192193e-17
1045,3.7767933828021023e-16,1.6204784337902797e-17,2.8390708718129341e-17,4.3802236315408435e-17,6.3217920558748798e-17,8.0036985602834996e-17,8.4490121882006055e-17,6.1536580865179781e-17
1046,3.6621077476738991e-16,1.5723816324040148e-17,2.7542342076204647e-17,4.2481019124021996e-17,6.1298253095927393e-17,7.7597716482169343e-17,8.1910763351003578e-17,5.9656864314022841e-17
1047,3.5509046421870194e-16,1.5257110688411018e-17,2.6719312807212626e-17,4.1199647971428058e-17,5.9436878015000945e-17,7.5232791779370122e-17,7.9410153320627757e-17,5.7834569636651392e-17
1048,3.4430783162822746e-16,1.4804244913737155e-17,2.5920864603203481e-17,3.9956921348494263e-17,5.7632025216797162e-17,7.2939945510455800e-17,7.6985887440220092e-17,5.6067942595319498e-17
1049,3.3385262310935399e-16,1.4364808986629950e-17,2.5146263718476767e-17,3.8751673970211251e-17,5.5881978352753680e-17,7.0716980760783689e-17,7.4635634773036509e-17,5.4355282547462127e-17
1050,3.2371489614370621e-16,1.3938405027964591e-17,2.4394798296915578e-17,3.7582775683761298e-17,5.4185073192733741e-17,6.8561767579653259e-17,7.2357135554512768e-17,5.2694940808164970e-17
1051,3.1388501012617758e-16,1.3524646934167628e-17,2.3665777719362361e-17,3.6449130409496009e-17,5.2539696042404614e-17,6.6472240939090099e-17,7.0148199018987056e-17,5.1085319062669796e-17
1052,3.0435361719706927e-16,1.3123160029096155e-17,2.2958531970439844e-17,3.5349675113831637e-17,5.0944282208673693e-17,6.4446398754853466e-17,6.8006701292787948e-17,4.9524867827386514e-17
