t,f_total,k_0,k_1,k_2,k_3,k_4,k_5,k_6
1,0.0000000000000000e+00,0.0000000000000000e+00,0.0000000000000000e+00,0.0000000000000000e+00,0.0000000000000000e+00,0.0000000000000000e+00,0.0000000000000000e+00,0.0000000000000000e+00
2,0.0000000000000000e+00,0.0000000000000000e+00,0.0000000000000000e+00,0.0000000000000000e+00,0.0000000000000000e+00,0.0000000000000000e+00,0.0000000000000000e+00,0.0000000000000000e+00
3,4.9250515073088122e-06,0.0000000000000000e+00,0.0000000000000000e+00,0.0000000000000000e+00,4.9250515073088122e-06,0.0000000000000000e+00,0.0000000000000000e+00,0.0000000000000000e+00
4,1.5519897553674004e-04,0.0000000000000000e+00,0.0000000000000000e+00,1.2061416939652705e-04,3.2828546453405303e-05,1.7562596868076909e-06,0.0000000000000000e+00,0.0000000000000000e+00
5,9.2335405939741129e-04,0.0000000000000000e+00,4.3252102908785284e-04,3.8822450162475167e-04,9.4662318146151645e-05,7.7639876705909428e-06,1.8222286806423265e-07,0.0000000000000000e+00
6,2.6019901266184794e-03,4.4478770700675629e-04,1.1752055868214394e-03,7.7066085057297539e-04,1.9060482818184795e-04,1.9871077297241246e-05,8.4834436271507928e-07,1.1732375503700994e-08
7,4.8241447306815385e-03,1.1869428041028428e-03,2.0637932298920225e-03,1.2172740934767339e-03,3.1479685593813146e-04,3.8955184437806318e-05,2.3252032991092702e-06,5.7359534892252962e-08
8,7.2215752717800829e-03,2.0389127555262817e-03,2.9691177712418168e-03,1.6841809265615252e-03,4.5922626218095552e-04,6.5075929393929705e-05,4.8975414455236836e-06,1.6408543005060458e-07
9,9.5439693576397314e-03,2.8693939742027424e-03,3.8118227098719953e-03,2.1399561281195585e-03,6.1594199946849175e-04,9.7724494300778519e-05,8.7712917490982768e-06,3.5875992706669878e-07
10,1.1652190382971852e-02,3.6075747348814908e-03,4.5510976984331642e-03,2.5647059088639177e-03,7.7804341396152561e-04,1.3604461811388716e-04,1.4060099942914358e-05,6.6390877495263177e-07
11,1.3484091406854699e-02,4.2243618959501641e-03,5.1715302139476197e-03,2.9473280350364324e-03,9.3998952374717564e-04,1.7899898862995886e-04,2.0787312129334951e-05,1.0954374140109730e-06
12,1.5024504055464596e-02,4.7151780228932858e-03,5.6728645276720490e-03,3.2828445381241911e-03,1.0975722756590260e-03,2.2548579620811017e-04,2.8897127481533215e-05,1.6617674263988618e-06
13,1.6284382829598629e-02,5.0882068335692653e-03,6.0630787127551851e-03,3.5702974846086241e-03,1.2477489563226868e-03,2.7441655157683069e-04,3.8270273047886694e-05,2.3640177181474492e-06
14,1.7287666520190294e-02,5.3572725099527750e-03,6.3540288215517661e-03,3.8112272705567436e-03,1.3884344343617835e-03,3.2476562773106464e-04,4.8741004657852479e-05,3.1968513783074338e-06
15,1.8063477956960037e-02,5.5378415196832113e-03,6.5588509314966903e-03,4.0086221962938500e-03,1.5183004603056339e-03,3.7559977645183605e-04,6.0113395362419478e-05,4.1496773663955954e-06
16,1.8641730259323776e-02,5.6449394928335464e-03,6.6904964160623042e-03,4.1662160216793774e-03,1.6366008953049181e-03,4.2609371186288960e-04,7.2175744193647982e-05,5.2079773870926038e-06
17,1.9050812074408924e-02,5.6921795201815119e-03,6.7609701992207075e-03,4.2880313985861921e-03,1.7430276618842562e-03,4.7553613430402350e-04,8.4712557751119919e-05,6.3546024811090649e-06
18,1.9316500852779504e-02,5.6914069809902729e-03,6.7809911220402252e-03,4.3780927038193423e-03,1.8375958301846660e-03,5.2332930007236420e-04,9.7513971648898303e-05,7.5709440237376149e-06
19,1.9461578092986678e-02,5.6526689999531416e-03,6.7598967382549186e-03,4.4402535227823659e-03,1.9205538280363983e-03,5.6898433881715903e-04,1.1038273607220499e-04,8.8379290704852791e-06
20,1.9505828836322885e-02,5.5843416739466576e-03,6.7056826765599471e-03,4.4781004969751698e-03,1.9923142504334598e-03,6.1211388371924043e-04,1.2313903273352084e-04,1.0136821954887641e-05
21,1.9466237254597025e-02,5.4933225646322794e-03,6.6251100661450920e-03,4.4949071327407848e-03,2.0534010705776803e-03,6.5242313035887773e-04,1.3562345494381924e-04,1.1449835198492040e-05
22,1.9357269291699331e-02,5.3852391387596982e-03,6.5238417430255264e-03,4.4936195475647461e-03,2.1044096809346735e-03,6.8970011995312351e-04,1.4769849580076438e-04,1.2760565660798688e-05
23,1.9191181002469460e-02,5.2646484151493726e-03,6.4065847983994229e-03,4.4768619636848389e-03,2.1459768636989639e-03,7.2380581106042574e-04,1.5924887179766129e-04,1.4054278678775070e-05
24,1.8978319615754084e-02,5.1352167502512020e-03,6.2772273043969328e-03,4.4469537893394445e-03,2.1787583977212407e-03,7.5466433387532186e-04,1.7018097460386145e-04,1.5318065566080978e-05
25,1.8727400995934632e-02,4.9998760703635105e-03,6.1389632137900550e-03,4.4059328973025825e-03,2.2034125179675127e-03,7.8225369497866165e-04,1.8042170182991002e-04,1.6540899702396783e-05
26,1.8445756742461628e-02,4.8609566515641816e-03,5.9944030408690101e-03,4.3555816030175047e-03,2.2205878521153531e-03,8.0659710596908544e-04,1.8991687430466213e-04,1.7713614621828717e-05
27,1.8139549492493370e-02,4.7202983385525206e-03,5.8456699751609324e-03,4.2974531302609805e-03,2.2309147786731408e-03,8.2775503870737802e-04,1.9862940635661589e-04,1.8828824781801623e-05
28,1.7813957804968701e-02,4.5793427920699115e-03,5.6944821738812460e-03,4.2328972187152371e-03,2.2349993976581006e-03,8.4581805730841227e-04,2.0653735874124864e-04,1.9880806594545342e-05
29,1.7473333350419187e-02,4.4392094806895988e-03,5.5422225058978777e-03,4.1630841056369740e-03,2.2334194935723270e-03,8.6090043841393184e-04,2.1363197202617113e-04,2.0865354182305528e-05
30,1.7121333638595630e-02,4.3007579781826318e-03,5.3899972160201034e-03,4.0890264935790057e-03,2.2267220142598411e-03,8.7313456358367747e-04,2.1991575158149693e-04,2.1779621388875494e-05
31,1.6761033561557063e-02,4.1646388527317377e-03,5.2386849883950311e-03,4.0115993606368913e-03,2.2154216988188656e-03,8.8266604845300511e-04,2.2540065356024903e-04,2.2621958961281632e-05
32,1.6395018835714027e-02,4.0313351243421412e-03,5.0889777993656047e-03,3.9315576224415727e-03,2.2000005713782088e-03,8.8964956071843323e-04,2.3010640391056693e-04,2.3391753557499325e-05
33,1.6025464122020622e-02,3.9011959649620808e-03,4.9414148155249877e-03,3.8495517461510607e-03,2.1809080815755485e-03,8.9424527149934872e-04,2.3405896896097920e-04,2.4089273346616842e-05
34,1.5654198262733766e-02,3.7744640417302039e-03,4.7964104422372669e-03,3.7661414667223567e-03,2.1585617217968448e-03,8.9661588095099078e-04,2.3728918586813724e-04,2.4715523427964539e-05
35,1.5282758736129083e-02,3.6512976644466118e-03,4.6542774785474318e-03,3.6818077789882121e-03,2.1333479892494192e-03,8.9692415817771605e-04,2.3983155364806178e-04,2.5272113071629287e-05
36,1.4912437117730834e-02,3.5317886943478502e-03,4.5152461950445011e-03,3.5969633852290218e-03,2.1056235904379841e-03,8.9533093672206109e-04,2.4172318011546302e-04,2.5761135833952179e-05
37,1.4544317056931764e-02,3.4159769999815401e-03,4.3794800259254448e-03,3.5119617735945023e-03,2.0757168086055593e-03,8.9199350955511511e-04,2.4300287638358531e-04,2.6185062886016494e-05
38,1.4179306033796355e-02,3.3038621036038337e-03,4.2470884564983370e-03,3.4271050923020607e-03,2.0439289726981958e-03,8.8706437107529106e-04,2.4371038824817993e-04,2.6546649370455353e-05
39,1.3818161951288665e-02,3.1954125439652686e-03,4.1181375923727013e-03,3.3426509709335787e-03,2.0105359805487571e-03,8.8069025775708168e-04,2.4388575247589602e-04,2.6848853235380300e-05
40,1.3461515440325728e-02,3.0905733847117864e-03,3.9926588155221035e-03,3.2588184252582784e-03,1.9757898401096276e-03,8.7301144349285521e-04,2.4356876547956002e-04,2.7094765751516685e-05
41,1.3109888605387358e-02,2.9892722184189494e-03,3.8706558638201957e-03,3.1757929670157268e-03,1.9399202013511124e-03,8.6416125012815572e-04,2.4279855188115399e-04,2.7287552772063553e-05
42,1.2763710813225877e-02,2.8914239514815886e-03,3.7521106129986470e-03,3.0937310257163372e-03,1.9031358583829021e-03,8.5426573805321316e-04,2.4161322087194861e-04,2.7430405721239672e-05
43,1.2423332022991430e-02,2.7969346021434671e-03,3.6369877917488405e-03,3.0127637761581290e-03,1.8656262068376143e-03,8.4344354587654951e-04,2.4004959894886614e-04,2.7526501277964688e-05
44,1.2089034069611161e-02,2.7057043007382622e-03,3.5252388205004770e-03,2.9330004532118047e-03,1.8275626458792618e-03,8.3180585210342918e-04,2.3814302843754484e-04,2.7578968740381945e-05
45,1.1761040240697141e-02,2.6176296459573113e-03,3.4168049310188018e-03,2.8545312245524951e-03,1.7890999176013900e-03,8.1945643533318864e-04,2.3592722213108694e-04,2.7590864102869128e-05
46,1.1439523428151556e-02,2.5326055422069090e-03,3.3116196962833604e-03,2.7774296823944644e-03,1.7503773792454742e-03,8.0649181275685509e-04,2.3343416532408965e-04,2.7565149940406057e-05
47,1.1124613086888403e-02,2.4505266196753689e-03,3.2096110772106201e-03,2.7017550068449163e-03,1.7115202057472665e-03,7.9300143967688387e-04,2.3069405746484718e-04,2.7504680268501163e-05
48,1.0816401192924058e-02,2.3712883196216950e-03,3.1107030738641004e-03,2.6275538461393959e-03,1.6726405217245281e-03,7.7906795539210553e-04,2.2773528655727722e-04,2.7412189624958084e-05
49,1.0514947360014213e-02,2.2947877118258994e-03,3.0148170531857262e-03,2.5548619526475718e-03,1.6338384632478690e-03,7.6476746310822231e-04,2.2458443030023935e-04,2.7290285698683262e-05
50,1.0220283246788189e-02,2.2209240984546758e-03,2.9218728124152083e-03,2.4837056080360747e-03,1.5952031706626254e-03,7.5016983356724601e-04,2.2126627874462240e-04,2.7141444907735507e-05
51,9.9324163639211167e-03,2.1495994482639475e-03,2.8317894267673380e-03,2.4141028662402393e-03,1.5568137144146047e-03,7.3533902386063959e-04,2.1780387397231577e-04,2.6968010402033195e-05
52,9.6513333724335109e-03,2.0807186966481581e-03,2.7444859212157756e-03,2.3460646388316206e-03,1.5187399563250862e-03,7.2033340442426120e-04,2.1421856295422286e-04,2.6772192034385403e-05
53,9.3770029490110283e-03,2.0141899402012766e-03,2.6598817990586615e-03,2.2795956438845725e-03,1.4810433491002932e-03,7.0520608853227645e-04,2.1053006032781331e-04,2.6556067906134845e-05
54,9.1093782817121289e-03,1.9499245488877246e-03,2.5778974540444145e-03,2.2146952364635345e-03,1.4437776770797179e-03,6.9000525973511887e-04,2.0675651835120869e-04,2.6321587150410154e-05
55,8.8483992490991960e-03,1.8878372143970130e-03,2.4984544879907227e-03,2.1513581363028730e-03,1.4069897413520453e-03,6.7477449364526415e-04,2.0291460174450427e-04,2.6070573666773128e-05
56,8.5939943272966973e-03,1.8278459495817186e-03,2.4214759518499706e-03,2.0895750660716891e-03,1.3707199924180137e-03,6.5955307128450055e-04,1.9901956552471157e-04,2.5804730566092850e-05
57,8.3460822624248834e-03,1.7698720508972461e-03,2.3468865249070274e-03,2.0293333117534697e-03,1.3350031135732185e-03,6.4437628188636635e-04,1.9508533428346314e-04,2.5525645124090945e-05
58,8.1045735400151614e-03,1.7138400333456987e-03,2.2746126441137672e-03,1.9706172150786147e-03,1.2998685581343547e-03,6.2927571361452825e-04,1.9112458165163352e-04,2.5234794076564553e-05
59,7.8693716781667086e-03,1.6596775454702432e-03,2.2045825933648304e-03,1.9134086065869264e-03,1.2653410435505936e-03,6.1427953112751525e-04,1.8714880894736742e-04,2.4933549119232300e-05
60,7.6403743671755019e-03,1.6073152703653182e-03,2.1367265607150723e-03,1.8576871867330186e-03,1.2314410053365721e-03,5.9941273930609509e-04,1.8316842221851931e-04,2.4623182500905980e-05
61,7.4174744750114758e-03,1.5566868173920744e-03,2.0709766700602638e-03,1.8034308614510554e-03,1.1981850136418308e-03,5.8469743277382840e-04,1.7919280707171919e-04,2.4304872620704143e-05
62,7.2005609352177122e-03,1.5077286082606064e-03,2.0072669925908075e-03,1.7506160377414334e-03,1.1655861551390942e-03,5.7015303109467436e-04,1.7523040083238021e-04,2.3979709558716682e-05
63,6.9895195314601307e-03,1.4603797603144441e-03,1.9455335423357351e-03,1.6992178841097375e-03,1.1336543827748975e-03,5.5579649973326454e-04,1.7128876170675257e-04,2.3648700485298931e-05
64,6.7842335909871626e-03,1.4145819691904387e-03,1.8857142593017597e-03,1.6492105600595039e-03,1.1023968357842409e-03,5.4164255702178650e-04,1.6737463472204454e-04,2.3312774907388497e-05
65,6.5845845976009619e-03,1.3702793924977163e-03,1.8277489830474147e-03,1.6005674182996870e-03,1.0718181322288398e-03,5.2770386749933346e-04,1.6349401430673546e-04,2.2972789721234349e-05
66,6.3904527333411790e-03,1.3274185357375916e-03,1.7715794189887503e-03,1.5532611828622447e-03,1.0419206361781761e-03,5.1399122208118319e-04,1.5965220344322300e-04,2.2629534050009595e-05
67,6.2017173568954314e-03,1.2859481413516605e-03,1.7171490992889456e-03,1.5072641059238688e-03,1.0127047015155114e-03,5.0051370558195610e-04,1.5585386938127082e-04,2.2283733852218559e-05
68,6.0182574257409797e-03,1.2458190815210271e-03,1.6644033398215713e-03,1.4625481057792288e-03,9.8416889421840603e-04,4.8727885216244624e-04,1.5210309594545330e-04,2.1936056292846044e-05
69,5.8399518681603738e-03,1.2069842551321269e-03,1.6132891944014654e-03,1.4190848881131921e-03,9.5631019483589821e-04,4.7429278929888820e-04,1.4840343250475881e-04,2.1587113874044751e-05
70,5.6666799105355324e-03,1.1693984891628379e-03,1.5637554072361498e-03,1.3768460524596145e-03,9.2912418276289458e-04,4.6156037088873890e-04,1.4475793969929542e-04,2.1237468326000607e-05
71,5.4983213646896166e-03,1.1330184446175018e-03,1.5157523643545446e-03,1.3358031855086735e-03,9.0260520379682881e-04,4.4908530011143603e-04,1.4116923203901367e-04,2.0887634261617469e-05
72,5.3347568794979887e-03,1.0978025270438206e-03,1.4692320446102784e-03,1.2959279427285136e-03,8.7674652235242268e-04,4.3687024265830297e-04,1.3763951750368886e-04,2.0538082600961006e-05
73,5.1758681605143693e-03,1.0637108015924218e-03,1.4241479707275051e-03,1.2571921195960122e-03,8.5154045960749044e-04,4.2491693093472596e-04,1.3417063428309699e-04,2.0189243773117384e-05
74,5.0215381609451624e-03,1.0307049125263927e-03,1.3804551607523002e-03,1.2195677135822570e-03,8.2697851875611556e-04,4.1322625982150995e-04,1.3076408480222995e-04,1.9841510704357868e-05
75,4.8716512469440887e-03,9.9874800704941296e-04,1.3381100801879979e-03,1.1830269779078053e-03,8.0305149845503500e-04,4.0179837456224605e-04,1.2742106717924799e-04,1.9495241602343596e-05
76,4.7260933398831900e-03,9.6780466329409354e-04,1.2970705950244906e-03,1.1475424679684720e-03,7.7974959546455965e-04,3.9063275132067069e-04,1.2414250426427502e-04,1.9150762546629456e-05
77,4.5847520379783211e-03,9.3784082229428063e-04,1.2572959258165962e-03,1.1130870812320053e-03,7.5706249740656816e-04,3.7972827092725445e-04,1.2092907040562054e-04,1.8808369895995263e-05
78,4.4475167194020339e-03,9.0882372375433317e-04,1.2187466029225775e-03,1.0796340913177616e-03,7.3497946648882519e-04,3.6908328630834945e-04,1.1778121608698776e-04,1.8468332523198579e-05
79,4.3142786287998624e-03,8.8072184542312820e-04,1.1813844229787826e-03,1.0471571768937240e-03,7.1348941497679911e-04,3.5869568406471581e-04,1.1469919057506196e-04,1.8130893887650901e-05
80,4.1849309489333554e-03,8.5350484587947285e-04,1.1451724066584858e-03,1.0156304459565861e-03,6.9258097313103012e-04,3.4856294063961580e-04,1.1168306271186143e-04,1.7796273956303528e-05
81,4.0593688590018729e-03,8.2714351053767010e-04,1.1100747577409932e-03,9.8502845599995805e-04,6.7224255026964222e-04,3.3868217349026527e-04,1.0873273998062097e-04,1.7464670982722418e-05
82,3.9374895810422080e-03,8.0160970068637275e-04,1.0760568234998325e-03,9.5532623052202936e-04,6.5246238956151057e-04,3.2905018765054409e-04,1.0584798596796242e-04,1.7136263153956576e-05
83,3.8191924156683195e-03,7.7687630537990465e-04,1.0430850564054493e-03,9.2649927227636737e-04,6.3322861710564729e-04,3.1966351804771587e-04,1.0302843633885213e-04,1.6811210114382895e-05
84,3.7043787682908059e-03,7.5291719600843016e-04,1.0111269771275488e-03,8.9852357362720685e-04,6.1452928580624114e-04,3.1051846791163860e-04,1.0027361343448156e-04,1.6489654375258411e-05
85,3.5929521668456978e-03,7.2970718338128987e-04,9.8015113881445024e-04,8.7137562433292300e-04,5.9635241451027026e-04,3.0161114359168717e-04,9.7582939596835858e-05,1.6171722618241105e-05
86,3.4848182719630070e-03,7.0722197716620479e-04,9.5012709262105996e-04,8.4503241704782673e-04,5.7868602283541468e-04,2.9293748607441510e-04,9.4955749317421142e-05,1.5857526900664200e-05
87,3.3798848804162031e-03,6.8543814753561937e-04,9.2102535445291343e-04,8.1947145080248866e-04,5.6151816207991936e-04,2.8449329947392361e-04,9.2391300301464729e-05,1.5547165769873623e-05
88,3.2780619226132242e-03,6.6433308888004506e-04,8.9281737289087244e-04,7.9467073269606054e-04,5.4483694257286214e-04,2.7627427674698179e-04,8.9888783532931479e-05,1.5240725293471027e-05
89,3.1792614548167898e-03,6.4388498545672388e-04,8.6547549825920819e-04,7.7060877801013927e-04,5.2863055779275457e-04,2.6827602286616433e-04,8.7447332419949726e-05,1.4938280011849795e-05
90,3.0833976467159346e-03,6.2407277885017764e-04,8.3897295279874605e-04,7.4726460893231514e-04,5.1288730555435304e-04,2.6049407566663409e-04,8.5066031094735837e-05,1.4639893818972651e-05
91,2.9903867649110657e-03,6.0487613712915489e-04,8.1328380190632838e-04,7.2461775205834658e-04,4.9759560653779404e-04,2.5292392456565950e-04,8.2743921936862739e-05,1.4345620776919180e-05
92,2.9001471528207617e-03,5.8627542559209643e-04,7.8838292640189705e-04,7.0264823482467874e-04,4.8274402041051183e-04,2.4556102733850027e-04,8.0480012383745981e-05,1.4055505869331628e-05
93,2.8125992074695713e-03,5.6825167900047225e-04,7.6424599578493301e-04,6.8133658100756752e-04,4.6832125977069893e-04,2.3840082511986964e-04,7.8273281087521600e-05,1.3769585698508434e-05
94,2.7276653535715616e-03,5.5078657520619739e-04,7.4084944244268960e-04,6.6066380541115999e-04,4.5431620212115604e-04,2.3143875578675248e-04,7.6122683473067585e-05,1.3487889130538050e-05
95,2.6452700152840413e-03,5.3386241008578051e-04,7.1817043677356823e-04,6.4061140785438690e-04,4.4071790006413762e-04,2.2467026586587180e-04,7.4027156747765431e-05,1.3210437892530224e-05
96,2.5653395859691936e-03,5.1746207369992485e-04,6.9618686319003551e-04,6.2116136655526386e-04,4.2751558989106650e-04,2.1809082109750547e-04,7.1985624409709182e-05,1.2937247125688294e-05
97,2.4878023962680725e-03,5.0156902760297123e-04,6.7487729696664544e-04,6.0229613100106264e-04,4.1469869872567256e-04,2.1169591577661348e-04,6.9997000297434021e-05,1.2668325897673183e-05
98,2.4125886807611512e-03,4.8616728323187401e-04,6.5422098189994011e-04,5.8399861438368332e-04,4.0225685036507857e-04,2.0548108098229032e-04,6.8060192220847674e-05,1.2403677677437427e-05
99,2.3396305434621313e-03,4.7124138130934213e-04,6.3419780874825920e-04,5.6625218567131334e-04,3.9017986995050838e-04,1.9944189179736064e-04,6.6174105209893173e-05,1.2143300775454604e-05
100,2.2688619223667260e-03,4.5677637220037300e-04,6.1478829442075254e-04,5.4904066138004414e-04,3.7845778758753779e-04,1.9357397361144214e-04,6.4337644414540939e-05,1.1887188752035100e-05
101,2.2002185532554318e-03,4.4275779716567728e-04,5.9597356188615172e-04,5.3234829710239898e-04,3.6708084102505075e-04,1.8787300759296171e-04,6.2549717686988588e-05,1.1635330796202341e-05
102,2.1336379329286795e-03,4.2917167045945808e-04,5.7773532077309473e-04,5.1615977884368722e-04,3.5603947749222599e-04,1.8233473540838223e-04,6.0809237874427817e-05,1.1387712077403445e-05
103,2.0690592820340041e-03,4.1600446222268264e-04,5.6005584863501573e-04,5.0046021421163323e-04,3.4532435478388211e-04,1.7695496326024121e-04,5.9115124848405803e-05,1.1144314072143493e-05
104,2.0064235076278514e-03,4.0324308212638833e-04,5.4291797285378740e-04,4.8523512349979734e-04,3.3492634167628800e-04,1.7172956530947311e-04,5.7466307294654358e-05,1.0905114867462694e-05
105,1.9456731655991849e-03,3.9087486372271633e-04,5.2630505315744548e-04,4.7047043070085569e-04,3.2483651774802805e-04,1.6665448654185039e-04,5.5861724285269631e-05,1.0670089443019087e-05
106,1.8867524230680177e-03,3.7888754946428614e-04,5.1020096472841991e-04,4.5615245448178237e-04,3.1504617267364749e-04,1.6172574513319569e-04,5.4300326653290299e-05,1.0439209933395742e-05
107,1.8296070208592518e-03,3.6726927635521636e-04,4.9459008187974912e-04,4.4226789914934768e-04,3.0554680505153153e-04,1.5693943436325796e-04,5.2781078188029708e-05,1.0212445872119238e-05
108,1.7741842361406613e-03,3.5600856219959715e-04,4.7945726227776101e-04,4.2880384563106697e-04,2.9633012082174809e-04,1.5229172412377286e-04,5.1302956667960309e-05,9.9897644187551086e-06
109,1.7204328453033822e-03,3.4509429241552306e-04,4.6478783169066380e-04,4.1574774249377545e-04,2.8738803132435253e-04,1.4777886206221848e-04,4.9864954746514116e-05,9.7711305703346264e-06
110,1.6683030871537604e-03,3.3451570738492865e-04,4.5056756924340195e-04,4.0308739701933223e-04,2.7871265104388940e-04,1.4339717439909729e-04,4.8466080704845157e-05,9.5565073582656462e-06
111,1.6177466264768480e-03,3.2426239031144258e-04,4.3678269316001049e-04,3.9081096635454782e-04,2.7029629508146859e-04,1.3914306645320434e-04,4.7105359084387662e-05,9.3458560317866438e-06
112,1.5687165180240125e-03,3.1432425556029357e-04,4.2341984697551882e-04,3.7890694875025347e-04,2.6213147639182792e-04,1.3501302290624967e-04,4.5781831210931113e-05,9.1391362289378120e-06
113,1.5211671709701223e-03,3.0469153745599529e-04,4.1046608620025040e-04,3.6736417490247164e-04,2.5421090281917320e-04,1.3100360783537573e-04,4.4494555620911406e-05,8.9363061359447266e-06
114,1.4750543138794001e-03,2.9535477951508882e-04,3.9790886542010362e-04,3.5617179940688088e-04,2.4652747396229136e-04,1.2711146453951673e-04,4.3242608399680113e-05,8.7373226358384366e-06
115,1.4303349602132842e-03,2.8630482409267071e-04,3.8573602581711203e-04,3.4531929233617742e-04,2.3907427789642154e-04,1.2333331518317781e-04,4.2025083440654409e-05,8.5421414470704164e-06
116,1.3869673744084828e-03,2.7753280242276429e-04,3.7393578309525145e-04,3.3479643094850420e-04,2.3184458777663705e-04,1.1966596027904329e-04,4.0841092633461920e-05,8.3507172528206977e-06
117,1.3449110385487109e-03,2.6903012503383237e-04,3.6249671579709929e-04,3.2459329153383134e-04,2.2483185834499311e-04,1.1610627802883885e-04,3.9689765988473306e-05,8.1630038216426784e-06
118,1.3041266196494262e-03,2.6078847252187235e-04,3.5140775399755572e-04,3.1470024140401549e-04,2.1802972236142936e-04,1.1265122354006102e-04,3.8570251704454010e-05,7.9789541200379519e-06
119,1.2645759375710863e-03,2.5279978666459707e-04,3.4065816836141018e-04,3.0510793103122780e-04,2.1143198697634984e-04,1.0929782793453175e-04,3.7481716185461321e-05,7.7985204175084127e-06
120,1.2262219335730754e-03,2.4505626186118790e-04,3.3023755955208049e-04,2.9580728633850980e-04,2.0503263006092491e-04,1.0604319736322224e-04,3.6423344012559264e-05,7.6216543845909519e-06
121,1.1890286395173945e-03,2.3755033688301956e-04,3.2013584797936949e-04,2.8678950114538265e-04,1.9882579650945401e-04,1.0288451194041020e-04,3.5394337875417051e-05,7.4483071843415272e-06
122,1.1529611477285116e-03,2.3027468692160395e-04,3.1034326387457256e-04,2.7804602977069340e-04,1.9280579452657381e-04,9.9819024608974378e-05,3.4393918468393355e-05,7.2784295577001066e-06
123,1.1179855815133275e-03,2.2322221592078589e-04,3.0085033768173839e-04,2.6956857979421186e-04,1.8696709191068958e-04,9.6844059947480326e-05,3.3421324355285514e-05,7.1119719031357464e-06
124,1.0840690663430574e-03,2.1638604918095629e-04,2.9164789075432725e-04,2.6134910497790530e-04,1.8130431234372770e-04,9.3957012928663967e-05,3.2475811806535233e-05,6.9488843509414795e-06
125,1.0511797016969024e-03,2.0975952622372780e-04,2.8272702634692945e-04,2.5337979834728734e-04,1.7581223169614449e-04,9.1155347637962203e-05,3.1556654612329391e-05,6.7891168325215597e-06
126,1.0192865335656831e-03,2.0333619390615012e-04,2.7407912089211337e-04,2.4565308543277162e-04,1.7048577435507719e-04,8.8436595959871111e-05,3.0663143874711069e-05,6.6326191449887609e-06
127,9.8835952761210165e-04,1.9710979977413391e-04,2.6569581555284833e-04,2.3816161767054728e-04,1.6532000958256602e-04,8.5798356239117802e-05,2.9794587781521588e-05,6.4793410113666532e-06
128,9.5836954298296169e-04,1.9107428564529825e-04,2.5756900804131390e-04,2.3089826596212935e-04,1.6031014790991385e-04,8.3238291922910356e-05,2.8950311364725207e-05,6.3292321366707950e-06
129,9.2928830676752936e-04,1.8522378141197290e-04,2.4969084469525390e-04,2.2385611439141437e-04,1.5545153757346816e-04,8.0754130189873835e-05,2.8129656245422574e-05,6.1822422601235892e-06
130,9.0108838909517413e-04,1.7955259905556162e-04,2.4205371280336104e-04,2.1702845409779235e-04,1.5073966099640195e-04,7.8343660570681927e-05,2.7331980367635397e-05,6.0383212037398987e-06
131,8.7374317886456743e-04,1.7405522686392109e-04,2.3465023317149636e-04,2.1040877730362138e-04,1.4617013132043268e-04,7.6004733564851115e-05,2.6556657722740632e-05,5.8974189175042366e-06
132,8.4722686009593617e-04,1.6872632384382899e-04,2.2747325292184651e-04,2.0399077149415714e-04,1.4173868899084114e-04,7.3735259257670438e-05,2.5803078066246525e-05,5.7594855213454107e-06
133,8.2151438889721778e-04,1.6356071432100313e-04,2.2051583851740946e-04,1.9776831374784820e-04,1.3744119839763120e-04,7.1533205940791663e-05,2.5070646628433316e-05,5.6244713441007431e-06
134,7.9658147103440601e-04,1.5855338272050185e-04,2.1377126900447516e-04,1.9173546521474987e-04,1.3327364457520487e-04,6.9396598739597653e-05,2.4358783820227263e-05,5.4923269596493007e-06
135,7.7240454009590395e-04,1.5369946852067853e-04,2.0723302946602828e-04,1.8588646574067751e-04,1.2923212996250382e-04,6.7323518250097993e-05,2.3666924935535999e-05,5.3630032203818378e-06
136,7.4896073624031233e-04,1.4899426137418440e-04,2.0089480467925378e-04,1.8021572863460806e-04,1.2531287122519020e-04,6.5312099187765993e-05,2.2994519851145414e-05,5.2364512881643939e-06
137,7.2622788551676286e-04,1.4443319638981786e-04,1.9475047297056521e-04,1.7471783557674672e-04,1.2151219614110010e-04,6.3360529050428551e-05,2.2341032725161995e-05,5.1126226629424641e-06
138,7.0418447974665273e-04,1.4001184956930008e-04,1.8879410026180637e-04,1.6938753166460070e-04,1.1782654054989770e-04,6.1467046797045635e-05,2.1705941694878797e-05,4.9914692091234661e-06
139,6.8280965695543725e-04,1.3572593339332742e-04,1.8301993430149886e-04,1.6421972059434264e-04,1.1425244536758599e-04,5.9629941543968620e-05,2.1088738574847032e-05,4.8729431798666549e-06
140,6.6208318234299676e-04,1.3157129255149947e-04,1.7742239907521853e-04,1.5920945997470042e-04,1.1078655366628688e-04,5.7847551280041782e-05,2.0488928555848061e-05,4.7569972394017318e-06
141,6.4198542978099430e-04,1.2754389981096086e-04,1.7199608938938852e-04,1.5435195677057810e-04,1.0742560781948594e-04,5.6118261601709635e-05,1.9906029905381203e-05,4.6435844834900565e-06
142,6.2249736382558030e-04,1.2363985201881822e-04,1.6673576562297070e-04,1.4964256287358960e-04,1.0416644671274567e-04,5.4440504469109749e-05,1.9339573670210913e-05,4.5326584581355410e-06
143,6.0360052223378793e-04,1.1985536623360424e-04,1.6163634864172505e-04,1.4507677079667576e-04,1.0100600301971873e-04,5.2812756983966418e-05,1.8789103381451572e-05,4.4241731766459897e-06
144,5.8527699897196323e-04,1.1618677598126067e-04,1.5669291486988739e-04,1.4065020948997087e-04,9.7941300543143015e-05,5.1233540189952478e-05,1.8254174762609073e-05,4.3180831351397347e-06
145,5.6750942770463094e-04,1.1263052763130080e-04,1.5190069151428662e-04,1.3635864027509124e-04,9.4969451620366678e-05,4.9701417896053852e-05,1.7734355440944713e-05,4.2143433265869619e-06
146,5.5028096575224564e-04,1.0918317688899058e-04,1.4725505193609269e-04,1.3219795289502807e-04,9.2087654592834338e-05,4.8214995523351563e-05,1.7229224662478542e-05,4.1129092534699750e-06
147,5.3357527850638473e-04,1.0584138539955604e-04,1.4275151116554272e-04,1.2816416167684498e-04,8.9293191338864051e-05,4.6772918975529631e-05,1.6738373010905381e-05,4.0137369391419039e-06
148,5.1737652429103263e-04,1.0260191746058568e-04,1.3838572155514949e-04,1.2425340180440426e-04,8.6583424868955929e-05,4.5373873533321219e-05,1.6261402130657135e-05,3.9167829379588868e-06
149,5.0166933965874649e-04,9.9461636838948548e-05,1.3415346856704386e-04,1.2046192569837216e-04,8.3955796982795967e-05,4.4016582773020013e-05,1.5797924454309234e-05,3.8220043442566108e-06
150,4.8643882511062084e-04,9.6417503688692245e-05,1.3005066669024537e-04,1.1678609950078617e-04,8.1407825987053984e-05,4.2699807509108150e-05,1.5347562934496768e-05,3.7293588002381834e-06
151,4.7167053122913375e-04,9.3466571566524080e-05,1.2607335548379332e-04,1.1322239966150170e-04,7.8937104473017239e-05,4.1422344760983892e-05,1.4909950780476801e-05,3.6388045028366435e-06
152,4.5735044521311218e-04,9.0605984541607099e-05,1.2221769574180294e-04,1.0976740962387460e-04,7.6541297153055496e-05,4.0183026743712840e-05,1.4484731199447194e-05,3.5503002096120448e-06
153,4.4346497780423832e-04,8.7832974396528872e-05,1.1847996577663935e-04,1.0641781660707548e-04,7.4218138754873138e-05,3.8980719882673027e-05,1.4071557142708707e-05,3.4638052437397578e-06
154,4.3000095059468949e-04,8.5144857916417781e-05,1.1485655781652509e-04,1.0317040848247623e-04,7.1965431972472569e-05,3.7814323851918123e-05,1.3670091056736068e-05,3.3792794981436948e-06
155,4.1694558370570253e-04,8.2539034263295425e-05,1.1134397451401578e-04,1.0002207074159239e-04,6.9781045472727188e-05,3.6682770636041673e-05,1.3280004639204756e-05,3.2966834388252561e-06
156,4.0428648382703937e-04,8.0012982432860601e-05,1.0793882556189418e-04,9.6969783553112719e-05,6.7662911956442657e-05,3.5585023615289742e-05,1.2900978600003342e-05,3.2159781074361695e-06
157,3.9201163260753471e-04,7.7564258791003456e-05,1.0463782441314187e-04,9.4010618906593580e-05,6.5609026272770541e-05,3.4520076673638360e-05,1.2532702427246024e-05,3.1371251231408508e-06
158,3.8010937538709945e-04,7.5190494687446690e-05,1.0143778510175645e-04,9.1141737840444816e-05,6.3617443585828196e-05,3.3486953329525156e-05,1.2174874158286664e-05,3.0600866838115607e-06
159,3.6856841026076725e-04,7.2889394144003784e-05,9.8335619161284268e-05,8.8360387751883175e-05,6.1686277592373328e-05,3.2484705888901872e-05,1.1827200155723479e-05,2.9848255665973640e-06
160,3.5737777746556369e-04,7.0658731615034451e-05,9.5328332638038932e-05,8.5663899786577857e-05,5.9813698789378837e-05,3.1512414620254700e-05,1.1489394888373070e-05,2.9113051279058230e-06
161,3.4652684908119440e-04,6.8496349817763464e-05,9.2413023196071377e-05,8.3049686305764129e-05,5.7997932790355117e-05,3.0569186951223015e-05,1.1161180717182979e-05,2.8394893028343131e-06
162,3.3600531903574607e-04,6.6400157630210535e-05,8.9586877311051462e-05,8.0515238428649854e-05,5.6237258689270814e-05,2.9654156686433696e-05,1.0842287686043730e-05,2.7693426040859974e-06
163,3.2580319340780230e-04,6.4368128054558389e-05,8.6847167550309676e-05,7.8058123647990640e-05,5.4530007470929123e-05,2.8766483246156777e-05,1.0532453317453996e-05,2.7008301204036841e-06
164,3.1591078101658027e-04,6.2398296243861061e-05,8.4191249936375423e-05,7.5675983516758686e-05,5.2874560466666034e-05,2.7905350925379689e-05,1.0231422412986321e-05,2.6339175145530991e-06
165,3.0631868429189792e-04,6.0488757590067408e-05,8.1616561391431645e-05,7.3366531403880781e-05,5.1269347854247123e-05,2.7069968172890377e-05,9.9389468584950494e-06,2.5685710208855143e-06
166,2.9701779041597877e-04,5.8637665871403617e-05,7.9120617260187111e-05,7.1127550317069365e-05,4.9712847200852232e-05,2.6259566889954616e-05,9.6547854340037021e-06,2.5047574425081272e-06
167,2.8799926272930678e-04,5.6843231457225894e-05,7.6701008908746133e-05,6.8956890790820591e-05,4.8203582048050849e-05,2.5473401748169676e-05,9.3787036282045438e-06,2.4424441480891699e-06
168,2.7925453239293409e-04,5.5103719568518124e-05,7.4355401397131166e-05,6.6852468837700491e-05,4.6740120537686755e-05,2.4710749526074302e-05,9.1104734574999959e-06,2.3815990683233241e-06
169,2.7077529029984277e-04,5.3417448592270888e-05,7.2081531223187499e-05,6.4812263961089493e-05,4.5321074077606146e-05,2.3970908464094705e-05,8.8498732895123251e-06,2.3221906920817439e-06
170,2.6255347922815239e-04,5.1782788448037700e-05,6.9877204135670317e-05,6.2834317227601286e-05,4.3945096046181052e-05,2.3253197637406518e-05,8.5966876709857784e-06,2.2641880622697329e-06
171,2.5458128622915245e-04,5.0198159005020924e-05,6.7740293014382369e-05,6.0916729397439858e-05,4.2610880534597608e-05,2.2556956346294425e-05,8.3507071600032993e-06,2.2075607714139560e-06
172,2.4685113524332590e-04,4.8662028548094738e-05,6.5668735815298430e-05,5.9057659111003353e-05,4.1317161125897561e-05,2.1881543523593516e-05,8.1117281624383989e-06,2.1522789569999334e-06
173,2.3935567993771075e-04,4.7172912291225455e-05,6.3660533578675584e-05,5.7255321130088626e-05,4.0062709709780267e-05,2.1226337158799790e-05,7.8795527725615076e-06,2.0983132965795245e-06
174,2.3208779675812526e-04,4.5729370936799535e-05,6.1713748498211393e-05,5.5507984632094773e-05,3.8846335332192258e-05,2.0590733738440927e-05,7.6539886177193178e-06,2.0456350026670720e-06
175,2.2504057818996037e-04,4.4330009279419739e-05,5.9826502049372506e-05,5.3813971555666845e-05,3.7666883078751062e-05,1.9974147702303356e-05,7.4348487070049502e-06,1.9942158174419221e-06
176,2.1820732622141064e-04,4.2973474852775587e-05,5.7996973175073951e-05,5.2171654996263905e-05,3.6523232991070253e-05,1.9376010915116327e-05,7.2219512838364934e-06,1.9440280072741270e-06
177,2.1158154600318680e-04,4.1658456618240994e-05,5.6223396526946288e-05,5.0579457650176657e-05,3.5414299015072851e-05,1.8795772153299476e-05,7.0151196823613316e-06,1.8950443570892404e-06
178,2.0515693969891608e-04,4.0383683693894592e-05,5.4504060760482432e-05,4.9035850305561239e-05,3.4339027980400560e-05,1.8232896606386159e-05,6.8141821876037987e-06,1.8472381645873121e-06
179,1.9892740052059735e-04,3.9147924122701427e-05,5.2837306882408722e-05,4.7539350379095265e-05,3.3296398610046542e-05,1.7686865392741079e-05,6.6189718992739587e-06,1.8005832343303620e-06
180,1.9288700694363706e-04,3.7949983678634782e-05,5.1221526648676244e-05,4.6088520496901137e-05,3.2285420559360022e-05,1.7157175089197205e-05,6.4293265991557728e-06,1.7550538717118876e-06
181,1.8703001709614406e-04,3.6788704709556518e-05,4.9655161011517986e-05,4.4681967118420220e-05,3.1305133483590798e-05,1.6643337274243801e-05,6.2450886219935068e-06,1.7106248768212109e-06
182,1.8135086331731281e-04,3.5662965015712127e-05,4.8136698614065409e-05,4.3318339201958128e-05,3.0354606133162289e-05,1.6144878084404131e-05,6.0661047297959187e-06,1.6672715382148056e-06
183,1.7584414687987104e-04,3.4571676762733363e-05,4.6664674331064863e-05,4.1996326910658133e-05,2.9432935475881300e-05,1.5661337783448647e-05,5.8922259894786433e-06,1.6249696266060714e-06
184,1.7050463287170980e-04,3.3513785428076645e-05,4.5237667854278818e-05,4.0714660357694826e-05,2.8539245845312592e-05,1.5192270344096460e-05,5.7233076537660452e-06,1.5836953884844128e-06
185,1.6532724523195605e-04,3.2488268779859621e-05,4.3854302321201199e-05,3.9472108389515270e-05,2.7672688114565845e-05,1.4737243041865313e-05,5.5592090452748992e-06,1.5434255396738693e-06
186,1.6030706193688023e-04,3.1494135887091124e-05,4.2513242985757848e-05,3.8267477405987963e-05,2.6832438894761687e-05,1.4295836060737375e-05,5.3997934437032334e-06,1.5041372588409853e-06
187,1.5543931033116813e-04,3.0530426160321917e-05,4.1213195929704589e-05,3.7099610216353316e-05,2.6017699757462659e-05,1.3867642110315668e-05,5.2449279760489011e-06,1.4658081809610635e-06
188,1.5071936260021153e-04,2.9596208421774027e-05,3.9952906813474571e-05,3.5967384929901243e-05,2.5227696480373446e-05,1.3452266054153212e-05,5.0944835097835930e-06,1.4284163907514251e-06
189,1.4614273137920114e-04,2.8690580004036635e-05,3.8731159665265580e-05,3.4869713880332501e-05,2.4461678315633177e-05,1.3049324548944221e-05,4.9483345489092027e-06,1.3919404160798060e-06
190,1.4170506549492594e-04,2.7812665876444987e-05,3.7546775707194729e-05,3.3805542582791155e-05,2.3718917280040636e-05,1.2658445694274086e-05,4.8063591328248159e-06,1.3563592213555633e-06
191,1.3740214583630347e-04,2.6961617798286715e-05,3.6398612217384365e-05,3.2773848722584840e-05,2.2998707466570897e-05,1.2279268692632006e-05,4.6684387379337787e-06,1.3216522009108885e-06
192,1.3322988134978036e-04,2.6136613498006864e-05,3.5285561426877859e-05,3.1773641174638335e-05,2.2300364376559331e-05,1.1911443519397417e-05,4.5344581819217237e-06,1.2877991723788274e-06
193,1.2918430515585749e-04,2.5336855877608944e-05,3.4206549450317910e-05,3.0803959052754221e-05,2.1623224271945863e-05,1.1554630602518372e-05,4.4043055306376852e-06,1.2547803700744770e-06
194,1.2526157078310198e-04,2.4561572241474421e-05,3.3160535249352755e-05,2.9863870787781368e-05,2.0966643546989125e-05,1.1208500511607107e-05,4.2778720075118340e-06,1.2225764383853530e-06
195,1.2145794851611630e-04,2.3810013548847571e-05,3.2146509627767423e-05,2.8952473233818672e-05,2.0329998118876434e-05,1.0872733656184966e-05,4.1550519054446963e-06,1.1911684251765427e-06
196,1.1776982185403845e-04,2.3081453689255897e-05,3.1163494257368167e-05,2.8068890801607256e-05,1.9712682836671467e-05,1.0547019992815679e-05,4.0357425011040818e-06,1.1605377752159128e-06
197,1.1419368407624819e-04,2.2375188780159414e-05,3.0210540733677975e-05,2.7212274618289375e-05,1.9114110908057098e-05,1.0231058740872710e-05,3.9198439715673093e-06,1.1306663236243005e-06
198,1.1072613491205260e-04,2.1690536486143932e-05,2.9286729660529819e-05,2.6381801712736678e-05,1.8533713343346175e-05,9.9245581066930458e-06,3.8072593132476539e-06,1.1015362893552928e-06
199,1.0736387731122021e-04,2.1026835358994876e-05,2.8391169762672828e-05,2.5576674225674125e-05,1.7970938416247869e-05,9.6272350158762780e-06,3.6978942630453263e-06,1.0731302687089031e-06
200,1.0410371431232461e-04,2.0383444198008858e-05,2.7522997025533136e-05,2.4796118643848968e-05,1.7425251140891652e-05,9.3388148534942410e-06,3.5916572216645897e-06,1.0454312288831502e-06
201,1.0094254600595000e-04,1.9759741429920207e-05,2.6681373861298013e-05,2.4039385057516483e-05,1.6896132764625325e-05,9.0590312119827164e-06,3.4884591790399749e-06,1.0184225015672834e-06
202,9.7877366589898111e-05,1.9155124507838961e-05,2.5865488300517066e-05,2.3305746440535970e-05,1.6383080276117234e-05,8.7876256464928864e-06,3.3882136418158738e-06,9.9208777658011520e-07
203,9.4905261513620763e-05,1.8569009328615654e-05,2.5074553208439233e-05,2.2594497952391578e-05,1.5885605928306293e-05,8.5243474374862281e-06,3.2908365628250738e-06,9.6641109555668941e-07
204,9.2023404709185824e-05,1.8000829668066237e-05,2.4307805525328158e-05,2.1904956261473041e-05,1.5403236775756596e-05,8.2689533603624218e-06,3.1962462725130946e-06,9.4137684568626415e-07
205,8.9229055906164052e-05,1.7450036633508219e-05,2.3564505530021802e-05,2.1236458888971369e-05,1.4935514225986205e-05,8.0212074619156395e-06,3.1043634122564588e-06,9.1696975350436210e-07
206,8.6519558027902454e-05,1.6916098133075917e-05,2.2843936126024637e-05,2.0588363572763838e-05,1.4481993604352177e-05,7.7808808434201931e-06,3.0151108695242720e-06,8.9317487874142870e-07
207,8.3892334666725731e-05,1.6398498361299342e-05,2.2145402149442692e-05,1.9960047650681471e-05,1.4042243732086011e-05,7.5477514501520533e-06,2.9284137148337161e-06,8.6997760823043173e-07
208,8.1344887635680560e-05,1.5896737300447080e-05,2.1468229698092681e-05,1.9350907462570294e-05,1.3615846517085532e-05,7.3216038671581428e-06,2.8441991404512920e-06,8.4736364987553633e-07
209,7.8874794594509620e-05,1.5410330237149089e-05,2.0811765481137130e-05,1.8760357770575559e-05,1.3202396557080718e-05,7.1022291210905059e-06,2.7623964007928034e-06,8.2531902668381345e-07
210,7.6479706747610356e-05,1.4938807293830113e-05,2.0175376188617145e-05,1.8187831197095124e-05,1.2801500754802253e-05,6.8894244879276849e-06,2.6829367544762840e-06,8.0383007086175465e-07
211,7.4157346611802318e-05,1.4481712974499149e-05,1.9558447880273882e-05,1.7632777679865024e-05,1.2412777944792321e-05,6.6829933064105402e-06,2.6057534079831827e-06,7.8288341797820229e-07
212,7.1905505851790723e-05,1.4038605724454186e-05,1.8960385393068202e-05,1.7094663943656302e-05,1.2035858531507895e-05,6.4827447970247160e-06,2.5307814608842741e-06,7.6246600119514900e-07
213,6.9722043181278900e-05,1.3609057503475232e-05,1.8380611766826359e-05,1.6572972988078057e-05,1.1670384138377030e-05,6.2884938863666637e-06,2.4579578525878515e-06,7.4256504556770396e-07
214,6.7604882327741995e-05,1.3192653372091687e-05,1.7818567687456902e-05,1.6067203590996723e-05,1.1316007267478668e-05,6.1000610367347841e-06,2.3872213105688514e-06,7.2316806241438683e-07
215,6.5552010058935928e-05,1.2788991090522958e-05,1.7273710947201018e-05,1.5576869827096599e-05,1.0972390969526188e-05,5.9172720807917924e-06,2.3185123000386061e-06,7.0426284375876806e-07
216,6.3561474269272086e-05,1.2397680729903504e-05,1.6745515921395110e-05,1.5101500601120854e-05,1.0639208523844467e-05,5.7399580611488037e-06,2.2517729750159845e-06,6.8583745684335766e-07
217,6.1631382124245393e-05,1.2018344295415544e-05,1.6233473061240214e-05,1.4640639195346208e-05,1.0316143128039352e-05,5.5679550747259049e-06,2.1869471307616569e-06,6.6788023871650833e-07
218,5.9759898261157603e-05,1.1650615360964198e-05,1.5737088402088481e-05,1.4193842830858105e-05,1.0002887597067382e-05,5.4011041217481908e-06,2.1239801575382583e-06,6.5037979089299995e-07
219,5.7945243044430720e-05,1.1294138715041119e-05,1.5255883086771816e-05,1.3760682242206147e-05,9.6991440714223386e-06,5.2392509592402910e-06,2.0628189956601647e-06,6.3332497408885047e-07
220,5.6185690873856779e-05,1.0948570017433559e-05,1.4789392903512485e-05,1.3340741265032409e-05,9.4046237341635888e-06,5.0822459588863669e-06,2.0034120917975566e-06,6.1670490303080930e-07
221,5.4479568544180354e-05,1.0613575466446327e-05,1.4337167837969361e-05,1.2933616436277619e-05,9.1190465365193740e-06,4.9299439691264177e-06,1.9457093565003749e-06,6.0050894134087924e-07
222,5.2825253654458294e-05,1.0288831476314365e-05,1.3898771638987399e-05,1.2538916606582027e-05,8.8421409318062211e-06,4.7822041813634783e-06,1.8896621229086793e-06,5.8472669649613298e-07
223,5.1221173065688086e-05,9.9740243644935919e-06,1.3473781397630936e-05,1.2156262564509524e-05,8.5736436174133009e-06,4.6388900001599350e-06,1.8352231066168024e-06,5.6934801486399817e-07
224,4.9665801405241999e-05,9.6688500485271577e-06,1.3061787139094448e-05,1.1785286672234868e-05,8.3132992846081333e-06,4.4998689173047249e-06,1.7823463666595586e-06,5.5436297681310683e-07
225,4.8157659616688411e-05,9.3730137521937399e-06,1.2662391427096716e-05,1.1425632512344672e-05,8.0608603759272878e-06,4.3650123896366457e-06,1.7309872675896180e-06,5.3976189189972733e-07
226,4.6695313553624064e-05,9.0862297206533298e-06,1.2275208980376402e-05,1.1076954545413532e-05,7.8160868499227912e-06,4.2341957205123310e-06,1.6811024426159573e-06,5.2553529412972692e-07
227,4.5277372616183406e-05,8.8082209443148552e-06,1.1899866300918895e-05,1.0738917778026931e-05,7.5787459530419198e-06,4.1072979448107213e-06,1.6326497577741371e-06,5.1167393729594401e-07
228,4.3902488428930514e-05,8.5387188911583419e-06,1.1536001313555390e-05,1.0411197440932502e-05,7.3486119984245642e-06,3.9842017173690219e-06,1.5855882770999072e-06,4.9816879039078884e-07
229,4.2569353558879316e-05,8.2774632472525989e-06,1.1183263016586313e-05,1.0093478677010938e-05,7.1254661514089885e-06,3.8647932047482225e-06,1.5398782287784210e-06,4.8501103309382882e-07
230,4.1276700272424679e-05,8.0242016652173095e-06,1.0841311143091806e-05,9.7854562387672115e-06,6.9090962215429898e-06,3.7489619802292119e-06,1.4954809722420881e-06,4.7219205133406283e-07
231,4.0023299330004759e-05,7.7786895203861605e-06,1.0509815832602308e-05,9.4868341950518588e-06,6.6992964609035909e-06,3.6366009219434951e-06,1.4523589661908127e-06,4.5970343292653411e-07
232,3.8807958817349833e-05,7.5406896744350777e-06,1.0188457312812254e-05,9.1973256467309506e-06,6.4958673685343399e-06,3.5276061140452526e-06,1.4104757375090760e-06,4.4753696328288422e-07
233,3.7629523012208136e-05,7.3099722462468845e-06,9.8769255910296635e-06,8.9166524510318452e-06,6.2986155008149974e-06,3.4218767508343172e-06,1.3697958510550181e-06,4.3568462119540809e-07
234,3.6486871285472450e-05,7.0863143897907542e-06,9.5749201550637468e-06,8.6445449543002531e-06,6.1073532875840036e-06,3.3193150437422331e-06,1.3302848802973371e-06,4.2413857469412174e-07
235,3.5378917035663869e-05,6.8695000788015249e-06,9.2821496832617979e-06,8.3807417329120371e-06,5.9218988538394918e-06,3.2198261310961989e-06,1.2919093787764897e-06,4.1289117697632328e-07
236,3.4304606655760785e-05,6.6593198980506914e-06,8.9983317634154875e-06,8.1249893420911228e-06,5.7420758468499132e-06,3.1233179905781852e-06,1.2546368523673047e-06,4.0193496240808502e-07
237,3.3262918531391831e-05,6.4555708410071024e-06,8.7231926202651879e-06,7.8770420723923578e-06,5.5677132685103656e-06,3.0297013542989760e-06,1.2184357323207585e-06,3.9126264259708493e-07
238,3.2252862069441008e-05,6.2580561136917419e-06,8.4564668513393370e-06,7.6366617136155689e-06,5.3986453127857225e-06,2.9388896264092361e-06,1.1832753490632492e-06,3.8086710253615366e-07
239,3.1273476756142435e-05,6.0665849445368292e-06,8.1978971708738183e-06,7.4036173259241398e-06,5.2347112080864211e-06,2.8507988031720285e-06,1.1491259067323160e-06,3.7074139681688422e-07
240,3.0323831243769815e-05,5.8809724000654366e-06,7.9472341615642184e-06,7.1776850179483712e-06,5.0757550644274274e-06,2.7653473954234272e-06,1.1159584584283088e-06,3.6087874591262685e-07
241,2.9403022465052848e-05,5.7010392062133043e-06,7.7042360339112995e-06,6.9586477316605385e-06,4.9216257252254078e-06,2.6824563533500505e-06,1.0837448821620845e-06,3.5127253253016504e-07
242,2.8510174774479333e-05,5.5266115751201354e-06,7.4686683929274484e-06,6.7462950338150975e-06,4.7721766235935120e-06,2.6020489935144467e-06,1.0524578574793446e-06,3.4191629802935075e-07
243,2.7644439115666953e-05,5.3575210372228568e-06,7.2403040119788806e-06,6.5404229137537506e-06,4.6272656429974349e-06,2.5240509280613120e-06,1.0220708427427656e-06,3.3280373890995322e-07
244,2.6804992214013628e-05,5.1936042784885002e-06,7.0189226135453440e-06,6.3408335873812007e-06,4.4867549821405392e-06,2.4483899960394961e-06,9.9255805305358523e-07,3.2392870336495878e-07
245,2.5991035793859195e-05,5.0347029826293381e-06,6.8043106566856960e-06,6.1473353071233253e-06,4.3505110239497789e-06,2.3749961967767011e-06,9.6389443879481351e-07,3.1528518789954541e-07
246,2.5201795819414645e-05,4.8806636781477203e-06,6.5962611310042330e-06,5.9597421776852656e-06,4.2184042085381236e-06,2.3038016252456376e-06,9.3605566477872707e-07,3.0686733401493707e-07
247,2.4436521758737280e-05,4.7313375900627271e-06,6.3945733569188919e-06,5.7778739774324697e-06,4.0903089100228614e-06,2.2347404093622196e-06,9.0901808998178157e-07,2.9866942495633380e-07
248,2.3694485870052620e-05,4.5865804961753035e-06,6.1990527920385725e-06,5.6015559852231091e-06,3.9661033170828475e-06,2.1677486491581472e-06,8.8275874785054306e-07,2.9068588252409974e-07
249,2.2974982509744513e-05,4.4462525877329022e-06,6.0095108434627056e-06,5.4306188125255731e-06,3.8456693171413061e-06,2.1027643577719522e-06,8.5725532716268589e-07,2.8291126394738217e-07
250,2.2277327461355873e-05,4.3102183343589688e-06,5.8257646858218802e-06,5.2648982406597266e-06,3.7288923840642101e-06,2.0397274042042095e-06,8.3248615342754965e-07,2.7534025881932635e-07
251,2.1600857284962335e-05,4.1783463531166587e-06,5.6476370848839502e-06,5.1042350630056463e-06,3.6156614692675890e-06,1.9785794577842783e-06,8.0843017081117352e-07,2.6796768609304298e-07
252,2.0944928686300277e-05,4.0505092815802613e-06,5.4749562265553516e-06,4.9484749320282082e-06,3.5058688961303740e-06,1.9192639342974583e-06,7.8506692457113969e-07,2.6078849113748025e-07
253,2.0308917905049569e-05,3.9265836547915811e-06,5.3075555511126080e-06,4.7974682109705929e-06,3.3994102576124762e-06,1.8617259437229969e-06,7.6237654398696960e-07,2.5379774285234588e-07
254,1.9692220121689807e-05,3.8064497859823991e-06,5.1452735925040316e-06,4.6510698300742385e-06,3.2961843169808664e-06,1.8059122395348479e-06,7.4033972577219984e-07,2.4699063084122227e-07
255,1.9094248882365858e-05,3.6899916509476755e-06,4.9879538225665430e-06,4.5091391471870956e-06,3.1960929115493635e-06,1.7517711695185062e-06,7.1893771795466239e-07,2.4036246264201418e-07
256,1.8514435541216312e-05,3.5770967759577561e-06,4.8354445000072324e-06,4.3715398126262889e-06,3.0990408593406686e-06,1.6992526280586486e-06,6.9815230421185007e-07,2.3390866101386706e-07
257,1.7952228719634514e-05,3.4676561291012372e-06,4.6875985240039658e-06,4.2381396381653342e-06,3.0049358685820013e-06,1.6483080098536513e-06,6.7796578864863009e-07,2.2762476127969331e-07
258,1.7407093781948229e-05,3.3615640149534646e-06,4.5442732922836840e-06,4.1088104700200556e-06,2.9136884499483280e-06,1.5988901650143520e-06,6.5836098100490108e-07,2.2150640872344284e-07
259,1.6878512327019472e-05,3.2587179724688728e-06,4.4053305635414895e-06,3.9834280657111573e-06,2.8252118314698279e-06,1.5509533555057191e-06,6.3932118228115198e-07,2.1554935604125669e-07
260,1.6365981695281181e-05,3.1590186759984581e-06,4.2706363240677019e-06,3.8618719746851578e-06,2.7394218760227180e-06,1.5044532128913030e-06,6.2083017077019935e-07,2.0974946084564162e-07
261,1.5869014490742038e-05,3.0623698393367452e-06,4.1400606584541966e-06,3.7440254225789595e-06,2.6562370013250679e-06,1.4593466973415417e-06,6.0287218848371711e-07,2.0410268322180929e-07
262,1.5387138117505124e-05,2.9686781227054909e-06,4.0134776242552262e-06,3.6297751990168880e-06,2.5755781023615526e-06,1.4155920578681661e-06,5.8543192796247890e-07,1.9860508333532230e-07
263,1.4919894330359641e-05,2.8778530425842398e-06,3.8907651304817852e-06,3.5190115488323645e-06,2.4973684761634405e-06,1.3731487937480640e-06,5.6849451945954890e-07,1.9325281909019707e-07
264,1.4466838799018497e-05,2.7898068843005886e-06,3.7718048198122523e-06,3.4116280666097032e-06,2.4215337488723322e-06,1.3319776171010562e-06,5.5204551848595044e-07,1.8804214383661420e-07
265,1.4027540685587470e-05,2.7044546172956760e-06,3.6564819544056318e-06,3.3075215944447028e-06,2.3480018050183254e-06,1.2920404165871045e-06,5.3607089370863551e-07,1.8296940412739406e-07
266,1.3601582234864180e-05,2.6217138129830185e-06,3.5446853052072076e-06,3.2065921228257978e-06,2.2767027189454028e-06,1.2533002221894943e-06,5.2055701519086116e-07,1.7803103752239927e-07
267,1.3188558377077387e-05,2.5415045651213126e-06,3.4363070446397819e-06,3.1087426945405172e-06,2.2075686883188564e-06,1.2157211710515336e-06,5.0549064296535192e-07,1.7322357044003168e-07
268,1.2788076342688856e-05,2.4637494126242373e-06,3.3312426425769492e-06,3.0138793115149279e-06,2.1405339696515648e-06,1.1792684743352794e-06,4.9085891593089913e-07,1.6854361605499768e-07
269,1.2399755288891618e-05,2.3883732647326829e-06,3.2293907654980052e-06,2.9219108444965403e-06,2.0755348157878220e-06,1.1439083850717437e-06,4.7664934106330355e-07,1.6398787224152158e-07
270,1.2023225937449434e-05,2.3153033284770793e-06,3.1306531787271877e-06,2.8327489454938901e-06,2.0125094152853169e-06,1.1096081669729386e-06,4.6284978293182491e-07,1.5955311956119475e-07
271,1.1658130223533119e-05,2.2444690383597366e-06,3.0349346516628930e-06,2.7463079628886555e-06,1.9513978336376237e-06,1.0763360641770105e-06,4.4944845351254545e-07,1.5523621929465447e-07
272,1.1304120955219929e-05,2.1758019881892386e-06,2.9421428659054360e-06,2.6625048591387519e-06,1.8921419562813464e-06,1.0440612718985661e-06,4.3643390229029695e-07,1.5103411151629401e-07
273,1.0960861483332108e-05,2.1092358650010262e-06,2.8521883261946691e-06,2.5812591309933070e-06,1.8346854333337310e-06,1.0127539079571293e-06,4.2379500664103015e-07,1.4694381321121389e-07
274,1.0628025381300772e-05,2.0447063850003133e-06,2.7649842740715388e-06,2.5024927321428623e-06,1.7789736260082186e-06,9.8238498515747546e-07,4.1152096248673442e-07,1.4296241643363177e-07
275,1.0305296134750731e-05,1.9821512314654328e-06,2.6804466041802523e-06,2.4261299982304642e-06,1.7249535546569959e-06,9.5292638449637243e-07,3.9960127521523618e-07,1.3908708650597749e-07
276,9.9923668405109898e-06,1.9215099945516181e-06,2.5984937831302866e-06,2.3520975741515937e-06,1.6725738483911521e-06,9.2435082917101662e-07,3.8802575085741551e-07,1.3531506025790657e-07
277,9.6889399147648710e-06,1.8627241129370378e-06,2.5190467708399526e-06,2.2803243435730630e-06,1.6217846962305487e-06,8.9663185936519844e-07,3.7678448751459288e-07,1.3164364430447713e-07
278,9.3947268100621507e-06,1.8057368172547125e-06,2.4420289442855988e-06,2.2107413606031679e-06,1.5725377997369576e-06,8.6974380778993498e-07,3.6586786702903711e-07,1.2807021336274126e-07
279,9.1094477409241489e-06,1.7504930752556422e-06,2.3673660235828833e-06,2.1432817835474149e-06,1.5247863270854396e-06,8.4366177595601200e-07,3.5526654689074477e-07,1.2459220860601266e-07
280,8.8328314177808859e-06,1.6969395386501618e-06,2.2949860003287886e-06,2.0778808106861773e-06,1.4784848685302973e-06,8.1836161115654942e-07,3.4497145237383124e-07,1.2120713605508091e-07
281,8.5646147889872745e-06,1.6450244915761587e-06,2.2248190681352186e-06,2.0144756180125706e-06,1.4335893932232602e-06,7.9381988413835420e-07,3.3497376889606064e-07,1.1791256500565277e-07
282,8.3045427906730654e-06,1.5946978006443566e-06,2.1567975552871611e-06,1.9530052988707026e-06,1.3900572073428501e-06,7.7001386744146314e-07,3.2526493459522254e-07,1.1470612649130933e-07
283,8.0523681041886559e-06,1.5459108665124040e-06,2.0908558594604207e-06,1.8934108054363025e-06,1.3478469134951160e-06,7.4692151438689342e-07,3.1583663311624041e-07,1.1158551178127831e-07
284,7.8078509209161450e-06,1.4986165769409692e-06,2.0269303844359345e-06,1.8356348919834941e-06,1.3069183713471414e-06,7.2452143869321151e-07,3.0668078660306547e-07,1.0854847091233029e-07
285,7.5707587142219865e-06,1.4527692612864825e-06,1.9649594787496076e-06,1.7796220598831921e-06,1.2672326594558906e-06,7.0279289470311710e-07,2.9778954888957959e-07,1.0559281125411674e-07
286,7.3408660183343557e-06,1.4083246463865646e-06,1.9048833762184568e-06,1.7253185042802699e-06,1.2287520382561032e-06,6.8171575820179285e-07,2.8915529888388832e-07,1.0271639610727849e-07
287,7.1179542139350279e-06,1.3652398137955043e-06,1.8466441382856856e-06,1.6726720623982550e-06,1.1914399141720496e-06,6.6127050780932334e-07,2.8077063414054798e-07,9.9917143333662223e-08
288,6.9018113202618409e-06,1.3234731583284753e-06,1.7901855981290517e-06,1.6216321634218785e-06,1.1552608048190155e-06,6.4143820693001127e-07,2.7262836461541721e-07,9.7193024017992710e-08
289,6.6922317935240556e-06,1.2829843478744327e-06,1.7354533064785977e-06,1.5721497799093161e-06,1.1201803052614394e-06,6.2220048624193317e-07,2.6472150659797833e-07,9.4542061160358779e-08
290,6.4890163314389275e-06,1.2437342844388602e-06,1.6823944790914611e-06,1.5241773806874270e-06,1.0861650552956118e-06,6.0353952671057365e-07,2.5704327681611360e-07,9.1962328398879910e-08
291,6.2919716837036395e-06,1.2056850663787307e-06,1.6309579458330825e-06,1.4776688851847349e-06,1.0531827077258325e-06,5.8543804311086325e-07,2.4958708670846510e-07,8.9451948761931252e-08
292,6.1009104682223442e-06,1.1687999517931873e-06,1.5810941013156806e-06,1.4325796191582515e-06,1.0212018976038575e-06,5.6787926804241069e-07,2.4234653685964260e-07,8.7009093449314028e-08
293,5.9156509929135658e-06,1.1330433230345786e-06,1.5327548570463621e-06,1.3888662717716137e-06,9.9019221240239187e-07,5.5084693642317606e-07,2.3531541159367522e-07,8.4631980641768270e-08
294,5.7360170829285342e-06,1.0983806523055555e-06,1.4858935950386954e-06,1.3464868539832763e-06,9.6012416309426525e-07,5.3432527044727140e-07,2.2848767372123562e-07,8.2318874338234765e-08
295,5.5618379131161245e-06,1.0647784683089934e-06,1.4404651228429872e-06,1.3054006582047832e-06,9.3096915610978647e-07,5.1829896499300523e-07,2.2185745943628623e-07,8.0068083220282786e-08
296,5.3929478455751060e-06,1.0322043239185144e-06,1.3964256299518749e-06,1.2655682191903400e-06,9.0269946614562172e-07,5.0275317346770094e-07,2.1541907335792325e-07,7.7877959543129941e-08
297,5.2291862721392056e-06,1.0006267648383776e-06,1.3537326455391589e-06,1.2269512761201153e-06,8.7528820979933293e-07,4.8767349407622089e-07,2.0916698371331035e-07,7.5746898052689761e-08
298,5.0703974616452280e-06,9.7001529922245620e-07,1.3123449974911126e-06,1.1895127358408265e-06,8.4870932000450744e-07,4.7304595650052274e-07,2.0309581765771021e-07,7.3673334928093016e-08
299,4.9164304118389619e-06,9.4034036822294799e-07,1.2722227726907315e-06,1.1532166372282901e-06,8.2293752124217396e-07,4.5885700897794636e-07,1.9720035672773467e-07,7.1655746749137745e-08
300,4.7671387057780698e-06,9.1157331744036848e-07,1.2333272785166003e-06,1.1180281166376911e-06,7.9794830550492927e-07,4.4509350576630629e-07,1.9147553242404217e-07,6.9692649488132420e-08
301,4.6223803725953942e-06,8.8368636924723770e-07,1.1956210055192298e-06,1.0839133744083674e-06,7.7371790899092198e-07,4.3174269498421333e-07,1.8591642191981828e-07,6.7782597525606588e-08
302,4.4820177524902911e-06,8.5665259595872660e-07,1.1590675912388552e-06,1.0508396423909283e-06,7.5022328950553131e-07,4.1879220681539993e-07,1.8051824389147752e-07,6.5924182689372296e-08
303,4.3459173658195759e-06,8.3044589382434015e-07,1.1236317851297770e-06,1.0187751524654939e-06,7.2744210454925276e-07,4.0623004206615809e-07,1.7527635446812517e-07,6.4116033316428669e-08
304,4.2139497861636378e-06,8.0504095781551003e-07,1.0892794145574103e-06,9.8768910602081346e-07,7.0535269007095358e-07,3.9404456106532406e-07,1.7018624329641449e-07,6.2356813337211867e-08
305,4.0859895172469740e-06,7.8041325718473830e-07,1.0559773518352236e-06,9.5755164436492475e-07,6.8393403986629474e-07,3.8222447289655945e-07,1.6524352971753101e-07,6.0645221381701295e-08
306,3.9619148735961267e-06,7.5653901177267980e-07,1.0236934822697748e-06,9.2833382003892682e-07,6.6316578560173076e-07,3.7075882495298739e-07,1.6044395905312552e-07,5.8979989906901715e-08
307,3.8416078648215359e-06,7.3339516904027418e-07,9.9239667318300075e-07,9.0000756900629906e-07,6.4302817744508708e-07,3.5963699280453673e-07,1.5578339899710826e-07,5.7359884345230408e-08
308,3.7249540834132469e-06,7.1095938180373568e-07,9.6205674388187985e-07,8.7254568369104116e-07,6.2350206528430356e-07,3.4884867036863673e-07,1.5125783611030336e-07,5.5783702273346938e-08
309,3.6118425959437907e-06,6.8920998665089327e-07,9.3264443654648905e-07,8.4592178683872553e-07,6.0456888051647673e-07,3.3838386037518622e-07,1.4686337241504729e-07,5.4250272600971914e-08
310,3.5021658375747709e-06,6.6812598301802637e-07,9.0413138800836857e-07,8.2011030617534747e-07,5.8621061838989210e-07,3.2823286511698995e-07,1.4259622208689661e-07,5.2758454779249825e-08
311,3.3958195097668432e-06,6.4768701290698516e-07,8.7649010239196321e-07,7.9508644983961875e-07,5.6840982088224620e-07,3.1838627747712019e-07,1.3845270824069093e-07,5.1307138028219242e-08
312,3.2927024810958005e-06,6.2787334122299828e-07,8.4969392459274643e-07,7.7082618256509877e-07,5.5114956009878448e-07,3.0883497222491634e-07,1.3442925980829424e-07,4.9895240582962745e-08
313,3.1927166910804588e-06,6.0866583671417291e-07,8.2371701456643522e-07,7.4730620258927370e-07,5.3441342217456322e-07,2.9957009757258338e-07,1.3052240850541361e-07,4.8521708958016308e-08
314,3.0957670569308812e-06,5.9004595349427507e-07,7.9853432240449174e-07,7.2450391926740114e-07,5.1818549166552942e-07,2.9058306698459015e-07,1.2672878588496653e-07,4.7185517229626938e-08
315,3.0017613831282768e-06,5.7199571313093795e-07,7.7412156417186278e-07,7.0239743136960139e-07,5.0245033641357559e-07,2.8186555123230268e-07,1.2304512047454117e-07,4.5885666335454936e-08
316,2.9106102737505589e-06,5.5449768728199349e-07,7.5045519848364592e-07,6.8096550604034486e-07,4.8719299287117631e-07,2.7340947068651194e-07,1.1946823499556165e-07,4.4621183391325359e-08
317,2.8222270474602263e-06,5.3753498086315535e-07,7.2751240379808018e-07,6.6018755840012028e-07,4.7239895187165294e-07,2.6520698784073812e-07,1.1599504366183852e-07,4.3391121024640926e-08
318,2.7365276550736860e-06,5.2109121573079025e-07,7.0527105640395857e-07,6.4004363176967533e-07,4.5805414483153214e-07,2.5725050005840326e-07,1.1262254955524964e-07,4.2194556724076684e-08
319,2.6534305996336675e-06,5.0515051486401480e-07,6.8370970908121985e-07,6.2051437849783450e-07,4.4414493037188049e-07,2.4953263253717284e-07,1.0934784207636135e-07,4.1030592205183992e-08
320,2.5728568589086944e-06,4.8969748703083659e-07,6.6280757041413301e-07,6.0158104137446727e-07,4.3065808134589146e-07,2.4204623148396653e-07,1.0616809446785980e-07,3.9898352791539343e-08
321,2.4947298102459173e-06,4.7471721192352712e-07,6.4254448473711686e-07,5.8322543561074826e-07,4.1758077226038741e-07,2.3478435749433260e-07,1.0308056140872479e-07,3.8796986811080517e-08
322,2.4189751577058665e-06,4.6019522574886622e-07,6.2290091269384452e-07,5.6542993136939230e-07,4.0490056707927860e-07,2.2774027913006980e-07,1.0008257667713449e-07,3.7725665007280413e-08
323,2.3455208614098000e-06,4.4611750725933611e-07,6.0385791239087845e-07,5.4817743682808185e-07,3.9260540739737755e-07,2.2090746668916261e-07,9.7171550880148217e-08,3.6683579964815394e-08
324,2.2742970690324920e-06,4.3247046421177406e-07,5.8539712112765154e-07,5.3145138175980681e-07,3.8068360097332453e-07,2.1427958616227369e-07,9.4344969248268555e-08,3.5669945549392842e-08
325,2.2052360493752893e-06,4.1924092024039874e-07,5.6750073768517013e-07,5.1523570161434439e-07,3.6912381061071951e-07,2.0785049337021035e-07,9.1600389493037822e-08,3.4683996361408974e-08
326,2.1382721279562851e-06,4.0641610213153130e-07,5.5015150515634724e-07,4.9951482208558106e-07,3.5791504337688671e-07,2.0161422827694716e-07,8.8935439725876610e-08,3.3724987203115104e-08
327,2.0733416245563405e-06,3.9398362748771793e-07,5.3333269430140678e-07,4.8427364414984708e-07,3.4704664014901921e-07,1.9556500947295021e-07,8.6347816436422047e-08,3.2792192558977286e-08
328,2.0103827926615837e-06,3.8193149276933662e-07,5.1702808741229542e-07,4.6949752956088843e-07,3.3650826547776294e-07,1.8969722882370610e-07,8.3835282528673562e-08,3.1884906088920871e-08
329,1.9493357607447823e-06,3.7024806170213650e-07,5.0122196267053871e-07,4.5517228678753836e-07,3.2628989775860116e-07,1.8400544627850911e-07,8.1395665413300686e-08,3.1002440134157925e-08
330,1.8901424753297562e-06,3.5892205403951200e-07,4.8589907898344773e-07,4.4128415738057607e-07,3.1638181970169169e-07,1.7848438483471102e-07,7.9026855154515393e-08,3.0144125235302085e-08
331,1.8327466457846875e-06,3.4794253466865433e-07,4.7104466128404946e-07,4.2781980275567266e-07,3.0677460909109551e-07,1.7312892565277881e-07,7.6726802669955210e-08,2.9309309662481565e-08
332,1.7770936907918325e-06,3.3729890305005872e-07,4.5664438628055692e-07,4.1476629137972629e-07,2.9745912982460858e-07,1.6793410331764631e-07,7.4493517982068356e-08,2.8497358957167270e-08
333,1.7231306864427183e-06,3.2698088298018494e-07,4.4268436864163143e-07,4.0211108634827185e-07,2.8842652322567598e-07,1.6289510124198029e-07,7.2325068519534569e-08,2.7707655485439060e-08
334,1.6708063159094784e-06,3.1697851266738178e-07,4.2915114760411023e-07,3.8984203334203039e-07,2.7966819961912676e-07,1.5800724720711320e-07,7.0219577467296593e-08,2.6939598002419231e-08
335,1.6200708206444591e-06,3.0728213511148992e-07,4.1603167399027795e-07,3.7794734895102597e-07,2.7117583016271867e-07,1.5326600903752067e-07,6.8175222163817838e-08,2.6192601227608047e-08
336,1.5708759530616919e-06,2.9788238877782845e-07,4.0331329762215790e-07,3.6641560935505178e-07,2.6294133892672412e-07,1.4866699040484650e-07,6.6190232544220992e-08,2.5466095430862061e-08
337,1.5231749306552299e-06,2.8877019855655802e-07,3.9098375512068085e-07,3.5523573934960692e-07,2.5495689521402586e-07,1.4420592675759668e-07,6.4262889628000291e-08,2.4759526028761476e-08
338,1.4769223915107276e-06,2.7993676699868633e-07,3.7903115807796170e-07,3.4439700170676309e-07,2.4721490611342016e-07,1.3987868137274028e-07,6.2391524050037519e-08,2.4072353191118485e-08
339,1.4320743511679381e-06,2.7137356582025023e-07,3.6744398159127172e-07,3.3388898686073414e-07,2.3970800927904346e-07,1.3568124152556760e-07,6.0574514633687194e-08,2.3404051457383923e-08
340,1.3885881607931301e-06,2.6307232766646867e-07,3.5621105314764689e-07,3.2370160290824300e-07,2.3242906592905903e-07,1.3160971477426543e-07,5.8810287004732192e-08,2.2754109362714908e-08
341,1.3464224666216243e-06,2.5502503812791000e-07,3.4532154184840742e-07,3.1382506591407342e-07,2.2537115405694345e-07,1.2766032535577441e-07,5.7097312245044341e-08,2.2122029073471436e-08
342,1.3055371706319001e-06,2.4722392800096161e-07,3.3476494796319479e-07,3.0424989051249481e-07,2.1852756184891832e-07,1.2382941068959765e-07,5.5434105584818032e-08,2.1507326031915020e-08
343,1.2658933924138607e-06,2.3966146578512684e-07,3.2453109280344717e-07,2.9496688079552806e-07,2.1189178130126675e-07,1.2011341798632780e-07,5.3819225132276684e-08,2.0909528609887550e-08
344,1.2274534321950054e-06,2.3233035040990014e-07,3.1461010890554572e-07,2.8596712147929915e-07,2.0545750203146593e-07,1.1650890095775779e-07,5.2251270639783284e-08,2.0328177771253491e-08
345,1.1901807349893415e-06,2.2522350418419706e-07,3.0499243051416044e-07,2.7724196933999046e-07,1.9921860527724932e-07,1.1301251662553407e-07,5.0728882305316651e-08,1.9762826742893400e-08
346,1.1540398558349457e-06,2.1833406596152660e-07,2.9566878435661499e-07,2.6878304491116491e-07,1.9316915807789235e-07,1.0962102222540111e-07,4.9250739608304098e-08,1.9213040694041493e-08
347,1.1189964260871179e-06,2.1165538451430574e-07,2.8663018069937148e-07,2.6058222443448130e-07,1.8730340763218845e-07,1.0633127220417596e-07,4.7815560178830388e-08,1.8678396423764751e-08
348,1.0850171207350724e-06,2.0518101211091439e-07,2.7786790467800557e-07,2.5263163205607077e-07,1.8161577582774996e-07,1.0314021530667584e-07,4.6422098699270328e-08,1.8158482056385472e-08
349,1.0520696267110829e-06,1.9890469828928831e-07,2.6937350789231040e-07,2.4492363226107439e-07,1.7610085393643102e-07,1.0004489174990566e-07,4.5069145837419297e-08,1.7652896744653930e-08
350,1.0201226121619532e-06,1.9282038382103403e-07,2.6113880025841933e-07,2.3745082253907375e-07,1.7075339747082880e-07,9.7042430481892702e-08,4.3755527210222880e-08,1.7161250380481861e-08
351,9.8914569665358094e-07,1.8692219486023726e-07,2.5315584211008821e-07,2.3020602627336697e-07,1.6556832119697118e-07,9.4130046522633719e-08,4.2480102377231443e-08,1.6683163313052187e-08
352,9.5910942228028822e-07,1.8120443727131168e-07,2.4541693654151773e-07,2.2318228584725873e-07,1.6054069429844863e-07,9.1305038384696082e-08,4.1241763862931180e-08,1.6218266074124272e-08
353,9.2998522565144306e-07,1.7566159113040956e-07,2.3791462198432891e-07,2.1637285596074067e-07,1.5566573568739106e-07,8.8564785571087705e-08,4.0039436207126620e-08,1.5766199110358402e-08
354,9.0174541072872781e-07,1.7028830539508384e-07,2.3064166501153038e-07,2.0977119715114030e-07,1.5093880945783096e-07,8.5906746148081828e-08,3.8872075042573312e-08,1.5326612522487113e-08
355,8.7436312248823265e-07,1.6507939273705214e-07,2.2359105336153692e-07,2.0337096951151438e-07,1.4635542047712922e-07,8.3328454390752640e-08,3.7738666199082333e-08,1.4899165811164996e-08
356,8.4781232138231761e-07,1.6002982453307154e-07,2.1675598917550901e-07,1.9716602660074988e-07,1.4191121011127069e-07,8.0827518499044151e-08,3.6638224833339858e-08,1.4483527629332466e-08
357,8.2206775857696493e-07,1.5513472600908711e-07,2.1012988244148962e-07,1.9115040953952302e-07,1.3760195207996505e-07,7.8401618382260047e-08,3.5569794583707266e-08,1.4079375540932878e-08
358,7.9710495194107036e-07,1.5038937153296227e-07,2.0370634463901459e-07,1.8531834128644268e-07,1.3342354843761123e-07,7.6048503509926214e-08,3.4532446749287421e-08,1.3686395785826040e-08
359,7.7290016276483973e-07,1.4578918005124536e-07,1.9747918257806594e-07,1.7966422108887948e-07,1.2937202567630275e-07,7.3765990827037679e-08,3.3525279492563718e-08,1.3304283050744793e-08
360,7.4943037318515223e-07,1.4132971066556436e-07,1.9144239242642415e-07,1.7418261910314930e-07,1.2544353094716925e-07,7.1551962731762310e-08,3.2547417064937745e-08,1.2932740246145060e-08
361,7.2667326429642221e-07,1.3700665834437745e-07,1.8559015391965886e-07,1.6886827117888113e-07,1.2163432839645990e-07,6.9404365113730854e-08,3.1598009054510781e-08,1.2571478288803031e-08
362,7.0460719492614280e-07,1.3281584976593695e-07,1.7991682474817203e-07,1.6371607380256031e-07,1.1794079561288474e-07,6.7321205451098911e-08,3.0676229655473058e-08,1.2220215890016847e-08
363,6.8321118105493071e-07,1.2875323928845181e-07,1.7441693511587971e-07,1.5872107919538689e-07,1.1435942018283578e-07,6.5300550964620568e-08,2.9781276958482623e-08,1.1878679349273262e-08
364,6.6246487586149600e-07,1.2481490504355649e-07,1.6908518246528312e-07,1.5387849056074121e-07,1.1088679635021168e-07,6.3340526827026809e-08,2.8912372261433444e-08,1.1546602353243232e-08
365,6.4234855037356716e-07,1.2099704514931241e-07,1.6391642636384084e-07,1.4918365747668965e-07,1.0751962177766962e-07,6.1439314426051920e-08,2.8068759400029253e-08,1.1223725779973438e-08
366,6.2284307470636509e-07,1.1729597403908498e-07,1.5890568354670942e-07,1.4463207142910391e-07,1.0425469440622472e-07,5.9595149679501460e-08,2.7249704097596484e-08,1.0909797508144053e-08
367,6.0392989987078818e-07,1.1370811890274976e-07,1.5404812311107074e-07,1.4021936148110252e-07,1.0108890941021029e-07,5.7806321400803273e-08,2.6454493333585657e-08,1.0604572231265985e-08
368,5.8559104013400851e-07,1.1023001623679093e-07,1.4933906185741013e-07,1.3594129007465434e-07,9.8019256244703452e-08,5.6071169713529428e-08,2.5682434730226241e-08,1.0307811276693948e-08
369,5.6780905591570192e-07,1.0685830849995980e-07,1.4477395977325178e-07,1.3179374896030961e-07,9.5042815782608260e-08,5.4388084513422520e-08,2.4932855956815302e-08,1.0019282429334620e-08
370,5.5056703720365069e-07,1.0358974087126322e-07,1.4034841565499454e-07,1.2777275525114871e-07,9.2156757538673582e-08,5.2755503976503558e-08,2.4205104151135117e-08,9.7387597599319914e-09
371,5.3384858747294555e-07,1.0042115810715054e-07,1.3605816286362584e-07,1.2387444759715759e-07,8.9358336977806284e-08,5.1171913111881292e-08,2.3498545357509130e-08,9.4660234578149247e-09
372,5.1763780809349418e-07,9.7349501494863724e-08,1.3189906521021834e-07,1.2009508247635394e-07,8.6644892905119725e-08,4.9635842357924119e-08,2.2812563981019895e-08,9.2008596679945283e-09
373,5.0191928321101081e-07,9.4371805899008213e-08,1.2786711296724193e-07,1.1643103059910140e-07,8.4013844935235723e-08,4.8145866220495742e-08,2.2146562257425868e-08,8.9430603325018822e-09
374,4.8667806508710578e-07,9.1485196898491732e-08,1.2395841900184247e-07,1.1287877342215698e-07,8.1462691038433283e-08,4.6700601951994852e-08,2.1499959738327506e-08,8.6924230358590259e-09
375,4.7189965988453895e-07,8.8686888011065886e-08,1.2016921502735840e-07,1.0943489976910293e-07,7.8989005161310700e-08,4.5298708269976473e-08,2.0872192791145612e-08,8.4487508545788989e-09
376,4.5757001388411280e-07,8.5974178002790229e-08,1.1649584796945867e-07,1.0609610255391595e-07,7.6590434919698473e-08,4.3938884114169596e-08,2.0262714113487558e-08,8.2118522105923358e-09
377,4.4367550012010477e-07,8.3344448279819682e-08,1.1293477644339743e-07,1.0285917560452643e-07,7.4264699361628571e-08,4.2619867440740916e-08,1.9670992261489009e-08,7.9815407285027190e-09
378,4.3020290542152412e-07,8.0795160359996720e-08,1.0948256733898751e-07,9.9721010583315585e-08,7.2009586798233448e-08,4.1340434052689007e-08,1.9096511191730561e-08,7.7576350965712720e-09
379,4.1713941784687364e-07,7.8323853421806251e-08,1.0613589250999827e-07,9.6678594001592327e-08,6.9822952700511481e-08,4.0099396465286793e-08,1.8538769816340147e-08,7.5399589313383514e-09
380,4.0447261450046500e-07,7.5928141928325649e-08,1.0289152556478476e-07,9.3729004325181619e-08,6.7702717659958958e-08,3.8895602805522422e-08,1.7997281570903170e-08,7.3283406457883989e-09
381,3.9219044971870302e-07,7.3605713323875550e-08,9.9746338755052800e-08,9.0869409168343569e-08,6.5646865411129390e-08,3.7727935744520138e-08,1.7471573994813130e-08,7.1226133209684333e-09
382,3.8028124361510312e-07,7.1354325801146611e-08,9.6697299959758509e-08,8.8097062573327258e-08,6.3653440914239376e-08,3.6595311461953275e-08,1.6961188323705846e-08,6.9226145809721747e-09
383,3.6873367097314934e-07,6.9171806136645648e-08,9.3741469761233393e-08,8.5409302372946427e-08,6.1720548495997892e-08,3.5496678641491013e-08,1.6465679093630913e-08,6.7281864712040601e-09
384,3.5753675047643144e-07,6.7056047592370957e-08,9.0875998610714903e-08,8.2803547633642481e-08,5.9846350046890901e-08,3.4431017496349298e-08,1.5984613756623459e-08,6.5391753398394605e-09
385,3.4667983426581663e-07,6.5005007881689860e-08,8.8098124080547975e-08,8.0277296176578920e-08,5.8029063273206983e-08,3.3397338824044076e-08,1.5517572307349313e-08,6.3554317223995100e-09
386,3.3615259781372819e-07,6.3016707197454296e-08,8.5405168200407880e-08,7.7828122174385561e-08,5.6266960002141707e-08,3.2394683089472138e-08,1.5064146920505725e-08,6.1768102293608953e-09
387,3.2594503010590014e-07,6.1089226300449837e-08,8.2794534874974379e-08,7.5453673821243878e-08,5.4558364538369061e-08,3.1422119535470880e-08,1.4623941598669073e-08,6.0031694367229996e-09
388,3.1604742412127103e-07,5.9220704666332156e-08,8.0263707380566986e-08,7.3151671074074901e-08,5.2901652070516903e-08,3.0478745320033809e-08,1.4196571830289657e-08,5.8343717794566061e-09
389,3.0645036760096490e-07,5.7409338689261126e-08,7.7810245938326392e-08,7.0919903462660097e-08,5.1295247126031289e-08,2.9563684679383363e-08,1.3781664257542342e-08,5.6702834477603140e-09
390,2.9714473409757951e-07,5.5653379940497759e-08,7.5431785361601539e-08,6.8756227966591198e-08,4.9737622072960120e-08,2.8676088116126258e-08,1.3378856353750096e-08,5.5107742860525840e-09
391,2.8812167429627111e-07,5.3951133480282329e-08,7.3126032775273109e-08,6.6658566957009431e-08,4.8227295667231467e-08,2.7815131611740046e-08,1.2987796110105573e-08,5.3557176946291579e-09
392,2.7937260759938172e-07,5.2300956221363080e-08,7.0890765404813646e-08,6.4624906201156972e-08,4.6762831644045064e-08,2.6980015862661928e-08,1.2608141731423718e-08,5.2049905339173040e-09
393,2.7088921396660702e-07,5.0701255342595304e-08,6.8723828432951969e-08,6.2653292927823558e-08,4.5342837352037364e-08,2.6169965539272702e-08,1.2239561340666083e-08,5.0584730312600462e-09
394,2.6266342600294454e-07,4.9150486751078656e-08,6.6623132921874359e-08,6.0741833951830013e-08,4.3965962428921483e-08,2.5384228567089962e-08,1.1881732691984824e-08,4.9160486901652144e-09
395,2.5468742128689766e-07,4.7647153591347412e-08,6.4586653798958646e-08,5.8888693855746670e-08,4.2630897517342369e-08,2.4622075429505113e-08,1.1534342892041726e-08,4.7776042019557298e-09
396,2.4695361493164138e-07,4.6189804800174161e-08,6.2612427904098476e-08,5.7092093227100114e-08,4.1336373019726210e-08,2.3882798491418812e-08,1.1197088129364438e-08,4.6430293597591679e-09
397,2.3945465237207381e-07,4.4777033705590911e-08,6.0698552096734229e-08,5.5350306949374890e-08,4.0081157890939933e-08,2.3165711343148692e-08,1.0869673411509046e-08,4.5122169747761585e-09
398,2.3218340237089612e-07,4.3407476668775021e-08,5.8843181420764921e-08,5.3661662545168351e-08,3.8864058467612653e-08,2.2470148164001917e-08,1.0551812309804582e-08,4.3850627947687024e-09
399,2.2513295023706796e-07,4.2079811767487977e-08,5.7044527325571205e-08,5.2024538569906970e-08,3.7683917333005734e-08,2.1795463104923516e-08,1.0243226711461632e-08,4.2614654247109326e-09
400,2.1829659125019118e-07,4.0792757519795862e-08,5.5300855941433568e-08,5.0437363054581099e-08,3.6539612216352170e-08,2.1141029689648849e-08,9.9436465788332880e-09,4.1413262495463322e-09
401,2.1166782428456758e-07,3.9545071646838941e-08,5.3610486407682461e-08,4.8898611996002265e-08,3.5430054925618379e-08,2.0506240233805861e-08,9.6528097156229166e-09,4.0245493589967744e-09
402,2.0524034562686789e-07,3.8335549873455371e-08,5.1971789251967870e-08,4.7406807893132653e-08,3.4354190312673695e-08,1.9890505281429255e-08,9.3704615398389262e-09,3.9110414743701522e-09
403,1.9900804298153238e-07,3.7163024765500932e-08,5.0383184819085222e-08,4.5960518328080724e-08,3.3310995269883346e-08,1.9293253058364889e-08,9.0963548633025886e-09,3.8007118773146887e-09
404,1.9296498965820285e-07,3.6026364602741966e-08,4.8843141747842178e-08,4.4558354590399793e-08,3.2299477757170798e-08,1.8713928942058339e-08,8.8302496775204310e-09,3.6934723404693304e-09
405,1.8710543893565838e-07,3.4924472286232954e-08,4.7350175494497368e-08,4.3198970343368184e-08,3.1318675858624173e-08,1.8151994947236664e-08,8.5719129457381406e-09,3.5892370599608868e-09
406,1.8142381859689512e-07,3.3856284279123654e-08,4.5902846901346951e-08,4.1881060330969610e-08,3.0367656867749640e-08,1.7606929227007203e-08,8.3211184009981922e-09,3.4879225896998557e-09
407,1.7591472563015300e-07,3.2820769579872948e-08,4.4499760809078537e-08,4.0603359124331766e-08,2.9445516400501916e-08,1.7078225588911381e-08,8.0776463500284354e-09,3.3894477774280326e-09
408,1.7057292109085062e-07,3.1816928726877793e-08,4.3139564711553900e-08,3.9364639906418959e-08,2.8551377535248312e-08,1.6565393025485474e-08,7.8412834827939301e-09,3.2937337024722484e-09
409,1.6539332511954170e-07,3.0843792833556046e-08,4.1820947451723532e-08,3.8163713293811279e-08,2.7684389978848605e-08,1.6067955258893570e-08,7.6118226875490064e-09,3.2007036151596831e-09
410,1.6037101211115591e-07,2.9900422652951367e-08,4.0542637957414715e-08,3.6999426194438553e-08,2.6843729258057523e-08,1.5585450299211085e-08,7.3890628712313045e-09,3.1102828778513691e-09
411,1.5550120603092980e-07,2.8985907670956945e-08,3.9303404015774468e-08,3.5870660700171862e-08,2.6028595935481105e-08,1.5117430015949816e-08,7.1728087850440230e-09,3.0223989075515691e-09
412,1.5077927587257353e-07,2.8099365227282279e-08,3.8102051085184925e-08,3.4776333013208715e-08,2.5238214849341158e-08,1.4663459722427629e-08,6.9628708550770231e-09,2.9369811200518059e-09
413,1.4620073125435450e-07,2.7239939663314278e-08,3.6937421143505487e-08,3.3715392405220708e-08,2.4471834376324935e-08,1.4223117772598007e-08,6.7590650178217225e-09,2.8539608755693701e-09
414,1.4176121814890965e-07,2.6406801496049687e-08,3.5808391571531062e-08,3.2686820208263785e-08,2.3728725716819087e-08,1.3795995169965993e-08,6.5612125604389010e-09,2.7732714258411280e-09
415,1.3745651474272563e-07,2.5599146617301178e-08,3.4713874070589326e-08,3.1689628836481744e-08,2.3008182201848026e-08,1.3381695188228352e-08,6.3691399656425145e-09,2.6948478626344880e-09
416,1.3328252742134976e-07,2.4816195517403810e-08,3.3652813613233292e-08,3.0722860837663305e-08,2.2309518621057793e-08,1.2979833003286614e-08,6.1826787610666178e-09,2.6186270676383246e-09
417,1.2923528687651330e-07,2.4057192532672197e-08,3.2624187426017191e-08,2.9785587973741688e-08,2.1632070571106208e-08,1.2590035336292172e-08,6.0016653729862356e-09,2.5445476636976233e-09
418,1.2531094433146552e-07,2.3321405115881705e-08,3.1627004003374524e-08,2.8876910329353355e-08,2.0975193823839785e-08,1.2211940107392845e-08,5.8259409842668003e-09,2.4725499673565274e-09
419,1.2150576788092867e-07,2.2608123129069186e-08,3.0660302151647367e-08,2.7995955447599801e-08,2.0338263713656467e-08,1.1845196099860143e-08,5.6553513964203010e-09,2.4025759426753882e-09
420,1.1781613894219338e-07,2.1916658157970371e-08,2.9723150062345009e-08,2.7141877492182000e-08,1.9720674543471655e-08,1.1489462634286218e-08,5.4897468956498409e-09,2.3345691562882695e-09
421,1.1423854881397992e-07,2.1246342847431893e-08,2.8814644413737961e-08,2.6313856435102935e-08,1.9121839008722556e-08,1.1144409252548645e-08,5.3289821227676751e-09,2.2684747336682498e-09
422,1.1076959533979237e-07,2.0596530257156197e-08,2.7933909499921189e-08,2.5511097269157690e-08,1.8541187638863202e-08,1.0809715411250325e-08,5.1729159468750762e-09,2.2042393165686841e-09
423,1.0740597967259304e-07,1.9966593237157193e-08,2.7080096386506447e-08,2.4732829244454866e-08,1.7978168255818923e-08,1.0485070184350564e-08,5.0214113426956432e-09,2.1418110216094036e-09
424,1.0414450313772046e-07,1.9355923822323607e-08,2.6252382092129522e-08,2.3978305128235864e-08,1.7432245448885308e-08,1.0170171974711808e-08,4.8743352714566967e-09,2.0811393999776404e-09
425,1.0098206419106742e-07,1.8763932645505370e-08,2.5449968794983053e-08,2.3246800487280994e-08,1.6902900065572374e-08,9.8647282342948854e-09,4.7315585652165107e-09,2.0221753982142365e-09
426,9.7915655469626943e-08,1.8190048368556312e-08,2.4672083063609727e-08,2.2537612992213284e-08,1.6389628717909634e-08,9.5684551927435295e-09,4.5929558145380137e-09,1.9648713200564453e-09
427,9.4942360931600544e-08,1.7633717130783790e-08,2.3917975111213968e-08,2.1850061743031555e-08,1.5891943303742696e-08,9.2810775941066926e-09,4.4584052594124669e-09,1.9091807893093863e-09
428,9.2059353083350001e-08,1.7094402014272601e-08,2.3186918072773108e-08,2.1183486615225048e-08,1.5409370542566069e-08,9.0023284414548568e-09,4.3277886833393967e-09,1.8550587137189309e-09
429,8.9263890290554968e-08,1.6571582525566967e-08,2.2478207304250834e-08,2.0537247625841493e-08,1.4941451525450833e-08,8.7319487491536183e-09,4.2009913104717438e-09,1.8024612498194930e-09
430,8.6553314171019679e-08,1.6064754093210023e-08,2.1791159703237035e-08,1.9910724318899583e-08,1.4487741278639165e-08,8.4696873025651470e-09,4.0779017057378395e-09,1.7513457687308913e-09
431,8.3925047066649307e-08,1.5573427580655677e-08,2.1125113050359035e-08,1.9303315169555755e-08,1.4047808340390647e-08,8.2153004249547926e-09,3.9584116778542900e-09,1.7016708228791182e-09
432,8.1376589592192106e-08,1.5097128814082489e-08,2.0479425370829023e-08,1.8714437006452692e-08,1.3621234350678054e-08,7.9685517513869473e-09,3.8424161851464163e-09,1.6533961136164933e-09
433,7.8905518258416045e-08,1.4635398124653645e-08,1.9853474315511906e-08,1.8143524451694944e-08,1.3207613653342382e-08,7.7292120094006370e-09,3.7298132440951921e-09,1.6064824597173294e-09
434,7.6509483167459624e-08,1.4187789904780972e-08,1.9246656560916861e-08,1.7590029377913553e-08,1.2806552910328753e-08,7.4970588062616197e-09,3.6205038405320362e-09,1.5608917667258394e-09
435,7.4186205778165836e-08,1.3753872177964639e-08,1.8658387227533866e-08,1.7053420381898336e-08,1.2417670727636433e-08,7.2718764225938958e-09,3.5143918434050264e-09,1.5165869971336375e-09
436,7.1933476739273064e-08,1.3333226181793060e-08,1.8088099315954299e-08,1.6533182274292090e-08,1.2040597292627156e-08,7.0534556121993854e-09,3.4113839210423125e-09,1.4735321413647562e-09
437,6.9749153788403640e-08,1.2925445963700441e-08,1.7535243160231879e-08,1.6028815584856753e-08,1.1674974022346943e-08,6.8415934078802771e-09,3.3113894598406575e-09,1.4316921895466894e-09
438,6.7631159714851073e-08,1.2530137989091608e-08,1.6999285897956704e-08,1.5539836082836113e-08,1.1320453222526901e-08,6.6360929330841429e-09,3.2143204853090757e-09,1.3910331040465265e-09
439,6.5577480384229153e-08,1.2146920761455712e-08,1.6479710956531510e-08,1.5065774311954527e-08,1.0976697756938777e-08,6.4367632191972529e-09,3.1200915853995907e-09,1.3515217927517813e-09
440,6.3586162823104336e-08,1.1775424454102061e-08,1.5976017555154574e-08,1.4606175139604971e-08,1.0643380726790824e-08,6.2434190283167900e-09,3.0286198360590534e-09,1.3131260830760639e-09
441,6.1655313361789903e-08,1.1415290553162435e-08,1.5487720222029166e-08,1.4160597319793371e-08,1.0320185159859084e-08,6.0558806813377191e-09,2.9398247289378927e-09,1.2758146966702481e-09
442,5.9783095833535822e-08,1.1066171511515193e-08,1.5014348326333879e-08,1.3728613069419479e-08,1.0006803709058468e-08,5.8739738911950124e-09,2.8536281011934947e-09,1.2395572248203034e-09
443,5.7967729828401733e-08,1.0727730413297061e-08,1.4555445624502542e-08,1.3309807657487308e-08,9.7029383601670029e-09,5.6975296011066607e-09,2.7699540673277108e-09,1.2043241045134433e-09
444,5.6207489000152640e-08,1.0399640648678582e-08,1.4110569820376211e-08,1.2903779006850525e-08,9.4083001484252676e-09,5.5263838276675835e-09,2.6887289529997359e-09,1.1700865951547312e-09
445,5.4500699424567264e-08,1.0081585598589310e-08,1.3679292138803028e-08,1.2510137308110337e-08,9.1226088837415577e-09,5.3603775086490088e-09,2.6098812307572830e-09,1.1368167559167392e-09
446,5.2845738007597692e-08,9.7732583290882435e-09,1.3261196912274831e-08,1.2128504645294994e-08,8.8455928842414181e-09,5.1993563553622539e-09,2.5333414576306281e-09,1.1044874237053275e-09
447,5.1241030941866701e-08,9.4743612950844399e-09,1.2855881180201854e-08,1.1758514632961394e-08,8.5769887179081850e-09,5.0431707094500934e-09,2.4590422145357009e-09,1.0730721917250390e-09
448,4.9685052210034890e-08,9.1846060531217666e-09,1.2462954300439126e-08,1.1399812064370228e-08,8.3165409520688327e-09,4.8916754039729526e-09,2.3869180474339311e-09,1.0425453886280531e-09
449,4.8176322133614349e-08,8.9037129829504090e-09,1.2082037572689971e-08,1.1052052570396737e-08,8.0640019104869156e-09,4.7447296286612030e-09,2.3169054101980813e-09,1.0128820582310470e-09
450,4.6713405965848975e-08,8.6314110176163513e-09,1.1712763873423411e-08,1.0714902288849512e-08,7.8191314378315777e-09,4.6021967992086234e-09,2.2489426091347609e-09,9.8405793978474045e-10
451,4.5294912527323023e-08,8.3674373818082322e-09,1.1354777301953506e-08,1.0388037543879684e-08,7.5816966712986779e-09,4.4639444304859201e-09,2.1829697491157103e-09,9.5604944878128756e-10
452,4.3919492883000728e-08,8.1115373382088620e-09,1.1007732837339266e-08,1.0071144535172612e-08,7.3514718191668342e-09,4.3298440135567214e-09,2.1189286812713627e-09,9.2883365828507608e-10
453,4.2585839059438863e-08,7.8634639416066369e-09,1.0671296005774353e-08,9.7639190366235519e-09,7.1282379460778172e-09,4.1997708963821214e-09,2.0567629522015035e-09,9.0238828077287353e-10
454,4.1292682800951962e-08,7.6229778005292907e-09,1.0345142558145818e-08,9.4660661042078923e-09,6.9117827648370778e-09,4.0736041681031018e-09,1.9964177546591570e-09,8.7669165046962870e-10
455,4.0038794363548023e-08,7.3898468461699440e-09,1.0028958157450936e-08,9.1772997927653672e-09,6.7019004345364415e-09,3.9512265467936382e-09,1.9378398796650910e-09,8.5172270616659876e-10
456,3.8822981345487130e-08,7.1638461083823111e-09,9.7224380757707747e-09,8.8973428814262685e-09,6.4983913648069883e-09,3.8325242705803860e-09,1.8809776700115776e-09,8.2746097450882445e-10
457,3.7644087553351379e-08,6.9447574985287649e-09,9.4252869005082252e-09,8.6259266074158913e-09,6.3010620260159548e-09,3.7173869920280266e-09,1.8257809751152000e-09,8.0388655373931746e-10
458,3.6500991902547471e-08,6.7323695989716514e-09,9.1372182496073145e-09,8.3627904079815943e-09,6.1097247652271846e-09,3.6057076756923601e-09,1.7722011071797028e-09,7.8098009788765819e-10
459,3.5392607351196518e-08,6.5264774590045492e-09,8.8579544954791182e-09,8.1076816701945931e-09,5.9241976277500880e-09,3.4973824987461660e-09,1.7201907986309703e-09,7.5872280139102880e-10
460,3.4317879866397280e-08,6.3268823970264974e-09,8.5872264973681219e-09,7.8603554883861771e-09,5.7443041841074345e-09,3.3923107545857008e-09,1.6697041607873281e-09,7.3709638413601832e-10
461,3.3275787421879656e-08,6.1333918087681569e-09,8.3247733419009487e-09,7.6205744289853972e-09,5.5698733622574168e-09,3.2903947593284604e-09,1.6206966437294252e-09,7.1608307690985500e-10
462,3.2265339026095355e-08,5.9458189813847736e-09,8.0703420915672712e-09,7.3881083025323724e-09,5.4007392849104326e-09,3.1915397611155226e-09,1.5731249973349727e-09,6.9566560725000747e-10
463,3.1285573779821365e-08,5.7639829132364415e-09,7.8236875408903905e-09,7.1627339426482228e-09,5.2367411117858954e-09,3.0956538521343718e-09,1.5269472334446351e-09,6.7582718568140575e-10
464,3.0335559962380236e-08,5.5877081391816734e-09,7.5845719800523615e-09,6.9442349917493892e-09,5.0777228866590452e-09,3.0026478832806345e-09,1.4821225891263227e-09,6.5655149233080357e-10
465,2.9414394145607956e-08,5.4168245612155956e-09,7.3527649657457635e-09,6.7324016933004932e-09,4.9235333890523201e-09,2.9124353813795975e-09,1.4386114910060951e-09,6.3782266390809053e-10
466,2.8521200334727091e-08,5.2511672842892665e-09,7.1280430990311439e-09,6.5270306904062453e-09,4.7740259904302535e-09,2.8249324688907575e-09,1.3963755206347916e-09,6.1962528104463205e-10
467,2.7655129135307951e-08,5.0905764571516006e-09,6.9101898099859523e-09,6.3279248305489477e-09,4.6290585147611324e-09,2.7400577860209457e-09,1.3553773808604031e-09,6.0194435597897307e-10
468,2.6815356945525789e-08,4.9348971180602325e-09,6.6989951489373023e-09,6.1348929762840649e-09,4.4884931033128239e-09,2.6577324151737983e-09,1.3155808631770626e-09,5.8476532058050768e-10
469,2.6001085172945784e-08,4.7839790452123737e-09,6.4942555840772916e-09,5.9477498217120619e-09,4.3521960835542047e-09,2.5778798076655238e-09,1.2769508160223682e-09,5.6807401470195864e-10
470,2.5211539475091003e-08,4.6376766117512432e-09,6.2957738052656999e-09,5.7663157145502226e-09,4.2200378420374945e-09,2.5004257126390051e-09,1.2394531139955778e-09,5.5185667485175886e-10
471,2.4445969023071271e-08,4.4958486452081054e-09,6.1033585338309304e-09,5.5904164836336140e-09,4.0918927011406457e-09,2.4252981081103129e-09,1.2030546279699994e-09,5.3609992317766385e-10
472,2.3703645787572506e-08,4.3583582912442056e-09,5.9168243381857635e-09,5.4198832716794715e-09,3.9676387995525517e-09,2.3524271340836883e-09,1.1677231960736747e-09,5.2079075675315324e-10
473,2.2983863846527658e-08,4.2250728815610439e-09,5.7359914550801692e-09,5.2545523731544382e-09,3.8471579763874267e-09,2.2817450276729667e-09,1.1334275955132025e-09,5.0591653715840768e-10
474,2.2285938713810777e-08,4.0958638058514892e-09,5.5606856163188143e-09,5.0942650770889203e-09,3.7303356588181486e-09,2.2131860601692719e-09,1.1001375152162714e-09,4.9146498034786277e-10
475,2.1609206688315974e-08,3.9706063876680820e-09,5.3907378807761862e-09,4.9388675146876178e-09,3.6170607531217260e-09,2.1466864759966173e-09,1.0678235292691807e-09,4.7742414679656045e-10
476,2.0953024222802031e-08,3.8491797640887020e-09,5.2259844715473774e-09,4.7882105115898713e-09,3.5072255390332518e-09,2.0821844334987974e-09,1.0364570711263126e-09,4.6378243191772100e-10
477,2.0316767311902741e-08,3.7314667690634273e-09,5.0662666180774899e-09,4.6421494446379290e-09,3.4007255673079022e-09,2.0196199475026517e-09,1.0060104085691813e-09,4.5052855674416349e-10
478,1.9699830898720721e-08,3.6173538203299505e-09,4.9114304031174642e-09,4.5005441030155956e-09,3.2974595603935452e-09,1.9589348336044302e-09,9.7645661939333498e-10,4.3765155886640140e-10
479,1.9101628299440595e-08,3.5067308097884006e-09,4.7613266143587581e-09,4.3632585536238903e-09,3.1973293161195221e-09,1.9000726541275817e-09,9.4776956780201141e-10,4.2514078362042897e-10
480,1.8521590645414297e-08,3.3994909972297135e-09,4.6158106006038383e-09,4.2301610105644370e-09,3.1002396143099962e-09,1.8429786657018457e-09,9.1992388148606304e-10,4.1298587551840352e-10
481,1.7959166342187922e-08,3.2955309073149782e-09,4.4747421323337813e-09,4.1011237086052240e-09,3.0060981262330686e-09,1.7875997684150160e-09,8.9289492937024821e-10,4.0117676991560932e-10
482,1.7413820544955728e-08,3.1947502297062735e-09,4.3379852665385887e-09,3.9760227805072400e-09,2.9148153267995619e-09,1.7338844564902208e-09,8.6665880000657548e-10,3.8970368490726642e-10
483,1.6885034649942366e-08,3.0970517222526171e-09,4.2054082156798385e-09,3.8547381380941517e-09,2.8263044094279459e-09,1.6817827704429582e-09,8.4119228059593172e-10,3.7855711344892189e-10
484,1.6372305801229833e-08,3.0023411171375281e-09,4.0768832206593841e-09,3.7371533569508217e-09,2.7404812034944828e-09,1.6312462506735132e-09,8.1647283661977917e-10,3.6772781569432622e-10
485,1.5875146412560002e-08,2.9105270298976249e-09,3.9522864276715902e-09,3.6231555646399354e-09,2.6572640942900575e-09,1.5822278924517058e-09,7.9247859206422380e-10,3.5720681154486382e-10
486,1.5393083703658007e-08,2.8215208712244034e-09,3.8314977688203727e-09,3.5126353323293804e-09,2.5765739454075970e-09,1.5346821022522107e-09,7.6918831021927703e-10,3.4698537340476552e-10
487,1.4925659250635647e-08,2.7352367614640743e-09,3.7144008463859588e-09,3.4054865697263052e-09,2.4983340234862612e-09,1.4885646553999417e-09,7.4658137503662223e-10,3.3705501913648431e-10
488,1.4472428550047125e-08,2.6515914477328952e-09,3.6008828206297585e-09,3.3016064232169636e-09,2.4224699252408392e-09,1.4438326549862114e-09,7.2463777302968763e-10,3.2740750521076925e-10
489,1.4032960596182641e-08,2.5705042235680013e-09,3.4908343010292060e-09,3.2008951771145145e-09,2.3489095067069659e-09,1.4004444920175472e-09,7.0333807570028850e-10,3.1803482004611801e-10
490,1.3606837471197829e-08,2.4918968510361520e-09,3.3841492408376706e-09,3.1032561579199474e-09,2.2775828146348681e-09,1.3583598067601977e-09,6.8266342247656152e-10,3.0892917753243199e-10
491,1.3193653947689281e-08,2.4156934852252170e-09,3.2807248348678103e-09,3.0085956415041979e-09,2.2084220199664008e-09,1.3175394512444612e-09,6.6259550414735546e-10,3.0008301073383740e-10
492,1.2793017103338190e-08,2.3418206010454892e-09,3.1804614203997984e-09,2.9168227631223022e-09,2.1413613533321058e-09,1.2779454528940538e-09,6.4311654677866927e-10,2.9148896576577205e-10
493,1.2404545947255708e-08,2.2702069222701758e-09,3.0832623811188898e-09,2.8278494301731898e-09,2.0763370425069672e-09,1.2395409792467684e-09,6.2420929609814846e-10,2.8313989584156887e-10
494,1.2027871057674629e-08,2.2007833527465603e-09,2.9890340539897237e-09,2.7415902376213301e-09,2.0132872517653723e-09,1.2022903037336942e-09,6.0585700233405377e-10,2.7502885548389595e-10
495,1.1662634230642888e-08,2.1334829097114276e-09,2.8976856389775503e-09,2.6579623859990067e-09,1.9521520230776099e-09,1.1661587724852446e-09,5.8804340549550863e-10,2.6714909489653925e-10
496,1.1308488139384788e-08,2.0682406591463834e-09,2.8091291115293827e-09,2.5768856019104808e-09,1.8928732190919970e-09,1.1311127721331937e-09,5.7075272108121805e-10,2.5949405449213418e-10
497,1.0965096004006042e-08,2.0049936531106611e-09,2.7232791377306507e-09,2.4982820609617032e-09,1.8353944678483935e-09,1.0971196985788464e-09,5.5396962620421438e-10,2.5205735957157347e-10
498,1.0632131271228464e-08,1.9436808689909174e-09,2.6400529920555968e-09,2.4220763130415579e-09,1.7796611091705447e-09,1.0641479266983615e-09,5.3767924612055489e-10,2.4483281515093079e-10
499,1.0309277303849846e-08,1.8842431506093780e-09,2.5593704776320963e-09,2.3481952098828925e-09,1.7256201426862666e-09,1.0321667809571182e-09,5.2186714115023895e-10,2.3781440093185601e-10
500,9.9962270796336340e-09,1.8266231511334813e-09,2.4811538489440306e-09,2.2765678348337637e-09,1.6732201774260438e-09,1.0011465069058544e-09,5.0651929397895440e-10,2.3099626641150460e-10
501,9.6926828993420648e-09,1.7707652777318999e-09,2.4053277368966994e-09,2.2071254347714633e-09,1.6224113829521066e-09,9.7105824353213212e-10,4.9162209732959375e-10,2.2437272612817110e-10
502,9.3983561036351877e-09,1.7166156379235337e-09,2.3318190761730232e-09,2.1398013540939394e-09,1.5731454419715236e-09,9.4187399644146591e-10,4.7716234199280002e-10,2.1793825503890097e-10
503,9.1129667985664162e-09,1.6641219875676649e-09,2.2605570348104950e-09,2.0745309707252267e-09,1.5253755043882314e-09,9.1356661184323259e-10,4.6312720520611158e-10,2.1168748402545523e-10
504,8.8362435894137297e-09,1.6132336804450791e-09,2.1914729459310036e-09,2.0112516340734295e-09,1.4790561427503197e-09,8.8610975131721603e-10,4.4950423937158206e-10,2.0561519552510101e-10
505,8.5679233225932603e-09,1.5639016193814829e-09,2.1245002415576891e-09,1.9499026048816825e-09,1.4341433090501980e-09,8.5947786733737223e-10,4.3628136110203797e-10,1.9971631928279654e-10
506,8.3077508354099235e-09,1.5160782088660273e-09,2.0595743884550459e-09,1.8904249969143298e-09,1.3905942928365592e-09,8.3364617953009901e-10,4.2344684058642877e-10,1.9398592822143252e-10
507,8.0554787134071009e-09,1.4697173091192135e-09,1.9966328259304020e-09,1.8327617204223193e-09,1.3483676805983152e-09,8.0859065164497314e-10,4.1098929126499525e-10,1.8841923442688270e-10
508,7.8108670550845976e-09,1.4247741915658296e-09,1.9356149055368215e-09,1.7768574273335307e-09,1.3074233163818726e-09,7.8428796921658556e-10,3.9889765980525393e-10,1.8301158524470342e-10
509,7.5736832437611404e-09,1.3812054956699445e-09,1.8764618326192952e-09,1.7226584581153991e-09,1.2677222636042978e-09,7.6071551789674082e-10,3.8716121637005405e-10,1.7775845948540939e-10
510,7.3437017263644898e-09,1.3389691870902872e-09,1.8191166096478667e-09,1.6701127902588119e-09,1.2292267680260615e-09,7.3785136243690733e-10,3.7576954516921921e-10,1.7265546373533544e-10
511,7.1207037989387558e-09,1.2980245171156228e-09,1.7635239812830627e-09,1.6191699883338058e-09,1.1919002218481452e-09,7.1567422630141450e-10,3.6471253528652952e-10,1.6769832877017574e-10
512,6.9044773986650100e-09,1.2583319833409666e-09,1.7096303811206732e-09,1.5697811555691112e-09,1.1557071288993743e-09,6.9416347189247236e-10,3.5398037177404133e-10,1.6288290606837063e-10
513,6.6948169021973309e-09,1.2198532915466756e-09,1.6573838800645338e-09,1.5218988869090358e-09,1.1206130708808654e-09,6.7329908136865881e-10,3.4356352700597155e-10,1.5820516442158908e-10
514,6.4915229301225848e-09,1.1825513187436275e-09,1.6067341362775428e-09,1.4754772235026262e-09,1.0865846746354897e-09,6.5306163803906970e-10,3.3345275228460034e-10,1.5366118663962916e-10
515,6.2944021573579452e-09,1.1463900773488044e-09,1.5576323466626650e-09,1.4304716085813878e-09,1.0535895804112313e-09,6.3343230831586100e-10,3.2363906969086402e-10,1.4924716634713142e-10
516,6.1032671293058478e-09,1.1113346804567128e-09,1.5100311998271420e-09,1.3868388446832112e-09,1.0215964110882537e-09,6.1439282420843123e-10,3.1411376417252303e-10,1.4495940486957235e-10
517,5.9179360835915713e-09,1.0773513081731067e-09,1.4638848304845739e-09,1.3445370521814166e-09,9.9057474234041350e-10,5.9592546634299182e-10,3.0486837586299598e-10,1.4079430820607320e-10
518,5.7382327772139257e-09,1.0444071749785256e-09,1.4191487752509081e-09,1.3035256290791016e-09,9.6049507370284682e-10,5.7801304749176607e-10,2.9589469262415093e-10,1.3674838408662630e-10
519,5.5639863189446239e-09,1.0124704980901397e-09,1.3757799297917201e-09,1.2637652120301811e-09,9.3132880051811363e-10,5.6063889659652205e-10,2.8718474280653950e-10,1.3281823911140808e-10
520,5.3950310068170325e-09,9.8151046679136338e-10,1.3337365072794827e-09,1.2252176385496948e-09,9.0304818673422115e-10,5.4378684327161154e-10,2.7873078822074932e-10,1.2900057596990972e-10
521,5.2312061705496953e-09,9.5149721269963488e-10,1.2929779981207703e-09,1.1878459103770901e-09,8.7562633852865986e-10,5.2744120277212662e-10,2.7052531731373348e-10,1.2529219073767954e-10
522,5.0723560187548108e-09,9.2240178094366316e-10,1.2534651309145721e-09,1.1516141579573048e-09,8.4903717873336836e-10,5.1158676141321877e-10,2.6256103854415209e-10,1.2168997024853142e-10
523,4.9183294907863600e-09,8.9419610222231654e-10,1.2151598346040846e-09,1.1164876060055399e-09,8.2325542203630606e-10,4.9620876242704526e-10,2.5483087395093735e-10,1.1819088954013144e-10
524,4.7689801130869964e-09,8.6685296571818833e-10,1.1780252017854930e-09,1.0824325401226613e-09,7.9825655093605364e-10,4.8129289224420878e-10,2.4732795290945832e-10,1.1479200937093294e-10
525,4.6241658598970751e-09,8.4034599283969266e-10,1.1420254531383715e-09,1.0494162744291702e-09,7.7401679242657067e-10,4.6682526718695762e-10,2.4004560606982730e-10,1.1149047380648528e-10
526,4.4837490181933976e-09,8.1464961176634400e-10,1.1071259029434139e-09,1.0174071201866654e-09,7.5051309538994221e-10,4.5279242056179002e-10,2.3297735947204648e-10,1.0828350787319537e-10
527,4.3475960567291860e-09,7.8973903277265381e-10,1.0732929256542538e-09,9.8637435537666562e-10,7.2772310867561513e-10,4.3918129013947587e-10,2.2611692883284794e-10,1.0516841527767439e-10
528,4.2155774990507925e-09,7.6559022430682338e-10,1.0404939234911498e-09,9.5628819520758525e-10,7.0562515984527630e-10,4.2597920601087575e-10,2.1945821399922992e-10,1.0214257618985233e-10
529,4.0875678003703522e-09,7.4217988980114531e-10,1.0086972950252969e-09,9.2711976352153913e-10,6.8419823456316155e-10,4.1317387880727809e-10,2.1299529356383668e-10,9.9203445088093749e-11
530,3.9634452281773113e-09,7.1948544519173027e-10,9.7787240472347819e-10,8.9884106507352380e-10,6.6342195661219620e-10,4.0075338827431760e-10,2.0672241963747048e-10,9.6348548664595611e-11
531,3.8430917464753035e-09,6.9748499712586025e-10,9.4798955342369995e-10,8.7142495865635826e-10,6.4327656851696308e-10,3.8870617218886429e-10,2.0063401277416094e-10,9.3575483789396060e-11
532,3.7263929035342418e-09,6.7615732183593411e-10,9.1901994971334995e-10,8.4484513104557599e-10,6.2374291275507009e-10,3.7702101560859388e-10,1.9472465704435016e-10,9.0881915531368173e-11
533,3.6132377230509602e-09,6.5548184465961502e-10,8.9093568218228662e-10,8.1907607173925353e-10,6.0480241353905245e-10,3.6568704044425426e-10,1.8898909525188059e-10,8.8265575234617755e-11
534,3.5035185986148165e-09,6.3543862018641093e-10,8.6370969252411173e-10,7.9409304846851980e-10,5.8643705915148229e-10,3.5469369534494648e-10,1.8342222429059772e-10,8.5724258648747497e-11
535,3.3971311913779683e-09,6.1600831301152839e-10,8.3731574945970056e-10,7.6987208345523000e-10,5.6862938481648893e-10,3.4403074588702626e-10,1.7801909063650230e-10,8.3255824111491977e-11
536,3.2939743308329672e-09,5.9717217907842061e-10,8.1172842345784775e-10,7.4638993039401016e-10,5.5136245609139939e-10,3.3368826505751623e-10,1.7277488597150371e-10,8.0858190782269224e-11
537,3.1939499186033293e-09,5.7891204759202311e-10,7.8692306222866475e-10,7.2362405213656831e-10,5.3461985276270757e-10,3.2365662402318976e-10,1.6768494293494142e-10,7.8529336925234464e-11
538,3.0969628351555926e-09,5.6121030348521949e-10,7.6287576696610379e-10,7.0155259905684610e-10,5.1838565323105532e-10,3.1392648317675468e-10,1.6274473099915301e-10,7.6267298240460541e-11
539,3.0029208493441439e-09,5.4404987042161648e-10,7.3956336931670745e-10,6.8015438807623989e-10,5.0264441937037749e-10,3.0448878345182097e-10,1.5794985246547467e-10,7.4070166241907046e-11
540,2.9117345307027904e-09,5.2741419431821718e-10,7.1696340905238299e-10,6.5940888232874656e-10,4.8738118184681308e-10,2.9533473789858687e-10,1.5329603857716577e-10,7.1936086680877916e-11
541,2.8233171643996838e-09,5.1128722737209689e-10,6.9505411242568078e-10,6.3929617144651571e-10,4.7258142588341905e-10,2.8645582351241894e-10,1.4877914574585099e-10,6.9863258013701716e-11
542,2.7375846687747055e-09,4.9565341257565714e-10,6.7381437118670960e-10,6.1979695244687338e-10,4.5823107745715227e-10,2.7784377330773644e-10,1.4439515188817191e-10,6.7849929912404948e-11
543,2.6544555153809042e-09,4.8049766870551787e-10,6.5322372224146566e-10,6.0089251120247059e-10,4.4431648991499194e-10,2.6949056862983945e-10,1.4014015286943685e-10,6.5894401817181465e-11
544,2.5738506514539424e-09,4.6580537577055642e-10,6.3326232793196521e-10,5.8256470447676046e-10,4.3082443099647466e-10,2.6138843169753892e-10,1.3601035905115071e-10,6.3995021529495229e-11
545,2.4956934247358295e-09,4.5156236090505058e-10,6.1391095691917288e-10,5.6479594250756014e-10,4.1774207025030197e-10,2.5352981836966261e-10,1.3200209193939703e-10,6.2150183844684474e-11
546,2.4199095105814499e-09,4.3775488469330842e-10,5.9515096565029943e-10,5.4756917212196986e-10,4.0505696683305351e-10,2.4590741112871796e-10,1.2811178093113326e-10,6.0358329222967526e-11
547,2.3464268412785550e-09,4.2436962791258704e-10,5.7696428039260337e-10,5.3086786036644187e-10,3.9275705767840323e-10,2.3851411227519449e-10,1.2433596015554485e-10,5.8617942497780285e-11
548,2.2751755375140273e-09,4.1139367868150638e-10,5.5933337981637917e-10,5.1467597863627841e-10,3.8083064602558701e-10,2.3134303732618476e-10,1.2067126540768680e-10,5.6927551620405117e-11
549,2.2060878419212255e-09,3.9881452000155181e-10,5.4224127811034301e-10,4.9897798728932221e-10,3.6926639029621416e-10,2.2438750861219122e-10,1.1711443117172296e-10,5.5285726439879707e-11
550,2.1390980546452192e-09,3.8662001767964370e-10,5.2567150861314290e-10,4.8375882072906583e-10,3.5805329330884373e-10,2.1764104906617095e-10,1.1366228773115022e-10,5.3691077517201837e-11
551,2.0741424708646540e-09,3.7479840862011699e-10,5.0960810794521286e-10,4.6900387294285913e-10,3.4718069182106997e-10,2.1109737619904916e-10,1.1031175836347153e-10,5.2142254972874224e-11
552,2.0111593202108034e-09,3.6333828947480958e-10,4.9403560062567717e-10,4.5469898348132655e-10,3.3663824638917134e-10,2.0475039625610449e-10,1.0705985661685537e-10,5.0637947366858624e-11
553,1.9500887080262280e-09,3.5222860564030813e-10,4.7893898415947793e-10,4.4083042386553750e-10,3.2641593153568005e-10,1.9859419854879809e-10,1.0390368366639054e-10,4.9176880610035517e-11
554,1.8908725584071578e-09,3.4145864059172905e-10,4.6430371458034894e-10,4.2738488440887292e-10,3.1650402621552245e-10,1.9262304995677981e-10,1.0084042574761537e-10,4.7757816906289469e-11
555,1.8334545589754493e-09,3.3101800554274377e-10,4.5011569243570370e-10,4.1434946144094138e-10,3.0689310457166250e-10,1.8683138959496525e-10,9.7867351665067168e-11,4.6379553724365474e-11
556,1.7777801073275830e-09,3.2089662942186618e-10,4.3636124919992684e-10,4.0171164492127385e-10,2.9757402697145944e-10,1.8121382364072790e-10,9.4981810373664032e-11,4.5040922798664733e-11
557,1.7237962591097922e-09,3.1108474915533061e-10,4.2302713410297401e-10,3.8945930643090725e-10,2.8853793131521309e-10,1.7576512031640114e-10,9.2181228630794387e-11,4.3740789158171485e-11
558,1.6714516776699276e-09,3.0157290024717963e-10,4.1010050136158340e-10,3.7758068753032596e-10,2.7977622460863358e-10,1.7048020502242861e-10,8.9463108717051509e-11,4.2478050182724931e-11
559,1.6206965852381955e-09,2.9235190764747405e-10,3.9756889780079317e-10,3.6606438847258478e-10,2.7128057479122007e-10,1.6535415561664115e-10,8.6825026223610452e-11,4.1251634685871965e-11
560,1.5714827155903282e-09,2.8341287689980794e-10,3.8542025085383178e-10,3.5489935726077628e-10,2.6304290281277794e-10,1.6038219783527389e-10,8.4264627904302995e-11,4.0060502023557575e-11
561,1.5237632681481827e-09,2.7474718555958885e-10,3.7364285692881553e-10,3.4407487903933555e-10,2.5505537495053964e-10,1.5555970085146959e-10,8.1779629590502875e-11,3.8903641227930578e-11
562,1.4774928634741137e-09,2.6634647487479849e-10,3.6222537013104144e-10,3.3358056580899968e-10,2.4731039535958249e-10,1.5088217296714111e-10,7.9367814166988377e-11,3.7780070165562028e-11
563,1.4326275001167996e-09,2.5820264172120638e-10,3.5115679133000274e-10,3.2340634645554389e-10,2.3980059884946019e-10,1.4634525743419024e-10,7.7027029607002894e-11,3.6688834719393405e-11
564,1.3891245127674828e-09,2.5030783078425303e-10,3.4042645756059240e-10,3.1354245708272375e-10,2.3251884388017748e-10,1.4194472840119986e-10,7.4755187064785745e-11,3.5629007993750579e-11
565,1.3469425316868299e-09,2.4265442698005728e-10,3.3002403174827598e-10,3.0397943164014107e-10,2.2545820577084874e-10,1.3767648698183313e-10,7.2550259023896161e-11,3.4599689541777675e-11
566,1.3060414433638348e-09,2.3523504810823414e-10,3.1993949274833290e-10,2.9470809283703483e-10,2.1861197011458134e-10,1.3353655744128672e-10,7.0410277499701324e-11,3.3600004614663516e-11
567,1.2663823523693450e-09,2.2804253772943082e-10,3.1016312568956449e-10,2.8571954333327575e-10,2.1197362639332203e-10,1.2952108349725380e-10,6.8333332294448105e-11,3.2629103432049915e-11
568,1.2279275443679418e-09,2.2106995826071059e-10,3.0068551261316104e-10,2.7700515719910452e-10,2.0553686178659369e-10,1.2562632473196021e-10,6.6317569303382987e-11,3.1686160473028722e-11
569,1.1906404502529947e-09,2.1431058428211714e-10,2.9149752339770645e-10,2.6855657163541587e-10,1.9929555516823584e-10,1.2184865311193865e-10,6.4361188870429892e-11,3.0770373787150799e-11
570,1.1544856113707879e-09,2.0775789604796302e-10,2.8259030696157359e-10,2.6036567894663987e-10,1.9324377128543869e-10,1.1818454961230787e-10,6.2462444191979274e-11,2.9880964324885782e-11
571,1.1194286458006471e-09,2.0140557319657834e-10,2.7395528273423023e-10,2.5242461875851243e-10,1.8737575511453638e-10,1.1463060094241864e-10,6.0619639767383349e-11,2.9017175286987714e-11
572,1.0854362156589959e-09,1.9524748865245028e-10,2.6558413238823547e-10,2.4472577047326417e-10,1.8168592638819142e-10,1.1118349636982453e-10,5.8831129894793766e-11,2.8178271492236206e-11
573,1.0524759953962591e-09,1.8927770271486786e-10,2.5746879182395970e-10,2.3726174595498496e-10,1.7616887428876573e-10,1.0784002463962520e-10,5.7095317211017735e-11,2.7363538763037871e-11
574,1.0205166410564528e-09,1.8349045732736834e-10,2.4960144339929909e-10,2.3002538243814009e-10,1.7081935230283237e-10,1.0459707098631930e-10,5.5410651274106898e-11,2.6572283328386940e-11
575,9.8952776047023868e-10,1.7788017052245391e-10,2.4197450839689991e-10,2.2300973565243123e-10,1.6563227323193448e-10,1.0145161423539015e-10,5.3775627187430890e-11,2.5803831243698035e-11
576,9.5947988435308674e-10,1.7244143103621832e-10,2.3458063972162879e-10,2.1620807315740109e-10,1.6060270435484679e-10,9.8400723991930060e-11,5.2188784264024043e-11,2.5057527827037510e-11
577,9.3034443828107324e-10,1.6716899308768612e-10,2.2741271482125332e-10,2.0961386788038249e-10,1.5572586273673923e-10,9.5441557913690375e-11,5.0648704730028614e-11,2.4332737111293014e-11
578,9.0209371551765473e-10,1.6205777131782649e-10,2.2046382882350836e-10,2.0322079185158830e-10,1.5099711068078228e-10,9.2571359066022867e-11,4.9154012466092593e-11,2.3628841311833791e-11
579,8.7470085066558163e-10,1.5710283588335775e-10,2.1372728788293441e-10,1.9702271013032774e-10,1.4641195131786766e-10,8.9787453356254079e-11,4.7703371785613302e-11,2.2945240309226542e-11
580,8.4813979411889419e-10,1.5229940770060774e-10,2.0719660273107552e-10,1.9101367491651760e-10,1.4196602433025174e-10,8.7087247045107413e-11,4.6295486248750125e-11,2.2281351146584037e-11
581,8.2238528729070721e-10,1.4764285383484067e-10,2.0086548242382017e-10,1.8518791984183539e-10,1.3765510180505366e-10,8.4468224332860622e-11,4.4929097511161399e-11,2.1636607541135200e-11
582,7.9741283859322270e-10,1.4312868303060064e-10,1.9472782827986006e-10,1.7953985443503400e-10,1.3347508421366584e-10,8.1927945017994349e-11,4.3602984206450827e-11,2.1010459409617019e-11
583,7.7319870014713276e-10,1.3875254137875910e-10,1.8877772800442296e-10,1.7406405875610372e-10,1.2942199651325334e-10,7.9464042226155687e-11,4.2315960861338205e-11,2.0402372407099780e-11
584,7.4971984519825948e-10,1.3451020811608428e-10,1.8300944999261780e-10,1.6875527819413143e-10,1.2549198436663432e-10,7.7074220207325639e-11,4.1066876842598354e-11,1.9811827478867722e-11
585,7.2695394621996076e-10,1.3039759155327991e-10,1.7741743780690136e-10,1.6360841842386120e-10,1.2168131047694754e-10,7.4756252199142896e-11,3.9854615334839576e-11,1.9238320424988221e-11
586,7.0487935368047298e-10,1.2641072512756317e-10,1.7199630482334349e-10,1.5861854051611606e-10,1.1798635103362023e-10,7.2507978354397377e-11,3.8678092348220458e-11,1.8681361477212274e-11
587,6.8347507545500526e-10,1.2254576357597273e-10,1.6674082904153175e-10,1.5378085619738586e-10,1.1440359226625802e-10,7.0327303730767573e-11,3.7536255755229751e-11,1.8140474887859555e-11
588,6.6272075686299956e-10,1.1879897922571492e-10,1.6164594805311300e-10,1.4909072325403056e-10,1.1092962710317853e-10,6.8212196340932032e-11,3.6428084355679937e-11,1.7615198530350601e-11
589,6.4259666131158062e-10,1.1516675839796686e-10,1.5670675416412372e-10,1.4454364107668745e-10,1.0756115193141153e-10,6.6160685261243162e-11,3.5352586969089618e-11,1.7105083511058330e-11
590,6.2308365152678186e-10,1.1164559792166763e-10,1.5191848966640669e-10,1.4013524634060403e-10,1.0429496345508489e-10,6.4170858797204389e-11,3.4308801553653932e-11,1.6609693792160227e-11
591,6.0416317135470230e-10,1.0823210175393270e-10,1.4727654225355843e-10,1.3586130881775038e-10,1.0112795564920784e-10,6.2240862704045721e-11,3.3295794351025802e-11,1.6128605825181316e-11
592,5.8581722811528791e-10,1.0492297770383044e-10,1.4277644057698847e-10,1.3171772731669034e-10,9.8057116805955763e-11,6.0368898460742837e-11,3.2312659056153162e-11,1.5661408194926849e-11
593,5.6802837549195497e-10,1.0171503425635936e-10,1.3841384993780791e-10,1.2770052574631375e-10,9.5079526670646873e-11,5.8553221595875489e-11,3.1358516011439661e-11,1.5207701273511964e-11
594,5.5077969694078598e-10,9.8605177493561453e-11,1.3418456811039601e-10,1.2380584929965118e-10,9.2192353664687574e-11,5.6792140063768581e-11,3.0432511424517356e-11,1.4767096884203806e-11
595,5.3405478960351772e-10,9.5590408109800141e-11,1.3008452129361843e-10,1.2002996075410730e-10,8.9392852192845314e-11,5.5084012669405948e-11,2.9533816608941073e-11,1.4339217974799474e-11
596,5.1783774870902837e-10,9.2667818518323543e-11,1.2610976018579685e-10,1.1636923688456149e-10,8.6678360032288803e-11,5.3427247540652723e-11,2.8661627247133950e-11,1.3923698300271066e-11
597,5.0211315244848533e-10,8.9834590046319958e-11,1.2225645617964612e-10,1.1282016498589215e-10,8.4046295800911990e-11,5.1820300646365477e-11,2.7815162674933261e-11,1.3520182114416405e-11
598,4.8686604730977257e-10,8.7087990215760030e-11,1.1852089767351224e-10,1.0937933950158649e-10,8.1494156502534753e-11,5.0261674359012529e-11,2.6993665187104976e-11,1.3128323870261519e-11
599,4.7208193385725094e-10,8.4425370107400797e-11,1.1489948649535644e-10,1.0604345875519920e-10,7.9019515146645668e-11,4.8749916060467629e-11,2.6196399363213326e-11,1.2747787928967951e-11
600,4.5774675294332978e-10,8.1844161805408770e-11,1.1138873443603896e-10,1.0280932178152241e-10,7.6620018440423399e-11,4.7283616789680984e-11,2.5422651413250232e-11,1.2378248277004975e-11
601,4.4384687233873354e-10,7.9341875920135665e-11,1.0798525988856154e-10,9.9673825254424957e-11,7.4293384550841876e-11,4.5861409930969810e-11,2.4671728542446237e-11,1.2019388251353408e-11
602,4.3036907376875510e-10,7.6916099186657022e-11,1.0468578459003002e-10,9.6633960508411640e-11,7.2037400934731116e-11,4.4481969941708981e-11,2.3942958334701944e-11,1.1670900272514373e-11
603,4.1730054034316252e-10,7.4564492136755955e-11,1.0148713046319696e-10,9.3686810651043521e-11,6.9849922234730041e-11,4.3144011118238413e-11,2.3235688154095031e-11,1.1332485585102618e-11
604,4.0462884436780835e-10,7.2284786842105954e-11,9.8386216554540831e-11,9.0829547763446994e-11,6.7728868239130704e-11,4.1846286398839793e-11,2.2549284563933881e-11,1.1003854005810208e-11
605,3.9234193552634996e-10,7.0074784726474920e-11,9.5380056065930745e-11,8.8059430186224423e-11,6.5672221903673468e-11,4.0587586202669436e-11,2.1883132762844506e-11,1.0684723678532450e-11
606,3.8042812942084251e-10,6.7932354444839633e-11,9.2465753477016385e-11,8.5373799888160962e-11,6.3678027433412266e-11,3.9366737303567439e-11,2.1236636037392127e-11,1.0374820836453684e-11
607,3.6887609646030667e-10,6.5855429827363817e-11,8.9640501755569815e-11,8.2770079915201550e-11,6.1744388422825530e-11,3.8182601737696013e-11,2.0609215230753641e-11,1.0073879570896304e-11
608,3.5767485108670472e-10,6.3842007886256351e-11,8.6901579653090855e-11,8.0245771917249274e-11,5.9869466052404384e-11,3.7034075743991007e-11,2.0000308226971008e-11,9.7816416067418484e-12
609,3.4681374132807924e-10,6.1890146883586032e-11,8.4246349083069922e-11,7.7798453750410856e-11,5.8051477340003016e-11,3.5920088736441235e-11,1.9409369450329738e-11,9.4978560842384251e-12
610,3.3628243866892000e-10,5.9997964458188719e-11,8.1672252579381944e-11,7.5425777152387856e-11,5.6288693445288289e-11,3.4839602307239801e-11,1.8835869379419484e-11,9.2222793470138511e-12
611,3.2607092822812577e-10,5.8163635809859535e-11,7.9176810832361696e-11,7.3125465488781693e-11,5.4579438025676189e-11,3.3791609259880443e-11,1.8279294075447124e-11,8.9546747361190896e-12
612,3.1616949923522169e-10,5.6385391939077929e-11,7.6757620300186556e-11,7.0895311568149414e-11,5.2922085642191832e-11,3.2775132671299515e-11,1.7739144724385006e-11,8.6948123899313802e-12
613,3.0656873579577319e-10,5.4661517940567376e-11,7.4412350893264554e-11,6.8733175523712689e-11,5.1315060213736745e-11,3.1789224982191305e-11,1.7214937192549259e-11,8.4424690497512827e-12
614,2.9725950793721794e-10,5.2990351349042771e-11,7.2138743729396413e-11,6.6636982759686570e-11,4.9756833518293832e-11,3.0832967114650741e-11,1.6706201595215049e-11,8.1974278709325838e-12
615,2.8823296292659747e-10,5.1370280535549835e-11,6.9934608957548357e-11,6.4604721960256725e-11,4.8245923739644509e-11,2.9905467616322688e-11,1.6212481877886951e-11,7.9594782393884329e-12
616,2.7948051685193421e-10,4.9799743152848778e-11,6.7797823648138265e-11,6.2634443159293900e-11,4.6780894058215968e-11,2.9005861830261803e-11,1.5733335409853915e-11,7.7284155933215410e-12
617,2.7099384645924729e-10,4.8277224628342550e-11,6.5726329747802716e-11,6.0724255868952709e-11,4.5360351284718748e-11,2.8133311089730917e-11,1.5268332589669053e-11,7.5040412500305701e-12
618,2.6276488123744447e-10,4.6801256703095324e-11,6.3718132096673240e-11,5.8872327265358253e-11,4.3982944535274926e-11,2.7287001937188788e-11,1.4817056462205013e-11,7.2861622376489262e-12
619,2.5478579574356319e-10,4.5370416015531526e-11,6.1771296506251953e-11,5.7076880429639148e-11,4.2647363946777377e-11,2.6466145366740933e-11,1.4379102346945939e-11,7.0745911316763107e-12
620,2.4704900216106232e-10,4.3983322728449199e-11,5.9883947896033836e-11,5.5336192642618341e-11,4.1352339431258074e-11,2.5669976089348766e-11,1.3954077477186868e-11,6.8691458961672256e-12
621,2.3954714308408805e-10,4.2638639198022525e-11,5.8054268487080047e-11,5.3648593731525019e-11,4.0096639468081308e-11,2.4897751820113569e-11,1.3541600649821094e-11,6.6696497294445111e-12
622,2.3227308452085194e-10,4.1335068683509601e-11,5.6280496050801970e-11,5.2012464467140264e-11,3.8879069932812816e-11,2.4148752586972305e-11,1.3141301885405304e-11,6.4759309142096914e-12
623,2.2521990910946716e-10,4.0071354096420369e-11,5.4560922211267899e-11,5.0426235009838271e-11,3.7698472961651448e-11,2.3422280060162212e-11,1.2752822098201478e-11,6.2878226719254691e-12
624,2.1838090953979204e-10,3.8846276787937939e-11,5.2893890799396812e-11,4.8888383403031128e-11,3.6553725850343315e-11,2.2717656901830358e-11,1.2375812775903162e-11,6.1051630213493255e-12
625,2.1174958217502526e-10,3.7658655373423264e-11,5.1277796257453248e-11,4.7397434112571272e-11,3.5443739986531377e-11,2.2034226135183184e-11,1.2009935668762470e-11,5.9277946411004704e-12
626,2.0531962086698652e-10,3.6507344592869067e-11,4.9711082092305653e-11,4.5951956610709480e-11,3.4367459814525150e-11,2.1371350532589072e-11,1.1654862487842315e-11,5.7555647361457903e-12
627,1.9908491095920179e-10,3.5391234206203475e-11,4.8192239375957980e-11,4.4550564003249282e-11,3.3323861831506147e-11,2.0728412022064781e-11,1.1310274612126509e-11,5.5883249080936256e-12
628,1.9303952347209020e-10,3.4309247922377592e-11,4.6719805291909426e-11,4.3191911698579786e-11,3.2311953614214342e-11,2.0104811111593497e-11,1.0975862804228153e-11,5.4259310291873776e-12
629,1.8717770946472267e-10,3.3260342361203782e-11,4.5292361725941750e-11,4.1874696117309665e-11,3.1330772875190217e-11,1.9499966330738979e-11,1.0651326934444362e-11,5.2682431198939162e-12
630,1.8149389456779091e-10,3.2243506046942821e-11,4.3908533899976086e-11,4.0597653441263417e-11,3.0379386547674788e-11,1.8913313689036276e-11,1.0336375712912682e-11,5.1151252299848249e-12
631,1.7598267368258715e-10,3.1257758432669197e-11,4.2566989047683022e-11,3.9359558400639272e-11,2.9456889898297493e-11,1.8344306150655063e-11,1.0030726429631798e-11,4.9664453230113106e-12
632,1.7063880584095461e-10,3.0302148954473008e-11,4.1266435130569601e-11,3.8159223098164552e-11,2.8562405666708066e-11,1.7792413124846965e-11,9.7341047021159872e-12,4.8220751640764362e-12
633,1.6545720922131944e-10,2.9375756114586098e-11,4.0005619593306193e-11,3.6995495869119676e-11,2.7695083231334206e-11,1.7257119971702596e-11,9.4462442304595790e-12,4.6818902108110689e-12
634,1.6043295631606557e-10,2.8477686592547720e-11,3.8783328157093808e-11,3.5867260176136902e-11,2.6854097800471829e-11,1.6737927522758570e-11,9.1668865595941981e-12,4.5457695074625372e-12
635,1.5556126924565660e-10,2.7607074383552250e-11,3.7598383649909295e-11,3.4773433537712594e-11,2.6038649627938488e-11,1.6234351616008417e-11,8.8957808485279420e-12,4.4135955820076031e-12
636,1.5083751521504792e-10,2.6763079963147537e-11,3.6449644872501058e-11,3.3712966489404807e-11,2.5247963252544213e-11,1.5745922644884700e-11,8.6326836463618012e-12,4.2852543462038164e-12
637,1.4625720210806959e-10,2.5944889477478129e-11,3.5336005499042851e-11,3.2684841576718996e-11,2.4481286760656471e-11,1.5272185120792739e-11,8.3773586748846008e-12,4.1606349984957695e-12
638,1.4181597421558870e-10,2.5151713958291979e-11,3.4256393011386101e-11,3.1688072378715113e-11,2.3737891071157968e-11,1.4812697248788800e-11,8.1295766175536190e-12,4.0396299296951121e-12
639,1.3750960809339095e-10,2.4382788561953370e-11,3.3209767665884053e-11,3.0721702561399053e-11,2.3017069242117368e-11,1.4367030516007993e-11,7.8891149146735969e-12,3.9221346313554926e-12
640,1.3333400854584029e-10,2.3637371831727860e-11,3.2195121491792114e-11,2.9784804959989714e-11,2.2318135798513537e-11,1.3934769292458812e-11,7.6557575645924397e-12,3.8080476067658002e-12
641,1.2928520473149877e-10,2.2914744982627460e-11,3.1211477320279203e-11,2.8876480689180800e-11,2.1640426080374018e-11,1.3515510443812925e-11,7.4292949307370854e-12,3.6972702844872812e-12
642,1.2535934638700259e-10,2.2214211208126162e-11,3.0257887843114744e-11,2.7995858280543459e-11,2.0983295610707902e-11,1.3108862955829806e-11,7.2095235543183535e-12,3.5897069343621561e-12
643,1.2155270016560323e-10,2.1535095008076863e-11,2.9333434700124038e-11,2.7142092846241722e-11,2.0346119482631914e-11,1.2714447570066753e-11,6.9962459725384522e-12,3.4852645859234724e-12
644,1.1786164608689227e-10,2.0876741537181371e-11,2.8437227594532924e-11,2.6314365268258101e-11,1.9728291765106968e-11,1.2331896430535282e-11,6.7892705421397668e-12,3.3838529491378537e-12
645,1.1428267409433330e-10,2.0238515973384826e-11,2.7568403435349248e-11,2.5511881412351049e-11,1.9129224926720077e-11,1.1960852740975039e-11,6.5884112681382772e-12,3.2853843374147899e-12
646,1.1081238071732735e-10,1.9619802905585290e-11,2.6726125505954744e-11,2.4733871365989965e-11,1.8548349276963599e-11,1.1600970432426307e-11,6.3934876375894978e-12,3.1897735928179568e-12
647,1.0744746583463762e-10,1.9020005740067675e-11,2.5909582658106367e-11,2.3979588699536129e-11,1.7985112424480536e-11,1.1251913840791718e-11,6.2043244582393107e-12,3.0969380134158925e-12
648,1.0418472953609571e-10,1.8438546125089477e-11,2.5117988530570313e-11,2.3248309749960598e-11,1.7438978751760703e-11,1.0913357394087084e-11,6.0207517019164142e-12,3.0067972827111333e-12
649,1.0102106907960491e-10,1.7874863393063110e-11,2.4350580791636035e-11,2.2539332926411437e-11,1.6909428905788176e-11,1.0584985309090283e-11,5.8426043525272398e-12,2.9192734010886253e-12
650,9.7953475940546612e-11,1.7328414019796725e-11,2.3606620404780219e-11,2.1851978036963818e-11,1.6395959304155717e-11,1.0266491297105883e-11,5.6697222585183280e-12,2.8342906192259186e-12
651,9.4979032950784222e-11,1.6798671100271782e-11,2.2885390916773274e-11,2.1185585635906777e-11,1.5898081656176423e-11,9.9575782785716115e-12,5.5019499896750694e-12,2.7517753734092678e-12
652,9.2094911524543635e-11,1.6285123840451706e-11,2.2186197767542449e-11,2.0539516390940188e-11,1.5415322498537281e-11,9.6579581062410950e-12,5.3391366981295624e-12,2.6716562227013424e-12
653,8.9298368968532343e-11,1.5787277064631250e-11,2.1508367621126509e-11,1.9913150469674526e-11,1.4947222745052977e-11,9.3673512966851755e-12,5.1811359834540952e-12,2.5938637879078039e-12
654,8.6586745873739026e-11,1.5304650737851421e-11,2.0851247717077429e-11,1.9305886944844598e-11,1.4493337250091829e-11,9.0854867698619265e-12,5.0278057617203319e-12,2.5183306922914896e-12
655,8.3957463586433562e-11,1.4836779502919117e-11,2.0214205241684127e-11,1.8717143217666464e-11,1.4053234385258695e-11,8.8121015965129423e-12,4.8790081384078250e-12,2.4449915039843882e-12
656,8.1408021755962205e-11,1.4383212231584893e-11,1.9596626718412462e-11,1.8146354458783887e-11,1.3626495628932256e-11,8.5469407531507911e-12,4.7346092850488843e-12,2.3737826800490304e-12
657,7.8935995957006218e-11,1.3943511589445824e-11,1.8997917416974142e-11,1.7592973066267960e-11,1.3212715168266357e-11,8.2897568844095452e-12,4.5944793195001299e-12,2.3046425121422577e-12
658,7.6539035384042594e-11,1.3517253614153774e-11,1.8417500780455155e-11,1.7056468140149554e-11,1.2811499513276932e-11,8.0403100725372193e-12,4.4584921897342713e-12,2.2375110737356904e-12
659,7.4214860615814636e-11,1.3104027306522119e-11,1.7854817869951903e-11,1.6536324972980310e-11,1.2422467122647525e-11,7.7983676138154893e-12,4.3265255610488086e-12,2.1723301688484973e-12
660,7.1961261447686239e-11,1.2703434234136465e-11,1.7309326826179751e-11,1.6032044555933225e-11,1.2045248040897536e-11,7.5637038016986169e-12,4.1984607065912997e-12,2.1090432822493389e-12
661,6.9776094789818529e-11,1.2315088147086994e-11,1.6780502347535461e-11,1.5543143099968762e-11,1.1679483546568179e-11,7.3360997164696842e-12,4.0741824011038767e-12,2.0475955310855695e-12
662,6.7657282629170502e-11,1.1938614605451698e-11,1.6267835184110471e-11,1.5069151571606984e-11,1.1324825811091589e-11,7.1153430212183221e-12,3.9535788177924719e-12,1.9879336178989788e-12
663,6.5602810053385104e-11,1.1573650618171160e-11,1.5770831647167657e-11,1.4609615242860075e-11,1.0980937568018653e-11,6.9012277639500306e-12,3.8365414282290128e-12,1.9300057849885118e-12
664,6.3610723334681603e-11,1.1219844292966512e-11,1.5289013133608819e-11,1.4164093254893331e-11,1.0647491792291042e-11,6.6935541856428376e-12,3.7229649051975435e-12,1.8737617700815228e-12
665,6.1679128071932597e-11,1.0876854496962803e-11,1.4821915664974889e-11,1.3732158194995857e-11,1.0324171389252407e-11,6.4921285340726164e-12,3.6127470283978150e-12,1.8191527632762096e-12
666,5.9806187389158158e-11,1.0544350527690465e-11,1.4369089440534587e-11,1.3313395686454912e-11,1.0010668893103050e-11,6.2967628832337517e-12,3.5057885929224429e-12,1.7661313652189492e-12
667,5.7990120188724459e-11,1.0222011794147409e-11,1.3930098404031004e-11,1.2907403990940325e-11,9.7066861745112594e-12,6.1072749581870146e-12,3.4019933204261876e-12,1.7146515464812620e-12
668,5.6229199457585502e-11,9.9095275076141812e-12,1.3504519823668652e-11,1.2513793623017346e-11,9.4119341571032970e-12,5.9234879651715970e-12,3.3012677729082711e-12,1.6646686081021592e-12
669,5.4521750624957233e-11,9.6065963819237911e-12,1.3091943884936364e-11,1.2132186976417953e-11,9.1261325425623993e-12,5.7452304268231295e-12,3.2035212690310223e-12,1.6161391432625807e-12
670,5.2866149969862490e-11,9.3129263428971979e-12,1.2691973295873731e-11,1.1762217961711967e-11,8.8490095440754116e-12,5.5723360223442593e-12,3.1086658029003233e-12,1.5690210000595918e-12
671,5.1260823077031979e-11,9.0282342466640777e-12,1.2304222904400734e-11,1.1403531655030176e-11,8.5803016278735283e-12,5.4046434324789913e-12,3.0166159652355624e-12,1.5232732453489142e-12
672,4.9704243339693487e-11,8.7522456065971607e-12,1.1928319327341953e-11,1.1055783957502379e-11,8.3197532626213785e-12,5.2419961891464419e-12,2.9272888668589089e-12,1.4788561296252672e-12
673,4.8194930507824925e-11,8.4846943285967678e-12,1.1563900590787906e-11,1.0718641265083482e-11,8.0671166764161346e-12,5.0842425295940052e-12,2.8406040644357643e-12,1.4357310529108633e-12
674,4.6731449280491103e-11,8.2253224544701015e-12,1.1210615781447038e-11,1.0391780148450756e-11,7.8221516211655662e-12,4.9312352549341331e-12,2.7564834884002641e-12,1.3938605316232388e-12
675,4.5312407940925362e-11,7.9738799131578423e-12,1.0868124708652440e-11,1.0074887042665066e-11,7.5846251441209307e-12,4.7828315929330138e-12,2.6748513730016371e-12,1.3532081663944273e-12
676,4.3936457033058191e-11,7.7301242795679921e-12,1.0536097576697737e-11,9.7676579462982044e-12,7.3543113663475009e-12,4.6388930649233766e-12,2.5956341884091118e-12,1.3137386108142748e-12
677,4.2602288078234202e-11,7.4938205407843743e-12,1.0214214667186352e-11,9.4697981297376055e-12,7.1309912679220045e-12,4.4992853567175112e-12,2.5187605748148779e-12,1.2754175410714723e-12
678,4.1308632330897018e-11,7.2647408694242486e-12,9.9021660310882417e-12,9.1810218523884495e-12,6.9144524796527513e-12,4.3638781934002922e-12,2.4441612784764057e-12,1.2382116264666334e-12
679,4.0054259572059089e-11,7.0426644039264025e-12,9.5996511902073335e-12,8.9010520885017996e-12,6.7044890811243371e-12,4.2325452178856161e-12,2.3717690896411247e-12,1.2020885007724723e-12
680,3.8837976939408600e-11,6.8273770355578056e-12,9.3063788477720794e-12,8.6296202613656077e-12,6.5009014048749222e-12,4.1051638731231701e-12,2.3015187822981566e-12,1.1670167344168512e-12
681,3.7658627792941414e-11,6.6186712019333545e-12,9.0220666078703495e-12,8.3664659856034963e-12,6.3034958465198197e-12,3.9816152878458385e-12,2.2333470557034005e-12,1.1329658074651493e-12
682,3.6515090615038993e-11,6.4163456868495183e-12,8.7464407034583008e-12,8.1113368173340199e-12,6.1120846806408542e-12,3.8617841657513430e-12,2.1671924776258574e-12,1.0999060833790909e-12
683,3.5406277943946391e-11,6.2202054262388294e-12,8.4792357326812299e-12,7.8639880119505893e-12,5.9264858822664010e-12,3.7455586780149361e-12,2.1029954292646084e-12,1.0678087835297996e-12
684,3.4331135339636245e-11,6.0300613200580206e-12,8.2201944032523846e-12,7.6241822892896453e-12,5.7465229537723424e-12,3.6328303590330233e-12,2.0406980517873342e-12,1.0366459624435004e-12
685,3.3288640381075057e-11,5.8457300499283560e-12,7.9690672846434377e-12,7.3916896059616839e-12,5.5720247570393206e-12,3.5234940053006455e-12,1.9802441944427232e-12,1.0063904837588867e-12
686,3.2277801693938438e-11,5.6670339023522611e-12,7.7256125678479187e-12,7.1662869346266480e-12,5.4028253507066890e-12,3.4174475773286362e-12,1.9215793642005000e-12,9.7701599687578742e-13
687,3.1297658007850684e-11,5.4938005973357096e-12,7.4895958324861444e-12,6.9477580500018514e-12,5.2387638323683916e-12,3.3145921045090975e-12,1.8646506768741571e-12,9.4849691427532860e-13
688,3.0347277242251962e-11,5.3258631222510848e-12,7.2607898210272944e-12,6.7358933213970858e-12,5.0796841855606888e-12,3.2148315928406194e-12,1.8094068096828226e-12,9.2080838949236555e-13
689,2.9425755620024079e-11,5.1630595707802126e-12,7.0389742199111096e-12,6.5304895115777955e-12,4.9254351313962549e-12,3.1180729354272731e-12,1.7557979552099348e-12,8.9392629572149925e-13
690,2.8532216808031685e-11,5.0052329867822647e-12,6.8239354473583768e-12,6.3313495817632785e-12,4.7758699847035216e-12,3.0242258256680432e-12,1.7037757767176666e-12,8.6782720503852983e-13
691,2.7665811083761703e-11,4.8522312129359037e-12,6.6154664476657325e-12,6.1382825025728191e-12,4.6308465145344764e-12,2.9332026730558287e-12,1.6532933647772335e-12,8.4248836821971093e-13
692,2.6825714527268575e-11,4.7039067440096675e-12,6.4133664917866920e-12,5.9511030707382594e-12,4.4902268089082777e-12,2.8449185215076074e-12,1.6043051951763973e-12,8.1788769514167670e-13
693,2.6011128237656646e-11,4.5601165846190654e-12,6.2174409840067141e-12,5.7696317314071679e-12,4.3538771436620238e-12,2.7592909701496708e-12,1.5567670880666029e-12,7.9400373574540259e-13
694,2.5221277573354873e-11,4.4207221113331953e-12,6.0275012745261138e-12,5.5936944058660469e-12,4.2216678552840145e-12,2.6762400964841714e-12,1.5106361683133025e-12,7.7081566154803059e-13
695,2.4455411415461197e-11,4.2855889389978624e-12,5.8433644777702477e-12,5.4231223245182539e-12,4.0934732176085085e-12,2.5956883818653992e-12,1.4658708270140763e-12,7.4830324768685324e-13
696,2.3712801453456133e-11,4.1545867911462502e-12,5.6648532962519606e-12,5.2577518649563449e-12,3.9691713222547807e-12,2.5175606392163796e-12,1.4224306841502122e-12,7.2644685548020363e-13
697,2.2992741492606242e-11,4.0275893743721673e-12,5.4917958498165853e-12,5.0974243949734674e-12,3.8486439626967344e-12,2.4417839429184635e-12,1.3802765523384033e-12,7.0522741549042405e-13
698,2.2294546782399011e-11,3.9044742565446807e-12,5.3240255101050319e-12,4.9419861203631226e-12,3.7317765218528509e-12,2.3682875608085938e-12,1.3393704016502082e-12,6.8462641107452055e-13
699,2.1617553365370234e-11,3.7851227487466722e-12,5.1613807400754664e-12,4.7912879373612424e-12,3.6184578630895579e-12,2.2970028882209142e-12,1.2996753254678685e-12,6.6462586240851132e-13
700,2.0961117445704989e-11,3.6694197908234399e-12,5.0037049384290133e-12,4.6451852895889877e-12,3.5085802245343940e-12,2.2278633840112750e-12,1.2611555073459966e-12,6.4520831097188345e-13
701,2.0324614777011480e-11,3.5572538404309515e-12,4.8508462887895963e-12,4.5035380293589729e-12,3.4020391165984237e-12,2.1608045085050319e-12,1.2237761888495459e-12,6.2635680447895839e-13
702,1.9707440068685703e-11,3.4485167654767355e-12,4.7026576134926251e-12,4.3662102832118202e-12,3.2987332226104904e-12,2.0957636633103483e-12,1.1875036383393420e-12,6.0805488224434058e-13
703,1.9109006410302370e-11,3.3431037398496557e-12,4.5589962318416970e-12,4.2330703215540113e-12,3.1985643024687954e-12,2.0326801329409188e-12,1.1523051206772995e-12,5.9028656096999570e-13
704,1.8528744713484723e-11,3.2409131423380073e-12,4.4197238226967453e-12,4.1039904322719342e-12,3.1014370992181714e-12,1.9714950281937397e-12,1.1181488678242674e-12,5.7303632094185550e-13
705,1.7966103170722391e-11,3.1418464586384321e-12,4.2847062912612929e-12,3.9788467982008356e-12,3.0072592484642308e-12,1.9121512312291708e-12,1.0850040503042355e-12,5.5628909262419540e-13
706,1.7420546730622829e-11,3.0458081863611364e-12,4.1538136399404507e-12,3.8575193783310995e-12,2.9159411905382236e-12,1.8545933423021320e-12,1.0528407495094185e-12,5.4003024364036627e-13
707,1.6891556589097071e-11,2.9527057429397932e-12,4.0269198431452903e-12,3.7398917926378530e-12,2.8273960853290920e-12,1.7987676280947956e-12,1.0216299308214626e-12,5.2424556612878579e-13
708,1.6378629695996207e-11,2.8624493763572966e-12,3.9039027259229703e-12,3.6258512104233762e-12,2.7415397297017203e-12,1.7446219716026543e-12,9.9134341752477552e-13,5.0892126446341551e-13
709,1.5881278276729179e-11,2.7749520786012746e-12,3.7846438462957060e-12,3.5152882420651713e-12,2.6582904774228547e-12,1.6921058235272588e-12,9.6195386548865340e-13,4.9404394332825657e-13
710,1.5399029368407082e-11,2.6901295017658707e-12,3.6690283811952339e-12,3.4080968340657987e-12,2.5775691615185399e-12,1.6411701551303548e-12,9.3343473859559032e-13,4.7960059613569474e-13
711,1.4931424370072930e-11,2.6078998767188912e-12,3.5569450158829107e-12,3.3041741673037856e-12,2.4992990189892439e-12,1.5917674125054780e-12,9.0576028489380525e-13,4.6557859377881714e-13
712,1.4478018606588973e-11,2.5281839342558571e-12,3.4482858367488991e-12,3.2034205583879539e-12,2.4234056178110690e-12,1.5438514722244150e-12,8.7890551345267253e-13,4.5196567370810788e-13
713,1.4038380905767045e-11,2.4509048286649266e-12,3.3429462273872031e-12,3.1057393640205083e-12,2.3498167861536399e-12,1.4973775983171972e-12,8.5284617190036841e-13,4.3874992932320074e-13
714,1.3612093188339670e-11,2.3759880636289549e-12,3.2408247678464228e-12,3.0110368882771143e-12,2.2784625437473476e-12,1.4523024005455441e-12,8.2755872462364881e-13,4.2591979967063505e-13
715,1.3198750070382075e-11,2.3033614203932325e-12,3.1418231369591921e-12,2.9192222927149851e-12,2.2092750353346908e-12,1.4085837939308813e-12,8.0302033161027324e-13,4.1346405943882196e-13
716,1.2797958477807023e-11,2.2329548881296194e-12,3.0458460176562030e-12,2.8302075092227259e-12,2.1421884661424265e-12,1.3661809594992184e-12,7.7920882791515371e-13,4.0137180924167637e-13
717,1.2409337272565792e-11,2.1647005964299093e-12,2.9528010051736309e-12,2.7439071555283002e-12,2.0771390393131565e-12,1.3250543062063102e-12,7.5610270373186676e-13,3.8963246618261736e-13
718,1.2032516890199945e-11,2.0985327498633172e-12,2.8625985180655110e-12,2.6602384532840350e-12,2.0140648952368731e-12,1.2851654340076247e-12,7.3368108505170895e-13,3.7823575469087565e-13
719,1.1667138988399137e-11,2.0343875645349721e-12,2.7751517119353690e-12,2.5791211486500763e-12,1.9529060527247404e-12,1.2464770980387040e-12,7.1192371489299613e-13,3.6717169762227964e-13
720,1.1312856106230762e-11,1.9722032065842283e-12,2.6903763958040048e-12,2.5004774353000655e-12,1.8936043519691968e-12,1.2089531738725395e-12,6.9081093508381684e-13,3.5643060761691169e-13
721,1.0969331333717406e-11,1.9119197325634754e-12,2.6081909510328535e-12,2.4242318797751787e-12,1.8361033992361158e-12,1.1725586238215883e-12,6.7032366858194452e-13,3.4600307870625003e-13
722,1.0636237991447855e-11,1.8534790316399490e-12,2.5285162527248546e-12,2.3503113491148722e-12,1.7803485132364443e-12,1.1372594642530270e-12,6.5044340231609193e-13,3.3587997816261654e-13
723,1.0313259319917009e-11,1.7968247695647949e-12,2.4512755935270854e-12,2.2786449406949149e-12,1.7262866731263067e-12,1.1030227338867875e-12,6.3115217053315546e-13,3.2605243858396340e-13
724,1.0000088178299250e-11,1.7419023343553477e-12,2.3763946097617967e-12,2.2091639142053702e-12,1.6738664680861371e-12,1.0698164630468251e-12,6.1243253863654767e-13,3.1651185020722403e-13
725,9.6964267523688222e-12,1.6886587836382361e-12,2.3038012098146686e-12,2.1418016257032511e-12,1.6230380484308806e-12,1.0376096438369734e-12,5.9426758750115875e-13,3.0724985344365421e-13
726,9.4019862712894841e-12,1.6370427936025347e-12,2.2334255047113263e-12,2.0764934636765777e-12,1.5737530782047804e-12,1.0063722012135830e-12,5.7664089825090788e-13,2.9825833162977342e-13
727,9.1164867330040502e-12,1.5870046095137225e-12,2.1651997408152324e-12,2.0131767870584825e-12,1.5259646892156606e-12,9.7607496492799172e-13,5.5953653748525906e-13,2.8952940398770181e-13
728,8.8396566379627651e-12,1.5384959977407299e-12,2.0990582345821389e-12,1.9517908651318740e-12,1.4796274364650040e-12,9.4668964231267279e-13,5.4293904294148089e-13,2.8105541878886481e-13
729,8.5712327309372108e-12,1.4914701992497983e-12,2.0349373093082427e-12,1.8922768192670150e-12,1.4346972549314290e-12,9.1818879188570278e-13,5.2683340957981377e-13,2.7282894671521077e-13
730,8.3109597506742942e-12,1.4458818845203114e-12,1.9727752338111300e-12,1.8345775664360847e-12,1.3911314176664780e-12,8.9054579774894658e-13,5.1120507607908698e-13,2.6484277441225611e-13
731,8.0585901871521706e-12,1.4016871098391052e-12,1.9125121629844341e-12,1.7786377644505429e-12,1.3488884951628627e-12,8.6373484475609716e-13,4.9603991173069610e-13,2.5708989822843213e-13
732,7.8138840462073459e-12,1.3588432749311168e-12,1.8540900801689578e-12,1.7244037588687405e-12,1.3079283159565264e-12,8.3773089442742943e-13,4.8132420371920458e-13,2.4956351813537048e-13
733,7.5766086213090563e-12,1.3173090818855015e-12,1.7974527412847491e-12,1.6718235315228287e-12,1.2682119284250629e-12,8.1250966158881809e-13,4.6704464477818081e-13,2.4225703182391463e-13
734,7.3465382722639177e-12,1.2770444953376116e-12,1.7425456206703133e-12,1.6208466506155837e-12,1.2297015637461563e-12,7.8804759171324393e-13,4.5318832121021346e-13,2.3516402897079579e-13
735,7.1234542106404216e-12,1.2380107038684346e-12,1.6893158585767992e-12,1.5714242223392574e-12,1.1923605999808207e-12,7.6432183894367338e-13,4.3974270126037899e-13,2.2827828567105720e-13
736,6.9071442917091813e-12,1.2001700825842585e-12,1.6377122102665856e-12,1.5235088439700324e-12,1.1561535272472866e-12,7.4131024477682431e-13,4.2669562383274338e-13,2.2159375903145074e-13
737,6.6974028127011104e-12,1.1634861568404851e-12,1.5876849966672344e-12,1.4770545583930726e-12,1.1210459139524096e-12,7.1899131738794797e-13,4.1403528753979320e-13,2.1510458192016776e-13
738,6.4940303171916599e-12,1.1279235670745997e-12,1.5391860565332912e-12,1.4320168100145349e-12,1.0870043740484921e-12,6.9734421157735873e-13,4.0175024007498509e-13,2.0880505786839903e-13
739,6.2968334054251071e-12,1.0934480347143841e-12,1.4921687000698416e-12,1.3883524020182415e-12,1.0539965352843834e-12,6.7634870932001753e-13,3.8982936789889194e-13,2.0268965611934741e-13
740,6.1056245503984981e-12,1.0600263291284934e-12,1.4465876639731710e-12,1.3460194549259923e-12,1.0219910084206574e-12,6.5598520090003740e-13,3.7826188622970360e-13,1.9675300682044374e-13
741,5.9202219195303824e-12,1.0276262355875283e-12,1.4023990678452086e-12,1.3049773664217631e-12,9.9095735737960493e-13,6.3623466661252670e-13,3.6703732932911485e-13,1.9098989635463642e-13
742,5.7404492017447180e-12,9.9621652420470016e-13,1.3595603719397871e-12,1.2651867724012343e-12,9.6086607030164308e-13,6.1707865901571399e-13,3.5614554107489255e-13,1.8539526280674705e-13
743,5.5661354398055258e-12,9.6576691982613741e-13,1.3180303362000115e-12,1.2266095092092787e-12,9.3168853148062183e-13,5.9849928571680703e-13,3.4557666581167455e-13,1.7996419156099527e-13
744,5.3971148677428632e-12,9.3624807284179922e-13,1.2777689805472900e-12,1.1892085770291762e-12,9.0339699415134330e-13,5.8047919267554267e-13,3.3532113947179929e-13,1.7469191102591215e-13
745,5.2332267532154740e-12,9.0763153088883874e-13,1.2387375463837726e-12,1.1529481043884225e-12,8.7596455410340849e-13,5.6300154800985859e-13,3.2536968095820570e-13,1.6957378848296728e-13
746,5.0743152446602622e-12,8.7988971142013948e-13,1.2008984592711251e-12,1.1177933137470793e-12,8.4936512409630322e-13,5.4605002628859421e-13,3.1571328378168068e-13,1.6460532605534092e-13
747,4.9202292230831922e-12,8.5299587511155906e-13,1.1642152927496860e-12,1.0837104881356462e-12,8.2357340905139451e-13,5.2960879329657559e-13,3.0634320794495423e-13,1.5978215679337636e-13
748,4.7708221583506788e-12,8.2692410008224370e-13,1.1286527332631599e-12,1.0506669388104442e-12,7.9856488199723982e-13,5.1366249125787958e-13,2.9725097206636657e-13,1.5510004087334547e-13
749,4.6259519698448396e-12,8.0164925690314714e-13,1.0941765461550704e-12,1.0186309738954706e-12,7.7431576074534257e-13,4.9819622450350531e-13,2.8842834573604507e-13,1.5055486190625800e-13
750,4.4854808913500440e-12,7.7714698436965751e-13,1.0607535427042114e-12,9.8757186798064900e-13,7.5080298527416431e-13,4.8319554557008760e-13,2.7986734209773427e-13,1.4614262335353998e-13
751,4.3492753400423270e-12,7.5339366601496414e-13,1.0283515481673598e-12,9.5745983264729096e-13,7.2800419579989505e-13,4.6864644171669301e-13,2.7156021064962840e-13,1.4185944504649572e-13
752,4.2172057894570325e-12,7.3036640734151853e-13,9.9693937079845930e-13,9.2826598789249897e-13,7.0589771151312097e-13,4.5453532184712867e-13,2.6349943025774759e-13,1.3770155980655955e-13
753,4.0891466463139215e-12,7.0804301374863146e-13,9.6648677181444387e-13,8.9996233442508559e-13,6.8446250996117281e-13,4.4084900382556959e-13,2.5567770237559170e-13,1.3366531016342651e-13
754,3.9649761310825766e-12,6.8640196913492001e-13,9.3696443627876942e-13,8.7252172680643350e-13,6.6367820705654818e-13,4.2757470217367929e-13,2.4808794446398882e-13,1.2974714516823700e-13
755,3.8445761621745613e-12,6.6542241515497116e-13,9.0834394487461606e-13,8.4591784741052075e-13,6.4352503769239396e-13,4.1470001613775227e-13,2.4072328360523552e-13,1.2594361729907142e-13
756,3.7278322436521743e-12,6.4508413111021938e-13,8.8059774654056873e-13,8.2012518117812789e-13,6.2398383694661842e-13,4.0221291811475238e-13,2.3357705030579915e-13,1.2225137945608835e-13
757,3.6146333563470269e-12,6.2536751445464331e-13,8.5369913194242670e-13,7.9511899114100638e-13,6.0503602185675451e-13,3.9010174242645591e-13,2.2664277248202154e-13,1.1866718204371865e-13
758,3.5048718522848995e-12,6.0625356189648450e-13,8.2762220775558758e-13,7.7087529469252157e-13,5.8666357374824782e-13,3.7835517443123140e-13,2.1991416962342659e-13,1.1518787013740036e-13
759,3.3984433523164875e-12,5.8772385107776771e-13,8.0234187173324249e-13,7.4737084058200423e-13,5.6884902109936004e-13,3.6696223996330515e-13,2.1338514712839488e-13,1.1181038073241306e-13
760,3.2952466468566650e-12,5.6976052281394762e-13,7.7783378853636309e-13,7.2458308661073661e-13,5.5157542292639507e-13,3.5591229508966298e-13,2.0704979080711978e-13,1.0853174007243997e-13
761,3.1951835996379023e-12,5.5234626387656357e-13,7.5407436630220963e-13,7.0249017800817535e-13,5.3482635267344730e-13,3.4519501617503919e-13,2.0090236154691288e-13,1.0534906105555435e-13
762,3.0981590543862860e-12,5.3546429030229533e-13,7.3104073392878837e-13,6.8107092646766102e-13,5.1858588259135168e-13,3.3480039024572731e-13,1.9493729013506856e-13,1.0225954071539321e-13
763,3.0040807443314034e-12,5.1909833121232494e-13,7.0871071905338195e-13,6.6030478982150234e-13,5.0283856859098047e-13,3.2471870564322653e-13,1.8914917223464071e-13,9.9260457775346075e-14
764,2.9128592044640463e-12,5.0323261312640419e-13,6.8706282670394583e-13,6.4017185233593366e-13,4.8756943555648360e-13,3.1494054295901029e-13,1.8353276350862090e-13,9.6349170273648009e-14
765,2.8244076864582770e-12,4.8785184475649649e-13,6.6607621860280806e-13,6.2065280560703872e-13,4.7276396310450410e-13,3.0545676624196117e-13,1.7808297488813994e-13,9.3523113257328690e-14
766,2.7386420761769650e-12,4.7294120226533689e-13,6.4573069310274108e-13,6.0172893003931342e-13,4.5840807177582906e-13,2.9625851447027429e-13,1.7279486798044387e-13,9.0779796543026154e-14
767,2.6554808136823375e-12,4.5848631497568866e-13,6.2600666573608269e-13,5.8338207688909561e-13,4.4448810964634112e-13,2.8733719327987572e-13,1.6766365061252091e-13,8.8116802542733188e-14
768,2.5748448156754873e-12,4.4447325151651997e-13,6.0688515035817242e-13,5.6559465085563441e-13,4.3099083934454238e-13,2.7868446694164271e-13,1.6268467250637695e-13,8.5531784152598601e-14
769,2.4966574002910598e-12,4.3088850639274080e-13,5.8834774086694399e-13,5.4834959320309634e-13,4.1790342546330069e-13,2.7029225057994240e-13,1.5785342108207552e-13,8.3022462702960586e-14
770,2.4208442141756284e-12,4.1771898696554791e-13,5.7037659348106835e-13,5.3163036539731413e-13,4.0521342235385034e-13,2.6215270262523452e-13,1.5316551738477198e-13,8.0586625967841298e-14
771,2.3473331617803869e-12,4.0495200083082618e-13,5.5295440955957922e-13,5.1542093324157997e-13,3.9290876229043819e-13,2.5425821749369627e-13,1.4861671213208385e-13,7.8222126232183173e-14
772,2.2760543368009422e-12,3.9257524358343338e-13,5.3606441894643658e-13,4.9970575149626256e-13,3.8097774399436106e-13,2.4660141848704561e-13,1.4420288187824560e-13,7.5926878415157052e-14
773,2.2069399556989899e-12,3.8057678695557091e-13,5.1969036382398798e-13,4.8446974896749059e-13,3.6940902150648006e-13,2.3917515090593809e-13,1.3992002529160208e-13,7.3698858247920032e-14
774,2.1399242932426647e-12,3.6894506731780254e-13,5.0381648305977440e-13,4.6969831405059685e-13,3.5819159339763123e-13,2.3197247537051596e-13,1.3576425954209574e-13,7.1536100504248321e-14
775,2.0749436200042674e-12,3.5766887453163249e-13,4.8842749703161203e-13,4.5537728071445475e-13,3.4731479230667182e-13,2.2498666134188010e-13,1.3173181679550156e-13,6.9436697282514731e-14
776,2.0119361417559212e-12,3.4673734114289612e-13,4.7350859291632934e-13,4.4149291491325767e-13,3.3676827479621216e-13,2.1821118083844100e-13,1.2781904081125908e-13,6.7398796337525937e-14
777,1.9508419407055394e-12,3.3613993190553935e-13,4.5904541042799640e-13,4.2803190141270618e-13,3.2654201151638778e-13,2.1163970234128961e-13,1.2402238364084376e-13,6.5420599460776255e-14
778,1.8916029185172097e-12,3.2586643362568873e-13,4.4502402799190966e-13,4.1498133101796420e-13,3.1662627766731689e-13,2.0526608488290243e-13,1.2033840242371082e-13,6.3500360907716955e-14
779,1.8341627410618162e-12,3.1590694531621683e-13,4.3143094934101731e-13,4.0232868819112951e-13,3.0701164375117353e-13,1.9908437231366792e-13,1.1676375627793072e-13,6.1636385870680477e-14
780,1.7784667848453566e-12,3.0625186865231100e-13,4.1825309052187846e-13,3.9006183904633944e-13,2.9768896660508253e-13,1.9308878774088568e-13,1.1329520328272181e-13,5.9827028996137883e-14
781,1.7244620850640108e-12,2.9689189871884147e-13,4.0547776729764076e-13,3.7816901971099453e-13,2.8864938070630816e-13,1.8727372813505241e-13,1.0992959755016699e-13,5.8070692945006355e-14
782,1.6720972852365602e-12,2.8781801504060820e-13,3.9309268293590610e-13,3.6663882504193319e-13,2.7988428974146833e-13,1.8163375909840225e-13,1.0666388638348191e-13,5.6365826994760314e-14
783,1.6213225883662692e-12,2.7902147288681627e-13,3.8108591636972499e-13,3.5546019768573211e-13,2.7138535843175729e-13,1.7616360979082304e-13,1.0349510751927938e-13,5.4710925682135912e-14
784,1.5720897095857697e-12,2.7049379484139657e-13,3.6944591072031533e-13,3.4462241747263783e-13,2.6314450460640207e-13,1.7085816800841407e-13,1.0042038645135046e-13,5.3104527485253442e-14
785,1.5243518302399342e-12,2.6222676263104268e-13,3.5816146217045677e-13,3.3411509113395214e-13,2.5515389151681576e-13,1.6571247541009589e-13,9.7436933833555192e-14,5.1545213544016033e-14
786,1.4780635533630562e-12,2.5421240920308549e-13,3.4722170917784176e-13,3.2392814233300856e-13,2.4740592038413808e-13,1.6072172288781832e-13,9.4542042959487561e-14,5.0031606417676376e-14
787,1.4331808605080068e-12,2.4644301104556564e-13,3.3661612201799902e-13,3.1405180200017476e-13,2.3989322317307675e-13,1.5588124607604826e-13,9.1733087316647717e-14,4.8562368878494639e-14
788,1.3896610698863131e-12,2.3891108074210010e-13,3.2633449264671636e-13,3.0447659896260781e-13,2.3260865558517659e-13,1.5118652099634862e-13,8.9007518212921393e-14,4.7136202740442293e-14
789,1.3474627957793497e-12,2.3160935975436343e-13,3.1636692487220331e-13,2.9519335085977477e-13,2.2554529026485530e-13,1.4663315983298460e-13,8.6362862473231573e-14,4.5751847721936580e-14
790,1.3065459091820408e-12,2.2453081142522416e-13,3.0670382482752651e-13,2.8619315533602073e-13,2.1869641021174301e-13,1.4221690683561712e-13,8.3796720204290038e-14,4.4408080341619568e-14
791,1.2668714996416586e-12,2.1766861419579132e-13,2.9733589173414472e-13,2.7746738150173708e-13,2.1205550239306235e-13,1.3793363434526060e-13,8.1306762625438081e-14,4.3103712846224423e-14
792,1.2284018382554095e-12,2.1101615502982968e-13,2.8825410894764853e-13,2.6900766165493615e-13,2.0561625154997412e-13,1.3377933893979801e-13,7.8890729963624172e-14,4.1837592169598998e-14
793,1.1911003417916423e-12,2.0456702303920426e-13,2.7944973527708179e-13,2.6080588325529202e-13,1.9937253419199849e-13,1.2975013769545687e-13,7.6546429410624787e-14,4.0608598921983925e-14
794,1.1549315379005367e-12,1.9831500330420782e-13,2.7091429656948491e-13,2.5285418114294601e-13,1.9331841277380102e-13,1.2584226456075865e-13,7.4271733140670162e-14,3.9415646408668097e-14
795,1.1198610313812091e-12,1.9225407088281278e-13,2.6263957755155769e-13,2.4514492999461359e-13,1.8744813004880577e-13,1.2205206683955832e-13,7.2064576386690485e-14,3.8257679677170281e-14
796,1.0858554714731394e-12,1.8637838500307145e-13,2.5461761392058321e-13,2.3767073700975398e-13,1.8175610359426576e-13,1.1837600177989354e-13,6.9922955573451490e-14,3.7133674592119756e-14
797,1.0528825201408274e-12,1.8068228343306537e-13,2.4684068467699911e-13,2.3042443481978697e-13,1.7623692050258431e-13,1.1481063326545982e-13,6.7844926505898834e-14,3.6042636937033024e-14
798,1.0209108213215115e-12,1.7516027702297486e-13,2.3930130469123029e-13,2.2339907461355389e-13,1.7088533223383930e-13,1.1135262860662591e-13,6.5828602611080644e-14,3.4983601542206694e-14
799,9.8990997110670719e-13,1.6980704441400704e-13,2.3199221749762732e-13,2.1658791947242831e-13,1.6569624962461499e-13,1.0799875542799458e-13,6.3872153232065417e-14,3.3955631437969389e-14
800,9.5985048882920843e-13,1.6461742690908046e-13,2.2490638830856997e-13,2.0998443790868124e-13,1.6066473804839490e-13,1.0474587864960539e-13,6.1973801972319348e-14,3.2957817032557218e-14
801,9.3070378902806091e-13,1.5958642350032068e-13,2.1803699724200940e-13,2.0358229760090396e-13,1.5578601272291370e-13,1.0159095755896232e-13,6.0131825089052259e-14,3.1989275313898636e-14
802,9.0244215426483860e-13,1.5470918604857330e-13,2.1137743275592743e-13,1.9737535932047667e-13,1.5105543416000534e-13,9.8531042971154657e-14,5.8344549934085871e-14,3.1049149074615311e-14
803,8.7503870876538176e-13,1.4998101461028591e-13,2.0492128528339058e-13,1.9135767104325800e-13,1.4646850375362089e-13,9.5563274474421090e-14,5.6610353440839712e-14,3.0136606159565587e-14
804,8.4846739286192481e-13,1.4539735290725405e-13,1.9866234106206976e-13,1.8552346224084524e-13,1.4202085950181943e-13,9.2684877758587051e-14,5.4927660656072881e-14,2.9250838735276413e-14
805,8.2270293821131181e-13,1.4095378393486268e-13,1.9259457615228383e-13,1.7986713834593019e-13,1.3770827185866509e-13,8.9893162023882336e-14,5.3294943315058625e-14,2.8391062580629026e-14
806,7.9772084376573212e-13,1.3664602570458979e-13,1.8671215063780666e-13,1.7438327538643961e-13,1.3352663971208449e-13,8.7185517467721296e-14,5.1710718458908811e-14,2.7556516398181345e-14
807,7.7349735247312611e-13,1.3246992711666625e-13,1.8100940300385405e-13,1.6906661478331401e-13,1.2947198648386008e-13,8.4559412847100348e-14,5.0173547092802652e-14,2.6746461145528602e-14
808,7.5000942868510338e-13,1.2842146395891376e-13,1.7548084468683597e-13,1.6391205830693328e-13,1.2554045634805079e-13,8.2012393114338131e-14,4.8682032883911028e-14,2.5960179386120450e-14
809,7.2723473625088965e-13,1.2449673502790229e-13,1.7012115479062681e-13,1.5891466318735154e-13,1.2172831056424342e-13,7.9542077123952281e-14,4.7234820897843271e-14,2.5196974658970045e-14
810,7.0515161727646882e-13,1.2069195836868797e-13,1.6492517496426539e-13,1.5406963737364979e-13,1.1803192392214817e-13,7.7146155408532669e-14,4.5830596372478182e-14,2.4456170866706651e-14
811,6.8373907152872348e-13,1.1700346762950547e-13,1.5988790443615242e-13,1.4937233493785900e-13,1.1444778129415719e-13,7.4822388021535930e-14,4.4468083528074234e-14,2.3737111681439401e-14
812,6.6297673646498743e-13,1.1342770852790135e-13,1.5500449519996407e-13,1.4481825161904452e-13,1.1097247429258755e-13,7.2568602444987828e-14,4.3146044412586954e-14,2.3039159967915072e-14
813,6.4284486786901488e-13,1.0996123542490016e-13,1.5027024734764554e-13,1.4040302050327723e-13,1.0760269802843006e-13,7.0382691560141213e-14,4.1863277781152833e-14,2.2361697223467835e-14
814,6.2332432107496043e-13,1.0660070800390125e-13,1.4568060454499132e-13,1.3612240783534741e-13,1.0433524796852159e-13,6.8262611679195577e-14,4.0618618008729892e-14,2.1704123034273470e-14
815,6.0439653276150500e-13,1.0334288805110403e-13,1.4123114964545537e-13,1.3197230895820312e-13,1.0116701688815183e-13,6.6206380636241183e-14,3.9410934034915011e-14,2.1065854547434475e-14
816,5.8604350329882102e-13,1.0018463633435789e-13,1.3691760043796774e-13,1.2794874437621832e-13,9.8094991916207219e-14,6.4212075935646574e-14,3.8239128339986778e-14,2.0446325958436499e-14
817,5.6824777963158757e-13,9.7122909577427433e-14,1.3273580552466322e-13,1.2404785593851416e-13,9.5116251670041176e-14,6.2277832956161074e-14,3.7102135951250915e-14,1.9844988013529566e-14
818,5.5099243868177659e-13,9.4154757526756155e-14,1.2868174032455250e-13,1.2026590313867169e-13,9.2227963477347051e-14,6.0401843209056044e-14,3.5998923478792585e-14,1.9261307526600661e-14
819,5.3426107125542991e-13,9.1277320107900666e-14,1.2475150319928869e-13,1.1659925952728719e-13,8.9427380682390781e-14,5.8582352648679875e-14,3.4928488179766043e-14,1.8694766910116703e-14
820,5.1803776643811865e-13,8.8487824668893700e-14,1.2094131169729757e-13,1.1304440923392805e-13,8.6711840034042592e-14,5.6817660033849147e-14,3.3889857050378306e-14,1.8144863719729241e-14
821,5.0230709646424984e-13,8.5783583307878761e-14,1.1724749891265586e-13,1.0959794359515326e-13,8.4078759153123136e-14,5.5106115338547234e-14,3.2882085944747770e-14,1.7611110212143837e-14
822,4.8705410204582978e-13,8.3161990282439685e-14,1.1366650995521170e-13,1.0625655788536349e-13,8.1525634076656010e-14,5.3446118210446627e-14,3.1904258719843482e-14,1.7093032915868886e-14
823,4.7226427814673166e-13,8.0620519498127698e-14,1.1019489852854787e-13,1.0301704814734521e-13,7.9050036876691146e-14,5.1836116475816439e-14,3.0955486405733801e-14,1.6590172214469523e-14
824,4.5792356018893963e-13,7.8156722073764555e-14,1.0682932361249337e-13,9.9876308119468057e-14,7.6649613351434662e-14,5.0274604689419511e-14,3.0034906400396197e-14,1.6102081941963298e-14
825,4.4401831067765386e-13,7.5768223981174844e-14,1.0356654624698872e-13,9.6831326256588259e-14,7.4322080786489738e-14,4.8760122728045689e-14,2.9141681688361954e-14,1.5628328990004681e-14
826,4.3053530623253436e-13,7.3452723757071629e-14,1.0040342641420857e-13,9.3879182841799879e-14,7.2065225784079131e-14,4.7291254426368390e-14,2.8275000082490956e-14,1.5168492926515862e-14
827,4.1746172501275380e-13,7.1207990284889924e-14,9.7336920015939298e-14,9.1017047186263863e-14,6.9876902158185522e-14,4.5866626253851412e-14,2.7434073488192675e-14,1.4722165625431046e-14
828,4.0478513452389792e-13,6.9031860644429324e-14,9.4364075943301360e-14,8.8242174914428412e-14,6.7755028893607540e-14,4.4484906031470530e-14,2.6618137189429506e-14,1.4288950907231230e-14
829,3.9249347979512220e-13,6.6922238027232824e-14,9.1482033235994983e-14,8.5551905332036683e-14,6.5697588166990954e-14,4.3144801687052606e-14,2.5826449155858367e-14,1.3868464189955780e-14
830,3.8057507191531770e-13,6.4877089715692135e-14,8.8688018328334135e-14,8.2943658874397139e-14,6.3702623427952898e-14,4.1845060048069838e-14,2.5058289370485364e-14,1.3460332150386168e-14
831,3.6901857691738710e-13,6.2894445123931309e-14,8.5979342379416784e-14,8.0414934632468741e-14,6.1768237538474567e-14,4.0584465670762615e-14,2.4312959177226977e-14,1.3064192395106126e-14
832,3.5781300500005950e-13,6.0972393898579942e-14,8.3353398684861232e-14,7.7963307954387798e-14,5.9892590968792768e-14,3.9361839704497917e-14,2.3589780647788814e-14,1.2679693141151022e-14
833,3.4694770007699357e-13,5.9109084077605007e-14,8.0807660167616058e-14,7.5586428120136090e-14,5.8073900048074866e-14,3.8176038790303058e-14,2.2888095967290879e-14,1.2306492905967593e-14
834,3.3641232964323206e-13,5.7302720305426630e-14,7.8339676945428217e-14,7.3282016087119370e-14,5.6310435268213427e-14,3.7025953992546631e-14,2.2207266838084549e-14,1.1944260206413257e-14
835,3.2619687494937015e-13,5.5551562102596690e-14,7.5947073972626758e-14,7.1047862304493965e-14,5.4600519639127775e-14,3.5910509762769411e-14,2.1546673901223472e-14,1.1592673266532072e-14
836,3.1629162147409325e-13,5.3853922188372556e-14,7.3627548753951876e-14,6.8881824594144859e-14,5.2942527094008073e-14,3.4828662934697781e-14,2.0905716175065985e-14,1.1251419733852077e-14
837,3.0668714968602498e-13,5.2208164854568735e-14,7.1378869128227929e-14,6.6781826096282537e-14,5.1334880942985740e-14,3.3779401749501570e-14,2.0283810510502372e-14,1.0920196403956101e-14
838,2.9737432608609995e-13,5.0612704389118734e-14,6.9198871119746832e-14,6.4745853277688162e-14,4.9776052373759376e-14,3.2761744910386397e-14,1.9680391062315162e-14,1.0598708953085335e-14
839,2.8834429452194209e-13,4.9066003547827617e-14,6.7085456855292616e-14,6.2771954000696352e-14,4.8264558997750567e-14,3.1774740665637719e-14,1.9094908776195233e-14,1.0286671678542001e-14
840,2.7958846776598975e-13,4.7566572072841805e-14,6.5036592544802236e-14,6.0858235651063428e-14,4.6798963440406923e-14,3.0817465919260708e-14,1.8526830890950507e-14,9.9838072466641089e-15
841,2.7109851934935862e-13,4.6112965256408068e-14,6.3050306523717916e-14,5.9002863322925345e-14,4.5377871974311801e-14,2.9889025368385634e-14,1.7975640455457791e-14,9.6898464481520414e-15
842,2.6286637564367637e-13,4.4703782548537127e-14,6.1124687355146433e-14,5.7204058059104185e-14,4.3999933193800829e-14,2.8988550666633238e-14,1.7440835859921610e-14,9.4045279605329656e-15
843,2.5488420818335932e-13,4.3337666207229537e-14,5.9257881989998084e-14,5.5460095145075490e-14,4.2663836729824911e-14,2.8115199612659284e-14,1.6921930381016692e-14,9.1275981175553183e-15
844,2.4714442622102963e-13,4.2013299989962990e-14,5.7448093983333868e-14,5.3769302454959902e-14,4.1368312003837460e-14,2.7268155363120448e-14,1.6418451740503302e-14,8.8588106853117105e-15
845,2.3963966950899449e-13,4.0729407885179238e-14,5.5693581765203774e-14,5.2130058847952485e-14,4.0112127019521001e-14,2.6446625669326824e-14,1.5929941676916866e-14,8.5979266448943473e-15
846,2.3236280129992113e-13,3.9484752882548168e-14,5.3992656964311024e-14,5.0540792613651775e-14,3.8894087191204045e-14,2.5649842136868351e-14,1.5455955529944902e-14,8.3447139813928183e-15
847,2.2530690156005272e-13,3.8278135780823356e-14,5.2343682782888737e-14,4.8999979964797275e-14,3.7713034207854051e-14,2.4877059507523802e-14,1.4996061837115913e-14,8.0989474790496041e-15
848,2.1846526038851180e-13,3.7108394032139990e-14,5.0745072421224052e-14,4.7506143575969528e-14,3.6567844931566328e-14,2.4127554962782030e-14,1.4549841942435888e-14,7.8604085223940096e-15
849,2.1183137163643087e-13,3.5974400621641093e-14,4.9195287550313120e-14,4.6057851166851235e-14,3.5457430329501227e-14,2.3400627448324913e-14,1.4116889616618802e-14,7.6288849031804759e-15
850,2.0539892671984448e-13,3.4875062981352045e-14,4.7692836831176253e-14,4.4653714128690424e-14,3.4380734438253974e-14,2.2695597018841502e-14,1.3696810688568097e-14,7.4041706329622000e-15
851,1.9916180862045837e-13,3.3809321937256363e-14,4.6236274479407864e-14,4.3292386192648293e-14,3.3336733359672378e-14,2.2011804202561446e-14,1.3289222687776061e-14,7.1860657611359917e-15
852,1.9311408606859021e-13,3.2776150688557827e-14,4.4824198873579190e-14,4.1972562138754356e-14,3.2324434287167380e-14,2.1348609384914398e-14,1.2893754497318062e-14,6.9743761982989984e-15
853,1.8725000790275022e-13,3.1774553818144956e-14,4.3455251206153805e-14,4.0692976544230470e-14,3.1342874561590541e-14,2.0705392210739840e-14,1.2510046017128024e-14,6.7689135447625946e-15
854,1.8156399760049879e-13,3.0803566333304001e-14,4.2128114175617450e-14,3.9452402569983446e-14,3.0391120755780627e-14,2.0081551004489202e-14,1.2137747837250860e-14,6.5694949240732029e-15
855,1.7605064797537848e-13,2.9862252735755707e-14,4.0841510718562618e-14,3.8249650784101955e-14,2.9468267786908742e-14,1.9476502207878759e-14,1.1776520920776532e-14,6.3759428213942007e-15
856,1.7070471603487927e-13,2.8949706120119473e-14,3.9594202780507637e-14,3.7083568021229521e-14,2.8573438055777891e-14,1.8889679834468277e-14,1.1426036296169191e-14,6.1880849266072805e-15
857,1.6552111799454520e-13,2.8065047299935808e-14,3.8384990124266406e-14,3.5953036276719383e-14,2.7705780612258440e-14,1.8320534940656101e-14,1.1085974758713275e-14,6.0057539819957845e-15
858,1.6049492444348291e-13,2.7207423960404681e-14,3.7212709174722004e-14,3.4856971634510701e-14,2.6864470346065884e-14,1.7768535112596523e-14,1.0756026580806674e-14,5.8287876343764656e-15
859,1.5562135565667322e-13,2.6376009837023005e-14,3.6076231898891615e-14,3.3794323227697536e-14,2.6048707202111348e-14,1.7233163968560521e-14,1.0435891230839101e-14,5.6570282915500997e-15
860,1.5089577704962853e-13,2.5570003919329589e-14,3.4974464720204838e-14,3.2764072230793952e-14,2.5257715419678627e-14,1.6713920676274986e-14,1.0125277100401491e-14,5.4903229829450512e-15
861,1.4631369477107378e-13,2.4788629678989963e-14,3.3906347465949982e-14,3.1765230882728399e-14,2.4490742794704339e-14,1.6210319484789730e-14,9.8239012395797761e-15,5.3285232243316024e-15
862,1.4187075142945921e-13,2.4031134321477010e-14,3.2870852346875085e-14,3.0796841539630311e-14,2.3747059964459534e-14,1.5721889270435149e-14,9.5314891000937119e-15,5.1714848864884126e-15
863,1.3756272194924141e-13,2.3296788060626154e-14,3.1866982967961204e-14,2.9857975756500679e-14,2.3025959713952592e-14,1.5248173096446423e-14,9.2477742860484884e-15,5.0190680677058900e-15
864,1.3338550955299220e-13,2.2584883415365740e-14,3.0893773369415816e-14,2.8947733396885341e-14,2.2326756303393810e-14,1.4788727785843094e-14,8.9724983120737229e-15,4.8711369700146407e-15
865,1.2933514186551379e-13,2.1894734527944799e-14,2.9950287096962920e-14,2.8065241769697460e-14,2.1648784816082115e-14,1.4343123507164998e-14,8.7054103686310860e-15,4.7275597790303999e-15
866,1.2540776713625657e-13,2.1225676503000985e-14,2.9035616300534771e-14,2.7209654792361025e-14,2.0991400526093731e-14,1.3910943372677766e-14,8.4462670942783315e-15,4.5882085473099921e-15
867,1.2159965057644612e-13,2.0577064766831618e-14,2.8148880860497741e-14,2.6380152179472847e-14,2.0353978285171614e-14,1.3491783048672581e-14,8.1948323546837357e-15,4.4529590811159746e-15
868,1.1790717080743621e-13,1.9948274446250225e-14,2.7289227540570949e-14,2.5575938656204789e-14,1.9735911928232417e-14,1.3085250377496242e-14,7.9508770281910332e-15,4.3216908304905485e-15
869,1.1432681641691147e-13,1.9338699766429904e-14,2.6455829166622199e-14,2.4796243195691851e-14,1.9136613696925858e-14,1.2690965010958509e-14,7.7141787977408914e-15,4.1942867825422474e-15
870,1.1085518261966331e-13,1.8747753467153040e-14,2.5647883830550745e-14,2.4040318279674627e-14,1.8555513680698153e-14,1.2308558054774359e-14,7.4845219489606916e-15,4.0706333578517060e-15
871,1.0748896801976469e-13,1.8174866236904719e-14,2.4864614118490388e-14,2.3307439181687027e-14,1.7992059274828041e-14,1.1937671723709040e-14,7.2616971742399327e-15,3.9506203099055365e-15
872,1.0422497147106398e-13,1.7619486164264421e-14,2.4105266362589910e-14,2.2596903272101740e-14,1.7445714654920082e-14,1.1577959007103839e-14,7.0455013826139738e-15,3.8341406274699995e-15
873,1.0106008903301292e-13,1.7081078206067126e-14,2.3369109915650585e-14,2.1908029344366881e-14,1.6915960267355336e-14,1.1229083344470144e-14,6.8357375152841404e-15,3.7210904398187062e-15
874,9.7991311018933474e-14,1.6559123671821208e-14,2.2655436447922438e-14,2.1240156961787675e-14,1.6402292335215046e-14,1.0890718310848803e-14,6.6322143666071989e-15,3.6113689247311045e-15
875,9.5015719133916538e-14,1.6053119723886271e-14,2.1963559265382314e-14,2.0592645824226594e-14,1.5904222379207300e-14,1.0562547311640881e-14,6.4347464103922545e-15,3.5048782191809074e-15
876,9.2130483699630869e-14,1.5562578892929006e-14,2.1292812648837465e-14,1.9964875154114577e-14,1.5421276753141223e-14,1.0244263286624769e-14,6.2431536313478523e-15,3.4015233326359928e-15
877,8.9332860963403372e-14,1.5087028608190137e-14,2.0642551213218436e-14,1.9356243101184462e-14,1.4952996193506897e-14,9.9355684228831645e-15,6.0572613615267242e-15,3.3012120628935673e-15
878,8.6620190489011106e-14,1.4626010742109678e-14,2.0012149286444501e-14,1.8766166165355704e-14,1.4498935382732649e-14,9.6361738763718124e-15,5.8769001216201512e-15,3.2038549143766225e-15
879,8.3989892626704498e-14,1.4179081168871584e-14,1.9401000307263608e-14,1.8194078637216861e-14,1.4058662525704453e-14,9.3457995018698494e-15,5.7019054669582877e-15,3.1093650188198570e-15
880,8.1439466060055374e-14,1.3745809336442241e-14,1.8808516241487283e-14,1.7639432055569242e-14,1.3631758939144670e-14,9.0641735910595562e-15,5.5321178380770443e-15,3.0176580582753305e-15
881,7.8966485427297098e-14,1.3325777851690418e-14,1.8234127016058409e-14,1.7101694681511415e-14,1.3217818653459658e-14,8.7910326184908270e-15,5.3673824157162325e-15,2.9286521903701414e-15
882,7.6568599014894933e-14,1.2918582078188696e-14,1.7677279970407209e-14,1.6580350988560217e-14,1.2816448026677649e-14,8.5261209951930481e-15,5.2075489801177179e-15,2.8422679757504070e-15
883,7.4243526521152958e-14,1.2523829746308767e-14,1.7137439324567152e-14,1.6074901168319222e-14,1.2427265370109712e-14,8.2691908297042162e-15,5.0524717744961746e-15,2.7584283076477178e-15
884,7.1989056887731099e-14,1.2141140575234788e-14,1.6614085663538853e-14,1.5584860651220569e-14,1.2049900585377870e-14,8.0200016962940765e-15,4.9020093725588221e-15,2.6770583435061117e-15
885,6.9803046197010082e-14,1.1770145906530470e-14,1.6106715437405593e-14,1.5109759641880519e-14,1.1683994812465175e-14,7.7783204101647336e-15,4.7560245499541872e-15,2.5980854386094110e-15
886,6.7683415633304760e-14,1.1410488348906731e-14,1.5614840476719189e-14,1.4649142668623072e-14,1.1329200088453021e-14,7.5439208094187432e-15,4.6143841595334723e-15,2.5214390816505242e-15
887,6.5628149505986800e-14,1.1061821433847517e-14,1.5137987522689797e-14,1.4202568146739676e-14,1.0985179016621248e-14,7.3165835435910057e-15,4.4769590103115688e-15,2.4470508321860034e-15
888,6.3635293332637302e-14,1.0723809281761900e-14,1.4675697771727300e-14,1.3769607955066075e-14,1.0651604445596263e-14,7.0960958685468664e-15,4.3436237500180881e-15,2.3748542599208165e-15
889,6.1702951980405746e-14,1.0396126278340628e-14,1.4227526433895933e-14,1.3349847025470274e-14,1.0328159158242134e-14,6.8822514475548624e-15,4.2142567511320396e-15,2.3047848857698796e-15
890,5.9829287863808615e-14,1.0078456760805286e-14,1.3793042304857037e-14,1.2942882944857898e-14,1.0014535569998776e-14,6.6748501583482222e-15,4.0887400002969141e-15,2.2367801246444703e-15
891,5.8012519197253121e-14,9.7704947137475751e-15,1.3371827350887943e-14,1.2548325569313212e-14,9.7104354363803568e-15,6.4736979059948844e-15,3.9669589910160144e-15,2.1707792299131364e-15
892,5.6250918300624811e-14,9.4719434742656107e-15,1.2963476306577437e-14,1.2165796650005788e-14,9.4155695693557611e-15,6.2786064414012035e-15,3.8488026195308108e-15,2.1067232394881991e-15
893,5.4542809956327328e-14,9.1825154461130504e-15,1.2567596284810664e-14,1.1794929470504024e-14,9.1296575623414447e-15,6.0893931852797746e-15,3.7341630837880116e-15,2.0445549234903596e-15
894,5.2886569816212141e-14,8.9019318225855243e-15,1.2183806398667907e-14,1.1435368495147645e-14,8.8524275235450681e-15,5.9058810574168997e-15,3.6229357854037765e-15,1.9842187334453192e-15
895,5.1280622856883294e-14,8.6299223178772999e-15,1.1811737394873398e-14,1.1086769028142047e-14,8.5836158174064293e-15,5.7278983110801850e-15,3.5150192345362912e-15,1.9256607529676455e-15
896,4.9723441881908135e-14,8.3662249066492577e-15,1.1451031298441222e-14,1.0748796883047428e-14,8.3229668138897518e-15,5.5552783724115629e-15,3.4103149575804680e-15,1.8688286498884463e-15
897,4.8213546069509737e-14,8.1105855715571987e-15,1.1101341068176330e-14,1.0421128062345830e-14,8.0702326453889294e-15,5.3878596846556464e-15,3.3087274076011415e-15,1.8136716297846558e-15
898,4.6749499564359856e-14,7.8627580584971138e-15,1.0762330262698977e-14,1.0103448446778718e-14,7.8251729710145520e-15,5.2254855570779098e-15,3.2101638774235994e-15,1.7601403908689837e-15
899,4.5329910112133471e-14,7.6225036393315781e-15,1.0433672716671178e-14,9.7954534941572130e-15,7.5875547480385801e-15,5.0680040184315003e-15,3.1145344153026632e-15,1.7081870802007667e-15
900,4.3953427735526126e-14,7.3895908818685228e-15,1.0115052226913457e-14,9.4968479473560680e-15,7.3571520102792785e-15,4.9152676748357745e-15,3.0217517430939041e-15,1.6577652511791183e-15
901,4.2618743450475169e-14,7.1637954268707823e-15,9.8061622481097894e-15,9.2073455512114056e-15,7.1337456532157090e-15,4.7671335719337615e-15,2.9317311768528199e-15,1.6088298222809067e-15
902,4.1324588021364217e-14,6.9448997718814149e-15,9.5067055978078346e-15,8.9266687780506677e-15,6.9171232256273891e-15,4.6234630611997539e-15,2.8443905497899898e-15,1.5613370370071686e-15
903,4.0069730754026699e-14,6.7326930616565333e-15,9.2163941704304482e-15,8.6545485615915881e-15,6.7070787275610002e-15,4.4841216702721046e-15,2.7596501375123774e-15,1.5152444250026462e-15
904,3.8852978325401066e-14,6.5269708850036101e-15,8.9349486600232635e-15,8.3907240389549550e-15,6.5034124144320320e-15,4.3489789771900539e-15,2.6774325854830082e-15,1.4705107643141525e-15
905,3.7673173648724532e-14,6.3275350778295087e-15,8.6620982914714200e-15,8.1349423005438036e-15,6.3059306070750152e-15,4.2179084884170767e-15,2.5976628386332421e-15,1.4270960447544716e-15
906,3.6529194773186078e-14,6.1341935322083867e-15,8.3975805599267126e-15,7.8869581475491025e-15,6.1144455075617846e-15,4.0907875205367741e-15,2.5202680730638409e-15,1.3849614323394752e-15
907,3.5419953816992579e-14,5.9467600112854926e-15,8.1411409781943938e-15,7.6465338568494285e-15,5.9287750206125515e-15,3.9674970855107460e-15,2.4451776297728890e-15,1.3440692347670799e-15
908,3.4344395932833296e-14,5.7650539698384375e-15,7.8925328318364177e-15,7.4134389530791618e-15,5.7487425804300001e-15,3.8479217793912251e-15,2.3723229503504768e-15,1.3043828679075800e-15
909,3.3301498304758894e-14,5.5889003803230540e-15,7.6515169417554308e-15,7.1874499876465838e-15,5.5741769827917179e-15,3.7319496743844789e-15,2.3016375145818376e-15,1.2658668232757841e-15
910,3.2290269175521093e-14,5.4181295642361409e-15,7.4178614340309924e-15,6.9683503244899798e-15,5.4049122222412801e-15,3.6194722141641088e-15,2.2330567799023452e-15,1.2284866364562457e-15
911,3.1309746903448123e-14,5.2525770286326181e-15,7.1913415167864524e-15,6.7559299323662957e-15,5.2407873342231718e-15,3.5103841123364117e-15,2.1665181226494614e-15,1.1922088564537130e-15
912,3.0358999047958836e-14,5.0920833076395135e-15,6.9717392638717436e-15,6.5499851834731249e-15,5.0816462420114241e-15,3.4045832539629295e-15,2.1019607810583569e-15,1.1570010159417438e-15
913,2.9437121482846052e-14,4.9364938088140502e-15,6.7588434051538501e-15,6.3503186582109262e-15,4.9273376082863943e-15,3.3019706000481357e-15,2.0393257999494907e-15,1.1228316023832078e-15
914,2.8543237536485844e-14,4.7856586641977710e-15,6.5524491232131144e-15,6.1567389558982397e-15,4.7777146912185440e-15,3.2024500949030149e-15,1.9785559770579810e-15,1.0896700299971822e-15
915,2.7676497158155076e-14,4.6394325859231472e-15,6.3523578562496915e-15,5.9690605112583687e-15,4.6326352049223638e-15,3.1059285762979517e-15,1.9195958109560764e-15,1.0574866125474772e-15
916,2.6836076109664476e-14,4.4976747262335334e-15,6.1583771070104501e-15,5.7871034165015580e-15,4.4919611841477323e-15,3.0123156883209620e-15,1.8623914505214848e-15,1.0262525369287554e-15
917,2.6021175181538454e-14,4.3602485417815407e-15,5.9703202575523858e-15,5.6106932488320306e-15,4.3555588530800470e-15,2.9215237968598199e-15,1.8068906459057109e-15,9.9593983752691593e-16
918,2.5231019432996319e-14,4.2270216620750926e-15,5.7880063896642993e-15,5.4396609032144729e-15,4.2232984981243444e-15,2.8334679076291009e-15,1.7530427009579245e-15,9.6652137133108359e-16
919,2.4464857455012140e-14,4.0978657619443414e-15,5.6112601107738264e-15,5.2738424302396095e-15,4.0950543445524533e-15,2.7480655866655139e-15,1.7007984270611782e-15,9.3797079377521869e-16
920,2.3721960655752406e-14,3.9726564379065667e-15,5.4399113851723198e-15,5.1130788789333631e-15,3.9707044368958517e-15,2.6652368832172214e-15,1.6501100983390947e-15,9.1026253528799267e-16
921,2.3001622567712038e-14,3.8512730883099059e-15,5.2737953703950930e-15,4.9572161443588648e-15,3.8501305229705125e-15,2.5849042549550837e-15,1.6009314081923699e-15,8.8337177853020685e-16
922,2.2303158175889763e-14,3.7335987971404060e-15,5.1127522585995570e-15,4.8061048198651833e-15,3.7332179414234245e-15,2.5069924954359065e-15,1.5532174271256525e-15,8.5727443629963347e-16
923,2.1625903266364124e-14,3.6195202213804317e-15,4.9566271227885680e-15,4.6596000538410697e-15,3.6198555126938721e-15,2.4314286637499162e-15,1.5069245618265183e-15,8.3194713008374386e-16
924,2.0969213794650438e-14,3.5089274818098584e-15,4.8052697677309940e-15,4.5175614108363564e-15,3.5099354332857647e-15,2.3581420162866922e-15,1.4620105154594061e-15,8.0736716924136495e-16
925,2.0332465273238255e-14,3.4017140571448519e-15,4.6585345854359975e-15,4.3798527369178327e-15,3.4033531732504787e-15,2.2870639405557748e-15,1.4184342491384669e-15,7.8351253079485203e-16
926,1.9715052177726684e-14,3.2977766814121836e-15,4.5162804150419169e-15,4.2463420291304780e-15,3.3000073767827273e-15,2.2181278910001076e-15,1.3761559445443640e-15,7.6036183981490814e-16
927,1.9116387370993012e-14,3.1970152444602035e-15,4.3783704069849374e-15,4.1169013089388693e-15,3.1997997658349214e-15,2.1512693267423011e-15,1.3351369676510757e-15,7.3789435038070225e-16
928,1.8535901544846886e-14,3.0993326955105915e-15,4.2446718913167651e-15,3.9914064995274074e-15,3.1026350466583623e-15,2.0864256512055351e-15,1.2953398335297831e-15,7.1608992709844276e-16
929,1.7973042678639221e-14,3.0046349496579444e-15,4.1150562500445913e-15,3.8697373068416929e-15,3.0084208191823977e-15,2.0235361535526568e-15,1.2567281721978808e-15,6.9492902716205772e-16
930,1.7427275514310861e-14,2.9128307972270879e-15,3.9893987933704776e-15,3.7517771042569831e-15,2.9170674891453547e-15,1.9625419518887399e-15,1.2192666954821080e-15,6.7439268294010718e-16
931,1.6898081047381865e-14,2.8238318159007806e-15,3.8675786397110243e-15,3.6374128207631215e-15,2.8284881828936955e-15,1.9033859381740098e-15,1.1829211648657076e-15,6.5446248507352325e-16
932,1.6384956033397376e-14,2.7375522855331131e-15,3.7494785993818799e-15,3.5265348325587367e-15,2.7425986647683730e-15,1.8460127247956366e-15,1.1476583602904244e-15,6.3512056606921473e-16
933,1.5887412509360675e-14,2.6539091055665263e-15,3.6349850618351078e-15,3.4190368579507411e-15,2.6593172569998181e-15,1.7903685927484575e-15,1.1134460498850045e-15,6.1634958437502103e-16
934,1.5404977329698309e-14,2.5728217149728631e-15,3.5239878863409021e-15,3.3148158554583472e-15,2.5785647620353895e-15,1.7364014413761833e-15,1.0802529605927095e-15,5.9813270892191185e-16
935,1.4937191716316078e-14,2.4942120146412986e-15,3.4163802960084317e-15,3.2137719250238980e-15,2.5002643872254162e-15,1.6840607396261117e-15,1.0480487496711676e-15,5.8045360411975531e-16
936,1.4483610822317991e-14,2.4180042921383754e-15,3.3120587750438124e-15,3.1158082122357722e-15,2.4243416717962149e-15,1.6332974787717724e-15,1.0168039770386796e-15,5.6329641529336421e-16
937,1.4043803308973204e-14,2.3441251487676184e-15,3.2109229691463255e-15,3.0208308154715295e-15,2.3507244160406366e-15,1.5840641265593078e-15,9.8649007844185729e-16,5.4664575454592712e-16
938,1.3617350935528781e-14,2.2725034288584575e-15,3.1128755889470153e-15,2.9287486958722450e-15,2.2793426126588024e-15,1.5363145827347302e-15,9.5707933942022499e-16,5.3048668703730386e-16
939,1.3203848161478147e-14,2.2030701512163203e-15,3.0178223163967395e-15,2.8394735900617088e-15,2.2101283801837373e-15,1.4900041359104725e-15,9.2854487004413421e-16,5.1480471766503349e-16
940,1.2802901760906986e-14,2.1357584426678208e-15,2.9256717140135651e-15,2.7529199255268066e-15,2.1430158984285976e-15,1.4450894217309047e-15,9.0086058040303782e-16,4.9958577813625366e-16
941,1.2414130448549882e-14,2.0705034736370237e-15,2.8363351369021771e-15,2.6690047385779225e-15,2.0779413458940943e-15,1.4015283822977195e-15,8.7400115682186064e-16,4.8481621441908347e-16
942,1.2037164517202053e-14,2.0072423956907012e-15,2.7497266474606201e-15,2.5876475948107012e-15,2.0148428390765974e-15,1.3592802268172354e-15,8.4794203878385353e-16,4.7048277456234608e-16
943,1.1671645486141435e-14,1.9459142809923962e-15,2.6657629326922809e-15,2.5087705119929082e-15,1.9536603736192013e-15,1.3183053934328408e-15,8.2265939653896503e-16,4.5657259687284253e-16
944,1.1317225760226687e-14,1.8864600636069480e-15,2.5843632240435403e-15,2.4322978853024363e-15,1.8943357672497933e-15,1.2785655122068871e-15,7.9813010937738443e-16,4.4307319843969775e-16
945,1.0973568299347031e-14,1.8288224825989298e-15,2.5054492196899385e-15,2.3581564148447686e-15,1.8368126044518516e-15,1.2400233692174225e-15,7.7433174454851457e-16,4.2997246399560683e-16
946,1.0640346297909506e-14,1.7729460268701574e-15,2.4289450091960532e-15,2.2862750353804012e-15,1.7810361828153690e-15,1.2026428717362032e-15,7.5124253680621181e-16,4.1725863510511009e-16
947,1.0317242874058874e-14,1.7187768816831208e-15,2.3547770004766070e-15,2.2165848481948332e-15,1.7269534610168718e-15,1.1663890144554148e-15,7.2884136856171328e-16,4.0492029967031168e-16
948,1.0003950768334652e-14,1.6662628768188100e-15,2.2828738489884804e-15,2.1490190550458053e-15,1.6745130083790775e-15,1.1312278467315385e-15,7.0710775062620417e-16,3.9294638174473704e-16
949,9.7001720514786878e-15,1.6153534363189728e-15,2.2131663890855058e-15,2.0835128941244438e-15,1.6236649559622122e-15,1.0971264408157267e-15,6.8602180352552758e-16,3.8132613164629688e-16
950,9.4056178411153684e-15,1.5659995297643873e-15,2.1455875674699671e-15,2.0200035779688999e-15,1.5743609491404840e-15,1.0640528610409874e-15,6.6556423937005072e-16,3.7004911636059162e-16
951,9.1200080270351578e-15,1.5181536250421910e-15,2.0800723786767717e-15,1.9584302332709626e-15,1.5265541016186169e-15,1.0319761339373649e-15,6.4571634426320908e-16,3.5910521022604272e-16
952,8.8430710048200799e-15,1.4717696425567665e-15,2.0165578025281842e-15,1.8987338425179191e-15,1.4801989508447076e-15,1.0008662192471754e-15,6.2645996123273453e-16,3.4848458589259109e-16
953,8.5745434175579068e-15,1.4268029108400470e-15,1.9549827434989527e-15,1.8408571874137040e-15,1.4352514147770142e-15,9.7069398181319667e-16,6.0777747366905306e-16,3.3817770554593925e-16
954,8.3141699053994563e-15,1.3832101235184849e-15,1.8952879719334579e-15,1.7847447940250892e-15,1.3916687499635550e-15,9.4143116431352060e-16,5.8965178925579296e-16,3.2817531238955439e-16
955,8.0617028627207547e-15,1.3409492975952072e-15,1.8374160670583153e-15,1.7303428796003210e-15,1.3494095108946634e-15,9.1305036081758180e-16,5.7206632437779465e-16,3.1846842237687298e-16
956,7.8169022026592241e-15,1.2999797330071643e-15,1.7813113617355945e-15,1.6775993010091945e-15,1.3084335105898297e-15,8.8552499113862727e-16,5.5500498899244480e-16,3.0904831618636917e-16
957,7.5795351287998943e-15,1.2602619734183021e-15,1.7269198889034797e-15,1.6264635047551494e-15,1.2687017823813657e-15,8.5882927595865111e-16,5.3845217195057722e-16,2.9990653143236779e-16
958,7.3493759137945932e-15,1.2217577682109810e-15,1.6741893296528318e-15,1.5768864785114348e-15,1.2301765428585359e-15,8.3293821270252880e-16,5.2239272675359588e-16,2.9103485510468552e-16
959,7.1262056847035598e-15,1.1844300356390158e-15,1.6230689628896811e-15,1.5288207041348895e-15,1.1928211559369263e-15,8.0782755213879430e-16,5.0681195773386185e-16,2.8242531623039088e-16
960,6.9098122148553148e-15,1.1482428271068360e-15,1.5735096165352056e-15,1.4822201121122712e-15,1.1566000980188761e-15,7.8347377568517559e-16,4.9169560664578225e-16,2.7407017875116830e-16
961,6.6999897220269271e-15,1.1131612925403434e-15,1.5254636202162389e-15,1.4370400373954682e-15,1.1214789242118452e-15,7.5985407339766846e-16,4.7702983965540190e-16,2.6596193460996087e-16
962,6.4965386727526882e-15,1.0791516468161056e-15,1.4788847594007692e-15,1.3932371765832376e-15,1.0874242355725888e-15,7.3694632262256645e-16,4.6280123471666534e-16,2.5809329704075513e-16
963,6.2992655925751358e-15,1.0461811372165354e-15,1.4337282309342993e-15,1.3507695464084168e-15,1.0544036473459923e-15,7.1472906729147670e-16,4.4899676932286762e-16,2.5045719405554648e-16
964,6.1079828820579588e-15,1.0142180118796973e-15,1.3899505999342744e-15,1.3095964434908031e-15,1.0223857581683610e-15,6.9318149783996915e-16,4.3560380862215165e-16,2.4304676212270298e-16
965,5.9225086383858615e-15,9.8323148921334725e-16,1.3475097580010964e-15,1.2696784053171162e-15,9.9134012020588030e-16,6.7228343173106989e-16,4.2261009388624048e-16,2.3585534003111065e-16
966,5.7426664823816552e-15,9.5319172824372534e-16,1.3063648827055092e-15,1.2309771724106205e-15,9.6123721019984522e-16,6.5201529456538966e-16,4.1000373132191490e-16,2.2887646293464982e-16
967,5.5682853907761757e-15,9.2406979987054327e-16,1.2664763983133691e-15,1.1934556516541438e-15,9.3204840139113010e-16,6.3235810176021939e-16,3.9777318121505763e-16,2.2210385657171221e-16
968,5.3991995335714423e-15,8.9583765900046058e-16,1.2278059377100012e-15,1.1570778807313177e-15,9.0374593629719329e-16,6.1329344078046183e-16,3.8590724739738556e-16,2.1553143165462188e-16
969,5.2352481163424357e-15,8.6846811753220794e-16,1.1903163054875045e-15,1.1218089936519520e-15,8.7630290031573382e-16,5.9480345390477499e-16,3.7439506702628787e-16,2.0915327842397452e-16
970,5.0762752273275213e-15,8.4193481816732000e-16,1.1539714421594823e-15,1.0876151873284811e-15,8.4969319612989526e-16,5.7687082151081762e-16,3.6322610066846998e-16,2.0296366136305516e-16
971,4.9221296891621037e-15,8.1621220902125209e-16,1.1187363894687595e-15,1.0544636891714421e-15,8.2389151889067864e-16,5.5947874586395603e-16,3.5239012267837833e-16,1.9695701406763716e-16
972,4.7726649151145162e-15,7.9127551901041435e-16,1.0845772567547024e-15,1.0223227256729075e-15,7.9887333215296154e-16,5.4261093539427710e-16,3.4187721186265241e-16,1.9112793426660138e-16
973,4.6277387696874406e-15,7.6710073399140815e-16,1.0514611883477763e-15,9.9116149194775816e-16,7.7461484454224363e-16,5.2625158944719776e-16,3.3167774242210690e-16,1.8547117898894904e-16
974,4.4872134334522746e-15,7.4366457362947862e-16,1.0193563319599653e-15,9.6095012220358388e-16,7.5109298712992464e-16,5.1038538349341070e-16,3.2178237516300005e-16,1.7998165987291181e-16
975,4.3509552719879406e-15,7.2094446897389255e-16,9.8823180804063316e-16,9.3165966111090420e-16,7.2828539149560217e-16,4.9499745478433137e-16,3.1218204896958949e-16,1.7465443861298741e-16
976,4.2188347087994593e-15,6.9891854071863778e-16,9.5805768006833848e-16,9.0326203604625679e-16,7.0617036845552900e-16,4.8007338843963205e-16,3.0286797253021377e-16,1.6948472254085213e-16
977,4.0907261020954836e-15,6.7756557812749871e-16,9.2880492575001634e-16,8.7573003018153871e-16,6.8472688743699551e-16,4.6559920395384704e-16,2.9383161630936794e-16,1.6446786033622026e-16
978,3.9665076253075732e-15,6.5686501860320114e-16,9.0044540909980825e-16,8.4903725639380085e-16,6.6393455647903175e-16,4.5156134210943116e-16,2.8506470475846586e-16,1.5959933786383497e-16
979,3.8460611512376169e-15,6.3679692788094386e-16,8.7295185337067749e-16,8.2315813197047947e-16,6.4377360284040132e-16,4.3794665228402907e-16,2.7655920875819784e-16,1.5487477413288773e-16
980,3.7292721397232151e-15,6.1734198082723290e-16,8.4629781481275614e-16,7.9806785408581341e-16,6.2422485419645369e-16,4.2474238014008369e-16,2.6830733828560326e-16,1.5028991737527161e-16
981,3.6160295287142023e-15,5.9848144282551729e-16,8.2045765723317603e-16,7.7374237602493147e-16,6.0526972040694891e-16,4.1193615568526788e-16,2.6030153529918233e-16,1.4584064123917870e-16
982,3.5062256286567310e-15,5.8019715173069620e-16,7.9540652733290247e-16,7.5015838413281649e-16,5.8689017583751866e-16,3.9951598169257302e-16,2.5253446683556851e-16,1.4152294109465543e-16
983,3.3997560200844611e-15,5.6247150037510629e-16,7.7112033079683406e-16,7.2729327546604426e-16,5.6906874221795149e-16,3.8747022246922133e-16,2.4499901831147633e-16,1.3733293044782691e-16
984,3.2965194543195001e-15,5.4528741960913905e-16,7.4757570911416797e-16,7.0512513612586975e-16,5.5178847202100141e-16,3.7578759296389713e-16,2.3768828702482479e-16,1.3326683746060012e-16
985,3.1964177571886358e-15,5.2862836186014405e-16,7.2475001710671694e-16,6.8363272025188825e-16,5.3503293234591368e-16,3.6445714820210670e-16,2.3059557584911913e-16,1.2932100157274705e-16
986,3.0993557356633105e-15,5.1247828519378300e-16,7.0262130114356189e-16,6.6279542965612920e-16,5.1878618929134109e-16,3.5346827303978544e-16,2.2371438711534811e-16,1.2549187022336165e-16
987,3.0052410873345566e-15,4.9682163786247425e-16,6.8116827802107201e-16,6.4259329407805723e-16,5.0303279280279006e-16,3.4281067222556680e-16,2.1703841667582484e-16,1.2177599566877114e-16
988,2.9139843126368039e-15,4.8164334332604294e-16,6.6037031448797096e-16,6.2300695204155171e-16,4.8775776198018806e-16,3.3247436076241628e-16,2.1056154814456496e-16,1.1817003189406891e-16
989,2.8254986297370882e-15,4.6692878573014638e-16,6.4020740739574678e-16,6.0401763229550628e-16,4.7294657083159878e-16,3.2244965455961510e-16,2.0427784730895619e-16,1.1467073161551847e-16
990,2.7396998920087226e-15,4.5266379582848041e-16,6.2066016445530691e-16,5.8560713582025992e-16,4.5858513445953937e-16,3.1272716136634784e-16,1.9818155670762870e-16,1.1127494337115927e-16
991,2.6565065080109528e-15,4.3883463733520802e-16,6.0170978558135746e-16,5.6775781838260290e-16,4.4465979566676047e-16,3.0329777197841289e-16,1.9226709036958814e-16,1.0797960869702301e-16
992,2.5758393638985042e-15,4.2542799369445917e-16,5.8333804480656035e-16,5.5045257362263656e-16,4.3115731196875526e-16,2.9415265170983005e-16,1.8652902870981774e-16,1.0478175938644497e-16
993,2.4976217481872227e-15,4.1243095525415506e-16,5.6552727274806090e-16,5.3367481665626807e-16,4.1806484300064377e-16,2.8528323212136504e-16,1.8096211357670028e-16,1.0167851483002964e-16
994,2.4217792788042811e-15,3.9983100683180237e-16,5.4826033960951710e-16,5.1740846817762032e-16,4.0536993830645879e-16,2.7668120299823535e-16,1.7556124344674743e-16,9.8667079433899848e-17
995,2.3482398323535666e-15,3.8761601566027500e-16,5.3152063870227479e-16,5.0163793904611667e-16,3.9306052549922064e-16,2.6833850456949036e-16,1.7032146876225910e-16,9.5744740113929869e-17
996,2.2769334755289828e-15,3.7577421970197251e-16,5.1529207046982934e-16,4.8634811534345924e-16,3.8112489878054151e-16,2.6024731996178721e-16,1.6523798740766355e-16,9.2908863863729310e-17
997,2.2077923986104545e-15,3.6429421632009569e-16,4.9955902700020599e-16,4.7152434388617990e-16,3.6955170780884235e-16,2.5240006788050253e-16,1.6030614032041781e-16,9.0156895394210372e-17
998,2.1407508509793793e-15,3.5316495129612627e-16,4.8430637701135208e-16,4.5715241817986962e-16,3.5832994690559573e-16,2.4478939551133243e-16,1.5552140723246791e-16,8.7486354842634966e-17
999,2.0757450785922067e-15,3.4237570818292890e-16,4.6951945129509709e-16,4.4321856480162184e-16,3.4744894458933089e-16,2.3740817163574024e-16,1.5087940253838862e-16,8.4894835549099454e-17
1000,2.0127132633526964e-15,3.3191609798321901e-16,4.5518402860567227e-16,4.2970943019763519e-16,3.3689835342744761e-16,2.3024947995380992e-16,1.4637587128643744e-16,8.2380001898475077e-17
1001,1.9515954643251776e-15,3.2177604914345285e-16,4.4128632197921305e-16,4.1661206788331575e-16,3.2666814019618885e-16,2.2330661260825848e-16,1.4200668528886883e-16,7.9939587225879931e-17
1002,1.8923335607329309e-15,3.1194579785350015e-16,4.2781296547107968e-16,4.0391392603360902e-16,3.1674857633941441e-16,2.1657306390354882e-16,1.3776783934796388e-16,7.7571391783815240e-17
1003,1.8348711966874685e-15,3.0241587864275337e-16,4.1475100129823475e-16,3.9160283545166426e-16,3.0713022871710197e-16,2.1004252421422531e-16,1.3365544759433548e-16,7.5273280769152931e-17
1004,1.7791537275961565e-15,2.9317711526361502e-16,4.0208786737430762e-16,3.7966699790429458e-16,2.9780395063477868e-16,2.0370887407677342e-16,1.2966573993417163e-16,7.3043182408215325e-17
1005,1.7251281681972223e-15,2.8422061185357907e-16,3.8981138522534858e-16,3.6809497481305192e-16,2.8876087314535086e-16,1.9756617845947507e-16,1.2579505860217796e-16,7.0879086098238973e-17
1006,1.6727431421727212e-15,2.7553774436739474e-16,3.7790974827464958e-16,3.5687567629007412e-16,2.7999239661506240e-16,1.9160868120489827e-16,1.2203985481707749e-16,6.8779040603564744e-17
1007,1.6219488332915472e-15,2.6712015227105581e-16,3.6637151048535550e-16,3.4599835050819149e-16,2.7149018254555935e-16,1.8583079963982096e-16,1.1839668553661865e-16,6.6741152304945467e-17
1008,1.5726969380360332e-15,2.5895973048961507e-16,3.5518557534994088e-16,3.3545257339510448e-16,2.6324614564428503e-16,1.8022711934754567e-16,1.1486221030913305e-16,6.4763583500408933e-17
1009,1.5249406196670825e-15,2.5104862160106702e-16,3.4434118521595543e-16,3.2522823864174874e-16,2.5525244613566458e-16,1.7479238909771368e-16,1.1143318821877255e-16,6.2844550756160607e-17
1010,1.4786344636841572e-15,2.4337920826877869e-16,3.3382791093777050e-16,3.1531554801527243e-16,2.4750148230576687e-16,1.6952151592887402e-16,1.0810647492164046e-16,6.0982323306054198e-17
1011,1.4337344346377568e-15,2.3594410590517701e-16,3.2363564184436707e-16,3.0570500196733529e-16,2.3998588327335459e-16,1.6440956037920625e-16,1.0487901977011444e-16,5.9175221498202208e-17
1012,1.3901978342533289e-15,2.2873615555962714e-16,3.1375457601351393e-16,2.9638739052872790e-16,2.3269850198044747e-16,1.5945173186093440e-16,1.0174786302273847e-16,5.7421615287339845e-17
1013,1.3479832608267825e-15,2.2174841702364917e-16,3.0417521084297870e-16,2.8735378448158106e-16,2.2563240839573326e-16,1.5464338417410325e-16,9.8710133137140230e-17,5.5719922771596746e-17
1014,1.3070505698529894e-15,2.1497416214683167e-16,2.9488833390969764e-16,2.7859552680070217e-16,2.1878088292436315e-16,1.4998001115551936e-16,9.5763044143504832e-17,5.4068608772370419e-17
1015,1.2673608358498402e-15,2.0840686835700228e-16,2.8588501410811140e-16,2.7010422435583376e-16,2.1213741001786438e-16,1.4545724245878520e-16,9.2903893096209417e-17,5.2466183456033636e-17
1016,1.2288763153415431e-15,2.0204021237841441e-16,2.7715659305913886e-16,2.6187173986687902e-16,2.0569567197809365e-16,1.4107083946147699e-16,9.0130057601294744e-17,5.0911200996245156e-17
1017,1.1915604109659668e-15,1.9586806414189712e-16,2.6869467678152435e-16,2.5389018410438194e-16,1.9944954294933857e-16,1.3681669129563711e-16,8.7438993417518381e-17,4.9402258275669554e-17
1018,1.1553776366719002e-15,1.8988448088110295e-16,2.6049112761754369e-16,2.4615190832778495e-16,1.9339308309285482e-16,1.3269081099786546e-16,8.4828232128801600e-17,4.7937993625946587e-17
1019,1.1202935839731183e-15,1.8408370140916524e-16,2.5253805640530133e-16,2.3864949695421478e-16,1.8752053293829754e-16,1.2868933177540771e-16,8.2295378885946687e-17,4.6517085604785066e-17
1020,1.0862748892271844e-15,1.7846014057025297e-16,2.4482781489008670e-16,2.3137576045076809e-16,1.8182630790667773e-16,1.2480850338474557e-16,7.9838110215564613e-17,4.5138251809088883e-17
1021,1.0532892019078512e-15,1.7300838386067647e-16,2.3735298836748821e-16,2.2432372844348330e-16,1.7630499299963291e-16,1.2104468861930057e-16,7.7454171894214489e-17,4.3800247723055145e-17
1022,1.0213051538409015e-15,1.6772318221436427e-16,2.3010638855118764e-16,2.1748664303639199e-16,1.7095133764996303e-16,1.1739435990296407e-16,7.5141376885815182e-17,4.2501865600215257e-17
1023,9.9029232937417114e-16,1.6259944694768653e-16,2.2308104665857135e-16,2.1085795233424527e-16,1.6576025072853448e-16,1.1385409598626555e-16,7.2897603340447329e-17,4.1241933378420490e-17
1024,9.6022123645338197e-16,1.5763224485875584e-16,2.1627020670750696e-16,2.0443130416270569e-16,1.6072679570280369e-16,1.1042057874208727e-16,7.0720792652720080e-17,4.0019313626802263e-17
1025,9.3106327857628434e-16,1.5281679347648469e-16,2.0966731901783522e-16,1.9820053997998425e-16,1.5584618594235631e-16,1.0709059005792660e-16,6.8608947577930705e-17,3.8832902523766495e-17
1026,9.0279072759843711e-16,1.4814845645482294e-16,2.0326603391132577e-16,1.9215968897408623e-16,1.5111378016699817e-16,1.0386100882179716e-16,6.6560130404298368e-17,3.7681628865108549e-17
1027,8.7537669736476246e-16,1.4362273910773849e-16,1.9706019560403405e-16,1.8630296234000666e-16,1.4652507803306843e-16,1.0072880799894848e-16,6.4572461179603959e-17,3.6564453101362426e-17
1028,8.4879511814180234e-16,1.3923528408064006e-16,1.9104383628518464e-16,1.8062474773138981e-16,1.4207571585377853e-16,9.7691051796667430e-17,6.2644115990618064e-17,3.5480366403523710e-17
1029,8.2302071182636128e-16,1.3498186715407245e-16,1.8521117037688255e-16,1.7511960388133318e-16,1.3776146244950689e-16,9.4744892914508571e-17,6.0773325293746328e-17,3.4428389756311252e-17
1030,7.9802896790696186e-16,1.3085839317564222e-16,1.7955658896913158e-16,1.6978225538717974e-16,1.3357821512410253e-16,9.1887569877379603e-17,5.8958372295369319e-17,3.3407573078156875e-17
1031,7.7379612015525067e-16,1.2686089211625496e-16,1.7407465442480401e-16,1.6460758765429904e-16,1.2952199576337238e-16,8.9116404448985613e-17,5.7197591380398178e-17,3.2416994367136441e-17
1032,7.5029912402518885e-16,1.2298551524686487e-16,1.6876009514937171e-16,1.5959064199400911e-16,1.2558894705204097e-16,8.6428799123211438e-17,5.5489366587612025e-17,3.1455758872078669e-17
1033,7.2751563473853859e-16,1.1922853143205464e-16,1.6360780052036720e-16,1.5472661087094119e-16,1.2177532880558573e-16,8.3822234691094264e-17,5.3832130130385201e-17,3.0522998288110388e-17
1034,7.0542398603580119e-16,1.1558632353687460e-16,1.5861281597169528e-16,1.5001083329529034e-16,1.1807751441345908e-16,8.1294267881108681e-17,5.2224360961454419e-17,2.9617869975918939e-17
1035,6.8400316957240218e-16,1.1205538494348032e-16,1.5377033822806642e-16,1.4543879035553495e-16,1.1449198739031545e-16,7.8842529070556295e-17,5.0664583380415271e-17,2.8739556204033432e-17
1036,6.6323281494052819e-16,1.0863231617421331e-16,1.4907571068496744e-16,1.4100610088734315e-16,1.1101533803196304e-16,7.6464720065916899e-17,4.9151365682677191e-17,2.7887263413447109e-17
1037,6.4309317029762024e-16,1.0531382161787178e-16,1.4452441892972359e-16,1.3670851727451358e-16,1.0764426017286084e-16,7.4158611950084296e-17,4.7683318848643160e-17,2.7060221503923010e-17
1038,6.2356508358309842e-16,1.0209670635601829e-16,1.4011208639934406e-16,1.3254192137792558e-16,1.0437554804207683e-16,7.1922042994471310e-17,4.6259095271917761e-17,2.6257683141344543e-17
1039,6.0462998430545661e-16,9.8977873086266914e-17,1.3583447017097277e-16,1.2850232058859623e-16,1.0120609321471779e-16,6.9752916634029733e-17,4.4877387525381973e-17,2.5478923085491134e-17
1040,5.8626986588240964e-16,9.5954319139586709e-17,1.3168745688089453e-16,1.2458584400106066e-16,9.8132881655931764e-17,6.7649199503289894e-17,4.3536927164008486e-17,2.4723237537637605e-17
1041,5.6846726851729633e-16,9.3023133588748026e-17,1.2766705876817074e-16,1.2078873870340703e-16,9.5152990854671843e-17,6.5608919531581191e-17,4.2236483563323957e-17,2.3989943507393428e-17
1042,5.5120526259545493e-16,9.0181494445126661e-17,1.2376940983909828e-16,1.1710736618041027e-16,9.2263587044495802e-17,6.3630164095650776e-17,4.0974862792457993e-17,2.3278378198215233e-17
1043,5.3446743258478426e-16,8.7426665941165658e-17,1.1999076214880104e-16,1.1353819882631630e-16,8.9461922508758417e-17,6.1711078227951019e-17,3.9750906520749218e-17,2.2587898411042635e-17
1044,5.1823786142517564e-16,8.4755995895877038e-17,1.1632748219637779e-16,1.1007781656393386e-16,8.6745332967634286e-17,5.9849862878918638e-17,3.8563490956910451e-17,2.1917879965523583e-17
1045,5.0250111539197530e-16,8.2166913160846148e-17,1.1277604743013710e-16,1.0672290356679313e-16,8.4111235044485641e-17,5.8044773231618600e-17,3.7411525819783658e-17,2.1267717138311117e-17
1046,4.8724222941908115e-16,7.9656925144278107e-17,1.0933304285955836e-16,1.0347024508122908e-16,8.1557123809166356e-17,5.6294117067175376e-17,3.6293953339745075e-17,2.0636822117928745e-17
1047,4.7244669286771432e-16,7.7223615410701907e-17,1.0599515777071847e-16,1.0031672434534290e-16,7.9080570395925582e-17,5.4596253179461119e-17,3.5209747289848033e-17,2.0024624475716278e-17
1048,4.5810043572733746e-16,7.4864641354019840e-17,1.0275918254202495e-16,9.7259319601888427e-17,7.6679219693645843e-17,5.2949589837556933e-17,3.4157912045818865e-17,1.9430570652382565e-17
1049,4.4418981523559179e-16,7.2577731941661214e-17,9.9622005557191785e-17,9.4295101202219822e-17,7.4350788106219092e-17,5.1352583294547732e-17,3.3137481674047032e-17,1.8854123459705163e-17
1050,4.3070160290453298e-16,7.0360685527667135e-17,9.6580610212488273e-17,9.1421228798524673e-17,7.2093061380930826e-17,4.9803736341254661e-17,3.2147519046736494e-17,1.8294761596930903e-17
1051,4.1762297194082539e-16,6.8211367732600251e-17,9.3632072015381719e-17,8.8634948621650821e-17,6.9903892502787355e-17,4.8301596903551291e-17,3.1187114983409864e-17,1.7751979181444071e-17
1052,4.0494148504793475e-16,6.6127709388237389e-17,9.0773555771782752e-17,8.5933590841917698e-17,6.7781199652783533e-17,4.6844756681950262e-17,3.0255387417981166e-17,1.7225285293281928e-17
1053,3.9264508259871616e-16,6.4107704545064867e-17,8.8002312859187454e-17,8.3314567010381901e-17,6.5722964228169536e-17,4.5431849832186734e-17,2.9351480590636205e-17,1.6714203533089502e-17
1054,3.8072207116715365e-16,6.2149408540658310e-17,8.5315678583092896e-17,8.0775367578104957e-17,6.3727228922834009e-17,4.4061551685563681e-17,2.8474564263782101e-17,1.6218271593117662e-17
1055,3.6916111240834143e-16,6.0250936127085410e-17,8.2711069614142897e-17,7.8313559491044604e-17,6.1792095865977932e-17,4.2732577507860621e-17,2.7623832961349791e-17,1.5737040840880169e-17
1056,3.5795121227613637e-16,5.8410459655528713e-17,8.0185981503538673e-17,7.5926783858264548e-17,5.9915724817309479e-17,4.1443681295644149e-17,2.6798505230754218e-17,1.5270075915096577e-17
1057,3.4708171056822415e-16,5.6626207316379645e-17,7.7737986274323811e-17,7.3612753691227384e-17,5.8096331417043138e-17,4.0193654608853182e-17,2.5997822926838021e-17,1.4816954333559007e-17
1058,3.3654227078865987e-16,5.4896461433108487e-17,7.5364730086226976e-17,7.1369251712003736e-17,5.6332185489039302e-17,3.8981325438565898e-17,2.5221050517144181e-17,1.4377266112571298e-17
1059,3.2632287031824041e-16,5.3219556808267395e-17,7.3063930971815060e-17,6.9194128228296484e-17,5.4621609395470479e-17,3.7805557108888504e-17,2.4467474407882870e-17,1.3950613397619557e-17
1060,3.1641379088336290e-16,5.1593879120033051e-17,7.0833376641780021e-17,6.7085299073243428e-17,5.2962976441449450e-17,3.6665247211937468e-17,2.3736402289976473e-17,1.3536610104942990e-17
1061,3.0680560931430450e-16,5.0017863367744746e-17,6.8670922357247098e-17,6.5040743608023286e-17,5.1354709328102319e-17,3.5559326574918208e-17,2.3027162504585073e-17,1.3134881573683784e-17
