t,f_total,k_0,k_1,k_2,k_3,k_4,k_5,k_6
1,0.0000000000000000e+00,0.0000000000000000e+00,0.0000000000000000e+00,0.0000000000000000e+00,0.0000000000000000e+00,0.0000000000000000e+00,0.0000000000000000e+00,0.0000000000000000e+00
2,9.3789062499999971e-04,0.0000000000000000e+00,0.0000000000000000e+00,0.0000000000000000e+00,9.3789062499999971e-04,0.0000000000000000e+00,0.0000000000000000e+00,0.0000000000000000e+00
3,5.6625146484374986e-03,0.0000000000000000e+00,0.0000000000000000e+00,1.2462221679687495e-03,3.1700703124999991e-03,1.2462221679687495e-03,0.0000000000000000e+00,0.0000000000000000e+00
4,1.0777446984558101e-02,0.0000000000000000e+00,2.9234600326538072e-04,2.6021247827148430e-03,4.9885054125976547e-03,2.6021247827148430e-03,2.9234600326538072e-04,0.0000000000000000e+00
5,1.4741418621288388e-02,4.2711267037582373e-05,7.1963984177837357e-04,3.5977854901330934e-03,6.0211454233902902e-03,3.5977854901330930e-03,7.1963984177837357e-04,4.2711267037582373e-05
6,1.7563079910413185e-02,1.3725999357461655e-04,1.1742212560960801e-03,4.2333017748571351e-03,6.4735138613575193e-03,4.2333017748571351e-03,1.1742212560960801e-03,1.3725999357461655e-04
7,1.9542233813264337e-02,2.6738150890091481e-04,1.5982968837156414e-03,4.6102864635972204e-03,6.5903041008367816e-03,4.6102864635972204e-03,1.5982968837156414e-03,2.6738150890091486e-04
8,2.0923547429782717e-02,4.1104158340472271e-04,1.9645990041151141e-03,4.8183883479815236e-03,6.5354895587799991e-03,4.8183883479815228e-03,1.9645990041151145e-03,4.1104158340472271e-04
9,2.1868152426057295e-02,5.5062209754984034e-04,2.2641797339238955e-03,4.9187154004309234e-03,6.4011179622479762e-03,4.9187154004309234e-03,2.2641797339238955e-03,5.5062209754984034e-04
10,2.2481680313806061e-02,6.7533502082748936e-04,2.4984081231123638e-03,4.9498880949599231e-03,6.2344178360065113e-03,4.9498880949599231e-03,2.4984081231123638e-03,6.7533502082748947e-04
11,2.2837630471569018e-02,7.8018618065092455e-04,2.6737369196964478e-03,4.9358661210356604e-03,6.0580520288029552e-03,4.9358661210356604e-03,2.6737369196964482e-03,7.8018618065092476e-04
12,2.2990524286016875e-02,8.6409410831947658e-04,2.7985193748229610e-03,4.8916008443972928e-03,5.8820956309374121e-03,4.8916008443972928e-03,2.7985193748229615e-03,8.6409410831947680e-04
13,2.2982654930010962e-02,9.2822938661302342e-04,2.8812533863542245e-03,4.8265995315591387e-03,5.7104903209581935e-03,4.8265995315591387e-03,2.8812533863542249e-03,9.2822938661302364e-04
14,2.2847647462896629e-02,9.7484268293782257e-04,2.9297293002625499e-03,4.7470748204627451e-03,5.5443538555703959e-03,4.7470748204627451e-03,2.9297293002625499e-03,9.7484268293782268e-04
15,2.2612543066164406e-02,1.0065388708717189e-03,2.9507012241479268e-03,4.6572233926137786e-03,5.3836160908975568e-03,4.6572233926137786e-03,2.9507012241479268e-03,1.0065388708717189e-03
16,2.2299188235457342e-02,1.0258745071277096e-03,2.9498360257396816e-03,4.5599856193310291e-03,5.2277959310605042e-03,4.5599856193310282e-03,2.9498360257396816e-03,1.0258745071277094e-03
17,2.1925260566834658e-02,1.0351630901285303e-03,2.9317940487042253e-03,4.4574989670833299e-03,5.0763483550024854e-03,4.4574989670833299e-03,2.9317940487042253e-03,1.0351630901285303e-03
18,2.1505071117832893e-02,1.0364026877414708e-03,2.9003608091635285e-03,4.3513710676227812e-03,4.9288019887773309e-03,4.3513710676227812e-03,2.9003608091635285e-03,1.0364026877414708e-03
19,2.1050207459246472e-02,1.0312698019781981e-03,2.8585881680362932e-03,4.2428464618106867e-03,4.7847985955961183e-03,4.2428464618106867e-03,2.8585881680362937e-03,1.0312698019781981e-03
20,2.0570052697585665e-02,1.0211453185828587e-03,2.8089256693244495e-03,4.1329104570702819e-03,4.6440898076304821e-03,4.1329104570702819e-03,2.8089256693244499e-03,1.0211453185828587e-03
21,2.0072204470892689e-02,1.0071530613562172e-03,2.7533346191944102e-03,4.0223555946099073e-03,4.5065179205716170e-03,4.0223555946099065e-03,2.7533346191944107e-03,1.0071530613562174e-03
22,1.9562812678374748e-02,9.9020058158517531e-04,2.6933834567660500e-03,3.9118256949145962e-03,4.3719932118431049e-03,3.9118256949145953e-03,2.6933834567660496e-03,9.9020058158517531e-04
23,1.9046851401025661e-02,9.7101716708008318e-04,2.6303257048030911e-03,3.8018462749088064e-03,4.2404731074417020e-03,3.8018462749088060e-03,2.6303257048030911e-03,9.7101716708008318e-04
24,1.8528337829111875e-02,9.5018704392561468e-04,2.5651628284782692e-03,3.6928465109296498e-03,4.1119450624448103e-03,3.6928465109296498e-03,2.5651628284782692e-03,9.5018704392561468e-04
25,1.8010508717087124e-02,9.2817731560705923e-04,2.4986945302184504e-03,3.5851758032094017e-03,3.9864134190172986e-03,3.5851758032094021e-03,2.4986945302184504e-03,9.2817731560705923e-04
26,1.7495962893384998e-02,9.0536094221742357e-04,2.4315588287437870e-03,3.4791167595935361e-03,3.8638898322755056e-03,3.4791167595935361e-03,2.4315588287437870e-03,9.0536094221742357e-04
27,1.6986776663649263e-02,8.8203537334898571e-04,2.3642639486089320e-03,3.3748956937948312e-03,3.7443866321437646e-03,3.3748956937948312e-03,2.3642639486089320e-03,8.8203537334898561e-04
28,1.6484597550812094e-02,8.5843752624735080e-04,2.2972136991608388e-03,3.2726913121103370e-03,3.6279124757750401e-03,3.2726913121103366e-03,2.2972136991608388e-03,8.5843752624735080e-04
29,1.5990720686218228e-02,8.3475576681651714e-04,2.2307277007750899e-03,3.1726420163652076e-03,3.5144697183046017e-03,3.1726420163652076e-03,2.2307277007750899e-03,8.3475576681651714e-04
30,1.5506151265337904e-02,8.1113947083559209e-04,2.1650575405269346e-03,3.0748521062751257e-03,3.4040530300626006e-03,3.0748521062751253e-03,2.1650575405269346e-03,8.1113947083559209e-04
31,1.5031655770148276e-02,7.8770665025786350e-04,2.1003997121503064e-03,2.9793970785264023e-03,3.2966488882791314e-03,2.9793970785264023e-03,2.1003997121503068e-03,7.8770665025786350e-04
32,1.4567804101377469e-02,7.6455004097785481e-04,2.0369060122624673e-03,2.8863281677631034e-03,3.1922356593706205e-03,2.8863281677631030e-03,2.0369060122624673e-03,7.6455004097785492e-04
33,1.4115004325829305e-02,7.4174197070169716e-04,1.9746919198997360e-03,2.7956762419771072e-03,3.0907840606722251e-03,2.7956762419771072e-03,1.9746919198997360e-03,7.4174197070169716e-04
34,1.3673531400775657e-02,7.1933826037242190e-04,1.9138433726021962e-03,2.7074551432829243e-03,2.9922578482605737e-03,2.7074551432829243e-03,1.9138433726021962e-03,7.1933826037242190e-04
35,1.3243550967928933e-02,6.9738135948184767e-04,1.8544222633935289e-03,2.6216645500354427e-03,2.8966146221072932e-03,2.6216645500354427e-03,1.8544222633935291e-03,6.9738135948184767e-04
36,1.2825139097276807e-02,6.7590287307771682e-04,1.7964709137545229e-03,2.5382924250673738e-03,2.8038066734775813e-03,2.5382924250673729e-03,1.7964709137545231e-03,6.7590287307771693e-04
37,1.2418298693242045e-02,6.5492560461759947e-04,1.7400157237825046e-03,2.4573171059994064e-03,2.7137818244430218e-03,2.4573171059994068e-03,1.7400157237825046e-03,6.5492560461759958e-04
38,1.2022973142319227e-02,6.3446521236645793e-04,1.6850701587356935e-03,2.3787090862822957e-03,2.6264842275503329e-03,2.3787090862822957e-03,1.6850701587356935e-03,6.3446521236645782e-04
39,1.1639057674925284e-02,6.1453155632344204e-04,1.6316371983912691e-03,2.3024325294046617e-03,2.5418551066865389e-03,2.3024325294046613e-03,1.6316371983912691e-03,6.1453155632344193e-04
40,1.1266408828831941e-02,5.9512979647748316e-04,1.5797113500081658e-03,2.2284465532823646e-03,2.4598334292959150e-03,2.2284465532823642e-03,1.5797113500081656e-03,5.9512979647748305e-04
41,1.0904852332727782e-02,5.7626129054410571e-04,1.5292803055654493e-03,2.1567063170821609e-03,2.3803565063443524e-03,2.1567063170821604e-03,1.5292803055654493e-03,5.7626129054410571e-04
42,1.0554189672714346e-02,5.5792432944379994e-04,1.4803263081011203e-03,2.0871639385281774e-03,2.3033605205681515e-03,2.0871639385281774e-03,1.4803263081011203e-03,5.5792432944379994e-04
43,1.0214203559187634e-02,5.4011474103021631e-04,1.4328272794485656e-03,2.0197692660280076e-03,2.2287809861740553e-03,2.0197692660280072e-03,1.4328272794485656e-03,5.4011474103021631e-04
44,9.8846624745024640e-03,5.2282638648555959e-04,1.3867577517238097e-03,1.9544705266842698e-03,2.1565531447151863e-03,1.9544705266842698e-03,1.3867577517238097e-03,5.2282638648555959e-04
45,9.5653244514267814e-03,5.0605156899996236e-04,1.3420896369908018e-03,1.8912148683833297e-03,2.0866123026785951e-03,1.8912148683833292e-03,1.3420896369908018e-03,5.0605156899996226e-04
46,9.2559402073802109e-03,4.8978137055477936e-04,1.2987928631883619e-03,1.8299488116357283e-03,2.0188941166224702e-03,1.8299488116357288e-03,1.2987928631883619e-03,4.8978137055477936e-04
47,8.9562557387984475e-03,4.7400592961554058e-04,1.2568358993042333e-03,1.7706186246459531e-03,1.9533348316669941e-03,1.7706186246459531e-03,1.2568358993042335e-03,4.7400592961554063e-04
48,8.6660144628634972e-03,4.5871467013807707e-04,1.2161861886678621e-03,1.7131706331779523e-03,1.8898714788957134e-03,1.7131706331779523e-03,1.2161861886678621e-03,4.5871467013807712e-04
49,8.3849589796420113e-03,4.4389649036921268e-04,1.1768105059009779e-03,1.6575514751253036e-03,1.8284420368510227e-03,1.6575514751253036e-03,1.1768105059009779e-03,4.4389649036921284e-04
50,8.1128325158601848e-03,4.2953991837930923e-04,1.1386752503552259e-03,1.6037083082613840e-03,1.7689855618683472e-03,1.6037083082613840e-03,1.1386752503552259e-03,4.2953991837930934e-04
51,7.8493801016930789e-03,4.1563324001862368e-04,1.1017466866547641e-03,1.5515889784082700e-03,1.7114422915297635e-03,1.5515889784082696e-03,1.1017466866547641e-03,4.1563324001862379e-04
52,7.5943495237181160e-03,4.0216460398120857e-04,1.0659911411510803e-03,1.5011421541986820e-03,1.6557537250561740e-03,1.5011421541986820e-03,1.0659911411510803e-03,4.0216460398120863e-04
53,7.3474920902983727e-03,3.8912210784077867e-04,1.0313751616100239e-03,1.4523174336909734e-03,1.6018626840148204e-03,1.4523174336909736e-03,1.0313751616100239e-03,3.8912210784077873e-04
54,7.1085632398936597e-03,3.7649386825481699e-04,9.9786564622581083e-04,1.4050654273132087e-03,1.5497133563059863e-03,1.4050654273132087e-03,9.9786564622581127e-04,3.7649386825481704e-04
55,6.8773230179592108e-03,3.6426807798647156e-04,9.6542994704466802e-04,1.3593378209412251e-03,1.4992513260144820e-03,1.3593378209412251e-03,9.6542994704466802e-04,3.6426807798647161e-04
56,6.6535364440288508e-03,3.5243305194501977e-04,9.3403595204262740e-04,1.3150874223418277e-03,1.4504235913699013e-03,1.3150874223418277e-03,9.3403595204262762e-04,3.5243305194501982e-04
57,6.4369737871644850e-03,3.4097726407621002e-04,9.0365214940633964e-04,1.2722681937224066e-03,1.4031785727545731e-03,1.2722681937224066e-03,9.0365214940633974e-04,3.4097726407621013e-04
58,6.2274107650808650e-03,3.2988937662878110e-04,8.7424767698715783e-04,1.2308352727104762e-03,1.3574661124280346e-03,1.2308352727104762e-03,8.7424767698715794e-04,3.2988937662878121e-04
59,6.0246286798361411e-03,3.1915826307102969e-04,8.4579235941662141e-04,1.1907449837306897e-03,1.3132374673994599e-03,1.1907449837306897e-03,8.4579235941662141e-04,3.1915826307102975e-04
60,5.8284145009416489e-03,3.0877302572189671e-04,8.1825673496903394e-04,1.1519548414438859e-03,1.2704452966720158e-03,1.1519548414438859e-03,8.1825673496903394e-04,3.0877302572189676e-04
61,5.6385609050275155e-03,2.9872300898697586e-04,7.9161207392041885e-04,1.1144235476550099e-03,1.2290436439027061e-03,1.1144235476550099e-03,7.9161207392041885e-04,2.9872300898697591e-04
62,5.4548662797533117e-03,2.8899780894486952e-04,7.6583038987155442e-04,1.0781109828777234e-03,1.1889879163650171e-03,1.0781109828777234e-03,7.6583038987155432e-04,2.8899780894486952e-04
63,5.2771346984321387e-03,2.7958727990837310e-04,7.4088444526679525e-04,1.0429781935574849e-03,1.1502348609668321e-03,1.0429781935574849e-03,7.4088444526679525e-04,2.7958727990837310e-04
64,5.1051758708066854e-03,2.7048153848390383e-04,7.1674775214242755e-04,1.0089873757969858e-03,1.1127425379600514e-03,1.0089873757969858e-03,7.1674775214242744e-04,2.7048153848390378e-04
65,4.9388050745467569e-03,2.6167096556803599e-04,6.9339456897206896e-04,9.7610185629388297e-04,1.0764702928787815e-03,9.7610185629388297e-04,6.9339456897206896e-04,2.6167096556803588e-04
66,4.7778430713043803e-03,2.5314620664917086e-04,6.7079989433695337e-04,9.4428607108721588e-04,1.0413787271577005e-03,9.4428607108721588e-04,6.7079989433695337e-04,2.5314620664917086e-04
67,4.6221160105436162e-03,2.4489817072297136e-04,6.4893945803147870e-04,9.1350554261267669e-04,1.0074296678093625e-03,9.1350554261267669e-04,6.4893945803147870e-04,2.4489817072297142e-04
68,4.4714553238397858e-03,2.3691802808033333e-04,6.2778971011558961e-04,8.8372685548543080e-04,9.7458613647707839e-04,8.8372685548543091e-04,6.2778971011558961e-04,2.3691802808033336e-04
69,4.3256976119019318e-03,2.2919720718479064e-04,6.0732780834239644e-04,8.5491763136021992e-04,9.4281231812711776e-04,8.5491763136021992e-04,6.0732780834239644e-04,2.2919720718479067e-04
70,4.1846845262002242e-03,2.2172739082104722e-04,5.8753160431940395e-04,8.2704650316015103e-04,9.1207352959901970e-04,8.2704650316015114e-04,5.8753160431940395e-04,2.2172739082104725e-04
71,4.0482626467661610e-03,2.1450051166672712e-04,5.6837962870275797e-04,8.0008308891627066e-04,8.8233618819464938e-04,8.0008308891627066e-04,5.6837962870275808e-04,2.1450051166672715e-04
72,3.9162833574685595e-03,2.0750874741452561e-04,5.4985107567424125e-04,7.7399796541836267e-04,8.5356778045429977e-04,7.7399796541836288e-04,5.4985107567424125e-04,2.0750874741452564e-04
73,3.7886027198450866e-03,2.0074451555098373e-04,5.3192578690891622e-04,7.4876264184224855e-04,8.2573683124078886e-04,7.4876264184224855e-04,5.3192578690891622e-04,2.0074451555098373e-04
74,3.6650813463808486e-03,1.9420046788045986e-04,5.1458423520607175e-04,7.2434953348920258e-04,7.9881287322937995e-04,7.2434953348920258e-04,5.1458423520607175e-04,1.9420046788045986e-04
75,3.5455842739670115e-03,1.8786948486801814e-04,4.9780750792645357e-04,7.0073193574809838e-04,7.7276641688187107e-04,7.0073193574809816e-04,4.9780750792645357e-04,1.8786948486801814e-04
76,3.4299808381388986e-03,1.8174466986244352e-04,4.8157729035377245e-04,6.7788399836984708e-04,7.4756892096677235e-04,6.7788399836984708e-04,4.8157729035377251e-04,1.8174466986244355e-04
77,3.3181445485807232e-03,1.7581934325006603e-04,4.6587584907745660e-04,6.5578070012598942e-04,7.2319276367369904e-04,6.5578070012598942e-04,4.6587584907745660e-04,1.7581934325006606e-04
78,3.2099529662896449e-03,1.7008703658121335e-04,4.5068601547592198e-04,6.3439782390842269e-04,6.9961121435852870e-04,6.3439782390842269e-04,4.5068601547592192e-04,1.7008703658121335e-04
79,3.1052875827125778e-03,1.6454148670365485e-04,4.3599116936476483e-04,6.1371193231477461e-04,6.7679840594618893e-04,6.1371193231477461e-04,4.3599116936476483e-04,1.6454148670365485e-04
80,3.0040337011026357e-03,1.5917662993112963e-04,4.2177522286178300e-04,5.9370034375347931e-04,6.5472930800985183e-04,5.9370034375347920e-04,4.2177522286178295e-04,1.5917662993112963e-04
81,2.9060803202863908e-03,1.5398659626977986e-04,4.0802260451024890e-04,5.7434110909387989e-04,6.3337970053857387e-04,5.7434110909387989e-04,4.0802260451024884e-04,1.5398659626977986e-04
82,2.8113200209865319e-03,1.4896570372088284e-04,3.9471824369306476e-04,5.5561298887939323e-04,6.1272614839985020e-04,5.5561298887939323e-04,3.9471824369306476e-04,1.4896570372088284e-04
83,2.7196488548056046e-03,1.4410845267456214e-04,3.8184755536306895e-04,5.3749543111571271e-04,5.9274597649891698e-04,5.3749543111571271e-04,3.8184755536306895e-04,1.4410845267456214e-04
84,2.6309662359441490e-03,1.3940952040604181e-04,3.6939642510860931e-04,5.1996854964099406e-04,5.7341724563285878e-04,5.1996854964099395e-04,3.6939642510860931e-04,1.3940952040604183e-04
85,2.5451748356996292e-03,1.3486375568340128e-04,3.5735119456836544e-04,5.0301310308081707e-04,5.5471872903446176e-04,5.0301310308081696e-04,3.5735119456836544e-04,1.3486375568340131e-04
86,2.4621804797702986e-03,1.3046617349361003e-04,3.4569864720512703e-04,4.8661047438729264e-04,5.3662988959823910e-04,4.8661047438729264e-04,3.4569864720512703e-04,1.3046617349361006e-04
87,2.3818920483697778e-03,1.2621194989180187e-04,3.3442599444468644e-04,4.7074265095888918e-04,5.1913085777902286e-04,4.7074265095888924e-04,3.3442599444468644e-04,1.2621194989180187e-04
88,2.3042213791430481e-03,1.2209641697723581e-04,3.2352086218306604e-04,4.5539220533527146e-04,5.0220241015190169e-04,4.5539220533527135e-04,3.2352086218306598e-04,1.2209641697723581e-04
89,2.2290831728622564e-03,1.1811505799813376e-04,3.1297127766287766e-04,4.4054227645961045e-04,4.8582594862101253e-04,4.4054227645961040e-04,3.1297127766287766e-04,1.1811505799813376e-04
90,2.1563949018707693e-03,1.1426350258654472e-04,3.0276565671762731e-04,4.2617655149935400e-04,4.6998348026371735e-04,4.2617655149935400e-04,3.0276565671762725e-04,1.1426350258654472e-04
91,2.0860767212358884e-03,1.1053752212352814e-04,2.9289279138114974e-04,4.1227924821528675e-04,4.5465759779595924e-04,4.1227924821528664e-04,2.9289279138114979e-04,1.1053752212352814e-04
92,2.0180513825642770e-03,1.0693302523424520e-04,2.8334183785804954e-04,3.9883509786781395e-04,4.3983146064405991e-04,3.9883509786781384e-04,2.8334183785804948e-04,1.0693302523424520e-04
93,1.9522441504291664e-03,1.0344605341197161e-04,2.7410230484996154e-04,3.8582932864872029e-04,4.2548877660785969e-04,3.8582932864872024e-04,2.7410230484996154e-04,1.0344605341197159e-04
94,1.8885827213545694e-03,1.0007277676958103e-04,2.6516404223161168e-04,3.7324764962615371e-04,4.1161378409987630e-04,3.7324764962615371e-04,2.6516404223161162e-04,1.0007277676958100e-04
95,1.8269971452988677e-03,9.6809489916672959e-05,2.5651723006999316e-04,3.6107623519024054e-04,3.9819123494505435e-04,3.6107623519024054e-04,2.5651723006999316e-04,9.6809489916672932e-05
96,1.7674197495780833e-03,9.3652607960222425e-05,2.4815236797947476e-04,3.4930170998651060e-04,3.8520637772566793e-04,3.4930170998651055e-04,2.4815236797947471e-04,9.3652607960222398e-05
97,1.7097850651677376e-03,9.0598662626395189e-05,2.4006026480527428e-04,3.3791113432419639e-04,3.7264494165600631e-04,3.3791113432419628e-04,2.4006026480527417e-04,9.0598662626395162e-05
98,1.6540297553213905e-03,8.7644298500993336e-05,2.3223202862746202e-04,3.2689199004643670e-04,3.6049312097160657e-04,3.2689199004643660e-04,2.3223202862746197e-04,8.7644298500993295e-05
99,1.6000925464435543e-03,8.4786269385862180e-05,2.2465905707747235e-04,3.1623216684945174e-04,3.4873755981798196e-04,3.1623216684945163e-04,2.2465905707747230e-04,8.4786269385862166e-05
100,1.5479141611547001e-03,8.2021434768492536e-05,2.1733302795899206e-04,3.0591994903785534e-04,3.3736533762402027e-04,3.0591994903785528e-04,2.1733302795899203e-04,8.2021434768492536e-05
101,1.4974372534863729e-03,7.9346756401987197e-05,2.1024589016504510e-04,2.9594400270340952e-04,3.2636395494548904e-04,2.9594400270340952e-04,2.1024589016504510e-04,7.9346756401987197e-05
102,1.4486063461450066e-03,7.6759294992521650e-05,2.0338985488309113e-04,2.8629336331470825e-04,3.1572131976436444e-04,2.8629336331470825e-04,2.0338985488309113e-04,7.6759294992521650e-05
103,1.4013677697838039e-03,7.4256206991410328e-05,1.9675738707999806e-04,2.7695742370548724e-04,3.0542573423001274e-04,2.7695742370548718e-04,1.9675738707999806e-04,7.4256206991410328e-05
104,1.3556696042229667e-03,7.1834741488890121e-05,1.9034119725882078e-04,2.6792592244948948e-04,2.9546588182856597e-04,2.6792592244948954e-04,1.9034119725882078e-04,7.1834741488890121e-05
105,1.3114616215596398e-03,6.9492237206746736e-05,1.8413423347942101e-04,2.5918893261006788e-04,2.8583081496716861e-04,2.5918893261006788e-04,1.8413423347942099e-04,6.9492237206746736e-05
106,1.2686952311100879e-03,6.7226119586935620e-05,1.7812967363508463e-04,2.5073685085297065e-04,2.7650994296010619e-04,2.5073685085297065e-04,1.7812967363508466e-04,6.7226119586935606e-05
107,1.2273234261278669e-03,6.5033897973384546e-05,1.7232091797743203e-04,2.4256038691103257e-04,2.6749302040416864e-04,2.4256038691103257e-04,1.7232091797743200e-04,6.5033897973384546e-05
108,1.1873007322430451e-03,6.2913162884208412e-05,1.6670158188207014e-04,2.3465055338977220e-04,2.5877013593094360e-04,2.3465055338977220e-04,1.6670158188207014e-04,6.2913162884208412e-05
109,1.1485831575688747e-03,6.0861583371615276e-05,1.6126548884759853e-04,2.2699865590318543e-04,2.5033170132407630e-04,2.2699865590318543e-04,1.6126548884759853e-04,6.0861583371615276e-05
110,1.1111281444236654e-03,5.8876904466837604e-05,1.5600666372074965e-04,2.1959628352930923e-04,2.4216844098987235e-04,2.1959628352930923e-04,1.5600666372074965e-04,5.8876904466837604e-05
111,1.0748945226169981e-03,5.6956944707478954e-05,1.5091932614062190e-04,2.1243529957541918e-04,2.3427138176995807e-04,2.1243529957541921e-04,1.5091932614062190e-04,5.6956944707478954e-05
112,1.0398424642507976e-03,5.5099593744727194e-05,1.4599788419514067e-04,2.0550783264300983e-04,2.2663184308504205e-04,2.0550783264300983e-04,1.4599788419514067e-04,5.5099593744727194e-05
113,1.0059334399871551e-03,5.3302810027947101e-05,1.4123692828306499e-04,1.9880626798299001e-04,2.1924142739915094e-04,1.9880626798299001e-04,1.4123692828306501e-04,5.3302810027947101e-05
114,9.7313017673617713e-04,5.1564618564228209e-05,1.3663122517503811e-04,1.9232323913180653e-04,2.1209201099403147e-04,1.9232323913180653e-04,1.3663122517503811e-04,5.1564618564228209e-05
115,9.4139661671847267e-04,4.9883108750527785e-05,1.3217571226736163e-04,1.8605161981948394e-04,2.0517573504372588e-04,1.8605161981948394e-04,1.3217571226736163e-04,4.9883108750527785e-05
116,9.1069787785824847e-04,4.8256432276112800e-05,1.2786549202235343e-04,1.7998451614084052e-04,1.9848499697963488e-04,1.7998451614084057e-04,1.2786549202235343e-04,4.8256432276112800e-05
117,8.8100021546428525e-04,4.6682801093068913e-05,1.2369582658932693e-04,1.7411525898140560e-04,1.9201244213668233e-04,1.7411525898140557e-04,1.2369582658932693e-04,4.6682801093068913e-05
118,8.5227098515736066e-04,4.5160485452707826e-05,1.1966213260040546e-04,1.6843739668982271e-04,1.8575095567148876e-04,1.6843739668982271e-04,1.1966213260040546e-04,4.5160485452707826e-05
119,8.2447860700395417e-04,4.3687812005767344e-05,1.1575997613555795e-04,1.6294468798877884e-04,1.7969365474374598e-04,1.6294468798877884e-04,1.1575997613555796e-04,4.3687812005767344e-05
120,7.9759253081729947e-04,4.2263161964360650e-05,1.1198506785141250e-04,1.5763109511674519e-04,1.7383388095226283e-04,1.5763109511674519e-04,1.1198506785141250e-04,4.2263161964360650e-05
121,7.7158320258806422e-04,4.0884969323692070e-05,1.0833325826856954e-04,1.5249077719305950e-04,1.6816519301742191e-04,1.5249077719305950e-04,1.0833325826856954e-04,4.0884969323692070e-05
122,7.4642203200810749e-04,3.9551719141616829e-05,1.0480053321229952e-04,1.4751808379911236e-04,1.6268135970204999e-04,1.4751808379911239e-04,1.0480053321229954e-04,3.9551719141616829e-05
123,7.2208136105191912e-04,3.8261945874180574e-05,1.0138300940166864e-04,1.4270754876863064e-04,1.5737635296295946e-04,1.4270754876863064e-04,1.0138300940166864e-04,3.8261945874180574e-05
124,6.9853443358145655e-04,3.7014231765332303e-05,9.8076930182290081e-05,1.3805388418027274e-04,1.5224434132566625e-04,1.3805388418027271e-04,9.8076930182290108e-05,3.7014231765332303e-05
125,6.7575536594118317e-04,3.5807205289059851e-05,9.4878661398050432e-05,1.3355197454596694e-04,1.4727968347502877e-04,1.3355197454596694e-04,9.4878661398050445e-05,3.5807205289059851e-05
126,6.5371911851117080e-04,3.4639539642252215e-05,9.1784687397305906e-05,1.2919687118863359e-04,1.4247692205478739e-04,1.2919687118863362e-04,9.1784687397305906e-05,3.4639539642252215e-05
127,6.3240146818714540e-04,3.3509951286645730e-05,8.8791607169187280e-05,1.2498378680313586e-04,1.3783077766920768e-04,1.2498378680313586e-04,8.8791607169187280e-05,3.3509951286645723e-05
128,6.1177898175736030e-04,3.2417198538263424e-05,8.5896130605790064e-05,1.2090809019450096e-04,1.3333614308025141e-04,1.2090809019450096e-04,8.5896130605790064e-05,3.2417198538263424e-05
129,5.9182899014714122e-04,3.1360080202806966e-05,8.3095074886161498e-05,1.1696530118764648e-04,1.2898807759391132e-04,1.1696530118764647e-04,8.3095074886161498e-05,3.1360080202806959e-05
130,5.7252956350288423e-04,3.0337434255509554e-05,8.0385360978126876e-05,1.1315108570303046e-04,1.2478180162955042e-04,1.1315108570303046e-04,8.0385360978126863e-05,3.0337434255509547e-05
131,5.5385948708819939e-04,2.9348136564005988e-05,7.7764010254124369e-05,1.0946125099282584e-04,1.2071269146628697e-04,1.0946125099282585e-04,7.7764010254124369e-05,2.9348136564005981e-05
132,5.3579823796577033e-04,2.8391099652821917e-05,7.5228141217340778e-05,1.0589174103239291e-04,1.1677627416065918e-04,1.0589174103239291e-04,7.5228141217340778e-05,2.8391099652821913e-05
133,5.1832596243935492e-04,2.7465271508129519e-05,7.2774966334559644e-05,1.0243863206199337e-04,1.1296822262998988e-04,1.0243863206199337e-04,7.2774966334559631e-05,2.7465271508129515e-05
134,5.0142345423117782e-04,2.6569634421459929e-05,7.0401788972249477e-05,9.9098128273852957e-05,1.0928435089605304e-04,9.9098128273852944e-05,7.0401788972249490e-05,2.6569634421459929e-05
135,4.8507213337076871e-04,2.5703203871105244e-05,6.8106000432531440e-05,9.5866557639838067e-05,1.0572060948381922e-04,9.5866557639838067e-05,6.8106000432531440e-05,2.5703203871105240e-05
136,4.6925402577207447e-04,2.4865027439983465e-05,6.5885077085774514e-05,9.2740367875165995e-05,1.0227308097022654e-04,9.2740367875165995e-05,6.5885077085774514e-05,2.4865027439983459e-05
137,4.5395174347642324e-04,2.4054183768779684e-05,6.3736577596671962e-05,8.9716122533716050e-05,9.8937975678087834e-05,8.9716122533716050e-05,6.3736577596671962e-05,2.4054183768779681e-05
138,4.3914846553964925e-04,2.3269781543214853e-05,6.1658140240753972e-05,8.6790497230653801e-05,9.5711627510404077e-05,8.6790497230653801e-05,6.1658140240753958e-05,2.3269781543214847e-05
139,4.2482791954238973e-04,2.2510958514330874e-05,5.9647480308390818e-05,8.3960275988219463e-05,9.2590489920507408e-05,8.3960275988219463e-05,5.9647480308390818e-05,2.2510958514330867e-05
140,4.1097436370324486e-04,2.1776880550716716e-05,5.7702387593436205e-05,8.1222347700666249e-05,8.9571132013606522e-05,8.1222347700666249e-05,5.7702387593436198e-05,2.1776880550716712e-05
141,3.9757256957515739e-04,2.1066740721634977e-05,5.5820723963752707e-05,7.8573702714465537e-05,8.6650234775450930e-05,7.8573702714465537e-05,5.5820723963752700e-05,2.1066740721634973e-05
142,3.8460780530600024e-04,2.0379758410042327e-05,5.4000421010951367e-05,7.6011429520021304e-05,8.3824587423970241e-05,7.6011429520021304e-05,5.4000421010951367e-05,2.0379758410042323e-05
143,3.7206581944498494e-04,1.9715178454529667e-05,5.2239477776763776e-05,7.3532711551259469e-05,8.1091083879879157e-05,7.3532711551259469e-05,5.2239477776763769e-05,1.9715178454529664e-05
144,3.5993282527709756e-04,1.9072270319239730e-05,5.0535958553548971e-05,7.1134824089575009e-05,7.8446719352370125e-05,7.1134824089575023e-05,5.0535958553548971e-05,1.9072270319239726e-05
145,3.4819548566835057e-04,1.8450327290850269e-05,4.8887990756519091e-05,6.8815131268735327e-05,7.5888587036141190e-05,6.8815131268735327e-05,4.8887990756519084e-05,1.8450327290850266e-05
146,3.3684089840519831e-04,1.7848665701740801e-05,4.7293762865345624e-05,6.6571083177448148e-05,7.3413874916129193e-05,6.6571083177448161e-05,4.7293762865345624e-05,1.7848665701740798e-05
147,3.2585658201200594e-04,1.7266624178489402e-05,4.5751522432885021e-05,6.4400213056410181e-05,7.1019862676436788e-05,6.4400213056410168e-05,4.5751522432885015e-05,1.7266624178489399e-05
148,3.1523046203098617e-04,1.6703562914873977e-05,4.4259574158835314e-05,6.2300134586755880e-05,6.8703918710055862e-05,6.2300134586755880e-05,4.4259574158835314e-05,1.6703562914873974e-05
149,3.0495085774952680e-04,1.6158862968579138e-05,4.2816278026207164e-05,6.0268539266926625e-05,6.6463497226100900e-05,6.0268539266926625e-05,4.2816278026207164e-05,1.6158862968579138e-05
150,2.9500646936032171e-04,1.5631925580835947e-05,4.1420047498561358e-05,5.8303193875077017e-05,6.4296135451373109e-05,5.8303193875077004e-05,4.1420047498561358e-05,1.5631925580835947e-05
151,2.8538636554019544e-04,1.5122171518246929e-05,4.0069347776031672e-05,5.6401938014229649e-05,6.2199450923178969e-05,5.6401938014229649e-05,4.0069347776031672e-05,1.5122171518246929e-05
152,2.7607997143396732e-04,1.4629040436072989e-05,3.8762694108216439e-05,5.4562681737480111e-05,6.0171138870428256e-05,5.4562681737480111e-05,3.8762694108216439e-05,1.4629040436072989e-05
153,2.6707705703015138e-04,1.4151990262282624e-05,3.7498650162084719e-05,5.2783403250642038e-05,5.8208969680132681e-05,5.2783403250642045e-05,3.7498650162084719e-05,1.4151990262282624e-05
154,2.5836772591571427e-04,1.3690496601686423e-05,3.6275826443103250e-05,5.1062146689807240e-05,5.6310786446520396e-05,5.1062146689807253e-05,3.6275826443103250e-05,1.3690496601686423e-05
155,2.4994240439753061e-04,1.3244052159502031e-05,3.5092878767848910e-05,4.9397019971378068e-05,5.4474502600072618e-05,4.9397019971378068e-05,3.5092878767848916e-05,1.3244052159502033e-05
156,2.4179183097858175e-04,1.2812166183716031e-05,3.3948506786427962e-05,4.7786192712208841e-05,5.2698099613876104e-05,4.7786192712208841e-05,3.3948506786427962e-05,1.2812166183716035e-05
157,2.3390704617732709e-04,1.2394363925629863e-05,3.2841452553078033e-05,4.6227894217570423e-05,5.0979624784770443e-05,4.6227894217570423e-05,3.2841452553078040e-05,1.2394363925629866e-05
158,2.2627938267906047e-04,1.1990186117996862e-05,3.1770499143381747e-05,4.4720411534726034e-05,4.9317189086851187e-05,4.4720411534726034e-05,3.1770499143381747e-05,1.1990186117996864e-05
159,2.1890045580842565e-04,1.1599188470176835e-05,3.0734469316572090e-05,4.3262087569979256e-05,4.7708965094969298e-05,4.3262087569979256e-05,3.0734469316572090e-05,1.1599188470176836e-05
160,2.1176215431261767e-04,1.1220941179753297e-05,2.9732224221459236e-05,4.1851319267123999e-05,4.6153184975944592e-05,4.1851319267124006e-05,2.9732224221459236e-05,1.1220941179753297e-05
161,2.0485663144514021e-04,1.0855028460076532e-05,2.8762662144556378e-05,4.0486555845294724e-05,4.4648138545284915e-05,4.0486555845294724e-05,2.8762662144556385e-05,1.0855028460076532e-05
162,1.9817629634031765e-04,1.0501048083213202e-05,2.7824717299028568e-05,3.9166297094279493e-05,4.3192171387275129e-05,3.9166297094279487e-05,2.7824717299028568e-05,1.0501048083213202e-05
163,1.9171380566908100e-04,1.0158610937800129e-05,2.6917358653133308e-05,3.7889091725422372e-05,4.1783683036369370e-05,3.7889091725422365e-05,2.6917358653133308e-05,1.0158610937800129e-05
164,1.8546205556685505e-04,9.8273406013162204e-06,2.6039588796865287e-05,3.6653535776302254e-05,4.0421125217887516e-05,3.6653535776302247e-05,2.6039588796865287e-05,9.8273406013162204e-06
165,1.7941417382467495e-04,9.5068729263024312e-06,2.5190442845559317e-05,3.5458271067434671e-05,3.9103000146082129e-05,3.5458271067434664e-05,2.5190442845559317e-05,9.5068729263024312e-06
166,1.7356351233494748e-04,9.1968556400749057e-06,2.4368987379246369e-05,3.4301983709300042e-05,3.7827858877704867e-05,3.4301983709300042e-05,2.4368987379246365e-05,9.1968556400749040e-06
167,1.6790363978355362e-04,8.8969479574913135e-06,2.3574319416596873e-05,3.3183402658057278e-05,3.6594299719262696e-05,3.3183402658057271e-05,2.3574319416596869e-05,8.8969479574913118e-06
168,1.6242833458025971e-04,8.6068202063447307e-06,2.2805565422323345e-05,3.2101298318355211e-05,3.5400966686213140e-05,3.2101298318355211e-05,2.2805565422323338e-05,8.6068202063447290e-06
169,1.5713157801966571e-04,8.3261534649732965e-06,2.2061880346951307e-05,3.1054481191705952e-05,3.4246548012404624e-05,3.1054481191705952e-05,2.2061880346951307e-05,8.3261534649732948e-06
170,1.5200754766517320e-04,8.0546392116872952e-06,2.1342446697903046e-05,3.0041800568934386e-05,3.3129774708123764e-05,3.0041800568934379e-05,2.1342446697903042e-05,8.0546392116872935e-06
171,1.4705061094870021e-04,7.7919789856283176e-06,2.0646473640872967e-05,2.9062143265266662e-05,3.2049419165164327e-05,2.9062143265266658e-05,2.0646473640872964e-05,7.7919789856283159e-06
172,1.4225531897910792e-04,7.5378840586876881e-06,1.9973196130506936e-05,2.8114432396667044e-05,3.1004293807384573e-05,2.8114432396667041e-05,1.9973196130506930e-05,7.5378840586876864e-06
173,1.3761640055253287e-04,7.2920751181235624e-06,1.9321874069429892e-05,2.7197626196078186e-05,2.9993249785269609e-05,2.7197626196078186e-05,1.9321874069429886e-05,7.2920751181235607e-06
174,1.3312875635804110e-04,7.0542819595277700e-06,1.8691791494697373e-05,2.6310716868263509e-05,2.9015175713063809e-05,2.6310716868263509e-05,1.8691791494697373e-05,7.0542819595277674e-06
175,1.2878745337223404e-04,6.8242431898049359e-06,1.8082255790776653e-05,2.5452729481992911e-05,2.8068996447085031e-05,2.5452729481992911e-05,1.8082255790776653e-05,6.8242431898049359e-06
176,1.2458771943664541e-04,6.6017059398373872e-06,1.7492596928192366e-05,2.4622720898354069e-05,2.7153671903877770e-05,2.4622720898354066e-05,1.7492596928192363e-05,6.6017059398373872e-06
177,1.2052493801196792e-04,6.3864255865199679e-06,1.6922166726999707e-05,2.3819778734011249e-05,2.6268195916906071e-05,2.3819778734011249e-05,1.6922166726999704e-05,6.3864255865199679e-06
178,1.1659464310334335e-04,6.1781654838592436e-06,1.6370338144275649e-05,2.3043020358272044e-05,2.5411595130529463e-05,2.3043020358272044e-05,1.6370338144275649e-05,6.1781654838592436e-06
179,1.1279251435113785e-04,5.9766967028414942e-06,1.5836504584844863e-05,2.2291591922859534e-05,2.4582927930046078e-05,2.2291591922859530e-05,1.5836504584844863e-05,5.9766967028414942e-06
180,1.0911437228180620e-04,5.7817977797835486e-06,1.5320079234482723e-05,2.1564667423323394e-05,2.3781283406626869e-05,2.1564667423323388e-05,1.5320079234482720e-05,5.7817977797835503e-06
181,1.0555617371362399e-04,5.5932544728898491e-06,1.4820494414862421e-05,2.0861447791058162e-05,2.3005780356003107e-05,2.0861447791058162e-05,1.4820494414862423e-05,5.5932544728898499e-06
182,1.0211400731223826e-04,5.4108595267481301e-06,1.4337200959537145e-05,2.0181160014930619e-05,2.2255566309806469e-05,2.0181160014930619e-05,1.4337200959537145e-05,5.4108595267481301e-06
183,9.8784089291150640e-05,5.2344124445048385e-06,1.3869667610271280e-05,1.9523056291550735e-05,2.1529816598496928e-05,1.9523056291550732e-05,1.3869667610271280e-05,5.2344124445048385e-06
184,9.5562759252406623e-05,5.0637192674698763e-06,1.3417380433057197e-05,1.8886413203252059e-05,2.0827733444848376e-05,1.8886413203252059e-05,1.3417380433057197e-05,5.0637192674698763e-06
185,9.2446476162919494e-05,4.8985923619083731e-06,1.2979842253175545e-05,1.8270530922878062e-05,2.0148545086995523e-05,1.8270530922878062e-05,1.2979842253175545e-05,4.8985923619083731e-06
186,8.9431814462005019e-05,4.7388502127851410e-06,1.2556572108678169e-05,1.7674732444500186e-05,1.9491504930078028e-05,1.7674732444500183e-05,1.2556572108678169e-05,4.7388502127851410e-06
187,8.6515460295849214e-05,4.5843172242350772e-06,1.2147104721692798e-05,1.7098362839222058e-05,1.8855890725549347e-05,1.7098362839222055e-05,1.2147104721692798e-05,4.5843172242350772e-06
188,8.3694207874768887e-05,4.4348235265401930e-06,1.1750989986968397e-05,1.6540788535251757e-05,1.8241003777248205e-05,1.6540788535251754e-05,1.1750989986968394e-05,4.4348235265401922e-06
189,8.0964955949261474e-05,4.2902047894010645e-06,1.1367792477098946e-05,1.6001396621450799e-05,1.7646168173359851e-05,1.6001396621450799e-05,1.1367792477098946e-05,4.2902047894010637e-06
190,7.8324704400969971e-05,4.1503020412974856e-06,1.0997090963881772e-05,1.5479594173594246e-05,1.7070730043422972e-05,1.5479594173594243e-05,1.0997090963881772e-05,4.1503020412974856e-06
191,7.5770550944816110e-05,4.0149614947397189e-06,1.0638477955284309e-05,1.4974807602601323e-05,1.6514056839565408e-05,1.4974807602601323e-05,1.0638477955284309e-05,4.0149614947397189e-06
192,7.3299687938675959e-05,3.8840343772182703e-06,1.0291559247510236e-05,1.4486482024020133e-05,1.5975536641178674e-05,1.4486482024020135e-05,1.0291559247510236e-05,3.8840343772182703e-06
193,7.0909399297091710e-05,3.7573767676663650e-06,9.9559534916727009e-06,1.4014080648073343e-05,1.5454577482266885e-05,1.4014080648073343e-05,9.9559534916727009e-06,3.7573767676663650e-06
194,6.8597057505626475e-05,3.6348494382553397e-06,9.6312917745982039e-06,1.3557084189594340e-05,1.4950606700730701e-05,1.3557084189594340e-05,9.6312917745982039e-06,3.6348494382553397e-06
195,6.6360120732580517e-05,3.5163177013490613e-06,9.3172172133004087e-06,1.3114990297205284e-05,1.4463070308871012e-05,1.3114990297205284e-05,9.3172172133004070e-06,3.5163177013490609e-06
196,6.4196130034893829e-05,3.4016512614491317e-06,9.0133845626780716e-06,1.2687313001109535e-05,1.3991432384420354e-05,1.2687313001109534e-05,9.0133845626780699e-06,3.4016512614491308e-06
197,6.2102706655163621e-05,3.2907240719681289e-06,8.7194598360058705e-06,1.2273582178891462e-05,1.3535174481432701e-05,1.2273582178891462e-05,8.7194598360058688e-06,3.2907240719681276e-06
198,6.0077549406805607e-05,3.1834141966734421e-06,8.4351199378009388e-06,1.1873343038736431e-05,1.3093795060383989e-05,1.1873343038736427e-05,8.4351199378009371e-06,3.1834141966734417e-06
199,5.8118432144484641e-05,3.0796036756494053e-06,8.1600523086615762e-06,1.1486155619502854e-05,1.2666808936856980e-05,1.1486155619502851e-05,8.1600523086615745e-06,3.0796036756494049e-06
200,5.6223201317034142e-05,2.9791783956303660e-06,7.8939545816876726e-06,1.1111594307096837e-05,1.2253746748204392e-05,1.1111594307096837e-05,7.8939545816876709e-06,2.9791783956303652e-06
201,5.4389773600174273e-05,2.8820279645621774e-06,7.6365342501052108e-06,1.0749247366617727e-05,1.1854154437604044e-05,1.0749247366617727e-05,7.6365342501052091e-06,2.8820279645621765e-06
202,5.2616133606426804e-05,2.7880455902542118e-06,7.3875083457294623e-06,1.0398716489760294e-05,1.1467592754938870e-05,1.0398716489760294e-05,7.3875083457294623e-06,2.7880455902542118e-06
203,5.0900331669709191e-05,2.6971279629885116e-06,7.1466031279134466e-06,1.0059616356976076e-05,1.1093636773953123e-05,1.0059616356976076e-05,7.1466031279134457e-06,2.6971279629885107e-06
204,4.9240481702172524e-05,2.6091751419570251e-06,6.9135537826397026e-06,9.7315742139125218e-06,1.0731875425154030e-05,9.7315742139125218e-06,6.9135537826397018e-06,2.6091751419570251e-06
205,4.7634759120927690e-05,2.5240904454021120e-06,6.6881041314246323e-06,9.4142294616643843e-06,1.0381911043945446e-05,9.4142294616643826e-06,6.6881041314246306e-06,2.5240904454021112e-06
206,4.6081398842380544e-05,2.4417803443395373e-06,6.4700063497154184e-06,9.1072332603869439e-06,1.0043358933496747e-05,9.1072332603869422e-06,6.4700063497154158e-06,2.4417803443395365e-06
207,4.4578693341971346e-05,2.3621543597471434e-06,6.2590206944699487e-06,8.8102481458353181e-06,9.7158469418665292e-06,8.8102481458353164e-06,6.2590206944699462e-06,2.3621543597471425e-06
208,4.3124990777185903e-05,2.2851249631061764e-06,6.0549152406203301e-06,8.5229476584083521e-06,9.3990150529161916e-06,8.5229476584083504e-06,6.0549152406203284e-06,2.2851249631061755e-06
209,4.1718693171774756e-05,2.2106074801859412e-06,5.8574656261302515e-06,8.2450159842893162e-06,9.0925149905637455e-06,8.2450159842893145e-06,5.8574656261302498e-06,2.2106074801859403e-06
210,4.0358254659184767e-05,2.1385199979660215e-06,5.6664548053659946e-06,7.9761476082889404e-06,8.7960098359428564e-06,7.9761476082889404e-06,5.6664548053659938e-06,2.1385199979660211e-06
211,3.9042179783271945e-05,2.0687832745937469e-06,5.4816728105099577e-06,7.7160469780091567e-06,8.5091736570462262e-06,7.7160469780091567e-06,5.4816728105099568e-06,2.0687832745937465e-06
212,3.7769021854427824e-05,2.0013206522779282e-06,5.3029165207544432e-06,7.4644281789584182e-06,8.2316911504462515e-06,7.4644281789584165e-06,5.3029165207544424e-06,2.0013206522779278e-06
213,3.6537381359312150e-05,1.9360579730231146e-06,5.1299894390219919e-06,7.2210146202614215e-06,7.9632572946990977e-06,7.2210146202614190e-06,5.1299894390219919e-06,1.9360579730231137e-06
214,3.5345904422443887e-05,1.8729234971117375e-06,4.9627014759668181e-06,6.9855387306177902e-06,7.7035770150512002e-06,6.9855387306177902e-06,4.9627014759668181e-06,1.8729234971117367e-06
215,3.4193281317959510e-05,1.8118478242445374e-06,4.8008687410199248e-06,6.7577416641754883e-06,7.4523648590796089e-06,6.7577416641754883e-06,4.8008687410199248e-06,1.8118478242445372e-06
216,3.3078245029902453e-05,1.7527638172525849e-06,4.6443133402481860e-06,6.5373730159956257e-06,7.2093446829096598e-06,6.5373730159956257e-06,4.6443133402481860e-06,1.7527638172525849e-06
217,3.1999569859461366e-05,1.6956065282970408e-06,4.4928631808052171e-06,6.3241905467959210e-06,6.9742493476650120e-06,6.3241905467959210e-06,4.4928631808052163e-06,1.6956065282970404e-06
218,3.0956070077625987e-05,1.6403131274755210e-06,4.3463517817590541e-06,6.1179599166702203e-06,6.7468204258163960e-06,6.1179599166702203e-06,4.3463517817590541e-06,1.6403131274755208e-06
219,2.9946598621779639e-05,1.5868228337566034e-06,4.2046180910887166e-06,5.9184544274913656e-06,6.5268079171062668e-06,5.9184544274913665e-06,4.2046180910887166e-06,1.5868228337566034e-06
220,2.8970045834795651e-05,1.5350768481665396e-06,4.0675063086484622e-06,5.7254547737142671e-06,6.3139699737371104e-06,5.7254547737142671e-06,4.0675063086484622e-06,1.5350768481665396e-06
221,2.8025338245251544e-05,1.4850182891547380e-06,3.9348657149051599e-06,5.5387488013052244e-06,6.1080726345212976e-06,5.5387488013052261e-06,3.9348657149051607e-06,1.4850182891547380e-06
222,2.7111437387420243e-05,1.4365921300669672e-06,3.8065505052604923e-06,5.3581312745325332e-06,5.9088895677002576e-06,5.3581312745325332e-06,3.8065505052604923e-06,1.4365921300669672e-06
223,2.6227338659741090e-05,1.3897451386575420e-06,3.6824196297758801e-06,5.1834036503619851e-06,5.7162018221502785e-06,5.1834036503619851e-06,3.6824196297758801e-06,1.3897451386575420e-06
224,2.5372070220515966e-05,1.3444258185740106e-06,3.5623366381239521e-06,5.0143738602093055e-06,5.5297975867014275e-06,5.0143738602093072e-06,3.5623366381239526e-06,1.3444258185740106e-06
225,2.4544691919616469e-05,1.3005843527500107e-06,3.4461695295961118e-06,4.8508560988095918e-06,5.3494719573050403e-06,4.8508560988095926e-06,3.4461695295961118e-06,1.3005843527500107e-06
226,2.3744294265028003e-05,1.2581725486440746e-06,3.3337906080013285e-06,4.6926706199716792e-06,5.1750267117938397e-06,4.6926706199716800e-06,3.3337906080013290e-06,1.2581725486440746e-06
227,2.2969997423094597e-05,1.2171437852641886e-06,3.2250763412966575e-06,4.5396435389929190e-06,5.0062700919870668e-06,4.5396435389929190e-06,3.2250763412966575e-06,1.2171437852641886e-06
228,2.2220950251365554e-05,1.1774529619198677e-06,3.1199072257951689e-06,4.3916066415171723e-06,4.8430165929011364e-06,4.3916066415171723e-06,3.1199072257951689e-06,1.1774529619198677e-06
229,2.1496329362980834e-05,1.1390564486454169e-06,3.0181676548020461e-06,4.2483971986259083e-06,4.6850867588340893e-06,4.2483971986259083e-06,3.0181676548020461e-06,1.1390564486454171e-06
230,2.0795338221566568e-05,1.1019120382398819e-06,2.9197457915344201e-06,4.1098577879591434e-06,4.5323069860996809e-06,4.1098577879591434e-06,2.9197457915344197e-06,1.1019120382398819e-06
231,2.0117206265645959e-05,1.0659788998709644e-06,2.8245334461852726e-06,3.9758361206695963e-06,4.3845093321942895e-06,3.9758361206695972e-06,2.8245334461852726e-06,1.0659788998709644e-06
232,1.9461188061602843e-05,1.0312175341919079e-06,2.7324259569962624e-06,3.8461848740198313e-06,4.2415313311868430e-06,3.8461848740198313e-06,2.7324259569962624e-06,1.0312175341919079e-06
233,1.8826562484267086e-05,9.9758972992201071e-07,2.6433220752087346e-06,3.7207615294383731e-06,4.1032158151288475e-06,3.7207615294383731e-06,2.6433220752087342e-06,9.9758972992201050e-07
234,1.8212631924220790e-05,9.6505852184304201e-07,2.5571238537664658e-06,3.5994282158567901e-06,3.9694107412881974e-06,3.5994282158567901e-06,2.5571238537664654e-06,9.6505852184304180e-07
235,1.7618721520954243e-05,9.3358815016538535e-07,2.4737365396477852e-06,3.4820515581555169e-06,3.8399690250168672e-06,3.4820515581555169e-06,2.4737365396477848e-06,9.3358815016538524e-07
236,1.7044178421028350e-05,9.0314402121924506e-07,2.3930684697087255e-06,3.3685025305518310e-06,3.7147483780687462e-06,3.3685025305518306e-06,2.3930684697087250e-06,9.0314402121924495e-07
237,1.6488371060428364e-05,8.7369266942770397e-07,2.3150309699227088e-06,3.2586563147688196e-06,3.5936111521898959e-06,3.2586563147688200e-06,2.3150309699227084e-06,8.7369266942770376e-07
238,1.5950688470319859e-05,8.4520172051983319e-07,2.2395382579060081e-06,3.1523921628294331e-06,3.4764241878093087e-06,3.1523921628294331e-06,2.2395382579060081e-06,8.4520172051983319e-07
239,1.5430539605443895e-05,8.1763985594341541e-07,2.1665073486218322e-06,3.0495932643247877e-06,3.3630586676638241e-06,3.0495932643247873e-06,2.1665073486218322e-06,8.1763985594341541e-07
240,1.4927352694413066e-05,7.9097677843816143e-07,2.0958579631593834e-06,2.9501466180108342e-06,3.2533899751963090e-06,2.9501466180108342e-06,2.0958579631593834e-06,7.9097677843816132e-07
241,1.4440574611194285e-05,7.6518317873157787e-07,2.0275124404876122e-06,2.8539429075922291e-06,3.1472975575714464e-06,2.8539429075922300e-06,2.0275124404876122e-06,7.6518317873157766e-07
242,1.3969670267087382e-05,7.4023070332087685e-07,1.9613956520866670e-06,2.7608763815568690e-06,3.0446647931585564e-06,2.7608763815568694e-06,1.9613956520866670e-06,7.4023070332087674e-07
243,1.3514122022531173e-05,7.1609192330551064e-07,1.8974349193631922e-06,2.6708447369289990e-06,2.9453788633357709e-06,2.6708447369289990e-06,1.8974349193631920e-06,7.1609192330551043e-07
244,1.3073429118090413e-05,6.9274030423607130e-07,1.8355599337586991e-06,2.5837490068131097e-06,2.8493306284746524e-06,2.5837490068131097e-06,1.8355599337586989e-06,6.9274030423607098e-07
245,1.2647107123998145e-05,6.7015017694641178e-07,1.7757026794631882e-06,2.4994934516050064e-06,2.7564145079689305e-06,2.4994934516050064e-06,1.7757026794631882e-06,6.7015017694641168e-07
246,1.2234687407648392e-05,6.4829670933692761e-07,1.7177973586490647e-06,2.4179854537504645e-06,2.6665283641754775e-06,2.4179854537504649e-06,1.7177973586490647e-06,6.4829670933692750e-07
247,1.1835716618453788e-05,6.2715587907797684e-07,1.6617803191431610e-06,2.3391354159357817e-06,2.5795733901399469e-06,2.3391354159357821e-06,1.6617803191431613e-06,6.2715587907797684e-07
248,1.1449756189501900e-05,6.0670444720344015e-07,1.6075899844573611e-06,2.2628566625983205e-06,2.4954540009836565e-06,2.2628566625983209e-06,1.6075899844573617e-06,6.0670444720344015e-07
249,1.1076381855462464e-05,5.8691993256538637e-07,1.5551667861009127e-06,2.1890653446487713e-06,2.4140777288323221e-06,2.1890653446487713e-06,1.5551667861009129e-06,5.8691993256538648e-07
250,1.0715183186215540e-05,5.6778058712176922e-07,1.5044530981000209e-06,2.1176803473004037e-06,2.3353551211711522e-06,2.1176803473004037e-06,1.5044530981000211e-06,5.6778058712176933e-07
251,1.0365763135687995e-05,5.4926537202998543e-07,1.4553931736527475e-06,2.0486232009039883e-06,2.2591996425145535e-06,2.0486232009039883e-06,1.4553931736527479e-06,5.4926537202998554e-07
252,1.0027737605402320e-05,5.3135393452001860e-07,1.4079330838495795e-06,1.9818179946903747e-06,2.1855275792823744e-06,1.9818179946903747e-06,1.4079330838495799e-06,5.3135393452001871e-07
253,9.7007350222580413e-06,5.1402658552174472e-07,1.3620206583923090e-06,1.9171912933259075e-06,2.1142579477781173e-06,1.9171912933259075e-06,1.3620206583923090e-06,5.1402658552174482e-07
254,9.3843959300815961e-06,4.9726427802180686e-07,1.3176054282460583e-06,1.8546720561889539e-06,2.0453124051679570e-06,1.8546720561889536e-06,1.3176054282460585e-06,4.9726427802180697e-07
255,9.0783725944956961e-06,4.8104858612626867e-07,1.2746385701614127e-06,1.7941915592788065e-06,1.9786151633627220e-06,1.7941915592788063e-06,1.2746385701614123e-06,4.8104858612626878e-07
256,8.7823286206738247e-06,4.6536168480602994e-07,1.2330728530056743e-06,1.7356833196711251e-06,1.9140929057081653e-06,1.7356833196711253e-06,1.2330728530056743e-06,4.6536168480602994e-07
257,8.4959385835596560e-06,4.5018633030274055e-07,1.1928625858442443e-06,1.6790830224368687e-06,1.8516747063919494e-06,1.6790830224368689e-06,1.1928625858442443e-06,4.5018633030274055e-07
258,8.2188876701450050e-06,4.3550584117367396e-07,1.1539635677150612e-06,1.6243284499443892e-06,1.7912919524787546e-06,1.6243284499443892e-06,1.1539635677150614e-06,4.3550584117367396e-07
259,7.9508713334129587e-06,4.2130407995472347e-07,1.1163330390408843e-06,1.5713594134669684e-06,1.7328782684878062e-06,1.5713594134669684e-06,1.1163330390408843e-06,4.2130407995472347e-07
260,7.6915949575659116e-06,4.0756543542136437e-07,1.0799296346260128e-06,1.5201176870206201e-06,1.6763694434299166e-06,1.5201176870206201e-06,1.0799296346260128e-06,4.0756543542136448e-07
261,7.4407735341704111e-06,3.9427480542808363e-07,1.0447133381857751e-06,1.4705469433594319e-06,1.6217033602238303e-06,1.4705469433594324e-06,1.0447133381857751e-06,3.9427480542808368e-07
262,7.1981313488628796e-06,3.8141758030741101e-07,1.0106454383588002e-06,1.4225926920580816e-06,1.5688199274142936e-06,1.4225926920580818e-06,1.0106454383588004e-06,3.8141758030741101e-07
263,6.9634016782717879e-06,3.6897962681030600e-07,9.7768848615372179e-07,1.3762022196134744e-06,1.5176610131167832e-06,1.3762022196134742e-06,9.7768848615372179e-07,3.6897962681030605e-07
264,6.7363264968231438e-06,3.5694727257024485e-07,9.4580625378353558e-07,1.3313245314996508e-06,1.4681703811162815e-06,1.3313245314996508e-06,9.4580625378353558e-07,3.5694727257024485e-07
265,6.5166561931070087e-06,3.4530729107393076e-07,9.1496369484236319e-07,1.2879102961122789e-06,1.4202936290498628e-06,1.2879102961122789e-06,9.1496369484236308e-07,3.4530729107393076e-07
266,6.3041492954932189e-06,3.3404688712210640e-07,8.8512690578084027e-07,1.2459117905410978e-06,1.3739781286051302e-06,1.2459117905410978e-06,8.8512690578084016e-07,3.3404688712210630e-07
267,6.0985722066947548e-06,3.2315368276448667e-07,8.5626308863778796e-07,1.2052828481107167e-06,1.3291729676687717e-06,1.2052828481107167e-06,8.5626308863778796e-07,3.2315368276448667e-07
268,5.8996989469869287e-06,3.1261570369335045e-07,8.2834051498719591e-07,1.1659788076320977e-06,1.2858288943616397e-06,1.1659788076320975e-06,8.2834051498719591e-07,3.1261570369335045e-07
269,5.7073109058001510e-06,3.0242136608083453e-07,8.0132849106088660e-07,1.1279564643089359e-06,1.2438982628988370e-06,1.1279564643089359e-06,8.0132849106088650e-07,3.0242136608083448e-07
270,5.5211966014132128e-06,2.9255946384546104e-07,7.7519732400852458e-07,1.0911740222449749e-06,1.2033349812152924e-06,1.0911740222449749e-06,7.7519732400852458e-07,2.9255946384546104e-07
271,5.3411514484829162e-06,2.8301915633390114e-07,7.4991828925787883e-07,1.0555910485000483e-06,1.1640944602992595e-06,1.0555910485000481e-06,7.4991828925787873e-07,2.8301915633390103e-07
272,5.1669775331545170e-06,2.7378995640443326e-07,7.2546359893946093e-07,1.0211684286443455e-06,1.1261335651780379e-06,1.0211684286443455e-06,7.2546359893946072e-07,2.7378995640443321e-07
273,4.9984833955057876e-06,2.6486171889899867e-07,7.0180637134082999e-07,9.8786832376204470e-07,1.0894105675020407e-06,9.8786832376204470e-07,7.0180637134082999e-07,2.6486171889899857e-07
274,4.8354838190855168e-06,2.5622462949117975e-07,6.7892060135698739e-07,9.5565412885704747e-07,1.0538850996750878e-06,9.5565412885704726e-07,6.7892060135698717e-07,2.5622462949117965e-07
275,4.6777996273151326e-06,2.4786919389784475e-07,6.5678113190437608e-07,9.2449043261509576e-07,1.0195181104805000e-06,9.2449043261509544e-07,6.5678113190437597e-07,2.4786919389784465e-07
276,4.5252574865296250e-06,2.3978622744259767e-07,6.3536362626706744e-07,8.9434297847803829e-07,9.8627182215421828e-07,8.9434297847803819e-07,6.3536362626706734e-07,2.3978622744259761e-07
277,4.3776897154412606e-06,2.3196684495956288e-07,6.1464454134472972e-07,8.6517862698745731e-07,9.5410968885776072e-07,8.6517862698745721e-07,6.1464454134472961e-07,2.3196684495956283e-07
278,4.2349341008166578e-06,2.2440245102640484e-07,5.9460110177297841e-07,8.3696531935626182e-07,9.2299635650536739e-07,8.3696531935626182e-07,5.9460110177297830e-07,2.2440245102640474e-07
279,4.0968337191645890e-06,2.1708473051584716e-07,5.7521127488765478e-07,8.0967204222820557e-07,8.9289762390117425e-07,8.0967204222820557e-07,5.7521127488765468e-07,2.1708473051584710e-07
280,3.9632367642385156e-06,2.1000563945530532e-07,5.5645374650551542e-07,7.8326879358658849e-07,8.6378040514369740e-07,7.8326879358658849e-07,5.5645374650551542e-07,2.1000563945530530e-07
281,3.8339963801642270e-06,2.0315739618458439e-07,5.3830789749470880e-07,7.5772654977467084e-07,8.3561269325629891e-07,7.5772654977467095e-07,5.3830789749470880e-07,2.0315739618458434e-07
282,3.7089705000091557e-06,1.9653247280192272e-07,5.2075378110928367e-07,7.3301723359154362e-07,8.0836352500365600e-07,7.3301723359154341e-07,5.2075378110928356e-07,1.9653247280192267e-07
283,3.5880216896159187e-06,1.9012358688897865e-07,5.0377210106281455e-07,7.0911368342838638e-07,7.8200294685555959e-07,7.0911368342838638e-07,5.0377210106281455e-07,1.9012358688897862e-07
284,3.4710169965284149e-06,1.8392369350566369e-07,4.8734419031704324e-07,6.8598962341118815e-07,7.5650198206062455e-07,6.8598962341118815e-07,4.8734419031704324e-07,1.8392369350566366e-07
285,3.3578278038444118e-06,1.7792597744602248e-07,4.7145199056221745e-07,6.6361963451710467e-07,7.3183259879372272e-07,6.6361963451710467e-07,4.7145199056221745e-07,1.7792597744602248e-07
286,3.2483296888339759e-06,1.7212384574664735e-07,4.5607803236657182e-07,6.4197912663270909e-07,7.0796767934211915e-07,6.4197912663270909e-07,4.5607803236657177e-07,1.7212384574664735e-07
287,3.1424022861683209e-06,1.6651092043939173e-07,4.4120541597313080e-07,6.2104431152341562e-07,6.8488099029644498e-07,6.2104431152341562e-07,4.4120541597313075e-07,1.6651092043939170e-07
288,3.0399291556087468e-06,1.6108103154041617e-07,4.2681779272272429e-07,6.0079217668436559e-07,6.6254715371373480e-07,6.0079217668436559e-07,4.2681779272272429e-07,1.6108103154041617e-07
289,2.9407976540102068e-06,1.5582821026786067e-07,4.1289934708279452e-07,5.8120046004403165e-07,6.4094161922083352e-07,5.8120046004403154e-07,4.1289934708279446e-07,1.5582821026786070e-07
290,2.8448988114988203e-06,1.5074668248068673e-07,3.9943477926224023e-07,5.6224762549273109e-07,6.2004063702750434e-07,5.6224762549273109e-07,3.9943477926224023e-07,1.5074668248068673e-07
291,2.7521272116872101e-06,1.4583086233147793e-07,3.8640928839318808e-07,5.4391283920915190e-07,5.9982123181957489e-07,5.4391283920915179e-07,3.8640928839318802e-07,1.4583086233147793e-07
292,2.6623808757959966e-06,1.4107534612622135e-07,3.7380855626120213e-07,5.2617594675886341e-07,5.8026117750342309e-07,5.2617594675886341e-07,3.7380855626120213e-07,1.4107534612622135e-07
293,2.5755611505540640e-06,1.3647490638432035e-07,3.6161873156604907e-07,5.0901745093964277e-07,5.6133897277403941e-07,5.0901745093964277e-07,3.6161873156604902e-07,1.3647490638432030e-07
294,2.4915725997543792e-06,1.3202448609230908e-07,3.4982641469571614e-07,4.9241849034925909e-07,5.4303381747981048e-07,4.9241849034925909e-07,3.4982641469571625e-07,1.3202448609230905e-07
295,2.4103228993461571e-06,1.2771919314495242e-07,3.3841864299694595e-07,4.7636081865215890e-07,5.2532558975804265e-07,4.7636081865215890e-07,3.3841864299694595e-07,1.2771919314495240e-07
296,2.3317227359480455e-06,1.2355429496762048e-07,3.2738287652609557e-07,4.6082678452226083e-07,5.0819482391609157e-07,4.6082678452226083e-07,3.2738287652609557e-07,1.2355429496762048e-07
297,2.2556857086707769e-06,1.1952521331402633e-07,3.1670698426465820e-07,4.4579931223981200e-07,4.9162268903378393e-07,4.4579931223981200e-07,3.1670698426465820e-07,1.1952521331402633e-07
298,2.1821282341413668e-06,1.1562751923360868e-07,3.0637923078429336e-07,4.3126188292097660e-07,4.7559096826360957e-07,4.3126188292097660e-07,3.0637923078429336e-07,1.1562751923360868e-07
299,2.1109694546244523e-06,1.1185692820302711e-07,2.9638826334670824e-07,4.1719851635952495e-07,4.6008203880593142e-07,4.1719851635952501e-07,2.9638826334670829e-07,1.1185692820302712e-07
300,2.0421311491397745e-06,1.0820929541641841e-07,2.8672309942420917e-07,4.0359375346066034e-07,4.4507885253719860e-07,4.0359375346066034e-07,2.8672309942420922e-07,1.0820929541641844e-07
301,1.9755376474781084e-06,1.0468061122923660e-07,2.7737311462720574e-07,3.9043263924767654e-07,4.3056491726987079e-07,3.9043263924767648e-07,2.7737311462720568e-07,1.0468061122923659e-07
302,1.9111157470211109e-06,1.0126699675066852e-07,2.6832803102539635e-07,3.7770070642276406e-07,4.1652427862345271e-07,3.7770070642276406e-07,2.6832803102539635e-07,1.0126699675066854e-07
303,1.8487946322736581e-06,9.7964699579780021e-08,2.5957790584979811e-07,3.6538395946389614e-07,4.0294150248670971e-07,3.6538395946389609e-07,2.5957790584979811e-07,9.7964699579780034e-08
304,1.7885057970202234e-06,9.4770089680705322e-08,2.5111312056320085e-07,3.5346885924031118e-07,3.8980165805178880e-07,3.5346885924031118e-07,2.5111312056320085e-07,9.4770089680705335e-08
305,1.7301829690197121e-06,9.1679655392345969e-08,2.4292437028703181e-07,3.4194230812968234e-07,3.7709030140159201e-07,3.4194230812968234e-07,2.4292437028703186e-07,9.1679655392345969e-08
306,1.6737620371559898e-06,8.8689999568192406e-08,2.3500265357300830e-07,3.3079163562061258e-07,3.6479345963236322e-07,3.3079163562061264e-07,2.3500265357300833e-07,8.8689999568192406e-08
307,1.6191809809640145e-06,8.5797835842025496e-08,2.2733926250833440e-07,3.2000458438463010e-07,3.5289761549403463e-07,3.2000458438463016e-07,2.2733926250833440e-07,8.5797835842025496e-08
308,1.5663798024541104e-06,8.2999985015392707e-08,2.1992577314356563e-07,3.0956929680237311e-07,3.4138969253144754e-07,3.0956929680237311e-07,2.1992577314356563e-07,8.2999985015392707e-08
309,1.5153004601594361e-06,8.0293371562887909e-08,2.1275403623261917e-07,2.9947430192915280e-07,3.3025704071011616e-07,2.9947430192915280e-07,2.1275403623261920e-07,8.0293371562887909e-08
310,1.4658868053341531e-06,7.7675020251393376e-08,2.0581616827475017e-07,2.8970850288556732e-07,3.1948742251073146e-07,2.8970850288556732e-07,2.0581616827475017e-07,7.7675020251393389e-08
311,1.4180845202321628e-06,7.5142052869567758e-08,1.9910454284864772e-07,2.8026116465930512e-07,3.0906899947712166e-07,2.8026116465930512e-07,1.9910454284864772e-07,7.5142052869567785e-08
312,1.3718410583985567e-06,7.2691685063984653e-08,1.9261178222912435e-07,2.7112190230472929e-07,2.9899031920288022e-07,2.7112190230472929e-07,1.9261178222912441e-07,7.2691685063984653e-08
313,1.3271055869081541e-06,7.0321223278444148e-08,1.8633074927718358e-07,2.6228066952727058e-07,2.8924030274235746e-07,2.6228066952727058e-07,1.8633074927718361e-07,7.0321223278444148e-08
314,1.2838289304876288e-06,6.8028061793092885e-08,1.8025453959455055e-07,2.5372774764008196e-07,2.7980823243217798e-07,2.5372774764008196e-07,1.8025453959455057e-07,6.8028061793092885e-08
315,1.2419635174598040e-06,6.5809679860097747e-08,1.7437647393404242e-07,2.4545373488081422e-07,2.7068374010989538e-07,2.4545373488081422e-07,1.7437647393404242e-07,6.5809679860097747e-08
316,1.2014633274506917e-06,6.3663638932724786e-08,1.6869009085743458e-07,2.3744953607676920e-07,2.6185679571683447e-07,2.3744953607676925e-07,1.6869009085743458e-07,6.3663638932724786e-08
317,1.1622838408017947e-06,6.1587579984777197e-08,1.6318913963275285e-07,2.2970635264707074e-07,2.5331769627259310e-07,2.2970635264707082e-07,1.6318913963275288e-07,6.1587579984777197e-08
318,1.1243819896320663e-06,5.9579220917446053e-08,1.5786757336318328e-07,2.2221567293086272e-07,2.4505705520908236e-07,2.2221567293086275e-07,1.5786757336318328e-07,5.9579220917446053e-08
319,1.0877161104957281e-06,5.7636354050723021e-08,1.5271954234004708e-07,2.1496926283090258e-07,2.3706579205238287e-07,2.1496926283090263e-07,1.5271954234004708e-07,5.7636354050723021e-08
320,1.0522458985839074e-06,5.5756843696617697e-08,1.4773938761253367e-07,2.0795915676226586e-07,2.2933512244107285e-07,2.0795915676226589e-07,1.4773938761253367e-07,5.5756843696617697e-08
321,1.0179323634197499e-06,5.3938623811511866e-08,1.4292163476712358e-07,2.0117764889621123e-07,2.2185654847005670e-07,2.0117764889621123e-07,1.4292163476712360e-07,5.3938623811511866e-08
322,9.8473778599830904e-07,5.2179695725069931e-08,1.3826098790986289e-07,1.9461728468958164e-07,2.1462184934928005e-07,1.9461728468958167e-07,1.3826098790986289e-07,5.2179695725069944e-08
323,9.5262567732409033e-07,5.0478125943209251e-08,1.3375232384487494e-07,1.8827085269043021e-07,2.0762307236706144e-07,1.8827085269043021e-07,1.3375232384487497e-07,5.0478125943209257e-08
324,9.2156073830068323e-07,4.8832044022715118e-08,1.2939068644270939e-07,1.8213137661086266e-07,2.0085252414810877e-07,1.8213137661086266e-07,1.2939068644270942e-07,4.8832044022715132e-08
325,8.9150882092838101e-07,4.7239640515164170e-08,1.2517128119233830e-07,1.7619210765838324e-07,1.9430276219660963e-07,1.7619210765838324e-07,1.2517128119233833e-07,4.7239640515164177e-08
326,8.6243689076714110e-07,4.5699164977896034e-08,1.2108946993081079e-07,1.7044651711731368e-07,1.8796658671510014e-07,1.7044651711731370e-07,1.2108946993081082e-07,4.5699164977896041e-08
327,8.3431299062361880e-07,4.4208924049846815e-08,1.1714076574477236e-07,1.6488828917213086e-07,1.8183703269011869e-07,1.6488828917213086e-07,1.1714076574477239e-07,4.4208924049846821e-08
328,8.0710620542236094e-07,4.2767279590129292e-08,1.1332082803824487e-07,1.5951131396483382e-07,1.7590736223594500e-07,1.5951131396483382e-07,1.1332082803824490e-07,4.2767279590129305e-08
329,7.8078662822254424e-07,4.1372646877313610e-08,1.0962545776124525e-07,1.5430968087870895e-07,1.7017105718800861e-07,1.5430968087870895e-07,1.0962545776124527e-07,4.1372646877313616e-08
330,7.5532532734289849e-07,4.0023492867429142e-08,1.0605059279399790e-07,1.4927767204110997e-07,1.6462181193782440e-07,1.4927767204110997e-07,1.0605059279399791e-07,4.0023492867429148e-08
331,7.3069431455868236e-07,3.8718334508772527e-08,1.0259230348166716e-07,1.4440975603811142e-07,1.5925352650158004e-07,1.4440975603811145e-07,1.0259230348166716e-07,3.8718334508772534e-08
332,7.0686651433574823e-07,3.7455737111669502e-08,9.9246788314701301e-08,1.3970058183412573e-07,1.5406029981475511e-07,1.3970058183412573e-07,9.9246788314701315e-08,3.7455737111669509e-08
333,6.8381573406787828e-07,3.6234312771398516e-08,9.6010369750039508e-08,1.3514497288980037e-07,1.4903642324540142e-07,1.3514497288980037e-07,9.6010369750039508e-08,3.6234312771398516e-08
334,6.6151663528467563e-07,3.5052718842542434e-08,9.2879490168588671e-08,1.3073792147172969e-07,1.4417637431895411e-07,1.3073792147172969e-07,9.2879490168588698e-08,3.5052718842542434e-08
335,6.3994470579836124e-07,3.3909656463091408e-08,8.9850707964526010e-08,1.2647458314772548e-07,1.3947481064767535e-07,1.2647458314772551e-07,8.9850707964526023e-08,3.3909656463091408e-08
336,6.1907623275885576e-07,3.2803869126674434e-08,8.6920693762128680e-08,1.2235027146159583e-07,1.3492656405805792e-07,1.2235027146159583e-07,8.6920693762128680e-08,3.2803869126674441e-08
337,5.9888827658753395e-07,3.1734141301350156e-08,8.4086226755972010e-08,1.1836045278157851e-07,1.3052663490973261e-07,1.1836045278157851e-07,8.4086226755972024e-08,3.1734141301350162e-08
338,5.7935864576099084e-07,3.0699297093438628e-08,8.1344191170473105e-08,1.1450074131676598e-07,1.2627018659963537e-07,1.1450074131676598e-07,8.1344191170473105e-08,3.0699297093438634e-08
339,5.6046587241710586e-07,2.9698198954925313e-08,7.8691572834887934e-08,1.1076689429604354e-07,1.2215254024539224e-07,1.1076689429604354e-07,7.8691572834887934e-08,2.9698198954925313e-08
340,5.4218918875658892e-07,2.8729746433016330e-08,7.6125455869997292e-08,1.0715480730424169e-07,1.1816916954207829e-07,1.0715480730424169e-07,7.6125455869997292e-08,2.8729746433016330e-08
341,5.2450850421406646e-07,2.7792874960470487e-08,7.3643019482839097e-08,1.0366050977037546e-07,1.1431569578669634e-07,1.0366050977037544e-07,7.3643019482839097e-08,2.7792874960470494e-08
342,5.0740438337361461e-07,2.6886554685378355e-08,7.1241534865964028e-08,1.0028016060301150e-07,1.1058788306490683e-07,1.0028016060301150e-07,7.1241534865964055e-08,2.6886554685378362e-08
343,4.9085802460446264e-07,2.6009789339102025e-08,6.8918362197805750e-08,9.7010043967964904e-08,1.0698163359471723e-07,9.7010043967964917e-08,6.8918362197805750e-08,2.6009789339102032e-08
344,4.7485123939338115e-07,2.5161615141131098e-08,6.6670947740868360e-08,9.3846565203684627e-08,1.0349298322201295e-07,9.3846565203684640e-08,6.6670947740868374e-08,2.5161615141131105e-08
345,4.5936643235103834e-07,2.4341099739651154e-08,6.4496821034541684e-08,9.0786246869837293e-08,1.0011809706297802e-07,9.0786246869837293e-08,6.4496821034541697e-08,2.4341099739651164e-08
346,4.4438658187034383e-07,2.3547341186660057e-08,6.2393592179458023e-08,8.7825724924745904e-08,9.6853265288615845e-08,8.7825724924745930e-08,6.2393592179458037e-08,2.3547341186660067e-08
347,4.2989522141552163e-07,2.2779466946505497e-08,6.0358949210405676e-08,8.4961745027481856e-08,9.3694899046735596e-08,8.4961745027481856e-08,6.0358949210405676e-08,2.2779466946505504e-08
348,4.1587642142134100e-07,2.2036632936753975e-08,5.8390655554911145e-08,8.2191158960544377e-08,9.0639526516921957e-08,8.2191158960544377e-08,5.8390655554911158e-08,2.2036632936753985e-08
349,4.0231477178261149e-07,2.1318022600336841e-08,5.6486547574696614e-08,7.9510921169196427e-08,8.7683789094151691e-08,7.9510921169196427e-08,5.6486547574696614e-08,2.1318022600336844e-08
350,3.8919536491469127e-07,2.0622846007953450e-08,5.4644532187309816e-08,7.6918085413651589e-08,8.4824437696861539e-08,7.6918085413651589e-08,5.4644532187309822e-08,2.0622846007953453e-08
351,3.7650377936638951e-07,1.9950338989744832e-08,5.2862584565312345e-08,7.4409801530432898e-08,8.2058329195409371e-08,7.4409801530432898e-08,5.2862584565312358e-08,1.9950338989744835e-08
352,3.6422606396724835e-07,1.9299762295283257e-08,5.1138745910496779e-08,7.1983312299342883e-08,7.9382422957002544e-08,7.1983312299342883e-08,5.1138745910496779e-08,1.9299762295283260e-08
353,3.5234872249177941e-07,1.8670400780954418e-08,4.9471121300686230e-08,6.9635950412601296e-08,7.6793777503295494e-08,6.9635950412601296e-08,4.9471121300686223e-08,1.8670400780954418e-08
354,3.4085869882379596e-07,1.8061562623838898e-08,4.7857877606749388e-08,6.7365135542818491e-08,7.4289547276982404e-08,6.7365135542818478e-08,4.7857877606749388e-08,1.8061562623838898e-08
355,3.2974336260453420e-07,1.7472578561228835e-08,4.6297241477541249e-08,6.5168371506581753e-08,7.1866979513830601e-08,6.5168371506581753e-08,4.6297241477541249e-08,1.7472578561228835e-08
356,3.1899049534878617e-07,1.6902801154943782e-08,4.4787497390554523e-08,6.3043243520536539e-08,6.9523411216716492e-08,6.3043243520536539e-08,4.4787497390554516e-08,1.6902801154943778e-08
357,3.0858827701378190e-07,1.6351604079637077e-08,4.3326985766138952e-08,6.0987415546946233e-08,6.7256266228337387e-08,6.0987415546946233e-08,4.3326985766138952e-08,1.6351604079637077e-08
358,2.9852527300605975e-07,1.5818381434310448e-08,4.1914101143215612e-08,5.8998627725812866e-08,6.5063052399381840e-08,5.8998627725812859e-08,4.1914101143215612e-08,1.5818381434310448e-08
359,2.8879042161203813e-07,1.5302547076279942e-08,4.0547290414480722e-08,5.7074693890735742e-08,6.2941358849045268e-08,5.7074693890735756e-08,4.0547290414480722e-08,1.5302547076279942e-08
360,2.7937302183847531e-07,1.4803533976861115e-08,3.9225051119159168e-08,5.5213499165777533e-08,6.0888853314879634e-08,5.5213499165777546e-08,3.9225051119159168e-08,1.4803533976861115e-08
361,2.7026272164944870e-07,1.4320793598065221e-08,3.7945929791431026e-08,5.3412997640696038e-08,5.8903279589064128e-08,5.3412997640696045e-08,3.7945929791431026e-08,1.4320793598065221e-08
362,2.6144950658692428e-07,1.3853795289621192e-08,3.6708520362715556e-08,5.1671210121986192e-08,5.6982455038278408e-08,5.1671210121986192e-08,3.6708520362715556e-08,1.3853795289621192e-08
363,2.5292368876240689e-07,1.3402025705660635e-08,3.5511462616056361e-08,4.9986221957260213e-08,5.5124268204452449e-08,4.9986221957260213e-08,3.5511462616056361e-08,1.3402025705660635e-08
364,2.4467589620757075e-07,1.2964988240424601e-08,3.4353440690908851e-08,4.8356180930574236e-08,5.3326676483755334e-08,4.8356180930574236e-08,3.4353440690908851e-08,1.2964988240424601e-08
365,2.3669706257216385e-07,1.2542202482371849e-08,3.3233181636686184e-08,4.6779295226387955e-08,5.1587703881271898e-08,4.6779295226387948e-08,3.3233181636686184e-08,1.2542202482371849e-08
366,2.2897841715786196e-07,1.2133203686088560e-08,3.2149454013473857e-08,4.5253831459919142e-08,4.9905438838898820e-08,4.5253831459919142e-08,3.2149454013473857e-08,1.2133203686088560e-08
367,2.2151147527711594e-07,1.1737542261418930e-08,3.1101066538374726e-08,4.3778112771727972e-08,4.8278032134072677e-08,4.3778112771727979e-08,3.1101066538374726e-08,1.1737542261418930e-08
368,2.1428802892639627e-07,1.1354783279255157e-08,3.0086866775996450e-08,4.2350516984436486e-08,4.6703694847020077e-08,4.2350516984436492e-08,3.0086866775996450e-08,1.1354783279255157e-08
369,2.0730013776358027e-07,1.0984505993443489e-08,2.9105739871641827e-08,4.0969474819557170e-08,4.5180696394295288e-08,4.0969474819557170e-08,2.9105739871641827e-08,1.0984505993443489e-08
370,2.0054012037956569e-07,1.0626303378280847e-08,2.8156607325809664e-08,3.9633468172470359e-08,4.3707362626443927e-08,3.9633468172470359e-08,2.8156607325809664e-08,1.0626303378280847e-08
371,1.9400054585451480e-07,1.0279781681093574e-08,2.7238425808658810e-08,3.8341028443654319e-08,4.2282073987701397e-08,3.8341028443654319e-08,2.7238425808658810e-08,1.0279781681093574e-08
372,1.8767422558944820e-07,9.9445599894065173e-09,2.6350186013132366e-08,3.7090734924333583e-08,4.0903263735703258e-08,3.7090734924333583e-08,2.6350186013132366e-08,9.9445599894065173e-09
373,1.8155420540420816e-07,9.6202698122266421e-09,2.5490911545481298e-08,3.5881213234770951e-08,3.9569416219250398e-08,3.5881213234770945e-08,2.5490911545481298e-08,9.6202698122266404e-09
374,1.7563375789310660e-07,9.3065546749808989e-09,2.4659657851967811e-08,3.4711133813486556e-08,3.8279065212236082e-08,3.4711133813486550e-08,2.4659657851967808e-08,9.3065546749808989e-09
375,1.6990637502985314e-07,9.0030697276630988e-09,2.3855511180568728e-08,3.3579210455743132e-08,3.7030792301903238e-08,3.3579210455743126e-08,2.3855511180568725e-08,9.0030697276630955e-09
376,1.6436576101363563e-07,8.7094813657590273e-09,2.3077587576537579e-08,3.2484198899691052e-08,3.5823225329660351e-08,3.2484198899691045e-08,2.3077587576537569e-08,8.7094813657590240e-09
377,1.5900582534848835e-07,8.4254668635331348e-09,2.2325031910721123e-08,3.1424895458618864e-08,3.4655036882742109e-08,3.1424895458618864e-08,2.2325031910721119e-08,8.4254668635331315e-09
378,1.5382067614834046e-07,8.1507140192736668e-09,2.1597016939562386e-08,3.0400135697805880e-08,3.3524942835056615e-08,3.0400135697805880e-08,2.1597016939562383e-08,8.1507140192736651e-09
379,1.4880461366038613e-07,7.8849208121062882e-09,2.0892742395756707e-08,2.9408793154522367e-08,3.2431700935615420e-08,2.9408793154522363e-08,2.0892742395756707e-08,7.8849208121062866e-09
380,1.4395212399965562e-07,7.6277950699989365e-09,2.0211434108561411e-08,2.8449778099770256e-08,3.1374109442994425e-08,2.8449778099770253e-08,2.0211434108561411e-08,7.6277950699989332e-09
381,1.3925787308790127e-07,7.3790541485929841e-09,1.9552343152791944e-08,2.7522036340403263e-08,3.0351005804324881e-08,2.7522036340403263e-08,1.9552343152791941e-08,7.3790541485929833e-09
382,1.3471670079013496e-07,7.1384246205076591e-09,1.8914745025569121e-08,2.6624548060309636e-08,2.9361265377362121e-08,2.6624548060309636e-08,1.8914745025569118e-08,7.1384246205076558e-09
383,1.3032361524237223e-07,6.9056419747761636e-09,1.8297938849912472e-08,2.5756326699383723e-08,2.8403800194227527e-08,2.5756326699383720e-08,1.8297938849912468e-08,6.9056419747761620e-09
384,1.2607378736434735e-07,6.6804503260831584e-09,1.7701246604304251e-08,2.4916417869054031e-08,2.7477557765464463e-08,2.4916417869054024e-08,1.7701246604304248e-08,6.6804503260831576e-09
385,1.2196254555116760e-07,6.4626021334839249e-09,1.7124012377377225e-08,2.4103898303175719e-08,2.6581519923093870e-08,2.4103898303175719e-08,1.7124012377377221e-08,6.4626021334839240e-09
386,1.1798537053807212e-07,6.2518579282960568e-09,1.6565601646906944e-08,2.3317874843134323e-08,2.5714701701397474e-08,2.3317874843134323e-08,1.6565601646906941e-08,6.2518579282960560e-09
387,1.1413789043264935e-07,6.0479860508645521e-09,1.6025400582315919e-08,2.2557483456044961e-08,2.4876150254198504e-08,2.2557483456044961e-08,1.6025400582315919e-08,6.0479860508645513e-09
388,1.1041587590905353e-07,5.8507623959109328e-09,1.5502815369923045e-08,2.1821888284967969e-08,2.4064943807449651e-08,2.1821888284967965e-08,1.5502815369923042e-08,5.8507623959109320e-09
389,1.0681523555893637e-07,5.6599701661864947e-09,1.4997271560196449e-08,2.1110280730096752e-08,2.3280190645976960e-08,2.1110280730096752e-08,1.4997271560196449e-08,5.6599701661864939e-09
390,1.0333201139398414e-07,5.4753996341588662e-09,1.4508213436292359e-08,2.0421878559907965e-08,2.2521028133265758e-08,2.0421878559907965e-08,1.4508213436292359e-08,5.4753996341588653e-09
391,9.9962374495116406e-08,5.2968479114699293e-09,1.4035103403185757e-08,1.9755925051296905e-08,2.1786621763211212e-08,1.9755925051296905e-08,1.4035103403185757e-08,5.2968479114699284e-09
392,9.6702620803562979e-08,5.1241187259116708e-09,1.3577421396721375e-08,1.9111688157752881e-08,2.1076164242791111e-08,1.9111688157752884e-08,1.3577421396721375e-08,5.1241187259116708e-09
393,9.3549167049193566e-08,4.9570222056748029e-09,1.3134664311935427e-08,1.8488459704660302e-08,2.0388874604652505e-08,1.8488459704660302e-08,1.3134664311935429e-08,4.9570222056748029e-09
394,9.0498546811623558e-08,4.7953746706330034e-09,1.2706345450019657e-08,1.7885554610840754e-08,1.9723997348636717e-08,1.7885554610840757e-08,1.2706345450019657e-08,4.7953746706330042e-09
395,8.7547406709766295e-08,4.6389984304333335e-09,1.2291993983319774e-08,1.7302310135480509e-08,1.9080801611299069e-08,1.7302310135480509e-08,1.2291993983319770e-08,4.6389984304333343e-09
396,8.4692502715643668e-08,4.4877215891708806e-09,1.1891154437780197e-08,1.6738085149615550e-08,1.8458580362510413e-08,1.6738085149615550e-08,1.1891154437780197e-08,4.4877215891708806e-09
397,8.1930696588402226e-08,4.3413778564329351e-09,1.1503386192266187e-08,1.6192259431373330e-08,1.7856649628257313e-08,1.6192259431373330e-08,1.1503386192266187e-08,4.3413778564329351e-09
398,7.9258952424615519e-08,4.1998063645049701e-09,1.1128262994212940e-08,1.5664232984196561e-08,1.7274347738786575e-08,1.5664232984196561e-08,1.1128262994212942e-08,4.1998063645049701e-09
399,7.6674333321080523e-08,4.0628514915375068e-09,1.0765372491069330e-08,1.5153425377299606e-08,1.6711034601267635e-08,1.5153425377299606e-08,1.0765372491069330e-08,4.0628514915375076e-09
400,7.4173998146439376e-08,3.9303626904794681e-09,1.0414315777021132e-08,1.4659275107632443e-08,1.6166090996173297e-08,1.4659275107632441e-08,1.0414315777021131e-08,3.9303626904794681e-09
401,7.1755198418078138e-08,3.8021943235899807e-09,1.0074706954495549e-08,1.4181238982650872e-08,1.5638917896605331e-08,1.4181238982650872e-08,1.0074706954495549e-08,3.8021943235899824e-09
402,6.9415275280869092e-08,3.6782055023467305e-09,9.7461727099649709e-09,1.3718791523214463e-08,1.5128935809816760e-08,1.3718791523214463e-08,9.7461727099649709e-09,3.6782055023467313e-09
403,6.7151656584435820e-08,3.5582599325748494e-09,9.4283519035836887e-09,1.3271424385955884e-08,1.4635584140206967e-08,1.3271424385955884e-08,9.4283519035836903e-09,3.5582599325748507e-09
404,6.4961854055728014e-08,3.4422257646261467e-09,9.1208951722064923e-09,1.2838645804486660e-08,1.4158320573089409e-08,1.2838645804486660e-08,9.1208951722064956e-09,3.4422257646261471e-09
405,6.2843460563798116e-08,3.3299754484439462e-09,8.8234645453527428e-09,1.2419980048825097e-08,1.3696620478554542e-08,1.2419980048825097e-08,8.8234645453527428e-09,3.3299754484439462e-09
406,6.0794147473773015e-08,3.2213855933542424e-09,8.5357330736937792e-09,1.2014966902452154e-08,1.3249976334772668e-08,1.2014966902452154e-08,8.5357330736937792e-09,3.2213855933542424e-09
407,5.8811662087112292e-08,3.1163368324290351e-09,8.2573844696552937e-09,1.1623161156420439e-08,1.2817897170102758e-08,1.1623161156420439e-08,8.2573844696552937e-09,3.1163368324290346e-09
408,5.6893825165339078e-08,3.0147136912727521e-09,7.9881127597395824e-09,1.1244132119960198e-08,1.2399908023394003e-08,1.1244132119960198e-08,7.9881127597395824e-09,3.0147136912727521e-09
409,5.5038528534521540e-08,2.9164044610875175e-09,7.7276219481854991e-09,1.0877463147044341e-08,1.1995549421886829e-08,1.0877463147044341e-08,7.7276219481854975e-09,2.9164044610875171e-09
410,5.3243732767871965e-08,2.8213010758777421e-09,7.4756256915963992e-09,1.0522751178392111e-08,1.1604376876139456e-08,1.0522751178392111e-08,7.4756256915963992e-09,2.8213010758777421e-09
411,5.1507464943915519e-08,2.7292989936590429e-09,7.2318469841784063e-09,1.0179606298407917e-08,1.1225960391424792e-08,1.0179606298407917e-08,7.2318469841784046e-09,2.7292989936590425e-09
412,4.9827816477764979e-08,2.6402970815409207e-09,6.9960178532429775e-09,9.8476513065682934e-09,1.0859883995060606e-08,9.8476513065682934e-09,6.9960178532429766e-09,2.6402970815409207e-09
413,4.8202941023117041e-08,2.5541975045568703e-09,6.7678790646391059e-09,9.5265213027858710e-09,1.0505745279153349e-08,9.5265213027858693e-09,6.7678790646391051e-09,2.5541975045568703e-09
414,4.6631052442664063e-08,2.4709056181197139e-09,6.5471798377912849e-09,9.2158632862945179e-09,1.0163154958253028e-08,9.2158632862945179e-09,6.5471798377912849e-09,2.4709056181197134e-09
415,4.5110422844690458e-08,2.3903298639839481e-09,6.3336775700300599e-09,8.9153357676147990e-09,9.8317364414328485e-09,8.9153357676147990e-09,6.3336775700300599e-09,2.3903298639839477e-09
416,4.3639380683695177e-08,2.3123816696007431e-09,6.1271375699120820e-09,8.6246083931731233e-09,9.5111254183232800e-09,8.6246083931731233e-09,6.1271375699120828e-09,2.3123816696007431e-09
417,4.2216308922952541e-08,2.2369753507549479e-09,5.9273327992365678e-09,8.3433615821620256e-09,9.2009694586454553e-09,8.3433615821620239e-09,5.9273327992365687e-09,2.2369753507549483e-09
418,4.0839643256991612e-08,2.1640280173770908e-09,5.7340436234745314e-09,8.0712861752423289e-09,8.9009276248037120e-09,8.0712861752423289e-09,5.7340436234745314e-09,2.1640280173770912e-09
419,3.9507870392040250e-08,2.0934594824268268e-09,5.5470575703364812e-09,7.8080830947011037e-09,8.6106700971114183e-09,7.8080830947011037e-09,5.5470575703364812e-09,2.0934594824268272e-09
420,3.8219526382543361e-08,2.0251921737476820e-09,5.3661690962131796e-09,7.5534630156917637e-09,8.3298778112381088e-09,7.5534630156917637e-09,5.3661690962131804e-09,2.0251921737476825e-09
421,3.6973195021927210e-08,1.9591510487961972e-09,5.1911793602327139e-09,7.3071460481949950e-09,8.0582421074794014e-09,7.3071460481949942e-09,5.1911793602327139e-09,1.9591510487961976e-09
422,3.5767506285840421e-08,1.8952635121517355e-09,5.0218960056855368e-09,7.0688614293508579e-09,7.7954643914641566e-09,7.0688614293508587e-09,5.0218960056855368e-09,1.8952635121517359e-09
423,3.4601134826160609e-08,1.8334593357162814e-09,4.8581329485771788e-09,6.8383472258238918e-09,7.5412558059259053e-09,6.8383472258238918e-09,4.8581329485771788e-09,1.8334593357162814e-09
424,3.3472798514111273e-08,1.7736705815165075e-09,4.6997101730762283e-09,6.6153500458740247e-09,7.2953369131777482e-09,6.6153500458740247e-09,4.6997101730762283e-09,1.7736705815165077e-09
425,3.2381257030887212e-08,1.7158315270232531e-09,4.5464535336327059e-09,6.3996247608168007e-09,7.0574373879416923e-09,6.3996247608168007e-09,4.5464535336327059e-09,1.7158315270232531e-09
426,3.1325310504239511e-08,1.6598785929063166e-09,4.3981945635493242e-09,6.1909342355667393e-09,6.8272957201947540e-09,6.1909342355667393e-09,4.3981945635493242e-09,1.6598785929063166e-09
427,3.0303798189521127e-08,1.6057502731451528e-09,4.2547702897951971e-09,5.9890490679676126e-09,6.6046589277052060e-09,5.9890490679676126e-09,4.2547702897951971e-09,1.6057502731451528e-09
428,2.9315597193743391e-08,1.5533870674186470e-09,4.1160230538584470e-09,5.7937473366231281e-09,6.3892822779429485e-09,5.7937473366231281e-09,4.1160230538584470e-09,1.5533870674186465e-09
429,2.8359621241240713e-08,1.5027314156996426e-09,3.9818003384407620e-09,5.6048143569507846e-09,6.1809290190583370e-09,5.6048143569507846e-09,3.9818003384407620e-09,1.5027314156996426e-09
430,2.7434819479586811e-08,1.4537276349823337e-09,3.8519545998034213e-09,5.4220424451907802e-09,5.9793701196337405e-09,5.4220424451907793e-09,3.8519545998034205e-09,1.4537276349823335e-09
431,2.6540175324449675e-08,1.4063218580729589e-09,3.7263431055804738e-09,5.2452306901105370e-09,5.7843840169217387e-09,5.2452306901105370e-09,3.7263431055804730e-09,1.4063218580729587e-09
432,2.5674705342115713e-08,1.3604619743765230e-09,3.6048277778808099e-09,5.0741847321539023e-09,5.5957563732932408e-09,5.0741847321539023e-09,3.6048277778808095e-09,1.3604619743765228e-09
433,2.4837458168454422e-08,1.3160975726144521e-09,3.4872750415066319e-09,4.9087165497922396e-09,5.4132798406277700e-09,4.9087165497922396e-09,3.4872750415066311e-09,1.3160975726144519e-09
434,2.4027513463135532e-08,1.2731798854102127e-09,3.3735556771214974e-09,4.7486442528425879e-09,5.2367538323869368e-09,4.7486442528425871e-09,3.3735556771214974e-09,1.2731798854102125e-09
435,2.3243980897948895e-08,1.2316617356819840e-09,3.2635446792065264e-09,4.5937918825256552e-09,5.0659843031205641e-09,4.5937918825256552e-09,3.2635446792065264e-09,1.2316617356819840e-09
436,2.2485999178115021e-08,1.1914974847834562e-09,3.1571211186486214e-09,4.4439892180439035e-09,4.9007835351630590e-09,4.4439892180439043e-09,3.1571211186486214e-09,1.1914974847834562e-09
437,2.1752735095510536e-08,1.1526429823357454e-09,3.0541680098096666e-09,4.2990715894670649e-09,4.7409699322855835e-09,4.2990715894670640e-09,3.0541680098096666e-09,1.1526429823357454e-09
438,2.1043382612767756e-08,1.1150555176952808e-09,2.9545721819305695e-09,4.1588796967194347e-09,4.5863678200771875e-09,4.1588796967194347e-09,2.9545721819305695e-09,1.1150555176952806e-09
439,2.0357161977241618e-08,1.0786937730043142e-09,2.8582241547287973e-09,4.0232594344699618e-09,4.4368072528354718e-09,4.0232594344699618e-09,2.8582241547287973e-09,1.0786937730043142e-09
440,1.9693318863869929e-08,1.0435177777724454e-09,2.7650180180526468e-09,3.8920617227326190e-09,4.2921238267545111e-09,3.8920617227326190e-09,2.7650180180526468e-09,1.0435177777724454e-09
441,1.9051123545984854e-08,1.0094888649392318e-09,2.6748513154599710e-09,3.7651423429908810e-09,4.1521584992046855e-09,3.7651423429908810e-09,2.6748513154599710e-09,1.0094888649392318e-09
442,1.8429870093163981e-08,9.7656962836959132e-10,2.5876249315933778e-09,3.6423617796661461e-09,4.0167574139057491e-09,3.6423617796661457e-09,2.5876249315933778e-09,9.7656962836959132e-10
443,1.7828875595239397e-08,9.4472388173526873e-10,2.5032429832281027e-09,3.5235850667558307e-09,3.8857717318009926e-09,3.5235850667558303e-09,2.5032429832281027e-09,9.4472388173526894e-10
444,1.7247479411611650e-08,9.1391661873717275e-10,2.4216127138727899e-09,3.4086816394725881e-09,3.7590574674465486e-09,3.4086816394725881e-09,2.4216127138727899e-09,9.1391661873717295e-10
445,1.6685042445043399e-08,8.8411397462485166e-10,2.3426443918073193e-09,3.2975251907215238e-09,3.6364753307360103e-09,3.2975251907215233e-09,2.3426443918073193e-09,8.8411397462485166e-10
446,1.6140946439134568e-08,8.5528318897081414e-10,2.2662512114456031e-09,3.1899935322576686e-09,3.5178905737863969e-09,3.1899935322576678e-09,2.2662512114456031e-09,8.5528318897081414e-10
447,1.5614593298706662e-08,8.2739256965877078e-10,2.1923491979149212e-09,3.0859684603710807e-09,3.4031728428171168e-09,3.0859684603710799e-09,2.1923491979149212e-09,8.2739256965877088e-10
448,1.5105404432349239e-08,8.0041145804621286e-10,2.1208571147469040e-09,2.9853356259519308e-09,3.2921960348591440e-09,2.9853356259519308e-09,2.1208571147469035e-09,8.0041145804621286e-10
449,1.4612820116405808e-08,7.7431019526303178e-10,2.0516963745786987e-09,2.8879844087927371e-09,3.1848381591368751e-09,2.8879844087927363e-09,2.0516963745786987e-09,7.7431019526303178e-10
450,1.4136298879700023e-08,7.4906008960913471e-10,1.9847909527661503e-09,2.7938077959895790e-09,3.0809812029702945e-09,2.7938077959895786e-09,1.9847909527661503e-09,7.4906008960913450e-10
451,1.3675316908325823e-08,7.2463338501521763e-10,1.9200673038140404e-09,2.7027022643086295e-09,2.9805110020500497e-09,2.7027022643086295e-09,1.9200673038140396e-09,7.2463338501521753e-10
452,1.3229367469847290e-08,7.0100323053202652e-10,1.8574542805315188e-09,2.6145676663886864e-09,2.8833171149428269e-09,2.6145676663886864e-09,1.8574542805315184e-09,7.0100323053202641e-10
453,1.2797960356275192e-08,6.7814365081456717e-10,1.7968830558238650e-09,2.5293071206546206e-09,2.7892927016890859e-09,2.5293071206546198e-09,1.7968830558238646e-09,6.7814365081456696e-10
454,1.2380621345207975e-08,6.5602951756881970e-10,1.7382870470346002e-09,2.4468269048207207e-09,2.6983344063596949e-09,2.4468269048207207e-09,1.7382870470345998e-09,6.5602951756881970e-10
455,1.1976891678544863e-08,6.3463652192957104e-10,1.6816018427547902e-09,2.3670363528668833e-09,2.6103422434423725e-09,2.3670363528668833e-09,1.6816018427547898e-09,6.3463652192957083e-10
456,1.1586327558197965e-08,6.1394114773899879e-10,1.6267651320190846e-09,2.2898477553743744e-09,2.5252194879330503e-09,2.2898477553743740e-09,1.6267651320190844e-09,6.1394114773899869e-10
457,1.1208499658249191e-08,5.9392064569663769e-10,1.5737166358106571e-09,2.2151762631116368e-09,2.4428725690113260e-09,2.2151762631116372e-09,1.5737166358106567e-09,5.9392064569663759e-10
458,1.0842992653015553e-08,5.7455300835230876e-10,1.5223980407997569e-09,2.1429397937641380e-09,2.3632109671831466e-09,2.1429397937641380e-09,1.5223980407997567e-09,5.7455300835230866e-10
459,1.0489404760504249e-08,5.5581694591452570e-10,1.4727529352430338e-09,2.0730589417057404e-09,2.2861471147776486e-09,2.0730589417057404e-09,1.4727529352430338e-09,5.5581694591452550e-10
460,1.0147347300755508e-08,5.3769186284778292e-10,1.4247267469731748e-09,2.0054568907124112e-09,2.2115962996887701e-09,2.0054568907124112e-09,1.4247267469731748e-09,5.3769186284778292e-10
461,9.8164442685878553e-09,5.2015783523300351e-10,1.3782666834106831e-09,1.9400593295223215e-09,2.1394765722558389e-09,1.9400593295223215e-09,1.3782666834106831e-09,5.2015783523300340e-10
462,9.4963319202760325e-09,5.0319558886625620e-10,1.3333216735318655e-09,1.8767943701495128e-09,2.0697086551807627e-09,1.8767943701495128e-09,1.3333216735318655e-09,5.0319558886625620e-10
463,9.1866583737072802e-09,4.8678647807167104e-10,1.2898423117292305e-09,1.8155924688613393e-09,2.0022158563827991e-09,1.8155924688613389e-09,1.2898423117292301e-09,4.8678647807167094e-10
464,8.8870832215764608e-09,4.7091246520526053e-10,1.2477808035025868e-09,1.7563863497328215e-09,1.9369239846951221e-09,1.7563863497328217e-09,1.2477808035025868e-09,4.7091246520526053e-10
465,8.5972771571947895e-09,4.5555610082711782e-10,1.2070909129211484e-09,1.6991109306938779e-09,1.8737612683105014e-09,1.6991109306938779e-09,1.2070909129211484e-09,4.5555610082711788e-10
466,8.3169216125008935e-09,4.4070050452019504e-10,1.1677279117988857e-09,1.6437032519881392e-09,1.8126582758864532e-09,1.6437032519881392e-09,1.1677279117988857e-09,4.4070050452019514e-10
467,8.0457084078762411e-09,4.2632934633457836e-10,1.1296485305272619e-09,1.5901024069647103e-09,1.7535478402231387e-09,1.5901024069647103e-09,1.1296485305272619e-09,4.2632934633457852e-10
468,7.7833394133800335e-09,4.1242682883686136e-10,1.0928109105113023e-09,1.5382494751267975e-09,1.6963649844301107e-09,1.5382494751267975e-09,1.0928109105113025e-09,4.1242682883686146e-10
469,7.5295262210311628e-09,3.9897766974488412e-10,1.0571745581567161e-09,1.4880874573636071e-09,1.6410468505007473e-09,1.4880874573636073e-09,1.0571745581567161e-09,3.9897766974488423e-10
470,7.2839898277769799e-09,3.8596708512875129e-10,1.0227003003574871e-09,1.4395612132943214e-09,1.5875326302158614e-09,1.4395612132943214e-09,1.0227003003574871e-09,3.8596708512875139e-10
471,7.0464603288004067e-09,3.7338077315966112e-10,9.8935024143500733e-10,1.3926174006552715e-09,1.5357634983005276e-09,1.3926174006552715e-09,9.8935024143500733e-10,3.7338077315966117e-10
472,6.8166766208282228e-09,3.6120489838868180e-10,9.5708772148141619e-10,1.3472044166636862e-09,1.4856825477606552e-09,1.3472044166636862e-09,9.5708772148141619e-10,3.6120489838868191e-10
473,6.5943861151144344e-09,3.4942607653819435e-10,9.2587727606135552e-10,1.3032723412935569e-09,1.4372347273282196e-09,1.3032723412935573e-09,9.2587727606135572e-10,3.4942607653819445e-10
474,6.3793444597831770e-09,3.3803135978928347e-10,8.9568459722784239e-10,1.2607728824012648e-09,1.3903667809463953e-09,1.2607728824012648e-09,8.9568459722784239e-10,3.3803135978928347e-10
475,6.1713152712259863e-09,3.2700822254890337e-10,8.6647649580940666e-10,1.2196593226406496e-09,1.3450271892280665e-09,1.2196593226406496e-09,8.6647649580940677e-10,3.2700822254890342e-10
476,5.9700698742581325e-09,3.1634454768117412e-10,8.3822086492703931e-10,1.1798864681091713e-09,1.3011661128233629e-09,1.1798864681091713e-09,8.3822086492703931e-10,3.1634454768117412e-10
477,5.7753870507484170e-09,3.0602861318767241e-10,8.1088664470084302e-10,1.1414105986687081e-09,1.2587353376339699e-09,1.1414105986687081e-09,8.1088664470084302e-10,3.0602861318767241e-10
478,5.5870527964460964e-09,2.9604907932207556e-10,7.8444378810759466e-10,1.1041894198863822e-09,1.2176882218139917e-09,1.1041894198863822e-09,7.8444378810759466e-10,2.9604907932207556e-10
479,5.4048600857376405e-09,2.8639497612499439e-10,7.5886322795168524e-10,1.0681820165425900e-09,1.1779796444991019e-09,1.0681820165425900e-09,7.5886322795168503e-10,2.8639497612499434e-10
480,5.2286086440747218e-09,2.7705569136529304e-10,7.3411684491313006e-10,1.0333488076551223e-09,1.1395659562076304e-09,1.0333488076551223e-09,7.3411684491312996e-10,2.7705569136529293e-10
481,5.0581047278232779e-09,2.6802095887463955e-10,7.1017743663752890e-10,9.9965150296994114e-10,1.1024049308590588e-09,9.9965150296994093e-10,7.1017743663752879e-10,2.6802095887463950e-10
482,4.8931609112916758e-09,2.5928084726246512e-10,6.8701868783399554e-10,9.6705306087078510e-10,1.0664557193571847e-09,9.6705306087078510e-10,6.8701868783399544e-10,2.5928084726246507e-10
483,4.7335958807038200e-09,2.5082574899892585e-10,6.6461514134818775e-10,9.3551764766133207e-10,1.0316788046869285e-09,9.3551764766133207e-10,6.6461514134818775e-10,2.5082574899892580e-10
484,4.5792342348907729e-09,2.4264636985386717e-10,6.4294217017864144e-10,9.0501059817516383e-10,9.9803595847542775e-10,9.0501059817516372e-10,6.4294217017864144e-10,2.4264636985386711e-10
485,4.4299062924817783e-09,2.3473371868018153e-10,6.2197595040564493e-10,8.7549837767023189e-10,9.6549019896966218e-10,8.7549837767023189e-10,6.2197595040564483e-10,2.3473371868018153e-10
486,4.2854479053827534e-09,2.2707909753032916e-10,6.0169343500289897e-10,8.4694854496593772e-10,9.3400575038442211e-10,8.4694854496593772e-10,6.0169343500289887e-10,2.2707909753032911e-10
487,4.1457002783372018e-09,2.1967409209515641e-10,5.8207232850317313e-10,8.1932971678230557e-10,9.0354800357593181e-10,8.1932971678230557e-10,5.8207232850317313e-10,2.1967409209515641e-10
488,4.0105097943712175e-09,2.1251056245450331e-10,5.6309106249010929e-10,7.9261153324204756e-10,8.7408347799789787e-10,7.9261153324204736e-10,5.6309106249010929e-10,2.1251056245450331e-10
489,3.8797278459306932e-09,2.0558063412943130e-10,5.4472877188923383e-10,7.6676462449759973e-10,8.4557978489816369e-10,7.6676462449759952e-10,5.4472877188923372e-10,2.0558063412943130e-10
490,3.7532106715251072e-09,1.9887668942623654e-10,5.2696527203211467e-10,7.4176057844644545e-10,8.1800559171551371e-10,7.4176057844644534e-10,5.2696527203211456e-10,1.9887668942623651e-10
491,3.6308191976983280e-09,1.9239135906273292e-10,5.0978103646845200e-10,7.1757190949923340e-10,7.9133058763749166e-10,7.1757190949923330e-10,5.0978103646845190e-10,1.9239135906273290e-10
492,3.5124188861527238e-09,1.8611751406760066e-10,4.9315717550171245e-10,6.9417202836636331e-10,7.6552545028137101e-10,6.9417202836636331e-10,4.9315717550171235e-10,1.8611751406760064e-10
493,3.3978795858585150e-09,1.8004825794389537e-10,4.7707541542471166e-10,6.7153521282982427e-10,7.4056181346165230e-10,6.7153521282982427e-10,4.7707541542471156e-10,1.8004825794389532e-10
494,3.2870753899858218e-09,1.7417691908810368e-10,4.6151807843232090e-10,6.4963657946815793e-10,7.1641223600865715e-10,6.4963657946815793e-10,4.6151807843232090e-10,1.7417691908810365e-10
495,3.1798844975021290e-09,1.6849704345641199e-10,4.4646806318921662e-10,6.2845205630346541e-10,6.9305017160394098e-10,6.2845205630346541e-10,4.4646806318921662e-10,1.6849704345641197e-10
496,3.0761890792830225e-09,1.6300238747012678e-10,4.3190882603131116e-10,6.0795835634038926e-10,6.7044993959936772e-10,6.0795835634038937e-10,4.3190882603131116e-10,1.6300238747012678e-10
497,2.9758751485890387e-09,1.5768691115244761e-10,4.1782436278020206e-10,5.8813295196798564e-10,6.4858669678776787e-10,5.8813295196798564e-10,4.1782436278020206e-10,1.5768691115244761e-10
498,2.8788324357662342e-09,1.5254477148904895e-10,4.0419919115064801e-10,5.6895405019634438e-10,6.2743641009415134e-10,5.6895405019634448e-10,4.0419919115064806e-10,1.5254477148904895e-10
499,2.7849542670327458e-09,1.4757031600517194e-10,3.9101833373173379e-10,5.5040056870074011e-10,6.0697583015745377e-10,5.5040056870074021e-10,3.9101833373173384e-10,1.4757031600517194e-10
500,2.6941374472180969e-09,1.4275807655216589e-10,3.7826730152301657e-10,5.3245211264697780e-10,5.8718246577377634e-10,5.3245211264697780e-10,3.7826730152301662e-10,1.4275807655216589e-10
501,2.6062821463263541e-09,1.3810276329664968e-10,3.6593207800755430e-10,5.1508895227245902e-10,5.6803455917302794e-10,5.1508895227245902e-10,3.6593207800755430e-10,1.3810276329664968e-10
502,2.5212917897984368e-09,1.3359925890568531e-10,3.5399910374431074e-10,4.9829200119832700e-10,5.4951106210179083e-10,4.9829200119832690e-10,3.5399910374431074e-10,1.3359925890568531e-10
503,2.4390729523529509e-09,1.2924261292157168e-10,3.4245526146299822e-10,4.8204279544884626e-10,5.3159161268611835e-10,4.8204279544884636e-10,3.4245526146299822e-10,1.2924261292157171e-10
504,2.3595352552888510e-09,1.2502803632007566e-10,3.3128786164497529e-10,4.6632347315495790e-10,5.1425651304883358e-10,4.6632347315495790e-10,3.3128786164497529e-10,1.2502803632007566e-10
505,2.2825912671370486e-09,1.2095089624611759e-10,3.2048462857434828e-10,4.5111675491969675e-10,4.9748670765672340e-10,4.5111675491969675e-10,3.2048462857434828e-10,1.2095089624611759e-10
506,2.2081564075517446e-09,1.1700671092112576e-10,3.1003368684394357e-10,4.3640592482388977e-10,4.8126376237382622e-10,4.3640592482388977e-10,3.1003368684394351e-10,1.1700671092112576e-10
507,2.1361488543358512e-09,1.1319114471646043e-10,2.9992354830131780e-10,4.2217481205125398e-10,4.6556984419778671e-10,4.2217481205125398e-10,2.9992354830131780e-10,1.1319114471646043e-10
508,2.0664894534982980e-09,1.0950000338749306e-10,2.9014309942045632e-10,4.0840777311269634e-10,4.5038770165700678e-10,4.0840777311269629e-10,2.9014309942045622e-10,1.0950000338749303e-10
509,1.9991016322443481e-09,1.0592922946310084e-10,2.8068158908527722e-10,3.9508967465027665e-10,4.3570064584703882e-10,3.9508967465027665e-10,2.8068158908527716e-10,1.0592922946310084e-10
510,1.9339113148032859e-09,1.0247489778550926e-10,2.7152861677151417e-10,3.8220587680192926e-10,4.2149253208538060e-10,3.8220587680192921e-10,2.7152861677151417e-10,1.0247489778550926e-10
511,1.8708468410009464e-09,9.9133211195579434e-11,2.6267412111398474e-10,3.6974221710865766e-10,4.0774774216450251e-10,3.6974221710865766e-10,2.6267412111398474e-10,9.9133211195579434e-11
512,1.8098388874875785e-09,9.5900496358797296e-11,2.5410836884667845e-10,3.5768499494651328e-10,3.9445116718360062e-10,3.5768499494651328e-10,2.5410836884667845e-10,9.5900496358797296e-11
513,1.7508203915344559e-09,9.2773199727376565e-11,2.4582194410350627e-10,3.4602095646624363e-10,3.8158819094020298e-10,3.4602095646624363e-10,2.4582194410350627e-10,9.2773199727376565e-11
514,1.6937264773154587e-09,8.9747883634036744e-11,2.3780573806795044e-10,3.3473728002405602e-10,3.6914467386337233e-10,3.3473728002405602e-10,2.3780573806795044e-10,8.9747883634036731e-11
515,1.6384943845926057e-09,8.6821222513162210e-11,2.3005093896023756e-10,3.2382156208748100e-10,3.5710693747084403e-10,3.2382156208748100e-10,2.3005093896023764e-10,8.6821222513162184e-11
516,1.5850633997271327e-09,8.3989999245188630e-11,2.2254902235102773e-10,3.1326180360084332e-10,3.4546174933301326e-10,3.1326180360084332e-10,2.2254902235102778e-10,8.3989999245188617e-11
517,1.5333747889402893e-09,8.1251101620198245e-11,2.1529174179097252e-10,3.0304639679535144e-10,3.3419630852724483e-10,3.0304639679535149e-10,2.1529174179097254e-10,8.1251101620198245e-11
518,1.4833717337504866e-09,7.8601518916836550e-11,2.0827111974584118e-10,2.9316411242930865e-10,3.2329823156651365e-10,2.9316411242930865e-10,2.0827111974584120e-10,7.8601518916836550e-11
519,1.4349992685158258e-09,7.6038338592789913e-11,2.0147943882725078e-10,2.8360408744441687e-10,3.1275553878691063e-10,2.8360408744441687e-10,2.0147943882725078e-10,7.6038338592789913e-11
520,1.3882042200133569e-09,7.3558743083185994e-11,1.9490923330936035e-10,2.7435581302460759e-10,3.0255664117904894e-10,2.7435581302460759e-10,1.9490923330936037e-10,7.3558743083185994e-11
521,1.3429351489886419e-09,7.1160006703397810e-11,1.8855328092220417e-10,2.6540912304427108e-10,2.9269032764889573e-10,2.6540912304427108e-10,1.8855328092220417e-10,7.1160006703397822e-11
522,1.2991422936113775e-09,6.8839492652846724e-11,1.8240459491264268e-10,2.5675418289318664e-10,2.8314575269402529e-10,2.5675418289318669e-10,1.8240459491264273e-10,6.8839492652846724e-11
523,1.2567775147749189e-09,6.6594650116510776e-11,1.7645641636420455e-10,2.4838147866587022e-10,2.7391242448174765e-10,2.4838147866587027e-10,1.7645641636420455e-10,6.6594650116510776e-11
524,1.2157942431795746e-09,6.4423011460952324e-11,1.7070220676737668e-10,2.4028180670345475e-10,2.6498019331600693e-10,2.4028180670345481e-10,1.7070220676737668e-10,6.4423011460952324e-11
525,1.1761474281415059e-09,6.2322189521782727e-11,1.6513564083217614e-10,2.3244626347660821e-10,2.5633924048037185e-10,2.3244626347660819e-10,1.6513564083217614e-10,6.2322189521782740e-11
526,1.1377934880709582e-09,6.0289874979582163e-11,1.5975059953510265e-10,2.2486623579836720e-10,2.4798006744485424e-10,2.2486623579836722e-10,1.5975059953510265e-10,6.0289874979582176e-11
527,1.1006902625653863e-09,5.8323833821390304e-11,1.5454116339282830e-10,2.1753339135612899e-10,2.3989348542469097e-10,2.1753339135612899e-10,1.5454116339282833e-10,5.8323833821390304e-11
528,1.0647969660648142e-09,5.6421904884977200e-11,1.4950160595523119e-10,2.1043966955239251e-10,2.3207060527961239e-10,2.1043966955239251e-10,1.4950160595523119e-10,5.6421904884977200e-11
529,1.0300741430184867e-09,5.4581997483195076e-11,1.4462638751061992e-10,2.0357727264418175e-10,2.2450282774249307e-10,2.0357727264418175e-10,1.4462638751061992e-10,5.4581997483195076e-11
530,9.9648362451352368e-10,5.2802089105799578e-11,1.3991014899622957e-10,1.9693865717141034e-10,2.1718183396664464e-10,1.9693865717141034e-10,1.3991014899622957e-10,5.2802089105799578e-11
531,9.6398848631790993e-10,5.1080223196214052e-11,1.3534770610729508e-10,1.9051652566476588e-10,2.1009957638135993e-10,1.9051652566476588e-10,1.3534770610729508e-10,5.1080223196214039e-11
532,9.3255300829169194e-10,4.9414507000793277e-11,1.3093404359822676e-10,1.8430381862399832e-10,2.0324826984565525e-10,1.8430381862399832e-10,1.3093404359822676e-10,4.9414507000793277e-11
533,9.0214263512176895e-10,4.7803109488222196e-11,1.2666430976962319e-10,1.7829370675779491e-10,1.9662038309048832e-10,1.7829370675779491e-10,1.2666430976962319e-10,4.7803109488222196e-11
534,8.7272393833711430e-10,4.6244259336762685e-11,1.2253381113506179e-10,1.7247958347671120e-10,1.9020863044004303e-10,1.7247958347671120e-10,1.2253381113506179e-10,4.6244259336762685e-11
535,8.4426457956267423e-10,4.4736242987135753e-11,1.1853800726180404e-10,1.6685505763090633e-10,1.8400596380298206e-10,1.6685505763090636e-10,1.1853800726180404e-10,4.4736242987135753e-11
536,8.1673327497154854e-10,4.3277402758898964e-11,1.1467250577974462e-10,1.6141394648469920e-10,1.7800556492486300e-10,1.6141394648469925e-10,1.1467250577974462e-10,4.3277402758898977e-11
537,7.9009976089637940e-10,4.1866135028248397e-11,1.1093305755311744e-10,1.5615026892022313e-10,1.7220083789320149e-10,1.5615026892022307e-10,1.1093305755311746e-10,4.1866135028248404e-11
538,7.6433476056214584e-10,4.0500888465242098e-11,1.0731555200965170e-10,1.5105823886270758e-10,1.6658540188694314e-10,1.5105823886270758e-10,1.0731555200965171e-10,4.0500888465242098e-11
539,7.3940995190379632e-10,3.9180162328507359e-11,1.0381601262204296e-10,1.4613225892016103e-10,1.6115308416237365e-10,1.4613225892016103e-10,1.0381601262204296e-10,3.9180162328507359e-11
540,7.1529793643334064e-10,3.7902504815557288e-11,1.0043059253677284e-10,1.4136691423046173e-10,1.5589791326775689e-10,1.4136691423046173e-10,1.0043059253677284e-10,3.7902504815557288e-11
541,6.9197220912218080e-10,3.6666511466903192e-11,9.7155570345471898e-11,1.3675696650909407e-10,1.5081411247924248e-10,1.3675696650909407e-10,9.7155570345471872e-11,3.6666511466903192e-11
542,6.6940712926557312e-10,3.5470823622208551e-11,9.3987345994177562e-11,1.3229734829098693e-10,1.4589609345082713e-10,1.3229734829098693e-10,9.3987345994177562e-11,3.5470823622208551e-11
543,6.4757789229719529e-10,3.4314126926787582e-11,9.0922436825990524e-11,1.2798315736012483e-10,1.4113845007138947e-10,1.2798315736012483e-10,9.0922436825990524e-11,3.4314126926787582e-11
544,6.2646050252283281e-10,3.3195149886806476e-11,8.7957473752779058e-11,1.2380965136080796e-10,1.3653595252204588e-10,1.2380965136080791e-10,8.7957473752779058e-11,3.3195149886806476e-11
545,6.0603174674321691e-10,3.2112662471599337e-11,8.5089197551723583e-11,1.1977224258463834e-10,1.3208354152729460e-10,1.1977224258463831e-10,8.5089197551723609e-11,3.2112662471599337e-11
546,5.8626916873701650e-10,3.1065474761562301e-11,8.2314455282630132e-11,1.1586649292750127e-10,1.2777632279362911e-10,1.1586649292750127e-10,8.2314455282630132e-11,3.1065474761562301e-11
547,5.6715104457593216e-10,3.0052435640139572e-11,7.9630196822074346e-11,1.1208810901099854e-10,1.2360956162950730e-10,1.1208810901099854e-10,7.9630196822074346e-11,3.0052435640139572e-11
548,5.4865635874476383e-10,2.9072431528463505e-11,7.7033471510566620e-11,1.0843293746297078e-10,1.1957867774076202e-10,1.0843293746297077e-10,7.7033471510566620e-11,2.9072431528463505e-11
549,5.3076478104019588e-10,2.8124385161257885e-11,7.4521424909052429e-11,1.0489696035192117e-10,1.1567924019573281e-10,1.0489696035192117e-10,7.4521424909052429e-11,2.8124385161257885e-11
550,5.1345664422290905e-10,2.7207254402658714e-11,7.2091295661182561e-11,1.0147629077032162e-10,1.1190696255458335e-10,1.0147629077032162e-10,7.2091295661182561e-11,2.7207254402658714e-11
551,4.9671292239845373e-10,2.6320031100650892e-11,6.9740412457904015e-11,9.8167168561946457e-11,1.0825769815745108e-10,9.8167168561946457e-11,6.9740412457904015e-11,2.6320031100650892e-11
552,4.8051521010311662e-10,2.5461739978861469e-11,6.7466191101035206e-11,9.4965956188537042e-11,1.0472743556624913e-10,9.4965956188537042e-11,6.7466191101035206e-11,2.5461739978861469e-11
553,4.6484570207179495e-10,2.4631437564491333e-11,6.5266131662597281e-11,9.1869134731253556e-11,1.0131229415511066e-10,9.1869134731253556e-11,6.5266131662597268e-11,2.4631437564491333e-11
554,4.4968717366563655e-10,2.3828211151206795e-11,6.3137815736779039e-11,8.8873300022518691e-11,9.8008519844627465e-11,8.8873300022518717e-11,6.3137815736779039e-11,2.3828211151206795e-11
555,4.3502296193792894e-10,2.3051177795851119e-11,6.1078903781514909e-11,8.5975158904001218e-11,9.4812480975194441e-11,8.5975158904001218e-11,6.1078903781514909e-11,2.3051177795851122e-11
556,4.2083694731742838e-10,2.2299483347873090e-11,5.9087132546753407e-11,8.3171525606625895e-11,9.1720664314923650e-11,8.3171525606625895e-11,5.9087132546753407e-11,2.2299483347873090e-11
557,4.0711353588899063e-10,2.1572301510405683e-11,5.7160312586589340e-11,8.0459318248630672e-11,8.8729671197739242e-11,8.0459318248630659e-11,5.7160312586589340e-11,2.1572301510405683e-11
558,3.9383764225202692e-10,2.0868832931962863e-11,5.5296325852524862e-11,7.7835555447821456e-11,8.5836213787408492e-11,7.7835555447821469e-11,5.5296325852524868e-11,2.0868832931962863e-11
559,3.8099467293794299e-10,2.0188304327755878e-11,5.3493123365213851e-11,7.5297353044300696e-11,8.3037111463402138e-11,7.5297353044300696e-11,5.3493123365213857e-11,2.0188304327755875e-11
560,3.6857051036833215e-10,1.9529967629663324e-11,5.1748722962130219e-11,7.2841920930067031e-11,8.0329287324610970e-11,7.2841920930067031e-11,5.1748722962130213e-11,1.9529967629663320e-11
561,3.5655149733628780e-10,1.8893099163920502e-11,5.0061207118684338e-11,7.0466559982001217e-11,7.7709764807075653e-11,7.0466559982001230e-11,5.0061207118684338e-11,1.8893099163920502e-11
562,3.4492442199377827e-10,1.8276998855624171e-11,4.8428720840392450e-11,6.8168659094866737e-11,7.5175664412011603e-11,6.8168659094866737e-11,4.8428720840392456e-11,1.8276998855624171e-11
563,3.3367650332858011e-10,1.7680989459178220e-11,4.6849469623782027e-11,6.5945692311063541e-11,7.2724200540532561e-11,6.5945692311063541e-11,4.6849469623782027e-11,1.7680989459178220e-11
564,3.2279537711480546e-10,1.7104415813834403e-11,4.5321717483791555e-11,6.3795216043980295e-11,7.0352678431592939e-11,6.3795216043980295e-11,4.5321717483791555e-11,1.7104415813834403e-11
565,3.1226908232158034e-10,1.6546644123509706e-11,4.3843785045496499e-11,6.1714866391892238e-11,6.8058491199783437e-11,6.1714866391892238e-11,4.3843785045496505e-11,1.6546644123509706e-11
566,3.0208604796493342e-10,1.6007061260088760e-11,4.2414047698063692e-11,5.9702356539452442e-11,6.5839116969723616e-11,5.9702356539452442e-11,4.2414047698063705e-11,1.6007061260088766e-11
567,2.9223508038844212e-10,1.5485074089445417e-11,4.1030933808904925e-11,5.7755474243920080e-11,6.3692116103901248e-11,5.7755474243920080e-11,4.1030933808904925e-11,1.5485074089445420e-11
568,2.8270535095865375e-10,1.4980108819442610e-11,3.9692922996066577e-11,5.5872079403361987e-11,6.1615128520911376e-11,5.5872079403361993e-11,3.9692922996066583e-11,1.4980108819442613e-11
569,2.7348638416175758e-10,1.4491610369193856e-11,3.8398544456956391e-11,5.4050101704155045e-11,5.9605871101146976e-11,5.4050101704155045e-11,3.8398544456956404e-11,1.4491610369193857e-11
570,2.6456804608842134e-10,1.4019041758892975e-11,3.7146375351570078e-11,5.2287538345202776e-11,5.7662135177089730e-11,5.2287538345202769e-11,3.7146375351570078e-11,1.4019041758892975e-11
571,2.5594053329413557e-10,1.3561883519541374e-11,3.5935039238440582e-11,5.0582451836364961e-11,5.5781784105441730e-11,5.0582451836364961e-11,3.5935039238440582e-11,1.3561883519541374e-11
572,2.4759436202281917e-10,1.3119633121923996e-11,3.4763204561590779e-11,4.8932967868680011e-11,5.3962750918429625e-11,4.8932967868680011e-11,3.4763204561590779e-11,1.3119633121923996e-11
573,2.3952035778184226e-10,1.2691804424206258e-11,3.3629583186826331e-11,4.7337273254038906e-11,5.2203036051699221e-11,4.7337273254038906e-11,3.3629583186826337e-11,1.2691804424206259e-11
574,2.3170964525700418e-10,1.2277927137544746e-11,3.2532928985759757e-11,4.5793613932046056e-11,5.0500705146303041e-11,4.5793613932046056e-11,3.2532928985759757e-11,1.2277927137544750e-11
575,2.2415363855638349e-10,1.1877546309124242e-11,3.1472036466009163e-11,4.4300293041876005e-11,4.8853886922364646e-11,4.4300293041876005e-11,3.1472036466009170e-11,1.1877546309124242e-11
576,2.1684403177233299e-10,1.1490221822052802e-11,3.0445739446066036e-11,4.2855669057006492e-11,4.7260771122082300e-11,4.2855669057006492e-11,3.0445739446066036e-11,1.1490221822052802e-11
577,2.0977278985124670e-10,1.1115527911565167e-11,2.9452909773375181e-11,4.1458153980777549e-11,4.5719606519810912e-11,4.1458153980777549e-11,2.9452909773375181e-11,1.1115527911565167e-11
578,2.0293213976106235e-10,1.0753052697002714e-11,2.8492456084217959e-11,4.0106211600793048e-11,4.4228698997034891e-11,4.0106211600793048e-11,2.8492456084217965e-11,1.0753052697002716e-11
579,1.9631456194678910e-10,1.0402397729055393e-11,2.7563322604035470e-11,3.8798355800245865e-11,4.2786409680115619e-11,3.8798355800245865e-11,2.7563322604035470e-11,1.0402397729055393e-11
580,1.8991278206466951e-10,1.0063177551768070e-11,2.6664487986872868e-11,3.7533148924310428e-11,4.1391153138766771e-11,3.7533148924310428e-11,2.6664487986872871e-11,1.0063177551768072e-11
581,1.8371976298588872e-10,9.7350192788297249e-12,2.5794964192669307e-11,3.6309200199806865e-11,4.0041395643276916e-11,3.6309200199806865e-11,2.5794964192669307e-11,9.7350192788297249e-12
582,1.7772869706104090e-10,9.4175621836797941e-12,2.4953795401159160e-11,3.5125164206399618e-11,3.8735653478563732e-11,3.5125164206399618e-11,2.4953795401159160e-11,9.4175621836797958e-12
583,1.7193299863685013e-10,9.1104573029810689e-12,2.4140056961190712e-11,3.3979739397649948e-11,3.7472491313206696e-11,3.3979739397649948e-11,2.4140056961190716e-11,9.1104573029810705e-12
584,1.6632629681691987e-10,8.8133670530232385e-12,2.3352854374307430e-11,3.2871666670296676e-11,3.6250520621665186e-11,3.2871666670296676e-11,2.3352854374307433e-11,8.8133670530232401e-12
585,1.6090242845855214e-10,8.5259648586354769e-12,2.2591322311474356e-11,3.1799727980192347e-11,3.5068398157947799e-11,3.1799727980192347e-11,2.2591322311474359e-11,8.5259648586354769e-12
586,1.5565543139794011e-10,8.2479347942000865e-12,2.1854623661868955e-11,3.0762745003373495e-11,3.3924824479055044e-11,3.0762745003373495e-11,2.1854623661868955e-11,8.2479347942000882e-12
587,1.5057953789628498e-10,7.9789712363726455e-12,2.1141948612690638e-11,2.9759577840793114e-11,3.2818542516572206e-11,2.9759577840793114e-11,2.1141948612690642e-11,7.9789712363726471e-12
588,1.4566916829963437e-10,7.7187785281268545e-12,2.0452513758977575e-11,2.8789123765291576e-11,3.1748336194842364e-11,2.8789123765291576e-11,2.0452513758977575e-11,7.7187785281268545e-12
589,1.4091892490547162e-10,7.4670706537548410e-12,1.9785561242452157e-11,2.7850316009428567e-11,3.0713029094200492e-11,2.7850316009428571e-11,1.9785561242452160e-11,7.4670706537548426e-12
590,1.3632358602931486e-10,7.2235709244656302e-12,1.9140357918448575e-11,2.6942122592843618e-11,2.9711483157799200e-11,2.6942122592843618e-11,1.9140357918448578e-11,7.2235709244656310e-12
591,1.3187810026480280e-10,6.9880116742361835e-12,1.8516194550006737e-11,2.6063545187856129e-11,2.8742597440604725e-11,2.6063545187856125e-11,1.8516194550006737e-11,6.9880116742361843e-12
592,1.2757758093095839e-10,6.7601339655806868e-12,1.7912385028246579e-11,2.5213618022058022e-11,2.7805306899187839e-11,2.5213618022058019e-11,1.7912385028246579e-11,6.7601339655806868e-12
593,1.2341730070052568e-10,6.5396873049146391e-12,1.7328265618165885e-11,2.4391406816692576e-11,2.6898581220979466e-11,2.4391406816692576e-11,1.7328265618165888e-11,6.5396873049146391e-12
594,1.1939268640347583e-10,6.3264293672008648e-12,1.6763194229032425e-11,2.3596007759652576e-11,2.6021423691704085e-11,2.3596007759652576e-11,1.6763194229032428e-11,6.3264293672008631e-12
595,1.1549931399996988e-10,6.1201257295747640e-12,1.6216549708568530e-11,2.2826546511968742e-11,2.5172870099745818e-11,2.2826546511968742e-11,1.6216549708568530e-11,6.1201257295747640e-12
596,1.1173290371725215e-10,5.9205496136559995e-12,1.5687731160152111e-11,2.2082177246696426e-11,2.4351987676243062e-11,2.2082177246696426e-11,1.5687731160152111e-11,5.9205496136559995e-12
597,1.0808931534512829e-10,5.7274816362633334e-12,1.5176157282283676e-11,2.1362081719143988e-11,2.3557874069746300e-11,2.1362081719143985e-11,1.5176157282283673e-11,5.7274816362633334e-12
598,1.0456454368485747e-10,5.5407095682586261e-12,1.4681265729593154e-11,2.0665468367420858e-11,2.2789656354312202e-11,2.0665468367420855e-11,1.4681265729593151e-11,5.5407095682586261e-12
599,1.0115471414645485e-10,5.3600281012548708e-12,1.4202512494684191e-11,1.9991571442316585e-11,2.2046490069943553e-11,1.9991571442316585e-11,1.4202512494684191e-11,5.3600281012548708e-12
600,9.7856078489565304e-11,5.1852386219318359e-12,1.3739371310136379e-11,1.9339650165554309e-11,2.1327558294320263e-11,1.9339650165554305e-11,1.3739371310136376e-11,5.1852386219318359e-12
601,9.4665010703226495e-11,5.0161489937112350e-12,1.3291333070008055e-11,1.8708987915493435e-11,2.0632070744801040e-11,1.8708987915493435e-11,1.3291333070008054e-11,5.0161489937112342e-12
602,9.1578003019992011e-11,4.8525733455514264e-12,1.2857905270203824e-11,1.8098891439386441e-11,1.9959262909708621e-11,1.8098891439386441e-11,1.2857905270203822e-11,4.8525733455514264e-12
603,8.8591662060033193e-11,4.6943318676294743e-12,1.2438611467091548e-11,1.7508690091323757e-11,1.9308395207943632e-11,1.7508690091323757e-11,1.2438611467091544e-11,4.6943318676294719e-12
604,8.5702705100980984e-11,4.5412506136859741e-12,1.2032990753773744e-11,1.6937735095029168e-11,1.8678752176003229e-11,1.6937735095029168e-11,1.2032990753773742e-11,4.5412506136859732e-12
605,8.2907956469407766e-11,4.3931613098153936e-12,1.1640597253437690e-11,1.6385398830695307e-11,1.8069641681510997e-11,1.6385398830695303e-11,1.1640597253437689e-11,4.3931613098153928e-12
606,8.0204344049981851e-11,4.2499011694916954e-12,1.1260999629227254e-11,1.5851074145075280e-11,1.7480394162393386e-11,1.5851074145075280e-11,1.1260999629227251e-11,4.2499011694916954e-12
607,7.7588895908458128e-11,4.1113127146259646e-12,1.0893780610097725e-11,1.5334173684072123e-11,1.6910361890866519e-11,1.5334173684072123e-11,1.0893780610097725e-11,4.1113127146259638e-12
608,7.5058737024792294e-11,3.9772436024592942e-12,1.0538536532132430e-11,1.4834129247092311e-11,1.6358918261424227e-11,1.4834129247092311e-11,1.0538536532132427e-11,3.9772436024592934e-12
609,7.2611086132787344e-11,3.8475464581006699e-12,1.0194876894816914e-11,1.4350391162453754e-11,1.5825457102044668e-11,1.4350391162453752e-11,1.0194876894816914e-11,3.8475464581006691e-12
610,7.0243252662798898e-11,3.7220787125257624e-12,9.8624239317829535e-12,1.3882427683161557e-11,1.5309392007858350e-11,1.3882427683161557e-11,9.8624239317829502e-12,3.7220787125257608e-12
611,6.7952633784138046e-11,3.6007024458585369e-12,9.5408121955504861e-12,1.3429724402387448e-11,1.4810155696545107e-11,1.3429724402387445e-11,9.5408121955504861e-12,3.6007024458585357e-12
612,6.5736711543921121e-11,3.4832842357634354e-12,9.2296881558110853e-12,1.2991783688010296e-11,1.4327199384751490e-11,1.2991783688010296e-11,9.2296881558110821e-12,3.4832842357634342e-12
613,6.3593050099220754e-11,3.3696950107814451e-12,8.9287098108112669e-12,1.2568124135596163e-11,1.3859992184843015e-11,1.2568124135596160e-11,8.9287098108112653e-12,3.3696950107814442e-12
614,6.1519293039476197e-11,3.2598099084488611e-12,8.6375463114085679e-12,1.2158280039216551e-11,1.3408020521328251e-11,1.2158280039216551e-11,8.6375463114085663e-12,3.2598099084488603e-12
615,5.9513160796219163e-11,3.1535081380427594e-12,8.3558775973870406e-12,1.1761800879523195e-11,1.2970787566313170e-11,1.1761800879523193e-11,8.3558775973870390e-12,3.1535081380427586e-12
616,5.7572448137268011e-11,3.0506728478023217e-12,8.0833940456324580e-12,1.1378250828516601e-11,1.2547812693365246e-11,1.1378250828516601e-11,8.0833940456324580e-12,3.0506728478023217e-12
617,5.5695021742635937e-11,2.9511909964800398e-12,7.8197961297804428e-12,1.1007208270464022e-11,1.2138630949186928e-11,1.1007208270464022e-11,7.8197961297804412e-12,2.9511909964800398e-12
618,5.3878817859488124e-11,2.8549532290816168e-12,7.5647940909634049e-12,1.0648265338440179e-11,1.1742792542517727e-11,1.0648265338440179e-11,7.5647940909634033e-12,2.8549532290816168e-12
619,5.2121840033570420e-11,2.7618537566579619e-12,7.3181076192943643e-12,1.0301027465981313e-11,1.1359862349703147e-11,1.0301027465981313e-11,7.3181076192943643e-12,2.7618537566579615e-12
620,5.0422156914615616e-11,2.6717902400171449e-12,7.0794655457375235e-12,9.9651129533597058e-12,1.0989419436386870e-11,9.9651129533597041e-12,7.0794655457375235e-12,2.6717902400171449e-12
621,4.8777900133315027e-11,2.5846636772284853e-12,6.8486055440268736e-12,9.6401525480019058e-12,1.0631056594800497e-11,9.6401525480019058e-12,6.8486055440268736e-12,2.5846636772284853e-12
622,4.7187262247521652e-11,2.5003782947951055e-12,6.6252738423051882e-12,9.3257890385894464e-12,1.0284379896142171e-11,9.3257890385894464e-12,6.6252738423051874e-12,2.5003782947951055e-12
623,4.5648494755427188e-11,2.4188414423753325e-12,6.4092249441664013e-12,9.0216768623958364e-12,9.9490082575520439e-12,9.0216768623958364e-12,6.4092249441664005e-12,2.4188414423753325e-12
624,4.4159906173528996e-11,2.3399634909372081e-12,6.2002213587947527e-12,8.7274817254282385e-12,9.6245730232085940e-12,8.7274817254282417e-12,6.2002213587947527e-12,2.3399634909372081e-12
625,4.2719860177274207e-11,2.2636577342341653e-12,5.9980333399040352e-12,8.4428802349562461e-12,9.3107175590853144e-12,8.4428802349562461e-12,5.9980333399040352e-12,2.2636577342341653e-12
626,4.1326773802337018e-11,2.1898402934935617e-12,5.8024386331899816e-12,8.1675595440238133e-12,9.0070968609223037e-12,8.1675595440238117e-12,5.8024386331899816e-12,2.1898402934935613e-12
627,3.9979115704551998e-11,2.1184300252133018e-12,5.6132222320181867e-12,7.9012170075536062e-12,8.7133771749818183e-12,7.9012170075536062e-12,5.6132222320181851e-12,2.1184300252133014e-12
628,3.8675404476590713e-11,2.0493484319651938e-12,5.4301761410789896e-12,7.6435598496657065e-12,8.4292356311709330e-12,7.6435598496657065e-12,5.4301761410789896e-12,2.0493484319651938e-12
629,3.7414207019531035e-11,1.9825195761069919e-12,5.2530991477495415e-12,7.3943048418449928e-12,8.1543598881279795e-12,7.3943048418449928e-12,5.2530991477495415e-12,1.9825195761069915e-12
630,3.6194136967529436e-11,1.9178699963082705e-12,5.0817966009116888e-12,7.1531779916034238e-12,7.8884477898826654e-12,7.1531779916034238e-12,5.0817966009116880e-12,1.9178699963082705e-12
631,3.5013853163864297e-11,1.8553286267983770e-12,4.9160801969825791e-12,6.9199142412949808e-12,7.6312070337124253e-12,6.9199142412949800e-12,4.9160801969825791e-12,1.8553286267983766e-12
632,3.3872058186675239e-11,1.7948267192476889e-12,4.7557677729227705e-12,6.6942571767521973e-12,7.3823548488299226e-12,6.6942571767521973e-12,4.7557677729227705e-12,1.7948267192476889e-12
633,3.2767496922777672e-11,1.7362977671963128e-12,4.6006831059942830e-12,6.4759587454239972e-12,7.1416176855484898e-12,6.4759587454239972e-12,4.6006831059942830e-12,1.7362977671963128e-12
634,3.1698955187985165e-11,1.6796774329471437e-12,4.4506557200485335e-12,6.2647789837050029e-12,6.9087309145838092e-12,6.2647789837050029e-12,4.4506557200485335e-12,1.6796774329471437e-12
635,3.0665258392422663e-11,1.6249034768429304e-12,4.3055206981311591e-12,6.0604857531565799e-12,6.6834385361613249e-12,6.0604857531565783e-12,4.3055206981311591e-12,1.6249034768429304e-12
636,2.9665270249363666e-11,1.5719156888496041e-12,4.1651185011977679e-12,5.8628544853296614e-12,6.4654928986096005e-12,5.8628544853296606e-12,4.1651185011977679e-12,1.5719156888496041e-12
637,2.8697891526171997e-11,1.5206558223706563e-12,4.0292947927413403e-12,5.6716679349088570e-12,6.2546544261302910e-12,5.6716679349088570e-12,4.0292947927413411e-12,1.5206558223706563e-12
638,2.7762058835975056e-11,1.4710675302198218e-12,3.8979002691384903e-12,5.4867159409064775e-12,6.0506913554454781e-12,5.4867159409064775e-12,3.8979002691384903e-12,1.4710675302198218e-12
639,2.6856743468740417e-11,1.4230963026816773e-12,3.7707904955281003e-12,5.3077951956439814e-12,5.8533794810328976e-12,5.3077951956439814e-12,3.7707904955281003e-12,1.4230963026816773e-12
640,2.5980950260470767e-11,1.3766894075920726e-12,3.6478257470419304e-12,5.1347090212668889e-12,5.6625019086689857e-12,5.1347090212668898e-12,3.6478257470419304e-12,1.3766894075920726e-12
641,2.5133716499274221e-11,1.3317958323725284e-12,3.5288708552126602e-12,4.9672671535474982e-12,5.4778488170088454e-12,4.9672671535474990e-12,3.5288708552126606e-12,1.3317958323725284e-12
642,2.4314110867107398e-11,1.2883662279548793e-12,3.4137950593905358e-12,4.8052855327377648e-12,5.2992172269410392e-12,4.8052855327377648e-12,3.4137950593905358e-12,1.2883662279548791e-12
643,2.3521232416028147e-11,1.2463528545345244e-12,3.3024718630052923e-12,4.6485861012424142e-12,5.1264107784636825e-12,4.6485861012424142e-12,3.3024718630052919e-12,1.2463528545345244e-12
644,2.2754209577832360e-11,1.2057095290926549e-12,3.1947788945153450e-12,4.4969966078899003e-12,4.9592395148365606e-12,4.4969966078899003e-12,3.1947788945153450e-12,1.2057095290926549e-12
645,2.2012199205986474e-11,1.1663915746297690e-12,3.0905977728914077e-12,4.3503504185860595e-12,4.7975196737720021e-12,4.3503504185860595e-12,3.0905977728914077e-12,1.1663915746297690e-12
646,2.1294385648802228e-11,1.1283557710546755e-12,2.9898139774866504e-12,4.2084863331422937e-12,4.6410734854349849e-12,4.2084863331422937e-12,2.9898139774866500e-12,1.1283557710546755e-12
647,2.0599979852835095e-11,1.0915603076749937e-12,2.8923167221503810e-12,4.0712484080769691e-12,4.4897289770304092e-12,4.0712484080769691e-12,2.8923167221503810e-12,1.0915603076749937e-12
648,1.9928218495520741e-11,1.0559647372369329e-12,2.7979988334468470e-12,3.9384857851952140e-12,4.3433197837627540e-12,3.9384857851952140e-12,2.7979988334468466e-12,1.0559647372369327e-12
649,1.9278363146095941e-11,1.0215299314638217e-12,2.7067566328452981e-12,3.8100525257587053e-12,4.2016849659602883e-12,3.8100525257587053e-12,2.7067566328452977e-12,1.0215299314638215e-12
650,1.8649699453881785e-11,9.8821803804452121e-13,2.6184898227518140e-12,3.6858074500631377e-12,4.0646688321628393e-12,3.6858074500631377e-12,2.6184898227518144e-12,9.8821803804452121e-13
651,1.8041536363036812e-11,9.5599243902443514e-13,2.5331013762576055e-12,3.5656139822470506e-12,3.9321207679786277e-12,3.5656139822470506e-12,2.5331013762576055e-12,9.5599243902443514e-13
652,1.7453205352916819e-11,9.2481771055338107e-13,2.4504974304826062e-12,3.4493400001613991e-12,3.8038950705220460e-12,3.4493400001613991e-12,2.4504974304826062e-12,9.2481771055338107e-13
653,1.6884059703206487e-11,8.9465958394607808e-13,2.3705871833971081e-12,3.3368576901348573e-12,3.6798507882504018e-12,3.3368576901348573e-12,2.3705871833971081e-12,8.9465958394607798e-13
654,1.6333473783014840e-11,8.6548490801244115e-13,2.2932827940080237e-12,3.2280434064751896e-12,3.5598515660235322e-12,3.2280434064751896e-12,2.2932827940080237e-12,8.6548490801244104e-13
655,1.5800842363153215e-11,8.3726161261628040e-13,2.2184992858000549e-12,3.1227775355522626e-12,3.4437654952160169e-12,3.1227775355522626e-12,2.2184992858000549e-12,8.3726161261628010e-13
656,1.5285579950839681e-11,8.0995867342234166e-13,2.1461544533256258e-12,3.0209443643132800e-12,3.3314649687171881e-12,3.0209443643132788e-12,2.1461544533256254e-12,8.0995867342234156e-13
657,1.4787120146098659e-11,7.8354607779294129e-13,2.0761687718409008e-12,2.9224319530857048e-12,3.2228265406595657e-12,2.9224319530857048e-12,2.0761687718409004e-12,7.8354607779294119e-13
658,1.4304915019148177e-11,7.5799479179670348e-13,2.0084653098885544e-12,2.8271320125280682e-12,3.1177307907215267e-12,2.8271320125280682e-12,2.0084653098885540e-12,7.5799479179670338e-13
659,1.3838434508090445e-11,7.3327672829313709e-13,1.9429696447311999e-12,2.7349397845933721e-12,3.0160621928550292e-12,2.7349397845933721e-12,1.9429696447311995e-12,7.3327672829313689e-13
660,1.3387165836243601e-11,7.0936471605796798e-13,1.8796097805425174e-12,2.6457539273742628e-12,2.9177089882941050e-12,2.6457539273742628e-12,1.8796097805425174e-12,7.0936471605796787e-13
661,1.2950612948474163e-11,6.8623246991528888e-13,1.8183160692661539e-12,2.5594764037033783e-12,2.8225630627045226e-12,2.5594764037033787e-12,1.8183160692661539e-12,6.8623246991528868e-13
662,1.2528295965910586e-11,6.6385456184369282e-13,1.7590211340553982e-12,2.4760123733864160e-12,2.7305198273395712e-12,2.4760123733864160e-12,1.7590211340553979e-12,6.6385456184369262e-13
663,1.2119750658438461e-11,6.4220639302463095e-13,1.7016597952094737e-12,2.3952700889494585e-12,2.6414781040713344e-12,2.3952700889494585e-12,1.7016597952094733e-12,6.4220639302463085e-13
664,1.1724527934397609e-11,6.2126416680226845e-13,1.6461689985250359e-12,2.3171607947859638e-12,2.5553400141710720e-12,2.3171607947859638e-12,1.6461689985250359e-12,6.2126416680226835e-13
665,1.1342193346919987e-11,6.0100486252511273e-13,1.5924877459841118e-12,2.2415986295925448e-12,2.4720108707164490e-12,2.2415986295925444e-12,1.5924877459841118e-12,6.0100486252511263e-13
666,1.0972326616365868e-11,5.8140621024066226e-13,1.5405570287022915e-12,2.1685005319863063e-12,2.3913990745073477e-12,2.1685005319863059e-12,1.5405570287022915e-12,5.8140621024066226e-13
667,1.0614521168333260e-11,5.6244666621525838e-13,1.4903197620634705e-12,2.0977861491999781e-12,2.3134160133758455e-12,2.0977861491999785e-12,1.4903197620634703e-12,5.6244666621525828e-13
668,1.0268383686732753e-11,5.4410538925222779e-13,1.4417207229698286e-12,2.0293777487544848e-12,2.2379759647796696e-12,2.0293777487544852e-12,1.4417207229698286e-12,5.4410538925222779e-13
669,9.9335336814365154e-12,5.2636221778228922e-13,1.3947064891380828e-12,1.9632001330118537e-12,2.1649960015720655e-12,1.9632001330118537e-12,1.3947064891380824e-12,5.2636221778228922e-13
670,9.6096030700261718e-12,5.0919764770103440e-13,1.3492253803752701e-12,1.8991805565145368e-12,2.0943959008444889e-12,1.8991805565145368e-12,1.3492253803752701e-12,5.0919764770103450e-13
671,9.2962357731797846e-12,4.9259281092912619e-13,1.3052274017695225e-12,1.8372486460202815e-12,2.0260980557419228e-12,1.8372486460202819e-12,1.3052274017695225e-12,4.9259281092912629e-13
672,8.9930873232532147e-12,4.7652945467164415e-13,1.2626641887333741e-12,1.7773363231446509e-12,1.9600273901538759e-12,1.7773363231446509e-12,1.2626641887333741e-12,4.7652945467164415e-13
673,8.6998244856255527e-12,4.6098992135377846e-13,1.2214889538391994e-12,1.7193777295261510e-12,1.8961112761872950e-12,1.7193777295261510e-12,1.2214889538391994e-12,4.6098992135377846e-13
674,8.4161248923923964e-12,4.4595712921081759e-13,1.1816564353883337e-12,1.6633091544317147e-12,1.8342794543306664e-12,1.6633091544317145e-12,1.1816564353883335e-12,4.4595712921081754e-13
675,8.1416766880043453e-12,4.3141455351109213e-13,1.1431228476573501e-12,1.6090689647229529e-12,1.7744639562215545e-12,1.6090689647229529e-12,1.1431228476573501e-12,4.3141455351109213e-13
676,7.8761781864611151e-12,4.1734620839123544e-13,1.1058458327667909e-12,1.5565975371061954e-12,1.7165990299326707e-12,1.5565975371061954e-12,1.1058458327667909e-12,4.1734620839123544e-13
677,7.6193375396845270e-12,4.0373662928379222e-13,1.0697844141194517e-12,1.5058371925918427e-12,1.6606210676943542e-12,1.5058371925918423e-12,1.0697844141194517e-12,4.0373662928379222e-13
678,7.3708724167057645e-12,3.9057085591785973e-13,1.0348989513570342e-12,1.4567321330909850e-12,1.6064685359740065e-12,1.4567321330909848e-12,1.0348989513570342e-12,3.9057085591785973e-13
679,7.1305096933142763e-12,3.7783441587407481e-13,1.0011510967856558e-12,1.4092283800795973e-12,1.5540819078356211e-12,1.4092283800795971e-12,1.0011510967856558e-12,3.7783441587407481e-13
680,6.8979851518271759e-12,3.6551330867586978e-13,9.6850375322231086e-13,1.3632737152628792e-12,1.5034035975050572e-12,1.3632737152628792e-12,9.6850375322231086e-13,3.6551330867586973e-13
681,6.6730431906490958e-12,3.5359399039950886e-13,9.3692103321595507e-13,1.3188176231745205e-12,1.4543778970691275e-12,1.3188176231745201e-12,9.3692103321595487e-13,3.5359399039950886e-13
682,6.4554365433032332e-12,3.4206335878598902e-13,9.0636821959837751e-13,1.2758112356477929e-12,1.4069509152389149e-12,1.2758112356477923e-12,9.0636821959837751e-13,3.4206335878598892e-13
683,6.2449260066247581e-12,3.3090873883843794e-13,8.7681172732150729e-13,1.2342072780974306e-12,1.3610705181100072e-12,1.2342072780974304e-12,8.7681172732150719e-13,3.3090873883843794e-13
684,6.0412801778177649e-12,3.2011786888917933e-13,8.4821906653919206e-13,1.1939600175532469e-12,1.3166862718545286e-12,1.1939600175532467e-12,8.4821906653919206e-13,3.2011786888917933e-13
685,5.8442752000867476e-12,3.0967888712114725e-13,8.2055880689287686e-13,1.1550252123883644e-12,1.2737493872819716e-12,1.1550252123883644e-12,8.2055880689287666e-13,3.0967888712114725e-13
686,5.6536945165629933e-12,2.9958031852883521e-13,7.9380054296191743e-13,1.1173600636867978e-12,1.2322126662078924e-12,1.1173600636867978e-12,7.9380054296191743e-13,2.9958031852883521e-13
687,5.4693286322553733e-12,2.8981106230444616e-13,7.6791486084055451e-13,1.0809231681969316e-12,1.1920304495715089e-12,1.0809231681969316e-12,7.6791486084055441e-13,2.8981106230444616e-13
688,5.2909748837638914e-12,2.8036037963537762e-13,7.4287330580480430e-13,1.0456744728191752e-12,1.1531585672451778e-12,1.0456744728191752e-12,7.4287330580480430e-13,2.8036037963537762e-13
689,5.1184372165028124e-12,2.7121788189962816e-13,7.1864835103372679e-13,1.0115752305777656e-12,1.1155542894805718e-12,1.0115752305777654e-12,7.1864835103372669e-13,2.7121788189962811e-13
690,4.9515259691885086e-12,2.6237351924614992e-13,6.9521336735068682e-13,9.7858795802832261e-13,1.0791762799381892e-12,9.7858795802832281e-13,6.9521336735068682e-13,2.6237351924614992e-13
691,4.7900576653551150e-12,2.5381756954759329e-13,6.7254259395134746e-13,9.4667639405433572e-13,1.0439845502485623e-12,9.4667639405433572e-13,6.7254259395134746e-13,2.5381756954759324e-13
692,4.6338548116688221e-12,2.4554062771330033e-13,6.5061111008621662e-13,9.1580546000728730e-13,1.0099404160552139e-12,9.1580546000728710e-13,6.5061111008621662e-13,2.4554062771330027e-13
693,4.4827457028190925e-12,2.3753359535080002e-13,6.2939480766662147e-13,8.8594122114660089e-13,9.7700645449104755e-13,8.8594122114660089e-13,6.2939480766662147e-13,2.3753359535080002e-13
694,4.3365642327723436e-12,2.2978767076443924e-13,6.0887036476399658e-13,8.5705084933702499e-13,9.4514646304142146e-13,8.5705084933702499e-13,6.0887036476399658e-13,2.2978767076443919e-13
695,4.1951497121806091e-12,2.2229433928015724e-13,5.8901521997335450e-13,8.2910258696244675e-13,9.1432541974869274e-13,8.2910258696244675e-13,5.8901521997335450e-13,2.2229433928015721e-13
696,4.0583466917444746e-12,2.1504536388576701e-13,5.6980754761275955e-13,8.0206571201647030e-13,8.8450944471448090e-13,8.0206571201647030e-13,5.6980754761275955e-13,2.1504536388576696e-13
697,3.9260047913360969e-12,2.0803277617645521e-13,5.5122623373154074e-13,7.7591050433138422e-13,8.5566576285733627e-13,7.7591050433138432e-13,5.5122623373154074e-13,2.0803277617645516e-13
698,3.7979785346945094e-12,2.0124886759554771e-13,5.3325085290087370e-13,7.5060821290839614e-13,8.2776266788487392e-13,7.5060821290839624e-13,5.3325085290087370e-13,2.0124886759554768e-13
699,3.6741271895114684e-12,1.9468618096091216e-13,5.1586164576121577e-13,7.2613102431322132e-13,8.0076948744076948e-13,7.2613102431322142e-13,5.1586164576121577e-13,1.9468618096091213e-13
700,3.5543146127320725e-12,1.8833750226768269e-13,4.9903949730191625e-13,7.0245203210228569e-13,7.7465654938830335e-13,7.0245203210228569e-13,4.9903949730191615e-13,1.8833750226768266e-13
701,3.4384091009001013e-12,1.8219585275829630e-13,4.8276591584912317e-13,6.7954520724593447e-13,7.4939514919339373e-13,6.7954520724593447e-13,4.8276591584912317e-13,1.8219585275829625e-13
702,3.3262832453835588e-12,1.7625448125112391e-13,4.6702301273889110e-13,6.5738536951613357e-13,7.2495751837126150e-13,6.5738536951613367e-13,4.6702301273889110e-13,1.7625448125112389e-13
703,3.2178137923212858e-12,1.7050685671926314e-13,4.5179348265314487e-13,6.3594815980721336e-13,7.0131679396204294e-13,6.3594815980721336e-13,4.5179348265314487e-13,1.7050685671926314e-13
704,3.1128815071366910e-12,1.6494666111133527e-13,4.3706058459688357e-13,6.1521001335922716e-13,6.7844698900179899e-13,6.1521001335922706e-13,4.3706058459688357e-13,1.6494666111133527e-13
705,3.0113710434696539e-12,1.5956778240639459e-13,4.2280812349571412e-13,5.9514813385449052e-13,6.5632296395645601e-13,5.9514813385449052e-13,4.2280812349571412e-13,1.5956778240639459e-13
706,2.9131708163825433e-12,1.5436430789531593e-13,4.0902043239348572e-13,5.7574046835882859e-13,6.3492039908728244e-13,5.7574046835882869e-13,4.0902043239348572e-13,1.5436430789531593e-13
707,2.8181728797009510e-12,1.4933051768127462e-13,3.9568235523045701e-13,5.5696568307998275e-13,6.1421576771752185e-13,5.5696568307998275e-13,3.9568235523045701e-13,1.4933051768127465e-13
708,2.7262728073543326e-12,1.4446087839217492e-13,3.8277923018306173e-13,5.3880313991653231e-13,5.9418631037079460e-13,5.3880313991653231e-13,3.8277923018306173e-13,1.4446087839217492e-13
709,2.6373695785861008e-12,1.3975003709811433e-13,3.7029687354696386e-13,5.2123287377155100e-13,5.7481000975284227e-13,5.2123287377155100e-13,3.7029687354696391e-13,1.3975003709811433e-13
710,2.5513654669069938e-12,1.3519281542719891e-13,3.5822156414568144e-13,5.0423557060606026e-13,5.5606556654911245e-13,5.0423557060606026e-13,3.5822156414568134e-13,1.3519281542719893e-13
711,2.4681659326696558e-12,1.3078420387324025e-13,3.4654002824764237e-13,4.8779254620815595e-13,5.3793237601157905e-13,4.8779254620815585e-13,3.4654002824764237e-13,1.3078420387324028e-13
712,2.3876795191463424e-12,1.2651935628907750e-13,3.3523942497509332e-13,4.7188572565446887e-13,5.2039050530906272e-13,4.7188572565446887e-13,3.3523942497509332e-13,1.2651935628907750e-13
713,2.3098177519955024e-12,1.2239358455947107e-13,3.2430733218882009e-13,4.5649762344138389e-13,5.0342067161615212e-13,4.5649762344138399e-13,3.2430733218882009e-13,1.2239358455947107e-13
714,2.2344950420067475e-12,1.1840235344771229e-13,3.1373173283316458e-13,4.4161132426417587e-13,4.8700422091664195e-13,4.4161132426417592e-13,3.1373173283316458e-13,1.1840235344771229e-13
715,2.1616285910172785e-12,1.1454127561028407e-13,3.0350100172632876e-13,4.2721046442293362e-13,4.7112310749818595e-13,4.2721046442293367e-13,3.0350100172632876e-13,1.1454127561028407e-13
716,2.0911383008963671e-12,1.1080610677409259e-13,2.9360389278144376e-13,4.1327921383483417e-13,4.5575987411562598e-13,4.1327921383483417e-13,2.9360389278144376e-13,1.1080610677409259e-13
717,2.0229466854978280e-12,1.0719274107096838e-13,2.8402952664435754e-13,3.9980225863299260e-13,4.4089763280119101e-13,3.9980225863299260e-13,2.8402952664435759e-13,1.0719274107096838e-13
718,1.9569787854837138e-12,1.0369720652430864e-13,2.7476737873455229e-13,3.8676478433276007e-13,4.2652004630047153e-13,3.8676478433276012e-13,2.7476737873455229e-13,1.0369720652430864e-13
719,1.8931620859255820e-12,1.0031566068289901e-13,2.6580726767604430e-13,3.7415245954696611e-13,4.1261131011376341e-13,3.7415245954696611e-13,2.6580726767604425e-13,1.0031566068289901e-13
720,1.8314264365927787e-12,9.7044386397115850e-14,2.5713934410555082e-13,3.6195142023220269e-13,3.9915613512303984e-13,3.6195142023220269e-13,2.5713934410555082e-13,9.7044386397115838e-14
721,1.7717039748400967e-12,9.3879787732865533e-14,2.4875407984562020e-13,3.5014825444883515e-13,3.8613973078545484e-13,3.5014825444883515e-13,2.4875407984562020e-13,9.3879787732865533e-14
722,1.7139290510100604e-12,9.0818386018769486e-14,2.4064225743082402e-13,3.3872998761798532e-13,3.7354778887490301e-13,3.3872998761798532e-13,2.4064225743082402e-13,9.0818386018769486e-14
723,1.6580381562678230e-12,8.7856816022249736e-14,2.3279495997549798e-13,3.2768406825928187e-13,3.6136646775376388e-13,3.2768406825928187e-13,2.3279495997549798e-13,8.7856816022249749e-14
724,1.6039698527893526e-12,8.4991822250311573e-14,2.2520356137189405e-13,3.1699835419369990e-13,3.4958237715754161e-13,3.1699835419369990e-13,2.2520356137189405e-13,8.4991822250311585e-14
725,1.5516647062261733e-12,8.2220255370956969e-14,2.1785971680796893e-13,3.0666109919632336e-13,3.3818256347567482e-13,3.0666109919632336e-13,2.1785971680796893e-13,8.2220255370956969e-14
726,1.5010652203724130e-12,7.9539068751295045e-14,2.1075535359438544e-13,2.9666094008435781e-13,3.2715449551233646e-13,2.9666094008435781e-13,2.1075535359438544e-13,7.9539068751295045e-14
727,1.4521157739623492e-12,7.6945315108543961e-14,2.0388266229064387e-13,2.8698688422620149e-13,3.1648605071157055e-13,2.8698688422620154e-13,2.0388266229064387e-13,7.6945315108543961e-14
728,1.4047625595289729e-12,7.4436143270243226e-14,1.9723408812058816e-13,2.7762829745784227e-13,3.0616550183162569e-13,2.7762829745784222e-13,1.9723408812058816e-13,7.4436143270243226e-14
729,1.3589535242563630e-12,7.2008795040114609e-14,1.9080232266785103e-13,2.6857489239329862e-13,2.9618150405383468e-13,2.6857489239329862e-13,1.9080232266785103e-13,7.2008795040114609e-14
730,1.3146383127608557e-12,6.9660602166126857e-14,1.8458029584210888e-13,2.5981671711625581e-13,2.8652308251187244e-13,2.5981671711625581e-13,1.8458029584210888e-13,6.9660602166126870e-14
731,1.2717682117381040e-12,6.7388983407431200e-14,1.7856116810731572e-13,2.5134414424046462e-13,2.7717962022768099e-13,2.5134414424046462e-13,1.7856116810731572e-13,6.7388983407431200e-14
732,1.2302960964151922e-12,6.5191441696943549e-14,1.7273832296337260e-13,2.4314786032687855e-13,2.6814084644080277e-13,2.4314786032687855e-13,1.7273832296337260e-13,6.5191441696943537e-14
733,1.1901763787489304e-12,6.3065561396454241e-14,1.6710535967296865e-13,2.3521885564589651e-13,2.5939682531829164e-13,2.3521885564589651e-13,1.6710535967296865e-13,6.3065561396454241e-14
734,1.1513649573133977e-12,6.1009005641248324e-14,1.6165608622559839e-13,2.2754841427345652e-13,2.5093794503279134e-13,2.2754841427345652e-13,1.6165608622559839e-13,6.1009005641248324e-14
735,1.1138191688216393e-12,5.9019513771317020e-14,1.5638451253102075e-13,2.2012810451009382e-13,2.4275490719677602e-13,2.2012810451009385e-13,1.5638451253102075e-13,5.9019513771317020e-14
736,1.0774977412282332e-12,5.7094898846337047e-14,1.5128484383467858e-13,2.1294976961243198e-13,2.3483871664133800e-13,2.1294976961243198e-13,1.5128484383467861e-13,5.7094898846337060e-14
737,1.0423607483611741e-12,5.5233045241685943e-14,1.4635147434783962e-13,2.0600551882691779e-13,2.2718067152828731e-13,2.0600551882691779e-13,1.4635147434783965e-13,5.5233045241685950e-14
738,1.0083695660332000e-12,5.3431906322850845e-14,1.4157898108545756e-13,1.9928771871594473e-13,2.1977235378469368e-13,1.9928771871594473e-13,1.4157898108545756e-13,5.3431906322850845e-14
739,9.7548682958432311e-13,5.1689502195674392e-14,1.3696211790497921e-13,1.9278898476682973e-13,2.1260561984935644e-13,1.9278898476682973e-13,1.3696211790497921e-13,5.1689502195674392e-14
740,9.4367639280888840e-13,5.0003917529964591e-14,1.3249580973954496e-13,1.8650217327441956e-13,2.0567259172103002e-13,1.8650217327441956e-13,1.3249580973954501e-13,5.0003917529964591e-14
741,9.1290328822201312e-13,4.8373299454076465e-14,1.2817514701924372e-13,1.8042037348840378e-13,1.9896564829856518e-13,1.8042037348840378e-13,1.2817514701924375e-13,4.8373299454076465e-14
742,8.8313368862173214e-13,4.6795855518150861e-14,1.2399538027428916e-13,1.7453690001670266e-13,1.9247741700344671e-13,1.7453690001670266e-13,1.2399538027428916e-13,4.6795855518150874e-14
743,8.5433486990459039e-13,4.5269851723771753e-14,1.1995191491418579e-13,1.6884528547657853e-13,1.8620076567551822e-13,1.6884528547657853e-13,1.1995191491418579e-13,4.5269851723771759e-14
744,8.2647517509381580e-13,4.3793610617875950e-14,1.1604030617714520e-13,1.6333927338539360e-13,1.8012879473298629e-13,1.6333927338539358e-13,1.1604030617714523e-13,4.3793610617875956e-14
745,7.9952397954052351e-13,4.2365509448820110e-14,1.1225625424420100e-13,1.5801281128319829e-13,1.7425482958808459e-13,1.5801281128319829e-13,1.1225625424420102e-13,4.2365509448820110e-14
746,7.7345165725970343e-13,4.0983978382577984e-14,1.0859559951265127e-13,1.5286004407959105e-13,1.6857241331006270e-13,1.5286004407959108e-13,1.0859559951265127e-13,4.0983978382577984e-14
747,7.4822954836398465e-13,3.9647498777107215e-14,1.0505431802363347e-13,1.4787530761753543e-13,1.6307529952743252e-13,1.4787530761753543e-13,1.0505431802363346e-13,3.9647498777107215e-14
748,7.2382992755937872e-13,3.8354601512988617e-14,1.0162851703880495e-13,1.4305312244706001e-13,1.5775744556167164e-13,1.4305312244706001e-13,1.0162851703880494e-13,3.8354601512988617e-14
749,7.0022597366836951e-13,3.7103865378503003e-14,9.8314430761267305e-14,1.3838818780199685e-13,1.5261300578483522e-13,1.3838818780199685e-13,9.8314430761267293e-14,3.7103865378503003e-14
750,6.7739174014685023e-13,3.5893915507370388e-14,9.5108416196030350e-14,1.3387537577313706e-13,1.4763632519377454e-13,1.3387537577313709e-13,9.5108416196030338e-14,3.5893915507370388e-14
751,6.5530212656249728e-13,3.4723421867434164e-14,9.2006949145465677e-14,1.2950972567139897e-13,1.4282193319389965e-13,1.2950972567139897e-13,9.2006949145465677e-14,3.4723421867434151e-14
752,6.3393285100322906e-13,3.3591097798629001e-14,8.9006620335347706e-14,1.2528643857481206e-13,1.3816453758565150e-13,1.2528643857481206e-13,8.9006620335347693e-14,3.3591097798628988e-14
753,6.1326042338541847e-13,3.2495698598625374e-14,8.6104131667223705e-14,1.2120087205332273e-13,1.3365901874707488e-13,1.2120087205332273e-13,8.6104131667223679e-14,3.2495698598625374e-14
754,5.9326211963252109e-13,3.1436020154595905e-14,8.3296292592993351e-14,1.1724853506562330e-13,1.2930042400609588e-13,1.1724853506562330e-13,8.3296292592993338e-14,3.1436020154595899e-14
755,5.7391595669573123e-13,3.0410897619599517e-14,8.0580016607712610e-14,1.1342508302239409e-13,1.2508396219631877e-13,1.1342508302239409e-13,8.0580016607712610e-14,3.0410897619599517e-14
756,5.5520066838921221e-13,2.9419204132128529e-14,7.7952317856766473e-14,1.0972631301053261e-13,1.2100499839035699e-13,1.0972631301053260e-13,7.7952317856766473e-14,2.9419204132128529e-14
757,5.3709568201333244e-13,2.8459849577410994e-14,7.5410307853681232e-14,1.0614815917311948e-13,1.1705904880490919e-13,1.0614815917311948e-13,7.5410307853681220e-14,2.8459849577410994e-14
758,5.1958109574021535e-13,2.7531779389106764e-14,7.2951192304968168e-14,1.0268668824004273e-13,1.1324177587198004e-13,1.0268668824004273e-13,7.2951192304968168e-14,2.7531779389106764e-14
759,5.0263765673674028e-13,2.6633973390080005e-14,7.0572268038508685e-14,9.9338095204367814e-14,1.0954898347082729e-13,9.9338095204367814e-14,7.0572268038508685e-14,2.6633973390080005e-14
760,4.8624674000094989e-13,2.5765444670973891e-14,6.8270920032103869e-14,9.6098699139700075e-14,1.0597661231539420e-13,9.6098699139700075e-14,6.8270920032103882e-14,2.5765444670973891e-14
761,4.7039032788859706e-13,2.4925238505354791e-14,6.6044618538922852e-14,9.2964939153942397e-14,1.0252073549215698e-13,9.2964939153942397e-14,6.6044618538922852e-14,2.4925238505354791e-14
762,4.5505099030732754e-13,2.4112431300233334e-14,6.3890916306689359e-14,8.9933370475000036e-14,9.9177554143482072e-14,8.9933370475000036e-14,6.3890916306689385e-14,2.4112431300233334e-14
763,4.4021186555672636e-13,2.3326129580808853e-14,6.1807445887550462e-14,8.7000660664129693e-14,9.5943393291748310e-14,8.7000660664129705e-14,6.1807445887550449e-14,2.3326129580808853e-14
764,4.2585664179316658e-13,2.2565469008321050e-14,5.9791917035669556e-14,8.4163585952770786e-14,9.2814697799643742e-14,8.4163585952770786e-14,5.9791917035669556e-14,2.2565469008321050e-14
765,4.1196953909908593e-13,2.1829613429929377e-14,5.7842114189683707e-14,8.1419027698831732e-14,8.9788028462196334e-14,8.1419027698831732e-14,5.7842114189683707e-14,2.1829613429929380e-14
766,3.9853529213698114e-13,2.1117753959575634e-14,5.5955894037257386e-14,7.8763968958536166e-14,8.6860058226242730e-14,7.8763968958536179e-14,5.5955894037257386e-14,2.1117753959575634e-14
767,3.8553913336905068e-13,2.0429108088819462e-14,5.4131183159055576e-14,7.6195491170060542e-14,8.4027568533179529e-14,7.6195491170060568e-14,5.4131183159055576e-14,2.0429108088819466e-14
768,3.7296677682404420e-13,1.9762918826669362e-14,5.2365975749546647e-14,7.3710770945317742e-14,8.1287445780976688e-14,7.3710770945317742e-14,5.2365975749546647e-14,1.9762918826669368e-14
769,3.6080440239346927e-13,1.9118453867463604e-14,5.0658331412129260e-14,7.1307076966359819e-14,7.8636677901563903e-14,7.1307076966359819e-14,5.0658331412129260e-14,1.9118453867463611e-14
770,3.4903864063989775e-13,1.8495004785886389e-14,4.9006373026159821e-14,6.8981766982988717e-14,7.6072351049827860e-14,6.8981766982988717e-14,4.9006373026159821e-14,1.8495004785886389e-14
771,3.3765655810066913e-13,1.7891886258234401e-14,4.7408284683535747e-14,6.6732284908274077e-14,7.3591646400580664e-14,6.6732284908274077e-14,4.7408284683535734e-14,1.7891886258234401e-14
772,3.2664564307083805e-13,1.7308435309077699e-14,4.5862309692566308e-14,6.4556158008785843e-14,7.1191837049978391e-14,6.4556158008785817e-14,4.5862309692566296e-14,1.7308435309077699e-14
773,3.1599379184973659e-13,1.6744010582486834e-14,4.4366748646936955e-14,6.2450994186452601e-14,6.8870285017983851e-14,6.2450994186452601e-14,4.4366748646936949e-14,1.6744010582486834e-14
774,3.0568929543603373e-13,1.6197991637025135e-14,4.2919957557644237e-14,6.0414479349058291e-14,6.6624438348578481e-14,6.0414479349058303e-14,4.2919957557644231e-14,1.6197991637025131e-14
775,2.9572082665666667e-13,1.5669778263731126e-14,4.1520346045848044e-14,5.8444374866486291e-14,6.4451828304535743e-14,5.8444374866486291e-14,4.1520346045848044e-14,1.5669778263731126e-14
776,2.8607742771549406e-13,1.5158789826341450e-14,4.0166375594654518e-14,5.6538515109914887e-14,6.2350066653672368e-14,5.6538515109914893e-14,4.0166375594654518e-14,1.5158789826341450e-14
777,2.7674849814798719e-13,1.4664464623028947e-14,3.8856557857908051e-14,5.4694805071259312e-14,6.0316843043594558e-14,5.4694805071259324e-14,3.8856557857908051e-14,1.4664464623028947e-14
778,2.6772378316871425e-13,1.4186259268954365e-14,3.7589453024133184e-14,5.2911218060243055e-14,5.8349922462053048e-14,5.2911218060243067e-14,3.7589453024133191e-14,1.4186259268954365e-14
779,2.5899336239881251e-13,1.3723648098952926e-14,3.6363668233828127e-14,5.1185793476567408e-14,5.6447142780115554e-14,5.1185793476567421e-14,3.6363668233828127e-14,1.3723648098952923e-14
780,2.5054763896105433e-13,1.3276122589699167e-14,3.5177856048369930e-14,4.9516634654730065e-14,5.4606412375456009e-14,4.9516634654730072e-14,3.5177856048369930e-14,1.3276122589699167e-14
781,2.4237732893052190e-13,1.2843190800714882e-14,3.4030712968848431e-14,4.7901906779123794e-14,5.2825707833147667e-14,4.7901906779123800e-14,3.4030712968848431e-14,1.2843190800714883e-14
782,2.3447345112929251e-13,1.2424376833605680e-14,3.2920978003200750e-14,4.6339834867123290e-14,5.1103071721433070e-14,4.6339834867123290e-14,3.2920978003200756e-14,1.2424376833605681e-14
783,2.2682731725391804e-13,1.2019220308931733e-14,3.1847431280071187e-14,4.4828701817943269e-14,4.9436610440025647e-14,4.4828701817943269e-14,3.1847431280071187e-14,1.2019220308931736e-14
784,2.1943052232484456e-13,1.1627275860137672e-14,3.0808892707872924e-14,4.3366846525122789e-14,4.7824492138577785e-14,4.3366846525122795e-14,3.0808892707872930e-14,1.1627275860137673e-14
785,2.1227493544727541e-13,1.1248112643985324e-14,2.9804220677577478e-14,4.1952662050561264e-14,4.6264944703027301e-14,4.1952662050561264e-14,2.9804220677577484e-14,1.1248112643985324e-14
786,2.0535269087332000e-13,1.0881313866951159e-14,2.8832310807805907e-14,4.0584593858098585e-14,4.4756253807608679e-14,4.0584593858098592e-14,2.8832310807805914e-14,1.0881313866951159e-14
787,1.9865617935560456e-13,1.0526476327067806e-14,2.7892094730842344e-14,3.9261138104698129e-14,4.3296761030387968e-14,3.9261138104698129e-14,2.7892094730842347e-14,1.0526476327067808e-14
788,1.9217803978283994e-13,1.0183209970706038e-14,2.6982538918235444e-14,3.7980839987353682e-14,4.1884862030249587e-14,3.7980839987353682e-14,2.6982538918235444e-14,1.0183209970706042e-14
789,1.8591115108815190e-13,9.8511374638100158e-15,2.6102643544696680e-14,3.6742292143903597e-14,4.0519004783331322e-14,3.6742292143903590e-14,2.6102643544696683e-14,9.8511374638100158e-15
790,1.7984862442127935e-13,9.5298937771144399e-15,2.5251441389046760e-14,3.5544133105994033e-14,3.9197687876968842e-14,3.5544133105994040e-14,2.5251441389046766e-14,9.5298937771144415e-15
791,1.7398379557603503e-13,9.2191257848877399e-15,2.4427996771001884e-14,3.4385045802490744e-14,3.7919458859274283e-14,3.4385045802490744e-14,2.4427996771001884e-14,9.2191257848877415e-15
792,1.6831021766470636e-13,8.9184918767601245e-15,2.3631404522631286e-14,3.3263756111694343e-14,3.6682912642534844e-14,3.3263756111694349e-14,2.3631404522631286e-14,8.9184918767601245e-15
793,1.6282165403134156e-13,8.6276615822098660e-15,2.2860788993355286e-14,3.2179031460767558e-14,3.5486689958676164e-14,3.2179031460767558e-14,2.2860788993355286e-14,8.6276615822098660e-15
794,1.5751207139613287e-13,8.3463152072950097e-15,2.2115303087390199e-14,3.1129679470834828e-14,3.4329475865092804e-14,3.1129679470834828e-14,2.2115303087390195e-14,8.3463152072950097e-15
795,1.5237563322335964e-13,8.0741434832311972e-15,2.1394127332581921e-14,3.0114546646265063e-14,3.3209998299203277e-14,3.0114546646265063e-14,2.1394127332581921e-14,8.0741434832311956e-15
796,1.4740669330560187e-13,7.8108472264292866e-15,2.0696468979604772e-14,2.9132517106696491e-14,3.2127026680140749e-14,2.9132517106696491e-14,2.0696468979604772e-14,7.8108472264292866e-15
797,1.4259978955717102e-13,7.5561370096190949e-15,2.0021561130535183e-14,2.8182511360410058e-14,3.1079370556042372e-14,2.8182511360410052e-14,2.0021561130535183e-14,7.5561370096190949e-15
798,1.3794963800993625e-13,7.3097328436977193e-15,1.9368661895842506e-14,2.7263485117702792e-14,3.0065878295450209e-14,2.7263485117702792e-14,1.9368661895842506e-14,7.3097328436977193e-15
799,1.3345112700494489e-13,7.0713638699527337e-15,1.8737053578870128e-14,2.6374428142956906e-14,2.9085435821385350e-14,2.6374428142956906e-14,1.8737053578870128e-14,7.0713638699527321e-15
800,1.2909931157345384e-13,6.8407680623219124e-15,1.8126041886910570e-14,2.5514363144142631e-14,2.8136965386703615e-14,2.5514363144142631e-14,1.8126041886910570e-14,6.8407680623219124e-15
801,1.2488940800119399e-13,6.6176919393622281e-15,1.7534955168007197e-14,2.4682344698534214e-14,2.7219424389386684e-14,2.4682344698534214e-14,1.7534955168007197e-14,6.6176919393622281e-15
802,1.2081678856989281e-13,6.4018902856114630e-15,1.6963143672643727e-14,2.3877458213458054e-14,2.6331804226466312e-14,2.3877458213458054e-14,1.6963143672643730e-14,6.4018902856114630e-15
803,1.1687697647027550e-13,6.1931258820361806e-15,1.6409978839509909e-14,2.3098818920930694e-14,2.5473129185321920e-14,2.3098818920930694e-14,1.6409978839509909e-14,6.1931258820361814e-15
804,1.1306564088095136e-13,5.9911692452697273e-15,1.5874852604558187e-14,2.2345570905081428e-14,2.4642455371132688e-14,2.2345570905081425e-14,1.5874852604558187e-14,5.9911692452697266e-15
805,1.0937859220777743e-13,5.7957983753536325e-15,1.5357176732591950e-14,2.1616886161290487e-14,2.3838869669305303e-14,2.1616886161290487e-14,1.5357176732591947e-14,5.7957983753536317e-15
806,1.0581177747846509e-13,5.6067985117051226e-15,1.4856382170650538e-14,2.0911963686008557e-14,2.3061488741736647e-14,2.0911963686008557e-14,1.4856382170650538e-14,5.6067985117051226e-15
807,1.0236127588736787e-13,5.4239618970424740e-15,1.4371918422480246e-14,2.0230028596257083e-14,2.2309458055808247e-14,2.0230028596257083e-14,1.4371918422480246e-14,5.4239618970424740e-15
808,9.9023294485552827e-14,5.2470875490087240e-15,1.3903252943403683e-14,1.9570331277841521e-14,2.1581950945044987e-14,1.9570331277841521e-14,1.3903252943403683e-14,5.2470875490087240e-15
809,9.5794164011417994e-14,5.0759810392426832e-15,1.3449870554922352e-14,1.8932146561341177e-14,2.0878167700405554e-14,1.8932146561341177e-14,1.3449870554922352e-14,5.0759810392426832e-15
810,9.2670334857272098e-14,4.9104542796544063e-15,1.3011272878408917e-14,1.8314772924969848e-14,2.0197334691205746e-14,1.8314772924969851e-14,1.3011272878408917e-14,4.9104542796544047e-15
811,8.9648373167444056e-14,4.7503253156701634e-15,1.2586977787266657e-14,1.7717531723431067e-14,1.9538703514708287e-14,1.7717531723431067e-14,1.2586977787266657e-14,4.7503253156701634e-15
812,8.6724957063631811e-14,4.5954181262196764e-15,1.2176518876953874e-14,1.7139766441920164e-14,1.8901550173444375e-14,1.7139766441920164e-14,1.2176518876953874e-14,4.5954181262196764e-15
813,8.3896872993341966e-14,4.4455624302457088e-15,1.1779444952290758e-14,1.6580841974453235e-14,1.8285174279362567e-14,1.6580841974453235e-14,1.1779444952290758e-14,4.4455624302457080e-15
814,8.1161012197406231e-14,4.3005934995233538e-15,1.1395319531484992e-14,1.6040143925729626e-14,1.7688898283930289e-14,1.6040143925729629e-14,1.1395319531484992e-14,4.3005934995233530e-15
815,7.8514367292691277e-14,4.1603519775832484e-15,1.1023720366331069e-14,1.5517077935760572e-14,1.7112066733341505e-14,1.5517077935760575e-14,1.1023720366331069e-14,4.1603519775832484e-15
816,7.5954028966245899e-14,4.0246837045396625e-15,1.0664238978055763e-14,1.5011069026521539e-14,1.6554045548011981e-14,1.5011069026521539e-14,1.0664238978055765e-14,4.0246837045396633e-15
817,7.3477182777251368e-14,3.8934395476309147e-15,1.0316480208299615e-14,1.4521560969910126e-14,1.6014221325570049e-14,1.4521560969910126e-14,1.0316480208299615e-14,3.8934395476309147e-15
818,7.1081106063259414e-14,3.7664752372858259e-15,9.9800617847408051e-15,1.4048015676314730e-14,1.5492000666576691e-14,1.4048015676314730e-14,9.9800617847408036e-15,3.7664752372858259e-15
819,6.8763164947317527e-14,3.6436512085360198e-15,9.6546139008839701e-15,1.3589912603121881e-14,1.4986809522233790e-14,1.3589912603121881e-14,9.6546139008839701e-15,3.6436512085360206e-15
820,6.6520811442690984e-14,3.5248324475997377e-15,9.3397788095520105e-15,1.3146748182512012e-14,1.4498092563363467e-14,1.3146748182512012e-14,9.3397788095520105e-15,3.5248324475997377e-15
821,6.4351580651999487e-14,3.4098883434685190e-15,9.0352104296340532e-15,1.2718035267914727e-14,1.4025312569964890e-14,1.2718035267914727e-14,9.0352104296340532e-15,3.4098883434685198e-15
822,6.2253088057689397e-14,3.2986925443336203e-15,8.7405739656572955e-15,1.2303302598515031e-14,1.3567949840677508e-14,1.2303302598515031e-14,8.7405739656572955e-15,3.2986925443336203e-15
823,6.0223026900863167e-14,3.1911228186943334e-15,8.4555455397645202e-15,1.1902094281221933e-14,1.3125501621501596e-14,1.1902094281221933e-14,8.4555455397645202e-15,3.1911228186943342e-15
824,5.8259165645584556e-14,3.0870609209955408e-15,8.1798118356927741e-15,1.1513969289529927e-14,1.2697481553148069e-14,1.1513969289529930e-14,8.1798118356927741e-15,3.0870609209955416e-15
825,5.6359345525872480e-14,2.9863924616467972e-15,7.9130697543618177e-15,1.1138500978722532e-14,1.2283419136410180e-14,1.1138500978722532e-14,7.9130697543618177e-15,2.9863924616467976e-15
826,5.4521478172686767e-14,2.8890067812800706e-15,7.6550260806937732e-15,1.0775276616884909e-14,1.1882859214969267e-14,1.0775276616884909e-14,7.6550260806937732e-15,2.8890067812800706e-15
827,5.2743543318297648e-14,2.7947968291079093e-15,7.4053971612977224e-15,1.0423896931210114e-14,1.1495361475066158e-14,1.0423896931210114e-14,7.4053971612977224e-15,2.7947968291079093e-15
828,5.1023586575515125e-14,2.7036590452483299e-15,7.1639085926649437e-15,1.0083975669100194e-14,1.1120499961488182e-14,1.0083975669100195e-14,7.1639085926649437e-15,2.7036590452483291e-15
829,4.9359717289337277e-14,2.6154932468870614e-15,6.9302949195320421e-15,9.7551391735796713e-15,1.0757862609339731e-14,9.7551391735796713e-15,6.9302949195320429e-15,2.6154932468870606e-15
830,4.7750106458656079e-14,2.5302025181520246e-15,6.7042993430804023e-15,9.4370259725547475e-15,1.0407050791081725e-14,9.4370259725547475e-15,6.7042993430804038e-15,2.5302025181520242e-15
831,4.6192984725735671e-14,2.4476931035789763e-15,6.4856734386511990e-15,9.1292863814666632e-15,1.0067678878341996e-14,9.1292863814666647e-15,6.4856734386511998e-15,2.4476931035789763e-15
832,4.4686640431253718e-14,2.3678743050512243e-15,6.2741768826656662e-15,8.8315821189024699e-15,9.7393738180149929e-15,8.8315821189024699e-15,6.2741768826656662e-15,2.3678743050512243e-15
833,4.3229417732767139e-14,2.2906583821001106e-15,6.0695771884504421e-15,8.5435859347406395e-15,9.4217747221847487e-15,8.5435859347406395e-15,6.0695771884504421e-15,2.2906583821001113e-15
834,4.1819714784534571e-14,2.2159604554566871e-15,5.8716494506776023e-15,8.2649812504227871e-15,9.1145324714204180e-15,8.2649812504227886e-15,5.8716494506776023e-15,2.2159604554566875e-15
835,4.0455981976694376e-14,2.1436984137485420e-15,5.6801760981384530e-15,7.9954618109560730e-15,8.8173093310082453e-15,7.9954618109560746e-15,5.6801760981384530e-15,2.1436984137485424e-15
836,3.9136720231862674e-14,2.0737928232392305e-15,5.4949466545793167e-15,7.7347313482637147e-15,8.5297785796981422e-15,7.7347313482637163e-15,5.4949466545793175e-15,2.0737928232392313e-15
837,3.7860479357279002e-14,2.0061668405110862e-15,5.3157575073364292e-15,7.4825032555135940e-15,8.2516241505567802e-15,7.4825032555135940e-15,5.3157575073364292e-15,2.0061668405110862e-15
838,3.6625856450688256e-14,1.9407461279954229e-15,5.1424116835155945e-15,7.2385002720669319e-15,7.9825402835323626e-15,7.2385002720669319e-15,5.1424116835155945e-15,1.9407461279954229e-15
839,3.5431494358206455e-14,1.8774587722572878e-15,4.9747186334705864e-15,7.0024541787007383e-15,7.7222311893492322e-15,7.0024541787007383e-15,4.9747186334705864e-15,1.8774587722572878e-15
840,3.4276080182475164e-14,1.8162352049449282e-15,4.8124940213422739e-15,6.7741055027689901e-15,7.4704107243627800e-15,6.7741055027689901e-15,4.8124940213422739e-15,1.8162352049449282e-15
841,3.3158343839464795e-14,1.7570081263170818e-15,4.6555595224282286e-15,6.5532032329784456e-15,7.2268020760172821e-15,6.5532032329784456e-15,4.6555595224282286e-15,1.7570081263170818e-15
842,3.2077056662340226e-14,1.6997124312640267e-15,4.5037426271600641e-15,6.3395045434655730e-15,6.9911374585608983e-15,6.3395045434655738e-15,4.5037426271600641e-15,1.6997124312640267e-15
843,3.1031030050854125e-14,1.6442851377410738e-15,4.3568764514730437e-15,6.1327745268712692e-15,6.7631578186833506e-15,6.1327745268712692e-15,4.3568764514730437e-15,1.6442851377410738e-15
844,3.0019114164783220e-14,1.5906653175358249e-15,4.2147995533594910e-15,5.9327859361199544e-15,6.5426125507526802e-15,5.9327859361199551e-15,4.2147995533594910e-15,1.5906653175358249e-15
845,2.9040196659971482e-14,1.5387940292930997e-15,4.0773557554043666e-15,5.7393189346192245e-15,6.3292592213381037e-15,5.7393189346192245e-15,4.0773557554043658e-15,1.5387940292930997e-15
846,2.8093201465590579e-14,1.4886142537239070e-15,3.9443939731079150e-15,5.5521608546054139e-15,6.1228633027161085e-15,5.5521608546054139e-15,3.9443939731079142e-15,1.4886142537239070e-15
847,2.7177087601273693e-14,1.4400708309272366e-15,3.8157680488066897e-15,5.3711059633694866e-15,5.9231979150668694e-15,5.3711059633694858e-15,3.8157680488066897e-15,1.4400708309272364e-15
848,2.6290848032822356e-14,1.3931103997557781e-15,3.6913365910103679e-15,5.1959552371062391e-15,5.7300435770775887e-15,5.1959552371062391e-15,3.6913365910103671e-15,1.3931103997557781e-15
849,2.5433508565228483e-14,1.3476813391589112e-15,3.5709628189777706e-15,5.0265161421382526e-15,5.5431879646786138e-15,5.0265161421382526e-15,3.5709628189777698e-15,1.3476813391589112e-15
850,2.4604126771794700e-14,1.3037337114384880e-15,3.4545144123612242e-15,4.8626024232740774e-15,5.3624256776471228e-15,4.8626024232740766e-15,3.4545144123612242e-15,1.3037337114384878e-15
851,2.3801790958175904e-14,1.2612192073550351e-15,3.3418633657539913e-15,4.7040338990680146e-15,5.1875580138218203e-15,4.7040338990680146e-15,3.3418633657539909e-15,1.2612192073550351e-15
852,2.3025619160203183e-14,1.2200910930240323e-15,3.2328858479808816e-15,4.5506362637564555e-15,5.0183927506804432e-15,4.5506362637564555e-15,3.2328858479808820e-15,1.2200910930240323e-15
853,2.2274758174388540e-14,1.1803041585438911e-15,3.1274620659773708e-15,4.4022408956530121e-15,4.8547439340399915e-15,4.4022408956530121e-15,3.1274620659773704e-15,1.1803041585438909e-15
854,2.1548382620044641e-14,1.1418146682991664e-15,3.0254761331075885e-15,4.2586846717918699e-15,4.6964316736473909e-15,4.2586846717918691e-15,3.0254761331075877e-15,1.1418146682991662e-15
855,2.0845694031988663e-14,1.1045803128843707e-15,2.9268159417764379e-15,4.1198097886155627e-15,4.5432819454359194e-15,4.1198097886155627e-15,2.9268159417764379e-15,1.1045803128843707e-15
856,2.0165919982832920e-14,1.0685601625955442e-15,2.8313730401958114e-15,3.9854635885101068e-15,4.3951264002299947e-15,3.9854635885101060e-15,2.8313730401958114e-15,1.0685601625955442e-15
857,1.9508313233897379e-14,1.0337146224384530e-15,2.7390425131694250e-15,3.8554983919967694e-15,4.2518021786880831e-15,3.8554983919967694e-15,2.7390425131694250e-15,1.0337146224384530e-15
858,1.8872150913810790e-14,1.0000053886039656e-15,2.6497228667652473e-15,3.7297713353960512e-15,4.1131517322802654e-15,3.7297713353960504e-15,2.6497228667652469e-15,1.0000053886039654e-15
859,1.8256733723897462e-14,9.6739540636275400e-16,2.5633159167487334e-15,3.6081442137853951e-15,3.9790226501037005e-15,3.6081442137853943e-15,2.5633159167487334e-15,9.6739540636275400e-16
860,1.7661385169476221e-14,9.3584882933304495e-16,2.4797266806542315e-15,3.4904833290780327e-15,3.8492674913456026e-15,3.4904833290780323e-15,2.4797266806542311e-15,9.3584882933304475e-16
861,1.7085450816226542e-14,9.0533098007663910e-16,2.3988632733759155e-15,3.3766593430559352e-15,3.7237436232095628e-15,3.3766593430559348e-15,2.3988632733759152e-15,9.0533098007663910e-16
862,1.6528297570804489e-14,8.7580831197988767e-16,2.3206368061634834e-15,3.2665471351953396e-15,3.6023130641270664e-15,3.2665471351953400e-15,2.3206368061634834e-15,8.7580831197988747e-16
863,1.5989312984917567e-14,8.4724837237772174e-16,2.2449612889115824e-15,3.1600256651285553e-15,3.4848423320818509e-15,3.1600256651285545e-15,2.2449612889115820e-15,8.4724837237772164e-16
864,1.5467904582093616e-14,8.1961976688020188e-16,2.1717535356355576e-15,3.0569778395908615e-15,3.3712022978803777e-15,3.0569778395908611e-15,2.1717535356355576e-15,8.1961976688020179e-16
865,1.4963499206403599e-14,7.9289212486237016e-16,2.1009330730296194e-15,2.9572903837062459e-15,3.2612680432071280e-15,2.9572903837062455e-15,2.1009330730296190e-15,7.9289212486237016e-16
866,1.4475542392422416e-14,7.6703606607947268e-16,2.0324220520069087e-15,2.8608537164704865e-15,3.1549187233086789e-15,2.8608537164704865e-15,2.0324220520069083e-15,7.6703606607947258e-16
867,1.4003497755735218e-14,7.4202316837085195e-16,1.9661451621242280e-15,2.7675618302947082e-15,3.0520374341556398e-15,2.7675618302947074e-15,1.9661451621242280e-15,7.4202316837085195e-16
868,1.3546846403319133e-14,7.1782593641701094e-16,1.9020295487973614e-15,2.6773121744769956e-15,2.9525110839363971e-15,2.6773121744769952e-15,1.9020295487973610e-15,7.1782593641701094e-16
869,1.3105086363152377e-14,6.9441777151550145e-16,1.8400047332159870e-15,2.5900055424739842e-15,2.8562302687414334e-15,2.5900055424739842e-15,1.8400047332159866e-15,6.9441777151550135e-16
870,1.2677732032423675e-14,6.7177294234241550e-16,1.7800025348701524e-15,2.5055459628484937e-15,2.7630891523015536e-15,2.5055459628484937e-15,1.7800025348701520e-15,6.7177294234241530e-16
871,1.2264313643735469e-14,6.4986655666733964e-16,1.7219569966031427e-15,2.4238405937733409e-15,2.6729853496478234e-15,2.4238405937733409e-15,1.7219569966031423e-15,6.4986655666733944e-16
872,1.1864376748714143e-14,6.2867453399067780e-16,1.6658043121083623e-15,2.3447996209753636e-15,2.5858198145653368e-15,2.3447996209753636e-15,1.6658043121083621e-15,6.2867453399067761e-16
873,1.1477481718459627e-14,6.0817357907326665e-16,1.6114827557905286e-15,2.2683361590074718e-15,2.5014967307170926e-15,2.2683361590074718e-15,1.6114827557905284e-15,6.0817357907326665e-16
874,1.1103203260285210e-14,5.8834115632918517e-16,1.5589326149140781e-15,2.1943661557401930e-15,2.4199234063182989e-15,2.1943661557401930e-15,1.5589326149140779e-15,5.8834115632918517e-16
875,1.0741129950216421e-14,5.6915546505360861e-16,1.5080961239642009e-15,2.1228082999677346e-15,2.3410101722453325e-15,2.1228082999677346e-15,1.5080961239642013e-15,5.6915546505360861e-16
876,1.0390863780734989e-14,5.5059541545847871e-16,1.4589174011483493e-15,2.0535839320269937e-15,2.2646702834673440e-15,2.0535839320269937e-15,1.4589174011483493e-15,5.5059541545847881e-16
877,1.0052019723270802e-14,5.3264060548964537e-16,1.4113423869684169e-15,1.9866169573312615e-15,2.1908198236921542e-15,1.9866169573312612e-15,1.4113423869684169e-15,5.3264060548964537e-16
878,9.7242253049609331e-15,5.1527129839999686e-16,1.3653187847960730e-15,1.9218337627235782e-15,2.1193776131216379e-15,1.9218337627235782e-15,1.3653187847960728e-15,5.1527129839999686e-16
879,9.4071201992104501e-15,4.9846840105392624e-16,1.3207960033859168e-15,1.8591631355577920e-15,2.0502651192151790e-15,1.8591631355577920e-15,1.3207960033859168e-15,4.9846840105392614e-16
880,9.1003558296049521e-15,4.8221344293928427e-16,1.2777251012632726e-15,1.7985361854183611e-15,1.9834063703631153e-15,1.7985361854183607e-15,1.2777251012632728e-15,4.8221344293928427e-16
881,8.8035949867394823e-15,4.6648855586374952e-16,1.2360587329254848e-15,1.7398862683928671e-15,1.9187278723752790e-15,1.7398862683928669e-15,1.2360587329254848e-15,4.6648855586374962e-16
882,8.5165114575425324e-15,4.5127645431329496e-16,1.1957510967975781e-15,1.6831489138139819e-15,1.8561585276928221e-15,1.6831489138139815e-15,1.1957510967975781e-15,4.5127645431329496e-16
883,8.2387896666877355e-15,4.3656041645116147e-16,1.1567578848850759e-15,1.6282617533903633e-15,1.7956295572345361e-15,1.6282617533903631e-15,1.1567578848850761e-15,4.3656041645116147e-16
884,7.9701243296990711e-15,4.2232426573645130e-16,1.1190362340686294e-15,1.5751644526485848e-15,1.7370744247917415e-15,1.5751644526485846e-15,1.1190362340686294e-15,4.2232426573645130e-16
885,7.7102201173682063e-15,4.0855235314213576e-16,1.0825446789869176e-15,1.5237986446107234e-15,1.6804287638886532e-15,1.5237986446107234e-15,1.0825446789869174e-15,4.0855235314213581e-16
886,7.4587913311151515e-15,3.9522953995292946e-16,1.0472431064560296e-15,1.4741078656347141e-15,1.6256303070278047e-15,1.4741078656347141e-15,1.0472431064560296e-15,3.9522953995292946e-16
887,7.2155615889353365e-15,3.8234118112412364e-16,1.0130927113752216e-15,1.4260374933469343e-15,1.5726188172427768e-15,1.4260374933469343e-15,1.0130927113752216e-15,3.8234118112412368e-16
888,6.9802635215878844e-15,3.6987310918308401e-16,9.8005595407057605e-16,1.3795346865987977e-15,1.5213360218829691e-15,1.3795346865987977e-15,9.8005595407057605e-16,3.6987310918308401e-16
889,6.7526384786911357e-15,3.5781161865571766e-16,9.4809651902967919e-16,1.3345483273813493e-15,1.4717255485576435e-15,1.3345483273813491e-15,9.4809651902967919e-16,3.5781161865571761e-16
890,6.5324362444023274e-15,3.4614345100078998e-16,9.1717927498195064e-16,1.2910289646340155e-15,1.4237328631688162e-15,1.2910289646340155e-15,9.1717927498195064e-16,3.4614345100078998e-16
891,6.3194147623689246e-15,3.3485578003553109e-16,8.8727023628074652e-16,1.2489287598857408e-15,1.3773052099648878e-15,1.2489287598857404e-15,8.8727023628074652e-16,3.3485578003553104e-16
892,6.1133398696492055e-15,3.2393619783650927e-16,8.5833652554478428e-16,1.2082014346687543e-15,1.3323915535491113e-15,1.2082014346687543e-15,8.5833652554478408e-16,3.2393619783650922e-16
893,5.9139850393096850e-15,3.1337270110027549e-16,8.3034633751782376e-16,1.1688022196471662e-15,1.2889425227791541e-15,1.1688022196471662e-15,8.3034633751782356e-16,3.1337270110027539e-16
894,5.7211311314163380e-15,3.0315367794878364e-16,8.0326890410687745e-16,1.1306878054044672e-15,1.2469103564960813e-15,1.1306878054044672e-15,8.0326890410687736e-16,3.0315367794878359e-16
895,5.5345661521459946e-15,2.9326789516508415e-16,7.7707446056051704e-16,1.0938162948358410e-15,1.2062488510231108e-15,1.0938162948358408e-15,7.7707446056051694e-16,2.9326789516508410e-16
896,5.3540850207530430e-15,2.8370448584525863e-16,7.5173421275009930e-16,1.0581471570929535e-15,1.1669133093764209e-15,1.0581471570929533e-15,7.5173421275009920e-16,2.8370448584525858e-16
897,5.1794893441353045e-15,2.7445293745302305e-16,7.2722030551794512e-16,1.0236411830305922e-15,1.1288604921321842e-15,1.0236411830305922e-15,7.2722030551794492e-16,2.7445293745302300e-16
898,5.0105871987512779e-15,2.6550308026386758e-16,7.0350579205767764e-16,9.9026044210618462e-16,1.0920485698958184e-15,9.9026044210618462e-16,7.0350579205767744e-16,2.6550308026386753e-16
899,4.8471929196490161e-15,2.5684507618603090e-16,6.8056460429306271e-16,9.5796824068481211e-16,1.0564370773212053e-15,9.5796824068481211e-16,6.8056460429306251e-16,2.5684507618603090e-16
900,4.6891268963747348e-15,2.4846940794602090e-16,6.5837152422278792e-16,9.2672908170389157e-16,1.0219868686293345e-15,9.2672908170389157e-16,6.5837152422278782e-16,2.4846940794602085e-16
901,4.5362153755367948e-15,2.4036686862679227e-16,6.3690215619968503e-16,8.9650862565318265e-16,9.8866007457747502e-16,8.9650862565318265e-16,6.3690215619968484e-16,2.4036686862679222e-16
902,4.3882902698080403e-15,2.3252855154708341e-16,6.1613290011391949e-16,8.6727365282722988e-16,9.5642006083157443e-16,8.6727365282722988e-16,6.1613290011391949e-16,2.3252855154708341e-16
903,4.2451889731565339e-15,2.2494584047078533e-16,5.9604092545067283e-16,8.3899202680874533e-16,9.2523138769612600e-16,8.3899202680874533e-16,5.9604092545067283e-16,2.2494584047078533e-16
904,4.1067541821015751e-15,2.1761040013558145e-16,5.7660414619379680e-16,8.1163265914279105e-16,8.9505977115723630e-16,8.1163265914279105e-16,5.7660414619379670e-16,2.1761040013558145e-16
905,3.9728337227985397e-15,2.1051416709044675e-16,5.5780119654785711e-16,7.8516547516292987e-16,8.6587204519607181e-16,7.8516547516292987e-16,5.5780119654785711e-16,2.1051416709044675e-16
906,3.8432803837624282e-15,2.0364934083193383e-16,5.3961140745187460e-16,7.5956138093177806e-16,8.3763612533125605e-16,7.5956138093177806e-16,5.3961140745187450e-16,2.0364934083193383e-16
907,3.7179517540462901e-15,1.9700837522950362e-16,5.2201478385894948e-16,7.3479223125962060e-16,8.1032097335014272e-16,7.3479223125962060e-16,5.2201478385894939e-16,1.9700837522950359e-16
908,3.5967100666965968e-15,1.9058397023047378e-16,5.0499198275679265e-16,7.1083079876593431e-16,7.8389656319019472e-16,7.1083079876593431e-16,5.0499198275679265e-16,1.9058397023047376e-16
909,3.4794220473135197e-15,1.8436906383546765e-16,4.8852429190500365e-16,6.8765074394980625e-16,7.5833384793296437e-16,6.8765074394980625e-16,4.8852429190500365e-16,1.8436906383546765e-16
910,3.3659587675496247e-15,1.7835682433554188e-16,4.7259360926572067e-16,6.6522658623635230e-16,7.3360472787439523e-16,6.6522658623635230e-16,4.7259360926572057e-16,1.7835682433554185e-16
911,3.2561955033859416e-15,1.7254064280245982e-16,4.5718242310503425e-16,6.4353367596730534e-16,7.0968201963634287e-16,6.4353367596730524e-16,4.5718242310503425e-16,1.7254064280245979e-16
912,3.1500115980296264e-15,1.6691412582385609e-16,4.4227379274328973e-16,6.2254816730498517e-16,6.8653942628536465e-16,6.2254816730498497e-16,4.4227379274328963e-16,1.6691412582385604e-16
913,3.0472903292825056e-15,1.6147108847530543e-16,4.2785132993311800e-16,6.0224699201986437e-16,6.6415150842593030e-16,6.0224699201986417e-16,4.2785132993311790e-16,1.6147108847530541e-16
914,2.9479187812347048e-15,1.5620554752157149e-16,4.1389918084472619e-16,5.8260783413291753e-16,6.4249365623627505e-16,5.8260783413291743e-16,4.1389918084472609e-16,1.5620554752157144e-16
915,2.8517877201423241e-15,1.5111171483956129e-16,4.0040200863864330e-16,5.6360910538487731e-16,6.2154206241616052e-16,5.6360910538487731e-16,4.0040200863864320e-16,1.5111171483956126e-16
916,2.7587914743527169e-15,1.4618399105575608e-16,3.8734497660676623e-16,5.4522992150543454e-16,6.0127369601680308e-16,5.4522992150543444e-16,3.8734497660676623e-16,1.4618399105575608e-16
917,2.6688278181453825e-15,1.4141695939112416e-16,3.7471373186317256e-16,5.2745007925629340e-16,5.8166627712420256e-16,5.2745007925629340e-16,3.7471373186317251e-16,1.4141695939112416e-16
918,2.5817978593607914e-15,1.3680537970675002e-16,3.6249438956677268e-16,5.1025003422285097e-16,5.6269825236804415e-16,5.1025003422285097e-16,3.6249438956677268e-16,1.3680537970675002e-16
919,2.4976059306935980e-15,1.3234418274363435e-16,3.5067351765845863e-16,4.9361087933008215e-16,5.4434877122924821e-16,4.9361087933008215e-16,3.5067351765845863e-16,1.3234418274363430e-16
920,2.4161594845307779e-15,1.2802846455033293e-16,3.3923812209597094e-16,4.7751432405902083e-16,5.2659766312012863e-16,4.7751432405902093e-16,3.3923812209597094e-16,1.2802846455033293e-16
921,2.3373689912190592e-15,1.2385348109230939e-16,3.2817563257025431e-16,4.6194267434098548e-16,5.0942541521196092e-16,4.6194267434098548e-16,3.2817563257025431e-16,1.2385348109230939e-16
922,2.2611478406498412e-15,1.1981464303707570e-16,3.1747388868759943e-16,4.4687881310745060e-16,4.9281315098558984e-16,4.4687881310745060e-16,3.1747388868759943e-16,1.1981464303707570e-16
923,2.1874122470534079e-15,1.1590751070938830e-16,3.0712112660238327e-16,4.3230618147418344e-16,4.7674260948149785e-16,4.3230618147418344e-16,3.0712112660238327e-16,1.1590751070938830e-16
924,2.1160811568977825e-15,1.1212778921095437e-16,2.9710596608571232e-16,4.1820876053896266e-16,4.6119612522652406e-16,4.1820876053896266e-16,2.9710596608571232e-16,1.1212778921095437e-16
925,2.0470761597909846e-15,1.0847132369928338e-16,2.8741739801575550e-16,4.0457105377286873e-16,4.4615660881516933e-16,4.0457105377286877e-16,2.8741739801575550e-16,1.0847132369928338e-16
926,1.9803214022887438e-15,1.0493409482049459e-16,2.7804477227601474e-16,3.9137806998579199e-16,4.3160752812414130e-16,3.9137806998579204e-16,2.7804477227601474e-16,1.0493409482049459e-16
927,1.9157435045129328e-15,1.0151221429105963e-16,2.6897778604823008e-16,3.7861530684743166e-16,4.1753289013948991e-16,3.7861530684743166e-16,2.6897778604823008e-16,1.0151221429105962e-16
928,1.8532714794890512e-15,9.8201920623623706e-17,2.6020647248705192e-16,3.6626873494567235e-16,4.0391722337635526e-16,3.6626873494567240e-16,2.6020647248705192e-16,9.8201920623623694e-17
929,1.7928366551141036e-15,9.4999574992206812e-17,2.5172118976402898e-16,3.5432478236481319e-16,3.9074556087200561e-16,3.5432478236481314e-16,2.5172118976402893e-16,9.4999574992206812e-17
930,1.7343725986690859e-15,9.1901657232240218e-17,2.4351261046887024e-16,3.4277031976669847e-16,3.7800342373346794e-16,3.4277031976669842e-16,2.4351261046887024e-16,9.1901657232240218e-17
931,1.6778150437931073e-15,8.8904761971040641e-17,2.3557171135632976e-16,3.3159264595834939e-16,3.6567680522166779e-16,3.3159264595834939e-16,2.3557171135632976e-16,8.8904761971040641e-17
932,1.6231018198388722e-15,8.6005594884469134e-17,2.2788976342744314e-16,3.2077947393023288e-16,3.5375215535458172e-16,3.2077947393023288e-16,2.2788976342744309e-16,8.6005594884469122e-17
933,1.5701727835318631e-15,8.3200969075659518e-17,2.2045832233421323e-16,3.1031891734981945e-16,3.4221636601247870e-16,3.1031891734981945e-16,2.2045832233421318e-16,8.3200969075659506e-17
934,1.5189697528581093e-15,8.0487801571835827e-17,2.1326921909719746e-16,3.0019947749558358e-16,3.3105675652887573e-16,3.0019947749558353e-16,2.1326921909719744e-16,8.0487801571835827e-17
935,1.4694364431078581e-15,7.7863109935367854e-17,2.0631455112579219e-16,2.9041003061708384e-16,3.2026105975137043e-16,2.9041003061708384e-16,2.0631455112579214e-16,7.7863109935367841e-17
936,1.4215184050048519e-15,7.5324008985339446e-17,1.9958667353134441e-16,2.8093981570722866e-16,3.0981740855702682e-16,2.8093981570722866e-16,1.9958667353134441e-16,7.5324008985339446e-17
937,1.3751629648531966e-15,7.2867707626025911e-17,1.9307819072354106e-16,2.7177842267328546e-16,2.9971432280749192e-16,2.7177842267328546e-16,1.9307819072354101e-16,7.2867707626025899e-17
938,1.3303191666360309e-15,7.0491505778794116e-17,1.8678194828083809e-16,2.6291578089363175e-16,2.8994069672950309e-16,2.6291578089363175e-16,1.8678194828083809e-16,7.0491505778794091e-17
939,1.2869377160023432e-15,6.8192791414052717e-17,1.8069102508599392e-16,2.5434214814766754e-16,2.8048578670691506e-16,2.5434214814766754e-16,1.8069102508599392e-16,6.8192791414052692e-17
940,1.2449709260803721e-15,6.5969037679989996e-17,1.7479872571806109e-16,2.4604809990672171e-16,2.7133919947082657e-16,2.4604809990672171e-16,1.7479872571806107e-16,6.5969037679989971e-17
941,1.2043726650580168e-15,6.3817800124942917e-17,1.6909857309247372e-16,2.3802451897417972e-16,2.6249088067482410e-16,2.3802451897417972e-16,1.6909857309247372e-16,6.3817800124942905e-17
942,1.1650983054726443e-15,6.1736714010344221e-17,1.6358430134114058e-16,2.3026258546344449e-16,2.5393110384278544e-16,2.3026258546344449e-16,1.6358430134114055e-16,6.1736714010344208e-17
943,1.1271046751545424e-15,5.9723491711293797e-17,1.5824984892471641e-16,2.2275376710271445e-16,2.4565045967709293e-16,2.2275376710271449e-16,1.5824984892471641e-16,5.9723491711293785e-17
944,1.0903500097701017e-15,5.7775920201896913e-17,1.5308935196948134e-16,2.1548980985592078e-16,2.3763984571550363e-16,2.1548980985592078e-16,1.5308935196948134e-16,5.7775920201896913e-17
945,1.0547939069125507e-15,5.5891858622605095e-17,1.4809713782150290e-16,2.0846272884951371e-16,2.2989045632530717e-16,2.0846272884951371e-16,1.4809713782150293e-16,5.5891858622605095e-17
946,1.0203972816897853e-15,5.4069235926885518e-17,1.4326771881099586e-16,2.0166479959512511e-16,2.2239377302377225e-16,2.0166479959512511e-16,1.4326771881099586e-16,5.4069235926885518e-17
947,9.8712232376047088e-16,5.2306048604632098e-17,1.3859578622002488e-16,1.9508854949845791e-16,2.1514155511424121e-16,1.9508854949845791e-16,1.3859578622002488e-16,5.2306048604632104e-17
948,9.5493245577118871e-16,5.0600358479815666e-17,1.3407620444691938e-16,1.8872674964506940e-16,2.0812583062757992e-16,1.8872674964506940e-16,1.3407620444691936e-16,5.0600358479815666e-17
949,9.2379229314893744e-16,4.8950290579952365e-17,1.2970400536098560e-16,1.8257240685401806e-16,2.0133888755902547e-16,1.8257240685401806e-16,1.2970400536098557e-16,4.8950290579952359e-17
950,8.9366760520479541e-16,4.7354031075048262e-17,1.2547438284131053e-16,1.7661875599063991e-16,1.9477326539079798e-16,1.7661875599063991e-16,1.2547438284131053e-16,4.7354031075048262e-17
951,8.6452527750598354e-16,4.5809825283754605e-17,1.2138268749365418e-16,1.7085925253000343e-16,1.8842174689115900e-16,1.7085925253000345e-16,1.2138268749365418e-16,4.5809825283754605e-17
952,8.3633327547496874e-16,4.4315975744541907e-17,1.1742442153962319e-16,1.6528756536286891e-16,1.8227735018090070e-16,1.6528756536286891e-16,1.1742442153962317e-16,4.4315975744541907e-17
953,8.0906060917559328e-16,4.2870840349772757e-17,1.1359523387250737e-16,1.5989756983624390e-16,1.7633332105854532e-16,1.5989756983624390e-16,1.1359523387250737e-16,4.2870840349772757e-17
954,7.8267729924752188e-16,4.1472830540622052e-17,1.0989091527434452e-16,1.5468334102088516e-16,1.7058312557581852e-16,1.5468334102088518e-16,1.0989091527434450e-16,4.1472830540622046e-17
955,7.5715434395155889e-16,4.0120409560860633e-17,1.0630739378895572e-16,1.4963914719834566e-16,1.6502044285523485e-16,1.4963914719834566e-16,1.0630739378895572e-16,4.0120409560860633e-17
956,7.3246368728961277e-16,3.8812090767582666e-17,1.0284073024586532e-16,1.4475944356040792e-16,1.5963915814190092e-16,1.4475944356040792e-16,1.0284073024586532e-16,3.8812090767582666e-17
957,7.0857818816426131e-16,3.7546435997019822e-17,9.9487113930184575e-17,1.4003886611397769e-16,1.5443335608189716e-16,1.4003886611397769e-16,9.9487113930184575e-17,3.7546435997019822e-17
958,6.8547159054401858e-16,3.6322053983645992e-17,9.6242858393700115e-17,1.3547222578473766e-16,1.4939731421985097e-16,1.3547222578473766e-16,9.6242858393700115e-17,3.6322053983645992e-17
959,6.6311849460150444e-16,3.5137598830834697e-17,9.3104397402561463e-17,1.3105450271308002e-16,1.4452549670855205e-16,1.3105450271308002e-16,9.3104397402561463e-17,3.5137598830834697e-17
960,6.4149432879279601e-16,3.3991768531388056e-17,9.0068281017114015e-17,1.2678084073604751e-16,1.3981254822369679e-16,1.2678084073604754e-16,9.0068281017114015e-17,3.3991768531388056e-17
961,6.2057532284726325e-16,3.2883303536310980e-17,8.7131171799567847e-17,1.2264654204921743e-16,1.3525328807707079e-16,1.2264654204921745e-16,8.7131171799567847e-17,3.2883303536310980e-17
962,6.0033848163820268e-16,3.1810985370257426e-17,8.4289841145333604e-17,1.1864706204266026e-16,1.3084270452170008e-16,1.1864706204266028e-16,8.4289841145333604e-17,3.1810985370257426e-17
963,5.8076155990554309e-16,3.0773635292126635e-17,8.1541165733992944e-17,1.1477800430529704e-16,1.2657594924270974e-16,1.1477800430529707e-16,8.1541165733992956e-17,3.0773635292126635e-17
964,5.6182303780284022e-16,2.9770112999337064e-17,7.8882124096002047e-17,1.1103511579216349e-16,1.2244833202783497e-16,1.1103511579216349e-16,7.8882124096002059e-17,2.9770112999337070e-17
965,5.4350209724167899e-16,2.8799315374353752e-17,7.6309793291354336e-17,1.0741428214926868e-16,1.1845531561172538e-16,1.0741428214926869e-16,7.6309793291354361e-17,2.8799315374353752e-17
966,5.2577859900747946e-16,2.7860175272091103e-17,7.3821345696551325e-17,1.0391152319090935e-16,1.1459251068837582e-16,1.0391152319090933e-16,7.3821345696551325e-17,2.7860175272091109e-17
967,5.0863306062155247e-16,2.6951660346858297e-17,7.1414045896349709e-17,1.0052298852446788e-16,1.1085567108620073e-16,1.0052298852446788e-16,7.1414045896349709e-17,2.6951660346858300e-17
968,4.9204663492506984e-16,2.6072771917557756e-17,6.9085247676867986e-17,9.7244953317884971e-17,1.0724068910044839e-16,9.7244953317884971e-17,6.9085247676867999e-17,2.6072771917557759e-17
969,4.7600108936140580e-16,2.5222543869889266e-17,6.6832391116747397e-17,9.4073814205154090e-17,1.0374359097782428e-16,9.4073814205154090e-17,6.6832391116747397e-17,2.5222543869889273e-17
970,4.6047878593407872e-16,2.4400041594353018e-17,6.4652999773169397e-17,9.1006085325336987e-17,1.0036053254835998e-16,9.1006085325336999e-17,6.4652999773169397e-17,2.4400041594353024e-17
971,4.4546266181825976e-16,2.3604360958884172e-17,6.2544677959636571e-17,8.8038394490746149e-17,9.7087794999725951e-17,8.8038394490746149e-17,6.2544677959636583e-17,2.3604360958884178e-17
972,4.3093621060453606e-16,2.2834627314989578e-17,6.0505108112524684e-17,8.5167479480082136e-17,9.3921780789343225e-17,8.5167479480082161e-17,6.0505108112524697e-17,2.2834627314989578e-17
973,4.1688346415431241e-16,2.2089994536294226e-17,5.8532048243510907e-17,8.2390184452450916e-17,9.0859009689800261e-17,8.2390184452450916e-17,5.8532048243510907e-17,2.2089994536294229e-17
974,4.0328897504690343e-16,2.1369644088440491e-17,5.6623329475077804e-17,7.9703456478319358e-17,8.7896114963228080e-17,7.9703456478319358e-17,5.6623329475077804e-17,2.1369644088440491e-17
975,3.9013779959902360e-16,2.0672784129317773e-17,5.4776853656384156e-17,7.7104342183595772e-17,8.5029839660428170e-17,7.7104342183595772e-17,5.4776853656384162e-17,2.0672784129317773e-17
976,3.7741548143800809e-16,1.9998648638633494e-17,5.2990591056881751e-17,7.4589984503146175e-17,8.2257033040685286e-17,7.4589984503146175e-17,5.2990591056881745e-17,1.9998648638633494e-17
977,3.6510803561070775e-16,1.9346496575868621e-17,5.1262578135142814e-17,7.2157619540177818e-17,7.9574647108329260e-17,7.2157619540177818e-17,5.1262578135142808e-17,1.9346496575868621e-17
978,3.5320193321058958e-16,1.8715611065692045e-17,4.9590915380445635e-17,6.9804573528037601e-17,7.6979733262239001e-17,6.9804573528037588e-17,4.9590915380445629e-17,1.8715611065692045e-17
979,3.4168408650614498e-16,1.8105298609938519e-17,4.7973765224745615e-17,6.7528259891085626e-17,7.4469439054605507e-17,6.7528259891085626e-17,4.7973765224745603e-17,1.8105298609938519e-17
980,3.3054183455425800e-16,1.7514888325283792e-17,4.6409350022736560e-17,6.5326176401413227e-17,7.2041005055390903e-17,6.5326176401413214e-17,4.6409350022736560e-17,1.7514888325283792e-17
