t,f_total,k_0,k_1,k_2,k_3,k_4,k_5,k_6
1,0.0000000000000000e+00,0.0000000000000000e+00,0.0000000000000000e+00,0.0000000000000000e+00,0.0000000000000000e+00,0.0000000000000000e+00,0.0000000000000000e+00,0.0000000000000000e+00
2,0.0000000000000000e+00,0.0000000000000000e+00,0.0000000000000000e+00,0.0000000000000000e+00,0.0000000000000000e+00,0.0000000000000000e+00,0.0000000000000000e+00,0.0000000000000000e+00
3,2.0173010973936889e-05,0.0000000000000000e+00,0.0000000000000000e+00,0.0000000000000000e+00,2.0173010973936889e-05,0.0000000000000000e+00,0.0000000000000000e+00,0.0000000000000000e+00
4,3.2598465011050127e-04,0.0000000000000000e+00,0.0000000000000000e+00,1.5836934337372342e-04,1.4373270318930034e-04,2.3882603547477508e-05,0.0000000000000000e+00,0.0000000000000000e+00
5,1.2801290119870252e-03,0.0000000000000000e+00,1.9896609592404179e-04,5.6326799815471025e-04,4.1358209622352824e-04,9.7976566105162637e-05,6.3362555795822086e-06,0.0000000000000000e+00
6,2.9386067592329576e-03,8.8605835221991988e-05,6.2380078132871612e-04,1.1622023243719609e-03,8.0716001456973812e-04,2.3007727509216094e-04,2.5860637546944403e-05,8.9989110144523277e-07
7,5.0900794979193541e-03,2.8394382328274980e-04,1.1967924271132746e-03,1.8557143066441166e-03,1.2744130868796747e-03,4.1269378952553555e-04,6.2635282181638691e-05,3.8867822923645854e-06
8,7.4636660928326937e-03,5.5627155649377912e-04,1.8263037136496500e-03,2.5567449132364068e-03,1.7658680403506151e-03,6.3113621251272012e-04,1.1744378656916701e-04,9.8978700203549371e-06
9,9.8362693692269545e-03,8.6479180964551020e-04,2.4428606346405747e-03,3.2075192195983428e-03,2.2437596777368195e-03,8.6943468365549797e-04,1.8851434602315683e-04,1.9388997927054734e-05
10,1.2058359435663335e-02,1.1753702977140717e-03,3.0040407812837121e-03,3.7770531423922567e-03,2.6835940713028266e-03,1.1134533818540223e-03,2.7251821583286831e-04,3.2329545283577177e-05
11,1.4045064686597303e-02,1.4650040280440408e-03,3.4888205776260482e-03,4.2534694261010409e-03,3.0719444937343252e-03,1.3520691566102465e-03,3.6544612959768367e-04,4.8310874883915737e-05
12,1.5758512883487175e-02,1.7206860674150023e-03,3.8904631520566019e-03,4.6367506055046926e-03,3.4033973785953580e-03,1.5772834439907405e-03,4.6324462067825947e-04,6.6687615246521095e-05
13,1.7191519732994980e-02,1.9367569159074354e-03,4.2107795988615849e-03,4.9334020106903964e-03,3.6778110869347593e-03,1.7838462083905914e-03,5.6221643866782758e-04,8.6707473542384052e-05
14,1.8355275117631478e-02,2.1123735202898948e-03,4.4561635218845503e-03,5.1529623859890078e-03,3.8982135324198731e-03,1.9687184226277079e-03,6.5923243239592814e-04,1.0761130202451640e-04
15,1.9270904950482580e-02,2.2495615713099544e-03,4.6350723828277518e-03,5.3059007044292689e-03,4.0693249914927005e-03,2.1305355115069911e-03,7.5180950082438152e-04,1.2870028809153344e-04
16,1.9964033384513989e-02,2.3518648229283465e-03,4.7565250707957861e-03,5.4024425516077685e-03,4.1965838826839748e-03,2.2691404402726311e-03,8.3810217238325228e-04,1.4937444384222987e-04
17,2.0461451525971442e-02,2.4234700506210807e-03,4.8292620433980638e-03,5.4519791556215339e-03,4.2855405445602259e-03,2.3852063378468017e-03,9.1684427523495982e-04,1.6914911868877729e-04
18,2.0789186098773227e-02,2.4686724748151437e-03,4.8613175440624335e-03,5.4628230323069448e-03,4.3415047278881130e-03,2.4799456130063847e-03,9.8726640679430038e-04,1.8765629989990539e-04
19,2.0971464340746867e-02,2.4915704175222679e-03,4.8598384602733836e-03,5.4421592608280920e-03,4.3693602921228139e-03,2.5548934205280160e-03,1.0490060785985781e-03,2.0463641087371484e-04
20,2.1030234935085646e-02,2.4959077408960293e-03,4.8310448968747893e-03,5.3960997940854204e-03,4.3734856455889884e-03,2.6117511173111038e-03,1.1020207887196486e-03,2.1992495160966930e-04
21,2.0985022721648604e-02,2.4850079736838124e-03,4.7802677601043288e-03,5.3297860008438428e-03,4.3577381007217615e-03,2.6522762344225338e-03,1.1465096162193906e-03,2.3343703565293213e-04
22,2.0852975380378572e-02,2.4617629649684525e-03,4.7120244085400477e-03,5.2475082010666665e-03,4.3254746243236095e-03,2.6782075304965913e-03,1.1828458353233843e-03,2.4515181565982146e-04
23,2.0649013408299551e-02,2.4286521523703892e-03,4.6301095457480538e-03,5.1528252448032868e-03,4.2795914288510572e-03,2.6912159447081661e-03,1.2115211052601855e-03,2.5509798655841116e-04
24,2.0386029073234210e-02,2.3877774532471831e-03,4.5376884431306856e-03,5.0486756336834485e-03,4.2225715701299420e-03,2.6928743259171956e-03,1.2331006613019689e-03,2.6334098582378896e-04
25,2.0075101913283863e-02,2.3409046419951528e-03,4.4373855844978037e-03,4.9374765427699805e-03,4.1565341293547135e-03,2.6846405385789005e-03,1.2481883465152303e-03,2.6997212957208288e-04
26,1.9725712109407288e-02,2.2895058421498709e-03,4.3313653956597526e-03,4.8212097943832050e-03,4.0832813854125563e-03,2.6678499212824010e-03,1.2574000863507001e-03,2.7509968416880234e-04
27,1.9345941592810598e-02,2.2348001401242368e-03,4.2214037984594699e-03,4.7014952477474016e-03,4.0043421511461634e-03,2.6437141381841327e-03,1.2613443820983241e-03,2.7884173505087146e-04
28,1.8942657959162071e-02,2.1777908003425151e-03,4.1089504938369367e-03,4.5796527376146699e-03,3.9210105195665954e-03,2.6133242710844181e-03,1.2606084916335681e-03,2.8132064508337013e-04
29,1.8521679374869215e-02,2.1192984521927875e-03,3.9951824952973768e-03,4.4567539455165331e-03,3.8343798915885952e-03,2.5776566039938092e-03,1.2557491164854439e-03,2.8265886979466699e-04
30,1.8087920462260279e-02,2.0599901402171255e-03,3.8810497259176586e-03,4.3336656113296982e-03,3.7453725009176696e-03,2.5375799993813094e-03,1.2472865855325827e-03,2.8297589896423349e-04
31,1.7645520139999555e-02,2.0004044184640333e-03,3.7673135955477353e-03,4.2110854027225765e-03,3.6547648224470974e-03,2.4938640939171520e-03,1.2357016954948382e-03,2.8238611140612351e-04
32,1.7197952888308499e-02,1.9409728168349183e-03,3.6545794732524214e-03,4.0895716199251791e-03,3.5632093175713775e-03,2.4471877812700634e-03,1.2214345248932493e-03,2.8099735456128740e-04
33,1.6748125104211531e-02,1.8820380682177602e-03,3.5433239132615030e-03,3.9695677586280096e-03,3.4712529773023521e-03,2.3981476232773549e-03,1.2048846757941132e-03,2.7891008773043831e-04
34,1.6298458234211714e-02,1.8238694959681228e-03,3.4339174103355380e-03,3.8514228033153654e-03,3.3793530994168535e-03,2.3472659558536331e-03,1.1864125148358267e-03,2.7621695448637468e-04
35,1.5850960297471215e-02,1.7666759441735418e-03,3.3266433696144382e-03,3.7354079858999412e-03,3.2878906957520687e-03,2.2949985452558456e-03,1.1663410824000642e-03,2.7300267437531687e-04
36,1.5407287288883353e-02,1.7106166018315194e-03,3.2217138862145034e-03,3.6217306235979191e-03,3.1971818800450346e-03,2.2417417133705356e-03,1.1449584181346694e-03,2.6934416568917400e-04
37,1.4968795806807822e-02,1.6558100348403177e-03,3.1192828460328880e-03,3.5105455460515841e-03,3.1074875409551196e-03,2.1878388946263649e-03,1.1225201146625825e-03,2.6531082963896261e-04
38,1.4536588101413795e-02,1.6023417013699018e-03,3.0194567836612151e-03,3.4019645337534004e-03,3.0190215620495395e-03,2.1335866171911101e-03,1.0992519616159161e-03,2.6096494177271253e-04
39,1.4111550595970466e-02,1.5502701894338385e-03,2.9223038666967589e-03,3.2960641161693042e-03,2.9319578119263636e-03,2.0792399211357962e-03,1.0753525813914373e-03,2.5636210921696782e-04
40,1.3694386799991663e-02,1.4996323816939053e-03,2.8278613178988965e-03,3.1928920167143488e-03,2.8464360937291411e-03,2.0250172390662772e-03,1.0509959882756097e-03,2.5155176261348379e-04
41,1.3285645412112726e-02,1.4504477222777100e-03,2.7361415369515588e-03,3.0924724810556950e-03,2.7625672139923087e-03,1.9711047724074145e-03,1.0263340256026054e-03,2.4657765982543539e-04
42,1.2885744302569526e-02,1.4027217337921585e-03,2.6471371412402529e-03,2.9948106834189027e-03,2.6804373057043801e-03,1.9176604005938945e-03,1.0014986528794117e-03,2.4147838494052604e-04
43,1.2494990969853032e-02,1.3564489096293442e-03,2.5608251091590400e-03,2.8998963711692255e-03,2.6001115192296094e-03,1.8648171619816086e-03,9.7660406757283671e-04,2.3628783111136930e-04
44,1.2113599982721233e-02,1.3116150868102783e-03,2.4771701791749747e-03,2.8077068796568184e-03,2.5216371768025502e-03,1.8126863451491185e-03,9.5174865550958117e-04,2.3103565961791136e-04
45,1.1741707846217838e-02,1.2681993876623510e-03,2.3961276324039799e-03,2.7182096260783980e-03,2.4450464712350334e-03,1.7613602279921369e-03,9.2701677040152883e-04,2.2574773044440943e-04
46,1.1379385667548645e-02,1.2261758042324156e-03,2.3176455650828474e-03,2.6313641720203842e-03,2.3703587768232419e-03,1.7109145000432455e-03,9.0248034751769983e-04,2.2044650182881012e-04
47,1.1026649943484955e-02,1.1855144871652130e-03,2.2416667394320930e-03,2.5471239286663345e-03,2.2975826298348460e-03,1.6614104010718785e-03,8.7820035948922689e-04,2.1515139782536094e-04
48,1.0683471744343415e-02,1.1461827905181936e-03,2.1681300864518482e-03,2.4654375657613293e-03,2.2267174270643791e-03,1.6128966064449589e-03,8.5422812405053011e-04,2.0987914405217571e-04
49,1.0349784529563181e-02,1.1081461153615827e-03,2.0969719217121857e-03,2.3862501748245224e-03,2.1577548834892956e-03,1.5654108871009729e-03,8.3060647449559267e-04,2.0464407257902767e-04
50,1.0025490795589677e-02,1.0713685877821811e-03,2.0281269247935333e-03,2.3095042283753655e-03,2.0906802838026465e-03,1.5189815694069114e-03,8.0737080399871414e-04,1.9945839743032407e-04
51,9.7104677274027357e-03,1.0358136008579593e-03,1.9615289243653496e-03,2.2351403697513702e-03,2.0254735573426246e-03,1.4736288176915749e-03,7.8454999489395438e-04,1.9433246249990157e-04
52,9.4045719999104795e-03,1.0014442451141755e-03,1.8971115236779642e-03,2.1630980621693014e-03,1.9621102015183562e-03,1.4293657599189046e-03,7.6216724366224827e-04,1.8927496384952940e-04
53,9.1076438539711112e-03,9.6822364775319748e-04,1.8348085952439332e-03,2.0933161207914528e-03,1.9005620751071746e-03,1.3861994748024429e-03,7.4024079184108237e-04,1.8429314843182844e-04
54,8.8195105534821742e-03,9.3611523743527192e-04,1.7745546685005054e-03,2.0257331475193379e-03,1.8407980796563302e-03,1.3441318566758324e-03,7.1878457242342017e-04,1.7939299127147721e-04
55,8.5399893143408932e-03,9.0508294846250903e-04,1.7162852301053268e-03,1.9602878848975175e-03,1.7827847445663113e-03,1.3031603726250912e-03,6.9780878060459004e-04,1.7457935307954684e-04
56,8.2688897827409100e-03,8.7509137578708270e-04,1.6599369530822326e-03,1.8969195027465908e-03,1.7264867291844417e-03,1.2632787247513356e-03,6.7732037700695097e-04,1.6985612018227539e-04
57,8.0060161288961450e-03,8.4610589024611748e-04,1.6054478681850270e-03,1.8355678288551366e-03,1.6718672533304292e-03,1.2244774289592235e-03,6.5732353078945104e-04,1.6522632853075998e-04
58,7.7511688125841745e-03,8.1809272175165700e-04,1.5527574884860347e-03,1.7761735331624350e-03,1.6188884660553583e-03,1.1867443203460880e-03,6.3782000935097875e-04,1.6069227343162200e-04
59,7.5041460686336506e-03,7.9101901677730612e-04,1.5018068962407169e-03,1.7186782732888457e-03,1.5675117610567137e-03,1.1500649940878707e-03,6.1880952067449278e-04,1.5625560650770436e-04
60,7.2647451534321060e-03,7.6485287533556261e-04,1.4525387994613176e-03,1.6630248079626557e-03,1.5176980459965250e-03,1.1144231896685194e-03,6.0029001374026681e-04,1.5191742126725982e-04
61,7.0327633875220084e-03,7.3956337169135287e-04,1.4048975642941795e-03,1.6091570838048731e-03,1.4694079719659128e-03,1.0798011253676375e-03,5.8225794186475522e-04,1.4767832853329737e-04
62,6.8079990242304609e-03,7.1512056227425664e-04,1.3588292281895252e-03,1.5570203000288998e-03,1.4226021284807905e-03,1.0461797890953435e-03,5.6470849329763281e-04,1.4353852286401326e-04
63,6.5902519699102902e-03,6.9149548360630526e-04,1.3142814979395542e-03,1.5065609548588681e-03,1.3772412086580255e-03,1.0135391909327598e-03,5.4763579293285510e-04,1.3949784098192254e-04
64,6.3793243776454553e-03,6.6866014253064512e-04,1.2712037359076691e-03,1.4577268768429313e-03,1.3332861485904628e-03,9.8185858209120635e-04,5.3103307855837029e-04,1.3555581312417041e-04
65,6.1750211330966987e-03,6.4658750058928282e-04,1.2295469371512184e-03,1.4104672437145554e-03,1.2906982443971497e-03,9.5111664443378510e-04,5.1489285468088214e-04,1.3171170812982514e-04
66,5.9771502484525958e-03,6.2525145403929635e-04,1.1892636996294610e-03,1.3647325910182647e-03,1.2494392499588028e-03,9.2129165420115871e-04,4.9920702661390855e-04,1.2796457299170288e-04
67,5.7855231781378420e-03,6.0462681070281969e-04,1.1503081892686767e-03,1.3204748123517669e-03,1.2094714579468692e-03,8.9236162314131225e-04,4.8396701720620149e-04,1.2431326752019493e-04
68,5.5999550679556318e-03,5.8468926460551989e-04,1.1126361013117185e-03,1.2776471527717952e-03,1.1707577664080689e-03,8.6430441985406046e-04,4.6916386831021131e-04,1.2075649469425834e-04
69,5.4202649476544221e-03,5.6541536916185754e-04,1.0762046190967991e-03,1.2362041966564072e-03,1.1332617328671708e-03,8.3709787381885579e-04,4.5478832884361984e-04,1.1729282720971095e-04
70,5.2462758754683921e-03,5.4678250950541604e-04,1.0409723711790999e-03,1.1961018511034639e-03,1.0969476176521142e-03,8.1071986427356515e-04,4.4083093107802958e-04,1.1392073067670371e-04
71,5.0778150419496168e-03,5.2876887443254882e-04,1.0068993875199325e-03,1.1572973257667981e-03,1.0617804179218269e-03,7.8514839584741718e-04,4.2728205659491085e-04,1.1063858386618155e-04
72,4.9147138393568577e-03,5.1135342832222749e-04,9.7394705531420392e-04,1.1197491098822938e-03,1.0277258936832112e-03,7.6036166261892889e-04,4.1413199317725120e-04,1.0744469635874113e-04
73,4.7568079019654702e-03,4.9451588330984893e-04,9.4207807490170360e-04,1.0834169471110925e-03,9.9475058691570828e-04,7.3633810206545321e-04,4.0137098375364361e-04,1.0433732390802074e-04
74,4.6039371218920795e-03,4.7823667192424459e-04,9.1125641610614156e-04,1.0482618087223491e-03,9.6282183477599441e-04,7.1305644019164442e-04,3.8898926837759083e-04,1.0131468179411441e-04
75,4.4559456443679576e-03,4.6249692034220106e-04,8.8144727526368429e-04,1.0142458655501209e-03,9.3190777772869031e-04,6.9049572896661641e-04,3.7697712010662855e-04,9.8374956410016400e-05
76,4.3126818458299127e-03,4.4727842237097918e-04,8.5261703313650001e-04,9.8133245908532110e-04,9.0197736333887319e-04,6.6863537706121721e-04,3.6532487554167956e-04,9.5516315295342364e-05
77,4.1739982977131882e-03,4.3256361423453738e-04,8.2473321385363632e-04,9.4948607200186740e-04,8.7300034636642564e-04,6.4745517475533988e-04,3.5402296069524618e-04,9.2736915806135653e-05
78,4.0397517184158306e-03,4.1833555021175852e-04,7.9776444497904110e-04,9.1867229836434499e-04,8.4494728571892462e-04,6.2693531377847034e-04,3.4306191277619792e-04,9.0034912587093010e-05
79,3.9098029155478567e-03,4.0457787915353479e-04,7.7168041877274712e-04,8.8885781372099635e-04,8.1778953874719711e-04,6.0705640275295276e-04,3.3243239840772707e-04,8.7408463992700802e-05
80,3.7840167202731374e-03,3.9127482188896324e-04,7.4645185468453818e-04,8.6001034524938369e-04,7.9149925330445313e-04,5.8779947882713535e-04,3.2212522873240025e-04,8.4855737586263835e-05
81,3.6622619152896501e-03,3.7841114951819041e-04,7.2205046309850032e-04,8.3209864209145257e-04,7.6604935793477805e-04,5.6914601601324930e-04,3.1213137180310832e-04,8.2374914830370862e-05
82,3.5444111577685768e-03,3.6597216257986943e-04,6.9844891033060902e-04,8.0509244598906239e-04,7.4141355050871285e-04,5.5107793068136788e-04,3.0244196261022414e-04,7.9964195068730736e-05
83,3.4303408983793440e-03,3.5394367107411420e-04,6.7562078486904686e-04,7.7896246230952314e-04,7.1756628558171495e-04,5.3357758460499910e-04,2.9304831105262302e-04,7.7621798887322717e-05
84,3.3199312973614227e-03,3.4231197531675746e-04,6.5354056483752569e-04,7.5368033153264233e-04,6.9448276071469952e-04,5.1662778590485332e-04,2.8394190812270259e-04,7.5345970932241918e-05
85,3.2130661384608765e-03,3.3106384759721159e-04,6.3218358665491933e-04,7.2921860125568718e-04,6.7213890196392376e-04,5.0021178819426785e-04,2.7511443054254858e-04,7.3134982252318160e-05
86,3.1096327414267886e-03,3.2018651460997125e-04,6.1152601485948976e-04,7.0555069876002032e-04,6.5051134871959052e-04,4.8431328819194280e-04,2.6655774405937710e-04,7.0987132226397261e-05
87,3.0095218736570627e-03,3.0966764062849520e-04,5.9154481306252762e-04,6.8265090417261474e-04,6.2957743804819047e-04,4.6891642203440199e-04,2.5826390558287058e-04,6.8900750127961829e-05
88,2.9126276614922187e-03,2.9949531138965429e-04,5.7221771599398207e-04,6.6049432424682966e-04,6.0931518867234850e-04,4.5400576049139235e-04,2.5022516432458982e-04,6.6874196373422145e-05
89,2.8188475015776837e-03,2.8965801865695032e-04,5.5352320260137577e-04,6.3905686677949089e-04,5.8970328470335867e-04,4.3956630326177416e-04,2.4243396207991475e-04,6.4905863494819609e-05
90,2.7280819726478076e-03,2.8014464543114822e-04,5.3544047016276569e-04,6.1831521567520689e-04,5.7072105922538604e-04,4.2558347250491377e-04,2.3488293277561982e-04,6.2994176872767125e-05
91,2.6402347480270461e-03,2.7094445177772250e-04,5.1794940937454411e-04,5.9824680666379455e-04,5.5234847781614595e-04,4.1204310574278189e-04,2.2756490139093445e-04,6.1137595261122275e-05
92,2.5552125090940194e-03,2.6204706124149187e-04,5.0103058037534942e-04,5.7882980367249476e-04,5.3456612207651707e-04,3.9893144825056253e-04,2.2047288234652583e-04,5.9334611131077843e-05
93,2.4729248599114030e-03,2.5344244781994529e-04,4.8466518966814307e-04,5.6004307585122263e-04,5.1735517323075412e-04,3.8623514503829091e-04,2.1360007744404634e-04,5.7583750859000770e-05
94,2.3932842431878746e-03,2.4512092346798571e-04,4.6883506790353801e-04,5.4186617524626369e-04,5.0069739584955629e-04,3.7394123251261580e-04,2.0693987342851734e-04,5.5883574779397628e-05
95,2.3162058577067953e-03,2.3707312610809342e-04,4.5352264848864813e-04,5.2427931511553566e-04,4.8457512174004079e-04,3.6203712989599099e-04,2.0048583923670043e-04,5.4232677121785662e-05
96,2.2416075773292218e-03,2.2929000812120555e-04,4.3871094698702258e-04,5.0726334887667450e-04,4.6897123403951725e-04,3.5051063047024887e-04,1.9423172298659293e-04,5.2629685847960063e-05
97,2.1694098716556272e-03,2.2176282529490189e-04,4.2438354127658591e-04,4.9079974967771779e-04,4.5386915154373283e-04,3.3934989270242269e-04,1.8817144875613240e-04,5.1073262404133690e-05
98,2.0995357284108178e-03,2.1448312620674824e-04,4.1052455243389041e-04,4.7487059057898037e-04,4.3925281329483399e-04,3.2854343130271169e-04,1.8229911319300127e-04,4.9562101400651612e-05
99,2.0319105775995321e-03,2.0744274202188346e-04,3.9711862631437744e-04,4.5945852533380764e-04,4.2510666344958029e-04,3.1808010825748603e-04,1.7660898199197604e-04,4.8094930230421234e-05
100,1.9664622174656765e-03,2.0063377668511439e-04,3.8415091579971903e-04,4.4454676975519473e-04,4.1141563644425222e-04,3.0794912387409546e-04,1.7109548627147758e-04,4.6670508635823257e-05
101,1.9031207422757713e-03,1.9404859748891595e-04,3.7160706368465416e-04,4.3011908365475101e-04,3.9816514246914550e-04,2.9814000786886980e-04,1.6575321887677677e-04,4.5287628232658280e-05
102,1.8418184719366654e-03,1.8767982599980428e-04,3.5947318617704087e-04,4.1615975334013104e-04,3.8534105326247059e-04,2.8864261052498916e-04,1.6057693063361206e-04,4.3945111998617242e-05
103,1.7824898834486514e-03,1.8152032932656958e-04,3.4773585698610041e-04,4.0265357465682700e-04,3.7292968823081883e-04,2.7944709394277727e-04,1.5556152657273330e-04,4.2641813732824931e-05
104,1.7250715441875820e-03,1.7556321171480793e-04,3.3638209197503396e-04,3.8958583656009292e-04,3.6091780090106486e-04,2.7054392340136670e-04,1.5070206214303628e-04,4.1376617492179180e-05
105,1.6695020470032418e-03,1.6980180645309324e-04,3.2539933435534498e-04,3.7694230520274124e-04,3.4929256570659958e-04,2.6192385884752875e-04,1.4599373942845366e-04,4.0148437009480235e-05
106,1.6157219471159363e-03,1.6422966807697094e-04,3.1477544040129404e-04,3.6470920852458731e-04,3.3804156510909810e-04,2.5357794652470866e-04,1.4143190338157351e-04,3.8956215097703725e-05
107,1.5636737007888319e-03,1.5884056485774388e-04,3.0449866566394990e-04,3.5287322132942031e-04,3.2715277705557309e-04,2.4549751075290320e-04,1.3701203808503518e-04,3.7798923044206302e-05
108,1.5133016057499533e-03,1.5362847156375633e-04,2.9455765166528747e-04,3.4142145083552875e-04,3.1661456276923426e-04,2.3767414586792495e-04,1.3272976305006546e-04,3.6675559998156276e-05
109,1.4645517433347606e-03,1.4858756248256979e-04,2.8494141305371171e-04,3.3034142268599260e-04,3.0641565487162198e-04,2.3009970832677570e-04,1.2858082956004435e-04,3.5585152354044249e-05
110,1.4173719223178195e-03,1.4371220469306330e-04,2.7563932520326573e-04,3.1962106740518074e-04,2.9654514583260137e-04,2.2276630898426840e-04,1.2456111706569611e-04,3.4526753133743833e-05
111,1.3717116244001857e-03,1.3899695157708997e-04,2.6664111223960999e-04,3.0924870728813347e-04,2.8699247674405929e-04,2.1566630554466489e-04,1.2066662963737399e-04,3.3499441369254044e-05
112,1.3275219513176114e-03,1.3443653656087541e-04,2.5793683547664295e-04,2.9921304370977749e-04,2.7774742641253035e-04,2.0879229519090860e-04,1.1689349247891945e-04,3.2502321487957073e-05
113,1.2847555735335931e-03,1.3002586707686379e-04,2.4951688224836949e-04,2.8950314484120401e-04,2.6880010076546902e-04,2.0213710739300575e-04,1.1323794850671746e-04,3.1534522701963418e-05
114,1.2433666804804451e-03,1.2576001873719980e-04,2.4137195512131981e-04,2.8010843376052830e-04,2.6014092256546804e-04,1.9569379689622510e-04,1.0969635499681818e-04,3.0595198402885844e-05
115,1.2033109323110636e-03,1.2163422971048433e-04,2.3349306147347701e-04,2.7101867694615233e-04,2.5176062142639544e-04,1.8945563688902881e-04,1.0626518030234386e-04,2.9683525563181795e-05
116,1.1645454131237242e-03,1.1764389529386301e-04,2.2587150342628996e-04,2.6222397314055828e-04,2.4365022412515660e-04,1.8341611234999771e-04,1.0294100064283269e-04,2.8798704145025983e-05
117,1.1270285856221484e-03,1.1378456267289883e-04,2.1849886811693128e-04,2.5371474257306428e-04,2.3580104520259194e-04,1.7756891357246330e-04,9.9720496966679764e-05,2.7939956517519173e-05
118,1.0907202471731234e-03,1.1005192586204462e-04,2.1136701829851256e-04,2.4548171653028907e-04,2.2820467784687482e-04,1.7190792986508988e-04,9.6600451887409982e-05,2.7106526882902428e-05
119,1.0555814872241476e-03,1.0644182081887631e-04,2.0446808325648791e-04,2.3751592726337518e-04,2.2085298505267312e-04,1.6642724342625747e-04,9.3577746694151296e-05,2.6297680712326400e-05
120,1.0215746460438958e-03,1.0295022072556632e-04,1.9779445002997048e-04,2.2980869822133084e-04,2.1373809104928171e-04,1.6112112338976601e-04,9.0649358436360134e-05,2.5512704191620189e-05
121,9.8866327474868786e-04,9.9573231431377213e-05,1.9133875492715084e-04,2.2235163460015140e-04,2.0685237299090465e-04,1.5598402003910982e-04,8.7812357082580985e-05,2.4750903677412792e-05
122,9.5681209657865862e-04,9.6307087050237893e-05,1.8509387532444788e-04,2.1513661419768256e-04,2.0018845290227397e-04,1.5101055918734672e-04,8.5063902752789645e-05,2.4011605163879895e-05
123,9.2598696938786735e-04,9.3148145707728337e-05,1.7905292173944003e-04,2.0815577856448143e-04,1.9373918987281740e-04,1.4619553671940715e-04,8.2401243023674033e-05,2.3294153760318948e-05
124,8.9615484931321039e-04,9.0092885432047063e-05,1.7320923016802110e-04,2.0140152444122187e-04,1.8749767249264117e-04,1.4153391329354528e-04,7.9821710306039403e-05,2.2597913179694501e-05
125,8.6728375558765825e-04,8.7137900183770301e-05,1.6755635467660050e-04,1.9486649547347375e-04,1.8145721152366143e-04,1.3702080919852401e-04,7.7322719293385273e-05,2.1922265238243005e-05
126,8.3934273646403296e-04,8.4279896019431270e-05,1.6208806024052528e-04,1.8854357419496507e-04,1.7561133279930122e-04,1.3265149936304493e-04,7.4901764480584963e-05,2.1266609366180206e-05
127,8.1230183621626352e-04,8.1515687384155626e-05,1.5679831582024120e-04,1.8242587427070661e-04,1.6995377034626736e-04,1.2842140851387527e-04,7.2556417751502825e-05,2.0630362129514588e-05
128,7.8613206318580342e-04,7.8842193528786477e-05,1.5168128766703291e-04,1.7650673299162399e-04,1.6447845972202796e-04,1.2432610647909062e-04,7.0284326034305395e-05,2.0012956762936124e-05
129,7.6080535884164870e-04,7.6256435047116465e-05,1.4673133285049141e-04,1.7077970401260272e-04,1.5917953156172594e-04,1.2036130363283155e-04,6.8083209023160656e-05,1.9413842713719870e-05
130,7.3629456782316216e-04,7.3755530529021499e-05,1.4194299300015098e-04,1.6523855032610080e-04,1.5405130532838710e-04,1.1652284647797287e-04,6.5950856964969992e-05,1.8832485196558876e-05
131,7.1257340893568705e-04,7.1336693325455583e-05,1.3731098825401717e-04,1.5987723746373233e-04,1.4908828326040810e-04,1.1280671336311426e-04,6.3885128509740395e-05,1.8268364759219237e-05
132,6.8961644706969744e-04,6.8997228421426051e-05,1.3283021140697544e-04,1.5468992691846173e-04,1.4428514451044090e-04,1.0920901033032482e-04,6.1883948623176813e-05,1.7720976858891696e-05
133,6.6739906601501328e-04,6.6734529413216921e-05,1.2849572225232566e-04,1.4967096978028174e-04,1.3963673946992638e-04,1.0572596709010655e-04,5.9945306560056992e-05,1.7189831449099018e-05
134,6.4589744214236882e-04,6.4546075586271442e-05,1.2430274210993185e-04,1.4481490057847396e-04,1.3513808427366357e-04,1.0235393312008295e-04,5.8067253896939773e-05,1.6674452577005261e-05
135,6.2508851892538713e-04,6.2429429090281015e-05,1.2024664853471057e-04,1.4011643132376902e-04,1.3078435547894248e-04,9.9089373883967107e-05,5.6247902622754601e-05,1.6174377990962421e-05
136,6.0494998227676137e-04,6.0382232208156429e-05,1.1632297019940568e-04,1.3557044574393691e-04,1.2657088491390358e-04,9.5928867167416522e-05,5.4485423285820997e-05,1.5689158758121305e-05
137,5.8546023667318734e-04,5.8402204715681311e-05,1.1252738194581183e-04,1.3117199370654464e-04,1.2249315468992756e-04,9.2869099527441879e-05,5.2778043195853810e-05,1.5218358891926264e-05
138,5.6659838204431846e-04,5.6487141328764775e-05,1.0885569999881446e-04,1.2691628582281746e-04,1.1854679237299594e-04,8.9906862852096985e-05,5.1124044679520717e-05,1.4761554989308023e-05
139,5.4834419140173418e-04,5.4634909235323939e-05,1.0530387733781258e-04,1.2279868822673569e-04,1.1472756630910009e-04,8.7039051027244893e-05,4.9521763388132461e-05,1.4318335877384571e-05
140,5.3067808918461122e-04,5.2843445708933352e-05,1.0186799922027909e-04,1.1881471752368599e-04,1.1103138109891152e-04,8.4262656707260526e-05,4.7969586656063871e-05,1.3888302269476894e-05
141,5.1358113029947828e-04,5.1110755801482289e-05,9.8544278852396737e-05,1.1496003590316980e-04,1.0745427321706043e-04,8.1574768186601368e-05,4.6465951908523275e-05,1.3471066430244384e-05
142,4.9703497983210959e-04,4.9434910112178818e-05,9.5329053201881873e-05,1.1123044641024752e-04,1.0399240677150116e-04,7.8972566369247212e-05,4.5009345117309719e-05,1.3066251849743322e-05
143,4.8102189341026833e-04,4.7814042630334728e-05,9.2218778948277127e-05,1.0762188837056875e-04,1.0064206939857275e-04,7.6453321833082544e-05,4.3598299303220912e-05,1.2673492926211534e-05
144,4.6552469819665493e-04,4.6246348649455210e-05,8.9210028566155471e-05,1.0413043296400541e-04,9.7399668289490445e-05,7.4014391986366190e-05,4.2231393083799922e-05,1.2292434657382324e-05
145,4.5052677449204420e-04,4.4730082750244957e-05,8.6299486536834592e-05,1.0075227894206450e-04,9.4261726344128992e-05,7.1653218313505484e-05,4.0907249265134066e-05,1.1922732340131622e-05
146,4.3601203792920313e-04,4.3263556850225126e-05,8.3483945684349541e-05,9.7483748484413814e-05,9.1224878448080098e-05,6.9367323707424311e-05,3.9624533476446895e-05,1.1564051278263387e-05
147,4.2196492223878197e-04,4.1845138317736364e-05,8.0760303631576973e-05,9.4321283190004453e-05,8.8285867869087494e-05,6.7154309885885440e-05,3.8381952846251273e-05,1.1216066498240022e-05
148,4.0837036256894521e-04,4.0473248148179641e-05,7.8125559372542401e-05,9.1261440198419876e-05,8.5441542769078676e-05,6.5011854889198824e-05,3.7178254718859288e-05,1.0878462472666455e-05
149,3.9521377934107827e-04,3.9146359200421138e-05,7.5576809957076692e-05,8.8300888437223087e-05,8.2688852828127242e-05,6.2937710656817841e-05,3.6012225410073440e-05,1.0550932851338827e-05
150,3.8248106262445374e-04,3.7862994491358510e-05,7.3111247284116834e-05,8.5436404991210286e-05,8.0024845976791134e-05,6.0929700680394360e-05,3.4882689000911232e-05,1.0233180199671311e-05
151,3.7015855701326992e-04,3.6621725546714411e-05,7.0726155000070545e-05,8.2664871589611255e-05,7.7446665233380375e-05,5.8985717730931950e-05,3.3788506168244196e-05,9.9249157443172104e-06
152,3.5823304699000158e-04,3.5421170806189354e-05,6.8418905498784455e-05,7.9983271207406355e-05,7.4951545642813953e-05,5.7103721657743754e-05,3.2728573051260255e-05,9.6258591258035152e-06
153,3.4669174275949648e-04,3.4259994081169308e-05,6.6186957019771312e-05,7.7388684777052850e-05,7.2536811313828306e-05,5.5281737256987009e-05,3.1701820152686616e-05,9.3357381580010571e-06
154,3.3552226653874842e-04,3.3136903063245042e-05,6.4027850841463815e-05,7.4878288007034464e-05,7.0199872551399999e-05,5.3517852207611150e-05,3.0707211273738294e-05,9.0542885942556386e-06
155,3.2471263928774812e-04,3.2050647881858852e-05,6.1939208566369651e-05,7.2449348303763595e-05,6.7938223081343084e-05,5.1810215072619443e-05,2.9743742481784730e-05,8.7812539000087238e-06
156,3.1425126786727376e-04,3.1000019709451486e-05,5.9918729495107738e-05,7.0099221793478936e-05,6.5749437364135600e-05,5.0157033363606014e-05,2.8810441109754345e-05,8.5163850317396333e-06
157,3.0412693260993247e-04,2.9983849412536907e-05,5.7964188086404628e-05,6.7825350440889925e-05,6.3631167995122290e-05,4.8556571666590517e-05,2.7906364786323598e-05,8.2594402220645681e-06
158,2.9432877529119437e-04,2.9001006247185304e-05,5.6073431500228299e-05,6.5625259261424391e-05,6.1581143188329932e-05,4.7007149827231770e-05,2.7030600495963498e-05,8.0101847708311896e-06
159,2.8484628748758506e-04,2.8050396597445820e-05,5.4244377221329474e-05,6.3496553624038841e-05,5.9597164341218509e-05,4.5507141193559214e-05,2.6182263667942319e-05,7.7683908420509122e-06
160,2.7566929930960567e-04,2.7130962755289902e-05,5.2475010760551401e-05,6.1436916641648611e-05,5.7677103677775238e-05,4.4054970914417219e-05,2.5360497293408805e-05,7.5338372665145090e-06
161,2.6678796849734877e-04,2.6241681740703364e-05,5.0763383431356281e-05,5.9444106646331084e-05,5.5818901967441125e-05,4.2649114291871876e-05,2.4564471069704949e-05,7.3063093499400860e-06
162,2.5819276986715941e-04,2.5381564160601383e-05,4.9107610199100960e-05,5.7515954746547793e-05,5.4020566317438393e-05,4.1288095185883306e-05,2.3793380571081712e-05,7.0855986865058634e-06
163,2.4987448509806228e-04,2.4549653105284750e-05,4.7505867600676096e-05,5.5650362463720209e-05,5.2280168036144414e-05,3.9970484469598118e-05,2.3046446445015047e-05,6.8715029776236512e-06
164,2.4182419284703581e-04,2.3745023081198466e-05,4.5956391732201661e-05,5.3845299445580972e-05,5.0595840565232354e-05,3.8694898533667466e-05,2.2322913633342667e-05,6.6638258558122207e-06
165,2.3403325918256257e-04,2.2966778978795097e-05,4.4457476302547823e-05,5.2098801253806009e-05,4.8965777478370932e-05,3.7459997838044656e-05,2.1622050617464844e-05,6.4623767135331842e-06
166,2.2649332832622393e-04,2.2214055074345079e-05,4.3007470750524055e-05,5.0408967223513944e-05,4.7388230544346520e-05,3.6264485509764496e-05,2.0943148686874623e-05,6.2669705368552341e-06
167,2.1919631369243255e-04,2.1486014064574636e-05,4.1604778423649781e-05,4.8773958392297525e-05,4.5861507852537923e-05,3.5107105985252334e-05,2.0285521230304489e-05,6.0774277438158782e-06
168,2.1213438921671428e-04,2.0781846133049246e-05,4.0247854816489317e-05,4.7191995496528001e-05,4.4383971998740839e-05,3.3986643695756287e-05,1.9648503048797546e-05,5.8935740273530176e-06
169,2.0529998096325817e-04,2.0100768047256376e-05,3.8935205866599788e-05,4.5661357032746496e-05,4.2954038329402582e-05,3.2901921794539254e-05,1.9031449690031836e-05,5.7152402026818673e-06
170,1.9868575900275064e-04,1.9442022285376027e-05,3.7665386306205062e-05,4.4180377382027463e-05,4.1570173242389601e-05,3.1851800924510291e-05,1.8433736803246363e-05,5.5422620589958241e-06
171,1.9228462955179574e-04,1.8804876191760990e-05,3.6436998067770684e-05,4.2747444995268250e-05,4.0230892542470277e-05,3.0835178025015701e-05,1.7854759514136875e-05,5.3744802153729544e-06
172,1.8608972736550649e-04,1.8188621160181304e-05,3.5248688741715026e-05,4.1361000637425069e-05,3.8934759849753739e-05,2.9850985176550315e-05,1.7293931819108299e-05,5.2117399807727560e-06
173,1.8009440837511782e-04,1.7592571843918528e-05,3.4099150084549525e-05,4.0019535688780116e-05,3.7680385059381480e-05,2.8898188482188157e-05,1.6750685998289214e-05,5.0538912180107981e-06
174,1.7429224256273568e-04,1.7016065391825761e-05,3.2987116575797221e-05,3.8721590501386691e-05,3.6466422850823298e-05,2.7975786984569376e-05,1.6224472046731584e-05,4.9007882116017316e-06
175,1.6867700706558995e-04,1.6458460709498604e-05,3.1911364022092871e-05,3.7465752808899685e-05,3.5291571245181791e-05,2.7082811617316634e-05,1.5714757123236392e-05,4.7522895393639570e-06
176,1.6324267950240266e-04,1.5919137744730462e-05,3.0870708206920335e-05,3.6250656188056705e-05,3.4154570208960769e-05,2.6218324189789680e-05,1.5221025016262657e-05,4.6082579476820644e-06
177,1.5798343151472125e-04,1.5397496796452865e-05,2.9864003584493654e-05,3.5074978570131675e-05,3.3054200302802481e-05,2.5381416404121016e-05,1.4742775626393775e-05,4.4685602303257755e-06
178,1.5289362251629608e-04,1.4892957846388032e-05,2.8890142016337278e-05,3.3937440800737305e-05,3.1989281373746481e-05,2.4571208903508918e-05,1.4279524464851163e-05,4.3330671107268766e-06
179,1.4796779364380398e-04,1.4404959912666167e-05,2.7948051549168082e-05,3.2836805246405507e-05,3.0958671289609529e-05,2.3786850350776165e-05,1.3830802167560442e-05,4.2016531276181043e-06
180,1.4320066190243486e-04,1.3932960424684916e-05,2.7036695232727870e-05,3.1771874446425952e-05,2.9961264714130637e-05,2.3027516536234194e-05,1.3396154024290702e-05,4.0741965239405734e-06
181,1.3858711450006594e-04,1.3476434618512032e-05,2.6155069976259297e-05,3.0741489808472274e-05,2.8995991921569143e-05,2.2292409513922683e-05,1.2975139522401774e-05,3.9505791389287566e-06
182,1.3412220336395228e-04,1.3034874952155482e-05,2.5302205442360809e-05,2.9744530346593334e-05,2.8061817649485666e-05,2.1580756765323756e-05,1.2567331904748773e-05,3.8306863032844527e-06
183,1.2980113983405425e-04,1.2607790540047479e-05,2.4477162976997921e-05,2.8779911460193084e-05,2.7157739988476752e-05,2.0891810389678659e-05,1.2172317741306818e-05,3.7144067373535310e-06
184,1.2561928952731512e-04,1.2194706606110417e-05,2.3679034574488039e-05,2.7846583752667323e-05,2.6282789307673363e-05,2.0224846320062149e-05,1.1789696514092230e-05,3.6016324522215727e-06
185,1.2157216736738190e-04,1.1795163954793611e-05,2.2906941876314769e-05,2.6943531888409045e-05,2.5436027214851702e-05,1.9579163564396548e-05,1.1419080214969497e-05,3.4922586536467341e-06
186,1.1765543277444227e-04,1.1408718459489786e-05,2.2160035202665250e-05,2.6069773486935692e-05,2.4616545550041915e-05,1.8954083470613452e-05,1.1060092955945786e-05,3.3861836487503779e-06
187,1.1386488501001944e-04,1.1034940567759818e-05,2.1437492615620216e-05,2.5224358052932417e-05,2.3823465411555905e-05,1.8348949015195877e-05,1.0712370591567059e-05,3.2833087553881563e-06
188,1.1019645867173533e-04,1.0673414822812982e-05,2.0738519012961505e-05,2.4406365941044434e-05,2.3055936213390387e-05,1.7763124114358100e-05,1.0375560353041633e-05,3.1835382141262977e-06
189,1.0664621933321057e-04,1.0323739400708229e-05,2.0062345251595764e-05,2.3614907354289615e-05,2.2313134772994632e-05,1.7195992957143924e-05,1.0049320493728485e-05,3.0867791027499101e-06
190,1.0321035932442725e-04,9.9855256627595587e-06,1.9408227299625703e-05,2.2849121374999052e-05,2.1594264428425188e-05,1.6646959359746873e-05,9.7333199456388080e-06,2.9929412532320669e-06
191,9.9885193648029886e-05,9.6583977226456548e-06,1.8775445416132155e-05,2.2108175027228892e-05,2.0898554183940964e-05,1.6115446140377789e-05,9.4272379866100277e-06,2.9019371710944056e-06
192,9.6667156027185585e-05,9.3419920277402895e-06,1.8163303357760731e-05,2.1391262369621033e-05,2.0225257883122782e-05,1.5600894514026896e-05,9.1307639178220346e-06,2.8136819570918340e-06
193,9.3552795080766173e-05,9.0359569541960516e-06,1.7571127611236531e-05,2.0697603617723542e-05,1.9573653408630886e-05,1.5102763506487882e-05,8.8435967513354870e-06,2.7280932311557879e-06
194,9.0538770621750378e-05,8.7399524153292290e-06,1.6998266650959155e-05,2.0026444294813729e-05,1.8943041907742411e-05,1.4620529387031698e-05,8.5654449073419080e-06,2.6450910585322542e-06
195,8.7621850074877711e-05,8.4536494828686403e-06,1.6444090220857952e-05,1.9377054410298022e-05,1.8332747042838437e-05,1.4153685119137232e-05,8.2960259208248854e-06,2.5645978780525522e-06
196,8.4798905009711591e-05,8.1767300206455213e-06,1.5907988639714171e-05,1.8748727664792748e-05,1.7742114266037069e-05,1.3701739828704707e-05,8.0350661573408430e-06,2.4865384324765334e-06
197,8.2066907785394662e-05,7.9088863303155680e-06,1.5389372129182867e-05,1.8140780681019134e-05,1.7170510117194664e-05,1.3264218289195961e-05,7.7823005376369431e-06,2.4108397008495210e-06
198,7.9422928303498171e-05,7.6498208087176462e-06,1.4887670163772353e-05,1.7552552259673963e-05,1.6617321544522576e-05,1.2840660423163398e-05,7.5374722708322952e-06,2.3374308328159459e-06
199,7.6864130865483192e-05,7.3992456164866608e-06,1.4402330842063278e-05,1.6983402659464589e-05,1.6081955247090922e-05,1.2430620819646421e-05,7.3003325958971442e-06,2.2662430848341742e-06
200,7.4387771131403515e-05,7.1568823575507606e-06,1.3932820278472994e-05,1.6432712900523324e-05,1.5563837038514269e-05,1.2033668266930770e-05,7.0706405311728407e-06,2.1972097582385676e-06
201,7.1991193176589250e-05,6.9224617691550959e-06,1.3478622014893518e-05,1.5899884090441824e-05,1.5062411231136979e-05,1.1649385300182161e-05,6.8481626316833612e-06,2.1302661390963143e-06
202,6.9671826643154120e-05,6.6957234220662343e-06,1.3039236451553368e-05,1.5384336772190650e-05,1.4577140040057854e-05,1.1277367763481166e-05,6.6326727539968568e-06,2.0653494398079892e-06
203,6.7427183983272156e-05,6.4764154306226080e-06,1.2614180296474875e-05,1.4885510293213164e-05,1.4107503006354907e-05,1.0917224385801280e-05,6.4239518284030665e-06,2.0023987424022559e-06
204,6.5254857791267212e-05,6.2642941723074653e-06,1.2202986032919048e-05,1.4402862195005931e-05,1.3652996438891855e-05,1.0568576370486667e-05,6.2217876381797926e-06,1.9413549434764538e-06
205,6.3152518221654168e-05,6.0591240165313870e-06,1.1805201404230000e-05,1.3935867622520218e-05,1.3213132874107667e-05,1.0231056997800179e-05,6.0259746057285276e-06,1.8821607007361848e-06
206,6.1117910490362891e-05,5.8606770623217256e-06,1.1420388915510174e-05,1.3484018752740790e-05,1.2787440553209861e-05,9.9043112401258728e-06,5.8363135853661647e-06,1.8247603810882960e-06
207,5.9148852456465121e-05,5.6687328846262901e-06,1.1048125351576207e-05,1.3046824241819022e-05,1.2375462916210931e-05,9.5879953894234432e-06,5.6526116625662958e-06,1.7691000102429358e-06
208,5.7243232281810893e-05,5.4830782889482230e-06,1.0688001310663244e-05,1.2623808690157774e-05,1.1976758112265253e-05,9.2817766965448327e-06,5.4746819594499843e-06,1.7151272237815785e-06
209,5.5399006166064346e-05,5.3035070740383165e-06,1.0339620753362972e-05,1.2214512124864868e-05,1.1590898525781386e-05,8.9853330220355863e-06,5.3023434463320770e-06,1.6627912196491364e-06
210,5.3614196154710149e-05,5.1298198023800104e-06,1.0002600566297414e-05,1.1818489499011081e-05,1.1217470317801538e-05,8.6983524980555864e-06,5.1354207591351081e-06,1.6120427120294224e-06
211,5.1886888017679522e-05,4.9618235782110512e-06,9.6765701400468718e-06,1.1435310207146819e-05,1.0856072982156359e-05,8.4205332010653661e-06,4.9737440224886856e-06,1.5628338865643770e-06
212,5.0215229196320640e-05,4.7993318328341625e-06,9.3611709608660903e-06,1.1064557616549431e-05,1.0506318915919075e-05,8.1515828349354609e-06,4.8171486783378414e-06,1.5151183568785815e-06
213,4.8597426816511912e-05,4.6421641169772559e-06,9.0560562157380322e-06,1.0705828613690207e-05,1.0167833003698286e-05,7.8912184241471684e-06,4.6654753198893232e-06,1.4688511223716458e-06
214,4.7031745765787026e-05,4.4901458999715715e-06,8.7608904103293044e-06,1.0358733165426793e-05,9.8402522153236170e-06,7.6391660167635579e-06,4.5185695307300700e-06,1.4239885272421157e-06
215,4.5516506832409493e-05,4.3431083755237564e-06,8.4753489994256039e-06,1.0022893894442727e-05,9.5232252164927162e-06,7.3951603968598781e-06,4.3762817289572571e-06,1.3804882207075599e-06
216,4.4050084904401096e-05,4.2008882738652374e-06,8.1991180294393044e-06,9.6979456684714213e-06,9.2164119919621044e-06,7.1589448061122948e-06,4.2384670161642473e-06,1.3383091183864876e-06
217,4.2630907226592458e-05,4.0633276800693933e-06,7.9318937925946228e-06,9.3835352028568285e-06,8.9194834808776990e-06,6.9302706742535522e-06,4.1049850311316434e-06,1.2974113648087176e-06
218,4.1257451713826691e-05,3.9302738583338861e-06,7.6733824924087778e-06,9.0793206760177738e-06,8.6321212238539273e-06,6.7088973581133476e-06,3.9756998080772317e-06,1.2577562970217499e-06
219,3.9928245318506890e-05,3.8015790820322121e-06,7.4232999200999256e-06,8.7849713573967535e-06,8.3540170214229657e-06,6.4945918889701982e-06,3.8504796393232246e-06,1.2193064092616080e-06
220,3.8641862450736714e-05,3.6771004693449252e-06,7.1813711415648462e-06,8.5001672474878434e-06,8.0848726034877624e-06,6.2871287279503117e-06,3.7291969422435126e-06,1.1820253186575144e-06
221,3.7396923449359765e-05,3.5566998242872665e-06,6.9473301945809295e-06,8.2245987295513870e-06,7.8243993094243338e-06,6.0862895292173064e-06,3.6117281303579331e-06,1.1458777319406116e-06
222,3.6192093102257805e-05,3.4402434829559157e-06,6.7209197958983473e-06,7.9579662326359297e-06,7.5723177784902993e-06,5.8918629107048388e-06,3.4979534884446767e-06,1.1108294131277909e-06
223,3.5026079214320934e-05,3.3276021648234341e-06,6.5018910578992470e-06,7.6999799055402235e-06,7.3283576502075556e-06,5.7036442321520444e-06,3.3877570515459222e-06,1.0768471521525091e-06
224,3.3897631221553987e-05,3.2186508289145861e-06,6.2900032145113114e-06,7.4503593013599639e-06,7.0922572743978188e-06,5.5214353802093469e-06,3.2810264877456970e-06,1.0438987344152606e-06
225,3.2805538849832439e-05,3.1132685347041960e-06,6.0850233560732859e-06,7.2088330722755797e-06,6.8637634305599938e-06,5.3450445603895661e-06,3.1776529846026629e-06,1.0119529112271520e-06
226,3.1748630816869763e-05,3.0113383075814407e-06,5.8867261728599726e-06,6.9751386742484693e-06,6.6426310562884424e-06,5.1742860956464494e-06,3.0775311391242091e-06,9.8097937112077486e-07
227,3.0725773576003772e-05,2.9127470087305968e-06,5.6948937069837044e-06,6.7490220813039256e-06,6.4286229844408757e-06,5.0089802313696467e-06,2.9805588511717239e-06,9.5094871200330021e-07
228,2.9735870100454864e-05,2.8173852092831880e-06,5.5093151123986312e-06,6.5302375090894426e-06,6.2215096887739646e-06,4.8489529465918565e-06,2.8866372201903388e-06,9.2183241412744199e-07
229,2.8777858706752073e-05,2.7251470686012291e-06,5.3297864227430244e-06,6.3185471474071693e-06,6.0210690377738883e-06,4.6940357712104162e-06,2.7956704451597445e-06,8.9360281385660521e-07
230,2.7850711916065324e-05,2.6359302165558899e-06,5.1561103267635282e-06,6.1137209014291441e-06,5.8270860564177870e-06,4.5440656090318369e-06,2.7075657276659043e-06,8.6623307820123194e-07
231,2.6953435352222355e-05,2.5496356396703697e-06,4.9880959510736097e-06,5.9155361413133049e-06,5.6393526956106182e-06,4.3988845664539093e-06,2.6222331779965517e-06,8.3969718010399121e-07
232,2.6085066675228722e-05,2.4661675710000428e-06,4.8255586500065837e-06,5.7237774599475171e-06,5.4576676090501308e-06,4.2583397866059162e-06,2.5395857241664234e-06,8.1396987445210854e-07
233,2.5244674549146836e-05,2.3854333836271666e-06,4.6683198023314087e-06,5.5382364385576645e-06,5.2818359372806510e-06,4.1222832887731520e-06,2.4595390237810530e-06,7.8902667479573914e-07
234,2.4431357643227218e-05,2.3073434876514232e-06,4.5162066146070335e-06,5.3587114199244654e-06,5.1116690987040708e-06,3.9905718129375276e-06,2.3820113786508040e-06,7.6484383075189424e-07
235,2.3644243665220670e-05,2.2318112305614984e-06,4.3690519309584179e-06,5.1850072889619233e-06,4.9469845873239040e-06,3.8630666692713534e-06,2.3069236520695572e-06,7.4139830607401459e-07
236,2.2882488425834475e-05,2.1587528008766637e-06,4.2266940490643919e-06,5.0169352604183883e-06,4.7876057770054776e-06,3.7396335924266031e-06,2.2341991886751011e-06,7.1866775736784802e-07
237,2.2145274933329418e-05,2.0880871349509703e-06,4.0889765421544488e-06,4.8543126734689589e-06,4.6333617320423492e-06,3.6201426004669534e-06,2.1637637368108902e-06,6.9663051343484625e-07
238,2.1431812517286409e-05,2.0197358268362079e-06,3.9557480868181214e-06,4.6969627929754396e-06,4.4840870238257555e-06,3.5044678582947803e-06,2.0955453733112789e-06,6.7526555522482733e-07
239,2.0741335980603073e-05,1.9536230411031744e-06,3.8268622964370836e-06,4.5447146171973772e-06,4.3396215534204863e-06,3.3924875454299710e-06,2.0294744306348025e-06,6.5455249638017623e-07
240,2.0073104778810695e-05,1.8896754285241149e-06,3.7021775600562602e-06,4.3974026917447098e-06,4.1998103798568912e-06,3.2840837280019819e-06,1.9654834262723794e-06,6.3447156435435708e-07
241,1.9426402225831479e-05,1.8278220445223839e-06,3.5815568865162816e-06,4.2548669295693547e-06,4.0645035539548571e-06,3.1791422348209743e-06,1.9035069943596125e-06,6.1500358208801192e-07
242,1.8800534725324105e-05,1.7679942702984567e-06,3.4648677536753850e-06,4.1169524367996673e-06,3.9335559575015368e-06,3.0775525373981301e-06,1.8434818194245348e-06,5.9612995022639233e-07
243,1.8194831026793386e-05,1.7101257365444106e-06,3.3519819625545307e-06,3.9835093442280688e-06,3.8068271476103457e-06,2.9792076337893897e-06,1.7853465722043057e-06,5.7783262986233744e-07
244,1.7608641505666040e-05,1.6541522496618890e-06,3.2427754962448803e-06,3.8543926442682722e-06,3.6841812060942896e-06,2.8840039361408410e-06,1.7290418474664015e-06,5.6009412578947104e-07
245,1.7041337466560537e-05,1.6000117204013415e-06,3.1371283834220860e-06,3.7294620332045405e-06,3.5654865936920924e-06,2.7918411618178842e-06,1.6745101037718725e-06,5.4289747025071990e-07
246,1.6492310469003727e-05,1.5476440948430386e-06,3.0349245663168974e-06,3.6085817585611514e-06,3.4506160089907695e-06,2.7026222280040267e-06,1.6216956051201530e-06,5.2622620716769127e-07
247,1.5960971674871145e-05,1.4969912876429830e-06,2.9360517729965246e-06,3.4916204714258187e-06,3.3394462518933351e-06,2.6162531496588168e-06,1.5705443644168086e-06,5.1006437683685971e-07
248,1.5446751216851011e-05,1.4479971174693369e-06,2.8404013938159356e-06,3.3784510835662496e-06,3.2318580914852284e-06,2.5326429407279198e-06,1.5210040887074196e-06,4.9439650107891784e-07
249,1.4949097587254653e-05,1.4006072445574639e-06,2.7478683619028989e-06,3.2689506291842046e-06,3.1277361381577253e-06,2.4517035185017646e-06,1.4730241261225576e-06,4.7920756882803827e-07
250,1.4467477046517896e-05,1.3547691103140143e-06,2.6583510375449975e-06,3.1630001311565061e-06,3.0269687198511945e-06,2.3733496110224704e-06,1.4265554144805388e-06,4.6448302214817438e-07
251,1.4001373050758906e-05,1.3104318789027893e-06,2.5717510963511690e-06,3.0604844716173234e-06,2.9294477622854794e-06,2.2974986674419665e-06,1.3815504314962767e-06,4.5020874266390177e-07
252,1.3550285697778653e-05,1.2675463807473196e-06,2.4879734210644912e-06,2.9612922667407862e-06,2.8350686730489241e-06,2.2240707712373009e-06,1.3379631465461745e-06,4.3637103839365628e-07
253,1.3113731190909752e-05,1.2260650578872285e-06,2.4069259969069407e-06,2.8653157455875653e-06,2.7437302294217584e-06,2.1529885561921269e-06,1.2957489739405501e-06,4.2295663097358197e-07
254,1.2691241320138696e-05,1.1859419111275289e-06,2.3285198103407841e-06,2.7724506328834878e-06,2.6553344698135080e-06,2.0841771250562563e-06,1.2548647276565944e-06,4.0995264326053701e-07
255,1.2282362959944950e-05,1.1471324489219890e-06,2.2526687511349919e-06,2.6825960356025234e-06,2.5697865886980089e-06,2.0175639707979748e-06,1.2152685774863240e-06,3.9734658730313764e-07
256,1.1886657583318341e-05,1.1095936379336417e-06,2.1792895176287411e-06,2.5956543332306537e-06,2.4869948349333356e-06,1.9530789003665185e-06,1.1769200065554063e-06,3.8512635267004389e-07
257,1.1503700791433540e-05,1.0732838552173816e-06,2.1083015250875893e-06,2.5115310715911106e-06,2.4068704133575918e-06,1.8906539608847588e-06,1.1397797701701092e-06,3.7328019512499859e-07
258,1.1133081858477174e-05,1.0381628419714033e-06,2.0396268170513057e-06,2.4301348601153782e-06,2.3293273895550302e-06,1.8302233681946678e-06,1.1038098559509497e-06,3.6179672563843896e-07
259,1.0774403291139423e-05,1.0041916588059782e-06,1.9731899795756662e-06,2.3513772724481001e-06,2.2542825976903505e-06,1.7717234376806199e-06,1.0689734452129170e-06,3.5066489972579069e-07
260,1.0427280402297622e-05,9.7133264247976534e-07,1.9089180582736921e-06,2.2751727502776552e-06,2.1816555513123345e-06,1.7150925172979559e-06,1.0352348755533749e-06,3.3987400710284406e-07
261,1.0091340898434663e-05,9.3954936405548319e-07,1.8467404780649055e-06,2.2014385102876943e-06,2.1113683570311544e-06,1.6602709227365559e-06,1.0025596046099825e-06,3.2941366164888788e-07
262,9.7662244803496811e-06,9.0880658842835023e-07,1.7865889655441709e-06,2.1300944541283231e-06,2.0433456309767689e-06,1.6072008746514023e-06,9.7091417495211761e-07,3.1927379166854771e-07
263,9.4515824567327895e-06,8.7907023518224041e-07,1.7283974738845737e-06,2.0610630813089098e-06,1.9775144179488097e-06,1.5558264378942746e-06,9.4026618007044524e-07,3.0944463044353754e-07
264,9.1470773701894371e-06,8.5030734072996832e-07,1.6721021101915748e-06,1.9942694049176692e-06,1.9138041131712461e-06,1.5060934626828245e-06,9.1058423143036366e-07,2.9991670706578970e-07
265,8.8523826353132276e-06,8.2248602169555590e-07,1.6176410652284013e-06,1.9296408700762748e-06,1.8521463865679059e-06,1.4579495276452943e-06,8.8183792655612267e-07,2.9068083754367410e-07
266,8.5671821884191476e-06,7.9557543949771974e-07,1.5649545454352352e-06,1.8671072750407047e-06,1.7924751094776421e-06,1.4113438846811268e-06,8.5399781811345606e-07,2.8172811617326103e-07
267,8.2911701485613855e-06,7.6954576609514996e-07,1.5139847071672940e-06,1.8066006948624320e-06,1.7347262837305405e-06,1.3662274055796002e-06,8.2703538395955599e-07,2.7304990716681250e-07
268,8.0240504894723456e-06,7.4436815085544991e-07,1.4646755930793522e-06,1.7480554075268460e-06,1.6788379730091068e-06,1.3225525303404732e-06,8.0092299813019852e-07,2.6463783653091803e-07
269,7.7655367220708531e-06,7.2001468851085882e-07,1.4169730705866058e-06,1.6914078224884934e-06,1.6247502364208166e-06,1.2802732171424089e-06,7.7563390273476242e-07,2.5648378418690782e-07
270,7.5153515871991543e-06,6.9645838816508932e-07,1.3708247723340833e-06,1.6365964115253433e-06,1.5724050642107779e-06,1.2393448939066660e-06,7.5114218073080055e-07,2.4857987632639350e-07
271,7.2732267582590895e-06,6.7367314331678152e-07,1.3261800386090229e-06,1.5835616418367955e-06,1.5217463155455682e-06,1.1997244114052304e-06,7.2742272955069729e-07,2.4091847799499372e-07
272,7.0389025534285689e-06,6.5163370286621263e-07,1.2829898616327635e-06,1.5322459113126097e-06,1.4727196583015069e-06,1.1613699978641626e-06,7.0445123555381049e-07,2.3349218589750364e-07
273,6.8121276571496608e-06,6.3031564307299022e-07,1.2412068316707855e-06,1.4825934859022853e-06,1.4252725107927955e-06,1.1242412150145229e-06,6.8220414927831716e-07,2.2629382141796498e-07
274,6.5926588505896036e-06,6.0969534043352395e-07,1.2007850849015356e-06,1.4345504390167163e-06,1.3793539853770194e-06,1.0882989155447341e-06,6.6065866146778999e-07,2.1931642384828410e-07
275,6.3802607507856492e-06,5.8974994544808780e-07,1.1616802529866079e-06,1.3880645928961602e-06,1.3349148338775346e-06,1.0535052019097249e-06,6.3979267984830478e-07,2.1255324381922967e-07
276,6.1747055581939879e-06,5.7045735724828355e-07,1.1238494142867296e-06,1.3430854618806947e-06,1.2919073947642001e-06,1.0198233864536169e-06,6.1958480663264002e-07,2.0599773692782301e-07
277,5.9757728123719555e-06,5.5179619905666770e-07,1.0872510466698225e-06,1.2995641975214134e-06,1.2502855420358077e-06,9.8721795280408452e-07,6.0001431672885102e-07,1.9964355755530900e-07
278,5.7832491555315425e-06,5.3374579445123654e-07,1.0518449818591470e-06,1.2574535354726200e-06,1.2100046357493862e-06,9.5565451849786923e-07,5.8106113663121899e-07,1.9348455287006407e-07
279,5.5969281037105663e-06,5.1628614440835783e-07,1.0175923612712622e-06,1.2167077441072105e-06,1.1710214741433202e-06,9.2509979879820176e-07,5.6270582397224959e-07,1.8751475700996409e-07
280,5.4166098253161198e-06,4.9939790509860433e-07,9.8445559329514738e-07,1.1772825747993160e-06,1.1332942473029360e-06,8.9552157166614890e-07,5.4492954771507198e-07,1.8172838543889480e-07
281,5.2421009268027547e-06,4.8306236641078477e-07,9.5239831196544328e-07,1.1391352138200968e-06,1.0967824923188603e-06,8.6688864384910320e-07,5.2771406896622270e-07,1.7611982947224303e-07
282,5.0732142452555540e-06,4.6726143118027965e-07,9.2138533698429193e-07,1.1022242357943265e-06,1.0614470498900574e-06,8.3917081805081114e-07,5.1104172238942933e-07,1.7068365096635792e-07
283,4.9097686476556360e-06,4.5197759509856807e-07,8.9138263504775461e-07,1.0665095586671141e-06,1.0272500223250049e-06,8.1233886114846611e-07,4.9489539820161052e-07,1.6541457716711820e-07
284,4.7515888366127886e-06,4.3719392728159961e-07,8.6235728243420861e-07,1.0319524001317527e-06,9.9415473289595847e-07,7.8636447342348977e-07,4.7925852473289442e-07,1.6030749571288474e-07
285,4.5985051623568846e-06,4.2289405147539086e-07,8.3427742881353414e-07,9.9851523547127044e-07,9.6212568650271455e-07,7.6122025877369410e-07,4.6411505153302460e-07,1.5535744978725539e-07
286,4.4503534407864458e-06,4.0906212787793866e-07,8.0711226223722818e-07,9.6616175676780628e-07,9.3112853160368601e-07,7.3687969587553722e-07,4.4944943300707595e-07,1.5055963341717298e-07
287,4.3069747773791979e-06,3.9568283555723192e-07,7.8083197527090173e-07,9.3485683343541808e-07,9.0113002337345482e-07,7.1331711026619157e-07,4.3524661256392910e-07,1.4590938691207011e-07
288,4.1682153967757624e-06,3.8274135544580127e-07,7.5540773223186319e-07,9.0456647403337164e-07,8.7209798804729365e-07,6.9050764731610030e-07,4.2149200726147428e-07,1.4140219243985811e-07
289,4.0339264778537193e-06,3.7022335389289303e-07,7.3081163749571526e-07,8.7525778931835690e-07,8.4400128841441235e-07,6.6842724606363608e-07,4.0817149293301176e-07,1.3703366973569356e-07
290,3.9039639941151379e-06,3.5811496675597249e-07,7.0701670483706824e-07,8.4689895649542165e-07,8.1680979042292037e-07,6.4705261388438018e-07,3.9527138977980206e-07,1.3279957193957289e-07
291,3.7781885592164146e-06,3.4640278401386235e-07,6.8399682777061222e-07,8.1945918462872260e-07,7.9049433086069058e-07,6.2636120196841501e-07,3.8277844841518810e-07,1.2869578155892367e-07
292,3.6564652774747190e-06,3.3507383488440317e-07,6.6172675085989588e-07,7.9290868117445396e-07,7.6502668607745906e-07,6.0633118157986864e-07,3.7067983634616566e-07,1.2471830655247236e-07
293,3.5386635991907386e-06,3.2411557343008479e-07,6.4018204196222180e-07,7.6721861959953821e-07,7.4037954171461824e-07,5.8694142107377557e-07,3.5896312487872091e-07,1.2086327653177878e-07
294,3.4246571806325381e-06,3.1351586463563994e-07,6.1933906537910324e-07,7.4236110805084096e-07,7.1652646341023426e-07,5.6817146364610831e-07,3.4761627643367793e-07,1.1712693907693315e-07
295,3.3143237485303717e-06,3.0326297094211791e-07,5.9917495588272280e-07,7.1830915904082153e-07,6.9344186844787359e-07,5.5000150579360410e-07,3.3662763226021662e-07,1.1350565616301532e-07
296,3.2075449689371148e-06,2.9334553922246270e-07,5.7966759358980016e-07,6.9503666011663349e-07,6.7110099831882748e-07,5.3241237646075837e-07,3.2598590053461731e-07,1.0999590069401563e-07
297,3.1042063203136676e-06,2.8375258818411410e-07,5.6079557965521042e-07,6.7251834548076105e-07,6.4947989216831201e-07,5.1538551685207475e-07,3.1568014483218125e-07,1.0659425314101404e-07
298,3.0041969707032116e-06,2.7447349618462256e-07,5.4253821275859488e-07,6.5072976853231474e-07,6.2855536109715856e-07,4.9890296088836132e-07,3.0569977296065068e-07,1.0329739828150909e-07
299,2.9074096588625908e-06,2.6549798944673036e-07,5.2487546635808169e-07,6.2964727529910887e-07,6.0830496329143880e-07,4.8294731628653809e-07,2.9603452614381348e-07,1.0010212203687942e-07
300,2.8137405792233217e-06,2.5681613065981626e-07,5.0778796668608091e-07,6.0924797873161645e-07,5.8870697995334562e-07,4.6750174624307432e-07,2.8667446854433812e-07,9.7005308405050063e-08
301,2.7230892705588627e-06,2.4841830795502922e-07,4.9125697146293214e-07,5.8950973383083331e-07,5.6974039200751923e-07,4.5254995170180914e-07,2.7760997711521774e-07,9.4003936485521858e-08
302,2.6353585082387253e-06,2.4029522424185521e-07,4.7526434930497610e-07,5.7041111358299144e-07,5.5138485755783286e-07,4.3807615418752191e-07,2.6883173176954101e-07,9.1095077594006310e-08
303,2.5504541999538751e-06,2.3243788689426027e-07,4.5979255980438646e-07,5.5193138567494083e-07,5.3362069007046197e-07,4.2406507918721112e-07,2.6033070585862451e-07,8.8275892463989926e-08
304,2.4682852848015915e-06,2.2483759777494577e-07,4.4482463425883745e-07,5.3405048996486727e-07,5.1642883725983788e-07,4.1050194006161786e-07,2.5209815694885390e-07,8.5543628532630889e-08
305,2.3887636356215356e-06,2.1748594358662426e-07,4.3034415702979986e-07,5.1674901668383754e-07,4.9979086065483932e-07,3.9737242247008419e-07,2.4412561788788258e-07,8.2895617308467870e-08
306,2.3118039644783064e-06,2.1037478653959111e-07,4.1633524750894800e-07,5.0000818534445741e-07,4.8368891582330834e-07,3.8466266929237846e-07,2.3640488815112828e-07,8.0329271818495145e-08
307,2.2373237311890890e-06,2.0349625532521797e-07,4.0278254267283408e-07,4.8380982433369793e-07,4.6810573323367999e-07,3.7235926603163670e-07,2.2892802545979151e-07,7.7842084132230979e-08
308,2.1652430547983067e-06,1.9684273638533417e-07,3.8967118020662989e-07,4.6813635116769252e-07,4.5302459973319947e-07,3.6044922668308054e-07,2.2168733766189388e-07,7.5431622960475992e-08
309,2.0954846279043241e-06,1.9040686546779206e-07,3.7698678217836636e-07,4.5297075338702253e-07,4.3842934062286317e-07,3.4891998005365457e-07,2.1467537486809854e-07,7.3095531326526768e-08
310,2.0279736337463206e-06,1.8418151945883103e-07,3.6471543924570432e-07,4.3829657007171219e-07,4.2430430230985667e-07,3.3775935651820483e-07,2.0788492183433554e-07,7.0831524307676038e-08
311,1.9626376659624046e-06,1.7815980848316140e-07,3.5284369537786096e-07,4.2409787395582475e-07,4.1063433551888716e-07,3.2695557519827538e-07,2.0130899058350020e-07,6.8637386844895068e-08
312,1.8994066509329106e-06,1.7233506826298919e-07,3.4135853307587817e-07,4.1035925412220491e-07,3.9740477904440038e-07,3.1649723155004405e-07,1.9494081325873766e-07,6.6510971618656275e-08
313,1.8382127726255878e-06,1.6670085272748917e-07,3.3024735907497182e-07,3.9706579925854357e-07,3.8460144402626050e-07,3.0637328534834988e-07,1.8877383520105836e-07,6.4450196988914745e-08
314,1.7789903998620850e-06,1.6125092686451392e-07,3.1949799051323196e-07,3.8420308145655364e-07,3.7221059873202437e-07,2.9657304905417735e-07,1.8280170824425780e-07,6.2453044997325971e-08
315,1.7216760159277106e-06,1.5597925980659399e-07,3.0909864155145432e-07,3.7175714053663517e-07,3.6021895382949205e-07,2.8708617655336971e-07,1.7701828422033146e-07,6.0517559429834123e-08
316,1.6662081504489867e-06,1.5088001814354715e-07,2.9903791042938329e-07,3.5971446888097980e-07,3.4861364813373623e-07,2.7790265225472822e-07,1.7141760866879110e-07,5.8641843937820979e-08
317,1.6125273134659248e-06,1.4594755945426511e-07,2.8930476694412675e-07,3.4806199675861901e-07,3.3738223481332524e-07,2.6901278053603672e-07,1.6599391474349273e-07,5.6824060216058900e-08
318,1.5605759316283197e-06,1.4117642605049068e-07,2.7988854033696575e-07,3.3678707812645517e-07,3.2651266804094490e-07,2.6040717552691231e-07,1.6074161731078712e-07,5.5062426235763697e-08
319,1.5102982864476346e-06,1.3656133892563407e-07,2.7077890757523458e-07,3.2587747689083255e-07,3.1599329007410234e-07,2.5207675121773949e-07,1.5565530723299767e-07,5.3355214531093813e-08
320,1.4616404545382421e-06,1.3209719190190488e-07,2.6196588201638051e-07,3.1532135361470693e-07,3.0581281875205532e-07,2.4401271188428563e-07,1.5072974583141710e-07,5.1700750537491600e-08
321,1.4145502497839385e-06,1.2777904596925694e-07,2.5343980244173212e-07,3.0510725265595655e-07,2.9596033539555820e-07,2.3620654281792836e-07,1.4595985952319646e-07,5.0097410980309658e-08
322,1.3689771673676998e-06,1.2360212380985685e-07,2.4519132244791512e-07,2.9522408972284783e-07,2.8642527309644509e-07,2.2865000135174671e-07,1.4134073462667583e-07,4.8543622312212360e-08
323,1.3248723296046523e-06,1.1956180450199294e-07,2.3721140018424503e-07,2.8566113983312068e-07,2.7719740538449280e-07,2.2133510817303669e-07,1.3686761232987727e-07,4.7037859197886741e-08
324,1.2821884335201592e-06,1.1565361839754110e-07,2.2949128842480911e-07,2.7640802566360088e-07,2.6826683525940698e-07,2.1425413891311584e-07,1.3253588381704403e-07,4.5578643044641286e-08
325,1.2408797001168085e-06,1.1187324216729720e-07,2.2202252496431829e-07,2.6745470627766852e-07,2.5962398457616922e-07,2.0739961600557035e-07,1.2834108554827195e-07,4.4164540577512997e-08
326,1.2009018252758788e-06,1.0821649400867183e-07,2.1479692332716468e-07,2.5879146621832425e-07,2.5125958377235991e-07,2.0076430080438075e-07,1.2427889468743289e-07,4.2794162457544591e-08
327,1.1622119322406357e-06,1.0467932901042455e-07,2.0780656377946723e-07,2.5040890495499431e-07,2.4316466192644010e-07,1.9434118595363592e-07,1.2034512467374023e-07,4.1466161941933312e-08
328,1.1247685256304867e-06,1.0125783466928867e-07,2.0104378463421986e-07,2.4229792667259624e-07,2.3533053713632860e-07,1.8812348800080925e-07,1.1653572093245243e-07,4.0179233584791577e-08
329,1.0885314469366833e-06,9.7948226553506978e-08,1.9450117383998025e-07,2.3444973039176429e-07,2.2774880720795715e-07,1.8210464024582592e-07,1.1284675672035143e-07,3.8932111977297469e-08
330,1.0534618314518318e-06,9.4746844108461654e-08,1.8817156084384828e-07,2.2685580040948989e-07,2.2041134064381451e-07,1.7627828581839944e-07,1.0927442910176876e-07,3.7723570526049285e-08
331,1.0195220665870205e-06,9.1650146599740385e-08,1.8204800871978644e-07,2.1950789704978368e-07,2.1331026792181713e-07,1.7063827097635365e-07,1.0581505505106529e-07,3.6552420268473806e-08
332,9.8667575153186219e-07,8.8654709189132728e-08,1.7612380655362604e-07,2.1239804771430178e-07,2.0643797305515036e-07,1.6517863861788095e-07,1.0246506767759793e-07,3.5417508724172461e-08
333,9.5488765821418337e-07,8.5757219139198925e-08,1.7039246207638479e-07,2.0551853822320538e-07,1.9978708542403071e-07,1.5989362200090960e-07,9.9221012569331345e-08,3.4317718781122633e-08
334,9.2412369351748689e-07,8.2954472142196325e-08,1.6484769453779569e-07,1.9886190443683918e-07,1.9335047187062605e-07,1.5477763866297311e-07,9.6079544251372761e-08,3.3251967615683829e-08
335,8.9435086271567107e-07,8.0243368769286689e-08,1.5948342781221136e-07,1.9242092414911807e-07,1.8712122904865745e-07,1.4982528453518343e-07,9.3037422755824211e-08,3.2219205645389887e-08
336,8.6553723408578441e-07,7.7620911036081392e-08,1.5429378372930278e-07,1.8618860924380998e-07,1.8109267601947602e-07,1.4503132824411571e-07,9.0091510299459968e-08,3.1218415513538651e-08
337,8.3765190466086512e-07,7.5084199080710997e-08,1.4927307562222034e-07,1.8015819810518470e-07,1.7525834708667538e-07,1.4039070559560730e-07,8.7238768065846101e-08,3.0248611104620322e-08
338,8.1066496708613277e-07,7.2630427950730595e-08,1.4441580208612272e-07,1.7432314827477974e-07,1.6961198486155339e-07,1.3589851423466781e-07,8.4476253088624382e-08,2.9308836589654193e-08
339,7.8454747754298732e-07,7.0256884495293034e-08,1.3971664094021192e-07,1.6867712934629787e-07,1.6414753355198686e-07,1.3155000847587951e-07,8.1801115232786703e-08,2.8398165500531413e-08
340,7.5927142470641105e-07,6.7960944359140214e-08,1.3517044338663619e-07,1.6321401609091308e-07,1.5885913246752080e-07,1.2734059429884848e-07,7.9210594270863948e-08,2.7515699832488418e-08
341,7.3480969970248335e-07,6.5740069075074082e-08,1.3077222835983901e-07,1.5792788180551105e-07,1.5374110973370666e-07,1.2326582450343939e-07,7.6702017051051367e-08,2.6660569173861766e-08
342,7.1113606703378192e-07,6.3591803251680056e-08,1.2651717706014230e-07,1.5281299187663180e-07,1.4878797620894811e-07,1.1932139401969493e-07,7.4272794754383994e-08,2.5831929862300785e-08
343,6.8822513644149501e-07,6.1513771853180468e-08,1.2240062766555459e-07,1.4786379755311941e-07,1.4399441959732996e-07,1.1550313536750408e-07,7.1920420238167705e-08,2.5028964166638824e-08
344,6.6605233567405861e-07,5.9503677568398515e-08,1.1841807021599053e-07,1.4307492992070783e-07,1.3935529875111609e-07,1.1180701426123994e-07,6.9642465462957665e-08,2.4250879493648043e-08
345,6.4459388413311841e-07,5.7559298265911642e-08,1.1456514166427884e-07,1.3844119407199333e-07,1.3486563815680610e-07,1.0822912535474101e-07,6.7436579000461757e-08,2.3496907618925828e-08
346,6.2382676736854972e-07,5.5678484532569980e-08,1.1083762108851806e-07,1.3395756346545629e-07,1.3052062259883658e-07,1.0476568812215709e-07,6.5300483619828218e-08,2.2766303941183532e-08
347,6.0372871239517868e-07,5.3859157292647117e-08,1.0723142506051779e-07,1.2961917446739970e-07,1.2631559199520395e-07,1.0141304287032371e-07,6.3231973949856449e-08,2.2058346759229978e-08
348,5.8427816380473588e-07,5.2099305504980738e-08,1.0374260316523492e-07,1.2542132107087225e-07,1.2224603639946973e-07,9.8167646878467474e-08,6.1228914214747169e-08,2.1372336570963518e-08
349,5.6545426064741843e-07,5.0396983935547039e-08,1.0036733366627964e-07,1.2135944978583504e-07,1.1830759116378830e-07,9.5026070661178655e-08,5.9289236041082684e-08,2.0707595393707028e-08
350,5.4723681405826820e-07,4.8750311002996802e-08,9.7101919312727544e-08,1.1742915469501781e-07,1.1449603225776887e-07,9.1984994350716656e-08,5.7410936333800362e-08,2.0063466105240057e-08
351,5.2960628560436808e-07,4.7157466694761827e-08,9.3942783282629262e-08,1.1362617267009080e-07,1.1080727173815173e-07,8.9041204194839847e-08,5.5592075218992712e-08,1.9439311804901938e-08
352,5.1254376632963612e-07,4.5616690551419115e-08,9.0886465258759198e-08,1.0994637874295239e-07,1.0723735336443928e-07,8.6191589166472652e-08,5.3830774051435204e-08,1.8834515194158286e-08
353,4.9603095647473926e-07,4.4126279717075846e-08,8.7929617632291044e-08,1.0638578162710171e-07,1.0378244835578000e-07,8.3433137681640166e-08,5.2125213484808747e-08,1.8248477976041719e-08
354,4.8005014585037943e-07,4.2684587053611593e-08,8.5069001830227465e-08,1.0294051938422822e-07,1.0043885128455454e-07,8.0762934422214695e-08,5.0473631602647621e-08,1.7680620272895264e-08
355,4.6458419484290045e-07,4.1290019316685109e-08,8.2301484762548702e-08,9.9606855231308952e-08,9.7202976102259501e-08,7.8178157260128914e-08,4.8874322108105295e-08,1.7130380061863998e-08
356,4.4961651603184382e-07,3.9941035391481762e-08,7.9624035385175388e-08,9.6381173483655509e-08,9.4071352293426747e-08,7.5676074279816645e-08,4.7325632570690346e-08,1.6597212627597433e-08
357,4.3513105639973864e-07,3.8636144586243873e-08,7.7033721374968880e-08,9.3259975629502688e-08,9.1040621153453560e-08,7.3254040895746092e-08,4.5825962728182648e-08,1.6080590031640918e-08
358,4.2111228011504513e-07,3.7373904981690503e-08,7.4527705913115526e-08,9.0239876531871436e-08,8.8107532186350935e-08,7.0909497062010137e-08,4.4373762841996226e-08,1.5580000598010400e-08
359,4.0754515186978680e-07,3.6152921834495421e-08,7.2103244573360459e-08,8.7317600753579451e-08,8.5268939618547224e-08,6.8639964571034977e-08,4.2967532104309422e-08,1.5094948414459852e-08
360,3.9441512075399949e-07,3.4971846033051650e-08,6.9757682311671550e-08,8.4489979001404765e-08,8.2521799025007723e-08,6.6443044438562554e-08,4.1605817095335656e-08,1.4624952848965560e-08
361,3.8170810464970370e-07,3.3829372603809618e-08,6.7488450554026350e-08,8.1753944685538321e-08,7.9863164064051842e-08,6.4316414372152619e-08,4.0287210289159184e-08,1.4169548080965767e-08
362,3.6941047512766211e-07,3.2724239266531512e-08,6.5293064379121976e-08,7.9106530590586811e-08,7.7290183317365724e-08,6.2257826320538316e-08,3.9010348606609701e-08,1.3728282646908014e-08
363,3.5750904283072301e-07,3.1655225036859344e-08,6.3169119792912806e-08,7.6544865654507707e-08,7.4800097231821618e-08,6.0265104101254131e-08,3.7773912013697267e-08,1.3300718999670138e-08
364,3.4599104332807515e-07,3.0621148874646209e-08,6.1114291091981767e-08,7.4066171851976570e-08,7.2390235159823451e-08,5.8336141104037559e-08,3.6576622164175813e-08,1.2886433081433767e-08
365,3.3484412342523979e-07,2.9620868376551463e-08,5.9126328312848318e-08,7.1667761178799573e-08,7.0058012495004885e-08,5.6468898067585541e-08,3.5417241084847978e-08,1.2485013909602048e-08
366,3.2405632791512002e-07,2.8653278511449642e-08,5.7203054764411272e-08,6.9347032734094725e-08,6.7800927900207544e-08,5.4661400927323469e-08,3.4294569902267875e-08,1.2096063175365511e-08
367,3.1361608675589561e-07,2.7717310397250110e-08,5.5342364640815488e-08,6.7101469897070857e-08,6.5616560624766582e-08,5.2911738731920237e-08,3.3207447609540322e-08,1.1719194854531971e-08
368,3.0351220266201225e-07,2.6811930117771037e-08,5.3542220712120307e-08,6.4928637595336781e-08,6.3502567908226049e-08,5.1218061626354056e-08,3.2154749871956066e-08,1.1354034830247947e-08
369,2.9373383909495729e-07,2.5936137578355127e-08,5.1800652090232795e-08,6.2826179661772572e-08,6.1456682467699913e-08,4.9578578899404519e-08,3.1135387870242002e-08,1.1000220527250335e-08
370,2.8427050864093991e-07,2.5088965398958106e-08,5.0115752067651976e-08,6.0791816277090603e-08,5.9476710066183572e-08,4.7991557093514090e-08,3.0148307180243643e-08,1.0657400557297919e-08
371,2.7511206176301256e-07,2.4269477843482083e-08,4.8485676026649752e-08,5.8823341495307998e-08,5.7560527159207975e-08,4.6455318175027424e-08,2.9192486687894399e-08,1.0325234375442938e-08
372,2.6624867591556924e-07,2.3476769784166554e-08,4.6908639416592443e-08,5.6918620849441637e-08,5.5706078617312425e-08,4.4968237762881060e-08,2.8266937538361966e-08,1.0003391946813193e-08
373,2.5767084500954590e-07,2.2709965699888460e-08,4.5382915797180803e-08,5.5075589034824172e-08,5.3911375521893179e-08,4.3528743413877119e-08,2.7370702118297149e-08,9.6915534235850236e-09
374,2.4936936921702430e-07,2.1968218707260469e-08,4.3906834945459808e-08,5.3292247667524333e-08,5.2174493032064117e-08,4.2135312962734240e-08,2.6502853070144011e-08,9.3894088318373051e-09
375,2.4133534510430471e-07,2.1250709623453068e-08,4.2478781024518718e-08,5.1566663115435711e-08,5.0493568320241475e-08,4.0786472915166931e-08,2.5662492337503001e-08,9.0966577679858261e-09
376,2.3356015608286528e-07,2.0556646059701234e-08,4.1097190811870547e-08,4.9896964399677851e-08,4.8866798574238613e-08,3.9480796892299998e-08,2.4848750240570446e-08,8.8130091045065996e-09
377,2.2603546316796585e-07,1.9885261544490503e-08,3.9760551985565047e-08,4.8281341164029730e-08,4.7292439063728054e-08,3.8216904124778872e-08,2.4060784580708269e-08,8.5381807046653911e-09
378,2.1875319603498553e-07,1.9235814675450209e-08,3.8467401466153063e-08,4.6718041710189261e-08,4.5768801268996949e-08,3.6993457994989025e-08,2.3297779773227655e-08,8.2718991459793609e-09
379,2.1170554436390146e-07,1.8607588299013607e-08,3.7216323812681494e-08,4.5205371096724720e-08,4.4294251069989244e-08,3.5809164625848265e-08,2.2558946007499133e-08,8.0138994521449819e-09
380,2.0488494946262557e-07,1.7999888716935294e-08,3.6005949670957375e-08,4.3741689299652562e-08,4.2867206993691940e-08,3.4662771514684662e-08,2.1843518433529355e-08,7.7639248331744045e-09
381,1.9828409616021571e-07,1.7412044918786149e-08,3.4834954272377148e-08,4.2325409432643536e-08,4.1486138517986187e-08,3.3553066210760522e-08,2.1150756374171888e-08,7.5217264334902897e-09
382,1.9189590496126541e-07,1.6843407839575002e-08,3.3702055981672706e-08,4.0954996024923538e-08,4.0149564430143599e-08,3.2478875035048403e-08,2.0479942562165480e-08,7.2870630877366872e-09
383,1.8571352445305943e-07,1.6293349641673979e-08,3.2606014891979565e-08,3.9628963354998485e-08,3.8856051238207675e-08,3.1439061840910220e-08,1.9830382401218668e-08,7.0597010840708430e-09
384,1.7973032395735011e-07,1.5761263020251412e-08,3.1545631465684515e-08,3.8345873838393251e-08,3.7604211633556195e-08,3.0432526814372832e-08,1.9201403250383942e-08,6.8394139347079762e-09
385,1.7393988641887449e-07,1.5246560531442470e-08,3.0519745219560455e-08,3.7104336467653052e-08,3.6392703002995911e-08,2.9458205312735986e-08,1.8592353730988661e-08,6.6259821534979452e-09
386,1.6833600152298433e-07,1.4748673942512718e-08,2.9527233452744694e-08,3.5903005302913016e-08,3.5220225988793516e-08,2.8515066740288110e-08,1.8002603055412818e-08,6.4191930403194364e-09
387,1.6291265903500833e-07,1.4267053603294318e-08,2.8567010016164231e-08,3.4740578011396052e-08,3.4085523095098733e-08,2.7602113459945108e-08,1.7431540377026083e-08,6.2188404720837956e-09
388,1.5766404235420239e-07,1.3801167838198117e-08,2.7638024122056852e-08,3.3615794454252859e-08,3.2987377339264701e-08,2.6718379739664798e-08,1.6878574160618164e-08,6.0247247001469132e-09
389,1.5258452227537459e-07,1.3350502358127787e-08,2.6739259192281153e-08,3.2527435319208900e-08,3.1924610946619317e-08,2.5862930732526291e-08,1.6343131572677425e-08,5.8366521539337099e-09
390,1.4766865095149400e-07,1.2914559691644201e-08,2.5869731744151151e-08,3.1474320797533153e-08,3.0896084087287540e-08,2.5034861489399303e-08,1.5824657890892973e-08,5.6544352505856756e-09
391,1.4291115605080881e-07,1.2492858634749552e-08,2.5028490312572249e-08,3.0455309303891823e-08,2.9900693653710047e-08,2.4233296003162356e-08,1.5322615932275124e-08,5.4778922104476632e-09
392,1.3830693510220628e-07,1.2084933718681509e-08,2.4214614407295400e-08,2.9469296237696291e-08,2.8937372077546928e-08,2.3457386283462332e-08,1.4836485499308076e-08,5.3068468782157213e-09
393,1.3385105002275035e-07,1.1690334695127537e-08,2.3427213504144783e-08,2.8515212784600216e-08,2.8005086184697668e-08,2.2706311461039889e-08,1.4365762843567098e-08,5.1411285495731673e-09
394,1.2953872182152796e-07,1.1308626038288914e-08,2.2665426069111680e-08,2.7592024756843947e-08,2.7102836087209383e-08,2.1979276920676387e-08,1.3909960146250339e-08,4.9805718031473073e-09
395,1.2536532547412293e-07,1.0939386463242690e-08,2.1928418614243237e-08,2.6698731471186853e-08,2.6229654110884838e-08,2.1275513461848170e-08,1.3468605015092762e-08,4.8250163376243553e-09
396,1.2132638496222109e-07,1.0582208460067813e-08,2.1215384784289956e-08,2.5834364663208807e-08,2.5384603757440080e-08,2.0594276486203203e-08,1.3041239997146258e-08,4.6743068138649727e-09
397,1.1741756847302639e-07,1.0236697843219276e-08,2.0525544473109281e-08,2.4997987436801821e-08,2.4566778700098664e-08,1.9934845211003262e-08,1.2627422106926399e-08,4.5282927018676910e-09
398,1.1363468375333887e-07,9.9024733156508878e-09,1.9858142968855539e-08,2.4188693247710938e-08,2.3775301811545165e-08,1.9296521907702397e-08,1.2226722369441865e-08,4.3868281324320715e-09
399,1.0997367361331216e-07,9.5791660472037839e-09,1.9212450127017988e-08,2.3405604920020384e-08,2.3009324223195476e-08,1.8678631164858651e-08,1.1838725377637873e-08,4.2497717533779956e-09
400,1.0643061157506811e-07,9.2664192667935156e-09,1.8587759570399405e-08,2.2647873694517043e-08,2.2268024414774917e-08,1.8080519174601804e-08,1.1463028863799604e-08,4.1169865901818199e-09
401,1.0300169766150147e-07,8.9638878679438883e-09,1.7983387915157161e-08,2.1914678307897665e-08,2.1550607333227774e-08,1.7501553041904636e-08,1.1099243284475976e-08,3.9883399108943664e-09
402,9.9683254320758316e-08,8.6712380272305427e-09,1.7398674022057447e-08,2.1205224101820010e-08,2.0856303540013205e-08,1.6941120115929404e-08,1.0746991418497880e-08,3.8637030952098223e-09
403,9.6471722482016926e-08,8.3881468352115460e-09,1.6832978272120897e-08,2.0518742160830252e-08,2.0184368385873087e-08,1.6398627342744130e-08,1.0405907977678377e-08,3.7429515075586253e-09
404,9.3363657738341072e-08,8.1143019394361610e-09,1.6285681865864735e-08,1.9854488478230673e-08,1.9534081212186605e-08,1.5873500638726254e-08,1.0075639229795417e-08,3.6259643741012289e-09
405,9.0355726652511769e-08,7.8494011991363144e-09,1.5756186145372455e-08,1.9211743148981731e-08,1.8904744578055134e-08,1.5365184283992642e-08,9.7558426334700694e-09,3.5126246635034278e-09
406,8.7444703181875253e-08,7.5931523512182488e-09,1.5243911938447131e-08,1.8589809588762158e-08,1.8295683512288397e-08,1.4873140335216269e-08,9.4461864845655316e-09,3.4028189713775301e-09
407,8.4627465218373088e-08,7.3452726871843781e-09,1.4748298924128655e-08,1.7988013778339081e-08,1.7706244789489653e-08,1.4396848057210170e-08,9.1463495737439591e-09,3.2964374082771876e-09
408,8.1900991240043228e-08,7.1054887406275085e-09,1.4268805018878731e-08,1.7405703532427691e-08,1.7135796229463525e-08,1.3935803372679154e-08,8.8560208548294916e-09,3.1933734911371212e-09
409,7.9262357070401114e-08,6.8735359849512456e-09,1.3804905782760135e-08,1.6842247792246511e-08,1.6583726019195051e-08,1.3489518329558845e-08,8.5748991236370400e-09,3.0935240380522693e-09
410,7.6708732742224713e-08,6.6491585409818377e-09,1.3356093844958612e-08,1.6297035941000213e-08,1.6049442056672790e-08,1.3057520585380141e-08,8.3026927069369844e-09,2.9967890662941272e-09
411,7.4237379462380413e-08,6.4321088941475724e-09,1.2921878348017245e-08,1.5769477141546654e-08,1.5532371315852219e-08,1.2639352908115209e-08,8.0391191612363958e-09,2.9030716934651202e-09
412,7.1845646674433977e-08,6.2221476209125273e-09,1.2501784410173364e-08,1.5258999695529019e-08,1.5031959232078334e-08,1.2234572692978383e-08,7.7839049810674288e-09,2.8122780416949155e-09
413,6.9530969215896584e-08,6.0190431241617204e-09,1.2095352605208280e-08,1.4765050423277322e-08,1.4547669107308307e-08,1.1842751494672261e-08,7.5367853164832158e-09,2.7243171447854752e-09
414,6.7290864567056900e-08,5.8225713772445766e-09,1.1702138459239035e-08,1.4287094063805861e-08,1.4078981534496331e-08,1.1463474574585505e-08,7.2975036994710850e-09,2.6391008582144999e-09
415,6.5122930188448477e-08,5.6325156763933069e-09,1.1321711963900268e-08,1.3824612694255350e-08,1.3625393840523229e-08,1.1096340462464608e-08,7.0658117790020298e-09,2.5565437719096833e-09
416,6.3024840944097006e-08,5.4486664012420175e-09,1.0953657105382019e-08,1.3377105168149311e-08,1.3186419547073434e-08,1.0740960532097206e-08,6.8414690644441853e-09,2.4765631257088331e-09
417,6.0994346607783682e-08,5.2708207831813598e-09,1.0597571408806898e-08,1.2944086571854918e-08,1.2761587848881077e-08,1.0396958590559208e-08,6.6242426770766745e-09,2.3990787274235461e-09
418,5.9029269449650281e-08,5.0987826812922567e-09,1.0253065497446785e-08,1.2525087698658165e-08,1.2350443108785626e-08,1.0063970480592393e-08,6.4139071094484529e-09,2.3240128734265968e-09
419,5.7127501900557340e-08,4.9323623656105703e-09,9.9197626662955442e-09,1.2119654539882400e-08,1.1952544369055479e-08,9.7416436956928666e-09,6.2102439923348182e-09,2.2512902716856578e-09
420,5.5287004291690703e-08,4.7713763074827620e-09,9.5972984695300352e-09,1.1727347792497799e-08,1.1567464878455450e-08,9.4296370075042578e-09,6.0130418690520779e-09,2.1808379671683258e-09
421,5.3505802666991911e-08,4.6156469767804369e-09,9.2853203214068714e-09,1.1347742382687203e-08,1.1194791634550868e-08,9.1276201051224950e-09,5.8220959768983385e-09,2.1125852695457102e-09
422,5.1781986666066319e-08,4.4650026457492477e-09,8.9834871101572004e-09,1.0980427004851123e-08,1.0834124940757453e-08,8.8352732459314820e-09,5.6372080354957507e-09,2.0464636831240699e-09
423,5.0113707475298335e-08,4.3192771992750088e-09,8.6914688244559840e-09,1.0625003675551509e-08,1.0485077977661874e-08,8.5522869176012486e-09,5.4581860418165795e-09,1.9824068389361295e-09
424,4.8499175844976374e-08,4.1783099513569813e-09,8.4089461920561565e-09,1.0281087301910006e-08,1.0147276388153224e-08,8.2783615108918817e-09,5.2848440716823243e-09,1.9203504289257942e-09
425,4.6936660170300775e-08,4.0419454675851442e-09,8.1356103301912493e-09,9.9483052639922263e-09,9.8203578759204559e-09,8.0132070029178963e-09,5.1170020875317754e-09,1.8602321421620176e-09
426,4.5424484634216607e-08,3.9100333934249488e-09,7.8711624073631419e-09,9.6262970107247093e-09,9.5039718168852043e-09,7.7565426505388108e-09,4.9544857522602754e-09,1.8019916030195157e-09
427,4.3961027410079531e-08,3.7824282881194849e-09,7.6153133161439645e-09,9.3147136689059275e-09,9.1977788831531877e-09,7.5080966935522937e-09,4.7971262489387318e-09,1.7455703112659509e-09
428,4.2544718922226998e-08,3.6589894640251834e-09,7.3677833566333712e-09,9.0132176648869284e-09,8.9014506790809178e-09,7.2676060673766529e-09,4.6447601062269164e-09,1.6909115839970330e-09
429,4.1174040162589213e-08,3.5395808312032414e-09,7.1283019302240046e-09,8.7214823585109869e-09,8.6146693890673807e-09,7.0348161249193750e-09,4.4972290293014379e-09,1.6379604993627853e-09
430,3.9847521061534585e-08,3.4240707470947498e-09,6.8966072433393839e-09,8.4391916889149049e-09,8.3371274366929442e-09,6.8094803673381904e-09,4.3543797361244563e-09,1.5866638420299547e-09
431,3.8563738911202168e-08,3.3123318711131387e-09,6.6724460208192923e-09,8.1660398318075376e-09,8.0685271548399049e-09,6.5913601834104262e-09,4.2160637988846412e-09,1.5369700503272235e-09
432,3.7321316839630146e-08,3.2042410239930247e-09,6.4555732286384111e-09,7.9017308678535219e-09,7.8085804664408897e-09,6.3802245972355644e-09,4.0821374904472192e-09,1.4888291650215191e-09
433,3.6118922334043989e-08,3.0996790517397865e-09,6.2457518056541422e-09,7.6459784618023056e-09,7.5570085755126982e-09,6.1758500240046775e-09,3.9524616356550887e-09,1.4421927796752937e-09
434,3.4955265811720216e-08,2.9985306940293105e-09,6.0427524040894796e-09,7.3985055520141957e-09,7.3135416681442171e-09,5.9780200335789036e-09,3.8269014673279326e-09,1.3970139925361781e-09
435,3.3829099236893311e-08,2.9006844569122737e-09,5.8463531384663965e-09,7.1590440500464699e-09,7.0779186231177281e-09,5.7865251216274138e-09,3.7053264868111236e-09,1.3532473599119031e-09
436,3.2739214782222163e-08,2.8060324896820845e-09,5.6563393427144497e-09,6.9273345499734985e-09,6.8498867318532228e-09,5.6011624880832346e-09,3.5876103289308457e-09,1.3108488509848254e-09
437,3.1684443533380584e-08,2.7144704657702486e-09,5.4725033351883122e-09,6.7031260471253995e-09,6.6292014273753793e-09,5.4217358226830434e-09,3.4736306312164107e-09,1.2697758040217844e-09
438,3.0663654235382447e-08,2.6258974675373492e-09,5.2946441913366011e-09,6.4861756659399688e-09,6.4156260220125095e-09,5.2480550973645342e-09,3.3632689072551050e-09,1.2299868839363817e-09
439,2.9675752079297035e-08,2.5402158748321697e-09,5.1225675237727631e-09,6.2762483966325568e-09,6.2089314535461564e-09,5.0799363653021517e-09,3.2564104240491597e-09,1.1914420411620773e-09
440,2.8719677528053049e-08,2.4573312571956593e-09,4.9560852695069146e-09,6.0731168403980668e-09,6.0088960395390705e-09,4.9172015663690159e-09,3.1529440832485410e-09,1.1541024717957847e-09
441,2.7794405180072323e-08,2.3771522695904598e-09,4.7950154841053772e-09,5.8765609628686193e-09,5.8153052395781182e-09,4.7596783388196475e-09,3.0527623061372401e-09,1.1179305789728625e-09
442,2.6898942669514091e-08,2.2995905515406509e-09,4.6391821425522696e-09,5.6863678555592619e-09,5.6279514251770595e-09,4.6071998369946391e-09,2.9557609222545896e-09,1.0828899354356194e-09
443,2.6032329601950598e-08,2.2245606295701090e-09,4.4884149465948243e-09,5.5023315050429116e-09,5.4466336570924928e-09,4.4596045548547863e-09,2.8618390615368859e-09,1.0489452472585900e-09
444,2.5193636524332400e-08,2.1519798228315561e-09,4.3425491383612815e-09,5.3242525696039883e-09,5.2711574698140605e-09,4.3167361551583522e-09,2.7708990498681790e-09,1.0160623186949823e-09
445,2.4381963928138653e-08,2.0817681518218957e-09,4.2014253200470329e-09,5.1519381631284090e-09,5.1013346629978286e-09,4.1784433041010747e-09,2.6828463079326403e-09,9.8420801810977001e-10
446,2.3596441284643294e-08,2.0138482500828590e-09,4.0648892794713630e-09,4.9852016459954113e-09,4.9369830996191340e-09,4.0445795112442912e-09,2.5975892532642603e-09,9.5335024496598052e-10
447,2.2836226111262439e-08,1.9481452787892737e-09,3.9327918213136015e-09,4.8238624227443094e-09,4.7779265106284069e-09,3.9150029745621480e-09,2.5150392053929597e-09,9.2345789783173978e-10
448,2.2100503067981495e-08,1.8845868441304883e-09,3.8049886038436879e-09,4.6677457462966156e-09,4.6239943059004725e-09,3.7895764304442502e-09,2.4351102939893421e-09,8.9450084337663458e-10
449,2.1388483082893143e-08,1.8231029173935595e-09,3.6813399809682099e-09,4.5166825285211070e-09,4.4750213912745719e-09,3.6681670084953459e-09,2.3577193699134255e-09,8.6644988632692162e-10
450,2.0699402505908114e-08,1.7636257576598099e-09,3.5617108494187931e-09,4.3705091569362649e-09,4.3308479914888628e-09,3.5506460909786900e-09,2.2827859190756577e-09,8.3927674035003831e-10
451,2.0032522289731188e-08,1.7060898370292484e-09,3.4459705009153564e-09,4.2290673173512260e-09,4.1913194788195162e-09,3.4368891767546365e-09,2.2102319790214175e-09,8.1295399983978463e-10
452,1.9387127197223950e-08,1.6504317682901654e-09,3.3339924791422285e-09,4.0922038222527731e-09,4.0562862072405926e-09,3.3267757495707630e-09,2.1399820581530070e-09,7.8745511257441770e-10
453,1.8762525034304306e-08,1.5965902349538887e-09,3.2256544413803558e-09,3.9597704447521867e-09,3.9256033519268693e-09,3.2201891505644056e-09,2.0719630575058465e-09,7.6275435322075595e-10
454,1.8158045907559917e-08,1.5445059235773379e-09,3.1208380246439868e-09,3.8316237579117816e-09,3.7991307539274504e-09,3.1170164548429379e-09,2.0061041949982109e-09,7.3882679765821553e-10
455,1.7573041505779345e-08,1.4941214582985241e-09,3.0194287161751271e-09,3.7076249792767852e-09,3.6767327698435894e-09,3.0171483520114302e-09,1.9423369320763879e-09,7.1564829809749791e-10
456,1.7006884404630389e-08,1.4453813375126046e-09,2.9213157281538460e-09,3.5876398204439100e-09,3.5582781263494960e-09,2.9204790305214884e-09,1.8805949026796147e-09,6.9319545896942920e-10
457,1.6458967393739912e-08,1.3982318726184643e-09,2.8263918764871557e-09,3.4715383415033741e-09,3.4436397794000949e-09,2.8269060657191101e-09,1.8208138444515151e-09,6.7144561356020022e-10
458,1.5928702825453298e-08,1.3526211287680924e-09,2.7345534635436111e-09,3.3591948101964823e-09,3.3326947779747477e-09,2.7363303114732890e-09,1.7629315321270873e-09,6.5037680136998573e-10
459,1.5415521984575183e-08,1.3084988675532373e-09,2.6457001647051758e-09,3.2504875656359412e-09,3.2253241322107851e-09,2.6486557952708899e-09,1.7068877130265228e-09,6.2996774617263164e-10
460,1.4918874478415550e-08,1.2658164915659672e-09,2.5597349186120209e-09,3.1452988864410683e-09,3.1214126857854367e-09,2.5637896166669740e-09,1.6526240445893031e-09,6.1019783475478013e-10
461,1.4438227646486824e-08,1.2245269907718370e-09,2.4765638209799994e-09,3.0435148631448428e-09,3.0208489924092692e-09,2.4816418489832795e-09,1.6000840338841284e-09,5.9104709631346782e-10
462,1.3973065989219052e-08,1.1845848906363733e-09,2.3960960218744703e-09,2.9450252747343636e-09,2.9235251962986929e-09,2.4021254441510192e-09,1.5492129790322517e-09,5.7249618249188126e-10
463,1.3522890615080343e-08,1.1459462019475202e-09,2.3182436263279111e-09,2.8497234691907948e-09,2.8293369164993166e-09,2.3251561405974474e-09,1.4999579124837821e-09,5.5452634803357023e-10
464,1.3087218705509630e-08,1.1085683722785761e-09,2.2429215981924346e-09,2.7575062478991974e-09,2.7381831349361104e-09,2.2506523740788813e-09,1.4522675460883990e-09,5.3711943203603182e-10
465,1.2665582997087903e-08,1.0724102390379590e-09,2.1700476671218810e-09,2.6682737538028486e-09,2.6499660880702876e-09,2.1785351913659681e-09,1.4060922179037980e-09,5.2025783978516084e-10
466,1.2257531280392503e-08,1.0374319840538996e-09,2.0995422385815706e-09,2.5819293631807337e-09,2.5645911620467256e-09,2.1087281666899887e-09,1.3613838406869527e-09,5.0392452515263307e-10
467,1.1862625914997029e-08,1.0035950896438547e-09,2.0313283067871399e-09,2.4983795809307995e-09,2.4819667912194510e-09,2.0411573208619243e-09,1.3180958520150221e-09,4.8810297353883851e-10
468,1.1480443360096648e-08,9.7086229612007998e-10,1.9653313704770764e-09,2.4175339392453848e-09,2.4020043599463757e-09,1.9757510429788097e-09,1.2761831659844076e-09,4.7277718534451521e-10
469,1.1110573720255449e-08,9.3919756068439302e-10,1.9014793514266973e-09,2.3393048995689151e-09,2.3246181075479424e-09,1.9124400146346536e-09,1.2356021264380909e-09,4.5793165995475699e-10
470,1.0752620305788589e-08,9.0856601766668298e-10,1.8397025156142950e-09,2.2636077577315127e-09,2.2497250363277508e-09,1.8511571365558314e-09,1.1963104616729525e-09,4.4355138021956334e-10
471,1.0406199207307795e-08,8.7893394006322757e-10,1.7799333969531107e-09,2.1903605521556170e-09,2.1772448225565235e-09,1.7918374575834234e-09,1.1582672405803008e-09,4.2962179741559382e-10
472,1.0070938883973880e-08,8.5026870233229809e-10,1.7221067235055776e-09,2.1194839750360554e-09,2.1070997303239253e-09,1.7344181059274502e-09,1.1214328301743162e-09,4.1612881667425759e-10
473,9.7464797650146648e-09,8.2253874440593804e-10,1.6661593460990263e-09,2.0509012863972154e-09,2.0392145281658583e-09,1.6788382226203559e-09,1.0857688544645420e-09,4.0305878286172707e-10
474,9.4324738640809576e-09,7.9571353687813991e-10,1.6120301692646577e-09,1.9845382309341070e-09,1.9735164083777999e-09,1.6250388970994071e-09,1.0512381546299383e-09,3.9039846689690795e-10
475,9.1285844060269820e-09,7.6976354733094597e-10,1.5596600844241421e-09,1.9203229575471136e-09,1.9099349089276559e-09,1.5729631048499294e-09,1.0178047504533647e-09,3.7813505249382916e-10
476,8.8344854657149096e-09,7.4466020776125945e-10,1.5089919052506679e-09,1.8581859414831585e-09,1.8484018378843738e-09,1.5225556470434774e-09,9.8543380297663978e-10,3.6625612331533087e-10
477,8.5498616184562103e-09,7.2037588307237182e-10,1.4599703051336462e-09,1.7980599089988436e-09,1.7888512002812667e-09,1.4737630921071425e-09,9.5409157833760268e-10,3.5474965052533551e-10
478,8.2744076017148308e-09,6.9688384059538374e-10,1.4125417566785792e-09,1.7398797644638435e-09,1.7312191273356138e-09,1.4265337191622322e-09,9.2374541275180332e-10,3.4360398072737577e-10
479,8.0078279877094206e-09,6.7415822060684359e-10,1.3666544731758387e-09,1.6835825198255072e-09,1.6754438079486078e-09,1.3808174632725509e-09,8.9436367860263702e-10,3.3280782427743503e-10
480,7.7498368665634299e-09,6.5217400781002362e-10,1.3222583519742512e-09,1.6291072263581513e-09,1.6214654224122060e-09,1.3365658624443961e-09,8.6591575160488025e-10,3.2235024395952185e-10
481,7.5001575396633119e-09,6.3090700374832502e-10,1.2793049196974795e-09,1.5763949086230403e-09,1.5692260782517630e-09,1.2937320063222544e-09,8.3837197900768953e-10,3.1222064401275980e-10
482,7.2585222228958777e-09,6.1033380012032611e-10,1.2377472792432067e-09,1.5253885005674204e-09,1.5186697481356486e-09,1.2522704865259644e-09,8.1170364880419516e-10,3.0240875949911624e-10
483,7.0246717594465941e-09,5.9043175296699598e-10,1.1975400585070842e-09,1.4760327836933146e-09,1.4697422097852545e-09,1.2121373485768489e-09,7.8588295991586522e-10,2.9290464600123120e-10
484,6.7983553418507422e-09,5.7117895770255052e-10,1.1586393607752952e-09,1.4282743272290187e-09,1.4223909878209395e-09,1.1732900453619938e-09,7.6088299332081391e-10,2.8369866964013113e-10
485,6.5793302429993636e-09,5.5255422496136624e-10,1.1210027167314116e-09,1.3820614302384200e-09,1.3765652974815490e-09,1.1356873920874821e-09,7.3667768409620593e-10,2.7478149740292814e-10
486,6.3673615558114843e-09,5.3453705723426851e-10,1.0845890380249979e-09,1.3373440656053561e-09,1.3322159901571402e-09,1.0992895226729603e-09,7.1324179434585021e-10,2.6614408777091042e-10
487,6.1622219412934199e-09,5.1710762626838247e-10,1.0493585723511168e-09,1.2940738258322730e-09,1.2892955006765005e-09,1.0640578475414363e-09,6.9055088698498725e-10,2.5777768163872365e-10
488,5.9636913847149370e-09,5.0024675120558255e-10,1.0152728599915548e-09,1.2522038705943987e-09,1.2477577962929233e-09,1.0299550127596819e-09,6.6858130035516197e-10,2.4967379351563326e-10
489,5.7715569596407798e-09,4.8393587743538921e-10,9.8229469177018795e-10,1.2116888759925709e-09,1.2075583273135276e-09,9.9694486048604431e-10,6.4731012364292837e-10,2.4182420300013227e-10
490,5.5856125995644862e-09,4.6815705613895272e-10,9.5038806837644934e-10,1.1724849854496757e-09,1.1686539793191715e-09,9.6499239068384623e-10,6.2671517307696048e-10,2.3422094651943076e-10
491,5.4056588768995464e-09,4.5289292450153179e-10,9.1951816101236962e-10,1.1345497621974650e-09,1.1310030269237120e-09,9.3406372405989427e-10,6.0677496887895084e-10,2.2685630932562336e-10
492,5.2315027890908977e-09,4.3812668657160670e-10,8.8965127332010342e-10,1.0978421433022233e-09,1.0945650890230229e-09,9.0412606618890670e-10,5.8746871294444946e-10,2.1972281774058443e-10
493,5.0629575516173334e-09,4.2384209474548866e-10,8.6075480454826390e-10,1.0623223951794336e-09,1.0593010854857685e-09,8.7514767278593374e-10,5.6877626723055868e-10,2.1281323164188639e-10
494,4.8998423976628420e-09,4.1002343185697356e-10,8.3279721391673912e-10,1.0279520705492091e-09,1.0251731952394884e-09,8.4709781609004040e-10,5.5067813282811681e-10,2.0612053718227388e-10
495,4.7419823842419882e-09,3.9665549385226125e-10,8.0574798614098135e-10,9.9469396678581696e-10,9.9214481570703707e-10,8.1994675232371251e-10,5.3315542969672266e-10,1.9963793973545675e-10
496,4.5892082045714450e-09,3.8372357303100346e-10,7.7957759807802907e-10,9.6251208561612951e-10,9.6018052354987530e-10,7.9366569019357189e-10,5.1618987704162632e-10,1.9335885706120968e-10
497,4.4413560064864030e-09,3.7121344183497546e-10,7.5425748645775084e-10,9.3137159412331287e-10,9.2924603667610914e-10,7.6822676039909219e-10,4.9976377431218164e-10,1.8727691268298090e-10
498,4.2982672167071341e-09,3.5911133716646633e-10,7.2976001666398685e-10,9.0123878701346230e-10,8.9930817747252857e-10,7.4360298611707160e-10,4.8385998280219441e-10,1.8138592947142396e-10
499,4.1597883707672222e-09,3.4740394521907207e-10,7.0605845253141841e-10,8.7208105010428232e-10,8.7033483722121524e-10,7.1976825443064597e-10,4.6846190783311972e-10,1.7567992342746861e-10
500,4.0257709484210592e-09,3.3607838680414046e-10,6.8312692712510377e-10,8.4386682499621578e-10,8.4229494166255184e-10,6.9669728867263052e-10,4.5355348150167050e-10,1.7015309765874544e-10
501,3.8960712143540694e-09,3.2512220315666379e-10,6.6094041447069817e-10,8.1656557488772837e-10,8.1515841766770067e-10,6.7436562165393683e-10,4.3911914597397296e-10,1.6479983654336871e-10
502,3.7705500640248473e-09,3.1452334220494831e-10,6.3947470220441536e-10,7.9014775149767648e-10,7.8889616098480742e-10,6.5274956974875505e-10,4.2514383730897740e-10,1.5961470007526752e-10
503,3.6490728744738389e-09,3.0427014528889800e-10,6.1870636511279804e-10,7.6458476305890581e-10,7.6348000502433778e-10,6.3182620780908905e-10,4.1161296979437426e-10,1.5459241838543594e-10
504,3.5315093599385806e-09,2.9435133431224975e-10,5.9861273953333393e-10,7.3984894334837389e-10,7.3888269065006669e-10,6.1157334488211549e-10,3.9851242077879621e-10,1.4972788643364467e-10
505,3.4177334321206398e-09,2.8475599931457351e-10,5.7917189858790629e-10,7.1591352172022623e-10,7.1507783694332493e-10,5.9196950070468066e-10,3.8582851598460084e-10,1.4501615886532760e-10
506,3.3076230649543807e-09,2.7547358644931781e-10,5.6036262822196839e-10,6.9275259410933595e-10,6.9203991290914141e-10,5.7299388295007495e-10,3.7354801528602330e-10,1.4045244502851865e-10
507,3.2010601637325218e-09,2.6649388635462650e-10,5.4216440402322201e-10,6.7034109497387267e-10,6.6974421009394243e-10,5.5462636520301516e-10,3.6165809893796966e-10,1.3603210414587332e-10
508,3.0979304384481320e-09,2.5780702290409033e-10,5.2455736879443406e-10,6.4865477014648374e-10,6.4816681608543356e-10,5.3684746563954032e-10,3.5014635424118744e-10,1.3175064063696277e-10
509,2.9981232812172067e-09,2.4940344232501317e-10,5.0752231085584322e-10,6.2767015056465831e-10,6.2728458886624713e-10,5.1963832638926582e-10,3.3900076263000188e-10,1.2760369958617710e-10
510,2.9015316476503655e-09,2.4127390267218126e-10,4.9104064305341838e-10,6.0736452685179502e-10,6.0707513199384810e-10,5.0298069355816479e-10,3.2820968716923963e-10,1.2358706235171857e-10
511,2.8080519420464481e-09,2.3340946364551648e-10,4.7509438244999558e-10,5.8771592472141866e-10,5.8751677058007564e-10,4.8685689789074626e-10,3.1776186044738969e-10,1.1969664231130583e-10
512,2.7175839062848613e-09,2.2580147674037231e-10,4.5966613067706982e-10,5.6870308117788470e-10,5.6858852804456371e-10,4.7124983605116984e-10,3.0764637285345587e-10,1.1592848074034454e-10
513,2.6300305122975259e-09,2.1844157571960255e-10,4.4473905492574584e-10,5.5030542148777284e-10,5.5027010361710235e-10,4.5614295250349547e-10,2.9785266122535441e-10,1.1227874281845263e-10
514,2.5452978580050995e-09,2.1132166739688442e-10,4.3029686955604469e-10,5.3250303689700571e-10,5.3254185056481575e-10,4.4152022197189869e-10,2.8837049785809590e-10,1.0874371376035455e-10
515,2.4632950666058485e-09,2.0443392272112428e-10,4.1632381830444608e-10,5.1527666306954195e-10,5.1538475512080179e-10,4.2736613246229487e-10,2.7918997986035724e-10,1.0531979506728222e-10
516,2.3839341891091768e-09,1.9777076815210581e-10,4.0280465707019934e-10,4.9860765922426900e-10,4.9878041609163625e-10,4.1366566882740890e-10,2.7030151884841625e-10,1.0200350089514109e-10
517,2.3071301100092631e-09,1.9132487731786220e-10,3.8972463726156736e-10,4.8247798794748285e-10,4.8271102512186934e-10,4.0040429685790286e-10,2.6169583096676514e-10,9.8791454535813533e-11
518,2.2328004559976498e-09,1.8508916294456524e-10,3.7706948968378625e-10,4.6687019565907477e-10,4.6715934759434771e-10,3.8756794788272871e-10,2.5336392722506033e-10,9.5680385008086513e-11
519,2.1608655076168611e-09,1.7905676905002513e-10,3.6482540895111032e-10,4.5176739371124884e-10,4.5210870414587736e-10,3.7514300386241206e-10,2.4529710414139019e-10,9.2667123754797063e-11
520,2.0912481137603232e-09,1.7322106339218680e-10,3.5297903840589099e-10,4.3715324009928700e-10,4.3754295277840588e-10,3.6311628295949466e-10,2.3748693468216228e-10,8.9748601442895868e-11
521,2.0238736089268615e-09,1.6757563016428857e-10,3.4151745552819014e-10,4.2301192176453640e-10,4.2344647154653111e-10,3.5147502557086756e-10,2.2992525948921626e-10,8.6921844863231238e-11
522,1.9586697331410410e-09,1.6211426292862329e-10,3.3042815781996750e-10,4.0932813747043894e-10,4.0980414180277589e-10,3.4020688080721430e-10,2.2260417838506649e-10,8.4183973926954440e-11
523,1.8955665544534681e-09,1.5683095778110419e-10,3.1969904914839879e-10,3.9608708123304360e-10,3.9660133198265513e-10,3.2929989340525775e-10,2.1551604214746542e-10,8.1532198755543415e-11
524,1.8344963939379230e-09,1.5171990673909340e-10,3.0931842653338765e-10,3.8327442628804225e-10,3.8382388191214409e-10,3.1874249105896055e-10,2.0865344454475933e-10,7.8963816861535669e-11
525,1.7753937531048873e-09,1.4677549134519761e-10,2.9927496736481583e-10,3.7087630957695437e-10,3.7145808762072043e-10,3.0852347215627367e-10,2.0200921462377549e-10,7.6476210417149975e-11
526,1.7181952436536206e-09,1.4199227647997335e-10,2.8955771703555173e-10,3.5887931673564480e-10,3.5949068664368880e-10,2.9863199390845425e-10,1.9557640924224258e-10,7.4066843608065175e-11
527,1.6628395194874348e-09,1.3736500437671552e-10,2.8015607697668806e-10,3.4727046756890698e-10,3.4790884379802645e-10,2.8905756085939079e-10,1.8934830583799902e-10,7.1733260069708115e-11
528,1.6092672109192617e-09,1.3288858883172616e-10,2.7105979308192296e-10,3.3603720199536969e-10,3.3670013741649335e-10,2.7979001376277576e-10,1.8331839542748857e-10,6.9473080403485391e-11
529,1.5574208609969407e-09,1.2855810960367588e-10,2.6225894450842201e-10,3.2516736644749418e-10,3.2585254602524305e-10,2.7081951881535265e-10,1.7748037582628003e-10,6.7283999770472768e-11
530,1.5072448638799390e-09,1.2436880699587924e-10,2.5374393284191416e-10,3.1464920071192447e-10,3.1535443545064589e-10,2.6213655723484354e-10,1.7182814508457816e-10,6.5163785560153494e-11
531,1.4586854052014129e-09,1.2031607661550725e-10,2.4550547161416914e-10,3.0447132519592894e-10,3.0519454634149628e-10,2.5373191517152594e-10,1.6635579513091448e-10,6.3110275131870981e-11
532,1.4116904043516444e-09,1.1639546430395663e-10,2.3753457616139293e-10,2.9462272860613400e-10,2.9536198209322167e-10,2.4559667394278189e-10,1.6105760561742311e-10,6.1121373626734202e-11
533,1.3662094586209541e-09,1.1260266123278245e-10,2.2982255381245021e-10,2.8509275602619754e-10,2.8584619716114191e-10,2.3772220058028267e-10,1.5592803796031510e-10,5.9195051847784072e-11
534,1.3221937891421824e-09,1.0893349915978546e-10,2.2236099439618181e-10,2.7587109738050319e-10,2.7663698575024413e-10,2.3010013867980438e-10,1.5096172956936653e-10,5.7329344206296803e-11
535,1.2795961885747620e-09,1.0538394584002104e-10,2.1514176105743727e-10,2.6694777627137309e-10,2.6772447086934350e-10,2.2272239954398786e-10,1.4615348826043244e-10,5.5522346732166715e-11
536,1.2383709704742707e-09,1.0195010058666856e-10,2.0815698137177857e-10,2.5831313917770393e-10,2.5909909373789042e-10,2.1558115360866915e-10,1.4149828684518599e-10,5.3772215146374125e-11
537,1.1984739202931654e-09,9.8628189976864626e-11,2.0139903874913811e-10,2.4995784500332113e-10,2.5075160353406189e-10,2.0866882214370383e-10,1.3699125789246926e-10,5.2077162993606366e-11
538,1.1598622479601400e-09,9.5414563697764458e-11,1.9486056411703171e-10,2.4187285496372602e-10,2.4267304747314282e-10,2.0197806921949998e-10,1.3262768865581567e-10,5.0435459833159550e-11
539,1.1224945419872577e-09,9.2305690528249658e-11,1.8853442787423088e-10,2.3404942280027793e-10,2.3485476120555549e-10,1.9550179393075683e-10,1.2840301616187994e-10,4.8845429486307084e-11
540,1.0863307250556229e-09,8.9298154451851337e-11,1.8241373210609688e-10,2.2647908531120699e-10,2.2728835952423935e-10,1.8923312286917544e-10,1.2431282245467579e-10,4.7305448338377008e-11
541,1.0513320110319711e-09,8.6388650896601494e-11,1.7649180305306422e-10,2.1915365318919807e-10,2.1996572737141455e-10,1.8316540283717434e-10,1.2035282999068351e-10,4.5813943693834913e-11
542,1.0174608633700705e-09,8.3573983097666295e-11,1.7076218382403848e-10,2.1206520215561817e-10,2.1287901113508379e-10,1.7729219379489524e-10,1.1651889718004657e-10,4.4369392182722048e-11
543,9.8468095485231824e-10,8.0851058578749828e-11,1.6521862734674105e-10,2.0520606438178047e-10,2.0602061022593793e-10,1.7160726203303237e-10,1.1280701406922712e-10,4.2970318216849466e-11
544,9.5295712862835879e-10,7.8216885748388875e-11,1.5985508954729372e-10,1.9856882018795082e-10,1.9938316892563171e-10,1.6610457356425812e-10,1.0921329816063674e-10,4.1615292494198763e-11
545,9.2225536050893413e-10,7.5668570607385073e-11,1.5466572275158511e-10,1.9214629001110226e-10,1.9295956849768623e-10,1.6077828772624660e-10,1.0573399036490111e-10,4.0302930550027762e-11
546,8.9254272247452778e-10,7.3203313563744160e-11,1.4964486930120549e-10,1.8593152663271475e-10,1.8674291955255769e-10,1.5562275098952409e-10,1.0236545108155482e-10,3.9031891353226755e-11
547,8.6378734735966301e-10,7.0818406351610443e-11,1.4478705537696997e-10,1.7991780765819973e-10,1.8072655465868332e-10,1.5063249096358916e-10,9.9104156404095017e-11,3.7800875946515390e-11
548,8.3595839467498074e-10,6.8511229050799368e-11,1.4008698502327729e-10,1.7409862823980132e-10,1.7490402119157986e-10,1.4580221059495607e-10,9.5946694445452224e-11,3.6608626129114607e-11
549,8.0902601753043998e-10,6.6279247203642161e-11,1.3553953436677243e-10,1.6846769403508987e-10,1.6926907441332560e-10,1.4112678255097875e-10,9.2889761780060941e-11,3.5453923180570103e-11
550,7.8296133062416483e-10,6.4120009025963861e-11,1.3113974602299166e-10,1.6301891439341935e-10,1.6381567077500279e-10,1.3660124378350816e-10,8.9930159998833787e-11,3.4335586624445158e-11
551,7.5773637926260779e-10,6.2031142709119868e-11,1.2688282368487643e-10,1.5774639576296637e-10,1.5853796143491813e-10,1.3222079026662667e-10,8.7064792373460009e-11,3.3252473030640380e-11
552,7.3332410937880123e-10,6.0010353810116870e-11,1.2276412688724012e-10,1.5264443531120916e-10,1.5343028598564894e-10,1.2798077190288723e-10,8.4290660626562308e-11,3.2203474855136556e-11
553,7.0969833851654048e-10,5.8055422726940848e-11,1.1877916594146469e-10,1.4770751475193403e-10,1.4848716638318731e-10,1.2387668759266351e-10,8.1604861804355936e-11,3.1187519315994161e-11
554,6.8683372774938276e-10,5.6164202256309201e-11,1.1492359703489039e-10,1.4293029437208282e-10,1.4370330107167139e-10,1.1990418046138920e-10,7.9004585248560228e-11,3.0203567304479471e-11
555,6.6470575450433940e-10,5.4334615231154753e-11,1.1119321748954161e-10,1.3830760725197000e-10,1.3907355929740220e-10,1.1605903323963310e-10,7.6487109664415576e-11,2.9250612330222159e-11
556,6.4329068626111926e-10,5.2564652235237514e-11,1.0758396117500685e-10,1.3383445367260829e-10,1.3459297560604806e-10,1.1233716379111646e-10,7.4049800281758661e-11,2.8327679499343479e-11
557,6.2256555509871129e-10,5.0852369392365047e-11,1.0409189407045862e-10,1.2950599570408424e-10,1.3025674451713430e-10,1.0873462078393716e-10,7.1690106106204998e-11,2.7433824524526955e-11
558,6.0250813306201063e-10,4.9195886227784789e-11,1.0071320997096292e-10,1.2531755196912152e-10,1.2606021537010718e-10,1.0524757950041638e-10,6.9405557257582114e-11,2.6568132766035654e-11
559,5.8309690832206606e-10,4.7593383599391068e-11,9.7444226333385257e-11,1.2126459257615954e-10,1.2199888733644375e-10,1.0187233778112977e-10,6.7193762392845796e-11,2.5729718302710858e-11
560,5.6431106210438279e-10,4.6043101696466731e-11,9.4281380257353135e-11,1.1734273421645837e-10,1.1806840459245873e-10,9.8605312098827653e-11,6.5052406210800856e-11,2.4917723032017241e-11
561,5.4613044636053248e-10,4.4543338103753804e-11,9.1221224596882394e-11,1.1354773541991951e-10,1.1426455164763043e-10,9.5443033758085888e-11,6.2979247036032101e-11,2.4131315798228407e-11
562,5.2853556215912812e-10,4.3092445928719494e-11,8.8260424198418321e-11,1.0987549196448316e-10,1.1058324882343626e-10,9.2382145216662370e-11,6.0972114479533277e-11,2.3369691547875171e-11
563,5.1150753877298099e-10,4.1688831989953896e-11,8.5395752261179655e-11,1.0632203243412956e-10,1.0702054787784753e-10,8.9419396524662723e-11,5.9028907173601556e-11,2.2632070511606026e-11
564,4.9502811344001809e-10,4.0330955064702785e-11,8.2624086815828400e-11,1.0288351392067281e-10,1.0357262777079217e-10,8.6551641877743809e-11,5.7147590578642406e-11,2.1917697411635745e-11
565,4.7907961177624731e-10,3.9017324193604483e-11,7.9942407317617164e-11,9.9556217864691764e-11,1.0023579056604269e-10,8.3775836280703683e-11,5.5326194859603654e-11,2.1225840693983858e-11
566,4.6364492881976521e-10,3.7746497040762523e-11,7.7347791350291054e-11,9.6336546031092643e-11,9.7006457465134644e-11,8.1089032317924346e-11,5.3562812829830629e-11,2.0555791784729324e-11
567,4.4870751068547792e-10,3.6517078307347222e-11,7.4837411437142395e-11,9.3221016614944841e-11,9.3881164969061736e-11,7.8488377027246055e-11,5.1855597960203599e-11,1.9906864369532051e-11
568,4.3425133681085829e-10,3.5327718196978138e-11,7.2408531955733615e-11,9.0206260473371635e-11,9.0856561163631094e-11,7.5971108873961932e-11,5.0202762451486807e-11,1.9278393695695062e-11
569,4.2026090277369757e-10,3.4177110931196343e-11,7.0058506152917008e-11,8.7289017479414869e-11,8.7929402124494538e-11,7.3534554821727019e-11,4.8602575367884001e-11,1.8669735896063807e-11
570,4.0672120366342410e-10,3.3063993313390970e-11,6.7784773256889760e-11,8.4466132993924207e-11,8.5096548438000231e-11,7.1176127497279193e-11,4.7053360829858800e-11,1.8080267334080978e-11
571,3.9361771798815459e-10,3.1987143339597879e-11,6.5584855683128737e-11,8.1734554451649963e-11,8.2354961834133447e-11,6.8893322445968326e-11,4.5553496264339836e-11,1.7509383969336375e-11
572,3.8093639210021703e-10,3.0945378854639682e-11,6.3456356331152229e-11,7.9091328057842077e-11,7.9701701927934985e-11,6.6683715475185873e-11,4.4101410710490128e-11,1.6956500742972083e-11
573,3.6866362512344349e-10,2.9937556252126783e-11,6.1396955969155097e-11,7.6533595591777141e-11,7.7133923065902635e-11,6.4544960082881001e-11,4.2695583179278003e-11,1.6421050982322859e-11
574,3.5678625436606448e-10,2.8962569216887202e-11,5.9404410703659770e-11,7.4058591313752070e-11,7.4648871273993080e-11,6.2474784968438505e-11,4.1334541065142475e-11,1.5902485824191293e-11
575,3.4529154120356189e-10,2.8019347508439719e-11,5.7476549531418750e-11,7.1663638972194299e-11,7.2243881303951405e-11,6.0470991623281621e-11,4.0016858608100422e-11,1.5400273656175706e-11
576,3.3416715741634040e-10,2.7106855784170307e-11,5.5611271970893847e-11,6.9346148907647396e-11,6.9916373774799862e-11,5.8531451998646980e-11,3.8741155404695001e-11,1.4913899575486996e-11
577,3.2340117196756074e-10,2.6224092460915482e-11,5.3806545770724814e-11,6.7103615250495537e-11,6.7663852406420372e-11,5.6654106248060549e-11,3.7506094966235627e-11,1.4442864864708336e-11
578,3.1298203820695856e-10,2.5370088613698507e-11,5.2060404692683642e-11,6.4933613209392397e-11,6.5483901342263904e-11,5.4836960542122927e-11,3.6310383322828918e-11,1.3986686483968283e-11
579,3.0289858148692140e-10,2.4543906910405418e-11,5.0370946366692888e-11,6.2833796447457535e-11,6.3374182558314790e-11,5.3078084953288334e-11,3.5152767671747641e-11,1.3544896579014821e-11
580,2.9313998717754316e-10,2.3744640581227576e-11,4.8736330215564507e-11,6.0801894543399263e-11,6.1332433355531635e-11,5.1375611408396272e-11,3.4032035068730569e-11,1.3117042004693385e-11
581,2.8369578906780232e-10,2.2971412421735408e-11,4.7154775447192454e-11,5.8835710534814212e-11,5.9356463933075120e-11,4.9727731706786291e-11,3.2947011160851099e-11,1.2702683863347744e-11
582,2.7455585814042312e-10,2.2223373828485558e-11,4.5624559112005704e-11,5.6933118541003541e-11,5.7444155039719900e-11,4.8132695601895767e-11,3.1896558959635226e-11,1.2301397057677377e-11
583,2.6571039170838148e-10,2.1499703866099199e-11,4.4144014223559796e-11,5.5092061462731195e-11,5.5593455700931968e-11,4.6588808944307941e-11,3.0879577653151721e-11,1.1912769857599661e-11
584,2.5714990290140425e-10,2.0799608364783999e-11,4.2711527940213909e-11,5.3310548756433769e-11,5.3802381019173474e-11,4.5094431884282372e-11,2.9895001455837539e-11,1.1536403480679170e-11
585,2.4886521049118523e-10,2.0122319047305954e-11,4.1325539805907645e-11,5.1586654280471271e-11,5.2069010045076088e-11,4.3647977131863195e-11,2.8941798494860966e-11,1.1171911685700116e-11
586,2.4084742904440630e-10,1.9467092684449525e-11,3.9984540048115627e-11,4.9918514211086969e-11,5.0391483717199321e-11,4.2247908272721141e-11,2.8018969731862629e-11,1.0818920378971093e-11
587,2.3308795939300223e-10,1.8833210278036206e-11,3.8687067931121134e-11,4.8304325025819434e-11,4.8768002868164646e-11,4.0892738137944882e-11,2.7125547918951758e-11,1.0477067232964169e-11
588,2.2557847941144826e-10,1.8219976270601667e-11,3.7431710162810165e-11,4.6742341552183299e-11,4.7196826295026553e-11,3.9581027226053687e-11,2.6260596587870172e-11,1.0146001316902719e-11
589,2.1831093509117944e-10,1.7626717780861383e-11,3.6217099353245837e-11,4.5230875079505734e-11,4.5676268891811221e-11,3.8311382175559473e-11,2.5423209071271334e-11,9.8253827389244671e-12
590,2.1127753190256861e-10,1.7052783864122782e-11,3.5041912523339597e-11,4.3768291531874300e-11,4.4204699842219937e-11,3.7082454286459106e-11,2.4612507555095030e-11,9.5148822994578417e-12
591,2.0447072643519832e-10,1.6497544796829581e-11,3.3904869661990699e-11,4.2353009700217636e-11,4.2780540870558708e-11,3.5892938089090197e-11,2.3827642161050513e-11,9.2141811554609734e-12
592,1.9788321830746180e-10,1.5960391384450554e-11,3.2804732330117996e-11,4.0983499531605102e-11,4.1402264549018451e-11,3.4741569958833537e-11,2.3067790058252438e-11,8.9229704951837237e-12
593,1.9150794233681477e-10,1.5440734291950723e-11,3.1740302310059675e-11,3.9658280473912767e-11,4.0068392659490080e-11,3.3627126775193881e-11,2.2332154603084019e-11,8.6409512231236193e-12
594,1.8533806096228125e-10,1.4938003396107744e-11,3.0710420298865990e-11,3.8375919874063753e-11,3.8777494608157618e-11,3.2548424623837906e-11,2.1619964506391370e-11,8.3678336548568758e-12
595,1.7936695691108648e-10,1.4451647158960544e-11,2.9713964644057986e-11,3.7135031428108484e-11,3.7528185891168963e-11,3.1504317540213627e-11,2.0930473027141212e-11,8.1033372214356655e-12
596,1.7358822610155120e-10,1.3981132021700249e-11,2.8749850120471739e-11,3.5934273681466793e-11,3.6319126609738614e-11,3.0493696293419469e-11,2.0262957191701954e-11,7.8471901830523528e-12
597,1.6799567077463625e-10,1.3525941818336306e-11,2.7817026746852395e-11,3.4772348577708257e-11,3.5149020033090003e-11,2.9515487209034038e-11,1.9616717037934387e-11,7.5991293516808582e-12
598,1.6258329284677090e-10,1.3085577208492227e-11,2.6914478640905869e-11,3.3648000054299306e-11,3.4016611207695938e-11,2.8568651029658795e-11,1.8991074883304497e-11,7.3588998224142528e-12
599,1.5734528747683494e-10,1.2659555128706565e-11,2.6041222911557891e-11,3.2560012683797011e-11,3.2920685611325701e-11,2.7652181811965745e-11,1.8385374616255514e-11,7.1262547132265269e-12
600,1.5227603684039638e-10,1.2247408261635172e-11,2.5196308587211012e-11,3.1507210359018366e-11,3.1860067850455194e-11,2.6765105859081033e-11,1.7798981010100663e-11,6.9009549128949392e-12
601,1.4737010410452610e-10,1.1848684522570414e-11,2.4378815578829209e-11,3.0488455020761525e-11,3.0833620399643079e-11,2.5906480687172673e-11,1.7231279058721616e-11,6.6827688368275813e-12
602,1.4262222759672871e-10,1.1462946562712132e-11,2.3587853676718108e-11,2.9502645426701762e-11,2.9840242381520935e-11,2.5075394025146933e-11,1.6681673333380079e-11,6.4714721905487706e-12
603,1.3802731516173479e-10,1.1089771288643627e-11,2.2822561579905299e-11,2.8548715960129206e-11,2.8878868386088910e-11,2.4270962846392971e-11,1.6149587359972166e-11,6.2668477406026054e-12
604,1.3358043870010230e-10,1.0728749397483794e-11,2.2082105957061210e-11,2.7625635477238797e-11,2.7948467328050485e-11,2.3492332431549218e-11,1.5634463016076297e-11,6.0686850926424967e-12
605,1.2927682888277027e-10,1.0379484927203707e-11,2.1365680537935156e-11,2.6732406191724589e-11,2.7048041340961031e-11,2.2738675461297927e-11,1.5135759947166091e-11,5.8767804764817569e-12
606,1.2511187003589519e-10,1.0041594821612811e-11,2.0672505234314693e-11,2.5868062595470840e-11,2.6176624707003881e-11,2.2009191138226092e-11,1.4652955001379552e-11,5.6909365378873184e-12
607,1.2108109519048486e-10,9.7147085095359193e-12,2.0001825289548627e-11,2.5031670414171547e-11,2.5333282821246231e-11,2.1303104336821776e-11,1.4185541682255254e-11,5.5109621369055001e-12
608,1.1718018129151975e-10,9.3984674977179171e-12,1.9352910455705160e-11,2.4222325596747881e-11,2.4517111189264003e-11,2.0619664780704600e-11,1.3733029618864886e-11,5.3366721525153021e-12
609,1.1340494456142400e-10,9.0925249770081285e-12,1.8725054197466990e-11,2.3439153337469451e-11,2.3727234457060574e-11,1.9958146246218146e-11,1.3294944052789601e-11,5.1678872934111067e-12
610,1.0975133601291302e-10,8.7965454413909973e-12,1.8117572921894213e-11,2.2681307129720988e-11,2.2962805472238957e-11,1.9317845791539792e-11,1.2870825341405204e-11,5.0044339147228643e-12
611,1.0621543710640556e-10,8.5102043194438382e-12,1.7529805233214314e-11,2.1947967850390068e-11,2.2223004375420597e-11,1.8698083010490753e-11,1.2460228476958147e-11,4.8461438404878301e-12
612,1.0279345554734222e-10,8.2331876178161410e-12,1.6961111211825669e-11,2.1238342873884776e-11,2.1507037720936178e-11,1.8098199310254964e-11,1.2062722620930771e-11,4.6928541916937109e-12
613,9.9481721218903533e-11,7.9651915763380551e-12,1.6410871716727677e-11,2.0551665214822302e-11,2.0814137625845531e-11,1.7517557212241129e-11,1.1677890653210092e-11,4.5444072197187451e-12
614,9.6276682245765054e-11,7.7059223343786781e-12,1.5878487710615962e-11,1.9887192698460462e-11,2.0143560946373818e-11,1.6955539675346527e-11,1.1305328735589949e-11,4.4006501449996628e-12
615,9.3174901184667857e-11,7.4550956080869073e-12,1.5363379606906087e-11,1.9244207157974199e-11,1.9494588480880830e-11,1.6411549440904967e-11,1.0944645889151111e-11,4.2614350007637620e-12
616,9.0173051337718891e-11,7.2124363781598593e-12,1.4864986637973003e-11,1.8622013657708199e-11,1.8866524198508456e-11,1.5885008398624354e-11,1.0595463585078548e-11,4.1266184816664707e-12
617,8.7267913184466993e-11,6.9776785877952237e-12,1.4382766243916664e-11,1.8019939741564857e-11,1.8258694492679144e-11,1.5375356972841474e-11,1.0257415348488936e-11,3.9960617971806967e-12
618,8.4456370928928167e-11,6.7505648504953292e-12,1.3916193481186766e-11,1.7437334705714105e-11,1.7670447458644658e-11,1.4882053528443123e-11,9.9301463748550846e-12,3.8696305295890989e-12
619,8.1735409157856408e-11,6.5308461674013917e-12,1.3464760450421093e-11,1.6873568894837845e-11,1.7101152194310307e-11,1.4404573795823664e-11,9.6133131586270682e-12,3.7471944964350447e-12
620,7.9102109606676440e-11,6.3182816538470124e-12,1.3027975742873062e-11,1.6328033021147317e-11,1.6550198123584782e-11,1.3942410314269148e-11,9.3065831336625850e-12,3.6286276172925491e-12
621,7.6553648029609430e-11,6.1126382748300935e-12,1.2605363904824287e-11,1.5800137505436362e-11,1.6016994341529863e-11,1.3495071893177710e-11,9.0096343250912818e-12,3.5138077847198321e-12
622,7.4087291170635023e-11,5.9136905891121738e-12,1.2196464919397697e-11,1.5289311839457329e-11,1.5500968980607712e-11,1.3062083090544904e-11,8.7221550122498049e-12,3.4026167392653961e-12
623,7.1700393832041109e-11,5.7212205016636896e-12,1.1800833705205639e-11,1.4795003968929598e-11,1.5001568597345972e-11,1.2642983708160820e-11,8.4438434023357844e-12,3.2949399483995978e-12
624,6.9390396037417090e-11,5.5350170241828468e-12,1.1418039631285911e-11,1.4316679696512883e-11,1.4518257578762914e-11,1.2237328302983687e-11,8.1744073144401668e-12,3.1906664892486733e-12
625,6.7154820286048051e-11,5.3548760434246856e-12,1.1047666047796341e-11,1.3853822104099176e-11,1.4050517567916014e-11,1.1844685714171686e-11,7.9135638736281127e-12,3.0896889350120295e-12
626,6.4991268895765138e-11,5.1806000970855059e-12,1.0689309831955827e-11,1.3405930993798177e-11,1.3597846907957825e-11,1.1464638605271356e-11,7.6610392147491342e-12,2.9919032449473244e-12
627,6.2897421431402337e-11,5.0119981569961682e-12,1.0342580948736296e-11,1.2972522347011093e-11,1.3159760104102911e-11,1.1096783021077043e-11,7.4165681956673345e-12,2.8972086578114934e-12
628,6.0871032216101420e-11,4.8488854193857896e-12,1.0007102025826317e-11,1.2553127801007484e-11,1.2735787302928779e-11,1.0740727958691342e-11,7.1798941196123505e-12,2.8055075886493582e-12
629,5.8909927922796316e-11,4.6910831019851596e-12,9.6825079424024569e-12,1.2147294142438647e-11,1.2325473788452386e-11,1.0396094952331642e-11,6.9507684663611626e-12,2.7167055288248620e-12
630,5.7012005243293444e-11,4.5384182477467626e-12,9.3684454312597966e-12,1.1754582817239475e-11,1.1928379494441717e-11,1.0062517671442302e-11,6.7289506319701355e-12,2.6307109491932436e-12
631,5.5175228632447978e-11,4.3907235349654921e-12,9.0645726938673609e-12,1.1374569456388311e-11,1.1544078532439398e-11,9.7396415316862309e-12,6.5142076767855326e-12,2.5474352063156552e-12
632,5.3397628125017084e-11,4.2478370935912826e-12,8.7705590279285598e-12,1.1006843417011681e-11,1.1172158734992138e-11,9.4271233184032195e-12,6.3063140814693945e-12,2.4667924516208096e-12
633,5.1677297222848144e-11,4.1096023275316290e-12,8.4860844670402174e-12,1.0651007338337257e-11,1.0812221213596145e-11,9.1246308221356272e-12,6.1050515107860573e-12,2.3886995434212192e-12
634,5.0012390850136374e-11,3.9758677427486096e-12,8.2108394320570517e-12,1.0306676712014513e-11,1.0463879930884350e-11,8.8318424858347508e-12,5.9102085849026005e-12,2.3130759616945011e-12
635,4.8401123374558533e-11,3.8464867809613520e-12,7.9445243937812641e-12,9.9734794663381331e-12,1.0126761286596628e-11,8.5484470633737211e-12,5.7215806579644386e-12,2.2398437255430017e-12
636,4.6841766692160621e-11,3.7213176587711041e-12,7.6868495466092060e-12,9.6510555639242323e-12,9.8005037168889903e-12,8.2741432890045870e-12,5.5389696037147736e-12,2.1689273132477311e-12
637,4.5332648373945327e-11,3.6002232120320048e-12,7.4375344927790823e-12,9.3390566124040241e-12,9.4847573065519641e-12,8.0086395574090049e-12,5.3621836079340419e-12,2.1002535848352127e-12
638,4.3872149872171644e-11,3.4830707452964338e-12,7.1963079368752412e-12,9.0371454877136961e-12,9.1791834137222700e-12,7.7516536140030664e-12,5.1910369674825272e-12,2.0337517070784083e-12
639,4.2458704784442668e-11,3.3697318861694068e-12,6.9629073902557784e-12,8.7449959695728160e-12,8.8834543066853106e-12,7.5029122551677471e-12,5.0253498957362694e-12,1.9693530808553446e-12
640,4.1090797173720102e-11,3.2600824444118790e-12,6.7370788850809709e-12,8.4622923887568877e-12,8.5972528123789279e-12,7.2621510380869605e-12,4.8649483342130093e-12,1.9069912707914630e-12
641,3.9766959942463234e-11,3.1540022756380521e-12,6.5185766976306562e-12,8.1887292857823352e-12,8.3202719762214303e-12,7.0291139998853365e-12,4.7096637701913888e-12,1.8466019371140275e-12
642,3.8485773259149066e-11,3.0513751494568274e-12,6.3071630806086781e-12,7.9240110806346232e-12,8.0522147328990841e-12,6.8035533857678038e-12,4.5593330601328876e-12,1.7881227696491650e-12
643,3.7245863035485748e-11,2.9520886219124476e-12,6.1026080041424091e-12,7.6678517531821510e-12,7.7927935877599371e-12,6.5852293858725014e-12,4.4137982587219978e-12,1.7314934238943015e-12
644,3.6045899452686111e-11,2.8560339120840862e-12,5.9046889051948487e-12,7.4199745339301249e-12,7.5417303084723225e-12,6.3739098805578578e-12,4.2729064533460298e-12,1.6766554591008465e-12
645,3.4884595535220956e-11,2.7631057827087412e-12,5.7131904451159287e-12,7.1801116047797916e-12,7.2987556266172978e-12,6.1693701938535679e-12,4.1365096038416007e-12,1.6235522783040302e-12
646,3.3760705770522051e-11,2.6732024246961886e-12,5.5279042750686160e-12,6.9480038094692604e-12,7.0636089488949887e-12,5.9713928548138851e-12,4.0044643873403450e-12,1.5721290702387698e-12
647,3.2673024773154839e-11,2.5862253454090637e-12,5.3486288090739077e-12,6.7234003733826450e-12,6.8360380776351112e-12,5.7797673665200229e-12,3.8766320480517342e-12,1.5223327530823555e-12
648,3.1620385992027872e-11,2.5020792605852527e-12,5.1751690044272240e-12,6.5060586324243376e-12,6.6157989403119043e-12,5.5942899824865427e-12,3.7528782518259986e-12,1.4741119199666076e-12
649,3.0601660459252561e-11,2.4206719897838040e-12,5.0073361492466793e-12,6.2957437706650862e-12,6.4026553277733757e-12,5.4147634902344986e-12,3.6330729453451805e-12,1.4274167862039442e-12
650,2.9615755579311492e-11,2.3419143552394373e-12,4.8449476569215203e-12,6.0922285664760296e-12,6.1963786409041204e-12,5.2409970018016938e-12,3.5170902197951421e-12,1.3821991381735472e-12
651,2.8661613957236299e-11,2.2657200840144756e-12,4.6878268672365630e-12,5.8952931468760230e-12,5.9967476454499841e-12,5.0728057509677222e-12,3.4048081788760367e-12,1.3384122838154967e-12
652,2.7738212264538846e-11,2.1920057133406607e-12,4.5358028539557135e-12,5.7047247498264866e-12,5.8035482347416439e-12,4.9100108969786700e-12,3.2961088110132906e-12,1.2960110046823815e-12
653,2.6844560141678901e-11,2.1206904990468127e-12,4.3887102386547558e-12,5.5203174942166026e-12,5.6165732000625959e-12,4.7524393345631561e-12,3.1908778656355087e-12,1.2549515094994687e-12
654,2.5979699135891523e-11,2.0516963269716986e-12,4.2463890106003489e-12,5.3418721572900132e-12,5.4356220084152902e-12,4.5999235100381365e-12,3.0890047333899764e-12,1.2151913891860588e-12
655,2.5142701673234816e-11,1.9849476272647460e-12,4.1086843524788284e-12,5.1691959592722265e-12,5.2605005874470548e-12,4.4523012433093054e-12,2.9903823301705268e-12,1.1766895732921280e-12
656,2.4332670063755597e-11,1.9203712914804276e-12,3.9754464717847566e-12,5.0021023549657373e-12,5.0910211173051387e-12,4.3094155555771985e-12,2.8949069848365335e-12,1.1394062878058033e-12
657,2.3548735538706013e-11,1.8578965923752059e-12,3.8465304376853596e-12,4.8404108320873918e-12,4.9270018291976320e-12,4.1711145025661757e-12,2.8024783305056344e-12,1.1033030142886113e-12
658,2.2790057318778490e-11,1.7974551063189043e-12,3.7217960231829466e-12,4.6839467161298359e-12,4.7682668104442340e-12,4.0372510130992574e-12,2.7129991993065264e-12,1.0683424502967842e-12
659,2.2055821712359721e-11,1.7389806382352417e-12,3.6011075524032186e-12,4.5325409815359556e-12,4.6146458158077599e-12,3.9076827328475385e-12,2.6263755204817789e-12,1.0344884710482253e-12
660,2.1345241242836497e-11,1.6824091489890599e-12,3.4843337528429266e-12,4.3860300689820289e-12,4.4659740849040549e-12,3.7822718730883178e-12,2.5425162217341191e-12,1.0017060922959911e-12
661,2.0657553804017499e-11,1.6276786851404471e-12,3.3713476124157904e-12,4.2442557085719255e-12,4.3220921654944809e-12,3.6608850643114586e-12,2.4613331337130094e-12,9.6996143437038544e-13
662,1.9992021842765096e-11,1.5747293109885810e-12,3.2620262411407856e-12,4.1070647487511055e-12,4.1828457424714545e-12,3.5433932145185777e-12,2.3827408975416545e-12,9.3922168735294166e-13
663,1.9347931567960708e-11,1.5235030428306223e-12,3.1562507373220181e-12,3.9743089907553403e-12,4.0480854723536115e-12,3.4296713720646881e-12,2.3066568752876997e-12,9.0945507734672647e-13
664,1.8724592184955067e-11,1.4739437853634258e-12,3.0539060580742477e-12,3.8458450284150577e-12,3.9176668231131162e-12,3.3195985928967134e-12,2.2330010632839981e-12,8.8063083380851016e-13
665,1.8121335154682645e-11,1.4259972701582009e-12,2.9548808940529286e-12,3.7215340931420488e-12,3.7914499191632964e-12,3.2130578120479599e-12,2.1616960082087797e-12,8.5271915790943088e-13
666,1.7537513476645316e-11,1.3796109961405217e-12,2.8590675482521593e-12,3.6012419039308330e-12,3.6692993913403817e-12,3.1099357192521492e-12,2.0926667258374428e-12,8.2569119189182788e-13
667,1.6972500994996491e-11,1.3347341720102994e-12,2.7663618187384207e-12,3.4848385222124460e-12,3.5510842317184303e-12,3.0101226385449848e-12,2.0258406223809755e-12,7.9951898939093309e-13
668,1.6425691726981345e-11,1.2913176605384634e-12,2.6766628851922538e-12,3.3721982114036362e-12,3.4366776531017307e-12,2.9135124117254540e-12,1.9611474183287186e-12,7.7417548669108891e-13
669,1.5896499213012963e-11,1.2493139246791508e-12,2.5898731991341709e-12,3.2631993009995537e-12,3.3259569530439992e-12,2.8200022855531664e-12,1.8985190747158058e-12,7.4963447488711687e-13
670,1.5384355887687281e-11,1.2086769754382160e-12,2.5058983777151484e-12,3.1577240550629245e-12,3.2188033822485105e-12,2.7294928025619806e-12,1.8378897217381225e-12,7.2587057292238044e-13
671,1.4888712471062314e-11,1.1693623214407892e-12,2.4246471009558990e-12,3.0556585449674662e-12,3.1151020172080344e-12,2.6418876953740280e-12,1.7791955896401176e-12,7.0285920147597944e-13
672,1.4409037379548717e-11,1.1313269201424859e-12,2.3460310123229103e-12,2.9568925262578891e-12,3.0147416369479784e-12,2.5570937844019385e-12,1.7223749418031378e-12,6.8057655767237831e-13
673,1.3944816155779953e-11,1.0945291306306827e-12,2.2699646225328631e-12,2.8613193194933102e-12,2.9176146037405406e-12,2.4750208788306700e-12,1.6673680099642783e-12,6.5899959058760692e-13
674,1.3495550916850482e-11,1.0589286679640084e-12,2.1963652164805724e-12,2.7688356949451830e-12,2.8236167476619358e-12,2.3955816807738361e-12,1.6141169314979593e-12,6.3810597752698729e-13
675,1.3060759820330318e-11,1.0244865589999044e-12,2.1251527631889914e-12,2.6793417610250388e-12,2.7326472548688882e-12,2.3186916925027777e-12,1.5625656886945942e-12,6.1787410105012246e-13
676,1.2639976547483152e-11,9.9116509966173554e-13,2.0562498286831305e-12,2.5927408563213750e-12,2.6446085594745590e-12,2.2442691266498965e-12,1.5126600499728054e-12,5.9828302671964860e-13
677,1.2232749803133840e-11,9.5892781359852169e-13,1.9895814916929068e-12,2.5089394451289039e-12,2.5594062389079452e-12,2.1722348192909184e-12,1.4643475129636595e-12,5.7931248155098540e-13
678,1.1838642831648856e-11,9.2773941219188199e-13,1.9250752620930625e-12,2.4278470163571875e-12,2.4769489126445252e-12,2.1025121458138075e-12,1.4175772494073507e-12,5.6094283314103873e-13
679,1.1457232948510533e-11,8.9756575586627388e-13,1.8626610019912336e-12,2.3493759857093090e-12,2.3971481441995364e-12,2.0350269394850185e-12,1.3723000518046635e-12,5.4315506945449844e-13
680,1.1088111086982823e-11,8.6837381666003816e-13,1.8022708493781777e-12,2.2734416010248071e-12,2.3199183462787684e-12,1.9697074126266243e-12,1.3284682817673622e-12,5.2593077924704496e-13
681,1.0730881359382213e-11,8.4013164201614322e-13,1.7438391442569301e-12,2.1999618506844682e-12,2.2451766889851515e-12,1.9064840803206334e-12,1.2860358200134550e-12,5.0925213310543124e-13
682,1.0385160632483393e-11,8.1280831975286924e-13,1.6873023571703915e-12,2.1288573749779504e-12,2.1728430109826842e-12,1.8452896865594972e-12,1.2449580179549692e-12,4.9310186508503055e-13
683,1.0050578116604204e-11,7.8637394417596213e-13,1.6325990200494395e-12,2.0600513803383610e-12,2.1028397335224255e-12,1.7860591327643890e-12,1.2051916508275734e-12,4.7746325492605545e-13
684,9.7267749679292102e-12,7.6079958329505191e-13,1.5796696593062061e-12,1.9934695563510420e-12,2.0350917772383441e-12,1.7287294085953663e-12,1.1666948723129615e-12,4.6232011083023805e-13
685,9.4134039036453237e-12,7.3605724710833079e-13,1.5284567310996036e-12,1.9290399954468171e-12,1.9695264816237848e-12,1.6732395249799481e-12,1.1294271706064980e-12,4.4765675278033940e-13
686,9.1101288294767796e-12,7.1211985692067133e-13,1.4789045587025478e-12,1.8666931151928443e-12,1.9060735271021953e-12,1.6195304492889962e-12,1.0933493258841206e-12,4.3345799638540531e-13
687,8.8166244792199497e-12,6.8896121566149563e-13,1.4309592719026284e-12,1.8063615830970429e-12,1.8446648596085214e-12,1.5675450425910722e-12,1.0584233691239664e-12,4.1970913723522329e-13
688,8.5325760658913603e-12,6.6655597916980529e-13,1.3845687483701817e-12,1.7479802438447731e-12,1.7852346176003956e-12,1.5172279989186431e-12,1.0246125422396040e-12,4.0639593574795800e-13
689,8.2576789441148444e-12,6.4487962841484488e-13,1.3396825569298785e-12,1.6914860488890842e-12,1.7277190614208349e-12,1.4685257864816427e-12,9.9188125948311815e-13,3.9350460249544141e-13
690,7.9916382833856673e-12,6.2390844262190217e-13,1.2962519026740073e-12,1.6368179883183905e-12,1.6720565049366818e-12,1.4213865907659679e-12,9.6019507007763182e-13,3.8102178399108530e-13
691,7.7341687518612223e-12,6.0361947327373960e-13,1.2542295738576419e-12,1.5839170249278958e-12,1.6181872493794770e-12,1.3757602594564850e-12,9.2952062204012948e-13,3.6893454892585385e-13
692,7.4849942103391700e-12,5.8399051895911404e-13,1.2135698905178297e-12,1.5327260304234765e-12,1.5660535193178033e-12,1.3315982491260620e-12,8.9982562715669049e-13,3.5723037483819380e-13
693,7.2438474160947781e-12,5.6500010104077696e-13,1.1742286547608152e-12,1.4831897236890321e-12,1.5155994006924366e-12,1.2888535736340083e-12,8.7107882707344977e-13,3.4589713520425915e-13
694,7.0104697362598555e-12,5.4662744011623929e-13,1.1361631026631258e-12,1.4352546110505586e-12,1.4667707808478342e-12,1.2474807541791296e-12,8.4324996046776743e-13,3.3492308693520171e-13
695,6.7846108704358595e-12,5.2885243324546610e-13,1.0993318577341181e-12,1.3888689284723379e-12,1.4195152904956553e-12,1.2074357709543531e-12,8.1630973126521977e-13,3.2429685826870984e-13
696,6.5660285822436671e-12,5.1165563192050023e-13,1.0636948858892736e-12,1.3439825856227493e-12,1.3737822475480625e-12,1.1686760163515795e-12,7.9022977786911748e-13,3.1400743704238346e-13
697,6.3544884395221184e-12,4.9501822075283401e-13,1.0292134518851890e-12,1.3005471117492182e-12,1.3295226027605673e-12,1.1311602496670706e-12,7.6498264337031617e-13,3.0404415933692315e-13
698,6.1497635628966814e-12,4.7892199685513614e-13,9.9585007716879414e-13,1.2585156033037740e-12,1.2866888871261178e-12,1.0948485532592605e-12,7.4054174670611045e-13,2.9439669847748780e-13
699,5.9516343824485500e-12,4.6334934989470125e-13,9.6356849909487301e-13,1.2178426732625902e-12,1.2452351609640119e-12,1.0597022901124354e-12,7.1688135473799578e-13,2.8505505438194251e-13
700,5.7598884022232530e-12,4.4828324279672987e-13,9.3233363146746066e-13,1.1784844020847076e-12,1.2051169646490325e-12,1.0256840627612084e-12,6.9397655521904040e-13,2.7600954324507242e-13
701,5.5743199723261427e-12,4.3370719307626091e-13,9.0211152636212267e-13,1.1403982902569095e-12,1.1662912709279581e-12,9.9275767353216333e-13,6.7180323062254612e-13,2.6725078754818281e-13
702,5.3947300683604034e-12,4.1960525477826551e-13,8.7286933718752790e-13,1.1035432123734462e-12,1.1287164387723096e-12,9.6088808606044407e-13,6.5033803280457359e-13,2.5876970638383620e-13
703,5.2209260779709458e-12,4.0596200100608423e-13,8.4457528294607369e-13,1.0678793727009522e-12,1.0923521687178437e-12,9.3004138804040979e-13,6.2955835847378072e-13,2.5055750608580093e-13
704,5.0527215942653269e-12,3.9276250701903156e-13,8.1719861365462781e-13,1.0333682621805169e-12,1.0571594596428848e-12,9.0018475517079842e-13,6.0944232544286879e-13,2.4260567115459883e-13
705,4.8899362158900942e-12,3.7999233388061970e-13,7.9070957688771999e-13,9.9997261682041556e-13,1.0231005669391505e-12,8.7128641625609950e-13,5.8996874963674962e-13,2.3490595546933895e-13
706,4.7323953535481283e-12,3.6763751263945613e-13,7.6507938540673460e-13,9.6765637743451903e-13,9.9013896203019803e-13,8.4331561942706569e-13,5.7111712283333594e-13,2.2745037377681951e-13
707,4.5799300427495158e-12,3.5568452902545692e-13,7.4028018583984514e-13,9.3638465068285007e-13,9.5823929319408390e-13,8.1624259944448890e-13,5.5286759111362612e-13,2.2023119344916454e-13
708,4.4323767625950631e-12,3.4412030864458097e-13,7.1628502837857168e-13,9.0612367137216494e-13,9.2736734764821101e-13,7.9003854605150545e-13,5.3520093399849773e-13,2.1324092650153205e-13
709,4.2895772603981607e-12,3.3293220265584035e-13,6.9306783745795390e-13,8.7684076597580300e-13,8.9749001485570421e-13,7.6467557334081645e-13,5.1809854425034002e-13,2.0647232186170297e-13
710,4.1513783819568401e-12,3.2210797391487047e-13,6.7060338338840206e-13,8.4850431733336307e-13,8.6857525101395673e-13,7.4012669010428163e-13,5.0154240831835349e-13,1.9991835788361240e-13
711,4.0176319072940358e-12,3.1163578356885495e-13,6.4886725490832665e-13,8.2108373049204316e-13,8.4059204468726240e-13,7.1636577113339248e-13,4.8551508740701905e-13,1.9357223509713729e-13
712,3.8881943916898612e-12,3.0150417808809890e-13,6.2783583262765335e-13,7.9454939965271343e-13,8.1351038354667389e-13,6.9336752944013598e-13,4.6999969914788911e-13,1.8742736918669586e-13
713,3.7629270118353946e-12,2.9170207672001964e-13,6.0748626333329393e-13,7.6887267618499001e-13,7.8730122218141537e-13,6.7110748936874107e-13,4.5497989985548754e-13,1.8147738419144782e-13
714,3.6416954169430035e-12,2.8221875935179267e-13,5.8779643512859197e-13,7.4402583767672780e-13,7.6193645094732552e-13,6.4956196056974035e-13,4.4043986734871360e-13,1.7571610592011196e-13
715,3.5243695846534817e-12,2.7304385476833375e-13,5.6874495337966448e-13,7.1998205798447638e-13,7.3738886581892357e-13,6.2870801280870509e-13,4.2636428431974153e-13,1.7013755557363674e-13
716,3.4108236815854929e-12,2.6416732929273729e-13,5.5031111744244308e-13,6.9671537825251884e-13,7.1363213921276044e-13,6.0852345158288501e-13,4.1273832223297504e-13,1.6473594356917338e-13
717,3.3009359283777423e-12,2.5557947579670807e-13,5.3247489814506813e-13,6.7420067886916496e-13,6.9064079175076608e-13,5.8898679451985298e-13,3.9954762573717650e-13,1.5950566355900567e-13
718,3.1945884690791255e-12,2.4727090306893032e-13,5.1521691600111246e-13,6.5241365232998273e-13,6.6839016493330610e-13,5.7007724853307834e-13,3.8677829757442384e-13,1.5444128663829182e-13
719,3.0916672447467927e-12,2.3923252552971111e-13,4.9851842012990819e-13,6.3133077697863212e-13,6.4685639469264175e-13,5.5177468771016291e-13,3.7441688397007091e-13,1.4953755573566606e-13
720,2.9920618711165441e-12,2.3145555328061589e-13,4.8236126786102086e-13,6.1092929159691500e-13,6.2601638579842680e-13,5.3405963191024082e-13,3.6245036048838959e-13,1.4478938018093558e-13
721,2.8956655202143657e-12,2.2393148247818124e-13,4.6672790500065857e-13,5.9118717081657405e-13,6.0584778708779256e-13,5.1691322604781035e-13,3.5086611833905964e-13,1.4019183044428953e-13
722,2.8023748057821268e-12,2.1665208602114431e-13,4.5160134673852806e-13,5.7208310132625839e-13,5.8632896749345388e-13,5.0031722004098331e-13,3.3965195112014612e-13,1.3574013304161294e-13
723,2.7120896723945635e-12,2.0960940454097603e-13,4.3696515917434603e-13,5.5359645884794041e-13,5.6743899284412644e-13,4.8425394940284895e-13,3.2879604198365805e-13,1.3142966560066793e-13
724,2.6247132881486186e-12,2.0279573768583452e-13,4.2280344144388835e-13,5.3570728585789300e-13,5.4915760341237335e-13,4.6870631645533113e-13,3.1828695121022785e-13,1.2725595208307044e-13
725,2.5401519408100462e-12,1.9620363568837923e-13,4.0910080842511454e-13,5.1839627002814516e-13,5.3146519218580198e-13,4.5365777214557685e-13,3.0811360417987883e-13,1.2321465815714939e-13
726,2.4583149373059040e-12,1.8982589120819781e-13,3.9584237400553737e-13,5.0164472336511515e-13,5.1434278383830397e-13,4.3909229844555796e-13,2.9826527972626107e-13,1.1930158671693059e-13
727,2.3791145064551286e-12,1.8365553143989805e-13,3.8301373489261562e-13,4.8543456202286794e-13,4.9777201437878785e-13,4.2499439131618230e-13,2.8873159886213970e-13,1.1551267354263702e-13
728,2.3024657048328774e-12,1.7768581047821069e-13,3.7060095494954505e-13,4.6974828676918029e-13,4.8173511145557525e-13,4.1134904421781462e-13,2.7950251386430902e-13,1.1184398309824285e-13
729,2.2282863256676744e-12,1.7191020193172890e-13,3.5859055003938883e-13,4.5456896408329655e-13,4.6621487529533748e-13,3.9814173214968488e-13,2.7056829770647964e-13,1.0829170446175802e-13
730,2.1564968106736443e-12,1.6632239177718452e-13,3.4696947336104843e-13,4.3988020786494636e-13,4.5119466025612964e-13,3.8535839620122385e-13,2.6191953382905342e-13,1.0485214738405775e-13
731,2.0870201647232876e-12,1.6091627144642525e-13,3.3572510126110740e-13,4.2566616173485208e-13,4.3665835697473774e-13,3.7298542859891133e-13,2.5354710623505189e-13,1.0152173847220183e-13
732,2.0197818732692691e-12,1.5568593113851085e-13,3.2484521950610118e-13,4.1191148190759658e-13,4.2259037508918994e-13,3.6100965823274637e-13,2.4544218990180743e-13,9.8297017493317028e-14
733,1.9547098224266611e-12,1.5062565334959584e-13,3.1431801000026739e-13,3.9860132061833978e-13,4.0897562651790479e-13,3.4941833664695918e-13,2.3759624149835482e-13,9.5174633795239677e-14
734,1.8917342216299237e-12,1.4572990661350266e-13,3.0413203793431521e-13,3.8572131008546872e-13,3.9579950927753951e-13,3.3819912448007863e-13,2.3000099039878432e-13,9.2151342840234634e-14
735,1.8307875287816742e-12,1.4099333944612268e-13,2.9427623935122373e-13,3.7325754699185094e-13,3.8304789182218587e-13,3.2734007833994311e-13,2.2264842998212465e-13,8.9224002848223543e-14
736,1.7718043778129703e-12,1.3641077448700447e-13,2.8473990911553166e-13,3.6119657746791528e-13,3.7070709788711524e-13,3.1682963809971010e-13,2.1553080920962606e-13,8.6389571546067460e-14
737,1.7147215085774020e-12,1.3197720283170640e-13,2.7551268927302241e-13,3.4952538256033223e-13,3.5876389182081832e-13,3.0665661460136055e-13,2.0864062447060468e-13,8.3645103019557282e-14
738,1.6594776990038189e-12,1.2768777854869890e-13,2.6658455778813141e-13,3.3823136417058701e-13,3.4720546438960833e-13,2.9681017775363213e-13,2.0197061168828936e-13,8.0987744664871894e-14
739,1.6060136994349137e-12,1.2353781337480491e-13,2.5794581764681529e-13,3.2730233144824851e-13,3.3601941903956187e-13,2.8727984501173182e-13,1.9551373867738679e-13,7.8414734236364800e-14
740,1.5542721690812445e-12,1.1952277158336288e-13,2.4958708631302211e-13,3.1672648762422916e-13,3.2519375860106409e-13,2.7805547022658413e-13,1.8926319774534205e-13,7.5923396987639907e-14
741,1.5041976145225392e-12,1.1563826501948600e-13,2.4149928552728286e-13,3.0649241726980505e-13,3.1471687242169889e-13,2.6912723285176458e-13,1.8321239852952968e-13,7.3511142902972415e-14
742,1.4557363301903321e-12,1.1188004829697459e-13,2.3367363143632176e-13,2.9658907396762641e-13,3.0457752391368253e-13,2.6048562749664756e-13,1.7735496106285604e-13,7.1175464016223387e-14
743,1.4088363407680846e-12,1.0824401415161643e-13,2.2610162504293998e-13,2.8700576838139565e-13,2.9476483850248688e-13,2.5212145381466468e-13,1.7168470906049353e-13,6.8913931814487183e-14
744,1.3634473454470274e-12,1.0472618894578079e-13,2.1877504296577855e-13,2.7773215671131758e-13,2.8526829196372606e-13,2.4402580671592768e-13,1.6619566342069979e-13,6.6724194723796851e-14
745,1.3195206639779341e-12,1.0132272831937845e-13,2.1168592849890174e-13,2.6875822952284748e-13,2.7607769913579816e-13,2.3619006689381212e-13,1.6088203593289828e-13,6.4603975674297862e-14
746,1.2770091844609592e-12,9.8029912982420061e-14,2.0482658296147033e-13,2.6007430093666343e-13,2.6718320299617471e-13,2.2860589165543407e-13,1.5573822318641485e-13,6.2551069742381687e-14
747,1.2358673128175541e-12,9.4844144644561107e-14,1.9818955732808966e-13,2.5167099816818087e-13,2.5857526408962529e-13,2.2126520604627218e-13,1.5075880067347519e-13,6.0563341867349732e-14
748,1.1960509238902634e-12,9.1761942077171545e-14,1.9176764413072205e-13,2.4353925140530525e-13,2.5024465029703499e-13,2.1416019425950317e-13,1.4593851708027127e-13,5.8638724640255104e-14
749,1.1575173141179574e-12,8.8779937303613560e-14,1.8555386962335077e-13,2.3567028401348401e-13,2.4218242693384495e-13,2.0728329132091803e-13,1.4127228876010255e-13,5.6775216162643443e-14
750,1.1202251557357433e-12,8.5894871913552249e-14,1.7954148620086722e-13,2.2805560305747353e-13,2.3437994716749430e-13,2.0062717504058136e-13,1.3675519438278854e-13,5.4970877972986056e-14
751,1.0841344524504352e-12,8.3103593497258886e-14,1.7372396506393070e-13,2.2068699012957768e-13,2.2682884274358718e-13,1.9418475822267847e-13,1.3238246975473409e-13,5.3223833038668356e-14
752,1.0492064965440440e-12,8.0403052195999178e-14,1.6809498912181764e-13,2.1355649247444756e-13,2.1952101501083828e-13,1.8794918112526991e-13,1.2814950280420779e-13,5.1532263811463530e-14
753,1.0154038273592777e-12,7.7790297364725756e-14,1.6264844612553699e-13,2.0665641440085198e-13,2.1244862623517087e-13,1.8191380416193772e-13,1.2405182872656741e-13,4.9894410344487029e-14
754,9.8269019112253292e-13,7.5262474343417035e-14,1.5737842202373765e-13,1.9997930897113737e-13,2.0560409119365147e-13,1.7607220083756589e-13,1.2008512528433325e-13,4.8308568468690426e-14
755,9.5103050206128150e-13,7.2816821333524418e-14,1.5227919453417886e-13,1.9351796995939819e-13,1.9898006903924636e-13,1.7041815091074465e-13,1.1624520825717420e-13,4.6773088027014761e-14
756,9.2039080477415140e-13,7.0450666376104594e-14,1.4734522692376661e-13,1.8726542406966673e-13,1.9256945542767382e-13,1.6494563377553122e-13,1.1252802703702639e-13,4.5286371164382153e-14
757,8.9073823781334877e-13,6.8161424428325413e-14,1.4257116199038814e-13,1.8121492340571490e-13,1.8636537489790842e-13,1.5964882205553041e-13,1.0892966036371906e-13,4.3846870671762499e-14
758,8.6204099844035348e-13,6.5946594535141598e-14,1.3795181623999528e-13,1.7535993818433046e-13,1.8036117349816567e-13,1.5452207540348556e-13,1.0544631219662752e-13,4.2453088382607426e-14
759,8.3426830851709624e-13,6.3803757093041072e-14,1.3348217425260053e-13,1.6969414968419427e-13,1.7455041164945768e-13,1.4955993449978834e-13,1.0207430771801696e-13,4.1103573619997394e-14
760,8.0739038149603148e-13,6.1730571202863493e-14,1.2915738323105509e-13,1.6421144342273994e-13,1.6892685723906648e-13,1.4475711524352709e-13,9.8810089463878927e-14,3.9796921692900435e-14
761,7.8137839047370282e-13,5.9724772108790377e-14,1.2497274772667730e-13,1.5890590255362351e-13,1.6348447893652735e-13,1.4010850312989807e-13,9.5650213578195368e-14,3.8531772439990878e-14
762,7.5620443727353890e-13,5.7784168720700775e-14,1.2092372453599248e-13,1.5377180147766819e-13,1.5821743972495367e-13,1.3560914780800190e-13,9.2591346186695795e-14,3.7306808819526158e-14
763,7.3184152252471989e-13,5.5906641217177456e-14,1.1700591776303130e-13,1.4880359966038252e-13,1.5312009064076526e-13,1.3125425781323977e-13,8.9630259886297120e-14,3.6120755543826393e-14
764,7.0826351670502339e-13,5.4090138726537694e-14,1.1321507404181407e-13,1.4399593564937043e-13,1.4818696471510634e-13,1.2703919546870852e-13,8.6763830346538460e-14,3.4972377756947919e-14
765,6.8544513211659558e-13,5.2332677083347610e-14,1.0954707791382328e-13,1.3934362128516980e-13,1.4341277111045487e-13,1.2295947195017424e-13,8.3989033019439648e-14,3.3860479754186104e-14
766,6.6336189576458636e-13,5.0632336657962208e-14,1.0599794735543414e-13,1.3484163609926512e-13,1.3879238944613507e-13,1.1901074250937720e-13,8.1302939954326675e-14,3.2783903742085907e-14
767,6.4199012310956600e-13,4.8987260256713295e-14,1.0256382945043807e-13,1.3048512189322074e-13,1.3432086430664697e-13,1.1518880185058958e-13,7.8702716714277021e-14,3.1741528637680340e-14
768,6.2130689266556827e-13,4.7395651090444619e-14,9.9240996202949815e-14,1.2626937749307856e-13,1.2999339992692288e-13,1.1148957965551026e-13,7.6185619390944762e-14,3.0732268905717346e-14
769,6.0129002141651795e-13,4.5855770809168966e-14,9.6025840486143888e-14,1.2218985367335241e-13,1.2580535504881118e-13,1.0790913625173821e-13,7.3748991714628476e-14,2.9755073432674809e-14
770,5.8191804102467686e-13,4.4365937600694031e-14,9.2914872122411887e-14,1.1824214824513501e-13,1.2175223794327055e-13,1.0444365842021948e-13,7.1390262256544725e-14,2.8808924436401132e-14
771,5.6317017480559015e-13,4.2924524351134240e-14,8.9904714090676794e-14,1.1442200130301098e-13,1.1782970159293586e-13,1.0108945533720921e-13,6.9106941720367354e-14,2.7892836410255667e-14
772,5.4502631544484007e-13,4.1529956865293514e-14,8.6992098856738263e-14,1.1072529062564049e-13,1.1403353902988932e-13,9.7842954646434480e-14,6.6896620320185414e-14,2.7005855100658656e-14
773,5.2746700343270701e-13,4.0180712144969590e-14,8.4173864822656458e-14,1.0714802722504441e-13,1.1035967882363613e-13,9.4700698657280803e-14,6.4756965242124703e-14,2.6147056516994923e-14
774,5.1047340619360782e-13,3.8875316723293884e-14,8.1446952891311939e-14,1.0368635103978309e-13,1.0680418071444594e-13,9.1659340664960319e-14,6.2685718186964033e-14,2.5315545972848701e-14
775,4.9402729788793095e-13,3.7612345053282591e-14,7.8808403142404916e-14,1.0033652676737551e-13,1.0336323138737622e-13,8.8715641388748138e-14,6.0680692991164122e-14,2.4510457157579372e-14
776,4.7811103986460025e-13,3.6390417948833873e-14,7.6255351616277241e-14,9.7094939831456409e-14,1.0003314038244577e-13,8.5866465524500025e-14,5.8739773323807895e-14,2.3730951237279114e-14
777,4.6270756174340930e-13,3.5208201076463553e-14,7.3785027202059299e-14,9.3958092479314865e-14,9.6810336136571420e-14,8.3108778407784812e-14,5.6860910457031599e-14,2.2976215984183755e-14
778,4.4780034310682928e-13,3.4064403496127559e-14,7.1394748626756416e-14,9.0922600005598304e-14,9.3691362153023286e-14,8.0439642784083675e-14,5.5042121107602604e-14,2.2245464933637382e-14
779,4.3337339578166124e-13,3.2957776249532685e-14,6.9081921541999805e-14,8.7985187098102478e-14,9.0672873294290014e-14,7.7856215682621298e-14,5.3281485347375309e-14,2.1537936567739673e-14
780,4.1941124669152619e-13,3.1887110994389892e-14,6.6844035705293305e-14,8.5142684301699815e-14,8.7751632194378042e-14,7.5355745390504724e-14,5.1577144580427840e-14,2.0852893524832528e-14
781,4.0589892126180183e-13,3.0851238683114215e-14,6.4678662252689878e-14,8.2392024596586073e-14,8.4924505786697302e-14,7.2935568523951940e-14,4.9927299584753435e-14,2.0189621834008982e-14
782,3.9282192735921007e-13,2.9849028284524362e-14,6.2583451059931404e-14,7.9730240087149174e-14,8.2188461943809236e-14,7.0593107193495584e-14,4.8330208616446893e-14,1.9547430173853405e-14
783,3.8016623974882720e-13,2.8879385547142068e-14,6.0556128189181517e-14,7.7154458797883111e-14,7.9540566225433166e-14,6.8325866260147088e-14,4.6784185574393444e-14,1.8925649154646808e-14
784,3.6791828505184950e-13,2.7941251802736976e-14,5.8594493418574770e-14,7.4661901572885960e-14,7.6977978731223511e-14,6.6131430679603215e-14,4.5287598223529725e-14,1.8323630623295372e-14
785,3.5606492718797912e-13,2.7033602808806775e-14,5.6696417851894687e-14,7.2249879075592436e-14,7.4497951054942061e-14,6.4007462931670502e-14,4.3838866474809038e-14,1.7740746990263680e-14
786,3.4459345328681864e-13,2.6155447628725134e-14,5.4859841605781463e-14,6.9915788885500488e-14,7.2097823336758988e-14,6.1951700532173847e-14,4.2436460720061834e-14,1.7176390577816833e-14
787,3.3349156005316236e-13,2.5305827548331215e-14,5.3082771571953810e-14,6.7657112688755354e-14,6.9775021410520754e-14,5.9961953624702914e-14,4.1078900220000681e-14,1.6629972988897618e-14
788,3.2274734057156344e-13,2.4483815027774355e-14,5.1363279252011049e-14,6.5471413559556725e-14,6.7527054042925637e-14,5.8036102649635216e-14,3.9764751543674254e-14,1.6100924495986215e-14
789,3.1234927153602191e-13,2.3688512687466380e-14,4.9699498662461137e-14,6.3356333329452187e-14,6.5351510261645750e-14,5.6172096087956618e-14,3.8492627057729386e-14,1.5588693449310434e-14
790,3.0228620089109889e-13,2.2919052327031195e-14,4.8089624307695870e-14,6.1309590041675500e-14,6.3246056769529937e-14,5.4367948277479674e-14,3.7261183463892191e-14,1.5092745703794569e-14
791,2.9254733587120178e-13,2.2174593976177462e-14,4.6531909218709100e-14,5.9328975487779809e-14,6.1208435442114125e-14,5.2621737299137182e-14,3.6069120383130013e-14,1.4612564064154100e-14
792,2.8312223142521172e-13,2.1454324976455288e-14,4.5024663055425285e-14,5.7412352823905235e-14,5.9236460905755490e-14,5.0931602931102655e-14,3.4915178985005295e-14,1.4147647747562479e-14
793,2.7400077901403951e-13,2.0757459092891582e-14,4.3566250270574283e-14,5.5557654264105858e-14,5.7328018193792615e-14,4.9295744668561824e-14,3.3798140660779315e-14,1.3697511863334022e-14
794,2.6517319576909430e-13,2.0083235654531448e-14,4.2155088333116227e-14,5.3762878848244677e-14,5.5481060478217994e-14,4.7712419807028756e-14,3.2716825738870438e-14,1.3261686909084785e-14
795,2.5663001400003857e-13,1.9430918722944796e-14,4.0789646009284353e-14,5.2026090282045652e-14,5.3693606874430210e-14,4.6179941587168032e-14,3.1670092241315405e-14,1.2839718282850125e-14
796,2.4836207104057459e-13,1.8799796287787781e-14,3.9468441699376523e-14,5.0345414846969864e-14,5.1963740316711026e-14,4.4696677399149539e-14,3.0656834679925671e-14,1.2431165810654170e-14
797,2.4036049942137377e-13,1.8189179488538569e-14,3.8190041828487160e-14,4.8719039377658142e-14,5.0289605502149145e-14,4.3261047044626042e-14,2.9675982890872280e-14,1.2035603289042417e-14
798,2.3261671735960794e-13,1.7598401861555321e-14,3.6953059289429590e-14,4.7145209304755829e-14,4.8669406900805293e-14,4.1871521054484603e-14,2.8726500906473307e-14,1.1652618042104015e-14
799,2.2512241955488310e-13,1.7026818611632372e-14,3.5756151936155779e-14,4.5622226761005667e-14,4.7101406829984497e-14,4.0526619060582531e-14,2.7807385862996896e-14,1.1281810492525373e-14
800,2.1786956828170345e-13,1.6473805907257004e-14,3.4598021126035286e-14,4.4148448748563248e-14,4.5583923590550311e-14,3.9224908219735787e-14,2.6917666943330714e-14,1.0922793746231090e-14
801,2.1085038476891331e-13,1.5938760198795619e-14,3.3477410309408651e-14,4.2722285365555769e-14,4.4115329663282006e-14,3.7965001688283360e-14,2.6056404353405525e-14,1.0575193190182364e-14
802,2.0405734085687053e-13,1.5421097558862838e-14,3.2393103664881422e-14,4.1342198089968639e-14,4.2694049963340468e-14,3.6745557145604910e-14,2.5222688331295735e-14,1.0238646102916504e-14
803,1.9748315092340368e-13,1.4920253044151623e-14,3.1343924778875273e-14,4.0006698119006432e-14,4.1318560150970542e-14,3.5565275365021042e-14,2.4415638187954348e-14,9.9128012774244017e-15
804,1.9112076406989369e-13,1.4435680078025937e-14,3.0328735368000440e-14,3.8714344762134872e-14,3.9987384996628086e-14,3.4422898830555847e-14,2.3634401378572965e-14,9.5973186559755564e-15
805,1.8496335655909948e-13,1.3966849853200131e-14,2.9346434042860530e-14,3.7463743886067994e-14,3.8699096798778408e-14,3.3317210398090402e-14,2.2878152603589517e-14,9.2918689765125156e-15
806,1.7900432449661674e-13,1.3513250753851388e-14,2.8395955111945623e-14,3.6253546410021521e-14,3.7452313852668962e-14,3.2247031999482690e-14,2.2146092938397854e-14,8.9961334302486583e-15
807,1.7323727674812073e-13,1.3074387796532695e-14,2.7476267424313384e-14,3.5082446849606990e-14,3.6245698968434243e-14,3.1211223388275540e-14,2.1437448990843155e-14,8.7098033301147136e-15
808,1.6765602808479747e-13,1.2649782089274537e-14,2.6586373249800032e-14,3.3949181907794181e-14,3.5077958036943381e-14,3.0208680925658060e-14,2.0751472085616589e-14,8.4325797897106863e-15
809,1.6225459254961024e-13,1.2238970308283310e-14,2.5725307195543624e-14,3.2852529111420329e-14,3.3947838641852372e-14,2.9238336405389056e-14,2.0087437474690878e-14,8.1641734124306742e-15
810,1.5702717703728812e-13,1.1841504191663823e-14,2.4892135157642125e-14,3.1791305491773346e-14,3.2854128716372333e-14,2.8299155916432229e-14,1.9444643572965646e-14,7.9043039904385952e-15
811,1.5196817508114997e-13,1.1456950049611817e-14,2.4085953306806265e-14,3.0764366307824357e-14,3.1795655243313128e-14,2.7390138742093209e-14,1.8822411218318174e-14,7.6527002131830181e-15
812,1.4707216084010101e-13,1.1084888290540553e-14,2.3305887106904807e-14,2.9770603810730648e-14,3.0771282997008154e-14,2.6510316294487085e-14,1.8220082955280606e-14,7.4090993851491363e-15
813,1.4233388327935205e-13,1.0724912962622871e-14,2.2551090365335207e-14,2.8808946048274892e-14,2.9779913325771064e-14,2.5658751083202825e-14,1.7637022341589697e-14,7.1732471525554818e-15
814,1.3774826053862103e-13,1.0376631310247115e-14,2.1820744314187377e-14,2.7878355707949414e-14,2.8820482973578434e-14,2.4834535717067357e-14,1.7072613276879115e-14,6.9448972387122290e-15
815,1.3331037448177607e-13,1.0039663344901533e-14,2.1114056721201864e-14,2.6977828997436317e-14,2.7891962939714765e-14,2.4036791937947107e-14,1.6526259352807603e-14,6.7238111877668638e-15
816,1.2901546542207448e-13,9.7136414300176779e-15,2.0430261029555982e-14,2.6106394561274371e-14,2.6993357375156711e-14,2.3264669685559111e-14,1.5997383223938914e-14,6.5097581165716995e-15
817,1.2485892701734114e-13,9.3982098793185095e-15,1.9768615525542916e-14,2.5263112432542941e-14,2.6123702514512900e-14,2.2517346192296571e-14,1.5485425998711212e-14,6.3025144744160882e-15
818,1.2083630132961042e-13,9.0930245682317923e-15,1.9128402533239125e-14,2.4447073018430822e-14,2.5282065642373822e-14,2.1794025107105821e-14,1.4989846649854687e-14,6.1018638103743258e-15
819,1.1694327404393338e-13,8.7977525579435897e-15,1.8508927635284655e-14,2.3657396118594605e-14,2.4467544092963240e-14,2.1093935647482396e-14,1.4510121443636784e-14,5.9075965480281150e-15
820,1.1317566984122285e-13,8.5120717316805695e-15,1.7909518918929491e-14,2.2893229975246539e-14,2.3679264282018133e-14,2.0416331778684032e-14,1.4045743387333999e-14,5.7195097673300835e-15
821,1.0952944792017265e-13,8.2356704428231863e-15,1.7329526246526417e-14,2.2153750353946161e-14,2.2916380769858991e-14,1.9760491419287102e-14,1.3596221694348552e-14,5.5374069933822261e-15
822,1.0600069766344922e-13,7.9682471744647679e-15,1.6768320549677569e-14,2.1438159654103108e-14,2.2178075354645464e-14,1.9125715672241273e-14,1.3161081266406721e-14,5.3610979919103141e-15
823,1.0258563444350699e-13,7.7095102100440745e-15,1.6225293146267502e-14,2.0745686048230637e-14,2.1463556194844947e-14,1.8511328080604033e-14,1.2739862192293603e-14,5.1903985712222109e-15
824,9.9280595563529320e-14,7.4591773146910201e-15,1.5699855079640481e-14,2.0075582649020418e-14,2.0772056959972899e-14,1.7916673907163264e-14,1.2332119262596472e-14,5.0251303904447752e-15
825,9.6082036329141615e-14,7.2169754269369446e-15,1.5191436479203869e-14,1.9427126703339250e-14,2.0102836008694116e-14,1.7341119437181197e-14,1.1937421499945723e-14,4.8651207738405018e-15
826,9.2986526246683467e-14,6.9826403604522178e-15,1.4699485941762666e-14,1.8799618812277356e-14,1.9455175593403347e-14,1.6784051303517823e-14,1.1555351704258718e-14,4.7102025310113388e-15
827,8.9990745343962680e-14,6.7559165154849145e-15,1.4223469932912897e-14,1.8192382176406126e-14,1.8828381090432264e-14,1.6244875833415610e-14,1.1185506012507636e-14,4.5602137828032378e-15
828,8.7091480609544589e-14,6.5365565996848916e-15,1.3762872207843279e-14,1.7604761865430370e-14,1.8221780255057176e-14,1.5723018416250384e-14,1.0827493472547621e-14,4.4149977927308674e-15
829,8.4285622546758237e-14,6.3243213580079266e-15,1.3317193250915766e-14,1.7036124111446520e-14,1.7634722500508334e-14,1.5217922891575548e-14,1.0480935630556505e-14,4.2744028037476420e-15
830,8.1570161838723493e-14,6.1189793114044753e-15,1.2885949733415971e-14,1.6485855625043610e-14,1.7066578200207755e-14,1.4729050956808475e-14,1.0145466131651462e-14,4.1382818801917464e-15
831,7.8942186120822037e-14,5.9203065040072201e-15,1.2468673988884145e-14,1.5953362933508749e-14,1.6516738012487042e-14,1.4255881593928643e-14,9.8207303332620334e-15,4.0064927547441997e-15
832,7.6398876857150898e-14,5.7280862585409231e-15,1.2064913505456661e-14,1.5438071740422405e-14,1.5984612227061048e-14,1.3797910514577458e-14,9.5063849308522202e-15,3.8788976802401920e-15
833,7.3937506317608545e-14,5.5421089396870556e-15,1.1674230434666292e-14,1.4939426305952173e-14,1.5469630132556425e-14,1.3354649622969225e-14,9.2020975955974499e-15,3.7553632861799298e-15
834,7.1555434652371044e-14,5.3621717251444008e-15,1.1296201116167561e-14,1.4456888847175852e-14,1.4971239404416718e-14,1.2925626496041685e-14,8.9075466236347018e-15,3.6357604397901256e-15
835,6.9250107060621116e-14,5.1880783841352467e-15,1.0930415617870695e-14,1.3989938957786435e-14,1.4488905512527602e-14,1.2510383880292802e-14,8.6224205965163793e-15,3.5199641114919562e-15
836,6.7019051050493221e-14,5.0196390631149386e-15,1.0576477290984583e-14,1.3538073046552466e-14,1.4022111147926804e-14,1.2108479204768406e-14,8.3464180525101649e-15,3.4078532446358635e-15
837,6.4859873787295936e-14,4.8566700784504438e-15,1.0234002339485109e-14,1.3100803793927490e-14,1.3570355667983971e-14,1.1719484109682275e-14,8.0792471683986173e-15,3.2993106293680331e-15
838,6.2770259527167664e-14,4.6989937158412006e-15,9.9026194035412464e-15,1.2677659626221939e-14,1.3133154559455358e-14,1.1342983990167044e-14,7.8206254514432599e-15,3.1942227804976245e-15
839,6.0747967133413242e-14,4.5464380362629089e-15,9.5819691564461429e-15,1.2268184206769756e-14,1.2710038918837477e-14,1.0978577554670307e-14,7.5702794411886522e-15,3.0924798192379826e-15
840,5.8790827672857449e-14,4.3988366882220559e-15,9.2717039146153542e-15,1.1871935943540394e-14,1.2300554949462405e-14,1.0625876397525920e-14,7.3279444207922432e-15,2.9939753586990838e-15
841,5.6896742089638071e-14,4.2560287261158864e-15,8.9714872602284406e-15,1.1488487512664644e-14,1.1904263474795330e-14,1.0284504585245570e-14,7.0933641375758594e-15,2.8986063930123374e-15
842,5.5063678953942679e-14,4.1178584344991866e-15,8.6809936761039643e-15,1.1117425397359808e-14,1.1520739467412376e-14,9.9540982560903013e-15,6.8662905325044083e-15,2.8062731899726356e-15
843,5.3289672283275661e-14,3.9841751580657352e-15,8.3999081924111833e-15,1.0758349441756560e-14,1.1149571593153531e-14,9.6343052324957526e-15,6.6464834783067054e-15,2.7168791870861969e-15
844,5.1572819433918045e-14,3.8548331371585181e-15,8.1279260448346290e-15,1.0410872419145716e-14,1.0790361769961769e-14,9.3247846459386380e-15,6.4337105259625200e-15,2.6303308909162534e-15
845,4.9911279060318926e-14,3.7296913486288515e-15,7.8647523438201791e-15,1.0074619614178856e-14,1.0442724740935181e-14,9.0252065738451246e-15,6.2277466592886558e-15,2.5465377796220743e-15
846,4.8303269140230058e-14,3.6086133518704289e-15,7.6101017545433127e-15,9.7492284185717574e-15,1.0106287661134286e-14,8.7352516881546719e-15,6.0283740573654853e-15,2.4654122085901087e-15
847,4.6747065063465281e-14,3.4914671398599271e-15,7.3636981872518670e-15,9.4343479398741675e-15,9.7806896977012917e-15,8.4546109151652397e-15,5.8353818645535389e-15,2.3868693190592504e-15
848,4.5240997782235170e-14,3.3781249950413502e-15,7.1252744976468791e-15,9.1296386228835801e-15,9.4655816428624701e-15,8.1829851062977797e-15,5.6485659678577986e-15,2.3108269496453099e-15
849,4.3783452021072943e-14,3.2684633498965161e-15,6.8945721969760736e-15,8.8347718832943157e-15,9.1606255393985771e-15,7.9200847194296029e-15,5.4677287814050508e-15,2.2372055506728099e-15
850,4.2372864544431939e-14,3.1623626520492787e-15,6.6713411715250139e-15,8.5494297531864291e-15,8.8654943181816169e-15,7.6656295104573468e-15,5.2926790378071497e-15,2.1659281012251042e-15
851,4.1007722480096449e-14,3.0597072337560005e-15,6.4553394112012251e-15,8.2733045379717555e-15,8.5798714473892452e-15,7.4193482347612762e-15,5.1232315861902877e-15,2.0969200288266607e-15
852,3.9686561696607907e-14,2.9603851856396077e-15,6.2463327469164691e-15,8.0060984844267410e-15,8.3034505930205219e-15,7.1809783582531082e-15,4.9592071966774039e-15,2.0301091316740559e-15
853,3.8407965232966072e-14,2.8642882345291973e-15,6.0440945964818728e-15,7.7475234594537401e-15,8.0359352903489836e-15,6.9502657776997534e-15,4.8004323711176346e-15,1.9654255033348914e-15
854,3.7170561778921164e-14,2.7713116252716523e-15,5.8484057187399074e-15,7.4973006392240019e-15,7.7770386259606197e-15,6.7269645500252932e-15,4.6467391598633058e-15,1.9028014598363873e-15
855,3.5973024204226939e-14,2.6813540063860753e-15,5.6590539756661508e-15,7.2551602083667654e-15,7.5264829300357412e-15,6.5108366303029886e-15,4.4979649844013249e-15,1.8421714690678897e-15
856,3.4814068135277325e-14,2.5943173194360457e-15,5.4758341021824308e-15,7.0208410688797770e-15,7.2839994785447324e-15,6.3016516181584112e-15,4.3539524656520015e-15,1.7834720824239315e-15
857,3.3692450577600219e-14,2.5101066919987833e-15,5.2985474834313080e-15,6.7940905584470151e-15,7.0493282050382590e-15,6.0991865123137608e-15,4.2145492577542865e-15,1.7266418686168066e-15
858,3.2606968582730682e-14,2.4286303341142209e-15,5.1270019392700113e-15,6.5746641778595382e-15,6.8222174217228339e-15,5.9032254730119975e-15,4.0796078871622161e-15,1.6716213495898644e-15
859,3.1556457958034178e-14,2.3497994381008092e-15,4.9610115157497179e-15,6.3623253272452751e-15,6.6024235495226104e-15,5.7135595920679450e-15,3.9489855968829024e-15,1.6183529384649195e-15
860,3.0539792018095795e-14,2.2735280816285525e-15,4.8003962833537423e-15,6.1568450508229957e-15,6.3897108568378543e-15,5.5299866703014959e-15,3.8225441956918799e-15,1.5667808794592735e-15
861,2.9555880376336413e-14,2.1997331339433324e-15,4.6449821417754502e-15,5.9580017899049697e-15,6.1838512067199411e-15,5.3523110021160162e-15,3.7001499121668155e-15,1.5168511897098879e-15
862,2.8603667775559892e-14,2.1283341651400386e-15,4.4946006310239280e-15,5.7655811438817217e-15,5.9846238121917024e-15,5.1803431669925825e-15,3.5816732533856860e-15,1.4685116029442356e-15
863,2.7682132956176867e-14,2.0592533583853444e-15,4.3490887486521886e-15,5.5793756389308556e-15,5.7918149994507118e-15,5.0138998276780799e-15,3.4669888681404282e-15,1.4217115149392629e-15
864,2.6790287560891445e-14,1.9924154249941938e-15,4.2082887729094813e-15,5.3991845042003438e-15,5.6052179787015361e-15,4.8528035348522847e-15,3.3559754145218499e-15,1.3764019307117558e-15
865,2.5927175074675959e-14,1.9277475222671983e-15,4.0720480916255851e-15,5.2248134552246707e-15,5.4246326223711592e-15,4.6968825380659933e-15,3.2485154317361513e-15,1.3325354133851992e-15
866,2.5091869798897006e-14,1.8651791739991479e-15,3.9402190366413057e-15,5.0560744843400722e-15,5.2498652504697354e-15,4.5459706027488819e-15,3.1444952160179065e-15,1.2900660346799585e-15
867,2.4283475858492409e-14,1.8046421935717729e-15,3.8126587236053193e-15,4.8927856578726634e-15,5.0807284228664392e-15,4.3999068330922794e-15,3.0438047005086420e-15,1.2489493269752939e-15
868,2.3501126241134300e-14,1.7460706095467052e-15,3.6892288969634286e-15,4.7347709198805460e-15,4.9170407382576506e-15,4.2585355006182745e-15,2.9463373389743406e-15,1.2091422368933553e-15
869,2.2743981867347875e-14,1.6894005936773456e-15,3.5697957799718642e-15,4.5818599022380701e-15,4.7586266396118508e-15,4.1217058782526238e-15,2.8519899932392396e-15,1.1706030803568793e-15
870,2.2011230690588452e-14,1.6345703912609545e-15,3.4542299295717836e-15,4.4338877408572839e-15,4.6053162258825716e-15,3.9892720797248042e-15,2.7606628242172083e-15,1.1332914990738434e-15
871,2.1302086826311677e-14,1.5815202537548796e-15,3.3424060959673479e-15,4.2906948978482054e-15,4.4569450697874565e-15,3.8610929041241988e-15,2.6722591864257769e-15,1.0971684184038134e-15
872,2.0615789709102823e-14,1.5301923735832828e-15,3.2342030867549140e-15,4.1521269894259874e-15,4.3133540414580065e-15,3.7370316854469185e-15,2.5866855258715661e-15,1.0621960065621494e-15
873,1.9951603276961094e-14,1.4805308210631351e-15,3.1295036354557879e-15,4.0180346193792299e-15,4.1743891377708516e-15,3.6169561469730447e-15,2.5038512811994090e-15,1.0283376351196368e-15
874,1.9308815181864221e-14,1.4324814833805631e-15,3.0281942743097929e-15,3.8882732179197191e-15,4.0399013171775430e-15,3.5007382603192588e-15,2.4236687880009074e-15,9.9555784075643591e-16
875,1.8686736025766514e-14,1.3859920055508741e-15,2.9301652111915228e-15,3.7627028857396585e-15,3.9097463398556684e-15,3.3882541090167459e-15,2.3460531861814791e-15,9.6382228823056717e-16
876,1.8084698621211116e-14,1.3410117332977565e-15,2.8353102105156357e-15,3.6411882431081031e-15,3.7837846130098949e-15,3.2793837564691432e-15,2.2709223302881963e-15,9.3309773452238765e-16
877,1.7502057275763315e-14,1.2974916577892435e-15,2.7435264780018726e-15,3.5235982838437258e-15,3.6618810411569987e-15,3.1740111181499049e-15,2.1981967027038120e-15,9.0335199411775829e-16
878,1.6938187099497568e-14,1.2553843621700673e-15,2.6547145491746804e-15,3.4098062340063240e-15,3.5439048812343166e-15,3.0720238379030056e-15,2.1277993296154083e-15,8.7455390539376571e-16
879,1.6392483334795463e-14,1.2146439698319912e-15,2.5687781814763794e-15,3.2996894151545685e-15,3.4297296023762209e-15,2.9733131682152610e-15,2.0596556996690247e-15,8.4667329807201745e-16
880,1.5864360707735821e-14,1.1752260943656046e-15,2.4856242498767326e-15,3.1931291120224122e-15,3.3192327502082301e-15,2.8777738543327664e-15,1.9936936852244372e-15,8.1968096170563695e-16
881,1.5353252800381295e-14,1.1370877911389082e-15,2.4051626458655789e-15,3.0900104444713636e-15,3.2122958155132007e-15,2.7853040220980578e-15,1.9298434661270318e-15,7.9354861516715460e-16
882,1.4858611443288263e-14,1.1001875104497930e-15,2.3273061797188727e-15,2.9902222435804301e-15,3.1088041071287554e-15,2.6958050693885456e-15,1.8680374559163258e-15,7.6824887710553781e-16
883,1.4379906127588405e-14,1.0644850522012349e-15,2.2519704859320030e-15,2.8936569317400236e-15,3.0086466289396139e-15,2.6091815610406212e-15,1.8082102303933093e-15,7.4375523734160033e-16
884,1.3916623436011536e-14,1.0299415220496995e-15,2.1790739317177452e-15,2.8002104066204084e-15,2.9117159608329104e-15,2.5253411271475373e-15,1.7502984584712163e-15,7.2004202917201829e-16
885,1.3468266492239298e-14,9.9651928897885387e-16,2.1085375284694905e-15,2.7097819288895005e-15,2.8179081434888174e-15,2.4441943646227486e-15,1.6942408352367761e-15,6.9708440255311142e-16
886,1.3034354427999304e-14,9.6418194425223763e-16,2.0402848460936405e-15,2.6222740135588260e-15,2.7271225668829143e-15,2.3656547419238969e-15,1.6399780171513176e-15,6.7485829813647260e-16
887,1.2614421867328054e-14,9.3289426170006791e-16,1.9742419301181630e-15,2.5375923248404070e-15,2.6392618623807056e-15,2.2896385068359638e-15,1.5874525593233381e-15,6.5334042212940893e-16
888,1.2208018427449552e-14,9.0262215929679368e-16,1.9103372214873230e-15,2.4556455744010905e-15,2.5542317983085854e-15,2.2160645972153844e-15,1.5366088547863595e-15,6.3250822195401608e-16
889,1.1814708235734318e-14,8.7333266198743659e-16,1.8485014789555199e-15,2.3763454229045485e-15,2.4719411788892163e-15,2.1448545546000756e-15,1.4873930757179850e-15,6.1233986267953629e-16
890,1.1434069462220685e-14,8.4499386572211661e-16,1.7886677039959832e-15,2.2996063847346818e-15,2.3923017464329520e-15,2.0759324405933600e-15,1.4397531165381352e-15,5.9281420420345746e-16
891,1.1065693867197044e-14,8.1757490265948036e-16,1.7307710681428129e-15,2.2253457357976261e-15,2.3152280866803916e-15,2.0092247559327443e-15,1.3936385388264025e-15,5.7391077915758564e-16
892,1.0709186363359780e-14,7.9104590750103208e-16,1.6747488426874910e-15,2.1534834243028732e-15,2.2406375371945484e-15,1.9446603621573530e-15,1.3490005180004034e-15,5.5560977151607826e-16
893,1.0364164592077346e-14,7.6537798491959663e-16,1.6205403306535516e-15,2.0839419844272201e-15,2.1684500987043811e-15,1.8821704057905939e-15,1.3057917916988472e-15,5.3789199588315718e-16
894,1.0030258513305988e-14,7.4054317804634595e-16,1.5680868009755681e-15,2.0166464527683981e-15,2.0985883493046045e-15,1.8216882449572999e-15,1.2639666098148493e-15,5.2073887743892231e-16
895,9.7071100087172791e-15,7.1651443798197190e-16,1.5173314248110085e-15,1.9515242874982237e-15,2.0309773614197518e-15,1.7631493783572003e-15,1.2234806861267458e-15,5.0413243252237616e-16
896,9.3943724976118766e-15,6.9326559429871313e-16,1.4682192139158296e-15,1.8885052901280334e-15,1.9655446214434426e-15,1.7064913765190631e-15,1.1842911514753647e-15,4.8805524983142945e-16
897,9.0917105652075062e-15,6.7077132650102078e-16,1.4206969610169249e-15,1.8275215298019848e-15,1.9022199519666551e-15,1.6516538152622943e-15,1.1463565084383244e-15,4.7249047222030062e-16
898,8.7987996029025247e-15,6.4900713641369928e-16,1.3747131821166963e-15,1.7685072700365382e-15,1.8409354365116069e-15,1.5985782112951200e-15,1.1096365874535233e-15,4.5742177907534085e-16
899,8.5153254601292567e-15,6.2794932146737171e-16,1.3302180606671382e-15,1.7113988978270629e-15,1.7816253466905011e-15,1.5472079598807604e-15,1.0740925043454997e-15,4.4283336925092266e-16
900,8.2409841074236853e-15,6.0757494885209697e-16,1.2871633935528327e-15,1.6561348550450803e-15,1.7242260717110353e-15,1.4974882745051999e-15,1.0396866192098329e-15,4.2870994454760738e-16
901,7.9754813103501585e-15,5.8786183051091821e-16,1.2455025388242312e-15,1.6026555720521162e-15,1.6686760501530525e-15,1.4493661284822884e-15,1.0063824966121772e-15,4.1503669371537481e-16
902,7.7185323139313830e-15,5.6878849894603745e-16,1.2051903651244989e-15,1.5509034034585342e-15,1.6149157039431696e-15,1.4027901984339825e-15,9.7414486705991738e-16,4.0179927696524221e-16
903,7.4698615372452425e-15,5.5033418381119928e-16,1.1661832027550255e-15,1.5008225659580392e-15,1.5628873744565696e-15,1.3577108095855153e-15,9.4293958970576491e-16,3.8898381097312971e-16
904,7.2292022778609196e-15,5.3247878926472755e-16,1.1284387963265004e-15,1.4523590781707670e-15,1.5125352606774252e-15,1.3140798828172292e-15,9.1273361624392901e-16,3.7657685436034141e-16
905,6.9962964257972847e-15,5.1520287205848811e-16,1.0919162589441634e-15,1.4054607024300665e-15,1.4638053593516311e-15,1.2718508834166723e-15,8.8349495596073790e-16,3.6456539363552659e-16
906,6.7708941866968153e-15,4.9848762033885281e-16,1.0565760278775061e-15,1.3600768884501508e-15,1.4166454070676590e-15,1.2309787714763654e-15,8.5519264190281446e-16,3.5293682958346650e-16
907,6.5527538139180985e-15,4.8231483313652591e-16,1.0223798216663195e-15,1.3161587188138507e-15,1.3710048242034101e-15,1.1914199538844078e-15,8.2779669812708739e-16,3.4167896408649646e-16
908,6.3416413492596319e-15,4.6666690052283503e-16,9.8929059861653404e-16,1.2736588562216466e-15,1.3268346606789596e-15,1.1531322378567762e-15,8.0127810799805583e-16,3.3077998736482383e-16
909,6.1373303720367992e-15,4.5152678441082646e-16,9.5727251664081157e-16,1.2325314924450701e-15,1.2840875434569973e-15,1.1160747859618212e-15,7.7560878349883479e-16,3.2022846562243764e-16
910,5.9396017562429397e-15,4.3687799998020489e-16,9.2629089440031065e-16,1.1927322989293978e-15,1.2427176257346723e-15,1.0802080725890484e-15,7.5076153552357715e-16,3.1001332908572853e-16
911,5.7482434355340406e-15,4.2270459770583906e-16,8.9631217370545457e-16,1.1542183789923451e-15,1.2026805377723374e-15,1.0454938418158159e-15,7.2671004511990175e-16,3.0012386042234625e-16
912,5.5630501757849997e-15,4.0899114597021589e-16,8.6730388313490070e-16,1.1169482215671839e-15,1.1639333393064646e-15,1.0118950666270582e-15,7.0342883565095992e-16,2.9054968352821675e-16
913,5.3838233549735441e-15,3.9572271424086086e-16,8.3923460283323535e-16,1.0808816564403819e-15,1.1264344734956914e-15,9.7937590944460179e-16,6.8089324584774613e-16,2.8128075267102605e-16
914,5.2103707501556795e-15,3.8288485679436366e-16,8.1207393044919020e-16,1.0459798109354683e-15,1.0901437223506021e-15,9.4790168392401697e-16,6.5907940372319131e-16,2.7230734197884779e-16
915,5.0425063313042662e-15,3.7046359696924132e-16,7.8579244817742557e-16,1.0122050679963963e-15,1.0550221635994450e-15,9.1743881797831298e-16,6.3796420132049424e-16,2.6362003526295014e-16
916,4.8800500617895334e-15,3.5844541193044921e-16,7.6036169086811213e-16,9.7952102562517681e-16,1.0210321289435251e-15,8.8795481798908201e-16,6.1752527026901977e-16,2.5520971616416805e-16
917,4.7228277052876209e-15,3.4681721792891284e-16,7.3575411516971142e-16,9.4789245763002780e-16,9.8813716365749308e-16,8.5941823416696436e-16,5.9774095812195081e-16,2.4706755861256104e-16
918,4.5706706389099974e-15,3.3556635603998887e-16,7.1194306967147220e-16,9.1728527564168709e-16,9.5630198749121092e-16,8.3179862702453428e-16,5.7859030545069985e-16,2.3918501759040465e-16
919,4.4234156723533618e-15,3.2468057836529051e-16,6.8890276601324500e-16,8.8766649235691703e-16,9.2549245683125375e-16,8.0506653492588624e-16,5.6005302367188980e-16,2.3155382018887922e-16
920,4.2809048728760596e-15,3.1414803468281717e-16,6.6660825093126984e-16,8.5900418596954288e-16,8.9567552808147056e-16,7.7919344267834875e-16,5.4210947358348501e-16,2.2416595694912501e-16
921,4.1429853959133005e-15,3.0395725953081838e-16,6.4503537920960749e-16,8.3126746575065554e-16,8.6681922222332478e-16,7.5415175113286650e-16,5.2474064458739893e-16,2.1701367347862924e-16
922,4.0095093211495037e-15,2.9409715971129452e-16,6.2416078750786359e-16,8.0442643874084545e-16,8.3889259051800792e-16,7.2991474776066113e-16,5.0792813457663304e-16,2.1008946233419768e-16
923,3.8803334938719564e-15,2.8455700219949772e-16,6.0396186903681288e-16,7.7845217751853642e-16,8.1186568131354186e-16,7.0645657817482285e-16,4.9165413046570429e-16,2.0338605516304072e-16
924,3.7553193714356533e-15,2.7532640244623586e-16,5.8441674905444699e-16,7.5331668900964813e-16,7.8570950792126759e-16,6.8375221856649312e-16,4.7590138934378946e-16,1.9689641509377215e-16
925,3.6343328746746181e-15,2.6639531306021623e-16,5.6550426115585945e-16,7.2899288430494029e-16,7.6039601752726936e-16,6.6177744902626860e-16,4.6065322023068256e-16,1.9061372936938099e-16
926,3.5172442441003700e-15,2.5775401285807576e-16,5.4720392433124611e-16,7.0545454945247987e-16,7.3589806110539079e-16,6.4050882772240261e-16,4.4589346641628784e-16,1.8453140221448669e-16
927,3.4039279007332972e-15,2.4939309627015025e-16,5.2949592076713012e-16,6.8267631719372007e-16,7.1218936429957371e-16,6.1992366590829381e-16,4.3160648836499576e-16,1.7864304792943376e-16
928,3.2942623114176738e-15,2.4130346309042025e-16,5.1236107436672900e-16,6.6063363961270724e-16,6.8924449924429247e-16,6.0000000373263026e-16,4.1777714716687743e-16,1.7294248420401709e-16
929,3.1881298584758703e-15,2.3347630855945018e-16,4.9578082996616101e-16,6.3930276166890688e-16,6.6703885729285932e-16,5.8071658682641743e-16,4.0439078851821660e-16,1.6742372564385891e-16
930,3.0854167135619683e-15,2.2590311376949725e-16,4.7973723322394454e-16,6.1866069558510065e-16,6.4554862262435096e-16,5.6205284364194263e-16,3.9143322721445300e-16,1.6208097750267972e-16
931,2.9860127155794744e-15,2.1857563638132258e-16,4.6421291116197197e-16,5.9868519606272477e-16,6.2475074670085167e-16,5.4398886351953093e-16,3.7889073213915347e-16,1.5690862961391951e-16
932,2.8898112525322038e-15,2.1148590164257395e-16,4.4919105333685177e-16,5.7935473629791558e-16,6.0462292354761588e-16,5.2650537545872123e-16,3.6675001173315156e-16,1.5190125051537393e-16
933,2.7967091471816195e-15,2.0462619369794029e-16,4.3465539362119108e-16,5.6064848477239127e-16,5.8514356582963942e-16,5.0958372757124480e-16,3.5499819992850098e-16,1.4705358176071187e-16
934,2.7066065463879908e-15,1.9798904718159729e-16,4.2059019257505633e-16,5.4254628279413329e-16,5.6629178169898014e-16,4.9320586719390928e-16,3.4362284253238105e-16,1.4236053241193365e-16
935,2.6194068140166852e-15,1.9156723908276951e-16,4.0698022038848966e-16,5.2502862276364148e-16,5.4804735238799653e-16,4.7735432164020134e-16,3.3261188404656654e-16,1.3781717370702013e-16
936,2.5350164272947405e-15,1.8535378087553604e-16,3.9381074037657828e-16,5.0807662714232098e-16,5.3039071052447486e-16,4.6201217957009308e-16,3.2195365490853381e-16,1.3341873389720363e-16
937,2.4533448765065544e-15,1.7934191090429021e-16,3.8106749300917220e-16,4.9167202810031219e-16,5.1330291914538354e-16,4.4716307295820452e-16,3.1163685914072167e-16,1.2916059324846985e-16
938,2.3743045679211116e-15,1.7352508701654928e-16,3.6873668045792883e-16,4.7579714782181451e-16,4.9676565138675050e-16,4.3279115964110479e-16,3.0165056239489378e-16,1.2503827920207012e-16
939,2.2978107298466470e-15,1.6789697943507396e-16,3.5680495164392203e-16,4.6043487944665705e-16,4.8076117082787869e-16,4.1888110642515543e-16,2.9198418037896991e-16,1.2104746168898993e-16
940,2.2237813217119707e-15,1.6245146386152323e-16,3.4525938776959758e-16,4.4556866862756228e-16,4.6527231246881923e-16,4.0541807273689527e-16,2.8262746765409410e-16,1.1718394859347936e-16
941,2.1521369460769632e-15,1.5718261480412036e-16,3.3408748831938142e-16,4.3118249568320761e-16,4.5028246432070067e-16,3.9238769479854442e-16,2.7357050679010115e-16,1.1344368136090763e-16
942,2.0828007634778508e-15,1.5208469912205181e-16,3.2327715751375755e-16,4.1726085832783679e-16,4.3577554958916860e-16,3.7977607031176369e-16,2.6480369786791941e-16,1.0982273074535314e-16
943,2.0156984100159511e-15,1.4715216977955606e-16,3.1281669120212268e-16,4.0378875495879200e-16,4.2173600943182836e-16,3.6756974363334879e-16,2.5631774831781575e-16,1.0631729269248721e-16
944,1.9507579176014836e-15,1.4237965980288996e-16,3.0269476418020177e-16,3.9075166848394205e-16,4.0814878627119754e-16,3.5575569142705971e-16,2.4810366308274221e-16,1.0292368435345022e-16
945,1.8879096367669218e-15,1.3776197643357968e-16,2.9290041791826940e-16,3.7813555067156136e-16,3.9499930764527104e-16,3.4432130877629772e-16,2.4015273509638728e-16,9.9638340225555590e-17
946,1.8270861619670923e-15,1.3329409547157956e-16,2.8342304868686665e-16,3.6592680700578258e-16,3.8227347057837838e-16,3.3325439574282736e-16,2.3245653606586820e-16,9.6457808415789531e-17
947,1.7682222592859049e-15,1.2897115580216795e-16,2.7425239606713635e-16,3.5411228203128551e-16,3.6995762645557092e-16,3.2254314435722153e-16,2.2500690754932042e-16,9.3378747023202452e-17
948,1.7112547964721898e-15,1.2478845410061042e-16,2.6537853183331511e-16,3.4267924517141851e-16,3.5803856638431640e-16,3.1217612602716384e-16,2.1779595231895405e-16,9.0397920636411592e-17
949,1.6561226752295860e-15,1.2074143970881443e-16,2.5679184919532410e-16,3.3161537700445444e-16,3.4650350702780105e-16,3.0214227935019042e-16,2.1081602600044629e-16,8.7512196942555289e-17
950,1.6027667656878786e-15,1.1682570967838797e-16,2.4848305238979474e-16,3.2090875598318116e-16,3.3534007689464577e-16,2.9243089831788082e-16,2.0405972897983335e-16,8.4718543444154895e-17
951,1.5511298429854935e-15,1.1303700397469468e-16,2.4044314660823815e-16,3.1054784558350245e-16,3.2453630307033077e-16,2.8303162089892898e-16,1.9751989856934530e-16,8.2014024280453236e-17
952,1.5011565258951376e-15,1.0937120083667592e-16,2.3266342825143763e-16,3.0052148186818915e-16,3.1408059837609961e-16,2.7393441798892503e-16,1.9118960142390269e-16,7.9395797149907534e-17
953,1.4527932174267589e-15,1.0582431228737827e-16,2.2513547549949477e-16,2.9081886145236794e-16,3.0396174894156880e-16,2.6512958271507199e-16,1.8506212620025735e-16,7.6861110330619916e-17
954,1.4059880473441246e-15,1.0239247979029042e-16,2.1785113918730317e-16,2.8142952985776848e-16,2.9416890217771586e-16,2.5660772008443776e-16,1.7913097645101740e-16,7.4407299795591647e-17
955,1.3606908165333607e-15,9.9071970046752572e-17,2.1080253397555568e-16,2.7234337024316898e-16,2.8469155513734543e-16,2.4835973696471010e-16,1.7338986374604265e-16,7.2031786419785160e-17
956,1.3168529431637917e-15,9.5859170929854811e-17,2.0398202980770953e-16,2.6355059249888677e-16,2.7551954325055059e-16,2.4037683238677662e-16,1.6783270101393918e-16,6.9732073276074367e-17
957,1.2744274105833395e-15,9.2750587550390446e-17,1.9738224364364726e-16,2.5504172269355184e-16,2.6664302942308849e-16,2.3265048815879259e-16,1.6245359609661221e-16,6.7505743017256775e-17
958,1.2333687168925897e-15,8.9742838450574235e-17,1.9099603146106848e-16,2.4680759286178241e-16,2.5805249348597695e-16,2.2517245978173512e-16,1.5724684551006279e-16,6.5350455341389697e-17
959,1.1936328261434518e-15,8.6832651921374669e-17,1.8481648051593942e-16,2.3883933112174894e-16,2.4973872198499731e-16,2.1793476765675872e-16,1.5220692840483149e-16,6.3263944537801227e-17
960,1.1551771211100712e-15,8.4016862439444552e-17,1.7883690185360859e-16,2.3112835211196945e-16,2.4169279829915330e-16,2.1092968857498274e-16,1.4732850071970287e-16,6.1244017111209633e-17
961,1.1179603575813340e-15,8.1292407219764592e-17,1.7305082306246749e-16,2.2366634773702150e-16,2.3390609307748607e-16,2.0414974748063886e-16,1.4260638952248837e-16,5.9288549481467146e-17
962,1.0819426201259518e-15,7.8656322880241078e-17,1.6745198126230012e-16,2.1644527821219271e-16,2.2637025498399068e-16,1.9758770949879963e-16,1.3803558753190482e-16,5.7395485756522716e-17
963,1.0470852792826745e-15,7.6105742214620294e-17,1.6203431631971766e-16,2.0945736339741042e-16,2.1907720174070690e-16,1.9123657221919042e-16,1.3361124781475391e-16,5.5562835576274815e-17
964,1.0133509501297239e-15,7.3637891070201809e-17,1.5679196428332270e-16,2.0269507441110549e-16,2.1201911145937727e-16,1.8508955822786036e-16,1.2932867865279672e-16,5.3788672025059500e-17
965,9.8070345218901142e-16,7.1250085326945260e-17,1.5171925103148547e-16,1.9615112551496762e-16,2.0518841425237752e-16,1.7914010787875181e-16,1.2518333857389357e-16,5.2071129610590414e-17
966,9.4910777062213551e-16,6.8939727974677752e-17,1.4681068612584371e-16,1.8981846626083900e-16,1.9857778411391960e-16,1.7338187229746297e-16,1.2117083154215548e-16,5.0408402307236963e-17
967,9.1853001867654024e-16,6.6704306285214682e-17,1.4206095686386317e-16,1.8369027389127930e-16,1.9218013106282170e-16,1.6780870660974729e-16,1.1728690230201989e-16,4.8798741661594055e-17
968,8.8893740134156277e-16,6.4541389076310988e-17,1.3746492252401001e-16,1.7775994598560569e-16,1.8598859353841708e-16,1.6241466338753013e-16,1.1352743187132698e-16,4.7240454958361773e-17
969,8.6029818017538560e-16,6.2448624064459935e-17,1.3301760879729581e-16,1.7202109334347866e-16,1.7999653104144687e-16,1.5719398630545810e-16,1.0988843317862985e-16,4.5731903444616421e-17
970,8.3258163926517194e-16,6.0423735303653131e-17,1.2871420239915846e-16,1.6646753309835896e-16,1.7419751701204400e-16,1.5214110400121805e-16,1.0636604684012405e-16,4.4271500610615316e-17
971,8.0575805228387514e-16,5.8464520707309911e-17,1.2455004585583703e-16,1.6109328205340949e-16,1.6858533193716956e-16,1.4725062413308157e-16,1.0295653707173075e-16,4.2857710525336744e-17
972,7.7979865060839173e-16,5.6568849650674109e-17,1.2052063245958857e-16,1.5589255023265696e-16,1.6315395668010933e-16,1.4251732762834041e-16,9.9656287732008631e-17,4.1489046225013782e-17
973,7.5467559246486440e-16,5.4734660651064910e-17,1.1662160138727759e-16,1.5085973464045793e-16,1.5789756602487678e-16,1.3793616311650148e-16,9.6461798491709908e-17,4.0164068152975913e-17
974,7.3036193306804005e-16,5.2959959123452512e-17,1.1284873297704675e-16,1.4598941322254123e-16,1.5281052242859780e-16,1.3350224154130754e-16,9.3369681125928324e-17,3.8881382649165968e-17
975,7.0683159572266049e-16,5.1242815208912370e-17,1.0919794415794769e-16,1.4127633902211394e-16,1.4788736997517761e-16,1.2921083094583970e-16,9.0376655924917249e-17,3.7639640487751906e-17
976,6.8405934385588933e-16,4.9581361673590534e-17,1.0566528402757761e-16,1.3671543452473003e-16,1.4312282852376448e-16,1.2505735142514244e-16,8.7479548219781072e-17,3.6437535461303196e-17
977,6.6202075395078169e-16,4.7973791875889966e-17,1.0224692957292809e-16,1.3230178618582348e-16,1.3851178804573430e-16,1.2103737024099091e-16,8.4675285019364860e-17,3.5273803010050157e-17
978,6.4069218935176495e-16,4.6418357799662069e-17,9.8939181529806632e-17,1.2803063913500521e-16,1.3404930314412286e-16,1.1714659709359219e-16,8.1960891754784357e-17,3.4147218894791616e-17
979,6.2005077491403777e-16,4.4913368151259420e-17,9.5738460376342942e-17,1.2389739205141324e-16,1.2973058774962760e-16,1.1338087954517985e-16,7.9333489128152579e-17,3.3056597912062219e-17
980,6.0007437246970026e-16,4.3457186518375616e-17,9.2641302456236967e-17,1.1989759220459070e-16,1.2555100998748983e-16,1.0973619859062369e-16,7.6790290062169150e-17,3.2000792650214408e-17
981,5.8074155708429926e-16,4.2048229588665489e-17,8.9644356227546078e-17,1.1602693065554442e-16,1.2150608720975307e-16,1.0620866437033162e-16,7.4328596747345392e-17,3.0978692285113218e-17
982,5.6203159407832538e-16,4.0684965426203935e-17,8.6744378632945460e-17,1.1228123761280928e-16,1.1759148118756835e-16,1.0279451202087423e-16,7.1945797783740826e-17,2.9989221414183284e-17
983,5.4392441678901748e-16,3.9365911803905028e-17,8.3938231587527167e-17,1.0865647793851150e-16,1.1380299345839123e-16,9.9490097658907498e-17,6.9639365414187609e-17,2.9031338927587565e-17
984,5.2640060504862383e-16,3.8089634590083731e-17,8.1222878580330962e-17,1.0514874679958524e-16,1.1013656082307955e-16,9.6291894494112930e-17,6.7406852846075320e-17,2.8104036915356001e-17
985,5.0944136435603391e-16,3.6854746187402019e-17,7.8595381385923092e-17,1.0175426545945315e-16,1.0658825098806305e-16,9.3196489067010171e-17,6.5245891658862257e-17,2.7206339609320142e-17
986,4.9302850571944984e-16,3.5659904022497790e-17,7.6052896882458921e-17,9.8469377205634102e-17,1.0315425834791065e-16,9.0200577607631872e-17,6.3154189294570612e-17,2.6337302358745915e-17
987,4.7714442614847044e-16,3.4503809084650830e-17,7.3592673972780301e-17,9.5290543408886577e-17,9.9830899903772427e-17,8.7300962511178228e-17,6.1129526628609989e-17,2.5496010638592050e-17
988,4.6177208977466980e-16,3.3385204511893078e-17,7.1212050605210971e-17,9.2214339709638993e-17,9.6614611313318514e-17,8.4494548926893640e-17,5.9169755618358805e-17,2.4681579089355824e-17
989,4.4689500958042218e-16,3.2302874223022418e-17,6.8908450890820588e-17,8.9237452327595250e-17,9.3501943067938669e-17,8.1778341456528935e-17,5.7272797027015696e-17,2.3893150587500641e-17
990,4.3249722971637446e-16,3.1255641594029264e-17,6.6679382314033073e-17,8.6356674490536402e-17,9.0489556793102369e-17,7.9149440958868952e-17,5.5436638220312130e-17,2.3129895345492240e-17
991,4.1856330838860392e-16,3.0242368177493545e-17,6.4522433033556321e-17,8.3568902978468306e-17,8.7574221667911443e-17,7.6605041456918617e-17,5.3659331033754783e-17,2.2391010040500869e-17
992,4.0507830129710686e-16,2.9261952463556653e-17,6.2435269270707694e-17,8.0871134779389021e-17,8.4752810960005544e-17,7.4142427144449853e-17,5.1938989708140862e-17,2.1675716970857184e-17
993,3.9202774560785469e-16,2.8313328681118160e-17,6.0415632782305056e-17,7.8260463853070524e-17,8.2022298672103577e-17,7.1758969488717733e-17,5.0273788891161362e-17,2.0983263239378288e-17
994,3.7939764444122920e-16,2.7395465637951089e-17,5.8461338415384406e-17,7.5734077999365734e-17,7.9379756296584815e-17,6.9452124426256840e-17,4.8661961702977616e-17,2.0312919962708673e-17
995,3.6717445186019845e-16,2.6507365598471777e-17,5.6570271741094091e-17,7.3289255827664076e-17,7.6822349674628975e-17,6.7219429648767733e-17,4.7101797863723907e-17,1.9663981505847843e-17
996,3.5534505834213500e-16,2.5648063197941631e-17,5.4740386765201385e-17,7.0923363824228668e-17,7.4347335956546358e-17,6.5058501976199726e-17,4.5591641880954296e-17,1.9035764741062936e-17
997,3.4389677671869349e-16,2.4816624391917633e-17,5.2969703712730117e-17,6.8633853514253074e-17,7.1952060660038220e-17,6.2967034814229020e-17,4.4129891295115432e-17,1.8427608330409979e-17
998,3.3281732856866818e-16,2.4012145439807029e-17,5.1256306884328865e-17,6.6418258715578235e-17,6.9633954823232233e-17,6.0942795693421160e-17,4.2714994981188430e-17,1.7838872031112239e-17
