t,f_total,k_0,k_1,k_2,k_3,k_4,k_5,k_6
1,0.0000000000000000e+00,0.0000000000000000e+00,0.0000000000000000e+00,0.0000000000000000e+00,0.0000000000000000e+00,0.0000000000000000e+00,0.0000000000000000e+00,0.0000000000000000e+00
2,0.0000000000000000e+00,0.0000000000000000e+00,0.0000000000000000e+00,0.0000000000000000e+00,0.0000000000000000e+00,0.0000000000000000e+00,0.0000000000000000e+00,0.0000000000000000e+00
3,2.0173010973936889e-05,0.0000000000000000e+00,0.0000000000000000e+00,0.0000000000000000e+00,2.0173010973936889e-05,0.0000000000000000e+00,0.0000000000000000e+00,0.0000000000000000e+00
4,3.2598465011050127e-04,0.0000000000000000e+00,0.0000000000000000e+00,2.3882603547477508e-05,1.4373270318930034e-04,1.5836934337372342e-04,0.0000000000000000e+00,0.0000000000000000e+00
5,1.2801290119870252e-03,0.0000000000000000e+00,6.3362555795822086e-06,9.7976566105162637e-05,4.1358209622352824e-04,5.6326799815471025e-04,1.9896609592404179e-04,0.0000000000000000e+00
6,2.9386067592329576e-03,8.9989110144523277e-07,2.5860637546944409e-05,2.3007727509216094e-04,8.0716001456973790e-04,1.1622023243719609e-03,6.2380078132871601e-04,8.8605835221991988e-05
7,5.0900794979193541e-03,3.8867822923645862e-06,6.2635282181638691e-05,4.1269378952553555e-04,1.2744130868796745e-03,1.8557143066441162e-03,1.1967924271132746e-03,2.8394382328274980e-04
8,7.4636660928326919e-03,9.8978700203549371e-06,1.1744378656916701e-04,6.3113621251272012e-04,1.7658680403506151e-03,2.5567449132364063e-03,1.8263037136496498e-03,5.5627155649377912e-04
9,9.8362693692269562e-03,1.9388997927054734e-05,1.8851434602315683e-04,8.6943468365549797e-04,2.2437596777368195e-03,3.2075192195983428e-03,2.4428606346405747e-03,8.6479180964551020e-04
10,1.2058359435663331e-02,3.2329545283577177e-05,2.7251821583286831e-04,1.1134533818540223e-03,2.6835940713028257e-03,3.7770531423922558e-03,3.0040407812837117e-03,1.1753702977140717e-03
11,1.4045064686597299e-02,4.8310874883915737e-05,3.6544612959768362e-04,1.3520691566102463e-03,3.0719444937343243e-03,4.2534694261010392e-03,3.4888205776260469e-03,1.4650040280440408e-03
12,1.5758512883487175e-02,6.6687615246521095e-05,4.6324462067825947e-04,1.5772834439907403e-03,3.4033973785953572e-03,4.6367506055046918e-03,3.8904631520566011e-03,1.7206860674150019e-03
13,1.7191519732994976e-02,8.6707473542384052e-05,5.6221643866782747e-04,1.7838462083905910e-03,3.6778110869347585e-03,4.9334020106903964e-03,4.2107795988615840e-03,1.9367569159074347e-03
14,1.8355275117631478e-02,1.0761130202451637e-04,6.5923243239592814e-04,1.9687184226277071e-03,3.8982135324198731e-03,5.1529623859890078e-03,4.4561635218845503e-03,2.1123735202898935e-03
15,1.9270904950482580e-02,1.2870028809153339e-04,7.5180950082438141e-04,2.1305355115069907e-03,4.0693249914927005e-03,5.3059007044292681e-03,4.6350723828277500e-03,2.2495615713099535e-03
16,1.9964033384513982e-02,1.4937444384222981e-04,8.3810217238325206e-04,2.2691404402726306e-03,4.1965838826839739e-03,5.4024425516077676e-03,4.7565250707957852e-03,2.3518648229283456e-03
17,2.0461451525971442e-02,1.6914911868877726e-04,9.1684427523495971e-04,2.3852063378468008e-03,4.2855405445602250e-03,5.4519791556215339e-03,4.8292620433980629e-03,2.4234700506210799e-03
18,2.0789186098773220e-02,1.8765629989990533e-04,9.8726640679429995e-04,2.4799456130063838e-03,4.3415047278881121e-03,5.4628230323069439e-03,4.8613175440624327e-03,2.4686724748151428e-03
19,2.0971464340746863e-02,2.0463641087371484e-04,1.0490060785985778e-03,2.5548934205280155e-03,4.3693602921228121e-03,5.4421592608280894e-03,4.8598384602733828e-03,2.4915704175222670e-03
20,2.1030234935085639e-02,2.1992495160966930e-04,1.1020207887196484e-03,2.6117511173111025e-03,4.3734856455889875e-03,5.3960997940854178e-03,4.8310448968747876e-03,2.4959077408960285e-03
21,2.0985022721648598e-02,2.3343703565293207e-04,1.1465096162193902e-03,2.6522762344225333e-03,4.3577381007217607e-03,5.3297860008438410e-03,4.7802677601043271e-03,2.4850079736838120e-03
22,2.0852975380378565e-02,2.4515181565982141e-04,1.1828458353233839e-03,2.6782075304965908e-03,4.3254746243236086e-03,5.2475082010666647e-03,4.7120244085400460e-03,2.4617629649684512e-03
23,2.0649013408299544e-02,2.5509798655841111e-04,1.2115211052601850e-03,2.6912159447081657e-03,4.2795914288510555e-03,5.1528252448032850e-03,4.6301095457480530e-03,2.4286521523703883e-03
24,2.0386029073234210e-02,2.6334098582378890e-04,1.2331006613019687e-03,2.6928743259171956e-03,4.2225715701299411e-03,5.0486756336834476e-03,4.5376884431306838e-03,2.3877774532471822e-03
25,2.0075101913283860e-02,2.6997212957208282e-04,1.2481883465152300e-03,2.6846405385789001e-03,4.1565341293547126e-03,4.9374765427699788e-03,4.4373855844978020e-03,2.3409046419951523e-03
26,1.9725712109407281e-02,2.7509968416880229e-04,1.2574000863506999e-03,2.6678499212824010e-03,4.0832813854125563e-03,4.8212097943832032e-03,4.3313653956597508e-03,2.2895058421498696e-03
27,1.9345941592810598e-02,2.7884173505087140e-04,1.2613443820983236e-03,2.6437141381841322e-03,4.0043421511461626e-03,4.7014952477474007e-03,4.2214037984594681e-03,2.2348001401242355e-03
28,1.8942657959162067e-02,2.8132064508337007e-04,1.2606084916335677e-03,2.6133242710844173e-03,3.9210105195665946e-03,4.5796527376146690e-03,4.1089504938369359e-03,2.1777908003425142e-03
29,1.8521679374869204e-02,2.8265886979466693e-04,1.2557491164854437e-03,2.5776566039938087e-03,3.8343798915885944e-03,4.4567539455165322e-03,3.9951824952973751e-03,2.1192984521927857e-03
30,1.8087920462260272e-02,2.8297589896423344e-04,1.2472865855325825e-03,2.5375799993813085e-03,3.7453725009176687e-03,4.3336656113296974e-03,3.8810497259176573e-03,2.0599901402171246e-03
31,1.7645520139999551e-02,2.8238611140612345e-04,1.2357016954948380e-03,2.4938640939171511e-03,3.6547648224470961e-03,4.2110854027225756e-03,3.7673135955477340e-03,2.0004044184640324e-03
32,1.7197952888308492e-02,2.8099735456128735e-04,1.2214345248932491e-03,2.4471877812700625e-03,3.5632093175713767e-03,4.0895716199251782e-03,3.6545794732524197e-03,1.9409728168349174e-03
33,1.6748125104211524e-02,2.7891008773043825e-04,1.2048846757941130e-03,2.3981476232773540e-03,3.4712529773023508e-03,3.9695677586280079e-03,3.5433239132615021e-03,1.8820380682177599e-03
34,1.6298458234211711e-02,2.7621695448637462e-04,1.1864125148358263e-03,2.3472659558536322e-03,3.3793530994168522e-03,3.8514228033153645e-03,3.4339174103355376e-03,1.8238694959681228e-03
35,1.5850960297471212e-02,2.7300267437531682e-04,1.1663410824000638e-03,2.2949985452558447e-03,3.2878906957520670e-03,3.7354079858999407e-03,3.3266433696144378e-03,1.7666759441735418e-03
36,1.5407287288883353e-02,2.6934416568917400e-04,1.1449584181346694e-03,2.2417417133705352e-03,3.1971818800450337e-03,3.6217306235979182e-03,3.2217138862145030e-03,1.7106166018315194e-03
37,1.4968795806807817e-02,2.6531082963896261e-04,1.1225201146625825e-03,2.1878388946263640e-03,3.1074875409551187e-03,3.5105455460515836e-03,3.1192828460328871e-03,1.6558100348403177e-03
38,1.4536588101413792e-02,2.6096494177271253e-04,1.0992519616159161e-03,2.1335866171911097e-03,3.0190215620495386e-03,3.4019645337533991e-03,3.0194567836612147e-03,1.6023417013699018e-03
39,1.4111550595970463e-02,2.5636210921696777e-04,1.0753525813914373e-03,2.0792399211357953e-03,2.9319578119263632e-03,3.2960641161693038e-03,2.9223038666967576e-03,1.5502701894338385e-03
40,1.3694386799991661e-02,2.5155176261348373e-04,1.0509959882756092e-03,2.0250172390662768e-03,2.8464360937291411e-03,3.1928920167143488e-03,2.8278613178988957e-03,1.4996323816939051e-03
41,1.3285645412112725e-02,2.4657765982543533e-04,1.0263340256026049e-03,1.9711047724074136e-03,2.7625672139923087e-03,3.0924724810556946e-03,2.7361415369515580e-03,1.4504477222777098e-03
42,1.2885744302569523e-02,2.4147838494052596e-04,1.0014986528794113e-03,1.9176604005938938e-03,2.6804373057043797e-03,2.9948106834189023e-03,2.6471371412402521e-03,1.4027217337921583e-03
43,1.2494990969853029e-02,2.3628783111136919e-04,9.7660406757283606e-04,1.8648171619816080e-03,2.6001115192296090e-03,2.8998963711692250e-03,2.5608251091590391e-03,1.3564489096293438e-03
44,1.2113599982721230e-02,2.3103565961791125e-04,9.5174865550958073e-04,1.8126863451491178e-03,2.5216371768025502e-03,2.8077068796568184e-03,2.4771701791749742e-03,1.3116150868102781e-03
45,1.1741707846217834e-02,2.2574773044440935e-04,9.2701677040152850e-04,1.7613602279921360e-03,2.4450464712350325e-03,2.7182096260783971e-03,2.3961276324039795e-03,1.2681993876623506e-03
46,1.1379385667548642e-02,2.2044650182881002e-04,9.0248034751769951e-04,1.7109145000432445e-03,2.3703587768232415e-03,2.6313641720203838e-03,2.3176455650828470e-03,1.2261758042324156e-03
47,1.1026649943484949e-02,2.1515139782536083e-04,8.7820035948922657e-04,1.6614104010718781e-03,2.2975826298348451e-03,2.5471239286663340e-03,2.2416667394320926e-03,1.1855144871652126e-03
48,1.0683471744343411e-02,2.0987914405217560e-04,8.5422812405052968e-04,1.6128966064449584e-03,2.2267174270643782e-03,2.4654375657613284e-03,2.1681300864518473e-03,1.1461827905181934e-03
49,1.0349784529563177e-02,2.0464407257902756e-04,8.3060647449559246e-04,1.5654108871009727e-03,2.1577548834892952e-03,2.3862501748245220e-03,2.0969719217121853e-03,1.1081461153615822e-03
50,1.0025490795589672e-02,1.9945839743032402e-04,8.0737080399871381e-04,1.5189815694069109e-03,2.0906802838026460e-03,2.3095042283753646e-03,2.0281269247935333e-03,1.0713685877821806e-03
51,9.7104677274027322e-03,1.9433246249990149e-04,7.8454999489395417e-04,1.4736288176915744e-03,2.0254735573426242e-03,2.2351403697513693e-03,1.9615289243653492e-03,1.0358136008579589e-03
52,9.4045719999104778e-03,1.8927496384952934e-04,7.6216724366224805e-04,1.4293657599189044e-03,1.9621102015183562e-03,2.1630980621693005e-03,1.8971115236779638e-03,1.0014442451141755e-03
53,9.1076438539711094e-03,1.8429314843182841e-04,7.4024079184108194e-04,1.3861994748024427e-03,1.9005620751071743e-03,2.0933161207914524e-03,1.8348085952439325e-03,9.6822364775319726e-04
54,8.8195105534821724e-03,1.7939299127147715e-04,7.1878457242341984e-04,1.3441318566758318e-03,1.8407980796563302e-03,2.0257331475193375e-03,1.7745546685005043e-03,9.3611523743527192e-04
55,8.5399893143408897e-03,1.7457935307954678e-04,6.9780878060458971e-04,1.3031603726250908e-03,1.7827847445663113e-03,1.9602878848975166e-03,1.7162852301053264e-03,9.0508294846250871e-04
56,8.2688897827409066e-03,1.6985612018227537e-04,6.7732037700695075e-04,1.2632787247513354e-03,1.7264867291844413e-03,1.8969195027465902e-03,1.6599369530822322e-03,8.7509137578708248e-04
57,8.0060161288961432e-03,1.6522632853075992e-04,6.5732353078945083e-04,1.2244774289592230e-03,1.6718672533304290e-03,1.8355678288551360e-03,1.6054478681850268e-03,8.4610589024611727e-04
58,7.7511688125841711e-03,1.6069227343162192e-04,6.3782000935097864e-04,1.1867443203460878e-03,1.6188884660553579e-03,1.7761735331624342e-03,1.5527574884860338e-03,8.1809272175165679e-04
59,7.5041460686336488e-03,1.5625560650770430e-04,6.1880952067449257e-04,1.1500649940878705e-03,1.5675117610567135e-03,1.7186782732888455e-03,1.5018068962407163e-03,7.9101901677730590e-04
60,7.2647451534321060e-03,1.5191742126725977e-04,6.0029001374026648e-04,1.1144231896685192e-03,1.5176980459965246e-03,1.6630248079626555e-03,1.4525387994613174e-03,7.6485287533556239e-04
61,7.0327633875220058e-03,1.4767832853329732e-04,5.8225794186475500e-04,1.0798011253676371e-03,1.4694079719659125e-03,1.6091570838048727e-03,1.4048975642941787e-03,7.3956337169135266e-04
62,6.8079990242304600e-03,1.4353852286401320e-04,5.6470849329763270e-04,1.0461797890953433e-03,1.4226021284807903e-03,1.5570203000288994e-03,1.3588292281895248e-03,7.1512056227425653e-04
63,6.5902519699102893e-03,1.3949784098192248e-04,5.4763579293285489e-04,1.0135391909327596e-03,1.3772412086580253e-03,1.5065609548588676e-03,1.3142814979395538e-03,6.9149548360630505e-04
64,6.3793243776454544e-03,1.3555581312417036e-04,5.3103307855837008e-04,9.8185858209120635e-04,1.3332861485904626e-03,1.4577268768429315e-03,1.2712037359076691e-03,6.6866014253064490e-04
65,6.1750211330966970e-03,1.3171170812982511e-04,5.1489285468088192e-04,9.5111664443378499e-04,1.2906982443971495e-03,1.4104672437145554e-03,1.2295469371512184e-03,6.4658750058928260e-04
66,5.9771502484525941e-03,1.2796457299170286e-04,4.9920702661390855e-04,9.2129165420115860e-04,1.2494392499588025e-03,1.3647325910182643e-03,1.1892636996294610e-03,6.2525145403929613e-04
67,5.7855231781378386e-03,1.2431326752019491e-04,4.8396701720620149e-04,8.9236162314131192e-04,1.2094714579468685e-03,1.3204748123517662e-03,1.1503081892686761e-03,6.0462681070281958e-04
68,5.5999550679556318e-03,1.2075649469425832e-04,4.6916386831021126e-04,8.6430441985406036e-04,1.1707577664080689e-03,1.2776471527717948e-03,1.1126361013117181e-03,5.8468926460551968e-04
69,5.4202649476544195e-03,1.1729282720971093e-04,4.5478832884361978e-04,8.3709787381885579e-04,1.1332617328671704e-03,1.2362041966564069e-03,1.0762046190967989e-03,5.6541536916185733e-04
70,5.2462758754683921e-03,1.1392073067670368e-04,4.4083093107802953e-04,8.1071986427356504e-04,1.0969476176521139e-03,1.1961018511034637e-03,1.0409723711790999e-03,5.4678250950541594e-04
71,5.0778150419496151e-03,1.1063858386618154e-04,4.2728205659491080e-04,7.8514839584741707e-04,1.0617804179218269e-03,1.1572973257667979e-03,1.0068993875199325e-03,5.2876887443254882e-04
72,4.9147138393568568e-03,1.0744469635874112e-04,4.1413199317725114e-04,7.6036166261892889e-04,1.0277258936832109e-03,1.1197491098822935e-03,9.7394705531420370e-04,5.1135342832222749e-04
73,4.7568079019654702e-03,1.0433732390802074e-04,4.0137098375364361e-04,7.3633810206545321e-04,9.9475058691570807e-04,1.0834169471110923e-03,9.4207807490170339e-04,4.9451588330984893e-04
74,4.6039371218920778e-03,1.0131468179411441e-04,3.8898926837759083e-04,7.1305644019164442e-04,9.6282183477599420e-04,1.0482618087223486e-03,9.1125641610614134e-04,4.7823667192424459e-04
75,4.4559456443679568e-03,9.8374956410016400e-05,3.7697712010662855e-04,6.9049572896661619e-04,9.3190777772869009e-04,1.0142458655501207e-03,8.8144727526368407e-04,4.6249692034220101e-04
76,4.3126818458299127e-03,9.5516315295342364e-05,3.6532487554167956e-04,6.6863537706121721e-04,9.0197736333887286e-04,9.8133245908532088e-04,8.5261703313650001e-04,4.4727842237097918e-04
77,4.1739982977131882e-03,9.2736915806135653e-05,3.5402296069524618e-04,6.4745517475533988e-04,8.7300034636642531e-04,9.4948607200186718e-04,8.2473321385363621e-04,4.3256361423453738e-04
78,4.0397517184158297e-03,9.0034912587093010e-05,3.4306191277619792e-04,6.2693531377847013e-04,8.4494728571892430e-04,9.1867229836434488e-04,7.9776444497904099e-04,4.1833555021175852e-04
79,3.9098029155478550e-03,8.7408463992700788e-05,3.3243239840772707e-04,6.0705640275295265e-04,8.1778953874719700e-04,8.8885781372099635e-04,7.7168041877274701e-04,4.0457787915353473e-04
80,3.7840167202731370e-03,8.4855737586263835e-05,3.2212522873240025e-04,5.8779947882713524e-04,7.9149925330445302e-04,8.6001034524938336e-04,7.4645185468453807e-04,3.9127482188896313e-04
81,3.6622619152896492e-03,8.2374914830370862e-05,3.1213137180310826e-04,5.6914601601324919e-04,7.6604935793477794e-04,8.3209864209145225e-04,7.2205046309850010e-04,3.7841114951819030e-04
82,3.5444111577685755e-03,7.9964195068730722e-05,3.0244196261022409e-04,5.5107793068136777e-04,7.4141355050871274e-04,8.0509244598906207e-04,6.9844891033060881e-04,3.6597216257986933e-04
83,3.4303408983793432e-03,7.7621798887322717e-05,2.9304831105262297e-04,5.3357758460499899e-04,7.1756628558171474e-04,7.7896246230952293e-04,6.7562078486904653e-04,3.5394367107411420e-04
84,3.3199312973614219e-03,7.5345970932241905e-05,2.8394190812270254e-04,5.1662778590485332e-04,6.9448276071469930e-04,7.5368033153264200e-04,6.5354056483752547e-04,3.4231197531675735e-04
85,3.2130661384608757e-03,7.3134982252318160e-05,2.7511443054254852e-04,5.0021178819426785e-04,6.7213890196392355e-04,7.2921860125568696e-04,6.3218358665491923e-04,3.3106384759721148e-04
86,3.1096327414267886e-03,7.0987132226397261e-05,2.6655774405937710e-04,4.8431328819194258e-04,6.5051134871959041e-04,7.0555069876002032e-04,6.1152601485948976e-04,3.2018651460997120e-04
87,3.0095218736570623e-03,6.8900750127961802e-05,2.5826390558287052e-04,4.6891642203440189e-04,6.2957743804819047e-04,6.8265090417261474e-04,5.9154481306252762e-04,3.0966764062849515e-04
88,2.9126276614922183e-03,6.6874196373422132e-05,2.5022516432458977e-04,4.5400576049139225e-04,6.0931518867234839e-04,6.6049432424682955e-04,5.7221771599398196e-04,2.9949531138965423e-04
89,2.8188475015776837e-03,6.4905863494819596e-05,2.4243396207991466e-04,4.3956630326177400e-04,5.8970328470335856e-04,6.3905686677949078e-04,5.5352320260137577e-04,2.8965801865695032e-04
90,2.7280819726478067e-03,6.2994176872767111e-05,2.3488293277561977e-04,4.2558347250491355e-04,5.7072105922538583e-04,6.1831521567520678e-04,5.3544047016276558e-04,2.8014464543114822e-04
91,2.6402347480270448e-03,6.1137595261122262e-05,2.2756490139093439e-04,4.1204310574278178e-04,5.5234847781614573e-04,5.9824680666379433e-04,5.1794940937454400e-04,2.7094445177772250e-04
92,2.5552125090940185e-03,5.9334611131077830e-05,2.2047288234652572e-04,3.9893144825056237e-04,5.3456612207651685e-04,5.7882980367249465e-04,5.0103058037534942e-04,2.6204706124149187e-04
93,2.4729248599114025e-03,5.7583750859000756e-05,2.1360007744404628e-04,3.8623514503829069e-04,5.1735517323075379e-04,5.6004307585122252e-04,4.8466518966814307e-04,2.5344244781994529e-04
94,2.3932842431878742e-03,5.5883574779397600e-05,2.0693987342851726e-04,3.7394123251261564e-04,5.0069739584955608e-04,5.4186617524626369e-04,4.6883506790353796e-04,2.4512092346798571e-04
95,2.3162058577067949e-03,5.4232677121785635e-05,2.0048583923670035e-04,3.6203712989599089e-04,4.8457512174004074e-04,5.2427931511553555e-04,4.5352264848864813e-04,2.3707312610809339e-04
96,2.2416075773292214e-03,5.2629685847960036e-05,1.9423172298659283e-04,3.5051063047024877e-04,4.6897123403951709e-04,5.0726334887667450e-04,4.3871094698702247e-04,2.2929000812120555e-04
97,2.1694098716556268e-03,5.1073262404133657e-05,1.8817144875613230e-04,3.3934989270242253e-04,4.5386915154373267e-04,4.9079974967771768e-04,4.2438354127658580e-04,2.2176282529490189e-04
98,2.0995357284108169e-03,4.9562101400651592e-05,1.8229911319300122e-04,3.2854343130271158e-04,4.3925281329483382e-04,4.7487059057898021e-04,4.1052455243389030e-04,2.1448312620674824e-04
99,2.0319105775995316e-03,4.8094930230421213e-05,1.7660898199197596e-04,3.1808010825748587e-04,4.2510666344958018e-04,4.5945852533380742e-04,3.9711862631437744e-04,2.0744274202188346e-04
100,1.9664622174656761e-03,4.6670508635823230e-05,1.7109548627147750e-04,3.0794912387409524e-04,4.1141563644425211e-04,4.4454676975519463e-04,3.8415091579971898e-04,2.0063377668511439e-04
101,1.9031207422757711e-03,4.5287628232658253e-05,1.6575321887677669e-04,2.9814000786886980e-04,3.9816514246914544e-04,4.3011908365475095e-04,3.7160706368465410e-04,1.9404859748891592e-04
102,1.8418184719366649e-03,4.3945111998617222e-05,1.6057693063361200e-04,2.8864261052498916e-04,3.8534105326247048e-04,4.1615975334013098e-04,3.5947318617704087e-04,1.8767982599980428e-04
103,1.7824898834486510e-03,4.2641813732824911e-05,1.5556152657273325e-04,2.7944709394277722e-04,3.7292968823081872e-04,4.0265357465682684e-04,3.4773585698610036e-04,1.8152032932656958e-04
104,1.7250715441875812e-03,4.1376617492179152e-05,1.5070206214303622e-04,2.7054392340136664e-04,3.6091780090106475e-04,3.8958583656009276e-04,3.3638209197503385e-04,1.7556321171480793e-04
105,1.6695020470032414e-03,4.0148437009480221e-05,1.4599373942845360e-04,2.6192385884752875e-04,3.4929256570659958e-04,3.7694230520274118e-04,3.2539933435534493e-04,1.6980180645309324e-04
106,1.6157219471159359e-03,3.8956215097703705e-05,1.4143190338157348e-04,2.5357794652470860e-04,3.3804156510909805e-04,3.6470920852458714e-04,3.1477544040129399e-04,1.6422966807697094e-04
107,1.5636737007888315e-03,3.7798923044206281e-05,1.3701203808503512e-04,2.4549751075290314e-04,3.2715277705557303e-04,3.5287322132942020e-04,3.0449866566394985e-04,1.5884056485774388e-04
108,1.5133016057499529e-03,3.6675559998156262e-05,1.3272976305006540e-04,2.3767414586792492e-04,3.1661456276923421e-04,3.4142145083552859e-04,2.9455765166528736e-04,1.5362847156375633e-04
109,1.4645517433347600e-03,3.5585152354044235e-05,1.2858082956004432e-04,2.3009970832677567e-04,3.0641565487162192e-04,3.3034142268599244e-04,2.8494141305371166e-04,1.4858756248256979e-04
110,1.4173719223178193e-03,3.4526753133743827e-05,1.2456111706569609e-04,2.2276630898426838e-04,2.9654514583260126e-04,3.1962106740518069e-04,2.7563932520326562e-04,1.4371220469306330e-04
111,1.3717116244001851e-03,3.3499441369254037e-05,1.2066662963737396e-04,2.1566630554466486e-04,2.8699247674405918e-04,3.0924870728813331e-04,2.6664111223960994e-04,1.3899695157708997e-04
112,1.3275219513176110e-03,3.2502321487957066e-05,1.1689349247891941e-04,2.0879229519090857e-04,2.7774742641253029e-04,2.9921304370977738e-04,2.5793683547664290e-04,1.3443653656087541e-04
113,1.2847555735335926e-03,3.1534522701963405e-05,1.1323794850671742e-04,2.0213710739300570e-04,2.6880010076546891e-04,2.8950314484120395e-04,2.4951688224836944e-04,1.3002586707686379e-04
114,1.2433666804804447e-03,3.0595198402885830e-05,1.0969635499681813e-04,1.9569379689622505e-04,2.6014092256546799e-04,2.8010843376052814e-04,2.4137195512131975e-04,1.2576001873719980e-04
115,1.2033109323110634e-03,2.9683525563181781e-05,1.0626518030234380e-04,1.8945563688902873e-04,2.5176062142639544e-04,2.7101867694615228e-04,2.3349306147347695e-04,1.2163422971048428e-04
116,1.1645454131237242e-03,2.8798704145025969e-05,1.0294100064283263e-04,1.8341611234999768e-04,2.4365022412515657e-04,2.6222397314055822e-04,2.2587150342628993e-04,1.1764389529386300e-04
117,1.1270285856221484e-03,2.7939956517519160e-05,9.9720496966679723e-05,1.7756891357246325e-04,2.3580104520259191e-04,2.5371474257306428e-04,2.1849886811693125e-04,1.1378456267289880e-04
118,1.0907202471731230e-03,2.7106526882902414e-05,9.6600451887409955e-05,1.7190792986508985e-04,2.2820467784687479e-04,2.4548171653028902e-04,2.1136701829851251e-04,1.1005192586204456e-04
119,1.0555814872241474e-03,2.6297680712326386e-05,9.3577746694151242e-05,1.6642724342625742e-04,2.2085298505267312e-04,2.3751592726337515e-04,2.0446808325648785e-04,1.0644182081887629e-04
120,1.0215746460438954e-03,2.5512704191620179e-05,9.0649358436360107e-05,1.6112112338976598e-04,2.1373809104928166e-04,2.2980869822133082e-04,1.9779445002997045e-04,1.0295022072556631e-04
121,9.8866327474868764e-04,2.4750903677412786e-05,8.7812357082580958e-05,1.5598402003910977e-04,2.0685237299090462e-04,2.2235163460015134e-04,1.9133875492715084e-04,9.9573231431377185e-05
122,9.5681209657865829e-04,2.4011605163879888e-05,8.5063902752789618e-05,1.5101055918734666e-04,2.0018845290227394e-04,2.1513661419768248e-04,1.8509387532444782e-04,9.6307087050237866e-05
123,9.2598696938786724e-04,2.3294153760318938e-05,8.2401243023674006e-05,1.4619553671940710e-04,1.9373918987281735e-04,2.0815577856448137e-04,1.7905292173944000e-04,9.3148145707728309e-05
124,8.9615484931321006e-04,2.2597913179694487e-05,7.9821710306039363e-05,1.4153391329354520e-04,1.8749767249264112e-04,2.0140152444122179e-04,1.7320923016802105e-04,9.0092885432047036e-05
125,8.6728375558765814e-04,2.1922265238242998e-05,7.7322719293385233e-05,1.3702080919852398e-04,1.8145721152366137e-04,1.9486649547347369e-04,1.6755635467660047e-04,8.7137900183770301e-05
126,8.3934273646403264e-04,2.1266609366180195e-05,7.4901764480584935e-05,1.3265149936304485e-04,1.7561133279930116e-04,1.8854357419496507e-04,1.6208806024052520e-04,8.4279896019431256e-05
127,8.1230183621626320e-04,2.0630362129514578e-05,7.2556417751502798e-05,1.2842140851387522e-04,1.6995377034626733e-04,1.8242587427070656e-04,1.5679831582024115e-04,8.1515687384155599e-05
128,7.8613206318580320e-04,2.0012956762936114e-05,7.0284326034305355e-05,1.2432610647909056e-04,1.6447845972202788e-04,1.7650673299162399e-04,1.5168128766703283e-04,7.8842193528786436e-05
129,7.6080535884164827e-04,1.9413842713719857e-05,6.8083209023160615e-05,1.2036130363283148e-04,1.5917953156172589e-04,1.7077970401260269e-04,1.4673133285049135e-04,7.6256435047116451e-05
130,7.3629456782316183e-04,1.8832485196558866e-05,6.5950856964969965e-05,1.1652284647797281e-04,1.5405130532838705e-04,1.6523855032610075e-04,1.4194299300015096e-04,7.3755530529021459e-05
131,7.1257340893568673e-04,1.8268364759219223e-05,6.3885128509740354e-05,1.1280671336311420e-04,1.4908828326040802e-04,1.5987723746373227e-04,1.3731098825401711e-04,7.1336693325455556e-05
132,6.8961644706969723e-04,1.7720976858891683e-05,6.1883948623176786e-05,1.0920901033032479e-04,1.4428514451044088e-04,1.5468992691846165e-04,1.3283021140697541e-04,6.8997228421426051e-05
133,6.6739906601501295e-04,1.7189831449099007e-05,5.9945306560056958e-05,1.0572596709010650e-04,1.3963673946992632e-04,1.4967096978028168e-04,1.2849572225232564e-04,6.6734529413216908e-05
134,6.4589744214236871e-04,1.6674452577005247e-05,5.8067253896939746e-05,1.0235393312008293e-04,1.3513808427366352e-04,1.4481490057847394e-04,1.2430274210993182e-04,6.4546075586271429e-05
135,6.2508851892538692e-04,1.6174377990962408e-05,5.6247902622754567e-05,9.9089373883967053e-05,1.3078435547894245e-04,1.4011643132376896e-04,1.2024664853471053e-04,6.2429429090280974e-05
136,6.0494998227676126e-04,1.5689158758121299e-05,5.4485423285820970e-05,9.5928867167416494e-05,1.2657088491390352e-04,1.3557044574393686e-04,1.1632297019940565e-04,6.0382232208156423e-05
137,5.8546023667318701e-04,1.5218358891926258e-05,5.2778043195853797e-05,9.2869099527441838e-05,1.2249315468992750e-04,1.3117199370654456e-04,1.1252738194581179e-04,5.8402204715681291e-05
138,5.6659838204431824e-04,1.4761554989308018e-05,5.1124044679520704e-05,8.9906862852096945e-05,1.1854679237299588e-04,1.2691628582281743e-04,1.0885569999881442e-04,5.6487141328764755e-05
139,5.4834419140173396e-04,1.4318335877384564e-05,4.9521763388132441e-05,8.7039051027244866e-05,1.1472756630910005e-04,1.2279868822673564e-04,1.0530387733781252e-04,5.4634909235323905e-05
140,5.3067808918461101e-04,1.3888302269476887e-05,4.7969586656063851e-05,8.4262656707260512e-05,1.1103138109891149e-04,1.1881471752368594e-04,1.0186799922027903e-04,5.2843445708933339e-05
141,5.1358113029947806e-04,1.3471066430244379e-05,4.6465951908523261e-05,8.1574768186601327e-05,1.0745427321706040e-04,1.1496003590316977e-04,9.8544278852396683e-05,5.1110755801482262e-05
142,4.9703497983210937e-04,1.3066251849743319e-05,4.5009345117309692e-05,7.8972566369247171e-05,1.0399240677150113e-04,1.1123044641024748e-04,9.5329053201881846e-05,4.9434910112178805e-05
143,4.8102189341026823e-04,1.2673492926211529e-05,4.3598299303220891e-05,7.6453321833082531e-05,1.0064206939857272e-04,1.0762188837056871e-04,9.2218778948277100e-05,4.7814042630334714e-05
144,4.6552469819665483e-04,1.2292434657382319e-05,4.2231393083799908e-05,7.4014391986366163e-05,9.7399668289490418e-05,1.0413043296400538e-04,8.9210028566155458e-05,4.6246348649455203e-05
145,4.5052677449204404e-04,1.1922732340131617e-05,4.0907249265134046e-05,7.1653218313505443e-05,9.4261726344128965e-05,1.0075227894206447e-04,8.6299486536834552e-05,4.4730082750244937e-05
146,4.3601203792920302e-04,1.1564051278263382e-05,3.9624533476446882e-05,6.9367323707424284e-05,9.1224878448080071e-05,9.7483748484413814e-05,8.3483945684349501e-05,4.3263556850225113e-05
147,4.2196492223878191e-04,1.1216066498240019e-05,3.8381952846251259e-05,6.7154309885885413e-05,8.8285867869087467e-05,9.4321283190004426e-05,8.0760303631576959e-05,4.1845138317736351e-05
148,4.0837036256894505e-04,1.0878462472666450e-05,3.7178254718859275e-05,6.5011854889198797e-05,8.5441542769078662e-05,9.1261440198419836e-05,7.8125559372542387e-05,4.0473248148179627e-05
149,3.9521377934107816e-04,1.0550932851338822e-05,3.6012225410073419e-05,6.2937710656817814e-05,8.2688852828127229e-05,8.8300888437223073e-05,7.5576809957076678e-05,3.9146359200421131e-05
150,3.8248106262445358e-04,1.0233180199671306e-05,3.4882689000911211e-05,6.0929700680394326e-05,8.0024845976791120e-05,8.5436404991210259e-05,7.3111247284116820e-05,3.7862994491358504e-05
151,3.7015855701326986e-04,9.9249157443172054e-06,3.3788506168244182e-05,5.8985717730931930e-05,7.7446665233380361e-05,8.2664871589611228e-05,7.0726155000070518e-05,3.6621725546714411e-05
152,3.5823304699000158e-04,9.6258591258035102e-06,3.2728573051260242e-05,5.7103721657743727e-05,7.4951545642813939e-05,7.9983271207406328e-05,6.8418905498784428e-05,3.5421170806189347e-05
153,3.4669174275949637e-04,9.3357381580010520e-06,3.1701820152686603e-05,5.5281737256986988e-05,7.2536811313828278e-05,7.7388684777052850e-05,6.6186957019771312e-05,3.4259994081169301e-05
154,3.3552226653874826e-04,9.0542885942556335e-06,3.0707211273738280e-05,5.3517852207611130e-05,7.0199872551399972e-05,7.4878288007034464e-05,6.4027850841463801e-05,3.3136903063245042e-05
155,3.2471263928774796e-04,8.7812539000087204e-06,2.9743742481784716e-05,5.1810215072619423e-05,6.7938223081343070e-05,7.2449348303763568e-05,6.1939208566369651e-05,3.2050647881858845e-05
156,3.1425126786727365e-04,8.5163850317396265e-06,2.8810441109754328e-05,5.0157033363605994e-05,6.5749437364135587e-05,7.0099221793478936e-05,5.9918729495107731e-05,3.1000019709451479e-05
157,3.0412693260993236e-04,8.2594402220645613e-06,2.7906364786323581e-05,4.8556571666590497e-05,6.3631167995122263e-05,6.7825350440889925e-05,5.7964188086404622e-05,2.9983849412536904e-05
158,2.9432877529119431e-04,8.0101847708311845e-06,2.7030600495963481e-05,4.7007149827231756e-05,6.1581143188329919e-05,6.5625259261424377e-05,5.6073431500228299e-05,2.9001006247185300e-05
159,2.8484628748758506e-04,7.7683908420509072e-06,2.6182263667942305e-05,4.5507141193559201e-05,5.9597164341218503e-05,6.3496553624038841e-05,5.4244377221329474e-05,2.8050396597445820e-05
160,2.7566929930960562e-04,7.5338372665145040e-06,2.5360497293408795e-05,4.4054970914417205e-05,5.7677103677775224e-05,6.1436916641648598e-05,5.2475010760551401e-05,2.7130962755289898e-05
161,2.6678796849734872e-04,7.3063093499400818e-06,2.4564471069704939e-05,4.2649114291871870e-05,5.5818901967441098e-05,5.9444106646331078e-05,5.0763383431356281e-05,2.6241681740703364e-05
162,2.5819276986715936e-04,7.0855986865058600e-06,2.3793380571081702e-05,4.1288095185883293e-05,5.4020566317438373e-05,5.7515954746547786e-05,4.9107610199100960e-05,2.5381564160601386e-05
163,2.4987448509806222e-04,6.8715029776236495e-06,2.3046446445015036e-05,3.9970484469598111e-05,5.2280168036144401e-05,5.5650362463720196e-05,4.7505867600676096e-05,2.4549653105284750e-05
164,2.4182419284703575e-04,6.6638258558122181e-06,2.2322913633342660e-05,3.8694898533667453e-05,5.0595840565232340e-05,5.3845299445580952e-05,4.5956391732201647e-05,2.3745023081198466e-05
165,2.3403325918256251e-04,6.4623767135331817e-06,2.1622050617464837e-05,3.7459997838044649e-05,4.8965777478370912e-05,5.2098801253805995e-05,4.4457476302547816e-05,2.2966778978795094e-05
166,2.2649332832622388e-04,6.2669705368552307e-06,2.0943148686874613e-05,3.6264485509764482e-05,4.7388230544346500e-05,5.0408967223513937e-05,4.3007470750524055e-05,2.2214055074345079e-05
167,2.1919631369243250e-04,6.0774277438158748e-06,2.0285521230304482e-05,3.5107105985252327e-05,4.5861507852537903e-05,4.8773958392297505e-05,4.1604778423649768e-05,2.1486014064574636e-05
168,2.1213438921671417e-04,5.8935740273530159e-06,1.9648503048797539e-05,3.3986643695756273e-05,4.4383971998740812e-05,4.7191995496527987e-05,4.0247854816489304e-05,2.0781846133049246e-05
169,2.0529998096325815e-04,5.7152402026818656e-06,1.9031449690031829e-05,3.2901921794539241e-05,4.2954038329402554e-05,4.5661357032746482e-05,3.8935205866599788e-05,2.0100768047256376e-05
170,1.9868575900275056e-04,5.5422620589958224e-06,1.8433736803246356e-05,3.1851800924510277e-05,4.1570173242389574e-05,4.4180377382027443e-05,3.7665386306205062e-05,1.9442022285376027e-05
171,1.9228462955179565e-04,5.3744802153729527e-06,1.7854759514136868e-05,3.0835178025015694e-05,4.0230892542470257e-05,4.2747444995268230e-05,3.6436998067770684e-05,1.8804876191760990e-05
172,1.8608972736550646e-04,5.2117399807727543e-06,1.7293931819108296e-05,2.9850985176550304e-05,3.8934759849753725e-05,4.1361000637425055e-05,3.5248688741715026e-05,1.8188621160181301e-05
173,1.8009440837511777e-04,5.0538912180107964e-06,1.6750685998289207e-05,2.8898188482188150e-05,3.7680385059381467e-05,4.0019535688780102e-05,3.4099150084549518e-05,1.7592571843918528e-05
174,1.7429224256273559e-04,4.9007882116017291e-06,1.6224472046731577e-05,2.7975786984569365e-05,3.6466422850823285e-05,3.8721590501386670e-05,3.2987116575797221e-05,1.7016065391825761e-05
175,1.6867700706558992e-04,4.7522895393639562e-06,1.5714757123236389e-05,2.7082811617316627e-05,3.5291571245181777e-05,3.7465752808899671e-05,3.1911364022092871e-05,1.6458460709498601e-05
176,1.6324267950240263e-04,4.6082579476820627e-06,1.5221025016262652e-05,2.6218324189789670e-05,3.4154570208960763e-05,3.6250656188056698e-05,3.0870708206920328e-05,1.5919137744730455e-05
177,1.5798343151472122e-04,4.4685602303257755e-06,1.4742775626393770e-05,2.5381416404121009e-05,3.3054200302802474e-05,3.5074978570131675e-05,2.9864003584493654e-05,1.5397496796452861e-05
178,1.5289362251629603e-04,4.3330671107268766e-06,1.4279524464851160e-05,2.4571208903508918e-05,3.1989281373746475e-05,3.3937440800737305e-05,2.8890142016337278e-05,1.4892957846388023e-05
179,1.4796779364380396e-04,4.2016531276181027e-06,1.3830802167560439e-05,2.3786850350776161e-05,3.0958671289609522e-05,3.2836805246405507e-05,2.7948051549168072e-05,1.4404959912666164e-05
180,1.4320066190243481e-04,4.0741965239405709e-06,1.3396154024290699e-05,2.3027516536234190e-05,2.9961264714130637e-05,3.1771874446425945e-05,2.7036695232727860e-05,1.3932960424684912e-05
181,1.3858711450006594e-04,3.9505791389287558e-06,1.2975139522401770e-05,2.2292409513922680e-05,2.8995991921569136e-05,3.0741489808472274e-05,2.6155069976259290e-05,1.3476434618512028e-05
182,1.3412220336395223e-04,3.8306863032844519e-06,1.2567331904748772e-05,2.1580756765323749e-05,2.8061817649485659e-05,2.9744530346593334e-05,2.5302205442360799e-05,1.3034874952155479e-05
183,1.2980113983405425e-04,3.7144067373535301e-06,1.2172317741306815e-05,2.0891810389678655e-05,2.7157739988476749e-05,2.8779911460193084e-05,2.4477162976997918e-05,1.2607790540047476e-05
184,1.2561928952731506e-04,3.6016324522215723e-06,1.1789696514092228e-05,2.0224846320062142e-05,2.6282789307673356e-05,2.7846583752667320e-05,2.3679034574488036e-05,1.2194706606110414e-05
185,1.2157216736738187e-04,3.4922586536467336e-06,1.1419080214969494e-05,1.9579163564396541e-05,2.5436027214851698e-05,2.6943531888409038e-05,2.2906941876314766e-05,1.1795163954793608e-05
186,1.1765543277444224e-04,3.3861836487503770e-06,1.1060092955945784e-05,1.8954083470613452e-05,2.4616545550041915e-05,2.6069773486935692e-05,2.2160035202665244e-05,1.1408718459489782e-05
187,1.1386488501001943e-04,3.2833087553881550e-06,1.0712370591567059e-05,1.8348949015195873e-05,2.3823465411555905e-05,2.5224358052932414e-05,2.1437492615620210e-05,1.1034940567759814e-05
188,1.1019645867173532e-04,3.1835382141262969e-06,1.0375560353041632e-05,1.7763124114358093e-05,2.3055936213390380e-05,2.4406365941044431e-05,2.0738519012961501e-05,1.0673414822812980e-05
189,1.0664621933321054e-04,3.0867791027499096e-06,1.0049320493728485e-05,1.7195992957143924e-05,2.2313134772994625e-05,2.3614907354289612e-05,2.0062345251595761e-05,1.0323739400708223e-05
190,1.0321035932442724e-04,2.9929412532320661e-06,9.7333199456388063e-06,1.6646959359746869e-05,2.1594264428425188e-05,2.2849121374999048e-05,1.9408227299625696e-05,9.9855256627595570e-06
191,9.9885193648029873e-05,2.9019371710944047e-06,9.4272379866100260e-06,1.6115446140377789e-05,2.0898554183940964e-05,2.2108175027228888e-05,1.8775445416132155e-05,9.6583977226456497e-06
192,9.6667156027185598e-05,2.8136819570918340e-06,9.1307639178220346e-06,1.5600894514026896e-05,2.0225257883122782e-05,2.1391262369621030e-05,1.8163303357760724e-05,9.3419920277402844e-06
193,9.3552795080766133e-05,2.7280932311557870e-06,8.8435967513354836e-06,1.5102763506487877e-05,1.9573653408630886e-05,2.0697603617723535e-05,1.7571127611236521e-05,9.0359569541960465e-06
194,9.0538770621750365e-05,2.6450910585322533e-06,8.5654449073419063e-06,1.4620529387031694e-05,1.8943041907742408e-05,2.0026444294813726e-05,1.6998266650959152e-05,8.7399524153292257e-06
195,8.7621850074877698e-05,2.5645978780525517e-06,8.2960259208248837e-06,1.4153685119137232e-05,1.8332747042838437e-05,1.9377054410298018e-05,1.6444090220857949e-05,8.4536494828686369e-06
196,8.4798905009711578e-05,2.4865384324765326e-06,8.0350661573408396e-06,1.3701739828704706e-05,1.7742114266037069e-05,1.8748727664792744e-05,1.5907988639714164e-05,8.1767300206455179e-06
197,8.2066907785394649e-05,2.4108397008495201e-06,7.7823005376369414e-06,1.3264218289195961e-05,1.7170510117194660e-05,1.8140780681019131e-05,1.5389372129182860e-05,7.9088863303155680e-06
198,7.9422928303498158e-05,2.3374308328159450e-06,7.5374722708322936e-06,1.2840660423163398e-05,1.6617321544522576e-05,1.7552552259673960e-05,1.4887670163772348e-05,7.6498208087176445e-06
199,7.6864130865483178e-05,2.2662430848341729e-06,7.3003325958971434e-06,1.2430620819646421e-05,1.6081955247090918e-05,1.6983402659464585e-05,1.4402330842063274e-05,7.3992456164866591e-06
200,7.4387771131403501e-05,2.1972097582385672e-06,7.0706405311728391e-06,1.2033668266930770e-05,1.5563837038514266e-05,1.6432712900523317e-05,1.3932820278472992e-05,7.1568823575507572e-06
201,7.1991193176589250e-05,2.1302661390963134e-06,6.8481626316833612e-06,1.1649385300182161e-05,1.5062411231136979e-05,1.5899884090441821e-05,1.3478622014893514e-05,6.9224617691550950e-06
202,6.9671826643154106e-05,2.0653494398079888e-06,6.6326727539968559e-06,1.1277367763481165e-05,1.4577140040057852e-05,1.5384336772190647e-05,1.3039236451553363e-05,6.6957234220662335e-06
203,6.7427183983272143e-05,2.0023987424022555e-06,6.4239518284030649e-06,1.0917224385801278e-05,1.4107503006354904e-05,1.4885510293213163e-05,1.2614180296474871e-05,6.4764154306226063e-06
204,6.5254857791267198e-05,1.9413549434764534e-06,6.2217876381797909e-06,1.0568576370486665e-05,1.3652996438891853e-05,1.4402862195005928e-05,1.2202986032919044e-05,6.2642941723074627e-06
205,6.3152518221654155e-05,1.8821607007361840e-06,6.0259746057285268e-06,1.0231056997800179e-05,1.3213132874107664e-05,1.3935867622520217e-05,1.1805201404229997e-05,6.0591240165313861e-06
206,6.1117910490362878e-05,1.8247603810882960e-06,5.8363135853661638e-06,9.9043112401258711e-06,1.2787440553209859e-05,1.3484018752740788e-05,1.1420388915510174e-05,5.8606770623217248e-06
207,5.9148852456465121e-05,1.7691000102429354e-06,5.6526116625662949e-06,9.5879953894234432e-06,1.2375462916210927e-05,1.3046824241819020e-05,1.1048125351576205e-05,5.6687328846262893e-06
208,5.7243232281810886e-05,1.7151272237815777e-06,5.4746819594499835e-06,9.2817766965448327e-06,1.1976758112265253e-05,1.2623808690157771e-05,1.0688001310663243e-05,5.4830782889482221e-06
209,5.5399006166064332e-05,1.6627912196491360e-06,5.3023434463320762e-06,8.9853330220355846e-06,1.1590898525781384e-05,1.2214512124864866e-05,1.0339620753362968e-05,5.3035070740383149e-06
210,5.3614196154710156e-05,1.6120427120294220e-06,5.1354207591351073e-06,8.6983524980555864e-06,1.1217470317801538e-05,1.1818489499011081e-05,1.0002600566297414e-05,5.1298198023800095e-06
211,5.1886888017679516e-05,1.5628338865643766e-06,4.9737440224886848e-06,8.4205332010653627e-06,1.0856072982156355e-05,1.1435310207146819e-05,9.6765701400468684e-06,4.9618235782110504e-06
212,5.0215229196320634e-05,1.5151183568785809e-06,4.8171486783378397e-06,8.1515828349354575e-06,1.0506318915919073e-05,1.1064557616549431e-05,9.3611709608660886e-06,4.7993318328341608e-06
213,4.8597426816511912e-05,1.4688511223716454e-06,4.6654753198893215e-06,7.8912184241471650e-06,1.0167833003698286e-05,1.0705828613690207e-05,9.0560562157380305e-06,4.6421641169772533e-06
214,4.7031745765787020e-05,1.4239885272421153e-06,4.5185695307300692e-06,7.6391660167635579e-06,9.8402522153236170e-06,1.0358733165426790e-05,8.7608904103293010e-06,4.4901458999715690e-06
215,4.5516506832409486e-05,1.3804882207075594e-06,4.3762817289572545e-06,7.3951603968598764e-06,9.5232252164927129e-06,1.0022893894442726e-05,8.4753489994256022e-06,4.3431083755237539e-06
216,4.4050084904401089e-05,1.3383091183864874e-06,4.2384670161642464e-06,7.1589448061122932e-06,9.2164119919621044e-06,9.6979456684714196e-06,8.1991180294393027e-06,4.2008882738652365e-06
217,4.2630907226592451e-05,1.2974113648087176e-06,4.1049850311316417e-06,6.9302706742535522e-06,8.9194834808776990e-06,9.3835352028568285e-06,7.9318937925946228e-06,4.0633276800693916e-06
218,4.1257451713826691e-05,1.2577562970217495e-06,3.9756998080772317e-06,6.7088973581133459e-06,8.6321212238539256e-06,9.0793206760177755e-06,7.6733824924087761e-06,3.9302738583338853e-06
219,3.9928245318506890e-05,1.2193064092616076e-06,3.8504796393232246e-06,6.4945918889701982e-06,8.3540170214229674e-06,8.7849713573967535e-06,7.4232999200999248e-06,3.8015790820322113e-06
220,3.8641862450736714e-05,1.1820253186575142e-06,3.7291969422435126e-06,6.2871287279503117e-06,8.0848726034877607e-06,8.5001672474878434e-06,7.1813711415648462e-06,3.6771004693449239e-06
221,3.7396923449359758e-05,1.1458777319406112e-06,3.6117281303579331e-06,6.0862895292173047e-06,7.8243993094243321e-06,8.2245987295513854e-06,6.9473301945809278e-06,3.5566998242872653e-06
222,3.6192093102257791e-05,1.1108294131277905e-06,3.4979534884446754e-06,5.8918629107048371e-06,7.5723177784902959e-06,7.9579662326359280e-06,6.7209197958983473e-06,3.4402434829559153e-06
223,3.5026079214320927e-05,1.0768471521525087e-06,3.3877570515459222e-06,5.7036442321520435e-06,7.3283576502075539e-06,7.6999799055402218e-06,6.5018910578992462e-06,3.3276021648234333e-06
224,3.3897631221553980e-05,1.0438987344152602e-06,3.2810264877456965e-06,5.5214353802093461e-06,7.0922572743978163e-06,7.4503593013599622e-06,6.2900032145113105e-06,3.2186508289145861e-06
225,3.2805538849832425e-05,1.0119529112271520e-06,3.1776529846026620e-06,5.3450445603895644e-06,6.8637634305599912e-06,7.2088330722755780e-06,6.0850233560732859e-06,3.1132685347041960e-06
226,3.1748630816869750e-05,9.8097937112077444e-07,3.0775311391242082e-06,5.1742860956464486e-06,6.6426310562884399e-06,6.9751386742484668e-06,5.8867261728599726e-06,3.0113383075814403e-06
227,3.0725773576003772e-05,9.5094871200330000e-07,2.9805588511717239e-06,5.0089802313696450e-06,6.4286229844408731e-06,6.7490220813039256e-06,5.6948937069837044e-06,2.9127470087305968e-06
228,2.9735870100454854e-05,9.2183241412744168e-07,2.8866372201903376e-06,4.8489529465918540e-06,6.2215096887739629e-06,6.5302375090894409e-06,5.5093151123986303e-06,2.8173852092831880e-06
229,2.8777858706752070e-05,8.9360281385660500e-07,2.7956704451597437e-06,4.6940357712104154e-06,6.0210690377738858e-06,6.3185471474071676e-06,5.3297864227430235e-06,2.7251470686012287e-06
230,2.7850711916065320e-05,8.6623307820123173e-07,2.7075657276659034e-06,4.5440656090318352e-06,5.8270860564177853e-06,6.1137209014291424e-06,5.1561103267635282e-06,2.6359302165558899e-06
231,2.6953435352222345e-05,8.3969718010399089e-07,2.6222331779965508e-06,4.3988845664539077e-06,5.6393526956106165e-06,5.9155361413133015e-06,4.9880959510736097e-06,2.5496356396703697e-06
232,2.6085066675228715e-05,8.1396987445210833e-07,2.5395857241664230e-06,4.2583397866059145e-06,5.4576676090501291e-06,5.7237774599475137e-06,4.8255586500065837e-06,2.4661675710000423e-06
233,2.5244674549146826e-05,7.8902667479573893e-07,2.4595390237810526e-06,4.1222832887731512e-06,5.2818359372806502e-06,5.5382364385576619e-06,4.6683198023314070e-06,2.3854333836271662e-06
234,2.4431357643227215e-05,7.6484383075189403e-07,2.3820113786508040e-06,3.9905718129375259e-06,5.1116690987040708e-06,5.3587114199244645e-06,4.5162066146070326e-06,2.3073434876514228e-06
235,2.3644243665220660e-05,7.4139830607401438e-07,2.3069236520695564e-06,3.8630666692713525e-06,4.9469845873239023e-06,5.1850072889619216e-06,4.3690519309584171e-06,2.2318112305614980e-06
236,2.2882488425834471e-05,7.1866775736784781e-07,2.2341991886751007e-06,3.7396335924266023e-06,4.7876057770054767e-06,5.0169352604183866e-06,4.2266940490643919e-06,2.1587528008766633e-06
237,2.2145274933329411e-05,6.9663051343484604e-07,2.1637637368108897e-06,3.6201426004669526e-06,4.6333617320423483e-06,4.8543126734689581e-06,4.0889765421544480e-06,2.0880871349509699e-06
238,2.1431812517286409e-05,6.7526555522482711e-07,2.0955453733112789e-06,3.5044678582947799e-06,4.4840870238257547e-06,4.6969627929754387e-06,3.9557480868181206e-06,2.0197358268362079e-06
239,2.0741335980603063e-05,6.5455249638017591e-07,2.0294744306348021e-06,3.3924875454299706e-06,4.3396215534204854e-06,4.5447146171973755e-06,3.8268622964370827e-06,1.9536230411031740e-06
240,2.0073104778810691e-05,6.3447156435435687e-07,1.9654834262723790e-06,3.2840837280019815e-06,4.1998103798568895e-06,4.3974026917447098e-06,3.7021775600562593e-06,1.8896754285241147e-06
241,1.9426402225831472e-05,6.1500358208801171e-07,1.9035069943596119e-06,3.1791422348209738e-06,4.0645035539548563e-06,4.2548669295693547e-06,3.5815568865162804e-06,1.8278220445223839e-06
242,1.8800534725324101e-05,5.9612995022639212e-07,1.8434818194245346e-06,3.0775525373981297e-06,3.9335559575015368e-06,4.1169524367996673e-06,3.4648677536753841e-06,1.7679942702984567e-06
243,1.8194831026793386e-05,5.7783262986233734e-07,1.7853465722043052e-06,2.9792076337893892e-06,3.8068271476103449e-06,3.9835093442280688e-06,3.3519819625545303e-06,1.7101257365444106e-06
244,1.7608641505666037e-05,5.6009412578947104e-07,1.7290418474664011e-06,2.8840039361408401e-06,3.6841812060942888e-06,3.8543926442682705e-06,3.2427754962448795e-06,1.6541522496618888e-06
245,1.7041337466560533e-05,5.4289747025071990e-07,1.6745101037718720e-06,2.7918411618178838e-06,3.5654865936920919e-06,3.7294620332045405e-06,3.1371283834220851e-06,1.6000117204013410e-06
246,1.6492310469003724e-05,5.2622620716769116e-07,1.6216956051201524e-06,2.7026222280040263e-06,3.4506160089907686e-06,3.6085817585611510e-06,3.0349245663168974e-06,1.5476440948430382e-06
247,1.5960971674871142e-05,5.1006437683685960e-07,1.5705443644168084e-06,2.6162531496588163e-06,3.3394462518933338e-06,3.4916204714258183e-06,2.9360517729965238e-06,1.4969912876429828e-06
248,1.5446751216851004e-05,4.9439650107891774e-07,1.5210040887074190e-06,2.5326429407279194e-06,3.2318580914852284e-06,3.3784510835662488e-06,2.8404013938159352e-06,1.4479971174693367e-06
249,1.4949097587254648e-05,4.7920756882803805e-07,1.4730241261225572e-06,2.4517035185017637e-06,3.1277361381577240e-06,3.2689506291842033e-06,2.7478683619028985e-06,1.4006072445574635e-06
250,1.4467477046517891e-05,4.6448302214817422e-07,1.4265554144805386e-06,2.3733496110224691e-06,3.0269687198511937e-06,3.1630001311565048e-06,2.6583510375449971e-06,1.3547691103140139e-06
251,1.4001373050758901e-05,4.5020874266390167e-07,1.3815504314962763e-06,2.2974986674419657e-06,2.9294477622854782e-06,3.0604844716173217e-06,2.5717510963511686e-06,1.3104318789027891e-06
252,1.3550285697778649e-05,4.3637103839365612e-07,1.3379631465461741e-06,2.2240707712373005e-06,2.8350686730489229e-06,2.9612922667407850e-06,2.4879734210644903e-06,1.2675463807473192e-06
253,1.3113731190909750e-05,4.2295663097358192e-07,1.2957489739405499e-06,2.1529885561921265e-06,2.7437302294217576e-06,2.8653157455875649e-06,2.4069259969069398e-06,1.2260650578872280e-06
254,1.2691241320138691e-05,4.0995264326053690e-07,1.2548647276565942e-06,2.0841771250562559e-06,2.6553344698135076e-06,2.7724506328834865e-06,2.3285198103407833e-06,1.1859419111275285e-06
255,1.2282362959944947e-05,3.9734658730313753e-07,1.2152685774863238e-06,2.0175639707979740e-06,2.5697865886980085e-06,2.6825960356025221e-06,2.2526687511349907e-06,1.1471324489219885e-06
256,1.1886657583318336e-05,3.8512635267004383e-07,1.1769200065554063e-06,1.9530789003665180e-06,2.4869948349333344e-06,2.5956543332306524e-06,2.1792895176287403e-06,1.1095936379336410e-06
257,1.1503700791433535e-05,3.7328019512499859e-07,1.1397797701701090e-06,1.8906539608847581e-06,2.4068704133575910e-06,2.5115310715911097e-06,2.1083015250875884e-06,1.0732838552173808e-06
258,1.1133081858477170e-05,3.6179672563843896e-07,1.1038098559509497e-06,1.8302233681946676e-06,2.3293273895550298e-06,2.4301348601153770e-06,2.0396268170513049e-06,1.0381628419714026e-06
259,1.0774403291139418e-05,3.5066489972579069e-07,1.0689734452129167e-06,1.7717234376806197e-06,2.2542825976903497e-06,2.3513772724480993e-06,1.9731899795756654e-06,1.0041916588059778e-06
260,1.0427280402297620e-05,3.3987400710284406e-07,1.0352348755533747e-06,1.7150925172979554e-06,2.1816555513123341e-06,2.2751727502776547e-06,1.9089180582736913e-06,9.7133264247976513e-07
261,1.0091340898434661e-05,3.2941366164888788e-07,1.0025596046099825e-06,1.6602709227365555e-06,2.1113683570311536e-06,2.2014385102876934e-06,1.8467404780649047e-06,9.3954936405548287e-07
262,9.7662244803496777e-06,3.1927379166854771e-07,9.7091417495211739e-07,1.6072008746514016e-06,2.0433456309767680e-06,2.1300944541283227e-06,1.7865889655441705e-06,9.0880658842834992e-07
263,9.4515824567327895e-06,3.0944463044353754e-07,9.4026618007044524e-07,1.5558264378942742e-06,1.9775144179488088e-06,2.0610630813089094e-06,1.7283974738845733e-06,8.7907023518224030e-07
264,9.1470773701894354e-06,2.9991670706578970e-07,9.1058423143036356e-07,1.5060934626828242e-06,1.9138041131712457e-06,1.9942694049176688e-06,1.6721021101915744e-06,8.5030734072996810e-07
265,8.8523826353132276e-06,2.9068083754367410e-07,8.8183792655612256e-07,1.4579495276452941e-06,1.8521463865679057e-06,1.9296408700762744e-06,1.6176410652284009e-06,8.2248602169555568e-07
266,8.5671821884191442e-06,2.8172811617326103e-07,8.5399781811345585e-07,1.4113438846811266e-06,1.7924751094776419e-06,1.8671072750407041e-06,1.5649545454352343e-06,7.9557543949771953e-07
267,8.2911701485613821e-06,2.7304990716681250e-07,8.2703538395955599e-07,1.3662274055795998e-06,1.7347262837305401e-06,1.8066006948624315e-06,1.5139847071672936e-06,7.6954576609514975e-07
268,8.0240504894723422e-06,2.6463783653091803e-07,8.0092299813019831e-07,1.3225525303404730e-06,1.6788379730091066e-06,1.7480554075268453e-06,1.4646755930793520e-06,7.4436815085544970e-07
269,7.7655367220708531e-06,2.5648378418690782e-07,7.7563390273476242e-07,1.2802732171424087e-06,1.6247502364208161e-06,1.6914078224884932e-06,1.4169730705866053e-06,7.2001468851085861e-07
270,7.5153515871991517e-06,2.4857987632639350e-07,7.5114218073080077e-07,1.2393448939066658e-06,1.5724050642107775e-06,1.6365964115253431e-06,1.3708247723340829e-06,6.9645838816508911e-07
271,7.2732267582590879e-06,2.4091847799499372e-07,7.2742272955069718e-07,1.1997244114052299e-06,1.5217463155455677e-06,1.5835616418367955e-06,1.3261800386090227e-06,6.7367314331678142e-07
272,7.0389025534285689e-06,2.3349218589750364e-07,7.0445123555381038e-07,1.1613699978641626e-06,1.4727196583015067e-06,1.5322459113126097e-06,1.2829898616327633e-06,6.5163370286621242e-07
273,6.8121276571496599e-06,2.2629382141796495e-07,6.8220414927831716e-07,1.1242412150145229e-06,1.4252725107927953e-06,1.4825934859022849e-06,1.2412068316707853e-06,6.3031564307299012e-07
274,6.5926588505896036e-06,2.1931642384828410e-07,6.6065866146778999e-07,1.0882989155447339e-06,1.3793539853770194e-06,1.4345504390167159e-06,1.2007850849015354e-06,6.0969534043352374e-07
275,6.3802607507856492e-06,2.1255324381922964e-07,6.3979267984830478e-07,1.0535052019097249e-06,1.3349148338775346e-06,1.3880645928961600e-06,1.1616802529866074e-06,5.8974994544808780e-07
276,6.1747055581939879e-06,2.0599773692782299e-07,6.1958480663263992e-07,1.0198233864536169e-06,1.2919073947642001e-06,1.3430854618806945e-06,1.1238494142867296e-06,5.7045735724828344e-07
277,5.9757728123719555e-06,1.9964355755530897e-07,6.0001431672885102e-07,9.8721795280408452e-07,1.2502855420358075e-06,1.2995641975214130e-06,1.0872510466698220e-06,5.5179619905666760e-07
278,5.7832491555315408e-06,1.9348455287006404e-07,5.8106113663121899e-07,9.5565451849786901e-07,1.2100046357493862e-06,1.2574535354726198e-06,1.0518449818591468e-06,5.3374579445123644e-07
279,5.5969281037105655e-06,1.8751475700996403e-07,5.6270582397224949e-07,9.2509979879820166e-07,1.1710214741433202e-06,1.2167077441072101e-06,1.0175923612712622e-06,5.1628614440835772e-07
280,5.4166098253161190e-06,1.8172838543889475e-07,5.4492954771507188e-07,8.9552157166614869e-07,1.1332942473029360e-06,1.1772825747993160e-06,9.8445559329514738e-07,4.9939790509860412e-07
281,5.2421009268027530e-06,1.7611982947224303e-07,5.2771406896622260e-07,8.6688864384910289e-07,1.0967824923188601e-06,1.1391352138200968e-06,9.5239831196544296e-07,4.8306236641078477e-07
282,5.0732142452555523e-06,1.7068365096635792e-07,5.1104172238942922e-07,8.3917081805081083e-07,1.0614470498900569e-06,1.1022242357943263e-06,9.2138533698429182e-07,4.6726143118027944e-07
283,4.9097686476556351e-06,1.6541457716711817e-07,4.9489539820161052e-07,8.1233886114846580e-07,1.0272500223250047e-06,1.0665095586671139e-06,8.9138263504775430e-07,4.5197759509856791e-07
284,4.7515888366127870e-06,1.6030749571288474e-07,4.7925852473289432e-07,7.8636447342348956e-07,9.9415473289595826e-07,1.0319524001317523e-06,8.6235728243420829e-07,4.3719392728159956e-07
285,4.5985051623568829e-06,1.5535744978725534e-07,4.6411505153302444e-07,7.6122025877369389e-07,9.6212568650271434e-07,9.9851523547127023e-07,8.3427742881353403e-07,4.2289405147539070e-07
286,4.4503534407864441e-06,1.5055963341717292e-07,4.4944943300707585e-07,7.3687969587553701e-07,9.3112853160368580e-07,9.6616175676780607e-07,8.0711226223722797e-07,4.0906212787793856e-07
287,4.3069747773791962e-06,1.4590938691207005e-07,4.3524661256392899e-07,7.1331711026619157e-07,9.0113002337345450e-07,9.3485683343541776e-07,7.8083197527090152e-07,3.9568283555723182e-07
288,4.1682153967757607e-06,1.4140219243985809e-07,4.2149200726147417e-07,6.9050764731610020e-07,8.7209798804729344e-07,9.0456647403337133e-07,7.5540773223186287e-07,3.8274135544580111e-07
289,4.0339264778537176e-06,1.3703366973569354e-07,4.0817149293301160e-07,6.6842724606363597e-07,8.4400128841441225e-07,8.7525778931835658e-07,7.3081163749571484e-07,3.7022335389289288e-07
290,3.9039639941151370e-06,1.3279957193957284e-07,3.9527138977980201e-07,6.4705261388438018e-07,8.1680979042292027e-07,8.4689895649542133e-07,7.0701670483706792e-07,3.5811496675597239e-07
291,3.7781885592164137e-06,1.2869578155892364e-07,3.8277844841518805e-07,6.2636120196841501e-07,7.9049433086069036e-07,8.1945918462872218e-07,6.8399682777061190e-07,3.4640278401386224e-07
292,3.6564652774747177e-06,1.2471830655247233e-07,3.7067983634616566e-07,6.0633118157986843e-07,7.6502668607745884e-07,7.9290868117445364e-07,6.6172675085989567e-07,3.3507383488440307e-07
293,3.5386635991907377e-06,1.2086327653177876e-07,3.5896312487872080e-07,5.8694142107377557e-07,7.4037954171461803e-07,7.6721861959953810e-07,6.4018204196222159e-07,3.2411557343008469e-07
294,3.4246571806325372e-06,1.1712693907693312e-07,3.4761627643367788e-07,5.6817146364610831e-07,7.1652646341023426e-07,7.4236110805084075e-07,6.1933906537910313e-07,3.1351586463563994e-07
295,3.3143237485303713e-06,1.1350565616301528e-07,3.3662763226021657e-07,5.5000150579360410e-07,6.9344186844787338e-07,7.1830915904082143e-07,5.9917495588272248e-07,3.0326297094211785e-07
296,3.2075449689371148e-06,1.0999590069401562e-07,3.2598590053461726e-07,5.3241237646075837e-07,6.7110099831882748e-07,6.9503666011663349e-07,5.7966759358979985e-07,2.9334553922246265e-07
297,3.1042063203136672e-06,1.0659425314101403e-07,3.1568014483218125e-07,5.1538551685207464e-07,6.4947989216831190e-07,6.7251834548076094e-07,5.6079557965521032e-07,2.8375258818411399e-07
298,3.0041969707032112e-06,1.0329739828150909e-07,3.0569977296065068e-07,4.9890296088836132e-07,6.2855536109715846e-07,6.5072976853231474e-07,5.4253821275859478e-07,2.7447349618462245e-07
299,2.9074096588625904e-06,1.0010212203687940e-07,2.9603452614381348e-07,4.8294731628653809e-07,6.0830496329143880e-07,6.2964727529910887e-07,5.2487546635808158e-07,2.6549798944673026e-07
300,2.8137405792233217e-06,9.7005308405050063e-08,2.8667446854433812e-07,4.6750174624307432e-07,5.8870697995334562e-07,6.0924797873161635e-07,5.0778796668608070e-07,2.5681613065981615e-07
301,2.7230892705588622e-06,9.4003936485521858e-08,2.7760997711521774e-07,4.5254995170180914e-07,5.6974039200751923e-07,5.8950973383083320e-07,4.9125697146293203e-07,2.4841830795502912e-07
302,2.6353585082387244e-06,9.1095077594006283e-08,2.6883173176954101e-07,4.3807615418752191e-07,5.5138485755783276e-07,5.7041111358299144e-07,4.7526434930497599e-07,2.4029522424185510e-07
303,2.5504541999538751e-06,8.8275892463989899e-08,2.6033070585862451e-07,4.2406507918721112e-07,5.3362069007046207e-07,5.5193138567494072e-07,4.5979255980438636e-07,2.3243788689426016e-07
304,2.4682852848015910e-06,8.5543628532630889e-08,2.5209815694885390e-07,4.1050194006161781e-07,5.1642883725983788e-07,5.3405048996486727e-07,4.4482463425883740e-07,2.2483759777494569e-07
305,2.3887636356215352e-06,8.2895617308467870e-08,2.4412561788788258e-07,3.9737242247008419e-07,4.9979086065483932e-07,5.1674901668383743e-07,4.3034415702979975e-07,2.1748594358662423e-07
306,2.3118039644783068e-06,8.0329271818495145e-08,2.3640488815112828e-07,3.8466266929237841e-07,4.8368891582330834e-07,5.0000818534445730e-07,4.1633524750894795e-07,2.1037478653959111e-07
307,2.2373237311890890e-06,7.7842084132230979e-08,2.2892802545979151e-07,3.7235926603163670e-07,4.6810573323367993e-07,4.8380982433369793e-07,4.0278254267283402e-07,2.0349625532521794e-07
308,2.1652430547983063e-06,7.5431622960475992e-08,2.2168733766189386e-07,3.6044922668308054e-07,4.5302459973319947e-07,4.6813635116769247e-07,3.8967118020662989e-07,1.9684273638533411e-07
309,2.0954846279043232e-06,7.3095531326526782e-08,2.1467537486809857e-07,3.4891998005365457e-07,4.3842934062286306e-07,4.5297075338702242e-07,3.7698678217836626e-07,1.9040686546779200e-07
310,2.0279736337463202e-06,7.0831524307676052e-08,2.0788492183433554e-07,3.3775935651820483e-07,4.2430430230985667e-07,4.3829657007171208e-07,3.6471543924570417e-07,1.8418151945883097e-07
311,1.9626376659624046e-06,6.8637386844895068e-08,2.0130899058350023e-07,3.2695557519827538e-07,4.1063433551888711e-07,4.2409787395582470e-07,3.5284369537786091e-07,1.7815980848316135e-07
312,1.8994066509329104e-06,6.6510971618656275e-08,1.9494081325873766e-07,3.1649723155004405e-07,3.9740477904440033e-07,4.1035925412220485e-07,3.4135853307587806e-07,1.7233506826298911e-07
313,1.8382127726255878e-06,6.4450196988914759e-08,1.8877383520105836e-07,3.0637328534834988e-07,3.8460144402626044e-07,3.9706579925854347e-07,3.3024735907497172e-07,1.6670085272748912e-07
314,1.7789903998620848e-06,6.2453044997325984e-08,1.8280170824425783e-07,2.9657304905417735e-07,3.7221059873202432e-07,3.8420308145655364e-07,3.1949799051323191e-07,1.6125092686451387e-07
315,1.7216760159277106e-06,6.0517559429834123e-08,1.7701828422033146e-07,2.8708617655336971e-07,3.6021895382949205e-07,3.7175714053663512e-07,3.0909864155145421e-07,1.5597925980659396e-07
316,1.6662081504489865e-06,5.8641843937820985e-08,1.7141760866879110e-07,2.7790265225472822e-07,3.4861364813373623e-07,3.5971446888097980e-07,2.9903791042938323e-07,1.5088001814354712e-07
317,1.6125273134659243e-06,5.6824060216058907e-08,1.6599391474349273e-07,2.6901278053603672e-07,3.3738223481332524e-07,3.4806199675861896e-07,2.8930476694412670e-07,1.4594755945426506e-07
318,1.5605759316283197e-06,5.5062426235763697e-08,1.6074161731078712e-07,2.6040717552691231e-07,3.2651266804094490e-07,3.3678707812645517e-07,2.7988854033696569e-07,1.4117642605049063e-07
319,1.5102982864476344e-06,5.3355214531093819e-08,1.5565530723299767e-07,2.5207675121773949e-07,3.1599329007410229e-07,3.2587747689083255e-07,2.7077890757523458e-07,1.3656133892563401e-07
320,1.4616404545382417e-06,5.1700750537491600e-08,1.5072974583141710e-07,2.4401271188428558e-07,3.0581281875205532e-07,3.1532135361470688e-07,2.6196588201638045e-07,1.3209719190190483e-07
321,1.4145502497839381e-06,5.0097410980309658e-08,1.4595985952319646e-07,2.3620654281792839e-07,2.9596033539555815e-07,3.0510725265595655e-07,2.5343980244173207e-07,1.2777904596925692e-07
322,1.3689771673676998e-06,4.8543622312212367e-08,1.4134073462667583e-07,2.2865000135174671e-07,2.8642527309644509e-07,2.9522408972284778e-07,2.4519132244791506e-07,1.2360212380985680e-07
323,1.3248723296046520e-06,4.7037859197886754e-08,1.3686761232987727e-07,2.2133510817303669e-07,2.7719740538449274e-07,2.8566113983312062e-07,2.3721140018424498e-07,1.1956180450199288e-07
324,1.2821884335201592e-06,4.5578643044641299e-08,1.3253588381704403e-07,2.1425413891311584e-07,2.6826683525940698e-07,2.7640802566360088e-07,2.2949128842480911e-07,1.1565361839754110e-07
325,1.2408797001168085e-06,4.4164540577512997e-08,1.2834108554827195e-07,2.0739961600557035e-07,2.5962398457616922e-07,2.6745470627766847e-07,2.2202252496431831e-07,1.1187324216729720e-07
326,1.2009018252758790e-06,4.2794162457544591e-08,1.2427889468743289e-07,2.0076430080438072e-07,2.5125958377235996e-07,2.5879146621832425e-07,2.1479692332716468e-07,1.0821649400867183e-07
327,1.1622119322406354e-06,4.1466161941933312e-08,1.2034512467374023e-07,1.9434118595363590e-07,2.4316466192644004e-07,2.5040890495499431e-07,2.0780656377946723e-07,1.0467932901042455e-07
328,1.1247685256304865e-06,4.0179233584791570e-08,1.1653572093245242e-07,1.8812348800080920e-07,2.3533053713632860e-07,2.4229792667259624e-07,2.0104378463421986e-07,1.0125783466928867e-07
329,1.0885314469366835e-06,3.8932111977297469e-08,1.1284675672035141e-07,1.8210464024582592e-07,2.2774880720795710e-07,2.3444973039176429e-07,1.9450117383998028e-07,9.7948226553506978e-08
330,1.0534618314518318e-06,3.7723570526049285e-08,1.0927442910176876e-07,1.7627828581839938e-07,2.2041134064381449e-07,2.2685580040948989e-07,1.8817156084384828e-07,9.4746844108461654e-08
331,1.0195220665870202e-06,3.6552420268473806e-08,1.0581505505106529e-07,1.7063827097635362e-07,2.1331026792181705e-07,2.1950789704978365e-07,1.8204800871978644e-07,9.1650146599740385e-08
332,9.8667575153186219e-07,3.5417508724172468e-08,1.0246506767759793e-07,1.6517863861788095e-07,2.0643797305515034e-07,2.1239804771430178e-07,1.7612380655362604e-07,8.8654709189132728e-08
333,9.5488765821418337e-07,3.4317718781122640e-08,9.9221012569331372e-08,1.5989362200090960e-07,1.9978708542403071e-07,2.0551853822320543e-07,1.7039246207638479e-07,8.5757219139198925e-08
334,9.2412369351748689e-07,3.3251967615683836e-08,9.6079544251372774e-08,1.5477763866297311e-07,1.9335047187062605e-07,1.9886190443683918e-07,1.6484769453779569e-07,8.2954472142196339e-08
335,8.9435086271567117e-07,3.2219205645389893e-08,9.3037422755824211e-08,1.4982528453518345e-07,1.8712122904865745e-07,1.9242092414911807e-07,1.5948342781221136e-07,8.0243368769286689e-08
336,8.6553723408578441e-07,3.1218415513538651e-08,9.0091510299459955e-08,1.4503132824411571e-07,1.8109267601947602e-07,1.8618860924380998e-07,1.5429378372930278e-07,7.7620911036081392e-08
337,8.3765190466086502e-07,3.0248611104620322e-08,8.7238768065846075e-08,1.4039070559560728e-07,1.7525834708667538e-07,1.8015819810518473e-07,1.4927307562222034e-07,7.5084199080711023e-08
338,8.1066496708613287e-07,2.9308836589654193e-08,8.4476253088624382e-08,1.3589851423466781e-07,1.6961198486155341e-07,1.7432314827477976e-07,1.4441580208612272e-07,7.2630427950730595e-08
339,7.8454747754298732e-07,2.8398165500531419e-08,8.1801115232786703e-08,1.3155000847587951e-07,1.6414753355198686e-07,1.6867712934629784e-07,1.3971664094021194e-07,7.0256884495293047e-08
340,7.5927142470641116e-07,2.7515699832488418e-08,7.9210594270863961e-08,1.2734059429884851e-07,1.5885913246752080e-07,1.6321401609091308e-07,1.3517044338663621e-07,6.7960944359140227e-08
341,7.3480969970248325e-07,2.6660569173861766e-08,7.6702017051051367e-08,1.2326582450343939e-07,1.5374110973370666e-07,1.5792788180551105e-07,1.3077222835983901e-07,6.5740069075074082e-08
342,7.1113606703378192e-07,2.5831929862300792e-08,7.4272794754383994e-08,1.1932139401969496e-07,1.4878797620894814e-07,1.5281299187663177e-07,1.2651717706014228e-07,6.3591803251680056e-08
343,6.8822513644149501e-07,2.5028964166638827e-08,7.1920420238167705e-08,1.1550313536750410e-07,1.4399441959732996e-07,1.4786379755311938e-07,1.2240062766555459e-07,6.1513771853180481e-08
344,6.6605233567405861e-07,2.4250879493648043e-08,6.9642465462957665e-08,1.1180701426123993e-07,1.3935529875111609e-07,1.4307492992070783e-07,1.1841807021599053e-07,5.9503677568398522e-08
345,6.4459388413311862e-07,2.3496907618925832e-08,6.7436579000461770e-08,1.0822912535474101e-07,1.3486563815680610e-07,1.3844119407199336e-07,1.1456514166427887e-07,5.7559298265911642e-08
346,6.2382676736854983e-07,2.2766303941183539e-08,6.5300483619828218e-08,1.0476568812215709e-07,1.3052062259883658e-07,1.3395756346545632e-07,1.1083762108851804e-07,5.5678484532569980e-08
347,6.0372871239517857e-07,2.2058346759229981e-08,6.3231973949856449e-08,1.0141304287032371e-07,1.2631559199520395e-07,1.2961917446739968e-07,1.0723142506051777e-07,5.3859157292647104e-08
348,5.8427816380473577e-07,2.1372336570963518e-08,6.1228914214747169e-08,9.8167646878467461e-08,1.2224603639946973e-07,1.2542132107087225e-07,1.0374260316523492e-07,5.2099305504980724e-08
349,5.6545426064741843e-07,2.0707595393707031e-08,5.9289236041082691e-08,9.5026070661178655e-08,1.1830759116378829e-07,1.2135944978583504e-07,1.0036733366627964e-07,5.0396983935547032e-08
350,5.4723681405826809e-07,2.0063466105240061e-08,5.7410936333800362e-08,9.1984994350716656e-08,1.1449603225776889e-07,1.1742915469501781e-07,9.7101919312727544e-08,4.8750311002996796e-08
351,5.2960628560436818e-07,1.9439311804901941e-08,5.5592075218992712e-08,8.9041204194839847e-08,1.1080727173815173e-07,1.1362617267009080e-07,9.3942783282629262e-08,4.7157466694761814e-08
352,5.1254376632963612e-07,1.8834515194158286e-08,5.3830774051435204e-08,8.6191589166472652e-08,1.0723735336443925e-07,1.0994637874295240e-07,9.0886465258759198e-08,4.5616690551419102e-08
353,4.9603095647473926e-07,1.8248477976041722e-08,5.2125213484808741e-08,8.3433137681640153e-08,1.0378244835577998e-07,1.0638578162710173e-07,8.7929617632291044e-08,4.4126279717075839e-08
354,4.8005014585037932e-07,1.7680620272895261e-08,5.0473631602647614e-08,8.0762934422214695e-08,1.0043885128455454e-07,1.0294051938422822e-07,8.5069001830227465e-08,4.2684587053611586e-08
355,4.6458419484290039e-07,1.7130380061863998e-08,4.8874322108105295e-08,7.8178157260128914e-08,9.7202976102259501e-08,9.9606855231308925e-08,8.2301484762548689e-08,4.1290019316685096e-08
356,4.4961651603184382e-07,1.6597212627597436e-08,4.7325632570690346e-08,7.5676074279816632e-08,9.4071352293426747e-08,9.6381173483655509e-08,7.9624035385175388e-08,3.9941035391481755e-08
357,4.3513105639973864e-07,1.6080590031640921e-08,4.5825962728182642e-08,7.3254040895746092e-08,9.1040621153453560e-08,9.3259975629502675e-08,7.7033721374968867e-08,3.8636144586243860e-08
358,4.2111228011504513e-07,1.5580000598010400e-08,4.4373762841996226e-08,7.0909497062010124e-08,8.8107532186350935e-08,9.0239876531871449e-08,7.4527705913115512e-08,3.7373904981690497e-08
359,4.0754515186978675e-07,1.5094948414459852e-08,4.2967532104309415e-08,6.8639964571034964e-08,8.5268939618547224e-08,8.7317600753579464e-08,7.2103244573360459e-08,3.6152921834495415e-08
360,3.9441512075399949e-07,1.4624952848965560e-08,4.1605817095335656e-08,6.6443044438562540e-08,8.2521799025007736e-08,8.4489979001404765e-08,6.9757682311671550e-08,3.4971846033051650e-08
361,3.8170810464970365e-07,1.4169548080965767e-08,4.0287210289159184e-08,6.4316414372152619e-08,7.9863164064051842e-08,8.1753944685538321e-08,6.7488450554026337e-08,3.3829372603809611e-08
362,3.6941047512766205e-07,1.3728282646908016e-08,3.9010348606609701e-08,6.2257826320538316e-08,7.7290183317365737e-08,7.9106530590586824e-08,6.5293064379121976e-08,3.2724239266531506e-08
363,3.5750904283072301e-07,1.3300718999670141e-08,3.7773912013697267e-08,6.0265104101254131e-08,7.4800097231821631e-08,7.6544865654507707e-08,6.3169119792912806e-08,3.1655225036859344e-08
364,3.4599104332807515e-07,1.2886433081433770e-08,3.6576622164175819e-08,5.8336141104037572e-08,7.2390235159823451e-08,7.4066171851976557e-08,6.1114291091981767e-08,3.0621148874646209e-08
365,3.3484412342523979e-07,1.2485013909602052e-08,3.5417241084847985e-08,5.6468898067585528e-08,7.0058012495004885e-08,7.1667761178799560e-08,5.9126328312848318e-08,2.9620868376551470e-08
366,3.2405632791512002e-07,1.2096063175365514e-08,3.4294569902267875e-08,5.4661400927323462e-08,6.7800927900207557e-08,6.9347032734094725e-08,5.7203054764411266e-08,2.8653278511449648e-08
367,3.1361608675589561e-07,1.1719194854531971e-08,3.3207447609540322e-08,5.2911738731920243e-08,6.5616560624766582e-08,6.7101469897070857e-08,5.5342364640815501e-08,2.7717310397250113e-08
368,3.0351220266201220e-07,1.1354034830247948e-08,3.2154749871956066e-08,5.1218061626354056e-08,6.3502567908226049e-08,6.4928637595336781e-08,5.3542220712120307e-08,2.6811930117771037e-08
369,2.9373383909495729e-07,1.1000220527250339e-08,3.1135387870242009e-08,4.9578578899404519e-08,6.1456682467699913e-08,6.2826179661772572e-08,5.1800652090232795e-08,2.5936137578355127e-08
370,2.8427050864093986e-07,1.0657400557297919e-08,3.0148307180243650e-08,4.7991557093514090e-08,5.9476710066183559e-08,6.0791816277090590e-08,5.0115752067651963e-08,2.5088965398958109e-08
371,2.7511206176301256e-07,1.0325234375442940e-08,2.9192486687894399e-08,4.6455318175027424e-08,5.7560527159207975e-08,5.8823341495307998e-08,4.8485676026649739e-08,2.4269477843482083e-08
372,2.6624867591556924e-07,1.0003391946813194e-08,2.8266937538361969e-08,4.4968237762881060e-08,5.5706078617312412e-08,5.6918620849441624e-08,4.6908639416592430e-08,2.3476769784166554e-08
373,2.5767084500954590e-07,9.6915534235850236e-09,2.7370702118297152e-08,4.3528743413877113e-08,5.3911375521893179e-08,5.5075589034824172e-08,4.5382915797180809e-08,2.2709965699888460e-08
374,2.4936936921702424e-07,9.3894088318373051e-09,2.6502853070144011e-08,4.2135312962734227e-08,5.2174493032064111e-08,5.3292247667524333e-08,4.3906834945459808e-08,2.1968218707260469e-08
375,2.4133534510430477e-07,9.0966577679858261e-09,2.5662492337503004e-08,4.0786472915166925e-08,5.0493568320241475e-08,5.1566663115435704e-08,4.2478781024518724e-08,2.1250709623453068e-08
376,2.3356015608286525e-07,8.8130091045065996e-09,2.4848750240570446e-08,3.9480796892299992e-08,4.8866798574238600e-08,4.9896964399677845e-08,4.1097190811870547e-08,2.0556646059701234e-08
377,2.2603546316796585e-07,8.5381807046653894e-09,2.4060784580708266e-08,3.8216904124778865e-08,4.7292439063728048e-08,4.8281341164029724e-08,3.9760551985565047e-08,1.9885261544490503e-08
378,2.1875319603498550e-07,8.2718991459793609e-09,2.3297779773227651e-08,3.6993457994989025e-08,4.5768801268996949e-08,4.6718041710189254e-08,3.8467401466153063e-08,1.9235814675450206e-08
379,2.1170554436390141e-07,8.0138994521449819e-09,2.2558946007499130e-08,3.5809164625848259e-08,4.4294251069989231e-08,4.5205371096724713e-08,3.7216323812681494e-08,1.8607588299013607e-08
380,2.0488494946262557e-07,7.7639248331744061e-09,2.1843518433529355e-08,3.4662771514684655e-08,4.2867206993691933e-08,4.3741689299652562e-08,3.6005949670957368e-08,1.7999888716935291e-08
381,1.9828409616021565e-07,7.5217264334902913e-09,2.1150756374171881e-08,3.3553066210760509e-08,4.1486138517986180e-08,4.2325409432643536e-08,3.4834954272377141e-08,1.7412044918786142e-08
382,1.9189590496126538e-07,7.2870630877366880e-09,2.0479942562165477e-08,3.2478875035048396e-08,4.0149564430143599e-08,4.0954996024923531e-08,3.3702055981672699e-08,1.6843407839575002e-08
383,1.8571352445305941e-07,7.0597010840708447e-09,1.9830382401218668e-08,3.1439061840910213e-08,3.8856051238207668e-08,3.9628963354998485e-08,3.2606014891979558e-08,1.6293349641673979e-08
384,1.7973032395735008e-07,6.8394139347079779e-09,1.9201403250383942e-08,3.0432526814372832e-08,3.7604211633556195e-08,3.8345873838393251e-08,3.1545631465684508e-08,1.5761263020251409e-08
385,1.7393988641887446e-07,6.6259821534979460e-09,1.8592353730988661e-08,2.9458205312735977e-08,3.6392703002995898e-08,3.7104336467653052e-08,3.0519745219560449e-08,1.5246560531442470e-08
386,1.6833600152298428e-07,6.4191930403194372e-09,1.8002603055412811e-08,2.8515066740288100e-08,3.5220225988793509e-08,3.5903005302913003e-08,2.9527233452744694e-08,1.4748673942512716e-08
387,1.6291265903500827e-07,6.2188404720837964e-09,1.7431540377026080e-08,2.7602113459945102e-08,3.4085523095098727e-08,3.4740578011396045e-08,2.8567010016164231e-08,1.4267053603294316e-08
388,1.5766404235420239e-07,6.0247247001469132e-09,1.6878574160618164e-08,2.6718379739664794e-08,3.2987377339264701e-08,3.3615794454252859e-08,2.7638024122056846e-08,1.3801167838198113e-08
389,1.5258452227537454e-07,5.8366521539337091e-09,1.6343131572677425e-08,2.5862930732526288e-08,3.1924610946619310e-08,3.2527435319208900e-08,2.6739259192281146e-08,1.3350502358127783e-08
390,1.4766865095149397e-07,5.6544352505856764e-09,1.5824657890892969e-08,2.5034861489399299e-08,3.0896084087287540e-08,3.1474320797533153e-08,2.5869731744151147e-08,1.2914559691644196e-08
391,1.4291115605080881e-07,5.4778922104476632e-09,1.5322615932275121e-08,2.4233296003162349e-08,2.9900693653710047e-08,3.0455309303891823e-08,2.5028490312572242e-08,1.2492858634749549e-08
392,1.3830693510220625e-07,5.3068468782157221e-09,1.4836485499308076e-08,2.3457386283462329e-08,2.8937372077546924e-08,2.9469296237696291e-08,2.4214614407295394e-08,1.2084933718681509e-08
393,1.3385105002275032e-07,5.1411285495731673e-09,1.4365762843567097e-08,2.2706311461039886e-08,2.8005086184697668e-08,2.8515212784600216e-08,2.3427213504144779e-08,1.1690334695127536e-08
394,1.2953872182152796e-07,4.9805718031473073e-09,1.3909960146250337e-08,2.1979276920676384e-08,2.7102836087209386e-08,2.7592024756843950e-08,2.2665426069111676e-08,1.1308626038288914e-08
395,1.2536532547412291e-07,4.8250163376243553e-09,1.3468605015092762e-08,2.1275513461848170e-08,2.6229654110884838e-08,2.6698731471186856e-08,2.1928418614243237e-08,1.0939386463242688e-08
396,1.2132638496222109e-07,4.6743068138649735e-09,1.3041239997146258e-08,2.0594276486203203e-08,2.5384603757440077e-08,2.5834364663208803e-08,2.1215384784289953e-08,1.0582208460067812e-08
397,1.1741756847302639e-07,4.5282927018676918e-09,1.2627422106926399e-08,1.9934845211003262e-08,2.4566778700098661e-08,2.4997987436801821e-08,2.0525544473109281e-08,1.0236697843219276e-08
398,1.1363468375333887e-07,4.3868281324320723e-09,1.2226722369441865e-08,1.9296521907702397e-08,2.3775301811545161e-08,2.4188693247710938e-08,1.9858142968855539e-08,9.9024733156508861e-09
399,1.0997367361331215e-07,4.2497717533779964e-09,1.1838725377637873e-08,1.8678631164858654e-08,2.3009324223195476e-08,2.3405604920020384e-08,1.9212450127017988e-08,9.5791660472037839e-09
400,1.0643061157506811e-07,4.1169865901818215e-09,1.1463028863799604e-08,1.8080519174601804e-08,2.2268024414774921e-08,2.2647873694517043e-08,1.8587759570399402e-08,9.2664192667935156e-09
401,1.0300169766150147e-07,3.9883399108943672e-09,1.1099243284475976e-08,1.7501553041904639e-08,2.1550607333227774e-08,2.1914678307897669e-08,1.7983387915157161e-08,8.9638878679438883e-09
402,9.9683254320758329e-08,3.8637030952098231e-09,1.0746991418497880e-08,1.6941120115929407e-08,2.0856303540013209e-08,2.1205224101820013e-08,1.7398674022057447e-08,8.6712380272305427e-09
403,9.6471722482016926e-08,3.7429515075586261e-09,1.0405907977678378e-08,1.6398627342744130e-08,2.0184368385873091e-08,2.0518742160830256e-08,1.6832978272120897e-08,8.3881468352115460e-09
404,9.3363657738341085e-08,3.6259643741012297e-09,1.0075639229795421e-08,1.5873500638726257e-08,1.9534081212186608e-08,1.9854488478230676e-08,1.6285681865864735e-08,8.1143019394361610e-09
405,9.0355726652511782e-08,3.5126246635034287e-09,9.7558426334700711e-09,1.5365184283992642e-08,1.8904744578055141e-08,1.9211743148981734e-08,1.5756186145372455e-08,7.8494011991363144e-09
406,8.7444703181875280e-08,3.4028189713775301e-09,9.4461864845655333e-09,1.4873140335216270e-08,1.8295683512288401e-08,1.8589809588762158e-08,1.5243911938447131e-08,7.5931523512182488e-09
407,8.4627465218373088e-08,3.2964374082771884e-09,9.1463495737439591e-09,1.4396848057210170e-08,1.7706244789489656e-08,1.7988013778339081e-08,1.4748298924128653e-08,7.3452726871843773e-09
408,8.1900991240043242e-08,3.1933734911371212e-09,8.8560208548294932e-09,1.3935803372679157e-08,1.7135796229463528e-08,1.7405703532427687e-08,1.4268805018878731e-08,7.1054887406275060e-09
409,7.9262357070401100e-08,3.0935240380522698e-09,8.5748991236370416e-09,1.3489518329558848e-08,1.6583726019195054e-08,1.6842247792246511e-08,1.3804905782760133e-08,6.8735359849512448e-09
410,7.6708732742224713e-08,2.9967890662941280e-09,8.3026927069369860e-09,1.3057520585380145e-08,1.6049442056672793e-08,1.6297035941000216e-08,1.3356093844958614e-08,6.6491585409818377e-09
411,7.4237379462380426e-08,2.9030716934651211e-09,8.0391191612363958e-09,1.2639352908115211e-08,1.5532371315852222e-08,1.5769477141546654e-08,1.2921878348017245e-08,6.4321088941475707e-09
412,7.1845646674433977e-08,2.8122780416949172e-09,7.7839049810674288e-09,1.2234572692978384e-08,1.5031959232078338e-08,1.5258999695529022e-08,1.2501784410173364e-08,6.2221476209125273e-09
413,6.9530969215896584e-08,2.7243171447854760e-09,7.5367853164832158e-09,1.1842751494672263e-08,1.4547669107308309e-08,1.4765050423277324e-08,1.2095352605208277e-08,6.0190431241617195e-09
414,6.7290864567056900e-08,2.6391008582145015e-09,7.2975036994710867e-09,1.1463474574585508e-08,1.4078981534496332e-08,1.4287094063805860e-08,1.1702138459239032e-08,5.8225713772445750e-09
415,6.5122930188448477e-08,2.5565437719096846e-09,7.0658117790020315e-09,1.1096340462464610e-08,1.3625393840523229e-08,1.3824612694255350e-08,1.1321711963900266e-08,5.6325156763933061e-09
416,6.3024840944097006e-08,2.4765631257088344e-09,6.8414690644441870e-09,1.0740960532097206e-08,1.3186419547073435e-08,1.3377105168149311e-08,1.0953657105382017e-08,5.4486664012420167e-09
417,6.0994346607783682e-08,2.3990787274235473e-09,6.6242426770766778e-09,1.0396958590559208e-08,1.2761587848881078e-08,1.2944086571854918e-08,1.0597571408806895e-08,5.2708207831813598e-09
418,5.9029269449650281e-08,2.3240128734265985e-09,6.4139071094484546e-09,1.0063970480592395e-08,1.2350443108785626e-08,1.2525087698658165e-08,1.0253065497446783e-08,5.0987826812922567e-09
419,5.7127501900557333e-08,2.2512902716856590e-09,6.2102439923348199e-09,9.7416436956928666e-09,1.1952544369055479e-08,1.2119654539882398e-08,9.9197626662955409e-09,4.9323623656105695e-09
420,5.5287004291690716e-08,2.1808379671683270e-09,6.0130418690520796e-09,9.4296370075042578e-09,1.1567464878455452e-08,1.1727347792497799e-08,9.5972984695300352e-09,4.7713763074827620e-09
421,5.3505802666991925e-08,2.1125852695457110e-09,5.8220959768983402e-09,9.1276201051224967e-09,1.1194791634550868e-08,1.1347742382687200e-08,9.2853203214068730e-09,4.6156469767804369e-09
422,5.1781986666066326e-08,2.0464636831240708e-09,5.6372080354957523e-09,8.8352732459314820e-09,1.0834124940757453e-08,1.0980427004851123e-08,8.9834871101572004e-09,4.4650026457492468e-09
423,5.0113707475298341e-08,1.9824068389361303e-09,5.4581860418165812e-09,8.5522869176012486e-09,1.0485077977661878e-08,1.0625003675551509e-08,8.6914688244559840e-09,4.3192771992750088e-09
424,4.8499175844976374e-08,1.9203504289257951e-09,5.2848440716823252e-09,8.2783615108918833e-09,1.0147276388153224e-08,1.0281087301910006e-08,8.4089461920561565e-09,4.1783099513569813e-09
425,4.6936660170300775e-08,1.8602321421620186e-09,5.1170020875317762e-09,8.0132070029178980e-09,9.8203578759204559e-09,9.9483052639922263e-09,8.1356103301912493e-09,4.0419454675851442e-09
426,4.5424484634216607e-08,1.8019916030195165e-09,4.9544857522602762e-09,7.7565426505388124e-09,9.5039718168852043e-09,9.6262970107247126e-09,7.8711624073631419e-09,3.9100333934249496e-09
427,4.3961027410079551e-08,1.7455703112659517e-09,4.7971262489387335e-09,7.5080966935522970e-09,9.1977788831531910e-09,9.3147136689059291e-09,7.6153133161439662e-09,3.7824282881194849e-09
428,4.2544718922227011e-08,1.6909115839970334e-09,4.6447601062269189e-09,7.2676060673766545e-09,8.9014506790809178e-09,9.0132176648869301e-09,7.3677833566333704e-09,3.6589894640251825e-09
429,4.1174040162589220e-08,1.6379604993627861e-09,4.4972290293014396e-09,7.0348161249193759e-09,8.6146693890673824e-09,8.7214823585109869e-09,7.1283019302240046e-09,3.5395808312032410e-09
430,3.9847521061534598e-08,1.5866638420299555e-09,4.3543797361244579e-09,6.8094803673381929e-09,8.3371274366929459e-09,8.4391916889149049e-09,6.8966072433393831e-09,3.4240707470947498e-09
431,3.8563738911202168e-08,1.5369700503272239e-09,4.2160637988846421e-09,6.5913601834104279e-09,8.0685271548399065e-09,8.1660398318075376e-09,6.6724460208192915e-09,3.3123318711131379e-09
432,3.7321316839630159e-08,1.4888291650215195e-09,4.0821374904472209e-09,6.3802245972355660e-09,7.8085804664408930e-09,7.9017308678535235e-09,6.4555732286384111e-09,3.2042410239930238e-09
433,3.6118922334043995e-08,1.4421927796752939e-09,3.9524616356550904e-09,6.1758500240046791e-09,7.5570085755126999e-09,7.6459784618023073e-09,6.2457518056541406e-09,3.0996790517397857e-09
434,3.4955265811720223e-08,1.3970139925361785e-09,3.8269014673279343e-09,5.9780200335789052e-09,7.3135416681442188e-09,7.3985055520141957e-09,6.0427524040894788e-09,2.9985306940293100e-09
435,3.3829099236893317e-08,1.3532473599119035e-09,3.7053264868111252e-09,5.7865251216274163e-09,7.0779186231177289e-09,7.1590440500464708e-09,5.8463531384663965e-09,2.9006844569122729e-09
436,3.2739214782222163e-08,1.3108488509848259e-09,3.5876103289308473e-09,5.6011624880832354e-09,6.8498867318532245e-09,6.9273345499734993e-09,5.6563393427144489e-09,2.8060324896820833e-09
437,3.1684443533380584e-08,1.2697758040217851e-09,3.4736306312164115e-09,5.4217358226830434e-09,6.6292014273753801e-09,6.7031260471253995e-09,5.4725033351883130e-09,2.7144704657702474e-09
438,3.0663654235382454e-08,1.2299868839363821e-09,3.3632689072551058e-09,5.2480550973645358e-09,6.4156260220125095e-09,6.4861756659399680e-09,5.2946441913366011e-09,2.6258974675373484e-09
439,2.9675752079297035e-08,1.1914420411620779e-09,3.2564104240491609e-09,5.0799363653021517e-09,6.2089314535461564e-09,6.2762483966325552e-09,5.1225675237727622e-09,2.5402158748321693e-09
440,2.8719677528053053e-08,1.1541024717957853e-09,3.1529440832485418e-09,4.9172015663690168e-09,6.0088960395390722e-09,6.0731168403980668e-09,4.9560852695069137e-09,2.4573312571956584e-09
441,2.7794405180072323e-08,1.1179305789728629e-09,3.0527623061372405e-09,4.7596783388196483e-09,5.8153052395781182e-09,5.8765609628686185e-09,4.7950154841053780e-09,2.3771522695904589e-09
442,2.6898942669514095e-08,1.0828899354356198e-09,2.9557609222545909e-09,4.6071998369946407e-09,5.6279514251770603e-09,5.6863678555592619e-09,4.6391821425522688e-09,2.2995905515406505e-09
443,2.6032329601950605e-08,1.0489452472585904e-09,2.8618390615368868e-09,4.4596045548547863e-09,5.4466336570924937e-09,5.5023315050429132e-09,4.4884149465948243e-09,2.2245606295701086e-09
444,2.5193636524332403e-08,1.0160623186949827e-09,2.7708990498681794e-09,4.3167361551583522e-09,5.2711574698140605e-09,5.3242525696039891e-09,4.3425491383612824e-09,2.1519798228315561e-09
445,2.4381963928138659e-08,9.8420801810977042e-10,2.6828463079326411e-09,4.1784433041010756e-09,5.1013346629978302e-09,5.1519381631284090e-09,4.2014253200470338e-09,2.0817681518218965e-09
446,2.3596441284643304e-08,9.5335024496598093e-10,2.5975892532642608e-09,4.0445795112442920e-09,4.9369830996191356e-09,4.9852016459954121e-09,4.0648892794713630e-09,2.0138482500828594e-09
447,2.2836226111262442e-08,9.2345789783174019e-10,2.5150392053929609e-09,3.9150029745621480e-09,4.7779265106284077e-09,4.8238624227443094e-09,3.9327918213136015e-09,1.9481452787892733e-09
448,2.2100503067981495e-08,8.9450084337663499e-10,2.4351102939893433e-09,3.7895764304442502e-09,4.6239943059004733e-09,4.6677457462966165e-09,3.8049886038436879e-09,1.8845868441304879e-09
449,2.1388483082893147e-08,8.6644988632692203e-10,2.3577193699134267e-09,3.6681670084953463e-09,4.4750213912745727e-09,4.5166825285211070e-09,3.6813399809682099e-09,1.8231029173935593e-09
450,2.0699402505908124e-08,8.3927674035003882e-10,2.2827859190756585e-09,3.5506460909786908e-09,4.3308479914888644e-09,4.3705091569362665e-09,3.5617108494187927e-09,1.7636257576598094e-09
451,2.0032522289731188e-08,8.1295399983978504e-10,2.2102319790214179e-09,3.4368891767546373e-09,4.1913194788195162e-09,4.2290673173512269e-09,3.4459705009153564e-09,1.7060898370292484e-09
452,1.9387127197223950e-08,7.8745511257441811e-10,2.1399820581530074e-09,3.3267757495707634e-09,4.0562862072405934e-09,4.0922038222527731e-09,3.3339924791422289e-09,1.6504317682901654e-09
453,1.8762525034304313e-08,7.6275435322075636e-10,2.0719630575058477e-09,3.2201891505644068e-09,3.9256033519268701e-09,3.9597704447521875e-09,3.2256544413803563e-09,1.5965902349538887e-09
454,1.8158045907559927e-08,7.3882679765821595e-10,2.0061041949982117e-09,3.1170164548429392e-09,3.7991307539274512e-09,3.8316237579117816e-09,3.1208380246439872e-09,1.5445059235773379e-09
455,1.7573041505779345e-08,7.1564829809749822e-10,1.9423369320763887e-09,3.0171483520114311e-09,3.6767327698435902e-09,3.7076249792767852e-09,3.0194287161751271e-09,1.4941214582985241e-09
456,1.7006884404630393e-08,6.9319545896942951e-10,1.8805949026796151e-09,2.9204790305214897e-09,3.5582781263494964e-09,3.5876398204439100e-09,2.9213157281538464e-09,1.4453813375126046e-09
457,1.6458967393739915e-08,6.7144561356020043e-10,1.8208138444515153e-09,2.8269060657191110e-09,3.4436397794000949e-09,3.4715383415033741e-09,2.8263918764871549e-09,1.3982318726184641e-09
458,1.5928702825453298e-08,6.5037680136998593e-10,1.7629315321270879e-09,2.7363303114732895e-09,3.3326947779747481e-09,3.3591948101964831e-09,2.7345534635436098e-09,1.3526211287680920e-09
459,1.5415521984575186e-08,6.2996774617263195e-10,1.7068877130265234e-09,2.6486557952708907e-09,3.2253241322107868e-09,3.2504875656359412e-09,2.6457001647051753e-09,1.3084988675532371e-09
460,1.4918874478415550e-08,6.1019783475478054e-10,1.6526240445893042e-09,2.5637896166669740e-09,3.1214126857854375e-09,3.1452988864410692e-09,2.5597349186120205e-09,1.2658164915659668e-09
461,1.4438227646486827e-08,5.9104709631346813e-10,1.6000840338841288e-09,2.4816418489832804e-09,3.0208489924092705e-09,3.0435148631448428e-09,2.4765638209799994e-09,1.2245269907718366e-09
462,1.3973065989219056e-08,5.7249618249188168e-10,1.5492129790322526e-09,2.4021254441510200e-09,2.9235251962986933e-09,2.9450252747343636e-09,2.3960960218744703e-09,1.1845848906363731e-09
463,1.3522890615080344e-08,5.5452634803357054e-10,1.4999579124837827e-09,2.3251561405974482e-09,2.8293369164993175e-09,2.8497234691907948e-09,2.3182436263279111e-09,1.1459462019475202e-09
464,1.3087218705509634e-08,5.3711943203603213e-10,1.4522675460883994e-09,2.2506523740788821e-09,2.7381831349361112e-09,2.7575062478991974e-09,2.2429215981924342e-09,1.1085683722785761e-09
465,1.2665582997087906e-08,5.2025783978516115e-10,1.4060922179037986e-09,2.1785351913659685e-09,2.6499660880702888e-09,2.6682737538028486e-09,2.1700476671218810e-09,1.0724102390379592e-09
466,1.2257531280392507e-08,5.0392452515263338e-10,1.3613838406869533e-09,2.1087281666899896e-09,2.5645911620467260e-09,2.5819293631807341e-09,2.0995422385815706e-09,1.0374319840538996e-09
467,1.1862625914997031e-08,4.8810297353883872e-10,1.3180958520150225e-09,2.0411573208619247e-09,2.4819667912194510e-09,2.4983795809307995e-09,2.0313283067871395e-09,1.0035950896438545e-09
468,1.1480443360096652e-08,4.7277718534451562e-10,1.2761831659844084e-09,1.9757510429788102e-09,2.4020043599463761e-09,2.4175339392453848e-09,1.9653313704770764e-09,9.7086229612007998e-10
469,1.1110573720255452e-08,4.5793165995475740e-10,1.2356021264380916e-09,1.9124400146346540e-09,2.3246181075479433e-09,2.3393048995689155e-09,1.9014793514266973e-09,9.3919756068439302e-10
470,1.0752620305788592e-08,4.4355138021956365e-10,1.1963104616729531e-09,1.8511571365558318e-09,2.2497250363277516e-09,2.2636077577315132e-09,1.8397025156142954e-09,9.0856601766668309e-10
471,1.0406199207307801e-08,4.2962179741559408e-10,1.1582672405803012e-09,1.7918374575834236e-09,2.1772448225565243e-09,2.1903605521556178e-09,1.7799333969531114e-09,8.7893394006322778e-10
472,1.0070938883973882e-08,4.1612881667425780e-10,1.1214328301743169e-09,1.7344181059274502e-09,2.1070997303239257e-09,2.1194839750360562e-09,1.7221067235055780e-09,8.5026870233229829e-10
473,9.7464797650146648e-09,4.0305878286172738e-10,1.0857688544645424e-09,1.6788382226203561e-09,2.0392145281658587e-09,2.0509012863972159e-09,1.6661593460990267e-09,8.2253874440593814e-10
474,9.4324738640809609e-09,3.9039846689690826e-10,1.0512381546299388e-09,1.6250388970994075e-09,1.9735164083778003e-09,1.9845382309341074e-09,1.6120301692646584e-09,7.9571353687814012e-10
475,9.1285844060269820e-09,3.7813505249382937e-10,1.0178047504533651e-09,1.5729631048499296e-09,1.9099349089276563e-09,1.9203229575471136e-09,1.5596600844241423e-09,7.6976354733094607e-10
476,8.8344854657149079e-09,3.6625612331533102e-10,9.8543380297663999e-10,1.5225556470434778e-09,1.8484018378843738e-09,1.8581859414831591e-09,1.5089919052506683e-09,7.4466020776125966e-10
477,8.5498616184562120e-09,3.5474965052533567e-10,9.5409157833760310e-10,1.4737630921071427e-09,1.7888512002812671e-09,1.7980599089988438e-09,1.4599703051336466e-09,7.2037588307237192e-10
478,8.2744076017148342e-09,3.4360398072737603e-10,9.2374541275180352e-10,1.4265337191622324e-09,1.7312191273356138e-09,1.7398797644638439e-09,1.4125417566785799e-09,6.9688384059538395e-10
479,8.0078279877094206e-09,3.3280782427743518e-10,8.9436367860263723e-10,1.3808174632725511e-09,1.6754438079486082e-09,1.6835825198255072e-09,1.3666544731758391e-09,6.7415822060684369e-10
480,7.7498368665634332e-09,3.2235024395952201e-10,8.6591575160488076e-10,1.3365658624443963e-09,1.6214654224122064e-09,1.6291072263581515e-09,1.3222583519742514e-09,6.5217400781002383e-10
481,7.5001575396633136e-09,3.1222064401275990e-10,8.3837197900769005e-10,1.2937320063222546e-09,1.5692260782517632e-09,1.5763949086230405e-09,1.2793049196974797e-09,6.3090700374832523e-10
482,7.2585222228958810e-09,3.0240875949911645e-10,8.1170364880419568e-10,1.2522704865259651e-09,1.5186697481356491e-09,1.5253885005674209e-09,1.2377472792432072e-09,6.1033380012032632e-10
483,7.0246717594465966e-09,2.9290464600123141e-10,7.8588295991586574e-10,1.2121373485768497e-09,1.4697422097852547e-09,1.4760327836933150e-09,1.1975400585070844e-09,5.9043175296699608e-10
484,6.7983553418507455e-09,2.8369866964013128e-10,7.6088299332081422e-10,1.1732900453619944e-09,1.4223909878209399e-09,1.4282743272290189e-09,1.1586393607752954e-09,5.7117895770255073e-10
485,6.5793302429993653e-09,2.7478149740292835e-10,7.3667768409620645e-10,1.1356873920874825e-09,1.3765652974815492e-09,1.3820614302384202e-09,1.1210027167314118e-09,5.5255422496136655e-10
486,6.3673615558114851e-09,2.6614408777091058e-10,7.1324179434585062e-10,1.0992895226729607e-09,1.3322159901571402e-09,1.3373440656053563e-09,1.0845890380249983e-09,5.3453705723426871e-10
487,6.1622219412934216e-09,2.5777768163872381e-10,6.9055088698498777e-10,1.0640578475414367e-09,1.2892955006765007e-09,1.2940738258322730e-09,1.0493585723511170e-09,5.1710762626838268e-10
488,5.9636913847149395e-09,2.4967379351563341e-10,6.6858130035516238e-10,1.0299550127596821e-09,1.2477577962929235e-09,1.2522038705943993e-09,1.0152728599915552e-09,5.0024675120558276e-10
489,5.7715569596407823e-09,2.4182420300013248e-10,6.4731012364292868e-10,9.9694486048604472e-10,1.2075583273135278e-09,1.2116888759925713e-09,9.8229469177018815e-10,4.8393587743538941e-10
490,5.5856125995644895e-09,2.3422094651943092e-10,6.2671517307696099e-10,9.6499239068384685e-10,1.1686539793191717e-09,1.1724849854496759e-09,9.5038806837644954e-10,4.6815705613895292e-10
491,5.4056588768995489e-09,2.2685630932562349e-10,6.0677496887895104e-10,9.3406372405989468e-10,1.1310030269237124e-09,1.1345497621974654e-09,9.1951816101236972e-10,4.5289292450153194e-10
492,5.2315027890908993e-09,2.1972281774058453e-10,5.8746871294444977e-10,9.0412606618890711e-10,1.0945650890230229e-09,1.0978421433022235e-09,8.8965127332010352e-10,4.3812668657160680e-10
493,5.0629575516173342e-09,2.1281323164188652e-10,5.6877626723055889e-10,8.7514767278593415e-10,1.0593010854857687e-09,1.0623223951794338e-09,8.6075480454826400e-10,4.2384209474548866e-10
494,4.8998423976628428e-09,2.0612053718227403e-10,5.5067813282811712e-10,8.4709781609004081e-10,1.0251731952394886e-09,1.0279520705492093e-09,8.3279721391673932e-10,4.1002343185697361e-10
495,4.7419823842419890e-09,1.9963793973545691e-10,5.3315542969672297e-10,8.1994675232371282e-10,9.9214481570703727e-10,9.9469396678581696e-10,8.0574798614098156e-10,3.9665549385226130e-10
496,4.5892082045714475e-09,1.9335885706120979e-10,5.1618987704162652e-10,7.9366569019357209e-10,9.6018052354987572e-10,9.6251208561612972e-10,7.7957759807802938e-10,3.8372357303100356e-10
497,4.4413560064864046e-09,1.8727691268298101e-10,4.9976377431218185e-10,7.6822676039909250e-10,9.2924603667610934e-10,9.3137159412331307e-10,7.5425748645775094e-10,3.7121344183497552e-10
498,4.2982672167071349e-09,1.8138592947142406e-10,4.8385998280219451e-10,7.4360298611707180e-10,8.9930817747252878e-10,9.0123878701346240e-10,7.2976001666398685e-10,3.5911133716646638e-10
499,4.1597883707672230e-09,1.7567992342746874e-10,4.6846190783311992e-10,7.1976825443064618e-10,8.7033483722121545e-10,8.7208105010428232e-10,7.0605845253141841e-10,3.4740394521907207e-10
500,4.0257709484210592e-09,1.7015309765874557e-10,4.5355348150167066e-10,6.9669728867263072e-10,8.4229494166255225e-10,8.4386682499621598e-10,6.8312692712510377e-10,3.3607838680414040e-10
501,3.8960712143540703e-09,1.6479983654336882e-10,4.3911914597397317e-10,6.7436562165393714e-10,8.1515841766770109e-10,8.1656557488772847e-10,6.6094041447069827e-10,3.2512220315666379e-10
502,3.7705500640248489e-09,1.5961470007526762e-10,4.2514383730897766e-10,6.5274956974875525e-10,7.8889616098480773e-10,7.9014775149767658e-10,6.3947470220441556e-10,3.1452334220494826e-10
503,3.6490728744738393e-09,1.5459241838543602e-10,4.1161296979437446e-10,6.3182620780908926e-10,7.6348000502433799e-10,7.6458476305890601e-10,6.1870636511279793e-10,3.0427014528889795e-10
504,3.5315093599385814e-09,1.4972788643364477e-10,3.9851242077879637e-10,6.1157334488211570e-10,7.3888269065006690e-10,7.3984894334837399e-10,5.9861273953333393e-10,2.9435133431224965e-10
505,3.4177334321206406e-09,1.4501615886532770e-10,3.8582851598460100e-10,5.9196950070468097e-10,7.1507783694332503e-10,7.1591352172022634e-10,5.7917189858790629e-10,2.8475599931457351e-10
506,3.3076230649543811e-09,1.4045244502851873e-10,3.7354801528602351e-10,5.7299388295007505e-10,6.9203991290914152e-10,6.9275259410933616e-10,5.6036262822196839e-10,2.7547358644931776e-10
507,3.2010601637325222e-09,1.3603210414587340e-10,3.6165809893796982e-10,5.5462636520301526e-10,6.6974421009394264e-10,6.7034109497387278e-10,5.4216440402322211e-10,2.6649388635462650e-10
508,3.0979304384481332e-09,1.3175064063696285e-10,3.5014635424118765e-10,5.3684746563954052e-10,6.4816681608543377e-10,6.4865477014648384e-10,5.2455736879443416e-10,2.5780702290409038e-10
509,2.9981232812172076e-09,1.2760369958617717e-10,3.3900076263000209e-10,5.1963832638926593e-10,6.2728458886624733e-10,6.2767015056465842e-10,5.0752231085584322e-10,2.4940344232501322e-10
510,2.9015316476503663e-09,1.2358706235171868e-10,3.2820968716923979e-10,5.0298069355816489e-10,6.0707513199384820e-10,6.0736452685179523e-10,4.9104064305341848e-10,2.4127390267218131e-10
511,2.8080519420464490e-09,1.1969664231130593e-10,3.1776186044738995e-10,4.8685689789074647e-10,5.8751677058007575e-10,5.8771592472141897e-10,4.7509438244999558e-10,2.3340946364551648e-10
512,2.7175839062848617e-09,1.1592848074034462e-10,3.0764637285345597e-10,4.7124983605116995e-10,5.6858852804456381e-10,5.6870308117788491e-10,4.5966613067706993e-10,2.2580147674037233e-10
513,2.6300305122975267e-09,1.1227874281845270e-10,2.9785266122535452e-10,4.5614295250349557e-10,5.5027010361710245e-10,5.5030542148777295e-10,4.4473905492574595e-10,2.1844157571960260e-10
514,2.5452978580051000e-09,1.0874371376035457e-10,2.8837049785809600e-10,4.4152022197189879e-10,5.3254185056481575e-10,5.3250303689700581e-10,4.3029686955604469e-10,2.1132166739688445e-10
515,2.4632950666058489e-09,1.0531979506728229e-10,2.7918997986035729e-10,4.2736613246229492e-10,5.1538475512080179e-10,5.1527666306954205e-10,4.1632381830444619e-10,2.0443392272112431e-10
516,2.3839341891091773e-09,1.0200350089514113e-10,2.7030151884841630e-10,4.1366566882740895e-10,4.9878041609163635e-10,4.9860765922426900e-10,4.0280465707019939e-10,1.9777076815210588e-10
517,2.3071301100092640e-09,9.8791454535813584e-11,2.6169583096676529e-10,4.0040429685790301e-10,4.8271102512186955e-10,4.8247798794748295e-10,3.8972463726156747e-10,1.9132487731786228e-10
518,2.2328004559976498e-09,9.5680385008086565e-11,2.5336392722506048e-10,3.8756794788272876e-10,4.6715934759434771e-10,4.6687019565907487e-10,3.7706948968378630e-10,1.8508916294456527e-10
519,2.1608655076168615e-09,9.2667123754797115e-11,2.4529710414139030e-10,3.7514300386241206e-10,4.5210870414587752e-10,4.5176739371124894e-10,3.6482540895111047e-10,1.7905676905002518e-10
520,2.0912481137603236e-09,8.9748601442895907e-11,2.3748693468216233e-10,3.6311628295949466e-10,4.3754295277840593e-10,4.3715324009928705e-10,3.5297903840589110e-10,1.7322106339218682e-10
521,2.0238736089268619e-09,8.6921844863231302e-11,2.2992525948921636e-10,3.5147502557086761e-10,4.2344647154653111e-10,4.2301192176453650e-10,3.4151745552819025e-10,1.6757563016428862e-10
522,1.9586697331410410e-09,8.4183973926954492e-11,2.2260417838506659e-10,3.4020688080721440e-10,4.0980414180277605e-10,4.0932813747043904e-10,3.3042815781996755e-10,1.6211426292862334e-10
523,1.8955665544534685e-09,8.1532198755543467e-11,2.1551604214746552e-10,3.2929989340525786e-10,3.9660133198265518e-10,3.9608708123304360e-10,3.1969904914839895e-10,1.5683095778110424e-10
524,1.8344963939379237e-09,7.8963816861535708e-11,2.0865344454475943e-10,3.1874249105896066e-10,3.8382388191214414e-10,3.8327442628804235e-10,3.0931842653338775e-10,1.5171990673909348e-10
525,1.7753937531048877e-09,7.6476210417150026e-11,2.0200921462377556e-10,3.0852347215627378e-10,3.7145808762072048e-10,3.7087630957695442e-10,2.9927496736481593e-10,1.4677549134519772e-10
526,1.7181952436536212e-09,7.4066843608065214e-11,1.9557640924224263e-10,2.9863199390845430e-10,3.5949068664368886e-10,3.5887931673564486e-10,2.8955771703555184e-10,1.4199227647997343e-10
527,1.6628395194874354e-09,7.1733260069708154e-11,1.8934830583799907e-10,2.8905756085939084e-10,3.4790884379802656e-10,3.4727046756890714e-10,2.8015607697668811e-10,1.3736500437671552e-10
528,1.6092672109192623e-09,6.9473080403485430e-11,1.8331839542748862e-10,2.7979001376277586e-10,3.3670013741649346e-10,3.3603720199536984e-10,2.7105979308192296e-10,1.3288858883172616e-10
529,1.5574208609969411e-09,6.7283999770472820e-11,1.7748037582628010e-10,2.7081951881535275e-10,3.2585254602524320e-10,3.2516736644749423e-10,2.6225894450842206e-10,1.2855810960367593e-10
530,1.5072448638799395e-09,6.5163785560153533e-11,1.7182814508457826e-10,2.6213655723484364e-10,3.1535443545064599e-10,3.1464920071192452e-10,2.5374393284191421e-10,1.2436880699587924e-10
531,1.4586854052014135e-09,6.3110275131871020e-11,1.6635579513091461e-10,2.5373191517152599e-10,3.0519454634149633e-10,3.0447132519592899e-10,2.4550547161416919e-10,1.2031607661550728e-10
532,1.4116904043516450e-09,6.1121373626734254e-11,1.6105760561742319e-10,2.4559667394278194e-10,2.9536198209322173e-10,2.9462272860613405e-10,2.3753457616139303e-10,1.1639546430395669e-10
533,1.3662094586209545e-09,5.9195051847784111e-11,1.5592803796031515e-10,2.3772220058028277e-10,2.8584619716114197e-10,2.8509275602619759e-10,2.2982255381245029e-10,1.1260266123278251e-10
534,1.3221937891421828e-09,5.7329344206296848e-11,1.5096172956936661e-10,2.3010013867980445e-10,2.7663698575024418e-10,2.7587109738050319e-10,2.2236099439618192e-10,1.0893349915978550e-10
535,1.2795961885747622e-09,5.5522346732166754e-11,1.4615348826043250e-10,2.2272239954398791e-10,2.6772447086934350e-10,2.6694777627137309e-10,2.1514176105743737e-10,1.0538394584002109e-10
536,1.2383709704742714e-09,5.3772215146374163e-11,1.4149828684518609e-10,2.1558115360866925e-10,2.5909909373789047e-10,2.5831313917770403e-10,2.0815698137177864e-10,1.0195010058666858e-10
537,1.1984739202931656e-09,5.2077162993606398e-11,1.3699125789246931e-10,2.0866882214370388e-10,2.5075160353406194e-10,2.4995784500332113e-10,2.0139903874913821e-10,9.8628189976864690e-11
538,1.1598622479601406e-09,5.0435459833159576e-11,1.3262768865581572e-10,2.0197806921950005e-10,2.4267304747314282e-10,2.4187285496372608e-10,1.9486056411703179e-10,9.5414563697764510e-11
539,1.1224945419872581e-09,4.8845429486307117e-11,1.2840301616188000e-10,1.9550179393075688e-10,2.3485476120555554e-10,2.3404942280027798e-10,1.8853442787423093e-10,9.2305690528249684e-11
540,1.0863307250556233e-09,4.7305448338377040e-11,1.2431282245467585e-10,1.8923312286917555e-10,2.2728835952423940e-10,2.2647908531120702e-10,1.8241373210609688e-10,8.9298154451851350e-11
541,1.0513320110319713e-09,4.5813943693834939e-11,1.2035282999068354e-10,1.8316540283717445e-10,2.1996572737141458e-10,2.1915365318919810e-10,1.7649180305306427e-10,8.6388650896601533e-11
542,1.0174608633700709e-09,4.4369392182722067e-11,1.1651889718004659e-10,1.7729219379489530e-10,2.1287901113508384e-10,2.1206520215561819e-10,1.7076218382403853e-10,8.3573983097666321e-11
543,9.8468095485231866e-10,4.2970318216849499e-11,1.1280701406922718e-10,1.7160726203303245e-10,2.0602061022593798e-10,2.0520606438178049e-10,1.6521862734674112e-10,8.0851058578749841e-11
544,9.5295712862835900e-10,4.1615292494198796e-11,1.0921329816063678e-10,1.6610457356425815e-10,1.9938316892563173e-10,1.9856882018795090e-10,1.5985508954729377e-10,7.8216885748388913e-11
545,9.2225536050893434e-10,4.0302930550027781e-11,1.0573399036490115e-10,1.6077828772624662e-10,1.9295956849768628e-10,1.9214629001110228e-10,1.5466572275158514e-10,7.5668570607385086e-11
546,8.9254272247452809e-10,3.9031891353226768e-11,1.0236545108155485e-10,1.5562275098952416e-10,1.8674291955255774e-10,1.8593152663271478e-10,1.4964486930120554e-10,7.3203313563744173e-11
547,8.6378734735966322e-10,3.7800875946515409e-11,9.9104156404095055e-11,1.5063249096358921e-10,1.8072655465868335e-10,1.7991780765819975e-10,1.4478705537696997e-10,7.0818406351610443e-11
548,8.3595839467498095e-10,3.6608626129114620e-11,9.5946694445452263e-11,1.4580221059495612e-10,1.7490402119157994e-10,1.7409862823980135e-10,1.4008698502327729e-10,6.8511229050799368e-11
549,8.0902601753043998e-10,3.5453923180570116e-11,9.2889761780060966e-11,1.4112678255097877e-10,1.6926907441332566e-10,1.6846769403508992e-10,1.3553953436677243e-10,6.6279247203642161e-11
550,7.8296133062416493e-10,3.4335586624445171e-11,8.9930159998833826e-11,1.3660124378350822e-10,1.6381567077500284e-10,1.6301891439341938e-10,1.3113974602299166e-10,6.4120009025963861e-11
551,7.5773637926260810e-10,3.3252473030640399e-11,8.7064792373460034e-11,1.3222079026662672e-10,1.5853796143491818e-10,1.5774639576296639e-10,1.2688282368487643e-10,6.2031142709119868e-11
552,7.3332410937880144e-10,3.2203474855136569e-11,8.4290660626562347e-11,1.2798077190288730e-10,1.5343028598564899e-10,1.5264443531120919e-10,1.2276412688724012e-10,6.0010353810116870e-11
553,7.0969833851654069e-10,3.1187519315994181e-11,8.1604861804355975e-11,1.2387668759266353e-10,1.4848716638318734e-10,1.4770751475193409e-10,1.1877916594146472e-10,5.8055422726940848e-11
554,6.8683372774938276e-10,3.0203567304479484e-11,7.9004585248560254e-11,1.1990418046138923e-10,1.4370330107167139e-10,1.4293029437208284e-10,1.1492359703489040e-10,5.6164202256309201e-11
555,6.6470575450433961e-10,2.9250612330222178e-11,7.6487109664415615e-11,1.1605903323963315e-10,1.3907355929740223e-10,1.3830760725197003e-10,1.1119321748954162e-10,5.4334615231154753e-11
556,6.4329068626111947e-10,2.8327679499343499e-11,7.4049800281758674e-11,1.1233716379111649e-10,1.3459297560604808e-10,1.3383445367260829e-10,1.0758396117500686e-10,5.2564652235237520e-11
557,6.2256555509871150e-10,2.7433824524526975e-11,7.1690106106205011e-11,1.0873462078393719e-10,1.3025674451713435e-10,1.2950599570408424e-10,1.0409189407045863e-10,5.0852369392365047e-11
558,6.0250813306201063e-10,2.6568132766035667e-11,6.9405557257582140e-11,1.0524757950041640e-10,1.2606021537010721e-10,1.2531755196912158e-10,1.0071320997096293e-10,4.9195886227784795e-11
559,5.8309690832206616e-10,2.5729718302710878e-11,6.7193762392845822e-11,1.0187233778112979e-10,1.2199888733644377e-10,1.2126459257615957e-10,9.7444226333385283e-11,4.7593383599391074e-11
560,5.6431106210438269e-10,2.4917723032017254e-11,6.5052406210800882e-11,9.8605312098827679e-11,1.1806840459245873e-10,1.1734273421645837e-10,9.4281380257353148e-11,4.6043101696466737e-11
561,5.4613044636053268e-10,2.4131315798228420e-11,6.2979247036032127e-11,9.5443033758085914e-11,1.1426455164763046e-10,1.1354773541991952e-10,9.1221224596882394e-11,4.4543338103753804e-11
562,5.2853556215912812e-10,2.3369691547875183e-11,6.0972114479533303e-11,9.2382145216662396e-11,1.1058324882343627e-10,1.0987549196448319e-10,8.8260424198418334e-11,4.3092445928719494e-11
563,5.1150753877298109e-10,2.2632070511606035e-11,5.9028907173601582e-11,8.9419396524662762e-11,1.0702054787784757e-10,1.0632203243412957e-10,8.5395752261179655e-11,4.1688831989953896e-11
564,4.9502811344001820e-10,2.1917697411635755e-11,5.7147590578642426e-11,8.6551641877743848e-11,1.0357262777079218e-10,1.0288351392067282e-10,8.2624086815828400e-11,4.0330955064702785e-11
565,4.7907961177624741e-10,2.1225840693983871e-11,5.5326194859603687e-11,8.3775836280703722e-11,1.0023579056604271e-10,9.9556217864691777e-11,7.9942407317617177e-11,3.9017324193604483e-11
566,4.6364492881976521e-10,2.0555791784729337e-11,5.3562812829830662e-11,8.1089032317924359e-11,9.7006457465134657e-11,9.6336546031092643e-11,7.7347791350291067e-11,3.7746497040762517e-11
567,4.4870751068547797e-10,1.9906864369532061e-11,5.1855597960203631e-11,7.8488377027246081e-11,9.3881164969061749e-11,9.3221016614944841e-11,7.4837411437142395e-11,3.6517078307347222e-11
568,4.3425133681085834e-10,1.9278393695695071e-11,5.0202762451486820e-11,7.5971108873961958e-11,9.0856561163631120e-11,9.0206260473371635e-11,7.2408531955733628e-11,3.5327718196978145e-11
569,4.2026090277369767e-10,1.8669735896063817e-11,4.8602575367884014e-11,7.3534554821727019e-11,8.7929402124494564e-11,8.7289017479414895e-11,7.0058506152917020e-11,3.4177110931196349e-11
570,4.0672120366342426e-10,1.8080267334080985e-11,4.7053360829858813e-11,7.1176127497279219e-11,8.5096548438000257e-11,8.4466132993924207e-11,6.7784773256889773e-11,3.3063993313390983e-11
571,3.9361771798815464e-10,1.7509383969336388e-11,4.5553496264339849e-11,6.8893322445968339e-11,8.2354961834133472e-11,8.1734554451649989e-11,6.5584855683128737e-11,3.1987143339597885e-11
572,3.8093639210021719e-10,1.6956500742972092e-11,4.4101410710490148e-11,6.6683715475185899e-11,7.9701701927935011e-11,7.9091328057842103e-11,6.3456356331152242e-11,3.0945378854639676e-11
573,3.6866362512344359e-10,1.6421050982322872e-11,4.2695583179278016e-11,6.4544960082881027e-11,7.7133923065902648e-11,7.6533595591777141e-11,6.1396955969155110e-11,2.9937556252126783e-11
574,3.5678625436606448e-10,1.5902485824191303e-11,4.1334541065142488e-11,6.2474784968438518e-11,7.4648871273993080e-11,7.4058591313752070e-11,5.9404410703659770e-11,2.8962569216887202e-11
575,3.4529154120356200e-10,1.5400273656175712e-11,4.0016858608100435e-11,6.0470991623281634e-11,7.2243881303951431e-11,7.1663638972194312e-11,5.7476549531418743e-11,2.8019347508439716e-11
576,3.3416715741634040e-10,1.4913899575487006e-11,3.8741155404695020e-11,5.8531451998646993e-11,6.9916373774799875e-11,6.9346148907647396e-11,5.5611271970893854e-11,2.7106855784170307e-11
577,3.2340117196756079e-10,1.4442864864708341e-11,3.7506094966235647e-11,5.6654106248060555e-11,6.7663852406420385e-11,6.7103615250495550e-11,5.3806545770724807e-11,2.6224092460915482e-11
578,3.1298203820695861e-10,1.3986686483968290e-11,3.6310383322828931e-11,5.4836960542122933e-11,6.5483901342263917e-11,6.4933613209392397e-11,5.2060404692683649e-11,2.5370088613698507e-11
579,3.0289858148692151e-10,1.3544896579014824e-11,3.5152767671747647e-11,5.3078084953288341e-11,6.3374182558314802e-11,6.2833796447457548e-11,5.0370946366692894e-11,2.4543906910405422e-11
580,2.9313998717754321e-10,1.3117042004693391e-11,3.4032035068730582e-11,5.1375611408396278e-11,6.1332433355531648e-11,6.0801894543399276e-11,4.8736330215564501e-11,2.3744640581227579e-11
581,2.8369578906780237e-10,1.2702683863347747e-11,3.2947011160851106e-11,4.9727731706786291e-11,5.9356463933075133e-11,5.8835710534814238e-11,4.7154775447192448e-11,2.2971412421735405e-11
582,2.7455585814042312e-10,1.2301397057677381e-11,3.1896558959635233e-11,4.8132695601895767e-11,5.7444155039719913e-11,5.6933118541003541e-11,4.5624559112005711e-11,2.2223373828485555e-11
583,2.6571039170838148e-10,1.1912769857599664e-11,3.0879577653151721e-11,4.6588808944307941e-11,5.5593455700931974e-11,5.5092061462731201e-11,4.4144014223559790e-11,2.1499703866099195e-11
584,2.5714990290140430e-10,1.1536403480679174e-11,2.9895001455837546e-11,4.5094431884282391e-11,5.3802381019173493e-11,5.3310548756433781e-11,4.2711527940213916e-11,2.0799608364783999e-11
585,2.4886521049118528e-10,1.1171911685700117e-11,2.8941798494860972e-11,4.3647977131863208e-11,5.2069010045076100e-11,5.1586654280471284e-11,4.1325539805907651e-11,2.0122319047305954e-11
586,2.4084742904440635e-10,1.0818920378971096e-11,2.8018969731862636e-11,4.2247908272721161e-11,5.0391483717199328e-11,4.9918514211086969e-11,3.9984540048115633e-11,1.9467092684449522e-11
587,2.3308795939300223e-10,1.0477067232964171e-11,2.7125547918951761e-11,4.0892738137944895e-11,4.8768002868164646e-11,4.8304325025819441e-11,3.8687067931121134e-11,1.8833210278036199e-11
588,2.2557847941144826e-10,1.0146001316902719e-11,2.6260596587870179e-11,3.9581027226053694e-11,4.7196826295026553e-11,4.6742341552183299e-11,3.7431710162810172e-11,1.8219976270601661e-11
589,2.1831093509117950e-10,9.8253827389244703e-12,2.5423209071271341e-11,3.8311382175559486e-11,4.5676268891811228e-11,4.5230875079505740e-11,3.6217099353245837e-11,1.7626717780861377e-11
590,2.1127753190256863e-10,9.5148822994578433e-12,2.4612507555095039e-11,3.7082454286459113e-11,4.4204699842219943e-11,4.3768291531874307e-11,3.5041912523339597e-11,1.7052783864122779e-11
591,2.0447072643519834e-10,9.2141811554609766e-12,2.3827642161050520e-11,3.5892938089090210e-11,4.2780540870558715e-11,4.2353009700217642e-11,3.3904869661990699e-11,1.6497544796829581e-11
592,1.9788321830746185e-10,8.9229704951837269e-12,2.3067790058252445e-11,3.4741569958833550e-11,4.1402264549018457e-11,4.0983499531605102e-11,3.2804732330117996e-11,1.5960391384450554e-11
593,1.9150794233681482e-10,8.6409512231236225e-12,2.2332154603084032e-11,3.3627126775193887e-11,4.0068392659490086e-11,3.9658280473912773e-11,3.1740302310059675e-11,1.5440734291950719e-11
594,1.8533806096228133e-10,8.3678336548568822e-12,2.1619964506391377e-11,3.2548424623837919e-11,3.8777494608157631e-11,3.8375919874063766e-11,3.0710420298865990e-11,1.4938003396107747e-11
595,1.7936695691108655e-10,8.1033372214356704e-12,2.0930473027141222e-11,3.1504317540213633e-11,3.7528185891168970e-11,3.7135031428108491e-11,2.9713964644057993e-11,1.4451647158960546e-11
596,1.7358822610155120e-10,7.8471901830523560e-12,2.0262957191701961e-11,3.0493696293419475e-11,3.6319126609738621e-11,3.5934273681466799e-11,2.8749850120471736e-11,1.3981132021700249e-11
597,1.6799567077463625e-10,7.5991293516808615e-12,1.9616717037934394e-11,2.9515487209034044e-11,3.5149020033090009e-11,3.4772348577708263e-11,2.7817026746852398e-11,1.3525941818336310e-11
598,1.6258329284677090e-10,7.3588998224142544e-12,1.8991074883304504e-11,2.8568651029658801e-11,3.4016611207695944e-11,3.3648000054299306e-11,2.6914478640905872e-11,1.3085577208492230e-11
599,1.5734528747683499e-10,7.1262547132265293e-12,1.8385374616255517e-11,2.7652181811965751e-11,3.2920685611325708e-11,3.2560012683797018e-11,2.6041222911557897e-11,1.2659555128706570e-11
600,1.5227603684039640e-10,6.9009549128949416e-12,1.7798981010100669e-11,2.6765105859081040e-11,3.1860067850455194e-11,3.1507210359018366e-11,2.5196308587211012e-11,1.2247408261635175e-11
601,1.4737010410452615e-10,6.6827688368275837e-12,1.7231279058721619e-11,2.5906480687172683e-11,3.0833620399643086e-11,3.0488455020761525e-11,2.4378815578829216e-11,1.1848684522570416e-11
602,1.4262222759672876e-10,6.4714721905487738e-12,1.6681673333380086e-11,2.5075394025146939e-11,2.9840242381520948e-11,2.9502645426701768e-11,2.3587853676718108e-11,1.1462946562712132e-11
603,1.3802731516173482e-10,6.2668477406026087e-12,1.6149587359972173e-11,2.4270962846392978e-11,2.8878868386088917e-11,2.8548715960129209e-11,2.2822561579905299e-11,1.1089771288643629e-11
604,1.3358043870010233e-10,6.0686850926424999e-12,1.5634463016076303e-11,2.3492332431549221e-11,2.7948467328050491e-11,2.7625635477238797e-11,2.2082105957061213e-11,1.0728749397483796e-11
605,1.2927682888277027e-10,5.8767804764817586e-12,1.5135759947166097e-11,2.2738675461297933e-11,2.7048041340961034e-11,2.6732406191724592e-11,2.1365680537935156e-11,1.0379484927203707e-11
606,1.2511187003589522e-10,5.6909365378873217e-12,1.4652955001379558e-11,2.2009191138226102e-11,2.6176624707003884e-11,2.5868062595470843e-11,2.0672505234314696e-11,1.0041594821612811e-11
607,1.2108109519048489e-10,5.5109621369055049e-12,1.4185541682255260e-11,2.1303104336821782e-11,2.5333282821246234e-11,2.5031670414171553e-11,2.0001825289548630e-11,9.7147085095359193e-12
608,1.1718018129151977e-10,5.3366721525153061e-12,1.3733029618864893e-11,2.0619664780704606e-11,2.4517111189264006e-11,2.4222325596747881e-11,1.9352910455705163e-11,9.3984674977179188e-12
609,1.1340494456142401e-10,5.1678872934111100e-12,1.3294944052789606e-11,1.9958146246218146e-11,2.3727234457060574e-11,2.3439153337469451e-11,1.8725054197466990e-11,9.0925249770081301e-12
610,1.0975133601291302e-10,5.0044339147228675e-12,1.2870825341405207e-11,1.9317845791539795e-11,2.2962805472238961e-11,2.2681307129720988e-11,1.8117572921894213e-11,8.7965454413909973e-12
611,1.0621543710640556e-10,4.8461438404878333e-12,1.2460228476958151e-11,1.8698083010490756e-11,2.2223004375420601e-11,2.1947967850390071e-11,1.7529805233214314e-11,8.5102043194438382e-12
612,1.0279345554734224e-10,4.6928541916937142e-12,1.2062722620930774e-11,1.8098199310254967e-11,2.1507037720936185e-11,2.1238342873884779e-11,1.6961111211825672e-11,8.2331876178161410e-12
613,9.9481721218903559e-11,4.5444072197187483e-12,1.1677890653210098e-11,1.7517557212241136e-11,2.0814137625845537e-11,2.0551665214822305e-11,1.6410871716727680e-11,7.9651915763380551e-12
614,9.6276682245765092e-11,4.4006501449996661e-12,1.1305328735589955e-11,1.6955539675346534e-11,2.0143560946373828e-11,1.9887192698460468e-11,1.5878487710615965e-11,7.7059223343786781e-12
615,9.3174901184667896e-11,4.2614350007637652e-12,1.0944645889151116e-11,1.6411549440904971e-11,1.9494588480880836e-11,1.9244207157974205e-11,1.5363379606906094e-11,7.4550956080869106e-12
616,9.0173051337718930e-11,4.1266184816664731e-12,1.0595463585078555e-11,1.5885008398624360e-11,1.8866524198508463e-11,1.8622013657708202e-11,1.4864986637973009e-11,7.2124363781598601e-12
617,8.7267913184467031e-11,3.9960617971806991e-12,1.0257415348488942e-11,1.5375356972841481e-11,1.8258694492679150e-11,1.8019939741564863e-11,1.4382766243916667e-11,6.9776785877952261e-12
618,8.4456370928928193e-11,3.8696305295891005e-12,9.9301463748550895e-12,1.4882053528443126e-11,1.7670447458644668e-11,1.7437334705714111e-11,1.3916193481186769e-11,6.7505648504953308e-12
619,8.1735409157856446e-11,3.7471944964350471e-12,9.6133131586270747e-12,1.4404573795823672e-11,1.7101152194310319e-11,1.6873568894837848e-11,1.3464760450421094e-11,6.5308461674013925e-12
620,7.9102109606676504e-11,3.6286276172925515e-12,9.3065831336625915e-12,1.3942410314269154e-11,1.6550198123584792e-11,1.6328033021147323e-11,1.3027975742873062e-11,6.3182816538470140e-12
621,7.6553648029609443e-11,3.5138077847198345e-12,9.0096343250912867e-12,1.3495071893177718e-11,1.6016994341529869e-11,1.5800137505436365e-11,1.2605363904824288e-11,6.1126382748300935e-12
622,7.4087291170635036e-11,3.4026167392653985e-12,8.7221550122498098e-12,1.3062083090544909e-11,1.5500968980607718e-11,1.5289311839457336e-11,1.2196464919397697e-11,5.9136905891121746e-12
623,7.1700393832041122e-11,3.2949399483995999e-12,8.4438434023357893e-12,1.2642983708160826e-11,1.5001568597345976e-11,1.4795003968929605e-11,1.1800833705205640e-11,5.7212205016636896e-12
624,6.9390396037417103e-11,3.1906664892486753e-12,8.1744073144401733e-12,1.2237328302983692e-11,1.4518257578762919e-11,1.4316679696512886e-11,1.1418039631285911e-11,5.5350170241828468e-12
625,6.7154820286048064e-11,3.0896889350120315e-12,7.9135638736281160e-12,1.1844685714171691e-11,1.4050517567916020e-11,1.3853822104099178e-11,1.1047666047796344e-11,5.3548760434246856e-12
626,6.4991268895765164e-11,2.9919032449473264e-12,7.6610392147491390e-12,1.1464638605271364e-11,1.3597846907957829e-11,1.3405930993798180e-11,1.0689309831955829e-11,5.1806000970855059e-12
627,6.2897421431402363e-11,2.8972086578114954e-12,7.4165681956673394e-12,1.1096783021077047e-11,1.3159760104102915e-11,1.2972522347011098e-11,1.0342580948736299e-11,5.0119981569961682e-12
628,6.0871032216101446e-11,2.8055075886493602e-12,7.1798941196123537e-12,1.0740727958691345e-11,1.2735787302928782e-11,1.2553127801007487e-11,1.0007102025826317e-11,4.8488854193857896e-12
629,5.8909927922796342e-11,2.7167055288248641e-12,6.9507684663611658e-12,1.0396094952331645e-11,1.2325473788452391e-11,1.2147294142438652e-11,9.6825079424024585e-12,4.6910831019851596e-12
630,5.7012005243293450e-11,2.6307109491932452e-12,6.7289506319701396e-12,1.0062517671442305e-11,1.1928379494441724e-11,1.1754582817239479e-11,9.3684454312597983e-12,4.5384182477467626e-12
631,5.5175228632447991e-11,2.5474352063156568e-12,6.5142076767855342e-12,9.7396415316862341e-12,1.1544078532439402e-11,1.1374569456388312e-11,9.0645726938673609e-12,4.3907235349654929e-12
632,5.3397628125017097e-11,2.4667924516208116e-12,6.3063140814693969e-12,9.4271233184032243e-12,1.1172158734992141e-11,1.1006843417011683e-11,8.7705590279285598e-12,4.2478370935912826e-12
633,5.1677297222848176e-11,2.3886995434212212e-12,6.1050515107860589e-12,9.1246308221356304e-12,1.0812221213596150e-11,1.0651007338337262e-11,8.4860844670402174e-12,4.1096023275316298e-12
634,5.0012390850136387e-11,2.3130759616945028e-12,5.9102085849026021e-12,8.8318424858347540e-12,1.0463879930884351e-11,1.0306676712014516e-11,8.2108394320570517e-12,3.9758677427486104e-12
635,4.8401123374558553e-11,2.2398437255430029e-12,5.7215806579644402e-12,8.5484470633737244e-12,1.0126761286596631e-11,9.9734794663381363e-12,7.9445243937812641e-12,3.8464867809613520e-12
636,4.6841766692160640e-11,2.1689273132477323e-12,5.5389696037147760e-12,8.2741432890045919e-12,9.8005037168889951e-12,9.6510555639242339e-12,7.6868495466092044e-12,3.7213176587711041e-12
637,4.5332648373945353e-11,2.1002535848352135e-12,5.3621836079340435e-12,8.0086395574090081e-12,9.4847573065519673e-12,9.3390566124040241e-12,7.4375344927790823e-12,3.6002232120320048e-12
638,4.3872149872171650e-11,2.0337517070784091e-12,5.1910369674825288e-12,7.7516536140030680e-12,9.1791834137222700e-12,9.0371454877136961e-12,7.1963079368752420e-12,3.4830707452964338e-12
639,4.2458704784442675e-11,1.9693530808553454e-12,5.0253498957362718e-12,7.5029122551677487e-12,8.8834543066853122e-12,8.7449959695728160e-12,6.9629073902557784e-12,3.3697318861694068e-12
640,4.1090797173720102e-11,1.9069912707914642e-12,4.8649483342130109e-12,7.2621510380869629e-12,8.5972528123789279e-12,8.4622923887568893e-12,6.7370788850809709e-12,3.2600824444118790e-12
641,3.9766959942463241e-11,1.8466019371140287e-12,4.7096637701913904e-12,7.0291139998853398e-12,8.3202719762214319e-12,8.1887292857823352e-12,6.5185766976306570e-12,3.1540022756380517e-12
642,3.8485773259149079e-11,1.7881227696491660e-12,4.5593330601328893e-12,6.8035533857678062e-12,8.0522147328990857e-12,7.9240110806346232e-12,6.3071630806086773e-12,3.0513751494568274e-12
643,3.7245863035485748e-11,1.7314934238943026e-12,4.4137982587219994e-12,6.5852293858725030e-12,7.7927935877599387e-12,7.6678517531821494e-12,6.1026080041424083e-12,2.9520886219124472e-12
644,3.6045899452686118e-11,1.6766554591008473e-12,4.2729064533460306e-12,6.3739098805578586e-12,7.5417303084723241e-12,7.4199745339301249e-12,5.9046889051948479e-12,2.8560339120840866e-12
645,3.4884595535220963e-11,1.6235522783040310e-12,4.1365096038416015e-12,6.1693701938535695e-12,7.2987556266172994e-12,7.1801116047797916e-12,5.7131904451159303e-12,2.7631057827087412e-12
646,3.3760705770522057e-11,1.5721290702387706e-12,4.0044643873403459e-12,5.9713928548138867e-12,7.0636089488949887e-12,6.9480038094692588e-12,5.5279042750686160e-12,2.6732024246961886e-12
647,3.2673024773154845e-11,1.5223327530823561e-12,3.8766320480517358e-12,5.7797673665200253e-12,6.8360380776351120e-12,6.7234003733826442e-12,5.3486288090739077e-12,2.5862253454090637e-12
648,3.1620385992027866e-11,1.4741119199666082e-12,3.7528782518260003e-12,5.5942899824865443e-12,6.6157989403119043e-12,6.5060586324243376e-12,5.1751690044272240e-12,2.5020792605852527e-12
649,3.0601660459252574e-11,1.4274167862039447e-12,3.6330729453451817e-12,5.4147634902345010e-12,6.4026553277733757e-12,6.2957437706650870e-12,5.0073361492466793e-12,2.4206719897838036e-12
650,2.9615755579311498e-11,1.3821991381735478e-12,3.5170902197951433e-12,5.2409970018016946e-12,6.1963786409041204e-12,6.0922285664760296e-12,4.8449476569215220e-12,2.3419143552394373e-12
651,2.8661613957236303e-11,1.3384122838154977e-12,3.4048081788760376e-12,5.0728057509677230e-12,5.9967476454499849e-12,5.8952931468760230e-12,4.6878268672365630e-12,2.2657200840144752e-12
652,2.7738212264538849e-11,1.2960110046823823e-12,3.2961088110132914e-12,4.9100108969786708e-12,5.8035482347416455e-12,5.7047247498264866e-12,4.5358028539557135e-12,2.1920057133406599e-12
653,2.6844560141678901e-11,1.2549515094994691e-12,3.1908778656355095e-12,4.7524393345631569e-12,5.6165732000625959e-12,5.5203174942166034e-12,4.3887102386547558e-12,2.1206904990468123e-12
654,2.5979699135891526e-11,1.2151913891860592e-12,3.0890047333899772e-12,4.5999235100381381e-12,5.4356220084152902e-12,5.3418721572900140e-12,4.2463890106003489e-12,2.0516963269716982e-12
655,2.5142701673234816e-11,1.1766895732921284e-12,2.9903823301705276e-12,4.4523012433093054e-12,5.2605005874470556e-12,5.1691959592722273e-12,4.1086843524788276e-12,1.9849476272647460e-12
656,2.4332670063755600e-11,1.1394062878058040e-12,2.8949069848365343e-12,4.3094155555772001e-12,5.0910211173051395e-12,5.0021023549657389e-12,3.9754464717847566e-12,1.9203712914804276e-12
657,2.3548735538706016e-11,1.1033030142886119e-12,2.8024783305056352e-12,4.1711145025661765e-12,4.9270018291976336e-12,4.8404108320873926e-12,3.8465304376853596e-12,1.8578965923752059e-12
658,2.2790057318778500e-11,1.0683424502967850e-12,2.7129991993065276e-12,4.0372510130992582e-12,4.7682668104442357e-12,4.6839467161298367e-12,3.7217960231829474e-12,1.7974551063189043e-12
659,2.2055821712359724e-11,1.0344884710482259e-12,2.6263755204817802e-12,3.9076827328475385e-12,4.6146458158077607e-12,4.5325409815359565e-12,3.6011075524032186e-12,1.7389806382352415e-12
660,2.1345241242836500e-11,1.0017060922959915e-12,2.5425162217341199e-12,3.7822718730883186e-12,4.4659740849040558e-12,4.3860300689820297e-12,3.4843337528429274e-12,1.6824091489890595e-12
661,2.0657553804017499e-11,9.6996143437038564e-13,2.4613331337130102e-12,3.6608850643114594e-12,4.3220921654944817e-12,4.2442557085719263e-12,3.3713476124157904e-12,1.6276786851404467e-12
662,1.9992021842765103e-11,9.3922168735294186e-13,2.3827408975416557e-12,3.5433932145185785e-12,4.1828457424714553e-12,4.1070647487511063e-12,3.2620262411407860e-12,1.5747293109885810e-12
663,1.9347931567960708e-11,9.0945507734672677e-13,2.3066568752877001e-12,3.4296713720646889e-12,4.0480854723536131e-12,3.9743089907553419e-12,3.1562507373220181e-12,1.5235030428306223e-12
664,1.8724592184955073e-11,8.8063083380851056e-13,2.2330010632839985e-12,3.3195985928967146e-12,3.9176668231131170e-12,3.8458450284150594e-12,3.0539060580742481e-12,1.4739437853634258e-12
665,1.8121335154682645e-11,8.5271915790943088e-13,2.1616960082087801e-12,3.2130578120479607e-12,3.7914499191632972e-12,3.7215340931420488e-12,2.9548808940529286e-12,1.4259972701582007e-12
666,1.7537513476645319e-11,8.2569119189182809e-13,2.0926667258374436e-12,3.1099357192521497e-12,3.6692993913403833e-12,3.6012419039308334e-12,2.8590675482521589e-12,1.3796109961405213e-12
667,1.6972500994996491e-11,7.9951898939093350e-13,2.0258406223809763e-12,3.0101226385449856e-12,3.5510842317184315e-12,3.4848385222124460e-12,2.7663618187384207e-12,1.3347341720102990e-12
668,1.6425691726981345e-11,7.7417548669108931e-13,1.9611474183287198e-12,2.9135124117254548e-12,3.4366776531017319e-12,3.3721982114036362e-12,2.6766628851922530e-12,1.2913176605384628e-12
669,1.5896499213012963e-11,7.4963447488711728e-13,1.8985190747158067e-12,2.8200022855531668e-12,3.3259569530440000e-12,3.2631993009995537e-12,2.5898731991341705e-12,1.2493139246791504e-12
670,1.5384355887687287e-11,7.2587057292238074e-13,1.8378897217381233e-12,2.7294928025619806e-12,3.2188033822485109e-12,3.1577240550629253e-12,2.5058983777151484e-12,1.2086769754382162e-12
671,1.4888712471062317e-11,7.0285920147597985e-13,1.7791955896401184e-12,2.6418876953740288e-12,3.1151020172080344e-12,3.0556585449674662e-12,2.4246471009558994e-12,1.1693623214407892e-12
672,1.4409037379548722e-11,6.8057655767237861e-13,1.7223749418031386e-12,2.5570937844019393e-12,3.0147416369479792e-12,2.9568925262578895e-12,2.3460310123229107e-12,1.1313269201424861e-12
673,1.3944816155779953e-11,6.5899959058760732e-13,1.6673680099642789e-12,2.4750208788306704e-12,2.9176146037405410e-12,2.8613193194933110e-12,2.2699646225328631e-12,1.0945291306306827e-12
674,1.3495550916850484e-11,6.3810597752698759e-13,1.6141169314979597e-12,2.3955816807738365e-12,2.8236167476619362e-12,2.7688356949451834e-12,2.1963652164805724e-12,1.0589286679640084e-12
675,1.3060759820330320e-11,6.1787410105012277e-13,1.5625656886945946e-12,2.3186916925027781e-12,2.7326472548688890e-12,2.6793417610250392e-12,2.1251527631889914e-12,1.0244865589999042e-12
676,1.2639976547483152e-11,5.9828302671964890e-13,1.5126600499728060e-12,2.2442691266498973e-12,2.6446085594745594e-12,2.5927408563213750e-12,2.0562498286831305e-12,9.9116509966173534e-13
677,1.2232749803133843e-11,5.7931248155098570e-13,1.4643475129636597e-12,2.1722348192909188e-12,2.5594062389079456e-12,2.5089394451289043e-12,1.9895814916929072e-12,9.5892781359852169e-13
678,1.1838642831648856e-11,5.6094283314103893e-13,1.4175772494073511e-12,2.1025121458138083e-12,2.4769489126445256e-12,2.4278470163571875e-12,1.9250752620930625e-12,9.2773941219188179e-13
679,1.1457232948510534e-11,5.4315506945449864e-13,1.3723000518046635e-12,2.0350269394850193e-12,2.3971481441995368e-12,2.3493759857093098e-12,1.8626610019912336e-12,8.9756575586627368e-13
680,1.1088111086982823e-11,5.2593077924704516e-13,1.3284682817673626e-12,1.9697074126266243e-12,2.3199183462787684e-12,2.2734416010248071e-12,1.8022708493781777e-12,8.6837381666003796e-13
681,1.0730881359382213e-11,5.0925213310543124e-13,1.2860358200134550e-12,1.9064840803206334e-12,2.2451766889851519e-12,2.1999618506844682e-12,1.7438391442569297e-12,8.4013164201614312e-13
682,1.0385160632483394e-11,4.9310186508503075e-13,1.2449580179549694e-12,1.8452896865594976e-12,2.1728430109826846e-12,2.1288573749779508e-12,1.6873023571703913e-12,8.1280831975286903e-13
683,1.0050578116604206e-11,4.7746325492605555e-13,1.2051916508275736e-12,1.7860591327643895e-12,2.1028397335224255e-12,2.0600513803383610e-12,1.6325990200494395e-12,7.8637394417596213e-13
684,9.7267749679292119e-12,4.6232011083023825e-13,1.1666948723129621e-12,1.7287294085953667e-12,2.0350917772383441e-12,1.9934695563510420e-12,1.5796696593062061e-12,7.6079958329505191e-13
685,9.4134039036453237e-12,4.4765675278033960e-13,1.1294271706064986e-12,1.6732395249799485e-12,1.9695264816237848e-12,1.9290399954468171e-12,1.5284567310996034e-12,7.3605724710833069e-13
686,9.1101288294767829e-12,4.3345799638540541e-13,1.0933493258841208e-12,1.6195304492889962e-12,1.9060735271021957e-12,1.8666931151928447e-12,1.4789045587025478e-12,7.1211985692067133e-13
687,8.8166244792199514e-12,4.1970913723522339e-13,1.0584233691239668e-12,1.5675450425910726e-12,1.8446648596085214e-12,1.8063615830970431e-12,1.4309592719026284e-12,6.8896121566149563e-13
688,8.5325760658913619e-12,4.0639593574795820e-13,1.0246125422396042e-12,1.5172279989186436e-12,1.7852346176003960e-12,1.7479802438447731e-12,1.3845687483701817e-12,6.6655597916980529e-13
689,8.2576789441148460e-12,3.9350460249544161e-13,9.9188125948311835e-13,1.4685257864816429e-12,1.7277190614208356e-12,1.6914860488890842e-12,1.3396825569298787e-12,6.4487962841484488e-13
690,7.9916382833856689e-12,3.8102178399108545e-13,9.6019507007763202e-13,1.4213865907659681e-12,1.6720565049366824e-12,1.6368179883183905e-12,1.2962519026740075e-12,6.2390844262190217e-13
691,7.7341687518612223e-12,3.6893454892585405e-13,9.2952062204012968e-13,1.3757602594564850e-12,1.6181872493794770e-12,1.5839170249278958e-12,1.2542295738576417e-12,6.0361947327373950e-13
692,7.4849942103391716e-12,3.5723037483819395e-13,8.9982562715669060e-13,1.3315982491260622e-12,1.5660535193178037e-12,1.5327260304234761e-12,1.2135698905178295e-12,5.8399051895911404e-13
693,7.2438474160947789e-12,3.4589713520425935e-13,8.7107882707344987e-13,1.2888535736340085e-12,1.5155994006924368e-12,1.4831897236890321e-12,1.1742286547608152e-12,5.6500010104077696e-13
694,7.0104697362598579e-12,3.3492308693520191e-13,8.4324996046776753e-13,1.2474807541791298e-12,1.4667707808478342e-12,1.4352546110505586e-12,1.1361631026631258e-12,5.4662744011623939e-13
695,6.7846108704358603e-12,3.2429685826870994e-13,8.1630973126521997e-13,1.2074357709543533e-12,1.4195152904956553e-12,1.3888689284723379e-12,1.0993318577341179e-12,5.2885243324546610e-13
696,6.5660285822436663e-12,3.1400743704238356e-13,7.9022977786911768e-13,1.1686760163515797e-12,1.3737822475480625e-12,1.3439825856227493e-12,1.0636948858892734e-12,5.1165563192050023e-13
697,6.3544884395221184e-12,3.0404415933692320e-13,7.6498264337031617e-13,1.1311602496670706e-12,1.3295226027605673e-12,1.3005471117492182e-12,1.0292134518851890e-12,4.9501822075283401e-13
698,6.1497635628966806e-12,2.9439669847748785e-13,7.4054174670611055e-13,1.0948485532592605e-12,1.2866888871261174e-12,1.2585156033037740e-12,9.9585007716879414e-13,4.7892199685513614e-13
699,5.9516343824485500e-12,2.8505505438194251e-13,7.1688135473799588e-13,1.0597022901124354e-12,1.2452351609640117e-12,1.2178426732625900e-12,9.6356849909487281e-13,4.6334934989470115e-13
700,5.7598884022232505e-12,2.7600954324507247e-13,6.9397655521904040e-13,1.0256840627612084e-12,1.2051169646490325e-12,1.1784844020847073e-12,9.3233363146746066e-13,4.4828324279672982e-13
701,5.5743199723261427e-12,2.6725078754818291e-13,6.7180323062254612e-13,9.9275767353216333e-13,1.1662912709279579e-12,1.1403982902569093e-12,9.0211152636212247e-13,4.3370719307626081e-13
702,5.3947300683604018e-12,2.5876970638383630e-13,6.5033803280457369e-13,9.6088808606044387e-13,1.1287164387723094e-12,1.1035432123734460e-12,8.7286933718752779e-13,4.1960525477826546e-13
703,5.2209260779709442e-12,2.5055750608580103e-13,6.2955835847378072e-13,9.3004138804040959e-13,1.0923521687178435e-12,1.0678793727009520e-12,8.4457528294607339e-13,4.0596200100608413e-13
704,5.0527215942653269e-12,2.4260567115459893e-13,6.0944232544286899e-13,9.0018475517079842e-13,1.0571594596428846e-12,1.0333682621805167e-12,8.1719861365462761e-13,3.9276250701903146e-13
705,4.8899362158900934e-12,2.3490595546933895e-13,5.8996874963674982e-13,8.7128641625609950e-13,1.0231005669391503e-12,9.9997261682041556e-13,7.9070957688771979e-13,3.7999233388061955e-13
706,4.7323953535481283e-12,2.2745037377681961e-13,5.7111712283333604e-13,8.4331561942706559e-13,9.9013896203019803e-13,9.6765637743451903e-13,7.6507938540673430e-13,3.6763751263945603e-13
707,4.5799300427495142e-12,2.2023119344916459e-13,5.5286759111362612e-13,8.1624259944448869e-13,9.5823929319408390e-13,9.3638465068284987e-13,7.4028018583984494e-13,3.5568452902545682e-13
708,4.4323767625950639e-12,2.1324092650153207e-13,5.3520093399849773e-13,7.9003854605150535e-13,9.2736734764821101e-13,9.0612367137216484e-13,7.1628502837857168e-13,3.4412030864458077e-13
709,4.2895772603981599e-12,2.0647232186170299e-13,5.1809854425034002e-13,7.6467557334081635e-13,8.9749001485570401e-13,8.7684076597580280e-13,6.9306783745795390e-13,3.3293220265584030e-13
710,4.1513783819568393e-12,1.9991835788361242e-13,5.0154240831835359e-13,7.4012669010428153e-13,8.6857525101395663e-13,8.4850431733336287e-13,6.7060338338840196e-13,3.2210797391487037e-13
711,4.0176319072940358e-12,1.9357223509713734e-13,4.8551508740701905e-13,7.1636577113339228e-13,8.4059204468726230e-13,8.2108373049204296e-13,6.4886725490832655e-13,3.1163578356885495e-13
712,3.8881943916898604e-12,1.8742736918669591e-13,4.6999969914788931e-13,6.9336752944013618e-13,8.1351038354667389e-13,7.9454939965271333e-13,6.2783583262765325e-13,3.0150417808809885e-13
713,3.7629270118353954e-12,1.8147738419144790e-13,4.5497989985548764e-13,6.7110748936874107e-13,7.8730122218141527e-13,7.6887267618498981e-13,6.0748626333329383e-13,2.9170207672001959e-13
714,3.6416954169430035e-12,1.7571610592011201e-13,4.4043986734871370e-13,6.4956196056974035e-13,7.6193645094732552e-13,7.4402583767672769e-13,5.8779643512859187e-13,2.8221875935179262e-13
715,3.5243695846534817e-12,1.7013755557363679e-13,4.2636428431974158e-13,6.2870801280870520e-13,7.3738886581892357e-13,7.1998205798447638e-13,5.6874495337966438e-13,2.7304385476833365e-13
716,3.4108236815854929e-12,1.6473594356917343e-13,4.1273832223297504e-13,6.0852345158288522e-13,7.1363213921276044e-13,6.9671537825251884e-13,5.5031111744244308e-13,2.6416732929273719e-13
717,3.3009359283777423e-12,1.5950566355900572e-13,3.9954762573717655e-13,5.8898679451985298e-13,6.9064079175076608e-13,6.7420067886916496e-13,5.3247489814506813e-13,2.5557947579670807e-13
718,3.1945884690791255e-12,1.5444128663829185e-13,3.8677829757442394e-13,5.7007724853307855e-13,6.6839016493330610e-13,6.5241365232998273e-13,5.1521691600111236e-13,2.4727090306893032e-13
719,3.0916672447467927e-12,1.4953755573566611e-13,3.7441688397007096e-13,5.5177468771016291e-13,6.4685639469264165e-13,6.3133077697863202e-13,4.9851842012990809e-13,2.3923252552971111e-13
720,2.9920618711165445e-12,1.4478938018093563e-13,3.6245036048838959e-13,5.3405963191024082e-13,6.2601638579842680e-13,6.1092929159691500e-13,4.8236126786102076e-13,2.3145555328061589e-13
721,2.8956655202143657e-12,1.4019183044428961e-13,3.5086611833905974e-13,5.1691322604781035e-13,6.0584778708779246e-13,5.9118717081657395e-13,4.6672790500065847e-13,2.2393148247818124e-13
722,2.8023748057821268e-12,1.3574013304161299e-13,3.3965195112014622e-13,5.0031722004098321e-13,5.8632896749345388e-13,5.7208310132625829e-13,4.5160134673852801e-13,2.1665208602114431e-13
723,2.7120896723945639e-12,1.3142966560066798e-13,3.2879604198365805e-13,4.8425394940284905e-13,5.6743899284412634e-13,5.5359645884794041e-13,4.3696515917434603e-13,2.0960940454097603e-13
724,2.6247132881486186e-12,1.2725595208307046e-13,3.1828695121022795e-13,4.6870631645533113e-13,5.4915760341237325e-13,5.3570728585789300e-13,4.2280344144388835e-13,2.0279573768583452e-13
725,2.5401519408100458e-12,1.2321465815714942e-13,3.0811360417987894e-13,4.5365777214557690e-13,5.3146519218580187e-13,5.1839627002814516e-13,4.0910080842511449e-13,1.9620363568837923e-13
726,2.4583149373059036e-12,1.1930158671693061e-13,2.9826527972626112e-13,4.3909229844555791e-13,5.1434278383830387e-13,5.0164472336511505e-13,3.9584237400553732e-13,1.8982589120819776e-13
727,2.3791145064551286e-12,1.1551267354263704e-13,2.8873159886213970e-13,4.2499439131618220e-13,4.9777201437878785e-13,4.8543456202286794e-13,3.8301373489261557e-13,1.8365553143989802e-13
728,2.3024657048328782e-12,1.1184398309824286e-13,2.7950251386430902e-13,4.1134904421781462e-13,4.8173511145557525e-13,4.6974828676918029e-13,3.7060095494954505e-13,1.7768581047821067e-13
729,2.2282863256676740e-12,1.0829170446175803e-13,2.7056829770647964e-13,3.9814173214968488e-13,4.6621487529533738e-13,4.5456896408329660e-13,3.5859055003938883e-13,1.7191020193172887e-13
730,2.1564968106736439e-12,1.0485214738405778e-13,2.6191953382905342e-13,3.8535839620122380e-13,4.5119466025612964e-13,4.3988020786494641e-13,3.4696947336104853e-13,1.6632239177718452e-13
731,2.0870201647232872e-12,1.0152173847220185e-13,2.5354710623505189e-13,3.7298542859891128e-13,4.3665835697473774e-13,4.2566616173485208e-13,3.3572510126110740e-13,1.6091627144642525e-13
732,2.0197818732692695e-12,9.8297017493317053e-14,2.4544218990180743e-13,3.6100965823274632e-13,4.2259037508918994e-13,4.1191148190759663e-13,3.2484521950610123e-13,1.5568593113851085e-13
733,1.9547098224266615e-12,9.5174633795239703e-14,2.3759624149835482e-13,3.4941833664695918e-13,4.0897562651790479e-13,3.9860132061833978e-13,3.1431801000026739e-13,1.5062565334959584e-13
734,1.8917342216299237e-12,9.2151342840234647e-14,2.3000099039878437e-13,3.3819912448007858e-13,3.9579950927753946e-13,3.8572131008546872e-13,3.0413203793431526e-13,1.4572990661350266e-13
735,1.8307875287816746e-12,8.9224002848223556e-14,2.2264842998212465e-13,3.2734007833994300e-13,3.8304789182218587e-13,3.7325754699185094e-13,2.9427623935122378e-13,1.4099333944612265e-13
736,1.7718043778129705e-12,8.6389571546067473e-14,2.1553080920962611e-13,3.1682963809971010e-13,3.7070709788711524e-13,3.6119657746791533e-13,2.8473990911553171e-13,1.3641077448700445e-13
737,1.7147215085774024e-12,8.3645103019557295e-14,2.0864062447060468e-13,3.0665661460136060e-13,3.5876389182081832e-13,3.4952538256033233e-13,2.7551268927302246e-13,1.3197720283170640e-13
738,1.6594776990038191e-12,8.0987744664871907e-14,2.0197061168828941e-13,2.9681017775363213e-13,3.4720546438960838e-13,3.3823136417058701e-13,2.6658455778813136e-13,1.2768777854869892e-13
739,1.6060136994349141e-12,7.8414734236364800e-14,1.9551373867738682e-13,2.8727984501173182e-13,3.3601941903956192e-13,3.2730233144824851e-13,2.5794581764681535e-13,1.2353781337480494e-13
740,1.5542721690812447e-12,7.5923396987639932e-14,1.8926319774534208e-13,2.7805547022658413e-13,3.2519375860106419e-13,3.1672648762422921e-13,2.4958708631302216e-13,1.1952277158336288e-13
741,1.5041976145225394e-12,7.3511142902972440e-14,1.8321239852952970e-13,2.6912723285176463e-13,3.1471687242169894e-13,3.0649241726980500e-13,2.4149928552728291e-13,1.1563826501948600e-13
742,1.4557363301903325e-12,7.1175464016223412e-14,1.7735496106285606e-13,2.6048562749664761e-13,3.0457752391368258e-13,2.9658907396762641e-13,2.3367363143632176e-13,1.1188004829697459e-13
743,1.4088363407680846e-12,6.8913931814487209e-14,1.7168470906049358e-13,2.5212145381466473e-13,2.9476483850248693e-13,2.8700576838139565e-13,2.2610162504293998e-13,1.0824401415161644e-13
744,1.3634473454470276e-12,6.6724194723796864e-14,1.6619566342069982e-13,2.4402580671592773e-13,2.8526829196372617e-13,2.7773215671131763e-13,2.1877504296577855e-13,1.0472618894578080e-13
745,1.3195206639779345e-12,6.4603975674297887e-14,1.6088203593289833e-13,2.3619006689381222e-13,2.7607769913579821e-13,2.6875822952284753e-13,2.1168592849890174e-13,1.0132272831937847e-13
746,1.2770091844609594e-12,6.2551069742381712e-14,1.5573822318641490e-13,2.2860589165543412e-13,2.6718320299617481e-13,2.6007430093666348e-13,2.0482658296147035e-13,9.8029912982420074e-14
747,1.2358673128175543e-12,6.0563341867349758e-14,1.5075880067347524e-13,2.2126520604627223e-13,2.5857526408962534e-13,2.5167099816818092e-13,1.9818955732808966e-13,9.4844144644561119e-14
748,1.1960509238902636e-12,5.8638724640255129e-14,1.4593851708027130e-13,2.1416019425950320e-13,2.5024465029703505e-13,2.4353925140530525e-13,1.9176764413072207e-13,9.1761942077171519e-14
749,1.1575173141179576e-12,5.6775216162643450e-14,1.4127228876010258e-13,2.0728329132091808e-13,2.4218242693384500e-13,2.3567028401348406e-13,1.8555386962335077e-13,8.8779937303613560e-14
750,1.1202251557357433e-12,5.4970877972986062e-14,1.3675519438278859e-13,2.0062717504058139e-13,2.3437994716749430e-13,2.2805560305747353e-13,1.7954148620086722e-13,8.5894871913552237e-14
751,1.0841344524504356e-12,5.3223833038668368e-14,1.3238246975473414e-13,1.9418475822267850e-13,2.2682884274358718e-13,2.2068699012957770e-13,1.7372396506393073e-13,8.3103593497258860e-14
752,1.0492064965440442e-12,5.1532263811463555e-14,1.2814950280420784e-13,1.8794918112526994e-13,2.1952101501083835e-13,2.1355649247444761e-13,1.6809498912181769e-13,8.0403052195999153e-14
753,1.0154038273592779e-12,4.9894410344487029e-14,1.2405182872656741e-13,1.8191380416193780e-13,2.1244862623517092e-13,2.0665641440085203e-13,1.6264844612553701e-13,7.7790297364725743e-14
754,9.8269019112253332e-13,4.8308568468690433e-14,1.2008512528433330e-13,1.7607220083756594e-13,2.0560409119365147e-13,1.9997930897113745e-13,1.5737842202373767e-13,7.5262474343417022e-14
755,9.5103050206128170e-13,4.6773088027014774e-14,1.1624520825717422e-13,1.7041815091074470e-13,1.9898006903924641e-13,1.9351796995939824e-13,1.5227919453417888e-13,7.2816821333524405e-14
756,9.2039080477415160e-13,4.5286371164382165e-14,1.1252802703702643e-13,1.6494563377553127e-13,1.9256945542767387e-13,1.8726542406966675e-13,1.4734522692376661e-13,7.0450666376104594e-14
757,8.9073823781334907e-13,4.3846870671762512e-14,1.0892966036371908e-13,1.5964882205553046e-13,1.8636537489790847e-13,1.8121492340571495e-13,1.4257116199038814e-13,6.8161424428325413e-14
758,8.6204099844035358e-13,4.2453088382607439e-14,1.0544631219662756e-13,1.5452207540348558e-13,1.8036117349816575e-13,1.7535993818433049e-13,1.3795181623999528e-13,6.5946594535141598e-14
759,8.3426830851709634e-13,4.1103573619997419e-14,1.0207430771801699e-13,1.4955993449978836e-13,1.7455041164945773e-13,1.6969414968419427e-13,1.3348217425260053e-13,6.3803757093041072e-14
760,8.0739038149603158e-13,3.9796921692900454e-14,9.8810089463878952e-14,1.4475711524352714e-13,1.6892685723906653e-13,1.6421144342274000e-13,1.2915738323105509e-13,6.1730571202863493e-14
761,7.8137839047370302e-13,3.8531772439990903e-14,9.5650213578195393e-14,1.4010850312989810e-13,1.6348447893652738e-13,1.5890590255362351e-13,1.2497274772667730e-13,5.9724772108790390e-14
762,7.5620443727353910e-13,3.7306808819526176e-14,9.2591346186695820e-14,1.3560914780800193e-13,1.5821743972495370e-13,1.5377180147766821e-13,1.2092372453599248e-13,5.7784168720700775e-14
763,7.3184152252471999e-13,3.6120755543826406e-14,8.9630259886297145e-14,1.3125425781323977e-13,1.5312009064076531e-13,1.4880359966038257e-13,1.1700591776303130e-13,5.5906641217177463e-14
764,7.0826351670502360e-13,3.4972377756947925e-14,8.6763830346538473e-14,1.2703919546870854e-13,1.4818696471510636e-13,1.4399593564937043e-13,1.1321507404181411e-13,5.4090138726537694e-14
765,6.8544513211659568e-13,3.3860479754186110e-14,8.3989033019439660e-14,1.2295947195017427e-13,1.4341277111045489e-13,1.3934362128516982e-13,1.0954707791382329e-13,5.2332677083347610e-14
766,6.6336189576458636e-13,3.2783903742085920e-14,8.1302939954326688e-14,1.1901074250937723e-13,1.3879238944613507e-13,1.3484163609926515e-13,1.0599794735543414e-13,5.0632336657962215e-14
767,6.4199012310956610e-13,3.1741528637680347e-14,7.8702716714277046e-14,1.1518880185058961e-13,1.3432086430664699e-13,1.3048512189322076e-13,1.0256382945043807e-13,4.8987260256713295e-14
768,6.2130689266556837e-13,3.0732268905717358e-14,7.6185619390944787e-14,1.1148957965551029e-13,1.2999339992692291e-13,1.2626937749307859e-13,9.9240996202949828e-14,4.7395651090444619e-14
769,6.0129002141651795e-13,2.9755073432674822e-14,7.3748991714628488e-14,1.0790913625173825e-13,1.2580535504881121e-13,1.2218985367335241e-13,9.6025840486143914e-14,4.5855770809168972e-14
770,5.8191804102467696e-13,2.8808924436401144e-14,7.1390262256544751e-14,1.0444365842021952e-13,1.2175223794327058e-13,1.1824214824513503e-13,9.2914872122411887e-14,4.4365937600694031e-14
771,5.6317017480559025e-13,2.7892836410255677e-14,6.9106941720367366e-14,1.0108945533720926e-13,1.1782970159293589e-13,1.1442200130301101e-13,8.9904714090676807e-14,4.2924524351134240e-14
772,5.4502631544484037e-13,2.7005855100658662e-14,6.6896620320185452e-14,9.7842954646434531e-14,1.1403353902988934e-13,1.1072529062564050e-13,8.6992098856738288e-14,4.1529956865293514e-14
773,5.2746700343270721e-13,2.6147056516994936e-14,6.4756965242124728e-14,9.4700698657280841e-14,1.1035967882363616e-13,1.0714802722504441e-13,8.4173864822656458e-14,4.0180712144969590e-14
774,5.1047340619360802e-13,2.5315545972848711e-14,6.2685718186964045e-14,9.1659340664960332e-14,1.0680418071444595e-13,1.0368635103978309e-13,8.1446952891311965e-14,3.8875316723293884e-14
775,4.9402729788793095e-13,2.4510457157579378e-14,6.0680692991164134e-14,8.8715641388748163e-14,1.0336323138737625e-13,1.0033652676737553e-13,7.8808403142404916e-14,3.7612345053282591e-14
776,4.7811103986460035e-13,2.3730951237279120e-14,5.8739773323807920e-14,8.5866465524500025e-14,1.0003314038244578e-13,9.7094939831456409e-14,7.6255351616277229e-14,3.6390417948833867e-14
777,4.6270756174340940e-13,2.2976215984183765e-14,5.6860910457031611e-14,8.3108778407784824e-14,9.6810336136571446e-14,9.3958092479314891e-14,7.3785027202059299e-14,3.5208201076463553e-14
778,4.4780034310682928e-13,2.2245464933637388e-14,5.5042121107602623e-14,8.0439642784083675e-14,9.3691362153023324e-14,9.0922600005598304e-14,7.1394748626756416e-14,3.4064403496127559e-14
779,4.3337339578166135e-13,2.1537936567739680e-14,5.3281485347375321e-14,7.7856215682621311e-14,9.0672873294290026e-14,8.7985187098102516e-14,6.9081921541999818e-14,3.2957776249532685e-14
780,4.1941124669152624e-13,2.0852893524832534e-14,5.1577144580427865e-14,7.5355745390504749e-14,8.7751632194378067e-14,8.5142684301699828e-14,6.6844035705293305e-14,3.1887110994389892e-14
781,4.0589892126180194e-13,2.0189621834008992e-14,4.9927299584753454e-14,7.2935568523951978e-14,8.4924505786697340e-14,8.2392024596586073e-14,6.4678662252689891e-14,3.0851238683114215e-14
782,3.9282192735921012e-13,1.9547430173853412e-14,4.8330208616446905e-14,7.0593107193495622e-14,8.2188461943809261e-14,7.9730240087149174e-14,6.2583451059931404e-14,2.9849028284524362e-14
783,3.8016623974882730e-13,1.8925649154646811e-14,4.6784185574393450e-14,6.8325866260147113e-14,7.9540566225433191e-14,7.7154458797883123e-14,6.0556128189181529e-14,2.8879385547142068e-14
784,3.6791828505184965e-13,1.8323630623295382e-14,4.5287598223529738e-14,6.6131430679603228e-14,7.6977978731223523e-14,7.4661901572885973e-14,5.8594493418574782e-14,2.7941251802736976e-14
785,3.5606492718797927e-13,1.7740746990263692e-14,4.3838866474809057e-14,6.4007462931670515e-14,7.4497951054942087e-14,7.2249879075592449e-14,5.6696417851894693e-14,2.7033602808806775e-14
786,3.4459345328681869e-13,1.7176390577816842e-14,4.2436460720061853e-14,6.1951700532173872e-14,7.2097823336759026e-14,6.9915788885500488e-14,5.4859841605781476e-14,2.6155447628725144e-14
787,3.3349156005316236e-13,1.6629972988897621e-14,4.1078900220000694e-14,5.9961953624702939e-14,6.9775021410520767e-14,6.7657112688755354e-14,5.3082771571953798e-14,2.5305827548331222e-14
788,3.2274734057156354e-13,1.6100924495986219e-14,3.9764751543674261e-14,5.8036102649635241e-14,6.7527054042925649e-14,6.5471413559556725e-14,5.1363279252011049e-14,2.4483815027774355e-14
789,3.1234927153602201e-13,1.5588693449310441e-14,3.8492627057729405e-14,5.6172096087956631e-14,6.5351510261645763e-14,6.3356333329452187e-14,4.9699498662461143e-14,2.3688512687466380e-14
790,3.0228620089109894e-13,1.5092745703794572e-14,3.7261183463892197e-14,5.4367948277479693e-14,6.3246056769529950e-14,6.1309590041675500e-14,4.8089624307695863e-14,2.2919052327031198e-14
791,2.9254733587120189e-13,1.4612564064154103e-14,3.6069120383130031e-14,5.2621737299137195e-14,6.1208435442114137e-14,5.9328975487779809e-14,4.6531909218709119e-14,2.2174593976177462e-14
792,2.8312223142521177e-13,1.4147647747562484e-14,3.4915178985005308e-14,5.0931602931102674e-14,5.9236460905755502e-14,5.7412352823905235e-14,4.5024663055425298e-14,2.1454324976455288e-14
793,2.7400077901403951e-13,1.3697511863334027e-14,3.3798140660779327e-14,4.9295744668561837e-14,5.7328018193792615e-14,5.5557654264105865e-14,4.3566250270574283e-14,2.0757459092891582e-14
794,2.6517319576909435e-13,1.3261686909084791e-14,3.2716825738870445e-14,4.7712419807028769e-14,5.5481060478218000e-14,5.3762878848244690e-14,4.2155088333116234e-14,2.0083235654531448e-14
795,2.5663001400003862e-13,1.2839718282850130e-14,3.1670092241315418e-14,4.6179941587168032e-14,5.3693606874430216e-14,5.2026090282045665e-14,4.0789646009284353e-14,1.9430918722944796e-14
796,2.4836207104057464e-13,1.2431165810654174e-14,3.0656834679925684e-14,4.4696677399149539e-14,5.1963740316711039e-14,5.0345414846969876e-14,3.9468441699376523e-14,1.8799796287787785e-14
797,2.4036049942137382e-13,1.2035603289042420e-14,2.9675982890872286e-14,4.3261047044626055e-14,5.0289605502149152e-14,4.8719039377658142e-14,3.8190041828487160e-14,1.8189179488538569e-14
798,2.3261671735960804e-13,1.1652618042104020e-14,2.8726500906473320e-14,4.1871521054484616e-14,4.8669406900805306e-14,4.7145209304755841e-14,3.6953059289429596e-14,1.7598401861555321e-14
799,2.2512241955488312e-13,1.1281810492525377e-14,2.7807385862996905e-14,4.0526619060582537e-14,4.7101406829984510e-14,4.5622226761005673e-14,3.5756151936155779e-14,1.7026818611632372e-14
800,2.1786956828170345e-13,1.0922793746231093e-14,2.6917666943330723e-14,3.9224908219735787e-14,4.5583923590550311e-14,4.4148448748563254e-14,3.4598021126035286e-14,1.6473805907257004e-14
801,2.1085038476891334e-13,1.0575193190182367e-14,2.6056404353405532e-14,3.7965001688283360e-14,4.4115329663282012e-14,4.2722285365555776e-14,3.3477410309408658e-14,1.5938760198795626e-14
802,2.0405734085687053e-13,1.0238646102916507e-14,2.5222688331295738e-14,3.6745557145604923e-14,4.2694049963340481e-14,4.1342198089968645e-14,3.2393103664881422e-14,1.5421097558862841e-14
803,1.9748315092340370e-13,9.9128012774244049e-15,2.4415638187954354e-14,3.5565275365021048e-14,4.1318560150970548e-14,4.0006698119006439e-14,3.1343924778875279e-14,1.4920253044151626e-14
804,1.9112076406989372e-13,9.5973186559755580e-15,2.3634401378572965e-14,3.4422898830555854e-14,3.9987384996628092e-14,3.8714344762134872e-14,3.0328735368000447e-14,1.4435680078025937e-14
805,1.8496335655909955e-13,9.2918689765125172e-15,2.2878152603589523e-14,3.3317210398090408e-14,3.8699096798778414e-14,3.7463743886067994e-14,2.9346434042860530e-14,1.3966849853200131e-14
806,1.7900432449661672e-13,8.9961334302486599e-15,2.2146092938397860e-14,3.2247031999482690e-14,3.7452313852668974e-14,3.6253546410021527e-14,2.8395955111945626e-14,1.3513250753851388e-14
807,1.7323727674812073e-13,8.7098033301147168e-15,2.1437448990843155e-14,3.1211223388275546e-14,3.6245698968434250e-14,3.5082446849606996e-14,2.7476267424313390e-14,1.3074387796532696e-14
808,1.6765602808479750e-13,8.4325797897106895e-15,2.0751472085616592e-14,3.0208680925658066e-14,3.5077958036943393e-14,3.3949181907794181e-14,2.6586373249800028e-14,1.2649782089274538e-14
809,1.6225459254961027e-13,8.1641734124306773e-15,2.0087437474690878e-14,2.9238336405389062e-14,3.3947838641852385e-14,3.2852529111420329e-14,2.5725307195543631e-14,1.2238970308283312e-14
810,1.5702717703728814e-13,7.9043039904385967e-15,1.9444643572965652e-14,2.8299155916432235e-14,3.2854128716372346e-14,3.1791305491773353e-14,2.4892135157642129e-14,1.1841504191663823e-14
811,1.5196817508115000e-13,7.6527002131830197e-15,1.8822411218318180e-14,2.7390138742093218e-14,3.1795655243313134e-14,3.0764366307824357e-14,2.4085953306806265e-14,1.1456950049611818e-14
812,1.4707216084010098e-13,7.4090993851491378e-15,1.8220082955280609e-14,2.6510316294487095e-14,3.0771282997008160e-14,2.9770603810730648e-14,2.3305887106904807e-14,1.1084888290540553e-14
813,1.4233388327935205e-13,7.1732471525554834e-15,1.7637022341589704e-14,2.5658751083202831e-14,2.9779913325771070e-14,2.8808946048274885e-14,2.2551090365335207e-14,1.0724912962622871e-14
814,1.3774826053862105e-13,6.9448972387122305e-15,1.7072613276879121e-14,2.4834535717067363e-14,2.8820482973578441e-14,2.7878355707949414e-14,2.1820744314187377e-14,1.0376631310247115e-14
815,1.3331037448177607e-13,6.7238111877668654e-15,1.6526259352807603e-14,2.4036791937947110e-14,2.7891962939714765e-14,2.6977828997436321e-14,2.1114056721201864e-14,1.0039663344901533e-14
816,1.2901546542207448e-13,6.5097581165717011e-15,1.5997383223938917e-14,2.3264669685559114e-14,2.6993357375156714e-14,2.6106394561274377e-14,2.0430261029555982e-14,9.7136414300176779e-15
817,1.2485892701734116e-13,6.3025144744160898e-15,1.5485425998711215e-14,2.2517346192296580e-14,2.6123702514512900e-14,2.5263112432542944e-14,1.9768615525542919e-14,9.3982098793185079e-15
818,1.2083630132961042e-13,6.1018638103743265e-15,1.4989846649854687e-14,2.1794025107105825e-14,2.5282065642373829e-14,2.4447073018430822e-14,1.9128402533239128e-14,9.0930245682317923e-15
819,1.1694327404393338e-13,5.9075965480281166e-15,1.4510121443636787e-14,2.1093935647482396e-14,2.4467544092963240e-14,2.3657396118594602e-14,1.8508927635284659e-14,8.7977525579435912e-15
820,1.1317566984122286e-13,5.7195097673300850e-15,1.4045743387334002e-14,2.0416331778684032e-14,2.3679264282018136e-14,2.2893229975246539e-14,1.7909518918929491e-14,8.5120717316805711e-15
821,1.0952944792017265e-13,5.5374069933822277e-15,1.3596221694348555e-14,1.9760491419287109e-14,2.2916380769858994e-14,2.2153750353946161e-14,1.7329526246526420e-14,8.2356704428231879e-15
822,1.0600069766344925e-13,5.3610979919103149e-15,1.3161081266406723e-14,1.9125715672241283e-14,2.2178075354645467e-14,2.1438159654103115e-14,1.6768320549677572e-14,7.9682471744647679e-15
823,1.0258563444350700e-13,5.1903985712222109e-15,1.2739862192293606e-14,1.8511328080604039e-14,2.1463556194844947e-14,2.0745686048230637e-14,1.6225293146267502e-14,7.7095102100440761e-15
824,9.9280595563529346e-14,5.0251303904447767e-15,1.2332119262596474e-14,1.7916673907163267e-14,2.0772056959972903e-14,2.0075582649020421e-14,1.5699855079640481e-14,7.4591773146910201e-15
825,9.6082036329141615e-14,4.8651207738405034e-15,1.1937421499945723e-14,1.7341119437181200e-14,2.0102836008694119e-14,1.9427126703339250e-14,1.5191436479203865e-14,7.2169754269369430e-15
826,9.2986526246683467e-14,4.7102025310113396e-15,1.1555351704258723e-14,1.6784051303517826e-14,1.9455175593403347e-14,1.8799618812277356e-14,1.4699485941762666e-14,6.9826403604522178e-15
827,8.9990745343962693e-14,4.5602137828032394e-15,1.1185506012507638e-14,1.6244875833415613e-14,1.8828381090432264e-14,1.8192382176406126e-14,1.4223469932912900e-14,6.7559165154849145e-15
828,8.7091480609544601e-14,4.4149977927308698e-15,1.0827493472547624e-14,1.5723018416250384e-14,1.8221780255057176e-14,1.7604761865430373e-14,1.3762872207843279e-14,6.5365565996848916e-15
829,8.4285622546758249e-14,4.2744028037476443e-15,1.0480935630556507e-14,1.5217922891575548e-14,1.7634722500508334e-14,1.7036124111446520e-14,1.3317193250915769e-14,6.3243213580079266e-15
830,8.1570161838723505e-14,4.1382818801917487e-15,1.0145466131651465e-14,1.4729050956808478e-14,1.7066578200207755e-14,1.6485855625043613e-14,1.2885949733415971e-14,6.1189793114044753e-15
831,7.8942186120822050e-14,4.0064927547442028e-15,9.8207303332620366e-15,1.4255881593928646e-14,1.6516738012487042e-14,1.5953362933508749e-14,1.2468673988884147e-14,5.9203065040072201e-15
832,7.6398876857150923e-14,3.8788976802401936e-15,9.5063849308522234e-15,1.3797910514577458e-14,1.5984612227061051e-14,1.5438071740422408e-14,1.2064913505456661e-14,5.7280862585409231e-15
833,7.3937506317608545e-14,3.7553632861799314e-15,9.2020975955974499e-15,1.3354649622969227e-14,1.5469630132556425e-14,1.4939426305952173e-14,1.1674230434666292e-14,5.5421089396870556e-15
834,7.1555434652371057e-14,3.6357604397901272e-15,8.9075466236347018e-15,1.2925626496041687e-14,1.4971239404416718e-14,1.4456888847175852e-14,1.1296201116167561e-14,5.3621717251444008e-15
835,6.9250107060621116e-14,3.5199641114919578e-15,8.6224205965163809e-15,1.2510383880292805e-14,1.4488905512527602e-14,1.3989938957786435e-14,1.0930415617870695e-14,5.1880783841352467e-15
836,6.7019051050493234e-14,3.4078532446358647e-15,8.3464180525101680e-15,1.2108479204768406e-14,1.4022111147926804e-14,1.3538073046552466e-14,1.0576477290984583e-14,5.0196390631149386e-15
837,6.4859873787295949e-14,3.2993106293680347e-15,8.0792471683986205e-15,1.1719484109682278e-14,1.3570355667983971e-14,1.3100803793927490e-14,1.0234002339485107e-14,4.8566700784504438e-15
838,6.2770259527167676e-14,3.1942227804976256e-15,7.8206254514432615e-15,1.1342983990167047e-14,1.3133154559455358e-14,1.2677659626221941e-14,9.9026194035412464e-15,4.6989937158412006e-15
839,6.0747967133413242e-14,3.0924798192379842e-15,7.5702794411886553e-15,1.0978577554670309e-14,1.2710038918837480e-14,1.2268184206769756e-14,9.5819691564461429e-15,4.5464380362629096e-15
840,5.8790827672857461e-14,2.9939753586990854e-15,7.3279444207922448e-15,1.0625876397525923e-14,1.2300554949462408e-14,1.1871935943540398e-14,9.2717039146153542e-15,4.3988366882220559e-15
841,5.6896742089638071e-14,2.8986063930123382e-15,7.0933641375758602e-15,1.0284504585245573e-14,1.1904263474795332e-14,1.1488487512664645e-14,8.9714872602284422e-15,4.2560287261158864e-15
842,5.5063678953942679e-14,2.8062731899726363e-15,6.8662905325044090e-15,9.9540982560903029e-15,1.1520739467412376e-14,1.1117425397359809e-14,8.6809936761039659e-15,4.1178584344991866e-15
843,5.3289672283275674e-14,2.7168791870861981e-15,6.6464834783067070e-15,9.6343052324957526e-15,1.1149571593153535e-14,1.0758349441756562e-14,8.3999081924111849e-15,3.9841751580657360e-15
844,5.1572819433918039e-14,2.6303308909162542e-15,6.4337105259625208e-15,9.3247846459386380e-15,1.0790361769961770e-14,1.0410872419145716e-14,8.1279260448346290e-15,3.8548331371585181e-15
845,4.9911279060318926e-14,2.5465377796220754e-15,6.2277466592886558e-15,9.0252065738451246e-15,1.0442724740935181e-14,1.0074619614178858e-14,7.8647523438201806e-15,3.7296913486288515e-15
846,4.8303269140230058e-14,2.4654122085901099e-15,6.0283740573654860e-15,8.7352516881546735e-15,1.0106287661134289e-14,9.7492284185717606e-15,7.6101017545433158e-15,3.6086133518704289e-15
847,4.6747065063465293e-14,2.3868693190592512e-15,5.8353818645535405e-15,8.4546109151652413e-15,9.7806896977012949e-15,9.4343479398741723e-15,7.3636981872518686e-15,3.4914671398599275e-15
848,4.5240997782235182e-14,2.3108269496453111e-15,5.6485659678578002e-15,8.1829851062977813e-15,9.4655816428624733e-15,9.1296386228835833e-15,7.1252744976468807e-15,3.3781249950413509e-15
849,4.3783452021072956e-14,2.2372055506728103e-15,5.4677287814050532e-15,7.9200847194296045e-15,9.1606255393985787e-15,8.8347718832943189e-15,6.8945721969760760e-15,3.2684633498965169e-15
850,4.2372864544431952e-14,2.1659281012251046e-15,5.2926790378071521e-15,7.6656295104573484e-15,8.8654943181816216e-15,8.5494297531864338e-15,6.6713411715250155e-15,3.1623626520492795e-15
851,4.1007722480096462e-14,2.0969200288266611e-15,5.1232315861902893e-15,7.4193482347612777e-15,8.5798714473892483e-15,8.2733045379717602e-15,6.4553394112012267e-15,3.0597072337560009e-15
852,3.9686561696607920e-14,2.0301091316740566e-15,4.9592071966774055e-15,7.1809783582531098e-15,8.3034505930205251e-15,8.0060984844267426e-15,6.2463327469164715e-15,2.9603851856396085e-15
853,3.8407965232966085e-14,1.9654255033348922e-15,4.8004323711176362e-15,6.9502657776997558e-15,8.0359352903489868e-15,7.7475234594537433e-15,6.0440945964818743e-15,2.8642882345291981e-15
854,3.7170561778921183e-14,1.9028014598363877e-15,4.6467391598633074e-15,6.7269645500252963e-15,7.7770386259606213e-15,7.4973006392240035e-15,5.8484057187399082e-15,2.7713116252716531e-15
855,3.5973024204226946e-14,1.8421714690678901e-15,4.4979649844013265e-15,6.5108366303029909e-15,7.5264829300357427e-15,7.2551602083667669e-15,5.6590539756661524e-15,2.6813540063860761e-15
856,3.4814068135277338e-14,1.7834720824239323e-15,4.3539524656520030e-15,6.3016516181584143e-15,7.2839994785447356e-15,7.0208410688797794e-15,5.4758341021824315e-15,2.5943173194360461e-15
857,3.3692450577600225e-14,1.7266418686168074e-15,4.2145492577542881e-15,6.0991865123137624e-15,7.0493282050382614e-15,6.7940905584470159e-15,5.2985474834313096e-15,2.5101066919987837e-15
858,3.2606968582730689e-14,1.6716213495898650e-15,4.0796078871622177e-15,5.9032254730119990e-15,6.8222174217228362e-15,6.5746641778595398e-15,5.1270019392700121e-15,2.4286303341142213e-15
859,3.1556457958034191e-14,1.6183529384649203e-15,3.9489855968829032e-15,5.7135595920679466e-15,6.6024235495226128e-15,6.3623253272452774e-15,4.9610115157497202e-15,2.3497994381008104e-15
860,3.0539792018095801e-14,1.5667808794592741e-15,3.8225441956918807e-15,5.5299866703014975e-15,6.3897108568378567e-15,6.1568450508229972e-15,4.8003962833537423e-15,2.2735280816285533e-15
861,2.9555880376336425e-14,1.5168511897098887e-15,3.7001499121668171e-15,5.3523110021160178e-15,6.1838512067199427e-15,5.9580017899049721e-15,4.6449821417754526e-15,2.1997331339433328e-15
862,2.8603667775559904e-14,1.4685116029442365e-15,3.5816732533856876e-15,5.1803431669925856e-15,5.9846238121917040e-15,5.7655811438817241e-15,4.4946006310239288e-15,2.1283341651400394e-15
863,2.7682132956176880e-14,1.4217115149392637e-15,3.4669888681404298e-15,5.0138998276780823e-15,5.7918149994507142e-15,5.5793756389308572e-15,4.3490887486521910e-15,2.0592533583853456e-15
864,2.6790287560891454e-14,1.3764019307117565e-15,3.3559754145218511e-15,4.8528035348522862e-15,5.6052179787015377e-15,5.3991845042003462e-15,4.2082887729094829e-15,1.9924154249941946e-15
865,2.5927175074675965e-14,1.3325354133851999e-15,3.2485154317361525e-15,4.6968825380659957e-15,5.4246326223711615e-15,5.2248134552246723e-15,4.0720480916255874e-15,1.9277475222671987e-15
866,2.5091869798897016e-14,1.2900660346799593e-15,3.1444952160179080e-15,4.5459706027488843e-15,5.2498652504697370e-15,5.0560744843400746e-15,3.9402190366413073e-15,1.8651791739991487e-15
867,2.4283475858492421e-14,1.2489493269752945e-15,3.0438047005086435e-15,4.3999068330922818e-15,5.0807284228664416e-15,4.8927856578726657e-15,3.8126587236053209e-15,1.8046421935717733e-15
868,2.3501126241134309e-14,1.2091422368933559e-15,2.9463373389743421e-15,4.2585355006182760e-15,4.9170407382576522e-15,4.7347709198805476e-15,3.6892288969634294e-15,1.7460706095467060e-15
869,2.2743981867347885e-14,1.1706030803568801e-15,2.8519899932392408e-15,4.1217058782526254e-15,4.7586266396118524e-15,4.5818599022380716e-15,3.5697957799718650e-15,1.6894005936773464e-15
870,2.2011230690588459e-14,1.1332914990738442e-15,2.7606628242172094e-15,3.9892720797248057e-15,4.6053162258825732e-15,4.4338877408572855e-15,3.4542299295717851e-15,1.6345703912609551e-15
871,2.1302086826311687e-14,1.0971684184038142e-15,2.6722591864257784e-15,3.8610929041241996e-15,4.4569450697874581e-15,4.2906948978482070e-15,3.3424060959673495e-15,1.5815202537548802e-15
872,2.0615789709102829e-14,1.0621960065621502e-15,2.5866855258715669e-15,3.7370316854469193e-15,4.3133540414580073e-15,4.1521269894259882e-15,3.2342030867549156e-15,1.5301923735832836e-15
873,1.9951603276961104e-14,1.0283376351196374e-15,2.5038512811994102e-15,3.6169561469730470e-15,4.1743891377708532e-15,4.0180346193792307e-15,3.1295036354557894e-15,1.4805308210631359e-15
874,1.9308815181864224e-14,9.9555784075643650e-16,2.4236687880009082e-15,3.5007382603192604e-15,4.0399013171775438e-15,3.8882732179197199e-15,3.0281942743097941e-15,1.4324814833805637e-15
875,1.8686736025766521e-14,9.6382228823056757e-16,2.3460531861814799e-15,3.3882541090167478e-15,3.9097463398556692e-15,3.7627028857396593e-15,2.9301652111915232e-15,1.3859920055508745e-15
876,1.8084698621211122e-14,9.3309773452238804e-16,2.2709223302881975e-15,3.2793837564691447e-15,3.7837846130098957e-15,3.6411882431081039e-15,2.8353102105156364e-15,1.3410117332977568e-15
877,1.7502057275763321e-14,9.0335199411775868e-16,2.1981967027038128e-15,3.1740111181499057e-15,3.6618810411569995e-15,3.5235982838437266e-15,2.7435264780018734e-15,1.2974916577892439e-15
878,1.6938187099497571e-14,8.7455390539376600e-16,2.1277993296154095e-15,3.0720238379030060e-15,3.5439048812343178e-15,3.4098062340063247e-15,2.6547145491746812e-15,1.2553843621700675e-15
879,1.6392483334795466e-14,8.4667329807201774e-16,2.0596556996690255e-15,2.9733131682152614e-15,3.4297296023762221e-15,3.2996894151545689e-15,2.5687781814763798e-15,1.2146439698319912e-15
880,1.5864360707735824e-14,8.1968096170563735e-16,1.9936936852244384e-15,2.8777738543327676e-15,3.3192327502082305e-15,3.1931291120224130e-15,2.4856242498767326e-15,1.1752260943656046e-15
881,1.5353252800381301e-14,7.9354861516715509e-16,1.9298434661270325e-15,2.7853040220980590e-15,3.2122958155132015e-15,3.0900104444713640e-15,2.4051626458655797e-15,1.1370877911389088e-15
882,1.4858611443288263e-14,7.6824887710553820e-16,1.8680374559163266e-15,2.6958050693885468e-15,3.1088041071287565e-15,2.9902222435804313e-15,2.3273061797188731e-15,1.1001875104497930e-15
883,1.4379906127588409e-14,7.4375523734160082e-16,1.8082102303933105e-15,2.6091815610406228e-15,3.0086466289396150e-15,2.8936569317400243e-15,2.2519704859320030e-15,1.0644850522012349e-15
884,1.3916623436011538e-14,7.2004202917201878e-16,1.7502984584712167e-15,2.5253411271475381e-15,2.9117159608329107e-15,2.8002104066204092e-15,2.1790739317177456e-15,1.0299415220496999e-15
885,1.3468266492239303e-14,6.9708440255311191e-16,1.6942408352367771e-15,2.4441943646227497e-15,2.8179081434888186e-15,2.7097819288895009e-15,2.1085375284694913e-15,9.9651928897885407e-16
886,1.3034354427999311e-14,6.7485829813647289e-16,1.6399780171513186e-15,2.3656547419238981e-15,2.7271225668829151e-15,2.6222740135588268e-15,2.0402848460936409e-15,9.6418194425223763e-16
887,1.2614421867328059e-14,6.5334042212940922e-16,1.5874525593233391e-15,2.2896385068359646e-15,2.6392618623807064e-15,2.5375923248404074e-15,1.9742419301181634e-15,9.3289426170006791e-16
888,1.2208018427449557e-14,6.3250822195401637e-16,1.5366088547863600e-15,2.2160645972153856e-15,2.5542317983085861e-15,2.4556455744010913e-15,1.9103372214873234e-15,9.0262215929679348e-16
889,1.1814708235734323e-14,6.1233986267953659e-16,1.4873930757179854e-15,2.1448545546000764e-15,2.4719411788892171e-15,2.3763454229045493e-15,1.8485014789555202e-15,8.7333266198743669e-16
890,1.1434069462220689e-14,5.9281420420345766e-16,1.4397531165381356e-15,2.0759324405933604e-15,2.3923017464329523e-15,2.2996063847346822e-15,1.7886677039959839e-15,8.4499386572211661e-16
891,1.1065693867197044e-14,5.7391077915758574e-16,1.3936385388264029e-15,2.0092247559327447e-15,2.3152280866803924e-15,2.2253457357976269e-15,1.7307710681428133e-15,8.1757490265948026e-16
892,1.0709186363359783e-14,5.5560977151607846e-16,1.3490005180004038e-15,1.9446603621573542e-15,2.2406375371945492e-15,2.1534834243028740e-15,1.6747488426874910e-15,7.9104590750103198e-16
893,1.0364164592077352e-14,5.3789199588315748e-16,1.3057917916988476e-15,1.8821704057905947e-15,2.1684500987043827e-15,2.0839419844272205e-15,1.6205403306535520e-15,7.6537798491959653e-16
894,1.0030258513305990e-14,5.2073887743892260e-16,1.2639666098148497e-15,1.8216882449573007e-15,2.0985883493046053e-15,2.0166464527683985e-15,1.5680868009755683e-15,7.4054317804634575e-16
895,9.7071100087172807e-15,5.0413243252237636e-16,1.2234806861267462e-15,1.7631493783572007e-15,2.0309773614197526e-15,1.9515242874982241e-15,1.5173314248110083e-15,7.1651443798197170e-16
896,9.3943724976118782e-15,4.8805524983142975e-16,1.1842911514753651e-15,1.7064913765190637e-15,1.9655446214434426e-15,1.8885052901280334e-15,1.4682192139158300e-15,6.9326559429871304e-16
897,9.0917105652075062e-15,4.7249047222030091e-16,1.1463565084383250e-15,1.6516538152622949e-15,1.9022199519666559e-15,1.8275215298019851e-15,1.4206969610169247e-15,6.7077132650102058e-16
898,8.7987996029025263e-15,4.5742177907534105e-16,1.1096365874535235e-15,1.5985782112951202e-15,1.8409354365116073e-15,1.7685072700365382e-15,1.3747131821166963e-15,6.4900713641369908e-16
899,8.5153254601292599e-15,4.4283336925092295e-16,1.0740925043455001e-15,1.5472079598807612e-15,1.7816253466905015e-15,1.7113988978270633e-15,1.3302180606671384e-15,6.2794932146737171e-16
900,8.2409841074236869e-15,4.2870994454760763e-16,1.0396866192098333e-15,1.4974882745052005e-15,1.7242260717110357e-15,1.6561348550450805e-15,1.2871633935528327e-15,6.0757494885209687e-16
901,7.9754813103501617e-15,4.1503669371537506e-16,1.0063824966121778e-15,1.4493661284822892e-15,1.6686760501530529e-15,1.6026555720521164e-15,1.2455025388242314e-15,5.8786183051091821e-16
902,7.7185323139313830e-15,4.0179927696524241e-16,9.7414486705991777e-16,1.4027901984339831e-15,1.6149157039431701e-15,1.5509034034585346e-15,1.2051903651244989e-15,5.6878849894603745e-16
903,7.4698615372452456e-15,3.8898381097313000e-16,9.4293958970576550e-16,1.3577108095855159e-15,1.5628873744565704e-15,1.5008225659580394e-15,1.1661832027550255e-15,5.5033418381119909e-16
904,7.2292022778609212e-15,3.7657685436034175e-16,9.1273361624392960e-16,1.3140798828172296e-15,1.5125352606774256e-15,1.4523590781707672e-15,1.1284387963265004e-15,5.3247878926472755e-16
905,6.9962964257972879e-15,3.6456539363552688e-16,8.8349495596073839e-16,1.2718508834166725e-15,1.4638053593516317e-15,1.4054607024300667e-15,1.0919162589441634e-15,5.1520287205848791e-16
906,6.7708941866968168e-15,3.5293682958346680e-16,8.5519264190281496e-16,1.2309787714763658e-15,1.4166454070676594e-15,1.3600768884501510e-15,1.0565760278775061e-15,4.9848762033885271e-16
907,6.5527538139181001e-15,3.4167896408649676e-16,8.2779669812708788e-16,1.1914199538844084e-15,1.3710048242034105e-15,1.3161587188138511e-15,1.0223798216663197e-15,4.8231483313652591e-16
908,6.3416413492596335e-15,3.3077998736482407e-16,8.0127810799805623e-16,1.1531322378567766e-15,1.3268346606789600e-15,1.2736588562216466e-15,9.8929059861653424e-16,4.6666690052283503e-16
909,6.1373303720368016e-15,3.2022846562243794e-16,7.7560878349883518e-16,1.1160747859618216e-15,1.2840875434569979e-15,1.2325314924450703e-15,9.5727251664081176e-16,4.5152678441082646e-16
910,5.9396017562429413e-15,3.1001332908572882e-16,7.5076153552357765e-16,1.0802080725890488e-15,1.2427176257346727e-15,1.1927322989293978e-15,9.2629089440031065e-16,4.3687799998020484e-16
911,5.7482434355340406e-15,3.0012386042234644e-16,7.2671004511990205e-16,1.0454938418158163e-15,1.2026805377723376e-15,1.1542183789923453e-15,8.9631217370545437e-16,4.2270459770583911e-16
912,5.5630501757850005e-15,2.9054968352821690e-16,7.0342883565096022e-16,1.0118950666270584e-15,1.1639333393064648e-15,1.1169482215671839e-15,8.6730388313490080e-16,4.0899114597021594e-16
913,5.3838233549735441e-15,2.8128075267102625e-16,6.8089324584774653e-16,9.7937590944460198e-16,1.1264344734956916e-15,1.0808816564403819e-15,8.3923460283323535e-16,3.9572271424086081e-16
914,5.2103707501556811e-15,2.7230734197884798e-16,6.5907940372319161e-16,9.4790168392401717e-16,1.0901437223506021e-15,1.0459798109354685e-15,8.1207393044919020e-16,3.8288485679436366e-16
915,5.0425063313042662e-15,2.6362003526295034e-16,6.3796420132049453e-16,9.1743881797831318e-16,1.0550221635994452e-15,1.0122050679963963e-15,7.8579244817742557e-16,3.7046359696924122e-16
916,4.8800500617895350e-15,2.5520971616416825e-16,6.1752527026902017e-16,8.8795481798908231e-16,1.0210321289435255e-15,9.7952102562517700e-16,7.6036169086811213e-16,3.5844541193044916e-16
917,4.7228277052876217e-15,2.4706755861256124e-16,5.9774095812195120e-16,8.5941823416696465e-16,9.8813716365749347e-16,9.4789245763002800e-16,7.3575411516971142e-16,3.4681721792891279e-16
918,4.5706706389099990e-15,2.3918501759040485e-16,5.7859030545070004e-16,8.3179862702453448e-16,9.5630198749121112e-16,9.1728527564168709e-16,7.1194306967147220e-16,3.3556635603998887e-16
919,4.4234156723533618e-15,2.3155382018887942e-16,5.6005302367189010e-16,8.0506653492588644e-16,9.2549245683125394e-16,8.8766649235691703e-16,6.8890276601324480e-16,3.2468057836529046e-16
920,4.2809048728760604e-15,2.2416595694912516e-16,5.4210947358348541e-16,7.7919344267834894e-16,8.9567552808147076e-16,8.5900418596954298e-16,6.6660825093126974e-16,3.1414803468281712e-16
921,4.1429853959133021e-15,2.1701367347862936e-16,5.2474064458739913e-16,7.5415175113286670e-16,8.6681922222332478e-16,8.3126746575065554e-16,6.4503537920960759e-16,3.0395725953081833e-16
922,4.0095093211495029e-15,2.1008946233419781e-16,5.0792813457663314e-16,7.2991474776066113e-16,8.3889259051800782e-16,8.0442643874084545e-16,6.2416078750786349e-16,2.9409715971129452e-16
923,3.8803334938719572e-15,2.0338605516304084e-16,4.9165413046570439e-16,7.0645657817482305e-16,8.1186568131354186e-16,7.7845217751853632e-16,6.0396186903681278e-16,2.8455700219949767e-16
924,3.7553193714356533e-15,1.9689641509377227e-16,4.7590138934378965e-16,6.8375221856649331e-16,7.8570950792126759e-16,7.5331668900964803e-16,5.8441674905444690e-16,2.7532640244623581e-16
925,3.6343328746746181e-15,1.9061372936938109e-16,4.6065322023068276e-16,6.6177744902626880e-16,7.6039601752726966e-16,7.2899288430494029e-16,5.6550426115585935e-16,2.6639531306021618e-16
926,3.5172442441003700e-15,1.8453140221448679e-16,4.4589346641628794e-16,6.4050882772240281e-16,7.3589806110539089e-16,7.0545454945247977e-16,5.4720392433124591e-16,2.5775401285807571e-16
927,3.4039279007332979e-15,1.7864304792943389e-16,4.3160648836499591e-16,6.1992366590829401e-16,7.1218936429957371e-16,6.8267631719371998e-16,5.2949592076713003e-16,2.4939309627015015e-16
928,3.2942623114176741e-15,1.7294248420401721e-16,4.1777714716687763e-16,6.0000000373263045e-16,6.8924449924429256e-16,6.6063363961270724e-16,5.1236107436672890e-16,2.4130346309042025e-16
929,3.1881298584758711e-15,1.6742372564385904e-16,4.0439078851821685e-16,5.8071658682641763e-16,6.6703885729285932e-16,6.3930276166890688e-16,4.9578082996616101e-16,2.3347630855945013e-16
930,3.0854167135619690e-15,1.6208097750267984e-16,3.9143322721445320e-16,5.6205284364194283e-16,6.4554862262435096e-16,6.1866069558510065e-16,4.7973723322394444e-16,2.2590311376949715e-16
931,2.9860127155794752e-15,1.5690862961391961e-16,3.7889073213915357e-16,5.4398886351953103e-16,6.2475074670085167e-16,5.9868519606272467e-16,4.6421291116197187e-16,2.1857563638132255e-16
932,2.8898112525322041e-15,1.5190125051537403e-16,3.6675001173315166e-16,5.2650537545872133e-16,6.0462292354761588e-16,5.7935473629791558e-16,4.4919105333685177e-16,2.1148590164257390e-16
933,2.7967091471816199e-15,1.4705358176071197e-16,3.5499819992850108e-16,5.0958372757124480e-16,5.8514356582963942e-16,5.6064848477239117e-16,4.3465539362119103e-16,2.0462619369794029e-16
934,2.7066065463879908e-15,1.4236053241193375e-16,3.4362284253238119e-16,4.9320586719390938e-16,5.6629178169898004e-16,5.4254628279413319e-16,4.2059019257505623e-16,1.9798904718159726e-16
935,2.6194068140166856e-15,1.3781717370702020e-16,3.3261188404656659e-16,4.7735432164020134e-16,5.4804735238799653e-16,5.2502862276364148e-16,4.0698022038848961e-16,1.9156723908276954e-16
936,2.5350164272947409e-15,1.3341873389720370e-16,3.2195365490853391e-16,4.6201217957009308e-16,5.3039071052447486e-16,5.0807662714232088e-16,3.9381074037657828e-16,1.8535378087553602e-16
937,2.4533448765065540e-15,1.2916059324846992e-16,3.1163685914072177e-16,4.4716307295820452e-16,5.1330291914538354e-16,4.9167202810031209e-16,3.8106749300917210e-16,1.7934191090429021e-16
938,2.3743045679211116e-15,1.2503827920207020e-16,3.0165056239489383e-16,4.3279115964110484e-16,4.9676565138675050e-16,4.7579714782181441e-16,3.6873668045792873e-16,1.7352508701654926e-16
939,2.2978107298466466e-15,1.2104746168898998e-16,2.9198418037897001e-16,4.1888110642515548e-16,4.8076117082787849e-16,4.6043487944665695e-16,3.5680495164392198e-16,1.6789697943507396e-16
940,2.2237813217119715e-15,1.1718394859347941e-16,2.8262746765409420e-16,4.0541807273689536e-16,4.6527231246881923e-16,4.4556866862756228e-16,3.4525938776959753e-16,1.6245146386152320e-16
941,2.1521369460769632e-15,1.1344368136090768e-16,2.7357050679010120e-16,3.9238769479854447e-16,4.5028246432070067e-16,4.3118249568320756e-16,3.3408748831938137e-16,1.5718261480412031e-16
942,2.0828007634778512e-15,1.0982273074535320e-16,2.6480369786791951e-16,3.7977607031176379e-16,4.3577554958916865e-16,4.1726085832783679e-16,3.2327715751375751e-16,1.5208469912205174e-16
943,2.0156984100159511e-15,1.0631729269248728e-16,2.5631774831781585e-16,3.6756974363334879e-16,4.2173600943182841e-16,4.0378875495879200e-16,3.1281669120212258e-16,1.4715216977955604e-16
944,1.9507579176014832e-15,1.0292368435345027e-16,2.4810366308274226e-16,3.5575569142705971e-16,4.0814878627119754e-16,3.9075166848394195e-16,3.0269476418020172e-16,1.4237965980288996e-16
945,1.8879096367669222e-15,9.9638340225555640e-17,2.4015273509638733e-16,3.4432130877629777e-16,3.9499930764527104e-16,3.7813555067156131e-16,2.9290041791826935e-16,1.3776197643357965e-16
946,1.8270861619670923e-15,9.6457808415789580e-17,2.3245653606586825e-16,3.3325439574282736e-16,3.8227347057837838e-16,3.6592680700578258e-16,2.8342304868686660e-16,1.3329409547157952e-16
947,1.7682222592859051e-15,9.3378747023202514e-17,2.2500690754932052e-16,3.2254314435722153e-16,3.6995762645557092e-16,3.5411228203128551e-16,2.7425239606713635e-16,1.2897115580216790e-16
948,1.7112547964721898e-15,9.0397920636411629e-17,2.1779595231895410e-16,3.1217612602716394e-16,3.5803856638431635e-16,3.4267924517141851e-16,2.6537853183331506e-16,1.2478845410061037e-16
949,1.6561226752295860e-15,8.7512196942555314e-17,2.1081602600044634e-16,3.0214227935019047e-16,3.4650350702780105e-16,3.3161537700445434e-16,2.5679184919532400e-16,1.2074143970881441e-16
950,1.6027667656878784e-15,8.4718543444154932e-17,2.0405972897983340e-16,2.9243089831788082e-16,3.3534007689464577e-16,3.2090875598318106e-16,2.4848305238979464e-16,1.1682570967838794e-16
951,1.5511298429854936e-15,8.2014024280453286e-17,1.9751989856934533e-16,2.8303162089892898e-16,3.2453630307033082e-16,3.1054784558350240e-16,2.4044314660823810e-16,1.1303700397469463e-16
952,1.5011565258951376e-15,7.9395797149907584e-17,1.9118960142390271e-16,2.7393441798892503e-16,3.1408059837609961e-16,3.0052148186818910e-16,2.3266342825143758e-16,1.0937120083667587e-16
953,1.4527932174267591e-15,7.6861110330619965e-17,1.8506212620025739e-16,2.6512958271507204e-16,3.0396174894156885e-16,2.9081886145236794e-16,2.2513547549949467e-16,1.0582431228737822e-16
954,1.4059880473441248e-15,7.4407299795591697e-17,1.7913097645101745e-16,2.5660772008443776e-16,2.9416890217771586e-16,2.8142952985776848e-16,2.1785113918730314e-16,1.0239247979029038e-16
955,1.3606908165333605e-15,7.2031786419785184e-17,1.7338986374604270e-16,2.4835973696471010e-16,2.8469155513734543e-16,2.7234337024316893e-16,2.1080253397555565e-16,9.9071970046752547e-17
956,1.3168529431637917e-15,6.9732073276074404e-17,1.6783270101393921e-16,2.4037683238677657e-16,2.7551954325055054e-16,2.6355059249888672e-16,2.0398202980770948e-16,9.5859170929854787e-17
957,1.2744274105833393e-15,6.7505743017256812e-17,1.6245359609661221e-16,2.3265048815879264e-16,2.6664302942308849e-16,2.5504172269355184e-16,1.9738224364364726e-16,9.2750587550390422e-17
958,1.2333687168925897e-15,6.5350455341389722e-17,1.5724684551006279e-16,2.2517245978173512e-16,2.5805249348597690e-16,2.4680759286178241e-16,1.9099603146106848e-16,8.9742838450574222e-17
959,1.1936328261434518e-15,6.3263944537801240e-17,1.5220692840483152e-16,2.1793476765675872e-16,2.4973872198499731e-16,2.3883933112174894e-16,1.8481648051593942e-16,8.6832651921374656e-17
960,1.1551771211100710e-15,6.1244017111209646e-17,1.4732850071970287e-16,2.1092968857498274e-16,2.4169279829915325e-16,2.3112835211196935e-16,1.7883690185360854e-16,8.4016862439444528e-17
961,1.1179603575813342e-15,5.9288549481467158e-17,1.4260638952248842e-16,2.0414974748063888e-16,2.3390609307748607e-16,2.2366634773702145e-16,1.7305082306246746e-16,8.1292407219764592e-17
962,1.0819426201259518e-15,5.7395485756522716e-17,1.3803558753190479e-16,1.9758770949879968e-16,2.2637025498399068e-16,2.1644527821219271e-16,1.6745198126230009e-16,7.8656322880241041e-17
963,1.0470852792826743e-15,5.5562835576274815e-17,1.3361124781475391e-16,1.9123657221919044e-16,2.1907720174070687e-16,2.0945736339741037e-16,1.6203431631971761e-16,7.6105742214620269e-17
964,1.0133509501297237e-15,5.3788672025059519e-17,1.2932867865279672e-16,1.8508955822786036e-16,2.1201911145937725e-16,2.0269507441110544e-16,1.5679196428332265e-16,7.3637891070201784e-17
965,9.8070345218901162e-16,5.2071129610590432e-17,1.2518333857389357e-16,1.7914010787875179e-16,2.0518841425237747e-16,1.9615112551496757e-16,1.5171925103148542e-16,7.1250085326945223e-17
966,9.4910777062213531e-16,5.0408402307236982e-17,1.2117083154215548e-16,1.7338187229746300e-16,1.9857778411391957e-16,1.8981846626083897e-16,1.4681068612584368e-16,6.8939727974677715e-17
967,9.1853001867654004e-16,4.8798741661594067e-17,1.1728690230201989e-16,1.6780870660974729e-16,1.9218013106282167e-16,1.8369027389127925e-16,1.4206095686386314e-16,6.6704306285214645e-17
968,8.8893740134156257e-16,4.7240454958361798e-17,1.1352743187132700e-16,1.6241466338753011e-16,1.8598859353841700e-16,1.7775994598560564e-16,1.3746492252400996e-16,6.4541389076310963e-17
969,8.6029818017538550e-16,4.5731903444616445e-17,1.0988843317862987e-16,1.5719398630545807e-16,1.7999653104144682e-16,1.7202109334347861e-16,1.3301760879729574e-16,6.2448624064459898e-17
970,8.3258163926517174e-16,4.4271500610615334e-17,1.0636604684012407e-16,1.5214110400121800e-16,1.7419751701204395e-16,1.6646753309835888e-16,1.2871420239915841e-16,6.0423735303653094e-17
971,8.0575805228387485e-16,4.2857710525336756e-17,1.0295653707173077e-16,1.4725062413308157e-16,1.6858533193716951e-16,1.6109328205340942e-16,1.2455004585583699e-16,5.8464520707309875e-17
972,7.7979865060839183e-16,4.1489046225013801e-17,9.9656287732008655e-17,1.4251732762834038e-16,1.6315395668010933e-16,1.5589255023265691e-16,1.2052063245958852e-16,5.6568849650674097e-17
973,7.5467559246486450e-16,4.0164068152975932e-17,9.6461798491709920e-17,1.3793616311650148e-16,1.5789756602487673e-16,1.5085973464045788e-16,1.1662160138727754e-16,5.4734660651064892e-17
974,7.3036193306804005e-16,3.8881382649165980e-17,9.3369681125928336e-17,1.3350224154130754e-16,1.5281052242859775e-16,1.4598941322254119e-16,1.1284873297704673e-16,5.2959959123452493e-17
975,7.0683159572266029e-16,3.7639640487751918e-17,9.0376655924917261e-17,1.2921083094583967e-16,1.4788736997517758e-16,1.4127633902211389e-16,1.0919794415794764e-16,5.1242815208912351e-17
976,6.8405934385588923e-16,3.6437535461303215e-17,8.7479548219781072e-17,1.2505735142514242e-16,1.4312282852376443e-16,1.3671543452472998e-16,1.0566528402757757e-16,4.9581361673590509e-17
977,6.6202075395078159e-16,3.5273803010050169e-17,8.4675285019364872e-17,1.2103737024099091e-16,1.3851178804573425e-16,1.3230178618582343e-16,1.0224692957292806e-16,4.7973791875889947e-17
978,6.4069218935176476e-16,3.4147218894791628e-17,8.1960891754784369e-17,1.1714659709359219e-16,1.3404930314412286e-16,1.2803063913500516e-16,9.8939181529806570e-17,4.6418357799662051e-17
979,6.2005077491403768e-16,3.3056597912062237e-17,7.9333489128152579e-17,1.1338087954517985e-16,1.2973058774962757e-16,1.2389739205141319e-16,9.5738460376342917e-17,4.4913368151259401e-17
980,6.0007437246970035e-16,3.2000792650214420e-17,7.6790290062169175e-17,1.0973619859062367e-16,1.2555100998748980e-16,1.1989759220459067e-16,9.2641302456236930e-17,4.3457186518375604e-17
981,5.8074155708429916e-16,3.0978692285113224e-17,7.4328596747345405e-17,1.0620866437033162e-16,1.2150608720975302e-16,1.1602693065554439e-16,8.9644356227546053e-17,4.2048229588665471e-17
982,5.6203159407832528e-16,2.9989221414183297e-17,7.1945797783740826e-17,1.0279451202087421e-16,1.1759148118756830e-16,1.1228123761280925e-16,8.6744378632945423e-17,4.0684965426203917e-17
983,5.4392441678901758e-16,2.9031338927587578e-17,6.9639365414187609e-17,9.9490097658907498e-17,1.1380299345839123e-16,1.0865647793851148e-16,8.3938231587527130e-17,3.9365911803905004e-17
984,5.2640060504862354e-16,2.8104036915356007e-17,6.7406852846075320e-17,9.6291894494112905e-17,1.1013656082307953e-16,1.0514874679958520e-16,8.1222878580330949e-17,3.8089634590083713e-17
985,5.0944136435603371e-16,2.7206339609320151e-17,6.5245891658862244e-17,9.3196489067010146e-17,1.0658825098806302e-16,1.0175426545945310e-16,7.8595381385923079e-17,3.6854746187402001e-17
986,4.9302850571944974e-16,2.6337302358745918e-17,6.3154189294570600e-17,9.0200577607631848e-17,1.0315425834791061e-16,9.8469377205634065e-17,7.6052896882458896e-17,3.5659904022497771e-17
987,4.7714442614847034e-16,2.5496010638592054e-17,6.1129526628609989e-17,8.7300962511178216e-17,9.9830899903772403e-17,9.5290543408886540e-17,7.3592673972780264e-17,3.4503809084650806e-17
988,4.6177208977466970e-16,2.4681579089355824e-17,5.9169755618358805e-17,8.4494548926893615e-17,9.6614611313318489e-17,9.2214339709638944e-17,7.1212050605210946e-17,3.3385204511893060e-17
989,4.4689500958042208e-16,2.3893150587500645e-17,5.7272797027015696e-17,8.1778341456528910e-17,9.3501943067938657e-17,8.9237452327595200e-17,6.8908450890820563e-17,3.2302874223022411e-17
990,4.3249722971637436e-16,2.3129895345492246e-17,5.5436638220312118e-17,7.9149440958868952e-17,9.0489556793102345e-17,8.6356674490536378e-17,6.6679382314033061e-17,3.1255641594029258e-17
991,4.1856330838860387e-16,2.2391010040500873e-17,5.3659331033754783e-17,7.6605041456918617e-17,8.7574221667911430e-17,8.3568902978468293e-17,6.4522433033556296e-17,3.0242368177493539e-17
992,4.0507830129710676e-16,2.1675716970857184e-17,5.1938989708140862e-17,7.4142427144449853e-17,8.4752810960005532e-17,8.0871134779388997e-17,6.2435269270707669e-17,2.9261952463556647e-17
993,3.9202774560785464e-16,2.0983263239378291e-17,5.0273788891161362e-17,7.1758969488717721e-17,8.2022298672103553e-17,7.8260463853070511e-17,6.0415632782305043e-17,2.8313328681118154e-17
994,3.7939764444122911e-16,2.0312919962708673e-17,4.8661961702977616e-17,6.9452124426256828e-17,7.9379756296584802e-17,7.5734077999365709e-17,5.8461338415384393e-17,2.7395465637951083e-17
995,3.6717445186019835e-16,1.9663981505847846e-17,4.7101797863723913e-17,6.7219429648767721e-17,7.6822349674628963e-17,7.3289255827664051e-17,5.6570271741094079e-17,2.6507365598471768e-17
996,3.5534505834213495e-16,1.9035764741062942e-17,4.5591641880954290e-17,6.5058501976199726e-17,7.4347335956546358e-17,7.0923363824228643e-17,5.4740386765201361e-17,2.5648063197941619e-17
997,3.4389677671869334e-16,1.8427608330409985e-17,4.4129891295115432e-17,6.2967034814229020e-17,7.1952060660038208e-17,6.8633853514253049e-17,5.2969703712730087e-17,2.4816624391917627e-17
998,3.3281732856866818e-16,1.7838872031112242e-17,4.2714994981188437e-17,6.0942795693421160e-17,6.9633954823232221e-17,6.6418258715578222e-17,5.1256306884328840e-17,2.4012145439807023e-17
