{
  "params": {
    "N": 100,
    "K": 2,
    "n0": 0,
    "target": 50,
    "sc_src": 5,
    "sc_dst": 51,
    "mode": "lazy_selfloop",
    "q": 0.6666666667,
    "beta": 0.02,
    "rho": 1.0,
    "jumpover_absorbs": false,
    "n0_paper": 1,
    "target_paper": 51,
    "sc_src_paper": 6,
    "sc_dst_paper": 52,
    "p_shortcut": 0.006666666666000001
  },
  "paper_peaks": [
    [
      51,
      0.0002595871506590295
    ],
    [
      1022,
      0.0002941192119505788
    ]
  ],
  "peaks_valley": {
    "t1": 51,
    "tv": 291,
    "t2": 1022,
    "delta": 48
  },
  "exact_meta": {
    "method": "aw",
    "r": 0.9977000638225533,
    "L": 8192,
    "max_steps": 4000,
    "x_nnz": 2
  },
  "cond_by_time": {
    "max_t": 4000,
    "min_n": 50,
    "smooth_window": 21
  },
  "summaries": [
    {
      "window": "peak1",
      "n": 404,
      "frac": 0.0202,
      "P_sc_ge1": 1.0,
      "P_jo_ge1": 0.0,
      "P_sc_ge1_ci95": [
        0.9905806568040141,
        1.0
      ],
      "P_jo_ge1_ci95": [
        0.0,
        0.009419343195985891
      ],
      "C0": 0.0,
      "C1": 1.0,
      "C2p": 0.0,
      "J0": 1.0,
      "J1": 0.0,
      "J2p": 0.0,
      "class_C0J0": 0.0,
      "class_C1pJ0": 1.0,
      "class_C0J1p": 0.0,
      "class_C1pJ1p": 0.0,
      "class_D_taujo_lt_tausc": null,
      "class_D_tausc_lt_taujo": null,
      "class_D_tie": null
    },
    {
      "window": "valley",
      "n": 305,
      "frac": 0.01525,
      "P_sc_ge1": 0.9311475409836065,
      "P_jo_ge1": 0.0,
      "P_sc_ge1_ci95": [
        0.8970403760702383,
        0.9545288425842433
      ],
      "P_jo_ge1_ci95": [
        0.0,
        0.012438738822749266
      ],
      "C0": 0.06885245901639345,
      "C1": 0.9311475409836065,
      "C2p": 0.0,
      "J0": 1.0,
      "J1": 0.0,
      "J2p": 0.0,
      "class_C0J0": 0.06885245901639345,
      "class_C1pJ0": 0.9311475409836065,
      "class_C0J1p": 0.0,
      "class_C1pJ1p": 0.0,
      "class_D_taujo_lt_tausc": null,
      "class_D_tausc_lt_taujo": null,
      "class_D_tie": null
    },
    {
      "window": "peak2",
      "n": 583,
      "frac": 0.02915,
      "P_sc_ge1": 0.2692967409948542,
      "P_jo_ge1": 0.0,
      "P_sc_ge1_ci95": [
        0.2348845363684071,
        0.3067294187431595
      ],
      "P_jo_ge1_ci95": [
        0.0,
        0.006546229851462472
      ],
      "C0": 0.7307032590051458,
      "C1": 0.2692967409948542,
      "C2p": 0.0,
      "J0": 1.0,
      "J1": 0.0,
      "J2p": 0.0,
      "class_C0J0": 0.7307032590051458,
      "class_C1pJ0": 0.2692967409948542,
      "class_C0J1p": 0.0,
      "class_C1pJ1p": 0.0,
      "class_D_taujo_lt_tausc": null,
      "class_D_tausc_lt_taujo": null,
      "class_D_tie": null
    },
    {
      "window": "other",
      "n": 18708,
      "frac": 0.9354,
      "P_sc_ge1": 0.27704725251229423,
      "P_jo_ge1": 0.0,
      "P_sc_ge1_ci95": [
        0.27068032798594716,
        0.28350572284081915
      ],
      "P_jo_ge1_ci95": [
        1.3552527156068805e-20,
        0.0002053031487825335
      ],
      "C0": 0.7229527474877058,
      "C1": 0.27571092580714135,
      "C2p": 0.0013363267051528759,
      "J0": 1.0,
      "J1": 0.0,
      "J2p": 0.0,
      "class_C0J0": 0.7229527474877058,
      "class_C1pJ0": 0.27704725251229423,
      "class_C0J1p": 0.0,
      "class_C1pJ1p": 0.0,
      "class_D_taujo_lt_tausc": null,
      "class_D_tausc_lt_taujo": null,
      "class_D_tie": null
    }
  ]
}