{
  "params": {
    "N": 120,
    "K": 2,
    "n0": 0,
    "target": 60,
    "sc_src": 5,
    "sc_dst": 61,
    "mode": "lazy_selfloop",
    "q": 0.6666666667,
    "beta": 0.01,
    "rho": 1.0,
    "jumpover_absorbs": false,
    "n0_paper": 1,
    "target_paper": 61,
    "sc_src_paper": 6,
    "sc_dst_paper": 62,
    "p_shortcut": 0.0033333333330000004
  },
  "paper_peaks": [
    [
      53,
      0.00013220486343467025
    ],
    [
      1584,
      0.00019232183487806592
    ]
  ],
  "peaks_valley": {
    "t1": 53,
    "tv": 377,
    "t2": 1584,
    "delta": 76
  },
  "exact_meta": {
    "method": "aw",
    "r": 0.9977000638225533,
    "L": 8192,
    "max_steps": 4000,
    "x_nnz": 2
  },
  "cond_by_time": {
    "max_t": 4000,
    "min_n": 50,
    "smooth_window": 21
  },
  "summaries": [
    {
      "window": "peak1",
      "n": 2801,
      "frac": 0.014005,
      "P_sc_ge1": 1.0,
      "P_jo_ge1": 0.0,
      "P_sc_ge1_ci95": [
        0.9986303682888903,
        1.0
      ],
      "P_jo_ge1_ci95": [
        1.0842021724855044e-19,
        0.0013696317111098182
      ],
      "C0": 0.0,
      "C1": 1.0,
      "C2p": 0.0,
      "J0": 1.0,
      "J1": 0.0,
      "J2p": 0.0,
      "class_C0J0": 0.0,
      "class_C1pJ0": 1.0,
      "class_C0J1p": 0.0,
      "class_C1pJ1p": 0.0,
      "class_D_taujo_lt_tausc": null,
      "class_D_tausc_lt_taujo": null,
      "class_D_tie": null
    },
    {
      "window": "valley",
      "n": 2501,
      "frac": 0.012505,
      "P_sc_ge1": 0.9148340663734507,
      "P_jo_ge1": 0.0,
      "P_sc_ge1_ci95": [
        0.9032480931978905,
        0.9251476025618736
      ],
      "P_jo_ge1_ci95": [
        0.0,
        0.0015336698336533535
      ],
      "C0": 0.08516593362654938,
      "C1": 0.9148340663734507,
      "C2p": 0.0,
      "J0": 1.0,
      "J1": 0.0,
      "J2p": 0.0,
      "class_C0J0": 0.08516593362654938,
      "class_C1pJ0": 0.9148340663734507,
      "class_C0J1p": 0.0,
      "class_C1pJ1p": 0.0,
      "class_D_taujo_lt_tausc": null,
      "class_D_tausc_lt_taujo": null,
      "class_D_tie": null
    },
    {
      "window": "peak2",
      "n": 6005,
      "frac": 0.030025,
      "P_sc_ge1": 0.1710241465445462,
      "P_jo_ge1": 0.0,
      "P_sc_ge1_ci95": [
        0.16171163301737138,
        0.18075730475592586
      ],
      "P_jo_ge1_ci95": [
        0.0,
        0.0006393245579980008
      ],
      "C0": 0.8289758534554538,
      "C1": 0.17085761865112406,
      "C2p": 0.00016652789342214822,
      "J0": 1.0,
      "J1": 0.0,
      "J2p": 0.0,
      "class_C0J0": 0.8289758534554538,
      "class_C1pJ0": 0.1710241465445462,
      "class_C0J1p": 0.0,
      "class_C1pJ1p": 0.0,
      "class_D_taujo_lt_tausc": null,
      "class_D_tausc_lt_taujo": null,
      "class_D_tie": null
    },
    {
      "window": "other",
      "n": 188693,
      "frac": 0.943465,
      "P_sc_ge1": 0.19211629472211475,
      "P_jo_ge1": 0.0,
      "P_sc_ge1_ci95": [
        0.1903449671381391,
        0.19390015845701025
      ],
      "P_jo_ge1_ci95": [
        0.0,
        2.0358581348931275e-05
      ],
      "C0": 0.8078837052778852,
      "C1": 0.19143264456021156,
      "C2p": 0.0006836501619031973,
      "J0": 1.0,
      "J1": 0.0,
      "J2p": 0.0,
      "class_C0J0": 0.8078837052778852,
      "class_C1pJ0": 0.19211629472211475,
      "class_C0J1p": 0.0,
      "class_C1pJ1p": 0.0,
      "class_D_taujo_lt_tausc": null,
      "class_D_tausc_lt_taujo": null,
      "class_D_tie": null
    }
  ]
}