{
  "params": {
    "N": 90,
    "K": 2,
    "n0": 0,
    "target": 45,
    "sc_src": 5,
    "sc_dst": 46,
    "mode": "lazy_selfloop",
    "q": 0.6666666667,
    "beta": 0.01,
    "rho": 1.0,
    "jumpover_absorbs": false,
    "n0_paper": 1,
    "target_paper": 46,
    "sc_src_paper": 6,
    "sc_dst_paper": 47,
    "p_shortcut": 0.0033333333330000004
  },
  "paper_peaks": [
    [
      53,
      0.00013220486328915842
    ],
    [
      921,
      0.0003343079229544543
    ]
  ],
  "peaks_valley": {
    "t1": 53,
    "tv": 193,
    "t2": 921,
    "delta": 43
  },
  "exact_meta": {
    "method": "aw",
    "r": 0.9977000638225533,
    "L": 8192,
    "max_steps": 4000,
    "x_nnz": 2
  },
  "cond_by_time": {
    "max_t": 4000,
    "min_n": 50,
    "smooth_window": 21
  },
  "summaries": [
    {
      "window": "peak1",
      "n": 1992,
      "frac": 0.00996,
      "P_sc_ge1": 1.0,
      "P_jo_ge1": 0.0,
      "P_sc_ge1_ci95": [
        0.9980751979515811,
        1.0
      ],
      "P_jo_ge1_ci95": [
        0.0,
        0.0019248020484190728
      ],
      "C0": 0.0,
      "C1": 1.0,
      "C2p": 0.0,
      "J0": 1.0,
      "J1": 0.0,
      "J2p": 0.0,
      "class_C0J0": 0.0,
      "class_C1pJ0": 1.0,
      "class_C0J1p": 0.0,
      "class_C1pJ1p": 0.0,
      "class_D_taujo_lt_tausc": null,
      "class_D_tausc_lt_taujo": null,
      "class_D_tie": null
    },
    {
      "window": "valley",
      "n": 1881,
      "frac": 0.009405,
      "P_sc_ge1": 0.9346092503987241,
      "P_jo_ge1": 0.0,
      "P_sc_ge1_ci95": [
        0.9225276419988296,
        0.9449192564567225
      ],
      "P_jo_ge1_ci95": [
        0.0,
        0.0020381553548054114
      ],
      "C0": 0.06539074960127592,
      "C1": 0.9346092503987241,
      "C2p": 0.0,
      "J0": 1.0,
      "J1": 0.0,
      "J2p": 0.0,
      "class_C0J0": 0.06539074960127592,
      "class_C1pJ0": 0.9346092503987241,
      "class_C0J1p": 0.0,
      "class_C1pJ1p": 0.0,
      "class_D_taujo_lt_tausc": null,
      "class_D_tausc_lt_taujo": null,
      "class_D_tie": null
    },
    {
      "window": "peak2",
      "n": 5851,
      "frac": 0.029255,
      "P_sc_ge1": 0.12459408648094343,
      "P_jo_ge1": 0.0,
      "P_sc_ge1_ci95": [
        0.1163771790010054,
        0.13330363217585034
      ],
      "P_jo_ge1_ci95": [
        5.421010862427522e-20,
        0.0006561407229189599
      ],
      "C0": 0.8754059135190566,
      "C1": 0.12459408648094343,
      "C2p": 0.0,
      "J0": 1.0,
      "J1": 0.0,
      "J2p": 0.0,
      "class_C0J0": 0.8754059135190566,
      "class_C1pJ0": 0.12459408648094343,
      "class_C0J1p": 0.0,
      "class_C1pJ1p": 0.0,
      "class_D_taujo_lt_tausc": null,
      "class_D_tausc_lt_taujo": null,
      "class_D_tie": null
    },
    {
      "window": "other",
      "n": 190276,
      "frac": 0.95138,
      "P_sc_ge1": 0.14574092371082006,
      "P_jo_ge1": 0.0,
      "P_sc_ge1_ci95": [
        0.14416263647495345,
        0.14733351536964637
      ],
      "P_jo_ge1_ci95": [
        0.0,
        2.0189211677376124e-05
      ],
      "C0": 0.85425907628918,
      "C1": 0.14522062687884968,
      "C2p": 0.0005202968319704009,
      "J0": 1.0,
      "J1": 0.0,
      "J2p": 0.0,
      "class_C0J0": 0.85425907628918,
      "class_C1pJ0": 0.14574092371082006,
      "class_C0J1p": 0.0,
      "class_C1pJ1p": 0.0,
      "class_D_taujo_lt_tausc": null,
      "class_D_tausc_lt_taujo": null,
      "class_D_tie": null
    }
  ]
}