{
  "params": {
    "N": 130,
    "K": 4,
    "n0": 0,
    "target": 65,
    "sc_src": 5,
    "sc_dst": 66,
    "mode": "lazy_selfloop",
    "q": 0.6666666667,
    "beta": 0.01,
    "rho": 1.0,
    "jumpover_absorbs": false,
    "n0_paper": 1,
    "target_paper": 66,
    "sc_src_paper": 6,
    "sc_dst_paper": 67,
    "p_shortcut": 0.0033333333330000004
  },
  "paper_peaks": [
    [
      32,
      0.0001103796535558474
    ],
    [
      819,
      0.00037551926811813565
    ]
  ],
  "peaks_valley": {
    "t1": 32,
    "tv": 154,
    "t2": 819,
    "delta": 39
  },
  "exact_meta": {
    "method": "aw",
    "r": 0.9977000638225533,
    "L": 8192,
    "max_steps": 4000,
    "x_nnz": 2
  },
  "cond_by_time": {
    "max_t": 4000,
    "min_n": 50,
    "smooth_window": 21
  },
  "summaries": [
    {
      "window": "peak1",
      "n": 1376,
      "frac": 0.00688,
      "P_sc_ge1": 1.0,
      "P_jo_ge1": 0.3386627906976744,
      "P_sc_ge1_ci95": [
        0.9972159123192111,
        1.0
      ],
      "P_jo_ge1_ci95": [
        0.31413688551976543,
        0.3640870497493263
      ],
      "C0": 0.0,
      "C1": 1.0,
      "C2p": 0.0,
      "J0": 0.6613372093023255,
      "J1": 0.22601744186046513,
      "J2p": 0.11264534883720931,
      "class_C0J0": 0.0,
      "class_C1pJ0": 0.6613372093023255,
      "class_C0J1p": 0.0,
      "class_C1pJ1p": 0.3386627906976744,
      "class_D_taujo_lt_tausc": 0.0,
      "class_D_tausc_lt_taujo": 1.0,
      "class_D_tie": 0.0
    },
    {
      "window": "valley",
      "n": 1311,
      "frac": 0.006555,
      "P_sc_ge1": 0.935163996948894,
      "P_jo_ge1": 0.36689549961861173,
      "P_sc_ge1_ci95": [
        0.9205221853637298,
        0.9472629531655044
      ],
      "P_jo_ge1_ci95": [
        0.3412302604800374,
        0.39333852712145007
      ],
      "C0": 0.06483600305110603,
      "C1": 0.935163996948894,
      "C2p": 0.0,
      "J0": 0.6331045003813882,
      "J1": 0.22578184591914569,
      "J2p": 0.14111365369946605,
      "class_C0J0": 0.043478260869565216,
      "class_C1pJ0": 0.589626239511823,
      "class_C0J1p": 0.02135774218154081,
      "class_C1pJ1p": 0.34553775743707094,
      "class_D_taujo_lt_tausc": 0.0,
      "class_D_tausc_lt_taujo": 1.0,
      "class_D_tie": 0.0
    },
    {
      "window": "peak2",
      "n": 5868,
      "frac": 0.02934,
      "P_sc_ge1": 0.0869120654396728,
      "P_jo_ge1": 0.2743694614860259,
      "P_sc_ge1_ci95": [
        0.07997173938928456,
        0.09439290968435532
      ],
      "P_jo_ge1_ci95": [
        0.263103261610024,
        0.2859308948971952
      ],
      "C0": 0.9130879345603272,
      "C1": 0.0869120654396728,
      "C2p": 0.0,
      "J0": 0.7256305385139741,
      "J1": 0.17331288343558282,
      "J2p": 0.10105657805044307,
      "class_C0J0": 0.6712678936605317,
      "class_C1pJ0": 0.0543626448534424,
      "class_C0J1p": 0.2418200408997955,
      "class_C1pJ1p": 0.0325494205862304,
      "class_D_taujo_lt_tausc": 0.005235602094240838,
      "class_D_tausc_lt_taujo": 0.9947643979057592,
      "class_D_tie": 0.0
    },
    {
      "window": "other",
      "n": 191445,
      "frac": 0.957225,
      "P_sc_ge1": 0.09568805662200632,
      "P_jo_ge1": 0.28939904411188594,
      "P_sc_ge1_ci95": [
        0.09437844104162932,
        0.09701389799668639
      ],
      "P_jo_ge1_ci95": [
        0.2873718857735892,
        0.2914346542603412
      ],
      "C0": 0.9043119433779937,
      "C1": 0.09527018203661626,
      "C2p": 0.0004178745853900598,
      "J0": 0.7106009558881141,
      "J1": 0.17881898195304136,
      "J2p": 0.11058006215884458,
      "class_C0J0": 0.6523492386847397,
      "class_C1pJ0": 0.05825171720337434,
      "class_C0J1p": 0.25196270469325394,
      "class_C1pJ1p": 0.03743633941863198,
      "class_D_taujo_lt_tausc": 0.026649923259383285,
      "class_D_tausc_lt_taujo": 0.9733500767406167,
      "class_D_tie": 0.0
    }
  ]
}