{
  "params": {
    "N": 60,
    "K": 4,
    "n0": 0,
    "target": 30,
    "sc_src": 5,
    "sc_dst": 31,
    "mode": "lazy_selfloop",
    "q": 0.6666666667,
    "beta": 0.01,
    "rho": 1.0,
    "jumpover_absorbs": false,
    "n0_paper": 1,
    "target_paper": 31,
    "sc_src_paper": 6,
    "sc_dst_paper": 32,
    "p_shortcut": 0.0033333333330000004
  },
  "paper_peaks": [
    [
      186,
      0.001662778648920552
    ]
  ],
  "peaks_valley": {
    "t1": 186,
    "tv": null,
    "t2": null,
    "delta": 2
  },
  "exact_meta": {
    "method": "aw",
    "r": 0.9977000638225533,
    "L": 8192,
    "max_steps": 4000,
    "x_nnz": 2
  },
  "cond_by_time": {
    "max_t": 4000,
    "min_n": 50,
    "smooth_window": 21
  },
  "summaries": [
    {
      "window": "peak1",
      "n": 1680,
      "frac": 0.0084,
      "P_sc_ge1": 0.036904761904761905,
      "P_jo_ge1": 0.2369047619047619,
      "P_sc_ge1_ci95": [
        0.028894572945768422,
        0.047028007895564876
      ],
      "P_jo_ge1_ci95": [
        0.2171874510142916,
        0.2578225499264144
      ],
      "C0": 0.9630952380952381,
      "C1": 0.036904761904761905,
      "C2p": 0.0,
      "J0": 0.763095238095238,
      "J1": 0.15833333333333333,
      "J2p": 0.07857142857142857,
      "class_C0J0": 0.7416666666666667,
      "class_C1pJ0": 0.02142857142857143,
      "class_C0J1p": 0.22142857142857142,
      "class_C1pJ1p": 0.015476190476190477,
      "class_D_taujo_lt_tausc": 0.0,
      "class_D_tausc_lt_taujo": 1.0,
      "class_D_tie": 0.0
    },
    {
      "window": "valley",
      "n": 0,
      "frac": 0.0
    },
    {
      "window": "peak2",
      "n": 0,
      "frac": 0.0
    },
    {
      "window": "other",
      "n": 198320,
      "frac": 0.9916,
      "P_sc_ge1": 0.05039834610730133,
      "P_jo_ge1": 0.2826593384429205,
      "P_sc_ge1_ci95": [
        0.049444190383847474,
        0.05136991970345935
      ],
      "P_jo_ge1_ci95": [
        0.280681729432763,
        0.28464536737756835
      ],
      "C0": 0.9496016538926987,
      "C1": 0.050156313029447355,
      "C2p": 0.00024203307785397338,
      "J0": 0.7173406615570794,
      "J1": 0.17331585316659945,
      "J2p": 0.1093434852763211,
      "class_C0J0": 0.6870411456232351,
      "class_C1pJ0": 0.030299515933844293,
      "class_C0J1p": 0.2625605082694635,
      "class_C1pJ1p": 0.02009883017345704,
      "class_D_taujo_lt_tausc": 0.05469141996989463,
      "class_D_tausc_lt_taujo": 0.9453085800301053,
      "class_D_tie": 0.0
    }
  ]
}