{
  "params": {
    "N": 220,
    "K": 2,
    "n0": 0,
    "target": 110,
    "sc_src": 5,
    "sc_dst": 111,
    "mode": "lazy_selfloop",
    "q": 0.6666666667,
    "beta": 0.01,
    "rho": 1.0,
    "jumpover_absorbs": false,
    "n0_paper": 1,
    "target_paper": 111,
    "sc_src_paper": 6,
    "sc_dst_paper": 112,
    "p_shortcut": 0.0033333333330000004
  },
  "paper_peaks": [
    [
      53,
      0.00013220486353434887
    ],
    [
      4000,
      5.927110552567555e-05
    ]
  ],
  "peaks_valley": {
    "t1": 53,
    "tv": 1521,
    "t2": 4000,
    "delta": 197
  },
  "exact_meta": {
    "method": "aw",
    "r": 0.9977000638225533,
    "L": 8192,
    "max_steps": 4000,
    "x_nnz": 2
  },
  "cond_by_time": {
    "max_t": 4000,
    "min_n": 50,
    "smooth_window": 21
  },
  "summaries": [
    {
      "window": "peak1",
      "n": 5290,
      "frac": 0.02645,
      "P_sc_ge1": 1.0,
      "P_jo_ge1": 0.0,
      "P_sc_ge1_ci95": [
        0.999274326606221,
        0.9999999999999998
      ],
      "P_jo_ge1_ci95": [
        0.0,
        0.0007256733937789146
      ],
      "C0": 0.0,
      "C1": 1.0,
      "C2p": 0.0,
      "J0": 1.0,
      "J1": 0.0,
      "J2p": 0.0,
      "class_C0J0": 0.0,
      "class_C1pJ0": 1.0,
      "class_C0J1p": 0.0,
      "class_C1pJ1p": 0.0,
      "class_D_taujo_lt_tausc": null,
      "class_D_tausc_lt_taujo": null,
      "class_D_tie": null
    },
    {
      "window": "valley",
      "n": 3120,
      "frac": 0.0156,
      "P_sc_ge1": 0.8900641025641025,
      "P_jo_ge1": 0.0,
      "P_sc_ge1_ci95": [
        0.8786043012930647,
        0.9005645272416472
      ],
      "P_jo_ge1_ci95": [
        0.0,
        0.0012297678601885574
      ],
      "C0": 0.10993589743589743,
      "C1": 0.8900641025641025,
      "C2p": 0.0,
      "J0": 1.0,
      "J1": 0.0,
      "J2p": 0.0,
      "class_C0J0": 0.10993589743589743,
      "class_C1pJ0": 0.8900641025641025,
      "class_C0J1p": 0.0,
      "class_C1pJ1p": 0.0,
      "class_D_taujo_lt_tausc": null,
      "class_D_tausc_lt_taujo": null,
      "class_D_tie": null
    },
    {
      "window": "peak2",
      "n": 4651,
      "frac": 0.023255,
      "P_sc_ge1": 0.3377768221887766,
      "P_jo_ge1": 0.0,
      "P_sc_ge1_ci95": [
        0.32432313300424054,
        0.3514982741087319
      ],
      "P_jo_ge1_ci95": [
        5.421010862427522e-20,
        0.0008252912408448013
      ],
      "C0": 0.6622231778112234,
      "C1": 0.3377768221887766,
      "C2p": 0.0,
      "J0": 1.0,
      "J1": 0.0,
      "J2p": 0.0,
      "class_C0J0": 0.6622231778112234,
      "class_C1pJ0": 0.3377768221887766,
      "class_C0J1p": 0.0,
      "class_C1pJ1p": 0.0,
      "class_D_taujo_lt_tausc": null,
      "class_D_tausc_lt_taujo": null,
      "class_D_tie": null
    },
    {
      "window": "other",
      "n": 186939,
      "frac": 0.934695,
      "P_sc_ge1": 0.3128079213005312,
      "P_jo_ge1": 0.0,
      "P_sc_ge1_ci95": [
        0.310710021573259,
        0.31491351447124705
      ],
      "P_jo_ge1_ci95": [
        1.6940658945086007e-21,
        2.0549596695549527e-05
      ],
      "C0": 0.6871920786994689,
      "C1": 0.31156152541738213,
      "C2p": 0.0012463958831490487,
      "J0": 1.0,
      "J1": 0.0,
      "J2p": 0.0,
      "class_C0J0": 0.6871920786994689,
      "class_C1pJ0": 0.3128079213005312,
      "class_C0J1p": 0.0,
      "class_C1pJ1p": 0.0,
      "class_D_taujo_lt_tausc": null,
      "class_D_tausc_lt_taujo": null,
      "class_D_tie": null
    }
  ]
}