{
  "params": {
    "N": 100,
    "K": 2,
    "n0": 0,
    "target": 50,
    "sc_src": 5,
    "sc_dst": 51,
    "mode": "lazy_selfloop",
    "q": 0.6666666667,
    "beta": 0.001,
    "rho": 1.0,
    "jumpover_absorbs": false,
    "n0_paper": 1,
    "target_paper": 51,
    "sc_src_paper": 6,
    "sc_dst_paper": 52,
    "p_shortcut": 0.0003333333333
  },
  "paper_peaks": [
    [
      54,
      1.3448403005621247e-05
    ],
    [
      1236,
      0.0002496540723806706
    ]
  ],
  "peaks_valley": {
    "t1": 54,
    "tv": 173,
    "t2": 1236,
    "delta": 59
  },
  "exact_meta": {
    "method": "aw",
    "r": 0.9977000638225533,
    "L": 8192,
    "max_steps": 4000,
    "x_nnz": 2
  },
  "cond_by_time": {
    "max_t": 4000,
    "min_n": 50,
    "smooth_window": 21
  },
  "summaries": [
    {
      "window": "peak1",
      "n": 231,
      "frac": 0.001155,
      "P_sc_ge1": 1.0,
      "P_jo_ge1": 0.0,
      "P_sc_ge1_ci95": [
        0.983641739793972,
        1.0
      ],
      "P_jo_ge1_ci95": [
        0.0,
        0.016358260206028232
      ],
      "C0": 0.0,
      "C1": 1.0,
      "C2p": 0.0,
      "J0": 1.0,
      "J1": 0.0,
      "J2p": 0.0,
      "class_C0J0": 0.0,
      "class_C1pJ0": 1.0,
      "class_C0J1p": 0.0,
      "class_C1pJ1p": 0.0,
      "class_D_taujo_lt_tausc": null,
      "class_D_tausc_lt_taujo": null,
      "class_D_tie": null
    },
    {
      "window": "valley",
      "n": 294,
      "frac": 0.00147,
      "P_sc_ge1": 0.8537414965986394,
      "P_jo_ge1": 0.0,
      "P_sc_ge1_ci95": [
        0.8087886993769051,
        0.8895690854322014
      ],
      "P_jo_ge1_ci95": [
        0.0,
        0.012898131087128192
      ],
      "C0": 0.14625850340136054,
      "C1": 0.8537414965986394,
      "C2p": 0.0,
      "J0": 1.0,
      "J1": 0.0,
      "J2p": 0.0,
      "class_C0J0": 0.14625850340136054,
      "class_C1pJ0": 0.8537414965986394,
      "class_C0J1p": 0.0,
      "class_C1pJ1p": 0.0,
      "class_D_taujo_lt_tausc": null,
      "class_D_tausc_lt_taujo": null,
      "class_D_tie": null
    },
    {
      "window": "peak2",
      "n": 5986,
      "frac": 0.02993,
      "P_sc_ge1": 0.013364517206815904,
      "P_jo_ge1": 0.0,
      "P_sc_ge1_ci95": [
        0.010751861585643186,
        0.016601382613669197
      ],
      "P_jo_ge1_ci95": [
        0.0,
        0.0006413525192385722
      ],
      "C0": 0.9866354827931841,
      "C1": 0.013364517206815904,
      "C2p": 0.0,
      "J0": 1.0,
      "J1": 0.0,
      "J2p": 0.0,
      "class_C0J0": 0.9866354827931841,
      "class_C1pJ0": 0.013364517206815904,
      "class_C0J1p": 0.0,
      "class_C1pJ1p": 0.0,
      "class_D_taujo_lt_tausc": null,
      "class_D_tausc_lt_taujo": null,
      "class_D_tie": null
    },
    {
      "window": "other",
      "n": 193489,
      "frac": 0.967445,
      "P_sc_ge1": 0.01929308642868587,
      "P_jo_ge1": 0.0,
      "P_sc_ge1_ci95": [
        0.018689649752672666,
        0.01991561098065257
      ],
      "P_jo_ge1_ci95": [
        0.0,
        1.9853964457980233e-05
      ],
      "C0": 0.9807069135713141,
      "C1": 0.01926724516639189,
      "C2p": 2.5841262293980537e-05,
      "J0": 1.0,
      "J1": 0.0,
      "J2p": 0.0,
      "class_C0J0": 0.9807069135713141,
      "class_C1pJ0": 0.01929308642868587,
      "class_C0J1p": 0.0,
      "class_C1pJ1p": 0.0,
      "class_D_taujo_lt_tausc": null,
      "class_D_tausc_lt_taujo": null,
      "class_D_tie": null
    }
  ]
}