{
  "params": {
    "N": 170,
    "K": 4,
    "n0": 0,
    "target": 85,
    "sc_src": 5,
    "sc_dst": 86,
    "mode": "lazy_selfloop",
    "q": 0.6666666667,
    "beta": 0.01,
    "rho": 1.0,
    "jumpover_absorbs": false,
    "n0_paper": 1,
    "target_paper": 86,
    "sc_src_paper": 6,
    "sc_dst_paper": 87,
    "p_shortcut": 0.0033333333330000004
  },
  "paper_peaks": [
    [
      32,
      0.00011037965368769803
    ],
    [
      1366,
      0.00022399904600474164
    ]
  ],
  "peaks_valley": {
    "t1": 32,
    "tv": 280,
    "t2": 1366,
    "delta": 66
  },
  "exact_meta": {
    "method": "aw",
    "r": 0.9977000638225533,
    "L": 8192,
    "max_steps": 4000,
    "x_nnz": 2
  },
  "cond_by_time": {
    "max_t": 4000,
    "min_n": 50,
    "smooth_window": 21
  },
  "summaries": [
    {
      "window": "peak1",
      "n": 1766,
      "frac": 0.00883,
      "P_sc_ge1": 1.0,
      "P_jo_ge1": 0.332955832389581,
      "P_sc_ge1_ci95": [
        0.9978294102703881,
        1.0
      ],
      "P_jo_ge1_ci95": [
        0.3113591066886931,
        0.35527772679968245
      ],
      "C0": 0.0,
      "C1": 1.0,
      "C2p": 0.0,
      "J0": 0.6670441676104191,
      "J1": 0.21913929784824462,
      "J2p": 0.11381653454133635,
      "class_C0J0": 0.0,
      "class_C1pJ0": 0.6670441676104191,
      "class_C0J1p": 0.0,
      "class_C1pJ1p": 0.332955832389581,
      "class_D_taujo_lt_tausc": 0.0,
      "class_D_tausc_lt_taujo": 1.0,
      "class_D_tie": 0.0
    },
    {
      "window": "valley",
      "n": 1633,
      "frac": 0.008165,
      "P_sc_ge1": 0.9234537660747091,
      "P_jo_ge1": 0.3882424984690753,
      "P_sc_ge1_ci95": [
        0.9095414636998629,
        0.9353784112593266
      ],
      "P_jo_ge1_ci95": [
        0.3648934435296366,
        0.4121161339395577
      ],
      "C0": 0.07654623392529088,
      "C1": 0.9234537660747091,
      "C2p": 0.0,
      "J0": 0.6117575015309247,
      "J1": 0.22780159216166565,
      "J2p": 0.16044090630740968,
      "class_C0J0": 0.05572565829761176,
      "class_C1pJ0": 0.5560318432333129,
      "class_C0J1p": 0.020820575627679118,
      "class_C1pJ1p": 0.3674219228413962,
      "class_D_taujo_lt_tausc": 0.0,
      "class_D_tausc_lt_taujo": 1.0,
      "class_D_tie": 0.0
    },
    {
      "window": "peak2",
      "n": 5939,
      "frac": 0.029695,
      "P_sc_ge1": 0.11281360498400404,
      "P_jo_ge1": 0.2796767132513891,
      "P_sc_ge1_ci95": [
        0.10501645982148156,
        0.12111132389733736
      ],
      "P_jo_ge1_ci95": [
        0.26840653307302426,
        0.29123173828860843
      ],
      "C0": 0.8871863950159959,
      "C1": 0.11264522646910254,
      "C2p": 0.00016837851490149856,
      "J0": 0.7203232867486109,
      "J1": 0.18168041757871695,
      "J2p": 0.09799629567267217,
      "class_C0J0": 0.6528035022731099,
      "class_C1pJ0": 0.06751978447550093,
      "class_C0J1p": 0.234382892742886,
      "class_C1pJ1p": 0.04529382050850311,
      "class_D_taujo_lt_tausc": 0.0,
      "class_D_tausc_lt_taujo": 1.0,
      "class_D_tie": 0.0
    },
    {
      "window": "other",
      "n": 190662,
      "frac": 0.95331,
      "P_sc_ge1": 0.12447157797568471,
      "P_jo_ge1": 0.28949135118691716,
      "P_sc_ge1_ci95": [
        0.12299732406010452,
        0.1259609644391187
      ],
      "P_jo_ge1_ci95": [
        0.2874598491293515,
        0.2915313360436931
      ],
      "C0": 0.8755284220243152,
      "C1": 0.12388415101068907,
      "C2p": 0.0005874269649956467,
      "J0": 0.7105086488130828,
      "J1": 0.17854632805698042,
      "J2p": 0.11094502312993675,
      "class_C0J0": 0.6342008370834251,
      "class_C1pJ0": 0.07630781172965771,
      "class_C0J1p": 0.24132758494089016,
      "class_C1pJ1p": 0.048163766246027,
      "class_D_taujo_lt_tausc": 0.017314603070891867,
      "class_D_tausc_lt_taujo": 0.9826853969291082,
      "class_D_tie": 0.0
    }
  ]
}