{
  "params": {
    "N": 280,
    "K": 2,
    "n0": 0,
    "target": 140,
    "sc_src": 5,
    "sc_dst": 141,
    "mode": "lazy_selfloop",
    "q": 0.6666666667,
    "beta": 0.01,
    "rho": 1.0,
    "jumpover_absorbs": false,
    "n0_paper": 1,
    "target_paper": 141,
    "sc_src_paper": 6,
    "sc_dst_paper": 142,
    "p_shortcut": 0.0033333333330000004
  },
  "paper_peaks": [
    [
      53,
      0.00013220486345566176
    ],
    [
      4000,
      3.2051714398908054e-05
    ]
  ],
  "peaks_valley": {
    "t1": 53,
    "tv": 2668,
    "t2": 4000,
    "delta": 197
  },
  "exact_meta": {
    "method": "aw",
    "r": 0.9977000638225533,
    "L": 8192,
    "max_steps": 4000,
    "x_nnz": 2
  },
  "cond_by_time": {
    "max_t": 4000,
    "min_n": 50,
    "smooth_window": 21
  },
  "summaries": [
    {
      "window": "peak1",
      "n": 5283,
      "frac": 0.026415,
      "P_sc_ge1": 1.0,
      "P_jo_ge1": 0.0,
      "P_sc_ge1_ci95": [
        0.999273365784214,
        0.9999999999999999
      ],
      "P_jo_ge1_ci95": [
        0.0,
        0.0007266342157858483
      ],
      "C0": 0.0,
      "C1": 1.0,
      "C2p": 0.0,
      "J0": 1.0,
      "J1": 0.0,
      "J2p": 0.0,
      "class_C0J0": 0.0,
      "class_C1pJ0": 1.0,
      "class_C0J1p": 0.0,
      "class_C1pJ1p": 0.0,
      "class_D_taujo_lt_tausc": null,
      "class_D_tausc_lt_taujo": null,
      "class_D_tie": null
    },
    {
      "window": "valley",
      "n": 2263,
      "frac": 0.011315,
      "P_sc_ge1": 0.8683163941670349,
      "P_jo_ge1": 0.0,
      "P_sc_ge1_ci95": [
        0.8537578680897897,
        0.8816265540065755
      ],
      "P_jo_ge1_ci95": [
        0.0,
        0.0016946927390074364
      ],
      "C0": 0.1316836058329651,
      "C1": 0.8683163941670349,
      "C2p": 0.0,
      "J0": 1.0,
      "J1": 0.0,
      "J2p": 0.0,
      "class_C0J0": 0.1316836058329651,
      "class_C1pJ0": 0.8683163941670349,
      "class_C0J1p": 0.0,
      "class_C1pJ1p": 0.0,
      "class_D_taujo_lt_tausc": null,
      "class_D_tausc_lt_taujo": null,
      "class_D_tie": null
    },
    {
      "window": "peak2",
      "n": 2496,
      "frac": 0.01248,
      "P_sc_ge1": 0.6105769230769231,
      "P_jo_ge1": 0.0,
      "P_sc_ge1_ci95": [
        0.5912909514380329,
        0.6295230393364226
      ],
      "P_jo_ge1_ci95": [
        0.0,
        0.0015367373676796162
      ],
      "C0": 0.3894230769230769,
      "C1": 0.6105769230769231,
      "C2p": 0.0,
      "J0": 1.0,
      "J1": 0.0,
      "J2p": 0.0,
      "class_C0J0": 0.3894230769230769,
      "class_C1pJ0": 0.6105769230769231,
      "class_C0J1p": 0.0,
      "class_C1pJ1p": 0.0,
      "class_D_taujo_lt_tausc": null,
      "class_D_tausc_lt_taujo": null,
      "class_D_tie": null
    },
    {
      "window": "other",
      "n": 189958,
      "frac": 0.94979,
      "P_sc_ge1": 0.3723717874477516,
      "P_jo_ge1": 0.0,
      "P_sc_ge1_ci95": [
        0.3702003521278453,
        0.3745483848205967
      ],
      "P_jo_ge1_ci95": [
        0.0,
        2.022300882979016e-05
      ],
      "C0": 0.6276282125522484,
      "C1": 0.3713136588087893,
      "C2p": 0.001058128638962297,
      "J0": 1.0,
      "J1": 0.0,
      "J2p": 0.0,
      "class_C0J0": 0.6276282125522484,
      "class_C1pJ0": 0.3723717874477516,
      "class_C0J1p": 0.0,
      "class_C1pJ1p": 0.0,
      "class_D_taujo_lt_tausc": null,
      "class_D_tausc_lt_taujo": null,
      "class_D_tie": null
    }
  ]
}