window,cosine_similarity,total_variation_distance
peak1,0.9837721608630777,0.1727964174123989
valley,0.8269656580560361,0.2757737266130038
peak2,0.8153041676180057,0.346064600380339
