{
  "params": {
    "N": 100,
    "K": 2,
    "n0": 0,
    "target": 50,
    "sc_src": 5,
    "sc_dst": 51,
    "mode": "lazy_selfloop",
    "q": 0.6666666667,
    "beta": 0.01,
    "rho": 1.0,
    "jumpover_absorbs": false,
    "n0_paper": 1,
    "target_paper": 51,
    "sc_src_paper": 6,
    "sc_dst_paper": 52,
    "p_shortcut": 0.0033333333330000004
  },
  "paper_peaks": [
    [
      53,
      0.0001322048633379766
    ],
    [
      1124,
      0.00027293141577065246
    ]
  ],
  "peaks_valley": {
    "t1": 53,
    "tv": 247,
    "t2": 1124,
    "delta": 53
  },
  "exact_meta": {
    "method": "aw",
    "r": 0.9977000638225533,
    "L": 8192,
    "max_steps": 4000,
    "x_nnz": 2
  },
  "cond_by_time": {
    "max_t": 4000,
    "min_n": 50,
    "smooth_window": 21
  },
  "summaries": [
    {
      "window": "peak1",
      "n": 2306,
      "frac": 0.01153,
      "P_sc_ge1": 1.0,
      "P_jo_ge1": 0.0,
      "P_sc_ge1_ci95": [
        0.9983368556527857,
        0.9999999999999999
      ],
      "P_jo_ge1_ci95": [
        1.0842021724855044e-19,
        0.0016631443472141117
      ],
      "C0": 0.0,
      "C1": 1.0,
      "C2p": 0.0,
      "J0": 1.0,
      "J1": 0.0,
      "J2p": 0.0,
      "class_C0J0": 0.0,
      "class_C1pJ0": 1.0,
      "class_C0J1p": 0.0,
      "class_C1pJ1p": 0.0,
      "class_D_taujo_lt_tausc": null,
      "class_D_tausc_lt_taujo": null,
      "class_D_tie": null
    },
    {
      "window": "valley",
      "n": 2084,
      "frac": 0.01042,
      "P_sc_ge1": 0.9347408829174664,
      "P_jo_ge1": 0.0,
      "P_sc_ge1_ci95": [
        0.9233164795419437,
        0.9445654517310034
      ],
      "P_jo_ge1_ci95": [
        1.0842021724855044e-19,
        0.0018399863284647646
      ],
      "C0": 0.06525911708253358,
      "C1": 0.9347408829174664,
      "C2p": 0.0,
      "J0": 1.0,
      "J1": 0.0,
      "J2p": 0.0,
      "class_C0J0": 0.06525911708253358,
      "class_C1pJ0": 0.9347408829174664,
      "class_C0J1p": 0.0,
      "class_C1pJ1p": 0.0,
      "class_D_taujo_lt_tausc": null,
      "class_D_tausc_lt_taujo": null,
      "class_D_tie": null
    },
    {
      "window": "peak2",
      "n": 5845,
      "frac": 0.029225,
      "P_sc_ge1": 0.15038494439692043,
      "P_jo_ge1": 0.0,
      "P_sc_ge1_ci95": [
        0.14145087728242728,
        0.1597782755125467
      ],
      "P_jo_ge1_ci95": [
        0.0,
        0.0006568138210479149
      ],
      "C0": 0.8496150556030796,
      "C1": 0.15004277159965781,
      "C2p": 0.00034217279726261765,
      "J0": 1.0,
      "J1": 0.0,
      "J2p": 0.0,
      "class_C0J0": 0.8496150556030796,
      "class_C1pJ0": 0.15038494439692043,
      "class_C0J1p": 0.0,
      "class_C1pJ1p": 0.0,
      "class_D_taujo_lt_tausc": null,
      "class_D_tausc_lt_taujo": null,
      "class_D_tie": null
    },
    {
      "window": "other",
      "n": 189765,
      "frac": 0.948825,
      "P_sc_ge1": 0.1629752588728164,
      "P_jo_ge1": 0.0,
      "P_sc_ge1_ci95": [
        0.161320287156325,
        0.1646438757613455
      ],
      "P_jo_ge1_ci95": [
        0.0,
        2.0243576171990502e-05
      ],
      "C0": 0.8370247411271836,
      "C1": 0.16226912233552024,
      "C2p": 0.0007061365372961295,
      "J0": 1.0,
      "J1": 0.0,
      "J2p": 0.0,
      "class_C0J0": 0.8370247411271836,
      "class_C1pJ0": 0.1629752588728164,
      "class_C0J1p": 0.0,
      "class_C1pJ1p": 0.0,
      "class_D_taujo_lt_tausc": null,
      "class_D_tausc_lt_taujo": null,
      "class_D_tie": null
    }
  ]
}