{
  "baseline": {
    "Lx": 60,
    "bx_base": -0.08,
    "start_x": 7,
    "target_x": 58,
    "corridor_halfwidth": 2,
    "wall_margin": 5,
    "delta_core": 1.0,
    "delta_open": 0.55
  },
  "symmetric": {
    "scan_size": 196,
    "phase2_count": 106,
    "phase2_positive_kappa_count": 99,
    "rep": {
      "Wy": 16,
      "kappa": 0.002,
      "phase": 2,
      "t_peak1": 394,
      "t_peak2": 1696,
      "t_valley": 1080,
      "sep": 1.528169014084507,
      "valley_over_max": 0.07964743528266384,
      "in_symmetric_table": true
    },
    "committor_stats": {
      "q_min": 0.0,
      "q_max": 1.0,
      "interior_residual_inf": 9.922618282587337e-12,
      "boundary_A_residual_inf": 0.0,
      "boundary_B_residual_inf": 0.0
    },
    "basin_schematic": {
      "path": "figures/one_target_basin_schematic.pdf",
      "payload": {
        "q_start": 0.0,
        "q_target": 1.0,
        "interior_residual_inf": 9.922618282587337e-12,
        "boundary_A_residual_inf": 0.0,
        "boundary_B_residual_inf": 0.0
      }
    },
    "start_scan": {
      "rows": 959,
      "base_start": [
        7,
        7
      ],
      "phase_map_x_values": [
        0,
        1,
        2,
        3,
        4,
        5,
        6,
        7,
        8,
        9,
        10,
        11,
        12,
        13,
        14,
        15,
        16,
        17,
        18,
        19,
        20,
        21,
        22,
        23,
        24,
        25,
        26,
        27,
        28,
        29,
        30,
        31,
        32,
        33,
        34,
        35,
        36,
        37,
        38,
        39,
        40,
        41,
        42,
        43,
        44,
        45,
        46,
        47,
        48,
        49,
        50,
        51,
        52,
        53,
        54,
        55,
        56,
        57,
        58,
        59
      ],
      "phase_map_y_values": [
        0,
        1,
        2,
        3,
        4,
        5,
        6,
        7,
        8,
        9,
        10,
        11,
        12,
        13,
        14,
        15
      ],
      "local_sep_x_values": [
        5,
        6,
        7,
        8,
        9,
        10,
        11,
        12,
        13,
        14,
        15
      ],
      "local_sep_y_values": [
        3,
        4,
        5,
        6,
        7,
        8,
        9,
        10,
        11
      ],
      "phase_counts": {
        "0": 77,
        "1": 712,
        "2": 170
      },
      "phase2_count": 170,
      "phase0_examples": [
        {
          "label": "A",
          "description": "phase-0 onset on the centerline",
          "start_x": 46,
          "start_y": 7
        },
        {
          "label": "B",
          "description": "off-axis phase-0 loss near the target",
          "start_x": 47,
          "start_y": 5
        },
        {
          "label": "C",
          "description": "target-adjacent phase-0 collapse",
          "start_x": 57,
          "start_y": 7
        }
      ],
      "horizontal_phase2_x": [
        7,
        8,
        9,
        10,
        11,
        12,
        13,
        14,
        15,
        16,
        17,
        18,
        19,
        20
      ],
      "vertical_phase2_y": [
        5,
        6,
        7,
        8,
        9
      ],
      "center_case": {
        "phase": 2,
        "sep_peaks": 1.528169014084507,
        "t_peak1": 394,
        "t_peak2": 1696
      }
    }
  },
  "asymmetric": {
    "scan_size": 225,
    "phase2_count": 204,
    "phase2_nonsymmetric_count": 192,
    "phase2_positive_kappa_count": 203,
    "rep": {
      "Wy": 16,
      "kappa_top": 0.002,
      "kappa_bottom": 0.0,
      "phase": 2,
      "t_peak1": 394,
      "t_peak2": 1704,
      "t_valley": 1081,
      "sep": 1.7316589557171183,
      "valley_over_max": 0.06846736141633934,
      "in_asymmetric_table": true
    },
    "committor_stats": {
      "q_min": 0.0,
      "q_max": 1.0,
      "interior_residual_inf": 9.92234072683118e-12,
      "boundary_A_residual_inf": 0.0,
      "boundary_B_residual_inf": 0.0
    }
  },
  "membrane_lr_exact": {
    "method": "augmented_state_exact",
    "q_star_values": [
      0.4,
      0.5,
      0.6
    ],
    "window_names": [
      "peak1",
      "valley",
      "peak2"
    ],
    "dominant_sym_q05": [
      "L0R0",
      "L0R0",
      "L0R1"
    ],
    "dominant_asym_q05": [
      "L0R0",
      "L0R0",
      "L0R1"
    ],
    "qstar_rows": [
      {
        "case": "sym",
        "q_star": 0.4,
        "window": "peak1",
        "L0R0": 0.917681636851912,
        "L0R1": 0.0781103160194647,
        "L1R0": 0.0038116163815785082,
        "L1R1": 0.0003964307470447811
      },
      {
        "case": "sym",
        "q_star": 0.4,
        "window": "valley",
        "L0R0": 0.43071545891327995,
        "L0R1": 0.2661707996987657,
        "L1R0": 0.10570308814947935,
        "L1R1": 0.19741065323847484
      },
      {
        "case": "sym",
        "q_star": 0.4,
        "window": "peak2",
        "L0R0": 0.0362856485569953,
        "L0R1": 0.8477442460208309,
        "L1R0": 0.011726939420874813,
        "L1R1": 0.10424316600129908
      },
      {
        "case": "asym",
        "q_star": 0.4,
        "window": "peak1",
        "L0R0": 0.9196745748504215,
        "L0R1": 0.07830714393392844,
        "L1R0": 0.001829633269475437,
        "L1R1": 0.00018864794617466988
      },
      {
        "case": "asym",
        "q_star": 0.4,
        "window": "valley",
        "L0R0": 0.5079643905932736,
        "L0R1": 0.3207838347473771,
        "L1R0": 0.05857634271576011,
        "L1R1": 0.11267543194358923
      },
      {
        "case": "asym",
        "q_star": 0.4,
        "window": "peak2",
        "L0R0": 0.03655254975150572,
        "L0R1": 0.9056377791766119,
        "L1R0": 0.005470927162900373,
        "L1R1": 0.052338743908982015
      },
      {
        "case": "sym",
        "q_star": 0.5,
        "window": "peak1",
        "L0R0": 0.9957919528713766,
        "L0R1": 1.7406884244292897e-16,
        "L1R0": 0.004208047128623079,
        "L1R1": 2.0988738732264772e-16
      },
      {
        "case": "sym",
        "q_star": 0.5,
        "window": "valley",
        "L0R0": 0.5808336612059675,
        "L0R1": 0.1160525974060784,
        "L1R0": 0.29930862489155097,
        "L1R1": 0.0038051164964031273
      },
      {
        "case": "sym",
        "q_star": 0.5,
        "window": "peak2",
        "L0R0": 0.14181825960323255,
        "L0R1": 0.7422116349745935,
        "L1R0": 0.07990295263943877,
        "L1R1": 0.036067152782735104
      },
      {
        "case": "asym",
        "q_star": 0.5,
        "window": "peak1",
        "L0R0": 0.9979817187843497,
        "L0R1": 1.7375623865017503e-16,
        "L1R0": 0.002018281215650012,
        "L1R1": 9.460076774593357e-17
      },
      {
        "case": "asym",
        "q_star": 0.5,
        "window": "valley",
        "L0R0": 0.6871606364797076,
        "L0R1": 0.14158758886094308,
        "L1R0": 0.1691433942203481,
        "L1R1": 0.0021083804390011622
      },
      {
        "case": "asym",
        "q_star": 0.5,
        "window": "peak2",
        "L0R0": 0.14851004764157855,
        "L0R1": 0.793680281286539,
        "L1R0": 0.03960616704770789,
        "L1R1": 0.018203504024174512
      },
      {
        "case": "sym",
        "q_star": 0.6,
        "window": "peak1",
        "L0R0": 0.9957919528713768,
        "L0R1": 2.800920801006178e-17,
        "L1R0": 0.00420804712862325,
        "L1R1": 3.812258192530274e-17
      },
      {
        "case": "sym",
        "q_star": 0.6,
        "window": "valley",
        "L0R0": 0.6372372366963986,
        "L0R1": 0.059649021915647034,
        "L1R0": 0.3012619510851016,
        "L1R1": 0.0018517903028526061
      },
      {
        "case": "sym",
        "q_star": 0.6,
        "window": "peak2",
        "L0R0": 0.42590913920634593,
        "L0R1": 0.4581207553714802,