window,t_lo,t_hi,near_fraction,far_fraction
peak1,1,37,1.0,0.0
valley,281,333,0.7262652680788775,0.2737347319211225
peak2,713,765,0.0019023584805429408,0.998097641519457
