window,t_lo,t_hi,near_fraction,far_fraction
peak1,1,33,1.0,0.0
valley,170,222,0.6771551895049714,0.3228448104950285
peak2,443,495,3.8631690564142995e-05,0.9999613683094359
