{
  "params": {
    "N": 120,
    "K": 4,
    "n0": 0,
    "target": 60,
    "sc_src": 5,
    "sc_dst": 61,
    "mode": "lazy_selfloop",
    "q": 0.6666666667,
    "beta": 0.01,
    "rho": 1.0,
    "jumpover_absorbs": false,
    "n0_paper": 1,
    "target_paper": 61,
    "sc_src_paper": 6,
    "sc_dst_paper": 62,
    "p_shortcut": 0.0033333333330000004
  },
  "paper_peaks": [
    [
      32,
      0.00011037965353129861
    ],
    [
      702,
      0.00043815966232562715
    ]
  ],
  "peaks_valley": {
    "t1": 32,
    "tv": 128,
    "t2": 702,
    "delta": 33
  },
  "exact_meta": {
    "method": "aw",
    "r": 0.9977000638225533,
    "L": 8192,
    "max_steps": 4000,
    "x_nnz": 2
  },
  "cond_by_time": {
    "max_t": 4000,
    "min_n": 50,
    "smooth_window": 21
  },
  "summaries": [
    {
      "window": "peak1",
      "n": 1182,
      "frac": 0.00591,
      "P_sc_ge1": 1.0,
      "P_jo_ge1": 0.3401015228426396,
      "P_sc_ge1_ci95": [
        0.9967604442279644,
        1.0
      ],
      "P_jo_ge1_ci95": [
        0.31365046930946305,
        0.36758857644504583
      ],
      "C0": 0.0,
      "C1": 1.0,
      "C2p": 0.0,
      "J0": 0.6598984771573604,
      "J1": 0.2326565143824027,
      "J2p": 0.10744500846023688,
      "class_C0J0": 0.0,
      "class_C1pJ0": 0.6598984771573604,
      "class_C0J1p": 0.0,
      "class_C1pJ1p": 0.3401015228426396,
      "class_D_taujo_lt_tausc": 0.0,
      "class_D_tausc_lt_taujo": 1.0,
      "class_D_tie": 0.0
    },
    {
      "window": "valley",
      "n": 1114,
      "frac": 0.00557,
      "P_sc_ge1": 0.9245960502692998,
      "P_jo_ge1": 0.3599640933572711,
      "P_sc_ge1_ci95": [
        0.9075893872951453,
        0.9386843602554915
      ],
      "P_jo_ge1_ci95": [
        0.3323029390466614,
        0.38858774886475633
      ],
      "C0": 0.07540394973070018,
      "C1": 0.9245960502692998,
      "C2p": 0.0,
      "J0": 0.6400359066427289,
      "J1": 0.23070017953321365,
      "J2p": 0.12926391382405744,
      "class_C0J0": 0.05834829443447038,
      "class_C1pJ0": 0.5816876122082585,
      "class_C0J1p": 0.017055655296229804,
      "class_C1pJ1p": 0.34290843806104127,
      "class_D_taujo_lt_tausc": 0.0,
      "class_D_tausc_lt_taujo": 1.0,
      "class_D_tie": 0.0
    },
    {
      "window": "peak2",
      "n": 5841,
      "frac": 0.029205,
      "P_sc_ge1": 0.08097928436911488,
      "P_jo_ge1": 0.2622838555041945,
      "P_sc_ge1_ci95": [
        0.07425537255263487,
        0.08825401007973618
      ],
      "P_jo_ge1_ci95": [
        0.2511618454555768,
        0.2737183497579256
      ],
      "C0": 0.9190207156308852,
      "C1": 0.08080808080808081,
      "C2p": 0.0001712035610340695,
      "J0": 0.7377161444958055,
      "J1": 0.16521143639787708,
      "J2p": 0.0970724191063174,
      "class_C0J0": 0.6885807224790276,
      "class_C1pJ0": 0.04913542201677795,
      "class_C0J1p": 0.23043999315185756,
      "class_C1pJ1p": 0.03184386235233693,
      "class_D_taujo_lt_tausc": 0.0,
      "class_D_tausc_lt_taujo": 1.0,
      "class_D_tie": 0.0
    },
    {
      "window": "other",
      "n": 191863,
      "frac": 0.959315,
      "P_sc_ge1": 0.08991832713967779,
      "P_jo_ge1": 0.28685051312655385,
      "P_sc_ge1_ci95": [
        0.08864648080435673,
        0.09120659496545884
      ],
      "P_jo_ge1_ci95": [
        0.2848309455075123,
        0.288878616197182
      ],
      "C0": 0.9100816728603222,
      "C1": 0.08949093884698978,
      "C2p": 0.00042738829268801175,
      "J0": 0.7131494868734461,
      "J1": 0.1771159629527319,
      "J2p": 0.10973455017382194,
      "class_C0J0": 0.6585323902993282,
      "class_C1pJ0": 0.05461709657411799,
      "class_C0J1p": 0.25154928256099407,
      "class_C1pJ1p": 0.0353012305655598,
      "class_D_taujo_lt_tausc": 0.03100546286726709,
      "class_D_tausc_lt_taujo": 0.9689945371327329,
      "class_D_tie": 0.0
    }
  ]
}