{
  "params": {
    "N": 100,
    "K": 4,
    "n0": 0,
    "target": 50,
    "sc_src": 5,
    "sc_dst": 51,
    "mode": "lazy_selfloop",
    "q": 0.6666667,
    "beta": 0.02,
    "rho": 1.0,
    "jumpover_absorbs": false,
    "n0_paper": 1,
    "target_paper": 51,
    "sc_src_paper": 6,
    "sc_dst_paper": 52,
    "p_shortcut": 0.006666666000000002
  },
  "paper_peaks": [
    [
      31,
      0.00021840306538461476
    ],
    [
      475,
      0.000647469992016414
    ]
  ],
  "peaks_valley": {
    "t1": 31,
    "tv": 95,
    "t2": 475,
    "delta": 22
  },
  "exact_meta": {
    "method": "aw",
    "r": 0.9977000638225533,
    "L": 8192,
    "max_steps": 4000,
    "x_nnz": 2
  },
  "cond_by_time": {
    "max_t": 4000,
    "min_n": 50,
    "smooth_window": 21
  },
  "summaries": [
    {
      "window": "peak1",
      "n": 1825,
      "frac": 0.009125,
      "P_sc_ge1": 1.0,
      "P_jo_ge1": 0.3019178082191781,
      "P_sc_ge1_ci95": [
        0.997899435358426,
        1.0
      ],
      "P_jo_ge1_ci95": [
        0.2812888132614712,
        0.3233789720732457
      ],
      "C0": 0.0,
      "C1": 1.0,
      "C2p": 0.0,
      "J0": 0.6980821917808219,
      "J1": 0.20602739726027397,
      "J2p": 0.0958904109589041,
      "class_C0J0": 0.0,
      "class_C1pJ0": 0.6980821917808219,
      "class_C0J1p": 0.0,
      "class_C1pJ1p": 0.3019178082191781,
      "class_D_taujo_lt_tausc": 0.0,
      "class_D_tausc_lt_taujo": 1.0,
      "class_D_tie": 0.0
    },
    {
      "window": "valley",
      "n": 1658,
      "frac": 0.00829,
      "P_sc_ge1": 0.9348612786489746,
      "P_jo_ge1": 0.36972255729794934,
      "P_sc_ge1_ci95": [
        0.9219488840928755,
        0.9457631770325651
      ],
      "P_jo_ge1_ci95": [
        0.3468122955069409,
        0.39323513139583977
      ],
      "C0": 0.06513872135102533,
      "C1": 0.9348612786489746,
      "C2p": 0.0,
      "J0": 0.6302774427020507,
      "J1": 0.24246079613992763,
      "J2p": 0.1272617611580217,
      "class_C0J0": 0.05186972255729795,
      "class_C1pJ0": 0.5784077201447527,
      "class_C0J1p": 0.013268998793727383,
      "class_C1pJ1p": 0.35645355850422195,
      "class_D_taujo_lt_tausc": 0.0,
      "class_D_tausc_lt_taujo": 1.0,
      "class_D_tie": 0.0
    },
    {
      "window": "peak2",
      "n": 5980,
      "frac": 0.0299,
      "P_sc_ge1": 0.1254180602006689,
      "P_jo_ge1": 0.28043478260869564,
      "P_sc_ge1_ci95": [
        0.11726346528397319,
        0.13405361503446306
      ],
      "P_jo_ge1_ci95": [
        0.26919290988765965,
        0.29195857513828094
      ],
      "C0": 0.8745819397993311,
      "C1": 0.12491638795986622,
      "C2p": 0.0005016722408026755,
      "J0": 0.7195652173913043,
      "J1": 0.17725752508361203,
      "J2p": 0.10317725752508361,
      "class_C0J0": 0.6431438127090301,
      "class_C1pJ0": 0.07642140468227425,
      "class_C0J1p": 0.231438127090301,
      "class_C1pJ1p": 0.04899665551839465,
      "class_D_taujo_lt_tausc": 0.0,
      "class_D_tausc_lt_taujo": 1.0,
      "class_D_tie": 0.0
    },
    {
      "window": "other",
      "n": 190537,
      "frac": 0.952685,
      "P_sc_ge1": 0.1389336454336953,
      "P_jo_ge1": 0.2925206127943654,
      "P_sc_ge1_ci95": [
        0.13738786296959393,
        0.14049398721742662
      ],
      "P_jo_ge1_ci95": [
        0.2904821265386141,
        0.29456746526501537
      ],
      "C0": 0.8610663545663048,
      "C1": 0.13783149729448874,
      "C2p": 0.0011021481392065582,
      "J0": 0.7074793872056346,
      "J1": 0.1803849121168067,
      "J2p": 0.1121357006775587,
      "class_C0J0": 0.6229393766040192,
      "class_C1pJ0": 0.08454001060161544,
      "class_C0J1p": 0.23812697796228555,
      "class_C1pJ1p": 0.05439363483207986,
      "class_D_taujo_lt_tausc": 0.030779621767657275,
      "class_D_tausc_lt_taujo": 0.9692203782323427,
      "class_D_tie": 0.0
    }
  ]
}