{
  "params": {
    "N": 110,
    "K": 4,
    "n0": 0,
    "target": 55,
    "sc_src": 5,
    "sc_dst": 56,
    "mode": "lazy_selfloop",
    "q": 0.6666666667,
    "beta": 0.01,
    "rho": 1.0,
    "jumpover_absorbs": false,
    "n0_paper": 1,
    "target_paper": 56,
    "sc_src_paper": 6,
    "sc_dst_paper": 57,
    "p_shortcut": 0.0033333333330000004
  },
  "paper_peaks": [
    [
      32,
      0.00011037965351395901
    ],
    [
      594,
      0.0005181684682618523
    ]
  ],
  "peaks_valley": {
    "t1": 32,
    "tv": 105,
    "t2": 594,
    "delta": 28
  },
  "exact_meta": {
    "method": "aw",
    "r": 0.9977000638225533,
    "L": 8192,
    "max_steps": 4000,
    "x_nnz": 2
  },
  "cond_by_time": {
    "max_t": 4000,
    "min_n": 50,
    "smooth_window": 21
  },
  "summaries": [
    {
      "window": "peak1",
      "n": 1085,
      "frac": 0.005425,
      "P_sc_ge1": 1.0,
      "P_jo_ge1": 0.30599078341013825,
      "P_sc_ge1_ci95": [
        0.9964718467773458,
        1.0
      ],
      "P_jo_ge1_ci95": [
        0.27929446966190397,
        0.3340560856438448
      ],
      "C0": 0.0,
      "C1": 1.0,
      "C2p": 0.0,
      "J0": 0.6940092165898617,
      "J1": 0.19907834101382488,
      "J2p": 0.10691244239631337,
      "class_C0J0": 0.0,
      "class_C1pJ0": 0.6940092165898617,
      "class_C0J1p": 0.0,
      "class_C1pJ1p": 0.30599078341013825,
      "class_D_taujo_lt_tausc": 0.0,
      "class_D_tausc_lt_taujo": 1.0,
      "class_D_tie": 0.0
    },
    {
      "window": "valley",
      "n": 1022,
      "frac": 0.00511,
      "P_sc_ge1": 0.9363992172211351,
      "P_jo_ge1": 0.3669275929549902,
      "P_sc_ge1_ci95": [
        0.9197417733221614,
        0.9497881813998931
      ],
      "P_jo_ge1_ci95": [
        0.3379277762635449,
        0.3969240761082052
      ],
      "C0": 0.06360078277886497,
      "C1": 0.9363992172211351,
      "C2p": 0.0,
      "J0": 0.6330724070450098,
      "J1": 0.2455968688845401,
      "J2p": 0.12133072407045009,
      "class_C0J0": 0.05675146771037182,
      "class_C1pJ0": 0.576320939334638,
      "class_C0J1p": 0.00684931506849315,
      "class_C1pJ1p": 0.36007827788649704,
      "class_D_taujo_lt_tausc": 0.0,
      "class_D_tausc_lt_taujo": 1.0,
      "class_D_tie": 0.0
    },
    {
      "window": "peak2",
      "n": 5949,
      "frac": 0.029745,
      "P_sc_ge1": 0.07463439233484619,
      "P_jo_ge1": 0.26962514708354346,
      "P_sc_ge1_ci95": [
        0.06822719838403091,
        0.08159059619662784
      ],
      "P_jo_ge1_ci95": [
        0.25849964185114044,
        0.28104799200493263
      ],
      "C0": 0.9253656076651539,
      "C1": 0.07463439233484619,
      "C2p": 0.0,
      "J0": 0.7303748529164565,
      "J1": 0.16574214153639266,
      "J2p": 0.10388300554715078,
      "class_C0J0": 0.6841485964027567,
      "class_C1pJ0": 0.046226256513699784,
      "class_C0J1p": 0.24121701126239703,
      "class_C1pJ1p": 0.028408135821146412,
      "class_D_taujo_lt_tausc": 0.0,
      "class_D_tausc_lt_taujo": 1.0,
      "class_D_tie": 0.0
    },
    {
      "window": "other",
      "n": 191944,
      "frac": 0.95972,
      "P_sc_ge1": 0.08290438878006084,
      "P_jo_ge1": 0.2846090526403534,
      "P_sc_ge1_ci95": [
        0.08167914749533699,
        0.08414632537624751
      ],
      "P_jo_ge1_ci95": [
        0.28259471112917023,
        0.2866320157214014
      ],
      "C0": 0.9170956112199391,
      "C1": 0.08253448922602426,
      "C2p": 0.00036989955403659403,
      "J0": 0.7153909473596466,
      "J1": 0.17545221522944193,
      "J2p": 0.10915683741091152,
      "class_C0J0": 0.6647720168382445,
      "class_C1pJ0": 0.050618930521402074,
      "class_C0J1p": 0.25232359438169466,
      "class_C1pJ1p": 0.03228545825865878,
      "class_D_taujo_lt_tausc": 0.03065999677263192,
      "class_D_tausc_lt_taujo": 0.9693400032273681,
      "class_D_tie": 0.0
    }
  ]
}