{
  "params": {
    "N": 250,
    "K": 4,
    "n0": 0,
    "target": 125,
    "sc_src": 5,
    "sc_dst": 126,
    "mode": "lazy_selfloop",
    "q": 0.6666666667,
    "beta": 0.01,
    "rho": 1.0,
    "jumpover_absorbs": false,
    "n0_paper": 1,
    "target_paper": 126,
    "sc_src_paper": 6,
    "sc_dst_paper": 127,
    "p_shortcut": 0.0033333333330000004
  },
  "paper_peaks": [
    [
      32,
      0.000110379653840964
    ],
    [
      2833,
      0.00010681168237481509
    ]
  ],
  "peaks_valley": {
    "t1": 32,
    "tv": 658,
    "t2": 2833,
    "delta": 140
  },
  "exact_meta": {
    "method": "aw",
    "r": 0.9977000638225533,
    "L": 8192,
    "max_steps": 4000,
    "x_nnz": 2
  },
  "cond_by_time": {
    "max_t": 4000,
    "min_n": 50,
    "smooth_window": 21
  },
  "summaries": [
    {
      "window": "peak1",
      "n": 2962,
      "frac": 0.01481,
      "P_sc_ge1": 1.0,
      "P_jo_ge1": 0.3389601620526671,
      "P_sc_ge1_ci95": [
        0.9987047184178682,
        0.9999999999999999
      ],
      "P_jo_ge1_ci95": [
        0.3221313746555057,
        0.3562061333219938
      ],
      "C0": 0.0,
      "C1": 1.0,
      "C2p": 0.0,
      "J0": 0.6610398379473329,
      "J1": 0.2201215395003376,
      "J2p": 0.1188386225523295,
      "class_C0J0": 0.0,
      "class_C1pJ0": 0.6610398379473329,
      "class_C0J1p": 0.0,
      "class_C1pJ1p": 0.3389601620526671,
      "class_D_taujo_lt_tausc": 0.0,
      "class_D_tausc_lt_taujo": 1.0,
      "class_D_tie": 0.0
    },
    {
      "window": "valley",
      "n": 2258,
      "frac": 0.01129,
      "P_sc_ge1": 0.9047829937998229,
      "P_jo_ge1": 0.3724534986713906,
      "P_sc_ge1_ci95": [
        0.891979620196026,
        0.9162113689519322
      ],
      "P_jo_ge1_ci95": [
        0.35274461012229996,
        0.39259564712648354
      ],
      "C0": 0.09521700620017715,
      "C1": 0.9047829937998229,
      "C2p": 0.0,
      "J0": 0.6275465013286093,
      "J1": 0.22940655447298494,
      "J2p": 0.14304694419840566,
      "class_C0J0": 0.07351638618246235,
      "class_C1pJ0": 0.5540301151461471,
      "class_C0J1p": 0.021700620017714792,
      "class_C1pJ1p": 0.3507528786536758,
      "class_D_taujo_lt_tausc": 0.0,
      "class_D_tausc_lt_taujo": 1.0,
      "class_D_tie": 0.0
    },
    {
      "window": "peak2",
      "n": 5929,
      "frac": 0.029645,
      "P_sc_ge1": 0.1453870804520155,
      "P_jo_ge1": 0.2836903356383876,
      "P_sc_ge1_ci95": [
        0.13664417426402503,
        0.15458922053957125
      ],
      "P_jo_ge1_ci95": [
        0.2723586474196534,
        0.29530215107528707
      ],
      "C0": 0.8546129195479845,
      "C1": 0.14521841794569068,
      "C2p": 0.00016866250632484398,
      "J0": 0.7163096643616124,
      "J1": 0.17979423174228368,
      "J2p": 0.1038961038961039,
      "class_C0J0": 0.6294484736043178,
      "class_C1pJ0": 0.08686119075729465,
      "class_C0J1p": 0.22516444594366672,
      "class_C1pJ1p": 0.05852588969472086,
      "class_D_taujo_lt_tausc": 0.0,
      "class_D_tausc_lt_taujo": 1.0,
      "class_D_tie": 0.0
    },
    {
      "window": "other",
      "n": 188851,
      "frac": 0.944255,
      "P_sc_ge1": 0.17533399346574813,
      "P_jo_ge1": 0.2953492435835659,
      "P_sc_ge1_ci95": [
        0.17362558498246014,
        0.17705561036794806
      ],
      "P_jo_ge1_ci95": [
        0.29329586884478576,
        0.2974109441490942
      ],
      "C0": 0.8246660065342518,
      "C1": 0.17467209599101938,
      "C2p": 0.0006618974747287544,
      "J0": 0.7046507564164342,
      "J1": 0.18278431144129498,
      "J2p": 0.1125649321422709,
      "class_C0J0": 0.597915817231574,
      "class_C1pJ0": 0.10673493918486002,
      "class_C0J1p": 0.22675018930267776,
      "class_C1pJ1p": 0.06859905428088811,
      "class_D_taujo_lt_tausc": 0.01103820918564261,
      "class_D_tausc_lt_taujo": 0.9889617908143574,
      "class_D_tie": 0.0
    }
  ]
}