scan_id,description,N,start_a,start_b,r,q1,q2,mean,extremum_kind,near_extremum,sum_k_p_tau,p_tau_mean_abs_error,top_p_tau,p_k01,tau_k01,p_tau_k01,p_k02,tau_k02,p_tau_k02,p_k03,tau_k03,p_tau_k03,p_k04,tau_k04,p_tau_k04,p_k05,tau_k05,p_tau_k05,p_k06,tau_k06,p_tau_k06,p_k07,tau_k07,p_tau_k07,p_k08,tau_k08,p_tau_k08,p_k09,tau_k09,p_tau_k09,p_k10,tau_k10,p_tau_k10,p_k11,tau_k11,p_tau_k11,p_k12,tau_k12,p_tau_k12,p_k13,tau_k13,p_tau_k13,p_k14,tau_k14,p_tau_k14,p_k15,tau_k15,p_tau_k15
A_fixed_q2_start_5_1,"start=(5,1), q2=0.5, r=q1/q2",15,5,1,0.01,0.005,0.5,40.55429431625041,,False,40.55429431625041,0.0,k=5:30.3092;k=6:5.18637;k=4:3.69797;k=7:0.903307;k=3:0.204789,9.846187107630022e-06,615.6223017105646,0.00606153237027208,8.812255020657086e-05,165.44560049529483,0.014579488236102884,0.0033978565491264694,60.27008063539066,0.20478908820334257,0.07957318335486276,46.472527863588596,3.6979669806533035,0.839620752720393,36.09862606008466,30.30915558474028,0.0692381224692025,74.90634944522978,5.186374996609698,0.006994856131727713,129.138765220684,0.903307083747647,0.0009006425076499744,197.65343045206103,0.17801508124796406,0.00014228794922311895,280.261413363699,0.03987782175389355,2.6633562217082948e-05,377.14683792452325,0.010044763772838888,5.748738375107923e-06,488.6078231551391,0.0028088785433498936,1.4013014765055337e-06,615.0638130220296,0.0008618898293328936,3.805487426780288e-07,758.6815184475706,0.0002887152979382807,1.1716722292638924e-07,928.9037047391906,0.0001088370674503256,4.826246554568833e-08,1110.0588498252364,5.357417699337688e-05
A_fixed_q2_start_5_1,"start=(5,1), q2=0.5, r=q1/q2",15,5,1,0.010693674532045025,0.005346837266022512,0.5,40.59301396180835,,False,40.59301396180837,1.4210854715202004e-14,k=5:29.8305;k=6:5.38329;k=4:3.87322;k=7:0.985723;k=3:0.227726,1.1510587330282374e-05,600.4169217304755,0.006911151412157954,0.00010401570020969944,158.40030552642358,0.016476118692761273,0.0038173847529544627,59.65503249289683,0.2277262114753874,0.08389704502367282,46.166298952841345,3.8732160618228697,0.8307673161343297,35.90712149260266,29.830462952518822,0.07243723120194473,74.31662884196425,5.383290825574478,0.0077075909405340546,127.88990615229949,0.985723082045214,0.0010417589340936998,195.43642485493086,0.20359764163995622,0.00017224234091679287,276.71673996985015,0.04766233906327045,3.364630944343146e-05,371.8772616829177,0.012512297421559387,7.559625624664748e-06,481.20193112212803,0.003637706449149,1.913805733631528e-06,605.154606823789,0.0011581483562729004,5.38963482449314e-07,746.1227729126157,0.00040213292802372203,1.7223256086892954e-07,913.4977457963765,0.00015733405610650434,7.344716890445557e-08,1088.6512513873377,7.995835233869271e-05
A_fixed_q2_start_5_1,"start=(5,1), q2=0.5, r=q1/q2",15,5,1,0.01143546749973084,0.00571773374986542,0.5,40.63445140513156,,False,40.63445140513145,1.0658141036401503e-13,k=5:29.3379;k=6:5.57982;k=4:4.05242;k=7:1.07335;k=3:0.252966,1.3422496525609919e-05,585.0893220555668,0.007853359392462308,0.00012271966400473884,151.63255675836317,0.01860829641756582,0.004284685727802822,59.0394726641967,0.2529655859012885,0.0883865198424179,45.84880142827263,4.052415997191097,0.8215496371871006,35.7103977684998,29.33786433051806,0.07569971039297638,73.70989230702105,5.5798175007389705,0.00847767159796346,126.60936847271735,1.0733526471372463,0.001201898026419179,193.17293482979892,0.232174169129536,0.00020779920267848396,273.11348388049356,0.05675276419110954,4.23264826610653e-05,366.54243509954273,0.015514452023785447,9.890633509174303e-06,473.7338984077826,0.00468552837002379,2.5983451292577342e-06,595.2071931410086,0.001546553711197107,7.582531060981555e-07,733.5781389474571,0.0005562379024226136,2.513284561057729e-07,898.0872203722469,0.00022571487454448182,1.1081924621128873e-07,1067.2120248584672,0.00011826763214243846
A_fixed_q2_start_5_1,"start=(5,1), q2=0.5, r=q1/q2",15,5,1,0.01222871675639002,0.00611435837819501,0.5,40.678798480673876,,False,40.678798480673876,0.0,k=5:28.8319;k=6:5.77517;k=4:4.23519;k=7:1.16621;k=3:0.280692,1.5614052772464953e-05,569.6418359630155,0.008894417688130348,0.0001447170437522733,145.14654913936963,0.021005179502293643,0.004804470512974179,58.42307069524443,0.2806919204327077,0.09304014286460194,45.52003623040886,4.235190674079097,0.8119657920577928,35.50875304198217,28.83189278871761,0.07901801598402382,73.08674015799947,5.775169202024998,0.009307420417092878,125.29855652310474,1.166206343215411,0.0013830081200847614,190.86580026731696,0.26396895161617556,0.0002498315309575176,269.4566147782515,0.06731875859668063,5.3017436515341435e-05,361.1501941580868,0.019147257491279598,1.2873870118043003e-05,466.215423339394,0.006001996807099793,3.506680280118973e-06,585.2384422774505,0.0020522441047018817,1.0596151276077812e-06,721.0671967592768,0.0007640537097078661,3.6404722940984985e-07,882.685315379242,0.00032133914350457256,1.6576667609132325e-07,1045.7683568914981,0.00017335354448338829
A_fixed_q2_start_5_1,"start=(5,1), q2=0.5, r=q1/q2",15,5,1,0.013076991693740022,0.006538495846870011,0.5,40.726260539322645,,False,40.72626053932261,3.552713678800501e-14,k=5:28.3132;k=6:5.96853;k=4:4.42111;k=7:1.26425;k=3:0.311097,1.8121295901319247e-05,554.0760740835287,0.010040576490308909,0.0001705687711606823,138.9442185243765,0.02369954461358421,0.005381787431493419,57.80546462650542,0.3110967229985643,0.0978554518473502,45.180049895006945,4.421114196961732,0.8020152519701038,35.30253627215867,28.313172523499063,0.0823837348029271,72.44787868104267,5.968526824293655,0.010198919983614132,123.95905308234069,1.2642484636313693,0.0015871233658795935,188.51810471510007,0.2992014888846713,0.00029930834063612784,265.7513836582066,0.0795416056644928,6.611871287186665e-05,355.7086727824069,0.02351899960173273,1.666952213256029e-05,458.6585253311054,0.0076456184392943265,4.703995385109447e-06,575.2654056923642,0.0027060458135899947,1.4707479896482257e-06,708.6088252518459,0.0010421850051861433,5.234064232818659e-07,867.3044093280814,0.00045395269878300247,2.458061315560621e-07,1024.3468093745505,0.0002517907265841532
A_fixed_q2_start_5_1,"start=(5,1), q2=0.5, r=q1/q2",15,5,1,0.0139841093031112,0.0069920546515556,0.5,40.77705733850805,,False,40.777057338508044,7.105427357601002e-15,k=5:27.7824;k=6:6.15905;k=4:4.60971;k=7:1.36739;k=3:0.344377,2.098473795750131e-05,538.3931774421976,0.011298039746731024,0.00020092548540591242,133.02536351183724,0.02672818573491385,0.0060220244586859815,57.18627233349828,0.3443771306934041,0.10282891218169557,44.82893761445394,4.6097108891553935,0.7916989841851628,35.09214874192172,27.782418511854065,0.08578759583686378,71.79412124201589,6.159045056572856,0.01115396046235046,122.59261618214029,1.3673931938716979,0.0018163466844786215,186.13316306364953,0.3380823536021784,0.00035729672138824846,262.0032985493461,0.09361291956458778,8.209160073977544e-05,350.2262687257074,0.028750635020812074,2.1470237848413876e-05,451.07549792270333,0.00968469822799216,6.271674872531757e-06,565.3052114811001,0.003545410490157266,2.0275213040407265e-06,696.2210384988217,0.0014116029878777198,7.46903382805327e-07,851.9560824800028,0.0006363288800058883,3.61307863775415e-07,1002.9732029355159,0.00036238210537661706
A_fixed_q2_start_5_1,"start=(5,1), q2=0.5, r=q1/q2",15,5,1,0.014954151350801415,0.007477075675400707,0.5,40.83142395887031,,False,40.83142395887035,4.263256414560601e-14,k=5:27.2404;k=6:6.34586;k=4:4.80046;k=7:1.4755;k=8:0.380809,2.4250051242928473e-05,522.5941431935574,0.012672934751698069,0.00023654021876982494,127.38779827602194,0.030132337672816558,0.006730907370487312,56.565102984973336,0.3807344685939309,0.10795584637779132,44.46684604892606,4.800456000962758,0.7810195448617433,34.878045148164084,27.240434947286445,0.08921949385596233,71.1263884090035,6.345860373653878,0.012173985694904174,121.20117420141968,1.475501360933672,0.002072828724696244,183.71450714086816,0.3808087075450048,0.00042496202285382986,258.21809883133375,0.10973288561683375,0.00010146438542537432,344.71160956500603,0.03497595161350492,2.75057745672744e-05,443.4788605400925,0.012198229563367507,8.31044536759797e-06,555.3749542747611,0.004615413216032623,2.7759673963893506e-06,683.9208321360654,0.0018985419317211916,1.0578300464512202e-06,836.6511401568853,0.0008850347144556243,5.264187474042601e-07,981.6725121975932,0.0005167708142322503
A_fixed_q2_start_5_1,"start=(5,1), q2=0.5, r=q1/q2",15,5,1,0.01599148274484118,0.00799574137242059,0.5,40.889611734664804,,False,40.88961173466488,7.815970093361102e-14,k=5:26.6881;k=6:6.5281;k=4:4.99278;k=7:1.58838;k=8:0.42756,2.796889918420112e-05,506.6802256528816,0.01417128814991372,0.0002782824598412592,122.02753011356333,0.03395812124835573,0.007514492981423437,55.94156836750714,0.42037252286745175,0.11323036974172483,44.093975831874246,4.9927771868257995,0.7699811616717273,34.66073421361274,26.68811239419252,0.09266852608138537,70.44570703716573,6.5280998398952255,0.013260039126794887,119.78681926757643,1.5883779103623712,0.002358742760434565,181.26586943089572,0.4275595572340024,0.0005035658107101078,254.40172862020268,0.1281080127186852,0.00012483704598300745,339.1735192367487,0.04234142021717646,3.504781516939214e-05,435.8813087670564,0.015276687545460537,1.0943873697733316e-05,545.4915800843665,0.005969790955620285,3.7746233072932134e-06,671.7240423986266,0.0025355052265070704,1.4868895682946054e-06,821.3996471393554,0.0012213305667323772,7.602190508326583e-07,960.468773134396,0.0007301666590666383
A_fixed_q2_start_5_1,"start=(5,1), q2=0.5, r=q1/q2",15,5,1,0.01710077117581455,0.008550385587907276,0.5,40.95188917969706,,False,40.951889179696906,1.5631940186722204e-13,k=5:26.1264;k=6:6.70489;k=4:5.18606;k=7:1.70577;k=8:0.478491,3.219993947872596e-05,490.65341246854996,0.015799010186517675,0.00032715364850798023,116.93895509811692,0.038257005813059825,0.008379156769842157,55.315293842023586,0.46349551887220014,0.11864533395401035,43.71058371636693,5.1860568023530815,0.7585898040684795,34.44077877599719,26.126423623649554,0.09612304235377933,69.75320828475611,6.704890594267603,0.014412710730659795,118.35179902706221,1.7057702438302311,0.002676255582406836,178.79116517940415,0.47849085389640306,0.0005944612512926692,250.5603097136566,0.14894839523665904,0.00015288513041333043,333.62098544749784,0.05100568786876452,4.441482841830865e-05,428.295662806597,0.019022678375860785,1.4322193594945084e-05,535.6717667902534,0.007671994747316284,5.097245356048942e-06,659.6452203630935,0.0033623735361356594,2.0741555660787808e-06,806.210970901823,0.0016722069727297941,1.0881481904613927e-06,939.3850026613309,0.0010221900907924977
A_fixed_q2_start_5_1,"start=(5,1), q2=0.5, r=q1/q2",15,5,1,0.018287008120113774,0.009143504060056887,0.5,41.018542883929655,,False,41.01854288392957,8.526512829121202e-14,k=5:25.5564;k=6:6.87537;k=4:5.37964;k=7:1.82737;k=8:0.533731,3.701003359911616e-05,474.5169719808599,0.017561889076362486,0.00038430413583227075,112.11506523754733,0.04308628325989428,0.009331574193136414,54.685928720204856,0.510305801173161,0.12419228029742274,43.316984312047886,5.379635057320915,0.7468532391723195,34.21879531735723,25.556418123342844,0.09957070898263051,69.05012454883719,6.875369856666659,0.015632086195666,116.89850688291475,1.8273675357383785,0.003027494577685413,176.29447319023632,0.5337305616593468,0.0006990856160311401,246.70011458714538,0.17246450158110738,0.00018636251555217826,328.0631281702077,0.06113866982571658,5.597681686642343e-05,420.73481372402597,0.023551395617158577,1.8626412602597793e-05,525.9318011716575,0.009796222729450719,6.8359080182786376e-06,647.6975237234448,0.0044276006958403145,2.8714110181053477e-06,791.0938313510158,0.0022715555436964804,1.5437316172205328e-06,918.4431304104379,0.001417829699033594
A_fixed_q2_start_5_1,"start=(5,1), q2=0.5, r=q1/q2",15,5,1,0.019555531300136122,0.009777765650068061,0.5,41.08987834790981,,False,41.08987834790986,4.973799150320701e-14,k=5:24.9792;k=6:7.0387;k=4:5.57281;k=7:1.9528;k=8:0.593374,4.2475701783929894e-05,458.2760628571226,0.01946559738063265,0.00045105161453278246,107.54766081827263,0.04850954605130594,0.010378695021666832,54.05315587563065,0.5610012197917891,0.12986140427722587,42.91355136694622,5.572814043034502,0.7347810713645554,33.99545290497822,24.979215307043184,0.10299858615077158,68.3377853305547,7.038695269722072,0.016917699724966855,115.42947083203813,1.9528011269482413,0.003414511338921722,173.78001565556738,0.5933738339339292,0.0008189496500936787,242.8275399130457,0.19886352884489758,0.0002261027460021408,322.5091692960367,0.07292020878870321,7.01597669646202e-05,413.21166700976374,0.028990834264467264,2.407262703293405e-05,516.2874535756969,0.012428395311711004,9.104484908999987e-06,635.8926281285384,0.005789474836540618,3.9448963438988604e-06,776.0563547446396,0.003061461876491606,2.170634230939918e-06,897.6639424671421,0.0019485000813996597
A_fixed_q2_start_5_1,"start=(5,1), q2=0.5, r=q1/q2",15,5,1,0.020912048702487498,0.010456024351243749,0.5,41.166220712815345,,False,41.166220712815374,2.842170943040401e-14,k=5:24.396;k=6:7.19406;k=4:5.76486;k=7:2.08165;k=8:0.657478,4.86848680914106e-05,441.9383909707513,0.02151571226894127,0.0005289009915358551,103.22756215248586,0.054597159976278876,0.011527710069976356,53.416700434589245,0.6157722355047248,0.13564153332447526,42.500718554086895,5.764862632068321,0.7223847638717161,33.77147152560767,24.395996483626483,0.10639321841952754,67.61761206235205,7.194055369156701,0.01826849181631143,113.94734106934008,2.0816460678156865,0.003839242300454019,171.25213739212464,0.6574784499190083,0.0009556236228427923,238.94908103609808,0.228345386494672,0.00027301864649235046,316.96840336098006,0.08653828446645617,8.744959026682375e-05,405.73908298463516,0.035481716562243144,3.091644754478088e-05,506.7538515327565,0.015667028869028144,1.2042491969232596e-05,624.2406597491339,0.007517413131897402,5.3784842712507764e-06,761.1061295649945,0.0040935973466178785,3.0250545252274116e-06,877.0670367041391,0.0026531756083096525
A_fixed_q2_start_5_1,"start=(5,1), q2=0.5, r=q1/q2",15,5,1,0.02236266426226758,0.01118133213113379,0.5,41.24791533325535,,False,41.247915333255214,1.3500311979441904e-13,k=5:23.808;k=6:7.34068;k=4:5.95502;k=7:2.21342;k=8:0.726061,5.5738945905636323e-05,425.5148913375009,0.02371775151030368,0.0006195656323608978,99.14481565511608,0.06142672040666663,0.012786009780443057,52.776337423501545,0.6747987664728536,0.14152011916838603,42.07897972971009,5.955022225832672,0.7096776408738391,33.547619806056375,23.807995680894567,0.10974073753887846,66.89111195273568,7.340679960488902,0.019682773390454728,112.45487655856816,2.2134238519538565,0.004303467054131912,168.71528487740366,0.7260606699983866,0.0011107199704316769,235.07130777745044,0.2610983960239054,0.0003280999170851939,311.45016911286825,0.1021867746621017,0.00010839532477444258,398.329813597569,0.043177089512251667,3.9457412205916005e-05,497.34535382639757,0.019623960634625313,1.581925161819705e-05,612.7501503272669,0.009693248807115102,7.277282113710448e-06,746.2502622950464,0.005430673686151471,4.178457367608974e-06,856.6707892270792,0.003579562370861284
A_fixed_q2_start_5_1,"start=(5,1), q2=0.5, r=q1/q2",15,5,1,0.023913905329008413,0.011956952664504207,0.5,41.335328128198675,,False,41.33532812819854,1.3500311979441904e-13,k=5:23.2165;k=6:7.47785;k=4:6.14251;k=7:2.34761;k=8:0.799092,6.375532040327585e-05,409.0204050819425,0.026077226977476924,0.0007249898575786715,95.28889000612871,0.06908347879437295,0.014161134219932441,52.131898282641515,0.738246808720352,0.14748324630386217,41.648888637851186,6.142513301258333,0.6966748689820947,33.324712125787634,23.216489454099126,0.11302697642550777,66.15987092771786,7.477850171661803,0.02115819757417305,110.95493080011214,2.347606347697471,0.004808765146450266,166.1739854904433,0.799091669673176,0.0012858725513064362,231.20084185778566,0.29729481638386673,0.0003924084524799055,305.9638215364982,0.12006278972397523,0.00013361135381507636,390.9964352374634,0.05224156304894632,5.00432392093757e-05,488.0754267121696,0.02442487533117522,2.0638312006420914e-05,601.4280155020389,0.012412459033333633,9.771639675797747e-06,731.4954312800689,0.007147909778961107,5.72062150102292e-06,836.4923313512411,0.004785256016168698
A_fixed_q2_start_5_1,"start=(5,1), q2=0.5, r=q1/q2",15,5,1,0.025572752037855306,0.012786376018927653,0.5,41.42884563285784,,False,41.42884563285783,1.4210854715202004e-14,k=5:22.6228;k=6:7.60491;k=4:6.32654;k=7:2.48362;k=8:0.876495,7.287029082842292e-05,392.4743134826504,0.02859971736616636,0.0008473725140617885,91.64885903896719,0.07766072409474409,0.015660714185690983,51.483276188236125,0.8062648737269563,0.15351565776415677,41.211058044945744,6.32654268292669,0.6833934172957643,33.10360514034889,22.622785841672655,0.11623759284236188,65.42554577133735,7.604907950858022,0.022691740337828382,109.45043705322851,2.4836208974736915,0.005356472292966267,163.63282735949534,0.8764947059708693,0.001482712660392915,227.34433612815337,0.3370863254458354,0.0004670711762654157,300.5187038212309,0.14036362448354037,0.00016377839854207342,383.7512772965661,0.06285016963410674,6.30737493373799e-05,478.95652414171684,0.030209583747217394,2.6742028228963464e-05,590.2795567145868,0.01578527256864152,1.3021513104912992e-05,716.847937139699,0.009334444807694435,7.762950468891746e-06,816.5475364552678,0.006338818080997822
A_fixed_q2_start_5_1,"start=(5,1), q2=0.5, r=q1/q2",15,5,1,0.02734666871815158,0.01367333435907579,0.5,41.528874661521776,,False,41.528874661521755,2.1316282072803006e-14,k=5:22.0282;k=6:7.72126;k=4:6.50631;k=7:2.62086;k=8:0.958143,8.32425418641968e-05,375.9010840167879,0.03129096172306442,0.000989191378354168,88.21356888310689,0.08726010179302085,0.01729240328306187,50.830430156138824,0.8789802973114621,0.1596007991374511,40.76615829788147,6.506311442105715,0.6698519956576726,32.88519374815937,22.02821265979377,0.11935820100973839,64.6898555902393,7.721264786830732,0.024279691032286412,107.94439329311513,2.620856517824445,0.005947637058446583,161.09644020198004,0.9581431577291205,0.001702842082920123,223.5084556781239,0.3805996042171965,0.0005532702482849687,295.12411864511296,0.1632833943976642,0.00019964305092916767,376.60634637908765,0.07518683999040796,7.90042704858607e-05,469.99997397747813,0.03713200507246417,3.441618337374551e-05,579.3084864848383,0.01993758710082917,1.7221101969456042e-05,702.3137485069418,0.012094616677588951,1.0441963161409306e-05,796.8510160063096,0.008320688954269462
A_fixed_q2_start_5_1,"start=(5,1), q2=0.5, r=q1/q2",15,5,1,0.029243637480756996,0.014621818740378498,0.5,41.63584147886841,,False,41.635841478868386,2.1316282072803006e-14,k=5:21.4341;k=6:7.82641;k=4:6.68102;k=7:2.75867;k=8:1.04386,9.505721977571474e-05,359.3306781344758,0.034156975243585484,0.0011532280766973302,84.97178773317843,0.09799185134106715,0.019063801033777528,50.1733879293619,0.9564954846758903,0.16572088144362573,40.31491530938746,6.681023300396811,0.656070971169461,32.67040654687476,21.43410535170924,0.12237450911284795,63.954572748647266,7.826409445637632,0.02591765366974992,106.4398472007838,2.7586710964110153,0.006582979134690543,158.56947750872175,1.0438595618386965,0.001947803608584103,219.69986075854965,0.42793218159092794,0.0006522305870307949,289.78929807003396,0.18900944399546027,0.00024201563816240076,369.5732462406325,0.08944250503667675,9.834832468904796e-05,461.21587227106824,0.04535980835785749,4.399449781708288e-05,568.5169763389948,0.025011618874520466,2.2603639504709835e-05,687.8985421962194,0.01554901066361877,1.3922843585283779e-05,777.416124018525,0.0108238430953875
A_fixed_q2_start_5_1,"start=(5,1), q2=0.5, r=q1/q2",15,5,1,0.03127219413523283,0.015636097067616414,0.5,41.7501903660283,,False,41.75019036602836,6.394884621840902e-14,k=5:20.8418;k=6:7.91991;k=4:6.84989;k=7:2.8964;k=8:1.13342,0.00010853069512674086,342.7987685493579,0.03720418863925256,0.0013425931269642024,81.9123373848963,0.10997494118653467,0.020982367297358216,49.512247678247086,1.038884166502752,0.1718569631199765,39.858107985686615,6.849893394128186,0.6420722634899967,32.46020083893502,20.8417946259949,0.12527246045621368,63.2215134396518,7.919914542350762,0.027600559553395722,104.9398814943688,2.896399448711616,0.007262850396375892,156.05660037343335,1.1334157418792645,0.0022190495645834757,215.92519131597973,0.47914870177232854,0.0007652047466497602,284.52337130019475,0.21771863425170115,0.00029176624695077103,362.6630937644174,0.10581284977519964,0.00012167939352788881,452.61298771776666,0.055073673848343635,5.586284671885877e-05,557.9057261652993,0.03116620206434571,2.944617571694154e-05,673.6077372262041,0.01983517179465419,1.8402890446474694e-05,758.2549691912079,0.013954083128520844
A_fixed_q2_start_5_1,"start=(5,1), q2=0.5, r=q1/q2",15,5,1,0.03344146659851071,0.016720733299255355,0.5,41.87238145859801,,False,41.87238145859797,3.552713678800501e-14,k=5:20.2526;k=6:8.00144;k=4:7.01216;k=7:3.03336;k=8:1.22653,0.00012391609948829421,326.346716448194,0.04043961218307255,0.0015607506233467872,79.02420634663828,0.12333707931500083,0.02305532853574427,48.84717856557401,1.1261877498734743,0.17798905096104214,39.396565122787045,7.012157237329759,0.6278792199063731,32.25555725860223,20.25259412917652,0.12803837586155437,62.492528076018615,8.00144179833601,0.029322691589559885,103.44759991285196,3.03336206792474,0.007987199923841025,153.5624631992435,1.2265340943698377,0.002517909054860916,212.19105279399184,0.5342777731904628,0.0008934552959143369,279.3353295559382,0.24957362952772957,0.00034981878690741835,355.8864315207394,0.12449575975139507,0.00014963156164262778,444.19867838431367,0.06646614192623622,7.046297988770458e-05,547.474053303402,0.03857665320695772,3.807415181011508e-05,659.4465224323935,0.025107867005743408,2.411466802627646e-05,739.3784339723966,0.017829865481032513
A_fixed_q2_start_5_1,"start=(5,1), q2=0.5, r=q1/q2",15,5,1,0.03576121596787283,0.017880607983936415,0.5,42.0028877280028,,False,42.002887728002754,4.263256414560601e-14,k=5:19.6678;k=6:8.07075;k=4:7.16708;k=7:3.16887;k=8:1.32289,0.00014150972835108014,310.0212672696863,0.04387102531439092,0.0018115419970348545,76.29664489257335,0.13821457645575147,0.025289576717305685,48.178420249235636,1.2184118550116383,0.1840962194295271,38.93116180949793,7.1670797071277565,0.6135164716213246,32.05747410448634,19.667788401676443,0.13065909482056925,61.76949169796768,8.070745872783124,0.03107772032341956,101.96611415540114,3.168874378187429,0.0087555441474452,151.09170142700364,1.3228900621567394,0.002845554705367184,208.50400272051277,0.5933095460292472,0.0010382349594719785,274.2339873593653,0.2847193127518897,0.00041714303421660554,349.25313770721675,0.14568851357285836,0.0001828988509207279,435.97882273250514,0.07974002570354691,8.829551686660333e-05,537.2199992449874,0.04743411750441242,4.886552464953781e-05,645.419877686745,0.03153878094240332,3.132862352942013e-05,720.7961998049755,0.022581552785126767
A_fixed_q2_start_5_1,"start=(5,1), q2=0.5, r=q1/q2",15,5,1,0.03824188044306036,0.01912094022153018,0.5,42.14219097622809,,False,42.142190976228,9.237055564881302e-14,k=5:19.0886;k=6:8.12768;k=4:7.31396;k=7:3.30226;k=8:1.42212,0.0001616584060541765,293.8739381197916,0.047507192417309205,0.0020992081977851684,73.71924286543525,0.15475203895763745,0.027691561933767067,47.506281412159304,1.3155231339677766,0.19015674731602333,38.46281538704095,7.313963866616399,0.599009773126534,31.86696147193522,19.088621361535917,0.13312211290233447,61.05429460586584,8.127676699694463,0.03285875143595093,100.49853206001205,3.302256284637881,0.009566943190063756,148.64892132669507,1.4221157855967486,0.0032029698043009786,204.8705374772318,0.6561941453304855,0.0012007648940205323,269.2279396175219,0.32327945838219996,0.0004947446677439559,342.7723345190147,0.16958478475343003,0.00022223307988408983,427.9577668234299,0.09510637258148799,0.00010992197502641857,527.140451455118,0.05794431954026449,6.225416457102196e-05,631.5325889892333,0.039315533726899304,4.035490593765892e-05,702.5167778334002,0.028349998489094096
A_fixed_q2_start_5_1,"start=(5,1), q2=0.5, r=q1/q2",15,5,1,0.04089462229514653,0.020447311147573265,0.5,42.29077671813319,,False,42.290776718133195,7.105427357601002e-15,k=5:18.5163;k=6:8.17218;k=4:7.45216;k=7:3.43284;k=8:1.5238,0.00018476791051750662,277.9600901948402,0.0513581050725583,0.0024284095552671494,71.2819913683085,0.1731018689572708,0.030267180083810682,46.83113742298764,1.4174464699112526,0.19614827029025206,37.99248102681763,7.452159437445498,0.5843858269129903,31.685035288499357,18.516285547836976,0.13541571297826435,60.34883343159404,8.172180306545823,0.03465838413837315,99.04794727227329,3.4328418046797764,0.01041998436354444,146.23869177611928,1.5238048816523577,0.0035909167857823363,201.29707854510985,0.7228410582765804,0.001382211577417691,264.3255140216755,0.3653537856876421,0.0005836533861536754,336.45229624077746,0.19637152198010926,0.0002684401133706365,420.13828938566326,0.11278197003403273,0.00013596558134351168,517.2312775282038,0.07032565133816945,7.873222191718813e-05,617.7892579031045,0.048639920951282195,5.154410099582223e-05,684.5475443781139,0.03528438776386761
A_fixed_q2_start_5_1,"start=(5,1), q2=0.5, r=q1/q2",15,5,1,0.04373137809352091,0.021865689046760454,0.5,42.449127836333375,,False,42.449127836333275,9.947598300641403e-14,k=5:17.9519;k=6:8.2043;k=4:7.58107;k=7:3.55999;k=8:1.62752,0.00021131255542107595,262.3377044677077,0.055435250714370325,0.0028042424989841645,68.97532971372738,0.19342355096467956,0.033021657250250164,46.153427241710645,1.5240626553001277,0.2020479474719801,37.52114699922783,7.581070737988428,0.5696720960923457,31.512711362743392,17.95191233556711,0.13752908796372007,59.655002862435325,8.20429813614384,0.036468779612327716,97.61743060762234,3.559988563151073,0.011312773614867402,143.8655378240608,1.6275182603847431,0.004009908030191503,197.789957445568,0.7931195386522188,0.0015836628806458705,259.5347184530906,0.4110154998530364,0.000684909272393839,330.30035857501997,0.22622577826304105,0.00032237440575180553,412.52158616513634,0.13298640119977806,0.00016711062085579442,507.48746867874206,0.08480654596744011,9.88511404327816e-05,604.1943059676985,0.05972529618789997,6.528658983000668e-05,666.8947805184991,0.04353928599548358
A_fixed_q2_start_5_1,"start=(5,1), q2=0.5, r=q1/q2",15,5,1,0.04676491241699163,0.023382456208495814,0.5,42.61771691187294,,False,42.61771691187307,1.2789769243681803e-13,k=5:17.3966;k=6:8.22416;k=4:7.70016;k=7:3.68309;k=8:1.73279,0.0002418460246610531,247.06590599609476,0.05975190719443696,0.0032322522455183644,66.79017913738438,0.2158827064953845,0.035959432652796865,45.47364969212364,1.6352066435807968,0.20783263977229433,37.04982971715643,7.700163913230617,0.5548966077556821,31.35099956179218,17.396563306588355,0.13945245297893225,58.97468822455482,8.22416493658192,0.03828173838103624,96.21002324775057,3.6830869396038017,0.012242935523618395,141.53393570346154,1.7327908492214312,0.004460179940957848,194.35539855644384,0.8668600500583187,0.001806103964904777,254.86318329143876,0.46030940585092045,0.0007995476466575579,324.3228309165641,0.25931155621665586,0.00038493178511657666,405.1072746485141,0.15593866639416382,0.00020410008769234546,497.9032894427795,0.10162210503757857,0.0001232209921027035,590.7519748401996,0.07279304442644073,8.201024803064834e-05,649.5637151631303,0.05327088139223773
A_fixed_q2_start_5_1,"start=(5,1), q2=0.5, r=q1/q2",15,5,1,0.05000887529068993,0.025004437645344966,0.5,42.79699716012309,,False,42.79699716012311,2.1316282072803006e-14,k=5:16.8512;k=6:8.23201;k=4:7.80897;k=7:3.80157;k=8:1.83914,0.00027701354783620186,232.2033083214733,0.06432346225743477,0.0037184405063416057,64.71796484642792,0.24064990197294966,0.039084042283989914,44.792359227740214,1.7506664620566643,0.21347909743132493,36.57956864746689,7.808973299288423,0.5400877500688602,31.2008982359502,16.851222928381812,0.14117714509393794,58.3097591181977,8.232005323422367,0.04008878526848476,94.82873183383161,3.8015686677692,0.013207622231164024,139.24830882982687,1.839139059352815,0.004941671204305064,190.99949897957177,0.9438567241440443,0.0020503936935909405,250.31809875407055,0.5132506510770205,0.0009285827161390207,318.5249134400384,0.2957767292800973,0.0004570404741692071,397.8934198703901,0.1818533972863705,0.0002477314287830893,488.4724304335284,0.12100997311244617,0.0001525078207598276,577.4663229907964,0.08806813048151708,0.00010217623031361489,632.5585710255546,0.06463245023995819
A_fixed_q2_start_5_1,"start=(5,1), q2=0.5, r=q1/q2",15,5,1,0.053477863607226665,0.026738931803613333,0.5,42.987391935771086,,False,42.987391935771115,2.842170943040401e-14,k=5:16.3168;k=6:8.22813;k=4:7.90711;k=7:3.91491;k=8:1.94607,0.0003175654955531739,217.80627092646884,0.06916775636135293,0.004269267233263984,62.750627972947164,0.2678991998716417,0.042398005520185224,44.110161319692814,1.8701828631285966,0.21896415392130242,36.111421192133605,7.907106788231324,0.5252740661917746,31.063389009284514,16.31679265460376,0.14269570913153087,57.66206427244182,8.228129151343996,0.041881260418349775,93.47652542712862,3.914914704416068,0.014203531441944434,137.01302419808655,1.946068797153416,0.005454006045856769,187.72820467600687,1.0238707632807784,0.0023172422675197066,245.90614764511656,0.5698241191662057,0.001072990385420557,312.9106209805145,0.33575008780806814,0.0005396503938885202,390.87658158634497,0.21093670121486938,0.00029885020610679545,479.18816105388464,0.14320548069488973,0.00018742871272617838,564.3412198084171,0.1057737483670129,0.00012627263457691708,615.8826129644581,0.07776912012913786
A_fixed_q2_start_5_1,"start=(5,1), q2=0.5, r=q1/q2",15,5,1,0.0571874868084777,0.02859374340423885,0.5,43.18928281310017,,False,43.1892828131002,2.842170943040401e-14,k=5:15.7941;k=6:8.21293;k=4:7.99425;k=7:4.02266;k=8:2.05308,0.00036437245885223536,203.92717622369187,0.07430544662741971,0.004891645406632598,60.88062895524455,0.29780644898182557,0.04590271713135702,43.42770759413071,1.993449777356667,0.22426492320584526,35.646457646923295,7.994250086747669,0.5104840481104365,30.93943205284778,15.794086520575526,0.14400196834477536,57.033427752477465,8.212925857806292,0.043650414707356394,92.1563342032516,4.022662205881665,0.01522693338766837,134.83238848439737,2.0530837979521426,0.005996483168690253,184.5472821660743,1.1066346713363955,0.0026071907790178586,241.6334341535573,0.6299844614275735,0.0012336906316407713,307.48271574849275,0.3793385458103778,0.0006337208460661564,384.05188262863044,0.2433816839927159,0.0003583415503032114,470.0434792138661,0.1684361090514121,0.00022874436286128574,551.3803379697231,0.1261251441031247,0.00015480590849769045,599.5381981869286,0.09281205544939589
A_fixed_q2_start_5_1,"start=(5,1), q2=0.5, r=q1/q2",15,5,1,0.06115443712354788,0.03057721856177394,0.5,43.402996297315944,,False,43.402996297315774,1.7053025658242404e-13,k=5:15.2838;k=6:8.18686;k=4:8.07017;k=7:4.12441;k=8:2.15969,0.0004184418574342662,190.6128355995829,0.07976038897910188,0.005592927888408452,59.10094378532753,0.3305473167282185,0.04959834718275403,42.745690842582796,2.1201156149770912,0.22935899725645817,35.185756349165274,8.070169793954603,0.49574593338870565,30.82996195177571,15.28382826412133,0.1450910791470787,56.42564660616788,8.186857957660596,0.045387507802113335,90.87104963332614,4.124410474218818,0.016273706395462915,132.71064307517184,2.15969404095842,0.006568070896100907,181.46228521398615,1.1918571542539442,0.002920593335910781,237.5054096007042,0.6936567165225771,0.0014115298711632675,302.24265092509575,0.42662453012034485,0.0007402067185740122,377.41309777338796,0.27936371064969234,0.0004271193357679923,461.03125532547557,0.1969153635429008,0.0002772489735612033,538.5871448889596,0.14932273309372313,0.00018828995050432397,583.5268278531629,0.10987223753441722
A_fixed_q2_start_5_1,"start=(5,1), q2=0.5, r=q1/q2",15,5,1,0.06539656467896328,0.03269828233948164,0.5,43.62878927815423,,False,43.62878927815409,1.4210854715202004e-13,k=5:14.7866;k=6:8.15045;k=4:8.13472;k=7:4.21983;k=8:2.26542,0.000480936096057257,177.90312565983857,0.08556003473122638,0.006380885412618189,57.4050544511678,0.36629507455800947,0.05348375131973312,42.06484002144281,2.2497854430112043,0.2342246407301159,34.73039912636462,8.134715257786283,0.4810875076865768,30.735884268169333,14.78664995911665,0.1459595694376565,55.840489978556555,8.150453874457888,0.047083907074416814,89.62352578788857,4.219825759878544,0.01733938046050197,130.65195719016316,2.2654239936294553,0.007167408855472056,178.47851607748672,1.27922849664529,0.0032576023313161864,233.52679629066762,0.760737436021279,0.0016072637479003242,297.1905271262919,0.4776635604694769,0.0008600434007451341,370.95276195212324,0.31903547490510425,0.0005061130735134101,452.14436813844287,0.2288361758303261,0.000333757411156973,525.9648940049958,0.1755446813825591,0.00022723296221663434,567.8491996586727,0.12903405573078522
A_fixed_q2_start_5_1,"start=(5,1), q2=0.5, r=q1/q2",15,5,1,0.06993295781906649,0.03496647890953324,0.5,43.86683339669785,,False,43.86683339669795,9.947598300641403e-14,k=5:14.3031;k=4:8.18782;k=6:8.1043;k=7:4.30864;k=3:2.38202,0.0005531922570068814,165.82993682047623,0.0917358370290278,0.007263674873128163,55.78693477575355,0.4052181563794808,0.05755639384826871,41.385915345922925,2.382024043421048,0.23884097980798255,34.28146715343069,8.187819204180556,0.4665359156636894,30.65807288766527,14.303092107131047,0.14660536041916306,55.27969965324144,8.104300291526544,0.048731185605489294,88.41658128291556,4.308644833100589,0.018419188001106694,128.66041824526505,2.3698204319605547,0.007792816335196515,175.60098109757828,1.3684261939737425,0.003618157332820816,229.70151085424445,0.8310962058573048,0.0018215407576479626,292.3250636038978,0.5324820178365328,0.0009941306341032722,364.6622961534956,0.3625219597086299,0.0005962525911514269,443.3758303250016,0.2643639876851976,0.00039908964625180217,513.5166165812209,0.20493916485582178,0.0002721222269955608,552.5052610065555,0.15034896205186749
A_fixed_q2_start_5_1,"start=(5,1), q2=0.5, r=q1/q2",15,5,1,0.07478402899803303,0.03739201449901652,0.5,44.11719855805775,,False,44.11719855805779,3.552713678800501e-14,k=5:13.8336;k=4:8.2295;k=6:8.04903;k=7:4.39068;k=3:2.51636,0.0006367432786145421,154.41648923702493,0.0983236616289304,0.008249797195996255,54.241032718908166,0.44747751963238974,0.06181228586445771,40.709703569263716,2.5163598344806632,0.24318818238071993,33.840037317350244,8.22949716690214,0.4521174826023585,30.597368217980925,13.833605092970949,0.14702777213416207,54.74499189905852,8.049034194421324,0.05032121757035242,87.25300127812633,4.390677260982833,0.019508120777540796,126.74001861771335,2.472459590542121,0.008442307233505681,172.83434062585147,1.4591206040638107,0.00400197794001882,226.03258868925732,0.9045774336597553,0.0020548870889343777,287.64358586449947,0.591075090807747,0.001143315554803439,358.53214890222813,0.40991538273702016,0.0006984506469368375,434.7189021049208,0.3036296984108537,0.00047405261809996057,501.2451145996853,0.23761655888579558,0.00032340711350024404,537.4942624177218,0.1738294679314581
A_fixed_q2_start_5_1,"start=(5,1), q2=0.5, r=q1/q2",15,5,1,0.07997160662999825,0.039985803314999124,0.5,44.37983588380905,,False,44.37983588380907,2.1316282072803006e-14,k=5:13.3786;k=4:8.25985;k=6:7.98533;k=7:4.46581;k=3:2.65229,0.0007333405252737982,143.6770394510178,0.10536419558079362,0.009348044252346402,52.7622500678898,0.4932238484880008,0.0662459404467953,40.037013519538,2.6522896132828526,0.24724762703181125,33.40717917355495,8.259845776488007,0.4378575487577509,30.554576281506158,13.378551873952002,0.14722751324209557,54.23806041113012,7.98533475740524,0.05184626939370029,86.13553884205741,4.465806351176844,0.020600991791188097,124.89463803382948,2.57295341289833,0.009113611305748632,170.1828535303796,1.550980377979031,0.0044085608188483665,222.52211128131452,0.9810022611222192,0.002307693011324736,283.1420311356855,0.6534048864641122,0.0013083752079835194,352.5519507880951,0.46127023193736943,0.0008135837041580798,426.16719160711347,0.3467226823383615,0.0005594197834534897,489.15295522779377,0.27364184028916694,0.00038148072752262804,522.814810860695,0.19944377440674313
A_fixed_q2_start_5_1,"start=(5,1), q2=0.5, r=q1/q2",15,5,1,0.08551903331059353,0.042759516655296766,0.5,44.65456045605463,,False,44.654560456054554,7.815970093361102e-14,k=5:12.9382;k=4:8.27904;k=6:7.91392;k=7:4.53399;k=3:2.78928,0.0008449776034139002,133.61696924134196,0.11290334644497796,0.01056743447777601,51.34592030331341,0.5425946485063734,0.07085034660860301,39.368671944094665,2.7892840527594918,0.25100205860414315,32.98395255756291,8.279039992849683,0.4237803180886824,30.530468710291355,12.938211741443835,0.14720665581043982,53.76058003982608,7.913915202092279,0.053299085201345964,85.06691492286998,4.533988746289696,0.021692500853469607,123.12802089770123,2.6709546984094077,0.009804201214480958,167.65031677785493,1.6436774393615625,0.004837180971909147,219.1711383313915,1.0601704599282744,0.002580201080180449,278.8149727945661,0.7193986939750219,0.0014899988306643986,346.71067916691,0.5165985065375553,0.000942471170326624,417.7147410757587,0.393684100884353,0.000655908731910312,477.2424672292708,0.31302750149409964,0.0004466607526533323,508.46492271556093,0.22711132507795087
A_fixed_q2_start_5_1,"start=(5,1), q2=0.5, r=q1/q2",15,5,1,0.09145127085186042,0.04572563542593021,0.5,44.94103425688627,,False,44.94103425688628,1.4210854715202004e-14,k=5:12.5128;k=4:8.28733;k=6:7.83551;k=7:4.59525;k=3:2.92679,0.0009739152208421113,124.23321989729526,0.12099262379220088,0.011917137113971112,49.98778529131367,0.5957112913403334,0.07561696332190426,38.70551968590942,2.926793862444656,0.25443572852073576,32.571405888567575,8.287329386202273,0.4099087226561438,30.525783609893733,12.51278496760939,0.14696859609778307,53.31421090329608,7.835514728518543,0.05467296524924858,84.04981611443375,4.59525267563017,0.022777302427078434,121.44374801678609,2.7661609764562436,0.010511324703434239,165.24000085183235,1.73689130294936,0.005286897153645905,215.97964671453116,1.1418621794605028,0.0028724963565600536,274.65566450150953,0.7889473955891666,0.0016887702091637864,340.9968298829827,0.5758652877256728,0.0010858534795580006,409.3560984324747,0.4445007438611901,0.0007641573667586486,465.51573958545646,0.35572728174632723,0.0005191701231719208,494.442076119345,0.2566995535602606
A_fixed_q2_start_5_1,"start=(5,1), q2=0.5, r=q1/q2",15,5,1,0.09779501260316908,0.04889750630158454,0.5,45.238749749997595,,False,45.23874974999773,1.3500311979441904e-13,k=5:12.1024;k=4:8.28503;k=6:7.75089;k=7:4.64969;k=3:3.06426,0.0011227068245150207,115.51501344454195,0.12968949392813162,0.013406385273715038,48.68397132368634,0.6526760762198338,0.08053573447885673,38.04840818752671,3.0642564991338097,0.2575345184492113,32.17057516875638,8.28503358431983,0.39626430361199944,30.541227208254057,12.102398131134644,0.14651800246080504,52.90060238352701,7.750890590207679,0.05596183618796022,83.08688938899053,4.649694893353858,0.02385007429752277,119.84520235392277,2.8583169803427086,0.011232041059694707,162.95458202630877,1.8303125561848892,0.005756561195498334,212.9464783412305,1.2258394339371539,0.003184498766645878,270.6561043591293,0.8619040305168253,0.0019051504197948074,335.39859268061633,0.6389847696440638,0.0012443694632736856,401.0863740876572,0.4990996360498467,0.0008846992565790298,453.9746224908421,0.4016310110233937,0.0005991182539302853,480.74326247216317,0.2880220640010712
A_fixed_q2_start_5_1,"start=(5,1), q2=0.5, r=q1/q2",15,5,1,0.10457880356355315,0.05228940178177657,0.5,45.5470145827191,,False,45.54701458271924,1.4210854715202004e-13,k=5:11.7071;k=4:8.27254;k=6:7.66081;k=7:4.69748;k=3:3.2011,0.001294224685266887,107.44478890005534,0.13905769809774124,0.01504437834601055,47.430964907271814,0.7135693813813464,0.08559512516640314,37.398196288043216,3.201103292272772,0.26028604633146335,31.782483644022992,8.272537010297144,0.38286710935032964,30.57747614753423,11.707109903835084,0.14586075162286855,52.521396417654834,7.660810357761769,0.05716031220737085,82.18073298456576,4.697476354828359,0.024905585630633404,118.3355286399184,2.9472156416877593,0.011963260904436777,160.79607276266816,1.9236453708685992,0.006244830875854792,210.06929898482278,1.311847244369593,0.003515957651210684,266.8071189529925,0.938082531280253,0.002139461258702365,329.904026890221,0.7058168846215311,0.0014185335110989965,392.9012832432173,0.5573436368343023,0.0010179388526393397,442.6207307915803,0.4505608388563673,0.0006864836057137178,467.3650369159889,0.3208384357266129
A_fixed_q2_start_5_1,"start=(5,1), q2=0.5, r=q1/q2",15,5,1,0.11183316882593078,0.05591658441296539,0.5,45.864937904543076,,False,45.86493790454301,6.394884621840902e-14,k=5:11.3269;k=4:8.25028;k=6:7.56604;k=7:4.73882;k=3:3.33677,0.0014916860288254786,99.99927666396812,0.14916752389229496,0.016840174595665242,46.22558859401294,0.7784469827105697,0.09078217911058181,36.755747248243175,3.3367668300332864,0.26267975422489864,31.408142049656202,8.250283034264395,0.3697356110691941,30.635180211951802,11.326917075880884,0.1450038546030097,52.17822942119818,7.566044392433905,0.05826374629888808,81.33388268957121,4.738816706528702,0.025938763010081974,116.91758691055023,3.0326975785834245,0.01270178826572411,158.76575172842064,2.0166089623029206,0.006750185858888854,207.3445700696537,1.3996143848015656,0.0038664484863258275,263.09846663847736,1.017256668088987,0.0023918696589276165,324.5012339967833,0.7761646558814768,0.0016087130681189433,384.79717423672145,0.6190282427698558,0.0011641273351935618,431.4554498491516,0.5022690830876323,0.0007810983856755631,454.30356763085103,0.35485578328310674
A_fixed_q2_start_5_1,"start=(5,1), q2=0.5, r=q1/q2",15,5,1,0.1195907509311747,0.05979537546558735,0.5,46.19141880055969,,False,46.191418800559745,5.684341886080802e-14,k=5:10.9618;k=4:8.21877;k=6:7.46736;k=7:4.77399;k=3:3.47069,0.0017186787424922573,93.15063674956338,0.16009601923109262,0.018802575161484484,45.06497704572909,0.8473376180528942,0.09608259661746388,36.12192591048846,3.470688436303379,0.26470697780060054,31.048549320337173,8.218767655679343,0.3568866356994351,30.714965215451212,10.961760601367557,0.14395537362666572,51.872732123862015,7.467358533926501,0.05926827106484806,80.54879285952845,4.77398768914483,0.026944753125229204,115.59390027962516,3.114649105816863,0.013444363839694438,156.86409514088444,2.108937968458495,0.007270946139781061,204.76753528246522,1.4888537202145227,0.004235371695330607,259.51895893243466,1.0991592530641001,0.002662373381054745,319.17852382417055,0.8497724056338195,0.001815107044445307,376.7710437369082,0.683879775629873,0.001323339893868866,420.4799437343264,0.5564378841153703,0.0008826361676059569,441.5546838265289,0.38973213392110745
A_fixed_q2_start_5_1,"start=(5,1), q2=0.5, r=q1/q2",15,5,1,0.12788645675008428,0.06394322837504214,0.5,46.52513732398295,,False,46.52513732398286,9.237055564881302e-14,k=5:10.6115;k=4:8.17853;k=6:7.36551;k=7:4.80331;k=3:3.60233,0.0019791861184445926,86.86759498375974,0.17192713813452443,0.020940001007460754,43.94655344450232,0.9202408734023064,0.10148083181767073,35.49759587551102,3.6023255569743755,0.26636099770028754,30.70469359958793,8.178532821267874,0.3443353159051565,30.817435703030952,10.611531458190012,0.14272433133098117,51.60652656723443,7.36550699662305,0.06017082869414064,79.82781163060098,4.80330557865302,0.027918980889691473,114.36659751822204,3.192998850530277,0.014187708339335569,155.09071131093026,2.2003817782195703,0.007805292374539265,202.33222367061867,1.5792621625398529,0.004621953421820787,256.0565983657439,1.1834816709963412,0.002950788248857224,313.92457129320843,0.9263249359995414,0.0020377257268285433,368.8205398099328,0.751555102553491,0.0014954552602578668,409.69516559048293,0.6126807904845055,0.0009906031645251258,429.11392234235353,0.4250816094141245
A_fixed_q2_start_5_1,"start=(5,1), q2=0.5, r=q1/q2",15,5,1,0.1367576145541854,0.0683788072770927,0.5,46.86454858064514,,False,46.86454858064519,4.973799150320701e-14,k=5:10.2761;k=4:8.13016;k=6:7.26123;k=7:4.82712;k=3:3.73116,0.002277610030355951,81.11652349440715,0.18475180753846587,0.02326036471889633,42.86800629223836,0.9971254611294071,0.10696020753093155,34.883616560166146,3.7311588667048117,0.2676370732548097,30.377553342255272,8.130159469163063,0.33209505665064426,30.943177053323645,10.276076136474432,0.1413206135463635,51.38121951228035,7.261225466235843,0.06096918990602198,79.17314995933947,4.8271228153289245,0.028857201909898766,113.23735127195432,3.267713109396918,0.014928564861608762,153.44428039453027,2.290702892512627,0.008351287442109865,200.03147062469563,1.670520308654789,0.005025248095957499,252.6987306716563,1.2698738151586177,0.003256737183841672,308.72856102433315,1.0054477844018785,0.0022763727788808895,360.9439540326338,0.8216429916615227,0.0016801382928148668,399.1018699495792,0.6705463344363071,0.001104333796866271,416.97657280277883,0.4604813218475778
A_fixed_q2_start_5_1,"start=(5,1), q2=0.5, r=q1/q2",15,5,1,0.14624414198213223,0.07312207099106612,0.5,47.2078802701727,,False,47.20788027017267,2.842170943040401e-14,k=5:9.9552;k=4:8.07426;k=6:7.15522;k=7:4.84582;k=3:3.8567,0.0026187918828180696,75.86242568492294,0.19866790459456524,0.025770939346139124,41.827266592816976,1.0779279503782775,0.11250304562550655,34.280839990692925,3.8566989055536154,0.2685324593030777,30.06809826738464,8.074260374307407,0.32017751766107994,31.092756513202463,9.95520159763754,0.1397548668902932,51.19839153736063,7.155224394300949,0.061661961838872556,78.58684431399938,4.845818995127249,0.02975554838484203,112.20731300558926,3.3387901312709256,0.015663739270664737,151.92250144664624,2.379674452007453,0.008906898584531923,197.85695781050853,1.7622918574622108,0.005444142602638625,249.43220874380688,1.3579445140924096,0.0035796412729066887,303.58031744297824,1.0867086339609993,0.0025306298960338256,353.1402039349249,0.893667157569203,0.001876826364810347,388.7006267388076,0.7295235842816998,0.0012229910757827302,405.13772131252375,0.4954798176281674
A_fixed_q2_start_5_1,"start=(5,1), q2=0.5, r=q1/q2",15,5,1,0.1563887256575104,0.0781943628287552,0.5,47.55313402451896,,False,47.55313402451869,2.7000623958883807e-13,k=5:9.64868;k=4:8.01147;k=6:7.04818;k=7:4.85979;k=3:3.97849,0.003008030625956838,71.06979974257172,0.21378013420627515,0.02847822676810887,40.82248537829146,1.1625519958407928,0.1180908103723991,33.690107186990296,3.978492059244671,0.2690464070175221,29.77728989061221,8.011472855788398,0.30859261097787577,31.266722654132383,9.64867958055981,0.13803839235707047,51.059581177978586,7.048182500233498,0.06224858502607019,78.0707130655007,4.859791420303749,0.030610567697055648,111.27704601087856,3.4062535500443745,0.016390137692729394,150.5220489072775,2.467077107382026,0.009470019495881074,195.79927272057785,1.8542229299432076,0.0058773618499801455,246.24356541602955,1.4472625371792625,0.003918713081736747,298.4704184908281,1.1696199334514494,0.0027998446439315727,345.40880711116415,0.9670909985569867,0.002084720226499783,378.4918366809378,0.7890495874938035,0.001345572167179389,393.59229271259363,0.529606834290389
A_fixed_q2_start_5_1,"start=(5,1), q2=0.5, r=q1/q2",15,5,1,0.16723701326626947,0.08361850663313473,0.5,47.89809080614592,,False,47.89809080614591,1.4210854715202004e-14,k=5:9.35625;k=4:7.94245;k=6:6.94074;k=7:4.86945;k=3:4.09613,0.0034510970937826884,66.70336725933728,0.23019979689421824,0.031387828261916856,39.85201152713185,1.2508680937055454,0.12370426200132327,33.11224400612463,4.0961257079853866,0.26918014974055104,29.506081347327317,7.942451395330448,0.29734851271991414,31.465602721332353,9.356250171023857,0.13618303603448378,50.966263569620175,6.940740508244582,0.06272931975627213,77.62630687022745,4.869445425161002,0.03141925314422473,110.44645804232404,3.4701452241147743,0.017104800341108405,149.23854062753026,2.5526954406323,0.010038491779675904,193.84798806380834,1.9459414346852528,0.0063234755391802155,243.11919181049387,1.537358262518921,0.004272952403076855,293.3902915286674,1.2536427512268382,0.00308312195542416,337.74984835354377,1.0413239728999912,0.0023027799052346126,368.4757477652248,0.8485185475200574,0.0014709193238315055,382.3350914568268,0.5623840742027324
A_fixed_q2_start_5_1,"start=(5,1), q2=0.5, r=q1/q2",15,5,1,0.17883781895807818,0.08941890947903909,0.5,48.240320537697485,,False,48.24032053769763,1.4210854715202004e-13,k=5:9.07762;k=4:7.86786;k=6:6.8335;k=7:4.87518;k=3:4.20923,0.00395424390725787,62.72866398759972,0.24804443738339235,0.034504320110665725,38.9143698271893,1.342713873422171,0.12932361746651747,32.54805633827738,4.209232387170043,0.26893687487115403,29.255416212229083,7.867860209171784,0.28645168810481597,31.689897357020826,9.077624593786961,0.13420107803040063,50.91982320568698,6.833495167320603,0.06310522225974095,77.2548535968869,4.875184706875296,0.03217906645441213,109.71473535092295,3.5305177598855897,0.017804931031228533,148.0665194597398,2.6363141670147243,0.010610125263305032,191.99176071451416,2.037056630703481,0.0067809059505414895,240.04551778659504,1.6277260799599353,0.004641144603604984,288.3322905170202,1.338191854178133,0.0033793196930809576,330.1639411351473,1.1157295082232253,0.002529726075646493,358.6524724486307,0.9072925116483864,0.0015977361776285748,371.3608412088148,0.5933366509539039
A_fixed_q2_start_5_1,"start=(5,1), q2=0.5, r=q1/q2",15,5,1,0.19124334299584797,0.09562167149792399,0.5,48.57719603515118,,False,48.577196035151275,9.237055564881302e-14,k=5:8.81249;k=4:7.78837;k=6:6.72699;k=7:4.8774;k=3:4.31749,0.004524210184610049,59.11249777532857,0.2674373644728804,0.037831137147828986,38.00823925752985,1.4378949120991096,0.13492871533365405,31.998324585163754,4.317492829105424,0.26832168282020996,29.026226028692168,7.788365813938462,0.27590692875332945,31.9400722236116,8.812487231376203,0.13210512065188787,50.92152061286461,6.726993624340075,0.06337811129538069,76.95719861982212,4.877401899107804,0.032887951919805,109.08028006197081,3.58742700607696,0.0184879218988883,146.99945028600123,2.717714356067104,0.011182716742177596,190.2184494111816,2.1271590389014827,0.007247936582996224,237.00919091190505,1.7178275853167329,0.005021861705555963,283.28975405866845,1.4226419674835942,0.0036870486030543856,322.652184711821,1.1896342869141652,0.0027640471809335224,349.0220052377784,0.9647132896612465,0.0017246091796890536,360.664223300829,0.6220048302900324
A_fixed_q2_start_5_1,"start=(5,1), q2=0.5, r=q1/q2",15,5,1,0.20450940664178507,0.10225470332089254,0.5,48.90591121029078,,False,48.90591121029099,2.0605739337042905e-13,k=5:8.5605;k=4:7.70463;k=6:6.62173;k=7:4.87647;k=3:4.42064,0.00516822032450714,55.82328434191056,0.28850703271660333,0.04137046711501916,37.132431499252974,1.5361860362405468,0.14049918170798195,31.463797398160068,4.420637787867221,0.26734153398917654,28.819426282958513,7.704629631174121,0.26571740128895127,32.2165461356819,8.560496917679,0.12990797684796718,50.9724529740158,6.621728240832541,0.06355052583431071,76.73374157562054,4.876469626364796,0.033544342168662825,108.54065298404804,3.640924802907001,0.019151372993175188,146.0297341410811,2.7966699066300533,0.011754066820625264,188.5152498476623,2.215820843416289,0.007722721513338067,233.99725037537232,1.8070955995358418,0.00541346630932598,278.2570443635567,1.506335134994739,0.004004676894397183,315.21611802662386,1.2623387046027958,0.0030040124210950407,339.5842402999129,1.0201152758690615,0.0018500337714688867,350.2399142400059,0.6479556694603775
A_fixed_q2_start_5_1,"start=(5,1), q2=0.5, r=q1/q2",15,5,1,0.21869570333688967,0.10934785166844484,0.5,49.22350339929832,,False,49.223503399298394,7.105427357601002e-14,k=5:8.32129;k=4:7.6173;k=6:6.51813;k=7:4.87273;k=3:4.51845,0.005893976174221126,52.831275012353395,0.3113862761765348,0.04512315859531856,36.28586973260793,1.637333054713537,0.14601459423734992,30.94518470851158,4.518448588813164,0.26600518463332234,28.635910593105457,7.617300684462328,0.2558847062475465,32.51967543254421,8.321287595322131,0.12762255990385235,51.07350898997091,6.5181319605725045,0.06362567464453331,76.58437095270497,4.872732269093054,0.03414715576820277,108.09252403672767,3.691052255660342,0.01979310657253529,145.14874079758874,2.8729444954759753,0.01232199461600746,186.86884525430048,2.3025969051230217,0.008203295373822401,230.9972923744203,1.8949390199005827,0.005814118430821916,273.2295676353632,1.5885890650342684,0.004330339578069463,307.8576714950145,1.3331282592871683,0.0032476905506271694,330.3389887558998,1.0728388122862704,0.0019724446737692043,340.0826224928566,0.670794157377498
A_fixed_q2_start_5_1,"start=(5,1), q2=0.5, r=q1/q2",15,5,1,0.233866067304137,0.1169330336520685,0.5,49.526879565809274,,False,49.52687956580906,2.1316282072803006e-13,k=5:8.09447;k=4:7.52701;k=6:6.41657;k=7:4.8665;k=3:4.61076,0.006709641966059474,50.10869219692459,0.33621138402884215,0.04908864507538133,35.46756783203051,1.741054848993558,0.15145464143601425,30.44315014171218,4.610756388895765,0.26432311236209893,28.47654292968299,7.527008456486731,0.24640894632200935,32.84973448511583,8.094468461435167,0.12526177535737307,51.22531856077023,6.416574346169074,0.06360737867673788,76.5083981484636,4.866498652979955,0.03469578700866415,107.73163253807637,3.73783377663677,0.02041117608262534,144.34686082422382,2.946289193257446,0.012884350192134188,185.26557004502277,2.387026483005439,0.00868758388018876,227.99762372849727,1.980748480625035,0.006221785292192695,268.2037767666535,1.6687063135972977,0.004661952594510285,300.579117629251,1.401285597287299,0.003492974252838508,321.2859953194357,1.1222437094483824,0.0020902495011700115,330.18712482695,0.6901734729622926
A_fixed_q2_start_5_1,"start=(5,1), q2=0.5, r=q1/q2",15,5,1,0.2500887607839778,0.1250443803919889,0.5,49.81284602241438,,False,49.81284602241413,2.4868995751603507e-13,k=5:7.87962;k=4:7.43436;k=6:6.31736;k=7:4.85804;k=3:4.69744,0.007623821501536629,47.62978869969308,0.36312100720236645,0.05326488738909734,34.676610127355644,1.8470457334692307,0.156799274875721,29.958302968436683,4.697440181958032,0.2623074319198936,28.34214774181284,7.434355989249138,0.23728880297965224,33.20689242696572,7.879623754668776,0.12283841609391424,51.42819817655562,6.317358406572021,0.06350000723271867,76.50449287836737,4.8580358511118025,0.03519008835793774,107.4527595928955,3.7812721043782354,0.021003869933179674,143.61357770508516,3.016440906756201,0.0134390246836938,183.69158363089753,2.468635726602436,0.009173414874051019,224.98740079353692,2.0639027689135094,0.006634254066798861,263.17715755602484,1.7459841278046222,0.004997231650504564,293.38302133245423,1.4661029199231959,0.003737609686648788,312.4249539635637,1.1677225342850175,0.002201864754648543,320.54830253740965,0.7058040095195404
A_fixed_q2_start_5_1,"start=(5,1), q2=0.5, r=q1/q2",15,5,1,0.2674367811946324,0.1337183905973162,0.5,50.078141217743905,,False,50.07814121774391,7.105427357601002e-15,k=5:7.67631;k=4:7.33991;k=6:6.22072;k=7:4.84756;k=3:4.77842,0.008645527183516757,45.37084626105437,0.3922548846891052,0.05764833641089991,33.912131953334466,1.9549779912566536,0.16202885216492435,29.491189800894432,4.778423632416849,0.25997180179317914,28.23349792680488,7.339913326955452,0.22852162050066008,33.591186421887144,7.6763123556694195,0.12036506156054108,51.68209322902312,6.220718333088991,0.06330840896439899,76.57062204833417,4.847564255294366,0.035630346195083505,107.24971476150662,3.8213444662764386,0.02156971031461706,142.93756012558458,3.083121764987018,0.013983958161246469,182.13305109350253,2.5469409662717046,0.009658529871947824,221.95675116189108,2.143775911377615,0.007049147539025104,258.1481999204675,1.819724748173124,0.005333715577864961,286.2721905624153,1.526894442312281,0.003979230640292168,303.7555223184736,1.2087132815676216,0.0023057531218041005,311.1611779347444,0.717460857407278
A_fixed_q2_start_5_1,"start=(5,1), q2=0.5, r=q1/q2",15,5,1,0.2859881895993138,0.1429940947996569,0.5,50.31947105004395,,False,50.3194710500441,1.4921397450962104e-13,k=5:7.48407;k=4:7.24421;k=6:6.12682;k=3:4.85367;k=7:4.83525,0.009784140640454244,43.31012743259191,0.42375237795647475,0.06223391740903658,33.17330125556117,2.0645044905236833,0.16712426906711025,29.04228629173816,4.853670868544496,0.2573313221155642,28.151300650037648,7.24421141554693,0.22010349649125652,34.002492017621,7.4840673824944215,0.1178539820184843,51.98651877456363,6.126818248861018,0.06303783880212768,76.7039943956278,4.835254034190891,0.03601725052882758,107.11533905873736,3.8580000023588537,0.02210744740105498,142.30677399756266,3.1460395209649348,0.01451714536374329,180.57632709304553,2.621452789660598,0.010140596136549683,218.89687611320656,2.219744816216377,0.007463942597171096,253.1163557668731,1.889245949849078,0.005668793920777708,279.2496279372909,1.5830085932303513,0.00421539658004223,295.2773345327985,1.244711066153544,0.0024004609278007187,302.02095151646006,0.7249894934924576
A_fixed_q2_start_5_1,"start=(5,1), q2=0.5, r=q1/q2",15,5,1,0.3058264619583846,0.1529132309791923,0.5,50.533546095392694,,False,50.53354609539273,3.552713678800501e-14,k=5:7.3024;k=4:7.14774;k=6:6.03575;k=3:4.92318;k=7:4.82122,0.011049364851510694,41.42779322712795,0.45775080235948035,0.06701503695323736,32.459301554287016,2.1752612931368196,0.17206707957450373,28.611989128654173,4.923181410184974,0.25440242429831,28.09618109200985,7.147736583331644,0.21202937792323204,34.440491373089934,7.302395961206698,0.11531704872160746,52.34050058622086,6.035752056214555,0.06269388194502035,76.90101335330569,4.82122305262458,0.0363518594836528,107.0415261255258,3.891158516630864,0.022616049373504803,141.70861322522674,3.2048889933526237,0.01503663949059154,179.0081391741975,2.6916808546440447,0.010617219302522027,215.8001323132345,2.291197330282881,0.007875991433711132,248.0819853096691,1.9538915911570047,0.0059997383580024,272.31848373428136,1.6338396524536207,0.004443633755536962,286.9900123639597,1.2752785064424612,0.0024846545350570262,293.1230402836476,0.7283094913704684
A_fixed_q2_start_5_1,"start=(5,1), q2=0.5, r=q1/q2",15,5,1,0.32704086474698124,0.16352043237349062,0.5,50.71712008172715,,False,50.717120081726996,1.5631940186722204e-13,k=5:7.13078;k=4:7.05093;k=6:5.94754;k=3:4.98698;k=7:4.80554,0.012451167863423247,39.705797192911554,0.4943835459999813,0.07198361271509618,31.76931658440307,2.286870181234953,0.1768396032317579,28.20060863810642,4.986984442456824,0.25120275280492893,28.068664268328078,7.050925731761359,0.20429316174120618,34.904640368256786,7.130779340270918,0.11276565086283245,52.74251860738949,5.947544438907328,0.06228237606289098,77.157240685077,4.805536280322958,0.03663555939191995,107.01926312367267,3.9207105702468192,0.023094688765025146,141.1300476204047,3.259354525186424,0.01554055429705176,177.4157665403635,2.757139353073578,0.01108595659981632,212.66009181784662,2.3575405484056016,0.008282545282412257,243.04629368150643,2.013041933139545,0.006323737472751,265.4820106221357,1.6788385389124787,0.0046614784203569,278.89317430115176,1.3000545135896544,0.0025571544885286436,284.46311768872476,0.7274161382185743
A_fixed_q2_start_5_1,"start=(5,1), q2=0.5, r=q1/q2",15,5,1,0.3497268566282775,0.17486342831413876,0.5,50.867028900547396,,False,50.867028900547176,2.2026824808563106e-13,k=5:6.96867;k=4:6.95416;k=6:5.86215;k=3:5.04513;k=7:4.78821,0.01399971838536972,38.127764776037395,0.5337779695281427,0.07713012592318046,31.102516927271154,2.3989410471282757,0.1814250194731629,27.808362314078757,5.045132674348507,0.24775103951589933,28.069155133693194,6.954162362705531,0.19688779906099138,35.39413579428627,6.968673496202878,0.11021062006789477,53.19045514787901,5.862153043541291,0.061809332858384164,77.46737345604808,4.78820667160963,0.03687002136673824,107.03869252162694,3.94651888034011,0.023542725679171417,140.55778577926392,3.309113392672952,0.016027064775102122,175.78721040252353,2.81735300775575,0.011544330720670935,209.47158000610455,2.418209196171952,0.008680780476988838,238.01125968756583,2.066123496399342,0.006637934299054405,258.7435203717228,1.7175224885335412,0.004866521150189586,270.98644256653506,1.3187612541646785,0.0026169662471991774,276.0371557018471,0.7223799194445978
A_fixed_q2_start_5_1,"start=(5,1), q2=0.5, r=q1/q2",15,5,1,0.3739865179897973,0.18699325899489866,0.5,50.980229427751226,,True,50.98022942775152,2.913225216616411e-13,k=4:6.85777;k=5:6.81551;k=6:5.77947;k=3:5.0977;k=7:4.7692,0.015705313751783034,36.67886515442379,0.5760530853095674,0.08244369565948159,30.458048926582524,2.5110741160847696,0.1858074491747252,27.43536957093692,5.097696037141664,0.24406697119125786,28.09791724107455,6.85777355781169,0.18980540195802573,35.90788396048346,6.815510348581708,0.10766216313410547,53.68155032317867,5.779471828185754,0.061280860118942945,77.82523683360114,4.769197452123517,0.037057155248487905,107.08919546241857,3.9684209416865115,0.023959688465537574,139.9784501548788,3.3538400575996756,0.016494406727429353,174.11135217378347,2.8718634586170753,0.011989844373737474,206.23069161774427,2.472673897584999,0.009067826572085689,232.97955851011125,2.1126182314107793,0.006939466000569193,252.10634270820614,1.7494833937514416,0.005056451193301357,263.2694478852508,1.331209113919166,0.00266330643053332,267.8414694475696,0.7133439079432059
A_fixed_q2_start_5_1,"start=(5,1), q2=0.5, r=q1/q2",15,5,1,0.39992901027556943,0.19996450513778471,0.5,51.053837424169515,,True,51.0538374241694,1.1368683772161603e-13,k=4:6.76203;k=5:6.6707;k=6:5.69934;k=3:5.14476;k=7:4.74843,0.01757830094955128,35.345681204346114,0.6213170214768942,0.08791217363045752,29.835026136084196,2.6228619979446717,0.18997202400957536,27.081647983993996,5.144755481034175,0.2401710506303945,28.155050281458486,6.762028006649469,0.18303735181670255,36.4444721292669,6.670699666898636,0.10512980361043082,54.21236731054206,5.699335528613826,0.0607030853513263,78.22379503481521,4.748425706503042,0.03719906181968336,107.1594968346334,3.9862327473176915,0.02434525245338274,139.37876102458526,3.3932111237832308,0.016940875556040784,172.37809607086348,2.920235874123741,0.012419995560194644,202.93478558744408,2.5204491360051073,0.00944079622537032,227.9544800879592,2.152071795170659,0.00722550497762624,245.5737864047637,1.774394616042143,0.005229099770342554,255.74183196159936,1.3372995547773832,0.002695623638918739,259.87276477132065,0.7005191678287408
A_fixed_q2_start_5_1,"start=(5,1), q2=0.5, r=q1/q2",15,5,1,0.42767106718098297,0.21383553359049148,0.5,51.08516380498065,global_max;local_max,True,51.08516380498094,2.8421709430404007e-13,k=4:6.66714;k=5:6.53363;k=6:5.62153;k=3:5.1864;k=7:4.72577,0.019628991609264568,34.116081921414235,0.6696642857764227,0.09352225753462927,29.232523483457737,2.7338915896070324,0.1939049445149752,26.747111228661016,5.186397118729384,0.23608445224296723,28.240466877950844,6.667135153966684,0.17657440818278014,37.002144190862445,6.533631711995432,0.10262233269473478,54.77876996170655,5.621525155618594,0.060082082036936046,78.6551824371799,4.725767123820814,0.037297984170030024,107.23779151007834,3.999753450171882,0.024699217348416114,138.74572558300648,3.426910832338375,0.017364824590662097,170.57849308845897,2.962065611420557,0.012832293593366748,199.58245983454955,2.5611007206832666,0.009796816500294537,222.9398447855266,2.18410074996795,0.007493300652158686,239.1491026717443,1.7920161270133461,0.005382481253084655,248.40324764560216,1.3370258236577988,0.002713613075703507,252.12818892244997,0.6841783502134043
A_fixed_q2_start_5_1,"start=(5,1), q2=0.5, r=q1/q2",15,5,1,0.45733751992057925,0.22866875996028962,0.5,51.07174860451144,,True,51.07174860451121,2.3447910280083306e-13,k=4:6.57325;k=5:6.40368;k=6:5.54577;k=3:5.22271;k=7:4.70106,0.0218675720537964,32.979100466774476,0.7211728557265813,0.09925962069745209,28.649574254953123,2.8437458736901355,0.1975935280190737,26.43156886211114,5.222706942543633,0.23182887287426954,28.3538690515555,6.573245503846745,0.17040681703575739,37.57878191035947,6.403680613425255,0.10014776978636097,55.37591515487262,5.545774402639241,0.05942379947491162,79.11075643601977,4.701061726762613,0.03735625906773344,107.31189048066504,4.008770781843961,0.02502148389091271,138.06682801573118,3.454636913065033,0.017764663277218012,168.7048438154505,2.9969847436171335,0.013224275866130893,196.17350756964711,2.5942525817275306,0.010133061213434833,217.9399178373111,2.2083985282964314,0.0077402211489468785,232.8354508658511,1.8021978810164425,0.005514831194038445,241.2533568188934,1.3304715378513208,0.0027172243999606057,244.6053842549025,0.6646477184591608
A_fixed_q2_start_5_1,"start=(5,1), q2=0.5, r=q1/q2",15,5,1,0.4890618589323333,0.24453092946616664,0.5,51.011392017725,,True,51.01139201772513,1.2789769243681803e-13,k=4:6.48045;k=5:6.28021;k=6:5.47178;k=3:5.25377;k=7:4.67412,0.02430400967510853,31.924820038644153,0.7759011350953061,0.10510905526814468,28.08516991399481,2.9520056767053147,0.2010262477276728,26.134728014209394,5.253766308079808,0.22742637886387534,28.494724816389198,6.480452081714001,0.16452441738055704,38.17189292242688,6.280208443375291,0.09771333288074367,55.99826197587659,5.47177681319192,0.05873399709321425,79.58117305945538,4.6741203871486325,0.03737626915612093,107.36938484361224,4.013067027041982,0.02531203035761921,137.3302161487669,3.476106600175996,0.01813885553500715,166.75077814318217,3.024668275089209,0.013593525350209119,192.70885701031543,2.619592732979547,0.010446783918936595,212.95932391500074,2.224740040462839,0.007963794076137854,226.63586653039138,1.8048813713151004,0.0056246402498226124,234.2918260695312,1.317807235115124,0.002706662466831488,237.30254440885034,0.6422978902350476
A_fixed_q2_start_5_1,"start=(5,1), q2=0.5, r=q1/q2",15,5,1,0.5229868345459289,0.26149341727296443,0.5,50.90218196979727,,False,50.902181969797525,2.5579538487363607e-13,k=4:6.38879;k=5:6.16257;k=6:5.39919;k=3:5.27965;k=7:4.64473,0.02694795706537347,30.944268964577343,0.8338848314767989,0.11105462598384015,27.53826266916401,3.0582514609687568,0.20419276433243644,25.856196971746932,5.279648334784978,0.22289925044872516,28.66224540154929,6.388793016182756,0.15891674505200018,38.77860642085748,6.162569910055265,0.09532541883138641,56.63959938455204,5.399193533774359,0.05801818400718101,80.05648564223573,4.644731914959477,0.03736039674775284,107.39782477768823,4.012425343540073,0.02557088946705748,136.52488014517428,3.491062619695522,0.0184859185740135,164.71131055112807,3.044839875067204,0.013937688788916908,189.1904966521754,2.636878264158647,0.01073535109586641,208.00296302226084,2.232984837024488,0.00816174560861347,220.5532317768289,1.8000993709200421,0.005710683138658416,227.5183202584346,1.299285035235728,0.002682380858181407,230.21847179900513,0.6175336219534274
A_fixed_q2_start_5_1,"start=(5,1), q2=0.5, r=q1/q2",15,5,1,0.5592650993178645,0.27963254965893225,0.5,50.74251774829352,,False,50.742517748293544,2.1316282072803006e-14,k=4:6.29826;k=5:6.05012;k=6:5.32766;k=3:5.30042;k=7:4.61267,0.029808655455305907,30.02932575392696,0.895133824953953,0.11707983131166769,27.007770608682073,3.1620652269687137,0.20708395147458805,25.595490556968127,5.3004153244674646,0.21826982474301815,28.855363637768704,6.298255164111834,0.15357313263579098,39.395677205077796,6.050117560692219,0.09298959333876398,57.29309345050485,5.327661461082248,0.057281564492717214,80.5262660271098,4.612670500789593,0.03731097993300046,107.38490986214995,4.006636216973741,0.025798126219441914,135.64081874943847,3.4992789626064567,0.018804422442399552,162.58287031948927,3.05727697538554,0.014254495520680078,185.62138841785048,2.6459392497446665,0.010996275082618962,203.07592878285652,2.233078775554628,0.008332037094740393,214.5902480277184,1.787973906736491,0.005772041893942761,220.93249410366585,1.2752316116996214,0.0026450683613225604,223.35263434589731,0.5907829865263796
A_fixed_q2_start_5_1,"start=(5,1), q2=0.5, r=q1/q2",15,5,1,0.5980598949237079,0.29902994746185396,0.5,50.53112932545999,,False,50.53112932546016,1.6342482922482304e-13,k=4:6.20878;k=5:5.94221;k=3:5.31612;k=6:5.2568;k=7:4.5777,0.03289483910543965,29.17263432502731,0.9596291124035995,0.12316776868277639,26.492585125711205,3.2630325965723603,0.20969191628890185,25.352037123047243,5.316117246159155,0.2135603386297041,29.07271409143013,6.208778666250389,0.14848280443921344,40.01949842253451,5.942207358028602,0.09071059036083506,57.95135454639082,5.256801583113174,0.05652898991977306,80.97974683206523,4.57770329237559,0.037230271657609997,107.31868635837495,3.995503847060143,0.02599381716937234,134.6691887716648,3.5005662712783456,0.019092990549195023,160.36330668520722,3.0618150989783244,0.014541776844784757,182.00537110710246,2.6466814911917194,0.011227246286018155,198.1834300539693,2.2250541790237657,0.00847289844017743,208.74941115731883,1.7687125601828038,0.005808122818308427,214.53398191895428,1.2460397156860459,0.0025956288078914417,216.70521819068276,0.5624863071561367
A_fixed_q2_start_5_1,"start=(5,1), q2=0.5, r=q1/q2",15,5,1,0.6395457866983176,0.3197728933491588,0.5,50.267092097959306,,False,50.26709209795932,1.4210854715202004e-14,k=4:6.12026;k=5:5.8382;k=3:5.32679;k=6:5.18623;k=7:4.5396,0.03621464235023736,28.367529211014418,1.0273199247367981,0.1293013005337117,25.99158027714169,3.3607451327607913,0.21201001607310127,25.125186920319937,5.326791282816703,0.2087927729764299,29.312615577955327,6.120262289713389,0.14363496549644347,40.646123006694665,5.838204475630786,0.08849232048197116,58.606524091487145,5.186227312238244,0.05576491756417661,81.40598233288625,4.53959789402422,0.03712040235533597,107.18774645105256,3.9788522758248064,0.026158031592429718,133.60243386078847,3.4947766857560065,0.019350301378903173,158.05186960342186,3.0583513103253184,0.014797485813515683,178.34705660162138,2.6390880399447707,0.011426164181579955,193.33071667086674,2.20902851002384,0.00858285757146551,203.03298908564807,1.7426032276310286,0.005818666702310448,208.32238563753393,1.212158528654995,0.002535154928387949,210.27717158753256,0.5330852078776116
A_fixed_q2_start_5_1,"start=(5,1), q2=0.5, r=q1/q2",15,5,1,0.6839094491292499,0.34195472456462495,0.5,49.94983687461024,,False,49.94983687461004,1.9895196601282805e-13,k=4:6.03257;k=5:5.73749;k=3:5.33246;k=6:5.11555;k=7:4.49813,0.03977551100658686,27.60797023678278,1.098121124022676,0.1354632179660611,25.503623652909667,3.4548029298184932,0.2140328718923582,24.91422153165864,5.332462385383326,0.20398869963821709,29.573056741252575,6.032569388975323,0.13901888366900506,41.27129347861973,5.737489146973603,0.08633788763192655,59.25037958019079,5.115552614343508,0.05499337658547549,81.79402451430624,4.498129592556857,0.03698334664835419,106.98142398067284,3.9565310880117757,0.026290814965934887,132.4343891329098,3.4818080198199497,0.01957509158304539,155.64916737794383,3.046846706248011,0.015019717305948636,174.651721244146,2.6232194800844164,0.0115911666156834,188.52301001160032,2.185201619934609,0.008660765346503306,197.44300190036859,1.7100075087682987,0.005803752044779887,202.29726122893646,1.174083143510811,0.0024648971001176388,204.07023325005179,0.5030121261583828
A_fixed_q2_start_5_1,"start=(5,1), q2=0.5, r=q1/q2",15,5,1,0.7313505058378402,0.3656752529189201,0.5,49.57915504598345,,False,49.57915504598366,2.1316282072803006e-13,k=4:5.94553;k=5:5.63946;k=3:5.33314;k=6:5.0444;k=7:4.45309,0.04358411982482715,26.88848593394463,1.171910992853222,0.14163639901771097,25.027588287022528,3.544817481071712,0.21575637965463962,24.718364036333085,5.333144735464671,0.19916913272737968,29.851685444308753,5.945534300393518,0.13462396400201154,41.89047947791963,5.639462401262455,0.08424961341929134,59.8744557552753,5.044399751072407,0.054217941328583916,82.13310990092292,4.453088133742374,0.036820894550863514,106.68998093806468,3.928420537754118,0.02639217513925085,131.16035888325248,3.4616071629737957,0.01976616059810185,153.15710296263134,3.027327893899392,0.015206728208070001,170.9251947217511,2.59921298004511,0.011720656920379526,183.7654389604,2.1538516638777936,0.008705815357933765,191.9812045951549,1.671352919399124,0.0057637911934884075,196.45810357337814,1.1323434872656704,0.0023862280574700424,198.0869361704848,0.4726806049082882
A_fixed_q2_start_5_1,"start=(5,1), q2=0.5, r=q1/q2",15,5,1,0.7820824278276359,0.39104121391381796,0.5,49.15519896996717,,False,49.15519896996722,5.684341886080802e-14,k=4:5.85897;k=5:5.54355;k=3:5.32884;k=6:4.97241;k=7:4.40428,0.04764629758078596,26.204124808997502,1.248529528493551,0.14780395879862768,24.562365117743052,3.630414801859744,0.21717771889897905,24.53678954078313,5.328843981571608,0.19435438561755922,30.145802774534335,5.858968977192733,0.1304398146209937,42.49892213529371,5.5435515249197564,0.0822290682393878,60.47017894773525,4.972406471141314,0.05344171198121116,82.41285195853365,4.404283897918149,0.03663462753112032,106.30477897297202,3.894435982452901,0.02646207151976563,129.77716539513952,3.434172632318635,0.019922376899288507,150.57879119536204,2.9998874312332684,0.015356957491620976,167.17374864596673,2.567280151671041,0.011813328357739149,179.06298174446016,2.115329800063159,0.008717558167955441,186.64907252010008,1.627124146688906,0.0056995195103006855,190.80432979554854,1.0874930003195753,0.002300604784664775,192.33057545229295,0.4424766421228747
A_fixed_q2_start_5_1,"start=(5,1), q2=0.5, r=q1/q2",15,5,1,0.8363334940420332,0.4181667470210166,0.5,48.678477701788346,,False,48.678477701788154,1.9184653865522705e-13,k=4:5.77267;k=5:5.44922;k=3:5.31956;k=6:4.89923;k=7:4.35155,0.05196696128178001,25.550413491633332,1.327777348653179,0.1539493890687471,24.106875503636605,3.7112387561412006,0.21829535924425503,24.368635712403673,5.319560087131542,0.18956393510386707,30.45236251991729,5.772669672485035,0.12645630360041207,43.091684207522746,5.449215100799579,0.08027710823834347,61.02901086034635,4.899232510515063,0.05266730250046578,82.62343322558472,4.3515533513189055,0.03642589970505299,105.81843041724453,3.854531533324678,0.026500407546539713,128.2831677357553,3.39955622635863,0.020042685954457694,147.91845959616728,2.96468323255312,0.01546904595031783,163.40398684663361,2.5277037809957057,0.011868185423697828,174.4204140189078,2.070053815254542,0.008695909617890499,181.4477896367879,1.5778535790475159,0.005611977849431205,185.335260978103,1.0400973793276655,0.002209528914739436,186.8051262549188,0.4127513278817941
A_fixed_q2_start_5_1,"start=(5,1), q2=0.5, r=q1/q2",15,5,1,0.8943478185533515,0.4471739092766758,0.5,48.14984828303923,,False,48.14984828303922,1.4210854715202004e-14,k=4:5.68642;k=5:5.35595;k=3:5.30529;k=6:4.82457;k=7:4.29476,0.05655006079018988,24.92332075561117,1.4094153038232127,0.16005668521178382,23.660083323736675,3.7869545086318968,0.21910906416883394,24.213012967922026,5.305290612109236,0.18481629406697678,30.767977009509337,5.686423486835459,0.12266360640039452,43.6637047739876,5.355947496379442,0.07839391716549281,61.54259747540514,4.824565288636177,0.0518968356135293,82.75579095486043,4.294763679251987,0.03619582435147643,105.22492384751177,3.8087028609820197,0.026507026663994956,126.67825035878325,3.357863760008496,0.02012611989157708,145.18133563387408,2.9219369669866415,0.015541855317454275,159.62273919057228,2.4808335178756127,0.011884561562256769,169.84226347699217,2.018500836165348,0.008641152971497578,176.3782396562519,1.5241113497131331,0.005502488815593574,180.0501020781288,0.990723672931385,0.0021145070089475474,181.5150959940302,0.3838149427091637
A_fixed_q2_start_5_1,"start=(5,1), q2=0.5, r=q1/q2",15,5,1,0.9563864490054,0.4781932245027,0.5,47.57050288020325,,False,47.57050288020302,2.2737367544323206e-13,k=4:5.60001;k=3:5.28603;k=5:5.26328;k=6:4.74812;k=7:4.23382,0.061398534958908284,24.319226414953256,1.4931648732121132,0.1661104589720495,23.22100623188348,3.8572520029709865,0.2196198915477777,24.069013999386577,5.286034244207223,0.1801288938887004,31.08893022276681,5.600014613209973,0.1190522436488284,44.209857242087665,5.263282696064941,0.07657905212648097,62.0029183663097,4.748124717567575,0.05113194460130488,82.80178996644877,4.2338165374533405,0.035945265855694956,104.51972000131599,3.7569891226101007,0.026481711942618162,124.96378227659218,3.309254885508767,0.020171808836563474,142.3735235384369,2.8719315002053194,0.015574486454415443,155.83696050870432,2.4270806305400896,0.011862132870856096,165.33277116568928,1.9611992994742518,0.008553934775761681,171.4410001117429,1.4664951328472,0.0053726274355429034,174.9479197631436,0.9399299935106239,0.0020170120844936025,176.4652941630129,0.3559326308205154
A_fixed_q2_start_5_1,"start=(5,1), q2=0.5, r=q1/q2",15,5,1,1.0227285412522025,0.5113642706261012,0.5,46.9419521276133,,False,46.941952127613334,3.552713678800501e-14,k=4:5.51323;k=3:5.26179;k=5:5.1708;k=6:4.66967;k=7:4.16865,0.06651428012916573,23.734894144956098,1.5787093979937055,0.17209603575670704,22.78872569407141,3.921849351896702,0.21983019017767758,23.935722365399418,5.2617943996258445,0.17551797774378744,31.411199043061675,5.513230134545776,0.11561310923666536,44.72500942122973,5.17079739982752,0.07483149225909844,62.402431523282274,4.669667071483418,0.05037378149212283,82.7543766638778,4.168650887583009,0.035674837105674345,103.69981488308812,3.6994740038427527,0.026424189422246322,123.14254847565263,3.253942026858795,0.020178993815927172,139.5018738096977,2.815007448916143,0.015566296266808267,152.05363597372966,2.366911946012491,0.011800927418014218,160.8958595900208,1.8987203608808423,0.008435254454594908,166.6363393802512,1.405619924054653,0.005224187026630433,170.02761777516352,0.8882560749498872,0.0019184476948808078,171.66050449045744,0.32932169914179465
A_fixed_q2_start_5_1,"start=(5,1), q2=0.5, r=q1/q2",15,5,1,1.0936726154784238,0.5468363077392119,0.5,46.26600508196457,,False,46.26600508196474,1.7053025658242404e-13,k=4:5.42587;k=3:5.23258;k=5:5.07811;k=6:4.58899;k=7:4.09924,0.07189813157007083,23.167447352622478,1.66569617790154,0.1779995357484174,22.362395509298306,3.9804960188775924,0.21974359137972627,23.812219929653693,5.232582726065996,0.17099850575164477,31.73048344629278,5.425865256093365,0.11233748888957251,45.20408448987201,5.078113339144294,0.07314968939135405,62.73420888514771,4.588987894160878,0.049623031225943595,82.6077087515357,4.09924491088111,0.03538490228370767,102.7637681015138,3.6362858925776615,0.026334135176290192,121.21865608564791,3.1921884752476837,0.020147041051551365,136.5738485519001,2.7515589333434907,0.015516912975729167,148.27969402197002,2.300843108206657,0.011701329846168554,156.5351075924609,1.8316689264448685,0.00828644778705137,161.9642166184395,1.3421080243793768,0.0050591411746309005,165.2879093338248,0.8362148677794122,0.001820115748143013,167.10504877018667,0.304150530860823
A_fixed_q2_start_5_1,"start=(5,1), q2=0.5, r=q1/q2",15,5,1,1.1695378994536691,0.5847689497268346,0.5,45.544746235230726,,False,45.54474623523086,1.3500311979441904e-13,k=4:5.33773;k=3:5.19842;k=5:4.9849;k=6:4.50592;k=2:4.03298,0.07754985814911451,22.614347317024947,1.753739426570093,0.18380793850878727,21.94124859433473,4.032975672433493,0.219364994695834,23.6975929894102,5.198422360426002,0.16658407281685805,32.042246261137095,5.33772788438096,0.10921706957296635,45.642121782142,4.984898790138006,0.0715316198037793,62.992058102516786,4.505923950846806,0.04887993129833881,82.35725609173448,4.025617019683677,0.03507558491726346,101.71169580145757,3.567597223162894,0.026211186012885464,119.19741853669633,3.1243057095211095,0.02007545740449154,133.59738565435768,2.682028625055487,0.015426249348557,144.521927664186,2.229431292481851,0.011564080997085651,152.25373189779492,1.7606744877746636,0.008109164559421672,157.42428452241228,1.2765794288414594,0.0048796028358075,160.72728601791778,0.7842853206446747,0.0017231890788108521,162.80224075194522,0.28053904326968704
A_fixed_q2_start_5_1,"start=(5,1), q2=0.5, r=q1/q2",15,5,1,1.2506657649649138,0.6253328824824569,0.5,44.78051006023753,,False,44.7805100602375,2.842170943040401e-14,k=4:5.24864;k=3:5.15935;k=5:4.89087;k=6:4.42035;k=2:4.07911,0.08346817022332038,22.073372929649956,1.8424240490948547,0.18950913116800894,21.52460189623957,4.079108604093639,0.2187005466828409,23.590936999552927,5.159350818562683,0.16228683982303205,32.34176290028758,5.24864249539345,0.10624394027377734,46.03433644252555,4.890869291542656,0.06997483630147913,63.17062662437293,4.420354257102355,0.04814429635731535,81.99986930606777,3.9478260091324526,0.03474678097598878,100.54522891441744,3.493623047269917,0.026054953642455064,117.08522151784952,3.050650018864151,0.019963906652996362,130.58076465188947,2.606902196187208,0.0152945134791589,140.78692478666437,2.1532675188389683,0.011390272374732235,148.05457511994734,1.6863819369414548,0.007905340816575573,153.0158947592687,1.209642798425279,0.0046877816510406,156.34398253761813,0.7329064525904583,0.0016286895772783417,158.75374276665988,0.2585605661979859
A_fixed_q2_start_5_1,"start=(5,1), q2=0.5, r=q1/q2",15,5,1,1.3374212638905907,0.6687106319452953,0.5,43.975853578868126,,False,43.97585357886813,7.105427357601002e-15,k=4:5.15845;k=3:5.11542;k=5:4.79579;k=6:4.3322;k=2:4.11875,0.08965074044180286,21.542601481416316,1.931310173851652,0.19509194067880664,21.111859378800837,4.118753617548321,0.21775761186503795,23.491359859891634,5.115422422552215,0.1581174786748369,32.624181133763166,5.158453264701813,0.10341058487519562,46.37617712206157,4.795787600468054,0.06847651990138877,63.265484963627465,4.332200240182848,0.047415547203744315,81.53381408721008,3.8659704105534227,0.03439817672823923,99.26743877036517,3.414618902182688,0.02586504205215894,114.88937496036283,2.971618514696041,0.01981222621981208,127.5324768460204,2.5267022816463025,0.015122216704277078,137.08100781104594,2.0729687061593354,0.011181335351030993,143.94009993780568,1.6094425278655207,0.007677166268497881,148.73810585534312,1.1418871691129073,0.004485940599793547,152.1359368496447,0.6824727758014484,0.0015374724353774815,154.9588571889243,0.23824497154556679
A_fixed_q2_start_5_1,"start=(5,1), q2=0.5, r=q1/q2",15,5,1,1.4301947708282263,0.7150973854141132,0.5,43.13352744769717,,False,43.13352744769715,2.1316282072803006e-14,k=4:5.06703;k=3:5.06671;k=5:4.69946;k=6:4.24143;k=2:4.15181,0.0960942368624142,21.02039006094152,2.0199383414564513,0.20054615095302594,20.702513106305897,4.15180931852422,0.2165447350204525,23.39798379146566,5.066710200135773,0.1540851315118666,32.88459055483225,5.067026460355213,0.10070986799453634,46.66338100239764,4.699462940930221,0.06703353055129266,63.27318690678087,4.241425107593346,0.04669274363607625,80.95877065603399,3.7801871233340876,0.034029271000489705,97.88273331235244,3.3308780581547026,0.025641067738204383,112.61795549785555,2.887644625458601,0.019620443898420544,124.4611019627085,2.441982068594921,0.014910178253640539,133.41018286356845,1.9891696073465859,0.010939025122483872,139.91238906406187,1.5305051389185105,0.007427047529080613,144.58969326511783,1.073874524095217,0.004276353126593346,148.10074519928355,0.6333310847837608,0.0014502168014224714,151.4138077838773,0.21958284801553143
A_fixed_q2_start_5_1,"start=(5,1), q2=0.5, r=q1/q2",15,5,1,1.5294037396669775,0.7647018698334888,0.5,42.25644605081014,,False,42.25644605081002,1.2079226507921703e-13,k=3:5.01331;k=4:4.97425;k=5:4.60175;k=2:4.17821;k=6:4.14803,0.10279436751782034,20.505357242711245,2.1078352284914588,0.20586250598891875,20.296142516811674,4.178214760419092,0.21507159414410662,23.309945879444836,5.01330721970505,0.15019738424831494,33.118100884739704,4.974252124159708,0.0981350147844355,46.89202552372672,4.601749618043049,0.06564245641398628,63.19130542794981,4.14803251229709,0.045974620580174784,80.2757992782202,3.6906494135864425,0.03363940141711034,96.39672816487737,3.242728234034376,0.025382682359494053,110.27964390011233,2.799193171834667,0.01938879407076503,121.37519327869502,2.3533186277799216,0.014659526258186435,129.7800984054087,1.9025147603641082,0.010665399538340581,135.97315055689,1.450207977176169,0.007157567971719498,140.56916129003878,1.006133326661054,0.004061261841617773,144.235611922816,0.5857785869045221,0.001367422865007471,148.11108877589726,0.2025304893533133
A_fixed_q2_start_5_1,"start=(5,1), q2=0.5, r=q1/q2",15,5,1,1.6354945820091178,0.8177472910045589,0.5,41.34765707573312,,False,41.34765707573315,3.552713678800501e-14,k=3:4.95533;k=4:4.88005;k=5:4.50255;k=2:4.19795;k=6:4.05206,0.1097459353287408,19.996364849943213,2.1945197636317735,0.2110327003305525,19.892412034919854,4.197949427817117,0.2133489436417351,23.22639740423391,4.955327350796443,0.14646025442724014,33.31992769441047,4.880045087620602,0.09567958579981546,47.05857625257481,4.50254508417539,0.064299661367111,63.01844408374213,4.052064614466839,0.0452596269532112,79.48727414809427,3.5975643754703754,0.03322777413684234,94.81609757456111,3.1505278747443213,0.025089597293401135,107.88356184613261,2.7067551212972027,0.01911773286391096,118.28317278086016,2.2613060995203083,0.01437169478519097,126.19601309847927,1.813650583359306,0.010362793040921612,132.12372796086683,1.369170848653491,0.006871445075917989,136.6747564717517,0.9391530823601085,0.003842839830238718,140.53729423609613,0.5400623119244484,0.0012894151251705234,145.03897638915373,0.18701544989542523
A_fixed_q2_start_5_1,"start=(5,1), q2=0.5, r=q1/q2",15,5,1,1.7489446758928526,0.8744723379464263,0.5,40.410311026901795,,True,40.41031102690181,1.4210854715202004e-14,k=3:4.89291;k=4:4.78435;k=5:4.40179;k=2:4.21103;k=6:3.9536,0.1169429020619348,19.492499671937765,2.2795094800777145,0.21604935837446954,19.491067219414045,4.21103256678806,0.2113885475487978,23.14650211773151,4.892905463502436,0.14287819321949016,33.48548352241394,4.784345384763514,0.09333744810444547,47.15993035453929,4.401787552076073,0.06300133048159814,62.75422464027456,3.953599645678387,0.044545966724328485,78.59678916840005,3.50116995493461,0.03279349654656093,93.14841073358077,3.05466208570932,0.024761609499649086,105.43911211288088,2.610842120128876,0.018807951663576322,115.19323754535013,2.1665488437238105,0.014048416631800138,122.66277252748023,1.7232177336777703,0.010033786082079754,128.3651147126027,1.287988101427884,0.006571486206979535,132.90448205343037,0.8733799706598768,0.003623155505721051,137.00204278964338,0.4963797056283274,0.0012163513485682477,142.1813017502828,0.17294241812514546
A_fixed_q2_start_5_1,"start=(5,1), q2=0.5, r=q1/q2",15,5,1,1.870264513855114,0.935132256927557,0.5,39.44763110302665,,True,39.447631103026794,1.4210854715202004e-13,k=3:4.8262;k=4:4.68712;k=5:4.29945;k=2:4.21752;k=6:3.85275,0.12437845987378782,18.993055097351235,2.3623269413065415,0.2209060041518441,19.09192967333736,4.217521895684979,0.20920310282976629,23.069433648242192,4.826197099737682,0.1394541012468862,33.61047178348294,4.687118135049443,0.09110274382958305,47.19345513956777,4.299453254012962,0.0617435133448165,62.39925256159018,3.852749083243119,0.04383164165198142,77.60904013333746,3.401731636078692,0.032335612323327066,91.40195920026838,2.9555383182924357,0.02439862803448793,102.9558258344266,2.5119808985176975,0.018460388391783548,112.11327814894724,2.069654658505626,0.013691711689100113,119.18479427040235,1.63184384087506,0.009681170502019434,124.69797220917874,1.2072223302131404,0.006260543813484429,129.25611308933043,0.8092135591564513,0.003404141807883246,133.6255394970593,0.4548802856028935,0.0011482365092505807,139.51756929818887,0.1601991667500784
A_fixed_q2_start_5_1,"start=(5,1), q2=0.5, r=q1/q2",15,5,1,2.0,1.0,0.5,38.4628838310869,global_min,True,38.46288383108693,2.842170943040401e-14,k=3:4.75538;k=4:4.58835;k=2:4.21751;k=5:4.19555;k=6:3.74965,0.13204510887105533,18.497512691803568,2.44250607723293,0.22559702326839706,18.69489096332759,4.21751175165396,0.20680615307925687,22.994372235740652,4.755377664545995,0.13618935776815455,33.69098034486307,4.58835297574642,0.08896985740231066,47.15702113200336,4.195553445632089,0.06052216518463472,61.95506272560569,3.749654540303513,0.043114495196447056,76.52968851123572,3.2995388877032616,0.031853138233131496,89.58558105600895,2.853581897072459,0.02400070050766943,100.44321996257987,2.410707640347843,0.018076235966655158,109.05080956605276,1.9712281660707454,0.013303870786058956,115.76606070635242,1.5401367130483696,0.009307911472684652,121.12265091422121,1.1273989120464578,0.005941471041861727,125.72721178947401,0.7470045880211762,0.003187570392948115,130.40283503421517,0.41566821611156146,0.0010849408287345165,137.02346857343787,0.14866235555014365
B_fixed_sum_start_7_9,"start=(7,9), q1+q2=1, r=q1/q2",15,7,9,0.01,0.009900990099009901,0.9900990099009901,30.75477277743068,,False,30.754772777430645,3.552713678800501e-14,k=7:16.3649;k=6:5.44371;k=8:4.89549;k=5:1.83356;k=9:1.03658,0.00010109318977687864,464.3334907324768,0.04694095369837879,0.0002458988575814141,372.6794020523376,0.09164143920879433,0.0008010874765199192,286.48911672209834,0.22950284356532635,0.002968661043331788,213.27314322530344,0.6331356718818791,0.012489895893659932,146.80359356040023,1.8335616003845645,0.06733426153010283,80.84605662803709,5.443709520669753,0.8231404006870179,19.881005762913656,16.364859049745657,0.08106394706895693,60.390438199639206,4.895487285686667,0.010426002970580623,99.42236706044027,1.0365778943143074,0.0012918960087818327,123.29594630055693,0.15928554092466868,0.00012593165984754512,142.77344839848774,0.017979697338979393,9.747548439567857e-06,175.96115891627562,0.0017151899200188942,9.04182271140408e-07,281.24839673636507,0.00025429981411568506,1.9430223862622835e-07,419.6137107413423,8.153188335530145e-05,7.75808922549042e-08,518.9215153402196,4.025839417036119e-05
B_fixed_sum_start_7_9,"start=(7,9), q1+q2=1, r=q1/q2",15,7,9,0.01123654800138751,0.011111690952621794,0.9888883090473783,30.847769961669695,,False,30.847769961669794,9.947598300641403e-14,k=7:15.6709;k=6:5.5474;k=8:5.0466;k=5:1.99291;k=9:1.16464,0.00014518596763400408,448.418179111753,0.06510402723901801,0.00033272751652085164,361.9285292736144,0.12042358070325407,0.0010165513187602852,278.1198114354758,0.28272306108809475,0.0035395954235755986,207.0718698525111,0.7329506428811903,0.013977394375117209,142.58109539448594,1.992912200764938,0.07082744294403863,78.32267997406731,5.54739514708745,0.8098908066188621,19.34934545997968,15.670857002129962,0.08642702627823651,58.3914713759763,5.046601231036399,0.012018800263192762,96.90140132031392,1.1646385876923364,0.0016323226950932593,120.44114320798984,0.19659881148137917,0.00017538929761598822,139.4182169100538,0.024452463138727825,1.4864927035396798e-05,170.20852674228314,0.0025301373308264236,1.4403316174592827e-06,268.4464008863471,0.0003866518387897553,3.180085372533295e-07,406.270284826415,0.00012919741900714178,1.340341641555945e-07,501.51272136795234,6.721983842195106e-05
B_fixed_sum_start_7_9,"start=(7,9), q1+q2=1, r=q1/q2",15,7,9,0.012626001098748564,0.012468572883817655,0.9875314271161822,30.951800613619465,,False,30.951800613619483,1.7763568394002505e-14,k=7:14.9885;k=6:5.62809;k=8:5.17905;k=5:2.15028;k=9:1.29903,0.0002049015151543629,432.61108491866355,0.08864266677240691,0.0004441091186419446,351.31169488593275,0.15602072718439935,0.0012750680922920974,269.90994435717784,0.3441535578421729,0.004181335745324775,200.93462850101045,0.8401751446248295,0.015540742162549293,138.3640816153665,2.150280516942338,0.07425612069859618,75.79287872279704,5.628085150534079,0.7961248662464674,18.826828471842443,14.98850629899075,0.09188859122501086,56.3622499113415,5.179047742625164,0.013771620805436481,94.32689155165912,1.2990341822049793,0.0020453427485137197,117.5233657264905,0.24037556386960315,0.00024185557337467144,136.00957695299675,0.03289467421841353,2.2434987808152935e-05,164.57186023932942,0.0036921676780344043,2.2717424123366265e-06,255.7731325455893,0.0005810506731400128,5.124656457201809e-07,392.8484024316458,0.00020132131022227486,2.2687277252081723e-07,484.1839226800576,0.00010984814894842966
B_fixed_sum_start_7_9,"start=(7,9), q1+q2=1, r=q1/q2",15,7,9,0.014187266741165962,0.013988803849562371,0.9860111961504376,31.067963852881793,,False,31.06796385288174,5.3290705182007514e-14,k=7:14.3212;k=6:5.68577;k=8:5.29175;k=5:2.30354;k=9:1.4384,0.00028419085470725026,416.9752555075944,0.11850055425447731,0.000584800095778237,340.8550329755589,0.199332055930601,0.001581069539902142,261.9019245897888,0.4140851554106628,0.004894169108455947,194.89749965136997,0.9538613221090385,0.017168277295115733,134.17437521718892,2.303542879627604,0.0776002464673429,73.26994099585377,5.685765479925925,0.7818631149638154,18.316765652048634,14.321203448772968,0.09743063698040462,54.31298690128352,5.291748910100426,0.015684114227819332,91.71038941728213,1.4383962234984462,0.002541043152806557,114.55634929727546,0.29109262699235805,0.00033010090015220186,132.5621733130822,0.04375889273678063,3.349827588548551e-05,159.07072576637023,0.005328595057026278,3.548502268227544e-06,243.32478477887526,0.0008634385507038178,8.133884303542906e-07,379.3534817119253,0.000308561733039098,3.762471144724803e-07,467.0020710417277,0.0001757081816821223
B_fixed_sum_start_7_9,"start=(7,9), q1+q2=1, r=q1/q2",15,7,9,0.01594159037455999,0.0156914438050347,0.9843085561949654,31.197390941276304,,False,31.197390941276183,1.2079226507921703e-13,k=7:13.6719;k=6:5.72096;k=8:5.38411;k=5:2.45073;k=9:1.58116,0.0003874125156715596,401.56877745319787,0.15557277028829605,0.0007598160705482996,330.57964899195866,0.2511797299003062,0.0019384986764305653,254.13250430339355,0.49263552323011334,0.0056767904252305185,188.99512716676594,1.072885728315521,0.01884692598109786,130.033419087096,2.4507302246035763,0.08084210666167212,70.76702026300156,5.720955000230283,0.7671262579344874,17.82222934060513,13.67190010210864,0.10303704283220785,52.25411918166631,5.384109916280646,0.01775307794137078,89.06381441803369,1.5811568391191346,0.0031294299920301195,111.55460627549016,0.3491023306276303,0.0004458025345845239,129.09128538131026,0.05754922221576221,4.946453718652001e-05,153.72101845232785,0.0076037390335849,5.490368662632472e-06,231.1939848892201,0.0012693402096248993,1.2721060244746983e-06,365.7852138949797,0.0004653175742595698,6.114227920821371e-07,450.0282658204202,0.0002751575388038035
B_fixed_sum_start_7_9,"start=(7,9), q1+q2=1, r=q1/q2",15,7,9,0.01791284454622004,0.01759762109515917,0.9824023789048408,31.34122304802559,,False,31.341223048025523,6.750155989720952e-14,k=7:13.0431;k=6:5.73467;k=8:5.45603;k=5:2.59012;k=9:1.72561,0.0005191767110899436,386.44415134270287,0.2006328035140489,0.000974261504286796,320.501976834246,0.3122527380774244,0.0023506220495653615,246.63176033686662,0.5797380539709585,0.006526297865770069,183.25995256653152,1.1960090373160788,0.02056270503554312,125.96205247692087,2.5901205307545276,0.08396661325127733,68.29700747429563,5.734668412813778,0.7519344839814,17.34602171172618,13.043071884936985,0.10869421750110418,50.19612722042267,5.456028769809717,0.01997247954310872,86.39921292286428,1.7256065126426012,0.0038200201915262752,108.53318246789632,0.4145989484779695,0.0005955633383425314,125.6126754283975,0.07481030431627328,7.220830473809683e-05,148.5352351809564,0.010725477526291381,8.415509123363836e-06,219.46600126588396,0.0018469181359212256,1.9614003588253754e-06,352.13937097550127,0.0006906862885878902,9.738127637064525e-07,433.3168141613939,0.00042196944435898224
B_fixed_sum_start_7_9,"start=(7,9), q1+q2=1, r=q1/q2",15,7,9,0.020127853758499396,0.019730716776668246,0.9802692832233317,31.500584436577657,,False,31.500584436577654,3.552713678800501e-15,k=7:12.4367;k=6:5.72836;k=8:5.50788;k=5:2.72032;k=9:1.86996,0.0006841267810526545,371.64787101019726,0.2542542616792784,0.0012331197179784794,310.63429155262264,0.3830492699938148,0.00281986586047485,239.4223249448658,0.6751388403475432,0.007438288070608385,177.72144060795338,1.3219432715654762,0.02230128227658449,121.980315084312,2.720317438881959,0.08696142743977285,65.87244524483754,5.728361867439349,0.7363069210488975,16.890666446639926,12.436714605789366,0.11439159638027634,48.14937275523572,5.507883614180398,0.022333647082809518,83.72853456602957,1.869963541758522,0.004621394051775538,105.50741335014405,0.4875913324745787,0.0007868751387386025,122.14244243660285,0.09611085133817363,0.0001041733831110431,143.5229176679499,0.014951267887438042,1.2778988173214263e-05,208.21520415678623,0.0026607796314029645,2.9832520017106913e-06,338.4104177524179,0.001009563556159652,1.52052774541737e-06,416.91449307768664,0.0006339300541912406
B_fixed_sum_start_7_9,"start=(7,9), q1+q2=1, r=q1/q2",15,7,9,0.022616759492228647,0.022116554693919547,0.9778834453060805,31.676551926142334,,False,31.676551926142253,8.171241461241152e-14,k=7:11.8544;k=6:5.70387;k=8:5.5405;k=5:2.84031;k=9:2.01245,0.000886664163604137,357.22019502190176,0.31673434544160123,0.001541011072842881,300.9853160648844,0.4638217048191011,0.0033476870276847727,232.5189108637857,0.7784005415900873,0.008407047114659566,172.4053155109284,1.4494196103181227,0.024048556405176308,118.10726316477913,2.840309180079193,0.08981691295381572,63.50547836996583,5.703866022845648,0.7202612768147734,16.458424091595894,11.854365550571885,0.12012195408986301,46.12396051107079,5.5405002669535,0.024825628445154638,81.06344050345359,2.012450854424638,0.005540737674671188,102.49269217731783,0.5678851209253419,0.001028013747910089,118.69688602446125,0.12202203066726308,0.00014848000843942393,138.69120893981204,0.0205928718738572,1.9223038514292018e-05,197.50222150092532,0.0037965928105705205,4.479096176688211e-06,324.5948916686411,0.0014538917382455343,2.3283467129817246e-06,400.8600085180842,0.0009333410831989075
B_fixed_sum_start_7_9,"start=(7,9), q1+q2=1, r=q1/q2",15,7,9,0.025413430367026365,0.024783594221045195,0.9752164057789549,31.870121954305162,,False,31.870121954305286,1.2434497875801753e-13,k=7:11.2971;k=6:5.66331;k=8:5.5551;k=5:2.9495;k=9:2.15138,0.0011306306347115137,343.1950900981451,0.3880268825475409,0.00190193072226123,291.56086186939007,0.5545285605983558,0.003934486634804059,225.92816093666653,0.888911329631175,0.009425823195943392,167.33283498768023,1.5772497174698443,0.025791214727522823,114.3607800271751,2.9495034340878763,0.09252592867871112,61.20782908692667,5.663311228675718,0.7038136943641624,16.051329594549454,11.297145581396665,0.12588150946344098,44.12962684021035,5.555104038704059,0.02743570703251878,78.41515514538384,2.1513752234782584,0.006583410390229867,99.5042605359424,0.6550773826844629,0.0013278565820456268,115.29238413394756,0.15309175113199508,0.00020902539713915996,134.0454646755039,0.028018906488500438,2.8640845307455774e-05,187.3721597024491,0.005366497040961743,6.643391306408615e-06,310.6954053001993,0.002064071154512445,3.4979398975811876e-06,385.1836380288327,0.0013473492153565244
B_fixed_sum_start_7_9,"start=(7,9), q1+q2=1, r=q1/q2",15,7,9,0.028555923019901074,0.027763121460677796,0.9722368785393222,32.08217697833902,,False,32.082176978338886,1.3500311979441904e-13,k=7:10.7658;k=6:5.60905;k=8:5.55326;k=5:3.04774;k=9:2.2852,0.0014189684601875834,329.6003206696117,0.4676924594978926,0.0023189803296892577,282.3644511601974,0.6547976080440009,0.004579568853021793,219.64883503194636,1.0058969635148236,0.010487158151133956,162.52013759692707,1.7043743857230258,0.027517227424530808,110.75736528352682,3.0477356094486407,0.09508348184397346,58.99078144091761,5.609048896099296,0.6869788367441306,15.671248768114955,10.765816249047502,0.13166981580900305,42.17565419543251,5.553260619536805,0.03015004729585693,75.794368332822,2.285203789994184,0.0077525752619503644,96.55702874068062,0.7485656323824309,0.0016956199876232763,111.94528638295577,0.18981666511115158,0.0002905653993299461,129.5898654847761,0.03765433101369797,4.225477696526264e-05,177.85409865825295,0.007515185271162296,9.741545958792632e-06,296.72497723800893,0.002890560002885762,5.158116642663023e-06,369.90703847394775,0.0019080236513906613
B_fixed_sum_start_7_9,"start=(7,9), q1+q2=1, r=q1/q2",15,7,9,0.032086999973704504,0.031089433327347416,0.9689105666726525,32.31345324113706,,False,32.31345324113716,9.947598300641403e-14,k=7:10.2608;k=6:5.54357;k=8:5.53681;k=5:3.13525;k=9:2.41263,0.001753384404082087,316.4576559586208,0.5548719185102204,0.0027941101440248747,273.3978792908887,0.7639037878815603,0.005281144015124016,213.672328104774,1.1284343367681424,0.0115832482914241,157.97770659070954,1.829894999949934,0.02921624096570668,107.31189339397369,3.135250135884562,0.09748627196975831,56.86515781885631,5.543572240732255,0.6697701971882218,15.319948956341154,10.260845233402108,0.137489445217595,40.270806575583514,5.536810854542055,0.03295443190745187,73.21118880410273,2.4126331363084064,0.009048929899713563,93.66542900923105,0.847571901131129,0.002140521470981009,108.67182224045361,0.23261436879632247,0.0003987626012460704,125.32798500601294,0.049976113309926226,6.170856838766331e-05,168.96186067313346,0.010426394534254896,1.4133518689331418e-05,282.7112225195487,0.003995704347163775,7.469837595357806e-06,355.04319943736647,0.0026521150391333598
B_fixed_sum_start_7_9,"start=(7,9), q1+q2=1, r=q1/q2",15,7,9,0.03605471154250502,0.034800007317013056,0.9651999926829871,32.56451204057831,,False,32.5645120405783,7.105427357601002e-15,k=7:9.78247;k=8:5.5078;k=6:5.46944;k=5:3.21266;k=9:2.53265,0.002134046401836852,303.78316568004874,0.6482873716581163,0.0033278885777520404,264.66169017473703,0.8807646157010568,0.006036370620965732,207.98349432214755,1.2554654547720046,0.012706301516425685,153.70999886136227,1.9530855916219176,0.030879840439650072,104.03734168512112,3.2126565110018954,0.09973216176238947,54.84127270423723,5.469438680594301,0.6522006153761906,14.999178132567824,9.782473208197835,0.14334549020494447,38.42327815780033,5.507803642810824,0.035835043678241835,70.67514283150055,2.5326468303328027,0.010470569824102235,90.84329898515942,0.9511811050759075,0.0026713812518708493,105.48801964046469,0.2817987179645213,0.0005401851309996991,121.26327928336107,0.06550462040513551,8.917081393486336e-05,160.69585121875093,0.014329379849131725,2.0304655721023338e-05,268.6997721302942,0.005455856365423045,1.0629744974619375e-05,340.596527581297,0.0036204542274301007
B_fixed_sum_start_7_9,"start=(7,9), q1+q2=1, r=q1/q2",15,7,9,0.04051304969235382,0.03893564785596127,0.9610643521440387,32.83571654243066,,False,32.83571654243072,5.684341886080802e-14,k=7:9.33078;k=8:5.46843;k=6:5.3892;k=5:3.28086;k=9:2.64456,0.0025593416157784657,291.58757733824206,0.7462722213257847,0.003919315804603941,256.15555100340976,1.0039544994846947,0.006841428101989141,202.56173456745896,1.385811543257479,0.013848857600369788,149.71528913988575,2.0733857198964674,0.03250166047763174,100.94449973479932,3.2808638574648348,0.10181961391489197,52.928853870701865,5.389195466072599,0.634282965746536,14.71074614477119,9.33077569304989,0.14924491771479784,36.64064589204046,5.468430181174624,0.03877924046893255,68.19520502001988,2.6445582542995076,0.01201300772310303,88.10378762307859,1.0583914811506723,0.003296186764771184,102.40962577731044,0.33756125307234053,0.0007222412526641028,117.39947325839005,0.08479074262824547,0.0001274442794878537,153.0456271481102,0.019504789680657608,2.8905488819315454e-05,254.75620381384755,0.00736385260099242,1.4873045624931479e-05,326.5630587306817,0.004856987271918607
B_fixed_sum_start_7_9,"start=(7,9), q1+q2=1, r=q1/q2",15,7,9,0.045522682755073096,0.04354059792860311,0.956459402071397,33.12721585155375,,False,33.127215851553764,1.4210854715202004e-14,k=7:8.90571;k=8:5.42096;k=6:5.30531;k=5:3.341;k=9:2.74804,0.003025721423326708,279.87667171190884,0.8468288414880987,0.004565695877717066,247.87852502299782,1.1317379598720878,0.007691610396181604,197.3822896015757,1.5181876707216078,0.01500404192113199,145.98577552532447,2.1903766958709325,0.034077336269648845,98.04168385762195,3.340999429258786,0.10374713247186311,51.13692876856016,5.305309723156038,0.6160309728912141,14.45660192761274,8.905714550168277,0.15519581854003442,34.92981731276823,5.420961589308931,0.04177627066891894,65.77984256946065,2.7480365077406645,0.013669359847581174,85.45927060269041,1.1681735221799905,0.00402165154533359,99.45201829855742,0.3999613630769379,0.000953038050263764,113.74082922334505,0.10839933811840051,0.00018007218195608763,145.99279204463954,0.026289240613339593,4.080217017384841e-05,240.96582345804097,0.0098319285348165,2.047574465458828e-05,312.9308141385828,0.006407491444854045
B_fixed_sum_start_7_9,"start=(7,9), q1+q2=1, r=q1/q2",15,7,9,0.051151780992931425,0.04866260222154863,0.9513373977784514,33.438937512628755,,False,33.438937512628804,4.973799150320701e-14,k=7:8.50718;k=8:5.36769;k=6:5.2201;k=5:3.39432;k=9:2.84311,0.0035276529173397376,268.65169796478756,0.9477099460737569,0.005262578598621493,239.82925097126324,1.2621202834847929,0.008581429833412585,192.41766969556087,1.6512187312012148,0.01616572929994075,142.50798126509332,2.3037454482125264,0.035604298889501486,95.33449013540788,3.394317681259293,0.10551274444399812,49.47368238841078,5.220104006551917,0.597460102415515,14.238901221369307,8.507175382003707,0.16120659903380777,33.29696729225747,5.367690855324762,0.044817880282265785,63.43705094073712,2.8431141545219525,0.015430696634642362,82.92125925437388,1.2795327961167737,0.0048528050090136995,96.63009270075122,0.46892699787966363,0.0012411582343908494,110.29228941178606,0.13689018319325696,0.00025142909605813883,139.51384606057184,0.03507784020260391,5.7138831591523426e-05,227.43088606208423,0.012995135097412383,2.775647990189043e-05,299.6803461597871,0.008318071505175698
B_fixed_sum_start_7_9,"start=(7,9), q1+q2=1, r=q1/q2",15,7,9,0.05747694424835353,0.0543529053384778,0.9456470946615222,33.77058888021258,,False,33.77058888021252,5.684341886080802e-14,k=7:8.13499;k=8:5.31088;k=6:5.1357;k=5:3.44211;k=9:2.93018,0.0040576883285874535,257.9097953637999,1.0465175664760693,0.006003778097319671,232.00604469132017,1.3929128095635168,0.009504721416664275,187.6391443632541,1.7834577940339809,0.017328603322930517,139.26346866078177,2.4132414057980527,0.03708143159444059,92.82562479492822,3.442107056044339,0.10711355225894476,47.94630072982723,5.13569858884743,0.5785884739019156,14.060060592911942,8.134989001421383,0.16728516152233702,31.747461550563756,5.310879233410242,0.04789876994827437,61.1743587625604,2.930176537101083,0.01728653980557255,80.50028629594054,1.3915714034147626,0.005792650866174139,93.95811112477857,0.5442665337910346,0.0015953570148780865,107.05949085562298,0.17079810974579449,0.0003467811130487662,133.5827036996995,0.046323958673045326,7.941226478882982e-05,214.26527809437252,0.01701529099908257,3.7078544122387893e-05,286.78555602432954,0.010633590892711648
B_fixed_sum_start_7_9,"start=(7,9), q1+q2=1, r=q1/q2",15,7,9,0.06458424430196978,0.06066616582731468,0.9393338341726853,34.12166692743902,,False,34.12166692743907,4.973799150320701e-14,k=7:7.78894;k=8:5.25271;k=6:5.05396;k=5:3.4856;k=9:3.00993,0.0046066542502772815,247.64441429734313,1.1408121936802837,0.006781470163004704,224.40694247643862,1.5218089847750813,0.010454739138738497,183.01821329905192,1.9134076776795887,0.01848810662052864,136.22985445397927,2.5186320740442674,0.03850861475904885,90.51484999008393,3.4856014882412385,0.1085453810841234,46.56081955796795,5.053961902508737,0.5594377458029207,13.922795166494687,7.788937143219588,0.17343811539508622,30.285769668265917,5.252706814553706,0.05101687083493446,58.99878344855186,3.0099333146130394,0.019225474119326926,78.20575404008447,1.5035427002800912,0.006841928721736416,91.4494994032337,0.6256909565554019,0.0020241902339286416,104.04865581348827,0.21061427295106552,0.00047229801185585143,128.17270402851327,0.060535713286855294,0.00010955778327649317,201.58720946795088,0.022085447806202793,4.885308121375451e-05,274.21490950205254,0.013396243243926114
B_fixed_sum_start_7_9,"start=(7,9), q1+q2=1, r=q1/q2",15,7,9,0.07257039612324216,0.06766026396546522,0.9323397360345347,34.49147511501816,,False,34.49147511501825,8.526512829121202e-14,k=7:7.46874;k=8:5.19523;k=6:4.97647;k=5:3.5259;k=9:3.08337,0.00516395261256669,237.84573465395243,1.2282241028541214,0.007586365193702821,217.02970736329831,1.646466617940435,0.011424238287167312,178.52798190210027,2.039546206176687,0.01964028809510476,133.3820841582945,2.6196625595944125,0.039886195576335784,88.39907535809144,3.52590280850008,0.1098025378193306,45.322000241219776,4.976470645534245,0.540033929617959,13.83013918920651,7.468744413510526,0.17967005303074274,28.91537508335728,5.19522697463062,0.05417342164752033,56.916726223104654,3.0833738084807254,0.021235830074276322,76.0457362462454,1.614894332798503,0.00799900580253713,89.11658326984333,0.7128440666777601,0.0025355942804506193,101.26636603550655,0.2567704185216493,0.0006350002453568084,123.25804464865473,0.0782688885940962,0.00015004285293650137,189.51092953221786,0.028434760529662238,6.354486401405288e-05,261.9332173100159,0.01664451067472832
B_fixed_sum_start_7_9,"start=(7,9), q1+q2=1, r=q1/q2",15,7,9,0.08154407395185162,0.07539597868989092,0.9246040213101091,34.879144986881094,,False,34.87914498688108,1.4210854715202004e-14,k=7:7.17406;k=8:5.14032;k=6:4.90448;k=5:3.56392;k=9:3.15171,0.0057179559976230235,228.50108418021887,1.3065591447516458,0.008407948614186056,209.87181960665015,1.7645914748184401,0.012405540524955891,174.14437179521326,2.1603550614985036,0.0207815630187814,130.6938895509765,2.7160233018732742,0.04121442382481173,86.47261152283431,3.563918860540392,0.11087769146640397,44.233252678029906,4.904480942990087,0.5204081013661264,13.785450081503983,7.174059903393,0.18598291434463002,27.638693048884498,5.140324681908207,0.05737284423761858,54.93380521172651,3.1517086497920643,0.02330638536789878,74.0267330659068,1.725295568360599,0.009259914414042824,86.97026090137905,0.8053371725137449,0.0031364462204524902,98.71923417765662,0.3096275689224754,0.0008426260813523052,118.81465542504898,0.10011632750803343,0.0002039620796828878,178.1387266305553,0.03633354515562949,8.16824414329381e-05,249.9041715317707,0.020412782854990777
B_fixed_sum_start_7_9,"start=(7,9), q1+q2=1, r=q1/q2",15,7,9,0.09162739011886736,0.08393650704283817,0.9160634929571618,35.28365926806947,,False,35.28365926806952,4.973799150320701e-14,k=7:6.90443;k=8:5.08968;k=6:4.83891;k=5:3.60032;k=9:3.2163,0.0062564720111509585,219.59536279786118,1.373892241123359,0.009234776105502787,202.93047170037283,1.8740174711370126,0.013390581616138037,169.84710831717916,2.2743515661862252,0.02190841035069388,128.13932448302356,2.807328902834795,0.042492896488873784,84.72758283834307,3.6003204073021906,0.11176187848623244,43.296619964454635,4.838911579331964,0.5005969903741008,13.792397661840509,6.904432759560144,0.19237545183126187,26.457008997039832,5.089679059909298,0.060622431572796,53.054636396377724,3.216301064558981,0.025427028820634332,72.15338866026978,1.8346462929711103,0.010618536870535877,85.01961694315922,0.902783937229773,0.0038321376617985207,96.41349078401863,0.3694697691389024,0.0011034095308588576,114.82058403029163,0.12669412675780412,0.00027512358298597254,167.55440191766738,0.046098167400660355,0.00010387469643668817,238.09381375545794,0.024731922627301565
B_fixed_sum_start_7_9,"start=(7,9), q1+q2=1, r=q1/q2",15,7,9,0.10295755673125127,0.09334679843563383,0.9066532015643661,35.70387248596573,,False,35.70387248596565,8.526512829121202e-14,k=7:6.65929;k=8:5.04473;k=6:4.78034;k=5:3.63552;k=9:3.27859,0.0067672458018721016,211.11148075534032,1.4286432818685797,0.01005480728386244,196.20258715603134,1.972779202449119,0.01437094466503863,165.62044263897727,2.380122216563947,0.023017037762240913,125.69425541545898,2.8931094233943737,0.043720051959713395,83.15447608129107,3.6355180149567903,0.11244463239973294,42.512831490460144,4.780339709216582,0.4806434366012895,13.854940534462704,6.659286232390661,0.19884279570036434,25.37044887198071,5.044730981877799,0.06393187805536396,51.28258255975441,3.2785918145743533,0.027589331406863583,70.42819168371011,1.943066720747992,0.012066924846061608,83.27149219947809,1.0048308381905076,0.004626197086336472,94.35451010612825,0.4365025597356757,0.001425767536505351,111.25599476936765,0.15862518558377353,0.0003681130180792248,157.81904817836866,0.05809524613532987,0.00013083587667475204,226.4750237721379,0.02963105828016297
B_fixed_sum_start_7_9,"start=(7,9), q1+q2=1, r=q1/q2",15,7,9,0.1156887528316282,0.10369267641894668,0.8963073235810534,36.138524587819376,,False,36.138524587819504,1.2789769243681803e-13,k=7:6.43789;k=8:5.00666;k=6:4.72901;k=5:3.66966;k=9:3.34002,0.007238467006489243,203.03081882494985,1.4696318833648947,0.010855758767976727,189.6848810655378,2.0591733107798347,0.0153378842810335,161.45358508776238,2.476356404834095,0.024103048129153443,123.3376797197667,2.9728140304236494,0.04489274955408728,81.74278303650645,3.6696582867119782,0.11291423476743537,41.8814219053162,4.729008705410884,0.4605967158583066,13.977291017135089,6.437894339088231,0.20537610735653344,24.377989962397624,5.006656683653869,0.06731269714518227,49.619497742369106,3.340022224028147,0.02978697530634127,68.8511881967837,2.0508686426298515,0.013595726054604794,81.73003247940409,1.1111791320239301,0.005519992314990673,92.54630217368536,0.5108548767795478,0.0018179045415916517,108.10289096413203,0.19652073644288273,0.0004883180946145466,148.96944195304593,0.0727444740503037,0.00016342082166053784,215.03292689594448,0.035140857597405616
B_fixed_sum_start_7_9,"start=(7,9), q1+q2=1, r=q1/q2",15,7,9,0.12999422244132455,0.11503972308856168,0.8849602769114383,36.586242756145964,,False,36.58624275614597,7.105427357601002e-15,k=7:6.23936;k=8:4.97635;k=6:4.68485;k=5:3.70264;k=9:3.40196,0.007659247681743075,195.33371766373395,1.4961093241822105,0.011625456026937965,183.37397904533216,2.131806129876153,0.016282348786389428,157.34084703985786,2.561878549848914,0.025161141339923948,121.05275916479644,3.0458255829332175,0.04600596316659737,80.48168119296899,3.702637260549564,0.11315808482238147,41.40090420499461,4.68484702975207,0.44051273530336993,14.163868385994133,6.239364405191203,0.21196230038100933,23.477516245435737,4.976348350615076,0.07077758370971599,48.065497504848736,3.4019597731985765,0.03201600336405985,67.41974278955736,2.1585107119545186,0.015194679482328877,80.39624884798523,1.221595232826688,0.006512537736673273,90.99100154487638,0.5925823312587035,0.0022873528066847467,105.34466629623155,0.24096041812195326,0.0006418941119221673,141.01884413137546,0.09051916571799978,0.0002026712802632157,203.77080593504348,0.04129849011912254
B_fixed_sum_start_7_9,"start=(7,9), q1+q2=1, r=q1/q2",15,7,9,0.1460686320364989,0.1274519064158865,0.8725480935841136,37.045526704787356,,False,37.04552670478722,1.3500311979441904e-13,k=7:6.06263;k=8:4.9544;k=6:4.6475;k=5:3.73413;k=9:3.46563,0.008020041123899712,188.00000132698025,1.5077677419355822,0.012352163127577745,177.26660875596025,2.189626068426122,0.017195008152965156,153.28150930170594,2.635676802141638,0.026184882199166464,118.82748667487925,3.111483740604736,0.04705261018852559,79.36069018257446,3.7341276194530257,0.11316318682555733,41.06897715256066,4.647496334249768,0.4204540980634889,14.41923766418131,6.062627566856441,0.2185838025925542,22.665917168955282,4.954402364038106,0.07433978742375758,46.61878260439157,3.4656303887648368,0.034274867415536696,66.12838495639573,2.266541626784035,0.016853132390491087,79.26762883633383,1.335907843059043,0.007600420901903737,89.68838479193097,0.6816694744305773,0.0028404761933514227,102.96557777842015,0.29247127241427673,0.0008356506406963191,133.95963964486145,0.1119434586966765,0.00024987276052629954,192.71569590432023,0.048154402932359376
B_fixed_sum_start_7_9,"start=(7,9), q1+q2=1, r=q1/q2",15,7,9,0.1641307195375129,0.14098993934523002,0.85901006065477,37.514713261103566,,False,37.51471326110336,2.0605739337042905e-13,k=7:5.90644;k=8:4.94112;k=6:4.61635;k=5:3.76362;k=9:3.53206,0.00831297746371193,181.0095373879277,1.5047282050227648,0.013024870644704267,171.3598736389122,2.2319401878397,0.0180662946688181,149.27945268588869,2.696926580223155,0.027166559348961963,116.65494602353502,3.1691135144983185,0.0480235294591909,78.37024265389624,3.7636156568133257,0.11291675631352073,40.882741026162705,4.61634650587999,0.40049002515236604,14.748027840725912,5.906438040880115,0.2252183317379391,21.93922409583105,4.941115450487865,0.07801256817391837,45.27553596849257,3.53206083635272,0.03656427345729976,64.96877279112057,2.3755359745197087,0.018560528956645696,78.33784296456686,1.4539918027450065,0.008777851462861818,88.6354490119544,0.7780288057709981,0.0034819720990826807,100.95021664504938,0.35150583775441396,0.0010768418813917565,127.76709121589843,0.13758495488488023,0.00030661917958440984,181.9224338999348,0.055780907430397035
B_fixed_sum_start_7_9,"start=(7,9), q1+q2=1, r=q1/q2",15,7,9,0.18442627085855348,0.15570937203619153,0.8442906279638084,37.99191711517545,,False,37.991917115175504,5.684341886080802e-14,k=7:5.76938;k=8:4.93649;k=6:4.59058;k=5:3.79044;k=9:3.60203,0.008532099816830665,174.34283393994318,1.4875104615247283,0.013633524749330776,165.65161042608383,2.258415330510514,0.018886461557583747,145.34259891002424,2.745007406993486,0.028097152210908354,114.533168634656,3.218055872325564,0.04890761567037978,77.50211591606804,3.790443698864279,0.11240694676155784,40.83889159564327,4.590575113392505,0.3806961056097748,15.154819595046149,5.769380801052773,0.23183866161580058,21.292775068963,4.936488474074667,0.08180880460727055,44.02990176917781,3.6020336307119836,0.03888684292505618,63.929794643465655,2.486027882531547,0.020306822309323454,77.59659200808778,1.575740205717307,0.010036823770741592,87.82608273198103,0.8814949148554649,0.004214409617490702,99.28303612546362,0.41841938230083076,0.0013728491287459041,122.40351552126383,0.1680415596388028,0.000374879649205815,171.47471413086708,0.06428238068104686
B_fixed_sum_start_7_9,"start=(7,9), q1+q2=1, r=q1/q2",15,7,9,0.20723146452190294,0.17165843552957125,0.8283415644704288,38.47494638491915,,False,38.47494638491895,1.9895196601282805e-13,k=7:5.64989;k=8:4.94024;k=6:4.56919;k=5:3.81385;k=9:3.67606,0.008673493582411006,167.9816725910389,1.4569879591810426,0.01416918506389433,160.14081918067143,2.269064903254572,0.01964566236404472,141.4822149975443,2.7795118263589393,0.02896641394719429,112.46463067315013,3.2576970464967907,0.04969211242948007,76.74968281827223,3.813853867532519,0.111623694258878,40.933860343832166,4.569188711855532,0.3611538238462736,15.643988863641141,5.6498863983125185,0.23841236532849316,20.721396562814977,4.940237167450427,0.08574082300702987,42.87404361978134,3.6760557855993503,0.04124663016927514,62.997812813755296,2.598447486602187,0.02208276902095772,77.02963649080746,1.7010276703948375,0.011367374105637536,87.25085887924824,0.9918131539186014,0.005037841198432306,97.947978455596,0.49344636116676144,0.0017307535501573704,117.82234464204845,0.20392144127709058,0.00045705812783824063,161.481879486235,0.07380660551777896
B_fixed_sum_start_7_9,"start=(7,9), q1+q2=1, r=q1/q2",15,7,9,0.23285662984981953,0.188875676385976,0.811124323614024,38.96119427216534,,False,38.961194272165294,4.973799150320701e-14,k=7:5.54625;k=8:4.95181;k=6:4.55106;k=5:3.83303;k=9:3.75434,0.008735310175216589,161.90977656812888,1.4143321187226205,0.014624105426121317,154.82813677665757,2.2642229951517714,0.020334051574428837,137.71213131677504,2.80024558061982,0.029763069441197953,110.45546062735481,3.2874935448114675,0.05036306149166049,76.10795465273289,3.8330296001800943,0.11055966701435488,41.16386941472823,4.551063695514741,0.3419497898743914,16.219489799033237,5.54625112864925,0.24490153791237423,20.219590543685097,4.951808820106979,0.08982050610488379,41.79826944012973,3.75434171542075,0.04364855396477135,62.15703473730885,2.713064685021593,0.0238800775806514,76.61903986891264,1.8296686162246565,0.012757905576015978,86.89697734186574,1.108623431768723,0.005949520192220286,96.92822868612512,0.576676453764247,0.002156810993697897,113.97173432801574,0.24581548956948035,0.0005560326780128059,152.07091234510565,0.08455639663909975
B_fixed_sum_start_7_9,"start=(7,9), q1+q2=1, r=q1/q2",15,7,9,0.2616504698748821,0.2073874469375262,0.7926125530624738,39.447511735720354,,False,39.447511735720404,4.973799150320701e-14,k=7:5.45666;k=8:4.9704;k=6:4.53498;k=5:3.84713;k=9:3.83681,0.00871769418112355,156.11351344353525,1.3609498677414604,0.014991740183730068,149.71630304998553,2.2445079165939763,0.02094190541297559,134.04791331408876,2.8072187214303983,0.030475119294609,108.51443978032692,3.3069904974931275,0.05090590019292978,75.57340372997595,3.847132147518143,0.10921128695669484,41.52487307832179,4.534984829596933,0.32317457836827035,16.884560196866893,5.456660622556138,0.2512625215887494,19.7817162378164,4.970403903266858,0.0940597304574068,40.79120600035258,3.8368098414257186,0.04609781272718828,61.38998091793971,2.8299438436808466,0.025691399105564134,76.34364055891442,1.9613749387708035,0.014195548893277283,86.74838208281638,1.2314408992693189,0.0069437484695244345,96.20611068120967,0.6680310338015479,0.0026558568963800087,110.79756452252848,0.29426247583926624,0.0006751572715769587,143.37429338468448,0.09680019673587797
B_fixed_sum_start_7_9,"start=(7,9), q1+q2=1, r=q1/q2",15,7,9,0.29400480643347093,0.2272053434204819,0.7727946565795182,39.93007089014612,,False,39.93007089014614,2.1316282072803006e-14,k=7:5.37922;k=8:4.995;k=6:4.51968;k=9:3.92309;k=5:3.85533,0.008622629160896312,150.58263070762436,1.2984181826640422,0.01526668859956246,144.8105468643387,2.210777524910205,0.021459761602149647,130.50601286385282,2.8006279237053566,0.031090234467733926,106.6518767340561,3.315831854085661,0.051306191084393285,75.1435682528922,3.855330271546036,0.10757976200398368,42.01236471668232,4.519680197445245,0.30492107295799825,17.641336257364447,5.379215180008404,0.2574456828052005,19.402158072181,4.995001832787071,0.09847116582856147,39.84000820124731,3.9230920541962724,0.04859935628562155,60.67801001303994,2.94891222732624,0.027510167914408527,76.17974667560493,2.0957176227229963,0.015666525940242666,86.78607429536534,1.3596362842001684,0.008011868101256594,95.76313179063781,0.7672415808698423,0.0032306867831973928,108.24581538304665,0.34970832509443384,0.0008182064647938758,135.51570826576048,0.1108798285841661
B_fixed_sum_start_7_9,"start=(7,9), q1+q2=1, r=q1/q2",15,7,9,0.33035991201283377,0.24832371227497332,0.7516762877250267,40.404234685377425,,False,40.40423468537725,1.7763568394002505e-13,k=7:5.31196;k=8:5.02439;k=6:4.50385;k=9:4.01256;k=5:3.85682,0.008453722091954597,145.31101623293748,1.2284189481327565,0.015444600344263645,140.11880311411315,2.164078914814042,0.021878578177827547,127.10291159107419,2.7808309878748196,0.03159622151769538,104.87842751252667,3.3137620281133504,0.051550455424134896,74.81645818250267,3.8568224925287566,0.10567203207940583,42.621041143167425,4.503852026938464,0.28728222112284224,18.490374079855272,5.311955735053052,0.26339532002964716,19.075473790800952,5.024390523845163,0.10306944824571615,38.93059704257979,4.012555157055008,0.0511574792465708,60.001863716241424,3.06954409781919,0.02933031898657522,76.10202435906952,2.2320966499756265,0.01715648556740767,86.98863757462945,1.4924193050775867,0.009142400323987231,95.58017725341416,0.8738322434883706,0.0038814735948275924,106.26438601540681,0.41246240838936804,0.000989243247141283,128.59644646482798,0.1272131662716966
B_fixed_sum_start_7_9,"start=(7,9), q1+q2=1, r=q1/q2",15,7,9,0.3712105009066361,0.2707173702806345,0.7292826297193654,40.86445491042289,,False,40.864454910422815,7.815970093361102e-14,k=7:5.25289;k=8:5.0572;k=6:4.4862;k=9:4.10433;k=5:3.85085,0.008215950086017231,140.29746138642804,1.1526769399458225,0.015522074173228406,135.6516693649366,2.105595273604801,0.022189913636533425,123.85426101464796,2.748315355431707,0.03198153480165806,103.20392188869802,3.3006198195509957,0.05162706456517526,74.58979993453909,3.850852417123955,0.1035014957790758,43.34433645039477,4.486203656167376,0.270348141790575,19.430095071658315,5.252890097437034,0.2690498125163217,18.796519267292428,5.057199984824456,0.10787270595826838,38.047934678214226,4.104333669862406,0.05377558065187808,59.34220842342361,3.191161715134375,0.031145925307925003,76.08453080290451,2.369723113475783,0.01865078741336262,87.33298191960495,1.6288288799575932,0.01032132497423438,95.63785287920949,0.9871093594043383,0.004605293621018988,104.804460070298,0.48265531141608264,0.0011923947247265297,122.68531053727742,0.14628931708608572
B_fixed_sum_start_7_9,"start=(7,9), q1+q2=1, r=q1/q2",15,7,9,0.4171124612056518,0.29433970318120034,0.7056602968187997,41.30422669084131,,False,41.304226690841475,1.6342482922482304e-13,k=7:5.20002;k=8:5.09194;k=6:4.46546;k=9:4.19737;k=5:3.83672,0.007915395847690165,135.54638133277587,1.0729032639708818,0.015496587427248345,131.42203075783817,2.0365929895053605,0.022386132516518366,120.77402804883181,2.703663396454855,0.032235808370931485,101.63625174309846,3.2763267347302727,0.05152712130816705,74.46018197886204,3.836718829453018,0.10108835838869089,44.17386690268063,4.46546368887251,0.25420260070420725,20.456202786856448,5.200019948951561,0.27434214802942475,18.560548651422618,5.091940785635924,0.11290436952340165,37.17636201265241,4.19737371421226,0.05645610155857327,58.680174170892776,3.312853872466691,0.03295080685910504,76.10183160816473,2.507616754944771,0.020134719375252845,87.79529892166094,1.7677337062540819,0.011532485015862287,95.916973042228,1.1061610543763614,0.005395834309651068,103.82152447255282,0.5602037438292785,0.00143153076527723,117.81388935150852,0.16865420718365187
B_fixed_sum_start_7_9,"start=(7,9), q1+q2=1, r=q1/q2",15,7,9,0.46869041923141924,0.3191213158976619,0.6808786841023381,41.716131625709146,,False,41.71613162570921,6.394884621840902e-14,k=7:5.15137;k=8:5.12705;k=6:4.44041;k=9:4.29049;k=5:3.81378,0.007558999949260281,131.06841987943758,0.9907461792182939,0.015366493483450577,127.44432932562404,1.958372456084931,0.0224606403508396,117.87367235958087,2.6475181617012487,0.03235037548691233,100.18038352544478,3.240873023471025,0.05124524093649378,74.42219307102269,3.813783214946816,0.09845944022547538,45.098865669543095,4.4404090686271225,0.2389189816367824,21.56115755233161,5.151369805313289,0.27920098298858076,18.363290001478994,5.1270486193173115,0.11819513015712273,36.30003922077142,4.290487860407738,0.05920060824111466,57.997916888337095,3.433511956507172,0.03473816150834126,76.13014156619306,2.644621153379299,0.021593646531231747,88.35219967706618,1.9078461700833749,0.012758093862273128,96.39918690753484,1.2298698748131403,0.006243346444035162,103.27612675893894,0.6447886387541462,0.0017098581980864384,113.97754696992189,0.19488544308430303
B_fixed_sum_start_7_9,"start=(7,9), q1+q2=1, r=q1/q2",15,7,9,0.5266462393484278,0.34496940140710025,0.6550305985928998,42.09200094072149,,False,42.09200094072132,1.7053025658242404e-13,k=8:5.16094;k=7:5.10502;k=6:4.40989;k=9:4.38242;k=5:3.78148,0.007154356728428254,126.88084825557657,0.9077508504259685,0.015131115796388726,123.73352726454912,1.8722263289355143,0.02240814837874039,115.16141316169622,2.580554033632715,0.032318737655218824,98.83757452183912,3.1943056414494584,0.05078012656015046,74.46767641512609,3.7814780330004347,0.09564732242898646,46.10572580639825,4.409889222027015,0.22455602831688884,22.733834578269313,5.10501960130931,0.28355237865531224,18.20099748134818,5.160936129735623,0.12378482582678538,35.4035357932023,4.382420511813909,0.06200993923440394,57.27924719329986,3.5518826378489265,0.03650025567626465,76.14843620964902,2.7794373909999184,0.023013101847136477,88.98197988194674,2.0477513655830895,0.013979317631720984,97.06772415951991,1.3569405478142056,0.007134878793751474,103.13442197138434,0.7358516002294463,0.002029466469820985,111.14105567641445,0.22555704591579037
B_fixed_sum_start_7_9,"start=(7,9), q1+q2=1, r=q1/q2",15,7,9,0.5917685748188821,0.37176797191527416,0.6282320280847259,42.42322153059112,,False,42.42322153059077,3.481659405224491e-13,k=8:5.19205;k=7:5.05914;k=9:4.47192;k=6:4.37285;k=5:3.73932,0.006709573574520455,123.00767824055194,0.825329067385922,0.014790950305625807,120.30390075237219,1.779409017601276,0.02222496113078677,112.64167979188115,2.5034569550810883,0.03213693976531979,97.60489485282318,3.13672262668555,0.05013483590726315,74.5852473093598,3.7393191349573938,0.09268879527014287,47.17779962298193,4.372853410550396,0.2111537899821633,23.959515565501558,5.059142517792289,0.28732230651481283,18.070481775211583,5.192052503487681,0.12972394327732403,34.4726063610928,4.471922432207922,0.06488428968465346,56.51036620670572,3.666634971141745,0.03822819261799896,76.13949059625195,2.9106751123498396,0.024378839408194467,89.66592483157031,2.185951181856089,0.015176900028749952,97.90821774155917,1.485943232656726,0.008054797190372671,103.36851871761166,0.8326124541396034,0.0023908853420673087,109.24694216888112,0.2611969126972528
B_fixed_sum_start_7_9,"start=(7,9), q1+q2=1, r=q1/q2",15,7,9,0.6649435996665045,0.399379053920923,0.600620946079077,42.701189225905125,,False,42.70118922590513,7.105427357601002e-15,k=8:5.21895;k=7:5.01205;k=9:4.55783;k=6:4.32838;k=10:3.77644,0.006233197710217555,119.47946697452592,0.744739139963629,0.014347964660287205,117.16787843375003,1.6811205790882728,0.021909270466635912,110.31486815556696,2.4169182829115976,0.03180380762397231,96.47516959510739,3.0682777342928977,0.049316666282940756,74.76022396110021,3.6869250163274905,0.0896227074966114,48.295604303061104,4.328382817825332,0.19873033123406927,25.22035233447139,5.012048973269431,0.2904399130825808,17.969120973188154,5.218949933623148,0.13607435012134855,33.495154521081645,4.557831383670335,0.06782308247079787,55.68071727329011,3.776437879659534,0.039911756203999775,76.09080098538237,3.0369174982956473,0.025676877223880748,90.38953407247415,2.3209209687027044,0.016331794553394757,98.90952431918704,1.6153700305549652,0.008985547779879354,103.95659274021406,0.9341069311006526,0.0027927330893839017,108.2244693445393,0.3022420566195086
B_fixed_sum_start_7_9,"start=(7,9), q1+q2=1, r=q1/q2",15,7,9,0.7471670675868078,0.42764488951751883,0.5723551104824811,42.917885181237274,,False,42.9178851812373,2.842170943040401e-14,k=8:5.24035;k=7:4.96224;k=9:4.63915;k=6:4.27573;k=10:3.88004,0.0057341902105656406,116.3328913204095,0.6670749265762888,0.013805957254168406,114.3351773831232,1.578506571599161,0.02146143105958681,108.1775246068167,2.3216444865459525,0.031321014003069705,95.43743955304102,2.989197380657916,0.0483366435786461,74.97508513249362,3.6240439673279923,0.08648746813738986,49.4375390491724,4.275727583306265,0.18727980910785666,26.496376224394805,4.962236281354611,0.29284137999414367,17.894855165509075,5.240354081463008,0.1429088503551574,32.46232700766023,4.6391538325179,0.07082449175656458,54.783901260436906,3.8800419632122614,0.04153931848056294,75.99532704346588,3.1567940930930667,0.026893558404876384,91.14351729722823,2.4511735056588684,0.01742576830942909,100.0644200966472,1.7436994006215543,0.00990858490200892,104.88270451062088,1.039239182395801,0.0032315344459738133,107.99758775323104,0.3489979249066458
B_fixed_sum_start_7_9,"start=(7,9), q1+q2=1, r=q1/q2",15,7,9,0.8395578619995112,0.45639111405115146,0.5436088859488486,43.06651732254715,,True,43.066517322547185,3.552713678800501e-14,k=8:5.25523;k=7:4.90844;k=9:4.71514;k=6:4.21435;k=10:3.97636,0.00522189961734584,113.6102780856508,0.5932614676620144,0.013170917217564651,111.81246443878206,1.4726727130150898,0.020884188402387673,106.22303355659264,2.2183818454690285,0.030692961854675776,94.47798070877538,2.8998090580012366,0.04720867956130429,75.21048605207415,3.5505877356823143,0.0833185770580089,50.58112112692992,4.2143470382945925,0.1767724257786291,27.767008529377474,4.90844145435394,0.29447403311084014,17.846169445453928,5.255233492182263,0.15030922902889407,31.36960342973659,4.715140906465858,0.07388455639657075,53.81852550177345,3.9763578826160617,0.0430978082476472,75.85196100444035,3.2690532705773836,0.028015657812462118,91.92439969591639,2.5753225264967905,0.01844194512674441,101.3700168492672,1.8694602882313422,0.010805357419602344,106.13624786567361,1.1468400933641099,0.0037017633673229427,108.49087591074009,0.40160755013515675
B_fixed_sum_start_7_9,"start=(7,9), q1+q2=1, r=q1/q2",15,7,9,0.9433732216299774,0.48543080203540945,0.5145691979645907,43.14213852053606,,True,43.14213852053583,2.2737367544323206e-13,k=8:5.26286;k=7:4.84969;k=9:4.78535;k=6:4.14395;k=10:4.06452,0.00470596923774557,111.35932711501299,0.5240535677392972,0.012451313537820885,109.60367572525733,1.364709731352827,0.020182833125705277,104.4427929470069,2.107951461232028,0.029926505011439553,93.5818226961017,2.800576885894535,0.045948535008656304,75.44674639886824,3.4666674681976115,0.08014660249281783,51.70461376395558,4.143949126384425,0.16715651426404926,29.012883089239967,4.849692405947734,0.2953001941185094,17.822071593658816,5.26286120120142,0.15836264305077333,30.21767586354259,4.7853510166021636,0.07699594694565885,52.78879167747667,4.064523003324431,0.04457276503626899,75.66560495789479,3.372625231115394,0.029030557254587763,92.73459018824168,2.6921368299404826,0.019365263295972063,102.82774368739065,1.9912863306370492,0.011658240434227321,107.7109830181269,1.2557205374322993,0.004196117185765363,109.63319258449799,0.4600337235341358
B_fixed_sum_start_7_9,"start=(7,9), q1+q2=1, r=q1/q2",15,7,9,1.0600258488068823,0.5145691979645907,0.4854308020354095,43.142138520536264,global_max;local_max,True,43.14213852053628,1.4210854715202004e-14,k=8:5.26286;k=9:4.84969;k=7:4.78535;k=10:4.14395;k=6:4.06452,0.004196117185765392,109.63319258449853,0.4600337235341412,0.011658240434227396,107.71098301812741,1.2557205374323133,0.01936526329597219,102.82774368739116,1.991286330637072,0.02903055725458792,92.73459018824221,2.6921368299405124,0.0445727650362692,75.66560495789524,3.3726252311154306,0.07699594694565909,52.788791677477036,4.064523003324472,0.15836264305077355,30.217675863542816,4.785351016602206,0.2953001941185097,17.822071593658947,5.262861201201465,0.16715651426404948,29.01288308924019,4.849692405947778,0.08014660249281806,51.704613763955976,4.143949126384469,0.045948535008656526,75.44674639886874,3.466667468197651,0.029926505011439723,93.58182269610221,2.8005768858945665,0.020182833125705405,104.44279294700745,2.107951461232053,0.012451313537820972,109.60367572525787,1.3647097313528431,0.004705969237745599,111.35932711501354,0.5240535677393031
B_fixed_sum_start_7_9,"start=(7,9), q1+q2=1, r=q1/q2",15,7,9,1.1911031332830067,0.5436088859488485,0.4563911140511514,43.066517322547135,,True,43.06651732254713,7.105427357601002e-15,k=8:5.25523;k=9:4.90844;k=7:4.71514;k=10:4.21435;k=6:3.97636,0.0037017633673229427,108.49087591073992,0.40160755013515614,0.010805357419602346,106.13624786567348,1.1468400933641085,0.018441945126744408,101.37001684926707,1.8694602882313394,0.02801565781246211,91.92439969591634,2.5753225264967883,0.04309780824764721,75.85196100444026,3.2690532705773796,0.07388455639657082,53.81852550177337,3.97635788261606,0.15030922902889415,31.36960342973656,4.715140906465856,0.2944740331108402,17.846169445453913,5.25523349218226,0.17677242577862895,27.767008529377453,4.908441454353933,0.08331857705800884,50.581121126929894,4.214347038294587,0.04720867956130425,75.21048605207406,3.5505877356823072,0.030692961854675727,94.47798070877526,2.8998090580012286,0.020884188402387635,106.22303355659248,2.2183818454690214,0.01317091721756462,111.81246443878193,1.4726727130150847,0.0052218996173458215,113.6102780856507,0.5932614676620118
B_fixed_sum_start_7_9,"start=(7,9), q1+q2=1, r=q1/q2",15,7,9,1.3383887531737564,0.572355110482481,0.427644889517519,42.917885181237295,,True,42.91788518123732,2.1316282072803006e-14,k=8:5.24035;k=9:4.96224;k=7:4.63915;k=10:4.27573;k=6:3.88004,0.003231534445973818,107.99758775323103,0.3489979249066462,0.009908584902008933,104.88270451062088,1.0392391823958023,0.017425768309429105,100.06442009664718,1.7436994006215554,0.0268935584048764,91.14351729722827,2.451173505658871,0.04153931848056297,75.9953270434659,3.1567940930930702,0.07082449175656465,54.78390126043691,3.880041963212266,0.14290885035515757,32.462327007660235,4.6391538325179065,0.29284137999414384,17.894855165509085,5.240354081463014,0.1872798091078567,26.49637622439482,4.962236281354614,0.08648746813738993,49.437539049172436,4.275727583306272,0.04833664357864614,74.9750851324936,3.6240439673279945,0.03132101400306972,95.43743955304096,2.9891973806579157,0.021461431059586804,108.17752460681669,2.3216444865459516,0.0138059572541684,114.3351773831231,1.578506571599159,0.005734190210565638,116.33289132040947,0.6670749265762883
B_fixed_sum_start_7_9,"start=(7,9), q1+q2=1, r=q1/q2",15,7,9,1.5038869469554101,0.600620946079077,0.399379053920923,42.70118922590513,,False,42.70118922590517,3.552713678800501e-14,k=8:5.21895;k=9:5.01205;k=7:4.55783;k=10:4.32838;k=6:3.77644,0.002792733089383902,108.2244693445393,0.30224205661950865,0.008985547779879359,103.95659274021406,0.9341069311006531,0.016331794553394768,98.90952431918701,1.6153700305549659,0.025676877223880762,90.3895340724741,2.3209209687027044,0.039911756203999796,76.09080098538237,3.0369174982956486,0.06782308247079792,55.68071727329009,3.7764378796595364,0.13607435012134866,33.49515452108166,4.55783138367034,0.29043991308258094,17.96912097318816,5.2189499336231515,0.19873033123406939,25.220352334471393,5.012048973269435,0.08962270749661143,48.29560430306111,4.328382817825334,0.04931666628294078,74.76022396110024,3.686925016327493,0.03180380762397232,96.4751695951074,3.0682777342928995,0.021909270466635922,110.31486815556701,2.4169182829116,0.01434796466028721,117.16787843375008,1.681120579088274,0.006233197710217559,119.47946697452592,0.7447391399636294
B_fixed_sum_start_7_9,"start=(7,9), q1+q2=1, r=q1/q2",15,7,9,1.689849786812457,0.6282320280847258,0.37176797191527433,42.42322153059166,,False,42.42322153059183,1.7053025658242404e-13,k=8:5.19205;k=9:5.05914;k=7:4.47192;k=10:4.37285;k=11:3.73932,0.0023908853420673438,109.24694216888233,0.26119691269725953,0.008054797190372788,103.3685187176128,0.8326124541396245,0.015176900028750167,97.90821774156032,1.4859432326567645,0.024378839408194793,89.66592483157136,2.185951181856144,0.03822819261799939,76.13949059625301,2.9106751123499133,0.064884289684654,56.510366206706614,3.666634971141834,0.1297239432773247,34.472606361093405,4.471922432208023,0.2873223065148135,18.070481775211906,5.192052503487786,0.2111537899821639,23.95951556550203,5.059142517792402,0.09268879527014352,47.1777996229828,4.3728534105505075,0.05013483590726376,74.58524730936097,3.7393191349574977,0.03213693976532029,97.60489485282451,3.136722626685642,0.022224961130787164,112.64167979188252,2.503456955081163,0.014790950305626084,120.30390075237351,1.779409017601329,0.0067095735745205795,123.00767824055326,0.8253290673859462
B_fixed_sum_start_7_9,"start=(7,9), q1+q2=1, r=q1/q2",15,7,9,1.8988078244652633,0.6550305985928999,0.3449694014071001,42.092000940721576,,False,42.09200094072149,8.526512829121202e-14,k=8:5.16094;k=9:5.10502;k=10:4.40989;k=7:4.38242;k=11:3.78148,0.0020294664698209896,111.14105567641474,0.22555704591579148,0.007134878793751485,103.13442197138465,0.7358516002294496,0.01397931763172101,97.06772415952013,1.3569405478142111,0.023013101847136522,88.98197988194694,2.047751365583098,0.03650025567626471,76.14843620964922,2.7794373909999304,0.062009939234404024,57.27924719330001,3.5518826378489408,0.12378482582678542,35.4035357932024,4.382420511813923,0.2835523786553123,18.200997481348228,5.160936129735638,0.2245560283168891,22.733834578269356,5.105019601309325,0.09564732242898658,46.10572580639837,4.409889222027032,0.05078012656015053,74.4676764151263,3.7814780330004507,0.03231873765521889,98.83757452183933,3.194305641449472,0.022408148378740462,115.16141316169642,2.580554033632728,0.015131115796388777,123.7335272645494,1.8722263289355248,0.007154356728428277,126.88084825557681,0.9077508504259731
B_fixed_sum_start_7_9,"start=(7,9), q1+q2=1, r=q1/q2",15,7,9,2.133604526501411,0.6808786841023381,0.3191213158976619,41.716131625709096,,False,41.71613162570907,2.842170943040401e-14,k=9:5.15137;k=8:5.12705;k=10:4.44041;k=7:4.29049;k=11:3.81378,0.0017098581980864373,113.97754696992178,0.19488544308430272,0.006243346444035157,103.2761267589388,0.6447886387541447,0.012758093862273114,96.39918690753468,1.229869874813137,0.02159364653123172,88.35219967706604,1.9078461700833693,0.03473816150834123,76.13014156619289,2.6446211533792905,0.05920060824111461,57.99791688833697,3.4335119565071617,0.11819513015712271,36.30003922077131,4.290487860407724,0.27920098298858076,18.36329000147894,5.127048619317297,0.23891898163678235,21.561157552331554,5.151369805313274,0.09845944022547533,45.09886566954298,4.440409068627108,0.05124524093649372,74.42219307102249,3.813783214946801,0.03235037548691226,100.18038352544448,3.2408730234710084,0.022460640350839552,117.87367235958057,2.647518161701236,0.015366493483450532,127.44432932562378,1.9583724560849214,0.007558999949260257,131.06841987943727,0.9907461792182883
B_fixed_sum_start_7_9,"start=(7,9), q1+q2=1, r=q1/q2",15,7,9,2.3974349678010762,0.7056602968187996,0.29433970318120045,41.30422669084115,,False,41.304226690841155,7.105427357601002e-15,k=9:5.20002;k=8:5.09194;k=10:4.46546;k=7:4.19737;k=11:3.83672,0.0014315307652772232,117.81388935150792,0.16865420718365023,0.005395834309651041,103.82152447255238,0.5602037438292734,0.011532485015862237,95.91697304222755,1.1061610543763514,0.020134719375252755,87.79529892166057,1.7677337062540666,0.032950806859104925,76.10183160816437,2.507616754944751,0.05645610155857317,58.68017417089242,3.3128538724666647,0.11290436952340165,37.17636201265218,4.197373714212233,0.2743421480294247,18.56054865142252,5.091940785635895,0.25420260070420686,20.45620278685635,5.200019948951528,0.1010883583886907,44.17386690268038,4.465463688872476,0.0515271213081669,74.46018197886164,3.8367188294529866,0.03223580837093136,101.63625174309793,3.2763267347302434,0.022386132516518262,120.77402804883121,2.703663396454829,0.015496587427248248,131.42203075783758,2.0365929895053383,0.007915395847690106,135.54638133277527,1.072903263970869
B_fixed_sum_start_7_9,"start=(7,9), q1+q2=1, r=q1/q2",15,7,9,2.6938893095901726,0.7292826297193655,0.2707173702806345,40.864454910422886,,False,40.86445491042281,7.815970093361102e-14,k=9:5.25289;k=8:5.0572;k=10:4.4862;k=7:4.10433;k=11:3.85085,0.001192394724726529,122.68531053727746,0.1462893170860857,0.004605293621018985,104.80446007029798,0.48265531141608226,0.010321324974234377,95.63785287920948,0.9871093594043379,0.018650787413362614,87.33298191960495,1.6288288799575927,0.031145925307924975,76.08453080290452,2.3697231134757812,0.05377558065187804,59.34220842342362,3.191161715134373,0.10787270595826828,38.04793467821422,4.104333669862402,0.26904981251632165,18.79651926729242,5.057199984824454,0.2703481417905747,19.430095071658318,5.25289009743703,0.10350149577907579,43.344336450394785,4.486203656167377,0.05162706456517528,74.58979993453913,3.8508524171239586,0.031981534801658065,103.20392188869809,3.3006198195509984,0.022189913636533422,123.85426101464809,2.7483153554317092,0.015522074173228413,135.6516693649367,2.105595273604804,0.008215950086017236,140.2974613864281,1.1526769399458239
B_fixed_sum_start_7_9,"start=(7,9), q1+q2=1, r=q1/q2",15,7,9,3.0270016537634614,0.7516762877250266,0.24832371227497343,40.40423468537778,,False,40.404234685377936,1.5631940186722204e-13,k=9:5.31196;k=8:5.02439;k=10:4.50385;k=7:4.01256;k=11:3.85682,0.0009892432471412976,128.59644646482914,0.12721316627169962,0.0038814735948276384,106.26438601540777,0.4124624083893766,0.00914240032398733,95.5801772534149,0.8738322434883868,0.01715648556740784,86.98863757463012,1.492419305077613,0.02933031898657547,76.10202435907013,2.232096649975664,0.05115747924657112,60.001863716242,3.069544097819239,0.10306944824571661,38.93059704258018,4.012555157055066,0.2633953200296478,19.075473790801162,5.024390523845231,0.2872822211228427,18.490374079855492,5.311955735053124,0.10567203207940631,42.62104114316793,4.503852026938538,0.051550455424135305,74.81645818250345,3.8568224925288273,0.03159622151769574,104.87842751252761,3.313762028113418,0.02187857817782784,127.10291159107516,2.780830987874878,0.015444600344263865,140.11880311411417,2.1640789148140884,0.008453722091954717,145.31101623293847,1.2284189481327825
B_fixed_sum_start_7_9,"start=(7,9), q1+q2=1, r=q1/q2",15,7,9,3.401304938279253,0.7727946565795182,0.22720534342048176,39.93007089014638,,False,39.93007089014665,2.7000623958883807e-13,k=9:5.37922;k=8:4.995;k=10:4.51968;k=7:3.92309;k=11:3.85533,0.0008182064647938825,135.5157082657612,0.11087982858416758,0.0032306867831974214,108.24581538304729,0.349708325094439,0.00801186810125666,95.76313179063841,0.7672415808698534,0.01566652594024279,86.78607429536592,1.3596362842001883,0.027510167914408724,76.1797466756055,2.095717622723027,0.04859935628562183,60.67801001304041,2.9489122273262796,0.09847116582856184,39.84000820124767,3.923092054196323,0.257445682805201,19.402158072181187,4.995001832787128,0.30492107295799875,17.64133625736461,5.379215180008463,0.10757976200398403,42.0123647166827,4.5196801974453,0.051306191084393576,75.14356825289279,3.855330271546088,0.031090234467734155,106.65187673405677,3.3158318540857064,0.02145976160214983,130.50601286385356,2.8006279237053966,0.015266688599562588,144.8105468643393,2.210777524910233,0.008622629160896378,150.5826307076251,1.2984181826640584
B_fixed_sum_start_7_9,"start=(7,9), q1+q2=1, r=q1/q2",15,7,9,3.8218926206331187,0.7926125530624739,0.2073874469375262,39.447511735720205,,False,39.44751173572012,8.526512829121202e-14,k=9:5.45666;k=8:4.9704;k=10:4.53498;k=11:3.84713;k=7:3.83681,0.0006751572715769558,143.37429338468408,0.0968001967358773,0.0026558568963799957,110.7975645225282,0.29426247583926407,0.0069437484695244025,96.20611068120935,0.6680310338015427,0.014195548893277224,86.74838208281608,1.2314408992693096,0.025691399105564047,76.34364055891413,1.9613749387707897,0.04609781272718818,61.38998091793946,2.8299438436808293,0.0940597304574067,40.791206000352375,3.8368098414256955,0.2512625215887494,19.781716237816305,4.970403903266834,0.3231745783682702,16.884560196866804,5.4566606225561065,0.10921128695669473,41.524873078321534,4.5349848295969,0.050905900192929635,75.57340372997548,3.847132147518108,0.03047511929460885,108.51443978032634,3.3069904974930933,0.020941905412975467,134.04791331408813,2.8072187214303685,0.014991740183729967,149.716303049985,2.244507916593953,0.008717694181123496,156.1135134435346,1.3609498677414462
B_fixed_sum_start_7_9,"start=(7,9), q1+q2=1, r=q1/q2",15,7,9,4.294487988789272,0.8111243236140239,0.1888756763859761,38.961194272165436,,False,38.96119427216543,7.105427357601002e-15,k=9:5.54625;k=8:4.95181;k=10:4.55106;k=11:3.83303;k=7:3.75434,0.0005560326780128072,152.0709123451055,0.08455639663909988,0.0021568109936979055,113.97173432801571,0.24581548956948127,0.005949520192220306,96.9282286861252,0.5766764537642494,0.01275790557601602,86.89697734186582,1.1086234317687276,0.023880077580651478,76.61903986891272,1.8296686162246645,0.04364855396477148,62.157034737308955,2.7130646850216054,0.08982050610488398,41.79826944012983,3.754341715420767,0.24490153791237454,20.219590543685154,4.951808820107,0.3419497898743915,16.219489799033298,5.546251128649272,0.11055966701435513,41.16386941472832,4.5510636955147605,0.05036306149166061,76.10795465273293,3.8330296001801054,0.029763069441198026,110.45546062735482,3.287493544811476,0.020334051574428885,137.712131316775,2.800245580619826,0.014624105426121338,154.82813677665746,2.264222995151773,0.008735310175216596,161.90977656812888,1.4143321187226219
B_fixed_sum_start_7_9,"start=(7,9), q1+q2=1, r=q1/q2",15,7,9,4.825522042741279,0.8283415644704287,0.17165843552957125,38.47494638491929,,False,38.474946384919214,7.815970093361102e-14,k=9:5.64989;k=8:4.94024;k=10:4.56919;k=11:3.81385;k=7:3.67606,0.00045705812783824394,161.48187948623547,0.07380660551777972,0.0017307535501573823,117.8223446420488,0.2039214412770926,0.005037841198432336,97.94797845559631,0.493446361166766,0.01136737410563759,87.25085887924848,0.9918131539186088,0.022082769020957817,77.02963649080768,1.7010276703948495,0.041246630169275274,62.99781281375548,2.598447486602203,0.08574082300703008,42.87404361978148,3.676055785599371,0.23841236532849341,20.721396562815055,4.940237167450451,0.36115382384627387,15.64398886364121,5.649886398312548,0.11162369425887826,40.93386034383235,4.569188711855563,0.04969211242948022,76.74968281827255,3.8138538675325457,0.02896641394719443,112.46463067315058,3.2576970464968196,0.019645662364044827,141.48221499754476,2.7795118263589638,0.014169185063894408,160.14081918067197,2.269064903254592,0.008673493582411049,167.98167259103937,1.456987959181054
B_fixed_sum_start_7_9,"start=(7,9), q1+q2=1, r=q1/q2",15,7,9,5.422221006501586,0.8442906279638085,0.15570937203619153,37.99191711517557,,False,37.99191711517573,1.6342482922482304e-13,k=9:5.76938;k=8:4.93649;k=10:4.59058;k=11:3.79044;k=7:3.60203,0.00037487964920581573,171.4747141308672,0.06428238068104702,0.0013728491287459078,122.40351552126397,0.16804155963880343,0.004214409617490716,99.28303612546382,0.418419382300833,0.010036823770741627,87.82608273198123,0.8814949148554699,0.020306822309323527,77.59659200808798,1.5757402057173167,0.03888684292505631,63.92979464346585,2.4860278825315625,0.08180880460727072,44.029901769178,3.602033630712006,0.23183866161580077,21.29277506896311,4.9364884740746975,0.38069610560977496,15.154819595046222,5.769380801052804,0.11240694676155802,40.83889159564345,4.590575113392533,0.04890761567037991,77.50211591606826,3.7904436988643004,0.02809715221090845,114.53316863465633,3.2180558723255848,0.01888646155758383,145.3425989100246,2.7450074069935053,0.01363352474933084,165.65161042608418,2.258415330510529,0.008532099816830709,174.34283393994346,1.4875104615247383
B_fixed_sum_start_7_9,"start=(7,9), q1+q2=1, r=q1/q2",15,7,9,6.092704661368674,0.8590100606547699,0.14098993934523008,37.51471326110384,,False,37.51471326110389,4.973799150320701e-14,k=9:5.90644;k=8:4.94112;k=10:4.61635;k=11:3.76362;k=7:3.53206,0.0003066191795844147,181.92243389993598,0.055780907430398284,0.00107684188139177,127.76709121589934,0.13758495488488293,0.0034819720990827145,100.95021664505002,0.3515058377544196,0.008777851462861898,88.63544901195486,0.7780288057710092,0.01856052895664584,78.33784296456729,1.4539918027450256,0.03656427345730001,64.96877279112097,2.3755359745197397,0.07801256817391873,45.27553596849291,3.5320608363527626,0.22521833173793954,21.93922409583123,4.9411154504879145,0.40049002515236637,14.748027840726046,5.9064380408801735,0.11291675631352122,40.88274102616312,4.616346505880057,0.04802352945919129,78.37024265389694,3.7636156568133896,0.027166559348962272,116.65494602353591,3.169113514498379,0.018066294668818334,149.27945268588968,2.6969265802232076,0.013024870644704456,171.35987363891317,2.231940187839745,0.008312977463712052,181.00953738792865,1.504728205022795
B_fixed_sum_start_7_9,"start=(7,9), q1+q2=1, r=q1/q2",15,7,9,6.846096838574658,0.8725480935841136,0.12745190641588647,37.04552670478762,,False,37.04552670478775,1.2789769243681803e-13,k=9:6.06263;k=8:4.9544;k=10:4.6475;k=11:3.73413;k=7:3.46563,0.0002498727605263037,192.7156959043217,0.04815440293236055,0.0008356506406963292,133.95963964486245,0.11194345869667868,0.002840476193351447,102.9655777784208,0.29247127241428106,0.007600420901903795,89.68838479193144,0.6816694744305861,0.01685313239049121,79.26762883633424,1.3359078430590596,0.0342748674155369,66.12838495639613,2.266541626784062,0.0743397874237579,46.61878260439187,3.465630388764874,0.21858380259255467,22.665917168955467,4.954402364038157,0.4204540980634893,14.419237664181423,6.062627566856495,0.1131631868255577,41.06897715256107,4.647496334249829,0.04705261018852593,79.36069018257515,3.7341276194530857,0.02618488219916676,118.82748667488015,3.1114837406047946,0.0171950081529654,153.28150930170702,2.6356768021416936,0.012352163127577942,177.26660875596136,2.189626068426171,0.008020041123899846,188.00000132698133,1.507767741935616
B_fixed_sum_start_7_9,"start=(7,9), q1+q2=1, r=q1/q2",15,7,9,7.692649574879138,0.8849602769114383,0.11503972308856175,36.58624275614583,,False,36.586242756145715,1.1368683772161603e-13,k=9:6.23936;k=8:4.97635;k=10:4.68485;k=11:3.70264;k=7:3.40196,0.0002026712802632161,203.77080593504368,0.041298490119122656,0.0006418941119221667,141.01884413137554,0.09051916571799976,0.002287352806684742,105.34466629623145,0.24096041812195254,0.006512537736673247,90.99100154487628,0.5925823312587005,0.015194679482328804,80.39624884798508,1.2215952328266797,0.03201600336405973,67.41974278955713,2.1585107119545026,0.0707775837097157,48.06549750484857,3.4019597731985507,0.2119623003810088,23.477516245435638,4.9763483506150425,0.4405127353033692,14.163868385994066,6.239364405191163,0.11315808482238116,41.40090420499444,4.684847029752038,0.04600596316659719,80.48168119296871,3.7026372605495363,0.025161141339923813,121.05275916479613,3.045825582933193,0.016282348786389327,157.34084703985758,2.5618785498488936,0.0116254560269379,183.37397904533196,2.131806129876139,0.007659247681743037,195.33371766373372,1.4961093241822014
B_fixed_sum_start_7_9,"start=(7,9), q1+q2=1, r=q1/q2",15,7,9,8.643882620598271,0.8963073235810534,0.10369267641894668,36.13852458781937,,False,36.1385245878195,1.2789769243681803e-13,k=9:6.43789;k=8:5.00666;k=10:4.72901;k=11:3.66966;k=7:3.34002,0.00016342082166053695,215.03292689594406,0.03514085759740535,0.0004883180946145449,148.9694419530456,0.07274447405030326,0.0018179045415916476,108.10289096413189,0.19652073644288204,0.005519992314990663,92.54630217368532,0.5108548767795467,0.013595726054604766,81.73003247940406,1.1111791320239275,0.029786975306341206,68.8511881967837,2.050868642629847,0.06731269714518216,49.61949774236906,3.340022224028139,0.20537610735653328,24.377989962397592,5.006656683653858,0.46059671585830647,13.977291017135071,6.4378943390882215,0.11291423476743527,41.881421905316245,4.729008705410885,0.04489274955408726,81.74278303650657,3.669658286711982,0.02410304812915346,123.33767971976685,2.972814030423655,0.015337884281033522,161.45358508776266,2.476356404834103,0.010855758767976748,189.68488106553804,2.0591733107798413,0.007238467006489262,203.03081882495,1.4696318833648996
B_fixed_sum_start_7_9,"start=(7,9), q1+q2=1, r=q1/q2",15,7,9,9.712740198471169,0.9066532015643661,0.09334679843563382,35.7038724859659,,False,35.70387248596602,1.2079226507921703e-13,k=9:6.65929;k=8:5.04473;k=10:4.78034;k=11:3.63552;k=7:3.27859,0.00013083587667475492,226.47502377213974,0.029631058280163863,0.0003681130180792296,157.8190481783702,0.0580952461353312,0.001425767536505361,111.25599476936837,0.15862518558377567,0.004626197086336499,94.35451010612861,0.43650255973568,0.012066924846061672,83.2714921994784,1.0048308381905167,0.027589331406863697,70.42819168371037,1.943066720748007,0.06393187805536418,51.282582559754616,3.278591814574378,0.1988427957003647,25.37044887198084,5.0447309818778345,0.48064343660128966,13.85494053446278,6.6592862323907,0.11244463239973322,42.51283149046042,4.780339709216625,0.04372005195971365,83.1544760812916,3.635518014956835,0.02301703776224113,125.69425541545974,2.893109423394418,0.014370944665038797,165.62044263897826,2.3801222165639886,0.010054807283862583,196.20258715603248,1.9727792024491588,0.00676724580187221,211.11148075534132,1.4286432818686094
B_fixed_sum_start_7_9,"start=(7,9), q1+q2=1, r=q1/q2",15,7,9,10.913767146512727,0.9160634929571618,0.08393650704283821,35.28365926806955,,False,35.28365926806967,1.2079226507921703e-13,k=9:6.90443;k=8:5.08968;k=10:4.83891;k=11:3.60032;k=7:3.2163,0.00010387469643668935,238.09381375545868,0.024731922627301922,0.0002751235829859749,167.55440191766795,0.04609816740066092,0.0011034095308588637,114.82058403029194,0.12669412675780517,0.0038321376617985407,96.41349078401876,0.36946976913890484,0.010618536870535917,85.01961694315935,0.9027839372297777,0.025427028820634422,72.15338866026987,1.834646292971119,0.060622431572796176,53.05463639637781,3.216301064558995,0.1923754518312621,26.4570089970399,5.089679059909317,0.5005969903741013,13.792397661840544,6.904432759560168,0.11176187848623251,43.296619964454706,4.838911579331976,0.04249289648887388,84.72758283834322,3.6003204073022057,0.021908410350693956,128.13932448302378,2.8073289028348096,0.01339058161613809,169.8471083171795,2.274351566186239,0.009234776105502829,202.93047170037318,1.874017471137024,0.006256472011150986,219.59536279786153,1.3738922411233672
B_fixed_sum_start_7_9,"start=(7,9), q1+q2=1, r=q1/q2",15,7,9,12.26330684177563,0.9246040213101091,0.07539597868989092,34.87914498688115,,False,34.879144986881165,1.4210854715202004e-14,k=9:7.17406;k=8:5.14032;k=10:4.90448;k=11:3.56392;k=7:3.15171,8.1682441432938e-05,249.90417153177063,0.020412782854990746,0.0002039620796828879,178.13872663055517,0.036333545155629476,0.0008426260813523059,118.81465542504898,0.10011632750803352,0.0031364462204524946,98.71923417765662,0.30962756892247584,0.009259914414042838,86.9702609013791,0.8053371725137466,0.023306385367898808,74.02673306590685,1.7252955683606024,0.05737284423761865,54.933805211726565,3.151708649792072,0.18598291434463016,27.63869304888454,5.1403246819082185,0.5204081013661267,13.785450081504015,7.174059903393021,0.11087769146640417,44.23325267802996,4.904480942990102,0.041214423824811816,86.47261152283436,3.563918860540401,0.02078156301878144,130.69388955097654,2.71602330187328,0.012405540524955912,174.1443717952132,2.1603550614985068,0.008407948614186065,209.8718196066502,1.7645914748184424,0.005717955997623028,228.5010841802188,1.3065591447516465
B_fixed_sum_start_7_9,"start=(7,9), q1+q2=1, r=q1/q2",15,7,9,13.779723598335568,0.9323397360345348,0.06766026396546522,34.491475115018055,,False,34.4914751150181,4.263256414560601e-14,k=9:7.46874;k=8:5.19523;k=10:4.97647;k=11:3.5259;k=7:3.08337,6.354486401405247e-05,261.9332173100156,0.016644510674728195,0.00015004285293650042,189.51092953221752,0.02843476052966201,0.0006350002453568042,123.25804464865463,0.07826888859409563,0.0025355942804506037,101.26636603550637,0.2567704185216472,0.007999005802537084,89.11658326984319,0.7128440666777549,0.021235830074276218,76.04573624624527,1.6148943327984924,0.05417342164752011,56.916726223104504,3.0833738084807054,0.1796700530307423,28.915375083357198,5.195226974630592,0.5400339296179583,13.830139189206465,7.46874441351049,0.10980253781933043,45.32200024121968,4.976470645534227,0.039886195576335715,88.39907535809138,3.525902808500072,0.019640288095104732,133.38208415829433,2.619662559594406,0.011424238287167291,178.52798190210012,2.0395462061766816,0.007586365193702798,217.02970736329812,1.6464666179404286,0.0051639526125666696,237.84573465395215,1.228224102854115
B_fixed_sum_start_7_9,"start=(7,9), q1+q2=1, r=q1/q2",15,7,9,15.48365256585499,0.9393338341726855,0.06066616582731469,34.12166692743909,,False,34.12166692743919,1.0658141036401503e-13,k=9:7.78894;k=8:5.25271;k=10:5.05396;k=11:3.4856;k=7:3.00993,4.8853081213754595e-05,274.21490950205254,0.013396243243926138,0.0001095577832764935,201.58720946795086,0.02208544780620286,0.000472298011855853,128.17270402851332,0.06053571328685552,0.002024190233928647,104.04865581348832,0.21061427295106622,0.006841928721736431,91.4494994032338,0.625690956555404,0.019225474119326968,78.20575404008456,1.503542700280096,0.05101687083493455,58.998783448551954,3.0099333146130496,0.17343811539508636,30.28576966826596,5.252706814553718,0.559437745802921,13.922795166494708,7.788937143219605,0.1085453810841236,46.56081955796803,5.053961902508755,0.03850861475904893,90.51484999008414,3.4856014882412545,0.0184881066205287,136.22985445397956,2.5186320740442802,0.010454739138738544,183.01821329905223,1.9134076776796005,0.006781470163004736,224.40694247643893,1.5218089847750906,0.004606654250277307,247.64441429734347,1.1408121936802915
B_fixed_sum_start_7_9,"start=(7,9), q1+q2=1, r=q1/q2",15,7,9,17.39828052930364,0.9456470946615222,0.0543529053384778,33.77058888021255,,False,33.770588880212486,6.394884621840902e-14,k=9:8.13499;k=8:5.31088;k=10:5.1357;k=11:3.44211;k=7:2.93018,3.7078544122387826e-05,286.7855560243293,0.01063359089271162,7.941226478882973e-05,214.26527809437235,0.017015290999082534,0.0003467811130487656,133.58270369969935,0.0463239586730452,0.0015953570148780835,107.05949085562291,0.17079810974579404,0.0057926508661741314,93.95811112477845,0.5442665337910332,0.017286539805572525,80.50028629594047,1.3915714034147595,0.047898769948274314,61.17435876256032,2.9301765371010755,0.16728516152233702,31.74746155056371,5.310879233410234,0.5785884739019156,14.060060592911917,8.134989001421369,0.10711355225894467,47.9463007298272,5.135698588847423,0.03708143159444059,92.8256247949282,3.4421070560443385,0.01732860332293051,139.26346866078177,2.413241405798052,0.009504721416664271,187.63914436325425,1.7834577940339817,0.00600377809731968,232.00604469132037,1.39291280956352,0.004057688328587462,257.90979536380013,1.0465175664760726
B_fixed_sum_start_7_9,"start=(7,9), q1+q2=1, r=q1/q2",15,7,9,19.549661430912597,0.9513373977784514,0.048662602221548654,33.43893751262891,,False,33.43893751262908,1.7053025658242404e-13,k=9:8.50718;k=8:5.36769;k=10:5.2201;k=11:3.39432;k=7:2.84311,2.7756479901890623e-05,299.6803461597876,0.008318071505175769,5.713883159152382e-05,227.43088606208443,0.012995135097412484,0.00025142909605814067,139.5138460605721,0.03507784020260423,0.0012411582343908585,110.29228941178629,0.13689018319325824,0.004852805009013732,96.63009270075149,0.4689269978796681,0.015430696634642468,82.9212592543741,1.2795327961167862,0.04481788028226603,63.437050940737365,2.8431141545219787,0.16120659903380818,33.296967292257655,5.367690855324805,0.5974601024155155,14.238901221369385,8.507175382003762,0.10551274444399852,49.47368238841102,5.220104006551963,0.03560429888950165,95.33449013540815,3.3943176812593183,0.01616572929994086,142.5079812650936,2.303745448212547,0.008581429833412655,192.41766969556133,1.651218731201232,0.005262578598621541,239.82925097126372,1.2621202834848069,0.003527652917339766,268.65169796478796,0.9477099460737659
B_fixed_sum_start_7_9,"start=(7,9), q1+q2=1, r=q1/q2",15,7,9,21.967070907932353,0.9564594020713969,0.043540597928603104,33.12721585155384,,False,33.12721585155392,7.815970093361102e-14,k=9:8.90571;k=8:5.42096;k=10:5.30531;k=11:3.341;k=7:2.74804,2.0475744654588462e-05,312.9308141385835,0.006407491444854117,4.080217017384873e-05,240.9658234580416,0.009831928534816603,0.00018007218195608882,145.9927920446399,0.026289240613339836,0.0009530380502637693,113.74082922334524,0.1083993381184013,0.00402165154533361,99.45201829855765,0.3999613630769408,0.013669359847581226,85.45927060269061,1.1681735221799976,0.04177627066891905,65.77984256946083,2.7480365077406788,0.15519581854003464,34.92981731276833,5.420961589308954,0.6160309728912142,14.456601927612772,8.905714550168298,0.10374713247186317,51.13692876856032,5.305309723156058,0.034077336269648935,98.04168385762227,3.340999429258806,0.015004041921132076,145.98577552532495,2.1903766958709525,0.007691610396181661,197.38228960157602,1.5181876707216215,0.004565695877717097,247.87852502299825,1.1317379598720974,0.0030257214233267273,279.87667171190924,0.8468288414881052
B_fixed_sum_start_7_9,"start=(7,9), q1+q2=1, r=q1/q2",15,7,9,24.683404670686485,0.9610643521440387,0.03893564785596127,32.8357165424306,,False,32.83571654243067,6.394884621840902e-14,k=9:9.33078;k=8:5.46843;k=10:5.3892;k=11:3.28086;k=7:2.64456,1.4873045624931428e-05,326.56305873068163,0.004856987271918589,2.8905488819315332e-05,254.75620381384738,0.007363852600992383,0.00012744427948785318,153.0456271481101,0.019504789680657515,0.0007222412526640999,117.39947325838995,0.08479074262824506,0.003296186764771171,102.40962577731034,0.33756125307233886,0.012013007723102986,88.1037876230785,1.0583914811506674,0.03877924046893241,68.1952050200198,2.6445582542994948,0.14924491771479745,36.640645892040375,5.468430181174597,0.6342829657465351,14.710746144771152,9.330775693049853,0.10181961391489192,52.928853870701914,5.389195466072602,0.03250166047763176,100.94449973479949,3.2808638574648428,0.013848857600369828,149.71528913988604,2.073385719896477,0.006841428101989164,202.5617345674593,1.3858115432574858,0.003919315804603954,256.1555510034102,1.0039544994846998,0.0025593416157784735,291.5875773382423,0.7462722213257876
B_fixed_sum_start_7_9,"start=(7,9), q1+q2=1, r=q1/q2",15,7,9,27.73562614198415,0.965199992682987,0.034800007317013056,32.564512040578286,,False,32.56451204057828,7.105427357601002e-15,k=9:9.78247;k=8:5.5078;k=10:5.46944;k=11:3.21266;k=7:2.53265,1.0629744974619344e-05,340.596527581297,0.0036204542274300908,2.0304655721023273e-05,268.6997721302939,0.005455856365423023,8.917081393486313e-05,160.69585121875087,0.014329379849131683,0.0005401851309996982,121.26327928336107,0.06550462040513538,0.002671381251870846,105.48801964046469,0.28179871796452094,0.01047056982410223,90.84329898515942,0.9511811050759069,0.03583504367824183,70.67514283150054,2.5326468303328014,0.14334549020494455,38.42327815780033,5.507803642810828,0.6522006153761905,14.999178132567824,9.782473208197834,0.09973216176238942,54.841272704237255,5.469438680594301,0.030879840439650048,104.03734168512113,3.212656511001893,0.012706301516425662,153.70999886136212,1.9530855916219123,0.006036370620965715,207.9834943221472,1.255465454771999,0.0033278885777520226,264.66169017473675,0.8807646157010511,0.002134046401836841,303.78316568004846,0.6482873716581122
B_fixed_sum_start_7_9,"start=(7,9), q1+q2=1, r=q1/q2",15,7,9,31.165269449294303,0.9689105666726527,0.03108943332734742,32.313453241137,,False,32.31345324113707,7.105427357601002e-14,k=9:10.2608;k=10:5.54357;k=8:5.53681;k=11:3.13525;k=7:2.41263,7.469837595357831e-06,355.0431994373669,0.002652115039133372,1.4133518689331474e-05,282.711222519549,0.003995704347163794,6.170856838766334e-05,168.96186067313374,0.010426394534254918,0.0003987626012460702,125.32798500601294,0.049976113309926205,0.0021405214709810058,108.67182224045352,0.23261436879632194,0.009048929899713544,93.66542900923098,0.8475719011311266,0.03295443190745181,73.21118880410269,2.4126331363084,0.13748944521759487,40.27080657558346,5.536810854542041,0.6697701971882215,15.319948956341129,10.260845233402087,0.09748627196975822,56.865157818856254,5.543572240732244,0.02921624096570658,107.31189339397352,3.135250135884547,0.01158324829142404,157.97770659070918,1.8298949999499203,0.005281144015123986,213.67232810477353,1.1284343367681333,0.0027941101440248557,273.3978792908882,0.7639037878815538,0.0017533844040820755,316.45765595862014,0.5548719185102157
B_fixed_sum_start_7_9,"start=(7,9), q1+q2=1, r=q1/q2",15,7,9,35.01900461431709,0.9722368785393222,0.027763121460677814,32.082176978339,,False,32.08217697833888,1.2079226507921703e-13,k=9:10.7658;k=10:5.60905;k=8:5.55326;k=11:3.04774;k=7:2.2852,5.1581166426630724e-06,369.9070384739481,0.0019080236513906812,9.741545958792691e-06,296.7249772380093,0.0028905600028857827,4.2254776965262865e-05,177.85409865825318,0.007515185271162346,0.00029056539932994705,129.58986548477614,0.037654331013698104,0.0016956199876232807,111.94528638295574,0.18981666511115203,0.007752575261950381,96.5570287406806,0.7485656323824323,0.030150047295856956,75.79436833282202,2.2852037899941866,0.13166981580900303,42.17565419543248,5.5532606195368,0.6869788367441305,15.671248768114939,10.76581624904749,0.09508348184397336,58.99078144091754,5.609048896099283,0.027517227424530784,110.75736528352685,3.047735609448639,0.010487158151133984,162.5201375969271,1.7043743857230307,0.004579568853021797,219.64883503194645,1.005896963514825,0.002318980329689263,282.3644511601976,0.6547976080440028,0.0014189684601875886,329.6003206696119,0.4676924594978946
B_fixed_sum_start_7_9,"start=(7,9), q1+q2=1, r=q1/q2",15,7,9,39.349272630958495,0.9752164057789549,0.024783594221045195,31.870121954305162,,False,31.87012195430526,9.947598300641403e-14,k=9:11.2971;k=10:5.66331;k=8:5.5551;k=11:2.9495;k=7:2.15138,3.4979398975811813e-06,385.1836380288327,0.001347349215356522,6.643391306408602e-06,310.69540530019924,0.002064071154512441,2.864084530745573e-05,187.3721597024491,0.0053664970409617345,0.00020902539713915972,134.04546467550384,0.028018906488500396,0.0013278565820456251,115.29238413394754,0.15309175113199483,0.006583410390229859,99.50426053594231,0.6550773826844616,0.027435707032518738,78.41515514538379,2.151375223478254,0.12588150946344082,44.12962684021032,5.555104038704047,0.7038136943641623,16.051329594549458,11.297145581396665,0.09252592867871114,61.207829086926665,5.663311228675718,0.02579121472752283,114.36078002717514,2.949503434087878,0.0094258231959434,167.3328349876801,1.5772497174698443,0.003934486634804056,225.9281609366665,0.8889113296311741,0.0019019307222612298,291.56086186939,0.5545285605983556,0.0011306306347115124,343.1950900981451,0.3880268825475405
B_fixed_sum_start_7_9,"start=(7,9), q1+q2=1, r=q1/q2",15,7,9,44.21499907374487,0.9778834453060804,0.022116554693919547,31.676551926142306,,False,31.676551926142203,1.0302869668521453e-13,k=9:11.8544;k=10:5.70387;k=8:5.5405;k=11:2.84031;k=7:2.01245,2.32834671298172e-06,400.86000851808427,0.0009333410831989057,4.4790961766882055e-06,324.59489166864097,0.001453891738245532,1.9223038514291974e-05,197.50222150092497,0.0037965928105705054,0.0001484800084394238,138.69120893981193,0.020592871873857162,0.0010280137479100877,118.69688602446121,0.12202203066726287,0.005540737674671185,102.49269217731776,0.5678851209253412,0.024825628445154627,81.06344050345355,2.0124508544246362,0.12012195408986291,46.12396051107073,5.5405002669534875,0.7202612768147731,16.458424091595862,11.854365550571858,0.08981691295381564,63.50547836996583,5.703866022845642,0.0240485564051763,118.10726316477918,2.8403091800791933,0.008407047114659573,172.40531551092857,1.4494196103181254,0.0033476870276847774,232.51891086378564,0.7784005415900882,0.0015410110728428829,300.9853160648844,0.4638217048191017,0.0008866641636041365,357.22019502190165,0.31673434544160095
B_fixed_sum_start_7_9,"start=(7,9), q1+q2=1, r=q1/q2",15,7,9,49.68239594734388,0.9802692832233317,0.019730716776668236,31.50058443657761,,False,31.500584436577576,3.552713678800501e-14,k=9:12.4367;k=10:5.72836;k=8:5.50788;k=11:2.72032;k=7:1.86996,1.5205277454173592e-06,416.91449307768653,0.0006339300541912359,2.9832520017106807e-06,338.4104177524175,0.0010095635561596472,1.2778988173214231e-05,208.21520415678629,0.0026607796314029584,0.0001041733831110427,143.52291766794994,0.014951267887437987,0.0007868751387385994,122.14244243660276,0.0961108513381732,0.004621394051775525,105.507413350144,0.4875913324745771,0.02233364708280947,83.72853456602955,1.8699635417585176,0.11439159638027616,48.14937275523568,5.507883614180385,0.7363069210488967,16.890666446639905,12.436714605789337,0.08696142743977284,65.87244524483758,5.728361867439352,0.02230128227658444,121.98031508431181,2.7203174388819487,0.007438288070608349,177.72144060795318,1.3219432715654684,0.002819865860474831,239.42232494486547,0.6751388403475377,0.0012331197179784703,310.63429155262236,0.3830492699938116,0.0006841267810526497,371.64787101019675,0.2542542616792763
B_fixed_sum_start_7_9,"start=(7,9), q1+q2=1, r=q1/q2",15,7,9,55.82586268862695,0.9824023789048408,0.01759762109515917,31.341223048025636,,False,31.34122304802562,1.7763568394002505e-14,k=9:13.0431;k=10:5.73467;k=8:5.45603;k=11:2.59012;k=7:1.72561,9.738127637064523e-07,433.31681416139395,0.00042196944435898224,1.9614003588253724e-06,352.13937097550115,0.0006906862885878889,8.415509123363824e-06,219.46600126588373,0.001846918135921221,7.220830473809684e-05,148.5352351809564,0.010725477526291383,0.0005955633383425317,125.6126754283975,0.07481030431627332,0.003820020191526279,108.53318246789641,0.41459894847797024,0.019972479543108736,86.39921292286431,1.7256065126426035,0.10869421750110433,50.196127220422724,5.456028769809731,0.751934483981401,17.346021711726227,13.043071884937037,0.0839666132512774,68.2970074742957,5.734668412813789,0.02056270503554314,125.96205247692102,2.590120530754533,0.006526297865770097,183.25995256653172,1.1960090373160852,0.0023506220495653723,246.63176033686682,0.5797380539709616,0.0009742615042867992,320.5019768342461,0.31225273807742543,0.0005191767110899443,386.44415134270264,0.20063280351404902
B_fixed_sum_start_7_9,"start=(7,9), q1+q2=1, r=q1/q2",15,7,9,62.728998581962436,0.9843085561949653,0.015691443805034705,31.197390941276474,,False,31.19739094127648,7.105427357601002e-15,k=9:13.6719;k=10:5.72096;k=8:5.38411;k=11:2.45073;k=7:1.58116,6.114227920821411e-07,450.02826582042087,0.0002751575388038057,1.2721060244747045e-06,365.78521389497985,0.00046531757425957227,5.490368662632498e-06,231.19398488922,0.0012693402096249048,4.946453718652032e-05,153.72101845232797,0.007603739033584953,0.00044580253458452706,129.09128538131046,0.05754922221576271,0.003129429992030142,111.55460627549037,0.34910233062763346,0.017753077941370887,89.06381441803396,1.581156839119149,0.10303704283220828,52.25411918166654,5.384109916280692,0.7671262579344892,17.822229340605265,13.671900102108776,0.08084210666167262,70.76702026300187,5.720955000230345,0.018846925981097995,130.03341908709618,2.4507302246035967,0.005676790425230551,188.99512716676625,1.072885728315529,0.0019384986764305787,254.1325043033938,0.4926355232301172,0.000759816070548306,330.5796489919592,0.2511797299003087,0.00038741251567156254,401.56877745319844,0.15557277028829744
B_fixed_sum_start_7_9,"start=(7,9), q1+q2=1, r=q1/q2",15,7,9,70.48574036451903,0.9860111961504376,0.013988803849562371,31.067963852881974,,False,31.067963852882073,9.947598300641403e-14,k=9:14.3212;k=10:5.68577;k=8:5.29175;k=11:2.30354;k=7:1.4384,3.7624711447247547e-07,467.002071041727,0.00017570818168211977,8.133884303542823e-07,379.35348171192464,0.0003085617330390943,3.548502268227538e-06,243.32478477887435,0.0008634385507038132,3.349827588548566e-05,159.07072576637003,0.005328595057026295,0.00033010090015220354,132.5621733130824,0.043758892736780915,0.002541043152806573,114.55634929727563,0.2910926269923603,0.015684114227819422,91.71038941728243,1.438396223498459,0.09743063698040509,54.31298690128381,5.2917489101004795,0.7818631149638177,18.316765652048765,14.32120344877311,0.07760024646734355,73.2699409958542,5.685765479926006,0.017168277295115893,134.1743752171893,2.3035428796276314,0.004894169108455987,194.89749965137042,0.9538613221090486,0.0015810695399021567,261.90192458978925,0.4140851554106674,0.0005848000957782446,340.85503297555977,0.19933205593060407,0.00028419085470725444,416.975255507595,0.11850055425447924
B_fixed_sum_start_7_9,"start=(7,9), q1+q2=1, r=q1/q2",15,7,9,79.20164050192548,0.9875314271161824,0.012468572883817657,30.9518006136193,,True,30.95180061361922,8.171241461241152e-14,k=9:14.9885;k=10:5.62809;k=8:5.17905;k=11:2.15028;k=7:1.29903,2.2687277252081696e-07,484.183922680057,0.00010984814894842939,5.124656457201808e-07,392.8484024316455,0.00020132131022227467,2.2717424123366277e-06,255.77313254558953,0.0005810506731400136,2.2434987808152863e-05,164.57186023932934,0.003692167678034391,0.00024185557337467027,136.0095769529966,0.032894674218413335,0.0020453427485137106,117.52336572649021,0.2403755638696015,0.013771620805436424,94.32689155165885,1.2990341822049702,0.09188859122501056,56.36224991134123,5.179047742625122,0.7961248662464671,18.826828471842326,14.98850629899065,0.07425612069859568,75.7928787227966,5.628085150534009,0.015540742162549194,138.36408161536608,2.1502805169423174,0.004181335745324736,200.9346285010099,0.8401751446248193,0.0012750680922920844,269.9099443571772,0.3441535578421686,0.00044410911864193936,351.3116948859322,0.15602072718439725,0.00020490151515436153,432.61108491866315,0.08864266677240625
B_fixed_sum_start_7_9,"start=(7,9), q1+q2=1, r=q1/q2",15,7,9,88.99530352885225,0.9888883090473782,0.011111690952621798,30.84776996166974,,True,30.847769961669854,1.1368683772161603e-13,k=9:15.6709;k=10:5.5474;k=8:5.0466;k=11:1.99291;k=7:1.16464,1.3403416415559382e-07,501.5127213679516,6.721983842195061e-05,3.1800853725332825e-07,406.27028482641424,0.00012919741900714103,1.4403316174592825e-06,268.4464008863465,0.0003866518387897544,1.4864927035396844e-05,170.20852674228297,0.0025301373308264288,0.00017538929761598887,139.41821691005384,0.024452463138727926,0.0016323226950932654,120.44114320798998,0.19659881148138014,0.012018800263192806,96.901401320314,1.1646385876923415,0.08642702627823667,58.39147137597645,5.046601231036421,0.8098908066188626,19.34934545997971,15.670857002129994,0.07082744294403863,78.32267997406724,5.547395147087444,0.013977394375117231,142.58109539448606,1.9929122007649427,0.0035395954235756095,207.07186985251144,0.7329506428811937,0.0010165513187602895,278.1198114354761,0.28272306108809625,0.00033272751652085246,361.9285292736144,0.12042358070325437,0.00014518596763400476,448.418179111753,0.06510402723901831
B_fixed_sum_start_7_9,"start=(7,9), q1+q2=1, r=q1/q2",15,7,9,100.0,0.9900990099009901,0.009900990099009901,30.754772777430663,global_min,True,30.754772777430592,7.105427357601002e-14,k=9:16.3649;k=10:5.44371;k=8:4.89549;k=11:1.83356;k=7:1.03658,7.75808922549047e-08,518.9215153402199,4.025839417036148e-05,1.943022386262296e-07,419.61371074134274,8.153188335530206e-05,9.041822711404126e-07,281.2483967363657,0.0002542998141156869,9.747548439567881e-06,175.96115891627593,0.0017151899200189013,0.00012593165984754525,142.77344839848774,0.017979697338979413,0.0012918960087818332,123.29594630055696,0.15928554092466876,0.010426002970580623,99.4223670604403,1.0365778943143076,0.08106394706895703,60.39043819963922,4.8954872856866745,0.8231404006870177,19.88100576291366,16.364859049745657,0.0673342615301027,80.8460566280369,5.44370952066973,0.012489895893659862,146.80359356039966,1.8335616003845472,0.0029686610433317558,213.2731432253028,0.6331356718818704,0.0008010874765199094,286.4891167220974,0.22950284356532277,0.00024589885758141076,372.6794020523365,0.09164143920879282,0.00010109318977687724,464.33349073247587,0.04694095369837805
C_fixed_sum_start_1_15,"start=(1,15), q1+q2=1, r=q1/q2",15,1,15,0.01,0.009900990099009901,0.9900990099009901,194.22287384216602,global_max,True,194.222873842166,2.842170943040401e-14,k=1:91.89;k=2:59.0954;k=3:27.6367;k=4:10.7091;k=5:3.56021,0.5581256079186334,164.64029547309664,91.88996499882549,0.2882854064606937,204.98916077284525,59.09538353343619,0.1067827640423499,258.8119292673942,27.636653174305508,0.033989636264257966,315.0706478813176,10.709136719030084,0.009681366164228003,367.73878207867625,3.5602138020909115,0.0024616500777655207,414.5238570218676,1.020412684873544,0.0005494580216684745,454.80936956476563,0.24989865643734221,0.00010508403251874727,488.5407577486409,0.05133783287399161,1.6687865286245082e-05,515.929201905032,0.008609757018631113,2.116108059442392e-06,537.6639888130761,0.0011377550999992943,2.0571692075736023e-07,556.532039679851,0.00011448805750575197,1.5583015938406222e-08,588.0777932575584,9.164025625355291e-06,1.3552847386508384e-09,692.7001882520659,9.388059935985876e-07,2.785838672015179e-10,837.723621608448,2.333762861537425e-07,1.1073308864613174e-10,938.3727337111004,1.0390891110514425e-07
C_fixed_sum_start_1_15,"start=(1,15), q1+q2=1, r=q1/q2",15,1,15,0.01123654800138751,0.011111690952621794,0.9888883090473783,192.98036045624377,,True,192.980360456245,1.2221335055073723e-12,k=1:86.9614;k=2:58.8168;k=3:29.1443;k=4:12.0231;k=5:4.27503,0.533968793198424,162.8585171839561,86.96136588280184,0.2939446238091893,200.0949099677957,58.81682303661731,0.11623691154398876,250.7320715215636,29.14432161869305,0.03951424722487427,304.27240403349884,12.023094996686504,0.012049995567641148,354.7743808319669,4.2750297165378335,0.0032934779690183,399.86145386814053,1.3169348889743482,0.0007940128249707717,438.84579783658376,0.348449191666778,0.00016489347276689,471.6254648488136,0.07776796074421968,2.8595639384121525e-05,498.3631123699247,0.0142510118436788,3.982203908024926e-06,519.6641926135673,0.002069408778686365,4.2691757928917696e-07,538.0233163839712,0.00022969161183177995,3.544613441877368e-08,567.2404341382803,2.010648067622902e-05,3.2213966537003654e-09,664.3512947910675,2.14013903792145e-06,6.769706761454286e-10,808.9606113110212,5.476426120142413e-07,2.8376266915421187e-10,905.7802449112929,2.5702661996318423e-07
C_fixed_sum_start_1_15,"start=(1,15), q1+q2=1, r=q1/q2",15,1,15,0.012626001098748564,0.012468572883817655,0.9875314271161822,191.67482971745397,,True,191.6748297174544,4.263256414560601e-13,k=1:82.1409;k=2:58.283;k=3:30.5193;k=4:13.3678;k=5:5.06984,0.5097873229899434,161.12771043325225,82.14086416126645,0.2983850986530953,195.32828364651897,58.283049185606345,0.12569274773114447,242.80908448815995,30.519341003400434,0.04552607801868805,293.6303436852469,13.367837935268735,0.014826060102388346,341.9543036683367,5.069835058457116,0.0043443649691158265,385.32556550848284,1.6739948884997984,0.0011283074906709967,422.9847836168872,0.47725689979478453,0.0002537969144746057,454.78469095327677,0.11542295131422878,4.795207183110303e-05,480.8438661977884,0.02305745961146164,7.318786781525402e-06,501.6901475568997,0.003671763220360966,8.639182469777522e-07,519.5460226671686,0.0004488452891268838,7.85880077045208e-08,546.604543476463,4.295656207405435e-05,7.469116640180996e-09,636.2414492350451,4.752161595654348e-06,1.5950950262909393e-09,780.1597731605802,1.244428973880709e-06,7.014018496802694e-10,873.3551708501857,6.125729322621479e-07
C_fixed_sum_start_1_15,"start=(1,15), q1+q2=1, r=q1/q2",15,1,15,0.014187266741165962,0.013988803849562371,0.9860111961504376,190.30656967230405,,False,190.30656967230334,7.105427357601002e-13,k=1:77.443;k=2:57.5089;k=3:31.7421;k=4:14.7229;k=5:5.93953,0.4856823643536971,159.45186275214465,77.44295770206283,0.3015566370954077,190.7068476359644,57.50891564416773,0.13503059258890387,235.07318243116796,31.742071125440116,0.051990496591164136,283.1848150222302,14.722919160082707,0.01803534915682242,329.32721148471745,5.939531245969578,0.005650809655340603,370.9724200724414,2.096294533210422,0.0015768439947198446,407.289032757061,0.6422312654182257,0.00038318743660056294,438.0858377162654,0.16786898916550597,7.86880941167573e-05,463.4415175384183,0.03646732974967589,1.3134741041022695e-05,483.8129035968358,0.006354757201049716,1.704296047959359e-06,501.17154046079605,0.0008541446757570387,1.6977940067416117e-07,526.245089805424,8.9345575954885e-05,1.6898309275878624e-08,608.5332710855099,1.0283183419465034e-05,3.6459323138472474e-09,751.3759380546768,2.7394658124008336e-06,1.6724900701280221e-09,841.2214574202545,1.4069345343139984e-06
C_fixed_sum_start_1_15,"start=(1,15), q1+q2=1, r=q1/q2",15,1,15,0.01594159037455999,0.0156914438050347,0.9843085561949654,188.8762069969417,,False,188.8762069969404,1.3073986337985843e-12,k=1:72.8799;k=2:56.5122;k=3:32.7965;k=4:16.0669;k=5:6.87614,0.4617512524882218,157.83375585689637,72.87993445184212,0.3034284356779272,186.24572162877058,56.51224796552455,0.14412792911298455,227.5512649209415,32.796492580095425,0.058859057482035654,272.97220374879373,16.0668866314482,0.021695596634799856,316.9372021435508,6.876141696268502,0.007249385143881523,356.8533324992963,2.586967247165012,0.002167680869280316,391.8163786849213,0.8493328683459956,0.0005675960431902527,421.5917781894307,0.23929382514186354,0.0001263658512671498,446.2220444367851,0.05638722849942229,2.301701802826923e-05,466.09976959915065,0.010728226799835785,3.277105776497025e-06,482.9672915433132,0.0015827349009757145,3.573182445589232e-07,506.2287830119389,0.00018088478009102606,3.7316812542627725e-08,581.3800378755028,2.1695249889425946e-05,8.089331714132358e-09,722.653350848398,5.845782669341963e-06,3.848208759948492e-09,809.492423386708,3.115095834788663e-06
C_fixed_sum_start_1_15,"start=(1,15), q1+q2=1, r=q1/q2",15,1,15,0.01791284454622004,0.01759762109515917,0.9824023789048408,187.38472878453743,,False,187.38472878453788,4.547473508864641e-13,k=1:68.4619;k=2:55.3132;k=3:33.6705;k=4:17.3781;k=5:7.86898,0.43808611899576444,156.27501203063295,68.46191351651639,0.30398935949098693,181.95755593989273,55.31316088471341,0.1528624293917024,220.266845781877,33.67052516066517,0.0660701252905727,263.02480780988674,17.37808200652802,0.025814862511178687,304.82357997664,7.868978807262243,0.009175128234861406,343.01430132076143,3.147200201009376,0.002931964524676113,376.61920109329265,1.1042341369173931,0.0008250208596770982,405.36014571268447,0.3344305758947127,0.00019862432312133172,429.2465790809939,0.0852588112221096,3.9385901148460455e-05,448.6135503699101,0.017669048948729164,6.141552531376297e-06,464.9960508510626,0.002855797673184325,7.324807311007028e-07,486.613863795309,0.0003564352787165257,8.045987066545545e-08,554.9205365924666,4.4648834603835e-05,1.7435972971505024e-08,694.0275168097598,1.210104502457572e-05,8.547208083276218e-09,778.2691941674369,6.652028747352785e-06
C_fixed_sum_start_1_15,"start=(1,15), q1+q2=1, r=q1/q2",15,1,15,0.020127853758499396,0.019730716776668246,0.9802692832233317,185.83350620404082,,False,185.83350620404053,2.8421709430404007e-13,k=1:64.1969;k=2:53.9334;k=3:34.3562;k=4:18.6354;k=5:8.90497,0.41477271412035255,154.77617664839119,64.19693486962434,0.3032476980176215,177.85256503849504,53.933380934452934,0.16111494042222305,213.24007358313102,34.35616175097661,0.0735500060383751,253.37084309499963,18.635427039585412,0.030390246546586897,293.02080274398077,8.904974438668381,0.011459780959222158,329.49581406187696,3.775949856129702,0.003903146489062563,361.7440605651036,1.4119400599339194,0.0011770989039496607,389.4428281809007,0.4584127262027942,0.0003056441524904632,412.5708252129204,0.1260998602144941,6.581960657441558e-05,431.41195793426283,0.0283953653427315,1.1218038594871441e-05,447.31543782072055,0.0050180018455546595,1.462402400462973e-06,467.4502245490632,0.0006836003304775057,1.6942274050374744e-07,529.2745231352422,8.967114018838682e-05,3.654452977101255e-08,665.5282992369308,2.4321418744915366e-05,1.833527338191774e-08,747.6394811622407,1.3708174278224822e-05
C_fixed_sum_start_1_15,"start=(1,15), q1+q2=1, r=q1/q2",15,1,15,0.022616759492228647,0.022116554693919547,0.9778834453060805,184.2243202182121,,False,184.2243202182104,1.7053025658242404e-12,k=1:60.0911;k=2:52.3956;k=3:34.8494;k=4:19.8191;k=5:9.96915,0.39188944497038336,153.33683376443412,60.09108667746003,0.30123043224883245,173.93860734345165,52.39560187482788,0.16877233013706594,206.48782562120613,34.8494314750271,0.08121451790476386,244.03455578365418,19.81914880007268,0.0354070160804747,281.5585813437258,9.969149217232944,0.014129993665229578,316.3328429324965,4.4697810667402385,0.005115893392400609,347.2315388159464,1.776399535061596,0.001649059252364428,373.88566404990434,0.6165596136279129,0.00046058863556923,396.24466218171926,0.18250578830586855,0.00010744566288163078,414.54719490991505,0.04454129815281642,1.99734951448472e-05,429.97757612094006,0.008588155029044763,2.8435178234876694e-06,448.7797873286879,0.00127611332409013,3.4846350598523447e-07,504.53933664234296,0.0001758135461538553,7.456113295496865e-08,637.1842275127912,4.7509177904390216e-05,3.801241545227763e-08,717.676681208763,2.7280624166519308e-05
C_fixed_sum_start_1_15,"start=(1,15), q1+q2=1, r=q1/q2",15,1,15,0.025413430367026365,0.024783594221045195,0.9752164057789549,182.55938944121692,,False,182.55938944121877,1.8474111129762605e-12,k=1:56.1487;k=2:50.7229;k=3:35.1502;k=4:20.9114;k=5:11.0452,0.3695066446973248,151.95575129261846,56.148659802596626,0.29798205696114805,170.221301702326,50.72289361986327,0.17573011203613706,200.0238575083377,35.1502148898405,0.08897091440766411,235.03641553141262,20.911404808929486,0.04083819666212459,270.4621028904386,11.045184547491507,0.01720560754490755,303.5550054005534,5.222848291214214,0.006604728375662582,333.1162659838777,2.200142454338481,0.002269407099934071,358.7283281691503,0.8141006148945492,0.00067996574267197,380.31192786046546,0.2585990824746501,0.00017138527637848122,398.0657014864422,0.0682226002660479,3.467162241154663e-05,413.0289066360765,0.014320382295939993,5.384956440131025e-06,430.6370599239906,0.002318961809196783,7.001343468408458e-07,480.78807860883524,0.0003366162473856621,1.482639682000987e-07,609.0277965803576,9.029687786516632e-05,7.621889433794555e-08,688.4392575576616,5.247207902988109e-05
C_fixed_sum_start_1_15,"start=(1,15), q1+q2=1, r=q1/q2",15,1,15,0.028555923019901074,0.027763121460677796,0.9722368785393222,180.84140008074115,,False,180.84140008073948,1.6768808563938364e-12,k=1:52.3723;k=2:48.9382;k=3:35.2619;k=4:21.8968;k=5:12.1161,0.3476860806781313,150.63105182326467,52.37232003685538,0.2935630100940621,166.70417258263012,48.938178698596914,0.18189478451217242,193.8589919523559,35.261939566920745,0.09672006499232133,226.39336447000005,21.896780925368695,0.04664463882896451,259.7523457986053,12.11605435475224,0.020698130589987537,291.186859776732,6.027023649747187,0.008402472864501194,319.4271105165109,2.683977628301007,0.0030693078658867875,344.0043891204067,1.0558553774268435,0.0009838487842943149,364.81036682340374,0.3589182358971688,0.00026722310154287234,382.0080527586053,0.10208137667250772,5.869449186850338e-05,396.5101352070952,0.023272960906692026,9.933324187468142e-06,413.0497957970499,0.0041029575272196125,1.3742352809114119e-06,458.06952563480377,0.0006294953032377018,2.8770343435506285e-07,581.1012917098283,0.00016718483733308082,1.4793335060911503e-07,659.9703578433229,9.763162633845938e-05
C_fixed_sum_start_1_15,"start=(1,15), q1+q2=1, r=q1/q2",15,1,15,0.032086999973704504,0.031089433327347416,0.9689105666726525,179.0735377399915,,False,179.0735377399933,1.7905676941154525e-12,k=1:48.7633;k=2:47.0638;k=3:35.1912;k=4:22.7626;k=5:13.1647,0.32648070277673696,149.3604044744721,48.76328981984334,0.28804776796790077,163.3888179700192,47.063784327177665,0.18718583638457248,188.00133264713605,35.191186692968394,0.10435879919421186,218.11909948736297,22.762647303824032,0.05277554118551192,249.4464558885696,13.164671706327187,0.02460950506044879,279.2483038808749,6.8721625474781325,0.010538581864747914,306.187503651051,3.2267820731894017,0.004081667373143083,329.7415153052341,1.3458951845921345,0.0013958934841597464,349.7717258380202,0.4882440730406016,0.000407460278004064,366.4089898714705,0.14929710887621764,9.693425366115816e-05,380.45629510058967,0.03687924701626501,1.7851400214540056e-05,396.0396949928188,0.007069863096161183,2.6350647401914705e-06,436.4096654208693,0.0011499677216292895,5.455209428060453e-07,553.4623854787183,0.00030192532233403325,2.7819101671139514e-07,632.2976274694842,0.00017589951984993876
C_fixed_sum_start_1_15,"start=(1,15), q1+q2=1, r=q1/q2",15,1,15,0.03605471154250502,0.034800007317013056,0.9651999926829871,177.25952064412888,,False,177.25952064413005,1.1652900866465643e-12,k=1:45.3215;k=2:45.1211;k=3:34.9472;k=4:23.4994;k=5:14.1745,0.3059346256231303,148.14123238416033,45.32153246879724,0.28152267142866777,160.2750959889372,45.12107318629176,0.1915373822911574,182.45649197743217,34.94723885538492,0.1117823288209658,210.224368891106,23.499369529565623,0.059169382926564595,239.55815483239778,14.174508196459394,0.028931239133805867,267.7550448433737,7.746485231646558,0.013037480498623891,293.415869000278,3.8254036700779066,0.005339934969178439,315.96180448791785,1.6872154887097535,0.0019430983965415334,335.2219758216113,0.6513692837044576,0.0006078958424782735,351.29756643315983,0.21355233010745292,0.0001562423613252526,364.89690406142705,0.057012353930831525,3.1262522900588226e-05,379.62309791166666,0.011867975792055726,4.9357458292387855e-06,415.81450664627994,0.0020523547169163593,1.0120521646166232e-06,526.1885002504259,0.0005325302106748181,5.073866767085881e-07,605.433190522015,0.00030718873450804267
C_fixed_sum_start_1_15,"start=(1,15), q1+q2=1, r=q1/q2",15,1,15,0.04051304969235382,0.03893564785596127,0.9610643521440387,175.403633598505,,False,175.40363359850505,5.684341886080802e-14,k=2:43.1302;k=1:42.0459;k=3:34.5416;k=4:24.1004;k=5:15.1302,0.2860833315602463,146.97092959669862,42.045933181529946,0.2740835542090852,157.36132807106804,43.13015209278022,0.19489940045868456,177.22782414120633,34.541596669718295,0.11888667497142275,202.71726878242234,24.100382044830386,0.06575520064355088,230.09815600066142,15.130150415534562,0.03364394428519139,256.7191097089871,8.637043423993099,0.015917012286719847,281.12612796079105,4.474688032869887,0.0068766870104404725,302.6822106470707,2.0814508262481177,0.002655273968451301,321.1816378463761,0.8528252421180356,0.0008878736314265011,336.69739072120154,0.29894473499146074,0.0002459095584165065,349.85619669174065,0.08603298283774438,5.336882538405615e-05,363.8116391874464,0.019416199844482066,9.030707520935673e-06,396.27367348170156,0.0035786316434600098,1.8393451963939772e-06,499.3788234311868,0.0009185300400590295,8.985382630631353e-07,579.3737971400556,0.0005205895253465189
C_fixed_sum_start_1_15,"start=(1,15), q1+q2=1, r=q1/q2",15,1,15,0.045522682755073096,0.04354059792860311,0.956459402071397,173.51076167702342,,False,173.51076167702416,7.389644451905042e-13,k=2:41.1097;k=1:38.9345;k=3:33.9875;k=4:24.5621;k=5:16.0178,0.26695407364392854,145.84708032852944,38.93447222277421,0.26583325061493085,154.64451787367665,41.10965487613824,0.1972385519022042,172.31665805829573,33.98748810404554,0.12557104005356454,195.60352877855794,24.562138546870862,0.07245413562171994,221.07456748001067,16.01776669470977,0.038717287552831756,246.14936935960213,9.53023591444391,0.01918710043294064,269.3282531076661,5.167628241805247,0.008722073949599592,289.9150424894435,2.5286604396942343,0.0035642115434144726,307.66619040038285,1.0965873873433996,0.0012703312651772955,322.6269441395364,0.40984309412906195,0.00037813465064472085,335.35341441158283,0.12680874620103816,8.884418505913252e-05,348.61284271582485,0.030972223912235003,1.613909636374381e-05,377.76427405668136,0.006096774021780506,3.278610347133937e-06,473.15302701836066,0.0015512844101601404,1.546877279646044e-06,554.1011790290994,0.0008571265244651989
C_fixed_sum_start_1_15,"start=(1,15), q1+q2=1, r=q1/q2",15,1,15,0.051151780992931425,0.04866260222154863,0.9513373977784514,171.58642227821903,,False,171.58642227821943,3.979039320256561e-13,k=2:39.0766;k=1:35.9844;k=3:33.2994;k=4:24.884;k=5:16.8255,0.24856645118576032,144.76767308924147,35.98438674621305,0.25687906435601854,152.12058592658653,39.07659378211087,0.19853856579236323,167.72252690788628,33.29938994336279,0.1317400765755324,188.88678072098475,24.88395895628833,0.07918117825194304,212.4932672492997,16.82546727140457,0.04411033846305338,236.05205201562802,10.412335909307634,0.022848703686741568,258.02884401181996,5.895624599458536,0.010902231515957608,277.6685094459926,3.0272063746710733,0.004702574104042378,294.68653573471084,1.3857852717560102,0.0017815965115489103,309.09995699559187,0.5506914051032646,0.0005684264698989797,321.4031370910237,0.18269405063110844,0.0001442914799107731,334.0306498989416,0.048197776809475616,2.8172102490911317e-05,360.2546094533833,0.010149129780343944,5.7373769405578475e-06,447.64624452703146,0.00256831524087671,2.5921278012499887e-06,529.5827161282001,0.0013727460815373884
C_fixed_sum_start_1_15,"start=(1,15), q1+q2=1, r=q1/q2",15,1,15,0.05747694424835353,0.0543529053384778,0.9456470946615222,169.63679377644777,,False,169.63679377644698,7.958078640513122e-13,k=2:37.0463;k=1:33.1923;k=3:32.4926;k=4:25.0678;k=5:17.5436,0.23093312426510612,143.73130206244053,33.192318639971084,0.24733028288624184,149.7846200576086,37.04627245085659,0.19880018225135088,163.4433932317576,32.49257636225262,0.13730601252138436,182.568807413106,25.06779495667814,0.08584704367834825,204.3582407976114,17.543550823782954,0.04977226750534493,226.4312269279827,11.269995598223016,0.02689312135414097,247.2317026650138,6.648832182361113,0.013437762661278534,265.94729300586226,3.5737366038222778,0.006102561361365037,282.249504521622,1.7224449205580767,0.002450894520104506,296.125823812392,0.7257731588432239,0.0008358745364544243,308.0156423757974,0.2574624322915814,0.00022873907616078774,320.06588100386534,0.07321157393141278,4.8034819849074366e-05,343.7074230637969,0.01650992414765907,9.864669813928315e-06,423.00063951408185,0.0041727616398869365,4.2338930484832785e-06,505.772598129936,0.002141387087335663
C_fixed_sum_start_1_15,"start=(1,15), q1+q2=1, r=q1/q2",15,1,15,0.06458424430196978,0.06066616582731468,0.9393338341726853,167.6687385444606,,False,167.66873854446087,2.5579538487363607e-13,k=2:35.0323;k=3:31.5827;k=1:30.5544;k=4:25.1179;k=5:18.1646,0.2140606289172355,142.7373486470795,30.554446621372552,0.23729582085846457,147.6311409823711,35.03225278368346,0.19804065263139742,159.4758702187992,31.58270541709103,0.14219059684895421,176.64977109440792,25.117936385145004,0.09236012453054052,196.67187644439295,18.16463900005921,0.05564333884194758,217.28924358677398,12.09069900760935,0.031301671749883554,236.93838868132906,7.416567667449287,0.016342391303135858,254.75312349851146,4.163275229908769,0.0077944284206576744,270.3583799624116,2.1072890405419873,0.00330955557148136,283.71004194724486,0.9389541500117146,0.001203222655011127,295.1972806151572,0.3551880557338341,0.0003541350738697622,306.7166343712463,0.10861911797014615,8.000725463264939e-05,328.08253434085566,0.026248982865533777,1.6674565122789784e-05,399.3547523694022,0.006659066825479185,6.750777668067957e-06,482.61376002929154,0.0032580181935080495
C_fixed_sum_start_1_15,"start=(1,15), q1+q2=1, r=q1/q2",15,1,15,0.07257039612324216,0.06766026396546522,0.9323397360345347,165.68981764585172,,False,165.68981764585283,1.1084466677857563e-12,k=2:33.0464;k=3:30.5855;k=1:28.0666;k=4:25.0407;k=5:18.6837,0.19795025179812129,141.78613717958933,28.066601556182675,0.22688207127506604,145.65438110591282,33.046367675597345,0.19629280925935774,155.8154410353484,30.58545064681435,0.14632682845988015,171.12842324855492,25.04067943330106,0.09862847936650057,189.4352179313678,18.683707483032446,0.06165613504319819,208.62711660550005,12.863141675101767,0.03604573909265238,227.1487375300568,8.187744128233803,0.019621872512237674,244.08534464786234,4.789411514785949,0.009804955715895004,259.0134246560565,2.5396151585749407,0.004389943926321581,271.85465914208055,1.1934267097430002,0.0016966880078585155,282.9508550659148,0.48007932260365055,0.0005357824251229535,293.9786306076564,0.15750858364129505,0.00013019873558130118,313.3388232121989,0.04079631859076116,2.7720029674261843e-05,376.83243741356307,0.010445806347328387,1.0524352542814675e-05,460.04096525377685,0.004841633302467504
C_fixed_sum_start_1_15,"start=(1,15), q1+q2=1, r=q1/q2",15,1,15,0.08154407395185162,0.07539597868989092,0.9246040213101091,163.70829401181305,,False,163.70829401181354,4.831690603168681e-13,k=2:31.0988;k=3:29.5162;k=1:25.7244;k=4:24.844;k=5:19.098,0.1825989223741306,140.87906055574078,25.724364642558157,0.21619103307071297,143.84857273243995,31.098771544773783,0.19360373177439016,152.4566788717932,29.516181963508988,0.1496604292523366,166.00229853205897,24.843975255182475,0.10456182632820848,182.64817721936836,19.09802698557544,0.06773695516925966,200.44485112423783,13.577523894511426,0.04108715933392982,217.86132819595065,8.951303104288602,0.023273219312867903,233.9414502557792,5.444570678173126,0.01215597548731559,248.2123957290609,3.017263798130341,0.005724159782154038,260.5587176609892,1.4914797325246634,0.0023454866374483683,271.2759986690832,0.636274229938796,0.0007926470066665883,281.845509533003,0.22340399947375422,0.00020705532874762086,299.43561604877794,0.06199973991972609,4.532919983233332e-05,355.5333482432296,0.016116042189575908,1.6069942004359718e-05,437.9854677000797,0.007038401064692648
C_fixed_sum_start_1_15,"start=(1,15), q1+q2=1, r=q1/q2",15,1,15,0.09162739011886736,0.08393650704283817,0.9160634929571618,161.733120453052,,False,161.7331204530524,3.979039320256561e-13,k=2:29.198;k=3:28.3897;k=4:24.5371;k=1:23.5231;k=5:19.407,0.1680000822327058,140.01867360259294,23.523148679350005,0.20531876922308612,142.20823978416266,29.198020765865788,0.19003305477002722,149.3934707083179,28.38969760139823,0.15215101857147328,161.267896232076,24.53707467458902,0.11007351822931848,176.3097126579353,19.407030370259143,0.07380733731356154,192.74170781348687,14.225752242981946,0.0463788984239032,209.07388985471178,9.696616700662004,0.027284277418799012,224.31757921469892,6.120343061207269,0.014863055770651765,237.95103573974708,3.536679514884212,0.007342593608631381,249.81868474459208,1.8343170779223397,0.003181053069145367,260.16954018904227,0.8276131143164919,0.001147467474565705,270.30908719006834,0.31017088563014866,0.00032188213535729016,286.3335700513574,0.09216566095260716,7.291418309319814e-05,335.5265257280378,0.024464642529558808,2.40775756839039e-05,416.3816422068381,0.01002546050362334
C_fixed_sum_start_1_15,"start=(1,15), q1+q2=1, r=q1/q2",15,1,15,0.10295755673125127,0.09334679843563383,0.9066532015643661,159.77390844820286,,False,159.77390844820206,7.958078640513122e-13,k=2:27.3512;k=3:27.22;k=4:24.1302;k=1:21.4583;k=5:19.6121,0.1541444948766665,139.20875438821153,21.4582631275808,0.1943542307225186,140.7284851492662,27.351176471931012,0.18565097993840976,146.61924760886555,27.22000699641823,0.15377294474434836,156.92085286650797,24.13018163707755,0.11508247659317297,170.4179787352713,19.612123048857708,0.07978566979361591,185.5164100408069,14.80155103281287,0.051865968388349074,200.78364038380766,10.413837945044216,0.0316336501490037,215.20895680250013,6.807844848422339,0.01793442750840544,228.22352859226797,4.093058329250526,0.009272431115550726,239.62886108794513,2.221942107735845,0.004235973982612669,249.62585390038353,1.0574086225094959,0.0016266028234650939,259.35957920220255,0.42187502382302133,0.0004893241085141244,273.9951678736251,0.13407244125693948,0.000115356944008458,316.8478460520154,0.036550599236222864,3.546831135364956e-05,395.17574167944326,0.014016216245295884
C_fixed_sum_start_1_15,"start=(1,15), q1+q2=1, r=q1/q2",15,1,15,0.1156887528316282,0.10369267641894668,0.8963073235810534,157.84087333524707,,False,157.84087333524798,9.094947017729282e-13,k=3:26.0202;k=2:25.5639;k=4:23.6341;k=5:19.7165;k=1:19.525,0.14102096504366102,138.45433593405963,19.52496406790032,0.1833784601354797,139.4052643229241,25.56392270631735,0.18053607320440518,144.12722356342272,26.020162983993753,0.15451573145896758,152.95610944224654,23.63412513158662,0.11951505789147866,164.9704535184027,19.71645330263539,0.08558886822509908,178.76729820465306,15.300490728995042,0.05748652712281893,192.98755274084095,11.094184185002803,0.03629095033593444,206.610272049761,7.4980831218517805,0.021370216466755455,219.02291111395417,4.68056702168414,0.011536214988471368,229.98176079881216,2.653119036002294,0.0055426888433891255,239.63718833363345,1.3282343702379689,0.00225957198848444,248.9857955926181,0.5626013292515923,0.0007277339902630998,262.3849288286066,0.1909464312413413,0.00017946693682781902,299.50119480370915,0.05375056200769359,5.147336797175375e-05,374.33642481734944,0.01926835653985416
C_fixed_sum_start_1_15,"start=(1,15), q1+q2=1, r=q1/q2",15,1,15,0.12999422244132455,0.11503972308856168,0.8849602769114383,155.94475136317047,,False,155.94475136317035,1.1368683772161603e-13,k=3:24.8021;k=2:23.8407;k=4:23.0601;k=5:19.7247;k=1:17.7185,0.1286169436979161,137.76171276415124,17.71849045431533,0.17246416585624327,138.23563546583495,23.840693562222942,0.17477294106678007,141.91064344937922,24.802140524327193,0.15438410400260097,149.36807652581982,23.060056661030625,0.12330681629828967,159.96404882894169,19.72465758328095,0.09113410566764804,172.49243745235316,15.719944021652923,0.0631731154090414,185.68254830269643,11.730145053371146,0.04121733727853181,198.5159830781634,8.182300229711974,0.02516201281427869,210.34143216286236,5.292613811455674,0.014150565265697551,220.868457726756,3.125413526196421,0.0071320394069850045,230.1939708623642,1.6417524714407394,0.0030782684631096256,239.1753111296187,0.7362458174047379,0.0010593484595180806,251.46942687557342,0.2663937499765333,0.00027449054415057774,283.4625375618567,0.07780778618165764,7.374576920764684e-05,353.86586758616124,0.026096110601472766
C_fixed_sum_start_1_15,"start=(1,15), q1+q2=1, r=q1/q2",15,1,15,0.1460686320364989,0.1274519064158865,0.8725480935841136,154.09668410468427,,False,154.09668410468333,9.379164112033322e-13,k=3:23.5768;k=4:22.4192;k=2:22.1848;k=5:19.6426;k=6:16.059,0.11691900278893375,137.1384282185297,16.034088271352264,0.16167563652476608,137.2179766627002,22.184803719582554,0.16844988825051974,139.96303854220983,23.576758201638434,0.1533975734745324,146.15079959073833,22.419178018581942,0.12640411542444366,155.39520642556568,19.642593609422452,0.09634058746825136,166.6896849358303,16.058982171615618,0.06885399666664095,178.8656189793228,12.315612732978963,0.04636628644808706,190.92054483118875,8.852276670467745,0.029292781709241062,202.17085234199317,5.922146645625213,0.017125144727906494,212.27889415545607,3.635306785092129,0.009031770689247149,221.2850861282866,1.9985961548609896,0.004115868580636124,229.91461451090476,0.9462983380944991,0.001510197534053833,241.2171859747112,0.3642855994304137,0.0004126338178877343,268.68571667745573,0.11086881308452064,0.00010451589484537762,333.80925367582876,0.0348883728555969
C_fixed_sum_start_1_15,"start=(1,15), q1+q2=1, r=q1/q2",15,1,15,0.1641307195375129,0.14098993934523002,0.85901006065477,152.3080660816612,,False,152.30806608166006,1.1368683772161603e-12,k=3:22.3536;k=4:21.7225;k=2:20.5986;k=5:19.4771;k=6:16.3182,0.10591317208076181,136.59324944204704,14.46702433322595,0.1510689465741272,136.35216308553711,20.598577640435686,0.1616566589869566,138.27848521395885,22.353637929465865,0.151589575719323,143.298125925497,21.72250211042021,0.128765529077849,151.25998128556512,19.47707151854133,0.1011313598991531,161.35672155621552,16.318224679849067,0.07445457812727722,172.5338820949085,12.845937404037802,0.05168453798668668,183.81855660510465,9.500577171514447,0.033737092121523204,194.5026788765763,6.561954795142101,0.020461931559936804,204.20214871121604,4.17837039132094,0.01126509537734933,212.8981274494835,2.398317711377505,0.005405490041995399,221.18923935377723,1.1956362307233797,0.002109690114838519,231.5985047914043,0.488601076169807,0.0006095397087330835,255.10881501079007,0.15549895279691905,0.000146802623479987,314.2596197902129,0.046134136639026505
C_fixed_sum_start_1_15,"start=(1,15), q1+q2=1, r=q1/q2",15,1,15,0.18442627085855348,0.15570937203619153,0.8442906279638084,150.59035225302677,,False,150.59035225302713,3.694822225952521e-13,k=3:21.1412;k=4:20.9806;k=5:19.2356;k=2:19.0835;k=6:16.4997,0.09558513836217601,136.1361375640264,13.012591545149691,0.14069239024821728,135.63969972588689,19.08347356698549,0.15448235575779562,136.85185916133798,21.141197593077557,0.14900618457108342,140.80387250093378,20.980647814197436,0.13036296075709303,147.55411081328867,19.235590757500507,0.10543513186820307,156.49105114011985,16.499654613152245,0.079898903148592,166.6845735280969,13.317914596685775,0.057113175845608835,177.20483018647187,10.12073062713122,0.038461621645842894,187.32833226169106,7.204951438995907,0.02415483267808259,196.626661176956,4.74948410077941,0.013849430600768858,205.019621456124,2.8394050191524913,0.006978691954010205,212.9838800866721,1.4863488902947328,0.0028898502171236067,222.58524737233466,0.643238025447453,0.0008846427586542282,242.66017657687127,0.21466756802248554,0.00020468958675152305,295.3550173909873,0.0604560964547501
C_fixed_sum_start_1_15,"start=(1,15), q1+q2=1, r=q1/q2",15,1,15,0.20723146452190294,0.17165843552957125,0.8283415644704288,148.95482346747343,,False,148.95482346747238,1.0516032489249483e-12,k=4:20.2037;k=3:19.9467;k=5:18.9261;k=2:17.6402;k=6:16.6064,0.08592031489351115,135.77822110132982,11.666107512707038,0.13058707392972793,135.0838088039199,17.64019932698672,0.14701361227414872,135.67907397943267,19.946670775727856,0.14570444383738754,138.66199142843718,20.203668342465036,0.13118240601484685,144.27306676141274,18.92608802090275,0.10918807271167591,152.0899676923491,16.60641045110865,0.08511121037771256,161.3149854302612,13.729713662032598,0.06258880027727598,171.07438308379227,10.707340395389675,0.043425884165368675,180.6392441815781,7.8444188935489585,0.028189641848314757,189.54041305645637,5.343076359843147,0.01679540132236039,197.63522732911352,3.3193629584283895,0.008863933831848577,205.2824964936227,1.819610465756159,0.0038842207952182717,214.15062504809117,0.8318083111207867,0.001261313346941206,231.2635172343621,0.29169576094826855,0.000283670373652141,277.2662844332929,0.078652230506333
C_fixed_sum_start_1_15,"start=(1,15), q1+q2=1, r=q1/q2",15,1,15,0.23285662984981953,0.188875676385976,0.811124323614024,147.41231038980456,,False,147.41231038980433,2.2737367544323206e-13,k=4:19.4009;k=3:18.7761;k=5:18.5567;k=6:16.6426;k=2:16.2688,0.07690379601181568,135.5317814455407,10.422908473405847,0.1207875957290881,134.68947407672485,16.268817743742932,0.13933307326827746,134.7572895539409,18.776147298853726,0.1417503864182576,136.86672599179764,19.400911297139096,0.13122428347688472,141.41208513248094,18.556699546482033,0.11233552833148576,148.15048945476252,16.642563505468956,0.0900175543385501,156.4223552275315,14.080757861458304,0.06804476908840949,165.42236517297732,11.256126640253795,0.04858312514551272,174.4268901372229,8.474203432279298,0.03254432107241831,182.93106465037468,5.953367302101104,0.020106180859458825,190.7299133699381,3.834850133524889,0.01108512468182162,198.0684118936308,2.1956130413712978,0.005126499234669527,206.26898733495608,1.0574378057087108,0.001766705841553467,220.84188166108743,0.3901626423903026,0.0003910565017947967,260.1763815639696,0.10174366562403418
C_fixed_sum_start_1_15,"start=(1,15), q1+q2=1, r=q1/q2",15,1,15,0.2616504698748821,0.2073874469375262,0.7926125530624738,145.9728801702095,,False,145.97288017020978,2.8421709430404007e-13,k=4:18.5809;k=5:18.1355;k=3:17.6346;k=6:16.6129;k=2:14.9688,0.06852021856578847,135.41026083175993,9.278340668242615,0.11132274672215169,134.46344614801757,14.968840158923442,0.13151820520338234,134.08507312098823,17.634628161436655,0.13721682896805004,135.41274605553426,18.58090761559624,0.13050327111595617,138.96616865872264,18.13553958441497,0.11483357573249582,144.66925776068265,16.61288816722531,0.09454747275137186,152.00371305284182,14.37156691797091,0.07341249404003776,160.243931009087,11.763906630156821,0.05388133457256429,168.68276528728967,9.088852513069789,0.037189564572612945,176.78605255573305,6.57459631705878,0.023777209774384578,184.28811551756294,4.381857181587112,0.013660392213618516,191.32441177644796,2.6135665049061325,0.006649012872642052,198.91563549030215,1.3225926209447931,0.0024312454491214764,211.32044500728958,0.513771870230298,0.0005364274458240185,244.25532188159633,0.1310252584458682
C_fixed_sum_start_1_15,"start=(1,15), q1+q2=1, r=q1/q2",15,1,15,0.29400480643347093,0.2272053434204819,0.7727946565795182,144.64549571281788,,False,144.6454957128182,3.126388037344441e-13,k=4:17.7513;k=5:17.6705;k=3:16.5261;k=6:16.5226;k=7:14.6036,0.06075355845188405,135.42830566932952,8.227751484521232,0.10221617908561911,134.41421281826644,13.739307249084442,0.12364043329774754,133.66249458905702,16.526088746648846,0.1321810438715167,134.29524781187405,17.75128604275753,0.12904760549429967,136.9300570522025,17.670495982784573,0.11665031633216602,141.6423999726977,16.52263076286237,0.09863566879841582,148.0556959951561,14.603572593897155,0.0786227847298786,155.5340741882361,12.228522033062655,0.059264337063074386,163.3983181754973,9.683693003892147,0.04208959316483554,171.09265626839166,7.201220295827655,0.02779630336715781,178.29388523968615,4.955910922631536,0.01660118629540492,185.0328521588425,3.071764849459061,0.008481176438447513,192.0666709143407,1.6289513239697586,0.0032877296240964382,202.62830481907264,0.6661870804341082,0.0007320839854593731,229.63668694322416,0.16811334098508193
C_fixed_sum_start_1_15,"start=(1,15), q1+q2=1, r=q1/q2",15,1,15,0.33035991201283377,0.24832371227497332,0.7516762877250267,143.43766524097163,,False,143.4376652409709,7.389644451905042e-13,k=5:17.169;k=4:16.9187;k=6:16.3773;k=3:15.4535;k=7:14.7789,0.053586896837340796,135.60186143918827,7.266482959893163,0.09348700145257982,134.55193635544654,12.57885706950906,0.11576457603504642,133.49113860715894,15.453545065293373,0.12672241543517454,133.51000081064387,16.918709787476903,0.12689783313363473,135.2981626480662,17.169043667001677,0.11776679603818187,139.06535997643974,16.377281884321718,0.10222365343281309,144.57434049399936,14.778917277936106,0.08360723070331089,151.28744470288925,12.64872429178885,0.06467292841328648,158.5648640803505,10.25485410353101,0.04720312188972652,165.83804906403674,7.828073643924173,0.032144128363771,172.7310382663593,5.552288666441294,0.019911801691014197,179.175789843586,3.5677127951963197,0.010648089721792525,185.69889093627845,1.9773384519268575,0.00437007954665914,194.69947533062813,0.8508521948876437,0.0009934473056624133,216.40139403206877,0.21498338184274896
C_fixed_sum_start_1_15,"start=(1,15), q1+q2=1, r=q1/q2",15,1,15,0.3712105009066361,0.2707173702806345,0.7292826297193654,142.35511007151553,,False,142.35511007151513,3.979039320256561e-13,k=5:16.6381;k=6:16.1824;k=4:16.0888;k=7:14.9002;k=3:14.4191,0.04700219586908054,135.9483389481477,6.389870455316989,0.08515027991097107,134.88835607014175,11.485781276103305,0.10794853316466617,133.57401983790865,14.419119510410258,0.12092018428723882,133.05332702597343,16.08883282401096,0.12410504363358583,134.06447408215664,16.638077405679788,0.11817744029998123,136.93270742371715,16.182356856681128,0.10526126722720627,141.5548696761176,14.900244964290172,0.0882996023185244,147.49817542487756,13.024030232724638,0.07004603363110255,154.17350718264996,10.79924266914093,0.05248444257232813,161.00935613033016,8.450486305429841,0.0367950028094821,167.5833208246835,6.16622876056657,0.023589365948897215,173.73514975191975,4.098302025684494,0.013169429494926832,179.78974558777176,2.3677283784289926,0.00571184745772008,187.47330657996264,1.0708189295791366,0.0013393313742852476,204.57183541609925,0.2739894774678997
C_fixed_sum_start_1_15,"start=(1,15), q1+q2=1, r=q1/q2",15,1,15,0.4171124612056518,0.29433970318120034,0.7056602968187997,141.40149043958664,,False,141.40149043958752,8.810729923425242e-13,k=5:16.0838;k=6:15.9432;k=4:15.2663;k=7:14.9705;k=3:13.4241,0.04098012596052091,136.48687454038864,5.593249310622941,0.07721744316239243,135.43665160893798,10.458071947717913,0.10024318042755279,133.91539606248602,13.424105209518979,0.11485137530563881,132.92200446438738,15.266275021117153,0.12072866088810091,133.22243902684292,16.08376666395742,0.11788991029585924,135.23794827575844,15.943189590825215,0.10770797862243418,138.99150077205283,14.970493593856311,0.0926372330451103,144.15974950812245,13.354560310908665,0.07532186009285152,150.2151075563426,11.31448131519148,0.057884561512751606,156.59375071639414,9.064360595855607,0.04171794960884841,162.83461547691036,6.793126283041954,0.027624292627414053,168.69294662616488,4.660023321781919,0.01605876429172459,174.3173692492527,2.799321544727269,0.0073446524880220795,180.89452822698954,1.3286074468119389,0.0017920116707867769,194.11608156550005,0.347858283652774
C_fixed_sum_start_1_15,"start=(1,15), q1+q2=1, r=q1/q2",15,1,15,0.46869041923141924,0.3191213158976619,0.6808786841023381,140.57824075985982,,False,140.5782407598601,2.8421709430404007e-13,k=6:15.6647;k=5:15.5114;k=7:14.9927;k=4:14.4546;k=8:13.6409,0.03549998327397501,137.2387077037578,4.871971828025347,0.06969661123888228,136.21126273764827,9.493463425383123,0.09269243480506517,134.52048716481895,12.469031486470586,0.10858899381967567,133.1131028927085,14.454617907334175,0.11683391764007785,132.7648490767713,15.511437442532863,0.1169243260538407,133.9733731775517,15.664746367944932,0.10953384304450339,136.87730820606433,14.992697593397166,0.09656232416323769,141.2649455881661,13.64087146878663,0.08043901008154973,146.68033319688203,11.798820800789068,0.06335232717798366,152.57862433944115,9.666210929518936,0.046877912227990655,158.46921220957066,7.428705820799078,0.03200115122441154,164.0315779287772,5.249199330877646,0.01932337615516015,169.26069851354134,3.2706881456623154,0.009296762658796311,174.91307925098582,1.6261253837156449,0.0023770264348530966,184.95916670349467,0.4396528286226075
C_fixed_sum_start_1_15,"start=(1,15), q1+q2=1, r=q1/q2",15,1,15,0.5266462393484278,0.34496940140710025,0.6550305985928998,139.88457268677232,,False,139.8845726867716,7.105427357601002e-13,k=6:15.3515;k=7:14.9698;k=5:14.9255;k=8:13.8838;k=4:13.6564,0.03053972350537461,138.22769760705052,4.221435665703854,0.0625928865850687,137.22766802253435,8.589475860867951,0.08533347540627371,135.3951270125843,11.55373674105767,0.10220056624329966,133.62378105121016,13.656426087004375,0.1124891843616641,132.68376458427255,14.925488456119872,0.11531186461857086,133.1299939613426,15.351467840341494,0.11072001354318753,135.20418793441522,14.969809519194124,0.10002309408012866,138.80589975385948,13.883795569957194,0.08533750253381006,143.55983578311665,12.251037849895074,0.06883547242761755,148.95186601646589,10.253172066218621,0.05223701939406481,154.47216852161847,8.069165662907032,0.03669985614118543,159.7341990933901,5.862222127554888,0.022964613414219147,164.59967981690664,3.7799680150995107,0.011592045516797144,169.48383975442772,1.9646643847948795,0.003122682228731124,176.99746550248545,0.5527068400550615
C_fixed_sum_start_1_15,"start=(1,15), q1+q2=1, r=q1/q2",15,1,15,0.5917685748188821,0.37176797191527416,0.6282320280847259,139.31770039997596,,False,139.31770039997457,1.3926637620897964e-12,k=6:15.0071;k=7:14.9045;k=5:14.3294;k=8:14.0843;k=4:12.8733,0.026076114400469152,139.48099577352775,3.637122402481864,0.05590865988035682,138.5021392987518,7.743468998755717,0.07819713040382019,136.54539798415584,10.677458292208561,0.09574709608906715,134.45109922937837,12.873302317195993,0.10776335954612301,132.97053102442678,14.329351143824207,0.11309282220841647,132.69762696043256,15.007149133314972,0.11125872575300838,133.9629732310213,14.9045496997678,0.10297468793817514,136.77431848641385,14.084292764095046,0.08995964175957036,140.84457759489518,12.67032774421478,0.07428148386615506,145.70227351957922,10.822981079706736,0.05775576493901733,150.82977062203608,8.711288777852218,0.041697030820406954,155.78517850519293,6.495779389493628,0.026978727383596527,160.31555528451779,4.325109661370903,0.014249462289721855,164.5663348908931,2.3449817831855193,0.004059292722082514,170.11269198452115,0.6905372125066311
C_fixed_sum_start_1_15,"start=(1,15), q1+q2=1, r=q1/q2",15,1,15,0.6649435996665045,0.399379053920923,0.600620946079077,138.87332055743218,,False,138.87332055743235,1.7053025658242404e-13,k=7:14.7993;k=6:14.6349;k=8:14.2433;k=5:13.7255;k=9:13.0562,0.022084976097540232,141.0298867922561,3.1146416788457807,0.04964398387559876,140.05150929827826,6.9527148693569965,0.07130845894606708,137.9773189914823,9.838949986792516,0.0892825008801546,135.5919202107869,12.105985735561434,0.10272354698962224,133.6159445801836,13.725503761645252,0.11031431723026351,132.66517769042335,14.634868497150638,0.1111527409998597,133.1437447354903,14.799292174335385,0.10537977815209972,135.1618606284077,14.243326887646626,0.09425067212443335,138.5263124403196,13.056198054419374,0.07963820638479142,142.82009329883212,11.373936066027559,0.06339395444793987,147.53008336673702,9.352515384651698,0.046967364744343876,152.1706061565799,7.147052362723988,0.031358070031733694,156.39119274892798,4.904125974567246,0.017283181708587083,160.12443671612604,2.7674597357499597,0.0052182473869668905,164.18335974214574,0.856749387957897
C_fixed_sum_start_1_15,"start=(1,15), q1+q2=1, r=q1/q2",15,1,15,0.7471670675868078,0.42764488951751883,0.5723551104824811,138.54633498581143,,True,138.54633498581154,1.1368683772161603e-13,k=7:14.656;k=8:14.3618;k=6:14.237;k=9:13.4084;k=5:13.1155,0.01854144313039873,142.91080404152132,2.6497725458554244,0.043797049170109424,141.89300957625295,6.214495117305958,0.06468755602456641,139.69666793556,9.036636033526786,0.08285358056942975,137.04297427916822,11.354501110913352,0.09743323711491828,134.6106143399805,13.115547905172138,0.10702788669489073,133.021157917128,14.236973417577541,0.11041431529452361,132.73635212926249,14.655993435045298,0.1072088279426498,133.9606762754789,14.361767093898827,0.09815918293908334,136.59818533343628,13.408366263291581,0.084854106927204,140.29764566215167,11.904831426651198,0.06911127267543582,144.56354050666732,9.990970266882696,0.05248475885991162,148.87879935985114,7.813867883754952,0.03609246003387289,152.81140007988904,5.515339350103556,0.02070325872458168,156.12605209649095,3.2323180502011706,0.006631063898424884,159.09288491122052,1.0549550856310594
C_fixed_sum_start_1_15,"start=(1,15), q1+q2=1, r=q1/q2",15,1,15,0.8395578619995112,0.45639111405115146,0.5436088859488486,138.33174119542514,,True,138.3317411954253,1.7053025658242404e-13,k=7:14.4762;k=8:14.4403;k=6:13.8151;k=9:13.7267;k=5:12.5004,0.015420159251076053,145.1665214112314,2.23849087808593,0.03836475240958794,144.0442441905739,5.526221764397594,0.0583505779175634,141.70900779885054,8.268802501187428,0.07650053192884489,138.80114042964126,10.618361075197855,0.0919511645698557,135.9455351873015,12.50035027854467,0.1032872675055506,133.75442078237222,13.815128639398857,0.10906385079831424,132.73112015179595,14.476167084528594,0.10844005317070068,133.16404887009125,14.440316539898479,0.10163728118584389,135.05537041410886,13.726660658437085,0.08987816973870284,138.12994621894137,12.414866752263908,0.07486735822114354,141.92348790693208,10.625436609122417,0.05822306156638728,145.90072019774516,8.49478661465356,0.04117047817531406,149.56314431229055,6.1575861687405045,0.024516695320544544,152.54276099921879,3.7398443947724918,0.008328598240572346,154.73447019187591,1.288721236195952
C_fixed_sum_start_1_15,"start=(1,15), q1+q2=1, r=q1/q2",15,1,15,0.9433732216299774,0.48543080203540945,0.5145691979645907,138.2255502891857,global_min;local_min,True,138.2255502891848,8.810729923425242e-13,k=8:14.4795;k=7:14.2609;k=9:14.0109;k=6:13.3704;k=10:12.9035,0.012695323303591816,147.84750810435398,1.876971915015185,0.033343285801102664,146.52335130380163,4.885569979058026,0.05231092573140586,144.0199460372336,7.533816700994807,0.07025795909304985,140.86394445175696,9.896813246977187,0.08633092867866157,137.6128309847727,11.88024349701512,0.09914663419895985,134.8550396145268,13.370423282547726,0.10712845195326476,133.1196561498134,14.260902687880412,0.1090591855002433,132.7670442613609,14.47946570841877,0.10464062188057517,133.8956287437104,14.010921858832473,0.09465947762202868,136.3151998847828,12.903525613035965,0.08062134394274016,139.6065669071699,11.255269047288111,0.06415624461126126,143.23020738697466,9.189112220840427,0.04658044982204925,146.63559570092926,6.8303520076734365,0.02872861657948337,149.3493677049213,4.29060072118296,0.010340551281574274,151.01339956668926,1.5615618024242166
C_fixed_sum_start_1_15,"start=(1,15), q1+q2=1, r=q1/q2",15,1,15,1.0600258488068823,0.5145691979645907,0.4854308020354095,138.22555028918657,,True,138.22555028918663,5.684341886080802e-14,k=8:14.4795;k=9:14.2609;k=7:14.0109;k=10:13.3704;k=6:12.9035,0.010340551281574377,151.01339956668986,1.5615618024242381,0.028728616579483626,149.3493677049219,4.290600721183015,0.04658044982204966,146.63559570092983,6.830352007673523,0.0641562446112618,143.23020738697528,9.189112220840544,0.08062134394274086,139.60656690717056,11.25526904728826,0.09465947762202948,136.3151998847834,12.903525613036129,0.10464062188057596,133.89562874371111,14.010921858832653,0.10905918550024421,132.76704426136143,14.47946570841895,0.10712845195326559,133.11965614981398,14.260902687880582,0.09914663419896069,134.85503961452739,13.3704232825479,0.08633092867866235,137.61283098477332,11.880243497015282,0.07025795909305048,140.86394445175753,9.896813246977315,0.05231092573140632,144.01994603723426,7.533816700994907,0.03334328580110296,146.5233513038022,4.885569979058089,0.012695323303591927,147.8475081043546,1.8769719150152093
C_fixed_sum_start_1_15,"start=(1,15), q1+q2=1, r=q1/q2",15,1,15,1.1911031332830067,0.5436088859488485,0.4563911140511514,138.33174119542485,,True,138.33174119542483,2.842170943040401e-14,k=9:14.4762;k=8:14.4403;k=10:13.8151;k=7:13.7267;k=11:12.5004,0.008328598240572327,154.73447019187577,1.2887212361959477,0.02451669532054449,152.54276099921861,3.7398443947724793,0.04117047817531395,149.56314431229035,6.1575861687404805,0.058223061566387145,145.90072019774502,8.494786614653533,0.07486735822114338,141.92348790693188,10.62543660912238,0.08987816973870272,138.1299462189412,12.414866752263874,0.10163728118584374,135.0553704141087,13.726660658437046,0.10844005317070043,133.16404887009114,14.440316539898435,0.10906385079831396,132.7311201517958,14.47616708452854,0.10328726750555033,133.75442078237208,13.815128639398806,0.09195116456985541,135.94553518730132,12.500350278544614,0.07650053192884464,138.80114042964104,10.618361075197802,0.05835057791756316,141.70900779885034,8.268802501187382,0.038364752409587775,144.04424419057375,5.526221764397564,0.015420159251075967,145.1665214112312,2.2384908780859143
C_fixed_sum_start_1_15,"start=(1,15), q1+q2=1, r=q1/q2",15,1,15,1.3383887531737564,0.572355110482481,0.427644889517519,138.54633498581143,,False,138.5463349858116,1.7053025658242404e-13,k=9:14.656;k=8:14.3618;k=10:14.237;k=7:13.4084;k=11:13.1155,0.006631063898424895,159.09288491122058,1.0549550856310614,0.02070325872458171,156.1260520964909,3.2323180502011737,0.036092460033872946,152.81140007988904,5.515339350103564,0.052484758859911676,148.8787993598512,7.813867883754963,0.06911127267543592,144.56354050666724,9.990970266882705,0.08485410692720412,140.2976456621516,11.904831426651208,0.09815918293908349,136.59818533343625,13.4083662632916,0.10720882794264985,133.960676275479,14.361767093898843,0.11041431529452364,132.73635212926249,14.655993435045302,0.10702788669489079,133.02115791712802,14.236973417577552,0.09743323711491825,134.6106143399805,13.115547905172134,0.08285358056942968,137.04297427916822,11.354501110913343,0.06468755602456631,139.69666793556,9.036636033526774,0.04379704917010934,141.89300957625292,6.214495117305945,0.0185414431303987,142.91080404152132,2.64977254585542
C_fixed_sum_start_1_15,"start=(1,15), q1+q2=1, r=q1/q2",15,1,15,1.5038869469554101,0.600620946079077,0.399379053920923,138.87332055743212,,False,138.8733205574323,1.7053025658242404e-13,k=9:14.7993;k=10:14.6349;k=8:14.2433;k=11:13.7255;k=7:13.0562,0.005218247386966886,164.18335974214577,0.8567493879578963,0.01728318170858707,160.12443671612596,2.7674597357499557,0.03135807003173367,156.39119274892795,4.904125974567242,0.04696736474434385,152.1706061565798,7.147052362723978,0.06339395444793984,147.53008336673696,9.35251538465169,0.07963820638479137,142.82009329883218,11.373936066027555,0.09425067212443333,138.52631244031954,13.056198054419367,0.10537977815209967,135.16186062840777,14.243326887646626,0.1111527409998597,133.14374473549023,14.799292174335378,0.11031431723026348,132.66517769042338,14.634868497150638,0.10272354698962224,133.6159445801836,13.725503761645252,0.08928250088015462,135.5919202107868,12.105985735561427,0.07130845894606713,137.9773189914822,9.838949986792517,0.04964398387559877,140.05150929827823,6.952714869356996,0.022084976097540236,141.02988679225604,3.11464167884578
C_fixed_sum_start_1_15,"start=(1,15), q1+q2=1, r=q1/q2",15,1,15,1.689849786812457,0.6282320280847258,0.37176797191527433,139.31770039997795,,False,139.31770039997872,7.673861546209082e-13,k=10:15.0071;k=9:14.9045;k=11:14.3294;k=8:14.0843;k=12:12.8733,0.0040592927220826054,170.11269198452268,0.6905372125066529,0.014249462289722166,164.56633489089458,2.3449817831855913,0.02697872738359712,160.31555528451926,4.325109661371038,0.04169703082040782,155.7851785051944,6.495779389493825,0.05775576493901856,150.82977062203747,8.711288777852483,0.07428148386615659,145.70227351958067,10.822981079707066,0.08995964175957213,140.8445775948966,12.67032774421516,0.1029746879381771,136.77431848641527,14.08429276409546,0.11125872575301052,133.96297323102266,14.90454969976824,0.11309282220841863,132.697626960434,15.007149133315421,0.10776335954612505,132.97053102442817,14.329351143824628,0.09574709608906899,134.45109922937976,12.873302317196375,0.0781971304038217,136.54539798415718,10.677458292208872,0.055908659880357904,138.5021392987531,7.743468998755939,0.026076114400469634,139.48099577352906,3.6371224024819653
C_fixed_sum_start_1_15,"start=(1,15), q1+q2=1, r=q1/q2",15,1,15,1.8988078244652633,0.6550305985928999,0.3449694014071001,139.88457268677266,,False,139.88457268677223,4.263256414560601e-13,k=10:15.3515;k=9:14.9698;k=11:14.9255;k=8:13.8838;k=12:13.6564,0.0031226822287311333,176.9974655024858,0.5527068400550642,0.011592045516797177,169.48383975442806,1.9646643847948888,0.022964613414219223,164.5996798169069,3.7799680150995294,0.03669985614118556,159.73419909339032,5.862222127554918,0.05223701939406497,154.47216852161873,8.06916566290707,0.06883547242761776,148.95186601646614,10.253172066218669,0.08533750253381027,143.55983578311688,12.251037849895123,0.1000230940801289,138.80589975385968,13.883795569957247,0.1107200135431878,135.20418793441544,14.969809519194188,0.1153118646185712,133.12999396134285,15.351467840341567,0.1124891843616644,132.68376458427278,14.925488456119938,0.10220056624329996,133.62378105121036,13.656426087004434,0.08533347540627399,135.39512701258457,11.553736741057728,0.06259288658506894,137.2276680225346,8.589475860868,0.030539723505374722,138.22769760705074,4.2214356657038765
C_fixed_sum_start_1_15,"start=(1,15), q1+q2=1, r=q1/q2",15,1,15,2.133604526501411,0.6808786841023381,0.3191213158976619,140.57824075985943,,False,140.57824075985937,5.684341886080802e-14,k=10:15.6647;k=11:15.5114;k=9:14.9927;k=12:14.4546;k=8:13.6409,0.002377026434853089,184.95916670349433,0.4396528286226053,0.009296762658796275,174.91307925098548,1.6261253837156353,0.01932337615516007,169.26069851354117,3.270688145662299,0.03200115122441144,164.03157792877687,5.249199330877619,0.04687791222799047,158.46921220957043,7.4287058207990375,0.06335232717798342,152.57862433944084,9.666210929518881,0.08043901008154945,146.6803331968818,11.798820800789008,0.09656232416323737,141.26494558816577,13.640871468786553,0.109533843044503,136.87730820606413,14.992697593397091,0.11692432605384036,133.97337317755142,15.664746367944852,0.11683391764007747,132.76484907677104,15.511437442532785,0.10858899381967523,133.11310289270835,14.4546179073341,0.09269243480506487,134.52048716481863,12.469031486470517,0.06969661123888206,136.21126273764804,9.493463425383078,0.03549998327397486,137.2387077037575,4.871971828025317
C_fixed_sum_start_1_15,"start=(1,15), q1+q2=1, r=q1/q2",15,1,15,2.3974349678010762,0.7056602968187996,0.29433970318120045,141.40149043958564,,False,141.4014904395857,5.684341886080802e-14,k=11:16.0838;k=10:15.9432;k=12:15.2663;k=9:14.9705;k=13:13.4241,0.0017920116707867554,194.11608156549923,0.3478582836527684,0.0073446524880219945,180.8945282269888,1.3286074468119182,0.016058764291724408,174.31736924925198,2.799321544727226,0.027624292627413737,168.69294662616426,4.660023321781848,0.04171794960884798,162.83461547690965,6.793126283041855,0.05788456151275103,156.5937507163934,9.064360595855474,0.07532186009285088,150.21510755634193,11.314481315191335,0.0926372330451096,144.1597495081218,13.354560310908502,0.1077079786224333,138.9915007720522,14.97049359385612,0.1178899102958583,135.23794827575784,15.943189590825016,0.12072866088809993,133.22243902684232,16.083766663957217,0.11485137530563783,132.92200446438684,15.26627502111696,0.10024318042755191,133.91539606248546,13.424105209518805,0.07721744316239165,135.43665160893747,10.45807194771777,0.04098012596052048,136.4868745403881,5.59324931062286
C_fixed_sum_start_1_15,"start=(1,15), q1+q2=1, r=q1/q2",15,1,15,2.6938893095901726,0.7292826297193655,0.2707173702806345,142.35511007151578,,False,142.3551100715155,2.8421709430404007e-13,k=11:16.6381;k=10:16.1824;k=12:16.0888;k=9:14.9002;k=13:14.4191,0.0013393313742852504,204.57183541609925,0.27398947746790026,0.005711847457720087,187.47330657996278,1.0708189295791388,0.013169429494926856,179.7897455877719,2.367728378428999,0.023589365948897247,173.73514975191983,4.098302025684502,0.03679500280948215,167.58332082468365,6.166228760566583,0.05248444257232819,161.0093561303303,8.450486305429859,0.07004603363110264,154.17350718265007,10.79924266914095,0.08829960231852454,147.49817542487767,13.024030232724668,0.10526126722720638,141.5548696761177,14.900244964290199,0.11817744029998152,136.93270742371726,16.18235685668118,0.12410504363358617,134.06447408215675,16.638077405679844,0.12092018428723907,133.05332702597354,16.088832824011007,0.10794853316466639,133.57401983790874,14.419119510410297,0.08515027991097125,134.8883560701419,11.48578127610334,0.04700219586908065,135.94833894814778,6.389870455317007
C_fixed_sum_start_1_15,"start=(1,15), q1+q2=1, r=q1/q2",15,1,15,3.0270016537634614,0.7516762877250266,0.24832371227497343,143.4376652409729,,False,143.43766524097379,8.810729923425242e-13,k=11:17.169;k=12:16.9187;k=10:16.3773;k=13:15.4535;k=9:14.7789,0.0009934473056624359,216.40139403207027,0.21498338184275534,0.004370079546659229,194.6994753306293,0.8508521948876662,0.01064808972179272,185.69889093627955,1.9773384519269057,0.019911801691014558,179.17578984358698,3.5677127951964045,0.032144128363771535,172.7310382663604,5.552288666441422,0.047203121889727286,165.8380490640378,7.82807364392435,0.06467292841328746,158.56486408035153,10.254854103531232,0.0836072307033121,151.2874447028902,12.648724291789113,0.10222365343281449,144.57434049400035,14.77891727793641,0.11776679603818344,139.06535997644065,16.377281884322045,0.12689783313363634,135.29816264806703,17.169043667002,0.12672241543517607,133.5100008106448,16.918709787477226,0.1157645760350478,133.4911386071598,15.453545065293657,0.09348700145258093,134.55193635544742,12.57885706950929,0.053586896837341386,135.60186143918915,7.26648295989329
C_fixed_sum_start_1_15,"start=(1,15), q1+q2=1, r=q1/q2",15,1,15,3.401304938279253,0.7727946565795182,0.22720534342048176,144.6454957128187,,False,144.64549571281992,1.2221335055073723e-12,k=12:17.7513;k=11:17.6705;k=13:16.5261;k=10:16.5226;k=9:14.6036,0.0007320839854593837,229.63668694322502,0.16811334098508499,0.003287729624096486,202.6283048190734,0.6661870804341203,0.00848117643844763,192.06667091434153,1.6289513239697881,0.016601186295405145,185.03285215884316,3.071764849459113,0.027796303367158166,178.29388523968697,4.955910922631623,0.04208959316483604,171.0926562683925,7.201220295827775,0.05926433706307507,163.39831817549813,9.683693003892307,0.07862278472987944,155.5340741882368,12.228522033062838,0.09863566879841666,148.05569599515678,14.603572593897349,0.11665031633216691,141.64239997269834,16.522630762862573,0.1290476054943005,136.93005705220318,17.670495982784775,0.1321810438715175,134.29524781187465,17.751286042757716,0.12364043329774824,133.66249458905753,16.526088746649002,0.10221617908561954,134.41421281826698,13.739307249084556,0.06075355845188431,135.42830566933003,8.227751484521297
C_fixed_sum_start_1_15,"start=(1,15), q1+q2=1, r=q1/q2",15,1,15,3.8218926206331187,0.7926125530624739,0.2073874469375262,145.97288017020853,,False,145.97288017020801,5.115907697472721e-13,k=12:18.5809;k=11:18.1355;k=13:17.6346;k=10:16.6129;k=14:14.9688,0.0005364274458240121,244.25532188159553,0.1310252584458662,0.0024312454491214465,211.32044500728895,0.5137718702302901,0.006649012872641975,198.91563549030144,1.3225926209447731,0.013660392213618353,191.3244117764474,2.6135665049060934,0.02377720977438431,184.28811551756235,4.381857181587049,0.03718956457261259,176.78605255573245,6.574596317058695,0.05388133457256382,168.68276528728893,9.08885251306967,0.07341249404003711,160.24393100908645,11.763906630156677,0.09454747275137108,152.0037130528412,14.371566917970732,0.11483357573249492,144.66925776068206,16.612888167225112,0.13050327111595514,138.96616865872207,18.135539584414754,0.13721682896804904,135.4127460555337,18.580907615596022,0.13151820520338153,134.08507312098766,17.634628161436474,0.11132274672215095,134.46344614801708,14.968840158923289,0.06852021856578802,135.41026083175942,9.278340668242521
C_fixed_sum_start_1_15,"start=(1,15), q1+q2=1, r=q1/q2",15,1,15,4.294487988789272,0.8111243236140239,0.1888756763859761,147.41231038980425,,False,147.41231038980396,2.8421709430404007e-13,k=12:19.4009;k=13:18.7761;k=11:18.5567;k=10:16.6426;k=14:16.2688,0.0003910565017947971,260.1763815639693,0.10174366562403417,0.0017667058415534718,220.84188166108726,0.3901626423903034,0.005126499234669539,206.26898733495602,1.0574378057087128,0.011085124681821639,198.06841189363075,2.195613041371301,0.02010618085945886,190.72991336993792,3.8348501335248923,0.03254432107241836,182.93106465037468,5.953367302101113,0.048583125145512794,174.42689013722276,8.474203432279305,0.06804476908840956,165.42236517297724,11.2561266402538,0.09001755433855012,156.4223552275315,14.080757861458308,0.11233552833148559,148.15048945476244,16.642563505468924,0.13122428347688436,141.4120851324809,18.55669954648198,0.14175038641825716,136.86672599179755,19.400911297139025,0.139333073268277,134.75728955394064,18.77614729885363,0.12078759572908761,134.68947407672468,16.268817743742847,0.07690379601181532,135.53178144554047,10.422908473405782
C_fixed_sum_start_1_15,"start=(1,15), q1+q2=1, r=q1/q2",15,1,15,4.825522042741279,0.8283415644704287,0.17165843552957125,148.954823467474,,False,148.95482346747352,4.831690603168681e-13,k=12:20.2037;k=13:19.9467;k=11:18.9261;k=14:17.6402;k=10:16.6064,0.0002836703736521442,277.2662844332937,0.07865223050633412,0.0012613133469412195,231.26351723436275,0.2916957609482725,0.0038842207952183108,214.15062504809177,0.8318083111207973,0.008863933831848655,205.2824964936232,1.8196104657561796,0.016795401322360532,197.63522732911395,3.3193629584284245,0.028189641848314982,189.54041305645674,5.3430763598432005,0.043425884165368966,180.63924418157865,7.844418893549034,0.06258880027727637,171.07438308379272,10.70734039538977,0.08511121037771308,161.31498543026171,13.729713662032724,0.10918807271167648,152.0899676923495,16.606410451108783,0.13118240601484743,144.2730667614131,18.926088020902885,0.14570444383738815,138.66199142843766,20.203668342465193,0.14701361227414922,135.6790739794331,19.946670775727984,0.13058707392972843,135.08380880392025,17.640199326986835,0.08592031489351132,135.77822110133025,11.666107512707098
C_fixed_sum_start_1_15,"start=(1,15), q1+q2=1, r=q1/q2",15,1,15,5.422221006501586,0.8442906279638085,0.15570937203619153,150.5903522530271,,False,150.59035225302787,7.673861546209082e-13,k=13:21.1412;k=12:20.9806;k=11:19.2356;k=14:19.0835;k=10:16.4997,0.00020468958675152427,295.3550173909874,0.06045609645475048,0.0008846427586542336,242.6601765768717,0.2146675680224872,0.0028898502171236275,222.5852473723349,0.6432380254474583,0.006978691954010254,212.9838800866723,1.4863488902947446,0.013849430600768948,205.0196214561243,2.839405019152514,0.024154832678082747,196.62666117695642,4.749484100779451,0.038461621645843144,187.32833226169137,7.204951438995965,0.0571131758456092,177.20483018647212,10.1207306271313,0.07989890314859238,166.68457352809725,13.317914596685867,0.1054351318682034,156.49105114012025,16.49965461315234,0.13036296075709333,147.5541108132888,19.235590757500567,0.14900618457108372,140.803872500934,20.98064781419751,0.15448235575779595,136.85185916133813,21.141197593077624,0.1406923902482175,135.6396997258871,19.08347356698555,0.0955851383621762,136.13613756402657,13.012591545149734
C_fixed_sum_start_1_15,"start=(1,15), q1+q2=1, r=q1/q2",15,1,15,6.092704661368674,0.8590100606547699,0.14098993934523008,152.3080660816625,,False,152.30806608166273,2.2737367544323206e-13,k=13:22.3536;k=12:21.7225;k=14:20.5986;k=11:19.4771;k=10:16.3182,0.000146802623479991,314.25961979021474,0.04613413663902802,0.0006095397087330976,255.10881501079146,0.1554989527969235,0.002109690114838562,231.5985047914054,0.48860107616981924,0.005405490041995507,221.18923935377828,1.1956362307234092,0.011265095377349538,212.8981274494845,2.3983177113775604,0.020461931559937172,204.20214871121706,4.178370391321036,0.033737092121523767,194.50267887657736,6.5619547951422454,0.051684537986687505,183.81855660510564,9.50057717151465,0.07445457812727833,172.53388209490944,12.845937404038064,0.10113135989915453,161.35672155621643,16.31822467984939,0.1287655290778505,151.2599812855661,19.477071518541685,0.15158957571932452,143.29812592549789,21.72250211042056,0.16165665898695805,138.2784852139597,22.353637929466203,0.15106894657412834,136.35216308553805,20.59857764043598,0.1059131720807626,136.5932494420479,14.46702433322615
C_fixed_sum_start_1_15,"start=(1,15), q1+q2=1, r=q1/q2",15,1,15,6.846096838574658,0.8725480935841136,0.12745190641588647,154.09668410468566,,False,154.09668410468626,5.968558980384842e-13,k=13:23.5768;k=12:22.4192;k=14:22.1848;k=11:19.6426;k=10:16.059,0.00010451589484538055,333.8092536758311,0.03488837285559812,0.00041263381788774357,268.68571667745744,0.11086881308452383,0.0015101975340538632,241.2171859747126,0.3642855994304231,0.004115868580636202,229.91461451090592,0.9462983380945219,0.009031770689247315,221.28508612828776,1.9985961548610371,0.017125144727906796,212.27889415545727,3.635306785092214,0.029292781709241537,202.17085234199445,5.922146645625347,0.046366286448087796,190.92054483118991,8.852276670467939,0.06885399666664195,178.8656189793239,12.315612732979217,0.0963405874682527,166.68968493583145,16.058982171615956,0.1264041154244452,155.3952064255667,19.642593609422825,0.1533975734745342,146.15079959073924,22.419178018582347,0.16844988825052157,139.96303854221074,23.576758201638842,0.16167563652476774,137.21797666270118,22.184803719582938,0.11691900278893494,137.1384282185306,16.034088271352534
C_fixed_sum_start_1_15,"start=(1,15), q1+q2=1, r=q1/q2",15,1,15,7.692649574879138,0.8849602769114383,0.11503972308856175,155.94475136317047,,False,155.94475136316998,4.831690603168681e-13,k=13:24.8021;k=14:23.8407;k=12:23.0601;k=11:19.7247;k=15:17.7185,7.374576920764697e-05,353.86586758616136,0.026096110601472818,0.00027449054415057763,283.46253756185644,0.07780778618165753,0.0010593484595180793,251.4694268755731,0.26639374997653265,0.0030782684631096156,239.17531112961862,0.7362458174047353,0.007132039406984978,230.19397086236404,1.641752471440732,0.014150565265697497,220.8684577267556,3.125413526196404,0.025162012814278583,210.34143216286202,5.292613811455643,0.04121733727853165,198.5159830781632,8.182300229711934,0.06317311540904123,185.68254830269618,11.7301450533711,0.09113410566764783,172.49243745235307,15.71994402165288,0.12330681629828946,159.96404882894157,19.724657583280905,0.15438410400260072,149.36807652581973,23.060056661030575,0.1747729410667798,141.9106434493791,24.802140524327136,0.17246416585624316,138.23563546583486,23.840693562222913,0.12861694369791607,137.76171276415127,17.71849045431533
C_fixed_sum_start_1_15,"start=(1,15), q1+q2=1, r=q1/q2",15,1,15,8.643882620598271,0.8963073235810534,0.10369267641894668,157.84087333524738,,False,157.84087333524866,1.2789769243681803e-12,k=13:26.0202;k=14:25.5639;k=12:23.6341;k=11:19.7165;k=15:19.525,5.147336797175367e-05,374.3364248173489,0.019268356539854103,0.00017946693682781913,299.5011948037092,0.05375056200769363,0.0007277339902631012,262.38492882860675,0.1909464312413418,0.002259571988484444,248.9857955926183,0.5626013292515939,0.005542688843389137,239.63718833363362,1.3282343702379724,0.01153621498847139,229.98176079881236,2.653119036002301,0.021370216466755514,219.02291111395414,4.680567021684152,0.03629095033593452,206.6102720497612,7.498083121851804,0.05748652712281909,192.98755274084118,11.094184185002847,0.08558886822509934,178.76729820465343,15.30049072899512,0.11951505789147912,164.97045351840302,19.716453302635504,0.15451573145896805,152.95610944224683,23.63412513158674,0.18053607320440576,144.12722356342294,26.02016298399388,0.18337846013548012,139.40526432292435,25.563922706317452,0.14102096504366135,138.45433593405986,19.5249640679004
C_fixed_sum_start_1_15,"start=(1,15), q1+q2=1, r=q1/q2",15,1,15,9.712740198471169,0.9066532015643661,0.09334679843563382,159.77390844820417,,False,159.77390844820493,7.673861546209082e-13,k=14:27.3512;k=13:27.22;k=12:24.1302;k=15:21.4583;k=11:19.6121,3.5468311353650754e-05,395.17574167944616,0.014016216245296458,0.00011535694400846073,316.84784605201787,0.03655059923622401,0.0004893241085141334,273.9951678736266,0.13407244125694265,0.001626602823465122,259.3595792022038,0.42187502382303066,0.004235973982612741,249.62585390038464,1.0574086225095185,0.009272431115550874,239.6288610879463,2.221942107735891,0.01793442750840572,228.22352859226893,4.093058329250607,0.03163365014900418,215.2089568025013,6.80784484842248,0.05186596838834977,200.78364038380866,10.413837945044408,0.079785669793617,185.51641004080787,14.80155103281315,0.11508247659317444,170.41797873527224,19.612123048858066,0.15377294474435013,156.92085286650897,24.130181637077982,0.18565097993841173,146.61924760886643,27.220006996418682,0.19435423072252087,140.72848514926707,27.351176471931502,0.15414449487666834,139.20875438821238,21.458263127581187
C_fixed_sum_start_1_15,"start=(1,15), q1+q2=1, r=q1/q2",15,1,15,10.913767146512727,0.9160634929571618,0.08393650704283821,161.73312045305244,,False,161.7331204530533,8.526512829121202e-13,k=14:29.198;k=13:28.3897;k=12:24.5371;k=15:23.5231;k=11:19.407,2.407757568390425e-05,416.381642206839,0.010025460503623506,7.291418309319895e-05,335.5265257280386,0.024464642529559138,0.0003218821353572928,286.333570051358,0.0921656609526081,0.0011474674745657143,270.3090871900687,0.3101708856301516,0.00318105306914539,260.1695401890427,0.8276131143164992,0.00734259360863143,249.8186847445924,1.834317077922354,0.01486305577065186,237.9510357397474,3.5366795148842396,0.027284277418799165,224.31757921469918,6.1203430612073095,0.04637889842390344,209.07388985471204,9.696616700662066,0.07380733731356186,192.74170781348704,14.225752242982018,0.11007351822931899,176.30971265793553,19.40703037025926,0.15215101857147406,161.26789623207617,24.537074674589174,0.190033054770028,149.39347070831815,28.389697601398396,0.20531876922308678,142.20823978416288,29.198020765865927,0.1680000822327062,140.0186736025932,23.523148679350108
C_fixed_sum_start_1_15,"start=(1,15), q1+q2=1, r=q1/q2",15,1,15,12.26330684177563,0.9246040213101091,0.07539597868989092,163.70829401181277,,False,163.70829401181322,4.547473508864641e-13,k=14:31.0988;k=13:29.5162;k=15:25.7244;k=12:24.844;k=11:19.098,1.6069942004359697e-05,437.98546770007925,0.007038401064692631,4.5329199832333324e-05,355.5333482432293,0.016116042189575894,0.00020705532874762072,299.4356160487781,0.061999739919726085,0.0007926470066665887,281.8455095330029,0.22340399947375422,0.0023454866374483683,271.27599866908315,0.6362742299387959,0.005724159782154039,260.55871766098903,1.4914797325246627,0.012155975487315597,248.21239572906094,3.0172637981303434,0.023273219312867927,233.94145025577896,5.444570678173126,0.04108715933392987,217.86132819595062,8.95130310428861,0.06773695516925965,200.44485112423774,13.577523894511417,0.10456182632820836,182.6481772193683,19.098026985575412,0.14966042925233647,166.0022985320589,24.843975255182436,0.19360373177438983,152.4566788717931,29.516181963508913,0.21619103307071263,143.8485727324398,31.098771544773705,0.18259892237413017,140.8790605557407,25.72436464255808
C_fixed_sum_start_1_15,"start=(1,15), q1+q2=1, r=q1/q2",15,1,15,13.779723598335568,0.9323397360345348,0.06766026396546522,165.68981764585112,,False,165.68981764585197,8.526512829121202e-13,k=14:33.0464;k=13:30.5855;k=15:28.0666;k=12:25.0407;k=11:18.6837,1.0524352542814585e-05,460.0409652537764,0.004841633302467458,2.772002967426162e-05,376.8324374135627,0.010445806347328291,0.00013019873558130015,313.3388232121985,0.04079631859076079,0.0005357824251229495,293.9786306076559,0.1575085836412936,0.0016966880078585031,282.95085506591437,0.4800793226036463,0.004389943926321555,271.85465914208027,1.193426709742992,0.009804955715894938,259.01342465605626,2.5396151585749216,0.01962187251223757,244.0853446478622,4.789411514785921,0.03604573909265223,227.14873753005637,8.187744128233755,0.061656135043198064,208.62711660549977,12.863141675101723,0.09862847936650031,189.4352179313678,18.683707483032396,0.14632682845987965,171.12842324855467,25.04067943330094,0.19629280925935708,155.81544103534821,30.585450646814206,0.22688207127506518,145.6543811059125,33.046367675597146,0.19795025179812054,141.78613717958896,28.066601556182494
C_fixed_sum_start_1_15,"start=(1,15), q1+q2=1, r=q1/q2",15,1,15,15.48365256585499,0.9393338341726855,0.06066616582731469,167.6687385444609,,False,167.66873854446163,7.389644451905042e-13,k=14:35.0323;k=13:31.5827;k=15:30.5544;k=12:25.1179;k=11:18.1646,6.750777668068004e-06,482.6137600292916,0.003258018193508072,1.6674565122789906e-05,399.3547523694027,0.006659066825479242,8.000725463265002e-05,328.08253434085606,0.026248982865534013,0.0003541350738697645,306.71663437124676,0.10861911797014702,0.001203222655011134,295.1972806151578,0.35518805573383694,0.0033095555714813844,283.7100419472448,0.9389541500117213,0.0077944284206577265,270.35837996241196,2.107289040542004,0.01634239130313594,254.75312349851197,4.163275229908798,0.031301671749883735,236.93838868132926,7.416567667449336,0.05564333884194786,217.28924358677446,12.090699007609437,0.0923601245305409,196.67187644439335,18.164639000059324,0.14219059684895466,176.6497710944083,25.117936385145132,0.19804065263139795,159.47587021879946,31.582705417091162,0.23729582085846485,147.6311409823714,35.03225278368357,0.21406062891723587,142.73734864707973,30.554446621372655
C_fixed_sum_start_1_15,"start=(1,15), q1+q2=1, r=q1/q2",15,1,15,17.39828052930364,0.9456470946615222,0.0543529053384778,169.6367937764482,,False,169.63679377644758,6.252776074688882e-13,k=14:37.0463;k=15:33.1923;k=13:32.4926;k=12:25.0678;k=11:17.5436,4.233893048483271e-06,505.7725981299364,0.0021413870873356606,9.864669813928315e-06,423.0006395140818,0.004172761639886936,4.8034819849074346e-05,343.70742306379697,0.016509924147659068,0.00022873907616078774,320.06588100386557,0.07321157393141284,0.0008358745364544244,308.0156423757974,0.25746243229158144,0.0024508945201045067,296.1258238123921,0.7257731588432245,0.00610256136136504,282.24950452162204,1.7224449205580779,0.01343776266127855,265.9472930058624,3.5737366038222835,0.026893121354140993,247.23170266501398,6.648832182361124,0.049772267505345,226.43122692798295,11.269995598223044,0.08584704367834836,204.3582407976117,17.543550823783004,0.13730601252138452,182.56880741310619,25.0677949566782,0.1988001822513513,163.4433932317579,32.49257636225275,0.2473302828862427,149.78462005760886,37.04627245085678,0.23093312426510682,143.73130206244065,33.19231863997121
C_fixed_sum_start_1_15,"start=(1,15), q1+q2=1, r=q1/q2",15,1,15,19.549661430912597,0.9513373977784514,0.048662602221548654,171.58642227821912,,False,171.58642227822,8.810729923425242e-13,k=14:39.0766;k=15:35.9844;k=13:33.2994;k=12:24.884;k=11:16.8255,2.5921278012500218e-06,529.5827161282008,0.0013727460815374075,5.737376940557917e-06,447.6462445270318,0.002568315240876743,2.8172102490911686e-05,360.25460945338364,0.010149129780344086,0.00014429147991077494,334.03064989894176,0.048197776809476255,0.0005684264698989863,321.403137091024,0.18269405063111072,0.0017815965115489313,309.0999569955923,0.550691405103272,0.004702574104042432,294.68653573471124,1.3857852717560277,0.010902231515957714,277.668509445993,3.027206374671107,0.022848703686741734,258.0288440118204,5.895624599458589,0.044110338463053594,236.05205201562833,10.412335909307698,0.07918117825194322,212.4932672492998,16.825467271404616,0.13174007657553274,188.88678072098497,24.88395895628842,0.1985385657923638,167.72252690788642,33.29938994336292,0.25687906435601876,152.12058592658673,39.076593782110955,0.24856645118576007,144.76767308924153,35.984386746213026
C_fixed_sum_start_1_15,"start=(1,15), q1+q2=1, r=q1/q2",15,1,15,21.967070907932353,0.9564594020713969,0.043540597928603104,173.51076167702368,,False,173.51076167702473,1.0516032489249483e-12,k=14:41.1097;k=15:38.9345;k=13:33.9875;k=12:24.5621;k=11:16.0178,1.5468772796460687e-06,554.1011790291006,0.0008571265244652145,3.278610347133988e-06,473.1530270183613,0.0015512844101601667,1.6139096363744037e-05,377.76427405668187,0.0060967740217806,8.884418505913364e-05,348.6128427158256,0.03097222391223546,0.0003781346506447254,335.35341441158323,0.12680874620103985,0.0012703312651773091,322.62694413953704,0.4098430941290671,0.003564211543414509,307.6661904003832,1.096587387343412,0.008722073949599672,289.91504248944375,2.528660439694259,0.019187100432940765,269.32825310766646,5.1676282418052875,0.03871728755283201,246.1493693596024,9.530235914443983,0.0724541356217203,221.07456748001096,16.01776669470987,0.12557104005356506,195.60352877855817,24.562138546870994,0.19723855190220455,172.31665805829599,33.987488104045646,0.26583325061493096,154.64451787367682,41.1096548761383,0.2669540736439284,145.84708032852947,38.934472222774204
C_fixed_sum_start_1_15,"start=(1,15), q1+q2=1, r=q1/q2",15,1,15,24.683404670686485,0.9610643521440387,0.03893564785596127,175.40363359850502,,False,175.40363359850525,2.2737367544323206e-13,k=14:43.1302;k=15:42.0459;k=13:34.5416;k=12:24.1004;k=11:15.1302,8.985382630631369e-07,579.3737971400559,0.0005205895253465201,1.8393451963939798e-06,499.37882343118724,0.0009185300400590316,9.030707520935694e-06,396.27367348170173,0.0035786316434600193,5.336882538405629e-05,363.8116391874466,0.01941619984448213,0.0002459095584165073,349.8561966917404,0.08603298283774462,0.0008878736314265039,336.69739072120166,0.2989447349914618,0.002655273968451309,321.1816378463762,0.8528252421180383,0.006876687010440489,302.68221064707126,2.0814508262481266,0.01591701228671989,281.12612796079156,4.474688032869907,0.03364394428519156,256.7191097089876,8.637043423993159,0.0657552006435511,230.0981560006615,15.130150415534619,0.118886674971423,202.71726878242256,24.100382044830464,0.19489940045868454,177.22782414120658,34.54159666971834,0.27408355420908487,157.3613280710681,43.13015209278018,0.2860833315602458,146.97092959669862,42.045933181529875
C_fixed_sum_start_1_15,"start=(1,15), q1+q2=1, r=q1/q2",15,1,15,27.73562614198415,0.965199992682987,0.034800007317013056,177.25952064412832,,False,177.2595206441289,5.968558980384842e-13,k=15:45.3215;k=14:45.1211;k=13:34.9472;k=12:23.4994;k=11:14.1745,5.073866767085844e-07,605.4331905220148,0.0003071887345080403,1.012052164616616e-06,526.1885002504251,0.0005325302106748136,4.9357458292387576e-06,415.8145066462792,0.002052354716916344,3.126252290058804e-05,379.62309791166604,0.011867975792055636,0.00015624236132525174,364.89690406142654,0.05701235393083112,0.0006078958424782704,351.29756643315943,0.21355233010745162,0.0019430983965415243,335.221975821611,0.651369283704454,0.0053399349691784165,315.96180448791756,1.687215488709745,0.013037480498623827,293.41586900027744,3.8254036700778804,0.028931239133805704,267.7550448433734,7.746485231646506,0.059169382926564276,239.5581548323974,14.174508196459296,0.11178232882096518,210.2243688911054,23.499369529565428,0.19153738229115674,182.45649197743163,34.9472388553847,0.2815226714286664,160.27509598893695,45.12107318629146,0.3059346256231293,148.14123238416013,45.321532468797024
C_fixed_sum_start_1_15,"start=(1,15), q1+q2=1, r=q1/q2",15,1,15,31.165269449294303,0.9689105666726527,0.03108943332734742,179.0735377399909,,False,179.07353773999222,1.3073986337985843e-12,k=15:48.7633;k=14:47.0638;k=13:35.1912;k=12:22.7626;k=11:13.1647,2.781910167113944e-07,632.297627469484,0.00017589951984993827,5.455209428060438e-07,553.4623854787181,0.0003019253223340324,2.635064740191455e-06,436.40966542086875,0.0011499677216292813,1.7851400214539927e-05,396.0396949928183,0.007069863096161123,9.693425366115735e-05,380.4562951005892,0.03687924701626465,0.00040746027800406026,366.40898987147006,0.14929710887621608,0.0013958934841597345,349.77172583801934,0.48824407304059625,0.004081667373143049,329.74151530523346,1.3458951845921208,0.010538581864747836,306.1875036510504,3.2267820731893715,0.02460950506044859,279.2483038808747,6.872162547478071,0.05277554118551148,249.446455888569,13.164671706327047,0.1043587991942112,218.11909948736235,22.762647303823822,0.1871858363845717,188.00133264713563,35.19118669296817,0.2880477679679,163.38881797001878,47.063784327177416,0.3264807027767364,149.36040447447178,48.76328981984315
C_fixed_sum_start_1_15,"start=(1,15), q1+q2=1, r=q1/q2",15,1,15,35.01900461431709,0.9722368785393222,0.027763121460677814,180.84140008074144,,False,180.8414000807401,1.3358203432289883e-12,k=15:52.3723;k=14:48.9382;k=13:35.2619;k=12:21.8968;k=11:12.1161,1.4793335060911728e-07,659.9703578433232,9.763162633846093e-05,2.8770343435506624e-07,581.1012917098287,0.0001671848373330829,1.3742352809114254e-06,458.06952563480456,0.000629495303237709,9.933324187468218e-06,413.0497957970504,0.004102957527219649,5.869449186850386e-05,396.51013520709523,0.023272960906692217,0.00026722310154287407,382.00805275860563,0.10208137667250847,0.00098384878429432,364.8103668234041,0.3589182358971711,0.0030693078658867996,344.0043891204071,1.0558553774268489,0.008402472864501227,319.4271105165111,2.6839776283010193,0.0206981305899876,291.1868597767322,6.0270236497472105,0.046644638828964705,259.7523457986054,12.116054354752297,0.09672006499232166,226.39336447000014,21.89678092536878,0.18189478451217253,193.85899195235584,35.26193956692075,0.29356301009406266,166.7041725826305,48.93817869859712,0.3476860806781322,150.6310518232648,52.37232003685556
C_fixed_sum_start_1_15,"start=(1,15), q1+q2=1, r=q1/q2",15,1,15,39.349272630958495,0.9752164057789549,0.024783594221045195,182.5593894412167,,False,182.5593894412185,1.8189894035458565e-12,k=15:56.1487;k=14:50.7229;k=13:35.1502;k=12:20.9114;k=11:11.0452,7.62188943379454e-08,688.4392575576624,5.247207902988104e-05,1.4826396820009848e-07,609.0277965803573,9.029687786516614e-05,7.001343468408447e-07,480.7880786088356,0.0003366162473856618,5.3849564401310145e-06,430.6370599239907,0.0023189618091967795,3.46716224115466e-05,413.02890663607633,0.014320382295939972,0.0001713852763784809,398.0657014864419,0.06822260026604772,0.0006799657426719685,380.31192786046546,0.25859908247464947,0.002269407099934068,358.72832816915,0.8141006148945474,0.006604728375662578,333.116265983878,2.200142454338482,0.017205607544907558,303.5550054005532,5.222848291214213,0.04083819666212458,270.46210289043836,11.045184547491495,0.0889709144076641,235.03641553141262,20.911404808929483,0.1757301120361369,200.02385750833773,35.15021488984047,0.29798205696114777,170.22130170232597,50.72289361986322,0.3695066446973239,151.95575129261846,56.14865980259649
C_fixed_sum_start_1_15,"start=(1,15), q1+q2=1, r=q1/q2",15,1,15,44.21499907374487,0.9778834453060804,0.022116554693919547,184.22432021821191,,False,184.22432021820998,1.9326762412674725e-12,k=15:60.0911;k=14:52.3956;k=13:34.8494;k=12:19.8191;k=11:9.96915,3.801241545227758e-08,717.6766812087627,2.7280624166519264e-05,7.456113295496861e-08,637.1842275127913,4.7509177904390196e-05,3.484635059852339e-07,504.53933664234296,0.000175813546153855,2.843517823487671e-06,448.77978732868775,0.0012761133240901301,1.997349514484718e-05,429.9775761209403,0.00858815502904476,0.00010744566288163074,414.54719490991454,0.04454129815281635,0.00046058863556922995,396.24466218171926,0.18250578830586853,0.0016490592523644273,373.8856640499041,0.6165596136279123,0.0051158933924006075,347.2315388159461,1.7763995350615938,0.014129993665229589,316.33284293249665,4.469781066740244,0.035407016080474724,281.5585813437256,9.969149217232944,0.08121451790476392,244.03455578365399,19.819148800072675,0.16877233013706563,206.48782562120599,34.84943147502702,0.30123043224883206,173.93860734345137,52.395601874827726,0.39188944497038236,153.336833764434,60.09108667745983
C_fixed_sum_start_1_15,"start=(1,15), q1+q2=1, r=q1/q2",15,1,15,49.68239594734388,0.9802692832233317,0.019730716776668236,185.8335062040407,,False,185.83350620404005,6.536993168992922e-13,k=15:64.1969;k=14:53.9334;k=13:34.3562;k=12:18.6354;k=11:8.90497,1.8335273381917514e-08,747.6394811622398,1.3708174278224635e-05,3.65445297710122e-08,665.528299236931,2.4321418744915146e-05,1.6942274050374596e-07,529.2745231352427,8.967114018838612e-05,1.4624024004629602e-06,467.45022454906274,0.0006836003304774991,1.1218038594871345e-05,447.3154378207201,0.005018001845554611,6.581960657441505e-05,431.41195793426255,0.028395365342731255,0.0003056441524904612,412.57082521291983,0.1260998602144931,0.0011770989039496522,389.4428281809005,0.4584127262027907,0.003903146489062534,361.74406056510327,1.4119400599339076,0.011459780959222095,329.49581406187656,3.7759498561296767,0.03039024654658668,293.0208027439804,8.904974438668308,0.07355000603837476,253.37084309499934,18.635427039585306,0.16111494042222257,213.24007358313085,34.35616175097648,0.3032476980176211,177.85256503849493,53.93338093445282,0.4147727141203523,154.7761766483911,64.19693486962427
C_fixed_sum_start_1_15,"start=(1,15), q1+q2=1, r=q1/q2",15,1,15,55.82586268862695,0.9824023789048408,0.01759762109515917,187.38472878453695,,False,187.38472878453706,1.1368683772161603e-13,k=15:68.4619;k=14:55.3132;k=13:33.6705;k=12:17.3781;k=11:7.86898,8.547208083276218e-09,778.2691941674364,6.652028747352781e-06,1.743597297150499e-08,694.0275168097594,1.210104502457569e-05,8.045987066545531e-08,554.920536592466,4.464883460383487e-05,7.324807311007024e-07,486.6138637953087,0.00035643527871652534,6.141552531376291e-06,464.99605085106236,0.0028557976731843206,3.9385901148460476e-05,448.6135503699096,0.017669048948729154,0.00019862432312133164,429.2465790809936,0.08525881122210952,0.0008250208596770983,405.36014571268436,0.33443057589471265,0.0029319645246761164,376.6192010932928,1.104234136917395,0.009175128234861411,343.0143013207612,3.147200201009376,0.025814862511178708,304.82357997664,7.868978807262249,0.0660701252905727,263.0248078098867,17.378082006528018,0.15286242939170192,220.2668457818769,33.67052516066505,0.30398935949098604,181.9575559398924,55.31316088471315,0.4380861189957631,156.27501203063258,68.46191351651602
C_fixed_sum_start_1_15,"start=(1,15), q1+q2=1, r=q1/q2",15,1,15,62.728998581962436,0.9843085561949653,0.015691443805034705,188.876206996942,,False,188.87620699694065,1.3358203432289883e-12,k=15:72.8799;k=14:56.5122;k=13:32.7965;k=12:16.0669;k=11:6.87614,3.84820875994854e-09,809.4924233867085,3.1150958347887037e-06,8.089331714132434e-09,722.653350848399,5.8457826693420265e-06,3.731681254262809e-08,581.3800378755031,2.169524988942617e-05,3.5731824455892693e-07,506.22878301193913,0.00018088478009102801,3.2771057764970628e-06,482.9672915433132,0.0015827349009757327,2.301701802826949e-05,466.0997695991511,0.010728226799835917,0.00012636585126715114,446.22204443678555,0.05638722849942295,0.0005675960431902582,421.5917781894312,0.23929382514186615,0.0021676808692803356,391.81637868492174,0.8493328683460043,0.007249385143881562,356.85333249929647,2.586967247165027,0.021695596634799925,316.937202143551,6.87614169626853,0.05885905748203578,272.9722037487939,16.06688663144824,0.14412792911298491,227.55126492094166,32.79649258009553,0.30342843567792765,186.2457216287706,56.512247965524644,0.46175125248822135,157.8337558568965,72.87993445184209
C_fixed_sum_start_1_15,"start=(1,15), q1+q2=1, r=q1/q2",15,1,15,70.48574036451903,0.9860111961504376,0.013988803849562371,190.30656967230468,,False,190.30656967230465,2.842170943040401e-14,k=15:77.443;k=14:57.5089;k=13:31.7421;k=12:14.7229;k=11:5.93953,1.6724900701280155e-09,841.2214574202544,1.4069345343139927e-06,3.6459323138472445e-09,751.3759380546767,2.739465812400831e-06,1.6898309275878746e-08,608.5332710855097,1.0283183419465103e-05,1.6977940067416337e-07,526.2450898054245,8.934557595488625e-05,1.7042960479593829e-06,501.1715404607968,0.0008541446757570519,1.3134741041022883e-05,483.8129035968368,0.00635475720104982,7.868809411675847e-05,463.4415175384193,0.03646732974967651,0.0003831874366005686,438.0858377162661,0.1678689891655087,0.001576843994719867,407.28903275706193,0.6422312654182364,0.005650809655340656,370.9724200724424,2.0962945332104472,0.0180353491568225,329.3272114847185,5.939531245969622,0.05199049659116435,283.18481502223096,14.722919160082807,0.13503059258890443,235.0731824311687,31.742071125440347,0.30155663709540925,190.70684763596495,57.50891564416819,0.4856823643536986,159.45186275214513,77.4429577020633
C_fixed_sum_start_1_15,"start=(1,15), q1+q2=1, r=q1/q2",15,1,15,79.20164050192548,0.9875314271161824,0.012468572883817657,191.67482971745468,,False,191.6748297174555,8.242295734817162e-13,k=15:82.1409;k=14:58.283;k=13:30.5193;k=12:13.3678;k=11:5.06984,7.014018496802653e-10,873.3551708501856,6.125729322621442e-07,1.595095026290931e-09,780.1597731605801,1.2444289738807024e-06,7.469116640180965e-09,636.2414492350456,4.752161595654332e-06,7.858800770452009e-08,546.6045434764637,4.295656207405402e-05,8.639182469777445e-07,519.546022667168,0.0004488452891268793,7.318786781525336e-06,501.690147556899,0.0036717632203609276,4.795207183110262e-05,480.84386619778786,0.023057459611461422,0.0002537969144746036,454.7846909532764,0.11542295131422772,0.0011283074906709894,422.9847836168873,0.4772568997947815,0.004344364969115821,385.325565508483,1.6739948884997973,0.014826060102388365,341.9543036683368,5.069835058457124,0.04552607801868807,293.6303436852467,13.367837935268733,0.1256927477311447,242.80908448816018,30.519341003400516,0.2983850986530965,195.3282836465191,58.283049185606615,0.5097873229899462,161.12771043325282,82.14086416126717
C_fixed_sum_start_1_15,"start=(1,15), q1+q2=1, r=q1/q2",15,1,15,88.99530352885225,0.9888883090473782,0.011111690952621798,192.98036045624406,,False,192.98036045624522,1.1652900866465643e-12,k=15:86.9614;k=14:58.8168;k=13:29.1443;k=12:12.0231;k=11:4.27503,2.837626691542119e-10,905.7802449112925,2.570266199631841e-07,6.769706761454295e-10,808.9606113110209,5.476426120142417e-07,3.221396653700381e-09,664.3512947910677,2.140139037921461e-06,3.544613441877394e-08,567.2404341382804,2.0106480676229174e-05,4.269175792891805e-07,538.023316383971,0.00022969161183178176,3.982203908024956e-06,519.6641926135675,0.002069408778686382,2.8595639384121765e-05,498.3631123699248,0.014251011843678923,0.00016489347276689122,471.62546484881364,0.07776796074422027,0.000794012824970776,438.8457978365839,0.34844919166678007,0.0032934779690183165,399.861453868141,1.3169348889743562,0.012049995567641218,354.7743808319674,4.275029716537865,0.03951424722487437,304.27240403349913,12.023094996686547,0.11623691154398888,250.7320715215636,29.14432161869308,0.293944623809189,200.09490996779567,58.816823036617244,0.5339687931984246,162.85851718395622,86.961365882802
C_fixed_sum_start_1_15,"start=(1,15), q1+q2=1, r=q1/q2",15,1,15,100.0,0.9900990099009901,0.009900990099009901,194.22287384216585,,False,194.22287384216548,3.694822225952521e-13,k=15:91.89;k=14:59.0954;k=13:27.6367;k=12:10.7091;k=11:3.56021,1.1073308864613107e-10,938.3727337110993,1.039089111051435e-07,2.7858386720151627e-10,837.7236216084475,2.33376286153741e-07,1.3552847386508276e-09,692.7001882520653,9.388059935985795e-07,1.5583015938406053e-08,588.0777932575576,9.16402562535518e-06,2.0571692075735764e-07,556.5320396798505,0.00011448805750575042,2.1161080594423647e-06,537.6639888130751,0.0011377550999992776,1.668786528624486e-05,515.9292019050308,0.00860975701863098,0.00010508403251874598,488.54075774863986,0.05133783287399087,0.0005494580216684674,454.8093695647646,0.24989865643733844,0.002461650077765491,414.5238570218665,1.0204126848735289,0.009681366164227916,367.73878207867506,3.560213802090868,0.033989636264257786,315.0706478813168,10.70913671903,0.10678276404234957,258.8119292673939,27.63665317430539,0.28828540646069317,204.98916077284517,59.09538353343605,0.5581256079186335,164.6402954730964,91.88996499882536
