{
  "params": {
    "N": 180,
    "K": 2,
    "n0": 0,
    "target": 90,
    "sc_src": 5,
    "sc_dst": 91,
    "mode": "lazy_selfloop",
    "q": 0.6666666667,
    "beta": 0.01,
    "rho": 1.0,
    "jumpover_absorbs": false,
    "n0_paper": 1,
    "target_paper": 91,
    "sc_src_paper": 6,
    "sc_dst_paper": 92,
    "p_shortcut": 0.0033333333330000004
  },
  "paper_peaks": [
    [
      53,
      0.0001322048635547391
    ],
    [
      3344,
      8.867578080107836e-05
    ]
  ],
  "peaks_valley": {
    "t1": 53,
    "tv": 958,
    "t2": 3344,
    "delta": 164
  },
  "exact_meta": {
    "method": "aw",
    "r": 0.9977000638225533,
    "L": 8192,
    "max_steps": 4000,
    "x_nnz": 2
  },
  "cond_by_time": {
    "max_t": 4000,
    "min_n": 50,
    "smooth_window": 21
  },
  "summaries": [
    {
      "window": "peak1",
      "n": 4677,
      "frac": 0.023385,
      "P_sc_ge1": 1.0,
      "P_jo_ge1": 0.0,
      "P_sc_ge1_ci95": [
        0.999179292886134,
        1.0
      ],
      "P_jo_ge1_ci95": [
        0.0,
        0.0008207071138660193
      ],
      "C0": 0.0,
      "C1": 1.0,
      "C2p": 0.0,
      "J0": 1.0,
      "J1": 0.0,
      "J2p": 0.0,
      "class_C0J0": 0.0,
      "class_C1pJ0": 1.0,
      "class_C0J1p": 0.0,
      "class_C1pJ1p": 0.0,
      "class_D_taujo_lt_tausc": null,
      "class_D_tausc_lt_taujo": null,
      "class_D_tie": null
    },
    {
      "window": "valley",
      "n": 3255,
      "frac": 0.016275,
      "P_sc_ge1": 0.8937019969278034,
      "P_jo_ge1": 0.0,
      "P_sc_ge1_ci95": [
        0.8826453392903034,
        0.9038304440064361
      ],
      "P_jo_ge1_ci95": [
        1.0842021724855044e-19,
        0.001178823788182893
      ],
      "C0": 0.10629800307219663,
      "C1": 0.8937019969278034,
      "C2p": 0.0,
      "J0": 1.0,
      "J1": 0.0,
      "J2p": 0.0,
      "class_C0J0": 0.10629800307219663,
      "class_C1pJ0": 0.8937019969278034,
      "class_C0J1p": 0.0,
      "class_C1pJ1p": 0.0,
      "class_D_taujo_lt_tausc": null,
      "class_D_tausc_lt_taujo": null,
      "class_D_tie": null
    },
    {
      "window": "peak2",
      "n": 5794,
      "frac": 0.02897,
      "P_sc_ge1": 0.24939592682084916,
      "P_jo_ge1": 0.0,
      "P_sc_ge1_ci95": [
        0.238423613672323,
        0.2607003361782559
      ],
      "P_jo_ge1_ci95": [
        0.0,
        0.0006625914029800332
      ],
      "C0": 0.7506040731791509,
      "C1": 0.24939592682084916,
      "C2p": 0.0,
      "J0": 1.0,
      "J1": 0.0,
      "J2p": 0.0,
      "class_C0J0": 0.7506040731791509,
      "class_C1pJ0": 0.24939592682084916,
      "class_C0J1p": 0.0,
      "class_C1pJ1p": 0.0,
      "class_D_taujo_lt_tausc": null,
      "class_D_tausc_lt_taujo": null,
      "class_D_tie": null
    },
    {
      "window": "other",
      "n": 186274,
      "frac": 0.93137,
      "P_sc_ge1": 0.2652275679912387,
      "P_jo_ge1": 0.0,
      "P_sc_ge1_ci95": [
        0.26322764918898883,
        0.2672371701972371
      ],
      "P_jo_ge1_ci95": [
        0.0,
        2.0622957443586785e-05
      ],
      "C0": 0.7347724320087613,
      "C1": 0.26410019648474825,
      "C2p": 0.0011273715064904388,
      "J0": 1.0,
      "J1": 0.0,
      "J2p": 0.0,
      "class_C0J0": 0.7347724320087613,
      "class_C1pJ0": 0.2652275679912387,
      "class_C0J1p": 0.0,
      "class_C1pJ1p": 0.0,
      "class_D_taujo_lt_tausc": null,
      "class_D_tausc_lt_taujo": null,
      "class_D_tie": null
    }
  ]
}