{
  "name": "anchor",
  "near_dx": 2,
  "near_dy": 2,
  "bx": 0.12,
  "phase": 2,
  "t_peak1": 7,
  "t_valley": 196,
  "t_peak2": 469,
  "p_near": 0.32399146724912015,
  "p_far": 0.6760085327508798,
  "sep_mode": 2.489247311827957,
  "valley_over_max": 0.002665073652568854,
  "peak_ratio": 0.11416245017472973,
  "early_family_fine": "N_direct",
  "late_family_fine": "F_linger",
  "early_family_coarse": "N_direct",
  "late_family_coarse": "F_no_return",
  "sep_gate_fine": 2.493150684931507,
  "sep_gate_coarse": 2.493150684931507,
  "closure_max_abs": 3.2742905609062234e-17,
  "mass_N_direct": 0.29845700707110523,
  "mass_N_detour": 0.02553446016727734,
  "mass_F_clean": 0.17550025952928586,
  "mass_F_linger": 0.4165164490865115,
  "mass_F_rollback": 0.08399182411269435,
  "mass_F_no_return": 0.5920167086157988,
  "mc_branch_near": 0.3271,
  "mc_branch_far": 0.6724,
  "mc_max_family_abs_err": 0.006816449086511467
}