case,mode_index,decay_rate,coefficient,coefficient_sign
finite_encounter_supercritical,0,0.010000199058028429,0.06866330891849598,1
finite_encounter_supercritical,1,0.01239520889803532,0.0332834936099175,1
finite_encounter_supercritical,2,0.01644950582647856,-0.2035444595774757,-1
finite_encounter_supercritical,3,0.022166188748525904,-0.07420577224187853,-1
finite_encounter_supercritical,4,0.029404947759896348,0.6896107809105225,1
finite_encounter_supercritical,5,0.035339028557595964,2.5073399210632186,1
finite_encounter_supercritical,6,0.038608906751644356,-8.552581010523403,-1
finite_encounter_supercritical,7,0.045159413015465985,-10.489994357011625,-1
finite_encounter_supercritical,8,0.04586005013735555,0.6391495458036918,1
finite_encounter_supercritical,9,0.048762131246640174,-28.331420360115832,-1
finite_encounter_supercritical,10,0.05023907555475344,90.74658605904031,1
finite_encounter_supercritical,11,0.05364137641615644,-13.097944315639753,-1
finite_encounter_supercritical,12,0.05609900724919633,11.825513209261658,1
finite_encounter_supercritical,13,0.05883412193684964,134.6936948509731,1
finite_encounter_supercritical,14,0.05944268885713881,-138.74466608644573,-1
finite_encounter_supercritical,15,0.0603930382165738,-65.8615744570929,-1
finite_encounter_supercritical,16,0.06383741284730808,-38.66750035255772,-1
finite_encounter_supercritical,17,0.06537140318793688,-1.0405773542758172,-1
finite_encounter_supercritical,18,0.06885148218477752,-2.0037823088212963,-1
finite_encounter_supercritical,19,0.07053730145342828,-51.92705448687952,-1
finite_encounter_supercritical,20,0.0730161344661331,-100.86408158839586,-1
finite_encounter_supercritical,21,0.07494009401806771,98.73591613064457,1
finite_encounter_supercritical,22,0.07626148331951506,253.88983722594745,1
finite_encounter_supercritical,23,0.07908153362485446,6.868840242277888,1
finite_encounter_supercritical,24,0.07922291875724738,-12.38738716748364,-1
finite_encounter_supercritical,25,0.08089201335220886,-51.7775956367074,-1
finite_encounter_supercritical,26,0.08488618845711267,16.887987475119782,1
finite_encounter_supercritical,27,0.08749433104249738,39.48944042659578,1
finite_encounter_supercritical,28,0.08923790440048622,84.8928425999565,1
finite_encounter_supercritical,29,0.09085630690559054,17.37688763216264,1
finite_encounter_supercritical,30,0.09322750433926916,-305.6106151597883,-1
finite_encounter_supercritical,31,0.09620942228679885,86.18061070352711,1
finite_encounter_supercritical,32,0.09658373285203424,-50.393811451491,-1
finite_encounter_supercritical,33,0.09946650394694811,5.497811263272626,1
finite_encounter_supercritical,34,0.10108155352132724,-34.982450544767765,-1
finite_encounter_supercritical,35,0.10382155039102793,-111.79636382907967,-1
finite_encounter_supercritical,36,0.10424391722737197,-33.598536721350165,-1
finite_encounter_supercritical,37,0.10548249187448108,-300.0796740290565,-1
finite_encounter_supercritical,38,0.10713833299137941,351.5704089329615,1
finite_encounter_supercritical,39,0.1111953127672956,90.7115710089739,1
finite_encounter_supercritical,40,0.11449128773401163,30.86801732248904,1
finite_encounter_supercritical,41,0.11606240371495917,0.27924060994746014,1
finite_encounter_supercritical,42,0.11804803625856196,22.481828361154975,1
finite_encounter_supercritical,43,0.11887039790677735,-6.13889301984803,-1
finite_encounter_supercritical,44,0.11944168777618851,35.8657904352857,1
finite_encounter_supercritical,45,0.12581663782578723,63.510318462225584,1
finite_encounter_supercritical,46,0.12662903064749417,265.51890560301456,1
finite_encounter_supercritical,47,0.1291813600179303,-14.023409316296297,-1
finite_encounter_supercritical,48,0.12940055355797994,52.829773869128076,1
finite_encounter_supercritical,49,0.1301358433901938,-98.68778719565559,-1
finite_encounter_supercritical,50,0.13156967648353926,-132.86074294270702,-1
finite_encounter_supercritical,51,0.1340920512659946,4.009873370598471,1
finite_encounter_supercritical,52,0.13473880611807137,-14.315851257165848,-1
finite_encounter_supercritical,53,0.13939635990085344,-48.16423910040737,-1
finite_encounter_supercritical,54,0.14116891374600507,-94.41684693728118,-1
finite_encounter_supercritical,55,0.1426190023748136,53.319312882863585,1
finite_encounter_supercritical,56,0.14512840000948776,-172.43565893282147,-1
finite_encounter_supercritical,57,0.14629841597766124,23.32204331932027,1
finite_encounter_supercritical,58,0.14943456248378892,11.95480171064081,1
finite_encounter_supercritical,59,0.15164863883661345,-0.6398821682117825,-1
finite_encounter_supercritical,60,0.15206653086467925,-0.27145947555635813,-1
finite_encounter_supercritical,61,0.15481373843029153,-59.7711734009049,-1
finite_encounter_supercritical,62,0.15915446449876997,-107.79510772175325,-1
finite_encounter_supercritical,63,0.16131541437111593,-252.66056227192303,-1
finite_encounter_supercritical,64,0.16191143914931486,-9.142172858870161,-1
finite_encounter_supercritical,65,0.16210143985189066,7.678611297481962,1
finite_encounter_supercritical,66,0.16421334461079531,336.52954773225986,1
finite_encounter_supercritical,67,0.16563879586763244,226.87325831418622,1
finite_encounter_supercritical,68,0.16941650019293503,-12.583886413637854,-1
finite_encounter_supercritical,69,0.1696641984545818,-16.23017709492037,-1
finite_encounter_supercritical,70,0.1699843960482645,-11.028009909650848,-1
finite_encounter_supercritical,71,0.1713638097626683,2.2345531883986394,1
finite_encounter_supercritical,72,0.17603999534208273,32.19012697003634,1
finite_encounter_supercritical,73,0.17809618239075714,-14.001949307010637,-1
finite_encounter_supercritical,74,0.17936739188526757,-249.71668807069577,-1
finite_encounter_supercritical,75,0.18063690275779687,465.1650401913758,1
finite_encounter_supercritical,76,0.18483900876146164,-15.879754339625165,-1
finite_encounter_supercritical,77,0.18527540159780417,43.61156042598212,1
finite_encounter_supercritical,78,0.18599989425570365,-188.51656797995676,-1
finite_encounter_supercritical,79,0.18786944951929582,5.885217405528418,1
finite_encounter_supercritical,80,0.1915608307262684,-1.7036467227122967,-1
finite_encounter_supercritical,81,0.1952185424091182,-3.372024007711999,-1
finite_encounter_supercritical,82,0.19650524495770952,99.14471363007013,1
finite_encounter_supercritical,83,0.19799564588803806,11.118102212485663,1
finite_encounter_supercritical,84,0.19907895457513625,-51.58779386616302,-1
finite_encounter_supercritical,85,0.2018452474451262,-81.61624790791569,-1
finite_encounter_supercritical,86,0.20340957026842926,105.83504965018973,1
finite_encounter_supercritical,87,0.20453003367527336,-177.3214129315996,-1
finite_encounter_supercritical,88,0.20656812096287325,-58.84546679849387,-1
finite_encounter_supercritical,89,0.2068081781370621,39.56004228320794,1
finite_encounter_supercritical,90,0.20756310816031856,-21.258801846161084,-1
finite_encounter_supercritical,91,0.21118409139835662,-39.66301494718861,-1
finite_encounter_supercritical,92,0.21433535992918704,-124.75829212293102,-1
finite_encounter_supercritical,93,0.21511993518612216,-3.975814387297192,-1
finite_encounter_supercritical,94,0.2167029163332162,273.77321848938874,1
finite_encounter_supercritical,95,0.21746591852102373,-287.247666922676,-1
finite_encounter_supercritical,96,0.21912998357283217,-107.51568961847964,-1
finite_encounter_supercritical,97,0.22027046015318283,70.75325239576469,1
finite_encounter_supercritical,98,0.22262889160166888,264.9213168364002,1
finite_encounter_supercritical,99,0.22602566398309168,-3.3167132391618432,-1
finite_encounter_supercritical,100,0.22677748585091337,-47.18155736667636,-1
finite_encounter_supercritical,101,0.2314738742797286,-15.29204770700656,-1
finite_encounter_supercritical,102,0.23297989044816741,-180.91472058414197,-1
finite_encounter_supercritical,103,0.23422334854921867,222.1035348896577,1
finite_encounter_supercritical,104,0.23551170793220808,68.33789851082666,1
finite_encounter_supercritical,105,0.23631544083629613,31.255287170060956,1
finite_encounter_supercritical,106,0.23705235799344973,-61.948607035701954,-1
finite_encounter_supercritical,107,0.2386140596067415,-9.928333348888543,-1
finite_encounter_supercritical,108,0.24506944591885646,171.22956340814744,1
finite_encounter_supercritical,109,0.24549895019533294,-188.36522178710896,-1
finite_encounter_supercritical,110,0.24847798836055282,-13.26238184994518,-1
finite_encounter_supercritical,111,0.24971144717283894,27.401403778769343,1
finite_encounter_supercritical,112,0.2501097832549965,-33.04187832352876,-1
finite_encounter_supercritical,113,0.25080094279345666,-11.858318448926708,-1
finite_encounter_supercritical,114,0.25282040645508297,-59.1570735678147,-1
finite_encounter_supercritical,115,0.2531415113125588,23.882315778686795,1
finite_encounter_supercritical,116,0.2554022138103041,-197.31455948567552,-1
finite_encounter_supercritical,117,0.25678233308127013,550.4263261725105,1
finite_encounter_supercritical,118,0.2577116035467862,11.736347148620158,1
finite_encounter_supercritical,119,0.2602176617891544,-328.2989495306484,-1
finite_encounter_supercritical,120,0.26271324468454166,252.18968694108494,1
finite_encounter_supercritical,121,0.2645629242328749,2.615373063670695,1
finite_encounter_supercritical,122,0.2648582521767688,-101.2606390775713,-1
finite_encounter_supercritical,123,0.2676563467497951,-4.396799492223651,-1
finite_encounter_supercritical,124,0.26820802673028216,-7.933646967078712,-1
finite_encounter_supercritical,125,0.2717318137585234,195.4384202016329,1
finite_encounter_supercritical,126,0.2727453610138513,-203.66246849205524,-1
finite_encounter_supercritical,127,0.2744459798580777,18.890760161162937,1
finite_encounter_supercritical,128,0.27528725052656405,-74.04988407242047,-1
finite_encounter_supercritical,129,0.276643700285192,-8.754781210007986,-1
finite_encounter_supercritical,130,0.2785169787314791,-214.45385695536842,-1
finite_encounter_supercritical,131,0.2834353582233872,26.160424262684636,1
finite_encounter_supercritical,132,0.2835039624842759,32.78337794858377,1
finite_encounter_supercritical,133,0.28531212858395494,47.35320892843638,1
finite_encounter_supercritical,134,0.2865029038810352,-24.992875289695167,-1
finite_encounter_supercritical,135,0.2876937696620553,127.50775506970581,1
finite_encounter_supercritical,136,0.2917432555191098,-1.7929339577960517,-1
finite_encounter_supercritical,137,0.2923407530194406,30.260094142669317,1
finite_encounter_supercritical,138,0.2936994202176337,57.387699241190724,1
finite_encounter_supercritical,139,0.29492100039132607,17.384968255067893,1
finite_encounter_supercritical,140,0.2959083969861426,-97.65576442334205,-1
finite_encounter_supercritical,141,0.2991432434190513,71.04978484294205,1
finite_encounter_supercritical,142,0.3014388467893091,29.061526789897293,1
finite_encounter_supercritical,143,0.3019199071182726,1.3750306286736405,1
finite_encounter_supercritical,144,0.30368147216938396,28.82962748021598,1
finite_encounter_supercritical,145,0.3043102334080974,38.171365465199194,1
finite_encounter_supercritical,146,0.306077373689902,-39.29914553268472,-1
finite_encounter_supercritical,147,0.307644911087792,11.174032763962641,1
finite_encounter_supercritical,148,0.30887453068768006,-204.16380358866581,-1
finite_encounter_supercritical,149,0.3092631287264258,10.415270422175965,1
finite_encounter_supercritical,150,0.31055570860588777,-171.99335043245742,-1
finite_encounter_supercritical,151,0.31203955091437635,-8.239921194436356,-1
finite_encounter_supercritical,152,0.31364968736306476,-61.75655811026567,-1
finite_encounter_supercritical,153,0.3154078450249928,-56.77494867134772,-1
finite_encounter_supercritical,154,0.3161412405169101,99.73331574568763,1
finite_encounter_supercritical,155,0.31965572250375446,83.13952189108574,1
finite_encounter_supercritical,156,0.3212964207739207,15.061296279270444,1
finite_encounter_supercritical,157,0.3230878466241937,-2.178241274789269,-1
finite_encounter_supercritical,158,0.323990657614839,170.4313455775591,1
finite_encounter_supercritical,159,0.3254036521056975,8.0590006998775,1
finite_encounter_supercritical,160,0.32653205490936055,-214.15344564617016,-1
finite_encounter_supercritical,161,0.32852400816324956,74.34733726505841,1
finite_encounter_supercritical,162,0.32947821624124457,-131.0746459743568,-1
finite_encounter_supercritical,163,0.33007415802060197,243.10173101016488,1
finite_encounter_supercritical,164,0.3334849289987665,452.14185052777043,1
finite_encounter_supercritical,165,0.33435438715448285,2.2031113056905194,1
finite_encounter_supercritical,166,0.33644504540097003,-267.92220904905736,-1
finite_encounter_supercritical,167,0.33690250333577026,-494.23153248729955,-1
finite_encounter_supercritical,168,0.33970539555938783,279.53955519767237,1
finite_encounter_supercritical,169,0.3424685207831694,3.0054889624279864,1
finite_encounter_supercritical,170,0.34493100362669,-0.3973805497337271,-1
finite_encounter_supercritical,171,0.3451551799533544,7.386655472333933,1
finite_encounter_supercritical,172,0.34561469530169764,-6.682861744103947,-1
finite_encounter_supercritical,173,0.34652107252390973,6.536491256319445,1
finite_encounter_supercritical,174,0.34683100005551265,0.10585652172825667,1
finite_encounter_supercritical,175,0.3468864228145603,3.002752602798287,1
finite_encounter_supercritical,176,0.3524144709110159,-82.72467386342603,-1
finite_encounter_supercritical,177,0.3525083863196959,31.218348790278345,1
finite_encounter_supercritical,178,0.3550550893663198,-9.78051151452189,-1
finite_encounter_supercritical,179,0.3562265213317454,-43.99050131352124,-1
finite_encounter_supercritical,180,0.35695251762770575,-41.04702821266365,-1
finite_encounter_supercritical,181,0.3591363630784166,-321.3897053647068,-1
finite_encounter_supercritical,182,0.35987610579462925,-0.18784329482358622,-1
finite_encounter_supercritical,183,0.36127947933793825,179.9263194994069,1
finite_encounter_supercritical,184,0.36260903576947756,224.06402666265575,1
finite_encounter_supercritical,185,0.36326273337532045,52.98548153349227,1
finite_encounter_supercritical,186,0.3638402613751418,3.4566368453552805,1
finite_encounter_supercritical,187,0.36418854185063404,128.8875139220767,1
finite_encounter_supercritical,188,0.36463809016281373,38.70106126747373,1
finite_encounter_supercritical,189,0.36631005724292104,-38.589352371634945,-1
finite_encounter_supercritical,190,0.367110399763276,0.9406860873220434,1
finite_encounter_supercritical,191,0.36996080272202303,-116.38916748165504,-1
finite_encounter_supercritical,192,0.3708971232762872,439.83687218098646,1
finite_encounter_supercritical,193,0.3727875180003078,170.32510036203234,1
finite_encounter_supercritical,194,0.37410811736635335,-82.32681199194919,-1
finite_encounter_supercritical,195,0.3750903108282072,-65.14689923802541,-1
finite_encounter_supercritical,196,0.3772859225705916,-47.1589246097701,-1
finite_encounter_supercritical,197,0.3786948457408823,-644.4379553305167,-1
finite_encounter_supercritical,198,0.3797022936392936,61.96001735645362,1
finite_encounter_supercritical,199,0.3804131293775517,68.56099397348686,1
finite_encounter_supercritical,200,0.3805611603689122,18.408429107845,1
finite_encounter_supercritical,201,0.3816768448308254,34.74358956719033,1
finite_encounter_supercritical,202,0.38226663869171157,7.34103947762673,1
finite_encounter_supercritical,203,0.38328057584646924,-18.367116362469428,-1
finite_encounter_supercritical,204,0.3863309723098631,5.976318078858794,1
finite_encounter_supercritical,205,0.3870698685488104,6.960178808564334,1
finite_encounter_supercritical,206,0.3882229907043304,-103.57536250652483,-1
finite_encounter_supercritical,207,0.3898200485911606,-2.0291134030841134,-1
finite_encounter_supercritical,208,0.3902653077795923,57.8016836379665,1
finite_encounter_supercritical,209,0.3906599444797392,-42.747211048905555,-1
finite_encounter_supercritical,210,0.3916254421802549,-18.589970515065215,-1
finite_encounter_supercritical,211,0.3922581638045992,-0.1397607108055437,-1
finite_encounter_supercritical,212,0.39410427166863465,59.986649980732395,1
finite_encounter_supercritical,213,0.3956920818470134,174.58090578933542,1
finite_encounter_supercritical,214,0.3999057905365216,41.906176067383534,1
finite_encounter_supercritical,215,0.4003976999203311,-51.7636033069691,-1
finite_encounter_supercritical,216,0.4022746257696968,-87.45002701321852,-1
finite_encounter_supercritical,217,0.4024856830890012,10.196271023842483,1
finite_encounter_supercritical,218,0.40252530638058953,0.08556487669717283,1
finite_encounter_supercritical,219,0.4030903312666205,54.327447900287716,1
finite_encounter_supercritical,220,0.4033180541070658,-49.44534443221295,-1
finite_encounter_supercritical,221,0.4071543098982374,-12.391268047703347,-1
finite_encounter_supercritical,222,0.40761795892495856,25.329767395828757,1
finite_encounter_supercritical,223,0.41080389477061624,-155.8569225518974,-1
finite_encounter_supercritical,224,0.41099533264136323,-0.6865206145504281,-1
finite_encounter_supercritical,225,0.4127120091807067,64.82100802771089,1
finite_encounter_supercritical,226,0.4147502603907032,430.63701507046585,1
finite_encounter_supercritical,227,0.41606288552207454,73.9123650012405,1
finite_encounter_supercritical,228,0.4168839321457316,-86.84098719849787,-1
finite_encounter_supercritical,229,0.41765465919145817,6.94576123420364,1
finite_encounter_supercritical,230,0.4177120336171794,-39.277550248031716,-1
finite_encounter_supercritical,231,0.4180129588460801,-18.06597582981435,-1
finite_encounter_supercritical,232,0.418870017933831,60.58196385921615,1
finite_encounter_supercritical,233,0.4194288445561143,-15.885500753057727,-1
finite_encounter_supercritical,234,0.4212080759790395,-28.887075309477993,-1
finite_encounter_supercritical,235,0.42170867078228097,-228.56387608445192,-1
finite_encounter_supercritical,236,0.42255025786305445,-0.4896043599782485,-1
finite_encounter_supercritical,237,0.4233621782397237,-474.5057498003003,-1
finite_encounter_supercritical,238,0.42457250105533145,-228.32571023119726,-1
finite_encounter_supercritical,239,0.4254776529019938,-3.6866055830655537,-1
finite_encounter_supercritical,240,0.4279111607757657,-265.4987379067693,-1
finite_encounter_supercritical,241,0.428330129651894,-15.839508990812025,-1
finite_encounter_supercritical,242,0.42969426843370956,39.4123486151214,1
finite_encounter_supercritical,243,0.4301479946567873,17.6105315342238,1
finite_encounter_supercritical,244,0.4304744844380895,-54.24181738818465,-1
finite_encounter_supercritical,245,0.43108748713504297,-40.09630845686264,-1
finite_encounter_supercritical,246,0.432762803394494,-2.6239871348097736,-1
finite_encounter_supercritical,247,0.4328084610682979,-10.083284792023782,-1
finite_encounter_supercritical,248,0.4354915334129462,359.4563385554505,1
finite_encounter_supercritical,249,0.43572216287887616,-32.23349459987175,-1
finite_encounter_supercritical,250,0.43777116039871494,567.3489844692707,1
finite_encounter_supercritical,251,0.43827025219720483,90.26302517713506,1
finite_encounter_supercritical,252,0.44051637643199554,217.36102475390197,1
finite_encounter_supercritical,253,0.44229633833872306,-65.28338218693514,-1
finite_encounter_supercritical,254,0.4430196864386498,2.299652704680616,1
finite_encounter_supercritical,255,0.4447542176686713,75.28947100711156,1
finite_encounter_supercritical,256,0.4449870326937183,-436.9615303120628,-1
finite_encounter_supercritical,257,0.4472329729672676,411.14021951913827,1
finite_encounter_supercritical,258,0.4481206187410054,581.7514695936932,1
finite_encounter_supercritical,259,0.4494954086074251,15.208414271776256,1
finite_encounter_supercritical,260,0.44974753184105914,-1.0839818499394802,-1
finite_encounter_supercritical,261,0.45224829355751167,-159.9243567517542,-1
finite_encounter_supercritical,262,0.4526771150493385,25.029473496854628,1
finite_encounter_supercritical,263,0.4531250421610128,92.01790450788413,1
finite_encounter_supercritical,264,0.45490507010891185,-460.03979168140785,-1
finite_encounter_supercritical,265,0.45980559421146067,20.334384506640276,1
finite_encounter_supercritical,266,0.4609363816701127,-19.63155689947506,-1
finite_encounter_supercritical,267,0.4615216399676994,121.48853250643847,1
finite_encounter_supercritical,268,0.4617224684145554,40.48441811693324,1
finite_encounter_supercritical,269,0.4625348190195034,-72.16998764127115,-1
finite_encounter_supercritical,270,0.4636014008599087,-318.989226531591,-1
finite_encounter_supercritical,271,0.4683965382687031,-2.6574522973329398,-1
finite_encounter_supercritical,272,0.46869487629638823,-3.109095899762626,-1
finite_encounter_supercritical,273,0.4687992508456248,-2.511776573519757,-1
finite_encounter_supercritical,274,0.47269528632782065,-9.446857264796423,-1
finite_encounter_supercritical,275,0.47323617027144527,-0.9968917469555634,-1
finite_encounter_supercritical,276,0.47407540325890446,-270.45660323017864,-1
finite_encounter_supercritical,277,0.47616639840009717,18.491984518745976,1
finite_encounter_supercritical,278,0.4770994586258379,-128.44470167289063,-1
finite_encounter_supercritical,279,0.47819772214452244,-75.33703353300746,-1
finite_encounter_supercritical,280,0.4796722483360615,533.3319919564906,1
finite_encounter_supercritical,281,0.4809984852361864,-166.0977327256177,-1
finite_encounter_supercritical,282,0.4814104164197452,-15.120122191754172,-1
finite_encounter_supercritical,283,0.48290860379180306,-48.2678484165804,-1
finite_encounter_supercritical,284,0.48326479840232067,16.593794881587666,1
finite_encounter_supercritical,285,0.4854684747812422,173.31310058008967,1
finite_encounter_supercritical,286,0.4872643507035805,-351.4066083625657,-1
finite_encounter_supercritical,287,0.48857843854787536,226.52495158332545,1
finite_encounter_supercritical,288,0.49139603483189565,24.953361017344054,1
finite_encounter_supercritical,289,0.4920534576070529,226.7698828372451,1
finite_encounter_supercritical,290,0.4939901753250571,-54.695041876651615,-1
finite_encounter_supercritical,291,0.4963508799750567,-87.46979744984075,-1
finite_encounter_supercritical,292,0.4975781333087433,-328.7693561260834,-1
finite_encounter_supercritical,293,0.4982265965589616,-83.13192872701286,-1
finite_encounter_supercritical,294,0.49997563410097917,-324.6861585310552,-1
finite_encounter_supercritical,295,0.5010884005252745,55.400410423351346,1
finite_encounter_supercritical,296,0.5030145350936657,14.353525014185363,1
finite_encounter_supercritical,297,0.5039122949375033,734.2768257568094,1
finite_encounter_supercritical,298,0.5058902297990064,-104.96036326327591,-1
finite_encounter_supercritical,299,0.5059642814170097,23.52057031036572,1
finite_encounter_supercritical,300,0.5082726019393968,-68.74928269693379,-1
finite_encounter_supercritical,301,0.5093676977070625,-24.60038134209317,-1
finite_encounter_supercritical,302,0.5106085777098515,-423.5804308591902,-1
finite_encounter_supercritical,303,0.5146608546754128,-234.09249834783424,-1
finite_encounter_supercritical,304,0.5185033809078381,307.4082954744914,1
finite_encounter_supercritical,305,0.5189531473844772,291.2249275240252,1
finite_encounter_supercritical,306,0.5206528557841256,65.10667599320286,1
finite_encounter_supercritical,307,0.5224668993335325,213.27302567148942,1
finite_encounter_supercritical,308,0.5237508671926351,121.77791385152261,1
finite_encounter_supercritical,309,0.5245576909484017,-110.24867831238753,-1
finite_encounter_supercritical,310,0.5256713572962827,-144.58602700837156,-1
finite_encounter_supercritical,311,0.5273049954253355,-1.4623544295592548,-1
finite_encounter_supercritical,312,0.533963388293518,1.9708335884499464,1
finite_encounter_supercritical,313,0.5362310979010211,162.15156961070198,1
finite_encounter_supercritical,314,0.5369766137232508,-16.579500469388805,-1
finite_encounter_supercritical,315,0.5380320423107834,-67.50296072990457,-1
finite_encounter_supercritical,316,0.5387778739156213,55.96947013113674,1
finite_encounter_supercritical,317,0.5388549800926257,86.41538215267047,1
finite_encounter_supercritical,318,0.539445837942158,-210.61841342411236,-1
finite_encounter_supercritical,319,0.540747856255064,-3.1999857424061813,-1
finite_encounter_supercritical,320,0.541736674577638,-1.9545858357125587,-1
finite_encounter_supercritical,321,0.5427590915956065,40.39253803865761,1
finite_encounter_supercritical,322,0.5454670913927383,46.269951942621354,1
finite_encounter_supercritical,323,0.5491681442801536,-193.5097182662292,-1
finite_encounter_supercritical,324,0.5500584926036525,-43.233485558234115,-1
finite_encounter_supercritical,325,0.5509300463168948,-1.9165062241070832,-1
finite_encounter_supercritical,326,0.5546995921297415,294.1226056920612,1
finite_encounter_supercritical,327,0.556611278946813,-153.3704993057726,-1
finite_encounter_supercritical,328,0.5569329706252935,-6.163046093015375,-1
finite_encounter_supercritical,329,0.5574413643249314,4.995034945165197,1
finite_encounter_supercritical,330,0.5578931239244831,39.735895080106694,1
finite_encounter_supercritical,331,0.5600881448456149,79.88378276509688,1
finite_encounter_supercritical,332,0.564160112337713,-237.2910286072229,-1
finite_encounter_supercritical,333,0.5665720165954538,-244.66685430306572,-1
finite_encounter_supercritical,334,0.5686047422906412,11.104275301709535,1
finite_encounter_supercritical,335,0.5707707023361661,140.1173243406658,1
finite_encounter_supercritical,336,0.5725987389493306,-0.2933825658668325,-1
finite_encounter_supercritical,337,0.5753565893889524,11.10668179199557,1
finite_encounter_supercritical,338,0.5754150102977487,118.76731956575485,1
finite_encounter_supercritical,339,0.5758263705217285,70.76592243696543,1
finite_encounter_supercritical,340,0.5767095830512169,223.9990490246789,1
finite_encounter_supercritical,341,0.5801728775831052,-2.2714943759197848,-1
finite_encounter_supercritical,342,0.5812617791086626,79.60252874820006,1
finite_encounter_supercritical,343,0.5831462943327022,-23.574397699607555,-1
finite_encounter_supercritical,344,0.5845691264731837,133.30608334925546,1
finite_encounter_supercritical,345,0.5857616484528255,-580.5021324183482,-1
finite_encounter_supercritical,346,0.5891457427594637,-153.10161560346913,-1
finite_encounter_supercritical,347,0.5924092761500838,-71.50781316718957,-1
finite_encounter_supercritical,348,0.5947921825470232,202.54281680109327,1
finite_encounter_supercritical,349,0.5964002790327069,21.27579189559908,1
finite_encounter_supercritical,350,0.5965888273304965,17.926264252246497,1
finite_encounter_supercritical,351,0.600991338557551,-18.170525605093786,-1
finite_encounter_supercritical,352,0.601689181007528,81.13324826566128,1
finite_encounter_supercritical,353,0.6066914318467532,-123.5740219886254,-1
finite_encounter_supercritical,354,0.6078461503876393,315.9671984376242,1
finite_encounter_supercritical,355,0.6089975643766491,-8.046802843017312,-1
finite_encounter_supercritical,356,0.6114427155333522,-87.70048415822154,-1
finite_encounter_supercritical,357,0.6126126597154865,-33.847683486551745,-1
finite_encounter_supercritical,358,0.6143492958865592,-366.21946292849077,-1
finite_encounter_supercritical,359,0.6152837569377664,-14.178835380697265,-1
finite_encounter_supercritical,360,0.6157000692105686,60.5724748308056,1
finite_encounter_supercritical,361,0.6166288801622336,19.932396135191954,1
finite_encounter_supercritical,362,0.6195628249241166,22.62224543159635,1
finite_encounter_supercritical,363,0.6219216190294704,193.45085280010636,1
finite_encounter_supercritical,364,0.6223747638127177,-94.17840218027288,-1
finite_encounter_supercritical,365,0.6231164373826565,-2.003926119484412,-1
finite_encounter_supercritical,366,0.6267918667096868,5.47367963018052,1
finite_encounter_supercritical,367,0.6286338885239812,674.3822600930157,1
finite_encounter_supercritical,368,0.6297524962244142,75.90998108551936,1
finite_encounter_supercritical,369,0.6310374213114904,-197.56715036434773,-1
finite_encounter_supercritical,370,0.6319071929300273,-29.1470898288485,-1
finite_encounter_supercritical,371,0.6342072081877057,-184.08139088266543,-1
finite_encounter_supercritical,372,0.6358523000215592,-351.6727682354864,-1
finite_encounter_supercritical,373,0.6379750073527432,-369.4877036906387,-1
finite_encounter_supercritical,374,0.641060035572412,346.54611693630955,1
finite_encounter_supercritical,375,0.6452735384649605,197.4016673230346,1
finite_encounter_supercritical,376,0.6477983926074534,9.401972644704992,1
finite_encounter_supercritical,377,0.6480616585517732,7.066910200562993,1
finite_encounter_supercritical,378,0.6507342869269626,473.1701692803302,1
finite_encounter_supercritical,379,0.653878238334793,-94.99945704494206,-1
finite_encounter_supercritical,380,0.655762614399462,-224.1527819132885,-1
finite_encounter_supercritical,381,0.6581100354148535,-85.7295629765196,-1
finite_encounter_supercritical,382,0.6591595717098317,-327.84759132154113,-1
finite_encounter_supercritical,383,0.6636315392086143,106.96422434452157,1
finite_encounter_supercritical,384,0.6663502025765398,-3.4868194077777117,-1
finite_encounter_supercritical,385,0.6665856136869078,-0.161546520481901,-1
finite_encounter_supercritical,386,0.6673520101250789,-3.3256920586656267,-1
finite_encounter_supercritical,387,0.6719764004646214,-24.22640414716653,-1
finite_encounter_supercritical,388,0.6732830594064549,-76.01729162362803,-1
finite_encounter_supercritical,389,0.6762171918722529,-74.2001658092145,-1
finite_encounter_supercritical,390,0.6770666540137449,445.4722228988086,1
finite_encounter_supercritical,391,0.6781092867751057,-23.844807050467743,-1
finite_encounter_supercritical,392,0.6781577113656546,-5.115719173066423,-1
finite_encounter_supercritical,393,0.6790724916778583,-97.99063945068578,-1
finite_encounter_supercritical,394,0.6810525028428864,234.91057455200834,1
finite_encounter_supercritical,395,0.6812308348224831,-146.53301895190532,-1
finite_encounter_supercritical,396,0.6835472210726261,127.97825975484886,1
finite_encounter_supercritical,397,0.6845045747080826,-33.79246858139759,-1
finite_encounter_supercritical,398,0.6890661115163199,-365.25011133075753,-1
finite_encounter_supercritical,399,0.6903858781219799,354.32187880606523,1
finite_encounter_supercritical,400,0.6914473230645377,171.06278112990495,1
finite_encounter_supercritical,401,0.6951499931413886,-314.74673701651665,-1
finite_encounter_supercritical,402,0.6973929688810431,14.951443283742094,1
finite_encounter_supercritical,403,0.6988739191524408,-97.41218729012684,-1
finite_encounter_supercritical,404,0.7024441431046153,141.85183338808807,1
finite_encounter_supercritical,405,0.7034411949759781,25.051932286883375,1
finite_encounter_supercritical,406,0.7061365271080564,-160.25101046407505,-1
finite_encounter_supercritical,407,0.70819377572944,-478.48764435009446,-1
finite_encounter_supercritical,408,0.7121384848211207,-354.6197752886042,-1
finite_encounter_supercritical,409,0.7137238271567182,311.38638987950503,1
finite_encounter_supercritical,410,0.7155017930923708,-132.98705333341283,-1
finite_encounter_supercritical,411,0.7180933647221796,996.8957738556936,1
finite_encounter_supercritical,412,0.7219292024478069,65.02774947920392,1
finite_encounter_supercritical,413,0.7221987408173894,59.99935474505931,1
finite_encounter_supercritical,414,0.7227866223053883,-81.29871787665927,-1
finite_encounter_supercritical,415,0.7247924085501847,-180.5802691934771,-1
finite_encounter_supercritical,416,0.7288382801387039,-93.92942210466707,-1
finite_encounter_supercritical,417,0.7327046470263057,6.344704187180927,1
finite_encounter_supercritical,418,0.733663009928245,0.02756332535454325,1
finite_encounter_supercritical,419,0.7343221168714379,3.0915046398917894,1
finite_encounter_supercritical,420,0.7346718835027173,22.169506318581305,1
finite_encounter_supercritical,421,0.7365885110098345,-13.09247350514299,-1
finite_encounter_supercritical,422,0.7373071737356252,-8.258880736850104,-1
finite_encounter_supercritical,423,0.7418674845270815,-121.19344931354206,-1
finite_encounter_supercritical,424,0.7439376211168427,150.81809711139687,1
finite_encounter_supercritical,425,0.7464641948342865,142.22587596561928,1
finite_encounter_supercritical,426,0.7482259513486685,-401.21214610357487,-1
finite_encounter_supercritical,427,0.7502523489577861,-212.4401925131435,-1
finite_encounter_supercritical,428,0.7507771010484601,113.79180160363583,1
finite_encounter_supercritical,429,0.751549716501111,-34.2232146254134,-1
finite_encounter_supercritical,430,0.7520107966744163,99.89454722903255,1
finite_encounter_supercritical,431,0.7574843191570795,-462.3415412609562,-1
finite_encounter_supercritical,432,0.7605771172299833,276.33604312072043,1
finite_encounter_supercritical,433,0.762360151431428,25.92071510361994,1
finite_encounter_supercritical,434,0.7638424616156815,-38.10785408286212,-1
finite_encounter_supercritical,435,0.7663135667110663,360.11931467687464,1
finite_encounter_supercritical,436,0.7684814203629763,18.762978400376085,1
finite_encounter_supercritical,437,0.7695019619301436,68.02772068295343,1
finite_encounter_supercritical,438,0.7725782469595758,413.09970455272145,1
finite_encounter_supercritical,439,0.775053128718141,426.3501051599573,1
finite_encounter_supercritical,440,0.7789230556877116,-415.39137444614965,-1
finite_encounter_supercritical,441,0.7810309048062387,-158.51672162552342,-1
finite_encounter_supercritical,442,0.7813923624687404,-63.99241659137418,-1
finite_encounter_supercritical,443,0.7840507046158379,-761.5018871587833,-1
finite_encounter_supercritical,444,0.7859104694044269,40.360984419053004,1
finite_encounter_supercritical,445,0.7879889489500962,109.36566428552626,1
finite_encounter_supercritical,446,0.7891468240910176,11.715402996648638,1
finite_encounter_supercritical,447,0.7914621211425298,293.33469862906844,1
finite_encounter_supercritical,448,0.7928371477728638,2.4986335097803094,1
finite_encounter_supercritical,449,0.7957350208903671,-31.11783126982087,-1
finite_encounter_supercritical,450,0.7989678704294364,7.066694086880124,1
finite_encounter_supercritical,451,0.7995613815774477,0.9175838872671399,1
finite_encounter_supercritical,452,0.8000138571972873,-41.65932332471859,-1
finite_encounter_supercritical,453,0.8022851894781905,-61.99649389560573,-1
finite_encounter_supercritical,454,0.8081687859174765,-25.908336843066426,-1
finite_encounter_supercritical,455,0.8112129646655856,-229.6753073217535,-1
finite_encounter_supercritical,456,0.8125996015164569,343.2601004121543,1
finite_encounter_supercritical,457,0.8138248687638877,-295.48577658239424,-1
finite_encounter_supercritical,458,0.8155058817381607,273.5700290853561,1
finite_encounter_supercritical,459,0.8167844653933559,67.69960863428678,1
finite_encounter_supercritical,460,0.8179117382613773,49.7667371658644,1
finite_encounter_supercritical,461,0.8188970150025005,149.1019436149814,1
finite_encounter_supercritical,462,0.8241649324029037,273.1038855574403,1
finite_encounter_supercritical,463,0.825054496540447,317.1254439094263,1
finite_encounter_supercritical,464,0.8271571230743253,-220.7729096482656,-1
finite_encounter_supercritical,465,0.8308155158520424,-128.58576036442227,-1
finite_encounter_supercritical,466,0.8333191451230267,-171.61138177563816,-1
finite_encounter_supercritical,467,0.8339253372907622,-245.72501764662763,-1
finite_encounter_supercritical,468,0.8348518974745818,-82.12456973712622,-1
finite_encounter_supercritical,469,0.8365647591962567,-279.68793171051885,-1
finite_encounter_supercritical,470,0.8418970682303264,-557.1388865112581,-1
finite_encounter_supercritical,471,0.8435053558680954,-80.87254979745765,-1
finite_encounter_supercritical,472,0.8457702821269445,559.6495901637721,1
finite_encounter_supercritical,473,0.8479501521765612,333.0600417035352,1
finite_encounter_supercritical,474,0.8495161689456017,-45.488115661192886,-1
finite_encounter_supercritical,475,0.8501103920841465,39.12357723041129,1
finite_encounter_supercritical,476,0.8525579937932365,359.99823076622937,1
finite_encounter_supercritical,477,0.8549818836080788,5.035728565418335,1
finite_encounter_supercritical,478,0.8564409773939743,-12.59024813282745,-1
finite_encounter_supercritical,479,0.8578835265599489,-97.3424038690423,-1
finite_encounter_supercritical,480,0.8585045627459903,-137.94547875577925,-1
finite_encounter_supercritical,481,0.8641452893973047,1.1861230678087946,1
finite_encounter_supercritical,482,0.8652516404126018,-1.5135506398590184,-1
finite_encounter_supercritical,483,0.8675461223817007,-10.085350962583044,-1
finite_encounter_supercritical,484,0.8695144052130084,151.50126238799996,1
finite_encounter_supercritical,485,0.8753750551591187,222.17781941606344,1
finite_encounter_supercritical,486,0.8772269206057973,-26.593162054939164,-1
finite_encounter_supercritical,487,0.8775302189410014,105.75046334326369,1
finite_encounter_supercritical,488,0.8801010855433619,184.78886363810753,1
finite_encounter_supercritical,489,0.8820756720259656,-575.3859418859336,-1
finite_encounter_supercritical,490,0.8835314026861142,-255.6585583134698,-1
finite_encounter_supercritical,491,0.884997165299109,-162.4404790518368,-1
finite_encounter_supercritical,492,0.8857169009971414,131.09645228675075,1
finite_encounter_supercritical,493,0.8890500696912412,-15.669255615638148,-1
finite_encounter_supercritical,494,0.8911736593429691,-657.6678857116358,-1
finite_encounter_supercritical,495,0.8942044268363486,275.2090927710741,1
finite_encounter_supercritical,496,0.8975909947772752,280.90501947217854,1
finite_encounter_supercritical,497,0.8994821793708329,-43.58596734034408,-1
finite_encounter_supercritical,498,0.8999116965571885,-51.569482891124366,-1
finite_encounter_supercritical,499,0.9004139449441501,135.6784505998254,1
finite_encounter_supercritical,500,0.9039331007714237,858.9547765699524,1
finite_encounter_supercritical,501,0.9077130124352425,29.02458521300593,1
finite_encounter_supercritical,502,0.9088448098584572,554.299526573452,1
finite_encounter_supercritical,503,0.9124730270233259,-1090.8882715113293,-1
finite_encounter_supercritical,504,0.9145827525947199,-42.87919052108907,-1
finite_encounter_supercritical,505,0.9149553935635619,221.61829803501277,1
finite_encounter_supercritical,506,0.9161457743789683,35.78481378321747,1
finite_encounter_supercritical,507,0.9191311928168434,-448.715531760135,-1
finite_encounter_supercritical,508,0.9196174083971316,-141.69551037495947,-1
finite_encounter_supercritical,509,0.9224347408041889,-4.221902390290679,-1
finite_encounter_supercritical,510,0.9232391723096418,120.31461879068513,1
finite_encounter_supercritical,511,0.9251419484262385,162.4724835720139,1
finite_encounter_supercritical,512,0.9303712522586193,0.9930601407062161,1
finite_encounter_supercritical,513,0.9324146594810597,1.5817400779977555,1
finite_encounter_supercritical,514,0.9346253538000965,172.84789974732072,1
finite_encounter_supercritical,515,0.935714561009379,-269.8252409733793,-1
finite_encounter_supercritical,516,0.9419587053972055,-476.48891631225865,-1
finite_encounter_supercritical,517,0.942766495062553,-209.27746403703756,-1
finite_encounter_supercritical,518,0.9436109535824146,18.552336903534044,1
finite_encounter_supercritical,519,0.9448270569870932,-82.01599407894264,-1
finite_encounter_supercritical,520,0.9483217330385524,1356.2615902211912,1
finite_encounter_supercritical,521,0.9500225082442825,-24.53363245136414,-1
finite_encounter_supercritical,522,0.9503793042098665,-32.76769189172447,-1
finite_encounter_supercritical,523,0.9526583336730978,-179.92919114161256,-1
finite_encounter_supercritical,524,0.9552598684499718,111.59003565421344,1
finite_encounter_supercritical,525,0.9560743816511361,401.1291495186944,1
finite_encounter_supercritical,526,0.9610529906711741,-323.2603122979848,-1
finite_encounter_supercritical,527,0.9638154372022658,-232.32029641514177,-1
finite_encounter_supercritical,528,0.9655684790564703,173.41440720977448,1
finite_encounter_supercritical,529,0.9659135303629033,281.4741214585453,1
finite_encounter_supercritical,530,0.9669457030231834,-110.4145286517683,-1
finite_encounter_supercritical,531,0.9707049579997401,-1651.3620703892745,-1
finite_encounter_supercritical,532,0.9738169595970754,-48.92749471722958,-1
finite_encounter_supercritical,533,0.9744150080004235,-188.1264191483086,-1
finite_encounter_supercritical,534,0.9781768938506398,1487.2073119185695,1
finite_encounter_supercritical,535,0.9809511235930031,30.41028989983384,1
finite_encounter_supercritical,536,0.9820874263209245,-404.95218244412814,-1
finite_encounter_supercritical,537,0.9830704085327453,39.034349284262554,1
finite_encounter_supercritical,538,0.9848320489076576,467.8401637114515,1
finite_encounter_supercritical,539,0.9857910897645733,14.858042580176237,1
finite_encounter_supercritical,540,0.9879556861133476,-182.22865508830958,-1
finite_encounter_supercritical,541,0.9886979337617054,-7.802647380089285,-1
finite_encounter_supercritical,542,0.9916674673981207,-39.550410183617664,-1
finite_encounter_supercritical,543,0.9975176829008803,9.210357389070252,1
finite_encounter_supercritical,544,0.9994915296310968,93.39539027120901,1
finite_encounter_supercritical,545,1.0002569947310862,98.32879000892818,1
finite_encounter_supercritical,546,1.0009171232915839,-266.0300677987868,-1
finite_encounter_supercritical,547,1.0042064620742244,169.61389376175154,1
finite_encounter_supercritical,548,1.006878875178134,267.27191878279893,1
finite_encounter_supercritical,549,1.0095695136513962,502.2856826249912,1
finite_encounter_supercritical,550,1.010903027982253,-7.85541523076069,-1
finite_encounter_supercritical,551,1.011718286253965,-477.41875610952457,-1
finite_encounter_supercritical,552,1.01414855032973,-573.5069037955795,-1
finite_encounter_supercritical,553,1.0170042687293266,-650.5669559097694,-1
finite_encounter_supercritical,554,1.0182806524837855,50.93868201144442,1
finite_encounter_supercritical,555,1.0192150869174752,215.32859132415027,1
finite_encounter_supercritical,556,1.02256555267053,33.99084677314693,1
finite_encounter_supercritical,557,1.0255653277050027,462.0213178688113,1
finite_encounter_supercritical,558,1.028648001793136,-600.9915848298459,-1
finite_encounter_supercritical,559,1.0304827599925412,-256.9169904979174,-1
finite_encounter_supercritical,560,1.0327852500341286,10.387511872086517,1
finite_encounter_supercritical,561,1.033887873766769,951.8529361733116,1
finite_encounter_supercritical,562,1.035852987184436,1139.1889398178487,1
finite_encounter_supercritical,563,1.0380125525304695,152.63488301902396,1
finite_encounter_supercritical,564,1.0411195241010114,-595.3282390113067,-1
finite_encounter_supercritical,565,1.0421628665348757,-854.6775814732216,-1
finite_encounter_supercritical,566,1.0481410471138974,-34.233836742417,-1
finite_encounter_supercritical,567,1.0482693702344124,-172.0324763240234,-1
finite_encounter_supercritical,568,1.0490714067200613,103.91086570261702,1
finite_encounter_supercritical,569,1.0498260705684062,351.0509107957108,1
finite_encounter_supercritical,570,1.050764117704354,-177.9857949159823,-1
finite_encounter_supercritical,571,1.0530614029478076,0.021662307306573474,1
finite_encounter_supercritical,572,1.055986076541618,-11.398794172732408,-1
finite_encounter_supercritical,573,1.0574112048313407,-71.61970626587464,-1
finite_encounter_supercritical,574,1.0618746199759652,-489.69081401660725,-1
finite_encounter_supercritical,575,1.0633575634662766,-47.33732440421095,-1
finite_encounter_supercritical,576,1.064617781721376,698.6169131846297,1
finite_encounter_supercritical,577,1.065389545541678,137.60919390843236,1
finite_encounter_supercritical,578,1.0662210802631469,-117.9398842023284,-1
finite_encounter_supercritical,579,1.0671135991117167,12.474702272160124,1
finite_encounter_supercritical,580,1.0707077773765585,189.20122163247328,1
finite_encounter_supercritical,581,1.0747423923687014,-823.5146368254977,-1
finite_encounter_supercritical,582,1.0771513719184211,114.696606681,1
finite_encounter_supercritical,583,1.0777125853909153,98.35571637758518,1
finite_encounter_supercritical,584,1.078493254298571,-158.97160705908377,-1
finite_encounter_supercritical,585,1.0824644796513312,485.0780974487906,1
finite_encounter_supercritical,586,1.0847650397408906,436.3229780142464,1
finite_encounter_supercritical,587,1.0859215333360819,-319.23507887965627,-1
finite_encounter_supercritical,588,1.0897770775060405,247.50337190252552,1
finite_encounter_supercritical,589,1.0912335910091207,448.58120804004335,1
finite_encounter_supercritical,590,1.0944894548692863,-849.2614975452797,-1
finite_encounter_supercritical,591,1.0964379366216757,-82.99915681884656,-1
finite_encounter_supercritical,592,1.0988841939300689,-94.72210051525985,-1
finite_encounter_supercritical,593,1.100773645122344,-397.1491537655525,-1
finite_encounter_supercritical,594,1.1022871392157927,-158.32206168908692,-1
finite_encounter_supercritical,595,1.1037851653210253,667.8448438299907,1
finite_encounter_supercritical,596,1.1084813736821801,-5.67733557077917,-1
finite_encounter_supercritical,597,1.109143610667817,-0.44614055221568366,-1
finite_encounter_supercritical,598,1.1099509488299135,-23.602666598567712,-1
finite_encounter_supercritical,599,1.114835435288931,485.465948433153,1
finite_encounter_supercritical,600,1.1158387712036015,-105.94240244590243,-1
finite_encounter_supercritical,601,1.117603781428679,-558.6346695383608,-1
finite_encounter_supercritical,602,1.1188564669149719,82.77261540036366,1
finite_encounter_supercritical,603,1.1204387875738002,422.5065413208533,1
finite_encounter_supercritical,604,1.1207664023726454,95.3836724259297,1
finite_encounter_supercritical,605,1.121834247871046,-7.638013162022262,-1
finite_encounter_supercritical,606,1.1220884663647164,-20.278565068003395,-1
finite_encounter_supercritical,607,1.123627403612891,39.966598592072536,1
finite_encounter_supercritical,608,1.126016666968232,-529.8337823767318,-1
finite_encounter_supercritical,609,1.1272865526772318,-373.32805486951446,-1
finite_encounter_supercritical,610,1.1314503008350107,286.9373888551541,1
finite_encounter_supercritical,611,1.1328316964009024,-37.742119963770826,-1
finite_encounter_supercritical,612,1.1335320430055396,-0.33949986321844317,-1
finite_encounter_supercritical,613,1.1356291171398774,84.86485454813801,1
finite_encounter_supercritical,614,1.1396730373997934,1348.7530577035225,1
finite_encounter_supercritical,615,1.1417664772627663,-109.17477063974887,-1
finite_encounter_supercritical,616,1.1444595712417527,39.11095053761502,1
finite_encounter_supercritical,617,1.1459711306264901,-167.9270911349344,-1
finite_encounter_supercritical,618,1.1485448336472186,-1679.9126987378838,-1
finite_encounter_supercritical,619,1.1515923448365117,241.8802836771894,1
finite_encounter_supercritical,620,1.1522183310873577,-29.62829523402915,-1
finite_encounter_supercritical,621,1.154308753082368,553.0705991321825,1
finite_encounter_supercritical,622,1.1577716464222332,11.704571730006275,1
finite_encounter_supercritical,623,1.1607476418565061,-9.971997208486219,-1
finite_encounter_supercritical,624,1.1636395551551395,59.62251230689251,1
finite_encounter_supercritical,625,1.1648912791704276,300.7420720809296,1
finite_encounter_supercritical,626,1.1676985085517155,-466.82543376841323,-1
finite_encounter_supercritical,627,1.168069762376328,218.83575354814428,1
finite_encounter_supercritical,628,1.1688553565326418,70.98194342808607,1
finite_encounter_supercritical,629,1.170218987670345,36.493136818110465,1
finite_encounter_supercritical,630,1.172948146296405,43.288108199944034,1
finite_encounter_supercritical,631,1.1758208486865924,-393.0172400419978,-1
finite_encounter_supercritical,632,1.1765757962362389,-92.30234899770109,-1
finite_encounter_supercritical,633,1.1778115715940043,-70.2057025692002,-1
finite_encounter_supercritical,634,1.179209968375332,-541.5797090416125,-1
finite_encounter_supercritical,635,1.1823988366461298,1656.1962346412297,1
finite_encounter_supercritical,636,1.1832263336583915,-264.5484127695352,-1
finite_encounter_supercritical,637,1.1842361645675306,-138.83224160724265,-1
finite_encounter_supercritical,638,1.1846279830736177,-43.64646724290076,-1
finite_encounter_supercritical,639,1.1863393829151043,289.0119741869754,1
finite_encounter_supercritical,640,1.1879833494056107,-9.621334524386446,-1
finite_encounter_supercritical,641,1.1904567725619026,-555.6226308903239,-1
finite_encounter_supercritical,642,1.1909413135985687,252.07224285811273,1
finite_encounter_supercritical,643,1.1927736935251296,28.86333103212743,1
finite_encounter_supercritical,644,1.1959606304276302,-379.6757050549866,-1
finite_encounter_supercritical,645,1.1985570862779513,-79.79107377701838,-1
finite_encounter_supercritical,646,1.1997658507031248,-268.75894172667563,-1
finite_encounter_supercritical,647,1.2035716247687176,-90.01374443756748,-1
finite_encounter_supercritical,648,1.2041322355589028,238.5118784012628,1
finite_encounter_supercritical,649,1.2055520474718706,30.184501843208896,1
finite_encounter_supercritical,650,1.2077151341683692,19.69872616792868,1
finite_encounter_supercritical,651,1.2119875190868246,-403.37629414863693,-1
finite_encounter_supercritical,652,1.214608347541508,400.18635224403835,1
finite_encounter_supercritical,653,1.215737447158284,313.1104316038402,1
finite_encounter_supercritical,654,1.2168211930438158,-125.98400266604858,-1
finite_encounter_supercritical,655,1.21947688062464,-289.8325104615398,-1
finite_encounter_supercritical,656,1.2213853701514512,167.34299307041772,1
finite_encounter_supercritical,657,1.2234482617409885,-95.86406196821108,-1
finite_encounter_supercritical,658,1.2240314977813425,-34.84797233970218,-1
finite_encounter_supercritical,659,1.2244940591765814,94.67585711435092,1
finite_encounter_supercritical,660,1.2246612862985773,-16.638995066636106,-1
finite_encounter_supercritical,661,1.2279514232059507,-80.8128066988392,-1
finite_encounter_supercritical,662,1.2307605860283666,613.6884906432679,1
finite_encounter_supercritical,663,1.2323767799671725,-74.5401130607246,-1
finite_encounter_supercritical,664,1.2340299058580158,581.937341194031,1
finite_encounter_supercritical,665,1.2368223237596094,-754.7046618482663,-1
finite_encounter_supercritical,666,1.2402908955119891,303.0624349888294,1
finite_encounter_supercritical,667,1.2420900342218988,-218.85891687238848,-1
finite_encounter_supercritical,668,1.242665944159953,-6.431016415095797,-1
finite_encounter_supercritical,669,1.2428714332317692,-16.703816343300005,-1
finite_encounter_supercritical,670,1.2434255456043652,-6.268739820211764,-1
finite_encounter_supercritical,671,1.2450752609905318,-470.12063007856483,-1
finite_encounter_supercritical,672,1.248658884612983,-88.05317818547594,-1
finite_encounter_supercritical,673,1.2494021332387624,-73.31797364657386,-1
finite_encounter_supercritical,674,1.2499402273232885,-87.88997583693107,-1
finite_encounter_supercritical,675,1.254238507626961,11.717402015978095,1
finite_encounter_supercritical,676,1.2571483500493075,787.8627514556438,1
finite_encounter_supercritical,677,1.257459558881939,578.1171121056993,1
finite_encounter_supercritical,678,1.2583355942005618,-275.06182474042333,-1
finite_encounter_supercritical,679,1.2597125111197598,-70.26843971008667,-1
finite_encounter_supercritical,680,1.2606019234800099,64.62012172895611,1
finite_encounter_supercritical,681,1.2611434564263355,68.14302863619207,1
finite_encounter_supercritical,682,1.2616347877434257,52.55160499039407,1
finite_encounter_supercritical,683,1.2625595524778022,123.91707513328276,1
finite_encounter_supercritical,684,1.2632713679793515,-34.51274473469237,-1
finite_encounter_supercritical,685,1.265817526859179,-410.878745749694,-1
finite_encounter_supercritical,686,1.2712112776123359,-677.2254148818148,-1
finite_encounter_supercritical,687,1.273490472917494,1077.461989750757,1
finite_encounter_supercritical,688,1.2755568770388812,-170.9512324294497,-1
finite_encounter_supercritical,689,1.2765060467463645,293.2947012124501,1
finite_encounter_supercritical,690,1.277397082492774,-950.0316137773989,-1
finite_encounter_supercritical,691,1.2788218660703963,464.61958319854915,1
finite_encounter_supercritical,692,1.2804930594110984,101.53409653972048,1
finite_encounter_supercritical,693,1.2815172213426798,-203.02775519437935,-1
finite_encounter_supercritical,694,1.2824858055872246,-23.6539817746226,-1
finite_encounter_supercritical,695,1.2883089198556537,-61.36066300423016,-1
finite_encounter_supercritical,696,1.289376623958278,-109.45070928237068,-1
finite_encounter_supercritical,697,1.2911174002986934,472.24314304023613,1
finite_encounter_supercritical,698,1.2930908988546377,-737.1477874197058,-1
finite_encounter_supercritical,699,1.2940302626738636,-82.0744423754386,-1
finite_encounter_supercritical,700,1.2947100510061929,68.87114239140945,1
finite_encounter_supercritical,701,1.296791340910026,-454.53937029198227,-1
finite_encounter_supercritical,702,1.2980036118761586,-489.9765261151262,-1
finite_encounter_supercritical,703,1.2988013824583597,212.64842973917644,1
finite_encounter_supercritical,704,1.3004134152522016,-117.21283830264328,-1
finite_encounter_supercritical,705,1.3016672635401059,375.2155298596598,1
finite_encounter_supercritical,706,1.3028456155056858,-290.09200385946053,-1
finite_encounter_supercritical,707,1.304981508386483,-220.77248026266565,-1
finite_encounter_supercritical,708,1.3070773602082781,334.25432676226285,1
finite_encounter_supercritical,709,1.307939982828938,1264.8097723025023,1
finite_encounter_supercritical,710,1.3094232229151548,16.147075120199027,1
finite_encounter_supercritical,711,1.3111984069248246,-510.0411837553474,-1
finite_encounter_supercritical,712,1.3125682591890884,-80.05929447255191,-1
finite_encounter_supercritical,713,1.3139486906439657,34.5107102757989,1
finite_encounter_supercritical,714,1.3161862418950259,-758.3128044268022,-1
finite_encounter_supercritical,715,1.3169150987788178,-34.12403303766087,-1
finite_encounter_supercritical,716,1.3179752399912343,148.2590063250271,1
finite_encounter_supercritical,717,1.3187876947455452,3.373385066147996,1
finite_encounter_supercritical,718,1.3192184500512312,100.75551189644776,1
finite_encounter_supercritical,719,1.3217150841782732,-184.2347546825128,-1
finite_encounter_supercritical,720,1.3221207082133506,382.73105051456116,1
finite_encounter_supercritical,721,1.3238068207334386,228.85763988612763,1
finite_encounter_supercritical,722,1.3251161781356993,-150.19396397926172,-1
finite_encounter_supercritical,723,1.3265626877903673,100.02701214315589,1
finite_encounter_supercritical,724,1.3269739071809112,-631.2722273716267,-1
finite_encounter_supercritical,725,1.3295501692579423,846.3917382715639,1
finite_encounter_supercritical,726,1.3312382708452726,0.28146730529395525,1
finite_encounter_supercritical,727,1.331563565190037,-123.13679637874796,-1
finite_encounter_supercritical,728,1.3342500312090821,541.6538982471981,1
finite_encounter_supercritical,729,1.3372164250357343,20.65699667345855,1
finite_encounter_supercritical,730,1.3375275345660427,-30.996938787305766,-1
finite_encounter_supercritical,731,1.3382427633940914,-214.81907714131611,-1
finite_encounter_supercritical,732,1.3387032199968294,-106.65715387996806,-1
finite_encounter_supercritical,733,1.3389946184809736,181.08496824486417,1
finite_encounter_supercritical,734,1.3401316980862361,355.6777272655408,1
finite_encounter_supercritical,735,1.3459396297116424,1427.1232798151373,1
finite_encounter_supercritical,736,1.3469397531789813,19.270669903562727,1
finite_encounter_supercritical,737,1.3473201508426424,-57.64122466794997,-1
finite_encounter_supercritical,738,1.349190208059422,-465.23715911130705,-1
finite_encounter_supercritical,739,1.350262779366023,38.35163314207947,1
finite_encounter_supercritical,740,1.3506098098234125,21.43745219151262,1
finite_encounter_supercritical,741,1.3518521483516472,849.1119654360688,1
finite_encounter_supercritical,742,1.3531070236725695,-560.0643887543567,-1
finite_encounter_supercritical,743,1.3541221337821898,-0.9278165615540673,-1
finite_encounter_supercritical,744,1.3550407367356803,187.09456528027283,1
finite_encounter_supercritical,745,1.35603383013299,86.15099873745372,1
finite_encounter_supercritical,746,1.3569464917688607,237.76488740906686,1
finite_encounter_supercritical,747,1.3583909618810006,-386.22944202650206,-1
finite_encounter_supercritical,748,1.3607332884116399,448.0745546042004,1
finite_encounter_supercritical,749,1.3616728380870147,246.84827502152865,1
finite_encounter_supercritical,750,1.3632291278188027,-1243.9710955353,-1
finite_encounter_supercritical,751,1.3642532192412482,68.37396831783556,1
finite_encounter_supercritical,752,1.3642841055415122,-44.715202630500876,-1
finite_encounter_supercritical,753,1.366408557012068,-1091.473097371265,-1
finite_encounter_supercritical,754,1.3671981581151078,33.09428212345577,1
finite_encounter_supercritical,755,1.3682076192684776,-1069.6678055541247,-1
finite_encounter_supercritical,756,1.3691249616963708,-71.14735436132737,-1
finite_encounter_supercritical,757,1.36945370005066,-47.133274333807584,-1
finite_encounter_supercritical,758,1.3699096481959405,-74.91163919463031,-1
finite_encounter_supercritical,759,1.3702796421730055,-58.1057652470731,-1
finite_encounter_supercritical,760,1.3720097906931557,-161.25599040794705,-1
finite_encounter_supercritical,761,1.3741835662408455,-538.5004356567265,-1
finite_encounter_supercritical,762,1.3745266237184484,46.481923769123675,1
finite_encounter_supercritical,763,1.3760416827408284,-466.0073218952366,-1
finite_encounter_supercritical,764,1.3769991157483708,-901.8003042225639,-1
finite_encounter_supercritical,765,1.3774546066533022,10.794341948295099,1
finite_encounter_supercritical,766,1.3787058390598366,-214.1428345475229,-1
finite_encounter_supercritical,767,1.3800775570742925,-1353.1332425498113,-1
finite_encounter_supercritical,768,1.3808649466832692,46.08923809473376,1
finite_encounter_supercritical,769,1.3810883155599625,-314.13358004630055,-1
finite_encounter_supercritical,770,1.382067849058419,-117.65610414767293,-1
finite_encounter_supercritical,771,1.3822905815280597,20.183820858348213,1
finite_encounter_supercritical,772,1.3826924923524364,-84.72318828356192,-1
finite_encounter_supercritical,773,1.383878761368347,137.18927866736598,1
finite_encounter_supercritical,774,1.3843658063712112,513.8466623302974,1
finite_encounter_supercritical,775,1.387124034335963,680.6121087516959,1
finite_encounter_supercritical,776,1.388062124716626,883.6767223013763,1
finite_encounter_supercritical,777,1.389004223256655,5.156030667698673,1
finite_encounter_supercritical,778,1.3915408845401418,1203.908062219596,1
finite_encounter_supercritical,779,1.3924864154480385,-107.47696522556443,-1
finite_encounter_supercritical,780,1.3952436508037973,1958.0738137648282,1
finite_encounter_supercritical,781,1.396905326764246,-18.807096934004115,-1
finite_encounter_supercritical,782,1.3974422845775194,176.05012470996618,1
finite_encounter_supercritical,783,1.397513783616495,-15.812510694333845,-1
finite_encounter_supercritical,784,1.397798753395255,179.39398199329585,1
finite_encounter_supercritical,785,1.3991739584991496,199.2363969209925,1
finite_encounter_supercritical,786,1.4000533851154648,-5.514566058792923,-1
finite_encounter_supercritical,787,1.405061156246997,1964.7609612728234,1
finite_encounter_supercritical,788,1.4065619223879844,-508.174077529749,-1
finite_encounter_supercritical,789,1.407744405316085,23.28075590838558,1
finite_encounter_supercritical,790,1.4088521015962616,-171.20261460327973,-1
finite_encounter_supercritical,791,1.4093798691970454,79.37544456199502,1
finite_encounter_supercritical,792,1.409768066719472,-0.15946252597924826,-1
finite_encounter_supercritical,793,1.4121684608913712,1735.9793677267207,1
finite_encounter_supercritical,794,1.4147191620245307,776.2548964329892,1
finite_encounter_supercritical,795,1.4170824580863857,410.92946985066567,1
finite_encounter_supercritical,796,1.418522768922158,-337.035566731509,-1
finite_encounter_supercritical,797,1.4195559964905866,-24.618704153933116,-1
finite_encounter_supercritical,798,1.4198761137072908,-690.4678506531434,-1
finite_encounter_supercritical,799,1.4202469504345716,-131.8897142602997,-1
finite_encounter_supercritical,800,1.4224601018166663,-1000.2223738934129,-1
finite_encounter_supercritical,801,1.424087740102591,-797.6267005806853,-1
finite_encounter_supercritical,802,1.4259096662658024,-178.33826605849623,-1
finite_encounter_supercritical,803,1.4282777829076418,-362.3039884350897,-1
finite_encounter_supercritical,804,1.429117628814868,-623.5509432565133,-1
finite_encounter_supercritical,805,1.4323365286054495,-1061.476792245027,-1
finite_encounter_supercritical,806,1.4330341551960672,-1003.4857566299485,-1
finite_encounter_supercritical,807,1.4352797011314435,-95.4057332209991,-1
finite_encounter_supercritical,808,1.4358040040231932,-175.20935628758036,-1
finite_encounter_supercritical,809,1.4361672052542527,-136.30531006235262,-1
finite_encounter_supercritical,810,1.437164133964636,229.29156416640535,1
finite_encounter_supercritical,811,1.4377727419595518,-186.86505813036695,-1
finite_encounter_supercritical,812,1.4397006935307137,-69.62213804911887,-1
finite_encounter_supercritical,813,1.440109109824542,0.05099064061947522,1
finite_encounter_supercritical,814,1.4427992803700358,-1595.488710852684,-1
finite_encounter_supercritical,815,1.4430837933200389,267.6803466042796,1
finite_encounter_supercritical,816,1.4463808278209107,-2331.4150216159005,-1
finite_encounter_supercritical,817,1.4475384118377126,19.028616618630416,1
finite_encounter_supercritical,818,1.4496840150031305,1109.9990942510578,1
finite_encounter_supercritical,819,1.4531465302807274,32.7077504672744,1
finite_encounter_supercritical,820,1.4532770377620485,-340.8399189497021,-1
finite_encounter_supercritical,821,1.4538313478709808,-617.673417059905,-1
finite_encounter_supercritical,822,1.4547663558555026,-218.1948187513599,-1
finite_encounter_supercritical,823,1.4567738434044397,9.942697841126469,1
finite_encounter_supercritical,824,1.459786663609956,2415.423903709503,1
finite_encounter_supercritical,825,1.463104636265245,947.9510183475405,1
finite_encounter_supercritical,826,1.463684562863435,2123.8439415023954,1
finite_encounter_supercritical,827,1.465531552307918,168.2917218560305,1
finite_encounter_supercritical,828,1.4677210258382212,2631.843293440649,1
finite_encounter_supercritical,829,1.4702114231841066,516.7749449131359,1
finite_encounter_supercritical,830,1.4712503065337585,-890.7607310004578,-1
finite_encounter_supercritical,831,1.4734909254046982,157.70223652705553,1
finite_encounter_supercritical,832,1.4749650684108218,189.2736100456128,1
finite_encounter_supercritical,833,1.4758526609313352,60.352757092567096,1
finite_encounter_supercritical,834,1.4768977753171426,-13.521770102538625,-1
finite_encounter_supercritical,835,1.480089604227081,470.4951518494753,1
finite_encounter_supercritical,836,1.480941060991286,1136.8234289243007,1
finite_encounter_supercritical,837,1.4841966850820227,323.6933726153114,1
finite_encounter_supercritical,838,1.485664477820665,-2419.993977385551,-1
finite_encounter_supercritical,839,1.487979389886015,711.8135521661393,1
finite_encounter_supercritical,840,1.4895309756906663,415.91631650625686,1
finite_encounter_supercritical,841,1.490764951784864,-31.563521055243495,-1
finite_encounter_supercritical,842,1.491128533578026,-203.7814765514548,-1
finite_encounter_supercritical,843,1.4923910173888464,980.1166150612254,1
finite_encounter_supercritical,844,1.4944953965113148,-1113.0800493759125,-1
finite_encounter_supercritical,845,1.495636107706182,31.948000212926722,1
finite_encounter_supercritical,846,1.4976050175640154,-3143.727765708659,-1
finite_encounter_supercritical,847,1.4982785078510334,-2128.222815966623,-1
finite_encounter_supercritical,848,1.4986178065477973,-1043.6015821185629,-1
finite_encounter_supercritical,849,1.5042608050878856,-109.80012062856676,-1
finite_encounter_supercritical,850,1.5053248733406528,-9.012827704689164,-1
finite_encounter_supercritical,851,1.5064077970195424,-277.1813676735216,-1
finite_encounter_supercritical,852,1.5079747600722808,-643.5415851658618,-1
finite_encounter_supercritical,853,1.5090785197444387,1241.4971950908591,1
finite_encounter_supercritical,854,1.5132059119636827,49.668259917083304,1
finite_encounter_supercritical,855,1.5151833266771606,-43.179681148492406,-1
finite_encounter_supercritical,856,1.5165224827519943,11.777363337334148,1
finite_encounter_supercritical,857,1.5172372900980413,-338.28822980930755,-1
finite_encounter_supercritical,858,1.5233633752407263,92.62877197541468,1
finite_encounter_supercritical,859,1.524176459782861,2377.46109395682,1
finite_encounter_supercritical,860,1.5253594285602068,-529.8813512746668,-1
finite_encounter_supercritical,861,1.5270315072266087,-168.5101588228888,-1
finite_encounter_supercritical,862,1.5278273085173293,-533.8133457543936,-1
finite_encounter_supercritical,863,1.5318387659056065,199.3005736694816,1
finite_encounter_supercritical,864,1.532943626141688,3292.0453537158996,1
finite_encounter_supercritical,865,1.5354288866382375,-43.810545332218545,-1
finite_encounter_supercritical,866,1.5355822706527922,493.0510955671189,1
finite_encounter_supercritical,867,1.5385055752400005,303.0069488633571,1
finite_encounter_supercritical,868,1.542138542498136,113.00294173251626,1
finite_encounter_supercritical,869,1.542858926673208,126.14025018439891,1
finite_encounter_supercritical,870,1.5445261469369698,191.86274590271248,1
finite_encounter_supercritical,871,1.546902501823543,-266.14896664369167,-1
finite_encounter_supercritical,872,1.547028225641234,-463.54189978375734,-1
finite_encounter_supercritical,873,1.549261772811099,29.022762076191356,1
finite_encounter_supercritical,874,1.549875309954481,-22.357509154758116,-1
finite_encounter_supercritical,875,1.5505033537383288,114.5715627046852,1
finite_encounter_supercritical,876,1.5518376036074233,-1030.7928501221909,-1
finite_encounter_supercritical,877,1.5546951961148652,-26.033421581366497,-1
finite_encounter_supercritical,878,1.561656070316998,-922.0469143983452,-1
finite_encounter_supercritical,879,1.5633842710676364,-69.49764470106963,-1
finite_encounter_supercritical,880,1.5638286115702016,472.0174220090917,1
finite_encounter_supercritical,881,1.5651108983319828,-872.7152740573441,-1
finite_encounter_supercritical,882,1.5662006304193674,70.65184771044068,1
finite_encounter_supercritical,883,1.5681974973971542,-1604.7630636268525,-1
finite_encounter_supercritical,884,1.5735890796581535,404.3320073205151,1
finite_encounter_supercritical,885,1.5740168570132007,-126.74855948993788,-1
finite_encounter_supercritical,886,1.5796296518830852,-12.098182086817477,-1
finite_encounter_supercritical,887,1.5801375416047043,49.874603568897385,1
finite_encounter_supercritical,888,1.5820588057762912,-32.49817293820918,-1
finite_encounter_supercritical,889,1.5830371598512436,-79.04454147721232,-1
finite_encounter_supercritical,890,1.58486360465034,-179.40856067736453,-1
finite_encounter_supercritical,891,1.5852023472056178,916.5470626428463,1
finite_encounter_supercritical,892,1.5887432415795004,-263.1697216713195,-1
finite_encounter_supercritical,893,1.5929601866489433,570.5681563188456,1
finite_encounter_supercritical,894,1.5932409287425946,51.46896730854241,1
finite_encounter_supercritical,895,1.5935686131452786,19.832015388491843,1
finite_encounter_supercritical,896,1.5964788429773076,67.40769309121156,1
finite_encounter_supercritical,897,1.5977972134840306,774.0163318741525,1
finite_encounter_supercritical,898,1.6007762044621963,860.3401609355947,1
finite_encounter_supercritical,899,1.6019582042476166,-267.34965601461323,-1
finite_encounter_supercritical,900,1.6034854750235097,-25.883256539688915,-1
finite_encounter_supercritical,901,1.6047705130489207,5.447200464093932,1
finite_encounter_supercritical,902,1.6121629917316003,73.97555123796549,1
finite_encounter_supercritical,903,1.6146360851196813,61.6566677077763,1
finite_encounter_supercritical,904,1.6149464993609102,-365.7714111124892,-1
finite_encounter_supercritical,905,1.6154386718716522,-157.88483278269686,-1
finite_encounter_supercritical,906,1.620383776518,45.96100516748925,1
finite_encounter_supercritical,907,1.6212278043400201,-484.3528071369214,-1
finite_encounter_supercritical,908,1.623437305056522,7.308016584769811,1
finite_encounter_supercritical,909,1.628688321345599,-510.5536069645147,-1
finite_encounter_supercritical,910,1.6301264208716257,210.27130371787752,1
finite_encounter_supercritical,911,1.6305041838219219,-485.76545522134927,-1
finite_encounter_supercritical,912,1.6306107406402044,-108.42286174099091,-1
finite_encounter_supercritical,913,1.6349625931560199,-4.980474230108698,-1
finite_encounter_supercritical,914,1.6378816690315474,-54.8399519026494,-1
finite_encounter_supercritical,915,1.6380809286671476,-63.6214683689299,-1
finite_encounter_supercritical,916,1.6381645743661901,275.5537989174274,1
finite_encounter_supercritical,917,1.6405003263346452,17.541734079464234,1
finite_encounter_supercritical,918,1.6451488218014574,23.60480548207067,1
finite_encounter_supercritical,919,1.6483600994372738,-57.13503701636452,-1
finite_encounter_supercritical,920,1.6507031727428625,346.7200859601049,1
finite_encounter_supercritical,921,1.6539564788445753,333.34585205822833,1
finite_encounter_supercritical,922,1.6550312391068036,-9.675173678331207,-1
finite_encounter_supercritical,923,1.6584465251592717,389.73171920419094,1
finite_encounter_supercritical,924,1.6592022496671401,7.154421871883206,1
finite_encounter_supercritical,925,1.6652566957712973,6.268848928938214,1
finite_encounter_supercritical,926,1.665902391261734,-198.98073411085934,-1
finite_encounter_supercritical,927,1.6686108487429006,-16.043532075495666,-1
finite_encounter_supercritical,928,1.6702637644787313,-7.144106014822811,-1
finite_encounter_supercritical,929,1.6707391966810257,7.90394524673126,1
finite_encounter_supercritical,930,1.6708898758133865,-174.23343621175079,-1
finite_encounter_supercritical,931,1.6736619169187772,66.78375652259804,1
finite_encounter_supercritical,932,1.680476544769629,-251.8565232478991,-1
finite_encounter_supercritical,933,1.6811179357138057,40.36654020978911,1
finite_encounter_supercritical,934,1.6819188594405936,-247.03640822398407,-1
finite_encounter_supercritical,935,1.6855481043891205,7.184870399214805,1
finite_encounter_supercritical,936,1.6889803594719106,5.218513709042514,1
finite_encounter_supercritical,937,1.6937418122534307,7.409897918262887,1
finite_encounter_supercritical,938,1.695686378046143,144.24840134956838,1
finite_encounter_supercritical,939,1.6957815635732816,2.5373455117298374,1
finite_encounter_supercritical,940,1.6988599657937742,113.5877436135129,1
finite_encounter_supercritical,941,1.7005266067047877,-1.3386665451043516,-1
finite_encounter_supercritical,942,1.703450797135114,-47.89164510589969,-1
finite_encounter_supercritical,943,1.7039595490501926,160.81963746057437,1
finite_encounter_supercritical,944,1.7090955743991485,-29.09417506259073,-1
finite_encounter_supercritical,945,1.710687068141862,-4.358392050208324,-1
finite_encounter_supercritical,946,1.7124666952437915,-3.791814155585753,-1
finite_encounter_supercritical,947,1.7191757576398643,-92.39623320920516,-1
finite_encounter_supercritical,948,1.720907390795758,-67.7592292107329,-1
finite_encounter_supercritical,949,1.7209254459716787,-7.989548738786572,-1
finite_encounter_supercritical,950,1.7240177321809866,0.8650259406482208,1
finite_encounter_supercritical,951,1.7269431494887628,30.369446128330484,1
finite_encounter_supercritical,952,1.7294173822213996,1.8427922222232795,1
finite_encounter_supercritical,953,1.7311473258209649,19.895614870680763,1
finite_encounter_supercritical,954,1.7361282572036085,44.30113307544895,1
finite_encounter_supercritical,955,1.739658214164333,-0.48091240085953746,-1
finite_encounter_supercritical,956,1.7409715451284233,-0.4459213308582711,-1
finite_encounter_supercritical,957,1.7438975926478941,-14.522357873814505,-1
finite_encounter_supercritical,958,1.7463701317079743,-11.548282443603979,-1
finite_encounter_supercritical,959,1.7512140083049617,0.11851229198801906,1
finite_encounter_supercritical,960,1.754140636672348,3.7894971657926275,1
M2D-T_9x5,0,0.01199329967302051,0.013177783620065145,1
M2D-T_9x5,1,0.06839079371312368,0.01177649759240779,1
M2D-T_9x5,2,0.10760803993586807,-0.07960898079196342,-1
M2D-T_9x5,3,0.16398001484174698,0.05155036674758714,1
M2D-T_9x5,4,0.23342851297378892,-0.00783398162874477,-1
M2D-T_9x5,5,0.30868022129577155,0.14840006412937323,1
M2D-T_9x5,6,0.3755791293278396,0.23676901697951405,1
M2D-T_9x5,7,0.3859655267308132,-0.017866564209814344,-1
M2D-T_9x5,8,0.43055688849287105,-0.09353641270611276,-1
M2D-T_9x5,9,0.4557485195695521,0.013364696387553148,1
M2D-T_9x5,10,0.46396057026195364,7.234366208469586,1
M2D-T_9x5,11,0.4953299493241204,-5.497091677794546,-1
M2D-T_9x5,12,0.5242180695356863,-0.8757531677064521,-1
M2D-T_9x5,13,0.5528626318428689,-1.2113713422899208,-1
M2D-T_9x5,14,0.5953231407885138,-15.102367206822903,-1
M2D-T_9x5,15,0.6173845845868198,-5.430058489511581,-1
M2D-T_9x5,16,0.6457264252339169,4.284050614190001,1
M2D-T_9x5,17,0.686045133613209,1.6604528341022027,1
M2D-T_9x5,18,0.7119661137234142,3.970463584214747,1
M2D-T_9x5,19,0.7361895723122781,12.829418017548067,1
M2D-T_9x5,20,0.7531683761004302,30.18340590366183,1
M2D-T_9x5,21,0.7697117247994371,-3.9546256340400334,-1
M2D-T_9x5,22,0.8023352050129355,3.4905613320855013,1
M2D-T_9x5,23,0.8192679482807292,-21.588240902531535,-1
M2D-T_9x5,24,0.8274243678653367,12.896730545521006,1
M2D-T_9x5,25,0.8528860334356858,3.3729386455281167,1
M2D-T_9x5,26,0.8634949663530651,3.8189642935266828,1
M2D-T_9x5,27,0.8894664478777363,0.6105261628637548,1
M2D-T_9x5,28,0.9460674430551081,1.7361160141886167,1
M2D-T_9x5,29,0.9597085286486292,-90.74902766538212,-1
M2D-T_9x5,30,0.9791020375944405,5.615808789251479,1
M2D-T_9x5,31,0.9934124519095877,-2.527025048236273,-1
M2D-T_9x5,32,1.04636767516154,61.22777545322208,1
M2D-T_9x5,33,1.0632890621476259,-31.405825495524017,-1
M2D-T_9x5,34,1.0694212384896462,-1.4671265719634095,-1
M2D-T_9x5,35,1.1051904768785754,5.426912546185245,1
M2D-T_9x5,36,1.1379785593763607,14.516810204620656,1
M2D-T_9x5,37,1.170658546759709,-35.23489977980118,-1
M2D-T_9x5,38,1.2119766490051977,25.591562287317117,1
M2D-T_9x5,39,1.220046698878571,113.333204383982,1
M2D-T_9x5,40,1.264732094647872,-23.927764737611227,-1
M2D-T_9x5,41,1.2969001336384312,-53.85725724140775,-1
M2D-T_9x5,42,1.3240614507805655,-36.071622619491045,-1
M2D-T_9x5,43,1.3382583241277242,-6.236654862272322,-1
M2D-T_9x5,44,1.3648372893524447,-37.4103691320264,-1
M2D-T_9x5,45,1.381260741079649,-1.3846832083947205,-1
M2D-T_9x5,46,1.4262746891133866,45.02839410092943,1
M2D-T_9x5,47,1.4545080327892104,80.68806400934406,1
M2D-T_9x5,48,1.4985521015127157,-5.4593804886180095,-1
M2D-T_9x5,49,1.5001065076338267,-1.8493613753107347e-27,-1
M2D-T_9x5,50,1.500988257192766,-1.0692496524857032e-27,-1
M2D-T_9x5,51,1.516252428055,-72.0655441753334,-1
M2D-T_9x5,52,1.5257753260678837,-1.5473981136651171,-1
M2D-T_9x5,53,1.5343948796131657,-25.170555885097176,-1
M2D-T_9x5,54,1.5562557023721209,37.96199381486856,1
M2D-T_9x5,55,1.5670735747744908,-3.5850662883438937e-28,-1
M2D-T_9x5,56,1.5679553243334303,8.689165483365837e-27,1
M2D-T_9x5,57,1.5796525781360815,-2.280092726906047,-1
M2D-T_9x5,58,1.586481197884629,31.98803680557776,1
M2D-T_9x5,59,1.5924949438392149,0.047776098008427206,1
M2D-T_9x5,60,1.6031881210595766,3.087719886516487e-28,1
M2D-T_9x5,61,1.604069870618516,3.491475973853679e-27,1
M2D-T_9x5,62,1.6283389454390529,0.609201782636005,1
M2D-T_9x5,63,1.6294484416436905,7.760191911704269,1
M2D-T_9x5,64,1.6402294694852295,-18.62760707778522,-1
M2D-T_9x5,65,1.6461516049165754,-0.3404017344521338,-1
M2D-T_9x5,66,1.6585188160544857,1.2114272111401574e-29,1
M2D-T_9x5,67,1.6594005656134223,-5.4261377279031734e-27,-1
M2D-T_9x5,68,1.6818450010235517,-5.896124763298803,-1
M2D-T_9x5,69,1.683763666017139,-6.156630867569911,-1
M2D-T_9x5,70,1.6853828909374997,-72.47909423339037,-1
M2D-T_9x5,71,1.7067373320499182,44.24750308774115,1
M2D-T_9x5,72,1.7263919613487373,-1.6319876643690364e-26,-1
M2D-T_9x5,73,1.727273710907677,8.360901292901398e-28,1
M2D-T_9x5,74,1.731308812992607,8.663014027632205,1
M2D-T_9x5,75,1.737687072435685,0.004915663451615306,1
M2D-T_9x5,76,1.7438973431016769,8.563812509790212,1
M2D-T_9x5,77,1.7518948937138992,0.19183930767292237,1
M2D-T_9x5,78,1.7979648521151104,-13.246000790450779,-1
M2D-T_9x5,79,1.7986210539189116,-4.6555951925103335e-25,-1
M2D-T_9x5,80,1.799502803477848,-2.140887072375666e-25,-1
M2D-T_9x5,81,1.8051555257115095,-0.5424423566758848,-1
M2D-T_9x5,82,1.8181877398754918,-0.9478763246848437,-1
M2D-T_9x5,83,1.8241380257449533,-0.5381435492384319,-1
M2D-T_9x5,84,1.825572722641616,-6.4168360503425435,-1
M2D-T_9x5,85,1.8552740668905892,10.554445521030276,1
M2D-T_9x5,86,1.863480359691336,-3.419652349633262,-1
M2D-T_9x5,87,1.8664941992131645,6.668546107004863e-27,1
M2D-T_9x5,88,1.8673759487721047,1.53584993535057e-27,1
M2D-T_9x5,89,1.8780457304979472,0.5635090992819983,1
M2D-T_9x5,90,1.883540928118906,1.5524615234738089e-27,1
M2D-T_9x5,91,1.8844226776778452,-1.5869598536380403e-27,-1
M2D-T_9x5,92,1.8917989510859956,2.957220745828231,1
M2D-T_9x5,93,1.89406849306935,10.82300273821285,1
M2D-T_9x5,94,1.9089561769904164,0.014356443538475571,1
M2D-T_9x5,95,1.9157408606906356,19.114990344987362,1
M2D-T_9x5,96,1.9218248942080713,2.5821969081372228e-27,1
M2D-T_9x5,97,1.9227066437670095,-5.125883547718281e-27,-1
M2D-T_9x5,98,1.940546065769808,36.05645243642178,1
M2D-T_9x5,99,1.945678912518844,-2.851736290313621,-1
M2D-T_9x5,100,1.9472572923615894,-0.7981515366919943,-1
M2D-T_9x5,101,1.95050799525957,2.1021256688861022e-26,1
M2D-T_9x5,102,1.9513897448185102,1.2694459949594536e-25,1
M2D-T_9x5,103,1.957939440493156,-3.1729844286312528e-24,-1
M2D-T_9x5,104,1.9588211900520978,-7.200591805331843e-24,-1
M2D-T_9x5,105,1.9592221777967314,-18.73265593711903,-1
M2D-T_9x5,106,1.9629121615576843,-19.99926509579821,-1
M2D-T_9x5,107,1.9655444365904087,9.69071952100976,1
M2D-T_9x5,108,1.9762127641149418,0.7052076511613466,1
M2D-T_9x5,109,1.9833176317466552,0.18806035857191647,1
M2D-T_9x5,110,1.9866225415446577,7.23841888680299e-27,1
M2D-T_9x5,111,1.9875042911035978,-1.6030347785672086e-26,-1
M2D-T_9x5,112,1.9923792924760706,-5.096476257522235,-1
M2D-T_9x5,113,2.000560273010981,0.45251100369291475,1
M2D-T_9x5,114,2.0114828126237456,0.5021562272682233,1
M2D-T_9x5,115,2.0196527457343096,7.48315391395737e-30,1
M2D-T_9x5,116,2.020534495293248,-4.298626365365251e-28,-1
M2D-T_9x5,117,2.0283375470102984,-5.137762738432339,-1
M2D-T_9x5,118,2.0360030033314573,0.5307203064754148,1
M2D-T_9x5,119,2.0363604858106,0.955785126948564,1
M2D-T_9x5,120,2.0419532365395647,6.202331955775606e-26,1
M2D-T_9x5,121,2.0428349860985047,1.3930570160103713e-24,1
M2D-T_9x5,122,2.043120696935288,2.2976362641847112,1
M2D-T_9x5,123,2.051901233109647,11.270539553062145,1
M2D-T_9x5,124,2.0667628730341048,-0.6156429882538104,-1
M2D-T_9x5,125,2.072641759690701,4.2606609910697895,1
M2D-T_9x5,126,2.086619812874975,1.2728330691053912e-26,1
M2D-T_9x5,127,2.0875015624339146,-4.049073717478822e-25,-1
M2D-T_9x5,128,2.0888830628533164,-10.39290418019015,-1
M2D-T_9x5,129,2.0954838108433957,-0.09318264772991376,-1
M2D-T_9x5,130,2.105445924533287,-6.4601922750621545,-1
M2D-T_9x5,131,2.1098263818338183,-2.8592546629654094e-25,-1
M2D-T_9x5,132,2.1107081313927574,-1.652365850092046e-27,-1
M2D-T_9x5,133,2.1130883572303447,-4.212425919614175,-1
M2D-T_9x5,134,2.122734359160061,5.0639553632853415e-27,1
M2D-T_9x5,135,2.1236161087190006,2.9929872147012785e-27,1
M2D-T_9x5,136,2.129924780444805,-17.005458699185606,-1
M2D-T_9x5,137,2.136604706606019,-9.306272189190151,-1
M2D-T_9x5,138,2.1466444841681125,-4.7984510732582875,-1
M2D-T_9x5,139,2.1533319235157826,8.764279158255793,1
M2D-T_9x5,140,2.1678436989856165,-8.071962594355123,-1
M2D-T_9x5,141,2.168304838074182,12.205243938452245,1
M2D-T_9x5,142,2.1780650541549678,2.9164006730104455e-26,1
M2D-T_9x5,143,2.178946803713908,2.830334007585239e-25,1
M2D-T_9x5,144,2.1820554744039917,2.6175595566855758e-28,1
M2D-T_9x5,145,2.1829372239629317,9.633014134123527e-26,1
M2D-T_9x5,146,2.190225479762359,1.7543358691042676,1
M2D-T_9x5,147,2.2002664604000497,-4.9825758263365945,-1
M2D-T_9x5,148,2.2035421766006036,-1.056575220926296,-1
M2D-T_9x5,149,2.2075069812569197,-0.027961412778313155,-1
M2D-T_9x5,150,2.221500043856729,-1.6368116496739722,-1
M2D-T_9x5,151,2.228188148788519,-2.55186512441054e-26,-1
M2D-T_9x5,152,2.2290698983474555,6.831348704022759e-27,1
M2D-T_9x5,153,2.245938199449222,2.732803811702159e-26,1
M2D-T_9x5,154,2.2468199490081617,5.246226122172992e-25,1
M2D-T_9x5,155,2.2488955778798903,7.196453892619852,1
M2D-T_9x5,156,2.249928619698245,7.50094530064238e-25,1
M2D-T_9x5,157,2.250810369257184,5.3863387238075e-26,1
M2D-T_9x5,158,2.2537773726156214,0.10820260816303108,1
M2D-T_9x5,159,2.2606758728572753,0.03497069075019976,1
M2D-T_9x5,160,2.267677575016594,7.084596548058641,1
M2D-T_9x5,161,2.2745403448441324,-0.53548900487205,-1
M2D-T_9x5,162,2.2840511652837563,16.86872347066598,1
M2D-T_9x5,163,2.2951552159291824,-9.290262803066e-27,-1
M2D-T_9x5,164,2.296036965488122,-1.0185156283331057e-25,-1
M2D-T_9x5,165,2.301974812600025,1.8448434991455063,1
M2D-T_9x5,166,2.3052593146931533,-2.4368503838261812e-26,-1
M2D-T_9x5,167,2.306141064252092,-2.3942169050781884e-26,-1
M2D-T_9x5,168,2.30840782743472,3.2796972507408872,1
M2D-T_9x5,169,2.3181672920193956,6.791241651768983e-26,1
M2D-T_9x5,170,2.3190490415783347,8.045794825887475e-26,1
M2D-T_9x5,171,2.3199866746860605,-1.9321955880393704,-1
M2D-T_9x5,172,2.3272683363336295,-3.2855040273113296,-1
M2D-T_9x5,173,2.3300151102205406,0.49892027574507153,1
M2D-T_9x5,174,2.3312697622142697,2.274607949677299e-25,1
M2D-T_9x5,175,2.332151511773209,8.471812547645328e-27,1
M2D-T_9x5,176,2.339038535634533,-7.0270355834226494,-1
M2D-T_9x5,177,2.34137386097824,-2.4102788781394305e-24,-1
M2D-T_9x5,178,2.3422556105371797,-3.48604742050467e-26,-1
M2D-T_9x5,179,2.342620368291153,-0.3946038829866898,-1
M2D-T_9x5,180,2.356983258823282,-2.077671853631248,-1
M2D-T_9x5,181,2.3668990710059727,-0.31120913587359167,-1
M2D-T_9x5,182,2.3720757023700108,-0.3003280448052451,-1
M2D-T_9x5,183,2.38604043731365,4.929129334363226e-25,1
M2D-T_9x5,184,2.386600457209176,2.7055285830724715e-24,1
M2D-T_9x5,185,2.386922186872589,2.4121369904683305e-23,1
M2D-T_9x5,186,2.387022901026408,3.857471433109805,1
M2D-T_9x5,187,2.3874822067681163,1.3337539975420658e-24,1
M2D-T_9x5,188,2.3930529007265675,-1.972933476913432,-1
M2D-T_9x5,189,2.407895476149557,0.07587794346743135,1
M2D-T_9x5,190,2.4116812658209605,-0.01676906083216539,-1
M2D-T_9x5,191,2.4136161479257896,-2.6021860828024437,-1
M2D-T_9x5,192,2.4261719870524243,0.2007061618378986,1
M2D-T_9x5,193,2.4413711323085576,3.496700504027668e-26,1
M2D-T_9x5,194,2.442252881867496,5.83016888813225e-26,1
M2D-T_9x5,195,2.45447360250343,-2.1678810570394802e-27,-1
M2D-T_9x5,196,2.45535535206237,3.0447460235900805e-25,1
M2D-T_9x5,197,2.460264004336556,8.674071857295731,1
M2D-T_9x5,198,2.4651000469576863,-0.6080591439846913,-1
M2D-T_9x5,199,2.4741215891672055,-2.025083576488884,-1
M2D-T_9x5,200,2.4774856785936445,4.623824101926443e-27,1
M2D-T_9x5,201,2.478367428152583,-1.9648363888459588e-26,-1
M2D-T_9x5,202,2.4830573294291973,2.646514760352074,1
M2D-T_9x5,203,2.483994690018423,1.32088098719468e-25,1
M2D-T_9x5,204,2.4848764395773646,2.140014173618744e-27,1
M2D-T_9x5,205,2.5042931883040698,-13.10110361723352,-1
M2D-T_9x5,206,2.508781414987446,-0.0908105052201208,-1
M2D-T_9x5,207,2.526702695073603,-1.0305988821116717e-24,-1
M2D-T_9x5,208,2.5275844446325424,-4.241106118829252e-23,-1
M2D-T_9x5,209,2.527706531112121,-13.461909311762295,-1
M2D-T_9x5,210,2.5299423998060506,-8.930070629896896,-1
M2D-T_9x5,211,2.5426235509049886,19.714681339691758,1
M2D-T_9x5,212,2.5509617571590875,3.739958742120987e-25,1
M2D-T_9x5,213,2.5518435067180265,1.4953030251234567e-25,1
M2D-T_9x5,214,2.555203039939624,2.33923966227589,1
M2D-T_9x5,215,2.56371484300328,-2.0938719313895477,-1
M2D-T_9x5,216,2.5758578372862173,-4.833500023401009,-1
M2D-T_9x5,217,2.5867552905677,2.057871479586433,1
M2D-T_9x5,218,2.587076303444174,4.0719098044170197e-25,1
M2D-T_9x5,219,2.5879580530031125,1.3801420883261428e-25,1
M2D-T_9x5,220,2.5945758403678574,-8.637996376205388e-27,-1
M2D-T_9x5,221,2.595457589926796,-3.1591109920922268e-27,-1
M2D-T_9x5,222,2.6093325619590546,1.131597264983886,1
M2D-T_9x5,223,2.620347843631171,-0.5372985036106502,-1
M2D-T_9x5,224,2.623232801057855,12.07394498031135,1
M2D-T_9x5,225,2.639677225939649,-14.018428206107535,-1
M2D-T_9x5,226,2.642406998439081,-1.9228302019628916e-25,-1
M2D-T_9x5,227,2.6432887479980214,-9.041695036388391e-25,-1
M2D-T_9x5,228,2.649906535362765,-2.2362938935893715e-26,-1
M2D-T_9x5,229,2.6507882849217035,2.375800707224437e-27,1
M2D-T_9x5,230,2.6668280032053704,0.23609567861393904,1
M2D-T_9x5,231,2.670374947654321,-1.5632040612413147,-1
M2D-T_9x5,232,2.6786628809252218,-3.2021419517229828,-1
M2D-T_9x5,233,2.6860210816478514,4.7816258209591965e-26,1
M2D-T_9x5,234,2.6869028312067913,-4.145661811438204e-27,-1
M2D-T_9x5,235,2.6881934685517312,13.792884981622377,1
M2D-T_9x5,236,2.707488120356663,-1.3598371460443688,-1
M2D-T_9x5,237,2.7102801437333346,-5.732814998858706e-26,-1
M2D-T_9x5,238,2.711161893292274,-1.8122880787856066e-25,-1
M2D-T_9x5,239,2.716528303990955,-4.030317181127026,-1
M2D-T_9x5,240,2.734942892490932,7.645769387347916,1
M2D-T_9x5,241,2.74059735991343,4.86421599359046,1
M2D-T_9x5,242,2.756218325249231,1.166363997429905e-26,1
M2D-T_9x5,243,2.75710007480817,3.0818487095480937e-27,1
M2D-T_9x5,244,2.76663058652893,3.057844042187264,1
M2D-T_9x5,245,2.782509236303508,3.670269649465991e-23,1
M2D-T_9x5,246,2.7825649506831236,2.2894494836091157,1
M2D-T_9x5,247,2.783390985862447,6.790629509503246e-24,1
M2D-T_9x5,248,2.7843326404540294,6.845544987296181,1
M2D-T_9x5,249,2.8084125798042776,-6.427681462581335,-1
M2D-T_9x5,250,2.8231853923898957,3.3615922036196956e-27,1
M2D-T_9x5,251,2.824067141948834,1.4093226542198383e-27,1
M2D-T_9x5,252,2.832545362712504,-5.361461221750815,-1
M2D-T_9x5,253,2.8420809598061103,-10.3394446196149,-1
M2D-T_9x5,254,2.849626237955988,1.3829746667934157,1
M2D-T_9x5,255,2.850382381597763,4.7490782785859756e-24,1
M2D-T_9x5,256,2.8512641311567006,1.4950834364944176e-25,1
M2D-T_9x5,257,2.8592999386749822,4.090168761857192e-27,1
M2D-T_9x5,258,2.860181688233921,2.4995044711965735e-26,1
M2D-T_9x5,259,2.869837477031674,-1.8745838535262134,-1
M2D-T_9x5,260,2.877637991029163,-0.7738044593750875,-1
M2D-T_9x5,261,2.8866821403210396,-0.20752725185772217,-1
M2D-T_9x5,262,2.9032402151351446,-1.1933484434710977,-1
M2D-T_9x5,263,2.905713076592669,-1.125827421309131e-25,-1
M2D-T_9x5,264,2.906594826151607,-6.067757430920098e-27,-1
M2D-T_9x5,265,2.9146306336698893,-3.882263344881574e-27,-1
M2D-T_9x5,266,2.915512383228829,2.781362273015613e-27,1
M2D-T_9x5,267,2.9311663745189867,-3.3375086627640647,-1
M2D-T_9x5,268,2.9350931240378175,5.931604837596596,1
M2D-T_9x5,269,2.939366750468705,0.04720421769419467,1
M2D-T_9x5,270,2.941827622877757,5.099055670315764e-26,1
M2D-T_9x5,271,2.9427093724366946,6.683112502588773e-27,1
M2D-T_9x5,272,2.947293007155915,-0.33076274545627793,-1
M2D-T_9x5,273,2.9692470256574586,-0.8134862588475665,-1
M2D-T_9x5,274,2.9825037789641433,8.29372594685241e-28,1
M2D-T_9x5,275,2.9833855285230815,3.6712511452157155e-28,1
M2D-T_9x5,276,2.992389600213895,11.501008501045156,1
M2D-T_9x5,277,3.001094764826592,9.485270376740027e-28,1
M2D-T_9x5,278,3.0027650822562677,-0.3340472346552953,-1
M2D-T_9x5,279,3.01062306111875,-1.7347157337467076,-1
M2D-T_9x5,280,3.0120248664791367,-3.4807102956401697e-26,-1
M2D-T_9x5,281,3.012906616038077,2.806677629859662e-27,1
M2D-T_9x5,282,3.0264799624596543,3.540571016828035e-28,1
M2D-T_9x5,283,3.0355295045197415,-4.443369823707907,-1
M2D-T_9x5,284,3.037823786002014,-0.15565092503622183,-1
M2D-T_9x5,285,3.038293492366176,-3.16949141543724e-26,-1
M2D-T_9x5,286,3.038509489019152,-0.001783014486101899,-1
M2D-T_9x5,287,3.0547328715343154,-7.731968273588724e-28,-1
M2D-T_9x5,288,3.055614621093254,-1.560179111665852e-26,-1
M2D-T_9x5,289,3.0669154584822027,-3.859601676977232,-1
M2D-T_9x5,290,3.068061831967256,-2.2254006154961898e-26,-1
M2D-T_9x5,291,3.0789919336198,2.85998321924726e-25,1
M2D-T_9x5,292,3.0790682465857793,1.833985191586916e-27,1
M2D-T_9x5,293,3.0798736831787394,-2.621155941470845e-27,-1
M2D-T_9x5,294,3.080160533607582,0.621729473435892,1
M2D-T_9x5,295,3.0919303382907093,0.003132840334017089,1
M2D-T_9x5,296,3.09344702960032,1.9488829014623333e-27,1
M2D-T_9x5,297,3.104176378252343,1.68817045356898e-26,1
M2D-T_9x5,298,3.104464718054767,-0.04698826635989452,-1
M2D-T_9x5,299,3.1049048420606304,1.8198383660351,1
M2D-T_9x5,300,3.105260559506843,3.6126119821183564e-25,1
M2D-T_9x5,301,3.1054762540124927,0.0023489243449818075,1
M2D-T_9x5,302,3.115106479904886,1.0039590749280248e-27,1
M2D-T_9x5,303,3.115988229463826,-1.076973803813702e-28,-1
M2D-T_9x5,304,3.1190117428072375,-4.9318020160287155e-26,-1
M2D-T_9x5,305,3.1210488778857406,-0.0007457565483714244,-1
M2D-T_9x5,306,3.1226060168285694,1.058267034408129e-28,1
M2D-T_9x5,307,3.1234877663875076,-1.3053015697702823e-26,-1
M2D-T_9x5,308,3.1295615758854054,5.93430395203959e-29,1
M2D-T_9x5,309,3.133689446221299,1.9188145713125766,1
M2D-T_9x5,310,3.141375105791929,-2.439430657720551e-24,-1
M2D-T_9x5,311,3.1415758695760947,-0.28824247666458835,-1
M2D-T_9x5,312,3.141671324648119,-1.6684540463059565,-1
M2D-T_9x5,313,3.1460353137264403,-1.9390914811004314e-26,-1
M2D-T_9x5,314,3.148837131766125,-0.013486614941110964,-1
M2D-T_9x5,315,3.1593773434195795,5.590716234540352,1
M2D-T_9x5,316,3.15950707324725,8.88061703545392e-25,1
M2D-T_9x5,317,3.170437174899793,5.8500561454181404e-27,1
M2D-T_9x5,318,3.171318924458733,9.006502052280879e-27,1
M2D-T_9x5,319,3.1714259400717912,0.002490770170097493,1
M2D-T_9x5,320,3.1779367118234774,6.0126011245499705e-28,1
M2D-T_9x5,321,3.178818461382414,5.6044341148785246e-27,1
M2D-T_9x5,322,3.1821498600115286,-1.059011979410495e-26,-1
M2D-T_9x5,323,3.184892270880312,-2.671860712966586e-26,-1
M2D-T_9x5,324,3.185978809947902,-3.2011436596948797e-27,-1
M2D-T_9x5,325,3.1880081966369604,0.0009512531754884457,1
M2D-T_9x5,326,3.195531987925792,-0.1840597318086156,-1
M2D-T_9x5,327,3.1967058007868356,-4.7241631711189536e-26,-1
M2D-T_9x5,328,3.19692016628265,-0.0011913675753480494,-1
M2D-T_9x5,329,3.199082375276855,-6.450623407919347,-1
M2D-T_9x5,330,3.2023840387429727,-0.25678765733569986,-1
M2D-T_9x5,331,3.2064536926728153,0.5474915434404725,1
M2D-T_9x5,332,3.2075635005804872,0.0006621624423748036,1
M2D-T_9x5,333,3.2140512581085634,4.316338188764404e-27,1
M2D-T_9x5,334,3.214933007667501,4.9306195530282055e-27,1
M2D-T_9x5,335,3.2205602695333435,7.966222907525039e-29,1
M2D-T_9x5,336,3.2214420190922803,-3.006344757916864e-27,-1
M2D-T_9x5,337,3.2220933562329885,2.8248057986724114e-28,1
M2D-T_9x5,338,3.2241329633238602,-0.0009254178770759493,-1
M2D-T_9x5,339,3.2273802185415037,9.612159105577501e-29,1
M2D-T_9x5,340,3.2374805550064356,9.496843409851555e-29,1
M2D-T_9x5,341,3.2383103201940475,-6.53747568304557e-26,-1
M2D-T_9x5,342,3.2391920697529866,-3.9436000061055486e-26,-1
M2D-T_9x5,343,3.240169294258436,-0.40595995748293334,-1
M2D-T_9x5,344,3.246478593556443,-0.12088488630482475,-1
M2D-T_9x5,345,3.2524215060145596,-6.558330808267818,-1
M2D-T_9x5,346,3.252765416174566,-6.330094947893045e-26,-1
M2D-T_9x5,347,3.262373283197514,2.926768591320545,1
M2D-T_9x5,348,3.2628954350038337,0.17107782877748703,1
M2D-T_9x5,349,3.2645736341532134,3.170435094720049,1
M2D-T_9x5,350,3.2645789460810937,1.3483822648616908e-20,1
M2D-T_9x5,351,3.264797844503513,0.061724253646304975,1
M2D-T_9x5,352,3.2774240512278956,1.9070175841538163e-26,1
M2D-T_9x5,353,3.279462581921053,0.004743421252221631,1
M2D-T_9x5,354,3.287527336674007,-3.7967982851302197e-28,-1
M2D-T_9x5,355,3.288409086232946,1.3389394980415865e-26,1
M2D-T_9x5,356,3.295818968792169,-2.7108131302811134,-1
M2D-T_9x5,357,3.299609311111675,-7.608167184041924e-27,-1
M2D-T_9x5,358,3.301688828540255,-0.14522414764278016,-1
M2D-T_9x5,359,3.305353700300688,-2.70212597913002e-27,-1
M2D-T_9x5,360,3.3105394127642214,1.020732858002613e-28,1
M2D-T_9x5,361,3.3114211623231604,-9.854687038956513e-26,-1
M2D-T_9x5,362,3.3138999617456237,-1.3816556000173945,-1
M2D-T_9x5,363,3.319437123331452,5.754914994656909,1
M2D-T_9x5,364,3.323641882959094,1.2817886399997849e-26,1
M2D-T_9x5,365,3.324523632518032,1.3366208667818705e-25,1
M2D-T_9x5,366,3.324994508744739,1.0573216222141255e-27,1
M2D-T_9x5,367,3.3307529117604946,0.011045000126796947,1
M2D-T_9x5,368,3.3366122216988128,-0.06935808239168162,-1
M2D-T_9x5,369,3.336808038651263,-4.619878711992072e-25,-1
M2D-T_9x5,370,3.337025220574492,-0.0016406726093698538,-1
M2D-T_9x5,371,3.345297196522149,3.482788442815705e-27,1
M2D-T_9x5,372,3.347334739480692,0.0027342176042963696,1
M2D-T_9x5,373,3.3512720197949823,1.5749371818044537,1
M2D-T_9x5,374,3.3566720871487465,-7.773906175354134e-28,-1
M2D-T_9x5,375,3.3575538367076843,6.40824162033692e-28,1
M2D-T_9x5,376,3.36748245640593,-2.0605824335062183e-27,-1
M2D-T_9x5,377,3.369130156914758,-4.479157843479859,-1
M2D-T_9x5,378,3.37758279287086,-3.7849724647919326e-28,-1
M2D-T_9x5,379,3.3784125580584745,-2.7817851161347176e-26,-1
M2D-T_9x5,380,3.378972577954001,-6.835376456762652e-27,-1
M2D-T_9x5,381,3.379294307617414,-3.471013066199684e-26,-1
M2D-T_9x5,382,3.3798543275129402,-9.139059644571254e-27,-1
M2D-T_9x5,383,3.3824467982760096,0.029954259318943192,1
M2D-T_9x5,384,3.3845291853116666,1.5259866945519052e-26,1
M2D-T_9x5,385,3.3913151177639818,-0.1778363081212167,-1
M2D-T_9x5,386,3.3928676540389926,1.3472212969936215e-26,1
M2D-T_9x5,387,3.402978626372629,0.014376479614511039,1
M2D-T_9x5,388,3.4040245624451657,0.042768399791342886,1
M2D-T_9x5,389,3.404406791597634,0.247465163894524,1
M2D-T_9x5,390,3.4046811839455193,1.4989346590650163e-25,1
M2D-T_9x5,391,3.404896971206062,-0.0002428645773608096,-1
M2D-T_9x5,392,3.4099143829447307,1.4174098842039592e-26,1
M2D-T_9x5,393,3.4139464176414074,5.201251249659653,1
M2D-T_9x5,394,3.4175262890923235,-1.077791328451884e-27,-1
M2D-T_9x5,395,3.419570305290023,-0.0017440052429386333,-1
M2D-T_9x5,396,3.4217279128512574,8.282530886283456e-26,1
M2D-T_9x5,397,3.421943785355708,0.00028229588304440415,1
M2D-T_9x5,398,3.4228131514008378,9.293168627892351e-27,1
M2D-T_9x5,399,3.423639154289411,9.674764004260896e-28,1
M2D-T_9x5,400,3.4245209038483497,2.2958073786215896e-28,1
M2D-T_9x5,401,3.4337432530533816,-1.8528349205879626e-28,-1
M2D-T_9x5,402,3.4346250026123197,-4.0521581549315145e-28,-1
M2D-T_9x5,403,3.4368535123433044,-0.00036538583644078396,-1
M2D-T_9x5,404,3.4454559381651144,1.951560179472922e-27,1
M2D-T_9x5,405,3.446845723248255,-8.488716509803118e-27,-1
M2D-T_9x5,406,3.4477274728071943,-1.432939972950362e-26,-1
M2D-T_9x5,407,3.4481983490339014,6.316587894920835e-28,1
M2D-T_9x5,408,3.449502091406177,0.2684448768986287,1
M2D-T_9x5,409,3.4514962524523343,1.4441235932726043e-27,1
M2D-T_9x5,410,3.458037229702078,0.6855512837770109,1
M2D-T_9x5,411,3.4589276976859242,5.597223548808867e-28,1
M2D-T_9x5,412,3.459753700574498,-2.9336678808180974e-25,-1
M2D-T_9x5,413,3.4600118789404264,-6.352239699936981e-24,-1
M2D-T_9x5,414,3.4602023424358017,-0.29146169861178434,-1
M2D-T_9x5,415,3.460272012095326,-0.4323140923259972,-1
M2D-T_9x5,416,3.460635450133438,4.898727726825033e-26,1
M2D-T_9x5,417,3.4625026670708525,3.651656011548203e-28,1
M2D-T_9x5,418,3.4667698085002123,3.864643182077141,1
M2D-T_9x5,419,3.469857799338469,-1.5750904876240243e-26,-1
M2D-T_9x5,420,3.4707395488974067,1.8250633327379503e-25,1
M2D-T_9x5,421,3.4708567929608525,-0.0013896406938512644,-1
M2D-T_9x5,422,3.474416429943051,-0.6649949743805134,-1
M2D-T_9x5,423,3.476881450085398,4.038394527662179e-27,1
M2D-T_9x5,424,3.484312895318988,1.1527494483823877e-29,1
M2D-T_9x5,425,3.4853994343865753,-1.1771147657268808e-25,-1
M2D-T_9x5,426,3.487427014452382,-0.027152963976892635,-1
M2D-T_9x5,427,3.487610798737421,-2.1277851045081656e-25,-1
M2D-T_9x5,428,3.487827389448639,-0.7643959531950844,-1
M2D-T_9x5,429,3.4879007223793512,0.0002083435324867117,1
M2D-T_9x5,430,3.488694979991922,-3.609614057639571e-25,-1
M2D-T_9x5,431,3.488911503059126,0.007400876425417789,1
M2D-T_9x5,432,3.496041345504557,0.45319258742744456,1
M2D-T_9x5,433,3.496126425225515,2.5153743969646064e-24,1
M2D-T_9x5,434,3.496343963456808,0.0006245708672319198,1
M2D-T_9x5,435,3.5007866331600215,-1.1329282582124206e-27,-1
M2D-T_9x5,436,3.5024461632923165,5.047375816024149e-26,1
M2D-T_9x5,437,3.504481862759111,0.0024948880153971616,1
M2D-T_9x5,438,3.505026680719842,2.457617482484348,1
M2D-T_9x5,439,3.512995996370484,2.2336135385127143e-27,1
M2D-T_9x5,440,3.5150843955694064,-5.52141024885159e-26,-1
M2D-T_9x5,441,3.515736290408403,-2.9969304906822596,-1
M2D-T_9x5,442,3.5159661451283424,-1.4829409486417205e-25,-1
M2D-T_9x5,443,3.519074815818428,9.679544963772465e-27,1
M2D-T_9x5,444,3.5199565653773672,-8.319245726523193e-25,-1
M2D-T_9x5,445,3.520641002927069,3.6080113910720427e-28,1
M2D-T_9x5,446,3.524809526277008,-3.1273598767330232e-25,-1
M2D-T_9x5,447,3.5250285808643445,-0.00962390528307134,-1
M2D-T_9x5,448,3.5261843857319253,-0.0011229214020002194,-1
M2D-T_9x5,449,3.529469734211519,-1.1751987204598035e-26,-1
M2D-T_9x5,450,3.530518549843092,-2.334632643608537,-1
M2D-T_9x5,451,3.53690117944511,-7.92258088452433e-27,-1
M2D-T_9x5,452,3.5400795116468298,-0.18285481874009432,-1
M2D-T_9x5,453,3.540730129381486,1.2987425953084276e-27,1
M2D-T_9x5,454,3.5427685715370756,0.006047593692230427,1
M2D-T_9x5,455,3.5429414937323287,3.518173124302592e-27,1
M2D-T_9x5,456,3.545233223578424,-0.200488266768015,-1
M2D-T_9x5,457,3.546026200560132,6.894077275875213e-26,1
M2D-T_9x5,458,3.549495326177089,-0.08781158904586465,-1
M2D-T_9x5,459,3.553547858969309,-0.9661038806864459,-1
M2D-T_9x5,460,3.5548790268420136,0.054222028133914225,1
M2D-T_9x5,461,3.557839730466659,5.169659617264887e-25,1
M2D-T_9x5,462,3.5580571667112513,0.000501742455004269,1
M2D-T_9x5,463,3.5623069103764493,-0.0016417077918867739,-1
M2D-T_9x5,464,3.5655842804966063,-1.7589591180969943e-28,-1
M2D-T_9x5,465,3.5683266913653924,-4.155336604407861e-29,-1
M2D-T_9x5,466,3.5694132304329793,1.1332696368367322e-26,1
M2D-T_9x5,467,3.5714541054615503,0.049921371526167886,1
M2D-T_9x5,468,3.576844675666571,-2.965534069721925e-27,-1
M2D-T_9x5,469,3.578882797703471,8.793475357210804e-05,1
M2D-T_9x5,470,3.580140221271917,-4.64943022953165e-26,-1
M2D-T_9x5,471,3.580359904118912,-0.0010675064582882521,-1
M2D-T_9x5,472,3.582957540863661,1.5467420415982542e-28,1
M2D-T_9x5,473,3.583839290422596,1.9861335092808644e-26,1
M2D-T_9x5,474,3.5869479611126813,1.4417766655608438e-27,1
M2D-T_9x5,475,3.587608070067738,5.543595413855901e-27,1
M2D-T_9x5,476,3.587829710671619,2.4190935849108268e-27,1
M2D-T_9x5,477,3.59101414851922,-0.06944454337239982,-1
M2D-T_9x5,478,3.5986144846862564,1.7817283409751688e-27,1
M2D-T_9x5,479,3.5998151148546818,0.36460986893912456,1
M2D-T_9x5,480,3.6044710895035377,-0.7026561084399772,-1
M2D-T_9x5,481,3.6055277767180662,-4.1024144367613233e-25,-1
M2D-T_9x5,482,3.607600187352152,-0.0825702910991044,-1
M2D-T_9x5,483,3.6098568319692292,0.1556013709130892,1
M2D-T_9x5,484,3.6108146390265805,-1.4760679315107422e-26,-1
M2D-T_9x5,485,3.612993267700801,-1.3379896202651146e-26,-1
M2D-T_9x5,486,3.615370388076949,-1.4394213503544444,-1
M2D-T_9x5,487,3.6209149754915138,-1.1053739073691007e-26,-1
M2D-T_9x5,488,3.6237226163528233,4.0462091055571095e-26,1
M2D-T_9x5,489,3.624028329545826,-0.004305247974843784,-1
M2D-T_9x5,490,3.6248067976073246,-1.0386321128625241e-24,-1
M2D-T_9x5,491,3.625026147470876,-0.01577432968173943,-1
M2D-T_9x5,492,3.6361998366596437,9.49276400792247e-29,1
M2D-T_9x5,493,3.6385579809077218,4.226984520411452e-27,1
M2D-T_9x5,494,3.6406071058831238,-0.002511966364748312,-1
M2D-T_9x5,495,3.642278656107592,-2.1253737571241797e-26,-1
M2D-T_9x5,496,3.643160405666529,-4.63342779405539e-27,-1
M2D-T_9x5,497,3.646356588617519,-0.014456694663558405,-1
M2D-T_9x5,498,3.6480133665661705,3.233995167437979e-25,1
M2D-T_9x5,499,3.6482315390771456,0.002030808291667693,1
M2D-T_9x5,500,3.6491078139858875,-2.258485960608977e-27,-1
M2D-T_9x5,501,3.6551866334338334,-1.748004854791835e-26,-1
M2D-T_9x5,502,3.6560683829927716,6.352701604193865e-27,1
M2D-T_9x5,503,3.6608584717129724,6.276180089497421e-27,1
M2D-T_9x5,504,3.660921343892412,9.140673280866711e-26,1
M2D-T_9x5,505,3.6611445064125334,0.01676960144560826,1
M2D-T_9x5,506,3.6629097185643396,0.00512951381742856,1
M2D-T_9x5,507,3.6636924949353546,-0.009454988197695252,-1
M2D-T_9x5,508,3.6655815518269224,-4.646894559743903e-26,-1
M2D-T_9x5,509,3.6682768819224125,-1.748515628977801,-1
M2D-T_9x5,510,3.6747334776840086,0.19967450386879565,1
M2D-T_9x5,511,3.6783932023926766,-2.6849716129078545e-28,-1
M2D-T_9x5,512,3.6790533113477326,4.9388363716945855e-27,1
M2D-T_9x5,513,3.679274951951614,-5.626619094221157e-26,-1
M2D-T_9x5,514,3.681397880850454,-0.060706337610042384,-1
M2D-T_9x5,515,3.683043731596754,-2.8249747920958276e-27,-1
M2D-T_9x5,516,3.6887881207857656,-1.1724254963418656e-25,-1
M2D-T_9x5,517,3.691013463597617,-0.16934563962289373,-1
M2D-T_9x5,518,3.7016960981120093,1.4452785581341888e-26,1
M2D-T_9x5,519,3.704438508980794,-2.064147226592969e-27,-1
M2D-T_9x5,520,3.705504458532032,-0.10536873892931768,-1
M2D-T_9x5,521,3.7055250480483837,-2.901510375283148e-22,-1
M2D-T_9x5,522,3.707591927825351,-0.10792522095902168,-1
M2D-T_9x5,523,3.708428929229818,-7.408435102778836e-28,-1
M2D-T_9x5,524,3.7142104994747864,0.02170314605041423,1
M2D-T_9x5,525,3.71625203888732,3.6433167525506953e-25,1
M2D-T_9x5,526,3.7164777210631192,0.00739567453231941,1
M2D-T_9x5,527,3.72024245913634,6.042567595998785e-28,1
M2D-T_9x5,528,3.7204584915802115,0.0012316093915945394,1
M2D-T_9x5,529,3.723059778728087,2.9032787980455676e-26,1
M2D-T_9x5,530,3.7239415282870243,3.455907110174924e-25,1
M2D-T_9x5,531,3.727191461950971,0.22023841471803265,1
M2D-T_9x5,532,3.728731617007227,1.5474073913580353e-24,1
M2D-T_9x5,533,3.7291764059812786,2.9291127591331006e-25,1
M2D-T_9x5,534,3.730278455111398,3.2284600775175885,1
M2D-T_9x5,535,3.730786961567822,0.01984956656197425,1
M2D-T_9x5,536,3.736910719656701,-0.3969929356956918,-1
M2D-T_9x5,537,3.7416395943334706,2.901497781629913e-26,1
M2D-T_9x5,538,3.7437834848848057,0.09348837151136016,1
M2D-T_9x5,539,3.746926456641986,1.5582831580192505e-27,1
M2D-T_9x5,540,3.749664075897983,0.6407316873856702,1
M2D-T_9x5,541,3.750916876891007,1.9130139000598503e-26,1
M2D-T_9x5,542,3.7545616036143428,5.603261457743716e-26,1
M2D-T_9x5,543,3.757026793106918,-4.9163147000763095e-28,-1
M2D-T_9x5,544,3.76101721335594,1.1800759941830066e-27,1
M2D-T_9x5,545,3.766375133520868,-4.596354838990294e-26,-1
M2D-T_9x5,546,3.7665917973388794,0.0014659658722808034,1
M2D-T_9x5,547,3.7680639586340137,-0.5155625191830551,-1
M2D-T_9x5,548,3.77231165427505,1.52567349369435e-29,1
M2D-T_9x5,549,3.7763020745240707,-6.026018348872567e-27,-1
M2D-T_9x5,550,3.778390473722994,-4.981950955240569e-27,-1
M2D-T_9x5,551,3.779272223281929,2.897755734760281e-27,1
M2D-T_9x5,552,3.7825411916707745,0.08907140875910534,1
M2D-T_9x5,553,3.7841251841815717,-4.911029728249468e-26,-1
M2D-T_9x5,554,3.784347954807057,-0.007537097066805177,-1
M2D-T_9x5,555,3.786425414498269,0.010890640939283412,1
M2D-T_9x5,556,3.788115604430597,2.5011616619769292e-26,1
M2D-T_9x5,557,3.7883324743393127,0.0031427323958713124,1
M2D-T_9x5,558,3.7961434731219437,-2.5317587188236045e-28,-1
M2D-T_9x5,559,3.796970289328379,1.0213229749863584e-27,1
M2D-T_9x5,560,3.799099984774503,0.06611555614520781,1
M2D-T_9x5,561,3.800960709577399,1.3792657795834982e-25,1
M2D-T_9x5,562,3.8029877933168366,0.001222792572487671,1
M2D-T_9x5,563,3.803643400258274,0.8145042424173519,1
M2D-T_9x5,564,3.8062475718859137,3.435464602125566e-26,1
M2D-T_9x5,565,3.8071498877404646,5.0680852841021976e-26,1
M2D-T_9x5,566,3.8088981298230253,-0.09101172761208647,-1
M2D-T_9x5,567,3.814505020008079,-4.405426908426549e-27,-1
M2D-T_9x5,568,3.815386769567017,3.0915525201169342e-27,1
M2D-T_9x5,569,3.819155549212159,6.756478647528954e-28,1
M2D-T_9x5,570,3.8215286707550074,-8.210172405637353e-29,-1
M2D-T_9x5,571,3.824899938401171,1.1434163661674678e-28,1
M2D-T_9x5,572,3.8288903586501926,2.491125683130627e-28,1
M2D-T_9x5,573,3.8316327695189765,3.74850757108684e-28,1
M2D-T_9x5,574,3.8322580194070324,-6.100566536858342e-27,-1
M2D-T_9x5,575,3.8325584780775985,0.00618722847194656,1
M2D-T_9x5,576,3.8333422006615314,6.221324409135765e-25,1
M2D-T_9x5,577,3.833561151343737,0.013117594541820743,1
M2D-T_9x5,578,3.8414381645706643,0.005564688998443681,1
M2D-T_9x5,579,3.842362118171,8.522692907911016e-27,1
M2D-T_9x5,580,3.843446299425504,-5.213488045530092e-25,-1
M2D-T_9x5,581,3.843666408939797,-0.005684573313986802,-1
M2D-T_9x5,582,3.844540746845223,1.354857051933034e-27,1
M2D-T_9x5,583,3.8470933839619317,1.685095948804204e-25,1
M2D-T_9x5,584,3.8491382854225895,0.007182393332649868,1
M2D-T_9x5,585,3.8503700205977474,-0.074720849602931,-1
M2D-T_9x5,586,3.8542974041157416,0.032023228198381014,1
M2D-T_9x5,587,3.8563542767517447,-2.8180532132695325e-26,-1
M2D-T_9x5,588,3.856573622831217,-0.004740842701083464,-1
M2D-T_9x5,589,3.857643217040095,7.780955037748113e-28,1
M2D-T_9x5,590,3.864843434622632,-1.0171056188332493e-26,-1
M2D-T_9x5,591,3.866921686354232,-0.02884393561438546,-1
M2D-T_9x5,592,3.867025673733738,-1.0281403573490107,-1
M2D-T_9x5,593,3.867747315804065,-1.77540817995668e-24,-1
M2D-T_9x5,594,3.8688338548716534,-1.37346373942819e-25,-1
M2D-T_9x5,595,3.86945674694662,-8.64589563911499e-26,-1
M2D-T_9x5,596,3.8696822164553435,-0.009383326243354183,-1
M2D-T_9x5,597,3.8708875260071127,0.03591745943561185,1
M2D-T_9x5,598,3.8741169548811314,2.8357527439734453e-29,1
M2D-T_9x5,599,3.879560845710592,8.045715469832682e-25,1
M2D-T_9x5,600,3.8797792826770214,0.0024579419874691958,1
M2D-T_9x5,601,3.8842210536450983,4.412590415828588e-29,1
M2D-T_9x5,602,3.887028694506412,-3.0677487723729667e-28,-1
M2D-T_9x5,603,3.8875887144019394,1.3706943209323542e-28,1
M2D-T_9x5,604,3.8971290309713438,6.739874586939585e-26,1
M2D-T_9x5,605,3.899531502815581,0.16284445592551658,1
M2D-T_9x5,606,3.9026299653979915,0.15017203342720872,1
M2D-T_9x5,607,3.909669013387012,-0.0687485671406465,-1
M2D-T_9x5,608,3.910231501166218,-4.375681623575567e-26,-1
M2D-T_9x5,609,3.9124138921394755,-3.336276295244683e-27,-1
M2D-T_9x5,610,3.912973912035002,-5.78490651543021e-29,-1
M2D-T_9x5,611,3.914060451102592,2.0631371945579216e-25,1
M2D-T_9x5,612,3.9161284290098934,0.10831521192208278,1
M2D-T_9x5,613,3.9203355999301848,-2.5955329178324413e-26,-1
M2D-T_9x5,614,3.922584764701212,-0.042572829369837806,-1
M2D-T_9x5,615,3.9241645498665623,-6.3268518449128705e-27,-1
M2D-T_9x5,616,3.9242274220459996,-1.734434892732554e-24,-1
M2D-T_9x5,617,3.9244469419553876,-0.005973568939343648,-1
M2D-T_9x5,618,3.9247874419415267,-3.0280740862068915e-25,-1
M2D-T_9x5,619,3.925010324895907,-0.011313118620169158,-1
M2D-T_9x5,620,3.926242285557944,-0.05669720733509656,-1
M2D-T_9x5,621,3.935742099164654,-0.12348244871991457,-1
M2D-T_9x5,622,3.937072527192804,-4.7840845608685783e-26,-1
M2D-T_9x5,623,3.9391532357448713,-0.037394389652939834,-1
M2D-T_9x5,624,3.9423593895013185,-1.7547846207185558e-28,-1
M2D-T_9x5,625,3.9457630549675615,0.030159758075026764,1
M2D-T_9x5,626,3.9501749973876774,-9.138116482962533e-27,-1
M2D-T_9x5,627,3.952304377757357,-0.10444525711132661,-1
M2D-T_9x5,628,3.955461859696193,-3.4707877639921475e-28,-1
M2D-T_9x5,629,3.9602790961516483,-1.0132591921803537e-27,-1
M2D-T_9x5,630,3.96233979896681,0.024760903808459255,1
M2D-T_9x5,631,3.965002176265598,-5.086516448956511e-28,-1
M2D-T_9x5,632,3.965562196161125,2.9483266163409698e-28,1
M2D-T_9x5,633,3.9677445871343813,-1.1089390389951765e-28,-1
M2D-T_9x5,634,3.9784739357864045,1.6090088976260438e-27,1
M2D-T_9x5,635,3.9795581170409053,4.703245951956153e-26,1
M2D-T_9x5,636,3.9797849394292912,0.014259993390219052,1
M2D-T_9x5,637,3.9808470573292567,1.0028275518283936e-27,1
M2D-T_9x5,638,3.984982947211184,-2.3526592021680495e-27,-1
M2D-T_9x5,639,3.9904358206786164,-0.05567340677285313,-1
M2D-T_9x5,640,3.9910480644243664,-0.1567006711396119,-1
M2D-T_9x5,641,3.9926605872357794,-7.628551589168781e-26,-1
M2D-T_9x5,642,3.9928813978728934,0.007276816849741823,1
M2D-T_9x5,643,4.003859133419469,-1.3427426636274139e-30,-1
M2D-T_9x5,644,4.004945672487059,-1.5086044327090084e-25,-1
M2D-T_9x5,645,4.005505692382585,-2.8176988872359786e-25,-1
M2D-T_9x5,646,4.007012728262881,-0.04916176089684838,-1
M2D-T_9x5,647,4.007614243017411,-0.12795467862801635,-1
M2D-T_9x5,648,4.010368144844249,-2.0930570544140565e-27,-1
M2D-T_9x5,649,4.015672663325993,-1.0619777547351802e-24,-1
M2D-T_9x5,650,4.015896404489406,-0.0064573144608476496,-1
M2D-T_9x5,651,4.0203328712605035,-5.076693700513446e-28,-1
M2D-T_9x5,652,4.022181674750768,-9.706855574212792e-26,-1
M2D-T_9x5,653,4.022398291572051,-0.00028047640292223707,-1
M2D-T_9x5,654,4.027690952266367,6.026481513493534e-29,1
M2D-T_9x5,655,4.033435341455379,-1.328868588667657e-28,-1
M2D-T_9x5,656,4.045857993537353,0.16836512083355973,1
M2D-T_9x5,657,4.051950014351848,7.038832556932628e-29,1
M2D-T_9x5,658,4.0530761498994305,2.60090081654836e-28,1
M2D-T_9x5,659,4.056447417545591,-4.351498897322761e-29,-1
M2D-T_9x5,660,4.058886266357991,0.07486593168011679,1
M2D-T_9x5,661,4.060276367481965,4.487448069805187e-26,1
M2D-T_9x5,662,4.062419783491824,0.1480553041491127,1
M2D-T_9x5,663,4.062956428970373,1.0824728415653317e-25,1
M2D-T_9x5,664,4.064889679805953,1.2163588969725323e-26,1
M2D-T_9x5,665,4.0651107267892765,0.006188926400619676,1
M2D-T_9x5,666,4.073378837676838,5.443817906434565e-26,1
M2D-T_9x5,667,4.075459795117947,0.06566225825285041,1
M2D-T_9x5,668,4.077335211984914,-2.4071585196066378e-28,-1
M2D-T_9x5,669,4.081938816260031,-0.07498144153255076,-1
M2D-T_9x5,670,4.088064560636936,2.3524925475556885e-26,1
M2D-T_9x5,671,4.0883622361359135,-0.002940652806173089,-1
M2D-T_9x5,672,4.089148741891438,-2.1872335926118233e-25,-1
M2D-T_9x5,673,4.089365808659392,-0.004859273192497748,-1
M2D-T_9x5,674,4.09556409756062,4.012988416217265e-28,1
M2D-T_9x5,675,4.0963909137670536,-9.018156883902604e-27,-1
M2D-T_9x5,676,4.098503794293754,-0.062741288816797,-1
M2D-T_9x5,677,4.102899925191835,3.78791515173622e-26,1
M2D-T_9x5,678,4.104943161869746,-0.002495046032242984,-1
M2D-T_9x5,679,4.105664434025553,-1.5354851515460405e-28,-1
M2D-T_9x5,680,4.11344975827,8.891425455477758e-28,1
M2D-T_9x5,681,4.120949295193682,-1.6184001453788125e-28,-1
M2D-T_9x5,682,4.125263288176524,1.6590337534757946e-25,1
M2D-T_9x5,683,4.125484348241383,0.0034849416514234305,1
M2D-T_9x5,684,4.129923496111034,3.7116998024449735e-26,1
M2D-T_9x5,685,4.131121045340218,0.07766344729904236,1
M2D-T_9x5,686,4.132762825100208,6.145203519665946e-26,1
M2D-T_9x5,687,4.13298094132111,0.005095012675347577,1
M2D-T_9x5,688,4.1433952556318445,-3.390570776557285e-29,-1
M2D-T_9x5,689,4.145607930247011,3.023900711562792e-26,1
M2D-T_9x5,690,4.147692611888701,0.06450973839522463,1
M2D-T_9x5,691,4.150894792555525,5.174090859953953e-27,1
M2D-T_9x5,692,4.155334957578958,-0.05499511476064915,-1
M2D-T_9x5,693,4.166038042396122,-1.3424251099894388e-28,-1
M2D-T_9x5,694,4.168780453264907,-2.8629162478168794e-28,-1
M2D-T_9x5,695,4.169866992332495,-4.7275064672567286e-26,-1
M2D-T_9x5,696,4.171914770690522,-0.044583920919047386,-1
M2D-T_9x5,697,4.173537579319804,-1.0384565089237226e-28,-1
M2D-T_9x5,698,4.176279990188588,6.200973859099454e-28,1
M2D-T_9x5,699,4.180593983171432,2.640833514587218e-25,1
M2D-T_9x5,700,4.180814846332536,0.004659526204554705,1
M2D-T_9x5,701,4.187009338840613,-1.430119779957078e-26,-1
M2D-T_9x5,702,4.188093520095112,-5.577132681868934e-25,-1
M2D-T_9x5,703,4.188317921530421,-0.013602011828182242,-1
M2D-T_9x5,704,4.191496330229884,0.04069339149450138,1
M2D-T_9x5,705,4.198961724978529,0.05858712370558457,1
M2D-T_9x5,706,4.205981538617584,6.383982198016567e-28,1
M2D-T_9x5,707,4.208067861750145,0.033937897904119614,1
M2D-T_9x5,708,4.211268400926098,3.1410874322616377e-28,1
M2D-T_9x5,709,4.212394536473676,-8.236058314328934e-28,-1
M2D-T_9x5,710,4.213481075541264,3.768223148300019e-27,1
M2D-T_9x5,711,4.215539474745018,0.04842878467614283,1
M2D-T_9x5,712,4.221368737391029,2.586545820067055e-28,1
M2D-T_9x5,713,4.224208066380201,5.1246885914653616e-26,1
M2D-T_9x5,714,4.224431107539882,0.005703527219568382,1
M2D-T_9x5,715,4.228868274314713,9.829824783185077e-28,1
M2D-T_9x5,716,4.236653598559161,2.1739290768707855e-28,1
M2D-T_9x5,717,4.246824547154043,0.05536799524951095,1
M2D-T_9x5,718,4.248467128465685,1.0128423409914591e-25,1
M2D-T_9x5,719,4.248685880494427,0.0010606888638092062,1
M2D-T_9x5,720,4.25436546613676,-0.1612852549788721,-1
M2D-T_9x5,721,4.257206582441991,-8.507553131903516e-27,-1
M2D-T_9x5,722,4.26131223361249,1.1334112265036688e-26,1
M2D-T_9x5,723,4.263396479066616,0.045346141439367584,1
M2D-T_9x5,724,4.264982820599799,1.9072813585054808e-27,1
M2D-T_9x5,725,4.268811770536173,-1.472172292782813e-26,-1
M2D-T_9x5,726,4.270930142695995,-0.13461842640783792,-1
M2D-T_9x5,727,4.282591780075055,2.861867426389002e-28,1
M2D-T_9x5,728,4.283497493496272,9.439550884268529e-29,1
M2D-T_9x5,729,4.2892418826852845,5.0959464474044107e-26,1
M2D-T_9x5,730,4.290465316474186,0.06820308041592686,1
M2D-T_9x5,731,4.294405309981583,-1.658644398069443e-26,-1
M2D-T_9x5,732,4.294621796621199,0.00011873182251572713,1
M2D-T_9x5,733,4.30492631682126,3.8288718282032556e-26,1
M2D-T_9x5,734,4.307032366087596,0.05703170354372525,1
M2D-T_9x5,735,4.308882691129336,2.2850129715205568e-27,1
M2D-T_9x5,736,4.314672906095827,0.01317736438696949,1
M2D-T_9x5,737,4.320696221035858,-1.1557513884293007e-25,-1
M2D-T_9x5,738,4.320913799814396,-0.006187900196029141,-1
M2D-T_9x5,739,4.324173649582658,-3.446548169493143e-29,-1
M2D-T_9x5,740,4.329185378906744,5.028266663125126e-27,1
M2D-T_9x5,741,4.3312490897302585,0.011621164164171171,1
M2D-T_9x5,742,4.335180064201178,8.184963431566663e-28,1
M2D-T_9x5,743,4.349558847215722,-2.5190448809153265e-29,-1
M2D-T_9x5,744,4.351370638790525,4.1701603679831184e-29,1
M2D-T_9x5,745,4.360288195867745,-6.376218126657932e-28,-1
M2D-T_9x5,746,4.360585166531552,0.001267030307174555,1
M2D-T_9x5,747,4.361372377122246,-8.64285298700485e-27,-1
M2D-T_9x5,748,4.3614709752554575,-4.9658558556057136e-26,-1
M2D-T_9x5,749,4.361588104699377,-0.00262496610093687,-1
M2D-T_9x5,750,4.37512356042264,3.091255948866648e-27,1
M2D-T_9x5,751,4.376755836423588,1.8968650121365155e-29,1
M2D-T_9x5,752,4.377166325549025,0.0010833773403457073,1
M2D-T_9x5,753,4.3856733935008085,-7.002192533075807e-27,-1
M2D-T_9x5,754,4.386888645516263,-0.07382970858892096,-1
M2D-T_9x5,755,4.388569366330111,-3.9827755892843785e-27,-1
M2D-T_9x5,756,4.388786677685679,-0.0021148688327492456,-1
M2D-T_9x5,757,4.397486923407332,1.7121428221940935e-25,1
M2D-T_9x5,758,4.397705212103266,0.0024508722222893187,1
M2D-T_9x5,759,4.401414471476919,-8.459233213212416e-26,-1
M2D-T_9x5,760,4.402147131341844,-1.3227435661206528e-26,-1
M2D-T_9x5,761,4.403467491319356,-0.06070916577004686,-1
M2D-T_9x5,762,4.406701333785431,-1.9994124221620305e-27,-1
M2D-T_9x5,763,4.415618890862652,-5.835437705722757e-29,-1
M2D-T_9x5,764,4.427543130028308,-0.03203882840930554,-1
M2D-T_9x5,765,4.42934412054971,-1.3148257827032594e-28,-1
M2D-T_9x5,766,4.432086531418494,9.384074250057966e-29,1
M2D-T_9x5,767,4.43826167762693,-5.020675807823402e-28,-1
M2D-T_9x5,768,4.441004088495717,4.6265100585170344e-29,1
M2D-T_9x5,769,4.442090627563303,-1.567826939608943e-26,-1
M2D-T_9x5,770,4.442815880070517,1.4088182042433684e-27,1
M2D-T_9x5,771,4.443900061325019,1.1614613939547625e-26,1
M2D-T_9x5,772,4.444118868681124,-0.005569216462421212,-1
M2D-T_9x5,773,4.444128406996511,-0.015246680227863867,-1
M2D-T_9x5,774,4.452817618402241,8.837718945657793e-26,1
M2D-T_9x5,775,4.453037655963285,0.004517345010525449,1
M2D-T_9x5,776,4.454758718855267,-0.024537077755396187,-1
M2D-T_9x5,777,4.463687927245129,0.029313441777325127,1
M2D-T_9x5,778,4.46820107770358,-1.8091200119605442e-28,-1
M2D-T_9x5,779,4.469287616771172,1.1089587791508663e-27,1
M2D-T_9x5,780,4.471338129741346,-0.020238925102807545,-1
M2D-T_9x5,781,4.47820517384839,-7.6523140206598725e-28,-1
M2D-T_9x5,782,4.480014607610107,-9.22541780178822e-25,-1
M2D-T_9x5,783,4.4802330307169616,-0.0030897947827855563,-1
M2D-T_9x5,784,4.480266440735024,0.025611112040284725,1
M2D-T_9x5,785,4.483492036156906,-1.227652872665169e-28,-1
M2D-T_9x5,786,4.484674815544617,1.214275990608855e-29,1
M2D-T_9x5,787,4.493592372621839,4.671785241334237e-29,1
M2D-T_9x5,788,4.50887723378997,2.588665265492954e-26,1
M2D-T_9x5,789,4.510135923476741,0.06514050196047177,1
M2D-T_9x5,790,4.513013123671898,5.658403635418968e-28,1
M2D-T_9x5,791,4.519040014328299,0.05407984799872961,1
M2D-T_9x5,792,4.520690763696494,-3.2985425301512635e-25,-1
M2D-T_9x5,793,4.5207893618297055,-8.996944736356943e-26,-1
M2D-T_9x5,794,4.520908613348833,-0.007568531181218941,-1
M2D-T_9x5,795,4.524618311766079,2.8855007281791137e-26,1
M2D-T_9x5,796,4.526707181006283,0.05325383021559982,1
M2D-T_9x5,797,4.533535868843298,1.502636527749445e-27,1
M2D-T_9x5,798,4.535613725645212,0.04407770638467934,1
M2D-T_9x5,799,4.538398321304962,1.1951320248275674e-27,1
M2D-T_9x5,800,4.539281749558936,-7.846128412927828e-30,-1
M2D-T_9x5,801,4.539496551925872,-2.3927241275968737e-29,-1
M2D-T_9x5,802,4.546231741741387,-0.018857943322807054,-1
M2D-T_9x5,803,4.550211851211484,-2.4001249298035108e-26,-1
M2D-T_9x5,804,4.550427878524741,-2.3892636700833266e-05,-1
M2D-T_9x5,805,4.555721128727079,-3.1566558080421094e-29,-1
M2D-T_9x5,806,4.560732858051166,-3.190917017697655e-27,-1
M2D-T_9x5,807,4.561465517916092,-1.7968449818689118e-28,-1
M2D-T_9x5,808,4.5628060266127894,-0.01562931661284727,-1
M2D-T_9x5,809,4.579980190812562,7.080509332374698e-29,1
M2D-T_9x5,810,4.581106326360143,-4.844979196305443e-28,-1
M2D-T_9x5,811,4.586885899346604,-0.08959031024501866,-1
M2D-T_9x5,812,4.590986605431085,-4.951220773159618e-29,-1
M2D-T_9x5,813,4.592919856266666,4.025973440942815e-27,1
M2D-T_9x5,814,4.593134781203041,0.002712875164486044,1
M2D-T_9x5,815,4.60140901413755,-1.0445842216595564e-25,-1
M2D-T_9x5,816,4.603464267137986,-0.07380868807596906,-1
M2D-T_9x5,817,4.605365388445627,-2.7335717226975446e-27,-1
M2D-T_9x5,818,4.606248816699606,-7.213993627196622e-29,-1
M2D-T_9x5,819,4.60646361906654,-1.8567002045390224e-28,-1
M2D-T_9x5,820,4.616094737097648,-1.8413360609501978e-28,-1
M2D-T_9x5,821,4.616386417652315,-0.00028563165906104793,-1
M2D-T_9x5,822,4.61717891835215,9.294972190564117e-25,1
M2D-T_9x5,823,4.617255231318121,-8.861465014857262e-26,-1
M2D-T_9x5,824,4.617395343016839,0.006537383681293168,1
M2D-T_9x5,825,4.61747008769276,4.308947621120701e-06,1
M2D-T_9x5,826,4.61911825044105,8.167701198246816e-30,1
M2D-T_9x5,827,4.621144768681866,3.766334354281023e-30,1
M2D-T_9x5,828,4.6235942740213325,8.419995948939067e-29,1
M2D-T_9x5,829,4.630930101652547,-2.1739009214743733e-27,-1
M2D-T_9x5,830,4.63296857079875,-0.00024528835541002284,-1
M2D-T_9x5,831,4.633694610486264,-6.221717598965812e-30,-1
M2D-T_9x5,832,4.641479934730714,5.564018712860379e-29,1
M2D-T_9x5,833,4.642363362984683,1.6048231599118312e-29,1
M2D-T_9x5,834,4.642578165351621,2.3107712016676434e-29,1
M2D-T_9x5,835,4.644503448074117,-1.4411435801395569e-28,-1
M2D-T_9x5,836,4.646530138574395,-8.44226437071673e-07,-1
M2D-T_9x5,837,4.648979471654397,-1.6756476543822553e-28,-1
M2D-T_9x5,838,4.653293464637236,-3.585237153460948e-25,-1
M2D-T_9x5,839,4.65351241021209,-0.007024295466512663,-1
M2D-T_9x5,840,4.6579536725717485,8.349835831236667e-29,1
M2D-T_9x5,841,4.659081274338138,0.032571298331115134,1
M2D-T_9x5,842,4.660793001560919,1.3096229794850232e-28,1
M2D-T_9x5,843,4.661010044260529,0.00010082009031430255,1
M2D-T_9x5,844,4.671425432092557,1.412298512674886e-29,1
M2D-T_9x5,845,4.673638106707724,4.579030006476854e-28,1
M2D-T_9x5,846,4.675665822570996,0.026614019946144565,1
M2D-T_9x5,847,4.678924969016239,9.446762678822221e-29,1
M2D-T_9x5,848,4.68335805033411,0.07786331024350174,1
M2D-T_9x5,849,4.684222298458788,-2.1105073152898382e-27,-1
M2D-T_9x5,850,4.68443711841978,1.1893539389752902e-06,1
M2D-T_9x5,851,4.6860853175817265,7.988669333919868e-28,1
M2D-T_9x5,852,4.688111835822538,2.3958217201854897e-29,1
M2D-T_9x5,853,4.694068218856835,7.945574494956655e-28,1
M2D-T_9x5,854,4.696810629725619,3.431319984771093e-27,1
M2D-T_9x5,855,4.697694057979599,1.9235914300034275e-27,1
M2D-T_9x5,856,4.697897168793209,8.565286058514354e-27,1
M2D-T_9x5,857,4.697908860346535,5.438819784966681e-28,1
M2D-T_9x5,858,4.699939330659132,0.06367831496694204,1
M2D-T_9x5,859,4.701567755780518,2.553227894611013e-28,1
M2D-T_9x5,860,4.704310166649303,-1.1442118706482948e-29,-1
M2D-T_9x5,861,4.708624159632144,-2.7499617779954436e-25,-1
M2D-T_9x5,862,4.708842242606237,-0.004889058619365634,-1
M2D-T_9x5,863,4.7114705152147875,8.142936223600322e-29,1
M2D-T_9x5,864,4.713497088410544,1.9130570562174317e-06,1
M2D-T_9x5,865,4.715039515301326,-8.693154611642867e-28,-1
M2D-T_9x5,866,4.716123696555826,1.0958781040873322e-26,1
M2D-T_9x5,867,4.716343522893075,0.001636244337923917,1
M2D-T_9x5,868,4.719502679869681,-0.08301754791721153,-1
M2D-T_9x5,869,4.720336844743867,-7.117134324077537e-28,-1
M2D-T_9x5,870,4.720551697728472,-3.9222156594469095e-06,-1
M2D-T_9x5,871,4.721548526726104,-3.0708964586264467e-29,-1
M2D-T_9x5,872,4.722199863866813,-1.7004160958470431e-28,-1
M2D-T_9x5,873,4.724226382107627,7.598924632706386e-29,1
M2D-T_9x5,874,4.726979465910318,0.001214069476168505,1
M2D-T_9x5,875,4.734011715078297,-1.4786310405179692e-26,-1
M2D-T_9x5,876,4.736078577368357,-0.0685118388877806,-1
M2D-T_9x5,877,4.739298577386811,1.498497549703272e-28,1
M2D-T_9x5,878,4.74042471293439,2.632945502027228e-28,1
M2D-T_9x5,879,4.741511252001977,-6.629418531530661e-28,-1
M2D-T_9x5,880,4.7435594105575305,0.0009861156466927068,1
M2D-T_9x5,881,4.7469337243591685,3.624732062740336e-29,1
M2D-T_9x5,882,4.747585061499876,-1.3101371913647668e-28,-1
M2D-T_9x5,883,4.749398913851743,-3.2114588990593814e-28,-1
M2D-T_9x5,884,4.749611735300306,-3.3634068753491736e-06,-1
M2D-T_9x5,885,4.752238242840914,-3.3395280525824806e-25,-1
M2D-T_9x5,886,4.752455700226695,-0.0014235206069361554,-1
M2D-T_9x5,887,4.756898450775425,-4.767207334530832e-29,-1
M2D-T_9x5,888,4.758747254265693,2.0297619748682867e-28,1
M2D-T_9x5,889,4.758964296930182,9.671313706467265e-07,1
M2D-T_9x5,890,4.764683775019875,-6.792551927086926e-28,-1
M2D-T_9x5,891,4.765567203273846,-3.3932433337491124e-32,-1
M2D-T_9x5,892,4.765782005640784,-3.915802094464745e-31,-1
M2D-T_9x5,893,4.774823298544115,-0.059727236758401525,-1
M2D-T_9x5,894,4.775667539738785,4.732277049787127e-28,1
M2D-T_9x5,895,4.775882389513084,-3.047843883746328e-06,-1
M2D-T_9x5,896,4.776497304926398,6.549332449898236e-26,1
M2D-T_9x5,897,4.776714425719572,0.006142082371169187,1
M2D-T_9x5,898,4.777530558861721,-1.1506214779192835e-28,-1
M2D-T_9x5,899,4.779557077102536,-1.3780213555832483e-28,-1
M2D-T_9x5,900,4.782343404176475,0.020207278351053362,1
M2D-T_9x5,901,4.7885155938667685,-6.000921988004314e-27,-1
M2D-T_9x5,902,4.789342410073203,3.3460861466689236e-27,1
M2D-T_9x5,903,4.791401036350588,-0.04873805653856107,-1
M2D-T_9x5,904,4.7930129970605115,-1.1726721812486045e-28,-1
M2D-T_9x5,905,4.796841946996888,-1.6072075099007115e-27,-1
M2D-T_9x5,906,4.79891742602445,0.016889343028044703,1
M2D-T_9x5,907,4.79952200848529,2.9373311968097008e-27,1
M2D-T_9x5,908,4.802915756494784,-6.804719720851564e-29,-1
M2D-T_9x5,909,4.804942422631423,2.113568383208709e-06,1
M2D-T_9x5,910,4.811527669956983,-2.5013195750591904e-29,-1
M2D-T_9x5,911,4.813900791499834,8.42486488798969e-28,1
M2D-T_9x5,912,4.817272059145997,2.1873647572717417e-27,1
M2D-T_9x5,913,4.818429762098881,-0.01715074196160979,-1
M2D-T_9x5,914,4.824630140151856,-3.9338534877780113e-28,-1
M2D-T_9x5,915,4.824933777762488,2.640273574356028e-05,1
M2D-T_9x5,916,4.825714321406357,-9.513275214989858e-25,-1
M2D-T_9x5,917,4.825932825223109,-0.005610963802182355,-1
M2D-T_9x5,918,4.832956493281972,3.004202198134483e-27,1
M2D-T_9x5,919,4.83500880997185,-0.014052827924103574,-1
M2D-T_9x5,920,4.836912867590047,-2.5750707457646774e-28,-1
M2D-T_9x5,921,4.837796295844027,2.1792405167248857e-28,1
M2D-T_9x5,922,4.838011098210962,-1.3932192754199314e-29,-1
M2D-T_9x5,923,4.839465504706757,3.7088227464806774e-29,1
M2D-T_9x5,924,4.841513767986648,3.0391575342248403e-05,1
M2D-T_9x5,925,4.842684735839549,0.07283208353543681,1
M2D-T_9x5,926,4.843540685033033,-8.398869503948297e-27,-1
M2D-T_9x5,927,4.843755534190677,3.667817812614573e-06,1
M2D-T_9x5,928,4.8454037041559745,-4.429104512757835e-29,-1
M2D-T_9x5,929,4.847430222396788,-1.7152133763851805e-29,-1
M2D-T_9x5,930,4.848726397496569,6.455349310298169e-27,1
M2D-T_9x5,931,4.848943612134292,8.769618631417421e-05,1
M2D-T_9x5,932,4.85001533778492,-9.9523159489e-31,-1
M2D-T_9x5,933,4.857215555367457,3.437829157341395e-26,1
M2D-T_9x5,934,4.857660344341508,1.163223843864882e-27,1
M2D-T_9x5,935,4.859264536382354,0.0598406657843317,1
M2D-T_9x5,936,4.861828867691444,7.353939441176379e-25,1
M2D-T_9x5,937,4.862053709758591,0.0069968359704941216,1
M2D-T_9x5,938,4.866489075625956,-1.0305367536286033e-28,-1
M2D-T_9x5,939,4.870788901789038,1.1223051255360021e-27,1
M2D-T_9x5,940,4.87281556769723,1.223886021128219e-06,1
M2D-T_9x5,941,4.879400815251237,1.711374997112224e-28,1
M2D-T_9x5,942,4.879960835146764,-2.938781114078182e-28,-1
M2D-T_9x5,943,4.88304554197457,-3.7899676557139647e-28,-1
M2D-T_9x5,944,4.8895011517161695,-2.4708478826140546e-26,-1
M2D-T_9x5,945,4.891917492299083,-0.06638616912135635,-1
M2D-T_9x5,946,4.894859071881095,-1.988588062442186e-29,-1
M2D-T_9x5,947,4.895075487973466,-1.6934548384582692e-07,-1
M2D-T_9x5,948,4.902603621911042,-1.3618632124175975e-27,-1
M2D-T_9x5,949,4.9047860128842995,-3.7344317777271934e-29,-1
M2D-T_9x5,950,4.905346032779827,-8.560135488670337e-29,-1
M2D-T_9x5,951,4.905669441138278,-2.330089759506856e-28,-1
M2D-T_9x5,952,4.905884243505217,-1.027910759253435e-29,-1
M2D-T_9x5,953,4.906432571847419,-7.110692592796857e-26,-1
M2D-T_9x5,954,4.908494290742686,-0.05458680923152215,-1
M2D-T_9x5,955,4.914914975893844,0.0008568146297967685,1
M2D-T_9x5,956,4.915769777603215,-9.485792321743534e-28,-1
M2D-T_9x5,957,4.915984639019911,-7.138216198449899e-07,-1
M2D-T_9x5,958,4.916599542790824,4.332952148952477e-26,1
M2D-T_9x5,959,4.9168157429146895,0.001379069199413688,1
M2D-T_9x5,960,4.91715956268635,-4.899217011837321e-27,-1
M2D-T_9x5,961,4.9173834851811575,0.001075918347538292,1
M2D-T_9x5,962,4.917632796726146,1.9973054732766107e-28,1
M2D-T_9x5,963,4.9196593149669585,6.149832461899863e-28,1
M2D-T_9x5,964,4.922716170044021,4.2955904450967845e-28,1
M2D-T_9x5,965,4.922930972410955,1.825443342112111e-28,1
M2D-T_9x5,966,4.924627411482172,4.264966053711522e-28,1
M2D-T_9x5,967,4.928107762631458,0.08192855079216328,1
M2D-T_9x5,968,4.92944464793763,2.215222173910834e-27,1
M2D-T_9x5,969,4.931494924405152,0.0014081232359761052,1
M2D-T_9x5,970,4.934731510246143,-5.843770909620757e-29,-1
M2D-T_9x5,971,4.935633826100693,1.414096493257914e-27,1
M2D-T_9x5,972,4.942547118132504,3.374607562175419e-27,1
M2D-T_9x5,973,4.9430179943592085,2.0492404895188225e-27,1
M2D-T_9x5,974,4.94467183783976,0.06916908020304696,1
M2D-T_9x5,975,4.945044709432054,-1.973463726881606e-05,-1
M2D-T_9x5,976,4.947833980441017,4.2541629857135415e-28,1
M2D-T_9x5,977,4.9500126091152366,1.849820845355911e-28,1
M2D-T_9x5,978,4.957374297010421,-3.3901075130993513e-29,-1
M2D-T_9x5,979,4.957934316905949,2.770542567170574e-29,1
M2D-T_9x5,980,4.960116707879206,4.940255812928241e-28,1
M2D-T_9x5,981,4.960741957767257,1.481158767836857e-29,1
M2D-T_9x5,982,4.961000136133185,-2.3519972890172006e-26,-1
M2D-T_9x5,983,4.961038138855146,-9.01115390636158e-06,-1
M2D-T_9x5,984,4.96121493850012,-7.818365284273654e-28,-1
M2D-T_9x5,985,4.9618261390217615,5.308465590313972e-25,1
M2D-T_9x5,986,4.962043243511432,0.001971030673766037,1
M2D-T_9x5,987,4.97084605653123,1.3593645474153473e-27,1
M2D-T_9x5,988,4.971930237785731,-3.4588930665783327e-26,-1
M2D-T_9x5,989,4.97214901310798,-0.0034239827903579873,-1
M2D-T_9x5,990,4.973219178074081,7.91301450085387e-28,1
M2D-T_9x5,991,4.975577322322158,1.0439023776181608e-27,1
M2D-T_9x5,992,4.97761920414588,-1.5946354770252525e-05,-1
M2D-T_9x5,993,4.982775350942084,0.014723066521696549,1
M2D-T_9x5,994,4.983429667487098,0.016510901752364828,1
M2D-T_9x5,995,4.983642922897464,1.3672714173601736e-25,1
M2D-T_9x5,996,4.983857774754529,-1.7619572149037637e-06,-1
M2D-T_9x5,997,4.9850327079806025,1.1975489809317034e-26,1
M2D-T_9x5,998,4.985253627124423,-0.00226461721582709,-1
M2D-T_9x5,999,4.985505942020398,-4.1686145417430274e-27,-1
M2D-T_9x5,1000,4.9861271554003235,8.928525435571983e-27,1
M2D-T_9x5,1001,4.987532460261215,9.489313650487218e-28,1
M2D-T_9x5,1002,4.989683237184685,-6.523962473148735e-29,-1
M2D-T_9x5,1003,4.989898039551622,1.0897743707179594e-27,1
M2D-T_9x5,1004,4.996231254164294,1.304907305150961e-27,1
M2D-T_9x5,1005,4.997114682418266,6.128510414829748e-27,1
M2D-T_9x5,1006,4.997317793231883,1.1473514634447587e-26,1
M2D-T_9x5,1007,4.997329484785201,-6.05699353449649e-27,-1
M2D-T_9x5,1008,4.997877813127409,6.405183316824996e-26,1
M2D-T_9x5,1009,4.997940685306847,-5.432451822591616e-25,-1
M2D-T_9x5,1010,4.998162070756414,-0.0025637369230364815,-1
M2D-T_9x5,1011,4.999357435228553,0.012385517449652206,1
M2D-T_9x5,1012,4.999995195972879,0.0132733387962367,1
M2D-T_9x5,1013,5.0006896518032065,1.2755759221472592e-26,1
M2D-T_9x5,1014,5.000904493601717,4.549695654223081e-06,1
M2D-T_9x5,1015,5.002552670926142,7.634150741084077e-27,1
M2D-T_9x5,1016,5.002600893241358,4.3691360219386385e-28,1
M2D-T_9x5,1017,5.004579189166956,-8.061428889837609e-28,-1
M2D-T_9x5,1018,5.008044784070819,2.0827504745531984e-25,1
M2D-T_9x5,1019,5.008262976804588,0.0013166367578292244,1
M2D-T_9x5,1020,5.010891139653461,-3.8815595056615854e-29,-1
M2D-T_9x5,1021,5.012704992005329,1.1081722722584949e-28,1
M2D-T_9x5,1022,5.0129178112702295,-2.1767129777733934e-06,-1
M2D-T_9x5,1023,5.016072652762166,-2.9373517496303463e-28,-1
M2D-T_9x5,1024,5.020063073011192,8.563114713199738e-28,1
M2D-T_9x5,1025,5.025797783469772,5.636598221133538e-29,1
M2D-T_9x5,1026,5.025807462200205,7.283229041975054e-28,1
M2D-T_9x5,1027,5.026012585836707,3.4365426899953315e-28,1
M2D-T_9x5,1028,5.0279378685592055,8.940823474755846e-25,1
M2D-T_9x5,1029,5.0280131671338095,0.023491983747968778,1
M2D-T_9x5,1030,5.029964511780944,1.3779028528989629e-05,1
M2D-T_9x5,1031,5.038137342917992,-0.040811999662414375,-1
M2D-T_9x5,1032,5.038715439526445,-4.3274837786362044e-26,-1
M2D-T_9x5,1033,5.038973617892372,4.577603271160164e-28,1
M2D-T_9x5,1034,5.03918848686296,3.960423273076581e-06,1
M2D-T_9x5,1035,5.040836637015305,-3.3907610122230564e-28,-1
M2D-T_9x5,1036,5.041457850395231,-7.436269217410522e-27,-1
M2D-T_9x5,1037,5.0425443894628215,1.4723928713436337e-26,1
M2D-T_9x5,1038,5.042863155256121,1.6974577147578608e-27,1
M2D-T_9x5,1039,5.044592951747262,0.019227093294787785,1
M2D-T_9x5,1040,5.045448270644255,1.610253842053595e-29,1
M2D-T_9x5,1041,5.048819538290415,2.031831497711301e-29,1
M2D-T_9x5,1042,5.051263199920645,-0.02497628641418813,-1
M2D-T_9x5,1043,5.052648488226793,-1.213074352863155e-27,-1
M2D-T_9x5,1044,5.053271380301755,7.522375928310968e-26,1
M2D-T_9x5,1045,5.05349358787403,0.00017009255543200906,1
M2D-T_9x5,1046,5.054713991497419,-0.034439729409502566,-1
M2D-T_9x5,1047,5.057261800550778,-2.8054467758644486e-26,-1
M2D-T_9x5,1048,5.057481514323982,-0.0004217510264892521,-1
M2D-T_9x5,1049,5.058827987659425,-2.5813132936946675e-27,-1
M2D-T_9x5,1050,5.0590427900263615,2.1113317567037317e-28,1
M2D-T_9x5,1051,5.06418189686216,-0.03112775367297591,-1
M2D-T_9x5,1052,5.065750958421667,-8.541603241381461e-26,-1
M2D-T_9x5,1053,5.066221834648365,4.455485361859971e-28,1
M2D-T_9x5,1054,5.067656718943871,-1.675821056208538e-26,-1
M2D-T_9x5,1055,5.06783586105709,-0.021869206914783827,-1
M2D-T_9x5,1056,5.067871596043889,0.0001459687502698932,1
M2D-T_9x5,1057,5.068248567818966,1.3776925835615972e-05,1
M2D-T_9x5,1058,5.069519738066807,-1.6540847175715456e-27,-1
M2D-T_9x5,1059,5.071546256307621,-5.832796187541489e-28,-1
M2D-T_9x5,1060,5.074245471807055,0.01583285494148034,1
M2D-T_9x5,1061,5.075088164177458,5.960687526704502e-27,1
M2D-T_9x5,1062,5.075303012325688,-1.4257751369623524e-06,-1
M2D-T_9x5,1063,5.076951183300395,-7.243583920556259e-28,-1
M2D-T_9x5,1064,5.078658935747903,1.0222050549267669e-27,1
M2D-T_9x5,1065,5.078977701541212,-1.6739028830825597e-27,-1
M2D-T_9x5,1066,5.080752325623223,-0.026396296825130523,-1
M2D-T_9x5,1067,5.081128478464679,-5.877795493800948e-29,-1
M2D-T_9x5,1068,5.081343280831614,-9.493482293551761e-28,-1
M2D-T_9x5,1069,5.08394579805642,3.5197875762985003e-28,1
M2D-T_9x5,1070,5.087936218305445,1.837446357248441e-27,1
M2D-T_9x5,1071,5.088763034511881,2.234267962860633e-27,1
M2D-T_9x5,1072,5.09082279435291,0.012793118192286975,1
M2D-T_9x5,1073,5.094046134521354,2.5258756807781383e-27,1
M2D-T_9x5,1074,5.09490493569987,-1.3496625361441253e-28,-1
M2D-T_9x5,1075,5.096931648947302,0.0005915240735739767,1
M2D-T_9x5,1076,5.098036554770379,7.553942134072475e-29,1
M2D-T_9x5,1077,5.102336380933459,2.4978407371367895e-28,1
M2D-T_9x5,1078,5.103771265228957,-5.422638025606872e-27,-1
M2D-T_9x5,1079,5.103986238487637,-0.00024192837777462265,-1
M2D-T_9x5,1080,5.104363040637255,-9.066422822614335e-07,-1
M2D-T_9x5,1081,5.1056342843518925,3.174392943237236e-28,1
M2D-T_9x5,1082,5.107660802592706,-2.911252900100485e-29,-1
M2D-T_9x5,1083,5.109330995689485,1.4573196113795106e-28,1
M2D-T_9x5,1084,5.1133214159385085,-6.162425476698838e-28,-1
M2D-T_9x5,1085,5.119518510429744,0.0018725682868510683,1
M2D-T_9x5,1086,5.12114452559601,1.1353715071585846e-25,1
M2D-T_9x5,1087,5.121363905673999,0.000342460848534693,1
M2D-T_9x5,1088,5.123480241210858,-0.005680516910931719,-1
M2D-T_9x5,1089,5.125134945845032,-1.3826935271729683e-25,-1
M2D-T_9x5,1090,5.12535374323797,-0.0016566791349892146,-1
M2D-T_9x5,1091,5.12579505480009,-5.564742855251516e-27,-1
M2D-T_9x5,1092,5.126009857167026,-2.874101267520217e-27,-1
M2D-T_9x5,1093,5.131019481984955,-1.2855171154979096e-28,-1
M2D-T_9x5,1094,5.133046546039481,-0.0007736080383804009,-1
M2D-T_9x5,1095,5.133989630742813,-3.810589891298136e-29,-1
M2D-T_9x5,1096,5.1360879711896175,0.0015502925639443094,1
M2D-T_9x5,1097,5.136801469418613,7.05505759906836e-27,1
M2D-T_9x5,1098,5.1370163650637375,-1.1867166218689927e-05,-1
M2D-T_9x5,1099,5.137980050991839,-5.9233518699404985e-28,-1
M2D-T_9x5,1100,5.138664488541546,-1.3683373007159174e-27,-1
M2D-T_9x5,1101,5.1400545253131815,-0.004703987599417911,-1
M2D-T_9x5,1102,5.140691006782356,-1.9660350273641567e-27,-1
M2D-T_9x5,1103,5.14326691330035,-1.0106646538533202e-29,-1
M2D-T_9x5,1104,5.149001623758933,-8.901644502754274e-29,-1
M2D-T_9x5,1105,5.149216426125869,1.4229867303590974e-29,1
M2D-T_9x5,1106,5.156174890626594,-5.011014679542791e-28,-1
M2D-T_9x5,1107,5.159101960223865,-8.314355050519815e-28,-1
M2D-T_9x5,1108,5.159316954457613,-5.5191539994110984e-05,-1
M2D-T_9x5,1109,5.160964979346802,-2.587461762535637e-30,-1
M2D-T_9x5,1110,5.161909601085177,5.211893017953446e-30,1
M2D-T_9x5,1111,5.1619192798156055,2.259333339928337e-28,1
M2D-T_9x5,1112,5.162124403452112,3.434989091658641e-29,1
M2D-T_9x5,1113,5.162991497587614,-4.3679364786652026e-29,-1
M2D-T_9x5,1114,5.1640496861746055,-4.488665204268786e-28,-1
M2D-T_9x5,1115,5.16590970006463,7.503621741845155e-29,1
M2D-T_9x5,1116,5.166076502351473,-3.838208078114666e-05,-1
M2D-T_9x5,1117,5.168652110933414,8.448347515242685e-29,1
M2D-T_9x5,1118,5.179381459585439,-1.4100835689247043e-28,-1
M2D-T_9x5,1119,5.180465640839938,-3.903780965272687e-28,-1
M2D-T_9x5,1120,5.1806908528021,0.0015757992534229709,1
M2D-T_9x5,1121,5.181560088259659,3.286775433272293e-28,1
M2D-T_9x5,1122,5.186350176979864,3.3235304992812706e-28,1
M2D-T_9x5,1123,5.187357618093606,0.003776686885127248,1
M2D-T_9x5,1124,5.1883773127580035,-0.00017923349291801172,-1
M2D-T_9x5,1125,5.191342115749064,-0.019290481231419934,-1
M2D-T_9x5,1126,5.1933736181661825,2.8027484442511647e-27,1
M2D-T_9x5,1127,5.193590925873899,8.150239712455242e-05,1
M2D-T_9x5,1128,5.201862776037068,2.0906777788638483e-27,1
M2D-T_9x5,1129,5.203768536559275,-5.67988249418257e-27,-1
M2D-T_9x5,1130,5.2039328580188995,0.0030634747322320047,1
M2D-T_9x5,1131,5.203983508695185,-0.00043738314830689103,-1
M2D-T_9x5,1132,5.204766657218503,-1.6844928467221586e-27,-1
M2D-T_9x5,1133,5.20563155568221,-6.165347160069037e-28,-1
M2D-T_9x5,1134,5.205853196286094,-3.3773740901649915e-26,-1
M2D-T_9x5,1135,5.2076580739230245,-1.9098360275234424e-26,-1
M2D-T_9x5,1136,5.207918415265396,-0.015881369072931324,-1
M2D-T_9x5,1137,5.216580187125026,4.9065948531837634e-27,1
M2D-T_9x5,1138,5.216803188522535,2.1483271137545647e-06,1
M2D-T_9x5,1139,5.217240296080085,-1.1969912390285105e-27,-1
M2D-T_9x5,1140,5.217455098447021,-3.566358566454127e-28,-1
M2D-T_9x5,1141,5.2212307163291065,1.470880873304813e-28,1
M2D-T_9x5,1142,5.221240395059537,2.6948952902408672e-28,1
M2D-T_9x5,1143,5.221445518696042,-1.4997574353057304e-29,-1
M2D-T_9x5,1144,5.224048035920847,3.9219048049230725e-28,1
M2D-T_9x5,1145,5.226975105518119,3.58618771022658e-27,1
M2D-T_9x5,1146,5.227190027815859,8.673536250372046e-05,1
M2D-T_9x5,1147,5.228838124641055,1.2517700075126992e-29,1
M2D-T_9x5,1148,5.23086464288187,-1.8664484161466972e-28,-1
M2D-T_9x5,1149,5.231016753315275,-7.173295822840321e-28,-1
M2D-T_9x5,1150,5.233043746500527,-0.0014680174650580399,-1
M2D-T_9x5,1151,5.23414837238578,-7.142312590353306e-28,-1
M2D-T_9x5,1152,5.239883082844361,2.5448992215976865e-27,1
M2D-T_9x5,1153,5.2400983191728985,0.0005303384349657365,1
M2D-T_9x5,1154,5.241746101967296,-2.5663404875459014e-29,-1
M2D-T_9x5,1155,5.2437726202081105,1.0264681447722663e-28,1
M2D-T_9x5,1156,5.246750147775802,0.019046200078272086,1
M2D-T_9x5,1157,5.249433233553912,-2.927874592680598e-28,-1
M2D-T_9x5,1158,5.254223322274118,1.1625064466886574e-29,1
M2D-T_9x5,1159,5.25625022303695,0.0002780006520170596,1
M2D-T_9x5,1160,5.2573549413446266,3.796386485108872e-27,1
M2D-T_9x5,1161,5.2595631120892525,0.0010499990104061562,1
M2D-T_9x5,1162,5.261183891280998,1.9624875231369966e-27,1
M2D-T_9x5,1163,5.261246763460437,2.063888722691315e-29,1
M2D-T_9x5,1164,5.2614646500303515,0.0005690475390509606,1
M2D-T_9x5,1165,5.263313385163406,0.01582506273825305,1
M2D-T_9x5,1166,5.2671312996003605,3.2096261328971383e-31,1
M2D-T_9x5,1167,5.267363390713635,1.1976124994349137e-28,1
M2D-T_9x5,1168,5.267578193080572,2.443091878310065e-28,1
M2D-T_9x5,1169,5.269159207517512,0.0016698621632741343,1
M2D-T_9x5,1170,5.274091868607241,4.298105793184397e-30,1
M2D-T_9x5,1171,5.276142631511165,0.0006715230792311845,1
M2D-T_9x5,1172,5.279378730915753,1.1989897858985623e-27,1
M2D-T_9x5,1173,5.282838570090654,0.0002567445064881212,1
M2D-T_9x5,1174,5.285113441374338,7.407083402927022e-28,1
M2D-T_9x5,1175,5.285328243741273,-9.77842062236508e-30,-1
M2D-T_9x5,1176,5.289103861623358,2.739259030667748e-28,1
M2D-T_9x5,1177,5.289318663990295,2.0114587103100932e-28,1
M2D-T_9x5,1178,5.295213777839271,3.714605347976434e-26,1
M2D-T_9x5,1179,5.2954290215015885,0.00028807949232281555,1
M2D-T_9x5,1180,5.2970767969622035,-8.27260891246171e-28,-1
M2D-T_9x5,1181,5.297298437566091,4.971912805366206e-28,1
M2D-T_9x5,1182,5.299103315203017,6.1272379444695926e-27,1
M2D-T_9x5,1183,5.299204198088292,-3.0994831291863103e-26,-1
M2D-T_9x5,1184,5.299405489221827,0.00011197593189507465,1
M2D-T_9x5,1185,5.299419197758151,0.00015754365062340482,1
M2D-T_9x5,1186,5.301067217211228,-1.0307711089047139e-27,-1
M2D-T_9x5,1187,5.302021517680032,1.3672583031799123e-27,1
M2D-T_9x5,1188,5.303093735452041,-2.9409802492887495e-29,-1
M2D-T_9x5,1189,5.304763928548816,2.7070225068843487e-28,1
M2D-T_9x5,1190,5.315493277200839,3.160747345236988e-28,1
M2D-T_9x5,1191,5.316577458455342,-6.235387640990838e-27,-1
M2D-T_9x5,1192,5.316800263520907,-0.0001635257979822416,-1
M2D-T_9x5,1193,5.322461994595268,1.9001983893462118e-29,1
M2D-T_9x5,1194,5.324489922725837,0.0009254586885724691,1
M2D-T_9x5,1195,5.326452414844291,2.7683631784858942e-27,1
M2D-T_9x5,1196,5.327444248111322,0.007178344195136558,1
M2D-T_9x5,1197,5.328479114653451,0.00011785857060452923,1
M2D-T_9x5,1198,5.334330457854299,-3.9555035510497516e-30,-1
M2D-T_9x5,1199,5.334545260221234,4.8647235201229895e-29,1
M2D-T_9x5,1200,5.340878474833905,1.5379120312200041e-28,1
M2D-T_9x5,1201,5.341965013901494,3.008394983492171e-27,1
M2D-T_9x5,1202,5.344022215562565,0.005903769811587473,1
M2D-T_9x5,1203,5.344434556618267,7.041870653667534e-27,1
M2D-T_9x5,1204,5.344649358985202,3.83167875399739e-27,1
M2D-T_9x5,1205,5.345336872472822,-4.336408944500126e-29,-1
M2D-T_9x5,1206,5.345551751861932,1.5994944057934128e-05,1
M2D-T_9x5,1207,5.34719989159575,1.035560773058529e-27,1
M2D-T_9x5,1208,5.349226409836566,-1.0611037681472472e-28,-1
M2D-T_9x5,1209,5.35269200474043,-1.1319039443589613e-26,-1
M2D-T_9x5,1210,5.3529123550903,-0.00028182894541917835,-1
M2D-T_9x5,1211,5.35734253394451,4.5131895878475566e-29,1
M2D-T_9x5,1212,5.357352212674935,7.646093761622753e-30,1
M2D-T_9x5,1213,5.357557336311447,5.4439274308204995e-30,1
M2D-T_9x5,1214,5.363086923133523,-8.289765014349597e-28,-1
M2D-T_9x5,1215,5.3633020022746996,-0.00026663563377923405,-1
M2D-T_9x5,1216,5.364949942256457,-9.83808764309386e-29,-1
M2D-T_9x5,1217,5.3669764604972725,1.9929231725670496e-27,1
M2D-T_9x5,1218,5.367077343382545,3.690032378308113e-27,1
M2D-T_9x5,1219,5.367292231594818,0.00013098109180159577,1
M2D-T_9x5,1220,5.368940362505483,1.703200797066479e-28,1
M2D-T_9x5,1221,5.370445004139384,1.948062958826505e-30,1
M2D-T_9x5,1222,5.37065980650632,-1.2525643504131008e-29,-1
M2D-T_9x5,1223,5.370966880746296,9.104096898116798e-30,1
M2D-T_9x5,1224,5.372585089228816,9.377361278460741e-28,1
M2D-T_9x5,1225,5.374611852944911,4.966552633409155e-05,1
M2D-T_9x5,1226,5.380549102903356,-1.064495495438909e-28,-1
M2D-T_9x5,1227,5.380763905270291,-3.5259220498188396e-28,-1
M2D-T_9x5,1228,5.3828320224049975,-0.0019085394144744648,-1
M2D-T_9x5,1229,5.3903351398895225,-3.71659726115785e-28,-1
M2D-T_9x5,1230,5.392362541810453,-0.0008516456794787988,-1
M2D-T_9x5,1231,5.393466758960025,-1.1227125395138259e-28,-1
M2D-T_9x5,1232,5.394325560138545,-9.456234533240683e-30,-1
M2D-T_9x5,1233,5.396352352018549,0.0004179362300386488,1
M2D-T_9x5,1234,5.3972957088964035,7.015984736961349e-28,1
M2D-T_9x5,1235,5.399400000783667,-0.001574740123084847,-1
M2D-T_9x5,1236,5.4123039396134835,1.1010393909127625e-26,1
M2D-T_9x5,1237,5.41251889185172,0.0004450884270478717,1
M2D-T_9x5,1238,5.414166958736419,-3.793710440554703e-29,-1
M2D-T_9x5,1239,5.416193476977233,-3.1556011436634215e-28,-1
M2D-T_9x5,1240,5.418918352562278,-0.003379344096665322,-1
M2D-T_9x5,1241,5.422408038377452,-1.285598861593638e-27,-1
M2D-T_9x5,1242,5.422623051923313,-0.00026902737356525303,-1
M2D-T_9x5,1243,5.424271057500389,3.3370381996212364e-29,1
M2D-T_9x5,1244,5.4252156792387645,-4.3542490473330736e-28,-1
M2D-T_9x5,1245,5.425430481605701,6.2539996063667e-30,1
M2D-T_9x5,1246,5.425775699134293,1.4417798725414227e-28,1
M2D-T_9x5,1247,5.425990501501228,-8.244271153214743e-29,-1
M2D-T_9x5,1248,5.426297575741203,-2.606516974216524e-30,-1
M2D-T_9x5,1249,5.433410255181487,-1.9696220771549792e-28,-1
M2D-T_9x5,1250,5.435316015703696,-5.311969141807416e-27,-1
M2D-T_9x5,1251,5.435491098510771,-0.00274236681028668,-1
M2D-T_9x5,1252,5.435531081174716,-0.00023393108032363294,-1
M2D-T_9x5,1253,5.437179034826631,-2.3770617063166226e-29,-1
M2D-T_9x5,1254,5.4392055530674455,6.750412248911902e-28,1
M2D-T_9x5,1255,5.439552156369482,-7.855116787861277e-30,-1
M2D-T_9x5,1256,5.441579154887678,0.0014195023513795524,1
M2D-T_9x5,1257,5.4484184858985705,-1.566821888308588e-26,-1
M2D-T_9x5,1258,5.448633692775581,-0.0004139783741639406,-1
M2D-T_9x5,1259,5.449656255133451,-2.0258454623844996e-28,-1
M2D-T_9x5,1260,5.450281505021504,-5.237324999443483e-28,-1
M2D-T_9x5,1261,5.451683447846973,-0.0008600418364395091,-1
M2D-T_9x5,1262,5.45230802326232,-6.677238619474839e-27,-1
M2D-T_9x5,1263,5.458522584662541,2.596372986643172e-28,1
M2D-T_9x5,1264,5.458737526909414,0.0001226515251827429,1
M2D-T_9x5,1265,5.4603856037854746,-1.490009848687376e-28,-1
M2D-T_9x5,1266,5.462412122026288,-3.0233397269371167e-28,-1
M2D-T_9x5,1267,5.462564232459695,6.681493508313149e-29,1
M2D-T_9x5,1268,5.464591327588291,-0.0005043093750579155,-1
M2D-T_9x5,1269,5.475666702654568,-9.828609748314173e-28,-1
M2D-T_9x5,1270,5.477694512128316,-0.0013214539650257954,-1
M2D-T_9x5,1271,5.480546374233668,1.7418195575216893e-30,1
M2D-T_9x5,1272,5.480761176600606,3.544991051520976e-30,1
M2D-T_9x5,1273,5.485770801418538,1.4978666766375937e-28,1
M2D-T_9x5,1274,5.487797766383933,0.00039212709578877045,1
M2D-T_9x5,1275,5.493648844428545,2.8998461592732736e-29,1
M2D-T_9x5,1276,5.493863646795481,2.4405414678554346e-29,1
M2D-T_9x5,1277,5.503189160997948,-6.227553083405919e-29,-1
M2D-T_9x5,1278,5.503404153847249,-0.0002778220696730055,-1
M2D-T_9x5,1279,5.503749180893477,-4.042367786586463e-27,-1
M2D-T_9x5,1280,5.503964306166602,-0.0004514484133030156,-1
M2D-T_9x5,1281,5.505052180120886,-3.234497222250556e-30,-1
M2D-T_9x5,1282,5.505612200016413,-9.170487436373172e-29,-1
M2D-T_9x5,1283,5.507078698361699,1.2469335352196843e-29,1
M2D-T_9x5,1284,5.507638718257226,-3.48432128450839e-30,-1
M2D-T_9x5,1285,5.516660920518757,-4.471062019241682e-30,-1
M2D-T_9x5,1286,5.516875722885693,2.1626181422315083e-29,1
M2D-T_9x5,1287,5.523169931943539,-8.958785800429688e-29,-1
M2D-T_9x5,1288,5.523384734310475,3.7161029764788675e-29,1
M2D-T_9x5,1289,5.53043737775395,7.29483040259703e-30,1
M2D-T_9x5,1290,5.530997397649477,-5.031547002268754e-29,-1
M2D-T_9x5,1291,5.5324645039422995,-0.0008860542360331081,-1
M2D-T_9x5,1292,5.533024947942962,-0.0014435767184037866,-1
M2D-T_9x5,1293,5.558519855992856,3.5989933180820015e-28,1
M2D-T_9x5,1294,5.558735150050711,0.0006512804641701953,1
M2D-T_9x5,1295,5.560382875115793,3.4938023143917165e-30,1
M2D-T_9x5,1296,5.5624093933566074,3.259037395020473e-31,1
M2D-T_9x5,1297,5.56587793699872,4.115851883523184e-30,1
M2D-T_9x5,1298,5.566092739365655,1.907232865813678e-29,1
M2D-T_9x5,1299,5.5716223261877325,2.4965681566701604e-27,1
M2D-T_9x5,1300,5.571837345950609,0.00024206909109333492,1
M2D-T_9x5,1301,5.573485345310665,3.089452193937457e-29,1
M2D-T_9x5,1302,5.57551186355148,-9.797071009095383e-30,-1
M2D-T_9x5,1303,5.585768072748857,6.919292230448571e-30,1
M2D-T_9x5,1304,5.587796161703413,0.002082211140146668,1
M2D-T_9x5,1305,5.590136999084202,-5.8588498618397675e-30,-1
M2D-T_9x5,1306,5.590351801451138,-4.435584525393433e-29,-1
M2D-T_9x5,1307,5.5946344022779435,-8.059514294598666e-29,-1
M2D-T_9x5,1308,5.59484956177484,-0.0002944283969575195,-1
M2D-T_9x5,1309,5.596497421400878,4.945784549447395e-29,1
M2D-T_9x5,1310,5.598523939641692,9.224911861884334e-29,1
M2D-T_9x5,1311,5.598870542943731,9.069875915100157e-29,1
M2D-T_9x5,1312,5.600897755554416,0.0007725649566384583,1
M2D-T_9x5,1313,5.601143413702723,1.0872488680483442e-26,1
M2D-T_9x5,1314,5.601358283648968,-1.1737905153488239e-05,-1
M2D-T_9x5,1315,5.603006432825656,-6.955481649053813e-30,-1
M2D-T_9x5,1316,5.60503295106647,-4.015363492546483e-29,-1
M2D-T_9x5,1317,5.621882619033943,-8.200256721113631e-28,-1
M2D-T_9x5,1318,5.6239102779828904,-0.0009412409864835444,-1
M2D-T_9x5,1319,5.626251545369288,-2.8327882013650684e-29,-1
M2D-T_9x5,1320,5.6264663477362244,1.3195457664243134e-29,1
M2D-T_9x5,1321,5.628391630458722,5.337688141595362e-29,1
M2D-T_9x5,1322,5.630418364587696,-3.76716741282733e-05,-1
M2D-T_9x5,1323,5.6337510822929735,-1.7773447905660276e-29,-1
M2D-T_9x5,1324,5.63396588465991,-3.96227893627231e-32,-1
M2D-T_9x5,1325,5.6438514187579045,1.0438588160609303e-27,1
M2D-T_9x5,1326,5.644066454420514,0.00029582598790083893,1
M2D-T_9x5,1327,5.645714437880839,8.615280510668166e-29,1
M2D-T_9x5,1328,5.647740956121654,4.082468268273175e-30,1
M2D-T_9x5,1329,5.668110480843388,3.144822074403035e-28,1
M2D-T_9x5,1330,5.668325371640714,-0.0001703886736946691,-1
M2D-T_9x5,1331,5.669973499966322,2.0467799717621337e-30,1
M2D-T_9x5,1332,5.671099635513902,-1.0955286480889695e-29,-1
M2D-T_9x5,1333,5.672000018207135,3.0563849360771155e-28,1
M2D-T_9x5,1334,5.673126898749404,0.0009458732678955306,1
M2D-T_9x5,1335,5.681582240364196,-8.48618341041586e-29,-1
M2D-T_9x5,1336,5.681797042731133,-1.058275857172198e-28,-1
M2D-T_9x5,1337,5.68908177728788,-4.909719013721613e-30,-1
M2D-T_9x5,1338,5.689296579654816,1.7386930772453092e-29,1
M2D-T_9x5,1339,5.695358697599385,-8.683045707428162e-29,-1
M2D-T_9x5,1340,5.697385498319387,-0.0005437647020054007,-1
M2D-T_9x5,1341,5.704225027128475,1.7338010814621086e-27,1
M2D-T_9x5,1342,5.704440071456844,0.00012883450291825495,1
M2D-T_9x5,1343,5.706088046251408,9.406965191898174e-30,1
M2D-T_9x5,1344,5.708114564492223,-1.0318644154486798e-29,-1
M2D-T_9x5,1345,5.71172456405216,2.550060228718478e-26,1
M2D-T_9x5,1346,5.711939505813012,0.00021802882344864789,1
M2D-T_9x5,1347,5.713587583175093,1.9304344843297302e-28,1
M2D-T_9x5,1348,5.715614101415907,-1.0599953645341274e-31,-1
M2D-T_9x5,1349,5.725196323572967,1.343837624239021e-29,1
M2D-T_9x5,1350,5.725411125939903,-4.066427142989268e-30,-1
M2D-T_9x5,1351,5.731473243884473,1.5303518153948061e-28,1
M2D-T_9x5,1352,5.733500534811678,0.0004111221848875148,1
M2D-T_9x5,1353,5.738972780808155,2.160764239993035e-28,1
M2D-T_9x5,1354,5.740999744467694,0.0006970448608042393,1
M2D-T_9x5,1355,5.749455385658449,4.228761709307403e-29,1
M2D-T_9x5,1356,5.749670188025386,-1.955854773624483e-30,-1
M2D-T_9x5,1357,5.759555722123382,3.989140661491437e-27,1
M2D-T_9x5,1358,5.759770751696661,0.00015951160759001594,1
M2D-T_9x5,1359,5.761418741246318,-2.6378845778824464e-30,-1
M2D-T_9x5,1360,5.763445259487131,-2.126984621254238e-29,-1
M2D-T_9x5,1361,5.767055259047065,-1.9679617240630846e-28,-1
M2D-T_9x5,1362,5.767270451022522,-0.0006113848117936708,-1
M2D-T_9x5,1363,5.768918278169999,-6.176610165240107e-29,-1
M2D-T_9x5,1364,5.770944796410815,-1.0255439785272769e-29,-1
M2D-T_9x5,1365,5.786803938879381,-1.0745188921122945e-29,-1
M2D-T_9x5,1366,5.788831182564807,0.0005085564754187085,1
M2D-T_9x5,1367,5.794303475803065,-1.811579780875623e-28,-1
M2D-T_9x5,1368,5.795393567174346,-1.7015763564954324e-28,-1
M2D-T_9x5,1369,5.795608369541283,-2.0591896719523375e-28,-1
M2D-T_9x5,1370,5.79633123866171,-0.0019547402375589677,-1
M2D-T_9x5,1371,5.8031698053321525,2.452945290184674e-27,1
M2D-T_9x5,1372,5.803384941454367,0.00026026983174937753,1
M2D-T_9x5,1373,5.805032824455086,5.270584667065525e-29,1
M2D-T_9x5,1374,5.8070593426959,1.8371015824392606e-29,1
M2D-T_9x5,1375,5.8216844782286215,-1.1824114448815258e-29,-1
M2D-T_9x5,1376,5.8218992805955585,5.3720822257264526e-30,1
M2D-T_9x5,1377,5.827428867417637,7.810475752405675e-27,1
M2D-T_9x5,1378,5.827643816820644,0.00010863375708639137,1
M2D-T_9x5,1379,5.829291886540571,1.656914990263264e-29,1
M2D-T_9x5,1380,5.83041802208815,1.216916679477882e-28,1
M2D-T_9x5,1381,5.831318404781384,3.400024795750707e-29,1
M2D-T_9x5,1382,5.832445606374607,0.0008321244980540165,1
M2D-T_9x5,1383,5.854677084173635,-3.1312964028012027e-30,-1
M2D-T_9x5,1384,5.856704071953131,0.0003488416495217869,1
M2D-T_9x5,1385,5.862360634315008,1.1152909503748806e-30,1
M2D-T_9x5,1386,5.8625754366819445,1.988276032411451e-29,1
M2D-T_9x5,1387,5.873367048933532,1.1678961947510186e-27,1
M2D-T_9x5,1388,5.87358192609837,5.855555977495903e-06,1
M2D-T_9x5,1389,5.875230068056463,-6.439181308591661e-30,-1
M2D-T_9x5,1390,5.877256586297277,-1.368983155106033e-29,-1
M2D-T_9x5,1391,5.889557623522876,4.0585586118985656e-30,1
M2D-T_9x5,1392,5.889772425889812,-2.281388722518116e-31,-1
M2D-T_9x5,1393,5.898475180600094,-2.4827616217772288e-29,-1
M2D-T_9x5,1394,5.898689982967031,3.664171456683829e-31,1
M2D-T_9x5,1395,5.899657959987809,-3.284848181534269e-27,-1
M2D-T_9x5,1396,5.899872876919195,-0.0002941357608526697,-1
M2D-T_9x5,1397,5.900615265689528,4.4798868233330365e-28,1
M2D-T_9x5,1398,5.901520979110743,-9.581044570775435e-30,-1
M2D-T_9x5,1399,5.902642023078225,1.875778614102999e-05,1
M2D-T_9x5,1400,5.903547497351558,3.811284242283839e-29,1
M2D-T_9x5,1401,5.926906176743806,-2.608904767891252e-29,-1
M2D-T_9x5,1402,5.928933061018919,-0.0009408607020461236,-1
M2D-T_9x5,1403,5.940334116074194,-1.5886909237778503e-28,-1
M2D-T_9x5,1404,5.940548957690849,-0.00013511471551265776,-1
M2D-T_9x5,1405,5.94219713519713,-2.86860681548466e-29,-1
M2D-T_9x5,1406,5.944223653437942,4.278122967141095e-30,1
M2D-T_9x5,1407,5.944888318517783,1.0306505447400651e-29,1
M2D-T_9x5,1408,5.9451031208847205,-7.739272556292246e-30,-1
M2D-T_9x5,1409,5.953805875595003,-1.3563388110935207e-28,-1
M2D-T_9x5,1410,5.954020677961938,3.66787942055836e-31,1
M2D-T_9x5,1411,5.967531105282062,1.5379033070069506e-28,1
M2D-T_9x5,1412,5.967582332830193,-4.3503951822953004e-29,-1
M2D-T_9x5,1413,5.967746009713619,-9.411615870932658e-05,-1
M2D-T_9x5,1414,5.969394124404998,-2.3000931437104826e-27,-1
M2D-T_9x5,1415,5.9696089765073665,-0.0004323312776663967,-1
M2D-T_9x5,1416,5.971420642645811,-3.749483437532008e-29,-1
M2D-T_9x5,1417,5.976448662359282,6.308568838014971e-28,1
M2D-T_9x5,1418,5.9766636113351295,0.00012375092056101335,1
M2D-T_9x5,1419,5.978311681482217,-3.406843825698574e-29,-1
M2D-T_9x5,1420,5.980338199723031,-5.002686361333842e-30,-1
M2D-T_9x5,1421,5.981002864802871,1.140760615878393e-31,1
M2D-T_9x5,1422,5.981217667169806,-6.100643707772958e-29,-1
M2D-T_9x5,1423,5.9947793220380605,1.5673055278821324e-30,1
M2D-T_9x5,1424,5.9968061663296535,-0.00030086176693527866,-1
M2D-T_9x5,1425,6.003696879115281,6.725182630790615e-30,1
M2D-T_9x5,1426,6.005723865793672,0.00039600121690374463,1
M2D-T_9x5,1427,6.021679020889257,-9.955743045735367e-29,-1
M2D-T_9x5,1428,6.021893823256193,1.283726818415859e-29,1
M2D-T_9x5,1429,6.022861800276971,7.236109674409922e-27,1
M2D-T_9x5,1430,6.0230768637982965,0.00024350829609627803,1
M2D-T_9x5,1431,6.0247248193999035,-2.7791055025765833e-29,-1
M2D-T_9x5,1432,6.026751337640718,-2.2056137367126527e-30,-1
M2D-T_9x5,1433,6.03177935735419,8.294995390810987e-29,1
M2D-T_9x5,1434,6.031994384320248,0.0002275978043327383,1
M2D-T_9x5,1435,6.0336423764771245,2.8703819810571856e-29,1
M2D-T_9x5,1436,6.035668894717939,7.948150209750652e-29,1
M2D-T_9x5,1437,6.050110017032968,-1.822673586036857e-30,-1
M2D-T_9x5,1438,6.05120010840425,1.6451169802644012e-29,1
M2D-T_9x5,1439,6.051414910771186,4.392733309289064e-28,1
M2D-T_9x5,1440,6.0521373694194285,0.000778699847975391,1
M2D-T_9x5,1441,6.058976346562057,-3.314056910963438e-27,-1
M2D-T_9x5,1442,6.059027574110188,-6.470089464000002e-28,-1
M2D-T_9x5,1443,6.059191346526702,-7.023025576100706e-05,-1
M2D-T_9x5,1444,6.06083936568499,2.1108358014899894e-28,1
M2D-T_9x5,1445,6.0610548100505905,0.0007282651183112907,1
M2D-T_9x5,1446,6.062865883925805,-1.3352759885899477e-29,-1
M2D-T_9x5,1447,6.086224563318055,-1.2791023370025266e-28,-1
M2D-T_9x5,1448,6.088251712794934,-0.00022440837723920913,-1
M2D-T_9x5,1449,6.093908113459428,-1.1666571372222376e-30,-1
M2D-T_9x5,1450,6.094122915826365,-2.0613843215307756e-28,-1
M2D-T_9x5,1451,6.099652502648444,1.8185978506931788e-31,1
M2D-T_9x5,1452,6.09986743301749,-0.00037794799673765406,-1
M2D-T_9x5,1453,6.101515521771378,-2.2091126590849964e-29,-1
M2D-T_9x5,1454,6.103542040012193,2.7902802386117644e-29,1
M2D-T_9x5,1455,6.118167175544914,-2.2929815437674098e-29,-1
M2D-T_9x5,1456,6.11838197791185,3.1550756428207344e-29,1
M2D-T_9x5,1457,6.126900719404442,6.132225578259385e-29,1
M2D-T_9x5,1458,6.128927646699766,-0.0012095502707118592,-1
M2D-T_9x5,1459,6.129173590163434,8.77201670645044e-30,1
M2D-T_9x5,1460,6.129388451279925,-1.9855648999921906e-06,-1
M2D-T_9x5,1461,6.131036609286367,-3.1164430447872636e-29,-1
M2D-T_9x5,1462,6.1330631275271825,1.8146010529602676e-29,1
M2D-T_9x5,1463,6.15428172183,3.0624739705037433e-30,1
M2D-T_9x5,1464,6.1544965241969365,-1.2944711878177342e-29,-1
M2D-T_9x5,1465,6.156421806919431,-4.351256896422573e-29,-1
M2D-T_9x5,1466,6.15730523517342,-5.32911780632724e-30,-1
M2D-T_9x5,1467,6.1575200375403565,-8.732551088793436e-30,-1
M2D-T_9x5,1468,6.158448513093863,-6.412868771955184e-06,-1
M2D-T_9x5,1469,6.159331753414234,3.2174834149027153e-28,1
M2D-T_9x5,1470,6.159546556510144,6.763466177745332e-10,1
M2D-T_9x5,1471,6.161781258753683,2.6993591153701464e-29,1
M2D-T_9x5,1472,6.161996061120618,7.160332219893584e-30,1
M2D-T_9x5,1473,6.171881595218615,2.0582033931514413e-27,1
M2D-T_9x5,1474,6.172096403692676,0.00013927184267818735,1
M2D-T_9x5,1475,6.173744614341549,-9.148870715060745e-30,-1
M2D-T_9x5,1476,6.175771132582365,1.1833110277631755e-29,1
M2D-T_9x5,1477,6.1961406573041,2.4003507233217163e-30,1
M2D-T_9x5,1478,6.196355532474092,0.0003023614276859903,1
M2D-T_9x5,1479,6.198003676427035,7.080043549908006e-29,1
M2D-T_9x5,1480,6.199129811974614,2.2174018504539522e-29,1
M2D-T_9x5,1481,6.200030194667849,1.5619385365451065e-29,1
M2D-T_9x5,1482,6.201156349760709,0.0004458354874046829,1
M2D-T_9x5,1483,6.20961241682491,-1.1798260923522649e-30,-1
M2D-T_9x5,1484,6.209827219191846,1.6013018122181587e-29,1
M2D-T_9x5,1485,6.217111953748591,7.84515163790058e-30,1
M2D-T_9x5,1486,6.217326756115527,5.103353567293045e-30,1
M2D-T_9x5,1487,6.223388874060099,-7.994318186038081e-30,-1
M2D-T_9x5,1488,6.224272302314077,5.677067571839241e-29,1
M2D-T_9x5,1489,6.224487104681012,1.479880420111572e-28,1
M2D-T_9x5,1490,6.2254156250260095,0.000966789960014009,1
M2D-T_9x5,1491,6.22629882055489,1.1049919267770453e-28,1
M2D-T_9x5,1492,6.226513623130796,4.387218459480731e-09,1
M2D-T_9x5,1493,6.232255203589187,-5.97606978987269e-27,-1
M2D-T_9x5,1494,6.232470192843649,-0.00032479477003915673,-1
M2D-T_9x5,1495,6.234118222712121,-1.8951513321730118e-29,-1
M2D-T_9x5,1496,6.236144740952934,-5.480833915847853e-30,-1
M2D-T_9x5,1497,6.239754740512868,1.0316200470075705e-29,1
M2D-T_9x5,1498,6.239969641417058,7.020122626274363e-06,1
M2D-T_9x5,1499,6.241617759635805,4.1695455359800144e-29,1
M2D-T_9x5,1500,6.243644277876619,-2.1338833828595346e-29,-1
M2D-T_9x5,1501,6.253226500033676,-8.122788301445995e-30,-1
M2D-T_9x5,1502,6.253441302400612,2.0855977501554933e-29,1
M2D-T_9x5,1503,6.259503420345185,-1.9996551980799752e-28,-1
M2D-T_9x5,1504,6.25973551145846,1.211598789467208e-29,1
M2D-T_9x5,1505,6.259950313825396,-1.977514944387225e-29,-1
M2D-T_9x5,1506,6.260386848599163,-3.921434784521692e-30,-1
M2D-T_9x5,1507,6.260601650966099,-9.560599598005026e-29,-1
M2D-T_9x5,1508,6.261530535986349,-0.001038621025725376,-1
M2D-T_9x5,1509,6.2624133668399775,-7.068991782339382e-29,-1
M2D-T_9x5,1510,6.26262816979946,-1.1001101350682368e-08,-1
M2D-T_9x5,1511,6.267002957268868,-2.5124711574038479e-29,-1
M2D-T_9x5,1512,6.269029790446995,2.255999534797965e-05,1
M2D-T_9x5,1513,6.277485562119163,1.4476258697033783e-28,1
M2D-T_9x5,1514,6.277700364486099,-7.700066620610261e-29,-1
M2D-T_9x5,1515,6.287585898584095,-1.4852542931851666e-26,-1
M2D-T_9x5,1516,6.287800851467187,-0.00023236734731158393,-1
M2D-T_9x5,1517,6.289448917707029,1.710166121222561e-29,1
M2D-T_9x5,1518,6.291475435947842,4.083422136574237e-30,1
M2D-T_9x5,1519,6.295085435507778,2.7322315083732107e-27,1
M2D-T_9x5,1520,6.295300461108571,7.596374411717989e-05,1
M2D-T_9x5,1521,6.29694845463071,5.751114306079853e-29,1
M2D-T_9x5,1522,6.298974972871525,1.672876743767416e-31,1
M2D-T_9x5,1523,6.3148341153400915,-2.8767874331031866e-29,-1
M2D-T_9x5,1524,6.3157175435940704,-2.5969375770132596e-29,-1
M2D-T_9x5,1525,6.315932345961006,3.910397248328541e-30,1
M2D-T_9x5,1526,6.316861114778512,-0.0007430934783550357,-1
M2D-T_9x5,1527,6.317744061834884,1.6836742860501508e-29,1
M2D-T_9x5,1528,6.317958864782273,5.112067122211587e-09,1
M2D-T_9x5,1529,6.322333652263775,6.396643839414548e-29,1
M2D-T_9x5,1530,6.3243608840111145,0.0002427457870006088,1
M2D-T_9x5,1531,6.326702578599122,6.162537315532899e-29,1
M2D-T_9x5,1532,6.3269173809660595,-7.628764597174086e-31,-1
M2D-T_9x5,1533,6.331199981792863,-3.2208940050341944e-28,-1
M2D-T_9x5,1534,6.331414902103041,-6.6491265559627e-05,-1
M2D-T_9x5,1535,6.333063000915798,-7.9786313714559e-31,-1
M2D-T_9x5,1536,6.335089519156613,3.733400271595994e-29,1
M2D-T_9x5,1537,6.337708993217645,7.615622431395846e-29,1
M2D-T_9x5,1538,6.337923895812071,6.619380442682916e-07,1
M2D-T_9x5,1539,6.339572012340575,-1.8134301401129577e-29,-1
M2D-T_9x5,1540,6.341598530581389,-2.1078581934851425e-29,-1
M2D-T_9x5,1541,6.349714654689334,3.0836548373856508e-30,1
M2D-T_9x5,1542,6.349929457056271,1.2157406137976071e-28,1
M2D-T_9x5,1543,6.35545904387835,1.9276922126830025e-26,1
M2D-T_9x5,1544,6.355673951052645,0.0002940472168231796,1
M2D-T_9x5,1545,6.357322063001283,-1.3629357992071376e-30,-1
M2D-T_9x5,1546,6.358448198548861,-1.8439697078536437e-28,-1
M2D-T_9x5,1547,6.359348581242097,1.2601841766115885e-30,1
M2D-T_9x5,1548,6.360475093745816,-0.00021255176224956412,-1
M2D-T_9x5,1549,6.3628171248842085,-4.968776475584803e-29,-1
M2D-T_9x5,1550,6.363031927251145,-1.395602341333878e-29,-1
M2D-T_9x5,1551,6.364957209973642,4.3334523877374157e-29,1
M2D-T_9x5,1552,6.3669840486054206,2.1348265763616675e-06,1
M2D-T_9x5,1553,6.382707260634346,2.145175468929348e-28,1
M2D-T_9x5,1554,6.383590688888326,3.6109369084985567e-29,1
M2D-T_9x5,1555,6.383805491255262,2.526639582767303e-30,1
M2D-T_9x5,1556,6.384734113937844,0.0009406464679887391,1
M2D-T_9x5,1557,6.3856172071291395,3.774119981135887e-29,1
M2D-T_9x5,1558,6.385832010091192,8.05311562481193e-10,1
M2D-T_9x5,1559,6.3958473290738596,-1.579160189478955e-30,-1
M2D-T_9x5,1560,6.396062131440797,1.2224269219876717e-29,1
M2D-T_9x5,1561,6.404676060358308,-2.3596284116012345e-27,-1
M2D-T_9x5,1562,6.404891028124263,-0.00025708796376670715,-1
M2D-T_9x5,1563,6.406539079481242,-9.595036790839585e-30,-1
M2D-T_9x5,1564,6.408565597722056,-5.988288086376301e-29,-1
M2D-T_9x5,1565,6.417587799983589,-3.114795974080819e-31,-1
M2D-T_9x5,1566,6.417802602350525,8.892533688425518e-29,1
M2D-T_9x5,1567,6.418147819879118,-1.7366021156197483e-29,-1
M2D-T_9x5,1568,6.418362622246053,-3.179267668304833e-29,-1
M2D-T_9x5,1569,6.427688136448521,2.7806948697894463e-28,1
M2D-T_9x5,1570,6.427903047681383,-3.644449394166447e-06,-1
M2D-T_9x5,1571,6.429551155571456,-7.204792942162065e-29,-1
M2D-T_9x5,1572,6.43157767381227,1.2771640930252408e-29,1
M2D-T_9x5,1573,6.431924277114305,-1.1629838936531205e-28,-1
M2D-T_9x5,1574,6.433951324070039,-0.0008219590553388994,-1
M2D-T_9x5,1575,6.440790606643394,2.5354245622755276e-26,1
M2D-T_9x5,1576,6.441005860052683,0.0003230155375240715,1
M2D-T_9x5,1577,6.442653625766329,-3.064329919382802e-30,-1
M2D-T_9x5,1578,6.444680144007143,-1.8885877410845122e-29,-1
M2D-T_9x5,1579,6.454936353204518,-3.9108032313949987e-29,-1
M2D-T_9x5,1580,6.4558197814584934,-1.085408894014114e-30,-1
M2D-T_9x5,1581,6.456034583825429,-2.0574343024377407e-30,-1
M2D-T_9x5,1582,6.456963219468032,-1.1941394203140462e-05,-1
M2D-T_9x5,1583,6.457846299699306,1.7238001229531095e-28,1
M2D-T_9x5,1584,6.458061102826316,2.094874966512315e-09,1
M2D-T_9x5,1585,6.462814396214525,7.841674734872785e-29,1
M2D-T_9x5,1586,6.463029198581461,-7.490992072887049e-30,-1
M2D-T_9x5,1587,6.468038823399392,2.4865560164518295e-28,1
M2D-T_9x5,1588,6.4700667833375896,0.0010329912051197465,1
M2D-T_9x5,1589,6.472918494978497,1.614778949246362e-28,1
M2D-T_9x5,1590,6.4731332973454325,6.746368171982433e-30,1
M2D-T_9x5,1591,6.473820810833046,1.298984089837275e-29,1
M2D-T_9x5,1592,6.474035684922552,-2.1564593328305003e-07,-1
M2D-T_9x5,1593,6.4756838299559805,1.6098683207996886e-29,1
M2D-T_9x5,1594,6.477710348196795,1.730333798219469e-30,1
M2D-T_9x5,1595,6.48602096517337,1.3149197789386493e-29,1
M2D-T_9x5,1596,6.486235767540306,-2.9154755967648916e-30,-1
M2D-T_9x5,1597,6.495561281742774,2.751630884140097e-27,1
M2D-T_9x5,1598,6.495776149478048,6.05692059838506e-05,1
M2D-T_9x5,1599,6.496121301638303,3.571788903751316e-27,1
M2D-T_9x5,1600,6.496336511938479,5.460184540085092e-05,1
M2D-T_9x5,1601,6.497424300865709,4.5819763164456294e-29,1
M2D-T_9x5,1602,6.497984320761237,1.2411270790548814e-29,1
M2D-T_9x5,1603,6.498928942499612,1.9391837561330207e-28,1
M2D-T_9x5,1604,6.499143744866547,5.235994511957646e-29,1
M2D-T_9x5,1605,6.499450819106523,1.3076672278240395e-29,1
M2D-T_9x5,1606,6.500010839002051,-9.803170675521537e-30,-1
M2D-T_9x5,1607,6.501069027589045,8.263108025922066e-30,1
M2D-T_9x5,1608,6.503095775035916,-6.946288772090139e-07,-1
M2D-T_9x5,1609,6.5090330412635815,6.0803741508237526e-30,1
M2D-T_9x5,1610,6.509247843630518,1.0540279049463768e-28,1
M2D-T_9x5,1611,6.522809498498773,2.779338770339488e-29,1
M2D-T_9x5,1612,6.5233695183943015,-1.4113776828700343e-28,-1
M2D-T_9x5,1613,6.523692926752754,-2.4037366337053711e-29,-1
M2D-T_9x5,1614,6.52390772911969,7.522502019041977e-30,1
M2D-T_9x5,1615,6.52483622564593,0.00019323743978045754,1
M2D-T_9x5,1616,6.52539734059944,0.0001748209961830441,1
M2D-T_9x5,1617,6.5257194449935705,-2.231812755460717e-29,-1
M2D-T_9x5,1618,6.525934247999506,-7.329632904100322e-09,-1
M2D-T_9x5,1619,6.540739655658493,7.721032414310906e-29,1
M2D-T_9x5,1620,6.540787877973711,-8.803932760761113e-31,-1
M2D-T_9x5,1621,6.540954458025427,-1.714895036015996e-29,-1
M2D-T_9x5,1622,6.541002783578678,8.97317923285802e-05,1
M2D-T_9x5,1623,6.542650897096648,6.428204471099385e-31,1
M2D-T_9x5,1624,6.542766173899305,5.584193802157911e-29,1
M2D-T_9x5,1625,6.542980976755408,5.124806861175777e-08,1
M2D-T_9x5,1626,6.544677415337461,3.7401366286126644e-29,1
M2D-T_9x5,1627,6.550891976737682,-2.16855712321168e-27,-1
M2D-T_9x5,1628,6.5511069619445275,-0.0001523848550329008,-1
M2D-T_9x5,1629,6.552754995860616,-1.390893705325148e-29,-1
M2D-T_9x5,1630,6.5542596374945195,4.459217268140263e-30,1
M2D-T_9x5,1631,6.554474439861456,-3.3249649507919516e-29,-1
M2D-T_9x5,1632,6.55478151410143,-3.160215964924535e-29,-1
M2D-T_9x5,1633,6.5582500577435425,4.8517949864336407e-29,1
M2D-T_9x5,1634,6.558464860110479,-1.4689522400126328e-28,-1
M2D-T_9x5,1635,6.563994446932556,6.858357793042953e-29,1
M2D-T_9x5,1636,6.564209515630856,-0.00010145389402773083,-1
M2D-T_9x5,1637,6.5658574660554905,1.3485142671488985e-30,1
M2D-T_9x5,1638,6.567883984296304,4.086368679813523e-29,1
M2D-T_9x5,1639,6.56803609472971,-1.337455498417203e-29,-1
M2D-T_9x5,1640,6.570062942984622,0.00028686314292529627,1
M2D-T_9x5,1641,6.5769024242587975,-4.925839607649484e-28,-1
M2D-T_9x5,1642,6.577117534641843,-0.00012237547786645843,-1
M2D-T_9x5,1643,6.57814019349368,-9.005843841233939e-29,-1
M2D-T_9x5,1644,6.578765443381732,-2.1350836197699688e-31,-1
M2D-T_9x5,1645,6.579023621747658,-3.653922358436792e-30,-1
M2D-T_9x5,1646,6.579238424114594,-2.1229519195641873e-28,-1
M2D-T_9x5,1647,6.580167296300572,-0.0004869176896783588,-1
M2D-T_9x5,1648,6.580791961622546,-3.314199853249143e-27,-1
M2D-T_9x5,1649,6.581050139988472,-8.437417926478924e-29,-1
M2D-T_9x5,1650,6.58126494318483,8.872512622109083e-09,1
M2D-T_9x5,1651,6.587006523022768,8.049490151506398e-29,1
M2D-T_9x5,1652,6.587221481048414,5.817308718638076e-05,1
M2D-T_9x5,1653,6.588869542145702,-1.389233202702566e-29,-1
M2D-T_9x5,1654,6.590896060386518,5.960657554958333e-29,1
M2D-T_9x5,1655,6.591242663688554,-6.805978116861549e-29,-1
M2D-T_9x5,1656,6.5932700332222005,-0.00032454906977432736,-1
M2D-T_9x5,1657,6.604150641014796,-4.47608892881882e-29,-1
M2D-T_9x5,1658,6.606178143848777,-0.0003912676083003523,-1
M2D-T_9x5,1659,6.607706722799156,-4.1914854887093715e-29,-1
M2D-T_9x5,1660,6.607921525166094,7.661439833731594e-30,1
M2D-T_9x5,1661,6.6097332410399705,-3.121061683811324e-29,-1
M2D-T_9x5,1662,6.6099480441796326,2.3145530375604e-06,1
M2D-T_9x5,1663,6.614254739778767,8.095028304953999e-29,1
M2D-T_9x5,1664,6.615138168032743,8.929330363418576e-32,1
M2D-T_9x5,1665,6.615352970399679,1.0438226253214104e-29,1
M2D-T_9x5,1666,6.61628175567833,0.00018590039682764216,1
M2D-T_9x5,1667,6.61716468627356,1.651050288747819e-31,1
M2D-T_9x5,1668,6.617379489191839,-3.921960872302638e-09,-1
M2D-T_9x5,1669,6.622132782788773,-1.3082686744106574e-30,-1
M2D-T_9x5,1670,6.622347585155708,-2.2417252148172907e-29,-1
M2D-T_9x5,1671,6.626123203037795,-4.1087229410632086e-30,-1
M2D-T_9x5,1672,6.626338005404732,7.528818250400704e-30,1
M2D-T_9x5,1673,6.632233119253707,-6.37768864831341e-29,-1
M2D-T_9x5,1674,6.632448250154357,7.471422111718479e-06,1
M2D-T_9x5,1675,6.63409613837664,-6.279634795035381e-30,-1
M2D-T_9x5,1676,6.636122656617456,-1.312660471122932e-28,-1
M2D-T_9x5,1677,6.63622353950273,-6.809660071323729e-29,-1
M2D-T_9x5,1678,6.636438566539811,-1.9992327572882567e-05,-1
M2D-T_9x5,1679,6.638086558625663,5.0229079386170116e-30,1
M2D-T_9x5,1680,6.640113076866476,6.247096998286273e-30,1
M2D-T_9x5,1681,6.643821269084243,1.9752383104476776e-29,1
M2D-T_9x5,1682,6.644036071451179,-7.638100064952398e-30,-1
M2D-T_9x5,1683,6.6458477873250565,-3.268057126099139e-29,-1
M2D-T_9x5,1684,6.646062591833687,-3.0320407862569973e-06,-1
M2D-T_9x5,1685,6.659481336009704,-3.1351313584990117e-29,-1
M2D-T_9x5,1686,6.661508904362734,2.3905690248144583e-05,1
M2D-T_9x5,1687,6.663471756258726,-1.5914747124171808e-29,-1
M2D-T_9x5,1688,6.6654989927950075,-6.384535270675917e-05,-1
M2D-T_9x5,1689,6.676851473273899,1.133258843699192e-29,1
M2D-T_9x5,1690,6.6770662756408345,-1.953440539199965e-29,-1
M2D-T_9x5,1691,6.678877991514712,-6.74703286341907e-30,-1
M2D-T_9x5,1692,6.679092795059768,-1.5361041139722705e-07,-1
M2D-T_9x5,1693,6.681453898032704,-1.9806849850372894e-29,-1
M2D-T_9x5,1694,6.68166870039964,7.720529263912849e-30,1
M2D-T_9x5,1695,6.694361875358944,-2.2524343193469955e-30,-1
M2D-T_9x5,1696,6.69457667772588,-3.2562071320320514e-31,-1
M2D-T_9x5,1697,6.699151964079151,5.223371068349232e-30,1
M2D-T_9x5,1698,6.699366766446088,1.6504037065822052e-29,1
M2D-T_9x5,1699,6.700106264547958,1.8530475287536266e-28,1
M2D-T_9x5,1700,6.700321268999792,1.4501420865637934e-05,1
M2D-T_9x5,1701,6.701178482319965,3.6357347417130926e-29,1
M2D-T_9x5,1702,6.701393287100619,-6.951321166509165e-07,-1
M2D-T_9x5,1703,6.701969283670893,8.844843552921764e-31,1
M2D-T_9x5,1704,6.7039958019117085,-1.0479061953052402e-29,-1
M2D-T_9x5,1705,6.704096684796982,-7.8898404567151e-29,-1
M2D-T_9x5,1706,6.7043116657842825,-7.018871937720911e-05,-1
M2D-T_9x5,1707,6.705959703919917,-1.0960761058684592e-29,-1
M2D-T_9x5,1708,6.707986222160732,-4.0825219056464646e-30,-1
M2D-T_9x5,1709,6.71756844431779,-1.322552269081022e-29,-1
M2D-T_9x5,1710,6.717783246684725,-3.640147274619127e-29,-1
M2D-T_9x5,1711,6.7273544813039585,-7.448268053852594e-31,-1
M2D-T_9x5,1712,6.729381645477393,4.637268320256085e-05,1
M2D-T_9x5,1713,6.73134490155298,-1.2082914765935575e-28,-1
M2D-T_9x5,1714,6.73337199083409,-0.0002242548034982699,-1
M2D-T_9x5,1715,6.743818540414561,-2.366476951581426e-30,-1
M2D-T_9x5,1716,6.744033342781497,-4.099995970764806e-30,-1
M2D-T_9x5,1717,6.745845058655376,-7.008676828180446e-29,-1
M2D-T_9x5,1718,6.746059862893782,-5.7573005622094865e-06,-1
M2D-T_9x5,1719,6.759427379791889,3.4003288799999624e-30,1
M2D-T_9x5,1720,6.759642658007025,6.45840383068219e-05,1
M2D-T_9x5,1721,6.761290398914824,-1.7906986586808957e-29,-1
M2D-T_9x5,1722,6.7622350206532005,1.4168081764953632e-30,1
M2D-T_9x5,1723,6.762449823020136,3.981665682332065e-29,1
M2D-T_9x5,1724,6.763316917155637,-6.720281413136945e-30,-1
M2D-T_9x5,1725,6.767025109373402,2.1183820633005865e-29,1
M2D-T_9x5,1726,6.767239911740339,2.56074615217177e-29,1
M2D-T_9x5,1727,6.769051627614218,-7.322824244197394e-29,-1
M2D-T_9x5,1728,6.76926643149653,1.0862971818679398e-06,1
M2D-T_9x5,1729,6.7723353571181315,8.159193198750097e-29,1
M2D-T_9x5,1730,6.772550275087901,3.716875091214045e-06,1
M2D-T_9x5,1731,6.774198376241068,-7.76363411528123e-30,-1
M2D-T_9x5,1732,6.776224894481881,1.5545507678201325e-29,1
M2D-T_9x5,1733,6.779933086699646,1.084418156881847e-29,1
M2D-T_9x5,1734,6.780147889066582,1.2441126520197667e-29,1
M2D-T_9x5,1735,6.78195960494046,3.281000662037891e-28,1
M2D-T_9x5,1736,6.782174412777443,6.6308269924791655e-06,1
M2D-T_9x5,1737,6.786675596547887,1.3424566965434716e-28,1
M2D-T_9x5,1738,6.788703635896239,0.00020619825534082844,1
M2D-T_9x5,1739,6.795541926076974,3.09115352291816e-29,1
M2D-T_9x5,1740,6.795757101989963,5.861509036875584e-06,1
M2D-T_9x5,1741,6.79740494519991,-6.922141508802909e-30,-1
M2D-T_9x5,1742,6.799431463440725,1.6657422096711906e-29,1
M2D-T_9x5,1743,6.7995835738741315,7.32848045141858e-30,1
M2D-T_9x5,1744,6.801610461775421,1.1868951349267384e-05,1
M2D-T_9x5,1745,6.817565715648107,-7.795747375854561e-31,-1
M2D-T_9x5,1746,6.817780518015042,6.71672309722628e-29,1
M2D-T_9x5,1747,6.822790142832974,7.05605230267809e-29,1
M2D-T_9x5,1748,6.82481785516343,1.8958616120848805e-05,1
M2D-T_9x5,1749,6.835263781694555,4.521331051106336e-29,1
M2D-T_9x5,1750,6.835478584061491,1.8960598017491732e-29,1
M2D-T_9x5,1751,6.837290299935369,-6.632218618110705e-30,-1
M2D-T_9x5,1752,6.837505107898492,3.6382521034062353e-06,1
M2D-T_9x5,1753,6.839254201943578,-4.0344307091362915e-29,-1
M2D-T_9x5,1754,6.839469004310513,-2.1097232444927765e-30,-1
M2D-T_9x5,1755,6.840208502412385,1.2077149361056489e-31,1
M2D-T_9x5,1756,6.840423448260673,2.5988493392153044e-05,1
M2D-T_9x5,1757,6.8412807201843915,5.941893945252262e-32,1
M2D-T_9x5,1758,6.8414955232597565,4.7444638876724217e-07,1
M2D-T_9x5,1759,6.842071521535322,5.412649758072406e-30,1
M2D-T_9x5,1760,6.844098039776135,-3.584573470983425e-30,-1
M2D-T_9x5,1761,6.853680261933192,-3.36824721247204e-30,-1
M2D-T_9x5,1762,6.853895064300129,7.851952958139485e-30,1
M2D-T_9x5,1763,6.867456719168386,-2.939955982251243e-29,-1
M2D-T_9x5,1764,6.869483696109865,8.30305271352532e-05,1
M2D-T_9x5,1765,6.885386876328104,6.229389184353273e-30,1
M2D-T_9x5,1766,6.88560167869504,-1.8613700113786337e-29,-1
M2D-T_9x5,1767,6.887413394568918,1.5948546648890324e-28,1
M2D-T_9x5,1768,6.8876281979194784,1.9962531118732288e-07,1
M2D-T_9x5,1769,6.895539197407292,-9.754983091277034e-29,-1
M2D-T_9x5,1770,6.895754362189776,-3.1088232734598557e-06,-1
M2D-T_9x5,1771,6.897402216530228,-5.8504064665268184e-30,-1
M2D-T_9x5,1772,6.8994287347710435,1.0452166668596678e-30,1
M2D-T_9x5,1773,6.903136926988807,1.869118154018992e-29,1
M2D-T_9x5,1774,6.903351729355744,1.3579358117245467e-28,1
M2D-T_9x5,1775,6.905163445229622,3.050824002210731e-29,1
M2D-T_9x5,1776,6.905378251100697,-3.3223909023467194e-06,-1
M2D-T_9x5,1777,6.9071273472378305,2.632061507047431e-29,1
M2D-T_9x5,1778,6.907342149604765,9.425660708212732e-30,1
M2D-T_9x5,1779,6.909153865478643,7.296793579628944e-31,1
M2D-T_9x5,1780,6.909368668942489,1.6990551905102652e-06,1
M2D-T_9x5,1781,6.922787414163292,5.5780307387720485e-30,1
M2D-T_9x5,1782,6.924815091016555,-9.797715484379352e-06,-1
M2D-T_9x5,1783,6.9316537436923795,-4.608055326855851e-28,-1
M2D-T_9x5,1784,6.931868799770689,-1.5679639031790974e-05,-1
M2D-T_9x5,1785,6.933516762815316,-1.963961149106801e-30,-1
M2D-T_9x5,1786,6.935543281056129,-2.2454526525976397e-30,-1
M2D-T_9x5,1787,6.952353943468769,1.483915538325334e-29,1
M2D-T_9x5,1788,6.9525687458357055,6.229013011673283e-30,1
M2D-T_9x5,1789,6.954380461709582,1.14497225038809e-28,1
M2D-T_9x5,1790,6.954595265967756,5.5727808004605564e-06,1
M2D-T_9x5,1791,6.958901960448379,-3.706168965753453e-30,-1
M2D-T_9x5,1792,6.960929289750306,-5.022491195364988e-05,-1
M2D-T_9x5,1793,6.962458042232737,2.0303293491575766e-29,1
M2D-T_9x5,1794,6.962672844599672,-1.2805304042389263e-29,-1
M2D-T_9x5,1795,6.964484560473552,2.3704965319630244e-32,1
M2D-T_9x5,1796,6.964699365529071,-3.502859698650353e-06,-1
M2D-T_9x5,1797,6.975366019558981,1.3349769023406285e-29,1
M2D-T_9x5,1798,6.975580821925917,1.534767396602278e-29,1
M2D-T_9x5,1799,6.977392537799796,-3.555403093595205e-30,-1
M2D-T_9x5,1800,6.977607342424338,-2.0592616482273607e-06,-1
M2D-T_9x5,1801,6.9884684897538545,-1.2554796247742132e-29,-1
M2D-T_9x5,1802,6.98868329212079,2.647781613297772e-29,1
M2D-T_9x5,1803,6.990495007994669,-2.51610707032174e-29,-1
M2D-T_9x5,1804,6.990709815469999,-5.1951767489574595e-06,-1
M2D-T_9x5,1805,6.998572588517824,-2.6377723340917713e-30,-1
M2D-T_9x5,1806,6.99878739088476,1.574051946959569e-29,1
M2D-T_9x5,1807,7.0005991067586395,3.712354583651361e-28,1
M2D-T_9x5,1808,7.00081391090172,1.605632181660578e-06,1
M2D-T_9x5,1809,7.043239164853235,3.3384227023332426e-30,1
M2D-T_9x5,1810,7.043453967220172,1.0019392624750477e-29,1
M2D-T_9x5,1811,7.043799184748763,2.9815525858052607e-31,1
M2D-T_9x5,1812,7.0440139871157,-1.722596868123538e-30,-1
M2D-T_9x5,1813,7.045265683094049,-1.2392175519010743e-28,-1
M2D-T_9x5,1814,7.045480487900046,-3.6094127601550255e-06,-1
M2D-T_9x5,1815,7.045825702989578,-6.653751764311376e-29,-1
M2D-T_9x5,1816,7.046040509465451,-5.657153425446883e-06,-1
M2D-T_9x5,1817,7.0985698598481415,1.8633791875611307e-28,1
M2D-T_9x5,1818,7.098784662215077,-1.7341931788365592e-28,-1
M2D-T_9x5,1819,7.100596378088955,3.533973295616061e-29,1
M2D-T_9x5,1820,7.1008111867310495,8.49178008335521e-06,1
M2D-T_9x5,1821,7.111672330043016,7.244396445865907e-30,1
M2D-T_9x5,1822,7.111887132409951,5.0411128069008763e-29,1
M2D-T_9x5,1823,7.113698848283829,6.613897355226615e-32,1
M2D-T_9x5,1824,7.11391365340291,2.9169913774747867e-06,1
M2D-T_9x5,1825,7.134684406133229,6.35450714661663e-30,1
M2D-T_9x5,1826,7.1348992085001655,-1.1863274620974297e-28,-1
M2D-T_9x5,1827,7.136710924374044,-8.453441798776334e-29,-1
M2D-T_9x5,1828,7.136925731283136,-3.857228200941268e-06,-1
M2D-T_9x5,1829,7.141193417558012,-1.6537452219633666e-29,-1
M2D-T_9x5,1830,7.141408219924947,1.384778544056962e-29,1
M2D-T_9x5,1831,7.1432199357988235,1.7678147422405818e-29,1
M2D-T_9x5,1832,7.143434739035595,-1.56665245989038e-07,-1
M2D-T_9x5,1833,7.183901422613189,2.300867652089728e-29,1
M2D-T_9x5,1834,7.184116224980126,-2.1050528971536766e-29,-1
M2D-T_9x5,1835,7.185927940854004,7.244297347852684e-29,1
M2D-T_9x5,1836,7.18614274616826,3.895347978321586e-06,1
M2D-T_9x5,1837,7.208160484698673,-5.946128475451215e-29,-1
M2D-T_9x5,1838,7.208375287065609,-4.6294031080959794e-30,-1
M2D-T_9x5,1839,7.210187002939486,1.3499958897286747e-29,1
M2D-T_9x5,1840,7.2104018064331035,-2.0894726722964984e-06,-1
M2D-T_9x5,1841,7.24427503098376,-1.1316647148089699e-29,-1
M2D-T_9x5,1842,7.244489833350696,3.9261765212072236e-30,1
M2D-T_9x5,1843,7.246301549224574,1.611439542833928e-29,1
M2D-T_9x5,1844,7.246516354649993,1.5778959603280922e-06,1
M2D-T_9x5,1845,7.251774567907443,-5.025042236768108e-29,-1
M2D-T_9x5,1846,7.25198937027438,1.6150146452362362e-29,1
M2D-T_9x5,1847,7.253801086148257,7.109136113022129e-30,1
M2D-T_9x5,1848,7.25401589030607,2.844997951947303e-06,1
M2D-T_9x5,1849,7.299605725978668,5.039149968028829e-29,1
M2D-T_9x5,1850,7.299820528345603,-2.757631926123457e-28,-1
M2D-T_9x5,1851,7.301632244219482,-1.0257587868602874e-28,-1
M2D-T_9x5,1852,7.301847049442068,1.8905568751308318e-06,1
M2D-T_9x5,1853,7.3071052629023505,1.6249924301814164e-29,1
M2D-T_9x5,1854,7.307320065269285,1.2447151878000557e-29,1
M2D-T_9x5,1855,7.309131781143165,-3.679032542709326e-29,-1
M2D-T_9x5,1856,7.309346588482047,-7.997278257030313e-06,-1
M2D-T_9x5,1857,7.343219809187437,2.9194643497554027e-29,1
M2D-T_9x5,1858,7.343434611554374,-3.496412086136441e-29,-1
M2D-T_9x5,1859,7.345246327428252,1.851071845912363e-28,1
M2D-T_9x5,1860,7.345461134045821,3.4196292630073194e-06,1
M2D-T_9x5,1861,7.36747887127292,1.6177994800064686e-29,1
M2D-T_9x5,1862,7.367693673639856,7.205554360654297e-29,1
M2D-T_9x5,1863,7.369505389513735,2.64884305784561e-29,1
M2D-T_9x5,1864,7.369720193733322,1.6642628940810921e-06,1
M2D-T_9x5,1865,7.413417052788819,-5.360624892772467e-30,-1
M2D-T_9x5,1866,7.413631855155754,2.2709372206450493e-30,1
M2D-T_9x5,1867,7.415443571029632,1.4948406486460292e-29,1
M2D-T_9x5,1868,7.415658374381362,8.205038955332902e-08,1
M2D-T_9x5,1869,7.439707963843094,1.0022359307370038e-28,1
M2D-T_9x5,1870,7.43992276621003,-2.5240235615494622e-29,-1
M2D-T_9x5,1871,7.441734482083908,-2.159624386298895e-30,-1
M2D-T_9x5,1872,7.441949285919592,-3.927737030868891e-06,-1
M2D-T_9x5,1873,7.480384119929481,-5.754729837573574e-29,-1
M2D-T_9x5,1874,7.4805989222964175,1.821527063357771e-29,1
M2D-T_9x5,1875,7.482410638170296,-1.1048313983710864e-28,-1
M2D-T_9x5,1876,7.482625441045494,-1.8254297695170747e-06,-1
M2D-T_9x5,1877,7.507581109137347,-5.477400212617507e-30,-1
M2D-T_9x5,1878,7.507795911504283,3.607991542120799e-29,1
M2D-T_9x5,1879,7.509607627378164,4.126925363893051e-30,1
M2D-T_9x5,1880,7.509822431047396,-1.2420445950696337e-06,-1
M2D-T_9x5,1881,7.516498666214567,1.5922387308393922e-29,1
M2D-T_9x5,1882,7.516713468581503,3.2482030978473293e-29,1
M2D-T_9x5,1883,7.518525184455383,-4.513635650782596e-30,-1
M2D-T_9x5,1884,7.518739988703828,1.6690961685975573e-06,1
M2D-T_9x5,1885,7.562911804132256,-1.3258341287840582e-29,-1
M2D-T_9x5,1886,7.563126606499192,7.540676191334069e-29,1
M2D-T_9x5,1887,7.56493832237307,-2.2110741782837923e-29,-1
M2D-T_9x5,1888,7.565153128058437,3.214905678940138e-06,1
M2D-T_9x5,1889,7.571829361209475,-6.610085277467192e-29,-1
M2D-T_9x5,1890,7.572044163576411,-2.89985466119496e-29,-1
M2D-T_9x5,1891,7.5738558794502895,8.17520115878541e-29,1
M2D-T_9x5,1892,7.574070684701583,3.071363034708947e-06,1
M2D-T_9x5,1893,7.599026350417342,3.1937138819558374e-29,1
M2D-T_9x5,1894,7.599241152784277,-1.691120488109482e-29,-1
M2D-T_9x5,1895,7.601052868658155,-6.946937064900202e-30,-1
M2D-T_9x5,1896,7.601267673543405,-9.332844561661909e-07,-1
M2D-T_9x5,1897,7.6397025065037285,5.851216832680509e-30,1
M2D-T_9x5,1898,7.639917308870665,-3.880433889993725e-30,-1
M2D-T_9x5,1899,7.641729024744543,-1.317322282589581e-30,-1
M2D-T_9x5,1900,7.641943828763586,-5.121843336234956e-06,-1
M2D-T_9x5,1901,7.66922359401872,6.460061203211414e-32,1
M2D-T_9x5,1902,7.669438396385656,2.722314924510298e-29,1
M2D-T_9x5,1903,7.671250112259534,-2.5486302142662294e-29,-1
M2D-T_9x5,1904,7.671464915413179,-3.166675332450132e-08,-1
M2D-T_9x5,1905,7.7119315990739015,1.2840747724385095e-29,1
M2D-T_9x5,1906,7.712146401440838,-7.550729206857007e-30,-1
M2D-T_9x5,1907,7.713958117314716,9.527965130252763e-30,1
M2D-T_9x5,1908,7.714172919764924,1.914753027426098e-06,1
M2D-T_9x5,1909,7.736190661159386,-4.0675310580293276e-29,-1
M2D-T_9x5,1910,7.736405463526321,5.747562576055036e-30,1
M2D-T_9x5,1911,7.738217179400199,5.275490296893788e-29,1
M2D-T_9x5,1912,7.738431982716274,3.976442483758108e-06,1
M2D-T_9x5,1913,7.7723052074444725,-5.445777636551615e-30,-1
M2D-T_9x5,1914,7.772520009811408,-3.992172540288912e-30,-1
M2D-T_9x5,1915,7.774331725685286,2.801174626879107e-29,1
M2D-T_9x5,1916,7.774546530484297,-4.273369343874023e-06,-1
M2D-T_9x5,1917,7.779804744368155,-8.240866315895903e-30,-1
M2D-T_9x5,1918,7.780019546735092,-1.923987558814721e-29,-1
M2D-T_9x5,1919,7.78183126260897,2.2510455853780443e-30,1
M2D-T_9x5,1920,7.782046066252522,1.1337828963870498e-07,1
M2D-T_9x5,1921,7.827635902439379,1.3782771801671843e-29,1
M2D-T_9x5,1922,7.827850704806314,-1.6984704230671354e-30,-1
M2D-T_9x5,1923,7.829662420680193,-9.934606867209533e-30,-1
M2D-T_9x5,1924,7.829877225013755,-3.0680358402751575e-06,-1
M2D-T_9x5,1925,7.835135439363062,-4.667134146338504e-31,-1
M2D-T_9x5,1926,7.835350241729999,6.437635730536182e-30,1
M2D-T_9x5,1927,7.837161957603875,-6.21382314548287e-29,-1
M2D-T_9x5,1928,7.837376762864827,9.535935346400325e-07,1
M2D-T_9x5,1929,7.871249985648149,-5.328034108786818e-29,-1
M2D-T_9x5,1930,7.8714647880150865,7.727283773252659e-31,1
M2D-T_9x5,1931,7.873276503888963,2.1485478726707056e-30,1
M2D-T_9x5,1932,7.873491307786451,-8.581844365004513e-07,-1
M2D-T_9x5,1933,7.877758997072929,6.690480735662689e-32,1
M2D-T_9x5,1934,7.877973799439865,-7.053527766865425e-30,-1
M2D-T_9x5,1935,7.879785515313744,3.7636350480715744e-30,1
M2D-T_9x5,1936,7.880000318987672,1.2289258788277234e-08,1
M2D-T_9x5,1937,7.895509047733634,-4.778754781220625e-29,-1
M2D-T_9x5,1938,7.89572385010057,5.890590280076035e-32,1
M2D-T_9x5,1939,7.897535565974446,9.910881030483761e-29,1
M2D-T_9x5,1940,7.897750369710274,3.934983497330042e-06,1
M2D-T_9x5,1941,7.944726064213595,4.4406819576784377e-29,1
M2D-T_9x5,1942,7.94494086658053,3.7330721063775865e-29,1
M2D-T_9x5,1943,7.946752582454408,-1.1264624977605548e-28,-1
M2D-T_9x5,1944,7.9469673869778505,-3.371205597054464e-06,-1
M2D-T_9x5,1945,7.967738140303807,-1.2624309176822684e-29,-1
M2D-T_9x5,1946,7.967952942670744,3.3651422882570665e-32,1
M2D-T_9x5,1947,7.969764658544622,-2.2368715374714216e-29,-1
M2D-T_9x5,1948,7.969979462329054,-9.951402888650163e-08,-1
M2D-T_9x5,1949,7.98084061049868,-7.306165341464087e-30,-1
M2D-T_9x5,1950,7.981055412865618,5.4214514398674794e-30,1
M2D-T_9x5,1951,7.982867128739494,4.063024310917037e-29,1
M2D-T_9x5,1952,7.9830819369619475,4.236558266020559e-06,1
M2D-T_9x5,1953,8.01387081468833,1.3020666597963661e-29,1
M2D-T_9x5,1954,8.014085617055265,4.474038086860504e-29,1
M2D-T_9x5,1955,8.015897332929145,1.6514267276138265e-29,1
M2D-T_9x5,1956,8.016112136226884,-3.963866826359098e-09,-1
M2D-T_9x5,1957,8.035611285598058,-2.802665057779873e-29,-1
M2D-T_9x5,1958,8.035826087964994,1.2325817044835332e-30,1
M2D-T_9x5,1959,8.036171305493587,1.0524906053829754e-30,1
M2D-T_9x5,1960,8.036386107860524,-4.369074649141504e-29,-1
M2D-T_9x5,1961,8.037637803838873,-1.5367597280746066e-28,-1
M2D-T_9x5,1962,8.03785260706466,7.640682613679351e-07,1
M2D-T_9x5,1963,8.038197823734402,4.763404526378212e-30,1
M2D-T_9x5,1964,8.038412631380696,7.162338974773621e-07,1
M2D-T_9x5,1965,8.080837881828996,1.6841678790539034e-31,1
M2D-T_9x5,1966,8.081052684195932,5.410232233987771e-30,1
M2D-T_9x5,1967,8.08286440006981,1.6262778545012863e-29,1
M2D-T_9x5,1968,8.083079203785005,1.1757111505309916e-06,1
M2D-T_9x5,1969,8.090941980592966,5.558822928754499e-30,1
M2D-T_9x5,1970,8.091156782959901,-6.416782350467973e-30,-1
M2D-T_9x5,1971,8.092968498833779,4.282686353390412e-29,1
M2D-T_9x5,1972,8.093183303593998,-1.9450605235228877e-06,-1
M2D-T_9x5,1973,8.10404445078784,7.445232184756322e-30,1
M2D-T_9x5,1974,8.104259253154778,-2.8645728002499327e-30,-1
M2D-T_9x5,1975,8.106070969028654,7.645985527837899e-30,1
M2D-T_9x5,1976,8.106285774847148,-1.3509507918854247e-06,-1
M2D-T_9x5,1977,8.116952428114084,-7.557658305451205e-29,-1
M2D-T_9x5,1978,8.11716723048102,-2.309266063549229e-29,-1
M2D-T_9x5,1979,8.118978946354897,-8.21319342573516e-29,-1
M2D-T_9x5,1980,8.119193752727906,-1.6029141813466413e-06,-1
M2D-T_9x5,1981,8.127056526878054,-3.3642555611205415e-29,-1
M2D-T_9x5,1982,8.12727132924499,1.6137411485051825e-30,1
M2D-T_9x5,1983,8.129083045118868,2.420716309345008e-29,1
M2D-T_9x5,1984,8.129297849520386,7.420309374356259e-07,1
M2D-T_9x5,1985,8.172283123108992,4.945217621896657e-30,1
M2D-T_9x5,1986,8.172497925475927,5.418189307893191e-29,1
M2D-T_9x5,1987,8.174309641349806,-1.1030579516692535e-29,-1
M2D-T_9x5,1988,8.17452444797947,9.839631894609993e-08,1
M2D-T_9x5,1989,8.176273543358015,3.3472543553628055e-29,1
M2D-T_9x5,1990,8.176488345724952,-5.7653233345427656e-30,-1
M2D-T_9x5,1991,8.178300061598827,5.262367762620323e-29,1
M2D-T_9x5,1992,8.178514866903711,-2.480398356374769e-07,-1
M2D-T_9x5,1993,8.240156268403243,1.980444782316755e-28,1
M2D-T_9x5,1994,8.240371070770179,1.0232941989139445e-29,1
M2D-T_9x5,1995,8.242182786644058,3.482603743593384e-29,1
M2D-T_9x5,1996,8.242397591636959,1.921354833390962e-07,1
M2D-T_9x5,1997,8.244146688652267,-1.326614847917273e-29,-1
M2D-T_9x5,1998,8.244361491019204,4.211362994114054e-30,1
M2D-T_9x5,1999,8.246173206893081,-9.864975269462125e-29,-1
M2D-T_9x5,2000,8.246388011588243,-8.926614139834347e-07,-1
M2D-T_9x5,2001,8.299477383647174,7.281710367172883e-29,1
M2D-T_9x5,2002,8.29969218601411,-5.963012384087995e-29,-1
M2D-T_9x5,2003,8.301503901887989,-1.8589481616627233e-29,-1
M2D-T_9x5,2004,8.301718710449533,7.953620305456704e-07,1
M2D-T_9x5,2005,8.312385360973417,-2.3557259128110775e-29,-1
M2D-T_9x5,2006,8.312600163340353,7.473978269366325e-30,1
M2D-T_9x5,2007,8.31441187921423,1.2993070877917206e-28,1
M2D-T_9x5,2008,8.31462668309761,4.743424964995902e-08,1
M2D-T_9x5,2009,8.335591929932262,-2.3760635240720656e-29,-1
M2D-T_9x5,2010,8.335806732299199,2.946319791484256e-29,1
M2D-T_9x5,2011,8.337618448173076,-6.662784582641101e-29,-1
M2D-T_9x5,2012,8.337833255412344,1.0284058706498667e-07,1
M2D-T_9x5,2013,8.38025850626767,1.5139008377474426e-29,1
M2D-T_9x5,2014,8.380473308634606,-1.073971733368287e-28,-1
M2D-T_9x5,2015,8.382285024508485,-9.888202753506011e-30,-1
M2D-T_9x5,2016,8.38249982874937,3.297768000867629e-07,1
M2D-T_9x5,2017,8.43558920126258,-1.124025453381743e-30,-1
M2D-T_9x5,2018,8.435804003629515,-4.45027352332459e-30,-1
M2D-T_9x5,2019,8.437615719503393,-4.3990363932379193e-29,-1
M2D-T_9x5,2020,8.437830526601044,-1.861588938419236e-08,-1
M2D-T_9x5,2021,8.471703747547664,-1.6905695529850336e-29,-1
M2D-T_9x5,2022,8.471918549914601,-3.0822167353979166e-30,-1
M2D-T_9x5,2023,8.473730265788477,-9.768554418947428e-29,-1
M2D-T_9x5,2024,8.473945071472452,-2.1773135042847887e-07,-1
