{
  "params": {
    "N": 210,
    "K": 2,
    "n0": 0,
    "target": 105,
    "sc_src": 5,
    "sc_dst": 106,
    "mode": "lazy_selfloop",
    "q": 0.6666666667,
    "beta": 0.01,
    "rho": 1.0,
    "jumpover_absorbs": false,
    "n0_paper": 1,
    "target_paper": 106,
    "sc_src_paper": 6,
    "sc_dst_paper": 107,
    "p_shortcut": 0.0033333333330000004
  },
  "paper_peaks": [
    [
      53,
      0.00013220486354344858
    ],
    [
      4000,
      6.573008448567447e-05
    ]
  ],
  "peaks_valley": {
    "t1": 53,
    "tv": 1366,
    "t2": 4000,
    "delta": 197
  },
  "exact_meta": {
    "method": "aw",
    "r": 0.9977000638225533,
    "L": 8192,
    "max_steps": 4000,
    "x_nnz": 2
  },
  "cond_by_time": {
    "max_t": 4000,
    "min_n": 50,
    "smooth_window": 21
  },
  "summaries": [
    {
      "window": "peak1",
      "n": 5165,
      "frac": 0.025825,
      "P_sc_ge1": 1.0,
      "P_jo_ge1": 0.0,
      "P_sc_ge1_ci95": [
        0.9992567773792875,
        1.0
      ],
      "P_jo_ge1_ci95": [
        0.0,
        0.0007432226207125403
      ],
      "C0": 0.0,
      "C1": 1.0,
      "C2p": 0.0,
      "J0": 1.0,
      "J1": 0.0,
      "J2p": 0.0,
      "class_C0J0": 0.0,
      "class_C1pJ0": 1.0,
      "class_C0J1p": 0.0,
      "class_C1pJ1p": 0.0,
      "class_D_taujo_lt_tausc": null,
      "class_D_tausc_lt_taujo": null,
      "class_D_tie": null
    },
    {
      "window": "valley",
      "n": 3353,
      "frac": 0.016765,
      "P_sc_ge1": 0.8848792126453922,
      "P_jo_ge1": 0.0,
      "P_sc_ge1_ci95": [
        0.8736326135156892,
        0.8952448932454281
      ],
      "P_jo_ge1_ci95": [
        0.0,
        0.0011444090778665278
      ],
      "C0": 0.11512078735460782,
      "C1": 0.8848792126453922,
      "C2p": 0.0,
      "J0": 1.0,
      "J1": 0.0,
      "J2p": 0.0,
      "class_C0J0": 0.11512078735460782,
      "class_C1pJ0": 0.8848792126453922,
      "class_C0J1p": 0.0,
      "class_C1pJ1p": 0.0,
      "class_D_taujo_lt_tausc": null,
      "class_D_tausc_lt_taujo": null,
      "class_D_tie": null
    },
    {
      "window": "peak2",
      "n": 5291,
      "frac": 0.026455,
      "P_sc_ge1": 0.29843129843129845,
      "P_jo_ge1": 0.0,
      "P_sc_ge1_ci95": [
        0.28625167779913185,
        0.310903409899809
      ],
      "P_jo_ge1_ci95": [
        0.0,
        0.0007255363408793947
      ],
      "C0": 0.7015687015687015,
      "C1": 0.29824229824229825,
      "C2p": 0.000189000189000189,
      "J0": 1.0,
      "J1": 0.0,
      "J2p": 0.0,
      "class_C0J0": 0.7015687015687015,
      "class_C1pJ0": 0.29843129843129845,
      "class_C0J1p": 0.0,
      "class_C1pJ1p": 0.0,
      "class_D_taujo_lt_tausc": null,
      "class_D_tausc_lt_taujo": null,
      "class_D_tie": null
    },
    {
      "window": "other",
      "n": 186191,
      "frac": 0.930955,
      "P_sc_ge1": 0.3011477461316605,
      "P_jo_ge1": 0.0,
      "P_sc_ge1_ci95": [
        0.29906805103762324,
        0.3032356467249683
      ],
      "P_jo_ge1_ci95": [
        0.0,
        2.063215053107035e-05
      ],
      "C0": 0.6988522538683395,
      "C1": 0.3000359845534961,
      "C2p": 0.0011117615781643581,
      "J0": 1.0,
      "J1": 0.0,
      "J2p": 0.0,
      "class_C0J0": 0.6988522538683395,
      "class_C1pJ0": 0.3011477461316605,
      "class_C0J1p": 0.0,
      "class_C1pJ1p": 0.0,
      "class_D_taujo_lt_tausc": null,
      "class_D_tausc_lt_taujo": null,
      "class_D_tie": null
    }
  ]
}