{
  "name": "clear_instance",
  "near_dx": 4,
  "near_dy": 1,
  "bx": 0.12,
  "phase": 2,
  "t_peak1": 13,
  "t_valley": 207,
  "t_peak2": 471,
  "p_near": 0.3497361089469091,
  "p_far": 0.6502638910530909,
  "sep_mode": 2.379220779220779,
  "valley_over_max": 0.006797639156786158,
  "peak_ratio": 0.17026370656517617,
  "early_family_fine": "N_direct",
  "late_family_fine": "F_linger",
  "early_family_coarse": "N_direct",
  "late_family_coarse": "F_no_return",
  "sep_gate_fine": 2.3693931398416885,
  "sep_gate_coarse": 2.379947229551451,
  "closure_max_abs": 3.599551212651875e-17,
  "mass_N_direct": 0.3255854612326752,
  "mass_N_detour": 0.024150647702938757,
  "mass_F_clean": 0.18427803421749625,
  "mass_F_linger": 0.38484556833788225,
  "mass_F_rollback": 0.08114028847672862,
  "mass_F_no_return": 0.5691236025553807,
  "mc_branch_near": 0.34865,
  "mc_branch_far": 0.6513,
  "mc_max_family_abs_err": 0.00422196578250375
}