{
  "params": {
    "N": 250,
    "K": 2,
    "n0": 0,
    "target": 125,
    "sc_src": 5,
    "sc_dst": 126,
    "mode": "lazy_selfloop",
    "q": 0.6666666667,
    "beta": 0.01,
    "rho": 1.0,
    "jumpover_absorbs": false,
    "n0_paper": 1,
    "target_paper": 126,
    "sc_src_paper": 6,
    "sc_dst_paper": 127,
    "p_shortcut": 0.0033333333330000004
  },
  "paper_peaks": [
    [
      53,
      0.0001322048634980417
    ],
    [
      4000,
      4.3058286080486625e-05
    ]
  ],
  "peaks_valley": {
    "t1": 53,
    "tv": 2047,
    "t2": 4000,
    "delta": 197
  },
  "exact_meta": {
    "method": "aw",
    "r": 0.9977000638225533,
    "L": 8192,
    "max_steps": 4000,
    "x_nnz": 2
  },
  "cond_by_time": {
    "max_t": 4000,
    "min_n": 50,
    "smooth_window": 21
  },
  "summaries": [
    {
      "window": "peak1",
      "n": 5119,
      "frac": 0.025595,
      "P_sc_ge1": 1.0,
      "P_jo_ge1": 0.0,
      "P_sc_ge1_ci95": [
        0.9992501036924506,
        1.0
      ],
      "P_jo_ge1_ci95": [
        0.0,
        0.00074989630754931
      ],
      "C0": 0.0,
      "C1": 1.0,
      "C2p": 0.0,
      "J0": 1.0,
      "J1": 0.0,
      "J2p": 0.0,
      "class_C0J0": 0.0,
      "class_C1pJ0": 1.0,
      "class_C0J1p": 0.0,
      "class_C1pJ1p": 0.0,
      "class_D_taujo_lt_tausc": null,
      "class_D_tausc_lt_taujo": null,
      "class_D_tie": null
    },
    {
      "window": "valley",
      "n": 2715,
      "frac": 0.013575,
      "P_sc_ge1": 0.879926335174954,
      "P_jo_ge1": 0.0,
      "P_sc_ge1_ci95": [
        0.8671594188912691,
        0.8916196140615885
      ],
      "P_jo_ge1_ci95": [
        1.0842021724855044e-19,
        0.0014129546936459997
      ],
      "C0": 0.12007366482504604,
      "C1": 0.879926335174954,
      "C2p": 0.0,
      "J0": 1.0,
      "J1": 0.0,
      "J2p": 0.0,
      "class_C0J0": 0.12007366482504604,
      "class_C1pJ0": 0.879926335174954,
      "class_C0J1p": 0.0,
      "class_C1pJ1p": 0.0,
      "class_D_taujo_lt_tausc": null,
      "class_D_tausc_lt_taujo": null,
      "class_D_tie": null
    },
    {
      "window": "peak2",
      "n": 3441,
      "frac": 0.017205,
      "P_sc_ge1": 0.43766346992153443,
      "P_jo_ge1": 0.0,
      "P_sc_ge1_ci95": [
        0.4211659977922206,
        0.4542999742861474
      ],
      "P_jo_ge1_ci95": [
        0.0,
        0.0011151746425728255
      ],
      "C0": 0.5623365300784655,
      "C1": 0.43766346992153443,
      "C2p": 0.0,
      "J0": 1.0,
      "J1": 0.0,
      "J2p": 0.0,
      "class_C0J0": 0.5623365300784655,
      "class_C1pJ0": 0.43766346992153443,
      "class_C0J1p": 0.0,
      "class_C1pJ1p": 0.0,
      "class_D_taujo_lt_tausc": null,
      "class_D_tausc_lt_taujo": null,
      "class_D_tie": null
    },
    {
      "window": "other",
      "n": 188725,
      "frac": 0.943625,
      "P_sc_ge1": 0.3437276460458339,
      "P_jo_ge1": 0.0,
      "P_sc_ge1_ci95": [
        0.34158800201491996,
        0.34587365196473346
      ],
      "P_jo_ge1_ci95": [
        0.0,
        2.0355129440904702e-05
      ],
      "C0": 0.6562723539541662,
      "C1": 0.34251953901178966,
      "C2p": 0.0012081070340442444,
      "J0": 1.0,
      "J1": 0.0,
      "J2p": 0.0,
      "class_C0J0": 0.6562723539541662,
      "class_C1pJ0": 0.3437276460458339,
      "class_C0J1p": 0.0,
      "class_C1pJ1p": 0.0,
      "class_D_taujo_lt_tausc": null,
      "class_D_tausc_lt_taujo": null,
      "class_D_tie": null
    }
  ]
}