t,f_total,k_0,k_1,k_2,k_3,k_4,k_5,k_6
1,0.0000000000000000e+00,0.0000000000000000e+00,0.0000000000000000e+00,0.0000000000000000e+00,0.0000000000000000e+00,0.0000000000000000e+00,0.0000000000000000e+00,0.0000000000000000e+00
2,0.0000000000000000e+00,0.0000000000000000e+00,0.0000000000000000e+00,0.0000000000000000e+00,0.0000000000000000e+00,0.0000000000000000e+00,0.0000000000000000e+00,0.0000000000000000e+00
3,1.0376530218265133e-06,0.0000000000000000e+00,0.0000000000000000e+00,0.0000000000000000e+00,1.0376530218265133e-06,0.0000000000000000e+00,0.0000000000000000e+00,0.0000000000000000e+00
4,6.2612283484580119e-05,0.0000000000000000e+00,0.0000000000000000e+00,1.6186529576012759e-07,6.5948852488440870e-06,5.5855532939975902e-05,0.0000000000000000e+00,0.0000000000000000e+00
5,6.1763046269340180e-04,0.0000000000000000e+00,8.4114849961889514e-09,7.4368904270301101e-07,1.9165716777181866e-05,1.6950415502518958e-04,4.2820849036333112e-04,0.0000000000000000e+00
6,2.3196326817421786e-03,2.8564649689459416e-10,4.1588155129025665e-08,1.9860317474193768e-06,3.9396522572953728e-05,3.3394452904242486e-04,1.0806610924416862e-03,8.6360263213606863e-04
7,4.5477646953245507e-03,1.4718730694224813e-09,1.2049980692808401e-07,4.0651646468002686e-06,6.6886873633053659e-05,5.3073473788778423e-04,1.8460501679547804e-03,2.0999057795221343e-03
8,6.9067248223714239e-03,4.4240293758220210e-09,2.6741418447173697e-07,7.0907974721591864e-06,1.0062606084132602e-04,7.4459358699828818e-04,2.6253148139996577e-03,3.4288277248461460e-03
9,9.1440699852400435e-03,1.0142115764475496e-08,5.0332868173605350e-07,1.1114724184389008e-05,1.3941881576478936e-04,9.6346923979401624e-04,3.3612638950196523e-03,4.6682898396796964e-03
10,1.1137995793291298e-02,1.9648317747070639e-08,8.4619827132680418e-07,1.6142450519679396e-05,1.8206830547824369e-04,1.1788807863236366e-03,4.0226588153807058e-03,5.7373795889999598e-03
11,1.2843080196889983e-02,3.3895196911378814e-08,1.3098801555430187e-06,2.2143461829560378e-05,2.2747402795661413e-04,1.3851252105042387e-03,4.5962452637130016e-03,6.6107484575341135e-03
12,1.4257043025625872e-02,5.3699719615349211e-08,1.9036528937266761e-06,2.9059966020988616e-05,2.7466588583338440e-04,1.5785988180725638e-03,5.0795798559243243e-03,7.2931811471612686e-03
13,1.5399292949595939e-02,7.9702140961905636e-08,2.6321705031522925e-06,3.6814073252932532e-05,3.2280980553094676e-04,1.7572108980904537e-03,5.4764413490860451e-03,7.8033049509914449e-03
14,1.6298670662297385e-02,1.1234615299119015e-07,3.4957217666096674e-06,4.5313698252880508e-05,3.7119949818561408e-04,1.9199399039844798e-03,5.7938447297806806e-03,8.1647647641741282e-03
15,1.6986659936339923e-02,1.5187581543001467e-07,4.4906865010948856e-06,5.4457419602566360e-05,4.1924316953174527e-04,2.0665037855695646e-03,6.0402070876610873e-03,8.4016059116584357e-03
16,1.7493855951800304e-02,1.9834483769529442e-07,5.6101029260367364e-06,6.4138489563038059e-05,4.6644925205802058e-04,2.1971202827915717e-03,6.2242543962562850e-03,8.5360850833676571e-03
17,1.7848287333825884e-02,2.5163425691218870e-07,6.8442816387839946e-06,7.4248135729021363e-05,5.1241300896671081e-04,2.3123343711523880e-03,6.3544024152462734e-03,8.5877934868357937e-03
18,1.8074769207936187e-02,3.1147521223701187e-07,8.1814200236796741e-06,8.4678258955267594e-05,5.5680466285579764e-04,2.4128952614638562e-03,6.4384329021909053e-03,8.5734652272344437e-03
19,1.8194807879388649e-02,3.7747420278796182e-07,9.6081858198500332e-06,9.5323607343821267e-05,5.9935914623903070e-04,2.4996696042456214e-03,6.4833501673839415e-03,8.5071196941535962e-03
20,1.8226783480726871e-02,4.4913885929363255e-07,1.1110250163248756e-05,1.0608349118419563e-04,6.3986733367621222e-04,2.5735810029235344e-03,6.4953446256297825e-03,8.4003476382906051e-03
21,1.8186256880262128e-02,5.2590282038056913e-07,1.2672759127192379e-05,1.1686309497380857e-04,6.7816853964088942e-04,2.6355685451010351e-03,6.4798171971828765e-03,8.2626408414159455e-03
22,1.8086316711170534e-02,6.0714876984557644e-07,1.4280739116545490e-05,1.2757443733917134e-04,7.1414406446678250e-04,2.6865590051599153e-03,6.4414358802105300e-03,8.1017154361077426e-03
23,1.7937922304740096e-02,6.9222906187841359e-07,1.5919435914266948e-05,1.3813702601663355e-04,7.4771159846301945e-04,2.7274488085826678e-03,6.3842069756771544e-03,7.9238062310244776e-03
24,1.7750220970038262e-02,7.8048364534547578e-07,1.7574590165899560e-05,1.4847825197367512e-04,7.7882032980965523e-04,2.7590929081378096e-03,6.3115505214420310e-03,7.7339238848638464e-03
25,1.7530830698560401e-02,8.7125520781970498e-07,1.9232653976120810e-05,1.5853356371588333e-04,8.0744663546779229e-04,2.7822985020938334e-03,6.2263739466827134e-03,7.5360741414162375e-03
26,1.7286086223701414e-02,9.6390160795407356e-07,2.0880954369561826e-05,1.6824645961715791e-04,8.3359026248369390e-04,2.7978220978548758e-03,6.1311407336564058e-03,7.3334418141117646e-03
27,1.7021249901498448e-02,1.0578057634425189e-06,2.2507809861569052e-05,1.7756833270352496e-04,8.5727092907544118e-04,2.8063688447909295e-03,6.0279325786856946e-03,7.1285436006178447e-03
28,1.6740690538902751e-02,1.1523832222887833e-06,2.4102606467392057e-05,1.8645819877815458e-04,8.7852529136187463e-04,2.8085933674858966e-03,5.9185045682603526e-03,6.9233541233267937e-03
29,1.6448033913369679e-02,1.2470876768774639e-06,2.5655839282435865e-05,1.9488233519479066e-04,8.9740423354779696e-04,2.8051015547142133e-03,5.8043334797204024e-03,6.7194093832331639e-03
30,1.6146288784972603e-02,1.3414146912068658e-06,2.7159125390479994e-05,2.0281385406859258e-04,9.1397044786893937e-04,2.7964529221045013e-03,5.6866596397548968e-03,6.5178913810939867e-03
31,1.5837951975986322e-02,1.4349039078335042e-06,2.8605193373947780e-05,2.1023223034281988e-04,9.2829627654609701e-04,2.7831632839185457e-03,5.5665229308102405e-03,6.3196971570868392e-03
32,1.5525095739386444e-02,1.5271399874546632e-06,2.9987854163185053e-05,2.1712280197182362e-04,9.4046179214122671e-04,2.7657075537212091e-03,5.4447935911965169e-03,6.1254950062050268e-03
33,1.5209440243576981e-02,1.6177525143208858e-06,3.1301957407734490e-05,2.2347625657924604e-04,9.5055309561432844e-04,2.7445225538655555e-03,5.3221984510278628e-03,5.9357701765679321e-03
34,1.4892413612036463e-02,1.7064150775781744e-06,3.2543337007625247e-05,2.2928811632998906e-04,9.5866081346253091e-04,2.7200097562594312e-03,5.1993432095306597e-03,5.7508619643686512e-03
35,1.4575201596368511e-02,1.7928437141847853e-06,3.3708748923884066e-05,2.3455823042453823e-04,9.6487877687512344e-04,2.6925379066710460e-03,5.0767313061658896e-03,5.5709937835938441e-03
36,1.4258788639200024e-02,1.8767948746304693e-06,3.4795803905500370e-05,2.3929028258168347e-04,9.6930286706129777e-04,2.6624455054372821e-03,4.9547798785167015e-03,5.3962975068229287e-03
37,1.3943991801961601e-02,1.9580630492509636e-06,3.5802897330901716e-05,2.4349131910883254e-04,9.7203001193424485e-04,2.6300431314684961e-03,4.8338332399760200e-03,5.2268331390938538e-03
38,1.3631488790438432e-02,2.0364781710772998e-06,3.6729137968169862e-05,2.4717130165030675e-04,9.7315732025068480e-04,2.5956156057984269e-03,4.7141742533171431e-03,5.0626046932826241e-03
39,1.3321841104854071e-02,2.1119028912329782e-06,3.7574277109912826e-05,2.5034268743194922e-04,9.7278134016001228e-04,2.5594239969866537e-03,4.5960339239906386e-03,4.9035729762836712e-03
40,1.3015513167152484e-02,2.1842298050526785e-06,3.8338639234431201e-05,2.5302003876194354e-04,9.7099742994043029e-04,2.5217074744395274e-03,4.4795994902000124e-03,4.7496658647710865e-03
41,1.2712888131953821e-02,2.2533786913741029e-06,3.9023055082045813e-05,2.5521966267932520e-04,9.6789922950448175e-04,2.4826850178882760e-03,4.3650212455933358e-03,4.6007865425149825e-03
42,1.2414280965448304e-02,2.3192938137910960e-06,3.9628797811018605e-05,2.5695928094013782e-04,9.6357822204784396e-04,2.4425569923601479e-03,4.2524182945450672e-03,4.4568200839302970e-03
43,1.2119949274682192e-02,2.3819413209350634e-06,4.0157522707898851e-05,2.5825772997452832e-04,9.5812337599241197e-04,2.4015065983609505e-03,4.1418834090809539e-03,4.3176386972445134e-03
44,1.1830102285109690e-02,2.4413067729217923e-06,4.0611210768755159e-05,2.5913469001583614e-04,9.5162085813412455e-04,2.3597012069088959e-03,4.0334871300249583e-03,4.1831058824841980e-03
45,1.1544908294176669e-02,2.4973928127930691e-06,4.0992116337047678e-05,2.5961044227621632e-04,9.4415380964307653e-04,2.3172935886963102e-03,3.9272812324035265e-03,4.0530797120076978e-03
46,1.1264500870698951e-02,2.5502169949218710e-06,4.1302718877442043e-05,2.5970565280574235e-04,9.3580217727363643e-04,2.2744230461284507e-03,3.8233016560278547e-03,3.9274154025909034e-03
47,1.0988984021884326e-02,2.5998097767634083e-06,4.1545678879470918e-05,2.5944118150832032e-04,9.2664259282135275e-04,2.2312164563787645e-03,3.7215709860215457e-03,3.8059673164981098e-03
48,1.0718436510322064e-02,2.6462126758565558e-06,4.1723797817668240e-05,2.5883791468500064e-04,9.1674829450809987e-04,2.1877892329613051e-03,3.6221005544467377e-03,3.6885905032273954e-03
49,1.0452915470695627e-02,2.6894765904569720e-06,4.1839982042965960e-05,2.5791661942198258e-04,9.0618908458471820e-04,2.1442462126879118e-03,3.5248922227310493e-03,3.5751418726365420e-03
50,1.0192459449166632e-02,2.7296602794731068e-06,4.1897210441360730e-05,2.5669781812693990e-04,8.9503131800984189e-04,2.1006824742712390e-03,3.4299398949823074e-03,3.4654810730554691e-03
51,9.9370909663319164e-03,2.7668289953519034e-06,4.1898505668003981e-05,2.5520168153485100e-04,8.8333791759392824e-04,2.0571840942665617e-03,3.3372308042137330e-03,3.3594711340594859e-03
52,9.6868186865403209e-03,2.8010532621088397e-06,4.1846908746076679e-05,2.5344793854618821e-04,8.7116841148878030e-04,2.0138288455212134e-03,3.2467466067449889e-03,3.2569789222309650e-03
53,9.4416392614812758e-03,2.8324077897169824e-06,4.1745456808453370e-05,2.5145580132011956e-04,8.5857898935562274e-04,1.9706868428222592e-03,3.1584643143859926e-03,3.1578754489991114e-03
54,9.2015389037523598e-03,2.8609705154749501e-06,4.1597163754829394e-05,2.4924390411834655e-04,8.4562257396020714e-04,1.9278211399998135e-03,3.0723570892738417e-03,3.0620360621298466e-03
55,8.9664947361045022e-03,2.8868217626886954e-06,4.1405003596474315e-05,2.4683025447722485e-04,8.3234890532288340e-04,1.8852882823529034e-03,2.9883949222690932e-03,2.9693405463232336e-03
56,8.7364759538610445e-03,2.9100435069625307e-06,4.1171896264052764e-05,2.4423219537355532e-04,8.1880463489684919e-04,1.8431388179139649e-03,2.9065452125000306e-03,2.8796731534056299e-03
57,8.5114448312878840e-03,2.9307187405460419e-06,4.0900695660151451e-05,2.4146637714017759e-04,8.0503342756075126e-04,1.8014177707533453e-03,2.8267732628664563e-03,2.7929225785664554e-03
58,8.2913575971907683e-03,2.9489309254795643e-06,4.0594179746537185e-05,2.3854873797909921e-04,7.9107606949449646e-04,1.7601650792431051e-03,2.7490427039892360e-03,2.7089818958128150e-03
59,8.0761652005136575e-03,2.9647635266832862e-06,4.0255042466137079e-05,2.3549449201065687e-04,7.7697058026159418e-04,1.7194160019464921e-03,2.6733158571437465e-03,2.6277484631583485e-03
60,7.8658139830287549e-03,2.9782996166121912e-06,3.9885887310777433e-05,2.3231812388583328e-04,7.6275232764968094e-04,1.6792014935725146e-03,2.5995540450825601e-03,2.5491238059107764e-03
61,7.6602462731964055e-03,2.9896215436250223e-06,3.9489222357430931e-05,2.2903338907437194e-04,7.4845414402508728e-04,1.6395485532310447e-03,2.5277178582829383e-03,2.4730134846819075e-03
62,7.4594009128098951e-03,2.9988106567693233e-06,3.9067456607772518e-05,2.2565331902302781e-04,7.3410644313941773e-04,1.6004805470403107e-03,2.4577673830047820e-03,2.3993269533378147e-03
63,7.2632137260262748e-03,3.0059470802497765e-06,3.8622897477966737e-05,2.2219023045568832e-04,7.1973733648797173e-04,1.5620175069729410e-03,2.3896623965783937e-03,2.3279774109730630e-03
64,7.0716179387380999e-03,3.0111095314103331e-06,3.8157749297596450e-05,2.1865573815988126e-04,7.0537274846329721e-04,1.5241764076769900e-03,2.3233625345285293e-03,2.2588816510803957e-03
65,6.8845445548948196e-03,3.0143751766120766e-06,3.7674112688333781e-05,2.1506077067219183e-04,6.9103652967389493e-04,1.4869714228726155e-03,2.2588274334566583e-03,2.1919599103545134e-03
66,6.7019226952818433e-03,3.0158195199207521e-06,3.7173984704228847e-05,2.1141558833829297e-04,6.7675056790970130e-04,1.4504141628018008e-03,2.1960168530261353e-03,2.1271357189817635e-03
67,6.5236799033647399e-03,3.0155163200250274e-06,3.6659259626262413e-05,2.0772980328168781e-04,6.6253489633393481e-04,1.4145138940962090e-03,2.1348907799076337e-03,2.0643357537989877e-03
68,6.3497424220688489e-03,3.0135375312850871e-06,3.6131730314015219e-05,2.0401240086898023e-04,6.4840779856657662e-04,1.3792777433258210e-03,2.0754095161301350e-03,2.0034896953320361e-03
69,6.1800354447606167e-03,3.0099532652586993e-06,3.5593090026910327e-05,2.0027176230868728e-04,6.3438591039941721e-04,1.3447108853972668e-03,2.0175337539338782e-03,1.9445300894291983e-03
70,6.0144833432015819e-03,3.0048317694672504e-06,3.5044934636466547e-05,1.9651568806548268e-04,6.2048431794742851e-04,1.3108167178848616e-03,1.9612246389257917e-03,1.8873922139720839e-03
71,5.8530098748390234e-03,2.9982394205469984e-06,3.4488765159352605e-05,1.9275142181253633e-04,6.0671665209721855e-04,1.2775970222984926e-03,1.9064438230865859e-03,1.8320139509642903e-03
72,5.6955383714624181e-03,2.9902407292812713e-06,3.3925990548760445e-05,1.8898567468152643e-04,5.9309517916152532e-04,1.2450521132199104e-03,1.8531535089648964e-03,1.7783356641565178e-03
73,5.5419919109786324e-03,2.9808983553284343e-06,3.3357930688734175e-05,1.8522464960319882e-04,5.7963088768991987e-04,1.2131809761721335e-03,1.8013164862115628e-03,1.7263000822577543e-03
74,5.3922934738303259e-03,2.9702731297492637e-06,3.2785819542619334e-05,1.8147406556127791e-04,5.6633357142095854e-04,1.1819813950249595e-03,1.7508961614515722e-03,1.6758521876991893e-03
75,5.2463660853924671e-03,2.9584240836975203e-06,3.2210808412760485e-05,1.7773918160934863e-04,5.5321190839063416e-04,1.1514500696825640e-03,1.7018565823580778e-03,1.6269391108553841e-03
76,5.1041329455238562e-03,2.9454084818706033e-06,3.1633969274001956e-05,1.7402482052426445e-04,5.4027353623679029e-04,1.1215827247464181e-03,1.6541624566788625e-03,1.5795100295816482e-03
77,4.9655175463184350e-03,2.9312818595250234e-06,3.1056298148466421e-05,1.7033539199093372e-04,5.2752512375975596e-04,1.0923742097979209e-03,1.6077791668677010e-03,1.5335160738941314e-03
78,4.8304437789898624e-03,2.9160980620458642e-06,3.0478718493532304e-05,1.6667491523221533e-04,5.1497243881634420e-04,1.0638185918998508e-03,1.5626727808888601e-03,1.4889102355970141e-03
79,4.6988360307288089e-03,2.8999092862222860e-06,2.9902084578933408e-05,1.6304704101433089e-04,5.0262041263801963e-04,1.0359092408737483e-03,1.5188100596904050e-03,1.4456472826471494e-03
80,4.5706192722922197e-03,2.8827661225242764e-06,2.9327184832496983e-05,1.5945507297287188e-04,4.9047320067487348e-04,1.0086389078713554e-03,1.4761584617793136e-03,1.4036836780387837e-03
81,4.4457191370151136e-03,2.8647175978010349e-06,2.8754745137248866e-05,1.5590198821734081e-04,4.7853424007543780e-04,9.8199979772201290e-04,1.4346861452772075e-03,1.3629775029880653e-03
82,4.3240619918760801e-03,2.8458112179302593e-06,2.8185432065478093e-05,1.5239045718338243e-04,4.6680630391864167e-04,9.5598363550426714e-04,1.3943619677885303e-03,1.3234883841978498e-03
83,4.2055750011959258e-03,2.8260930100418597e-06,2.7619856037896802e-05,1.4892286271160689e-04,4.5529155231866571e-04,9.3058172775864554e-04,1.3551554843722264e-03,1.2851774249868426e-03
84,4.0901861835036073e-03,2.8056075640206598e-06,2.7058574398282255e-05,1.4550131834032434e-04,4.4399158052633222e-04,9.0578501872946404e-04,1.3170369438724983e-03,1.2480071400726854e-03
85,3.9778244620633585e-03,2.7843980730620003e-06,2.6502094395972621e-05,1.4212768580674270e-04,4.3290746415222117e-04,8.8158414199644838e-04,1.2799772838332994e-03,1.2119413938056125e-03
86,3.8684197095212158e-03,2.7625063731129831e-06,2.5950876070331169e-05,1.3880359175735368e-04,4.2203980163712281e-04,8.5796946783176333e-04,1.2439481241942514e-03,1.1769453416572801e-03
87,3.7619027870969359e-03,2.7399729810817393e-06,2.5405335032817808e-05,1.3553044367346044e-04,4.1138875409490051e-04,8.3493114659459835e-04,1.2089217599420658e-03,1.1429853747780112e-03
88,3.6582055787182568e-03,2.7168371317385548e-06,2.4865845143634180e-05,1.3230944502219403e-04,4.0095408265150838e-04,8.1245914845362675e-04,1.1748711528708907e-03,1.1100290674446640e-03
89,3.5572610204679142e-03,2.6931368132670218e-06,2.4332741081057608e-05,1.2914160964701558e-04,3.9073518340191742e-04,7.9054329970734151e-04,1.1417699225868727e-03,1.0780451272304425e-03
90,3.4590031256895876e-03,2.6689088014514521e-06,2.3806320802569742e-05,1.2602777541469970e-04,3.8073112010417426e-04,7.6917331595334503e-04,1.1095923368762916e-03,1.0470033477370559e-03
91,3.3633670060765524e-03,2.6441886925094625e-06,2.3286847897733071e-05,1.2296861713821539e-04,3.7094065472685178e-04,7.4833883234006501e-04,1.0783133015426084e-03,1.0168745637385687e-03
92,3.2702888890461454e-03,2.6190109345966139e-06,2.2774553833489292e-05,1.1996465879684145e-04,3.6136227596284454e-04,7.2802943111795659e-04,1.0479083498054233e-03,9.8763060859499339e-04
93,3.1797061316838800e-03,2.5934088580239526e-06,2.2269640093160675e-05,1.1701628507632904e-04,3.5199422581888589e-04,7.0823466669198663e-04,1.0183536313434266e-03,9.5924427380206711e-04
94,3.0915572315231132e-03,2.5674147042398159e-06,2.1772280210942897e-05,1.1412375225302152e-04,3.4283452438639680e-04,6.8894408836296889e-04,9.8962590105380584e-04,9.3168927055173778e-04
95,3.0057818344093978e-03,2.5410596536348730e-06,2.1282621704096025e-05,1.1128719844660494e-04,3.3388099289536483e-04,6.7014726093208221e-04,9.6170250759205719e-04,9.0494019318555785e-04
96,2.9223207396828900e-03,2.5143738522345244e-06,2.0800787905380714e-05,1.0850665326664187e-04,3.2513127514895596e-04,6.5183378333057184e-04,9.3456138174859507e-04,8.7897248443051014e-04
97,2.8411159028974226e-03,2.4873864373458871e-06,2.0326879698558090e-05,1.0578204687827397e-04,3.1658285743251647e-04,6.3399330542515729e-04,9.0818102471187543e-04,8.5376240231369548e-04
98,2.7621104362809314e-03,2.4601255622279913e-06,1.9860977159983282e-05,1.0311321851250488e-04,3.0823308698657028e-04,6.1661554313897969e-04,8.8254049626180912e-04,8.2928698865885621e-04
99,2.6852486071288419e-03,2.4326184198538560e-06,1.9403141109481535e-05,1.0049992444632362e-04,3.0007918912938053e-04,5.9969029201797648e-04,8.5761940293197566e-04,8.0552403907385023e-04
100,2.6104758343096683e-03,2.4048912658319998e-06,1.8953414573809215e-05,9.7941845477629236e-05,2.9211828311065879e-04,5.8320743936330851e-04,8.3339788617445754e-04,7.8245207434397292e-04
101,2.5377386830504386e-03,2.3769694405529880e-06,1.8511824166076341e-05,9.5438593919495713e-05,2.8434739677407899e-04,5.6715697504184010e-04,8.0985661055695153e-04,7.6005031315144278e-04
102,2.4669848581585843e-03,2.3488773906239431e-06,1.8078381384547338e-05,9.2989720137793283e-05,2.7676348010241764e-04,5.5152900107865402e-04,7.8697675201810262e-04,7.3829864604644548e-04
103,2.3981631958265711e-03,2.3206386896507935e-06,1.7653083834248288e-05,9.0594718655577437e-05,2.6936341771539613e-04,5.3631374012811435e-04,7.6473998620370264e-04,7.1717761059988136e-04
104,2.3312236541557616e-03,2.2922760584244925e-06,1.7235916374795615e-05,8.8253033846987723e-05,2.6214404038666609e-04,5.2150154291303273e-04,7.4312847690345088e-04,6.9666836767240403e-04
105,2.2661173025268120e-03,2.2638113845636598e-06,1.6826852197827406e-05,8.5964065242679510e-05,2.5510213564286136e-04,5.0708289471504365e-04,7.2212486460535334e-04,6.7675267873848293e-04
106,2.2027963099351747e-03,2.2352657416621775e-06,1.6425853837367305e-05,8.3727172468054669e-05,2.4823445750423936e-04,4.9304842099325680e-04,7.0171225518249032e-04,6.5741288420810388e-04
107,2.1412139324021176e-03,2.2066594079863057e-06,1.6032874116385616e-05,8.1541679834775142e-05,2.4153773542316415e-04,4.7938889220267543e-04,6.8187420872480747e-04,6.3863188269232360e-04
108,2.0813244995639300e-03,2.1780118847618948e-06,1.5647857032745110e-05,7.9406880605242580e-05,2.3500868247354121e-04,4.6609522787864898e-04,6.6259472852670984e-04,6.2039311116228002e-04
109,2.0230834005347175e-03,2.1493419140883961e-06,1.5270738587632753e-05,7.7322040948919917e-05,2.2864400284129801e-04,4.5315850004879268e-04,6.4385825023959280e-04,6.0268052595439285e-04
110,1.9664470691313630e-03,2.1206674965125808e-06,1.4901447559484917e-05,7.5286403608560063e-05,2.2244039866312610e-04,4.4056993602929805e-04,6.2564963119695228e-04,5.8547858457742906e-04
111,1.9113729685427579e-03,2.0920059082912348e-06,1.4539906226314514e-05,7.3299191293600593e-05,2.1639457625794079e-04,4.2832092065836898e-04,6.0795413991840516e-04,5.6877222827983671e-04
112,1.8578195755193966e-03,2.0633737183686501e-06,1.4186031039245270e-05,7.1359609817186296e-05,2.1050325179289487e-04,4.1640299801562524e-04,5.9075744579777220e-04,5.5254686533830416e-04
113,1.8057463641537078e-03,2.0347868050914549e-06,1.3839733249952612e-05,6.9466850992496796e-05,2.0476315642327812e-04,4.0480787267268957e-04,5.7404560897932381e-04,5.3678835503087542e-04
114,1.7551137893161799e-03,2.0062603726802619e-06,1.3500919494603180e-05,6.7620095303288515e-05,1.9917104094326003e-04,3.9352741051681142e-04,5.5780507042536408e-04,5.2148299226017244e-04
115,1.7058832698073198e-03,1.9778089674747831e-06,1.3169492336777008e-05,6.5818514362810712e-05,1.9372367998217471e-04,3.8255363918624630e-04,5.4202264217749626e-04,5.0661749279434017e-04
116,1.6580171712807885e-03,1.9494464939664061e-06,1.2845350771748649e-05,6.4061273174527360e-05,1.8841787577890547e-04,3.7187874815320564e-04,5.2668549781317072e-04,4.9217897909526441e-04
117,1.6114787889886560e-03,1.9211862306298327e-06,1.2528390694396712e-05,6.2347532207371060e-05,1.8325046156489946e-04,3.6149508848748441e-04,5.1178116309846995e-04,4.7815496670540464e-04
118,1.5662323303956068e-03,1.8930408455631799e-06,1.2218505332905861e-05,6.0676449297573362e-05,1.7821830458442109e-04,3.5139517233136631e-04,4.9729750683750302e-04,4.6453335116627384e-04
119,1.5222428977050577e-03,1.8650224119439513e-06,1.1915585650321970e-05,5.9047181388459407e-05,1.7331830877883903e-04,3.4157167211406952e-04,4.8322273191826330e-04,4.5130239544316036e-04
120,1.4794764703365596e-03,1.8371424233065033e-06,1.1619520715920059e-05,5.7458886118963251e-05,1.6854741716002561e-04,3.3201741953182995e-04,4.6954536655436177e-04,4.3845071783215250e-04
121,1.4378998873904767e-03,1.8094118086450425e-06,1.1330198048246292e-05,5.5910723271014178e-05,1.6390261389632955e-04,3.2272540431770730e-04,4.5625425572163545e-04,4.2596728032689898e-04
122,1.3974808301327991e-03,1.7818409473447835e-06,1.1047503931599763e-05,5.4401856085364554e-05,1.5938092613305597e-04,3.1368877282332764e-04,4.4333855278829158e-04,4.1384137742381472e-04
123,1.3581878045300106e-03,1.7544396839426618e-06,1.0771323707627478e-05,5.2931452454875268e-05,1.5497942556794844e-04,3.0490082643304167e-04,4.3078771133693398e-04,4.0206262534564111e-04
124,1.3199901238611996e-03,1.7272173427179351e-06,1.0501542043616726e-05,5.1498686003745706e-05,1.5069522980081442e-04,2.9635501982936839e-04,4.1859147717655213e-04,3.9062095166438439e-04
125,1.2828578914320489e-03,1.7001827421120795e-06,1.0238043178983212e-05,5.0102737060670665e-05,1.4652550347515937e-04,2.8804495912709529e-04,4.0673988054232009e-04,3.7950658530570830e-04
126,1.2467619834129796e-03,1.6733442089766336e-06,9.9807111513707958e-06,4.8742793533427704e-05,1.4246745922849631e-04,2.7996439989202347e-04,3.9522322848085071e-04,3.6871004691783400e-04
127,1.2116740318215105e-03,1.6467095926469785e-06,9.7294300036996747e-06,4.7418051691941593e-05,1.3851835846687008e-04,2.7210724505905308e-04,3.8403209741837938e-04,3.5822213958891958e-04
128,1.1775664076668496e-03,1.6202862788395424e-06,9.4840839734240626e-06,4.6127716866440606e-05,1.3467551197807862e-04,2.6446754276311711e-04,3.7315732590919882e-04,3.4803393989775081e-04
129,1.1444122042728348e-03,1.5940812033694895e-06,9.2445576651882010e-06,4.4871004066908571e-05,1.3093628039707801e-04,2.5703948409535866e-04,3.6259000756154875e-04,3.3813678928338307e-04
130,1.1121852207935671e-03,1.5681008656856538e-06,9.0107362080004532e-06,4.3647138529648321e-05,1.2729807453612765e-04,2.4981740079592449e-04,3.5232148413805257e-04,3.2852228572012804e-04
131,1.0808599459344573e-03,1.5423513422192502e-06,8.7825053979794921e-06,4.2455356196404558e-05,1.2375835559135542e-04,2.4279576289379417e-04,3.4234333882771420e-04,3.1918227568499013e-04
132,1.0504115418898765e-03,1.5168382995427507e-06,8.5597518276641666e-06,4.1294904131146268e-05,1.2031463523660624e-04,2.3596917630318236e-04,3.3264738968641241e-04,3.1010884640532231e-04
133,1.0208158285072177e-03,1.4915670073352613e-06,8.3423630028189921e-06,4.0165040879281120e-05,1.1696447561466744e-04,2.2933238038523758e-04,3.2322568324278029e-04,3.0129431837509714e-04
134,9.9204926768586203e-04,1.4665423511507044e-06,8.1302274476109960e-06,3.9065036773763918e-05,1.1370548923524587e-04,2.2288024548300053e-04,3.1407048826631340e-04,2.9273123812877658e-04
135,9.6408894801836042e-04,1.4417688449851950e-06,7.9232347989799943e-06,3.7994174192269627e-05,1.1053533878840087e-04,2.1660777043688834e-04,3.0517428969452191e-04,2.8441237126231446e-04
136,9.3691256968003625e-04,1.4172506436400606e-06,7.7212758909737691e-06,3.6951747769325775e-05,1.0745173688150568e-04,2.1051008008732126e-04,2.9652978271592150e-04,2.7633069569134826e-04
137,9.1049842957219285e-04,1.3929915548771434e-06,7.5242428297716565e-06,3.5937064567040332e-05,1.0445244570722270e-04,2.0458242277050849e-04,2.8812986700565052e-04,2.6847939513712199e-04
138,8.8482540672318096e-04,1.3689950513631528e-06,7.3320290600746357e-06,3.4949444207816845e-05,1.0153527664942758e-04,1.9882016781285549e-04,2.7996764111049808e-04,2.6085185283114510e-04
139,8.5987294795072120e-04,1.3452642824000906e-06,7.1445294234972376e-06,3.3988218972219657e-05,9.8698089833503628e-05,1.9321880302894373e-04,2.7203639698013309e-04,2.5344164543002369e-04
140,8.3562105378808590e-04,1.3218020854389679e-06,6.9616402095560729e-06,3.3052733864936418e-05,9.5938793626947758e-05,1.8777393222755689e-04,2.6432961464134053e-04,2.4624253713230926e-04
141,8.1205026467602429e-04,1.2986109973743150e-06,6.7832591998116480e-06,3.2142346651582566e-05,9.3255344095781613e-05,1.8248127272979265e-04,2.5684095701208621e-04,2.3924847398959525e-04
142,7.8914164742165322e-04,1.2756932656172420e-06,6.6092857056841397e-06,3.1256427868902581e-05,9.0645744421842945e-05,1.7733665290289375e-04,2.4956426485225788e-04,2.3245357840445474e-04
143,7.6687678192493463e-04,1.2530508589450890e-06,6.4396206004298873e-06,3.0394360810744523e-05,8.8108044285643556e-05,1.7233600971305863e-04,2.4249355184795753e-04,2.2585214380815545e-04
144,7.4523774817280436e-04,1.2306854781260078e-06,6.2741663457335062e-06,2.9555541492017303e-05,8.5640339219115362e-05,1.6747538630014873e-04,2.3562299982625231e-04,2.1943862951141120e-04
145,7.2420711350052434e-04,1.2085985663171000e-06,6.1128270133403868e-06,2.8739378592683174e-05,8.3240769932228144e-05,1.6275092957689107e-04,2.2894695409732868e-04,2.1320765572173581e-04
146,7.0376792011936763e-04,1.1867913192350450e-06,5.9555083021262103e-06,2.7945293383691684e-05,8.0907521617147116e-05,1.5815888785488438e-04,2.2245991892103098e-04,2.0715399872125222e-04
147,6.8390367290934047e-04,1.1652646950984477e-06,5.8021175509734817e-06,2.7172719636623431e-05,7.8638823233303644e-05,1.5369560849944525e-04,2.1615655309480976e-04,2.0127258619908640e-04
148,6.6459832747526725e-04,1.1440194243414285e-06,5.6525637478001986e-06,2.6421103518683764e-05,7.6432946776480338e-05,1.4935753561508576e-04,2.1003166566014610e-04,1.9555849273272962e-04
149,6.4583627846423420e-04,1.1230560190982809e-06,5.5067575350623020e-06,2.5689903474566070e-05,7.4288206534755882e-05,1.4514120776318361e-04,2.0408021172456679e-04,1.9000693541300123e-04
150,6.2760234814208287e-04,1.1023747824592973e-06,5.3646112120296316e-06,2.4978590096591966e-05,7.2202958333919041e-05,1.4104325571319970e-04,1.9829728839640957e-04,1.8461326960747364e-04
151,6.0988177522637674e-04,1.0819758174981545e-06,5.2260387341144449e-06,2.4286645984430574e-05,7.0175598774741322e-05,1.3706040022860253e-04,1.9267813082954810e-04,1.7937298485744157e-04
152,5.9266020397302300e-04,1.0618590360715133e-06,5.0909557095122612e-06,2.3613565595600864e-05,6.8204564464292784e-05,1.3318944988848511e-04,1.8721810837533487e-04,1.7428170090372556e-04
153,5.7592367351351991e-04,1.0420241673917549e-06,4.9592793933966454e-06,2.2958855087869434e-05,6.6288331243296125e-05,1.2942729894569735e-04,1.8191272083907094e-04,1.6933516383679765e-04
154,5.5965860743961108e-04,1.0224707663740237e-06,4.8309286798926035e-06,2.2322032154570518e-05,6.4425413411337587e-05,1.2577092522216997e-04,1.7675759483836253e-04,1.6452924236690387e-04
155,5.4385180363196212e-04,1.0031982217589942e-06,4.7058240920373097e-06,2.1702625853795200e-05,6.2614362951589797e-05,1.2221738804196901e-04,1.7174848026077526e-04,1.5985992421003656e-04
156,5.2849042432933464e-04,9.8420576401299728e-07,4.5838877699220863e-06,2.1100176432322370e-05,6.0853768756549997e-05,1.1876382620249887e-04,1.6688124681824945e-04,1.5532331258577884e-04
157,5.1356198643460625e-04,9.6549247300737048e-07,4.4650434571955384e-06,2.0514235145094643e-05,5.9142255856156090e-05,1.1540745598415742e-04,1.6215188069579185e-04,1.5091562282320336e-04
158,4.9905435205387972e-04,9.4705728547909693e-07,4.3492164860948089e-06,1.9944364070977719e-05,5.7478484649513454e-05,1.1214556919864459e-04,1.5755648129200903e-04,1.4663317907116099e-04
159,4.8495571926483700e-04,9.2889900227498934e-07,4.2363337611596720e-06,1.9390135925481590e-05,5.5861150141343849e-05,1.0897553127603320e-04,1.5309125804910319e-04,1.4247241110944053e-04
160,4.7125461311041817e-04,9.1101629538185703e-07,4.1263237417728331e-06,1.8851133871065871e-05,5.4288981184156892e-05,1.0589477939062472e-04,1.4875252736999833e-04,1.3842985125741769e-04
161,4.5793987681384747e-04,8.9340771474526270e-07,4.0191164236591790e-06,1.8326951325599433e-05,5.2760739727040821e-05,1.0290082062553753e-04,1.4453670962032050e-04,1.3450213137694474e-04
162,4.4500066321098101e-04,8.7607169487963248e-07,3.9146433194667413e-06,1.7817191769496054e-05,5.1275220071874094e-05,9.9991230175904160e-05,1.4044032621300277e-04,1.3068597996635759e-04
163,4.3242642639591583e-04,8.5900656127262267e-07,3.8128374385429259e-06,1.7321468552002640e-05,4.9831248137671012e-05,9.7163649590492865e-05,1.3645999677333872e-04,1.2697821934259501e-04
164,4.2020691357577575e-04,8.4221053658677917e-07,3.7136332660108451e-06,1.6839404697074815e-05,4.8427680733693355e-05,9.4415785051510964e-05,1.3259243638235761e-04,1.2337576290854136e-04
165,4.0833215713057653e-04,8.2568174666164936e-07,3.6169667412425481e-06,1.6370632709235692e-05,4.7063404841884693e-05,9.1745405692298518e-05,1.2883445289644252e-04,1.1987561250281094e-04
166,3.9679246687406575e-04,8.0941822631960721e-07,3.5227752358184079e-06,1.5914794379777521e-05,4.5737336909115223e-05,8.9150341952573881e-05,1.2518294434116386e-04,1.1647485582929729e-04
167,3.8557842251143624e-04,7.9341792497875537e-07,3.4309975310548906e-06,1.5471540593632516e-05,4.4448422149660774e-05,8.6628483970853639e-05,1.2163489637734645e-04,1.1317066396390923e-04
168,3.7468086628982352e-04,7.7767871207635181e-07,3.3415737951764029e-06,1.5040531137208032e-05,4.3195633858281464e-05,8.4177780013633034e-05,1.1818737983743780e-04,1.0996028893601045e-04
169,3.6409089583751297e-04,7.6219838230628229e-07,3.2544455602007966e-06,1.4621434507452460e-05,4.1977972734211242e-05,8.1796234940881082e-05,1.1483754833029039e-04,1.0684106138217070e-04
170,3.5379985718780616e-04,7.4697466067417204e-07,3.1695556986024574e-06,1.4213927722391631e-05,4.0794466216320279e-05,7.9481908707377838e-05,1.1158263591251776e-04,1.0381038826992199e-04
171,3.4379933798352484e-04,7.3200520737377688e-07,3.0868483998115945e-06,1.3817696133350822e-05,3.9644167829666521e-05,7.7232914899395320e-05,1.0841995482462919e-04,1.0086575068929759e-04
172,3.3408116085816394e-04,7.1728762248834889e-07,3.0062691466034475e-06,1.3432433239054562e-05,3.8526156543611370e-05,7.5047419306204533e-05,1.0534689329019202e-04,9.8004701710009657e-05
173,3.2463737698974250e-04,7.0281945052070536e-07,2.9277646914265396e-06,1.3057840501775464e-05,3.7439536141636138e-05,7.2923638525870978e-05,1.0236091337631444e-04,9.5224864302198274e-05
174,3.1546025982344416e-04,6.8859818475576244e-07,2.8512830327148623e-06,1.2693627165683682e-05,3.6383434602961224e-05,7.0859838604787588e-05,9.9459548913784202e-05,9.2523929318756844e-05
175,3.0654229895918286e-04,6.7462127145931097e-07,2.7767733912249131e-06,1.2339510077530769e-05,3.5357003496038095e-05,6.8854333710379441e-05,9.6640403475241359e-05,8.9899653537308934e-05
176,2.9787619420027921e-04,6.6088611391683388e-07,2.7041861864348455e-06,1.1995213509784908e-05,3.4359417383955253e-05,6.6905484836405938e-05,9.3901148409803457e-05,8.7349857759977961e-05
177,2.8945484975948264e-04,6.4739007631616462e-07,2.6334730130395710e-06,1.1660468986319403e-05,3.3389873241773015e-05,6.5011698540275758e-05,9.1239520932602568e-05,8.4872424969156148e-05
178,2.8127136861862747e-04,6.3413048747779153e-07,2.5645866175724927e-06,1.1335015110742077e-05,3.2447589885777827e-05,6.3171425711785128e-05,8.8653322267732811e-05,8.2465298537539352e-05
179,2.7331904703826917e-04,6.2110464443660333e-07,2.4974808751816161e-06,1.1018597397440373e-05,3.1531807414625543e-05,6.1383160372683861e-05,8.6140415843146063e-05,8.0126480490755106e-05
180,2.6559136921369990e-04,6.0830981587886115e-07,2.4321107665850451e-06,1.0710968105404972e-05,3.0641786662322821e-05,5.9645438506471500e-05,8.3698725536070714e-05,7.7854029820965972e-05
181,2.5808200207380556e-04,5.9574324543816425e-07,2.3684323552283671e-06,1.0411886074883850e-05,2.9776808662978740e-05,5.7956836917823311e-05,8.1326233967566499e-05,7.5646060849886613e-05
182,2.5078479021928247e-04,5.8340215485415626e-07,2.3064027646640886e-06,1.0121116566908683e-05,2.8936174127242510e-05,5.6315972121045980e-05,7.9020980844863242e-05,7.3500741639703830e-05
183,2.4369375099679574e-04,5.7128374699768628e-07,2.2459801561711038e-06,9.8384311057262547e-06,2.8119202930328730e-05,5.4721499256963557e-05,7.6781061350168458e-05,7.1416292450439945e-05
184,2.3680306970572031e-04,5.5938520876611538e-07,2.1871237066301985e-06,9.5636073241592262e-06,2.7325233611519130e-05,5.3172111037635953e-05,7.4604624574661703e-05,6.9390984242347967e-05
185,2.3010709493417053e-04,5.4770371385241445e-07,2.1297935866697250e-06,9.2964288119128432e-06,2.6553622885018258e-05,5.1666536718315194e-05,7.2489871996428654e-05,6.7423137221973443e-05
186,2.2360033402108473e-04,5.3623642539166850e-07,2.0739509390938877e-06,9.0366849668372337e-06,2.5803745162030425e-05,5.0203541096048366e-05,7.0435056001120461e-05,6.5511119430562679e-05
187,2.1727744864119477e-04,5.2498049848855329e-07,2.0195578576044851e-06,8.7841708491485672e-06,2.5074992083916453e-05,4.8781923534340629e-05,6.8438478444156036e-05,6.3653345373540051e-05
188,2.1113325050977445e-04,5.1393308262930705e-07,1.9665773658255118e-06,8.5386870386064687e-06,2.4366772066280798e-05,4.7400517013297016e-05,6.6498489253316625e-05,6.1848274689818710e-05
189,2.0516269720412240e-04,5.0309132398167177e-07,1.9149733966386670e-06,8.3000394946399686e-06,2.3678509853833092e-05,4.6058187204667172e-05,6.4613485070613206e-05,6.0094410859748619e-05
190,1.9936088809879905e-04,4.9245236758622521e-07,1.8647107718365997e-06,8.0680394194093850e-06,2.3009646085861978e-05,4.4753831571224291e-05,6.2781907932336106e-05,5.8390299950544486e-05
191,1.9372306041169927e-04,4.8201335944247389e-07,1.8157551820995580e-06,7.8425031237872717e-06,2.2359636872154339e-05,4.3486378489915472e-05,6.1002243986226896e-05,5.6734529398073260e-05
192,1.8824458535810523e-04,4.7177144849301882e-07,1.7680731673000841e-06,7.6232518962377786e-06,2.1727953379188774e-05,4.2254786398228951e-05,5.9273022244740175e-05,5.5125726823916453e-05
193,1.8292096440992577e-04,4.6172378850905135e-07,1.7216320971394297e-06,7.4101118745701439e-06,2.1114081426428447e-05,4.1058042963230486e-05,5.7592813373391277e-05,5.3562558886656965e-05
194,1.7774782565738978e-04,4.5186753988037487e-07,1.6764001521184765e-06,7.2029139205390761e-06,2.0517521092535973e-05,3.9895164272729910e-05,5.5960228513212570e-05,5.2043730166373391e-05
195,1.7272092027052226e-04,4.4219987131309110e-07,1.6323463048451549e-06,7.0014934972619240e-06,1.9937786331330360e-05,3.8765194048046727e-05,5.4373918136368327e-05,5.0567982081356673e-05
196,1.6783611905779261e-04,4.3271796143802444e-07,1.5894403016796069e-06,6.8056905494201057e-06,1.9374404597304629e-05,3.7667202877852230e-05,5.2832570934002947e-05,4.9134091836095065e-05
197,1.6308940911938285e-04,4.2341900033289913e-07,1.5476526447176535e-06,6.6153493862100737e-06,1.8826916480521362e-05,3.6600287472574535e-05,5.1334912735423368e-05,4.7740871399602954e-05
198,1.5847689059258395e-04,4.1430019096121897e-07,1.5069545741125418e-06,6.4303185670072305e-06,1.8294875350702860e-05,3.5563569938861600e-05,4.9879705457740464e-05,4.6387166513198021e-05
199,1.5399477348688543e-04,4.0535875053073601e-07,1.4673180507343489e-06,6.2504507897044941e-06,1.7777847010332006e-05,3.4556197073606423e-05,4.8465746085118387e-05,4.5071855726859038e-05
200,1.4963937460638150e-04,3.9659191177433045e-07,1.4287157391659426e-06,6.0756027816857991e-06,1.7275409356580354e-05,3.3577339677047781e-05,4.7091865676804017e-05,4.3793849463323276e-05
201,1.4540711455717257e-04,3.8799692415606121e-07,1.3911209910339090e-06,5.9056351933935916e-06,1.6787152051880076e-05,3.2626191884469030e-05,4.5756928403131263e-05,4.2552089109108623e-05
202,1.4129451483749754e-04,3.7957105500507846e-07,1.3545078286724638e-06,5.7404124944483404e-06,1.6312676202957173e-05,3.1701970516026695e-05,4.4459830608717367e-05,4.1345546131670416e-05
203,1.3729819500838634e-04,3.7131159058002900e-07,1.3188509291179692e-06,5.5798028722771862e-06,1.5851594048144519e-05,3.0803914444249980e-05,4.3199499902089339e-05,4.0173221221927316e-05
204,1.3341486994267589e-04,3.6321583706651790e-07,1.2841256084313421e-06,5.4236781332081732e-06,1.5403528652794299e-05,2.9931283978761491e-05,4.1974894271000311e-05,3.9034143461413734e-05
205,1.2964134715028598e-04,3.5528112151012690e-07,1.2503078063453390e-06,5.2719136059859713e-06,1.4968113612611077e-05,2.9083360267778852e-05,4.0785001222715251e-05,3.7927369513339358e-05
206,1.2597452417770330e-04,3.4750479268742566e-07,1.2173740712334265e-06,5.1243880476644854e-06,1.4544992764728294e-05,2.8259444715966043e-05,3.9628836948566015e-05,3.6851982836857611e-05
207,1.2241138607967220e-04,3.3988422191734823e-07,1.1853015453967006e-06,4.9809835518315496e-06,1.4133819906352905e-05,2.7458858418212625e-05,3.8505445512094438e-05,3.5807092923866638e-05
208,1.1894900296114175e-04,3.3241680381524545e-07,1.1540679506651098e-06,4.8415854591206355e-06,1.3734258520804845e-05,2.6680941608927977e-05,3.7413898060121598e-05,3.4791834557686324e-05
209,1.1558452758756688e-04,3.2509995699185712e-07,1.1236515743090385e-06,4.7060822699644407e-06,1.3345981510780188e-05,2.5925053126446967e-05,3.6353292056099244e-05,3.3805367092975137e-05
210,1.1231519306170989e-04,3.1793112469939266e-07,1.0940312552571480e-06,4.5743655595452409e-06,1.2968670938669122e-05,2.5190569892152330e-05,3.5322750535117357e-05,3.2846873756269293e-05
211,1.0913831056513510e-04,3.1090777542684139e-07,1.0651863706162246e-06,4.4463298948969337e-06,1.2602017773762287e-05,2.4476886403927943e-05,3.4321421379959292e-05,3.1915560966545576e-05
212,1.0605126716263649e-04,3.0402740344657642e-07,1.0370968224886583e-06,4.3218727541139210e-06,1.2245721646181469e-05,2.3783414243566159e-05,3.3348476617612754e-05,3.1010657675226951e-05
213,1.0305152366788218e-04,2.9728752931425512e-07,1.0097430250830710e-06,4.2008944476221404e-06,1.1899490607373199e-05,2.3109581597760740e-05,3.2403111735661225e-05,3.0131414725067558e-05
214,1.0013661256860475e-04,2.9068570032396213e-07,9.8310589211352607e-07,4.0832980414679157e-06,1.1563040897006479e-05,2.2454832792326011e-05,3.1484545017996539e-05,2.9277104227370317e-05
215,9.7304136009708720e-05,2.8421949092047990e-07,9.5716682448267268e-07,3.9689892825805999e-06,1.1236096716118486e-05,2.1818627839290753e-05,3.0592016899308892e-05,2.8447018957006833e-05
216,9.4551763832709753e-05,2.7788650307051806e-07,9.3190769824411955e-07,3.8578765259653882e-06,1.0918390006354852e-05,2.1200441996524264e-05,2.9724789337825705e-05,2.7640471764724900e-05
217,9.1877231669960574e-05,2.7168436659467358e-07,9.0731085283929441e-07,3.7498706637831483e-06,1.0609660235153929e-05,2.0599765339559760e-05,2.8882145205785363e-05,2.6856795006244405e-05
218,8.9278339092159552e-05,2.6561073946184216e-07,8.8335907960399800e-07,3.6448850562745662e-06,1.0309654186727158e-05,2.0016102345288754e-05,2.8063387697146389e-05,2.6095339987656839e-05
219,8.6752947807676987e-05,2.5966330804774420e-07,8.6003561053985086e-07,3.5428354644864338e-06,1.0018125758690523e-05,1.9448971487207768e-05,2.7267839752046378e-05,2.5355476426658291e-05
220,8.4298979912273298e-05,2.5383978735917640e-07,8.3732410734580872e-07,3.4436399847584559e-06,9.7348357642049355e-06,1.8897904841906672e-05,2.6494843497538693e-05,2.4636591929159557e-05
221,8.1914416187820157e-05,2.4813792122555087e-07,8.1520865070492462e-07,3.3472189849295362e-06,9.4595517394861287e-06,1.8362447706495532e-05,2.5743759704148118e-05,2.3938091480830374e-05
222,7.9597294448673049e-05,2.4255548245922780e-07,7.9367372982153822e-07,3.2534950422230740e-06,9.1920477565475579e-06,1.7842158226674509e-05,2.5013967257799259e-05,2.3259396953147885e-05
223,7.7345707934379465e-05,2.3709027298610246e-07,7.7270423220408256e-07,3.1623928827714495e-06,8.9321042410425948e-06,1.7336607035158608e-05,2.4304862646684445e-05,2.2599946623532187e-05
224,7.5157803747441892e-05,2.3174012394785621e-07,7.5228543368872225e-07,3.0738393227405002e-06,8.6795077950751226e-06,1.6845376900176452e-05,2.3615859462649477e-05,2.1959194709163764e-05
225,7.3031781334888864e-05,2.2650289577723417e-07,7.3240298869905778e-07,2.9877632110154317e-06,8.4340510248504258e-06,1.6368062383769249e-05,2.2946387916687718e-05,2.1336610914089756e-05
226,7.0965891012441274e-05,2.2137647824766557e-07,7.1304292073716583e-07,2.9040953734102849e-06,8.1955323730411100e-06,1.5904269509623198e-05,2.2295894368144444e-05,2.0731679989237408e-05
227,6.8958432530092864e-05,2.1635879049849831e-07,6.9419161310127774e-07,2.8227685583637371e-06,7.9637559557454621e-06,1.5453615440175326e-05,2.1663840867244394e-05,2.0143901304964162e-05
228,6.7007753677956312e-05,2.1144778103707289e-07,6.7583579982544092e-07,2.7437173840846991e-06,7.7385314039184660e-06,1.5015728162739404e-05,2.1049704710566494e-05,1.9572788435784727e-05
229,6.5112248931256897e-05,2.0664142771882023e-07,6.5796255683655473e-07,2.6668782871118549e-06,7.5196737091583651e-06,1.4590246184405250e-05,2.0452978009100165e-05,1.9017868756925889e-05
230,6.3270358133386115e-05,2.0193773770652351e-07,6.4055929332421487e-07,2.5921894722519778e-06,7.3070030737343472e-06,1.4176818235470969e-05,1.9873167268527914e-05,1.8478683052370167e-05
231,6.1480565215956708e-05,1.9733474740984488e-07,6.2361374331885998e-07,2.5195908638625353e-06,7.1003447647435837e-06,1.3775102981174028e-05,1.9309792981388931e-05,1.7954785134058927e-05
232,5.9741396954829897e-05,1.9283052240617618e-07,6.0711395747376204e-07,2.4490240584448020e-06,6.8995289722884141e-06,1.3384768741493154e-05,1.8762389230788013e-05,1.7445741471935574e-05
233,5.8051421761112936e-05,1.8842315734383617e-07,5.9104829504646272e-07,2.3804322785143727e-06,6.7043906715671380e-06,1.3005493218799005e-05,1.8230503305323721e-05,1.6951130834518394e-05
234,5.6409248506152655e-05,1.8411077582859606e-07,5.7540541607531678e-07,2.3137603277166618e-06,6.5147694887742772e-06,1.2636963233137441e-05,1.7713695324918673e-05,1.6470543939701688e-05
235,5.4813525379577386e-05,1.7989153029448106e-07,5.6017427374686549e-07,2.2489545471556596e-06,6.3305095707088230e-06,1.2278874464934852e-05,1.7211537877243960e-05,1.6003583115492743e-05
236,5.3262938779465046e-05,1.7576360185975786e-07,5.4534410694982220e-07,2.1859627729048912e-06,6.1514594579912709e-06,1.1930931204920691e-05,1.6723615664438185e-05,1.5549861970400431e-05
237,5.1756212233740853e-05,1.7172520016898471e-07,5.3090443301152342e-07,2.1247342946701922e-06,5.9774719617927985e-06,1.1592846111067643e-05,1.6249525159830170e-05,1.5109005073199536e-05
238,5.0292105351932411e-05,1.6777456322196536e-07,5.1684504061275801e-07,2.0652198155746112e-06,5.8084040439822538e-06,1.1264339972355348e-05,1.5788874274382513e-05,1.4680647641802961e-05
239,4.8869412806434024e-05,1.6390995719041716e-07,5.0315598287695597e-07,2.0073714130363606e-06,5.6441167005989284e-06,1.0945141479168622e-05,1.5341282032581176e-05,1.4264435240981566e-05
240,4.7486963342455041e-05,1.6012967622312990e-07,4.8982757062978648e-07,1.9511425007114508e-06,5.4844748485614295e-06,1.0634987000146293e-05,1.4906378257503923e-05,1.3860023488679029e-05
241,4.6143618815850106e-05,1.5643204224036302e-07,4.7685036582527996e-07,1.8964877914732435e-06,5.3293472155251670e-06,1.0333620365301621e-05,1.4483803264808146e-05,1.3467077770676287e-05
242,4.4838273258051020e-05,1.5281540471819708e-07,4.6421517513466186e-07,1.8433632614018187e-06,5.1786062328031943e-06,1.0040792655240145e-05,1.4073207565385722e-05,1.3085272963367283e-05
243,4.3569851967341506e-05,1.4927814046352764e-07,4.5191304369414689e-07,1.7917261147566846e-06,5.0321279312672841e-06,9.7562619963054738e-06,1.3674251576439783e-05,1.2714293164414605e-05
244,4.2337310625737031e-05,1.4581865338036099e-07,4.3993524900801990e-07,1.7415347499069626e-06,4.8897918401482301e-06,9.4797933614881148e-06,1.3286605340745200e-05,1.2353831431060142e-05
245,4.1139634440752321e-05,1.4243537422804403e-07,4.2827329500338961e-07,1.6927487261938126e-06,4.7514808886564568e-06,9.2111583769368809e-06,1.2909948253861176e-05,1.2003589525872565e-05
246,3.9975837311358888e-05,1.3912676037203405e-07,4.1691890623307780e-07,1.6453287317004461e-06,4.6170813103460201e-06,8.9501351339167797e-06,1.2543968799071073e-05,1.1663277669719460e-05
247,3.8844961017454339e-05,1.3589129552778943e-07,4.0586402222316739e-07,1.5992365519056830e-06,4.4864825501470565e-06,8.6965080060616209e-06,1.2188364289830712e-05,1.1332614301758310e-05
248,3.7746074432183819e-05,1.3272748949833595e-07,3.9510079196180670e-07,1.5544350391975811e-06,4.3595771739937236e-06,8.4500674717734673e-06,1.1842840619512749e-05,1.1011325846246153e-05
249,3.6678272756472549e-05,1.2963387790604127e-07,3.8462156852593179e-07,1.5108880832242396e-06,4.2362607809765053e-06,8.2106099416254146e-06,1.1507112018240663e-05,1.0699146485973756e-05
250,3.5640676775145803e-05,1.2660902191910615e-07,3.7441890384263566e-07,1.4685605820594456e-06,4.1164319179496761e-06,7.9779375906278188e-06,1.1180900816611644e-05,1.0395817942135477e-05
251,3.4632432134030236e-05,1.2365150797325789e-07,3.6448554358198166e-07,1.4274184141613771e-06,3.9999919965264649e-06,7.7518581952220746e-06,1.0863937216113459e-05,1.0101089260451619e-05
252,3.3652708637447322e-05,1.2075994748911213e-07,3.5481442217812228e-07,1.3874284111031204e-06,3.8868452123962851e-06,7.5321849748697398e-06,1.0555959066045810e-05,9.8147166033651309e-06
253,3.2700699565525864e-05,1.1793297658564527e-07,3.4539865797565057e-07,1.3485583310542879e-06,3.7768984669000957e-06,7.3187364381083882e-06,1.0256711646762025e-05,9.5364630481397739e-06
254,3.1775621010776724e-05,1.1516925579020217e-07,3.3623154849817670e-07,1.3107768329935485e-06,3.6700612908016618e-06,7.1113362329491768e-06,9.9659474590522222e-06,9.2660983906917332e-06
255,3.0876711233388110e-05,1.1246746974544335e-07,3.2730656583618475e-07,1.2740534516323800e-06,3.5662457701941112e-06,6.9098130014944711e-06,9.6834260194940268e-06,9.0033989549914913e-06
256,3.0003230034715242e-05,1.0982632691361647e-07,3.1861735215128856e-07,1.2383585730308642e-06,3.4653664744828363e-06,6.7140002386572872e-06,9.4089136616018984e-06,8.7481474078774506e-06
257,2.9154458148452504e-05,1.0724455927851990e-07,3.1015771529406733e-07,1.2036634108868249e-06,3.3673403863873110e-06,6.5237361548675451e-06,9.1421833426109295e-06,8.5001325791273081e-06
258,2.8329696648990756e-05,1.0472092204550836e-07,3.0192162453272402e-07,1.1699399834800935e-06,3.2720868339059652e-06,6.3388635426533094e-06,8.8830144557354939e-06,8.2591492866376613e-06
259,2.7528266376476146e-05,1.0225419333987291e-07,2.9390320638986750e-07,1.1371610912541460e-06,3.1795274241897406e-06,6.1592296469882583e-06,8.6311926477478155e-06,8.0249981665664454e-06
260,2.6749507378100493e-05,9.9843173903912886e-08,2.8609674058478258e-07,1.1053002950178226e-06,3.0895859792714127e-06,5.9846860392996781e-06,8.3865096417257300e-06,7.7974855082971534e-06
261,2.5992778365166172e-05,9.7486686793000269e-08,2.7849665607860794e-07,1.0743318947502822e-06,3.0021884735991837e-06,5.8150884950341684e-06,8.1487630648232818e-06,7.5764230940876511e-06
262,2.5257456185481502e-05,9.5183577070922771e-08,2.7109752721989967e-07,1.0442309089927796e-06,2.9172629733244545e-06,5.6502968746811104e-06,7.9177562809219196e-06,7.3616280432704137e-06
263,2.4542935310654742e-05,9.2932711504776897e-08,2.6389406998811773e-07,1.0149730548112855e-06,2.8347395772950119e-06,5.4901750081567167e-06,7.6932982280240486e-06,7.1529226608747836e-06
264,2.3848627337867258e-05,9.0732978259668772e-08,2.5688113833262407e-07,9.8653472831438325e-07,2.7545503597062293e-06,5.3345905824541914e-06,7.4752032602546287e-06,6.9501342905455344e-06
265,2.3173960505717764e-05,8.8583286593466618e-08,2.5005372060484064e-07,9.5889298571128883e-07,2.6766293143641011e-06,5.1834150324681311e-06,7.2632909943402977e-06,6.7530951716356348e-06
266,2.2518379223741256e-05,8.6482566551835700e-08,2.4340693608126544e-07,9.3202552489522868e-07,2.6009123005152629e-06,5.0365234349039011e-06,7.0573861604392020e-06,6.5616423003545635e-06
267,2.1881343615217344e-05,8.4429768663775120e-08,2.3693603157509999e-07,9.0591066753780973e-07,2.5273369902003001e-06,4.8937944051851423e-06,6.8573184571982929e-06,6.3756172948569244e-06
268,2.1262329072893203e-05,8.2423863637862214e-08,2.3063637813429283e-07,8.8052734168039176e-07,2.4558428170878916e-06,4.7551099972750165e-06,6.6629224109183361e-06,6.1948662641594127e-06
269,2.0660825827257356e-05,8.0463842059400297e-08,2.2450346782385469e-07,8.5585506480883714e-07,2.3863709267484581e-06,4.6203556063291900e-06,6.4740372387102828e-06,6.0192396807773321e-06
270,2.0076338527010195e-05,7.8548714088653835e-08,2.1853291059035063e-07,8.3187392739838490e-07,2.3188641283271329e-06,4.4894198741007406e-06,6.2905067155299191e-06,5.8485922569750121e-06
271,1.9508385831387486e-05,7.6677509160344064e-08,2.1272043120652415e-07,8.0856457691573919e-07,2.2532668475769817e-06,4.3621945970195251e-06,6.1121790449809322e-06,5.6827828245274402e-06
272,1.8956500014002499e-05,7.4849275684568933e-08,2.0706186629405511e-07,7.8590820226581246e-07,2.1895250812144385e-06,4.2385746368705994e-06,5.9389067337796360e-06,5.5216742178933902e-06
273,1.8420226577881921e-05,7.3063080749300297e-08,2.0155316142250242e-07,7.6388651867089595e-07,2.1275863525600021e-06,4.1184578339984700e-06,5.7705464697776101e-06,5.3651331607031412e-06
274,1.7899123881379763e-05,7.1318009824602717e-08,1.9619036828252614e-07,7.4248175297035890e-07,2.0673996684282382e-06,4.0017449229659439e-06,5.6069590034414586e-06,5.2130301554666348e-06
275,1.7392762774662422e-05,6.9613166468708893e-08,1.9096964193153104e-07,7.2167662932929606e-07,2.0089154772321180e-06,3.8883394505983977e-06,5.4480090326917302e-06,5.0652393764106415e-06
276,1.6900726246466591e-05,6.7947672036078159e-08,1.8588723810991625e-07,7.0145435534485739e-07,1.9520856282677008e-06,3.7781476963461609e-06,5.2935650910058303e-06,4.9216385653560491e-06
277,1.6422609080840146e-05,6.6320665387555880e-08,1.8093951062616019e-07,6.8179860853928937e-07,1.8968633321460903e-06,3.6710785948996273e-06,5.1434994386924535e-06,4.7821089305489692e-06
278,1.5958017523584314e-05,6.4731302602744366e-08,1.7612290880901224e-07,6.6269352322902398e-07,1.8432031223405258e-06,3.5670436609935649e-06,4.9976879572476486e-06,4.6465350483617953e-06
279,1.5506568958123288e-05,6.3178756694687667e-08,1.7143397502510289e-07,6.4412367775942912e-07,1.7910608178173397e-06,3.4659569163388093e-06,4.8560100467052201e-06,4.5148047677826995e-06
280,1.5067891590535176e-05,6.1662217326965219e-08,1.6686934226032687e-07,6.2607408209512204e-07,1.7403934867203907e-06,3.3677348186213210e-06,4.7183485258966072e-06,4.3868091176144436e-06
281,1.4641624143485726e-05,6.0180890533283406e-08,1.6242573176339155e-07,6.0853016575601801e-07,1.6911594110794162e-06,3.2722961925102456e-06,4.5845895355378108e-06,4.2624422163055611e-06
282,1.4227415558813409e-05,5.8733998439645729e-08,1.5809995074996344e-07,5.9147776608955160e-07,1.6433180525135750e-06,3.1795621626182419e-06,4.4546224440632380e-06,4.1416011843391930e-06
283,1.3824924708521684e-05,5.7320778989177751e-08,1.5388889016588244e-07,5.7490311686977247e-07,1.5968300189022355e-06,3.0894560883589804e-06,4.3283397561286418e-06,4.0241860591069928e-06
284,1.3433820113941003e-05,5.5940485669675216e-08,1.4978952250795113e-07,5.5879283721426504e-07,1.5516570319958579e-06,3.0019035006481937e-06,4.2056370237075192e-06,3.9100997121975406e-06
285,1.3053779672829874e-05,5.4592387243939200e-08,1.4579889970084369e-07,5.4313392081008987e-07,1.5077618959405546e-06,2.9168320403962466e-06,4.0864127597074544e-06,3.7992477690307443e-06
286,1.2684490394190776e-05,5.3275767482955762e-08,1.4191415102871264e-07,5.2791372544018691e-07,1.4651084666906636e-06,2.8341713987415821e-06,3.9705683540350230e-06,3.6915385307716525e-06
287,1.2325648140583089e-05,5.1989924901972642e-08,1.3813248112010851e-07,5.1311996280191013e-07,1.4236616222843726e-06,2.7538532589758892e-06,3.8580079920398499e-06,3.5868828984589859e-06
288,1.1976957377721183e-05,5.0734172499520328e-08,1.3445116798486005e-07,4.9874068860959245e-07,1.3833872339581327e-06,2.6758112401131568e-06,3.7486385752703952e-06,3.4851942992855253e-06
289,1.1638130931152021e-05,4.9507837499420042e-08,1.3086756110159678e-07,4.8476429297326400e-07,1.3442521380762794e-06,2.5999808420561895e-06,3.6423696444759635e-06,3.3863886149693067e-06
290,1.1308889749812189e-05,4.8310261095816586e-08,1.2737907955462700e-07,4.7117949104585648e-07,1.3062241088529176e-06,2.5262993923154137e-06,3.5391133047912775e-06,3.2903841121562800e-06
291,1.0988962676270091e-05,4.7140798201269521e-08,1.2398321021891786e-07,4.5797531393144298e-07,1.2692718318438048e-06,2.4547059942361086e-06,3.4387841530417456e-06,3.1971013747968009e-06
292,1.0678086223464366e-05,4.5998817197931971e-08,1.2067750599195308e-07,4.4514109984726100e-07,1.2333648781865393e-06,2.3851414766914079e-06,3.3412992071093442e-06,3.1064632384399295e-06
293,1.0376004357755081e-05,4.4883699691842529e-08,1.1745958407127569e-07,4.3266648553247099e-07,1.1984736795680097e-06,2.3175483451996467e-06,3.2465778373006920e-06,3.0183947263911440e-06
294,1.0082468288109254e-05,4.3794840270351666e-08,1.1432712427655205e-07,4.2054139789679080e-07,1.1645695038986262e-06,2.2518707344257657e-06,3.1545416996605889e-06,2.9328229876805780e-06
295,9.7972362612474345e-06,4.2731646262700719e-08,1.1127786741502249e-07,4.0875604590233998e-07,1.1316244316734309e-06,2.1880543620276468e-06,3.0651146711758653e-06,2.8496772367904279e-06
296,9.5200733625828767e-06,4.1693537503767840e-08,1.0830961368923184e-07,3.9730091267220769e-07,1.0996113330007456e-06,2.1260464838093330e-06,2.9782227868159777e-06,2.7688886950916130e-06
297,9.2507513227896150e-06,4.0679946100992387e-08,1.0542022114596120e-07,3.8616674781943781e-07,1.0685038452795515e-06,2.0657958501441804e-06,2.8937941783582898e-06,2.6903905339412026e-06
298,8.9890483298403788e-06,3.9690316204485620e-08,1.0260760416530856e-07,3.7534455999029962e-07,1.0382763515073282e-06,2.0072526636320214e-06,2.8117590149474475e-06,2.6141178193934871e-06
299,8.7347488463597450e-06,3.8724103780333384e-08,9.9869731988892620e-08,3.6482560961587985e-07,1.0089039592005813e-06,1.9503685379554202e-06,2.7320494453397148e-06,2.5400074584789230e-06
300,8.4876434321423632e-06,3.7780776387092840e-08,9.7204627286179544e-08,3.5460140186619618e-07,9.8036247991079708e-07,1.8950964579011226e-06,2.6545995417844968e-06,2.4679981470064773e-06
301,8.2475285716901749e-06,3.6859812955483459e-08,9.4610364757957383e-08,3.4466367980119451e-07,9.5262840931904049e-07,1.8413907405137042e-06,2.5793452454966516e-06,2.3980303188461430e-06
302,8.0142065066268789e-06,3.5960703571269342e-08,9.2085069776007613e-08,3.3500441771314626e-07,9.2567890789287990e-07,1.7892069973494138e-06,2.5062243136745087e-06,2.3300460966496532e-06
303,7.7874850728517048e-06,3.5082949261328224e-08,8.9626917058046575e-08,3.2561581465511326e-07,8.9949178208978906e-07,1.7385020977990617e-06,2.4351762680197743e-06,2.2639892439685910e-06
304,7.5671775422985615e-06,3.4226061782899710e-08,8.7234129377033307e-08,3.1649028815029677e-07,8.7404546609161412e-07,1.6892341334497060e-06,2.3661423447167512e-06,2.1998051187302604e-06
305,7.3531024691703912e-06,3.3389563416003562e-08,8.4904976303962800e-08,3.0762046807722902e-07,8.4931900405512943e-07,1.6413623834557451e-06,2.2990654458295227e-06,2.1374406280327984e-06
306,7.1450835405221954e-06,3.2572986759016886e-08,8.2637772983285948e-08,2.9899919072590633e-07,8.2529203286412307e-07,1.5948472808908463e-06,2.2338900920768928e-06,2.0768441842221233e-06
307,6.9429494310698221e-06,3.1775874527396977e-08,8.0430878940118515e-08,2.9061949302009745e-07,8.0194476536886757e-07,1.5496503800529505e-06,2.1705623769460438e-06,2.0179656622143469e-06
308,6.7465336621050423e-06,3.0997779355535009e-08,7.8282696918423818e-08,2.8247460690119429e-07,7.7925797409922410e-07,1.5057343246953758e-06,2.1090299221069540e-06,1.9607563580283364e-06
309,6.5556744644008375e-06,3.0238263601724229e-08,7.6191671749372863e-08,2.7455795386909882e-07,7.5721297543801575e-07,1.4630628171578123e-06,2.0492418340907169e-06,1.9051689484940972e-06
310,6.3702146449940582e-06,2.9496899156224391e-08,7.4156289249106932e-08,2.6686313967576654e-07,7.3579161424168230e-07,1.4216005883717281e-06,1.9911486621959234e-06,1.8511574521036262e-06
311,6.1900014577358807e-06,2.8773267252403203e-08,7.2175075145146458e-08,2.5938394916714672e-07,7.1497624889559351e-07,1.3813133687154390e-06,1.9347023575883074e-06,1.7986771909718440e-06
312,6.0148864775034999e-06,2.8066958280933858e-08,7.0246594030709752e-08,2.5211434126937990e-07,6.9474973679175388e-07,1.3421678596947862e-06,1.8798562335598260e-06,1.7476847538761100e-06
313,5.8447254779695454e-06,2.7377571607026672e-08,6.8369448346223267e-08,2.4504844411522598e-07,6.7509542021697385e-07,1.3041317064260478e-06,1.8265649269143090e-06,1.6981379603437388e-06
314,5.6793783128286408e-06,2.6704715390671466e-08,6.6542277387323457e-08,2.3818055030680909e-07,6.5599711263992275e-07,1.2671734708983769e-06,1.7747843604477447e-06,1.6499958257577924e-06
315,5.5187088003833425e-06,2.6048006409866575e-08,6.4763756338668229e-08,2.3150511231087400e-07,6.3743908538580046e-07,1.2312626059936844e-06,1.7244717064921742e-06,1.6032185274522751e-06
316,5.3625846113944830e-06,2.5407069886808998e-08,6.3032595332892927e-08,2.2501673798285511e-07,6.1940605468768487e-07,1.1963694302425339e-06,1.6755853514930437e-06,1.5577673717686640e-06
317,5.2108771601036028e-06,2.4781539317019476e-08,6.1347538534062856e-08,2.1871018621615989e-07,6.0188316910391765e-07,1.1624651032951988e-06,1.6280848615907207e-06,1.5136047620465236e-06
318,5.0634614983377762e-06,2.4171056301375428e-08,5.9707363244990926e-08,2.1258036271317194e-07,5.8485599729119462e-07,1.1295216020876340e-06,1.5819309491777079e-06,1.4706941675217014e-06
319,4.9202162126096781e-06,2.3575270381023733e-08,5.8110879037804762e-08,2.0662231587457275e-07,5.6831051612331154e-07,1.0975116976826847e-06,1.5370854404039002e-06,1.4290000931063804e-06
320,4.7810233241281814e-06,2.2993838875144791e-08,5.6556926907163443e-08,2.0083123280367757e-07,5.5223309914580717e-07,1.0664089327674109e-06,1.4935112436030085e-06,1.3884880500259692e-06
321,4.6457681916371890e-06,2.2426426721538516e-08,5.5044378445539404e-08,1.9520243542257330e-07,5.3661050535701207e-07,1.0361875997879477e-06,1.4511723186140359e-06,1.3491245272885416e-06
322,4.5143394170027125e-06,2.1872706320002283e-08,5.3572135039995637e-08,1.8973137669693369e-07,5.2142986830628757e-07,1.0068227197038428e-06,1.4100336469724427e-06,1.3108769639632077e-06
323,4.3866287534704955e-06,2.1332357378470467e-08,5.2139127089903083e-08,1.8441363696647627e-07,5.0667868550049168e-07,9.7829002134433301e-07,1.3700612029463364e-06,1.2737137222444850e-06
324,4.2625310165186367e-06,2.0805066761884492e-08,5.0744313245057145e-08,1.7924492037810856e-07,4.9234480810996589e-07,9.5056592134950855e-07,1.3312219253937389e-06,1.2376040612803734e-06
325,4.1419439972318451e-06,2.0290528343762036e-08,4.9386679663666121e-08,1.7422105141889369e-07,4.7841643096558033e-07,9.2362750467979928e-07,1.2934836904176572e-06,1.2025181117424865e-06
326,4.0247683781260066e-06,1.9788442860433538e-08,4.8065239289697743e-08,1.6933797154604633e-07,4.6488208283861561e-07,8.9745250567768868e-07,1.2568152847963350e-06,1.1684268511171898e-06
327,3.9109076513537667e-06,1.9298517767913867e-08,4.6779031149083124e-08,1.6459173591124611e-07,4.5173061699548748e-07,8.7201928966601318e-07,1.2211863801667196e-06,1.1353020796973038e-06
328,3.8002680392237891e-06,1.8820467101376681e-08,4.5527119664290297e-08,1.5997851017663218e-07,4.3895120201954980e-07,8.4730683506764917e-07,1.1865675079397843e-06,1.1031163972545071e-06
329,3.6927584169682573e-06,1.8354011337198698e-08,4.4308593986791970e-08,1.5549456741991629e-07,4.2653331289242914e-07,8.2329471603181828e-07,1.1529300349269648e-06,1.0718431803731381e-06
330,3.5882902376950334e-06,1.7898877257540987e-08,4.3122567346964084e-08,1.5113628512612277e-07,4.1446672232755542e-07,7.9996308555266125e-07,1.1202461396575513e-06,1.0414565604266374e-06
331,3.4867774594626942e-06,1.7454797817434080e-08,4.1968176420963978e-08,1.4690014226353303e-07,4.0274149234876421e-07,7.7729265906613888e-07,1.0884887893674475e-06,1.0119314021784131e-06
332,3.3881364744183917e-06,1.7021512014333649e-08,4.0844580714148292e-08,1.4278271644148031e-07,3.9134796610704109e-07,7.5526469851170441e-07,1.0576317176402633e-06,9.8324328298942051e-07
333,3.2922860399402028e-06,1.6598764760113318e-08,3.9750961960601835e-08,1.3878068114770607e-07,3.8027675992868148e-07,7.3386099684558902e-07,1.0276494026822545e-06,9.5536847261525654e-07
334,3.1991472117272788e-06,1.6186306755461124e-08,3.8686523538360150e-08,1.3489080306305272e-07,3.6951875558832190e-07,7.1306386299290366e-07,9.9851704621313408e-07,9.2828391357604504e-07
335,3.1086432787826947e-06,1.5783894366646126e-08,3.7650489899918597e-08,1.3110993945133002e-07,3.5906509280048910e-07,6.9285610722612369e-07,9.7021055295530387e-07,9.0196720208288306e-07
336,3.0206997002354725e-06,1.5391289504621511e-08,3.6642106017631704e-08,1.2743503562225277e-07,3.4890716192348989e-07,6.7322102695788341e-07,9.4270651070453606e-07,8.7639656950505719e-07
337,2.9352440439497599e-06,1.5008259506430789e-08,3.5660636843616341e-08,1.2386312246540537e-07,3.3903659686963833e-07,6.5414239293633960e-07,9.1598217096562615e-07,8.5155086436270330e-07
338,2.8522059268706060e-06,1.4634577018883368e-08,3.4705366783782598e-08,1.2039131405324744e-07,3.2944526821598998e-07,6.3560443583169847e-07,8.9001543013699733e-07,8.2740953483000692e-07
339,2.7715169570572353e-06,1.4270019884466221e-08,3.3775599185625350e-08,1.1701680531122847e-07,3.2012527650991295e-07,6.1759183320282928e-07,8.6478481122870146e-07,8.0395261173447158e-07
340,2.6931106773560640e-06,1.3914371029458127e-08,3.2870655839419507e-08,1.1373686975313425e-07,3.1106894576398907e-07,6.0008969683318976e-07,8.4026944609868574e-07,7.8116069203818759e-07
341,2.6169225106671045e-06,1.3567418354213294e-08,3.1989876492470697e-08,1.1054885727984038e-07,3.0226881713489298e-07,5.8308356042560722e-07,8.1644905819264389e-07,7.5901492278743590e-07
342,2.5428897067586666e-06,1.3228954625581132e-08,3.1132618376082293e-08,1.0745019203969879e-07,2.9371764278104652e-07,5.6655936764574414e-07,7.9330394577316670e-07,7.3749698551734697e-07
343,2.4709512905865795e-06,1.2898777371429215e-08,3.0298255744908398e-08,1.0443837034883270e-07,2.8540837989399548e-07,5.5050346050437013e-07,7.7081496562432974e-07,7.1658908109871368e-07
344,2.4010480120753623e-06,1.2576688777236520e-08,2.9486179428370718e-08,1.0151095866966407e-07,2.7733418489859702e-07,5.3490256806884276e-07,7.4896351721823132e-07,6.9627391501441972e-07
345,2.3331222973200078e-06,1.2262495584724313e-08,2.8695796393825923e-08,9.8665591646043719e-08,2.6948840781724466e-07,5.1974379549446927e-07,7.2773152733039457e-07,6.7653468305330540e-07
346,2.2671182011681811e-06,1.1956008992492166e-08,2.7926529321177723e-08,9.5899970193400745e-08,2.6186458679349205e-07,5.0501461336668554e-07,7.0710143509130125e-07,6.5735505740963188e-07
347,2.2029813611437952e-06,1.1657044558626804e-08,2.7177816188636091e-08,9.3211859642371092e-08,2.5445644277057036e-07,4.9070284734524594e-07,6.8705617746169851e-07,6.3871917317664651e-07
348,2.1406589526740187e-06,1.1365422105251790e-08,2.6449109869333564e-08,9.0599087934409055e-08,2.4725787432041824e-07,4.7679666810186896e-07,6.6757917511966238e-07,6.2061161522307463e-07
349,2.0800996455828460e-06,1.1080965624986156e-08,2.5739877738516160e-08,8.8059543867926794e-08,2.4026295261896935e-07,4.6328458154302133e-07,6.4865431874774758e-07,6.0301740544167857e-07
350,2.0212535618154065e-06,1.0803503189280461e-08,2.5049601291033517e-08,8.5591175393547708e-08,2.3346591656356055e-07,4.5015541930976446e-07,6.3026595570888059e-07,5.8592199035933945e-07
351,1.9640722343581952e-06,1.0532866858598927e-08,2.4377775768860256e-08,8.3191987957099215e-08,2.2686116802844446e-07,4.3739832954680981e-07,6.1239887709997562e-07,5.6931122909840698e-07
352,1.9085085673213930e-06,1.0268892594416608e-08,2.3723909798387228e-08,8.0860042889008622e-08,2.2044326725449788e-07,4.2500276793315808e-07,5.9503830517256470e-07,5.5317138167935992e-07
353,1.8545167971504191e-06,1.0011420173000892e-08,2.3087525037228175e-08,7.8593455838803497e-08,2.1420692836933451e-07,4.1295848896690927e-07,5.7816988111004158e-07,5.3748909765510141e-07
354,1.8020524549347557e-06,9.7602931009467349e-09,2.2468155830293918e-08,7.6390395253453858e-08,2.0814701503413201e-07,4.0125553749704152e-07,5.6177965315140413e-07,5.2225140506748351e-07
355,1.7510723297830141e-06,9.5153585324355713e-09,2.1865348874892535e-08,7.4249080898329095e-08,2.0225853621359129e-07,3.8988424049516130e-07,5.4585406505167627e-07,5.0744569971692802e-07
356,1.7015344332340860e-06,9.2764671881879550e-09,2.1278662894620207e-08,7.2167782419576703e-08,1.9653664206554559e-07,3.7883519906042540e-07,5.3037994486946505e-07,4.9305973473626500e-07
357,1.6533979646750602e-06,9.0434732760803725e-09,2.0707668321813644e-08,7.0144817946763462e-08,1.9097661994683532e-07,3.6809928065102741e-07,5.1534449407237664e-07,4.7908161046016345e-07
358,1.6066232777374379e-06,8.8162344133970003e-09,2.0151946988340678e-08,6.8178552734651760e-08,1.8557389053216165e-07,3.5766761153582914e-07,5.0073527695128300e-07,4.6549976458177492e-07
359,1.5611718476439636e-06,8.5946115506874661e-09,1.9611091824511683e-08,6.6267397843015660e-08,1.8032400404272231e-07,3.4753156945989925e-07,4.8654021033468165e-07,4.5230296258844553e-07
360,1.5170062394791847e-06,8.3784688972020082e-09,1.9084706565899788e-08,6.4409808853431776e-08,1.7522263658152640e-07,3.3768277651789680e-07,4.7274755359464202e-07,4.3948028846858588e-07
361,1.4740900773576134e-06,8.1676738478757954e-09,1.8572405467863654e-08,6.2604284622009705e-08,1.7026558657236987e-07,3.2811309222941219e-07,4.5934589893607394e-07,4.2702113568200823e-07
362,1.4323880144640906e-06,7.9620969118344431e-09,1.8073813027571614e-08,6.0849366067056073e-08,1.6544877129954090e-07,3.1881460681053982e-07,4.4632416196128239e-07,4.1491519838626535e-07
363,1.3918657039416880e-06,7.7616116423931625e-09,1.7588563713331479e-08,5.9143634990693877e-08,1.6076822354540569e-07,3.0977963463612614e-07,4.3367157250200925e-07,4.0315246291172852e-07
364,1.3524897706031676e-06,7.5660945685222871e-09,1.7116301701035158e-08,5.7485712933486738e-08,1.5622008832310700e-07,3.0100070788728536e-07,4.2137766571137531e-07,3.9172319947835590e-07
365,1.3142277834427028e-06,7.3754251277522716e-09,1.6656680617532251e-08,5.5874260061143846e-08,1.5180061970168457e-07,2.9247057037893652e-07,4.0943227340835704e-07,3.8061795414729624e-07
366,1.2770482289252247e-06,7.1894856004916224e-09,1.6209363290751659e-08,5.4307974082407270e-08,1.4750617772100451e-07,2.8418217156225939e-07,3.9782551566763724e-07,3.6982754100067307e-07
367,1.2409204850313969e-06,7.0081610457315361e-09,1.5774021506394888e-08,5.2785589197248918e-08,1.4333322539395658e-07,2.7612866069711217e-07,3.8654779264787609e-07,3.5934303454307658e-07
368,1.2058147960368367e-06,6.8313392381114259e-09,1.5350335771029233e-08,5.1305875074528020e-08,1.3927832579345187e-07,2.6830338118959538e-07,3.7558977665164010e-07,3.4915576231848059e-07
369,1.1717022480048211e-06,6.6589106063198012e-09,1.4937995081413620e-08,4.9867635858284589e-08,1.3533813922182169e-07,2.6069986509008210e-07,3.6494240441042497e-07,3.3925729773647426e-07
370,1.1385547449722881e-06,6.4907681728053808e-09,1.4536696699894125e-08,4.8469709201866943e-08,1.3150942046028777e-07,2.5331182774716728e-07,3.5459686958838967e-07,3.2963945310187684e-07
371,1.1063449858095229e-06,6.3268074947736305e-09,1.4146145935710436e-08,4.7110965329113748e-08,1.2778901609623878e-07,2.4613316261311784e-07,3.4454461549860128e-07,3.2029427284196706e-07
372,1.0750464417344700e-06,6.1669266064442892e-09,1.3766055932058649e-08,4.5790306121833169e-08,1.2417386192611177e-07,2.3915793619652997e-07,3.3477732802576683e-07,3.1121402692572531e-07
373,1.0446333344631571e-06,6.0110259625458128e-09,1.3396147458759845e-08,4.4506664232842801e-08,1.2066098043174125e-07,2.3238038315802332e-07,3.2528692874959837e-07,3.0239120446964575e-07
374,1.0150806149782293e-06,5.8590083830229649e-09,1.3036148710387705e-08,4.3259002223854361e-08,1.1724747832809693e-07,2.2579490154491724e-07,3.1606556826312349e-07,2.9381850752482670e-07
375,9.8636394289811396e-07,5.7107789989342205e-09,1.2685795109712334e-08,4.2046311727507706e-08,1.1393054418039138e-07,2.1939604816095180e-07,3.0710561968041436e-07,2.8548884504020234e-07
376,9.5845966642982139e-07,5.5662451995159062e-09,1.2344829116321130e-08,4.0867612632877747e-08,1.1070744608859535e-07,2.1317853406722618e-07,2.9839967232836550e-07,2.7739532699691958e-07
377,9.3134480288887275e-07,5.4253165803904459e-09,1.2013000040281131e-08,3.9721952293796846e-08,1.0757552943745376e-07,2.0713722021063625e-07,2.8994052561730439e-07,2.6953125870900995e-07
378,9.0499701977031220e-07,5.2879048928963245e-09,1.1690063860710838e-08,3.8608404759354112e-08,1.0453221471015031e-07,2.0126711317619779e-07,2.8172118308536246e-07,2.6189013528564030e-07
379,8.7939461635521021e-07,5.1539239945178398e-09,1.1375783049132934e-08,3.7526070025950049e-08,1.0157499536381970e-07,1.9556336105974536e-07,2.7373484661168204e-07,2.5446563625036227e-07
380,8.5451650583751524e-07,5.0232898003929739e-09,1.1069926397482630e-08,3.6474073310303347e-08,9.8701435765158300e-08,1.9002124945759521e-07,2.6597491079367375e-07,2.4725162031290911e-07
381,8.3034219795652803e-07,4.8959202358780821e-09,1.0772268850649664e-08,3.5451564342822780e-08,9.5909169184433450e-08,1.8463619756985742e-07,2.5843495748367170e-07,2.4024212028921485e-07
382,8.0685178212069834e-07,4.7717351901484770e-09,1.0482591343435150e-08,3.4457716680773918e-08,9.3195895846239343e-08,1.7940375441417761e-07,2.5110875048046938e-07,2.3343133816545444e-07
383,7.8402591100884419e-07,4.6506564708142616e-09,1.0200680641807548e-08,3.3491727040686369e-08,9.0559381035394029e-08,1.7431959514677726e-07,2.4399023037134469e-07,2.2681364030201995e-07
384,7.6184578463528648e-07,4.5326077595311537e-09,9.9263291883450365e-09,3.2552814649462559e-08,8.7997453256418584e-08,1.6937951748775367e-07,2.3707350952030816e-07,2.2038355277346730e-07
385,7.4029313486577832e-07,4.4175145685863416e-09,9.6593349517545352e-09,3.1640220613664426e-08,8.5508002445081993e-08,1.6457943824768398e-07,2.3035286719842905e-07,2.1413575684057802e-07
386,7.1935021037147219e-07,4.3053041984397774e-09,9.3995012803604489e-09,3.0753207306468803e-08,8.3088978230539257e-08,1.5991538995266232e-07,2.2382274485221171e-07,2.0806508455078986e-07
387,6.9899976200853617e-07,4.1959056962016020e-09,9.1466367594590088e-09,2.9891057771796663e-08,8.0738388246631770e-08,1.5538351756498154e-07,2.1747774150610814e-07,2.0216651446335759e-07
388,6.7922502861137847e-07,4.0892498150267694e-09,8.9005550724367970e-09,2.9053075145135280e-08,7.8454296490958981e-08,1.5098007529674817e-07,2.1131260929536483e-07,1.9643516749570760e-07
389,6.6000972318777497e-07,3.9852689744082043e-09,8.6610748655546538e-09,2.8238582090585715e-08,7.6234821730370193e-08,1.4670142351379738e-07,2.0532224912550849e-07,1.9086630288755036e-07
390,6.4133801950453778e-07,3.8838972213502055e-09,8.4280196163008239e-09,2.7446920253681218e-08,7.4078135951563480e-08,1.4254402572734920e-07,1.9950170645488105e-07,1.8545531427941183e-07
391,6.2319453905266788e-07,3.7850701924040845e-09,8.2012175052195874e-09,2.6677449729534762e-08,7.1982462855515556e-08,1.3850444567091890e-07,1.9384616719673438e-07,1.8019772590234062e-07
392,6.0556433838126434e-07,3.6887250765483444e-09,7.9805012911241786e-09,2.5929548545886499e-08,6.9946076394502797e-08,1.3457934446006630e-07,1.8835095373749764e-07,1.7508918887563858e-07
393,5.8843289678975261e-07,3.5948005788960420e-09,7.7657081896050838e-09,2.5202612160633640e-08,6.7967299350508747e-08,1.3076547783263551e-07,1.8301152106792167e-07,1.7012547760955197e-07
394,5.7178610436829868e-07,3.5032368852122501e-09,7.5566797547472118e-09,2.4496052973437232e-08,6.6044501953847094e-08,1.2705969346720524e-07,1.7782345302390117e-07,1.6530248630994844e-07
395,5.5561025037655616e-07,3.4139756272248545e-09,7.3532617639715963e-09,2.3809299851011475e-08,6.4176100540862840e-08,1.2345892837753195e-07,1.7278245863386619e-07,1.6061622558208730e-07
396,5.3989201195117929e-07,3.3269598487122293e-09,7.1553041059195803e-09,2.3141797665712404e-08,6.2360556249605882e-08,1.1996020638083375e-07,1.6788436856972088e-07,1.5606281913067452e-07
397,5.2461844313279519e-07,3.2421339723516116e-09,6.9626606712995205e-09,2.2493006847053349e-08,6.0596373752403193e-08,1.1656063563782096e-07,1.6312513169839410e-07,1.5163850055347249e-07
398,5.0977696420340485e-07,3.1594437673122958e-09,6.7751892466181393e-09,2.1862402945785140e-08,5.8882100024285437e-08,1.1325740626244148e-07,1.5850081173115016e-07,1.4733961022581219e-07
399,4.9535535132542443e-07,3.0788363175780750e-09,6.5927514107207141e-09,2.1249476210189102e-08,5.7216323146254057e-08,1.1004778799936416e-07,1.5400758396788788e-07,1.4316259227343039e-07
400,4.8134172647383892e-07,3.0002599909835975e-09,6.4152124340662454e-09,2.0653731174240700e-08,5.5597671142403130e-08,1.0692912796728141e-07,1.4964173213373551e-07,1.3910399163112829e-07
401,4.6772454765317282e-07,2.9236644089496508e-09,6.2424411806656968e-09,2.0074686257311446e-08,5.4024810849938311e-08,1.0389884846616538e-07,1.4539964530532417e-07,1.3516045118481811e-07
402,4.5449259939122127e-07,2.8490004169026050e-09,6.0743100126132593e-09,1.9511873375085706e-08,5.2496446821162250e-08,1.0095444484666502e-07,1.4127781492419880e-07,1.3132870899459363e-07
403,4.4163498350171396e-07,2.7762200553635505e-09,5.9106946971424337e-09,1.8964837561378434e-08,5.1011320256522210e-08,9.8093483439884071e-08,1.3727283189489540e-07,1.2760559559652785e-07
404,4.2914111010829977e-07,2.7052765316929451e-09,5.7514743161405175e-09,1.8433136600548316e-08,4.9568207967841148e-08,9.5313599545827307e-08,1.3338138376528432e-07,1.2398803138096518e-07
405,4.1700068892246435e-07,2.6361241924768232e-09,5.5965311780567925e-09,1.7916340670209673e-08,4.8165921370878525e-08,9.2612495478853802e-08,1.2960025198684834e-07,1.2047302404514045e-07
406,4.0520372076819366e-07,2.5687184965409025e-09,5.4457507321414315e-09,1.7414031993954527e-08,4.6803305506390998e-08,8.9987938668520937e-08,1.2592630925262850e-07,1.1705766611801641e-07
407,3.9374048934640329e-07,2.5030159885791858e-09,5.2990214849537677e-09,1.6925804503804476e-08,4.5479238088886833e-08,8.7437759814249415e-08,1.2235651691063621e-07,1.1373913255529339e-07
408,3.8260155323235212e-07,2.4389742733838976e-09,5.1562349190801827e-09,1.6451263512119816e-08,4.4192628582290607e-08,8.4959851092284441e-08,1.1888792245059247e-07,1.1051467840260072e-07
409,3.7177773809944925e-07,2.3765519906638546e-09,5.0172854140034485e-09,1.5990025392701002e-08,4.2942417301757022e-08,8.2552164413470805e-08,1.1551765706191533e-07,1.0738163652493777e-07
410,3.6126012916304689e-07,2.3157087904386223e-09,4.8820701690668418e-09,1.5541717270824865e-08,4.1727574540893923e-08,8.0212709730401521e-08,1.1224293326093544e-07,1.0433741540048571e-07
411,3.5104006383799973e-07,2.2564053089960447e-09,4.7504891284778804e-09,1.5105976721965444e-08,4.0547099723675940e-08,7.7939553392541393e-08,1.0906104258537766e-07,1.0137949697696536e-07
412,3.4110912460394022e-07,2.1986031454009751e-09,4.6224449082979388e-09,1.4682451478955993e-08,3.9400020580350059e-08,7.5730816547965571e-08,1.0596935335420146e-07,9.8505434588768201e-08
413,3.3145913207239544e-07,2.1422648385432903e-09,4.4978427253654268e-09,1.4270799147355822e-08,3.8285392346654581e-08,7.3584673590392114e-08,1.0296530849094737e-07,9.5712850933136841e-08
414,3.2208213825003477e-07,2.0873538447134802e-09,4.3765903281015772e-09,1.3870686928792030e-08,3.7202296985691883e-08,7.1499350650224984e-08,1.0004642340878917e-07,9.2999436103721651e-08
415,3.1297041999249949e-07,2.0338345156943455e-09,4.2585979291492239e-09,1.3481791352052791e-08,3.6149842431814186e-08,6.9473124128360024e-08,9.7210283955542529e-08,9.0362945679886386e-08
416,3.0411647264342371e-07,1.9816720773575707e-09,4.1437781397962624e-09,1.3103798011715029e-08,3.5127161855899419e-08,6.7504319271542682e-08,9.4454544416930112e-08,8.7801198870182619e-08
417,2.9551300385340689e-07,1.9308326087541464e-09,4.0320459061367312e-09,1.2736401314095381e-08,3.4133412951412365e-08,6.5591308788099002e-08,9.1776925576452237e-08,8.5312076708456995e-08
418,2.8715292757384746e-07,1.8812830216878444e-09,3.9233184469237058e-09,1.2379304230319312e-08,3.3167777240662860e-08,6.3732511502896595e-08,8.9175212830257768e-08,8.2893520301099401e-08
419,2.7902935822069076e-07,1.8329910407611625e-09,3.8175151930693795e-09,1.2032218056309018e-08,3.2229459400689711e-08,6.1926391050423140e-08,8.6647254355456387e-08,8.0543529123981941e-08
420,2.7113560500328376e-07,1.7859251838833637e-09,3.7145577287489022e-09,1.1694862179496192e-08,3.1317686608215266e-08,6.0171454604902725e-08,8.4190959330357023e-08,7.8260159367680255e-08
421,2.6346516641366728e-07,1.7400547432304491e-09,3.6143697340656473e-09,1.1366963852071352e-08,3.0431707903131006e-08,5.8466251646400011e-08,8.1804296205160801e-08,7.6041522329608009e-08
422,2.5601172487176518e-07,1.6953497666471073e-09,3.5168769292367345e-09,1.1048257970586553e-08,2.9570793569989968e-08,5.6809372761892526e-08,7.9485291021677463e-08,7.3885782851734781e-08
423,2.4876914152206127e-07,1.6517810394808746e-09,3.4220070202586708e-09,1.0738486861733531e-08,2.8734234536996640e-08,5.5199448480320152e-08,7.7232025780676291e-08,7.1791157802595109e-08
424,2.4173145117747839e-07,1.6093200668389589e-09,3.3296896460140592e-09,1.0437400074124233e-08,2.7921341791999290e-08,5.3635148140648680e-08,7.5042636855520504e-08,6.9755914602332658e-08
425,2.3489285740629449e-07,1.5679390562583525e-09,3.2398563267813402e-09,1.0144754175905624e-08,2.7131445815003742e-08,5.2115178792012120e-08,7.2915313450773397e-08,6.7778369789559897e-08
426,2.2824772775805029e-07,1.5276109007800645e-09,3.1524404141105089e-09,9.8603125580452627e-09,2.6363896026741227e-08,5.0638284125024370e-08,7.0848296104501395e-08,6.5856887628847443e-08
427,2.2179058912451569e-07,1.4883091624184889e-09,3.0673770420287629e-09,9.5838452431288467e-09,2.5618060252836162e-08,4.9203243433377289e-08,6.8839875233034642e-08,6.3989878757691485e-08
428,2.1551612323189436e-07,1.4500080560171048e-09,2.9846030795409432e-09,9.3151286995152282e-09,2.4893324203132527e-08,4.7808870604866413e-08,6.6888389716982425e-08,6.2175798871839719e-08
429,2.0941916226055412e-07,1.4126824334818908e-09,2.9040570843905814e-09,9.0539456606988761e-09,2.4189090965749976e-08,4.6454013141010731e-08,6.4992225527333199e-08,6.0413147447888858e-08
430,2.0349468458867469e-07,1.3763077683840139e-09,2.8256792580482484e-09,8.8000849497338389e-09,2.3504780515453083e-08,4.5137551204456081e-08,6.3149814390503053e-08,5.8700466502096374e-08
431,1.9773781065630783e-07,1.3408601409235224e-09,2.7494114018947808e-09,8.5533413085774413e-09,2.2839829235928686e-08,4.3858396693374522e-08,6.1359632491228503e-08,5.7036339384380369e-08
432,1.9214379894644331e-07,1.3063162232459556e-09,2.6751968745678191e-09,8.3135152322158660e-09,2.2193689455577961e-08,4.2615492342095133e-08,5.9620199212230889e-08,5.5419389606509700e-08
433,1.8670804207977055e-07,1.2726532651039380e-09,2.6029805504409024e-09,8.0804128074376469e-09,2.1565828996440931e-08,4.1407810847222367e-08,5.7930075909609714e-08,5.3848279703515059e-08
434,1.8142606301991887e-07,1.2398490798560040e-09,2.5327087792051960e-09,7.8538455561248588e-09,2.0955730735881690e-08,4.0234354018519888e-08,5.6287864722951981e-08,5.2321710127379273e-08
435,1.7629351138605253e-07,1.2078820307950526e-09,2.4643293465247013e-09,7.6336302829354446e-09,2.0362892180673700e-08,3.9094151953858073e-08,5.4692207419173915e-08,5.0838418172091627e-08
436,1.7130615986978140e-07,1.1767310177989972e-09,2.3977914357365672e-09,7.4195889272536301e-09,1.9786825053134020e-08,3.7986262237543148e-08,5.3141784269138000e-08,4.9397176929177037e-08
437,1.6645990075343819e-07,1.1463754642963277e-09,2.3330455905688620e-09,7.2115484192888645e-09,1.9227054888965791e-08,3.6909769161365236e-08,5.1635312956116893e-08,4.7996794272836211e-08
438,1.6175074252685287e-07,1.1167953045394622e-09,2.2700436788489108e-09,7.0093405402070628e-09,1.8683120646477748e-08,3.5863782967721755e-08,5.0171547515200827e-08,4.6636111873857092e-08
439,1.5717480659983907e-07,1.0879709711789093e-09,2.2087388571759850e-09,6.8128017861811546e-09,1.8154574326858833e-08,3.4847439114190270e-08,4.8749277302771809e-08,4.5314004241482131e-08
440,1.5272832410768423e-07,1.0598833831314138e-09,2.1490855365328477e-09,6.6217732362511442e-09,1.7640980605195233e-08,3.3859897558943070e-08,4.7367325995191786e-08,4.4029377792438737e-08
441,1.4840763280701207e-07,1.0325139337354063e-09,2.0910393488112968e-09,6.4361004238869564e-09,1.7141916471925897e-08,3.2900342066412796e-08,4.6024550615876914e-08,4.2781169946362802e-08
442,1.4420917405946167e-07,1.0058444791872146e-09,2.0345571142275412e-09,6.2556332121503092e-09,1.6656970884441286e-08,3.1967979532635250e-08,4.4719840589953023e-08,4.1568348246867061e-08
443,1.4012948990069807e-07,9.7985732725163933e-10,1.9795968096038464e-09,6.0802256723547774e-09,1.6185744428538275e-08,3.1062039329711651e-08,4.3452116825710549e-08,4.0389909507527352e-08
444,1.3616522019234054e-07,9.5453522624062991e-10,1.9261175374935296e-09,5.9097359661260596e-09,1.5727848989452618e-08,3.0181772668848581e-08,4.2220330822098980e-08,3.9244878982080161e-08
445,1.3231309985446306e-07,9.2986135425393341e-10,1.8740794961269717e-09,5.7440262307671435e-09,1.5282907432197730e-08,2.9326451981449177e-08,4.1023463801522947e-08,3.8132309558145157e-08
446,1.2856995617638711e-07,9.0581930867572076e-10,1.8234439501569193e-09,5.5829624678358056e-09,1.4850553290946781e-08,2.8495370317743774e-08,3.9860525867222215e-08,3.7051280973805889e-08
447,1.2493270620355257e-07,8.8239309592132496e-10,1.7741732021819011e-09,5.4264144348444165e-09,1.4430430467202103e-08,2.7687840762463270e-08,3.8730555184539209e-08,3.6000899056400347e-08
448,1.2139835419831384e-07,8.5956712142834948e-10,1.7262305650271626e-09,5.2742555399945997e-09,1.4022192936503365e-08,2.6903195867071975e-08,3.7632617185396398e-08,3.4980294982891990e-08
449,1.1796398917256999e-07,8.3732617988653262e-10,1.6795803347630490e-09,5.1263627398616688e-09,1.3625504463432974e-08,2.6140787098090720e-08,3.6565803795325819e-08,3.3988624561209223e-08
450,1.1462678249019722e-07,8.1565544570087616e-10,1.6341877644413003e-09,4.9826164399462425e-09,1.3240038324683962e-08,2.5399984301054317e-08,3.5529232682411433e-08,3.3025067531959089e-08
451,1.1138398553730827e-07,7.9454046368266352e-10,1.5900190385302480e-09,4.8429003980126618e-09,1.2865477039962261e-08,2.4680175179660191e-08,3.4522046527522959e-08,3.2088826889937272e-08
452,1.0823292745842028e-07,7.7396713996310955e-10,1.5470412480303811e-09,4.7071016301361540e-09,1.2501512110501759e-08,2.3980764789677695e-08,3.3543412315237695e-08,3.1179128224873488e-08
453,1.0517101295666678e-07,7.5392173312450402e-10,1.5052223662522625e-09,4.5751103193828311e-09,1.2147843764976738e-08,2.3301175047199883e-08,3.2592520644863823e-08,3.0295219080866733e-08
454,1.0219572015624128e-07,7.3439084554381689e-10,1.4645312252392377e-09,4.4468197270487618e-09,1.1804180712602443e-08,2.2640844250831123e-08,3.1668585060995353e-08,2.9436368333980530e-08
455,9.9304598525312813e-08,7.1536141494384787e-10,1.4249374928178386e-09,4.3221261063864070e-09,1.1470239903220454e-08,2.1999226617415782e-08,3.0770841403045014e-08,2.8601865587483457e-08
456,9.6495266857702059e-08,6.9682070614711062e-10,1.3864116502592507e-09,4.2009286187487346e-09,1.1145746294171199e-08,2.1375791830924103e-08,2.9898547173216993e-08,2.7791020584234666e-08
457,9.3765411311655928e-08,6.7875630302774502e-10,1.3489249705356358e-09,4.0831292520832551e-09,1.0830432623761675e-08,2.0770024604122464e-08,2.9050980922396973e-08,2.7003162635728170e-08
458,9.1112783504105263e-08,6.6115610065685959e-10,1.3124494971555354e-09,3.9686327417101533e-09,1.0524039191141732e-08,2.0181424252665746e-08,2.8227441653451290e-08,2.6237640067323940e-08
459,8.8535198658836118e-08,6.4400829763680249e-10,1.2769580235630015e-09,3.8573464933204982e-09,1.0226313642407681e-08,1.9609504281259655e-08,2.7427248241441928e-08,2.5493819679206552e-08
460,8.6030533807049218e-08,6.2730138861996339e-10,1.2424240730854965e-09,3.7491805081323466e-09,9.9370107627570053e-09,1.9053791981551093e-08,2.6649738870277539e-08,2.4771086222625770e-08
461,8.3596726038825756e-08,6.1102415700780395e-10,1.2088218794160091e-09,3.6440473101442444e-09,9.6558922745230267e-09,1.8513828041414089e-08,2.5894270485334844e-08,2.4068841890985736e-08
462,8.1231770804059216e-08,5.9516566782591103e-10,1.1761263676152097e-09,3.5418618754273937e-09,9.3827266409231653e-09,1.7989166165308399e-08,2.5160218261597392e-08,2.3386505825361742e-08
463,7.8933720261453899e-08,5.7971526077095851e-10,1.1443131356198455e-09,3.4425415633993309e-09,9.1172888753591557e-09,1.7479372705396965e-08,2.4446975086871989e-08,2.2723513634035646e-08
464,7.6700681674230299e-08,5.6466254342556030e-10,1.1133584362439449e-09,3.3460060500236116e-09,8.8593603561121682e-09,1.6984026303117331e-08,2.3753951059655194e-08,2.2079316925652484e-08
465,7.4530815851216163e-08,5.4999738463707957e-10,1.0832391596597447e-09,3.2521772628815288e-09,8.6087286462801951e-09,1.6502717540910781e-08,2.3080573001234775e-08,2.1453382855612064e-08
466,7.2422335632039014e-08,5.3570990805655468e-10,1.0539328163456112e-09,3.1609793180634071e-09,8.3651873188094131e-09,1.6035048603821277e-08,2.2426283981622339e-08,2.0845193685320409e-08
467,7.0373504415172557e-08,5.2179048583398159e-10,1.0254175204885549e-09,3.0723384588284893e-09,8.1285357864754105e-09,1.5580632950684542e-08,2.1790542858925203e-08,2.0254246353936376e-08
468,6.8382634727624959e-08,5.0822973246628330e-10,9.9767197382926702e-10,2.9861829959838593e-09,7.8985791366742419e-09,1.5139094994635490e-08,2.1172823831776508e-08,1.9680052062259309e-08
469,6.6448086835090479e-08,4.9501849879437428e-10,9.7067544993793167e-10,2.9024432499342317e-09,7.6751279708872496e-09,1.4710069792669907e-08,2.0572616004453314e-08,1.9122135868413466e-08
470,6.4568267391419988e-08,4.8214786614581083e-10,9.4440777890936597e-10,2.8210514943557843e-09,7.4579982486874149e-09,1.4293202744003831e-08,1.9989422964323035e-08,1.8580036294994745e-08
471,6.2741628126298139e-08,4.6960914061959818e-10,9.1884933246635553e-10,2.7419419014485355e-09,7.2470111361587898e-09,1.3888149296981252e-08,1.9422762371268720e-08,1.8053304947354885e-08
472,6.0966664570046045e-08,4.5739384750980197e-10,8.9398100946033972e-10,2.6650504887230221e-09,7.0419928586041289e-09,1.3494574664287921e-08,1.8872165558753593e-08,1.7541506142707231e-08
473,5.9241914814499432e-08,4.4549372586468517e-10,8.6978422175888837e-10,2.5903150672782962e-09,6.8427745574194285e-09,1.3112153546235865e-08,1.8337177146194896e-08,1.7044216549747375e-08
474,5.7565958308941603e-08,4.3390072317817094e-10,8.4624088050969562e-10,2.5176751915294402e-09,6.6491921510174947e-09,1.2740569861889868e-08,1.7817354662326385e-08,1.6561024838490550e-08
475,5.5937414690099407e-08,4.2260699021049941e-10,8.2333338277107992e-10,2.4470721103439946e-09,6.4610861996859610e-09,1.2379516487813713e-08,1.7312268179238050e-08,1.6091531340036115e-08
476,5.4354942645238796e-08,4.1160487593502036e-10,8.0104459849925560e-10,2.3784487195478088e-09,6.2783017742685158e-09,1.2028695004220198e-08,1.6821499956790268e-08,1.5635347715977729e-08
477,5.2817238807423310e-08,4.0088692260813323e-10,7.7935785788288599e-10,2.3117495157619430e-09,6.1006883285611034e-09,1.1687815448315151e-08,1.6344644097108397e-08,1.5192096637185695e-08
478,5.1323036682025914e-08,3.9044586095945227e-10,7.5825693901569151e-10,2.2469205515333278e-09,5.9280995753180461e-09,1.1356596074631569e-08,1.5881306208871952e-08,1.4761411471695874e-08
479,4.9871105603609708e-08,3.8027460549934336e-10,7.3772605589811983e-10,2.1839093917229239e-09,5.7603933657659785e-09,1.1034763122155726e-08,1.5431103081120746e-08,1.4342935981446864e-08
480,4.8460249722318544e-08,3.7036624994104221e-10,7.1774984675933133e-10,2.1226650711161428e-09,5.5974315725263034e-09,1.0722050588052831e-08,1.4993662366308156e-08,1.3936324027614744e-08
481,4.7089307018942854e-08,3.6071406273463122e-10,6.9831336269097995e-10,2.0631380532212781e-09,5.4390799758497951e-09,1.0418200007805195e-08,1.4568622272339469e-08,1.3541239284301499e-08
482,4.5757148347849007e-08,3.5131148271020803e-10,6.7940205658449683e-10,2.0052801902226619e-09,5.2852081530696185e-09,1.0122960241581130e-08,1.4155631263340473e-08,1.3157354960340414e-08
483,4.4462676506984538e-08,3.4215211482764716e-10,6.6100177236380221e-10,1.9490446840561842e-09,5.1356893711817280e-09,9.8360872666580875e-09,1.3754347768908854e-08,1.2784353528988234e-08
484,4.3204825334192769e-08,3.3322972603041223e-10,6.4309873450558953e-10,1.8943860485757171e-09,4.9904004824641753e-09,9.5573439757283880e-09,1.3364439901607941e-08,1.2421926465280548e-08
485,4.1982558829092840e-08,3.2453824120093293e-10,6.2567953783952570e-10,1.8412600727798908e-09,4.8492218230493337e-09,9.2864999809208725e-09,1.2985585182469126e-08,1.2069773990833157e-08
486,4.0794870299801654e-08,3.1607173921512324e-10,6.0873113762092323e-10,1.7896237850694872e-09,4.7120371143655370e-09,9.0233314233764671e-09,1.2617470274275867e-08,1.1727604825878250e-08
487,3.9640781533795283e-08,3.0782444909366880e-10,5.9224083986862948e-10,1.7394354185065870e-09,4.5787333673669194e-09,8.7676207882202758e-09,1.2259790722408794e-08,1.1395135948330405e-08
488,3.8519341992226539e-08,2.9979074624776733e-10,5.7619629196107664e-10,1.6906543770473877e-09,4.4492007894726065e-09,8.5191567247772774e-09,1.1912250703037434e-08,1.1072092359682993e-08
489,3.7429628027035530e-08,2.9196514881706165e-10,5.6058547348361946e-10,1.6432412027214116e-09,4.3233326941385951e-09,8.2777338718829904e-09,1.1574562778450406e-08,1.0758206857541444e-08
490,3.6370742120207990e-08,2.8434231409755313e-10,5.4539668732047014e-10,1.5971575437305805e-09,4.2010254129878495e-09,8.0431526881447601e-09,1.1246447659321637e-08,1.0453219814605141e-08
491,3.5341812144555205e-08,2.7691703505733911e-10,5.3061855098471915e-10,1.5523661234423849e-09,4.0821782104262356e-09,7.8152192870133384e-09,1.0927633973715993e-08,1.0156878963915191e-08
492,3.4341990645406370e-08,2.6968423693806390e-10,5.1623998818010073e-10,1.5088307102520807e-09,3.9666932006739817e-09,7.5937452765284390e-09,1.0617858042643332e-08,9.8689391901903768e-09
493,3.3370454142622017e-08,2.6263897394002504e-10,5.0225022058833319e-10,1.4665160882895772e-09,3.8544752671443078e-09,7.3785476036058259e-09,1.0316863661975219e-08,9.5891623270787280e-09
494,3.2426402452353371e-08,2.5577642598892241e-10,4.8863875987602448e-10,1.4253880289473253e-09,3.7454319841028494e-09,7.1694484027372062e-09,1.0024401890544047e-08,9.3173169601569963e-09
495,3.1509058027989317e-08,2.4909189558228529e-10,4.7539539991529424e-10,1.3854132632062155e-09,3.6394735405433337e-09,6.9662748489778977e-09,9.7402308442492285e-09,9.0531782355150631e-09
496,3.0617665319747889e-08,2.4258080471365868e-10,4.6251020921242086e-10,1.3465594547371118e-09,3.5365126662168125e-09,6.7688590151007345e-09,9.4641154960001897e-09,8.7965276737669571e-09
497,2.9751490152384983e-08,2.3623869187267436e-10,4.4997352353896767e-10,1.3087951737562893e-09,3.4364645597535337e-09,6.5770377327981451e-09,9.1958274813307119e-09,8.5471529893346603e-09
498,2.8909819120507759e-08,2.3006120911917561e-10,4.3777593875999698e-10,1.2720898716136477e-09,3.3392468188182496e-09,6.3906524578176947e-09,8.9351449095238252e-09,8.3048479148551696e-09
499,2.8091959000994577e-08,2.2404411922960884e-10,4.2590830385411520e-10,1.2364138560931634e-09,3.2447793722414303e-09,6.2095491389196064e-09,8.6818521800910254e-09,8.0694120305656272e-09
500,2.7297236182037636e-08,2.1818329291393553e-10,4.1436171412024063e-10,1.2017382674056235e-09,3.1529844140704830e-09,6.0335780905479386e-09,8.4357398044540797e-09,7.8406505985253371e-09
501,2.6524996108338048e-08,2.1247470610135925e-10,4.0312750456611335e-10,1.1680350548542367e-09,3.0637863394866795e-09,5.8625938691102103e-09,8.1966042326818697e-09,7.6183744015375792e-09
502,2.5774602741996312e-08,2.0691443729320397e-10,3.9219724347370420e-10,1.1352769541542686e-09,2.9771116825349805e-09,5.6964551527631626e-09,7.9642476851390209e-09,7.4023995866379732e-09
503,2.5045438038654270e-08,2.0149866498131593e-10,3.8156272613680570e-10,1.1034374653883671e-09,2.8928890556154922e-09,5.5350246246053451e-09,7.7384779889070279e-09,7.1925475130199163e-09
504,2.4336901438456983e-08,1.9622366513040335e-10,3.7121596876621439e-10,1.0724908315797703e-09,2.8110490906867125e-09,5.3781688591799382e-09,7.5191084188426292e-09,6.9886446042713140e-09
505,2.3648409371415367e-08,1.9108580872276200e-10,3.6114920255803417e-10,1.0424120178660728e-09,2.7315243821321384e-09,5.2257582121940218e-09,7.3059575431419406e-09,6.7905222048003980e-09
506,2.2979394776762111e-08,1.8608155936387403e-10,3.5135486792075204e-10,1.0131766912567247e-09,2.6542494312431786e-09,5.0776667133631455e-09,7.0988490732826108e-09,6.5980164403318237e-09
507,2.2329306635905035e-08,1.8120747094740078e-10,3.4182560885684992e-10,9.8476120095790409e-10,2.5791605922726452e-09,4.9337719622926002e-09,6.8976117182199255e-09,6.4109680823577100e-09
508,2.1697609518593237e-08,1.7646018537812765e-10,3.3255426749483021e-10,9.5714255924885930e-10,2.5061960200143999e-09,4.7939550273093641e-09,6.7020790427162121e-09,6.2292224164314437e-09
509,2.1083783141922206e-08,1.7183643035145091e-10,3.2353387876764330e-10,9.3029842289426937e-10,2.4352956188659668e-09,4.6581003471610905e-09,6.5120893296864213e-09,6.0526291141953629e-09
510,2.0487321941814713e-08,1.6733301718803098e-10,3.1475766523360940e-10,9.0420707507759721e-10,2.3664009933321715e-09,4.5260956355008773e-09,6.3274854464460072e-09,5.8810421090364172e-09
511,1.9907734656624490e-08,1.6294683872226869e-10,3.0621903203603340e-10,8.7884740784083729e-10,2.2994553999290300e-09,4.3978317880788815e-09,6.1481147147504692e-09,5.7143194752669721e-09
512,1.9344543922519851e-08,1.5867486724329349e-10,2.9791156199781104e-10,8.5419890501646533e-10,2.2344037004482806e-09,4.2732027925640778e-09,5.9738287845191075e-09,5.5523233107308167e-09
513,1.8797285880313839e-08,1.5451415248718331e-10,2.8982901084742328e-10,8.3024162563779164e-10,2.1711923165440653e-09,4.1521056409215889e-09,5.8044835111385003e-09,5.3949196227372856e-09
514,1.8265509793417243e-08,1.5046181967916513e-10,2.8196530257281182e-10,8.0695618781431881e-10,2.1097691856043533e-09,4.0344402442732182e-09,5.6399388362442667e-09,5.2419782172291063e-09
515,1.7748777676599682e-08,1.4651506762457761e-10,2.7431452489972219e-10,7.8432375305906196e-10,2.0500837178707644e-09,3.9201093501707456e-09,5.4800586718824805e-09,5.0933725910923296e-09
516,1.7246663935253113e-08,1.4267116684740313e-10,2.6687092489119061e-10,7.6232601105517186e-10,1.9920867547714752e-09,3.8090184622136787e-09,5.3247107879549319e-09,4.9489798275192629e-09
517,1.6758755014860544e-08,1.3892745777520728e-10,2.5962890466494072e-10,7.4094516484954596e-10,1.9357305284328881e-09,3.7010757619449646e-09,5.1737667028551675e-09,4.8086804943378289e-09
518,1.6284649060381293e-08,1.3528134896935003e-10,2.5258301722554103e-10,7.2016391646146156e-10,1.8809686223367162e-09,3.5961920329601360e-09,5.0271015772048183e-09,4.6723585452232716e-09
519,1.5823955585272296e-08,1.3173031539936094e-10,2.4572796240825834e-10,6.9996545289459790e-10,1.8277559330900849e-09,3.4942805871671488e-09,4.8845941106023429e-09,4.5399012237105007e-09
520,1.5376295149872765e-08,1.2827189676039640e-10,2.3905858293162320e-10,6.8033343254114356e-10,1.7760486332771523e-09,3.3952571931359784e-09,4.7461264412988108e-09,4.4111989699276597e-09
521,1.4941299048887401e-08,1.2490369583272318e-10,2.3256986055580439e-10,6.6125197196699967e-10,1.7258041353616656e-09,3.2990400064787298e-09,4.6115840487177013e-09,4.2861453299737757e-09
522,1.4518609007710690e-08,1.2162337688219789e-10,2.2625691234396535e-10,6.4270563306739739e-10,1.6769810566107096e-09,3.2055495022027383e-09,4.4808556587381392e-09,4.1646368678655416e-09
523,1.4107876887342223e-08,1.1842866410073597e-10,2.2011498702385032e-10,6.2467941058254941e-10,1.6295391850107690e-09,3.1147084089807344e-09,4.3538331516631957e-09,4.0465730799803881e-09
524,1.3708764397649952e-08,1.1531734008578886e-10,2.1413946144692322e-10,6.0715871996324339e-10,1.5834394461480224e-09,3.0264416452837506e-09,4.2304114727971574e-09,3.9318563119250673e-09
525,1.3320942818745268e-08,1.1228724435787075e-10,2.0832583714245119e-10,5.9012938557657111e-10,1.5386438710255990e-09,2.9406762573239803e-09,4.1104885455577898e-09,3.8203916777610048e-09
526,1.2944092730240345e-08,1.0933627191519956e-10,2.0266973696399653e-10,5.7357762924225891e-10,1.4951155647912801e-09,2.8573413587562870e-09,3.9939651870517346e-09,3.7120869815195890e-09
527,1.2577903748164878e-08,1.0646237182453940e-10,1.9716690182584561e-10,5.5749005909033435e-10,1.4528186763499022e-09,2.7763680720885453e-09,3.8807450260432199e-09,3.6068526409424900e-09
528,1.2222074269325378e-08,1.0366354584735343e-10,1.9181318752697143e-10,5.4185365873112357e-10,1.4117183688354204e-09,2.6976894717523581e-09,3.7707344232482354e-09,3.5046016133839136e-09
529,1.1876311222896616e-08,1.0093784710039789e-10,1.8660456166019016e-10,5.2665577672882228e-10,1.3717807909183227e-09,2.6212405287871245e-09,3.6638423938882362e-09,3.4052493238135209e-09
530,1.1540329829040530e-08,9.8283378749908108e-11,1.8153710060423233e-10,5.1188411637013827e-10,1.3329730489247576e-09,2.5469580570917125e-09,3.5599805324393416e-09,3.3087135948604400e-09
531,1.1213853364353811e-08,9.5698292738548946e-11,1.7660698659651342e-10,4.9752672571972740e-10,1.2952631797444112e-09,2.4747806611993305e-09,3.4590629395147652e-09,3.2149145788405154e-09
532,1.0896612933950999e-08,9.3180788544321159e-11,1.7181050488444382e-10,4.8357198795439195e-10,1.2586201245048224e-09,2.4046486855324183e-09,3.3610061508200319e-09,3.1237746917105701e-09
533,1.0588347249995346e-08,9.0729111970634802e-11,1.6714404095317949e-10,4.7000861196822335e-10,1.2230137029904557e-09,2.3365041650956181e-09,3.2657290681221902e-09,3.0352185488950444e-09
534,1.0288802416495067e-08,8.8341553966780473e-11,1.6260407782776714e-10,4.5682562324109862e-10,1.1884145887854544e-09,2.2702907775660783e-09,3.1731528921759501e-09,2.9491729029319381e-09
535,9.9977317201877003e-09,8.6016449478046665e-11,1.5818719344769507e-10,4.4401235496314620e-10,1.1547942851196110e-09,2.2059537967414760e-09,3.0832010575512542e-09,2.8655665828864725e-09
536,9.7148954273403733e-09,8.3752176324751003e-11,1.5389005811191171e-10,4.3155843940800978e-10,1.1221251013976534e-09,2.1434400473072986e-09,2.9957991693083940e-09,2.7843304354823559e-09
537,9.4400605862985720e-09,8.1547154109469409e-11,1.4970943199242714e-10,4.1945379954793474e-10,1.0903801303925196e-09,2.0826978608859789e-09,2.9108749414682745e-09,2.7053972679019674e-09
538,9.1730008356208497e-09,7.9399843151765992e-11,1.4564216271466171e-10,4.0768864090389966e-10,1.0595332260838353e-09,2.0236770333315774e-09,2.8283581372269704e-09,2.6287017922081389e-09
539,8.9134962176413863e-09,7.7308743449742190e-11,1.4168518300275663e-10,3.9625344362420616e-10,1.0295589821233428e-09,1.9663287832346924e-09,2.7481805108650840e-09,2.5541805713415627e-09
540,8.6613329973068877e-09,7.5272393667740910e-11,1.3783550838810656e-10,3.8513895478512192e-10,1.0004327109095429e-09,1.9106057116033171e-09,2.6702757513038992e-09,2.4817719666491593e-09
541,8.4163034861385820e-09,7.3289370149557212e-11,1.3409023497942333e-10,3.7433618090735433e-10,9.7213042325431717e-10,1.8564617626863106e-09,2.5945794272616187e-09,2.4114160869000018e-09
542,8.1782058711743570e-09,7.1358285956523056e-11,1.3044653729268267e-10,3.6383638068230495e-10,9.4462880862477992e-10,1.8038521859071014e-09,2.5210289339643424e-09,2.3430547387466230e-09
543,7.9468440487501192e-09,6.9477789929848744e-11,1.2690166613935151e-10,3.5363105790222459e-10,9.1790521594409233e-10,1.7527334988761650e-09,2.4495634413677022e-09,2.2766313785907338e-09
544,7.7220274629834840e-09,6.7646565776618714e-11,1.2345294657133515e-10,3.4371195458855438e-10,8.9193763493542101e-10,1.7030634514516984e-09,2.3801238438463278e-09,2.2120910658135280e-09
545,7.5035709488267868e-09,6.5863331178854475e-11,1.2009777588112547e-10,3.3407104431289701e-10,8.6670467799367537e-10,1.6548009908187890e-09,2.3126527113095425e-09,2.1493804173319026e-09
546,7.2912945795601141e-09,6.4126836925070884e-11,1.1683362165567217e-10,3.2470052570522062e-10,8.4218556257009652e-10,1.6079062275582158e-09,2.2470942417028504e-09,2.0884475634429876e-09
547,7.0850235185987701e-09,6.2435866063766873e-11,1.1365801988253841e-10,3.1559281614404489e-10,8.1836009405518631e-10,1.5623404026768308e-09,2.1833942148559255e-09,2.0292421049204783e-09
548,6.8845878754931178e-09,6.0789233078304866e-11,1.1056857310694001e-10,3.0674054562351056e-10,7.9520864914587777e-10,1.5180658555722805e-09,2.1214999476389401e-09,1.9717150713272647e-09
549,6.6898225660021882e-09,5.9185783082646090e-11,1.0756294863830557e-10,2.9813655079237348e-10,7.7271215968325147e-10,1.4750459929055781e-09,2.0613602503901398e-09,1.9158188805098941e-09
550,6.5005671761258196e-09,5.7624391037423136e-11,1.0463887680503095e-10,2.8977386916010427e-10,7.5085209694748102e-10,1.4332452583558079e-09,2.0029253845786262e-09,1.8615072992413456e-09
551,6.3166658299833225e-09,5.6103960985842362e-11,1.0179414925613652e-10,2.8164573346541022e-10,7.2961045639707681e-10,1.3926291032319532e-09,1.9461470216673297e-09,1.8087354049795738e-09
552,6.1379670614298787e-09,5.4623425308922375e-11,9.9026617308571079e-11,2.7374556620262570e-10,7.0896974283985742e-10,1.3531639579175674e-09,1.8909782031421517e-09,1.7574595487101836e-09
553,5.9643236893049073e-09,5.3181743999585954e-11,9.6334190338938723e-11,2.6606697430154726e-10,6.8891295602343385e-10,1.3148172041246786e-09,1.8373733016742182e-09,1.7076373188425050e-09
554,5.7955926962096602e-09,5.1777903955135332e-11,9.3714834218458494e-11,2.5860374395641172e-10,6.6942357663334035e-10,1.2775571479339967e-09,1.7852879833831156e-09,1.6592275061292010e-09
555,5.6316351107142065e-09,5.0410918287651738e-11,9.1166569789998014e-11,2.5134983559983628e-10,6.5048555268727874e-10,1.2413529935991434e-09,1.7346791711699066e-09,1.6121900695803916e-09
556,5.4723158928967965e-09,4.9079825651871543e-11,8.8687471386053438e-11,2.4429937901765892e-10,6.3208328631426871e-10,1.2061748180932452e-09,1.6855050090895939e-09,1.5664861033441053e-09
557,5.3175038231213085e-09,4.7783689590102486e-11,8.6275665386577958e-11,2.3744666860072767e-10,6.1420162090782037e-10,1.1719935463768593e-09,1.6377248277335653e-09,1.5220778045256548e-09
558,5.1670713939611833e-09,4.6521597893753875e-11,8.3929328815590753e-11,2.3078615872980143e-10,5.9682582864253885e-10,1.1387809273667864e-09,1.5912991105933900e-09,1.4789284419193221e-09
559,5.0208947051808641e-09,4.5292661981065246e-11,8.1646687975526593e-11,2.2431245928983062e-10,5.7994159834388935e-10,1.1065095105859080e-09,1.5461894613781498e-09,1.4370023256264942e-09
560,4.8788533616881776e-09,4.4096016290628334e-11,7.9426017118313981e-11,2.1802033130999101e-10,5.6353502370112436e-10,1.0751526234747486e-09,1.5023585722582635e-09,1.3962647775351080e-09
561,4.7408303743736772e-09,4.2930817690306850e-11,7.7265637152197191e-11,2.1190468272594602e-10,5.4759259181366859e-10,1.0446843493460115e-09,1.4597701930095515e-09,1.3566821026359959e-09
562,4.6067120637552289e-09,4.1796244901168439e-11,7.5163914383343374e-11,2.0596056426091114e-10,5.3210117206152743e-10,1.0150795059638616e-09,1.4183891010320133e-09,1.3182215611524044e-09
563,4.4763879663485063e-09,4.0691497936052912e-11,7.3119259291301896e-11,2.0018316542219041e-10,5.1704800529055153e-10,9.8631362473026074e-10,1.3781810722185241e-09,1.2808513414596245e-09
564,4.3497507436862570e-09,3.9615797552409642e-11,7.1130125337407908e-11,1.9456781060994812e-10,5.0242069330365078e-10,9.5836293046113852e-10,1.3391128526493532e-09,1.2445405337723487e-09
565,4.2266960939114332e-09,3.8568384719046315e-11,6.9195007805246171e-11,1.8910995533506979e-10,4.8820718864930330e-10,9.3120432173569393e-10,1.3011521310890986e-09,1.2092591045779752e-09
566,4.1071226658713454e-09,3.7548520096440219e-11,6.7312442672315508e-11,1.8380518254305442e-10,4.7439578469894635e-10,9.0481535180258150e-10,1.2642675122632845e-09,1.1749778717947226e-09
567,3.9909319756420975e-09,3.6555483530271503e-11,6.5481005512056162e-11,1.7864919904096571e-10,4.6097510600507946e-10,8.7917421002719906e-10,1.2284284908925266e-09,1.1416684806339995e-09
568,3.8780283254145568e-09,3.5588573557846372e-11,6.3699310425425722e-11,1.7363783202455361e-10,4.4793409893213701e-10,8.5425970386474521e-10,1.1936054264627793e-09,1.1093033801470695e-09
569,3.7683187246750327e-09,3.4647106927086603e-11,6.1966009001230700e-11,1.6876702570273799e-10,4.3526202255241380e-10,8.3005124134414470e-10,1.1597695187108110e-09,1.0778558004366072e-09
570,3.6617128136157678e-09,3.3730418127769314e-11,6.0279789304441871e-11,1.6403283801672546e-10,4.2294843979954519e-10,8.0652881404836624e-10,1.1268927838046197e-09,1.0472997305143001e-09
571,3.5581227887121463e-09,3.2837858934709308e-11,5.8639374891742206e-11,1.5943143745110668e-10,4.1098320887225581e-10,7.8367298057706196e-10,1.0949480311990948e-09,1.0176098967861756e-09
572,3.4574633304053217e-09,3.1968797962583291e-11,5.7043523853576795e-11,1.5495909993435518e-10,3.9935647488129655e-10,7.6146485047786314e-10,1.0639088411477839e-09,9.8876174214786287e-10
573,3.3596515328307130e-09,3.1122620232103259e-11,5.5491027881992933e-11,1.5061220582622254e-10,3.8805866173269030e-10,7.3988606863304887e-10,1.0337495428521602e-09,9.6073140567249515e-10
574,3.2646068355344836e-09,3.0298726747253164e-11,5.3980711363578289e-11,1.4638723698959314e-10,3.7708046424060080e-10,7.1891880008868438e-10,1.0044451932303219e-09,9.3349570287445181e-10
575,3.1722509571217587e-09,2.9496534083310501e-11,5.2511430496822964e-11,1.4228077394443150e-10,3.6641284046332874e-10,6.9854571531368692e-10,9.7597155628756400e-10,9.0703210653261419e-10
576,3.0825078307819466e-09,2.8715473985380746e-11,5.1082072433250070e-11,1.3828949310152066e-10,3.5604700425612306e-10,6.7874997587663852e-10,9.4830508307175672e-10,8.8131872805727683e-10
577,2.9953035416380449e-09,2.7954992977180059e-11,4.9691554441676084e-11,1.3441016407375522e-10,3.4597441803467365e-10,6.5951522052850577e-10,9.2142289219695734e-10,8.5633429938529655e-10
578,2.9105662658683378e-09,2.7214551979807552e-11,4.8338823094980197e-11,1.3063964706281437e-10,3.3618678574332461e-10,6.4082555167976237e-10,8.9530275091914226e-10,8.3205815538850685e-10
579,2.8282262115503508e-09,2.6493625940255294e-11,4.7022853478777808e-11,1.2697489031910273e-10,3.2667604602221829e-10,6.2266552226073826e-10,8.6992305674841093e-10,8.0847021678084803e-10
580,2.7482155611783220e-09,2.5791703469410247e-11,4.5742648421410005e-11,1.2341292767290396e-10,3.1743436556773915e-10,6.0502012295433704e-10,8.4526281958245069e-10,7.8555097351007126e-10
581,2.6704684158068641e-09,2.5108286489308649e-11,4.4497237744676361e-11,1.1995087613475211e-10,3.0845413268079352e-10,5.8787476979056429e-10,8.2130164434648837e-10,7.6328146862028094e-10
582,2.5949207407748027e-09,2.4442889889408960e-11,4.3285677534753647e-11,1.1658593356307919e-10,2.9972795099760616e-10,5.7121529209261860e-10,7.9801971412536876e-10,7.4164328257196733e-10
583,2.5215103129644890e-09,2.3795041191655743e-11,4.2107049432758453e-11,1.1331537639725403e-10,2.9124863339787525e-10,5.5502792076457776e-10,7.7539777377380839e-10,7.2061851800655972e-10
584,2.4501766695531527e-09,2.3164280224112159e-11,4.0960459944425457e-11,1.1013655745417832e-10,2.8300919608526414e-10,5.3929927691100318e-10,7.5341711399127262e-10,7.0018978494289694e-10
585,2.3808610582140734e-09,2.2550158802944482e-11,3.9845039768387997e-11,1.0704690378665909e-10,2.7500285283535734e-10,5.2401636077905331e-10,7.3205955584829940e-10,6.8034018639337152e-10
586,2.3135063887265712e-09,2.1952240422547412e-11,3.8759943142560911e-11,1.0404391460182502e-10,2.6722300940634173e-10,5.0916654101396937e-10,7.1130743575147647e-10,6.6105330438785062e-10
587,2.2480571859549527e-09,2.1370099953604085e-11,3.7704347208139100e-11,1.0112515923790387e-10,2.5966325810780967e-10,4.9473754421904928e-10,6.9114359083463519e-10,6.4231318639381158e-10
588,2.1844595441576758e-09,2.0803323348880133e-11,3.6677451390738361e-11,9.8288275197724882e-11,2.5231737252321151e-10,4.8071744481148364e-10,6.7155134476417724e-10,6.2410433212146019e-10
589,2.1226610825891225e-09,2.0251507356555717e-11,3.5678476798217677e-11,9.5530966237355658e-11,2.4517930238160938e-10,4.6709465516566798e-10,6.5251449394679665e-10,6.0641168070291918e-10
590,2.0626109023573887e-09,1.9714259240904781e-11,3.4706665634734551e-11,9.2851000508328249e-11,2.3824316857450999e-10,4.5385791603584436e-10,6.3401729412818782e-10,5.8922059823487903e-10
591,2.0042595445025789e-09,1.9191196510135227e-11,3.3761280630596879e-11,9.0246208751952149e-11,2.3150325831367103e-10,4.4099628725015690e-10,6.1604444737165661e-10,5.7251686567440997e-10
592,1.9475589492610592e-09,1.8681946651208586e-11,3.2841604487486727e-11,8.7714482544253503e-11,2.2495402042589372e-10,4.2849913866842979e-10,5.9858108940586565e-10,5.5628666707792142e-10
593,1.8924624164821327e-09,1.8186146871462016e-11,3.1946939338642574e-11,8.5253772590121941e-11,2.1859006078092545e-10,4.1635614139619202e-10,5.8161277733124702e-10,5.4051657817354165e-10
594,1.8389245671645258e-09,1.7703443846860284e-11,3.1076606223597831e-11,8.2862087065285238e-11,2.1240613784870812e-10,4.0455725924769039e-10,5.6512547767491836e-10,5.2519355525746549e-10
595,1.7869013060810097e-09,1.7233493476709320e-11,3.0229944577084152e-11,8.0537490004770815e-11,2.0639715838231107e-10,3.9309274045083178e-10,5.4910555478421849e-10,5.1030492440508385e-10
596,1.7363497854603734e-09,1.6775960644667353e-11,2.9406311731718478e-11,7.8278099736551184e-11,2.0055817322299479e-10,3.8195310958720018e-10,5.3353975954926842e-10,4.9583837098797314e-10
597,1.6872283696968366e-09,1.6330518985893723e-11,2.8605082434103183e-11,7.6082087359106537e-11,1.9488437322394939e-10,3.7112915976048558e-10,5.1841521844522425e-10,4.8178192948807392e-10
598,1.6394966010578310e-09,1.5896850660179408e-11,2.7825648373978376e-11,7.3947675261673064e-11,1.8937108528935053e-10,3.6061194498685293e-10,5.0371942288516565e-10,4.6812397360063101e-10
599,1.5931151663619153e-09,1.5474646130907283e-11,2.7067417726075323e-11,7.1873135685980688e-11,1.8401376852547088e-10,3.5039277280096073e-10,4.8944021887480944e-10,4.5485320661771091e-10
600,1.5480458645993689e-09,1.5063603949693861e-11,2.6329814704329206e-11,6.9856789328316870e-11,1.7880801050067645e-10,3.4046319707151771e-10,4.7556579696049294e-10,4.4195865208434188e-10
601,1.5042515754688043e-09,1.4663430546568091e-11,2.5612279128118664e-11,6.7897003980785779e-11,1.7374952361122837e-10,3.3081501102044046e-10,4.6208468246211512e-10,4.2942964471954762e-10
602,1.4616962288038759e-09,1.4273840025546284e-11,2.4914266000208532e-11,6.5992193210664655e-11,1.6883414154989559e-10,3.2144024043984079e-10,4.4898572598295527e-10,4.1725582159476478e-10
603,1.4203447748649143e-09,1.3894553965465922e-11,2.4235245096080783e-11,6.4140815076788245e-11,1.6405781587447150e-10,3.1233113710123835e-10,4.3625809418852149e-10,4.0542711356234798e-10
604,1.3801631554710053e-09,1.3525301225944375e-11,2.3574700564347225e-11,6.2341370881924399e-11,1.5941661267336652e-10,3.0348017235154834e-10,4.2389126084680227e-10,3.9393373692707222e-10
605,1.3411182759487492e-09,1.3165817758332128e-11,2.2932130537945593e-11,6.0592403960130863e-11,1.5490670932553193e-10,2.9488003089055397e-10,4.1187499812251046e-10,3.8276618535374413e-10
606,1.3031779778745873e-09,1.2815846421533176e-11,2.2307046755828936e-11,5.8892498498113221e-11,1.5052439135204535e-10,2.8652360472471945e-10,4.0019936811811929e-10,3.7191522200422781e-10
607,1.2663110125882511e-09,1.2475136802568661e-11,2.1698974194865586e-11,5.7240278389630238e-11,1.4626604935676469e-10,2.7840398729234470e-10,3.8885471465469528e-10,3.6137187189738190e-10
608,1.2304870154555168e-09,1.2143445041762764e-11,2.1107450711675089e-11,5.5634406122020575e-11,1.4212817605353178e-10,2.7051446775520934e-10,3.7783165528572872e-10,3.5112741448558855e-10
609,1.1956764808590672e-09,1.1820533662433006e-11,2.0532026694132329e-11,5.4073581693949946e-11,1.3810736337747590e-10,2.6284852545198428e-10,3.6712107353735810e-10,3.4117337644173358e-10
610,1.1618507378968640e-09,1.1506171404970109e-11,1.9972264722279753e-11,5.2556541563503749e-11,1.3420029967803934e-10,2.5539982450882957e-10,3.5671411136856935e-10,3.3150152465067218e-10
611,1.1289819267680143e-09,1.1200133065195311e-11,1.9427739238394129e-11,5.1082057625774106e-11,1.3040376699141169e-10,2.4816220860272141e-10,3.4660216184513526e-10,3.2210385939938254e-10
612,1.0970429758266815e-09,1.0902199336886078e-11,1.8898036225961507e-11,4.9648936219114759e-11,1.2671463839012756e-10,2.4112969587318246e-10,3.3677686202123441e-10,3.1297260776017461e-10
613,1.0660075792851405e-09,1.0612156658363667e-11,1.8382752897320305e-11,4.8256017159259686e-11,1.2312987540764423e-10,2.3429647397820759e-10,3.2723008602286320e-10,3.0410021716148176e-10
614,1.0358501755476196e-09,1.0329797063038892e-11,1.7881497389739169e-11,4.6902172800524725e-11,1.1964652553577791e-10,2.2765689529030084e-10,3.1795393832732137e-10,2.9547934914091668e-10
615,1.0065459261570734e-09,1.0054918033814894e-11,1.7393888469702322e-11,4.5586307123332418e-11,1.1626171979293800e-10,2.2120547222865097e-10,3.0894074723321010e-10,2.8710287327542469e-10
616,9.7807069533755525e-10,9.7873223612483797e-12,1.6919555245181332e-11,4.4307354847322484e-11,1.1297267036115568e-10,2.1493687272358920e-10,3.0018305851554454e-10,2.7896386128351374e-10
617,9.5040103011533708e-10,9.5268180053732554e-12,1.6458136885678177e-11,4.3064280569330276e-11,1.0977666828996148e-10,2.0884591580957941e-10,2.9167362926073191e-10,2.7105558129468257e-10
618,9.2351414100240175e-10,9.2732179610929512e-12,1.6009282349830182e-11,4.1856077925536267e-11,1.0667108126521997e-10,2.0292756734309830e-10,2.8340542187631588e-10,2.6337149228130820e-10
619,8.9738788322640310e-10,9.0263401270501814e-12,1.5572650120373067e-11,4.0681768777108722e-11,1.0365335144108436e-10,1.9717693584186703e-10,2.7537159827053470e-10,2.5590523864838516e-10
620,8.7200073849162920e-10,8.7860071778851567e-12,1.5147907946263900e-11,3.9540402418680963e-11,1.0072099333328520e-10,1.9158926844199447e-10,2.6756551419687645e-10,2.4865064497664300e-10
621,8.4733179725594843e-10,8.5520464397955083e-12,1.4734732591770915e-11,3.8431054809022968e-11,9.7871591772017942e-11,1.8615994696969087e-10,2.5998071375895678e-10,2.4160171091469352e-10
622,8.2336074150914463e-10,8.3242897693133649e-12,1.4332809592342536e-11,3.7352827823285150e-11,9.5102799912743574e-11,1.8088448412430547e-10,2.5261092407117239e-10,2.3475260621598214e-10
623,8.0006782803844950e-10,8.1025734352172362e-12,1.3941833017072750e-11,3.6304848526209383e-11,9.2412337303263598e-11,1.7575851976953238e-10,2.4545005007071493e-10,2.2809766591643928e-10
624,7.7743387216749811e-10,7.8867380034983395e-12,1.3561505237585207e-11,3.5286268465719473e-11,8.9797988005477711e-11,1.7077781732972050e-10,2.3849216947665494e-10,2.2163138564884203e-10
625,7.5544023195530703e-10,7.6766282253031172e-12,1.3191536703162845e-11,3.4296262986319720e-11,8.7257598770276933e-11,1.6593826028830796e-10,2.3173152789192533e-10,2.1534841709001113e-10
626,7.3406879284226581e-10,7.4720929277756433e-12,1.2831645721954777e-11,3.3334030561746099e-11,8.4789077264069257e-11,1.6123584878548710e-10,2.2516253404415563e-10,2.0924356353707727e-10
627,7.1330195273049343e-10,7.2729849077255716e-12,1.2481558248096572e-11,3.2398792146330460e-11,8.2390390345476705e-11,1.5666669631228872e-10,2.1877975516141829e-10,2.0331177560915720e-10
628,6.9312260748627238e-10,7.0791608280491202e-12,1.2141007674584455e-11,3.1489790544552844e-11,8.0059562390784935e-11,1.5222702649835169e-10,2.1257791247906441e-10,1.9754814707088491e-10
629,6.7351413685261915e-10,6.8904811168324887e-12,1.1809734631748329e-11,3.0606289798272196e-11,7.7794673666765916e-11,1.4791316999072471e-10,2.0655187687393213e-10,1.9194791077434333e-10
630,6.5446039076038900e-10,6.7068098690688481e-12,1.1487486791172576e-11,2.9747574591139625e-11,7.5593858749533387e-11,1.4372156142111864e-10,2.0069666462231662e-10,1.8650643471603929e-10
631,6.3594567602664108e-10,6.5280147509218024e-12,1.1174018674917768e-11,2.8912949669712624e-11,7.3455304988129152e-11,1.3964873645910468e-10,1.9500743327819355e-10,1.8121921820566145e-10
632,6.1795474342930537e-10,6.3539669064699402e-12,1.0869091469900317e-11,2.8101739280801830e-11,7.1377251011574454e-11,1.3569132894882085e-10,1.8947947766828710e-10,1.7608188814345088e-10
633,6.0047277514750993e-10,6.1845408668687426e-12,1.0572472847290893e-11,2.7313286624595318e-11,6.9357985278157007e-11,1.3184606812682180e-10,1.8410822600066999e-10,1.7109019540310620e-10
634,5.8348537255722077e-10,6.0196144618677171e-12,1.0283936786796298e-11,2.6546953323118009e-11,6.7395844665758733e-11,1.2810977591877160e-10,1.7888923608367729e-10,1.6624001131723111e-10
635,5.6697854437214404e-10,5.8590687336222561e-12,1.0003263405693002e-11,2.5802118903596241e-11,6.5489213102063234e-11,1.2447936431274537e-10,1.7381819165200681e-10,1.6152732426241717e-10
636,5.5093869512012259e-10,5.7027878527411996e-12,9.7302387924841970e-12,2.5078180296309558e-11,6.3636520233514683e-11,1.2095183280696872e-10,1.6889089879696692e-10,1.5694823634113730e-10
637,5.3535261394553506e-10,5.5506590365126129e-12,9.4646548450555820e-12,2.4374551346523571e-11,6.1836240131931990e-11,1.1752426592988532e-10,1.6410328249792070e-10,1.5249896015770528e-10
638,5.2020746372847728e-10,5.4025724692517635e-12,9.2063091132085283e-12,2.3690662340109043e-11,6.0086890037712881e-11,1.1419383083050364e-10,1.5945138325205639e-10,1.4817581568563506e-10
639,5.0549077051176092e-10,5.2584212247166765e-12,8.9550046454524833e-12,2.3025959542463473e-11,5.8387029138592847e-11,1.1095777493703002e-10,1.5493135379969718e-10,1.4397522722380829e-10
640,4.9119041322702358e-10,5.1181011905380620e-12,8.7105498399416863e-12,2.2379904750362185e-11,5.6735257382952989e-11,1.0781342368185390e-10,1.5053945594244260e-10,1.3989372043893220e-10
641,4.7729461371148783e-10,4.9815109946117495e-12,8.4727582994443432e-12,2.1751974856376435e-11,5.5130214326699483e-11,1.0475817829100426e-10,1.4627205745150916e-10,1.3592791949184235e-10
642,4.6379192700714559e-10,4.8485519334031120e-12,8.2414486902354251e-12,2.1141661425506108e-11,5.3570578012764825e-11,1.0178951363625081e-10,1.4212562906371297e-10,1.3207454424527239e-10
643,4.5067123193438094e-10,4.7191279021141984e-12,8.0164446048071952e-12,2.0548470283684559e-11,5.2055063882308135e-11,9.8904976148073775e-11,1.3809674156261125e-10,1.2833040755078185e-10
644,4.3792172193226360e-10,4.5931453266656108e-12,7.7975744282943869e-12,1.9971921117822760e-11,5.0582423716717528e-11,9.6102181787778376e-11,1.3418206294238706e-10,1.2469241261259782e-10
645,4.2553289615797154e-10,4.4705130974463455e-12,7.5846712085137982e-12,1.9411547087069091e-11,4.9151444609543473e-11,9.3378814077076682e-11,1.3037835565213255e-10,1.2115755042618960e-10
646,4.1349455083801274e-10,4.3511425047860155e-12,7.3775725295206502e-12,1.8866894444970410e-11,4.7760947967515903e-11,9.0732622183509729e-11,1.2668247391825162e-10,1.1772289728945846e-10
647,4.0179677086411886e-10,4.2349471761050533e-12,7.1761203885868488e-12,1.8337522172228686e-11,4.6409788539822958e-11,8.8161419060125814e-11,1.2309136114276635e-10,1.1438561238448314e-10
648,3.9042992162689316e-10,4.1218430146996120e-12,6.9801610765086836e-12,1.7823001619756095e-11,4.5096853474851203e-11,8.5663079637878912e-11,1.1960204737537726e-10,1.1114293542782137e-10
649,3.7938464108048470e-10,4.0117481401189846e-12,6.7895450611540869e-12,1.7322916161739832e-11,4.3821061403610833e-11,8.3235539069252057e-11,1.1621164685718521e-10,1.0799218438742369e-10
650,3.6865183203175271e-10,3.9045828300944567e-12,6.6041268741619791e-12,1.6836860858435997e-11,4.2581361549090769e-11,8.0876791021654773e-11,1.1291735563404361e-10,1.0493075326427113e-10
651,3.5822265464757129e-10,3.8002694639795377e-12,6.4237650007085490e-12,1.6364442128419700e-11,4.1376732860810232e-11,7.8584886019183409e-11,1.0971644923756787e-10,1.0195610993690198e-10
652,3.4808851917410256e-10,3.6987324676625462e-12,6.2483217722576555e-12,1.5905277430026276e-11,4.0206183173853754e-11,7.6357929831374284e-11,1.0660628043188331e-10,9.9065794067044710e-11
653,3.3824107886204217e-10,3.5998982599135385e-12,6.0776632622147338e-12,1.5458994951725874e-11,3.9068748391697202e-11,7.4194081907617815e-11,1.0358427702424826e-10,9.6257415064624726e-11
654,3.2867222309200974e-10,3.5036952001285181e-12,5.9116591844057910e-12,1.5025233311180965e-11,3.7963491692151769e-11,7.2091553855939309e-11,1.0064793973774171e-10,9.3528650110461681e-11
655,3.1937407069442251e-10,3.4100535374348196e-12,5.7501827943051620e-12,1.4603641262743241e-11,3.6889502755771653e-11,7.0048607964889677e-11,9.7794840144255964e-11,9.0877242235021966e-11
656,3.1033896345834961e-10,3.3189053611224973e-12,5.5931107929377648e-12,1.4193877413153305e-11,3.5845897016090331e-11,6.8063555767323793e-11,9.5022618656084724e-11,8.8300998451637218e-11
657,3.0155945982400193e-10,3.2301845523674326e-12,5.4403232333836074e-12,1.3795609945213152e-11,3.4831814931067497e-11,6.6134756644879881e-11,9.2328982574445683e-11,8.5797787942644673e-11
658,2.9302832875366099e-10,3.1438267372127600e-12,5.2917034298142288e-12,1.3408516349207839e-11,3.3846421275146987e-11,6.4260616472006383e-11,8.9711704193323620e-11,8.3365540296949196e-11
659,2.8473854377599988e-10,3.0597692407760702e-12,5.1471378689926462e-12,1.3032283161859103e-11,3.2888904451342205e-11,6.2439586298415410e-11,8.7168618957065467e-11,8.1002243797549013e-11
660,2.7668327719889074e-10,2.9779510426506716e-12,5.0065161241702612e-12,1.2666605712599688e-11,3.1958475822782891e-11,6.0670161068873983e-11,8.4697623670204111e-11,7.8705943757609136e-11
661,2.6885589448593166e-10,2.8983127334700172e-12,4.8697307713159239e-12,1.2311187876963134e-11,3.1054369063172307e-11,5.8950878379275006e-11,8.2296674758029873e-11,7.6474740903705396e-11
662,2.6124994879206276e-10,2.8207964726051908e-12,4.7366773076141386e-12,1.1965741836889489e-11,3.0175839525620128e-11,5.7280317267959515e-11,7.9963786576471361e-11,7.4306789804902908e-11
663,2.5385917565376885e-10,2.7453459469661151e-12,4.6072540721710687e-12,1.1629987847753006e-11,2.9322163629330975e-11,5.5657097041291676e-11,7.7697029769887561e-11,7.2200297346368469e-11
664,2.4667748782949783e-10,2.6719063308778998e-12,4.4813621688686762e-12,1.1303654011923390e-11,2.8492638263643655e-11,5.4079876132515447e-11,7.5494529675413507e-11,7.0153521246255244e-11
665,2.3969897028604234e-10,2.6004242470044878e-12,4.3589053913089101e-12,1.0986476058677287e-11,2.7686580208930145e-11,5.2547350992949976e-11,7.3354464772539119e-11,6.8164768614632444e-11
666,2.3291787532675837e-10,2.5308477282924573e-12,4.2397901497914662e-12,1.0678197130282069e-11,2.6903325573877248e-11,5.1058255014607128e-11,7.1275065176639508e-11,6.6232394553268489e-11
667,2.2632861785760577e-10,2.4631261809085487e-12,4.1239254002701031e-12,1.0378567574078741e-11,2.6142229248687777e-11,4.9611357483340927e-11,6.9254611175210669e-11,6.4354800795109005e-11
668,2.1992577078711326e-10,2.3972103481451596e-12,4.0112225752340612e-12,1.0087344740395786e-11,2.5402664373750532e-11,4.8205462561663266e-11,6.7291431805599651e-11,6.2530434382324787e-11
669,2.1370406055647825e-10,2.3330522752687090e-12,3.9015955164624913e-12,9.8042927861304615e-12,2.4684021823341716e-11,4.6839408300385603e-11,6.5383903473053318e-11,6.0757786381835948e-11
670,2.0765836279612079e-10,2.2706052752864208e-12,3.7949604096012757e-12,9.5291824838385531e-12,2.3985709703932450e-11,4.5512065678269384e-11,6.3530448607942569e-11,5.9035390637250120e-11
671,2.0178369810511333e-10,2.2098238956077087e-12,3.6912357205129449e-12,9.2617910361782276e-12,2.3307152866689158e-11,4.4222337668891843e-11,6.1729534361051379e-11,5.7361822556182080e-11
672,1.9607522795001107e-10,2.1506638855769382e-12,3.5903421333517367e-12,9.0019018955577434e-12,2.2647792433765386e-11,4.2969158333955418e-11,5.9979671335851840e-11,5.5735697931952010e-11
673,1.9052825067970405e-10,2.0930821648549810e-12,3.4922024903171387e-12,8.7493045888411475e-12,2.2007085337994794e-11,4.1751491942291932e-11,5.8279412356716341e-11,5.4155671798687729e-11
674,1.8513819765300986e-10,2.0370367926274965e-12,3.3967417330405277e-12,8.5037945469701273e-12,2.1384503875606334e-11,4.0568332113832953e-11,5.6627351272048612e-11,5.2620437318883802e-11
675,1.7990062947581643e-10,1.9824869376185060e-12,3.3038868455607088e-12,8.2651729393641291e-12,2.0779535271593020e-11,3.9418700987839170e-11,5.5022121791343424e-11,5.1128724702497458e-11
676,1.7481123234467655e-10,1.9293928488883284e-12,3.2135667988453909e-12,8.0332465129647817e-12,2.0191681257376561e-11,3.8301648414700914e-11,5.3462396355213135e-11,4.9679300156687440e-11
677,1.6986581449384211e-10,1.8777158273955141e-12,3.1257124968167697e-12,7.8078274357943665e-12,1.9620457660419784e-11,3.7216251170642258e-11,5.1946885037446729e-11,4.8270964865326698e-11
678,1.6506030274281199e-10,1.8274181983029304e-12,3.0402567238405161e-12,7.5887331449017696e-12,1.9065394005449006e-11,3.6161612194679343e-11,5.0474334478193172e-11,4.6902553997445267e-11
679,1.6039073914154986e-10,1.7784632840086521e-12,2.9571340936385944e-12,7.3757861985728584e-12,1.8526033126957791e-11,3.5136859847202426e-11,4.9043526847386670e-11,4.5572935743782866e-11
680,1.5585327771060898e-10,1.7308153778828277e-12,2.8762809995873630e-12,7.1688141326857188e-12,1.8001930792673040e-11,3.4141147189568691e-11,4.7653278837556796e-11,4.4281010380654536e-11
681,1.5144418127347912e-10,1.6844397186921643e-12,2.7976355663634828e-12,6.9676493210945190e-12,1.7492655337673195e-11,3.3173651284110634e-11,4.6302440685190231e-11,4.3025709360354911e-11
682,1.4715981837854656e-10,1.6393024656941520e-12,2.7211376029011604e-12,6.7721288399290056e-12,1.6997787308857329e-11,3.2233572513981284e-11,4.4989895219834856e-11,4.1805994427348759e-11
683,1.4299666030813151e-10,1.5953706743836100e-12,2.6467285566252300e-12,6.5820943356998603e-12,1.6516919119472123e-11,3.1320133922274156e-11,4.3714556940159729e-11,4.0620856759516813e-11
684,1.3895127817214081e-10,1.5526122728745845e-12,2.5743514689255465e-12,6.3973918971031589e-12,1.6049654713412368e-11,3.0432580569871745e-11,4.2475371116206825e-11,3.9469316133746581e-11
685,1.3502034008394059e-10,1.5109960389010669e-12,2.5039509318390964e-12,6.2178719304202221e-12,1.5595609239018408e-11,2.9570178911491772e-11,4.1271312917092035e-11,3.8350420115177991e-11
686,1.3120060841612395e-10,1.4704915774204254e-12,2.4354730459071209e-12,6.0433890384120244e-12,1.5154408732101832e-11,2.8732216189415484e-11,4.0101386563433920e-11,3.7263243269433153e-11
687,1.2748893713391327e-10,1.4310692988038678e-12,2.3688653791754615e-12,5.8738019026101569e-12,1.4725689807938427e-11,2.7917999844396988e-11,3.8964624503809423e-11,3.6206886397178929e-11
688,1.2388226920400014e-10,1.3927003975986441e-12,2.3040769273071637e-12,5.7089731689091120e-12,1.4309099361974634e-11,2.7126856943266589e-11,3.7860086614555210e-11,3.5180475790388774e-11
689,1.2037763407669003e-10,1.3553568318471034e-12,2.2410580747772374e-12,5.5487693363672864e-12,1.3904294279001053e-11,2.6358133622755217e-11,3.6786859422252948e-11,3.4183162509689192e-11
690,1.1697214523927673e-10,1.3190113029481008e-12,2.1797605571202612e-12,5.3930606491267376e-12,1.3510941150553438e-11,2.5611194549080071e-11,3.5744055348255542e-11,3.3214121682192571e-11
691,1.1366299783863190e-10,1.2836372360466257e-12,2.1201374242023386e-12,5.2417209913642273e-12,1.3128716000308420e-11,2.4885422392844970e-11,3.4730811974629275e-11,3.2272551819236035e-11
692,1.1044746637105204e-10,1.2492087609378837e-12,2.0621430044896513e-12,5.0946277851885520e-12,1.2757304017247796e-11,2.4180217318821384e-11,3.3746291330905071e-11,3.1357674153461691e-11
693,1.0732290243745954e-10,1.2157006934724284e-12,2.0057328702866383e-12,4.9516618914015094e-12,1.2396399296371649e-11,2.3494996490188326e-11,3.2789679201048768e-11,3.0468731994690215e-11
694,1.0428673256210920e-10,1.1830885174492764e-12,1.9508638039175244e-12,4.8127075130422397e-12,1.2045704586746646e-11,2.2829193586821546e-11,3.1860184450077233e-11,2.9604990104054725e-11
695,1.0133645607300372e-10,1.1513483669842871e-12,1.8974937648256635e-12,4.6776521016368333e-12,1.1704931046682126e-11,2.2182258337233758e-11,3.0957038369763523e-11,2.8765734085877530e-11
696,9.8469643042272294e-11,1.1204570093414110e-12,1.8455818575658286e-12,4.5463862660773831e-12,1.1373798005832207e-11,2.1553656063778989e-11,3.0079494042889890e-11,2.7950269796786586e-11
697,9.5683932284816012e-11,1.0903918282147278e-12,1.7950883006652634e-12,4.4188036840567143e-12,1.1052032734028088e-11,2.0942867240745429e-11,2.9226825725522786e-11,2.7157922771583008e-11
698,9.2977029413571665e-11,1.0611308074495218e-12,1.7459743963299616e-12,4.2948010159871285e-12,1.0739370216650052e-11,2.0349387064971187e-11,2.8398328246799089e-11,2.6388037665384731e-11
699,9.0346704949792187e-11,1.0326525151909335e-12,1.6982025009732798e-12,4.1742778213335084e-12,1.0435552936354242e-11,1.9772725038628307e-11,2.7593316425727023e-11,2.5639977711584892e-11
700,8.7790792486787434e-11,1.0049360884490241e-12,1.6517359965446011e-12,4.0571364772930543e-12,1.0140330660974373e-11,1.9212404563830147e-11,2.6811124504519565e-11,2.4913124195176663e-11
701,8.5307186905612733e-11,9.7796121806939000e-13,1.6065392626363755e-12,3.9432820997558672e-12,9.8534602374237165e-12,1.8667962548727047e-11,2.6051105597991552e-11,2.4206875941008780e-11
702,8.2893842641235780e-11,9.5170813409873382e-13,1.5625776493484455e-12,3.8326224664823893e-12,9.5747053914276198e-12,1.8138949024764707e-11,2.5312631158565251e-11,2.3520648816548630e-11
703,8.0548771997753685e-11,9.2615759153507385e-13,1.5198174508891382e-12,3.7250679424355513e-12,9.3038365329215889e-12,1.7624926774788989e-11,2.4595090456441759e-11,2.2853875248741584e-11
704,7.8270043511272540e-11,9.0129085645255321e-13,1.4782258798931612e-12,3.6205314072071909e-12,9.0406305669546781e-12,1.7125470971689695e-11,2.3897890074508452e-11,2.2206003754566821e-11
705,7.6055780359101477e-11,8.7708969249105411e-13,1.4377710424368692e-12,3.5189281844799983e-12,8.7848707099424281e-12,1.6640168827284783e-11,2.3220453417564736e-11,2.1576498484901604e-11
706,7.3904158813950267e-11,8.5353634770109012e-13,1.3984219137320099e-12,3.4201759734679288e-12,8.5363463111180130e-12,1.6168619251154622e-11,2.2562220235460095e-11,2.0964838781316507e-11
707,7.1813406741858144e-11,8.3061354173468607e-13,1.3601483144795572e-12,3.3241947822795684e-12,8.2948526790345398e-12,1.5710432519144537e-11,2.1922646159750144e-11,2.0370518745435114e-11
708,6.9781802142616119e-11,8.0830445337320522e-13,1.3229208878657369e-12,3.2309068631505386e-12,8.0601909129756264e-12,1.5265229951261490e-11,2.1301202253487514e-11,1.9793046820502009e-11
709,6.7807671731480730e-11,7.8659270838331155e-13,1.2867110771828439e-12,3.1402366494925288e-12,7.8321677391353571e-12,1.4832643598698748e-11,2.0697374573775076e-11,1.9231945384812857e-11
710,6.5889389561011334e-11,7.6546236769248655e-13,1.2514911040579067e-12,3.0521106947079897e-12,7.6105953514327249e-12,1.4412315939729864e-11,2.0110663746719908e-11,1.8686750356670461e-11
711,6.4025375681895653e-11,7.4489791587574083e-13,1.2172339472727293e-12,2.9664576127209870e-12,7.3952912568294447e-12,1.4003899584220598e-11,1.9540584554436293e-11,1.8157010810539863e-11
712,6.2214094841660482e-11,7.2488424994538393e-13,1.1839133221592688e-12,2.8832080201760728e-12,7.1860781250237291e-12,1.3607056986514590e-11,1.8986665533756299e-11,1.7642288604085141e-11
713,6.0454055220196180e-11,7.0540666843591635e-13,1.1515036605547551e-12,2.8022944802584061e-12,6.9827836423962310e-12,1.3221460166455442e-11,1.8448448586316059e-11,1.7142158015779378e-11
714,5.8743807201052984e-11,6.8645086077632389e-13,1.1199800913013777e-12,2.7236514480896438e-12,6.7852403700878676e-12,1.2846790438314662e-11,1.7925488599695132e-11,1.6656205392787975e-11
715,5.7081942177497568e-11,6.6800289694225158e-13,1.0893184212757648e-12,2.6472152176554098e-12,6.5932856060926246e-12,1.2482738147401442e-11,1.7417353079295834e-11,1.6184028808834239e-11
716,5.5467091392346270e-11,6.5004921738072810e-13,1.0594951169338976e-12,2.5729238702213987e-12,6.4067612512517682e-12,1.2129002414136527e-11,1.6923621790657869e-11,1.5725237731764085e-11
717,5.3897924810619500e-11,6.3257662320030408e-13,1.0304872863574754e-12,2.5007172241963446e-12,6.2255136790390800e-12,1.1785290885378695e-11,1.6443886411912611e-11,1.5279452700534994e-11
718,5.2373150024088732e-11,6.1557226661965436e-13,1.0022726617881354e-12,2.4305367864012994e-12,6.0493936090298711e-12,1.1451319492798300e-11,1.5977750196089458e-11,1.4846305011362019e-11
719,5.0891511186814067e-11,5.9902364166787289e-13,9.7482958263629448e-13,2.3623257047057599e-12,5.8782559839495786e-12,1.1126812218098178e-11,1.5524827642995116e-11,1.4425436412761261e-11
720,4.9451787980795308e-11,5.8291857512986452e-13,9.4813697895173694e-13,2.2960287219923195e-12,5.7119598502006464e-12,1.0811500864887870e-11,1.5084744180394314e-11,1.4016498809238556e-11
721,4.8052794610884962e-11,5.6724521773041447e-13,9.2217435534342841e-13,2.2315921314125818e-12,5.5503682417693135e-12,1.0505124837022605e-11,1.4657135854228309e-11,1.3619153973378313e-11
722,4.6693378828135115e-11,5.5199203555067641e-13,8.9692177533636675e-13,2.1689637328981210e-12,5.3933480674166868e-12,1.0207430923223859e-11,1.4241649027615056e-11,1.3233073266094356e-11
723,4.5372420980773927e-11,5.3714780167098858e-13,8.7235984615361242e-13,2.1080927908912908e-12,5.2407700010611787e-12,9.9181730878034740e-12,1.3837940088382012e-11,1.2857937364811368e-11
724,4.4088833092029935e-11,5.2270158803408311e-13,8.4846970391196769e-13,2.0489299932616638e-12,5.0925083752620320e-12,9.6371122673183319e-12,1.3445675164889697e-11,1.2493435999352156e-11
725,4.2841557964044900e-11,5.0864275752290961e-13,8.2523299922007756e-13,1.9914274113748601e-12,4.9484410777162023e-12,9.3640161729875937e-12,1.3064529849911048e-11,1.2139267695312209e-11
726,4.1629568307136929e-11,4.9496095624744423e-13,8.0263188316803682e-13,1.9355384612814300e-12,4.8084494506833520e-12,9.0986590987091340e-12,1.2694188932338146e-11,1.1795139524709388e-11
727,4.0451865893696730e-11,4.8164610603499953e-13,7.8064899369787736e-13,1.8812178659943921e-12,4.6724181932561000e-12,8.8408217345165082e-12,1.2334346136494449e-11,1.1460766863702402e-11
728,3.9307480736020259e-11,4.6868839711870160e-13,7.5926744234460297e-13,1.8284216188248779e-12,4.5402352663950781e-12,8.5902909853223177e-12,1.1984703868836922e-11,1.1135873157177755e-11
729,3.8195470287400515e-11,4.5607828101892654e-13,7.3847080133771225e-13,1.7771069477462206e-12,4.4117918006505197e-12,8.3468597947981072e-12,1.1644972971838594e-11,1.0820189690010433e-11
730,3.7114918665820433e-11,4.4380646361263853e-13,7.1824309105343184e-13,1.7272322807576339e-12,4.2869820064944308e-12,8.1103269742452612e-12,1.1314872484847970e-11,1.0513455364809063e-11
731,3.6064935899607579e-11,4.3186389838569283e-13,6.9856876780813412e-13,1.6787572122194491e-12,4.1657030871894576e-12,7.8804970363154702e-12,1.0994129411727532e-11,1.0215416485961844e-11
732,3.5044657194429342e-11,4.2024177986330153e-13,6.7943271198368785e-13,1.6316424701326594e-12,4.0478551541227046e-12,7.6571800334433063e-12,1.0682478495079169e-11,9.9258265498045135e-12
733,3.4053242221024739e-11,4.0893153721398346e-13,6.6082021647572368e-13,1.5858498843362883e-12,3.9333411445347532e-12,7.4401914008573869e-12,1.0379661996869746e-11,9.6444460407368610e-12
734,3.3089874423086518e-11,3.9792482802244040e-13,6.4271697545605438e-13,1.5413423555968388e-12,3.8220667415761423e-12,7.2293518040404036e-12,1.0085429485275512e-11,9.3710422331191239e-12
735,3.2153760344723073e-11,3.8721353222692529e-13,6.2510907344071923e-13,1.4980838255647996e-12,3.7139402966254432e-12,7.0244869905118732e-12,9.7995376275688998e-12,9.1053889987844149e-12
736,3.1244128976946734e-11,3.7678974621677578e-13,6.0798297465535801e-13,1.4560392475738937e-12,3.6088727538049704e-12,6.8254276458111947e-12,9.5217499888765504e-12,8.8472666200079927e-12
737,3.0360231122649750e-11,3.6664577708590983e-13,5.9132551268983765e-13,1.4151745582594343e-12,3.5067775766319360e-12,6.6320092535619170e-12,9.2518368366420680e-12,8.5964616077786441e-12
738,2.9501338779545179e-11,3.5677413703817989e-13,5.7512388043428359e-13,1.3754566499728036e-12,3.4075706767446558e-12,6.4440719595015716e-12,8.9895749506317960e-12,8.3527665252218918e-12
739,2.8666744540564505e-11,3.4716753794059612e-13,5.5936562028887125e-13,1.3368533439697397e-12,3.3111703446450861e-12,6.2614604393647378e-12,8.7347474383264999e-12,8.1159798160289761e-12
740,2.7855761011217897e-11,3.3781888602053051e-13,5.4403861463994540e-13,1.2993333643507138e-12,3.2174971824006641e-12,6.0840237705100753e-12,8.4871435555462607e-12,7.8859056377497037e-12
741,2.7067720243437411e-11,3.2872127670311608e-13,5.2913107659523528e-13,1.2628663127323135e-12,3.1264740382500133e-12,5.9116153071852793e-12,8.2465585321602082e-12,7.6623536998112454e-12
742,2.6301973185436885e-11,3.1986798958515322e-13,5.1463154097112882e-13,1.2274226436291239e-12,3.0380259430586555e-12,5.7440925593268361e-12,8.0127934027370326e-12,7.4451391061289554e-12
743,2.5557889147135210e-11,3.1125248354193389e-13,5.0052885552516121e-13,1.1929736405261795e-12,2.9520800485723938e-12,5.5813170747944273e-12,7.7856548419961087e-12,7.2340822021790052e-12
744,2.4834855280702834e-11,3.0286839196348540e-13,4.8681217242705639e-13,1.1594913926226166e-12,2.8685655674175165e-12,5.4231543249426144e-12,7.5649550049232013e-12,7.0290084264063436e-12
745,2.4132276075803681e-11,2.9470951811682938e-13,4.7347093996184534e-13,1.1269487722277016e-12,2.7874137147983862e-12,5.2694735934352909e-12,7.3505113714185434e-12,6.8297481658450839e-12
746,2.3449572869116614e-11,2.8676983063093968e-13,4.6049489445875170e-13,1.0953194127909378e-12,2.7085576518444167e-12,5.1201478682109270e-12,7.1421465953487350e-12,6.6361366158319018e-12
747,2.2786183367732625e-11,2.7904345910116855e-13,4.4787405243971984e-13,1.0645776875484611e-12,2.6319324305597651e-12,4.9750537365093971e-12,6.9396883578777040e-12,6.4480136436964077e-12
748,2.2141561186035133e-11,2.7152468980999760e-13,4.3559870298161052e-13,1.0346986887684466e-12,2.5574749403303936e-12,4.8340712828735620e-12,6.7429692249553644e-12,6.2652236563157602e-12
749,2.1515175395681924e-11,2.6420796156104921e-13,4.2365940028626512e-13,1.0056582075787150e-12,2.4851238559444572e-12,4.6970839900413544e-12,6.5518265088461308e-12,6.0876154714239513e-12
750,2.0906510088318133e-11,2.5708786162337742e-13,4.1204695645278987e-13,9.7743271436021707e-13,2.4148195870831896e-12,4.5639786426464251e-12,6.3661021335827890e-12,5.9150421925693451e-12
751,2.0315063950660145e-11,2.5015912178313213e-13,4.0075243444656311e-13,9.4999933969051927e-13,2.3465042292406995e-12,4.4346452336477726e-12,6.1856425042344241e-12,5.7473610876170316e-12
752,1.9740349851600308e-11,2.4341661449976956e-13,3.8976714125962406e-13,9.2333585582186518e-13,2.2801215160322481e-12,4.3089768734110158e-12,6.0102983798802790e-12,5.5844334706955058e-12
753,1.9181894440992564e-11,2.3685534916405377e-13,3.7908262125724076e-13,8.9742065867881857e-13,2.2156167728517218e-12,4.1868697013661717e-12,5.8399247501845214e-12,5.4261245874900384e-12
754,1.8639237759788388e-11,2.3047046845516766e-13,3.6869064970559781e-13,8.7223275036091144e-13,2.1529368718401455e-12,4.0682228001689074e-12,5.6743807154698118e-12,5.2723035037878451e-12
755,1.8111932861201995e-11,2.2425724479432019e-13,3.5858322647568296e-13,8.4775172213613813e-13,2.0920301881281310e-12,3.9529381122943471e-12,5.5135293701904939e-12,5.1228429971828835e-12
756,1.7599545442592876e-11,2.1821107689230841e-13,3.4875256991858353e-13,8.2395773791152050e-13,2.0328465573162342e-12,3.8409203589944723e-12,5.3572376897090571e-12,4.9776194518506987e-12
757,1.7101653487762295e-11,2.1232748638855535e-13,3.3919111090753331e-13,8.0083151816736859e-13,1.9753372341581927e-12,3.7320769615521587e-12,5.2053764202821985e-12,4.8365127563062888e-12
758,1.6617846919369311e-11,2.0660211457921296e-13,3.2989148704217918e-13,7.7835432434222449e-13,1.9194548524130145e-12,3.6263179647667405e-12,5.0578199721655266e-12,4.6994062040604142e-12
759,1.6147727261179936e-11,2.0103071923198141e-13,3.2084653701065700e-13,7.5650794365585449e-13,1.8651533858328586e-12,3.5235559626078890e-12,4.9144463157484908e-12,4.5661863970922056e-12
760,1.5690907309871270e-11,1.9560917148535725e-13,3.1204929510518737e-13,7.3527467435799721e-13,1.8123881102545641e-12,3.4237060259763412e-12,4.7751368806336218e-12,4.4367431520582008e-12
761,1.5247010816120331e-11,1.9033345283008339e-13,3.0349298588701852e-13,7.1463731139092744e-13,1.7611155667636144e-12,3.3266856325117775e-12,4.6397764575766527e-12,4.3109694091602569e-12
762,1.4815672174714898e-11,1.8519965217063240e-13,2.9517101899665565e-13,6.9457913245422801e-13,1.7112935259001964e-12,3.2324145983898410e-12,4.5082531032063852e-12,4.1887611435969591e-12
763,1.4396536123431113e-11,1.8020396296461110e-13,2.8707698410542687e-13,6.7508388446048769e-13,1.6628809528778676e-12,3.1408150120519241e-12,4.3804580474455239e-12,4.0700172795252722e-12
764,1.3989257450429876e-11,1.7534268043803026e-13,2.7920464600454373e-13,6.5613577037095962e-13,1.6158379737861942e-12,3.0518111698129442e-12,4.2562856035559030e-12,3.9546396064613012e-12
765,1.3593500709930975e-11,1.7061219887443665e-13,2.7154793982791738e-13,6.3771943640052259e-13,1.5701258427495114e-12,2.9653295132939055e-12,4.1356330807337114e-12,3.8425326980509691e-12
766,1.3208939945930846e-11,1.6600900897595816e-13,2.6410096640509327e-13,6.1981995958158528e-13,1.5257069100147716e-12,2.8812985686275199e-12,4.0184006991824430e-12,3.7336038331434751e-12
767,1.2835258423736349e-11,1.6152969529436251e-13,2.5685798774076729e-13,6.0242283567686696e-13,1.4825445909421811e-12,2.7996488873866414e-12,3.9044915075933021e-12,3.6277629191022280e-12
768,1.2472148369093465e-11,1.5717093373028176e-13,2.4981342261743911e-13,5.8551396743126495e-13,1.4406033358730998e-12,2.7203129891867100e-12,3.7938113029648531e-12,3.5249224172898157e-12
769,1.2119310714696055e-11,1.5292948909880115e-13,2.4296184231785659e-13,5.6907965315330179e-13,1.3998486008503747e-12,2.6432253059147380e-12,3.6862685526955847e-12,3.4249972706653992e-12
770,1.1776454853865920e-11,1.4880221275966044e-13,2.3629796646399101e-13,5.5310657561690376e-13,1.3602468191669984e-12,2.5683221275387729e-12,3.5817743188849543e-12,3.3279048334346391e-12
771,1.1443298401201219e-11,1.4478604031036033e-13,2.2981665896937536e-13,5.3758179127452615e-13,1.3217653737196586e-12,2.4955415494530234e-12,3.4802421847803180e-12,3.2335648026939566e-12
772,1.1119566959996201e-11,1.4087798934051155e-13,2.2351292410172148e-13,5.2249271977289333e-13,1.2843725701444045e-12,2.4248234213151528e-12,3.3815881833089062e-12,3.1418991520126101e-12
773,1.0804993896240613e-11,1.3707515724580905e-13,2.1738190265281686e-13,5.0782713376286214e-13,1.2480376107123074e-12,2.3561092973334332e-12,3.2857307276357464e-12,3.0528320668976375e-12
774,1.0499320119012691e-11,1.3337471910005468e-13,2.1141886821278249e-13,4.9357314899516103e-13,1.2127305689636159e-12,2.2893423879626906e-12,3.1925905436900932e-12,2.9662898820882934e-12
775,1.0202293867084836e-11,1.2977392558369467e-13,2.0561922354585348e-13,4.7971921469398374e-13,1.1784223650595085e-12,2.2244675129691090e-12,3.1020906046045705e-12,2.8822010206281152e-12
776,9.9136705015662168e-12,1.2627010096737698e-13,1.9997849706491973e-13,4.6625410420064489e-13,1.1450847418311497e-12,2.1614310558251006e-12,3.0141560670128001e-12,2.8004959346642246e-12
777,9.6332123044115558e-12,1.2286064114907451e-13,1.9449233940214044e-13,4.5316690587972051e-13,1.1126902415063175e-12,2.1001809193965559e-12,2.9287142091528407e-12,2.7211070479249054e-12
778,9.3606882826300638e-12,1.1954301174335755e-13,1.8915652007301825e-13,4.4044701428031169e-13,1.0812121830944369e-12,2.0406664828858448e-12,2.8456943707252339e-12,2.6439686998278601e-12
779,9.0958739780333504e-12,1.1631474622143545e-13,1.8396692423139049e-13,4.2808412154527445e-13,1.0506246404113907e-12,1.9828385599949870e-12,2.7650278944559273e-12,2.5690170911729447e-12
780,8.8385512823655620e-12,1.1317344410062601e-13,1.7891954951286289e-13,4.1606820906145911e-13,1.0209024207260095e-12,1.9266493582744085e-12,2.6866480693157519e-12,2.4961902313744451e-12
781,8.5885082576634951e-12,1.1011676918194320e-13,1.7401050296428040e-13,4.0438953934420018e-13,9.9202104401065403e-13,1.8720524396236894e-12,2.6104900753494731e-12,2.4254278871892552e-12
782,8.3455389616987255e-12,1.0714244783453178e-13,1.6923599805689237e-13,3.9303864814948377e-13,9.6395672277880033e-13,1.8190026819116608e-12,2.5364909300688077e-12,2.3566715328985497e-12
783,8.1094432783580052e-12,1.0424826732570755e-13,1.6459235178093571e-13,3.8200633680740770e-13,9.3668634249301831e-13,1.7674562416841211e-12,2.4645894363650692e-12,2.2898643019017461e-12
784,7.8800267528221840e-12,1.0143207419539762e-13,1.6007598181941938e-13,3.7128366477072453e-13,9.1018744252721069e-13,1.7173705179283577e-12,2.3947261318983487e-12,2.2249509396827251e-12
785,7.6571004314079436e-12,9.8691772673804195e-14,1.5568340379895514e-13,3.6086194237243626e-13,8.8443819766743275e-13,1.6687041168645259e-12,2.3268432399213976e-12,2.1618777581093923e-12
786,7.4404807059404091e-12,9.6025323141148356e-14,1.5141122861553725e-13,3.5073272378657423e-13,8.5941740013605071e-13,1.6214168177347791e-12,2.2608846214975200e-12,2.1005925910288005e-12
787,7.2299891625284702e-12,9.3430740628379503e-14,1.4725615983323115e-13,3.4088780018646624e-13,8.3510444212444256e-13,1.5754695395618823e-12,2.1967957290729756e-12,2.0410447511210925e-12
788,7.0254524346182428e-12,9.0906093357765464e-14,1.4321499115378657e-13,3.3131919309495003e-13,8.1147929881984469e-13,1.5308243088498313e-12,2.1345235613654823e-12,1.9831849879765829e-12
789,6.8267020602036824e-12,8.8449501322307209e-14,1.3928460395524424e-13,3.2201914792114819e-13,7.8852251191237339e-13,1.4874442281997830e-12,2.0740166195315220e-12,1.9269654473613040e-12
790,6.6335743430766833e-12,8.6059134902949711e-14,1.3546196489765821e-13,3.1298012767857250e-13,7.6621517356863189e-13,1.4452934458153607e-12,2.0152248645761906e-12,1.8723396316373197e-12
791,6.4459102180024451e-12,8.3733213522587744e-14,1.3174412359410644e-13,3.0419480687946924e-13,7.4453891085870499e-13,1.4043371258721293e-12,1.9580996759703642e-12,1.8192623613050829e-12
792,6.2635551197090136e-12,8.1470004335891614e-14,1.2812821034521193e-13,2.9565606560046259e-13,7.2347587062371484e-13,1.3645414197267454e-12,1.9025938114409766e-12,1.7676897376360108e-12
793,6.0863588555831356e-12,7.9267820954003661e-14,1.2461143393544593e-13,2.8735698371469053e-13,7.0300870477147374e-13,1.3258734379420021e-12,1.8486613679011335e-12,1.7175791063643863e-12
794,5.9141754819675317e-12,7.7125022203181497e-14,1.2119107948953002e-13,2.7929083528576240e-13,6.8312055598812558e-13,1.2883012231046295e-12,1.7962577434877569e-12,1.6688890224085459e-12
795,5.7468631839577398e-12,7.5040010916488060e-14,1.1786450638730142e-13,2.7145108311899863e-13,6.6379504385400224e-13,1.2517937234133979e-12,1.7453396006753721e-12,1.6215792155921794e-12
796,5.5842841585995067e-12,7.3011232757652370e-14,1.1462914623544898e-13,2.6383137346554087e-13,6.4501625135226649e-13,1.2163207670156907e-12,1.6958648304355185e-12,1.5756105573373892e-12
797,5.4263045013905312e-12,7.1037175076248370e-14,1.1148250089457160e-13,2.5642553087504378e-13,6.2676871175922324e-13,1.1818530370713336e-12,1.6477925174121551e-12,1.5309450283019552e-12
798,5.2727940959930763e-12,6.9116365793360951e-14,1.0842214056005203e-13,2.4922755319277937e-13,6.0903739590550707e-13,1.1483620475230748e-12,1.6010829060842524e-12,1.4875456869340489e-12
799,5.1236265070666182e-12,6.7247372316931063e-14,1.0544570189528073e-13,2.4223160669710494e-13,5.9180769979764848e-13,1.1158201195536914e-12,1.5556973678875855e-12,1.4453766389183758e-12
800,4.9786788761322706e-12,6.5428800485992522e-14,1.0255088621580377e-13,2.3543202137335438e-13,5.7506543258982961e-13,1.0842003587102579e-12,1.5115983692685479e-12,1.4044030074884845e-12
801,4.8378318203831940e-12,6.3659293543034036e-14,9.9735457723007886e-14,2.2882328632032741e-13,5.5879680489591652e-13,1.0534766326766775e-12,1.4687494406435471e-12,1.3645909045806840e-12
802,4.7009693343576821e-12,6.1937531133740646e-14,9.6997241785993340e-14,2.2240004528565658e-13,5.4298841743214779e-13,1.0236235496761029e-12,1.4271151462383321e-12,1.3259074028057089e-12
803,4.5679786943939043e-12,6.0262228333387515e-14,9.4334123270321879e-14,2.1615709232643582e-13,5.2762724998111911e-13,9.9461643748539390e-13,1.3866610547822923e-12,1.2883205082149542e-12
804,4.4387503657876399e-12,5.8632134699179518e-14,9.1744044912362999e-14,2.1008936759159788e-13,5.1270065066797884e-13,9.6643132304427150e-13,1.3473537110334979e-12,1.2517991338387517e-12
805,4.3131779125765170e-12,5.7046033347847341e-14,8.9225005737996150e-14,2.0419195322262352e-13,4.9819632554000065e-13,9.3904491264231305e-13,1.3091606081109354e-12,1.2163130739748012e-12
806,4.1911579098764663e-12,5.5502740057830215e-14,8.6775059524460677e-14,1.9846006936926450e-13,4.8410232844094933e-13,9.1243457266741671e-13,1.2720501606110494e-12,1.1818329792054952e-12
807,4.0725898586981701e-12,5.4001102395392264e-14,8.4392313304177786e-14,1.9288907031705198e-13,4.7040705117190230e-13,8.8657831089981868e-13,1.2359916784863625e-12,1.1483303321234646e-12
808,3.9573761031733710e-12,5.2539998864037156e-14,8.2074925909400935e-14,1.8747444072345620e-13,4.5709921393042145e-13,8.6145475833620852e-13,1.2009553416645689e-12,1.1157774237452781e-12
809,3.8454217501228430e-12,5.1118338076602405e-14,7.9821106556582286e-14,1.8221179195964775e-13,4.4416785602020180e-13,8.3704315152891617e-13,1.1669121753871092e-12,1.0841473305937831e-12
810,3.7366345908997877e-12,4.9735057949430960e-14,7.7629113469373168e-14,1.7709685855489892e-13,4.3160232682354392e-13,8.1332331542557819e-13,1.1338340262468352e-12,1.0534138924301276e-12
811,3.6309250254442934e-12,4.8389124918033808e-14,7.5497252539205282e-14,1.7212549474074489e-13,4.1939227702921540e-13,7.9027564669509716e-13,1.1016935389049416e-12,1.0235516906170556e-12
812,3.5282059884862890e-12,4.7079533173672533e-14,7.3423876022429134e-14,1.6729367109210676e-13,4.0752765010847803e-13,7.6788109752611492e-13,1.0704641334679158e-12,9.9453602709557206e-13
813,3.4283928778362199e-12,4.5805303920306257e-14,7.1407381273012901e-14,1.6259747126265571e-13,3.9599867403225661e-13,7.4612115988461012e-13,1.0401199835057878e-12,9.6634290395759047e-13
814,3.3314034847043889e-12,4.4565484651361817e-14,6.9446209509833121e-14,1.5803308881177471e-13,3.8479585322263035e-13,7.2497785021760704e-13,1.0106359946935085e-12,9.3894900359767362e-13
815,3.2371579259915637e-12,4.3359148445800298e-14,6.7538844617613757e-14,1.5359682412054755e-13,3.7390996073201761e-13,7.0443369459035529e-13,9.8198778405778893e-13,9.1233166942744029e-13
816,3.1455785784950849e-12,4.2185393282967206e-14,6.5683811980597202e-14,1.4928508139427862e-13,3.6333203064361036e-13,6.8447171424469808e-13,9.5415165981223480e-13,8.8646888713669840e-13
817,3.0565900149762863e-12,4.1043341375727071e-14,6.3879677348054585e-14,1.4509436574911454e-13,3.5305335068680211e-13,6.6507541156668784e-13,9.2710460176410421e-13,8.6133926648579616e-13
818,2.9701189420365748e-12,3.9932138521396195e-14,6.2125045730767533e-14,1.4102128038040904e-13,3.4306545506152480e-13,6.4622875645185706e-13,9.0082424227648176e-13,8.3692202361413834e-13
819,2.8860941397509938e-12,3.8850953470000644e-14,6.0418560327637401e-14,1.3706252381053765e-13,3.3336011746558609e-13,6.2791617305687512e-13,8.7528884777012599e-13,8.1319696385023106e-13
820,2.8044464030095591e-12,3.7798977309398626e-14,5.8758901481600349e-14,1.3321488721393312e-13,3.2392934431926307e-13,6.1012252692663660e-13,8.5047730074968765e-13,7.9014446500903969e-13
821,2.7251084845180493e-12,3.6775422866818790e-14,5.7144785664049504e-14,1.2947525181717477e-13,3.1476536818157327e-13,5.9283311248614855e-13,8.2636908233944111e-13,7.6774546116284319e-13
822,2.6480150394113081e-12,3.5779524126378020e-14,5.5574964486986890e-14,1.2584058637202729e-13,3.0586064135279862e-13,5.7603364088687426e-13,8.0294425531407891e-13,7.4598142687216381e-13
823,2.5731025714334378e-12,3.4810535662153458e-14,5.4048223742149238e-14,1.2230794469938088e-13,2.9720782965799571e-13,5.5971022819749046e-13,7.8018344761053955e-13,7.2483436186372862e-13
824,2.5003093806405582e-12,3.3867732086395166e-14,5.2563382466372140e-14,1.1887446330210458e-13,2.8879980640636928e-13,5.4384938392929768e-13,7.5806783630723048e-13,7.0428677614278887e-13
825,2.4295755125830550e-12,3.2950407512476492e-14,5.1119292032477002e-14,1.1553735904487925e-13,2.8062964652153648e-13,5.2843799988680002e-13,7.3657913205739904e-13,6.8432167552748639e-13
826,2.3608427089254676e-12,3.2057875032190090e-14,4.9714835264985021e-14,1.1229392689913069e-13,2.7269062083784585e-13,5.1346333933424153e-13,7.1569956396377467e-13,6.6492254759329965e-13
827,2.2940543594633416e-12,3.1189466207007697e-14,4.8348925579981053e-14,1.0914153775123676e-13,2.6497619055805337e-13,4.9891302646914059e-13,6.9541186488197474e-13,6.4607334801594753e-13
828,2.2291554554975255e-12,3.0344530572932224e-14,4.7020506148468856e-14,1.0607763627223342e-13,2.5748000186779157e-13,4.8477503619412914e-13,6.7569925714052063e-13,6.2775848730144967e-13
829,2.1660925445275120e-12,2.9522435158580177e-14,4.5728549082576900e-14,1.0309973884729391e-13,2.5019588070239561e-13,4.7103768417863665e-13,6.5654543866565264e-13,6.0996281789237604e-13
830,2.1048136862265049e-12,2.8722564016142273e-14,4.4472054643991871e-14,1.0020543156330436e-13,2.4311782766177536e-13,4.5768961720221090e-13,6.3793456949946885e-13,5.9267162163961144e-13
831,2.0452684096619584e-12,2.7944317764879500e-14,4.3250050474013204e-14,9.7392368252906047e-14,2.3624001306914723e-13,4.4471980377148985e-13,6.1985125870024019e-13,5.7587059762928218e-13
832,1.9874076717263408e-12,2.7187113146820606e-14,4.2061590844639307e-14,9.4658268593419436e-14,2.2955677216955308e-13,4.3211752500307317e-13,6.0228055161406419e-13,5.5954585035477112e-13
833,1.9311838167439039e-12,2.6450382594336349e-14,4.0905755930111524e-14,9.2000916259111018e-14,2.2306260046421493e-13,4.1987236576475572e-13,5.8520791750733561e-13,5.4368387822403900e-13
834,1.8765505372201702e-12,2.5733573809273970e-14,3.9781651098358019e-14,8.9418157125305793e-14,2.1675214917687983e-13,4.0797420606780346e-13,5.6861923754980150e-13,5.2827156239274776e-13
835,1.8234628357018237e-12,2.5036149353344143e-14,3.8688406221794510e-14,8.6907897522891086e-14,2.1062022084842240e-13,3.9641321270315631e-13,5.5250079313826517e-13,5.1329615591395005e-13
836,1.7718769877155835e-12,2.4357586249460562e-14,3.7625175006954015e-14,8.4468102541797653e-14,2.0466176505607654e-13,3.8517983111464589e-13,5.3683925455128125e-13,4.9874527319536773e-13
837,1.7217505057555420e-12,2.3697375593740359e-14,3.6591134342431786e-14,8.2096794382084333e-14,1.9887187425376973e-13,3.7426477750251190e-13,5.2162166992545981e-13,4.8460687975554435e-13
838,1.6730421042892997e-12,2.3055022177881355e-14,3.5585483664645796e-14,7.9792050751290228e-14,1.9324577973013489e-13,3.6365903115069040e-13,5.0683545454426299e-13,4.7086928227039421e-13
839,1.6257116657540777e-12,2.2430044121639531e-14,3.4607444340926709e-14,7.7552003306756572e-14,1.8777884768087034e-13,3.5335382697153268e-13,4.9246838043043354e-13,4.5752111890191840e-13
840,1.5797202075148046e-12,2.1821972515137664e-14,3.3656259069464539e-14,7.5374836141656597e-14,1.8246657539221225e-13,3.4334064826179339e-13,4.7850856623345155e-13,4.4455134990108859e-13
841,1.5350298497569588e-12,2.1230351070742958e-14,3.2731191295651874e-14,7.3258784313506778e-14,1.7730458753237761e-13,3.3361121966390106e-13,4.6494446740365389e-13,4.3194924847712461e-13
842,1.4916037842877243e-12,2.0654735784258683e-14,3.1831524644376611e-14,7.1202132413968111e-14,1.7228863254792197e-13,3.2415750032669270e-13,4.5176486664488998e-13,4.1970439192561628e-13
843,1.4494062442197627e-12,2.0094694605181450e-14,3.0956562367828525e-14,6.9203213178778354e-14,1.6741457916204446e-13,3.1497167725996126e-13,4.3895886463781949e-13,4.0780665300814897e-13
844,1.4084024745126324e-12,1.9549807115782468e-14,3.0105626808396657e-14,6.7260406136689777e-14,1.6267841297195616e-13,3.0604615887732262e-13,4.2651587102617923e-13,3.9624619157630564e-13
845,1.3685587033475957e-12,1.9019664218777434e-14,2.9278058876245500e-14,6.5372136296317598e-14,1.5807623314250863e-13,2.9737356872206661e-13,4.1442559565856408e-13,3.8501344643311578e-13
846,1.3298421143122270e-12,1.8503867833356050e-14,2.8473217541169447e-14,6.3536872869835882e-14,1.5360424919336039e-13,2.8894673937080449e-13,4.0267804007848048e-13,3.7409912742522044e-13
847,1.2922208193719291e-12,1.8002030599348151e-14,2.7690479338335824e-14,6.1753128032486700e-14,1.4925877787703415e-13,2.8075870650987776e-13,3.9126348925563288e-13,3.6349420775921370e-13
848,1.2556638326060771e-12,1.7513775589309440e-14,2.6929237887537298e-14,6.0019455716897918e-14,1.4503624014529412e-13,2.7280270317962856e-13,3.8017250355160574e-13,3.5318991653580384e-13
849,1.2201410446871743e-12,1.7038736028315606e-14,2.6188903425585124e-14,5.8334450441232847e-14,1.4093315820134470e-13,2.6507215418177845e-13,3.6939591091329692e-13,3.4317773149562070e-13
850,1.1856231980819929e-12,1.6576555021259034e-14,2.5468902351484388e-14,5.6696746170222785e-14,1.3694615263542259e-13,2.5756067064529060e-13,3.5892479928764451e-13,3.3344937197066896e-13
851,1.1520818629542727e-12,1.6126885287448035e-14,2.4768676784042379e-14,5.5105015208159352e-14,1.3307193964142302e-13,2.5026204474622616e-13,3.4875050925137668e-13,3.2399679203559725e-13
852,1.1194894137491378e-12,1.5689388902313701e-14,2.4087684131570670e-14,5.3557967122950410e-14,1.2930732831226783e-13,2.4317024457722923e-13,3.3886462684968745e-13,3.1481217385311846e-13
853,1.0878190064399364e-12,1.5263737046034586e-14,2.3425396673350764e-14,5.2054347700367697e-14,1.2564921801178773e-13,2.3627940916240205e-13,3.2925897663791512e-13,3.0588792120807850e-13
854,1.0570445564187738e-12,1.4849609758894770e-14,2.2781301152542176e-14,5.0592937927639111e-14,1.2209459582095414e-13,2.2958384361344852e-13,3.1992561492047135e-13,2.9721665322482375e-13
855,1.0271407170125189e-12,1.4446695703195325e-14,2.2154898380220494e-14,4.9172553005562373e-14,1.1864053405635724e-13,2.2307801442308366e-13,3.1085682318142735e-13,2.8879119826267248e-13
856,9.9808285860659653e-13,1.4054691931544411e-14,2.1545702850241561e-14,4.7792041388339641e-14,1.1528418785888618e-13,2.1675654489181962e-13,3.0204510170132448e-13,2.8060458798444058e-13
857,9.6984704835936689e-13,1.3673303661355628e-14,2.0953242364636216e-14,4.6450283850355560e-14,1.1202279285062614e-13,2.1061421068434704e-13,2.9348316335493093e-13,2.7265005159311546e-13
858,9.4241003049038813e-13,1.3302244055388784e-14,2.0377057669247993e-14,4.5146192579142454e-14,1.0885366285804130e-13,2.0464593551184102e-13,2.8516392758481437e-13,2.6492101023191208e-13
859,9.1574920712632208e-13,1.2941234008171832e-14,1.9816702099334137e-14,4.3878710293798102e-14,1.0577418769956947e-13,1.9884678693662202e-13,2.7708051454574777e-13,2.5741107154307881e-13
860,8.8984261968871385e-13,1.2590001938146819e-14,1.9271741234857783e-14,4.2646809388141837e-14,1.0278183103580565e-13,1.9321197229570466e-13,2.6922623941510371e-13,2.5011402438095339e-13
861,8.6466893080830845e-13,1.2248283585386954e-14,1.8741752565206767e-14,4.1449491097914923e-14,9.9874128280503952e-14,1.8773683473986557e-13,2.6159460686453500e-13,2.4302383367489531e-13
862,8.4020740675101420e-13,1.1915821814736006e-14,1.8226325163081509e-14,4.0285784691350547e-14,9.7048684570677324e-14,1.8241684938495667e-13,2.5417930568836550e-13,2.3613463543784653e-13
863,8.1643790034103641e-13,1.1592366424225148e-14,1.7725059367301612e-14,3.9154746682457535e-14,9.4303172794123538e-14,1.7724761957228262e-13,2.4697420358425347e-13,2.2944073191639248e-13
864,7.9334083436711554e-13,1.1277673958626225e-14,1.7237566474287603e-14,3.8055460066380854e-14,9.1635331672752182e-14,1.7222487323495218e-13,2.3997334208180586e-13,2.2293658687831067e-13
865,7.7089718545820459e-13,1.0971507528004204e-14,1.6763468437980816e-14,3.6987033576219030e-14,8.9042963900134590e-14,1.6734445936720050e-13,2.3317093161495436e-13,2.1661682103371109e-13
866,7.4908846841530347e-13,1.0673636631135201e-14,1.6302397577971004e-14,3.5948600960696697e-14,8.6523934331742711e-14,1.6260234459376340e-13,2.2656134673401492e-13,2.1047620758597957e-13
867,7.2789672098654692e-13,1.0383836983660044e-14,1.5853996295607411e-14,3.4939320282107025e-14,8.4076168226385916e-14,1.5799460983646987e-13,2.2013912145347119e-13,2.0450966790884551e-13
868,7.0730448907300621e-13,1.0101890350846774e-14,1.5417916797875293e-14,3.3958373233955234e-14,8.1697649537397906e-14,1.5351744707529608e-13,2.1389894473163672e-13,1.9871226734599823e-13
869,6.8729481235301857e-13,9.8275843848388904e-15,1.4993820828825698e-14,3.3004964477750472e-14,7.9386419252165773e-14,1.4916715620120567e-13,2.0783565607845458e-13,1.9307921112977753e-13
870,6.6785121031320610e-13,9.5607124662694187e-15,1.4581379408352207e-14,3.2078320998408735e-14,7.7140573778634104e-14,1.4494014195817396e-13,2.0194424128780429e-13,1.8760584041556340e-13
871,6.4895766867467664e-13,9.3010735501240275e-15,1.4180272578113885e-14,3.1177691477744563e-14,7.4958263377454829e-14,1.4083291097186958e-13,1.9621982829078539e-13,1.8228762842858439e-13
872,6.3059862620322879e-13,9.0484720157396168e-15,1.3790189154409222e-14,3.0302345685544059e-14,7.2837690638491579e-14,1.3684206886253704e-13,1.9065768312654890e-13,1.7712017671995839e-13
873,6.1275896189269667e-13,8.8027175208277557e-15,1.3410826487811145e-14,2.9451573887725836e-14,7.0777109000423901e-14,1.3296431743969536e-13,1.8525320602734423e-13,1.7209921152886842e-13
874,5.9542398251087839e-13,8.5636248594153129e-15,1.3041890229378356e-14,2.8624686271110400e-14,6.8774821312231907e-14,1.2919645197633296e-13,1.8000192761454358e-13,1.6722058024786587e-13
875,5.7857941049779106e-13,8.3310138235975384e-15,1.2683094103263329e-14,2.7821012384332013e-14,6.6829178435376600e-14,1.2553535856034674e-13,1.7489950520249898e-13,1.6248024798837586e-13
876,5.6221137220628399e-13,8.1047090690015428e-15,1.2334159685542158e-14,2.7039900594440026e-14,6.4938577885524560e-14,1.2197801152103598e-13,1.6994171920717346e-13,1.5787429424356630e-13
877,5.4630638647532654e-13,7.8845399838609741e-15,1.1994816189096240e-14,2.6280717558749409e-14,6.3101462512698240e-14,1.1852147092852489e-13,1.6512446965657825e-13,1.5339890964581848e-13
878,5.3085135352655699e-13,7.6703405616052142e-15,1.1664800254380417e-14,2.5542847711512724e-14,6.1316319218765074e-14,1.1516288016404616e-13,1.6044377280012836e-13,1.4905039281611900e-13
879,5.1583354417494996e-13,7.4619492768690866e-15,1.1343855745916702e-14,2.4825692764997474e-14,5.9581677711208610e-14,1.1189946355907806e-13,1.5589575781411387e-13,1.4482514730276615e-13
880,5.0124058934471306e-13,7.2592089648315057e-15,1.1031733554357125e-14,2.4128671224564740e-14,5.7896109292155745e-14,1.0872852410138382e-13,1.5147666360056105e-13,1.4071967860685908e-13
881,4.8706046988178040e-13,7.0619667037940041e-15,1.0728191403963480e-14,2.3451217917356157e-14,5.6258225681662328e-14,1.0564744120605733e-13,1.4718283567683711e-13,1.3673059129211001e-13
882,4.7328150665451085e-13,6.8700737009123620e-15,1.0432993665355929e-14,2.2792783534207442e-14,5.4666677874287998e-14,1.0265366854973292e-13,1.4301072315342556e-13,1.3285458617658865e-13
883,4.5989235093443754e-13,6.6833851809970066e-15,1.0145911173386446e-14,2.2152834184417268e-14,5.3120155028018751e-14,9.9744731966169460e-14,1.3895687579737284e-13,1.2908845760407571e-13
884,4.4688197504914691e-13,6.5017602782999473e-15,9.8667210499970198e-15,2.1530850963010800e-14,5.1617383384621803e-14,9.6918227401469455e-14,1.3501794117897775e-13,1.2542909079277012e-13
885,4.3423966329958864e-13,6.3250619312083274e-15,9.5952065319263666e-15,2.0926329530147244e-14,5.0157125220543716e-14,9.4171818927243067e-14,1.3119066189936454e-13,1.2187345925915538e-13
886,4.2195500313433395e-13,6.1531567797667588e-15,9.3311568031326011e-15,2.0338779702330709e-14,4.8738177827487621e-14,9.1503236810075167e-14,1.2747187289664556e-13,1.1841862231489552e-13
887,4.1001787657351567e-13,5.9859150659526657e-15,9.0743668318029611e-15,1.9767725055093121e-14,4.7359372521830043e-14,8.8910275635699942e-14,1.2385849882844667e-13,1.1506172263469027e-13
888,3.9841845187538541e-13,5.8232105366309124e-15,8.8246372118251830e-15,1.9212702536827249e-14,4.6019573682061234e-14,8.6390792486332604e-14,1.2034755152863105e-13,1.1179998389307720e-13
889,3.8714717543862368e-13,5.6649203491159635e-15,8.5817740085985372e-15,1.8673262093457087e-14,4.4717677813456540e-14,8.3942705169651838e-14,1.1693612753611651e-13,1.0863070846822719e-13
890,3.7619476393373418e-13,5.5109249792717164e-15,8.3455886090658840e-15,1.8148966303641300e-14,4.3452612639208138e-14,8.1563990497969364e-14,1.1362140569374456e-13,1.0555127521083324e-13
891,3.6555219665704169e-13,5.3611081320810099e-15,8.1158975758513628e-15,1.7639390024214351e-14,4.2223336217268652e-14,7.9252682616164321e-14,1.1040064481521402e-13,1.0255913727624796e-13
892,3.5521070810099531e-13,5.2153566546186649e-15,7.8925225053914196e-15,1.7144120045577881e-14,4.1028836082179475e-14,7.7006871377000975e-14,1.0727118141815059e-13,9.9651820018076297e-14
893,3.4516178073465823e-13,5.0735604513636410e-15,7.6752898899500313e-15,1.6662754756763235e-14,3.9868128411176645e-14,7.4824700762486044e-14,1.0423042752143715e-13,9.6826918941481524e-14
894,3.3539713798843796e-13,4.9356124017876157e-15,7.4640309834118555e-15,1.6194903819893683e-14,3.8740257213887731e-14,7.2704367349962223e-14,1.0127586850498315e-13,9.4082097714511733e-14
895,3.2590873743727877e-13,4.8014082801590126e-15,7.2585816707500618e-15,1.5740187853782595e-14,3.7644293544952145e-14,7.0644118821669093e-14,9.8405061030163775e-14,9.1415086235802065e-14
896,3.1668876417670164e-13,4.6708466775030489e-15,7.0587823410683041e-15,1.5298238126411190e-14,3.6579334738916550e-14,6.8642252516540198e-14,9.5615631019208155e-14,8.8823678757054224e-14
897,3.0772962438623711e-13,4.5438289256600649e-15,6.8644777641191243e-15,1.4868696256036711e-14,3.5544503666775021e-14,6.6697114023039255e-14,9.2905271691866132e-14,8.6305732058740803e-14
898,2.9902393907494792e-13,4.4202590233858335e-15,6.6755169702036963e-15,1.4451213920688811e-14,3.4538948013541823e-14,6.4807095811872624e-14,9.0271741657729793e-14,8.3859163677525319e-14
899,2.9056453800389180e-13,4.3000435644391590e-15,6.4917531333604371e-15,1.4045452575818782e-14,3.3561839576261574e-14,6.2970635907447716e-14,8.7712863062632042e-14,8.1481950183932108e-14
900,2.8234445378051805e-13,4.1830916676034204e-15,6.3130434577525391e-15,1.3651083179872835e-14,3.2612373581878831e-14,6.1186216596979744e-14,8.5226519787589484e-14,7.9172125508841216e-14
901,2.7435691612013362e-13,4.0693149085902627e-15,6.1392490671669061e-15,1.3267785927567077e-14,3.1689768024405128e-14,5.9452363176179776e-14,8.2810655698799790e-14,7.6927779317424674e-14
902,2.6659534626971239e-13,3.9586272537749155e-15,5.9702348975394354e-15,1.2895249990648055e-14,3.0793263020837565e-14,5.7767642730487216e-14,8.0463272947246438e-14,7.4747055429178757e-14
903,2.5905335158945598e-13,3.8509449957140407e-15,5.8058695924237971e-15,1.2533173265928813e-14,2.9922120185298590e-14,5.6130662950839864e-14,7.8182430316504960e-14,7.2628150282745905e-14
904,2.5172472028764153e-13,3.7461866903982872e-15,5.6460254013232692e-15,1.2181262130396281e-14,2.9075622020881256e-14,5.4540070983002578e-14,7.5966241617383640e-14,7.0569311444256233e-14
905,2.4460341630442153e-13,3.6442730961930281e-15,5.4905780808072411e-15,1.1839231203191584e-14,2.8253071328699326e-14,5.2994552309503553e-14,7.3812874128071596e-14,6.8568836157955196e-14
906,2.3768357434036067e-13,3.5451271144219837e-15,5.3394067983362501e-15,1.1506803114270370e-14,2.7453790633655316e-14,5.1492829663254205e-14,7.1720547078504072e-14,6.6625069937918471e-14
907,2.3095949502561617e-13,3.4486737315496646e-15,5.1923940387214300e-15,1.1183708279555746e-14,2.6677121626453577e-14,5.0033661971954966e-14,6.9687530177691317e-14,6.4736405199689442e-14
908,2.2442564022578165e-13,3.3548399629197197e-15,5.0494255131463170e-15,1.0869684682401572e-14,2.5922424621398900e-14,4.8615843332414281e-14,6.7712142182793488e-14,6.2901279930707366e-14
909,2.1807662848052942e-13,3.2635547980074567e-15,4.9103900706808829e-15,1.0564477661189062e-14,2.5189078029533996e-14,4.7238202013933345e-14,6.5792749508757912e-14,6.1118176398426768e-14
910,2.1190723057129343e-13,3.1747491471458846e-15,4.7751796122196295e-15,1.0267839702884569e-14,2.4476477846681920e-14,4.5899599489932896e-14,6.3927764877369115e-14,5.9385619895059417e-14
911,2.0591236521434277e-13,3.0883557896857454e-15,4.6436890067774075e-15,9.9795302423912628e-15,2.3784037155971855e-14,4.4598929497021609e-14,6.2115646004594067e-14,5.7702177517900831e-14
912,2.0008709487569840e-13,3.0043093235510268e-15,4.5158160100784530e-15,9.6993154675321284e-15,2.3111185644438400e-14,4.3335117120728608e-14,6.0354894325137446e-14,5.6066456984232326e-14
913,1.9442662170444590e-13,2.9225461161525219e-15,4.3914611853758736e-15,9.4269681295061973e-15,2.2457369133296339e-14,4.2107117907144386e-14,5.8644053753151910e-14,5.4477105479818678e-14
914,1.8892628358109527e-13,2.8430042566229526e-15,4.2705278264405783e-15,9.1622673586645115e-15,2.1822049121503928e-14,4.0913916999735916e-14,5.6981709478078425e-14,5.2932808540048964e-14
915,1.8358155027773263e-13,2.7656235093381930e-15,4.1529218826602607e-15,8.9049984854564322e-15,2.1204702342238809e-14,3.9754528300622736e-14,5.5366486794621120e-14,5.1432288962795066e-14
916,1.7838801972680123e-13,2.6903452686900551e-15,4.0385518861906875e-15,8.6549528664012728e-15,2.0604820331921233e-14,3.8627993655620617e-14,5.3797049965888572e-14,4.9974305752088793e-14
917,1.7334141439543929e-13,2.6171125150770248e-15,3.9273288811031526e-15,8.4119277149441895e-15,2.0021909011429648e-14,3.7533382062379393e-14,5.2272101118761868e-14,4.8557653091744028e-14
918,1.6843757776238758e-13,2.5458697720802508e-15,3.8191663544734337e-15,8.1757259370592851e-15,1.9455488279163714e-14,3.6469788900960528e-14,5.0790379170575550e-14,4.7181159348074821e-14
919,1.6367247089456554e-13,2.4765630647929437e-15,3.7139801693591306e-15,7.9461559714666720e-15,1.8905091615619580e-14,3.5436335186218526e-14,4.9350658786223864e-14,4.5843686100884830e-14
920,1.5904216912049637e-13,2.4091398792722103e-15,3.6116884996137007e-15,7.7230316343340563e-15,1.8370265699151729e-14,3.4432166841368174e-14,4.7951749364830057e-14,4.4544127201926437e-14
921,1.5454285879784089e-13,2.3435491230831703e-15,3.5122117664869038e-15,7.5061719683369588e-15,1.7850570032604980e-14,3.3456453992137466e-14,4.6592494055140436e-14,4.3281407860050981e-14
922,1.5017083417237822e-13,2.2797410869060197e-15,3.4154725769627820e-15,7.2954010959552427e-15,1.7345576580509056e-14,3.2508390280922669e-14,4.5271768798829043e-14,4.2054483752293405e-14
923,1.4592249432584574e-13,2.2176674071774696e-15,3.3213956637875814e-15,7.0905480768871245e-15,1.6854869416536919e-14,3.1587192200378794e-14,4.3988481400921749e-14,4.0862340160156097e-14
924,1.4179434021012510e-13,2.1572810297387825e-15,3.2299078271413827e-15,6.8914467694650326e-15,1.6378044380936590e-14,3.0692098445894729e-14,4.2741570626571035e-14,3.9703991130377558e-14
925,1.3778297176533116e-13,2.0985361744633492e-15,3.1409378779084309e-15,6.6979356959610749e-15,1.5914708747654156e-14,2.9822369286417840e-14,4.1530005323434460e-14,3.8578478659491876e-14
926,1.3388508511943028e-13,2.0413883008374856e-15,3.0544165825023925e-15,6.5098579116729224e-15,1.5464480900873946e-14,2.8977285953107990e-14,4.0352783568931001e-14,3.7484871901504527e-14
927,1.3009746986708126e-13,1.9857940744688362e-15,2.9702766092039806e-15,6.3270608776840232e-15,1.5026990020709362e-14,2.8156150045315909e-14,3.9208931841670120e-14,3.6422266398029047e-14
928,1.2641700642545884e-13,1.9317113344974389e-15,2.8884524759695394e-15,6.1493963371950338e-15,1.4601875777785565e-14,2.7358282953394810e-14,3.8097504216368294e-14,3.5389783330248170e-14
929,1.2284066346488007e-13,1.8790990618852070e-15,2.8088804996703093e-15,5.9767201953262490e-15,1.4188788036462397e-14,2.6583025297868280e-14,3.7017581581587181e-14,3.4386568792080447e-14
930,1.1936549541211895e-13,1.8279173485601987e-15,2.7314987467232041e-15,5.8088924022936028e-15,1.3787386566453154e-14,2.5829736384490984e-14,3.5968270879646514e-14,3.3411793083951283e-14
931,1.1598864002435239e-13,1.7781273673927023e-15,2.6562469850750020e-15,5.6457768398635868e-15,1.3397340762601696e-14,2.5097793674751735e-14,3.4948704368083216e-14,3.2464650026584446e-14
932,1.1270731603173915e-13,1.7296913429807690e-15,2.5830666375028799e-15,5.4872412109950433e-15,1.3018329372587029e-14,2.4386592271381394e-14,3.3958038902045798e-14,3.1544356294246230e-14
933,1.0951882084669048e-13,1.6825725232234306e-15,2.5119007361952626e-15,5.3331569325784083e-15,1.2650040232331201e-14,2.3695544418440390e-14,3.2995455237030711e-14,3.0650150766891084e-14
934,1.0642052833794561e-13,1.6367351516604216e-15,2.4426938785779090e-15,5.1833990311854820e-15,1.2292170008892456e-14,2.3024079015572629e-14,3.2060157351384043e-14,2.9781293900672675e-14
935,1.0340988666761858e-13,1.5921444405577872e-15,2.3753921843511463e-15,5.0378460417452123e-15,1.1944423950632000e-14,2.2371641146024412e-14,3.1151371788008081e-14,2.8937067116299938e-14
936,1.0048441618943527e-13,1.5487665447193221e-15,2.3099432537050789e-15,4.8963799090634100e-15,1.1606515644448530e-14,2.1737691618038324e-14,3.0268347014728608e-14,2.8116772204731996e-14
937,9.7641707406429446e-14,1.5065685360043130e-15,2.2462961266805149e-15,4.7588858921065405e-15,1.1278166779880643e-14,2.1121706519242938e-14,2.9410352802793720e-14,2.7319730749720778e-14
938,9.4879418986415455e-14,1.4655183785325906e-15,2.1844012436442198e-15,4.6252524709720623e-15,1.0959106919882748e-14,2.0523176783670213e-14,2.8576679622990343e-14,2.6545283566723289e-14
939,9.2195275833603568e-14,1.4255849045583952e-15,2.1242104068479968e-15,4.4953712564698799e-15,1.0649073278085801e-14,1.9941607771042660e-14,2.7766638058878925e-14,2.5792790157719913e-14
940,8.9587067214769140e-14,1.3867377909950665e-15,2.0656767430418878e-15,4.3691369022416394e-15,1.0347810502359290e-14,1.9376518857982583e-14,2.6979558236661196e-14,2.5061628181487479e-14
941,8.7052644938432791e-14,1.3489475365730464e-15,2.0087546671126363e-15,4.2464470193466606e-15,1.0055070464496289e-14,1.8827443040805563e-14,2.6214789271209340e-14,2.4351192938889260e-14
942,8.4589921585551436e-14,1.3121854396141515e-15,1.9533998467193213e-15,4.1272020932452469e-15,9.7706120558483284e-15,1.8293926549569886e-14,2.5471698727798529e-14,2.3660896872755978e-14
943,8.2196868790263337e-14,1.2764235764055329e-15,1.8995691678988488e-15,4.0113054031121274e-15,9.4942009887417560e-15,1.7775528473063011e-14,2.4749672099097724e-14,2.2990169081944337e-14
944,7.9871515569270785e-14,1.2416347801571842e-15,1.8472207016147355e-15,3.8986629434145935e-15,9.2256096035120503e-15,1.7271820394415041e-14,2.4048112296986111e-14,2.2338454849171070e-14
945,7.7611946698484784e-14,1.2077926205272916e-15,1.7963136712233350e-15,3.7891833476918135e-15,8.9646166809971272e-15,1.6782386037038154e-14,2.3366439158774981e-14,2.1705215182232079e-14
946,7.5416301135594410e-14,1.1748713837001419e-15,1.7468084208323900e-15,3.6827778144735086e-15,8.7110072603352344e-15,1.6306820920599304e-14,2.2704088967426674e-14,2.1089926368227152e-14
947,7.3282770487261822e-14,1.1428460530017125e-15,1.6986663845274424e-15,3.5793600352779842e-15,8.4645724619173467e-15,1.5844732026741894e-14,2.2060513985373845e-14,2.0492079540421600e-14
948,7.1209597519680395e-14,1.1116922900384744e-15,1.6518500564423409e-15,3.4788461246311255e-15,8.2251093153482420e-15,1.5395737474280190e-14,2.1435182001553454e-14,1.9911180257386566e-14
949,6.9195074711269141e-14,1.0813864163453120e-15,1.6063229616507121e-15,3.3811545520496643e-15,7.9924205922745657e-15,1.4959466203597958e-14,2.0827575891280969e-14,1.9346748094069958e-14
950,6.7237542846311663e-14,1.0519053955288622e-15,1.5620496278559024e-15,3.2862060759335697e-15,7.7663146439422083e-15,1.4535557669990588e-14,2.0237193188600759e-14,1.8798316244459765e-14
951,6.5335389648380877e-14,1.0232268158929255e-15,1.5189955578575146e-15,3.1939236793139909e-15,7.5466052433491790e-15,1.4123661545697189e-14,1.9663545670758972e-14,1.8265431135511116e-14
952,6.3487048452424494e-14,9.9532887353296874e-16,1.4771272027732546e-15,3.1042325074046736e-15,7.3331114318639887e-15,1.3723437430376456e-14,1.9106158954455331e-14,1.7747652052017823e-14
953,6.1690996914416976e-14,9.6819035588709144e-16,1.4364119359953983e-15,3.0170598069062274e-15,7.1256573701832110e-15,1.3334554569786983e-14,1.8564572103539959e-14,1.7244550772118101e-14
954,5.9945755757515688e-14,9.4179062573115213e-16,1.3968180278617409e-15,2.9323348670140601e-15,6.9240721935054384e-15,1.2956691582439571e-14,1.8038337247830685e-14,1.6755711213133049e-14
955,5.8249887553688399e-14,9.1610960560609907e-16,1.3583146210214555e-15,2.8499889620821508e-15,6.7281898708024098e-15,1.2589536193995576e-14,1.7527019212735764e-14,1.6280729087444947e-14
956,5.6601995539808329e-14,8.9112776266586210e-16,1.3208717064768127e-15,2.7699552958961971e-15,6.5378490680713318e-15,1.2232784979191835e-14,1.7030195159375551e-14,1.5819211568130738e-14
957,5.5000722467242215e-14,8.6682609393446855e-16,1.2844601002822388e-15,2.6921689475109659e-15,6.3528930154558133e-15,1.1886143111078834e-14,1.6547454234905672e-14,1.5370776964074218e-14
958,5.3444749483983395e-14,8.4318611196137002e-16,1.2490514208827026e-15,2.6165668186079378e-15,6.1731693781259554e-15,1.1549324117364940e-14,1.6078397232752332e-14,1.4935054404288158e-14
959,5.1932795048409542e-14,8.2018983086424007e-16,1.2146180670738999e-15,2.5430875823305970e-15,5.9985301308112425e-15,1.1222049643665242e-14,1.5622636262478976e-14,1.4511683531185346e-14
960,5.0463613873770075e-14,7.9781975274880866e-16,1.1811331965672013e-15,2.4716716335558642e-15,5.8288314358829123e-15,1.0904049223459440e-14,1.5179794429011102e-14,1.4100314202544750e-14
961,4.9035995902534228e-14,7.7605885449556905e-16,1.1485707051427822e-15,2.4022610405613928e-15,5.6639335248853776e-15,1.0595060054568552e-14,1.4749505520954097e-14,1.3700606201926453e-14
962,4.7648765309754728e-14,7.5489057490347539e-16,1.1169052063748143e-15,2.3347994980495320e-15,5.5037005834191217e-15,1.0294826781965814e-14,1.4331413707746224e-14,1.3312228957295744e-14
963,4.6300779534626498e-14,7.3429880218100254e-16,1.0861120119130386e-15,2.2692322814898912e-15,5.3480006392802725e-15,1.0003101286742196e-14,1.3925173245396408e-14,1.2934861267623689e-14
964,4.4990928339442489e-14,7.1426786177521172e-16,1.0561671123054670e-15,2.2055062027434887e-15,5.1967054537647164e-15,9.7196424810521746e-15,1.3530448190563362e-14,1.2568191037238066e-14
965,4.3718132895171736e-14,6.9478250452970762e-16,1.0270471583473785e-15,2.1435695669325222e-15,5.0496904160472122e-15,9.4442161088702598e-15,1.3146912122739717e-14,1.2211915017704940e-14
966,4.2481344892906493e-14,6.7582789516261999e-16,9.9872944294218460e-16,2.0833721305207896e-15,4.9068344405485251e-15,9.1765945523936496e-15,1.2774247874311304e-14,1.1865738557027420e-14
967,4.1279545680446503e-14,6.5738960105598685e-16,9.7119188346012790e-16,2.0248650605707939e-15,4.7680198672060643e-15,8.9165566439309709e-15,1.2412147268268415e-14,1.1529375355954148e-14
968,4.0111745423309395e-14,6.3945358134813559e-16,9.4441300458116825e-16,1.9680008951444943e-15,4.6331323645658488e-15,8.6638874831216773e-15,1.2060310863352109e-14,1.1202547231195958e-14
969,3.8976982289476064e-14,6.2200617632090097e-16,9.1837192160877909e-16,1.9127335048156116e-15,4.5020608356160233e-15,8.4183782593350207e-15,1.1718447706424797e-14,1.0884983885354933e-14
970,3.7874321657199785e-14,6.0503409707372150e-16,8.9304832424174620e-16,1.8590180552622867e-15,4.3746973262843361e-15,8.1798260791018528e-15,1.1386275091860332e-14,1.0576422683375507e-14
971,3.6802855345226234e-14,5.8852441547688440e-16,8.6842246079140860e-16,1.8068109709097673e-15,4.2509369365242372e-15,7.9480337984365779e-15,1.1063518327754610e-14,1.0276608435332747e-14
972,3.5761700864790813e-14,5.7246455439638474e-16,8.4447512283212697e-16,1.7560698995936607e-15,4.1306777339163417e-15,7.7228098599107433e-15,1.0749910508763380e-14,9.9852931853781780e-15
973,3.4750000692776912e-14,5.5684227818307907e-16,8.2118763027310549e-16,1.7067536782150923e-15,4.0138206697141303e-15,7.5039681343435785e-15,1.0445192295379329e-14,9.7022360066685966e-15
974,3.3766921565436555e-14,5.4164568341899902e-16,7.9854181684000655e-16,1.6588222993599443e-15,3.9002694972647012e-15,7.2913277669786727e-15,1.0149111699465982e-14,9.4272028021082490e-15
975,3.2811653792091739e-14,5.2686318991389067e-16,7.7652001595512758e-16,1.6122368788551070e-15,3.7899306927374194e-15,7.0847130280196177e-15,9.8614238758710035e-15,9.1599661107395732e-15
976,3.1883410588251220e-14,5.1248353194523086e-16,7.5510504700520353e-16,1.5669596242354419e-15,3.6827133780951443e-15,6.8839531674011699e-15,9.5818909199466137e-15,8.9003049196224123e-15
977,3.0981427427593395e-14,4.9849574973514684e-16,7.3428020198621246e-16,1.5229538040959022e-15,3.5785292462446098e-15,6.6888822736758247e-15,9.3102816708096269e-15,8.6480044810460715e-15
978,3.0104961412281683e-14,4.8488918115785249e-16,7.1402923251483830e-16,1.4801837183039566e-15,3.4772924883043041e-15,6.4993391368992305e-15,9.0463715201784356e-15,8.4028561349230673e-15
979,2.9253290661093676e-14,4.7165345367137764e-16,6.9433633719653845e-16,1.4386146690481786e-15,3.3789197229299451e-15,6.3151671154011265e-15,8.7899422266288556e-15,8.1646571362176543e-15
980,2.8425713714860130e-14,4.5877847646753925e-16,6.7518614934043669e-16,1.3982129326995240e-15,3.2833299276393354e-15,6.1362140063316521e-15,8.5407817351152048e-15,7.9332104872664409e-15
981,2.7621548958724165e-14,4.4625443283426521e-16,6.5656372501152692e-16,1.3589457324624888e-15,3.1904443720800485e-15,5.9623319198760964e-15,8.2986840016073785e-15,7.7083247748523636e-15
982,2.6840134060744735e-14,4.3407177272453791e-16,6.3845453141093642e-16,1.3207812117939805e-15,3.1001865531849725e-15,5.7933771570340991e-15,8.0634488226989013e-15,7.4898140118973053e-15
983,2.6080825426382037e-14,4.2222120552638289e-16,6.2084443557525092e-16,1.2836884085683492e-15,3.0124821321623017e-15,5.6292100908623076e-15,7.8348816700450169e-15,7.2774974836424257e-15
984,2.5342997668415592e-14,4.1069369302847463e-16,6.0371969338614987e-16,1.2476372299676354e-15,2.9272588732680910e-15,5.4696950510823312e-15,7.6127935294939400e-15,7.0711995981889681e-15
985,2.4626043091858319e-14,3.9948044257607874e-16,5.8706693888183942e-16,1.2125984280766821e-15,2.8444465843109313e-15,5.3147002119586384e-15,7.3970007447782070e-15,6.8707497412759406e-15
986,2.3929371193442434e-14,3.8857290041219278e-16,5.7087317386200323e-16,1.1785435761633255e-15,2.7639770588397593e-15,5.1640974833537421e-15,7.1873248656368444e-15,6.6759821351745675e-15
987,2.3252408175264917e-14,3.7796274519888508e-16,5.5512575777822255e-16,1.1454450456244292e-15,2.6857840199671653e-15,5.0177624048706016e-15,6.9835925002428215e-15,6.4867357015827935e-15
988,2.2594596472191988e-14,3.6764188171396746e-16,5.3981239790203059e-16,1.1132759835790867e-15,2.6098030657819526e-15,4.8755740429948092e-15,6.7856351718136571e-15,6.3028539284064816e-15
989,2.1955394292633265e-14,3.5760243471826512e-16,5.2492113976298620e-16,1.0820102910908066e-15,2.5359716163059700e-15,4.7374148911514937e-15,6.5932891792866730e-15,6.1241847403170684e-15
990,2.1334275172307548e-14,3.4783674298887953e-16,5.1044035784935977e-16,1.0516226020010469e-15,2.4642288619515449e-15,4.6031707725943995e-15,6.4063954619436406e-15,5.9505803729786801e-15
991,2.0730727540632520e-14,3.3833735351396007e-16,4.9635874656422447e-16,1.0220882623569213e-15,2.3945157134370529e-15,4.4727307460468471e-15,6.2247994678728711e-15,5.7818972508406434e-15
992,2.0144254299381278e-14,3.2909701584462169e-16,4.8266531142994585e-16,9.9338331041641066e-16,2.3267747531193809e-15,4.3459870140166091e-15,6.0483510261599714e-15,5.6179958683943377e-15
993,1.9574372413258774e-14,3.2010867659976750e-16,4.6934936053425698e-16,9.6548445721486351e-16,2.2609501877031949e-15,4.2228348337089202e-15,5.8769042227015841e-15,5.4587406747961859e-15
994,1.9020612512060797e-14,3.1136547411968102e-16,4.5640049621128575e-16,9.3836906767703426e-16,2.1969878022880696e-15,4.1031724304640075e-15,5.7103172795393799e-15,5.3039999617613412e-15
995,1.8482518504087945e-14,3.0286073326437483e-16,4.4380860695109141e-16,9.1201514225934365e-16,2.1348349157156183e-15,3.9869009136475950e-15,5.5484524376145485e-15,5.1536457546353715e-15
996,1.7959647200496068e-14,2.9458796035278056e-16,4.3156385953143827e-16,8.8640129910747955e-16,2.0744403371798631e-15,3.8739241949248599e-15,5.3911758428458048e-15,5.0075537065538398e-15
997,1.7451567950273941e-14,2.8654083823897774e-16,4.1965669136570840e-16,8.6150675671487343e-16,2.0157543240650974e-15,3.7641489088503216e-15,5.2383574354367140e-15,4.8656029956022482e-15
998,1.6957862285547369e-14,2.7871322152175825e-16,4.0807780306102221e-16,8.3731131706799152e-16,1.9587285409765124e-15,3.6574843357080236e-15,5.0898708423207766e-15,4.7276762248912841e-15
999,1.6478123576917671e-14,2.7109913188392267e-16,3.9681815118079850e-16,8.1379534926477777e-16,1.9033160199298555e-15,3.5538423265382241e-15,4.9455932726553470e-15,4.5936593254647439e-15
1000,1.6011956698550671e-14,2.6369275355780503e-16,3.8586894120614258e-16,7.9093977359296583e-16,1.8494711216673213e-15,3.4531372302886754e-15,4.8054054162779532e-15,4.4634414619598093e-15
1001,1.5558977702740329e-14,2.5648842891361186e-16,3.7522162069060696e-16,7.6872604605535270e-16,1.7971494980678190e-15,3.3552858230302334e-15,4.6691913450410375e-15,4.3369149409416668e-15
1002,1.5118813503678965e-14,2.4948065416725929e-16,3.6486787260301719e-16,7.4713614332948769e-16,1.7463080556206568e-15,3.2602072391783516e-15,4.5368384169435348e-15,4.2139751218366559e-15
1003,1.4691101570173657e-14,2.4266407520447609e-16,3.5479960885319976e-16,7.2615254814958121e-16,1.6969049199325517e-15,3.1678229046635734e-15,4.4082371829799952e-15,4.0945203303902787e-15
1004,1.4275489627055712e-14,2.3603348351803148e-16,3.4500896399559454e-16,7.0575823509878469e-16,1.6488994012387462e-15,3.0780564719958224e-15,4.2832812966302294e-15,3.9784517745785024e-15
1005,1.3871635365037256e-14,2.2958381225502958e-16,3.3548828910586681e-16,6.8593665680032018e-16,1.6022519608898095e-15,2.9908337571688092e-15,4.1618674259146199e-15,3.8656734629028004e-15
1006,1.3479206158776001e-14,2.2331013237129434e-16,3.2623014582577200e-16,6.6667173049626365e-16,1.5569241787865321e-15,2.9060826783524127e-15,4.0438951679423622e-15,3.7560921250013626e-15
1007,1.3097878792915986e-14,2.1720764888995042e-16,3.1722730057165424e-16,6.4794782500310190e-16,1.5128787217360887e-15,2.8237331963223782e-15,3.9292669658819921e-15,3.6496171345108187e-15
1008,1.2727339195878621e-14,2.1127169726138306e-16,3.0847271890208564e-16,6.2974974803348629e-16,1.4700793127034077e-15,2.7437172565780843e-15,3.8178880282855068e-15,3.5461604341146665e-15
1009,1.2367282181184810e-14,2.0549773982183532e-16,2.9995956004028065e-16,6.1206273387390395e-16,1.4284907009324162e-15,2.6659687331005587e-15,3.7096662506993860e-15,3.4456364627164287e-15
1010,1.2017411196095067e-14,1.9988136234797561e-16,2.9168117154703337e-16,5.9487243140827547e-16,1.3880786329125627e-15,2.5904233737042484e-15,3.6045121394976718e-15,3.3479620846772988e-15
1011,1.1677438077360621e-14,1.9441827070484074e-16,2.8363108414004807e-16,5.7816489247776913e-16,1.3488098241666932e-15,2.5170187469373933e-15,3.5023387378741274e-15,3.2530565210597501e-15
1012,1.1347082813884356e-14,1.8910428758462858e-16,2.7580300665564230e-16,5.6192656056739399e-16,1.3106519318370533e-15,2.4456941904871111e-15,3.4030615539322715e-15,3.1608412828202547e-15
1013,1.1026073316096030e-14,1.8393534933388399e-16,2.6819082114891509e-16,5.4614425981019776e-16,1.2735735280468298e-15,2.3763907610465512e-15,3.3065984908138122e-15,3.0712401058958393e-15
1014,1.0714145191851946e-14,1.7890750286668660e-16,2.6078857812857749e-16,5.3080518430015615e-16,1.2375440740152993e-15,2.3090511856027044e-15,3.2128697788077106e-15,2.9841788881308119e-15
1015,1.0411041528674376e-14,1.7401690266151457e-16,2.5359049192274921e-16,5.1589688770508631e-16,1.2025338949052573e-15,2.2436198141045766e-15,3.1217979093837170e-15,2.8995856279914764e-15
1016,1.0116512682151481e-14,1.6925980783952092e-16,2.4659093617212474e-16,5.0140727317116374e-16,1.1685141553820179e-15,2.1800425734726499e-15,3.0333075710958394e-15,2.8173903650181645e-15
1017,9.8303160703233721e-15,1.6463257932201934e-16,2.3978443944701202e-16,4.8732458351085638e-16,1.1354568358638462e-15,2.1182669229115864e-15,2.9473255873027301e-15,2.7375251219653225e-15
1018,9.5522159738850370e-15,1.6013167706503765e-16,2.3316568098484254e-16,4.7363739166632087e-16,1.1033347094442718e-15,2.0582418104892714e-15,2.8637808556534841e-15,2.6599238485818097e-15
1019,9.2819833420415109e-15,1.5575365736885264e-16,2.2672948654484399e-16,4.6033459144052706e-16,1.0721213194672679e-15,1.9999176309462939e-15,2.7826042892888193e-15,2.5845223669849050e-15
1020,9.0193956038554036e-15,1.5149517026047835e-16,2.2047082437665928e-16,4.4740538848859738e-16,1.0417909577368304e-15,1.9432461847010005e-15,2.7037287597089921e-15,2.5112583185828457e-15
1021,8.7642364849314532e-15,1.4735295694713335e-16,2.1438480129978192e-16,4.3483929156205366e-16,1.0123186433430100e-15,1.8881806380162512e-15,2.6270890412612226e-15,2.4400711125020002e-15
1022,8.5162958292870361e-15,1.4332384733876605e-16,2.0846665889076535e-16,4.2262610399887500e-16,9.8368010208695502e-16,1.8346754842949415e-15,2.5526217572007091e-15,2.3709018754760255e-15
1023,8.2753694262620137e-15,1.3940475763776959e-16,2.0271176977524586e-16,4.1075591545246413e-16,9.5585174648802342e-16,1.7826865064723241e-15,2.4802653272806292e-15,2.3036934031555564e-15
1024,8.0412588423252530e-15,1.3559268799406769e-16,1.9711563402190071e-16,3.9921909385281680e-16,9.2881065635649058e-16,1.7321707404740277e-15,2.4099599168277862e-15,2.2383901127981642e-15
1025,7.8137712576394155e-15,1.3188472022380181e-16,1.9167387563554240e-16,3.8800627759337574e-16,9.0253455991586055e-16,1.6830864397095924e-15,2.3416473872617875e-15,2.1749379972994548e-15
1026,7.5927193072492674e-15,1.2827801558989879e-16,1.8638223914662548e-16,3.7710836793723343e-16,8.7700181545922445e-16,1.6353930405721671e-15,2.2752712480168307e-15,2.1132845805272867e-15
1027,7.3779209267628332e-15,1.2476981264284310e-16,1.8123658629451891e-16,3.6651652163652688e-16,8.5219139352456317e-16,1.5890511289158584e-15,2.2107766098263522e-15,2.0533788739221699e-15
1028,7.1691992023982113e-15,1.2135742512002443e-16,1.7623289280196726e-16,3.5622214375903882e-16,8.2808285957431105e-16,1.5440224074830294e-15,2.1481101393318881e-15,1.9951713343279522e-15
1029,6.9663822252725741e-15,1.1803823990207459e-16,1.7136724523823746e-16,3.4621688071618966e-16,8.0465635716491596e-16,1.5002696642546265e-15,2.0872200149786187e-15,1.9386138230179107e-15
1030,6.7693029498133390e-15,1.1480971502465081e-16,1.6663583796851383e-16,3.3649261348676589e-16,7.8189259159253188e-16,1.4577567416973763e-15,2.0280558841611281e-15,1.8836595658823721e-15
1031,6.5777990561749057e-15,1.1166937774416427e-16,1.6203497018717331e-16,3.2704145103089085e-16,7.5977281400137763e-16,1.4164485068824458e-15,1.9705688215839300e-15,1.8302631147449247e-15
1032,6.3917128165476135e-15,1.0861482265599300e-16,1.5756104303263560e-16,3.1785572388889630e-16,7.3827880594166953e-16,1.3763108224508578e-15,1.9147112888023278e-15,1.7783803097752333e-15
1033,6.2108909652488320e-15,1.0564370986375778e-16,1.5321055678154875e-16,3.0892797795990615e-16,7.1739286436441150e-16,1.3373105184016758e-15,1.8604370949101610e-15,1.7279682429673714e-15
1034,6.0351845724891894e-15,1.0275376319827863e-16,1.4898010812012929e-16,3.0025096845508516e-16,6.9709778704068173e-16,1.2994153646796443e-15,1.8077013583419062e-15,1.6789852226534642e-15
1035,5.8644489217099391e-15,9.9942768484865955e-17,1.4486638749053802e-16,2.9181765402065088e-16,6.7737685839341135e-16,1.2625940445396187e-15,1.7564604697575646e-15,1.6313907390232888e-15
1036,5.6985433903904797e-15,9.7208571857637434e-17,1.4086617651023043e-16,2.8362119102588274e-16,6.5821383572997974e-16,1.2268161286657871e-15,1.7066720559796351e-15,1.5851454306213267e-15
1037,5.5373313342278252e-15,9.4549078119586895e-17,1.3697634546227580e-16,2.7565492801149638e-16,6.3959293586429205e-16,1.1920520500242829e-15,1.6582949449523452e-15,1.5402110517935461e-15
1038,5.3806799745926390e-15,9.1962249147165824e-17,1.3319385085469637e-16,2.6791240029388067e-16,6.2149882211731801e-16,1.1582730794284123e-15,1.6112891316941681e-15,1.4965504410569982e-15
1039,5.2284602891691572e-15,8.9446102338171684e-17,1.2951573304692906e-16,2.6038732472082367e-16,6.0391659168538730e-16,1.1254513017963035e-15,1.5656157452154700e-15,1.4541274903660722e-15
1040,5.0805469056888924e-15,8.6998709101769897e-17,1.2593911394156646e-16,2.5307359457447288e-16,5.8683176336583449e-16,1.0935595930813477e-15,1.5212370163739255e-15,1.4129071152499763e-15
1041,4.9368179986706392e-15,8.4618193389507859e-17,1.2246119473958287e-16,2.4596527461739772e-16,5.7023026562988763e-16,1.0625715978563799e-15,1.4781162466411197e-15,1.3728552257967634e-15
1042,4.7971551890816848e-15,8.2302730266210409e-17,1.1907925375730112e-16,2.3905659627773635e-16,5.5409842503297474e-16,1.0324617075330599e-15,1.4362177777545097e-15,1.3339386984598926e-15
1043,4.6614434468376353e-15,8.0050544519676118e-17,1.1579064430340383e-16,2.3234195296952295e-16,5.3842295495290327e-16,1.0032050391984669e-15,1.3955069622296475e-15,1.2961253486640142e-15
1044,4.5295709960605010e-15,7.7859909308122987e-17,1.1259279261433862e-16,2.2581589554439965e-16,5.2319094464663750e-16,9.7477741505140583e-16,1.3559501347082773e-15,1.2593839041873193e-15
1045,4.4014292230170565e-15,7.5729144844360658e-17,1.0948319584651343e-16,2.1947312787102542e-16,5.0838984861665952e-16,9.4715534242143798e-16,1.3175145841186159e-15,1.2236839792984440e-15
1046,4.2769125866616123e-15,7.3656617115693557e-17,1.0645942012372031e-16,2.1330850253859675e-16,4.9400747627815620e-16,9.2031599435412138e-16,1.2801685266247915e-15,1.1889960496265323e-15
1047,4.1559185317095422e-15,7.1640736638587009e-17,1.0351909863827099e-16,2.0731701668099630e-16,4.8003198191852330e-16,8.9423719074641548e-16,1.2438810793430698e-15,1.1552914277436794e-15
1048,4.0383474041699711e-15,6.9679957247153675e-17,1.0065992980436721e-16,2.0149380791818222e-16,4.6645185494091390e-16,8.6889738001665912e-16,1.2086222348031357e-15,1.1225422394395592e-15
1049,3.9241023692680353e-15,6.7772774914543926e-17,9.7879675462270749e-17,1.9583415041152772e-16,4.5325591038379852e-16,8.4427562129397464e-16,1.1743628361333067e-15,1.0907214006686127e-15
1050,3.8130893316891286e-15,6.5917726606348004e-17,9.5176159131876929e-17,1.9033345102991145e-16,4.4043327970872676e-16,8.2035156711237842e-16,1.1410745529491563e-15,1.0598025951507303e-15
1051,3.7052168580794523e-15,6.4113389165142281e-17,9.2547264314333559e-17,1.8498724562344962e-16,4.2797340184870392e-16,7.9710544659529515e-16,1.1087298579256167e-15,1.0297602526069115e-15
1052,3.6003961017390168e-15,6.2358378225335293e-17,8.9990932840385075e-17,1.7979119540184758e-16,4.1586601450980930e-16,7.7451804911657988e-16,1.0773020040331733e-15,1.0005695276118866e-15
1053,3.4985407294450838e-15,6.0651347157492003e-17,8.7505163264157158e-17,1.7474108341443492e-16,4.0410114571889160e-16,7.5257070842454517e-16,1.0467650024193346e-15,9.7220627904622827e-16
1054,3.3995668503457813e-15,5.8990986041337076e-17,8.5088009301133463e-17,1.6983281112902776e-16,3.9266910561038181e-16,7.3124528721586893e-16,1.0170936009170885e-15,9.4464705013094363e-16
1055,3.3033929468653189e-15,5.7376020666659556e-17,8.2737578309108925e-17,1.6506239510684529e-16,3.8156047844545600e-16,7.1052416214664257e-16,9.8826326316256330e-16,9.1786904902804294e-16
1056,3.2099398075638941e-15,5.5805211561362364e-17,8.0452029810939091e-17,1.6042596377078319e-16,3.7076611485697707e-16,6.9039020926816183e-16,9.6025014830463077e-16,8.9185012999103979e-16
1057,3.1191304618970059e-15,5.4277353045920373e-17,7.8229574057935805e-17,1.5591975426442300e-16,3.6027712431382762e-16,6.7082678987543421e-16,9.3303109128967231e-16,8.6656877504979233e-16
1058,3.0308901168204139e-15,5.2791272313531034e-17,7.6068470632792566e-17,1.5154010939923048e-16,3.5008486779842694e-16,6.5181773675669800e-16,9.0658358370519919e-16,8.4200407621453551e-16
1059,2.9451460951885615e-15,5.1345828535260633e-17,7.3967027090952265e-17,1.4728347468746678e-16,3.4018095069140139e-16,6.3334734083259862e-16,8.8088575516648947e-16,8.1813571818439245e-16
1060,2.8618277758957032e-15,4.9939911989508302e-17,7.1923597639360955e-17,1.4314639545840638e-16,3.3055721585754771e-16,6.1540033817397223e-16,8.5591635523084928e-16,7.9494396154605825e-16
1061,2.7808665357104406e-15,4.8572443215128126e-17,6.9936581851579381e-17,1.3912551405552255e-16,3.2120573692739493e-16,5.9796189738751288e-16,8.3165473582453808e-16,7.7240962644876448e-16
1062,2.7021956927557676e-15,4.7242372187567598e-17,6.8004423418253187e-17,1.3521756711236795e-16,3.1211881176883125e-16,5.8101760735889661e-16,8.0808083416783078e-16,7.5051407674202033e-16
1063,2.6257504515880638e-15,4.5948677517398078e-17,6.6125608931969186e-17,1.3141938290494019e-16,3.0328895614341852e-16,5.6455346534323342e-16,7.8517515618409004e-16,7.2923920456301409e-16
1064,2.5514678498298049e-15,4.4690365670629774e-17,6.4298666705552577e-17,1.2772787877838597e-16,2.9470889754217035e-16,5.4855586539300384e-16,7.6291876037913691e-16,7.0856741536092572e-16
1065,2.4792867063120428e-15,4.3466470210220191e-17,6.2522165622885552e-17,1.2414005864595587e-16,2.8637156919571600e-16,5.3301158711391714e-16,7.4129324217758019e-16,6.8848161334576785e-16
1066,2.4091475706839268e-15,4.2276051058201169e-17,6.0794714021353126e-17,1.2065301055818210e-16,2.7827010425391731e-16,5.1790778473940076e-16,7.2028071870315607e-16,6.6896518734971636e-16
1067,2.3409926744477837e-15,4.1118193777864732e-17,5.9114958605046373e-17,1.1726390434030720e-16,2.7039783013014397e-16,5.0323197651468673e-16,6.9986381399049164e-16,6.5000199708924303e-16
1068,2.2747658833794123e-15,3.9992008875463864e-17,5.7481583387877541e-17,1.1396998929604810e-16,2.6274826300555043e-16,4.8897203438172836e-16,6.8002564461606073e-16,6.3157635981668319e-16
1069,2.2104126512944098e-15,3.8896631120898319e-17,5.5893308665784541e-17,1.1076859197583229e-16,2.5531510248882615e-16,4.7511617395641592e-16,6.6074980573645162e-16,6.1367303735020105e-16
1070,2.1478799751224562e-15,3.7831218886870411e-17,5.4348890017224643e-17,1.0765711400769730e-16,2.4809222642702211e-16,4.6165294478981391e-16,6.4202035752239987e-16,5.9627722347142758e-16
1071,2.0871163512525397e-15,3.6794953506009486e-17,5.2847117331179569e-17,1.0463302998909300e-16,2.4107368586317980e-16,4.4857122090536737e-16,6.2382181197736606e-16,5.7937453168034468e-16
1072,2.0280717331131906e-15,3.5787038645477324e-17,5.1386813861915569e-17,1.0169388543787756e-16,2.3425370013660796e-16,4.3586019160425979e-16,6.0613912012976238e-16,5.6295098329728991e-16
1073,1.9706974899527582e-15,3.4806699698580064e-17,4.9966835309762373e-17,9.8837294800845027e-17,2.2762665212177401e-16,4.2350935253132164e-16,5.8895765958823052e-16,5.4699299590224447e-16
1074,1.9149463667858083e-15,3.3853183192925063e-17,4.8586068927195776e-17,9.6060939518169336e-17,2.2118708360188630e-16,4.1150849699410782e-16,5.7226322244968592e-16,5.3148737210183810e-16
1075,1.8607724454726302e-15,3.2925756214673421e-17,4.7243432649527638e-17,9.3362566142194672e-17,2.1492969077335898e-16,3.9984770752796936e-16,5.5604200355012138e-16,5.1642128861478449e-16
1076,1.8081311068998096e-15,3.2023705848451359e-17,4.5937874249526756e-17,9.0739984509046658e-17,2.0884931987745493e-16,3.8851734770014795e-16,5.4028058904846214e-16,5.0178228566671972e-16
1077,1.7569789942307153e-15,3.1146338632495277e-17,4.4668370515312285e-17,8.8191065961581374e-17,2.0294096295551005e-16,3.7750805414612064e-16,5.2496594533402389e-16,4.8755825668567190e-16
1078,1.7072739771956305e-15,3.0292980028616879e-17,4.3433926450879682e-17,8.5713741622230534e-17,1.9719975372424278e-16,3.6681072883161358e-16,5.1008540824840754e-16,4.7373743828963976e-16
1079,1.6589751173921186e-15,2.9462973906586064e-17,4.2233574498636476e-17,8.3306000714342353e-17,1.9162096356775054e-16,3.5641653153388921e-16,4.9562667261291157e-16,4.6030840055800231e-16
1080,1.6120426345670404e-15,2.8655682042539981e-17,4.1066373783342766e-17,8.0965888930656457e-17,1.8619999764289347e-16,3.4631687253609319e-16,4.8157778205280573e-16,4.4726003757870858e-16
1081,1.5664378738524589e-15,2.7870483631037455e-17,3.9931409376867328e-17,7.8691506847589206e-17,1.8093239109485675e-16,3.3650340552862425e-16,4.6792711911004945e-16,4.3458155826343441e-16
1082,1.5221232739284407e-15,2.7106774810388197e-17,3.8827791583187031e-17,7.6481008384043781e-17,1.7581380537977477e-16,3.2696802071166079e-16,4.5466339563627899e-16,4.2226247742310724e-16
1083,1.4790623360865299e-15,2.6363968200896328e-17,3.7754655243072454e-17,7.4332599303494349e-17,1.7084002469138867e-16,3.1770283809314116e-16,4.4177564345811752e-16,4.1029260709641933e-16
1084,1.4372195941684219e-15,2.5641492455667405e-17,3.6711159057918392e-17,7.2244535758130090e-17,1.6600695248879370e-16,3.0870020097666367e-16,4.2925320530709151e-16,3.9866204812415713e-16
1085,1.3965605853550709e-15,2.4938791823637818e-17,3.5696484932192331e-17,7.0215122873877323e-17,1.6131060812241682e-16,2.9995266963392006e-16,4.1708572600664856e-16,3.8736118196237816e-16
1086,1.3570518217821779e-15,2.4255325724494477e-17,3.4709837333988949e-17,6.8242713375152778e-17,1.5674712355544556e-16,2.9145301515643544e-16,4.0526314390899425e-16,3.7638066272766629e-16
1087,1.3186607629586718e-15,2.3590568335161905e-17,3.3750442673192292e-17,6.6325706248232218e-17,1.5231274017800782e-16,2.8319421348153368e-16,3.9377568257466021e-16,3.6571140946788366e-16
1088,1.2813557889654814e-15,2.2944008187542423e-17,3.2817548696761405e-17,6.4462545442150117e-17,1.4800380571147877e-16,2.7516943958759047e-16,3.8261384268792823e-16,3.5534459865203016e-16
1089,1.2451061744125086e-15,2.2315147777203811e-17,3.1910423900668126e-17,6.2651718606076769e-17,1.4381677120036475e-16,2.6737206185377700e-16,3.7176839420142168e-16,3.4527165687299653e-16
1090,1.2098820631323622e-15,2.1703503182716935e-17,3.1028356958029036e-17,6.0891755862148863e-17,1.3974818808928726e-16,2.5979563657963277e-16,3.6123036870336978e-16,3.3548425375717755e-16
1091,1.1756544435900078e-15,2.1108603695354102e-17,3.0170656162985848e-17,5.9181228612757685e-17,1.3579470538265900e-16,2.5243390265993995e-16,3.5099105200123038e-16,3.2597429507508084e-16
1092,1.1423951249880800e-15,2.0529991458866519e-17,2.9336648889901134e-17,5.7518748381327975e-17,1.3195306688471289e-16,2.4528077641049575e-16,3.4104197691554198e-16,3.1673391604723371e-16
1093,1.1100767140481745e-15,1.9967221119067103e-17,2.8525681067447639e-17,5.5902965685646642e-17,1.2822010851761072e-16,2.3833034654050957e-16,3.3137491627804144e-16,3.0775547483985135e-16
1094,1.0786725924490009e-15,1.9419859482952075e-17,2.7737116667181793e-17,5.4332568942827890e-17,1.2459275571542273e-16,2.3157686926746744e-16,3.2198187612826137e-16,2.9903154624488751e-16
1095,1.0481568949028092e-15,1.8887485187102264e-17,2.6970337206202454e-17,5.2806283405026213e-17,1.2106802089183156e-16,2.2501476357042884e-16,3.1285508910297711e-16,2.9055491553924082e-16
1096,1.0185044878520371e-15,1.8369688375111814e-17,2.6224741263507564e-17,5.1322870125034024e-17,1.1764300097947497e-16,2.1863860657783146e-16,3.0398700801304006e-16,2.8231857251803714e-16
1097,9.8969094876862791e-16,1.7866070383799033e-17,2.5499744009671654e-17,4.9881124950924936e-17,1.1431487503890072e-16,2.1244312908599305e-16,2.9537029960228301e-16,2.7431570569705551e-16
1098,9.6169254603897417e-16,1.7376243437960615e-17,2.4794776749477619e-17,4.8479877548927050e-17,1.1108090193516426e-16,2.0642321120460640e-16,2.8699783848333832e-16,2.6653969667949990e-16
1099,9.3448621941791474e-16,1.6899830353437130e-17,2.4109286477146354e-17,4.7117990453733718e-17,1.0793841808015529e-16,2.0057387812562940e-16,2.7886270124535254e-16,2.5898411468246048e-16
1100,9.0804956103569204e-16,1.6436464248263768e-17,2.3442735443817372e-17,4.5794358145481348e-17,1.0488483523879455e-16,1.9489029601207269e-16,2.7095816072872599e-16,2.5164271121853622e-16
1101,8.8236079694221909e-16,1.5985788261686600e-17,2.2794600736943436e-17,4.4507906152645618e-17,1.0191763839729279e-16,1.8936776800328770e-16,2.6327768046214226e-16,2.4450941492822067e-16
1102,8.5739876917346558e-16,1.5547455280830538e-17,2.2164373871271218e-17,4.3257590180128193e-17,9.9034383691717283e-17,1.8400173033345411e-16,2.5581490925728732e-16,2.3757832655877688e-16
1103,8.3314291832518187e-16,1.5121127674810954e-17,2.1551560391089072e-17,4.2042395261826923e-17,9.6232696395159018e-17,1.7878774856005837e-16,2.4856367595678762e-16,2.3084371408544988e-16
1104,8.0957326661961611e-16,1.4706477036086632e-17,2.0955679483431869e-17,4.0861334937001802e-17,9.3510268961843114e-17,1.7372151389924656e-16,2.4151798433102608e-16,2.2430000797098005e-16
1105,7.8667040145127308e-16,1.4303183928857073e-17,2.0376263601941299e-17,3.9713450449768759e-17,9.0864859126571405e-17,1.6879883966502334e-16,2.3467200811961293e-16,2.1794179655949821e-16
1106,7.6441545939816513e-16,1.3910937644312758e-17,1.9812858101088327e-17,3.8597809971071855e-17,8.8294288057931902e-17,1.6401565780935416e-16,2.2802008621341321e-16,2.1176382160099290e-16
1107,7.4279011068538569e-16,1.3529435962551868e-17,1.9265020880472619e-17,3.7513507842502705e-17,8.5796438563754140e-17,1.5936801556031102e-16,2.2155671797314572e-16,2.0576097390264758e-16
1108,7.2177654408820804e-16,1.3158384920982330e-17,1.8732322038921508e-17,3.6459663841353720e-17,8.3369253347332013e-17,1.5485207215548422e-16,2.1527655868068210e-16,1.9992828910345210e-16
1109,7.0135745226227695e-16,1.2797498589032718e-17,1.8214343538118788e-17,3.5435422466309009e-17,8.1010733312978503e-17,1.5046409566795967e-16,2.0917441511928467e-16,1.9426094356859362e-16
1110,6.8151601748881031e-16,1.2446498849000479e-17,1.7710678875501000e-17,3.4439952243193365e-17,7.8718935919516037e-17,1.4620045992223955e-16,2.0324524127912821e-16,1.8875425040023165e-16
1111,6.6223589782306757e-16,1.2105115182870580e-17,1.7220932766166052e-17,3.3472445050216403e-17,7.6491973580346761e-17,1.4205764149755660e-16,1.9748413418455372e-16,1.8340365556135750e-16
1112,6.4350121363468193e-16,1.1773084464942154e-17,1.6744720833546134e-17,3.2532115462164013e-17,7.4328012108785122e-17,1.3803221681610674e-16,1.9188632983960443e-16,1.7820473410953325e-16
1113,6.2529653452876354e-16,1.1450150760105194e-17,1.6281669308603612e-17,3.1618200113005687e-17,7.2225269207371710e-17,1.3412085931379240e-16,1.8644719928849035e-16,1.7315318653739451e-16
1114,6.0760686663700826e-16,1.1136065127613621e-17,1.5831414737315233e-17,3.0729957076400057e-17,7.0182012999924657e-17,1.3032033669113933e-16,1.8116224478772380e-16,1.6824483521689158e-16
1115,5.9041764026833998e-16,1.0830585430205162e-17,1.5393603696216539e-17,2.9866665263596604e-17,6.8196560605119467e-17,1.2662750824211466e-16,1.7602709608676087e-16,1.6347562094432670e-16
1116,5.7371469790891724e-16,1.0533476148422629e-17,1.4967892515784500e-17,2.9027623838244720e-17,6.6267276750422161e-17,1.2303932225863881e-16,1.7103750681407247e-16,1.5884159958333192e-16
1117,5.5748428256161995e-16,1.0244508199995108e-17,1.4553947011442586e-17,2.8212151647635559e-17,6.4392572425234391e-17,1.1955281350864579e-16,1.6618935096565675e-16,1.5433893880300983e-16
1118,5.4171302641541331e-16,9.9634587641413000e-18,1.4151442221978428e-17,2.7419586669915246e-17,6.2570903572141149e-17,1.1616510078560882e-16,1.6147861949308887e-16,1.4996391490853953e-16
1119,5.2638793983525492e-16,9.6901111106612458e-18,1.3760062155169934e-17,2.6649285476820918e-17,6.0800769815183147e-17,1.1287338452750479e-16,1.5690141698828690e-16,1.4571290976162795e-16
1120,5.1149640066347885e-16,9.4242544336859964e-18,1.3379499540421428e-17,2.5900622711503902e-17,5.9080713224106393e-17,1.0967494450325095e-16,1.5245395846225198e-16,1.4158240778825817e-16
1121,4.9702614382384351e-16,9.1656836899585827e-18,1.3009455588216729e-17,2.5172990581016156e-17,5.7409317113571252e-17,1.0656713756470121e-16,1.4813256621511905e-16,1.3756899307126050e-16
1122,4.8296525121968161e-16,8.9141994415229423e-18,1.2649639756201525e-17,2.4465798363048508e-17,5.5785204876331894e-17,1.0354739546234469e-16,1.4393366679492957e-16,1.3366934652530243e-16
1123,4.6930214191783186e-16,8.6696077027008394e-18,1.2299769521712440e-17,2.3778471926520305e-17,5.4207038849425108e-17,1.0061322272290084e-16,1.3985378804261216e-16,1.2988024315196022e-16
1124,4.5602556261026821e-16,8.4317197912401170e-18,1.1959570160575286e-17,2.3110453265631657e-17,5.2673519212434869e-17,9.7762194587057752e-17,1.3588955622072604e-16,1.2619854937260248e-16
1125,4.4312457834556911e-16,8.2003521835207260e-18,1.1628774531999907e-17,2.2461200047000270e-17,5.1183382916924817e-17,9.4991955005649018e-17,1.3203769322359454e-16,1.2262122043687981e-16
1126,4.3058856352259450e-16,7.9753263737080972e-18,1.1307122869403640e-17,2.1830185169515330e-17,4.9735402646157323e-17,9.2300214692613004e-17,1.2829501386651978e-16,1.1914529790467732e-16
1127,4.1840719313895257e-16,7.7564687367464201e-18,1.0994362577000169e-17,2.1216896336551539e-17,4.8328385804242012e-17,8.9684749233126132e-17,1.2465842325183890e-16,1.1576790719944739e-16
1128,4.0657043428704639e-16,7.5436103950872981e-18,1.0690248031995038e-17,2.0620835640196099e-17,4.6961173533881455e-17,8.7143397245345680e-17,1.2112491420964153e-16,1.1248625523089930e-16
1129,3.9506853789069953e-16,7.3365870890521303e-18,1.0394540392233296e-17,2.0041519157151364e-17,4.5632639761904751e-17,8.4674058594244110e-17,1.1769156481103402e-16,1.0929762808507987e-16
1130,3.8389203067555148e-16,7.1352390507292349e-18,1.0107007409149246e-17,1.9478476555985366e-17,4.4341690271803172e-17,8.2274692656057737e-17,1.1435553595189263e-16,1.0619938877993411e-16
1131,3.7303170736661166e-16,6.9394108813095716e-18,9.8274232458721732e-18,1.8931250715411499e-17,4.3087261802503542e-17,7.9943316631916129e-17,1.1111406900510835e-16,1.0318897508449039e-16
1132,3.6247862310654492e-16,6.7489514317673757e-18,9.5555683003460897e-18,1.8399397353287727e-17,4.1868321172637733e-17,7.7678003909258507e-17,1.0796448353938150e-16,1.0026389739986600e-16
1133,3.5222408608844389e-16,6.5637136867946691e-18,9.2912290333253719e-18,1.7882484666034253e-17,4.0683864429586269e-17,7.5476882469682549e-17,1.0490417510267980e-16,9.7421736700340966e-17
1134,3.4225965039702080e-16,6.3835546519010486e-18,9.0341978011120160e-18,1.7380092978177171e-17,3.9532916022595748e-17,7.3338133341910633e-17,1.0193061306852703e-16,9.4660142532797156e-17
1135,3.3257710905232212e-16,6.2083352435925540e-18,8.7842726929038664e-18,1.6891814401733718e-17,3.8414527999288700e-17,7.1259989098594121e-17,9.9041338543340983e-17,9.1976831072868170e-17
1136,3.2316848725023688e-16,6.0379201825457957e-18,8.5412573726268552e-18,1.6417252505162789e-17,3.7327779224904298e-17,6.9240732395714088e-17,9.6233962333090568e-17,8.9369583236192508e-17
1137,3.1402603579423149e-16,5.8721778896957438e-18,8.3049609251276729e-18,1.5956021991612127e-17,3.6271774623626681e-17,6.7278694553371121e-17,9.3506162967590205e-17,8.6836242843207947e-17
1138,3.0514222471290064e-16,5.7109803851578584e-18,8.0751977066068408e-18,1.5507748386201140e-17,3.5245644441376280e-17,6.5372254176791503e-17,9.0855684780797974e-17,8.4374714835969063e-17
1139,2.9650973705807865e-16,5.5542031899073592e-18,7.8517871991752732e-18,1.5072067732085607e-17,3.4248543529456609e-17,6.3519835816410060e-17,8.8280336045529857e-17,8.1982963545513854e-17
1140,2.8812146287840171e-16,5.4017252301405406e-18,7.6345538694208377e-18,1.4648626295057691e-17,3.3279650648466982e-17,6.1719908665922156e-17,8.5777987161047845e-17,7.9659011008345665e-17
