t,f_total,k_0,k_1,k_2,k_3,k_4,k_5,k_6
1,0.0000000000000000e+00,0.0000000000000000e+00,0.0000000000000000e+00,0.0000000000000000e+00,0.0000000000000000e+00,0.0000000000000000e+00,0.0000000000000000e+00,0.0000000000000000e+00
2,0.0000000000000000e+00,0.0000000000000000e+00,0.0000000000000000e+00,0.0000000000000000e+00,0.0000000000000000e+00,0.0000000000000000e+00,0.0000000000000000e+00,0.0000000000000000e+00
3,1.0376530218265127e-06,0.0000000000000000e+00,0.0000000000000000e+00,0.0000000000000000e+00,1.0376530218265127e-06,0.0000000000000000e+00,0.0000000000000000e+00,0.0000000000000000e+00
4,6.2612283484580079e-05,0.0000000000000000e+00,0.0000000000000000e+00,5.5855532939975855e-05,6.5948852488440836e-06,1.6186529576012759e-07,0.0000000000000000e+00,0.0000000000000000e+00
5,6.1763046269340126e-04,0.0000000000000000e+00,4.2820849036333069e-04,1.6950415502518947e-04,1.9165716777181859e-05,7.4368904270301091e-07,8.4114849961889514e-09,0.0000000000000000e+00
6,2.3196326817421765e-03,8.6360263213606766e-04,1.0806610924416855e-03,3.3394452904242470e-04,3.9396522572953714e-05,1.9860317474193764e-06,4.1588155129025671e-08,2.8564649689459416e-10
7,4.5477646953245481e-03,2.0999057795221326e-03,1.8460501679547791e-03,5.3073473788778412e-04,6.6886873633053632e-05,4.0651646468002678e-06,1.2049980692808403e-07,1.4718730694224811e-09
8,6.9067248223714196e-03,3.4288277248461434e-03,2.6253148139996564e-03,7.4459358699828797e-04,1.0062606084132599e-04,7.0907974721591855e-06,2.6741418447173697e-07,4.4240293758220210e-09
9,9.1440699852400366e-03,4.6682898396796920e-03,3.3612638950196502e-03,9.6346923979401581e-04,1.3941881576478934e-04,1.1114724184389003e-05,5.0332868173605350e-07,1.0142115764475496e-08
10,1.1137995793291293e-02,5.7373795889999555e-03,4.0226588153807032e-03,1.1788807863236360e-03,1.8206830547824355e-04,1.6142450519679392e-05,8.4619827132680397e-07,1.9648317747070639e-08
11,1.2843080196889978e-02,6.6107484575341092e-03,4.5962452637129999e-03,1.3851252105042380e-03,2.2747402795661399e-04,2.2143461829560368e-05,1.3098801555430183e-06,3.3895196911378807e-08
12,1.4257043025625863e-02,7.2931811471612651e-03,5.0795798559243200e-03,1.5785988180725629e-03,2.7466588583338429e-04,2.9059966020988602e-05,1.9036528937266755e-06,5.3699719615349184e-08
13,1.5399292949595928e-02,7.8033049509914406e-03,5.4764413490860425e-03,1.7572108980904526e-03,3.2280980553094660e-04,3.6814073252932512e-05,2.6321705031522912e-06,7.9702140961905610e-08
14,1.6298670662297378e-02,8.1647647641741247e-03,5.7938447297806771e-03,1.9199399039844789e-03,3.7119949818561392e-04,4.5313698252880481e-05,3.4957217666096657e-06,1.1234615299119009e-07
15,1.6986659936339916e-02,8.4016059116584323e-03,6.0402070876610847e-03,2.0665037855695633e-03,4.1924316953174506e-04,5.4457419602566327e-05,4.4906865010948822e-06,1.5187581543001459e-07
16,1.7493855951800290e-02,8.5360850833676519e-03,6.2242543962562798e-03,2.1971202827915700e-03,4.6644925205802036e-04,6.4138489563038019e-05,5.6101029260367338e-06,1.9834483769529429e-07
17,1.7848287333825867e-02,8.5877934868357868e-03,6.3544024152462691e-03,2.3123343711523863e-03,5.1241300896671049e-04,7.4248135729021309e-05,6.8442816387839903e-06,2.5163425691218854e-07
18,1.8074769207936173e-02,8.5734652272344367e-03,6.4384329021909019e-03,2.4128952614638544e-03,5.5680466285579721e-04,8.4678258955267526e-05,8.1814200236796673e-06,3.1147521223701171e-07
19,1.8194807879388639e-02,8.5071196941535893e-03,6.4833501673839371e-03,2.4996696042456192e-03,5.9935914623903026e-04,9.5323607343821199e-05,9.6081858198500281e-06,3.7747420278796166e-07
20,1.8226783480726854e-02,8.4003476382905982e-03,6.4953446256297755e-03,2.5735810029235322e-03,6.3986733367621179e-04,1.0608349118419556e-04,1.1110250163248747e-05,4.4913885929363223e-07
21,1.8186256880262115e-02,8.2626408414159420e-03,6.4798171971828696e-03,2.6355685451010329e-03,6.7816853964088888e-04,1.1686309497380848e-04,1.2672759127192371e-05,5.2590282038056881e-07
22,1.8086316711170520e-02,8.1017154361077391e-03,6.4414358802105248e-03,2.6865590051599136e-03,7.1414406446678185e-04,1.2757443733917121e-04,1.4280739116545478e-05,6.0714876984557601e-07
23,1.7937922304740086e-02,7.9238062310244724e-03,6.3842069756771501e-03,2.7274488085826647e-03,7.4771159846301859e-04,1.3813702601663341e-04,1.5919435914266934e-05,6.9222906187841306e-07
24,1.7750220970038248e-02,7.7339238848638430e-03,6.3115505214420249e-03,2.7590929081378079e-03,7.7882032980965458e-04,1.4847825197367495e-04,1.7574590165899547e-05,7.8048364534547514e-07
25,1.7530830698560387e-02,7.5360741414162340e-03,6.2263739466827074e-03,2.7822985020938304e-03,8.0744663546779153e-04,1.5853356371588320e-04,1.9232653976120793e-05,8.7125520781970445e-07
26,1.7286086223701400e-02,7.3334418141117611e-03,6.1311407336563997e-03,2.7978220978548728e-03,8.3359026248369303e-04,1.6824645961715780e-04,2.0880954369561806e-05,9.6390160795407271e-07
27,1.7021249901498434e-02,7.1285436006178413e-03,6.0279325786856894e-03,2.8063688447909265e-03,8.5727092907544010e-04,1.7756833270352480e-04,2.2507809861569035e-05,1.0578057634425181e-06
28,1.6740690538902737e-02,6.9233541233267885e-03,5.9185045682603474e-03,2.8085933674858936e-03,8.7852529136187376e-04,1.8645819877815439e-04,2.4102606467392037e-05,1.1523832222887824e-06
29,1.6448033913369662e-02,6.7194093832331579e-03,5.8043334797203963e-03,2.8051015547142103e-03,8.9740423354779588e-04,1.9488233519479044e-04,2.5655839282435844e-05,1.2470876768774631e-06
30,1.6146288784972592e-02,6.5178913810939806e-03,5.6866596397548916e-03,2.7964529221044983e-03,9.1397044786893839e-04,2.0281385406859236e-04,2.7159125390479970e-05,1.3414146912068649e-06
31,1.5837951975986305e-02,6.3196971570868348e-03,5.5665229308102344e-03,2.7831632839185423e-03,9.2829627654609603e-04,2.1023223034281969e-04,2.8605193373947753e-05,1.4349039078335028e-06
32,1.5525095739386430e-02,6.1254950062050225e-03,5.4447935911965109e-03,2.7657075537212061e-03,9.4046179214122574e-04,2.1712280197182341e-04,2.9987854163185026e-05,1.5271399874546615e-06
33,1.5209440243576964e-02,5.9357701765679277e-03,5.3221984510278568e-03,2.7445225538655516e-03,9.5055309561432725e-04,2.2347625657924576e-04,3.1301957407734456e-05,1.6177525143208844e-06
34,1.4892413612036448e-02,5.7508619643686469e-03,5.1993432095306527e-03,2.7200097562594273e-03,9.5866081346252983e-04,2.2928811632998876e-04,3.2543337007625213e-05,1.7064150775781727e-06
35,1.4575201596368496e-02,5.5709937835938415e-03,5.0767313061658844e-03,2.6925379066710426e-03,9.6487877687512224e-04,2.3455823042453793e-04,3.3708748923884026e-05,1.7928437141847832e-06
36,1.4258788639200010e-02,5.3962975068229252e-03,4.9547798785166972e-03,2.6624455054372791e-03,9.6930286706129658e-04,2.3929028258168314e-04,3.4795803905500330e-05,1.8767948746304672e-06
37,1.3943991801961588e-02,5.2268331390938503e-03,4.8338332399760157e-03,2.6300431314684935e-03,9.7203001193424344e-04,2.4349131910883219e-04,3.5802897330901675e-05,1.9580630492509615e-06
38,1.3631488790438418e-02,5.0626046932826206e-03,4.7141742533171379e-03,2.5956156057984235e-03,9.7315732025068350e-04,2.4717130165030643e-04,3.6729137968169814e-05,2.0364781710772973e-06
39,1.3321841104854059e-02,4.9035729762836678e-03,4.5960339239906342e-03,2.5594239969866507e-03,9.7278134016001087e-04,2.5034268743194884e-04,3.7574277109912771e-05,2.1119028912329752e-06
40,1.3015513167152470e-02,4.7496658647710839e-03,4.4795994902000064e-03,2.5217074744395239e-03,9.7099742994042866e-04,2.5302003876194316e-04,3.8338639234431146e-05,2.1842298050526759e-06
41,1.2712888131953809e-02,4.6007865425149791e-03,4.3650212455933314e-03,2.4826850178882726e-03,9.6789922950448013e-04,2.5521966267932477e-04,3.9023055082045745e-05,2.2533786913740999e-06
42,1.2414280965448289e-02,4.4568200839302944e-03,4.2524182945450611e-03,2.4425569923601444e-03,9.6357822204784244e-04,2.5695928094013738e-04,3.9628797811018544e-05,2.3192938137910926e-06
43,1.2119949274682179e-02,4.3176386972445108e-03,4.1418834090809487e-03,2.4015065983609470e-03,9.5812337599241034e-04,2.5825772997452789e-04,4.0157522707898783e-05,2.3819413209350600e-06
44,1.1830102285109674e-02,4.1831058824841954e-03,4.0334871300249531e-03,2.3597012069088920e-03,9.5162085813412271e-04,2.5913469001583565e-04,4.0611210768755098e-05,2.4413067729217889e-06
45,1.1544908294176655e-02,4.0530797120076952e-03,3.9272812324035213e-03,2.3172935886963068e-03,9.4415380964307457e-04,2.5961044227621578e-04,4.0992116337047610e-05,2.4973928127930649e-06
46,1.1264500870698937e-02,3.9274154025908999e-03,3.8233016560278491e-03,2.2744230461284468e-03,9.3580217727363448e-04,2.5970565280574180e-04,4.1302718877441961e-05,2.5502169949218672e-06
47,1.0988984021884312e-02,3.8059673164981059e-03,3.7215709860215405e-03,2.2312164563787601e-03,9.2664259282135091e-04,2.5944118150831973e-04,4.1545678879470844e-05,2.5998097767634045e-06
48,1.0718436510322048e-02,3.6885905032273915e-03,3.6221005544467325e-03,2.1877892329613016e-03,9.1674829450809792e-04,2.5883791468499999e-04,4.1723797817668158e-05,2.6462126758565507e-06
49,1.0452915470695613e-02,3.5751418726365394e-03,3.5248922227310436e-03,2.1442462126879083e-03,9.0618908458471646e-04,2.5791661942198209e-04,4.1839982042965865e-05,2.6894765904569673e-06
50,1.0192459449166618e-02,3.4654810730554665e-03,3.4299398949823021e-03,2.1006824742712351e-03,8.9503131800983994e-04,2.5669781812693931e-04,4.1897210441360642e-05,2.7296602794731017e-06
51,9.9370909663319025e-03,3.3594711340594837e-03,3.3372308042137282e-03,2.0571840942665578e-03,8.8333791759392629e-04,2.5520168153485040e-04,4.1898505668003893e-05,2.7668289953518983e-06
52,9.6868186865403071e-03,3.2569789222309628e-03,3.2467466067449837e-03,2.0138288455212087e-03,8.7116841148877824e-04,2.5344793854618761e-04,4.1846908746076591e-05,2.8010532621088338e-06
53,9.4416392614812602e-03,3.1578754489991093e-03,3.1584643143859883e-03,1.9706868428222548e-03,8.5857898935562068e-04,2.5145580132011902e-04,4.1745456808453275e-05,2.8324077897169765e-06
54,9.2015389037523477e-03,3.0620360621298440e-03,3.0723570892738378e-03,1.9278211399998094e-03,8.4562257396020540e-04,2.4924390411834601e-04,4.1597163754829305e-05,2.8609705154749442e-06
55,8.9664947361044849e-03,2.9693405463232314e-03,2.9883949222690889e-03,1.8852882823528990e-03,8.3234890532288166e-04,2.4683025447722431e-04,4.1405003596474214e-05,2.8868217626886895e-06
56,8.7364759538610288e-03,2.8796731534056269e-03,2.9065452125000245e-03,1.8431388179139608e-03,8.1880463489684735e-04,2.4423219537355473e-04,4.1171896264052662e-05,2.9100435069625243e-06
57,8.5114448312878701e-03,2.7929225785664528e-03,2.8267732628664516e-03,1.8014177707533416e-03,8.0503342756074931e-04,2.4146637714017699e-04,4.0900695660151356e-05,2.9307187405460359e-06
58,8.2913575971907544e-03,2.7089818958128124e-03,2.7490427039892312e-03,1.7601650792431012e-03,7.9107606949449440e-04,2.3854873797909867e-04,4.0594179746537083e-05,2.9489309254795580e-06
59,8.0761652005136471e-03,2.6277484631583464e-03,2.6733158571437413e-03,1.7194160019464888e-03,7.7697058026159234e-04,2.3549449201065625e-04,4.0255042466136971e-05,2.9647635266832790e-06
60,7.8658139830287410e-03,2.5491238059107738e-03,2.5995540450825553e-03,1.6792014935725109e-03,7.6275232764967920e-04,2.3231812388583268e-04,3.9885887310777332e-05,2.9782996166121844e-06
61,7.6602462731963925e-03,2.4730134846819049e-03,2.5277178582829339e-03,1.6395485532310415e-03,7.4845414402508544e-04,2.2903338907437137e-04,3.9489222357430836e-05,2.9896215436250151e-06
62,7.4594009128098821e-03,2.3993269533378121e-03,2.4577673830047772e-03,1.6004805470403074e-03,7.3410644313941600e-04,2.2565331902302726e-04,3.9067456607772423e-05,2.9988106567693161e-06
63,7.2632137260262627e-03,2.3279774109730604e-03,2.3896623965783893e-03,1.5620175069729378e-03,7.1973733648797000e-04,2.2219023045568775e-04,3.8622897477966643e-05,3.0059470802497688e-06
64,7.0716179387380878e-03,2.2588816510803931e-03,2.3233625345285250e-03,1.5241764076769861e-03,7.0537274846329558e-04,2.1865573815988066e-04,3.8157749297596355e-05,3.0111095314103254e-06
65,6.8845445548948083e-03,2.1919599103545108e-03,2.2588274334566548e-03,1.4869714228726121e-03,6.9103652967389319e-04,2.1506077067219128e-04,3.7674112688333686e-05,3.0143751766120690e-06
66,6.7019226952818312e-03,2.1271357189817613e-03,2.1960168530261314e-03,1.4504141628017969e-03,6.7675056790969957e-04,2.1141558833829243e-04,3.7173984704228745e-05,3.0158195199207445e-06
67,6.5236799033647269e-03,2.0643357537989846e-03,2.1348907799076293e-03,1.4145138940962053e-03,6.6253489633393329e-04,2.0772980328168724e-04,3.6659259626262318e-05,3.0155163200250197e-06
68,6.3497424220688358e-03,2.0034896953320335e-03,2.0754095161301302e-03,1.3792777433258177e-03,6.4840779856657489e-04,2.0401240086897969e-04,3.6131730314015111e-05,3.0135375312850790e-06
69,6.1800354447606046e-03,1.9445300894291955e-03,2.0175337539338738e-03,1.3447108853972636e-03,6.3438591039941558e-04,2.0027176230868674e-04,3.5593090026910226e-05,3.0099532652586908e-06
70,6.0144833432015697e-03,1.8873922139720810e-03,1.9612246389257870e-03,1.3108167178848584e-03,6.2048431794742688e-04,1.9651568806548214e-04,3.5044934636466452e-05,3.0048317694672428e-06
71,5.8530098748390113e-03,1.8320139509642875e-03,1.9064438230865818e-03,1.2775970222984896e-03,6.0671665209721692e-04,1.9275142181253576e-04,3.4488765159352503e-05,2.9982394205469899e-06
72,5.6955383714624060e-03,1.7783356641565150e-03,1.8531535089648925e-03,1.2450521132199074e-03,5.9309517916152359e-04,1.8898567468152586e-04,3.3925990548760350e-05,2.9902407292812628e-06
73,5.5419919109786194e-03,1.7263000822577514e-03,1.8013164862115587e-03,1.2131809761721304e-03,5.7963088768991813e-04,1.8522464960319827e-04,3.3357930688734073e-05,2.9808983553284258e-06
74,5.3922934738303155e-03,1.6758521876991869e-03,1.7508961614515681e-03,1.1819813950249569e-03,5.6633357142095691e-04,1.8147406556127740e-04,3.2785819542619232e-05,2.9702731297492553e-06
75,5.2463660853924550e-03,1.6269391108553817e-03,1.7018565823580739e-03,1.1514500696825610e-03,5.5321190839063264e-04,1.7773918160934808e-04,3.2210808412760390e-05,2.9584240836975119e-06
76,5.1041329455238449e-03,1.5795100295816458e-03,1.6541624566788590e-03,1.1215827247464149e-03,5.4027353623678877e-04,1.7402482052426393e-04,3.1633969274001854e-05,2.9454084818705944e-06
77,4.9655175463184237e-03,1.5335160738941291e-03,1.6077791668676973e-03,1.0923742097979181e-03,5.2752512375975433e-04,1.7033539199093318e-04,3.1056298148466333e-05,2.9312818595250149e-06
78,4.8304437789898520e-03,1.4889102355970117e-03,1.5626727808888564e-03,1.0638185918998479e-03,5.1497243881634257e-04,1.6667491523221484e-04,3.0478718493532210e-05,2.9160980620458557e-06
79,4.6988360307287976e-03,1.4456472826471470e-03,1.5188100596904013e-03,1.0359092408737452e-03,5.0262041263801800e-04,1.6304704101433037e-04,2.9902084578933310e-05,2.8999092862222771e-06
80,4.5706192722922076e-03,1.4036836780387813e-03,1.4761584617793103e-03,1.0086389078713524e-03,4.9047320067487196e-04,1.5945507297287137e-04,2.9327184832496888e-05,2.8827661225242671e-06
81,4.4457191370151031e-03,1.3629775029880629e-03,1.4346861452772042e-03,9.8199979772201030e-04,4.7853424007543623e-04,1.5590198821734030e-04,2.8754745137248771e-05,2.8647175978010256e-06
82,4.3240619918760697e-03,1.3234883841978476e-03,1.3943619677885270e-03,9.5598363550426421e-04,4.6680630391864015e-04,1.5239045718338189e-04,2.8185432065477999e-05,2.8458112179302508e-06
83,4.2055750011959145e-03,1.2851774249868404e-03,1.3551554843722231e-03,9.3058172775864251e-04,4.5529155231866419e-04,1.4892286271160637e-04,2.7619856037896707e-05,2.8260930100418508e-06
84,4.0901861835035969e-03,1.2480071400726832e-03,1.3170369438724949e-03,9.0578501872946111e-04,4.4399158052633070e-04,1.4550131834032380e-04,2.7058574398282160e-05,2.8056075640206504e-06
85,3.9778244620633490e-03,1.2119413938056105e-03,1.2799772838332961e-03,8.8158414199644567e-04,4.3290746415221970e-04,1.4212768580674224e-04,2.6502094395972529e-05,2.7843980730619910e-06
86,3.8684197095212049e-03,1.1769453416572780e-03,1.2439481241942483e-03,8.5796946783176051e-04,4.2203980163712135e-04,1.3880359175735322e-04,2.5950876070331077e-05,2.7625063731129742e-06
87,3.7619027870969251e-03,1.1429853747780090e-03,1.2089217599420626e-03,8.3493114659459553e-04,4.1138875409489905e-04,1.3553044367345998e-04,2.5405335032817717e-05,2.7399729810817304e-06
88,3.6582055787182468e-03,1.1100290674446616e-03,1.1748711528708877e-03,8.1245914845362404e-04,4.0095408265150697e-04,1.3230944502219357e-04,2.4865845143634089e-05,2.7168371317385455e-06
89,3.5572610204679046e-03,1.0780451272304401e-03,1.1417699225868699e-03,7.9054329970733880e-04,3.9073518340191607e-04,1.2914160964701515e-04,2.4332741081057520e-05,2.6931368132670120e-06
90,3.4590031256895772e-03,1.0470033477370535e-03,1.1095923368762883e-03,7.6917331595334243e-04,3.8073112010417285e-04,1.2602777541469927e-04,2.3806320802569658e-05,2.6689088014514428e-06
91,3.3633670060765420e-03,1.0168745637385668e-03,1.0783133015426051e-03,7.4833883234006241e-04,3.7094065472685042e-04,1.2296861713821493e-04,2.3286847897732989e-05,2.6441886925094531e-06
92,3.2702888890461363e-03,9.8763060859499143e-04,1.0479083498054205e-03,7.2802943111795410e-04,3.6136227596284323e-04,1.1996465879684102e-04,2.2774553833489207e-05,2.6190109345966046e-06
93,3.1797061316838709e-03,9.5924427380206538e-04,1.0183536313434238e-03,7.0823466669198436e-04,3.5199422581888459e-04,1.1701628507632862e-04,2.2269640093160594e-05,2.5934088580239433e-06
94,3.0915572315231049e-03,9.3168927055173594e-04,9.8962590105380302e-04,6.8894408836296650e-04,3.4283452438639545e-04,1.1412375225302110e-04,2.1772280210942819e-05,2.5674147042398066e-06
95,3.0057818344093891e-03,9.0494019318555611e-04,9.6170250759205459e-04,6.7014726093207971e-04,3.3388099289536347e-04,1.1128719844660453e-04,2.1282621704095950e-05,2.5410596536348637e-06
96,2.9223207396828817e-03,8.7897248443050840e-04,9.3456138174859236e-04,6.5183378333056956e-04,3.2513127514895461e-04,1.0850665326664146e-04,2.0800787905380636e-05,2.5143738522345159e-06
97,2.8411159028974143e-03,8.5376240231369374e-04,9.0818102471187283e-04,6.3399330542515512e-04,3.1658285743251522e-04,1.0578204687827356e-04,2.0326879698558012e-05,2.4873864373458782e-06
98,2.7621104362809232e-03,8.2928698865885448e-04,8.8254049626180641e-04,6.1661554313897741e-04,3.0823308698656903e-04,1.0311321851250448e-04,1.9860977159983208e-05,2.4601255622279820e-06
99,2.6852486071288336e-03,8.0552403907384839e-04,8.5761940293197305e-04,5.9969029201797442e-04,3.0007918912937939e-04,1.0049992444632324e-04,1.9403141109481461e-05,2.4326184198538467e-06
100,2.6104758343096605e-03,7.8245207434397108e-04,8.3339788617445504e-04,5.8320743936330656e-04,2.9211828311065765e-04,9.7941845477628856e-05,1.8953414573809143e-05,2.4048912658319905e-06
101,2.5377386830504308e-03,7.6005031315144105e-04,8.0985661055694915e-04,5.6715697504183793e-04,2.8434739677407785e-04,9.5438593919495307e-05,1.8511824166076266e-05,2.3769694405529786e-06
102,2.4669848581585769e-03,7.3829864604644374e-04,7.8697675201810024e-04,5.5152900107865207e-04,2.7676348010241661e-04,9.2989720137792904e-05,1.8078381384547267e-05,2.3488773906239338e-06
103,2.3981631958265638e-03,7.1717761059987963e-04,7.6473998620370015e-04,5.3631374012811229e-04,2.6936341771539510e-04,9.0594718655577085e-05,1.7653083834248220e-05,2.3206386896507842e-06
104,2.3312236541557542e-03,6.9666836767240219e-04,7.4312847690344861e-04,5.2150154291303100e-04,2.6214404038666500e-04,8.8253033846987384e-05,1.7235916374795551e-05,2.2922760584244836e-06
105,2.2661173025268046e-03,6.7675267873848130e-04,7.2212486460535106e-04,5.0708289471504192e-04,2.5510213564286039e-04,8.5964065242679158e-05,1.6826852197827338e-05,2.2638113845636509e-06
106,2.2027963099351677e-03,6.5741288420810226e-04,7.0171225518248837e-04,4.9304842099325507e-04,2.4823445750423839e-04,8.3727172468054330e-05,1.6425853837367237e-05,2.2352657416621686e-06
107,2.1412139324021116e-03,6.3863188269232219e-04,6.8187420872480541e-04,4.7938889220267375e-04,2.4153773542316323e-04,8.1541679834774817e-05,1.6032874116385548e-05,2.2066594079862968e-06
108,2.0813244995639235e-03,6.2039311116227850e-04,6.6259472852670800e-04,4.6609522787864724e-04,2.3500868247354023e-04,7.9406880605242255e-05,1.5647857032745046e-05,2.1780118847618863e-06
109,2.0230834005347115e-03,6.0268052595439134e-04,6.4385825023959096e-04,4.5315850004879100e-04,2.2864400284129712e-04,7.7322040948919592e-05,1.5270738587632688e-05,2.1493419140883876e-06
110,1.9664470691313565e-03,5.8547858457742743e-04,6.2564963119695011e-04,4.4056993602929637e-04,2.2244039866312521e-04,7.5286403608559752e-05,1.4901447559484856e-05,2.1206674965125724e-06
111,1.9113729685427516e-03,5.6877222827983508e-04,6.0795413991840321e-04,4.2832092065836730e-04,2.1639457625793995e-04,7.3299191293600308e-05,1.4539906226314453e-05,2.0920059082912263e-06
112,1.8578195755193903e-03,5.5254686533830265e-04,5.9075744579777014e-04,4.1640299801562356e-04,2.1050325179289406e-04,7.1359609817185998e-05,1.4186031039245209e-05,2.0633737183686420e-06
113,1.8057463641537018e-03,5.3678835503087401e-04,5.7404560897932175e-04,4.0480787267268799e-04,2.0476315642327730e-04,6.9466850992496511e-05,1.3839733249952549e-05,2.0347868050914464e-06
114,1.7551137893161738e-03,5.2148299226017103e-04,5.5780507042536213e-04,3.9352741051680991e-04,1.9917104094325922e-04,6.7620095303288244e-05,1.3500919494603121e-05,2.0062603726802534e-06
115,1.7058832698073141e-03,5.0661749279433887e-04,5.4202264217749442e-04,3.8255363918624489e-04,1.9372367998217390e-04,6.5818514362810427e-05,1.3169492336776950e-05,1.9778089674747751e-06
116,1.6580171712807827e-03,4.9217897909526311e-04,5.2668549781316877e-04,3.7187874815320412e-04,1.8841787577890471e-04,6.4061273174527089e-05,1.2845350771748590e-05,1.9494464939663980e-06
117,1.6114787889886504e-03,4.7815496670540323e-04,5.1178116309846832e-04,3.6149508848748295e-04,1.8325046156489870e-04,6.2347532207370789e-05,1.2528390694396656e-05,1.9211862306298242e-06
118,1.5662323303956012e-03,4.6453335116627254e-04,4.9729750683750117e-04,3.5139517233136495e-04,1.7821830458442033e-04,6.0676449297573098e-05,1.2218505332905807e-05,1.8930408455631716e-06
119,1.5222428977050523e-03,4.5130239544315906e-04,4.8322273191826162e-04,3.4157167211406816e-04,1.7331830877883830e-04,5.9047181388459150e-05,1.1915585650321916e-05,1.8650224119439437e-06
120,1.4794764703365544e-03,4.3845071783215131e-04,4.6954536655436019e-04,3.3201741953182865e-04,1.6854741716002485e-04,5.7458886118963007e-05,1.1619520715920008e-05,1.8371424233064959e-06
121,1.4378998873904717e-03,4.2596728032689768e-04,4.5625425572163388e-04,3.2272540431770616e-04,1.6390261389632888e-04,5.5910723271013934e-05,1.1330198048246243e-05,1.8094118086450351e-06
122,1.3974808301327941e-03,4.1384137742381353e-04,4.4333855278829007e-04,3.1368877282332639e-04,1.5938092613305532e-04,5.4401856085364304e-05,1.1047503931599713e-05,1.7818409473447759e-06
123,1.3581878045300058e-03,4.0206262534563992e-04,4.3078771133693247e-04,3.0490082643304048e-04,1.5497942556794774e-04,5.2931452454875031e-05,1.0771323707627427e-05,1.7544396839426542e-06
124,1.3199901238611948e-03,3.9062095166438325e-04,4.1859147717655066e-04,2.9635501982936720e-04,1.5069522980081375e-04,5.1498686003745482e-05,1.0501542043616677e-05,1.7272173427179277e-06
125,1.2828578914320446e-03,3.7950658530570711e-04,4.0673988054231862e-04,2.8804495912709420e-04,1.4652550347515878e-04,5.0102737060670454e-05,1.0238043178983166e-05,1.7001827421120721e-06
126,1.2467619834129753e-03,3.6871004691783291e-04,3.9522322848084936e-04,2.7996439989202239e-04,1.4246745922849572e-04,4.8742793533427487e-05,9.9807111513707517e-06,1.6733442089766262e-06
127,1.2116740318215062e-03,3.5822213958891855e-04,3.8403209741837808e-04,2.7210724505905205e-04,1.3851835846686949e-04,4.7418051691941389e-05,9.7294300036996290e-06,1.6467095926469713e-06
128,1.1775664076668455e-03,3.4803393989774978e-04,3.7315732590919757e-04,2.6446754276311608e-04,1.3467551197807802e-04,4.6127716866440396e-05,9.4840839734240185e-06,1.6202862788395350e-06
129,1.1444122042728307e-03,3.3813678928338209e-04,3.6259000756154740e-04,2.5703948409535763e-04,1.3093628039707747e-04,4.4871004066908368e-05,9.2445576651881587e-06,1.5940812033694821e-06
130,1.1121852207935632e-03,3.2852228572012712e-04,3.5232148413805132e-04,2.4981740079592352e-04,1.2729807453612703e-04,4.3647138529648118e-05,9.0107362080004091e-06,1.5681008656856468e-06
131,1.0808599459344531e-03,3.1918227568498921e-04,3.4234333882771296e-04,2.4279576289379311e-04,1.2375835559135480e-04,4.2455356196404362e-05,8.7825053979794515e-06,1.5423513422192428e-06
132,1.0504115418898726e-03,3.1010884640532139e-04,3.3264738968641117e-04,2.3596917630318138e-04,1.2031463523660569e-04,4.1294904131146078e-05,8.5597518276641260e-06,1.5168382995427437e-06
133,1.0208158285072140e-03,3.0129431837509622e-04,3.2322568324277904e-04,2.2933238038523661e-04,1.1696447561466690e-04,4.0165040879280937e-05,8.3423630028189532e-06,1.4915670073352541e-06
134,9.9204926768585791e-04,2.9273123812877566e-04,3.1407048826631226e-04,2.2288024548299952e-04,1.1370548923524532e-04,3.9065036773763735e-05,8.1302274476109571e-06,1.4665423511506976e-06
135,9.6408894801835651e-04,2.8441237126231354e-04,3.0517428969452067e-04,2.1660777043688736e-04,1.1053533878840033e-04,3.7994174192269437e-05,7.9232347989799553e-06,1.4417688449851878e-06
136,9.3691256968003235e-04,2.7633069569134739e-04,2.9652978271592015e-04,2.1051008008732036e-04,1.0745173688150514e-04,3.6951747769325592e-05,7.7212758909737301e-06,1.4172506436400536e-06
137,9.1049842957218916e-04,2.6847939513712112e-04,2.8812986700564933e-04,2.0458242277050754e-04,1.0445244570722220e-04,3.5937064567040155e-05,7.5242428297716192e-06,1.3929915548771366e-06
138,8.8482540672317716e-04,2.6085185283114423e-04,2.7996764111049694e-04,1.9882016781285459e-04,1.0153527664942708e-04,3.4949444207816669e-05,7.3320290600745984e-06,1.3689950513631462e-06
139,8.5987294795071762e-04,2.5344164543002288e-04,2.7203639698013206e-04,1.9321880302894287e-04,9.8698089833503113e-05,3.3988218972219481e-05,7.1445294234971995e-06,1.3452642824000838e-06
140,8.3562105378808265e-04,2.4624253713230844e-04,2.6432961464133956e-04,1.8777393222755602e-04,9.5938793626947297e-05,3.3052733864936256e-05,6.9616402095560365e-06,1.3218020854389611e-06
141,8.1205026467602083e-04,2.3924847398959444e-04,2.5684095701208518e-04,1.8248127272979178e-04,9.3255344095781139e-05,3.2142346651582403e-05,6.7832591998116141e-06,1.2986109973743080e-06
142,7.8914164742165018e-04,2.3245357840445395e-04,2.4956426485225696e-04,1.7733665290289291e-04,9.0645744421842471e-05,3.1256427868902418e-05,6.6092857056841042e-06,1.2756932656172350e-06
143,7.6687678192493148e-04,2.2585214380815467e-04,2.4249355184795656e-04,1.7233600971305784e-04,8.8108044285643096e-05,3.0394360810744364e-05,6.4396206004298526e-06,1.2530508589450820e-06
144,7.4523774817280132e-04,2.1943862951141050e-04,2.3562299982625136e-04,1.6747538630014795e-04,8.5640339219114888e-05,2.9555541492017140e-05,6.2741663457334723e-06,1.2306854781260012e-06
145,7.2420711350052131e-04,2.1320765572173508e-04,2.2894695409732773e-04,1.6275092957689029e-04,8.3240769932227710e-05,2.8739378592683018e-05,6.1128270133403537e-06,1.2085985663170932e-06
146,7.0376792011936460e-04,2.0715399872125152e-04,2.2245991892103011e-04,1.5815888785488359e-04,8.0907521617146682e-05,2.7945293383691531e-05,5.9555083021261764e-06,1.1867913192350383e-06
147,6.8390367290933755e-04,2.0127258619908573e-04,2.1615655309480887e-04,1.5369560849944454e-04,7.8638823233303238e-05,2.7172719636623285e-05,5.8021175509734495e-06,1.1652646950984411e-06
148,6.6459832747526432e-04,1.9555849273272899e-04,2.1003166566014520e-04,1.4935753561508503e-04,7.6432946776479931e-05,2.6421103518683622e-05,5.6525637478001672e-06,1.1440194243414222e-06
149,6.4583627846423138e-04,1.9000693541300064e-04,2.0408021172456595e-04,1.4514120776318285e-04,7.4288206534755475e-05,2.5689903474565927e-05,5.5067575350622715e-06,1.1230560190982746e-06
150,6.2760234814208016e-04,1.8461326960747304e-04,1.9829728839640870e-04,1.4104325571319903e-04,7.2202958333918648e-05,2.4978590096591827e-05,5.3646112120296020e-06,1.1023747824592911e-06
151,6.0988177522637403e-04,1.7937298485744095e-04,1.9267813082954723e-04,1.3706040022860185e-04,7.0175598774740942e-05,2.4286645984430435e-05,5.2260387341144152e-06,1.0819758174981486e-06
152,5.9266020397302039e-04,1.7428170090372493e-04,1.8721810837533403e-04,1.3318944988848443e-04,6.8204564464292418e-05,2.3613565595600729e-05,5.0909557095122307e-06,1.0618590360715072e-06
153,5.7592367351351741e-04,1.6933516383679708e-04,1.8191272083907013e-04,1.2942729894569672e-04,6.6288331243295772e-05,2.2958855087869302e-05,4.9592793933966166e-06,1.0420241673917488e-06
154,5.5965860743960869e-04,1.6452924236690330e-04,1.7675759483836180e-04,1.2577092522216934e-04,6.4425413411337235e-05,2.2322032154570392e-05,4.8309286798925747e-06,1.0224707663740178e-06
155,5.4385180363195962e-04,1.5985992421003602e-04,1.7174848026077448e-04,1.2221738804196839e-04,6.2614362951589472e-05,2.1702625853795075e-05,4.7058240920372826e-06,1.0031982217589885e-06
156,5.2849042432933225e-04,1.5532331258577830e-04,1.6688124681824869e-04,1.1876382620249828e-04,6.0853768756549672e-05,2.1100176432322255e-05,4.5838877699220592e-06,9.8420576401299156e-07
157,5.1356198643460397e-04,1.5091562282320284e-04,1.6215188069579112e-04,1.1540745598415686e-04,5.9142255856155785e-05,2.0514235145094528e-05,4.4650434571955122e-06,9.6549247300736476e-07
158,4.9905435205387745e-04,1.4663317907116045e-04,1.5755648129200838e-04,1.1214556919864406e-04,5.7478484649513150e-05,1.9944364070977607e-05,4.3492164860947844e-06,9.4705728547909121e-07
159,4.8495571926483483e-04,1.4247241110944004e-04,1.5309125804910249e-04,1.0897553127603265e-04,5.5861150141343551e-05,1.9390135925481481e-05,4.2363337611596475e-06,9.2889900227498394e-07
160,4.7125461311041606e-04,1.3842985125741718e-04,1.4875252736999765e-04,1.0589477939062421e-04,5.4288981184156607e-05,1.8851133871065762e-05,4.1263237417728094e-06,9.1101629538185174e-07
161,4.5793987681384536e-04,1.3450213137694428e-04,1.4453670962031982e-04,1.0290082062553701e-04,5.2760739727040543e-05,1.8326951325599328e-05,4.0191164236591553e-06,8.9340771474525751e-07
162,4.4500066321097900e-04,1.3068597996635715e-04,1.4044032621300212e-04,9.9991230175903699e-05,5.1275220071873810e-05,1.7817191769495953e-05,3.9146433194667176e-06,8.7607169487962750e-07
163,4.3242642639591388e-04,1.2697821934259457e-04,1.3645999677333812e-04,9.7163649590492377e-05,4.9831248137670748e-05,1.7321468552002538e-05,3.8128374385429030e-06,8.5900656127261748e-07
164,4.2020691357577390e-04,1.2337576290854090e-04,1.3259243638235704e-04,9.4415785051510517e-05,4.8427680733693091e-05,1.6839404697074716e-05,3.7136332660108235e-06,8.4221053658677409e-07
165,4.0833215713057463e-04,1.1987561250281050e-04,1.2883445289644195e-04,9.1745405692298044e-05,4.7063404841884442e-05,1.6370632709235598e-05,3.6169667412425265e-06,8.2568174666164428e-07
166,3.9679246687406402e-04,1.1647485582929687e-04,1.2518294434116331e-04,8.9150341952573420e-05,4.5737336909114972e-05,1.5914794379777426e-05,3.5227752358183867e-06,8.0941822631960223e-07
167,3.8557842251143461e-04,1.1317066396390881e-04,1.2163489637734591e-04,8.6628483970853232e-05,4.4448422149660537e-05,1.5471540593632428e-05,3.4309975310548703e-06,7.9341792497875049e-07
168,3.7468086628982179e-04,1.0996028893601003e-04,1.1818737983743729e-04,8.4177780013632600e-05,4.3195633858281220e-05,1.5040531137207947e-05,3.3415737951763830e-06,7.7767871207634694e-07
169,3.6409089583751123e-04,1.0684106138217028e-04,1.1483754833028986e-04,8.1796234940880675e-05,4.1977972734211012e-05,1.4621434507452375e-05,3.2544455602007775e-06,7.6219838230627763e-07
170,3.5379985718780443e-04,1.0381038826992158e-04,1.1158263591251724e-04,7.9481908707377445e-05,4.0794466216320056e-05,1.4213927722391549e-05,3.1695556986024383e-06,7.4697466067416749e-07
171,3.4379933798352321e-04,1.0086575068929719e-04,1.0841995482462867e-04,7.7232914899394927e-05,3.9644167829666297e-05,1.3817696133350742e-05,3.0868483998115759e-06,7.3200520737377233e-07
172,3.3408116085816236e-04,9.8004701710009264e-05,1.0534689329019154e-04,7.5047419306204139e-05,3.8526156543611146e-05,1.3432433239054486e-05,3.0062691466034292e-06,7.1728762248834434e-07
173,3.2463737698974104e-04,9.5224864302197908e-05,1.0236091337631397e-04,7.2923638525870598e-05,3.7439536141635921e-05,1.3057840501775388e-05,2.9277646914265218e-06,7.0281945052070091e-07
174,3.1546025982344265e-04,9.2523929318756492e-05,9.9459548913783741e-05,7.0859838604787195e-05,3.6383434602961014e-05,1.2693627165683607e-05,2.8512830327148454e-06,6.8859818475575810e-07
175,3.0654229895918134e-04,8.9899653537308595e-05,9.6640403475240898e-05,6.8854333710379061e-05,3.5357003496037885e-05,1.2339510077530698e-05,2.7767733912248965e-06,6.7462127145930673e-07
176,2.9787619420027780e-04,8.7349857759977650e-05,9.3901148409803023e-05,6.6905484836405572e-05,3.4359417383955056e-05,1.1995213509784840e-05,2.7041861864348290e-06,6.6088611391682975e-07
177,2.8945484975948118e-04,8.4872424969155809e-05,9.1239520932602121e-05,6.5011698540275406e-05,3.3389873241772812e-05,1.1660468986319337e-05,2.6334730130395544e-06,6.4739007631616049e-07
178,2.8127136861862611e-04,8.2465298537539054e-05,8.8653322267732404e-05,6.3171425711784762e-05,3.2447589885777638e-05,1.1335015110742011e-05,2.5645866175724766e-06,6.3413048747778751e-07
179,2.7331904703826776e-04,8.0126480490754794e-05,8.6140415843145656e-05,6.1383160372683495e-05,3.1531807414625360e-05,1.1018597397440307e-05,2.4974808751816009e-06,6.2110464443659941e-07
180,2.6559136921369859e-04,7.7854029820965660e-05,8.3698725536070321e-05,5.9645438506471161e-05,3.0641786662322631e-05,1.0710968105404904e-05,2.4321107665850294e-06,6.0830981587885724e-07
181,2.5808200207380432e-04,7.5646060849886301e-05,8.1326233967566106e-05,5.7956836917822986e-05,2.9776808662978561e-05,1.0411886074883787e-05,2.3684323552283514e-06,5.9574324543816033e-07
182,2.5078479021928122e-04,7.3500741639703518e-05,7.9020980844862862e-05,5.6315972121045668e-05,2.8936174127242338e-05,1.0121116566908622e-05,2.3064027646640733e-06,5.8340215485415245e-07
183,2.4369375099679450e-04,7.1416292450439633e-05,7.6781061350168092e-05,5.4721499256963252e-05,2.8119202930328567e-05,9.8384311057261954e-06,2.2459801561710894e-06,5.7128374699768257e-07
184,2.3680306970571906e-04,6.9390984242347656e-05,7.4604624574661337e-05,5.3172111037635648e-05,2.7325233611518968e-05,9.5636073241591686e-06,2.1871237066301841e-06,5.5938520876611167e-07
185,2.3010709493416934e-04,6.7423137221973145e-05,7.2489871996428288e-05,5.1666536718314896e-05,2.6553622885018099e-05,9.2964288119127856e-06,2.1297935866697110e-06,5.4770371385241074e-07
186,2.2360033402108359e-04,6.5511119430562381e-05,7.0435056001120122e-05,5.0203541096048075e-05,2.5803745162030272e-05,9.0366849668371795e-06,2.0739509390938741e-06,5.3623642539166511e-07
187,2.1727744864119360e-04,6.3653345373539753e-05,6.8438478444155670e-05,4.8781923534340358e-05,2.5074992083916297e-05,8.7841708491485130e-06,2.0195578576044720e-06,5.2498049848855001e-07
188,2.1113325050977334e-04,6.1848274689818439e-05,6.6498489253316286e-05,4.7400517013296745e-05,2.4366772066280649e-05,8.5386870386064145e-06,1.9665773658254987e-06,5.1393308262930377e-07
189,2.0516269720412126e-04,6.0094410859748341e-05,6.4613485070612867e-05,4.6058187204666901e-05,2.3678509853832946e-05,8.3000394946399178e-06,1.9149733966386547e-06,5.0309132398166849e-07
190,1.9936088809879802e-04,5.8390299950544229e-05,6.2781907932335767e-05,4.4753831571224027e-05,2.3009646085861829e-05,8.0680394194093325e-06,1.8647107718365877e-06,4.9245236758622192e-07
191,1.9372306041169816e-04,5.6734529398072989e-05,6.1002243986226564e-05,4.3486378489915214e-05,2.2359636872154200e-05,7.8425031237872209e-06,1.8157551820995457e-06,4.8201335944247071e-07
192,1.8824458535810420e-04,5.5125726823916182e-05,5.9273022244739870e-05,4.2254786398228694e-05,2.1727953379188635e-05,7.6232518962377295e-06,1.7680731673000723e-06,4.7177144849301569e-07
193,1.8292096440992477e-04,5.3562558886656714e-05,5.7592813373390965e-05,4.1058042963230235e-05,2.1114081426428312e-05,7.4101118745700965e-06,1.7216320971394183e-06,4.6172378850904823e-07
194,1.7774782565738880e-04,5.2043730166373147e-05,5.5960228513212272e-05,3.9895164272729666e-05,2.0517521092535841e-05,7.2029139205390287e-06,1.6764001521184648e-06,4.5186753988037185e-07
195,1.7272092027052129e-04,5.0567982081356429e-05,5.4373918136368050e-05,3.8765194048046483e-05,1.9937786331330231e-05,7.0014934972618783e-06,1.6323463048451443e-06,4.4219987131308814e-07
196,1.6783611905779166e-04,4.9134091836094821e-05,5.2832570934002663e-05,3.7667202877852000e-05,1.9374404597304500e-05,6.8056905494200600e-06,1.5894403016795963e-06,4.3271796143802158e-07
197,1.6308940911938192e-04,4.7740871399602710e-05,5.1334912735423090e-05,3.6600287472574312e-05,1.8826916480521244e-05,6.6153493862100288e-06,1.5476526447176429e-06,4.2341900033289632e-07
198,1.5847689059258306e-04,4.6387166513197783e-05,4.9879705457740186e-05,3.5563569938861390e-05,1.8294875350702745e-05,6.4303185670071873e-06,1.5069545741125310e-06,4.1430019096121622e-07
199,1.5399477348688453e-04,4.5071855726858814e-05,4.8465746085118109e-05,3.4556197073606206e-05,1.7777847010331887e-05,6.2504507897044525e-06,1.4673180507343386e-06,4.0535875053073321e-07
200,1.4963937460638058e-04,4.3793849463323053e-05,4.7091865676803733e-05,3.3577339677047564e-05,1.7275409356580242e-05,6.0756027816857576e-06,1.4287157391659325e-06,3.9659191177432769e-07
201,1.4540711455717170e-04,4.2552089109108400e-05,4.5756928403130998e-05,3.2626191884468820e-05,1.6787152051879965e-05,5.9056351933935518e-06,1.3911209910338990e-06,3.8799692415605840e-07
202,1.4129451483749670e-04,4.1345546131670206e-05,4.4459830608717110e-05,3.1701970516026492e-05,1.6312676202957065e-05,5.7404124944483023e-06,1.3545078286724543e-06,3.7957105500507576e-07
203,1.3729819500838552e-04,4.0173221221927099e-05,4.3199499902089068e-05,3.0803914444249784e-05,1.5851594048144414e-05,5.5798028722771481e-06,1.3188509291179601e-06,3.7131159058002636e-07
204,1.3341486994267505e-04,3.9034143461413524e-05,4.1974894271000054e-05,2.9931283978761298e-05,1.5403528652794200e-05,5.4236781332081376e-06,1.2841256084313329e-06,3.6321583706651541e-07
205,1.2964134715028522e-04,3.7927369513339155e-05,4.0785001222715007e-05,2.9083360267778662e-05,1.4968113612610981e-05,5.2719136059859358e-06,1.2503078063453301e-06,3.5528112151012446e-07
206,1.2597452417770254e-04,3.6851982836857415e-05,3.9628836948565771e-05,2.8259444715965857e-05,1.4544992764728198e-05,5.1243880476644499e-06,1.2173740712334176e-06,3.4750479268742327e-07
207,1.2241138607967144e-04,3.5807092923866441e-05,3.8505445512094201e-05,2.7458858418212442e-05,1.4133819906352808e-05,4.9809835518315157e-06,1.1853015453966921e-06,3.3988422191734596e-07
208,1.1894900296114099e-04,3.4791834557686134e-05,3.7413898060121374e-05,2.6680941608927794e-05,1.3734258520804752e-05,4.8415854591206025e-06,1.1540679506651014e-06,3.3241680381524306e-07
209,1.1558452758756617e-04,3.3805367092974961e-05,3.6353292056099020e-05,2.5925053126446798e-05,1.3345981510780100e-05,4.7060822699644085e-06,1.1236515743090303e-06,3.2509995699185474e-07
210,1.1231519306170918e-04,3.2846873756269110e-05,3.5322750535117127e-05,2.5190569892152160e-05,1.2968670938669033e-05,4.5743655595452087e-06,1.0940312552571399e-06,3.1793112469939033e-07
211,1.0913831056513441e-04,3.1915560966545393e-05,3.4321421379959069e-05,2.4476886403927784e-05,1.2602017773762199e-05,4.4463298948969023e-06,1.0651863706162168e-06,3.1090777542683917e-07
212,1.0605126716263582e-04,3.1010657675226775e-05,3.3348476617612544e-05,2.3783414243565993e-05,1.2245721646181386e-05,4.3218727541138905e-06,1.0370968224886505e-06,3.0402740344657425e-07
213,1.0305152366788153e-04,3.0131414725067385e-05,3.2403111735661028e-05,2.3109581597760581e-05,1.1899490607373116e-05,4.2008944476221107e-06,1.0097430250830634e-06,2.9728752931425300e-07
214,1.0013661256860410e-04,2.9277104227370157e-05,3.1484545017996336e-05,2.2454832792325852e-05,1.1563040897006399e-05,4.0832980414678869e-06,9.8310589211351887e-07,2.9068570032396007e-07
215,9.7304136009708069e-05,2.8447018957006667e-05,3.0592016899308695e-05,2.1818627839290604e-05,1.1236096716118404e-05,3.9689892825805711e-06,9.5716682448266548e-07,2.8421949092047784e-07
216,9.4551763832709129e-05,2.7640471764724734e-05,2.9724789337825512e-05,2.1200441996524118e-05,1.0918390006354773e-05,3.8578765259653603e-06,9.3190769824411267e-07,2.7788650307051595e-07
217,9.1877231669959964e-05,2.6856795006244249e-05,2.8882145205785173e-05,2.0599765339559615e-05,1.0609660235153854e-05,3.7498706637831212e-06,9.0731085283928763e-07,2.7168436659467157e-07
218,8.9278339092158955e-05,2.6095339987656684e-05,2.8063387697146202e-05,2.0016102345288609e-05,1.0309654186727085e-05,3.6448850562745404e-06,8.8335907960399154e-07,2.6561073946184026e-07
219,8.6752947807676418e-05,2.5355476426658145e-05,2.7267839752046195e-05,1.9448971487207632e-05,1.0018125758690450e-05,3.5428354644864083e-06,8.6003561053984451e-07,2.5966330804774229e-07
220,8.4298979912272742e-05,2.4636591929159415e-05,2.6494843497538524e-05,1.8897904841906536e-05,9.7348357642048660e-06,3.4436399847584309e-06,8.3732410734580237e-07,2.5383978735917460e-07
221,8.1914416187819615e-05,2.3938091480830232e-05,2.5743759704147946e-05,1.8362447706495403e-05,9.4595517394860609e-06,3.3472189849295121e-06,8.1520865070491837e-07,2.4813792122554907e-07
222,7.9597294448672506e-05,2.3259396953147750e-05,2.5013967257799090e-05,1.7842158226674380e-05,9.1920477565474902e-06,3.2534950422230507e-06,7.9367372982153229e-07,2.4255548245922605e-07
223,7.7345707934378937e-05,2.2599946623532055e-05,2.4304862646684279e-05,1.7336607035158483e-05,8.9321042410425304e-06,3.1623928827714266e-06,7.7270423220407684e-07,2.3709027298610072e-07
224,7.5157803747441377e-05,2.1959194709163632e-05,2.3615859462649314e-05,1.6845376900176330e-05,8.6795077950750582e-06,3.0738393227404773e-06,7.5228543368871643e-07,2.3174012394785449e-07
225,7.3031781334888403e-05,2.1336610914089627e-05,2.2946387916687565e-05,1.6368062383769130e-05,8.4340510248503631e-06,2.9877632110154089e-06,7.3240298869905227e-07,2.2650289577723245e-07
226,7.0965891012440786e-05,2.0731679989237283e-05,2.2295894368144295e-05,1.5904269509623083e-05,8.1955323730410491e-06,2.9040953734102633e-06,7.1304292073716032e-07,2.2137647824766383e-07
227,6.8958432530092390e-05,2.0143901304964043e-05,2.1663840867244245e-05,1.5453615440175215e-05,7.9637559557454029e-06,2.8227685583637159e-06,6.9419161310127224e-07,2.1635879049849664e-07
228,6.7007753677955864e-05,1.9572788435784605e-05,2.1049704710566355e-05,1.5015728162739296e-05,7.7385314039184084e-06,2.7437173840846779e-06,6.7583579982543573e-07,2.1144778103707127e-07
229,6.5112248931256463e-05,1.9017868756925774e-05,2.0452978009100029e-05,1.4590246184405146e-05,7.5196737091583083e-06,2.6668782871118345e-06,6.5796255683654965e-07,2.0664142771881862e-07
230,6.3270358133385682e-05,1.8478683052370051e-05,1.9873167268527785e-05,1.4176818235470867e-05,7.3070030737342921e-06,2.5921894722519583e-06,6.4055929332420990e-07,2.0193773770652195e-07
231,6.1480565215956288e-05,1.7954785134058809e-05,1.9309792981388803e-05,1.3775102981173932e-05,7.1003447647435295e-06,2.5195908638625158e-06,6.2361374331885511e-07,1.9733474740984329e-07
232,5.9741396954829483e-05,1.7445741471935466e-05,1.8762389230787887e-05,1.3384768741493057e-05,6.8995289722883624e-06,2.4490240584447838e-06,6.0711395747375738e-07,1.9283052240617467e-07
233,5.8051421761112536e-05,1.6951130834518286e-05,1.8230503305323599e-05,1.3005493218798912e-05,6.7043906715670863e-06,2.3804322785143554e-06,5.9104829504645827e-07,1.8842315734383474e-07
234,5.6409248506152262e-05,1.6470543939701583e-05,1.7713695324918551e-05,1.2636963233137348e-05,6.5147694887742289e-06,2.3137603277166440e-06,5.7540541607531244e-07,1.8411077582859466e-07
235,5.4813525379577014e-05,1.6003583115492641e-05,1.7211537877243845e-05,1.2278874464934764e-05,6.3305095707087781e-06,2.2489545471556431e-06,5.6017427374686125e-07,1.7989153029447971e-07
236,5.3262938779464680e-05,1.5549861970400333e-05,1.6723615664438070e-05,1.1930931204920603e-05,6.1514594579912252e-06,2.1859627729048743e-06,5.4534410694981786e-07,1.7576360185975654e-07
237,5.1756212233740474e-05,1.5109005073199440e-05,1.6249525159830051e-05,1.1592846111067557e-05,5.9774719617927544e-06,2.1247342946701766e-06,5.3090443301151918e-07,1.7172520016898341e-07
238,5.0292105351932052e-05,1.4680647641802866e-05,1.5788874274382397e-05,1.1264339972355263e-05,5.8084040439822106e-06,2.0652198155745955e-06,5.1684504061275388e-07,1.6777456322196412e-07
239,4.8869412806433665e-05,1.4264435240981474e-05,1.5341282032581060e-05,1.0945141479168539e-05,5.6441167005988869e-06,2.0073714130363453e-06,5.0315598287695205e-07,1.6390995719041591e-07
240,4.7486963342454702e-05,1.3860023488678939e-05,1.4906378257503815e-05,1.0634987000146215e-05,5.4844748485613872e-06,1.9511425007114364e-06,4.8982757062978256e-07,1.6012967622312866e-07
241,4.6143618815849767e-05,1.3467077770676196e-05,1.4483803264808041e-05,1.0333620365301544e-05,5.3293472155251263e-06,1.8964877914732291e-06,4.7685036582527626e-07,1.5643204224036180e-07
242,4.4838273258050695e-05,1.3085272963367197e-05,1.4073207565385621e-05,1.0040792655240067e-05,5.1786062328031562e-06,1.8433632614018047e-06,4.6421517513465815e-07,1.5281540471819589e-07
243,4.3569851967341188e-05,1.2714293164414516e-05,1.3674251576439683e-05,9.7562619963053976e-06,5.0321279312672451e-06,1.7917261147566706e-06,4.5191304369414334e-07,1.4927814046352647e-07
244,4.2337310625736719e-05,1.2353831431060058e-05,1.3286605340745100e-05,9.4797933614880437e-06,4.8897918401481912e-06,1.7415347499069492e-06,4.3993524900801630e-07,1.4581865338035986e-07
245,4.1139634440752023e-05,1.2003589525872483e-05,1.2909948253861083e-05,9.2111583769368098e-06,4.7514808886564203e-06,1.6927487261937997e-06,4.2827329500338612e-07,1.4243537422804289e-07
246,3.9975837311358597e-05,1.1663277669719381e-05,1.2543968799070982e-05,8.9501351339167136e-06,4.6170813103459846e-06,1.6453287317004334e-06,4.1691890623307441e-07,1.3912676037203294e-07
247,3.8844961017454061e-05,1.1332614301758232e-05,1.2188364289830624e-05,8.6965080060615532e-06,4.4864825501470210e-06,1.5992365519056707e-06,4.0586402222316405e-07,1.3589129552778834e-07
248,3.7746074432183542e-05,1.1011325846246078e-05,1.1842840619512663e-05,8.4500674717734013e-06,4.3595771739936889e-06,1.5544350391975690e-06,3.9510079196180352e-07,1.3272748949833484e-07
249,3.6678272756472272e-05,1.0699146485973679e-05,1.1507112018240578e-05,8.2106099416253519e-06,4.2362607809764723e-06,1.5108880832242275e-06,3.8462156852592867e-07,1.2963387790604019e-07
250,3.5640676775145532e-05,1.0395817942135404e-05,1.1180900816611559e-05,7.9779375906277578e-06,4.1164319179496448e-06,1.4685605820594339e-06,3.7441890384263259e-07,1.2660902191910512e-07
251,3.4632432134029965e-05,1.0101089260451547e-05,1.0863937216113379e-05,7.7518581952220136e-06,3.9999919965264335e-06,1.4274184141613659e-06,3.6448554358197869e-07,1.2365150797325691e-07
252,3.3652708637447064e-05,9.8147166033650615e-06,1.0555959066045730e-05,7.5321849748696788e-06,3.8868452123962538e-06,1.3874284111031090e-06,3.5481442217811931e-07,1.2075994748911118e-07
253,3.2700699565525614e-05,9.5364630481397061e-06,1.0256711646761946e-05,7.3187364381083306e-06,3.7768984669000660e-06,1.3485583310542766e-06,3.4539865797564766e-07,1.1793297658564428e-07
254,3.1775621010776480e-05,9.2660983906916689e-06,9.9659474590521476e-06,7.1113362329491200e-06,3.6700612908016318e-06,1.3107768329935377e-06,3.3623154849817379e-07,1.1516925579020121e-07
255,3.0876711233387879e-05,9.0033989549914320e-06,9.6834260194939523e-06,6.9098130014944169e-06,3.5662457701940824e-06,1.2740534516323696e-06,3.2730656583618194e-07,1.1246746974544240e-07
256,3.0003230034715008e-05,8.7481474078773896e-06,9.4089136616018272e-06,6.7140002386572330e-06,3.4653664744828080e-06,1.2383585730308539e-06,3.1861735215128586e-07,1.0982632691361553e-07
257,2.9154458148452287e-05,8.5001325791272522e-06,9.1421833426108601e-06,6.5237361548674934e-06,3.3673403863872835e-06,1.2036634108868152e-06,3.1015771529406473e-07,1.0724455927851901e-07
258,2.8329696648990535e-05,8.2591492866376037e-06,8.8830144557354244e-06,6.3388635426532577e-06,3.2720868339059381e-06,1.1699399834800838e-06,3.0192162453272142e-07,1.0472092204550748e-07
259,2.7528266376475939e-05,8.0249981665663912e-06,8.6311926477477511e-06,6.1592296469882084e-06,3.1795274241897144e-06,1.1371610912541364e-06,2.9390320638986495e-07,1.0225419333987206e-07
260,2.6749507378100289e-05,7.7974855082970992e-06,8.3865096417256673e-06,5.9846860392996289e-06,3.0895859792713861e-06,1.1053002950178133e-06,2.8609674058478015e-07,9.9843173903912038e-08
261,2.5992778365165969e-05,7.5764230940875977e-06,8.1487630648232191e-06,5.8150884950341201e-06,3.0021884735991579e-06,1.0743318947502733e-06,2.7849665607860551e-07,9.7486686792999449e-08
262,2.5257456185481299e-05,7.3616280432703612e-06,7.9177562809218586e-06,5.6502968746810639e-06,2.9172629733244287e-06,1.0442309089927711e-06,2.7109752721989729e-07,9.5183577070921964e-08
263,2.4542935310654552e-05,7.1529226608747320e-06,7.6932982280239893e-06,5.4901750081566727e-06,2.8347395772949877e-06,1.0149730548112766e-06,2.6389406998811540e-07,9.2932711504776089e-08
264,2.3848627337867075e-05,6.9501342905454844e-06,7.4752032602545719e-06,5.3345905824541465e-06,2.7545503597062051e-06,9.8653472831437477e-07,2.5688113833262180e-07,9.0732978259668004e-08
265,2.3173960505717578e-05,6.7530951716355857e-06,7.2632909943402418e-06,5.1834150324680862e-06,2.6766293143640778e-06,9.5889298571128036e-07,2.5005372060483842e-07,8.8583286593465851e-08
266,2.2518379223741077e-05,6.5616423003545152e-06,7.0573861604391478e-06,5.0365234349038588e-06,2.6009123005152401e-06,9.3202552489522021e-07,2.4340693608126332e-07,8.6482566551834972e-08
267,2.1881343615217168e-05,6.3756172948568778e-06,6.8573184571982386e-06,4.8937944051851017e-06,2.5273369902002785e-06,9.0591066753780189e-07,2.3693603157509787e-07,8.4429768663774406e-08
268,2.1262329072893034e-05,6.1948662641593669e-06,6.6629224109182836e-06,4.7551099972749784e-06,2.4558428170878704e-06,8.8052734168038393e-07,2.3063637813429077e-07,8.2423863637861513e-08
269,2.0660825827257190e-05,6.0192396807772889e-06,6.4740372387102303e-06,4.6203556063291527e-06,2.3863709267484370e-06,8.5585506480882951e-07,2.2450346782385263e-07,8.0463842059399609e-08
270,2.0076338527010026e-05,5.8485922569749680e-06,6.2905067155298675e-06,4.4894198741007017e-06,2.3188641283271121e-06,8.3187392739837738e-07,2.1853291059034867e-07,7.8548714088653147e-08
271,1.9508385831387324e-05,5.6827828245273970e-06,6.1121790449808814e-06,4.3621945970194870e-06,2.2532668475769622e-06,8.0856457691573199e-07,2.1272043120652219e-07,7.6677509160343415e-08
272,1.8956500014002346e-05,5.5216742178933495e-06,5.9389067337795860e-06,4.2385746368705630e-06,2.1895250812144190e-06,7.8590820226580557e-07,2.0706186629405320e-07,7.4849275684568298e-08
273,1.8420226577881772e-05,5.3651331607031014e-06,5.7705464697775635e-06,4.1184578339984327e-06,2.1275863525599830e-06,7.6388651867088918e-07,2.0155316142250060e-07,7.3063080749299662e-08
274,1.7899123881379617e-05,5.2130301554665967e-06,5.6069590034414129e-06,4.0017449229659084e-06,2.0673996684282196e-06,7.4248175297035223e-07,1.9619036828252442e-07,7.1318009824602095e-08
275,1.7392762774662279e-05,5.0652393764106034e-06,5.4480090326916845e-06,3.8883394505983647e-06,2.0089154772321007e-06,7.2167662932928961e-07,1.9096964193152937e-07,6.9613166468708298e-08
276,1.6900726246466452e-05,4.9216385653560101e-06,5.2935650910057871e-06,3.7781476963461270e-06,1.9520856282676835e-06,7.0145435534485125e-07,1.8588723810991459e-07,6.7947672036077564e-08
277,1.6422609080840010e-05,4.7821089305489327e-06,5.1434994386924120e-06,3.6710785948995951e-06,1.8968633321460733e-06,6.8179860853928334e-07,1.8093951062615857e-07,6.6320665387555284e-08
278,1.5958017523584182e-05,4.6465350483617589e-06,4.9976879572476071e-06,3.5670436609935340e-06,1.8432031223405092e-06,6.6269352322901805e-07,1.7612290880901065e-07,6.4731302602743797e-08
279,1.5506568958123159e-05,4.5148047677826648e-06,4.8560100467051786e-06,3.4659569163387788e-06,1.7910608178173241e-06,6.4412367775942340e-07,1.7143397502510136e-07,6.3178756694687085e-08
280,1.5067891590535052e-05,4.3868091176144098e-06,4.7183485258965674e-06,3.3677348186212926e-06,1.7403934867203750e-06,6.2607408209511654e-07,1.6686934226032534e-07,6.1662217326964663e-08
281,1.4641624143485604e-05,4.2624422163055272e-06,4.5845895355377727e-06,3.2722961925102168e-06,1.6911594110794011e-06,6.0853016575601240e-07,1.6242573176339006e-07,6.0180890533282851e-08
282,1.4227415558813288e-05,4.1416011843391600e-06,4.4546224440632007e-06,3.1795621626182148e-06,1.6433180525135602e-06,5.9147776608954610e-07,1.5809995074996202e-07,5.8733998439645200e-08
283,1.3824924708521569e-05,4.0241860591069607e-06,4.3283397561286062e-06,3.0894560883589533e-06,1.5968300189022211e-06,5.7490311686976728e-07,1.5388889016588101e-07,5.7320778989177222e-08
284,1.3433820113940890e-05,3.9100997121975093e-06,4.2056370237074844e-06,3.0019035006481674e-06,1.5516570319958439e-06,5.5879283721425985e-07,1.4978952250794973e-07,5.5940485669674693e-08
285,1.3053779672829760e-05,3.7992477690307134e-06,4.0864127597074197e-06,2.9168320403962203e-06,1.5077618959405409e-06,5.4313392081008479e-07,1.4579889970084234e-07,5.4592387243938690e-08
286,1.2684490394190671e-05,3.6915385307716232e-06,3.9705683540349900e-06,2.8341713987415576e-06,1.4651084666906503e-06,5.2791372544018204e-07,1.4191415102871129e-07,5.3275767482955259e-08
287,1.2325648140582982e-05,3.5868828984589571e-06,3.8580079920398168e-06,2.7538532589758650e-06,1.4236616222843591e-06,5.1311996280190525e-07,1.3813248112010719e-07,5.1989924901972159e-08
288,1.1976957377721081e-05,3.4851942992854978e-06,3.7486385752703630e-06,2.6758112401131335e-06,1.3833872339581202e-06,4.9874068860958789e-07,1.3445116798485877e-07,5.0734172499519858e-08
289,1.1638130931151921e-05,3.3863886149692787e-06,3.6423696444759330e-06,2.5999808420561670e-06,1.3442521380762669e-06,4.8476429297325945e-07,1.3086756110159551e-07,4.9507837499419579e-08
290,1.1308889749812092e-05,3.2903841121562533e-06,3.5391133047912475e-06,2.5262993923153916e-06,1.3062241088529055e-06,4.7117949104585203e-07,1.2737907955462578e-07,4.8310261095816136e-08
291,1.0988962676269994e-05,3.1971013747967742e-06,3.4387841530417164e-06,2.4547059942360866e-06,1.2692718318437931e-06,4.5797531393143858e-07,1.2398321021891667e-07,4.7140798201269077e-08
292,1.0678086223464275e-05,3.1064632384399041e-06,3.3412992071093158e-06,2.3851414766913868e-06,1.2333648781865277e-06,4.4514109984725677e-07,1.2067750599195194e-07,4.5998817197931534e-08
293,1.0376004357754992e-05,3.0183947263911191e-06,3.2465778373006640e-06,2.3175483451996255e-06,1.1984736795679984e-06,4.3266648553246680e-07,1.1745958407127455e-07,4.4883699691842092e-08
294,1.0082468288109166e-05,2.9328229876805534e-06,3.1545416996605622e-06,2.2518707344257458e-06,1.1645695038986152e-06,4.2054139789678683e-07,1.1432712427655094e-07,4.3794840270351236e-08
295,9.7972362612473481e-06,2.8496772367904037e-06,3.0651146711758390e-06,2.1880543620276269e-06,1.1316244316734201e-06,4.0875604590233617e-07,1.1127786741502141e-07,4.2731646262700302e-08
296,9.5200733625827920e-06,2.7688886950915897e-06,2.9782227868159519e-06,2.1260464838093139e-06,1.0996113330007350e-06,3.9730091267220393e-07,1.0830961368923077e-07,4.1693537503767443e-08
297,9.2507513227895353e-06,2.6903905339411802e-06,2.8937941783582644e-06,2.0657958501441618e-06,1.0685038452795417e-06,3.8616674781943405e-07,1.0542022114596016e-07,4.0679946100991990e-08
298,8.9890483298402992e-06,2.6141178193934651e-06,2.8117590149474225e-06,2.0072526636320028e-06,1.0382763515073185e-06,3.7534455999029596e-07,1.0260760416530755e-07,3.9690316204485230e-08
299,8.7347488463596688e-06,2.5400074584789018e-06,2.7320494453396915e-06,1.9503685379554033e-06,1.0089039592005717e-06,3.6482560961587630e-07,9.9869731988891627e-08,3.8724103780333013e-08
300,8.4876434321422870e-06,2.4679981470064566e-06,2.6545995417844731e-06,1.8950964579011052e-06,9.8036247991078797e-07,3.5460140186619269e-07,9.7204627286178564e-08,3.7780776387092476e-08
301,8.2475285716901004e-06,2.3980303188461226e-06,2.5793452454966287e-06,1.8413907405136869e-06,9.5262840931903139e-07,3.4466367980119112e-07,9.4610364757956430e-08,3.6859812955483102e-08
302,8.0142065066268060e-06,2.3300460966496333e-06,2.5062243136744862e-06,1.7892069973493977e-06,9.2567890789287100e-07,3.3500441771314298e-07,9.2085069776006699e-08,3.5960703571268992e-08
303,7.7874850728516336e-06,2.2639892439685715e-06,2.4351762680197518e-06,1.7385020977990460e-06,8.9949178208978038e-07,3.2561581465511009e-07,8.9626917058045662e-08,3.5082949261327886e-08
304,7.5671775422984921e-06,2.1998051187302409e-06,2.3661423447167296e-06,1.6892341334496903e-06,8.7404546609160575e-07,3.1649028815029370e-07,8.7234129377032408e-08,3.4226061782899366e-08
305,7.3531024691703234e-06,2.1374406280327798e-06,2.2990654458295020e-06,1.6413623834557297e-06,8.4931900405512128e-07,3.0762046807722606e-07,8.4904976303961939e-08,3.3389563416003231e-08
306,7.1450835405221302e-06,2.0768441842221051e-06,2.2338900920768729e-06,1.5948472808908313e-06,8.2529203286411513e-07,2.9899919072590336e-07,8.2637772983285088e-08,3.2572986759016555e-08
307,6.9429494310697569e-06,2.0179656622143291e-06,2.1705623769460239e-06,1.5496503800529357e-06,8.0194476536885973e-07,2.9061949302009454e-07,8.0430878940117681e-08,3.1775874527396653e-08
308,6.7465336621049813e-06,1.9607563580283195e-06,2.1090299221069349e-06,1.5057343246953620e-06,7.7925797409921669e-07,2.8247460690119143e-07,7.8282696918422998e-08,3.0997779355534698e-08
309,6.5556744644007782e-06,1.9051689484940807e-06,2.0492418340906983e-06,1.4630628171577988e-06,7.5721297543800824e-07,2.7455795386909612e-07,7.6191671749372083e-08,3.0238263601723924e-08
310,6.3702146449939989e-06,1.8511574521036101e-06,1.9911486621959052e-06,1.4216005883717148e-06,7.3579161424167489e-07,2.6686313967576389e-07,7.4156289249106165e-08,2.9496899156224090e-08
311,6.1900014577358240e-06,1.7986771909718285e-06,1.9347023575882896e-06,1.3813133687154259e-06,7.1497624889558642e-07,2.5938394916714413e-07,7.2175075145145703e-08,2.8773267252402906e-08
312,6.0148864775034448e-06,1.7476847538760952e-06,1.8798562335598091e-06,1.3421678596947731e-06,6.9474973679174710e-07,2.5211434126937736e-07,7.0246594030709037e-08,2.8066958280933567e-08
313,5.8447254779694920e-06,1.6981379603437242e-06,1.8265649269142925e-06,1.3041317064260355e-06,6.7509542021696729e-07,2.4504844411522359e-07,6.8369448346222552e-08,2.7377571607026391e-08
314,5.6793783128285883e-06,1.6499958257577780e-06,1.7747843604477284e-06,1.2671734708983644e-06,6.5599711263991651e-07,2.3818055030680676e-07,6.6542277387322769e-08,2.6704715390671191e-08
315,5.5187088003832917e-06,1.6032185274522611e-06,1.7244717064921586e-06,1.2312626059936723e-06,6.3743908538579432e-07,2.3150511231087175e-07,6.4763756338667554e-08,2.6048006409866304e-08
316,5.3625846113944331e-06,1.5577673717686505e-06,1.6755853514930282e-06,1.1963694302425224e-06,6.1940605468767872e-07,2.2501673798285286e-07,6.3032595332892266e-08,2.5407069886808734e-08
317,5.2108771601035537e-06,1.5136047620465103e-06,1.6280848615907055e-06,1.1624651032951876e-06,6.0188316910391172e-07,2.1871018621615772e-07,6.1347538534062220e-08,2.4781539317019218e-08
318,5.0634614983377271e-06,1.4706941675216883e-06,1.5819309491776929e-06,1.1295216020876230e-06,5.8485599729118869e-07,2.1258036271316985e-07,5.9707363244990317e-08,2.4171056301375173e-08
319,4.9202162126096315e-06,1.4290000931063675e-06,1.5370854404038858e-06,1.0975116976826739e-06,5.6831051612330593e-07,2.0662231587457066e-07,5.8110879037804147e-08,2.3575270381023482e-08
320,4.7810233241281366e-06,1.3884880500259567e-06,1.4935112436029943e-06,1.0664089327674007e-06,5.5223309914580156e-07,2.0083123280367553e-07,5.6556926907162848e-08,2.2993838875144550e-08
321,4.6457681916371441e-06,1.3491245272885293e-06,1.4511723186140222e-06,1.0361875997879375e-06,5.3661050535700667e-07,1.9520243542257131e-07,5.5044378445538822e-08,2.2426426721538281e-08
322,4.5143394170026693e-06,1.3108769639631961e-06,1.4100336469724293e-06,1.0068227197038329e-06,5.2142986830628238e-07,1.8973137669693178e-07,5.3572135039995074e-08,2.1872706320002055e-08
323,4.3866287534704532e-06,1.2737137222444736e-06,1.3700612029463231e-06,9.7829002134432348e-07,5.0667868550048660e-07,1.8441363696647442e-07,5.2139127089902540e-08,2.1332357378470242e-08
324,4.2625310165185960e-06,1.2376040612803620e-06,1.3312219253937260e-06,9.5056592134949934e-07,4.9234480810996081e-07,1.7924492037810668e-07,5.0744313245056602e-08,2.0805066761884277e-08
325,4.1419439972318053e-06,1.2025181117424755e-06,1.2934836904176445e-06,9.2362750467979028e-07,4.7841643096557546e-07,1.7422105141889187e-07,4.9386679663665605e-08,2.0290528343761818e-08
326,4.0247683781259685e-06,1.1684268511171792e-06,1.2568152847963231e-06,8.9745250567767979e-07,4.6488208283861079e-07,1.6933797154604459e-07,4.8065239289697226e-08,1.9788442860433323e-08
327,3.9109076513537294e-06,1.1353020796972934e-06,1.2211863801667081e-06,8.7201928966600449e-07,4.5173061699548282e-07,1.6459173591124441e-07,4.6779031149082621e-08,1.9298517767913662e-08
328,3.8002680392237531e-06,1.1031163972544973e-06,1.1865675079397731e-06,8.4730683506764070e-07,4.3895120201954546e-07,1.5997851017663054e-07,4.5527119664289814e-08,1.8820467101376479e-08
329,3.6927584169682221e-06,1.0718431803731286e-06,1.1529300349269538e-06,8.2329471603181002e-07,4.2653331289242485e-07,1.5549456741991467e-07,4.4308593986791500e-08,1.8354011337198503e-08
330,3.5882902376949995e-06,1.0414565604266281e-06,1.1202461396575407e-06,7.9996308555265352e-07,4.1446672232755124e-07,1.5113628512612123e-07,4.3122567346963620e-08,1.7898877257540795e-08
331,3.4867774594626611e-06,1.0119314021784038e-06,1.0884887893674371e-06,7.7729265906613115e-07,4.0274149234876013e-07,1.4690014226353155e-07,4.1968176420963535e-08,1.7454797817433888e-08
332,3.3881364744183595e-06,9.8324328298941183e-07,1.0576317176402536e-06,7.5526469851169668e-07,3.9134796610703712e-07,1.4278271644147886e-07,4.0844580714147849e-08,1.7021512014333464e-08
333,3.2922860399401711e-06,9.5536847261524786e-07,1.0276494026822448e-06,7.3386099684558171e-07,3.8027675992867756e-07,1.3878068114770464e-07,3.9750961960601405e-08,1.6598764760113139e-08
334,3.1991472117272484e-06,9.2828391357603667e-07,9.9851704621312456e-07,7.1306386299289656e-07,3.6951875558831814e-07,1.3489080306305132e-07,3.8686523538359739e-08,1.6186306755460952e-08
335,3.1086432787826646e-06,9.0196720208287480e-07,9.7021055295529455e-07,6.9285610722611659e-07,3.5906509280048550e-07,1.3110993945132870e-07,3.7650489899918207e-08,1.5783894366645951e-08
336,3.0206997002354433e-06,8.7639656950504904e-07,9.4270651070452685e-07,6.7322102695787664e-07,3.4890716192348629e-07,1.2743503562225144e-07,3.6642106017631307e-08,1.5391289504621339e-08
337,2.9352440439497307e-06,8.5155086436269536e-07,9.1598217096561694e-07,6.5414239293633293e-07,3.3903659686963484e-07,1.2386312246540405e-07,3.5660636843615957e-08,1.5008259506430624e-08
338,2.8522059268705784e-06,8.2740953482999909e-07,8.9001543013698864e-07,6.3560443583169212e-07,3.2944526821598659e-07,1.2039131405324617e-07,3.4705366783782221e-08,1.4634577018883207e-08
339,2.7715169570572078e-06,8.0395261173446395e-07,8.6478481122869299e-07,6.1759183320282304e-07,3.2012527650990956e-07,1.1701680531122725e-07,3.3775599185624986e-08,1.4270019884466064e-08
340,2.6931106773560369e-06,7.8116069203818018e-07,8.4026944609867759e-07,6.0008969683318362e-07,3.1106894576398590e-07,1.1373686975313304e-07,3.2870655839419143e-08,1.3914371029457975e-08
341,2.6169225106670778e-06,7.5901492278742870e-07,8.1644905819263573e-07,5.8308356042560129e-07,3.0226881713488991e-07,1.1054885727983920e-07,3.1989876492470340e-08,1.3567418354213145e-08
342,2.5428897067586421e-06,7.3749698551734009e-07,7.9330394577315898e-07,5.6655936764573831e-07,2.9371764278104345e-07,1.0745019203969764e-07,3.1132618376081949e-08,1.3228954625580988e-08
343,2.4709512905865545e-06,7.1658908109870691e-07,7.7081496562432201e-07,5.5050346050436430e-07,2.8540837989399246e-07,1.0443837034883160e-07,3.0298255744908054e-08,1.2898777371429073e-08
344,2.4010480120753373e-06,6.9627391501441305e-07,7.4896351721822370e-07,5.3490256806883705e-07,2.7733418489859411e-07,1.0151095866966297e-07,2.9486179428370384e-08,1.2576688777236379e-08
345,2.3331222973199841e-06,6.7653468305329894e-07,7.2773152733038716e-07,5.1974379549446398e-07,2.6948840781724185e-07,9.8665591646042660e-08,2.8695796393825599e-08,1.2262495584724178e-08
346,2.2671182011681578e-06,6.5735505740962552e-07,7.0710143509129415e-07,5.0501461336668035e-07,2.6186458679348924e-07,9.5899970193399713e-08,2.7926529321177408e-08,1.1956008992492035e-08
347,2.2029813611437728e-06,6.3871917317664037e-07,6.8705617746169163e-07,4.9070284734524086e-07,2.5445644277056760e-07,9.3211859642370086e-08,2.7177816188635780e-08,1.1657044558626675e-08
348,2.1406589526739967e-06,6.2061161522306881e-07,6.6757917511965539e-07,4.7679666810186388e-07,2.4725787432041565e-07,9.0599087934408076e-08,2.6449109869333266e-08,1.1365422105251662e-08
349,2.0800996455828248e-06,6.0301740544167296e-07,6.4865431874774112e-07,4.6328458154301651e-07,2.4026295261896676e-07,8.8059543867925828e-08,2.5739877738515869e-08,1.1080965624986033e-08
350,2.0212535618153870e-06,5.8592199035933405e-07,6.3026595570887444e-07,4.5015541930975980e-07,2.3346591656355807e-07,8.5591175393546782e-08,2.5049601291033229e-08,1.0803503189280341e-08
351,1.9640722343581753e-06,5.6931122909840169e-07,6.1239887709996927e-07,4.3739832954680515e-07,2.2686116802844200e-07,8.3191987957098288e-08,2.4377775768859978e-08,1.0532866858598804e-08
352,1.9085085673213735e-06,5.5317138167935473e-07,5.9503830517255867e-07,4.2500276793315347e-07,2.2044326725449544e-07,8.0860042889007722e-08,2.3723909798386957e-08,1.0268892594416492e-08
353,1.8545167971504003e-06,5.3748909765509622e-07,5.7816988111003565e-07,4.1295848896690482e-07,2.1420692836933213e-07,7.8593455838802636e-08,2.3087525037227911e-08,1.0011420173000775e-08
354,1.8020524549347366e-06,5.2225140506747843e-07,5.6177965315139830e-07,4.0125553749703718e-07,2.0814701503412973e-07,7.6390395253453025e-08,2.2468155830293663e-08,9.7602931009466224e-09
355,1.7510723297829959e-06,5.0744569971692315e-07,5.4585406505167055e-07,3.8988424049515711e-07,2.0225853621358909e-07,7.4249080898328261e-08,2.1865348874892284e-08,9.5153585324354621e-09
356,1.7015344332340682e-06,4.9305973473626034e-07,5.3037994486945944e-07,3.7883519906042132e-07,1.9653664206554342e-07,7.2167782419575883e-08,2.1278662894619963e-08,9.2764671881878458e-09
357,1.6533979646750431e-06,4.7908161046015890e-07,5.1534449407237135e-07,3.6809928065102333e-07,1.9097661994683323e-07,7.0144817946762654e-08,2.0707668321813406e-08,9.0434732760802683e-09
358,1.6066232777374214e-06,4.6549976458177042e-07,5.0073527695127791e-07,3.5766761153582533e-07,1.8557389053215958e-07,6.8178552734650979e-08,2.0151946988340446e-08,8.8162344133968993e-09
359,1.5611718476439473e-06,4.5230296258844124e-07,4.8654021033467657e-07,3.4753156945989550e-07,1.8032400404272030e-07,6.6267397843014919e-08,1.9611091824511455e-08,8.5946115506873669e-09
360,1.5170062394791688e-06,4.3948028846858154e-07,4.7274755359463710e-07,3.3768277651789320e-07,1.7522263658152442e-07,6.4409808853431048e-08,1.9084706565899570e-08,8.3784688972019123e-09
361,1.4740900773575975e-06,4.2702113568200399e-07,4.5934589893606907e-07,3.2811309222940853e-07,1.7026558657236799e-07,6.2604284622008990e-08,1.8572405467863435e-08,8.1676738478756994e-09
362,1.4323880144640756e-06,4.1491519838626122e-07,4.4632416196127778e-07,3.1881460681053638e-07,1.6544877129953907e-07,6.0849366067055372e-08,1.8073813027571402e-08,7.9620969118343505e-09
363,1.3918657039416738e-06,4.0315246291172460e-07,4.3367157250200480e-07,3.0977963463612276e-07,1.6076822354540395e-07,5.9143634990693189e-08,1.7588563713331274e-08,7.7616116423930715e-09
364,1.3524897706031534e-06,3.9172319947835198e-07,4.2137766571137096e-07,3.0100070788728203e-07,1.5622008832310528e-07,5.7485712933486083e-08,1.7116301701034956e-08,7.5660945685221978e-09
365,1.3142277834426890e-06,3.8061795414729254e-07,4.0943227340835270e-07,2.9247057037893335e-07,1.5180061970168288e-07,5.5874260061143197e-08,1.6656680617532052e-08,7.3754251277521864e-09
366,1.2770482289252112e-06,3.6982754100066937e-07,3.9782551566763316e-07,2.8418217156225632e-07,1.4750617772100284e-07,5.4307974082406648e-08,1.6209363290751467e-08,7.1894856004915388e-09
367,1.2409204850313836e-06,3.5934303454307309e-07,3.8654779264787201e-07,2.7612866069710910e-07,1.4333322539395497e-07,5.2785589197248309e-08,1.5774021506394700e-08,7.0081610457314542e-09
368,1.2058147960368235e-06,3.4915576231847715e-07,3.7558977665163602e-07,2.6830338118959236e-07,1.3927832579345028e-07,5.1305875074527411e-08,1.5350335771029048e-08,6.8313392381113457e-09
369,1.1717022480048082e-06,3.3925729773647087e-07,3.6494240441042105e-07,2.6069986509007919e-07,1.3533813922182011e-07,4.9867635858284006e-08,1.4937995081413441e-08,6.6589106063197235e-09
370,1.1385547449722758e-06,3.2963945310187361e-07,3.5459686958838591e-07,2.5331182774716453e-07,1.3150942046028628e-07,4.8469709201866374e-08,1.4536696699893949e-08,6.4907681728053030e-09
371,1.1063449858095110e-06,3.2029427284196383e-07,3.4454461549859758e-07,2.4613316261311509e-07,1.2778901609623733e-07,4.7110965329113192e-08,1.4146145935710264e-08,6.3268074947735544e-09
372,1.0750464417344583e-06,3.1121402692572224e-07,3.3477732802576317e-07,2.3915793619652727e-07,1.2417386192611034e-07,4.5790306121832640e-08,1.3766055932058482e-08,6.1669266064442156e-09
373,1.0446333344631459e-06,3.0239120446964273e-07,3.2528692874959488e-07,2.3238038315802070e-07,1.2066098043173984e-07,4.4506664232842278e-08,1.3396147458759683e-08,6.0110259625457400e-09
374,1.0150806149782185e-06,2.9381850752482384e-07,3.1606556826312016e-07,2.2579490154491464e-07,1.1724747832809554e-07,4.3259002223853852e-08,1.3036148710387547e-08,5.8590083830228946e-09
375,9.8636394289810337e-07,2.8548884504019954e-07,3.0710561968041102e-07,2.1939604816094931e-07,1.1393054418039006e-07,4.2046311727507223e-08,1.2685795109712178e-08,5.7107789989341510e-09
376,9.5845966642981101e-07,2.7739532699691682e-07,2.9839967232836227e-07,2.1317853406722375e-07,1.1070744608859406e-07,4.0867612632877258e-08,1.2344829116320977e-08,5.5662451995158400e-09
377,9.3134480288886280e-07,2.6953125870900730e-07,2.8994052561730132e-07,2.0713722021063389e-07,1.0757552943745249e-07,3.9721952293796377e-08,1.2013000040280981e-08,5.4253165803903806e-09
378,9.0499701977030235e-07,2.6189013528563771e-07,2.8172118308535944e-07,2.0126711317619552e-07,1.0453221471014908e-07,3.8608404759353642e-08,1.1690063860710694e-08,5.2879048928962600e-09
379,8.7939461635520078e-07,2.5446563625035978e-07,2.7373484661167913e-07,1.9556336105974314e-07,1.0157499536381848e-07,3.7526070025949593e-08,1.1375783049132794e-08,5.1539239945177777e-09
380,8.5451650583750592e-07,2.4725162031290662e-07,2.6597491079367089e-07,1.9002124945759301e-07,9.8701435765157123e-08,3.6474073310302910e-08,1.1069926397482495e-08,5.0232898003929127e-09
381,8.3034219795651893e-07,2.4024212028921246e-07,2.5843495748366894e-07,1.8463619756985532e-07,9.5909169184432338e-08,3.5451564342822350e-08,1.0772268850649531e-08,4.8959202358780217e-09
382,8.0685178212068944e-07,2.3343133816545209e-07,2.5110875048046668e-07,1.7940375441417554e-07,9.3195895846238218e-08,3.4457716680773507e-08,1.0482591343435021e-08,4.7717351901484183e-09
383,7.8402591100883551e-07,2.2681364030201762e-07,2.4399023037134209e-07,1.7431959514677522e-07,9.0559381035392944e-08,3.3491727040685959e-08,1.0200680641807421e-08,4.6506564708142037e-09
384,7.6184578463527790e-07,2.2038355277346500e-07,2.3707350952030559e-07,1.6937951748775171e-07,8.7997453256417525e-08,3.2552814649462162e-08,9.9263291883449108e-09,4.5326077595310966e-09
385,7.4029313486577017e-07,2.1413575684057585e-07,2.3035286719842654e-07,1.6457943824768208e-07,8.5508002445080948e-08,3.1640220613664043e-08,9.6593349517544111e-09,4.4175145685862870e-09
386,7.1935021037146414e-07,2.0806508455078772e-07,2.2382274485220925e-07,1.5991538995266049e-07,8.3088978230538251e-08,3.0753207306468426e-08,9.3995012803603265e-09,4.3053041984397228e-09
387,6.9899976200852855e-07,2.0216651446335550e-07,2.1747774150610576e-07,1.5538351756497977e-07,8.0738388246630804e-08,2.9891057771796292e-08,9.1466367594588913e-09,4.1959056962015499e-09
388,6.7922502861137096e-07,1.9643516749570557e-07,2.1131260929536250e-07,1.5098007529674643e-07,7.8454296490958015e-08,2.9053075145134923e-08,8.9005550724366812e-09,4.0892498150267190e-09
389,6.6000972318776787e-07,1.9086630288754838e-07,2.0532224912550635e-07,1.4670142351379569e-07,7.6234821730369253e-08,2.8238582090585371e-08,8.6610748655545429e-09,3.9852689744081538e-09
390,6.4133801950453069e-07,1.8545531427940993e-07,1.9950170645487885e-07,1.4254402572734756e-07,7.4078135951562580e-08,2.7446920253680877e-08,8.4280196163007147e-09,3.8838972213501575e-09
391,6.2319453905266100e-07,1.8019772590233876e-07,1.9384616719673224e-07,1.3850444567091731e-07,7.1982462855514656e-08,2.6677449729534428e-08,8.2012175052194815e-09,3.7850701924040365e-09
392,6.0556433838125757e-07,1.7508918887563675e-07,1.8835095373749563e-07,1.3457934446006474e-07,6.9946076394501937e-08,2.5929548545886175e-08,7.9805012911240761e-09,3.6887250765482977e-09
393,5.8843289678974626e-07,1.7012547760955022e-07,1.8301152106791964e-07,1.3076547783263400e-07,6.7967299350507913e-08,2.5202612160633326e-08,7.7657081896049845e-09,3.5948005788959973e-09
394,5.7178610436829222e-07,1.6530248630994674e-07,1.7782345302389916e-07,1.2705969346720373e-07,6.6044501953846300e-08,2.4496052973436928e-08,7.5566797547471158e-09,3.5032368852122066e-09
395,5.5561025037655002e-07,1.6061622558208560e-07,1.7278245863386428e-07,1.2345892837753050e-07,6.4176100540862046e-08,2.3809299851011174e-08,7.3532617639715004e-09,3.4139756272248115e-09
396,5.3989201195117315e-07,1.5606281913067290e-07,1.6788436856971903e-07,1.1996020638083234e-07,6.2360556249605127e-08,2.3141797665712113e-08,7.1553041059194876e-09,3.3269598487121867e-09
397,5.2461844313278926e-07,1.5163850055347093e-07,1.6312513169839230e-07,1.1656063563781960e-07,6.0596373752402451e-08,2.2493006847053065e-08,6.9626606712994295e-09,3.2421339723515694e-09
398,5.0977696420339924e-07,1.4733961022581071e-07,1.5850081173114841e-07,1.1325740626244016e-07,5.8882100024284715e-08,2.1862402945784869e-08,6.7751892466180508e-09,3.1594437673122553e-09
399,4.9535535132541882e-07,1.4316259227342893e-07,1.5400758396788624e-07,1.1004778799936288e-07,5.7216323146253355e-08,2.1249476210188837e-08,6.5927514107206272e-09,3.0788363175780353e-09
400,4.8134172647383352e-07,1.3910399163112686e-07,1.4964173213373387e-07,1.0692912796728019e-07,5.5597671142402448e-08,2.0653731174240442e-08,6.4152124340661611e-09,3.0002599909835586e-09
401,4.6772454765316753e-07,1.3516045118481671e-07,1.4539964530532256e-07,1.0389884846616417e-07,5.4024810849937650e-08,2.0074686257311197e-08,6.2424411806656150e-09,2.9236644089496136e-09
402,4.5449259939121619e-07,1.3132870899459228e-07,1.4127781492419724e-07,1.0095444484666385e-07,5.2496446821161615e-08,1.9511873375085465e-08,6.0743100126131799e-09,2.8490004169025674e-09
403,4.4163498350170898e-07,1.2760559559652650e-07,1.3727283189489381e-07,9.8093483439882932e-08,5.1011320256521588e-08,1.8964837561378199e-08,5.9106946971423559e-09,2.7762200553635137e-09
404,4.2914111010829480e-07,1.2398803138096386e-07,1.3338138376528276e-07,9.5313599545826182e-08,4.9568207967840546e-08,1.8433136600548087e-08,5.7514743161404423e-09,2.7052765316929104e-09
405,4.1700068892245964e-07,1.2047302404513913e-07,1.2960025198684689e-07,9.2612495478852730e-08,4.8165921370877949e-08,1.7916340670209448e-08,5.5965311780567188e-09,2.6361241924767889e-09
406,4.0520372076818911e-07,1.1705766611801515e-07,1.2592630925262707e-07,8.9987938668519878e-08,4.6803305506390435e-08,1.7414031993954309e-08,5.4457507321413604e-09,2.5687184965408694e-09
407,3.9374048934639868e-07,1.1373913255529215e-07,1.2235651691063478e-07,8.7437759814248369e-08,4.5479238088886284e-08,1.6925804503804264e-08,5.2990214849536974e-09,2.5030159885791535e-09
408,3.8260155323234777e-07,1.1051467840259955e-07,1.1888792245059112e-07,8.4959851092283449e-08,4.4192628582290078e-08,1.6451263512119611e-08,5.1562349190801149e-09,2.4389742733838657e-09
409,3.7177773809944496e-07,1.0738163652493664e-07,1.1551765706191401e-07,8.2552164413469825e-08,4.2942417301756499e-08,1.5990025392700797e-08,5.0172854140033823e-09,2.3765519906638232e-09
410,3.6126012916304266e-07,1.0433741540048456e-07,1.1224293326093414e-07,8.0212709730400542e-08,4.1727574540893414e-08,1.5541717270824670e-08,4.8820701690667773e-09,2.3157087904385921e-09
411,3.5104006383799565e-07,1.0137949697696428e-07,1.0906104258537639e-07,7.7939553392540454e-08,4.0547099723675450e-08,1.5105976721965252e-08,4.7504891284778175e-09,2.2564053089960146e-09
412,3.4110912460393620e-07,9.8505434588767116e-08,1.0596935335420023e-07,7.5730816547964658e-08,3.9400020580349575e-08,1.4682451478955809e-08,4.6224449082978775e-09,2.1986031454009457e-09
413,3.3145913207239162e-07,9.5712850933135808e-08,1.0296530849094617e-07,7.3584673590391254e-08,3.8285392346654104e-08,1.4270799147355643e-08,4.4978427253653672e-09,2.1422648385432618e-09
414,3.2208213825003101e-07,9.2999436103720631e-08,1.0004642340878805e-07,7.1499350650224124e-08,3.7202296985691426e-08,1.3870686928791853e-08,4.3765903281015184e-09,2.0873538447134525e-09
415,3.1297041999249578e-07,9.0362945679885394e-08,9.7210283955541404e-08,6.9473124128359190e-08,3.6149842431813736e-08,1.3481791352052621e-08,4.2585979291491660e-09,2.0338345156943182e-09
416,3.0411647264342016e-07,8.7801198870181653e-08,9.4454544416929014e-08,6.7504319271541848e-08,3.5127161855898976e-08,1.3103798011714864e-08,4.1437781397962070e-09,1.9816720773575438e-09
417,2.9551300385340345e-07,8.5312076708456068e-08,9.1776925576451192e-08,6.5591308788098208e-08,3.4133412951411941e-08,1.2736401314095218e-08,4.0320459061366775e-09,1.9308326087541203e-09
418,2.8715292757384413e-07,8.2893520301098488e-08,8.9175212830256749e-08,6.3732511502895814e-08,3.3167777240662450e-08,1.2379304230319156e-08,3.9233184469236528e-09,1.8812830216878192e-09
419,2.7902935822068748e-07,8.0543529123981068e-08,8.6647254355455341e-08,6.1926391050422386e-08,3.2229459400689307e-08,1.2032218056308864e-08,3.8175151930693274e-09,1.8329910407611375e-09
420,2.7113560500328053e-07,7.8260159367679395e-08,8.4190959330356018e-08,6.0171454604901997e-08,3.1317686608214875e-08,1.1694862179496044e-08,3.7145577287488509e-09,1.7859251838833391e-09
421,2.6346516641366411e-07,7.6041522329607148e-08,8.1804296205159821e-08,5.8466251646399290e-08,3.0431707903130623e-08,1.1366963852071205e-08,3.6143697340655977e-09,1.7400547432304251e-09
422,2.5601172487176206e-07,7.3885782851733974e-08,7.9485291021676523e-08,5.6809372761891838e-08,2.9570793569989597e-08,1.1048257970586411e-08,3.5168769292366866e-09,1.6953497666470835e-09
423,2.4876914152205836e-07,7.1791157802594301e-08,7.7232025780675378e-08,5.5199448480319477e-08,2.8734234536996276e-08,1.0738486861733392e-08,3.4220070202586236e-09,1.6517810394808515e-09
424,2.4173145117747548e-07,6.9755914602331890e-08,7.5042636855519604e-08,5.3635148140648019e-08,2.7921341791998939e-08,1.0437400074124098e-08,3.3296896460140137e-09,1.6093200668389366e-09
425,2.3489285740629166e-07,6.7778369789559143e-08,7.2915313450772537e-08,5.2115178792011465e-08,2.7131445815003398e-08,1.0144754175905490e-08,3.2398563267812955e-09,1.5679390562583308e-09
426,2.2824772775804754e-07,6.5856887628846715e-08,7.0848296104500548e-08,5.0638284125023735e-08,2.6363896026740887e-08,9.8603125580451336e-09,3.1524404141104651e-09,1.5276109007800430e-09
427,2.2179058912451299e-07,6.3989878757690771e-08,6.8839875233033821e-08,4.9203243433376674e-08,2.5618060252835835e-08,9.5838452431287210e-09,3.0673770420287207e-09,1.4883091624184681e-09
428,2.1551612323189179e-07,6.2175798871839044e-08,6.6888389716981631e-08,4.7808870604865810e-08,2.4893324203132203e-08,9.3151286995151058e-09,2.9846030795409014e-09,1.4500080560170843e-09
429,2.0941916226055161e-07,6.0413147447888183e-08,6.4992225527332444e-08,4.6454013141010155e-08,2.4189090965749665e-08,9.0539456606987569e-09,2.9040570843905409e-09,1.4126824334818710e-09
430,2.0349468458867228e-07,5.8700466502095719e-08,6.3149814390502299e-08,4.5137551204455512e-08,2.3504780515452782e-08,8.8000849497337215e-09,2.8256792580482087e-09,1.3763077683839945e-09
431,1.9773781065630542e-07,5.7036339384379734e-08,6.1359632491227775e-08,4.3858396693373966e-08,2.2839829235928385e-08,8.5533413085773271e-09,2.7494114018947419e-09,1.3408601409235036e-09
432,1.9214379894644101e-07,5.5419389606509084e-08,5.9620199212230187e-08,4.2615492342094597e-08,2.2193689455577677e-08,8.3135152322157535e-09,2.6751968745677814e-09,1.3063162232459374e-09
433,1.8670804207976830e-07,5.3848279703514464e-08,5.7930075909609012e-08,4.1407810847221844e-08,2.1565828996440640e-08,8.0804128074375377e-09,2.6029805504408656e-09,1.2726532651039203e-09
434,1.8142606301991667e-07,5.2321710127378691e-08,5.6287864722951306e-08,4.0234354018519365e-08,2.0955730735881409e-08,7.8538455561247513e-09,2.5327087792051601e-09,1.2398490798559869e-09
435,1.7629351138605036e-07,5.0838418172091051e-08,5.4692207419173253e-08,3.9094151953857577e-08,2.0362892180673435e-08,7.6336302829353421e-09,2.4643293465246669e-09,1.2078820307950361e-09
436,1.7130615986977931e-07,4.9397176929176481e-08,5.3141784269137385e-08,3.7986262237542652e-08,1.9786825053133759e-08,7.4195889272535283e-09,2.3977914357365333e-09,1.1767310177989807e-09
437,1.6645990075343613e-07,4.7996794272835668e-08,5.1635312956116271e-08,3.6909769161364753e-08,1.9227054888965536e-08,7.2115484192887661e-09,2.3330455905688289e-09,1.1463754642963115e-09
438,1.6175074252685086e-07,4.6636111873856562e-08,5.0171547515200232e-08,3.5863782967721298e-08,1.8683120646477503e-08,7.0093405402069677e-09,2.2700436788488777e-09,1.1167953045394467e-09
439,1.5717480659983717e-07,4.5314004241481621e-08,4.8749277302771226e-08,3.4847439114189820e-08,1.8154574326858589e-08,6.8128017861810603e-09,2.2087388571759535e-09,1.0879709711788942e-09
440,1.5272832410768237e-07,4.4029377792438234e-08,4.7367325995191223e-08,3.3859897558942633e-08,1.7640980605194998e-08,6.6217732362510532e-09,2.1490855365328171e-09,1.0598833831313991e-09
441,1.4840763280701022e-07,4.2781169946362299e-08,4.6024550615876358e-08,3.2900342066412379e-08,1.7141916471925672e-08,6.4361004238868687e-09,2.0910393488112666e-09,1.0325139337353918e-09
442,1.4420917405945990e-07,4.1568348246866585e-08,4.4719840589952474e-08,3.1967979532634840e-08,1.6656970884441061e-08,6.2556332121502224e-09,2.0345571142275119e-09,1.0058444791872006e-09
443,1.4012948990069632e-07,4.0389909507526883e-08,4.3452116825710006e-08,3.1062039329711247e-08,1.6185744428538063e-08,6.0802256723546938e-09,1.9795968096038178e-09,9.7985732725162568e-10
444,1.3616522019233887e-07,3.9244878982079697e-08,4.2220330822098464e-08,3.0181772668848190e-08,1.5727848989452403e-08,5.9097359661259785e-09,1.9261175374935019e-09,9.5453522624061647e-10
445,1.3231309985446139e-07,3.8132309558144707e-08,4.1023463801522431e-08,2.9326451981448796e-08,1.5282907432197521e-08,5.7440262307670649e-09,1.8740794961269448e-09,9.2986135425392038e-10
446,1.2856995617638550e-07,3.7051280973805459e-08,3.9860525867221712e-08,2.8495370317743407e-08,1.4850553290946581e-08,5.5829624678357278e-09,1.8234439501568933e-09,9.0581930867570804e-10
447,1.2493270620355103e-07,3.6000899056399930e-08,3.8730555184538732e-08,2.7687840762462909e-08,1.4430430467201909e-08,5.4264144348443421e-09,1.7741732021818757e-09,8.8239309592131265e-10
448,1.2139835419831230e-07,3.4980294982891580e-08,3.7632617185395928e-08,2.6903195867071621e-08,1.4022192936503176e-08,5.2742555399945261e-09,1.7262305650271378e-09,8.5956712142833749e-10
449,1.1796398917256848e-07,3.3988624561208819e-08,3.6565803795325362e-08,2.6140787098090376e-08,1.3625504463432792e-08,5.1263627398615977e-09,1.6795803347630246e-09,8.3732617988652083e-10
450,1.1462678249019576e-07,3.3025067531958692e-08,3.5529232682410983e-08,2.5399984301053983e-08,1.3240038324683783e-08,4.9826164399461730e-09,1.6341877644412771e-09,8.1565544570086489e-10
451,1.1138398553730684e-07,3.2088826889936881e-08,3.4522046527522529e-08,2.4680175179659863e-08,1.2865477039962089e-08,4.8429003980125940e-09,1.5900190385302253e-09,7.9454046368265225e-10
452,1.0823292745841890e-07,3.1179128224873118e-08,3.3543412315237271e-08,2.3980764789677381e-08,1.2501512110501591e-08,4.7071016301360886e-09,1.5470412480303589e-09,7.7396713996309859e-10
453,1.0517101295666544e-07,3.0295219080866369e-08,3.2592520644863407e-08,2.3301175047199575e-08,1.2147843764976574e-08,4.5751103193827683e-09,1.5052223662522410e-09,7.5392173312449327e-10
454,1.0219572015623998e-07,2.9436368333980176e-08,3.1668585060994956e-08,2.2640844250830828e-08,1.1804180712602286e-08,4.4468197270486998e-09,1.4645312252392166e-09,7.3439084554380634e-10
455,9.9304598525311542e-08,2.8601865587483117e-08,3.0770841403044624e-08,2.1999226617415497e-08,1.1470239903220302e-08,4.3221261063863466e-09,1.4249374928178177e-09,7.1536141494383764e-10
456,9.6495266857700815e-08,2.7791020584234325e-08,2.9898547173216610e-08,2.1375791830923822e-08,1.1145746294171050e-08,4.2009286187486767e-09,1.3864116502592306e-09,6.9682070614710059e-10
457,9.3765411311654723e-08,2.7003162635727852e-08,2.9050980922396599e-08,2.0770024604122190e-08,1.0830432623761530e-08,4.0831292520831980e-09,1.3489249705356161e-09,6.7875630302773530e-10
458,9.1112783504104085e-08,2.6237640067323632e-08,2.8227441653450929e-08,2.0181424252665478e-08,1.0524039191141589e-08,3.9686327417100970e-09,1.3124494971555163e-09,6.6115610065685029e-10
459,8.8535198658834993e-08,2.5493819679206245e-08,2.7427248241441571e-08,1.9609504281259393e-08,1.0226313642407544e-08,3.8573464933204453e-09,1.2769580235629831e-09,6.4400829763679339e-10
460,8.6030533807048106e-08,2.4771086222625473e-08,2.6649738870277199e-08,1.9053791981550838e-08,9.9370107627568713e-09,3.7491805081322945e-09,1.2424240730854783e-09,6.2730138861995460e-10
461,8.3596726038824698e-08,2.4068841890985445e-08,2.5894270485334517e-08,1.8513828041413844e-08,9.6558922745228977e-09,3.6440473101441936e-09,1.2088218794159913e-09,6.1102415700779547e-10
462,8.1231770804058170e-08,2.3386505825361458e-08,2.5160218261597068e-08,1.7989166165308161e-08,9.3827266409230379e-09,3.5418618754273449e-09,1.1761263676151923e-09,5.9516566782590255e-10
463,7.8933720261452866e-08,2.2723513634035378e-08,2.4446975086871672e-08,1.7479372705396730e-08,9.1172888753590317e-09,3.4425415633992825e-09,1.1443131356198287e-09,5.7971526077095013e-10
464,7.6700681674229293e-08,2.2079316925652223e-08,2.3753951059654886e-08,1.6984026303117103e-08,8.8593603561120475e-09,3.3460060500235652e-09,1.1133584362439284e-09,5.6466254342555213e-10
465,7.4530815851215210e-08,2.1453382855611809e-08,2.3080573001234477e-08,1.6502717540910560e-08,8.6087286462800777e-09,3.2521772628814837e-09,1.0832391596597288e-09,5.4999738463707171e-10
466,7.2422335632038074e-08,2.0845193685320158e-08,2.2426283981622048e-08,1.6035048603821062e-08,8.3651873188092973e-09,3.1609793180633628e-09,1.0539328163455959e-09,5.3570990805654692e-10
467,7.0373504415171630e-08,2.0254246353936131e-08,2.1790542858924922e-08,1.5580632950684333e-08,8.1285357864752980e-09,3.0723384588284462e-09,1.0254175204885396e-09,5.2179048583397394e-10
468,6.8382634727624072e-08,1.9680052062259071e-08,2.1172823831776230e-08,1.5139094994635285e-08,7.8985791366741344e-09,2.9861829959838179e-09,9.9767197382925254e-10,5.0822973246627596e-10
469,6.6448086835089592e-08,1.9122135868413228e-08,2.0572616004453046e-08,1.4710069792669710e-08,7.6751279708871454e-09,2.9024432499341907e-09,9.7067544993791741e-10,4.9501849879436715e-10
470,6.4568267391419141e-08,1.8580036294994517e-08,1.9989422964322771e-08,1.4293202744003641e-08,7.4579982486873106e-09,2.8210514943557442e-09,9.4440777890935211e-10,4.8214786614580369e-10
471,6.2741628126297305e-08,1.8053304947354663e-08,1.9422762371268459e-08,1.3888149296981062e-08,7.2470111361586906e-09,2.7419419014484966e-09,9.1884933246634188e-10,4.6960914061959136e-10
472,6.0966664570045237e-08,1.7541506142707013e-08,1.8872165558753342e-08,1.3494574664287737e-08,7.0419928586040321e-09,2.6650504887229840e-09,8.9398100946032638e-10,4.5739384750979525e-10
473,5.9241914814498651e-08,1.7044216549747163e-08,1.8337177146194652e-08,1.3112153546235688e-08,6.8427745574193342e-09,2.5903150672782589e-09,8.6978422175887555e-10,4.4549372586467860e-10
474,5.7565958308940835e-08,1.6561024838490338e-08,1.7817354662326147e-08,1.2740569861889696e-08,6.6491921510173996e-09,2.5176751915294038e-09,8.4624088050968290e-10,4.3390072317816453e-10
475,5.5937414690098659e-08,1.6091531340035913e-08,1.7312268179237819e-08,1.2379516487813544e-08,6.4610861996858692e-09,2.4470721103439599e-09,8.2333338277106762e-10,4.2260699021049305e-10
476,5.4354942645238062e-08,1.5635347715977530e-08,1.6821499956790043e-08,1.2028695004220032e-08,6.2783017742684281e-09,2.3784487195477749e-09,8.0104459849924360e-10,4.1160487593501416e-10
477,5.2817238807422602e-08,1.5192096637185503e-08,1.6344644097108176e-08,1.1687815448314992e-08,6.1006883285610173e-09,2.3117495157619090e-09,7.7935785788287420e-10,4.0088692260812723e-10
478,5.1323036682025219e-08,1.4761411471695685e-08,1.5881306208871744e-08,1.1356596074631414e-08,5.9280995753179625e-09,2.2469205515332948e-09,7.5825693901567993e-10,3.9044586095944648e-10
479,4.9871105603609033e-08,1.4342935981446686e-08,1.5431103081120535e-08,1.1034763122155574e-08,5.7603933657658975e-09,2.1839093917228924e-09,7.3772605589810856e-10,3.8027460549933751e-10
480,4.8460249722317909e-08,1.3936324027614568e-08,1.4993662366307954e-08,1.0722050588052688e-08,5.5974315725262248e-09,2.1226650711161117e-09,7.1774984675932037e-10,3.7036624994103658e-10
481,4.7089307018942212e-08,1.3541239284301330e-08,1.4568622272339272e-08,1.0418200007805052e-08,5.4390799758497182e-09,2.0631380532212474e-09,6.9831336269096930e-10,3.6071406273462579e-10
482,4.5757148347848385e-08,1.3157354960340250e-08,1.4155631263340283e-08,1.0122960241580988e-08,5.2852081530695440e-09,2.0052801902226329e-09,6.7940205658448649e-10,3.5131148271020266e-10
483,4.4462676506983936e-08,1.2784353528988074e-08,1.3754347768908665e-08,9.8360872666579469e-09,5.1356893711816552e-09,1.9490446840561557e-09,6.6100177236379208e-10,3.4215211482764199e-10
484,4.3204825334192193e-08,1.2421926465280391e-08,1.3364439901607761e-08,9.5573439757282540e-09,4.9904004824641042e-09,1.8943860485756898e-09,6.4309873450557971e-10,3.3322972603040717e-10
485,4.1982558829092264e-08,1.2069773990833001e-08,1.2985585182468949e-08,9.2864999809207418e-09,4.8492218230492658e-09,1.8412600727798639e-09,6.2567953783951640e-10,3.2453824120092797e-10
486,4.0794870299801098e-08,1.1727604825878100e-08,1.2617470274275698e-08,9.0233314233763414e-09,4.7120371143654700e-09,1.7896237850694609e-09,6.0873113762091414e-10,3.1607173921511848e-10
487,3.9640781533794741e-08,1.1395135948330260e-08,1.2259790722408625e-08,8.7676207882201567e-09,4.5787333673668540e-09,1.7394354185065616e-09,5.9224083986862049e-10,3.0782444909366415e-10
488,3.8519341992226016e-08,1.1072092359682852e-08,1.1912250703037270e-08,8.5191567247771583e-09,4.4492007894725436e-09,1.6906543770473631e-09,5.7619629196106786e-10,2.9979074624776278e-10
489,3.7429628027035014e-08,1.0758206857541305e-08,1.1574562778450247e-08,8.2777338718828730e-09,4.3233326941385331e-09,1.6432412027213876e-09,5.6058547348361088e-10,2.9196514881705721e-10
490,3.6370742120207487e-08,1.0453219814605007e-08,1.1246447659321477e-08,8.0431526881446476e-09,4.2010254129877891e-09,1.5971575437305574e-09,5.4539668732046177e-10,2.8434231409754884e-10
491,3.5341812144554722e-08,1.0156878963915060e-08,1.0927633973715842e-08,7.8152192870132292e-09,4.0821782104261777e-09,1.5523661234423619e-09,5.3061855098471109e-10,2.7691703505733493e-10
492,3.4341990645405900e-08,9.8689391901902478e-09,1.0617858042643186e-08,7.5937452765283315e-09,3.9666932006739246e-09,1.5088307102520584e-09,5.1623998818009277e-10,2.6968423693805981e-10
493,3.3370454142621554e-08,9.5891623270786039e-09,1.0316863661975078e-08,7.3785476036057208e-09,3.8544752671442515e-09,1.4665160882895553e-09,5.0225022058832554e-10,2.6263897394002106e-10
494,3.2426402452352921e-08,9.3173169601568756e-09,1.0024401890543909e-08,7.1694484027371028e-09,3.7454319841027948e-09,1.4253880289473040e-09,4.8863875987601694e-10,2.5577642598891848e-10
495,3.1509058027988880e-08,9.0531782355149440e-09,9.7402308442490911e-09,6.9662748489777984e-09,3.6394735405432807e-09,1.3854132632061948e-09,4.7539539991528679e-10,2.4909189558228141e-10
496,3.0617665319747459e-08,8.7965276737668446e-09,9.4641154960000573e-09,6.7688590151006368e-09,3.5365126662167604e-09,1.3465594547370917e-09,4.6251020921241362e-10,2.4258080471365491e-10
497,2.9751490152384566e-08,8.5471529893345478e-09,9.1958274813305846e-09,6.5770377327980508e-09,3.4364645597534832e-09,1.3087951737562698e-09,4.4997352353896064e-10,2.3623869187267069e-10
498,2.8909819120507358e-08,8.3048479148550604e-09,8.9351449095237011e-09,6.3906524578176037e-09,3.3392468188182012e-09,1.2720898716136285e-09,4.3777593875999006e-10,2.3006120911917201e-10
499,2.8091959000994183e-08,8.0694120305655230e-09,8.6818521800909046e-09,6.2095491389195171e-09,3.2447793722413823e-09,1.2364138560931450e-09,4.2590830385410848e-10,2.2404411922960537e-10
500,2.7297236182037262e-08,7.8406505985252346e-09,8.4357398044539623e-09,6.0335780905478518e-09,3.1529844140704371e-09,1.2017382674056053e-09,4.1436171412023406e-10,2.1818329291393209e-10
501,2.6524996108337678e-08,7.6183744015374783e-09,8.1966042326817572e-09,5.8625938691101259e-09,3.0637863394866348e-09,1.1680350548542192e-09,4.0312750456610699e-10,2.1247470610135595e-10
502,2.5774602741995958e-08,7.4023995866378765e-09,7.9642476851389101e-09,5.6964551527630815e-09,2.9771116825349367e-09,1.1352769541542513e-09,3.9219724347369800e-10,2.0691443729320074e-10
503,2.5045438038653916e-08,7.1925475130198212e-09,7.7384779889069187e-09,5.5350246246052665e-09,2.8928890556154492e-09,1.1034374653883504e-09,3.8156272613679971e-10,2.0149866498131280e-10
504,2.4336901438456642e-08,6.9886446042712213e-09,7.5191084188425234e-09,5.3781688591798605e-09,2.8110490906866712e-09,1.0724908315797539e-09,3.7121596876620849e-10,1.9622366513040033e-10
505,2.3648409371415036e-08,6.7905222048003071e-09,7.3059575431418372e-09,5.2257582121939465e-09,2.7315243821320979e-09,1.0424120178660566e-09,3.6114920255802838e-10,1.9108580872275906e-10
506,2.2979394776761790e-08,6.5980164403317368e-09,7.0988490732825123e-09,5.0776667133630719e-09,2.6542494312431385e-09,1.0131766912567090e-09,3.5135486792074640e-10,1.8608155936387114e-10
507,2.2329306635904714e-08,6.4109680823576231e-09,6.8976117182198278e-09,4.9337719622925266e-09,2.5791605922726067e-09,9.8476120095788899e-10,3.4182560885684444e-10,1.8120747094739789e-10
508,2.1697609518592925e-08,6.2292224164313585e-09,6.7020790427161161e-09,4.7939550273092938e-09,2.5061960200143623e-09,9.5714255924884462e-10,3.3255426749482494e-10,1.7646018537812483e-10
509,2.1083783141921911e-08,6.0526291141952826e-09,6.5120893296863312e-09,4.6581003471610226e-09,2.4352956188659308e-09,9.3029842289425510e-10,3.2353387876763818e-10,1.7183643035144823e-10
510,2.0487321941814422e-08,5.8810421090363403e-09,6.3274854464459186e-09,4.5260956355008095e-09,2.3664009933321359e-09,9.0420707507758315e-10,3.1475766523360438e-10,1.6733301718802840e-10
511,1.9907734656624206e-08,5.7143194752668952e-09,6.1481147147503823e-09,4.3978317880788162e-09,2.2994553999289953e-09,8.7884740784082385e-10,3.0621903203602843e-10,1.6294683872226613e-10
512,1.9344543922519576e-08,5.5523233107307431e-09,5.9738287845190223e-09,4.2732027925640141e-09,2.2344037004482467e-09,8.5419890501645199e-10,2.9791156199780618e-10,1.5867486724329104e-10
513,1.8797285880313568e-08,5.3949196227372136e-09,5.8044835111384167e-09,4.1521056409215285e-09,2.1711923165440326e-09,8.3024162563777881e-10,2.8982901084741863e-10,1.5451415248718088e-10
514,1.8265509793416975e-08,5.2419782172290343e-09,5.6399388362441865e-09,4.0344402442731578e-09,2.1097691856043219e-09,8.0695618781430630e-10,2.8196530257280727e-10,1.5046181967916276e-10
515,1.7748777676599424e-08,5.0933725910922609e-09,5.4800586718824003e-09,3.9201093501706877e-09,2.0500837178707338e-09,7.8432375305904976e-10,2.7431452489971774e-10,1.4651506762457526e-10
516,1.7246663935252869e-08,4.9489798275191967e-09,5.3247107879548566e-09,3.8090184622136225e-09,1.9920867547714450e-09,7.6232601105515997e-10,2.6687092489118622e-10,1.4267116684740081e-10
517,1.6758755014860309e-08,4.8086804943377636e-09,5.1737667028550956e-09,3.7010757619449108e-09,1.9357305284328587e-09,7.4094516484953448e-10,2.5962890466493637e-10,1.3892745777520503e-10
518,1.6284649060381062e-08,4.6723585452232087e-09,5.0271015772047480e-09,3.5961920329600831e-09,1.8809686223366876e-09,7.2016391646145029e-10,2.5258301722553694e-10,1.3528134896934789e-10
519,1.5823955585272068e-08,4.5399012237104395e-09,4.8845941106022742e-09,3.4942805871670983e-09,1.8277559330900572e-09,6.9996545289458694e-10,2.4572796240825436e-10,1.3173031539935882e-10
520,1.5376295149872547e-08,4.4111989699276002e-09,4.7461264412987429e-09,3.3952571931359284e-09,1.7760486332771256e-09,6.8033343254113301e-10,2.3905858293161927e-10,1.2827189676039433e-10
521,1.4941299048887185e-08,4.2861453299737170e-09,4.6115840487176351e-09,3.2990400064786810e-09,1.7258041353616395e-09,6.6125197196698933e-10,2.3256986055580062e-10,1.2490369583272117e-10
522,1.4518609007710480e-08,4.1646368678654854e-09,4.4808556587380738e-09,3.2055495022026904e-09,1.6769810566106842e-09,6.4270563306738736e-10,2.2625691234396168e-10,1.2162337688219593e-10
523,1.4107876887342019e-08,4.0465730799803326e-09,4.3538331516631329e-09,3.1147084089806885e-09,1.6295391850107440e-09,6.2467941058253958e-10,2.2011498702384681e-10,1.1842866410073403e-10
524,1.3708764397649756e-08,3.9318563119250143e-09,4.2304114727970970e-09,3.0264416452837063e-09,1.5834394461479984e-09,6.0715871996323387e-10,2.1413946144691975e-10,1.1531734008578699e-10
525,1.3320942818745073e-08,3.8203916777609527e-09,4.1104885455577302e-09,2.9406762573239368e-09,1.5386438710255754e-09,5.9012938557656170e-10,2.0832583714244783e-10,1.1228724435786894e-10
526,1.2944092730240158e-08,3.7120869815195390e-09,3.9939651870516767e-09,2.8573413587562444e-09,1.4951155647912573e-09,5.7357762924224981e-10,2.0266973696399327e-10,1.0933627191519781e-10
527,1.2577903748164693e-08,3.6068526409424404e-09,3.8807450260431628e-09,2.7763680720885040e-09,1.4528186763498799e-09,5.5749005909032566e-10,1.9716690182584238e-10,1.0646237182453769e-10
528,1.2222074269325197e-08,3.5046016133838660e-09,3.7707344232481808e-09,2.6976894717523175e-09,1.4117183688353983e-09,5.4185365873111498e-10,1.9181318752696827e-10,1.0366354584735178e-10
529,1.1876311222896440e-08,3.4052493238134741e-09,3.6638423938881845e-09,2.6212405287870840e-09,1.3717807909183016e-09,5.2665577672881401e-10,1.8660456166018706e-10,1.0093784710039625e-10
530,1.1540329829040361e-08,3.3087135948603953e-09,3.5599805324392899e-09,2.5469580570916732e-09,1.3329730489247371e-09,5.1188411637013020e-10,1.8153710060422936e-10,9.8283378749906505e-11
531,1.1213853364353647e-08,3.2149145788404716e-09,3.4590629395147152e-09,2.4747806611992924e-09,1.2952631797443909e-09,4.9752672571971954e-10,1.7660698659651050e-10,9.5698292738547382e-11
532,1.0896612933950840e-08,3.1237746917105271e-09,3.3610061508199823e-09,2.4046486855323811e-09,1.2586201245048029e-09,4.8357198795438420e-10,1.7181050488444101e-10,9.3180788544319621e-11
533,1.0588347249995190e-08,3.0352185488950027e-09,3.2657290681221423e-09,2.3365041650955822e-09,1.2230137029904366e-09,4.7000861196821591e-10,1.6714404095317672e-10,9.0729111970633315e-11
534,1.0288802416494916e-08,2.9491729029318980e-09,3.1731528921759034e-09,2.2702907775660432e-09,1.1884145887854358e-09,4.5682562324109133e-10,1.6260407782776445e-10,8.8341553966778999e-11
535,9.9977317201875547e-09,2.8655665828864332e-09,3.0832010575512092e-09,2.2059537967414421e-09,1.1547942851195932e-09,4.4401235496313907e-10,1.5818719344769243e-10,8.6016449478045243e-11
536,9.7148954273402294e-09,2.7843304354823174e-09,2.9957991693083498e-09,2.1434400473072651e-09,1.1221251013976358e-09,4.3155843940800280e-10,1.5389005811190915e-10,8.3752176324749594e-11
537,9.4400605862984330e-09,2.7053972679019302e-09,2.9108749414682323e-09,2.0826978608859462e-09,1.0903801303925024e-09,4.1945379954792786e-10,1.4970943199242458e-10,8.1547154109468052e-11
538,9.1730008356207124e-09,2.6287017922081021e-09,2.8283581372269286e-09,2.0236770333315460e-09,1.0595332260838183e-09,4.0768864090389304e-10,1.4564216271465923e-10,7.9399843151764635e-11
539,8.9134962176412539e-09,2.5541805713415267e-09,2.7481805108650431e-09,1.9663287832346618e-09,1.0295589821233264e-09,3.9625344362419970e-10,1.4168518300275422e-10,7.7308743449740885e-11
540,8.6613329973067587e-09,2.4817719666491237e-09,2.6702757513038590e-09,1.9106057116032878e-09,1.0004327109095270e-09,3.8513895478511561e-10,1.3783550838810423e-10,7.5272393667739618e-11
541,8.4163034861384546e-09,2.4114160868999670e-09,2.5945794272615798e-09,1.8564617626862819e-09,9.7213042325430166e-10,3.7433618090734823e-10,1.3409023497942102e-10,7.3289370149555946e-11
542,8.1782058711742346e-09,2.3430547387465899e-09,2.5210289339643048e-09,1.8038521859070733e-09,9.4462880862476482e-10,3.6383638068229896e-10,1.3044653729268045e-10,7.1358285956521841e-11
543,7.9468440487499968e-09,2.2766313785907011e-09,2.4495634413676654e-09,1.7527334988761373e-09,9.1790521594407775e-10,3.5363105790221885e-10,1.2690166613934934e-10,6.9477789929847555e-11
544,7.7220274629833649e-09,2.2120910658134966e-09,2.3801238438462914e-09,1.7030634514516715e-09,8.9193763493540664e-10,3.4371195458854875e-10,1.2345294657133306e-10,6.7646565776617564e-11
545,7.5035709488266727e-09,2.1493804173318719e-09,2.3126527113095077e-09,1.6548009908187632e-09,8.6670467799366151e-10,3.3407104431289159e-10,1.2009777588112341e-10,6.5863331178853350e-11
546,7.2912945795600041e-09,2.0884475634429582e-09,2.2470942417028169e-09,1.6079062275581904e-09,8.4218556257008298e-10,3.2470052570521535e-10,1.1683362165567016e-10,6.4126836925069759e-11
547,7.0850235185986617e-09,2.0292421049204489e-09,2.1833942148558924e-09,1.5623404026768062e-09,8.1836009405517307e-10,3.1559281614403982e-10,1.1365801988253646e-10,6.2435866063765787e-11
548,6.8845878754930136e-09,1.9717150713272370e-09,2.1214999476389078e-09,1.5180658555722565e-09,7.9520864914586495e-10,3.0674054562350555e-10,1.1056857310693810e-10,6.0789233078303806e-11
549,6.6898225660020872e-09,1.9158188805098672e-09,2.0613602503901088e-09,1.4750459929055549e-09,7.7271215968323906e-10,2.9813655079236862e-10,1.0756294863830375e-10,5.9185783082645056e-11
550,6.5005671761257196e-09,1.8615072992413187e-09,2.0029253845785964e-09,1.4332452583557851e-09,7.5085209694746872e-10,2.8977386916009952e-10,1.0463887680502915e-10,5.7624391037422128e-11
551,6.3166658299832249e-09,1.8087354049795476e-09,1.9461470216672999e-09,1.3926291032319310e-09,7.2961045639706482e-10,2.8164573346540556e-10,1.0179414925613477e-10,5.6103960985841380e-11
552,6.1379670614297835e-09,1.7574595487101582e-09,1.8909782031421228e-09,1.3531639579175457e-09,7.0896974283984584e-10,2.7374556620262115e-10,9.9026617308569373e-11,5.4623425308921419e-11
553,5.9643236893048155e-09,1.7076373188424804e-09,1.8373733016741902e-09,1.3148172041246573e-09,6.8891295602342258e-10,2.6606697430154287e-10,9.6334190338937069e-11,5.3181743999585023e-11
554,5.7955926962095700e-09,1.6592275061291766e-09,1.7852879833830883e-09,1.2775571479339764e-09,6.6942357663332959e-10,2.5860374395640738e-10,9.3714834218456879e-11,5.1777903955134428e-11
555,5.6316351107141188e-09,1.6121900695803681e-09,1.7346791711698804e-09,1.2413529935991236e-09,6.5048555268726799e-10,2.5134983559983215e-10,9.1166569789996437e-11,5.0410918287650853e-11
556,5.4723158928967121e-09,1.5664861033440826e-09,1.6855050090895682e-09,1.2061748180932260e-09,6.3208328631425848e-10,2.4429937901765483e-10,8.8687471386051900e-11,4.9079825651870683e-11
557,5.3175038231212250e-09,1.5220778045256326e-09,1.6377248277335400e-09,1.1719935463768407e-09,6.1420162090781034e-10,2.3744666860072364e-10,8.6275665386576458e-11,4.7783689590101652e-11
558,5.1670713939611031e-09,1.4789284419193002e-09,1.5912991105933654e-09,1.1387809273667682e-09,5.9682582864252913e-10,2.3078615872979752e-10,8.3929328815589293e-11,4.6521597893753067e-11
559,5.0208947051807863e-09,1.4370023256264729e-09,1.5461894613781262e-09,1.1065095105858904e-09,5.7994159834387994e-10,2.2431245928982680e-10,8.1646687975525158e-11,4.5292661981064464e-11
560,4.8788533616881024e-09,1.3962647775350871e-09,1.5023585722582407e-09,1.0751526234747316e-09,5.6353502370111516e-10,2.1802033130998728e-10,7.9426017118312585e-11,4.4096016290627571e-11
561,4.7408303743736044e-09,1.3566821026359758e-09,1.4597701930095288e-09,1.0446843493459945e-09,5.4759259181365959e-10,2.1190468272594241e-10,7.7265637152195834e-11,4.2930817690306094e-11
562,4.6067120637551578e-09,1.3182215611523848e-09,1.4183891010319916e-09,1.0150795059638455e-09,5.3210117206151864e-10,2.0596056426090768e-10,7.5163914383342056e-11,4.1796244901167708e-11
563,4.4763879663484359e-09,1.2808513414596054e-09,1.3781810722185031e-09,9.8631362473024482e-10,5.1704800529054284e-10,2.0018316542218697e-10,7.3119259291300617e-11,4.0691497936052207e-11
564,4.3497507436861883e-09,1.2445405337723305e-09,1.3391128526493323e-09,9.5836293046112280e-10,5.0242069330364251e-10,1.9456781060994478e-10,7.1130125337406654e-11,3.9615797552408951e-11
565,4.2266960939113662e-09,1.2092591045779572e-09,1.3011521310890782e-09,9.3120432173567883e-10,4.8820718864929513e-10,1.8910995533506655e-10,6.9195007805244943e-11,3.8568384719045637e-11
566,4.1071226658712809e-09,1.1749778717947051e-09,1.2642675122632651e-09,9.0481535180256681e-10,4.7439578469893839e-10,1.8380518254305127e-10,6.7312442672314332e-11,3.7548520096439560e-11
567,3.9909319756420346e-09,1.1416684806339823e-09,1.2284284908925072e-09,8.7917421002718479e-10,4.6097510600507181e-10,1.7864919904096266e-10,6.5481005512054999e-11,3.6555483530270870e-11
568,3.8780283254144948e-09,1.1093033801470525e-09,1.1936054264627607e-09,8.5425970386473114e-10,4.4793409893212956e-10,1.7363783202455064e-10,6.3699310425424585e-11,3.5588573557845759e-11
569,3.7683187246749715e-09,1.0778558004365910e-09,1.1597695187107926e-09,8.3005124134413105e-10,4.3526202255240656e-10,1.6876702570273507e-10,6.1966009001229601e-11,3.4647106927085995e-11
570,3.6617128136157099e-09,1.0472997305142844e-09,1.1268927838046019e-09,8.0652881404835300e-10,4.2294843979953816e-10,1.6403283801672262e-10,6.0279789304440799e-11,3.3730418127768720e-11
571,3.5581227887120892e-09,1.0176098967861603e-09,1.0949480311990774e-09,7.8367298057704893e-10,4.1098320887224898e-10,1.5943143745110394e-10,5.8639374891741159e-11,3.2837858934708726e-11
572,3.4574633304052667e-09,9.8876174214784798e-10,1.0639088411477670e-09,7.6146485047785053e-10,3.9935647488128983e-10,1.5495909993435251e-10,5.7043523853575787e-11,3.1968797962582735e-11
573,3.3596515328306597e-09,9.6073140567248068e-10,1.0337495428521439e-09,7.3988606863303667e-10,3.8805866173268378e-10,1.5061220582621996e-10,5.5491027881991945e-11,3.1122620232102710e-11
574,3.2646068355344311e-09,9.3349570287443754e-10,1.0044451932303062e-09,7.1891880008867248e-10,3.7708046424059444e-10,1.4638723698959063e-10,5.3980711363577319e-11,3.0298726747252628e-11
575,3.1722509571217078e-09,9.0703210653260043e-10,9.7597155628754870e-10,6.9854571531367534e-10,3.6641284046332254e-10,1.4228077394442904e-10,5.2511430496822027e-11,2.9496534083309971e-11
576,3.0825078307818970e-09,8.8131872805726339e-10,9.4830508307174162e-10,6.7874997587662745e-10,3.5604700425611696e-10,1.3828949310151825e-10,5.1082072433249139e-11,2.8715473985380232e-11
577,2.9953035416379961e-09,8.5633429938528332e-10,9.2142289219694255e-10,6.5951522052849502e-10,3.4597441803466771e-10,1.3441016407375284e-10,4.9691554441675186e-11,2.7954992977179561e-11
578,2.9105662658682911e-09,8.3205815538849413e-10,8.9530275091912799e-10,6.4082555167975172e-10,3.3618678574331887e-10,1.3063964706281210e-10,4.8338823094979324e-11,2.7214551979807073e-11
579,2.8282262115503054e-09,8.0847021678083562e-10,8.6992305674839718e-10,6.2266552226072802e-10,3.2667604602221260e-10,1.2697489031910050e-10,4.7022853478776961e-11,2.6493625940254822e-11
580,2.7482155611782782e-09,7.8555097351005916e-10,8.4526281958243725e-10,6.0502012295432691e-10,3.1743436556773372e-10,1.2341292767290182e-10,4.5742648421409185e-11,2.5791703469409788e-11
581,2.6704684158068215e-09,7.6328146862026926e-10,8.2130164434647545e-10,5.8787476979055447e-10,3.0845413268078819e-10,1.1995087613474999e-10,4.4497237744675553e-11,2.5108286489308203e-11
582,2.5949207407747605e-09,7.4164328257195606e-10,7.9801971412535594e-10,5.7121529209260899e-10,2.9972795099760104e-10,1.1658593356307715e-10,4.3285677534752865e-11,2.4442889889408524e-11
583,2.5215103129644489e-09,7.2061851800654876e-10,7.7539777377379598e-10,5.5502792076456856e-10,2.9124863339787034e-10,1.1331537639725204e-10,4.2107049432757690e-11,2.3795041191655323e-11
584,2.4501766695531129e-09,7.0018978494288619e-10,7.5341711399126042e-10,5.3929927691099408e-10,2.8300919608525933e-10,1.1013655745417640e-10,4.0960459944424714e-11,2.3164280224111743e-11
585,2.3808610582140341e-09,6.8034018639336108e-10,7.3205955584828740e-10,5.2401636077904453e-10,2.7500285283535264e-10,1.0704690378665723e-10,3.9845039768387273e-11,2.2550158802944085e-11
586,2.3135063887265336e-09,6.6105330438784038e-10,7.1130743575146489e-10,5.0916654101396089e-10,2.6722300940633718e-10,1.0404391460182320e-10,3.8759943142560207e-11,2.1952240422547014e-11
587,2.2480571859549159e-09,6.4231318639380155e-10,6.9114359083462392e-10,4.9473754421904101e-10,2.5966325810780523e-10,1.0112515923790210e-10,3.7704347208138409e-11,2.1370099953603704e-11
588,2.1844595441576403e-09,6.2410433212145058e-10,6.7155134476416638e-10,4.8071744481147568e-10,2.5231737252320717e-10,9.8288275197723163e-11,3.6677451390737689e-11,2.0803323348879761e-11
589,2.1226610825890878e-09,6.0641168070290998e-10,6.5251449394678620e-10,4.6709465516566023e-10,2.4517930238160514e-10,9.5530966237353952e-11,3.5678476798217025e-11,2.0251507356555349e-11
590,2.0626109023573552e-09,5.8922059823487003e-10,6.3401729412817758e-10,4.5385791603583665e-10,2.3824316857450590e-10,9.2851000508326633e-11,3.4706665634733912e-11,1.9714259240904416e-11
591,2.0042595445025458e-09,5.7251686567440107e-10,6.1604444737164668e-10,4.4099628725014956e-10,2.3150325831366708e-10,9.0246208751950559e-11,3.3761280630596258e-11,1.9191196510134885e-11
592,1.9475589492610270e-09,5.5628666707791263e-10,5.9858108940585593e-10,4.2849913866842260e-10,2.2495402042588979e-10,8.7714482544251952e-11,3.2841604487486120e-11,1.8681946651208247e-11
593,1.8924624164821017e-09,5.4051657817353328e-10,5.8161277733123762e-10,4.1635614139618504e-10,2.1859006078092167e-10,8.5253772590120429e-11,3.1946939338641985e-11,1.8186146871461687e-11
594,1.8389245671644958e-09,5.2519355525745742e-10,5.6512547767490905e-10,4.0455725924768362e-10,2.1240613784870445e-10,8.2862087065283764e-11,3.1076606223597262e-11,1.7703443846859961e-11
595,1.7869013060809801e-09,5.1030492440507589e-10,5.4910555478420949e-10,3.9309274045082531e-10,2.0639715838230745e-10,8.0537490004769367e-11,3.0229944577083603e-11,1.7233493476709003e-11
596,1.7363497854603449e-09,4.9583837098796528e-10,5.3353975954925974e-10,3.8195310958719377e-10,2.0055817322299127e-10,7.8278099736549801e-11,2.9406311731717942e-11,1.6775960644667043e-11
597,1.6872283696968087e-09,4.8178192948806638e-10,5.1841521844521577e-10,3.7112915976047938e-10,1.9488437322394603e-10,7.6082087359105180e-11,2.8605082434102657e-11,1.6330518985893419e-11
598,1.6394966010578041e-09,4.6812397360062357e-10,5.0371942288515748e-10,3.6061194498684678e-10,1.8937108528934730e-10,7.3947675261671746e-11,2.7825648373977865e-11,1.5896850660179114e-11
599,1.5931151663618886e-09,4.5485320661770368e-10,4.8944021887480138e-10,3.5039277280095479e-10,1.8401376852546770e-10,7.1873135685979421e-11,2.7067417726074822e-11,1.5474646130906999e-11
600,1.5480458645993434e-09,4.4195865208433485e-10,4.7556579696048518e-10,3.4046319707151197e-10,1.7880801050067338e-10,6.9856789328315617e-11,2.6329814704328718e-11,1.5063603949693587e-11
601,1.5042515754687791e-09,4.2942964471954080e-10,4.6208468246210752e-10,3.3081501102043482e-10,1.7374952361122535e-10,6.7897003980784577e-11,2.5612279128118189e-11,1.4663430546567823e-11
602,1.4616962288038515e-09,4.1725582159475811e-10,4.4898572598294782e-10,3.2144024043983542e-10,1.6883414154989269e-10,6.5992193210663453e-11,2.4914266000208063e-11,1.4273840025546027e-11
603,1.4203447748648905e-09,4.0542711356234142e-10,4.3625809418851425e-10,3.1233113710123308e-10,1.6405781587446865e-10,6.4140815076787095e-11,2.4235245096080334e-11,1.3894553965465670e-11
604,1.3801631554709822e-09,3.9393373692706587e-10,4.2389126084679524e-10,3.0348017235154317e-10,1.5941661267336373e-10,6.2341370881923274e-11,2.3574700564346779e-11,1.3525301225944131e-11
605,1.3411182759487266e-09,3.8276618535373797e-10,4.1187499812250353e-10,2.9488003089054906e-10,1.5490670932552930e-10,6.0592403960129764e-11,2.2932130537945166e-11,1.3165817758331889e-11
606,1.3031779778745653e-09,3.7191522200422187e-10,4.0019936811811268e-10,2.8652360472471449e-10,1.5052439135204274e-10,5.8892498498112161e-11,2.2307046755828519e-11,1.2815846421532942e-11
607,1.2663110125882298e-09,3.6137187189737605e-10,3.8885471465468882e-10,2.7840398729233995e-10,1.4626604935676214e-10,5.7240278389629197e-11,2.1698974194865185e-11,1.2475136802568435e-11
608,1.2304870154554961e-09,3.5112741448558281e-10,3.7783165528572241e-10,2.7051446775520469e-10,1.4212817605352927e-10,5.5634406122019561e-11,2.1107450711674692e-11,1.2143445041762542e-11
609,1.1956764808590469e-09,3.4117337644172810e-10,3.6712107353735189e-10,2.6284852545197973e-10,1.3810736337747347e-10,5.4073581693948964e-11,2.0532026694131948e-11,1.1820533662432792e-11
610,1.1618507378968446e-09,3.3150152465066685e-10,3.5671411136856340e-10,2.5539982450882513e-10,1.3420029967803701e-10,5.2556541563502792e-11,1.9972264722279378e-11,1.1506171404969896e-11
611,1.1289819267679953e-09,3.2210385939937727e-10,3.4660216184512942e-10,2.4816220860271712e-10,1.3040376699140939e-10,5.1082057625773182e-11,1.9427739238393767e-11,1.1200133065195106e-11
612,1.0970429758266625e-09,3.1297260776016954e-10,3.3677686202122862e-10,2.4112969587317822e-10,1.2671463839012531e-10,4.9648936219113848e-11,1.8898036225961152e-11,1.0902199336885876e-11
613,1.0660075792851223e-09,3.0410021716147680e-10,3.2723008602285772e-10,2.3429647397820351e-10,1.2312987540764203e-10,4.8256017159258807e-11,1.8382752897319962e-11,1.0612156658363472e-11
614,1.0358501755476018e-09,2.9547934914091187e-10,3.1795393832731595e-10,2.2765689529029688e-10,1.1964652553577579e-10,4.6902172800523865e-11,1.7881497389738833e-11,1.0329797063038702e-11
615,1.0065459261570563e-09,2.8710287327542004e-10,3.0894074723320488e-10,2.2120547222864712e-10,1.1626171979293591e-10,4.5586307123331597e-11,1.7393888469701993e-11,1.0054918033814708e-11
616,9.7807069533753850e-10,2.7896386128350919e-10,3.0018305851553948e-10,2.1493687272358548e-10,1.1297267036115366e-10,4.4307354847321670e-11,1.6919555245181012e-11,9.7873223612481971e-12
617,9.5040103011532075e-10,2.7105558129467812e-10,2.9167362926072695e-10,2.0884591580957579e-10,1.0977666828995953e-10,4.3064280569329487e-11,1.6458136885677866e-11,9.5268180053730793e-12
618,9.2351414100238614e-10,2.6337149228130386e-10,2.8340542187631113e-10,2.0292756734309476e-10,1.0667108126521806e-10,4.1856077925535504e-11,1.6009282349829878e-11,9.2732179610927800e-12
619,8.9738788322638779e-10,2.5590523864838092e-10,2.7537159827052994e-10,1.9717693584186359e-10,1.0365335144108252e-10,4.0681768777107985e-11,1.5572650120372776e-11,9.0263401270500150e-12
620,8.7200073849161410e-10,2.4865064497663886e-10,2.6756551419687185e-10,1.9158926844199114e-10,1.0072099333328339e-10,3.9540402418680245e-11,1.5147907946263615e-11,8.7860071778849952e-12
621,8.4733179725593395e-10,2.4160171091468944e-10,2.5998071375895239e-10,1.8615994696968761e-10,9.7871591772016184e-11,3.8431054809022258e-11,1.4734732591770641e-11,8.5520464397953483e-12
622,8.2336074150913026e-10,2.3475260621597821e-10,2.5261092407116805e-10,1.8088448412430227e-10,9.5102799912741855e-11,3.7352827823284465e-11,1.4332809592342263e-11,8.3242897693132098e-12
623,8.0006782803843554e-10,2.2809766591643540e-10,2.4545005007071074e-10,1.7575851976952925e-10,9.2412337303261918e-11,3.6304848526208711e-11,1.3941833017072488e-11,8.1025734352170843e-12
624,7.7743387216748457e-10,2.2163138564883823e-10,2.3849216947665081e-10,1.7077781732971748e-10,8.9797988005476069e-11,3.5286268465718834e-11,1.3561505237584952e-11,7.8867380034981909e-12
625,7.5544023195529390e-10,2.1534841709000751e-10,2.3173152789192132e-10,1.6593826028830502e-10,8.7257598770275356e-11,3.4296262986319081e-11,1.3191536703162596e-11,7.6766282253029718e-12
626,7.3406879284225288e-10,2.0924356353707376e-10,2.2516253404415175e-10,1.6123584878548426e-10,8.4789077264067719e-11,3.3334030561745478e-11,1.2831645721954531e-11,7.4720929277755028e-12
627,7.1330195273048103e-10,2.0331177560915376e-10,2.1877975516141444e-10,1.5666669631228593e-10,8.2390390345475206e-11,3.2398792146329866e-11,1.2481558248096332e-11,7.2729849077254335e-12
628,6.9312260748626039e-10,1.9754814707088163e-10,2.1257791247906071e-10,1.5222702649834900e-10,8.0059562390783501e-11,3.1489790544552256e-11,1.2141007674584226e-11,7.0791608280489853e-12
629,6.7351413685260726e-10,1.9194791077434007e-10,2.0655187687392857e-10,1.4791316999072205e-10,7.7794673666764494e-11,3.0606289798271621e-11,1.1809734631748104e-11,6.8904811168323578e-12
630,6.5446039076037752e-10,1.8650643471603619e-10,2.0069666462231315e-10,1.4372156142111603e-10,7.5593858749532004e-11,2.9747574591139076e-11,1.1487486791172355e-11,6.7068098690687205e-12
631,6.3594567602662991e-10,1.8121921820565847e-10,1.9500743327819014e-10,1.3964873645910217e-10,7.3455304988127808e-11,2.8912949669712094e-11,1.1174018674917553e-11,6.5280147509216764e-12
632,6.1795474342929451e-10,1.7608188814344791e-10,1.8947947766828380e-10,1.3569132894881842e-10,7.1377251011573148e-11,2.8101739280801307e-11,1.0869091469900107e-11,6.3539669064698175e-12
633,6.0047277514749928e-10,1.7109019540310330e-10,1.8410822600066675e-10,1.3184606812681940e-10,6.9357985278155740e-11,2.7313286624594808e-11,1.0572472847290691e-11,6.1845408668686222e-12
634,5.8348537255721043e-10,1.6624001131722831e-10,1.7888923608367419e-10,1.2810977591876927e-10,6.7395844665757505e-11,2.6546953323117514e-11,1.0283936786796097e-11,6.0196144618676000e-12
635,5.6697854437213411e-10,1.6152732426241443e-10,1.7381819165200376e-10,1.2447936431274312e-10,6.5489213102062045e-11,2.5802118903595763e-11,1.0003263405692807e-11,5.8590687336221422e-12
636,5.5093869512011277e-10,1.5694823634113464e-10,1.6889089879696395e-10,1.2095183280696649e-10,6.3636520233513520e-11,2.5078180296309090e-11,9.7302387924840080e-12,5.7027878527410897e-12
637,5.3535261394552554e-10,1.5249896015770267e-10,1.6410328249791786e-10,1.1752426592988317e-10,6.1836240131930853e-11,2.4374551346523115e-11,9.4646548450553979e-12,5.5506590365125046e-12
638,5.2020746372846798e-10,1.4817581568563253e-10,1.5945138325205357e-10,1.1419383083050156e-10,6.0086890037711769e-11,2.3690662340108597e-11,9.2063091132083506e-12,5.4025724692516585e-12
639,5.0549077051175193e-10,1.4397522722380581e-10,1.5493135379969441e-10,1.1095777493702801e-10,5.8387029138591761e-11,2.3025959542463033e-11,8.9550046454523088e-12,5.2584212247165739e-12
640,4.9119041322701490e-10,1.3989372043892979e-10,1.5053945594243997e-10,1.0781342368185191e-10,5.6735257382951935e-11,2.2379904750361759e-11,8.7105498399415167e-12,5.1181011905379610e-12
641,4.7729461371147925e-10,1.3592791949184000e-10,1.4627205745150661e-10,1.0475817829100235e-10,5.5130214326698455e-11,2.1751974856376025e-11,8.4727582994441768e-12,4.9815109946116518e-12
642,4.6379192700713737e-10,1.3207454424527014e-10,1.4212562906371044e-10,1.0178951363624894e-10,5.3570578012763823e-11,2.1141661425505704e-11,8.2414486902352620e-12,4.8485519334030167e-12
643,4.5067123193437288e-10,1.2833040755077968e-10,1.3809674156260877e-10,9.8904976148071965e-11,5.2055063882307159e-11,2.0548470283684171e-11,8.0164446048070369e-12,4.7191279021141055e-12
644,4.3792172193225569e-10,1.2469241261259567e-10,1.3418206294238468e-10,9.6102181787776606e-11,5.0582423716716591e-11,1.9971921117822379e-11,7.7975744282942351e-12,4.5931453266655219e-12
645,4.2553289615796378e-10,1.2115755042618751e-10,1.3037835565213023e-10,9.3378814077074989e-11,4.9151444609542549e-11,1.9411547087068723e-11,7.5846712085136495e-12,4.4705130974462591e-12
646,4.1349455083800529e-10,1.1772289728945644e-10,1.2668247391824934e-10,9.0732622183508049e-11,4.7760947967515011e-11,1.8866894444970048e-11,7.3775725295205048e-12,4.3511425047859299e-12
647,4.0179677086411147e-10,1.1438561238448115e-10,1.2309136114276407e-10,8.8161419060124173e-11,4.6409788539822086e-11,1.8337522172228331e-11,7.1761203885867075e-12,4.2349471761049693e-12
648,3.9042992162688603e-10,1.1114293542781945e-10,1.1960204737537508e-10,8.5663079637877323e-11,4.5096853474850356e-11,1.7823001619755749e-11,6.9801610765085438e-12,4.1218430146995313e-12
649,3.7938464108047777e-10,1.0799218438742181e-10,1.1621164685718309e-10,8.3235539069250506e-11,4.3821061403610006e-11,1.7322916161739496e-11,6.7895450611539512e-12,4.0117481401189054e-12
650,3.6865183203174594e-10,1.0493075326426927e-10,1.1291735563404154e-10,8.0876791021653260e-11,4.2581361549089974e-11,1.6836860858435671e-11,6.6041268741618466e-12,3.9045828300943807e-12
651,3.5822265464756467e-10,1.0195610993690019e-10,1.0971644923756587e-10,7.8584886019181922e-11,4.1376732860809457e-11,1.6364442128419384e-11,6.4237650007084222e-12,3.8002694639794634e-12
652,3.4808851917409615e-10,9.9065794067042965e-11,1.0660628043188136e-10,7.6357929831372863e-11,4.0206183173852992e-11,1.5905277430025966e-11,6.2483217722575311e-12,3.6987324676624735e-12
653,3.3824107886203591e-10,9.6257415064623020e-11,1.0358427702424636e-10,7.4194081907616406e-11,3.9068748391696472e-11,1.5458994951725577e-11,6.0776632622146134e-12,3.5998982599134687e-12
654,3.2867222309200374e-10,9.3528650110460027e-11,1.0064793973773986e-10,7.2091553855937965e-11,3.7963491692151045e-11,1.5025233311180674e-11,5.9116591844056747e-12,3.5036952001284502e-12
655,3.1937407069441656e-10,9.0877242235020350e-11,9.7794840144254167e-11,7.0048607964888358e-11,3.6889502755770955e-11,1.4603641262742960e-11,5.7501827943050497e-12,3.4100535374347529e-12
656,3.1033896345834387e-10,8.8300998451635641e-11,9.5022618656082966e-11,6.8063555767322514e-11,3.5845897016089640e-11,1.4193877413153033e-11,5.5931107929376542e-12,3.3189053611224327e-12
657,3.0155945982399640e-10,8.5797787942643147e-11,9.2328982574443977e-11,6.6134756644878653e-11,3.4831814931066837e-11,1.3795609945212887e-11,5.4403232333835008e-12,3.2301845523673692e-12
658,2.9302832875365556e-10,8.3365540296947697e-11,8.9711704193321952e-11,6.4260616472005193e-11,3.3846421275146334e-11,1.3408516349207577e-11,5.2917034298141238e-12,3.1438267372126990e-12
659,2.8473854377599461e-10,8.1002243797547566e-11,8.7168618957063851e-11,6.2439586298414220e-11,3.2888904451341579e-11,1.3032283161858849e-11,5.1471378689925445e-12,3.0597692407760112e-12
660,2.7668327719888557e-10,7.8705943757607688e-11,8.4697623670202535e-11,6.0670161068872846e-11,3.1958475822782277e-11,1.2666605712599441e-11,5.0065161241701627e-12,2.9779510426506138e-12
661,2.6885589448592664e-10,7.6474740903704000e-11,8.2296674758028335e-11,5.8950878379273895e-11,3.1054369063171713e-11,1.2311187876962895e-11,4.8697307713158278e-12,2.8983127334699607e-12
662,2.6124994879205775e-10,7.4306789804901563e-11,7.9963786576469848e-11,5.7280317267958429e-11,3.0175839525619553e-11,1.1965741836889254e-11,4.7366773076140449e-12,2.8207964726051351e-12
663,2.5385917565376404e-10,7.2200297346367164e-11,7.7697029769886101e-11,5.5657097041290629e-11,2.9322163629330406e-11,1.1629987847752782e-11,4.6072540721709766e-12,2.7453459469660605e-12
664,2.4667748782949318e-10,7.0153521246253951e-11,7.5494529675412085e-11,5.4079876132514420e-11,2.8492638263643109e-11,1.1303654011923170e-11,4.4813621688685858e-12,2.6719063308778469e-12
665,2.3969897028603784e-10,6.8164768614631203e-11,7.3354464772537710e-11,5.2547350992948975e-11,2.7686580208929612e-11,1.0986476058677072e-11,4.3589053913088228e-12,2.6004242470044357e-12
666,2.3291787532675397e-10,6.6232394553267287e-11,7.1275065176638164e-11,5.1058255014606158e-11,2.6903325573876728e-11,1.0678197130281859e-11,4.2397901497913814e-12,2.5308477282924072e-12
667,2.2632861785760150e-10,6.4354800795107829e-11,6.9254611175209351e-11,4.9611357483339984e-11,2.6142229248687273e-11,1.0378567574078537e-11,4.1239254002700207e-12,2.4631261809084995e-12
668,2.1992577078710907e-10,6.2530434382323649e-11,6.7291431805598372e-11,4.8205462561662342e-11,2.5402664373750035e-11,1.0087344740395589e-11,4.0112225752339813e-12,2.3972103481451115e-12
669,2.1370406055647419e-10,6.0757786381834849e-11,6.5383903473052077e-11,4.6839408300384692e-11,2.4684021823341235e-11,9.8042927861302661e-12,3.9015955164624121e-12,2.3330522752686618e-12
670,2.0765836279611681e-10,5.9035390637249047e-11,6.3530448607941367e-11,4.5512065678268511e-11,2.3985709703931981e-11,9.5291824838383625e-12,3.7949604096011989e-12,2.2706052752863760e-12
671,2.0178369810510951e-10,5.7361822556181039e-11,6.1729534361050216e-11,4.4222337668890977e-11,2.3307152866688703e-11,9.2617910361780418e-12,3.6912357205128698e-12,2.2098238956076639e-12
672,1.9607522795000732e-10,5.5735697931950996e-11,5.9979671335850703e-11,4.2969158333954578e-11,2.2647792433764943e-11,9.0019018955575657e-12,3.5903421333516632e-12,2.1506638855768950e-12
673,1.9052825067970046e-10,5.4155671798686740e-11,5.8279412356715230e-11,4.1751491942291118e-11,2.2007085337994368e-11,8.7493045888409746e-12,3.4922024903170676e-12,2.0930821648549390e-12
674,1.8513819765300632e-10,5.2620437318882820e-11,5.6627351272047533e-11,4.0568332113832177e-11,2.1384503875605911e-11,8.5037945469699577e-12,3.3967417330404586e-12,2.0370367926274561e-12
675,1.7990062947581294e-10,5.1128724702496527e-11,5.5022121791342377e-11,3.9418700987838407e-11,2.0779535271592613e-11,8.2651729393639644e-12,3.3038868455606410e-12,1.9824869376184668e-12
676,1.7481123234467319e-10,4.9679300156686535e-11,5.3462396355212108e-11,3.8301648414700164e-11,2.0191681257376160e-11,8.0332465129646218e-12,3.2135667988453255e-12,1.9293928488882896e-12
677,1.6986581449383888e-10,4.8270964865325826e-11,5.1946885037445740e-11,3.7216251170641534e-11,1.9620457660419396e-11,7.8078274357942114e-12,3.1257124968167051e-12,1.8777158273954761e-12
678,1.6506030274280881e-10,4.6902553997444414e-11,5.0474334478192190e-11,3.6161612194678645e-11,1.9065394005448631e-11,7.5887331449016177e-12,3.0402567238404539e-12,1.8274181983028936e-12
679,1.6039073914154678e-10,4.5572935743782019e-11,4.9043526847385720e-11,3.5136859847201741e-11,1.8526033126957426e-11,7.3757861985727098e-12,2.9571340936385347e-12,1.7784632840086162e-12
680,1.5585327771060595e-10,4.4281010380653715e-11,4.7653278837555871e-11,3.4141147189568019e-11,1.8001930792672681e-11,7.1688141326855750e-12,2.8762809995873044e-12,1.7308153778827927e-12
681,1.5144418127347622e-10,4.3025709360354116e-11,4.6302440685189345e-11,3.3173651284109981e-11,1.7492655337672853e-11,6.9676493210943792e-12,2.7976355663634263e-12,1.6844397186921297e-12
682,1.4715981837854367e-10,4.1805994427347990e-11,4.4989895219833984e-11,3.2233572513980650e-11,1.6997787308856990e-11,6.7721288399288699e-12,2.7211376029011055e-12,1.6393024656941183e-12
683,1.4299666030812874e-10,4.0620856759516063e-11,4.3714556940158883e-11,3.1320133922273542e-11,1.6516919119471790e-11,6.5820943356997286e-12,2.6467285566251758e-12,1.5953706743835775e-12
684,1.3895127817213817e-10,3.9469316133745851e-11,4.2475371116206018e-11,3.0432580569871157e-11,1.6049654713412048e-11,6.3973918971030297e-12,2.5743514689254944e-12,1.5526122728745532e-12
685,1.3502034008393800e-10,3.8350420115177280e-11,4.1271312917091240e-11,2.9570178911491191e-11,1.5595609239018098e-11,6.2178719304200961e-12,2.5039509318390451e-12,1.5109960389010360e-12
686,1.3120060841612144e-10,3.7263243269432468e-11,4.0101386563433145e-11,2.8732216189414922e-11,1.5154408732101528e-11,6.0433890384119016e-12,2.4354730459070712e-12,1.4704915774203955e-12
687,1.2748893713391076e-10,3.6206886397178250e-11,3.8964624503808673e-11,2.7917999844396432e-11,1.4725689807938130e-11,5.8738019026100381e-12,2.3688653791754126e-12,1.4310692988038390e-12
688,1.2388226920399776e-10,3.5180475790388127e-11,3.7860086614554479e-11,2.7126856943266056e-11,1.4309099361974345e-11,5.7089731689089981e-12,2.3040769273071160e-12,1.3927003975986159e-12
689,1.2037763407668773e-10,3.4183162509688552e-11,3.6786859422252250e-11,2.6358133622754697e-11,1.3904294279000774e-11,5.5487693363671733e-12,2.2410580747771906e-12,1.3553568318470760e-12
690,1.1697214523927445e-10,3.3214121682191951e-11,3.5744055348254850e-11,2.5611194549079560e-11,1.3510941150553170e-11,5.3930606491266277e-12,2.1797605571202163e-12,1.3190113029480739e-12
691,1.1366299783862969e-10,3.2272551819235428e-11,3.4730811974628603e-11,2.4885422392844475e-11,1.3128716000308157e-11,5.2417209913641207e-12,2.1201374242022950e-12,1.2836372360465996e-12
692,1.1044746637104988e-10,3.1357674153461103e-11,3.3746291330904425e-11,2.4180217318820899e-11,1.2757304017247541e-11,5.0946277851884470e-12,2.0621430044896089e-12,1.2492087609378583e-12
693,1.0732290243745743e-10,3.0468731994689640e-11,3.2789679201048141e-11,2.3494996490187854e-11,1.2396399296371396e-11,4.9516618914014085e-12,2.0057328702865962e-12,1.2157006934724033e-12
694,1.0428673256210717e-10,2.9604990104054175e-11,3.1860184450076619e-11,2.2829193586821097e-11,1.2045704586746402e-11,4.8127075130421419e-12,1.9508638039174836e-12,1.1830885174492519e-12
695,1.0133645607300174e-10,2.8765734085876990e-11,3.0957038369762928e-11,2.2182258337233312e-11,1.1704931046681887e-11,4.6776521016367388e-12,1.8974937648256239e-12,1.1513483669842632e-12
696,9.8469643042270394e-11,2.7950269796786066e-11,3.0079494042889308e-11,2.1553656063778562e-11,1.1373798005831976e-11,4.5463862660772910e-12,1.8455818575657903e-12,1.1204570093413880e-12
697,9.5683932284814164e-11,2.7157922771582504e-11,2.9226825725522223e-11,2.0942867240745012e-11,1.1052032734027862e-11,4.4188036840566238e-12,1.7950883006652257e-12,1.0903918282147052e-12
698,9.2977029413569855e-11,2.6388037665384240e-11,2.8398328246798536e-11,2.0349387064970776e-11,1.0739370216649834e-11,4.2948010159870397e-12,1.7459743963299246e-12,1.0611308074495001e-12
699,9.0346704949790403e-11,2.5639977711584417e-11,2.7593316425726484e-11,1.9772725038627906e-11,1.0435552936354030e-11,4.1742778213334220e-12,1.6982025009732440e-12,1.0326525151909121e-12
700,8.7790792486785690e-11,2.4913124195176201e-11,2.6811124504519032e-11,1.9212404563829756e-11,1.0140330660974168e-11,4.0571364772929711e-12,1.6517359965445666e-12,1.0049360884490029e-12
701,8.5307186905611039e-11,2.4206875941008328e-11,2.6051105597991042e-11,1.8667962548726669e-11,9.8534602374235161e-12,3.9432820997557856e-12,1.6065392626363419e-12,9.7796121806936960e-13
702,8.2893842641234151e-11,2.3520648816548197e-11,2.5312631158564757e-11,1.8138949024764339e-11,9.5747053914274227e-12,3.8326224664823093e-12,1.5625776493484126e-12,9.5170813409871403e-13
703,8.0548771997752083e-11,2.2853875248741157e-11,2.4595090456441271e-11,1.7624926774788627e-11,9.3038365329213967e-12,3.7250679424354729e-12,1.5198174508891065e-12,9.2615759153505487e-13
704,7.8270043511271015e-11,2.2206003754566404e-11,2.3897890074507983e-11,1.7125470971689349e-11,9.0406305669544923e-12,3.6205314072071149e-12,1.4782258798931301e-12,9.0129085645253463e-13
705,7.6055780359099965e-11,2.1576498484901194e-11,2.3220453417564284e-11,1.6640168827284443e-11,8.7848707099422472e-12,3.5189281844799248e-12,1.4377710424368389e-12,8.7708969249103613e-13
706,7.3904158813948793e-11,2.0964838781316106e-11,2.2562220235459646e-11,1.6168619251154289e-11,8.5363463111178369e-12,3.4201759734678577e-12,1.3984219137319804e-12,8.5353634770107245e-13
707,7.1813406741856736e-11,2.0370518745434726e-11,2.1922646159749714e-11,1.5710432519144217e-11,8.2948526790343685e-12,3.3241947822794985e-12,1.3601483144795285e-12,8.3061354173466891e-13
708,6.9781802142614736e-11,1.9793046820501631e-11,2.1301202253487094e-11,1.5265229951261179e-11,8.0601909129754600e-12,3.2309068631504707e-12,1.3229208878657094e-12,8.0830445337318846e-13
709,6.7807671731479373e-11,1.9231945384812492e-11,2.0697374573774669e-11,1.4832643598698447e-11,7.8321677391351956e-12,3.1402366494924629e-12,1.2867110771828166e-12,7.8659270838329530e-13
710,6.5889389561010042e-11,1.8686750356670109e-11,2.0110663746719514e-11,1.4412315939729570e-11,7.6105953514325666e-12,3.0521106947079258e-12,1.2514911040578801e-12,7.6546236769247039e-13
711,6.4025375681894400e-11,1.8157010810539520e-11,1.9540584554435906e-11,1.4003899584220312e-11,7.3952912568292912e-12,2.9664576127209248e-12,1.2172339472727036e-12,7.4489791587572518e-13
712,6.2214094841659242e-11,1.7642288604084808e-11,1.8986665533755924e-11,1.3607056986514314e-11,7.1860781250235780e-12,2.8832080201760110e-12,1.1839133221592431e-12,7.2488424994536889e-13
713,6.0454055220194978e-11,1.7142158015779049e-11,1.8448448586315690e-11,1.3221460166455172e-11,6.9827836423960840e-12,2.8022944802583467e-12,1.1515036605547305e-12,7.0540666843590150e-13
714,5.8743807201051808e-11,1.6656205392787658e-11,1.7925488599694777e-11,1.2846790438314400e-11,6.7852403700877230e-12,2.7236514480895852e-12,1.1199800913013536e-12,6.8645086077630925e-13
715,5.7081942177496417e-11,1.6184028808833929e-11,1.7417353079295485e-11,1.2482738147401187e-11,6.5932856060924865e-12,2.6472152176553537e-12,1.0893184212757414e-12,6.6800289694223754e-13
716,5.5467091392345172e-11,1.5725237731763785e-11,1.6923621790657536e-11,1.2129002414136278e-11,6.4067612512516349e-12,2.5729238702213438e-12,1.0594951169338748e-12,6.5004921738071427e-13
717,5.3897924810618427e-11,1.5279452700534706e-11,1.6443886411912281e-11,1.1785290885378451e-11,6.2255136790389492e-12,2.5007172241962913e-12,1.0304872863574528e-12,6.3257662320029055e-13
718,5.2373150024087679e-11,1.4846305011361735e-11,1.5977750196089141e-11,1.1451319492798064e-11,6.0493936090297443e-12,2.4305367864012477e-12,1.0022726617881140e-12,6.1557226661964133e-13
719,5.0891511186813046e-11,1.4425436412760986e-11,1.5524827642994813e-11,1.1126812218097950e-11,5.8782559839494550e-12,2.3623257047057098e-12,9.7482958263627348e-13,5.9902364166785997e-13
720,4.9451787980794307e-11,1.4016498809238286e-11,1.5084744180394016e-11,1.0811500864887647e-11,5.7119598502005252e-12,2.2960287219922703e-12,9.4813697895171654e-13,5.8291857512985200e-13
721,4.8052794610883993e-11,1.3619153973378052e-11,1.4657135854228014e-11,1.0505124837022387e-11,5.5503682417691964e-12,2.2315921314125341e-12,9.2217435534340842e-13,5.6724521773040235e-13
722,4.6693378828134185e-11,1.3233073266094102e-11,1.4241649027614775e-11,1.0207430923223649e-11,5.3933480674165721e-12,2.1689637328980750e-12,8.9692177533634746e-13,5.5199203555066459e-13
723,4.5372420980773016e-11,1.2857937364811121e-11,1.3837940088381735e-11,9.9181730878032688e-12,5.2407700010610672e-12,2.1080927908912456e-12,8.7235984615359364e-13,5.3714780167097696e-13
724,4.4088833092029050e-11,1.2493435999351917e-11,1.3445675164889429e-11,9.6371122673181316e-12,5.0925083752619230e-12,2.0489299932616202e-12,8.4846970391194931e-13,5.2270158803407200e-13
725,4.2841557964044041e-11,1.2139267695311977e-11,1.3064529849910788e-11,9.3640161729874014e-12,4.9484410777160973e-12,1.9914274113748173e-12,8.2523299922005968e-13,5.0864275752289880e-13
726,4.1629568307136102e-11,1.1795139524709162e-11,1.2694188932337894e-11,9.0986590987089466e-12,4.8084494506832486e-12,1.9355384612813884e-12,8.0263188316801925e-13,4.9496095624743353e-13
727,4.0451865893695915e-11,1.1460766863702179e-11,1.2334346136494201e-11,8.8408217345163257e-12,4.6724181932560015e-12,1.8812178659943517e-12,7.8064899369786050e-13,4.8164610603498923e-13
728,3.9307480736019451e-11,1.1135873157177542e-11,1.1984703868836680e-11,8.5902909853221400e-12,4.5402352663949820e-12,1.8284216188248384e-12,7.5926744234458631e-13,4.6868839711869161e-13
729,3.8195470287399739e-11,1.0820189690010223e-11,1.1644972971838358e-11,8.3468597947979344e-12,4.4117918006504260e-12,1.7771069477461822e-12,7.3847080133769619e-13,4.5607828101891674e-13
730,3.7114918665819677e-11,1.0513455364808857e-11,1.1314872484847739e-11,8.1103269742450948e-12,4.2869820064943403e-12,1.7272322807575967e-12,7.1824309105341599e-13,4.4380646361262904e-13
731,3.6064935899606849e-11,1.0215416485961643e-11,1.0994129411727313e-11,7.8804970363153086e-12,4.1657030871893695e-12,1.6787572122194127e-12,6.9856876780811868e-13,4.3186389838568360e-13
732,3.5044657194428625e-11,9.9258265498043196e-12,1.0682478495078952e-11,7.6571800334431479e-12,4.0478551541226190e-12,1.6316424701326242e-12,6.7943271198367291e-13,4.2024177986329254e-13
733,3.4053242221024041e-11,9.6444460407366720e-12,1.0379661996869536e-11,7.4401914008572334e-12,3.9333411445346700e-12,1.5858498843362540e-12,6.6082021647570914e-13,4.0893153721397457e-13
734,3.3089874423085839e-11,9.3710422331189398e-12,1.0085429485275307e-11,7.2293518040402534e-12,3.8220667415760615e-12,1.5413423555968057e-12,6.4271697545604014e-13,3.9792482802243187e-13
735,3.2153760344722414e-11,9.1053889987842356e-12,9.7995376275687011e-12,7.0244869905117270e-12,3.7139402966253648e-12,1.4980838255647671e-12,6.2510907344070539e-13,3.8721353222691691e-13
736,3.1244128976946094e-11,8.8472666200078198e-12,9.5217499888763549e-12,6.8254276458110526e-12,3.6088727538048940e-12,1.4560392475738620e-12,6.0798297465534458e-13,3.7678974621676765e-13
737,3.0360231122649123e-11,8.5964616077784729e-12,9.2518368366418773e-12,6.6320092535617772e-12,3.5067775766318617e-12,1.4151745582594032e-12,5.9132551268982452e-13,3.6664577708590206e-13
738,2.9501338779544572e-11,8.3527665252217254e-12,8.9895749506316118e-12,6.4440719595014367e-12,3.4075706767445835e-12,1.3754566499727739e-12,5.7512388043427066e-13,3.5677413703817227e-13
739,2.8666744540563920e-11,8.1159798160288177e-12,8.7347474383263238e-12,6.2614604393646078e-12,3.3111703446450154e-12,1.3368533439697108e-12,5.5936562028885883e-13,3.4716753794058860e-13
740,2.7855761011217319e-11,7.8859056377495502e-12,8.4871435555460862e-12,6.0840237705099492e-12,3.2174971824005959e-12,1.2993333643506854e-12,5.4403861463993329e-13,3.3781888602052319e-13
741,2.7067720243436856e-11,7.6623536998110935e-12,8.2465585321600402e-12,5.9116153071851573e-12,3.1264740382499471e-12,1.2628663127322858e-12,5.2913107659522357e-13,3.2872127670310891e-13
742,2.6301973185436349e-11,7.4451391061288084e-12,8.0127934027368694e-12,5.7440925593267173e-12,3.0380259430585905e-12,1.2274226436290973e-12,5.1463154097111741e-13,3.1986798958514630e-13
743,2.5557889147134683e-11,7.2340822021788639e-12,7.7856548419959504e-12,5.5813170747943085e-12,2.9520800485723312e-12,1.1929736405261536e-12,5.0052885552515000e-13,3.1125248354192712e-13
744,2.4834855280702327e-11,7.0290084264062063e-12,7.5649550049230479e-12,5.4231543249425013e-12,2.8685655674174551e-12,1.1594913926225911e-12,4.8681217242704558e-13,3.0286839196347873e-13
745,2.4132276075803184e-11,6.8297481658449514e-12,7.3505113714183915e-12,5.2694735934351794e-12,2.7874137147983264e-12,1.1269487722276772e-12,4.7347093996183474e-13,2.9470951811682292e-13
746,2.3449572869116129e-11,6.6361366158317725e-12,7.1421465953485880e-12,5.1201478682108179e-12,2.7085576518443593e-12,1.0953194127909136e-12,4.6049489445874150e-13,2.8676983063093337e-13
747,2.2786183367732153e-11,6.4480136436962817e-12,6.9396883578775626e-12,4.9750537365092913e-12,2.6319324305597086e-12,1.0645776875484381e-12,4.4787405243970995e-13,2.7904345910116244e-13
748,2.2141561186034681e-11,6.2652236563156374e-12,6.7429692249552247e-12,4.8340712828734594e-12,2.5574749403303391e-12,1.0346986887684244e-12,4.3559870298160073e-13,2.7152468980999159e-13
749,2.1515175395681481e-11,6.0876154714238333e-12,6.5518265088459942e-12,4.6970839900412550e-12,2.4851238559444042e-12,1.0056582075786933e-12,4.2365940028625573e-13,2.6420796156104345e-13
750,2.0906510088317700e-11,5.9150421925692296e-12,6.3661021335826573e-12,4.5639786426463289e-12,2.4148195870831371e-12,9.7743271436019607e-13,4.1204695645278073e-13,2.5708786162337181e-13
751,2.0315063950659721e-11,5.7473610876169177e-12,6.1856425042342949e-12,4.4346452336476789e-12,2.3465042292406490e-12,9.4999933969049867e-13,4.0075243444655423e-13,2.5015912178312662e-13
752,1.9740349851599894e-11,5.5844334706953935e-12,6.0102983798801530e-12,4.3089768734109254e-12,2.2801215160321992e-12,9.2333585582184519e-13,3.8976714125961538e-13,2.4341661449976416e-13
753,1.9181894440992166e-11,5.4261245874899302e-12,5.8399247501843994e-12,4.1868697013660829e-12,2.2156167728516746e-12,8.9742065867879898e-13,3.7908262125723223e-13,2.3685534916404857e-13
754,1.8639237759788000e-11,5.2723035037877401e-12,5.6743807154696930e-12,4.0682228001688210e-12,2.1529368718400991e-12,8.7223275036089236e-13,3.6869064970558953e-13,2.3047046845516251e-13
755,1.8111932861201620e-11,5.1228429971827825e-12,5.5135293701903800e-12,3.9529381122942623e-12,2.0920301881280858e-12,8.4775172213611945e-13,3.5858322647567498e-13,2.2425724479431527e-13
756,1.7599545442592511e-11,4.9776194518506002e-12,5.3572376897089448e-12,3.8409203589943899e-12,2.0328465573161906e-12,8.2395773791150242e-13,3.4875256991857570e-13,2.1821107689230361e-13
757,1.7101653487761936e-11,4.8365127563061927e-12,5.2053764202820895e-12,3.7320769615520779e-12,1.9753372341581499e-12,8.0083151816735082e-13,3.3919111090752569e-13,2.1232748638855062e-13
758,1.6617846919368965e-11,4.6994062040603205e-12,5.0578199721654200e-12,3.6263179647666634e-12,1.9194548524129733e-12,7.7835432434220722e-13,3.2989148704217176e-13,2.0660211457920834e-13
759,1.6147727261179597e-11,4.5661863970921151e-12,4.9144463157483874e-12,3.5235559626078143e-12,1.8651533858328186e-12,7.5650794365583772e-13,3.2084653701064967e-13,2.0103071923197691e-13
760,1.5690907309870940e-11,4.4367431520581119e-12,4.7751368806335208e-12,3.4237060259762681e-12,1.8123881102545248e-12,7.3527467435798085e-13,3.1204929510518025e-13,1.9560917148535283e-13
761,1.5247010816120011e-11,4.3109694091601705e-12,4.6397764575765558e-12,3.3266856325117064e-12,1.7611155667635758e-12,7.1463731139091169e-13,3.0349298588701165e-13,1.9033345283007909e-13
762,1.4815672174714588e-11,4.1887611435968735e-12,4.5082531032062915e-12,3.2324145983897720e-12,1.7112935259001588e-12,6.9457913245421266e-13,2.9517101899664899e-13,1.8519965217062821e-13
763,1.4396536123430811e-11,4.0700172795251914e-12,4.3804580474454326e-12,3.1408150120518570e-12,1.6628809528778310e-12,6.7508388446047275e-13,2.8707698410542030e-13,1.8020396296460703e-13
764,1.3989257450429579e-11,3.9546396064612212e-12,4.2562856035558125e-12,3.0518111698128788e-12,1.6158379737861586e-12,6.5613577037094498e-13,2.7920464600453737e-13,1.7534268043802627e-13
765,1.3593500709930683e-11,3.8425326980508900e-12,4.1356330807336234e-12,2.9653295132938421e-12,1.5701258427494769e-12,6.3771943640050825e-13,2.7154793982791112e-13,1.7061219887443274e-13
766,1.3208939945930565e-11,3.7336038331433992e-12,4.0184006991823573e-12,2.8812985686274577e-12,1.5257069100147383e-12,6.1981995958157145e-13,2.6410096640508721e-13,1.6600900897595435e-13
767,1.2835258423736078e-11,3.6277629191021541e-12,3.9044915075932189e-12,2.7996488873865812e-12,1.4825445909421486e-12,6.0242283567685343e-13,2.5685798774076134e-13,1.6152969529435882e-13
768,1.2472148369093199e-11,3.5249224172897438e-12,3.7938113029647731e-12,2.7203129891866510e-12,1.4406033358730683e-12,5.8551396743125182e-13,2.4981342261743335e-13,1.5717093373027818e-13
769,1.2119310714695801e-11,3.4249972706653297e-12,3.6862685526955080e-12,2.6432253059146818e-12,1.3998486008503438e-12,5.6907965315328907e-13,2.4296184231785103e-13,1.5292948909879764e-13
770,1.1776454853865669e-11,3.3279048334345708e-12,3.5817743188848788e-12,2.5683221275387172e-12,1.3602468191669685e-12,5.5310657561689124e-13,2.3629796646398556e-13,1.4880221275965706e-13
771,1.1443298401200973e-11,3.2335648026938895e-12,3.4802421847802436e-12,2.4955415494529696e-12,1.3217653737196295e-12,5.3758179127451403e-13,2.2981665896937011e-13,1.4478604031035700e-13
772,1.1119566959995962e-11,3.1418991520125455e-12,3.3815881833088343e-12,2.4248234213150999e-12,1.2843725701443761e-12,5.2249271977288151e-13,2.2351292410171638e-13,1.4087798934050832e-13
773,1.0804993896240380e-11,3.0528320668975745e-12,3.2857307276356765e-12,2.3561092973333819e-12,1.2480376107122800e-12,5.0782713376285053e-13,2.1738190265281186e-13,1.3707515724580592e-13
774,1.0499320119012465e-11,2.9662898820882324e-12,3.1925905436900253e-12,2.2893423879626405e-12,1.2127305689635890e-12,4.9357314899514972e-13,2.1141886821277762e-13,1.3337471910005165e-13
775,1.0202293867084615e-11,2.8822010206280554e-12,3.1020906046045038e-12,2.2244675129690602e-12,1.1784223650594823e-12,4.7971921469397273e-13,2.0561922354584874e-13,1.2977392558369177e-13
776,9.9136705015660035e-12,2.8004959346641677e-12,3.0141560670127358e-12,2.1614310558250529e-12,1.1450847418311241e-12,4.6625410420063419e-13,1.9997849706491511e-13,1.2627010096737410e-13
777,9.6332123044113474e-12,2.7211070479248496e-12,2.9287142091527781e-12,2.1001809193965091e-12,1.1126902415062927e-12,4.5316690587971016e-13,1.9449233940213592e-13,1.2286064114907171e-13
778,9.3606882826298619e-12,2.6439686998278056e-12,2.8456943707251721e-12,2.0406664828858000e-12,1.0812121830944133e-12,4.4044701428030169e-13,1.8915652007301391e-13,1.1954301174335482e-13
779,9.0958739780331533e-12,2.5690170911728914e-12,2.7650278944558688e-12,1.9828385599949433e-12,1.0506246404113675e-12,4.2808412154526481e-13,1.8396692423138623e-13,1.1631474622143280e-13
780,8.8385512823653730e-12,2.4961902313743934e-12,2.6866480693156950e-12,1.9266493582743657e-12,1.0209024207259869e-12,4.1606820906144972e-13,1.7891954951285878e-13,1.1317344410062341e-13
781,8.5885082576633109e-12,2.4254278871892051e-12,2.6104900753494173e-12,1.8720524396236482e-12,9.9202104401063222e-13,4.0438953934419104e-13,1.7401050296427639e-13,1.1011676918194067e-13
782,8.3455389616985478e-12,2.3566715328985009e-12,2.5364909300687535e-12,1.8190026819116209e-12,9.6395672277877912e-13,3.9303864814947488e-13,1.6923599805688848e-13,1.0714244783452929e-13
783,8.1094432783578324e-12,2.2898643019016993e-12,2.4645894363650171e-12,1.7674562416840824e-12,9.3668634249299751e-13,3.8200633680739907e-13,1.6459235178093190e-13,1.0424826732570513e-13
784,7.8800267528220160e-12,2.2249509396826791e-12,2.3947261318982982e-12,1.7173705179283199e-12,9.1018744252719069e-13,3.7128366477071610e-13,1.6007598181941562e-13,1.0143207419539529e-13
785,7.6571004314077788e-12,2.1618777581093471e-12,2.3268432399213479e-12,1.6687041168644896e-12,8.8443819766741296e-13,3.6086194237242808e-13,1.5568340379895148e-13,9.8691772673801910e-14
786,7.4404807059402492e-12,2.1005925910287564e-12,2.2608846214974719e-12,1.6214168177347432e-12,8.5941740013603173e-13,3.5073272378656625e-13,1.5141122861553371e-13,9.6025323141146122e-14
787,7.2299891625283135e-12,2.0410447511210497e-12,2.1967957290729283e-12,1.5754695395618477e-12,8.3510444212442398e-13,3.4088780018645851e-13,1.4725615983322772e-13,9.3430740628377319e-14
788,7.0254524346180909e-12,1.9831849879765417e-12,2.1345235613654363e-12,1.5308243088497974e-12,8.1147929881982651e-13,3.3131919309494241e-13,1.4321499115378319e-13,9.0906093357763331e-14
789,6.8267020602035337e-12,1.9269654473612632e-12,2.0740166195314780e-12,1.4874442281997499e-12,7.8852251191235562e-13,3.2201914792114082e-13,1.3928460395524093e-13,8.8449501322305139e-14
790,6.6335743430765395e-12,1.8723396316372805e-12,2.0152248645761470e-12,1.4452934458153288e-12,7.6621517356861482e-13,3.1298012767856538e-13,1.3546196489765503e-13,8.6059134902947692e-14
791,6.4459102180023029e-12,1.8192623613050445e-12,1.9580996759703214e-12,1.4043371258720980e-12,7.4453891085868833e-13,3.0419480687946227e-13,1.3174412359410331e-13,8.3733213522585775e-14
792,6.2635551197088762e-12,1.7676897376359738e-12,1.9025938114409354e-12,1.3645414197267151e-12,7.2347587062369849e-13,2.9565606560045577e-13,1.2812821034520888e-13,8.1470004335889683e-14
793,6.0863588555830023e-12,1.7175791063643502e-12,1.8486613679010931e-12,1.3258734379419728e-12,7.0300870477145808e-13,2.8735698371468397e-13,1.2461143393544300e-13,7.9267820954001780e-14
794,5.9141754819674016e-12,1.6688890224085106e-12,1.7962577434877179e-12,1.2883012231046004e-12,6.8312055598811024e-13,2.7929083528575594e-13,1.2119107948952719e-13,7.7125022203179692e-14
795,5.7468631839576138e-12,1.6215792155921451e-12,1.7453396006753339e-12,1.2517937234133700e-12,6.6379504385398729e-13,2.7145108311899242e-13,1.1786450638729864e-13,7.5040010916486280e-14
796,5.5842841585993855e-12,1.5756105573373559e-12,1.6958648304354815e-12,1.2163207670156638e-12,6.4501625135225195e-13,2.6383137346553486e-13,1.1462914623544628e-13,7.3011232757650667e-14
797,5.4263045013904124e-12,1.5309450283019231e-12,1.6477925174121194e-12,1.1818530370713070e-12,6.2676871175920920e-13,2.5642553087503787e-13,1.1148250089456897e-13,7.1037175076246717e-14
798,5.2727940959929591e-12,1.4875456869340174e-12,1.6010829060842171e-12,1.1483620475230492e-12,6.0903739590549334e-13,2.4922755319277367e-13,1.0842214056004946e-13,6.9116365793359323e-14
799,5.1236265070665051e-12,1.4453766389183449e-12,1.5556973678875517e-12,1.1158201195536666e-12,5.9180769979763505e-13,2.4223160669709939e-13,1.0544570189527822e-13,6.7247372316929486e-14
800,4.9786788761321616e-12,1.4044030074884546e-12,1.5115983692685148e-12,1.0842003587102334e-12,5.7506543258981639e-13,2.3543202137334898e-13,1.0255088621580134e-13,6.5428800485990982e-14
801,4.8378318203830874e-12,1.3645909045806549e-12,1.4687494406435148e-12,1.0534766326766541e-12,5.5879680489590380e-13,2.2882328632032216e-13,9.9735457723005525e-14,6.3659293543032547e-14
802,4.7009693343575788e-12,1.3259074028056806e-12,1.4271151462383008e-12,1.0236235496760801e-12,5.4298841743213537e-13,2.2240004528565138e-13,9.6997241785991018e-14,6.1937531133739182e-14
803,4.5679786943938041e-12,1.2883205082149267e-12,1.3866610547822618e-12,9.9461643748537169e-13,5.2762724998110699e-13,2.1615709232643077e-13,9.4334123270319644e-14,6.0262228333386089e-14
804,4.4387503657875413e-12,1.2517991338387248e-12,1.3473537110334682e-12,9.6643132304424969e-13,5.1270065066796712e-13,2.1008936759159298e-13,9.1744044912360803e-14,5.8632134699178117e-14
805,4.3131779125764217e-12,1.2163130739747755e-12,1.3091606081109062e-12,9.3904491264229164e-13,4.9819632553998934e-13,2.0419195322261878e-13,8.9225005737994004e-14,5.7046033347845977e-14
806,4.1911579098763726e-12,1.1818329792054700e-12,1.2720501606110209e-12,9.1243457266739591e-13,4.8410232844093812e-13,1.9846006936925986e-13,8.6775059524458620e-14,5.5502740057828890e-14
807,4.0725898586980788e-12,1.1483303321234397e-12,1.2359916784863353e-12,8.8657831089979869e-13,4.7040705117189140e-13,1.9288907031704744e-13,8.4392313304175766e-14,5.4001102395390977e-14
808,3.9573761031732830e-12,1.1157774237452541e-12,1.2009553416645425e-12,8.6145475833618893e-13,4.5709921393041085e-13,1.8747444072345178e-13,8.2074925909398966e-14,5.2539998864035907e-14
809,3.8454217501227573e-12,1.0841473305937597e-12,1.1669121753870833e-12,8.3704315152889719e-13,4.4416785602019155e-13,1.8221179195964343e-13,7.9821106556580367e-14,5.1118338076601187e-14
810,3.7366345908997045e-12,1.0534138924301052e-12,1.1338340262468097e-12,8.1332331542555971e-13,4.3160232682353388e-13,1.7709685855489475e-13,7.7629113469371300e-14,4.9735057949429786e-14
811,3.6309250254442131e-12,1.0235516906170338e-12,1.1016935389049169e-12,7.9027564669507928e-13,4.1939227702920566e-13,1.7212549474074080e-13,7.5497252539203464e-14,4.8389124918032659e-14
812,3.5282059884862098e-12,9.9453602709555045e-13,1.0704641334678920e-12,7.6788109752609745e-13,4.0752765010846854e-13,1.6729367109210282e-13,7.3423876022427341e-14,4.7079533173671403e-14
813,3.4283928778361436e-12,9.6634290395756987e-13,1.0401199835057645e-12,7.4612115988459316e-13,3.9599867403224727e-13,1.6259747126265190e-13,7.1407381273011185e-14,4.5805303920305159e-14
814,3.3314034847043146e-12,9.3894900359765343e-13,1.0106359946934863e-12,7.2497785021759028e-13,3.8479585322262131e-13,1.5803308881177097e-13,6.9446209509831454e-14,4.4565484651360744e-14
815,3.2371579259914918e-12,9.1233166942742070e-13,9.8198778405776732e-13,7.0443369459033914e-13,3.7390996073200877e-13,1.5359682412054394e-13,6.7538844617612129e-14,4.3359148445799251e-14
816,3.1455785784950146e-12,8.8646888713667921e-13,9.5415165981221380e-13,6.8447171424468253e-13,3.6333203064360188e-13,1.4928508139427509e-13,6.5683811980595611e-14,4.2185393282966197e-14
817,3.0565900149762173e-12,8.6133926648577748e-13,9.2710460176408361e-13,6.6507541156667249e-13,3.5305335068679388e-13,1.4509436574911108e-13,6.3879677348053032e-14,4.1043341375726080e-14
818,2.9701189420365082e-12,8.3692202361412016e-13,9.0082424227646167e-13,6.4622875645184232e-13,3.4306545506151683e-13,1.4102128038040568e-13,6.2125045730766019e-14,3.9932138521395230e-14
819,2.8860941397509283e-12,8.1319696385021339e-13,8.7528884777010620e-13,6.2791617305686068e-13,3.3336011746557831e-13,1.3706252381053444e-13,6.0418560327635924e-14,3.8850953469999704e-14
820,2.8044464030094957e-12,7.9014446500902242e-13,8.5047730074966846e-13,6.1012252692662257e-13,3.2392934431925555e-13,1.3321488721392992e-13,5.8758901481598923e-14,3.7798977309397711e-14
821,2.7251084845179875e-12,7.6774546116282653e-13,8.2636908233942253e-13,5.9283311248613492e-13,3.1476536818156580e-13,1.2947525181717169e-13,5.7144785664048115e-14,3.6775422866817906e-14
822,2.6480150394112483e-12,7.4598142687214776e-13,8.0294425531406083e-13,5.7603364088686103e-13,3.0586064135279150e-13,1.2584058637202431e-13,5.5574964486985527e-14,3.5779524126377155e-14
823,2.5731025714333792e-12,7.2483436186371297e-13,7.8018344761052178e-13,5.5971022819747754e-13,2.9720782965798874e-13,1.2230794469937795e-13,5.4048223742147912e-14,3.4810535662152619e-14
824,2.5003093806405013e-12,7.0428677614277372e-13,7.5806783630721321e-13,5.4384938392928516e-13,2.8879980640636251e-13,1.1887446330210176e-13,5.2563382466370852e-14,3.3867732086394345e-14
825,2.4295755125829996e-12,6.8432167552747144e-13,7.3657913205738248e-13,5.2843799988678781e-13,2.8062964652152987e-13,1.1553735904487650e-13,5.1119292032475752e-14,3.2950407512475690e-14
826,2.3608427089254135e-12,6.6492254759328541e-13,7.1569956396375841e-13,5.1346333933422951e-13,2.7269062083783944e-13,1.1229392689912800e-13,4.9714835264983803e-14,3.2057875032189313e-14
827,2.2940543594632887e-12,6.4607334801593360e-13,6.9541186488195889e-13,4.9891302646912898e-13,2.6497619055804706e-13,1.0914153775123414e-13,4.8348925579979866e-14,3.1189466207006939e-14
828,2.2291554554974746e-12,6.2775848730143614e-13,6.7569925714050538e-13,4.8477503619411783e-13,2.5748000186778546e-13,1.0607763627223086e-13,4.7020506148467695e-14,3.0344530572931486e-14
829,2.1660925445274627e-12,6.0996281789236291e-13,6.5654543866563769e-13,4.7103768417862564e-13,2.5019588070238965e-13,1.0309973884729141e-13,4.5728549082575770e-14,2.9522435158579451e-14
830,2.1048136862264568e-12,5.9267162163959842e-13,6.3793456949945431e-13,4.5768961720220020e-13,2.4311782766176965e-13,1.0020543156330194e-13,4.4472054643990767e-14,2.8722564016141566e-14
831,2.0452684096619115e-12,5.7587059762926956e-13,6.1985125870022585e-13,4.4471980377147945e-13,2.3624001306914163e-13,9.7392368252903687e-14,4.3250050474012131e-14,2.7944317764878803e-14
832,1.9874076717262952e-12,5.5954585035475880e-13,6.0228055161405036e-13,4.3211752500306312e-13,2.2955677216954762e-13,9.4658268593417139e-14,4.2061590844638259e-14,2.7187113146819934e-14
833,1.9311838167438599e-12,5.4368387822402699e-13,5.8520791750732228e-13,4.1987236576474592e-13,2.2306260046420960e-13,9.2000916259108772e-14,4.0905755930110502e-14,2.6450382594335692e-14
834,1.8765505372201274e-12,5.2827156239273625e-13,5.6861923754978858e-13,4.0797420606779396e-13,2.1675214917687463e-13,8.9418157125303622e-14,3.9781651098357022e-14,2.5733573809273326e-14
835,1.8234628357017813e-12,5.1329615591393854e-13,5.5250079313825255e-13,3.9641321270314697e-13,2.1062022084841733e-13,8.6907897522888965e-14,3.8688406221793539e-14,2.5036149353343518e-14
836,1.7718769877155425e-12,4.9874527319535673e-13,5.3683925455126883e-13,3.8517983111463685e-13,2.0466176505607159e-13,8.4468102541795583e-14,3.7625175006953068e-14,2.4357586249459953e-14
837,1.7217505057555028e-12,4.8460687975553364e-13,5.2162166992544789e-13,3.7426477750250316e-13,1.9887187425376488e-13,8.2096794382082326e-14,3.6591134342430871e-14,2.3697375593739772e-14
838,1.6730421042892614e-12,4.7086928227038371e-13,5.0683545454425148e-13,3.6365903115068181e-13,1.9324577973013024e-13,7.9792050751288259e-14,3.5585483664644900e-14,2.3055022177880777e-14
839,1.6257116657540400e-12,4.5752111890190820e-13,4.9246838043042223e-13,3.5335382697152430e-13,1.8777884768086579e-13,7.7552003306754679e-14,3.4607444340925838e-14,2.2430044121638969e-14
840,1.5797202075147682e-12,4.4455134990107874e-13,4.7850856623344064e-13,3.4334064826178531e-13,1.8246657539220788e-13,7.5374836141654742e-14,3.3656259069463674e-14,2.1821972515137118e-14
841,1.5350298497569231e-12,4.3194924847711502e-13,4.6494446740364318e-13,3.3361121966389324e-13,1.7730458753237337e-13,7.3258784313504961e-14,3.2731191295651041e-14,2.1230351070742425e-14
842,1.4916037842876897e-12,4.1970439192560699e-13,4.5176486664487958e-13,3.2415750032668512e-13,1.7228863254791780e-13,7.1202132413966356e-14,3.1831524644375804e-14,2.0654735784258162e-14
843,1.4494062442197290e-12,4.0780665300813988e-13,4.3895886463780945e-13,3.1497167725995384e-13,1.6741457916204042e-13,6.9203213178776663e-14,3.0956562367827730e-14,2.0094694605180939e-14
844,1.4084024745125997e-12,3.9624619157629681e-13,4.2651587102616953e-13,3.0604615887731540e-13,1.6267841297195219e-13,6.7260406136688111e-14,3.0105626808395887e-14,1.9549807115781970e-14
845,1.3685587033475638e-12,3.8501344643310709e-13,4.1442559565855464e-13,2.9737356872205960e-13,1.5807623314250479e-13,6.5372136296315982e-14,2.9278058876244749e-14,1.9019664218776951e-14
846,1.3298421143121963e-12,3.7409912742521201e-13,4.0267804007847119e-13,2.8894673937079773e-13,1.5360424919335668e-13,6.3536872869834317e-14,2.8473217541168722e-14,1.8503867833355583e-14
847,1.2922208193718988e-12,3.6349420775920557e-13,3.9126348925562384e-13,2.8075870650987115e-13,1.4925877787703054e-13,6.1753128032485173e-14,2.7690479338335124e-14,1.8002030599347690e-14
848,1.2556638326060478e-12,3.5318991653579586e-13,3.8017250355159711e-13,2.7280270317962215e-13,1.4503624014529061e-13,6.0019455716896428e-14,2.6929237887536610e-14,1.7513775589308995e-14
849,1.2201410446871458e-12,3.4317773149561303e-13,3.6939591091328829e-13,2.6507215418177219e-13,1.4093315820134127e-13,5.8334450441231421e-14,2.6188903425584455e-14,1.7038736028315171e-14
850,1.1856231980819650e-12,3.3344937197066149e-13,3.5892479928763613e-13,2.5756067064528449e-13,1.3694615263541925e-13,5.6696746170221384e-14,2.5468902351483741e-14,1.6576555021258608e-14
851,1.1520818629542459e-12,3.2399679203558998e-13,3.4875050925136870e-13,2.5026204474622010e-13,1.3307193964141979e-13,5.5105015208157989e-14,2.4768676784041748e-14,1.6126885287447628e-14
852,1.1194894137491116e-12,3.1481217385311145e-13,3.3886462684967963e-13,2.4317024457722338e-13,1.2930732831226468e-13,5.3557967122949091e-14,2.4087684131570051e-14,1.5689388902313300e-14
853,1.0878190064399110e-12,3.0588792120807163e-13,3.2925897663790740e-13,2.3627940916239640e-13,1.2564921801178467e-13,5.2054347700366416e-14,2.3425396673350161e-14,1.5263737046034198e-14
854,1.0570445564187490e-12,2.9721665322481709e-13,3.1992561492046383e-13,2.2958384361344297e-13,1.2209459582095121e-13,5.0592937927637862e-14,2.2781301152541596e-14,1.4849609758894394e-14
855,1.0271407170124944e-12,2.8879119826266592e-13,3.1085682318142003e-13,2.2307801442307826e-13,1.1864053405635436e-13,4.9172553005561149e-14,2.2154898380219926e-14,1.4446695703194956e-14
856,9.9808285860657290e-13,2.8060458798443427e-13,3.0204510170131742e-13,2.1675654489181439e-13,1.1528418785888338e-13,4.7792041388338448e-14,2.1545702850241006e-14,1.4054691931544058e-14
857,9.6984704835934387e-13,2.7265005159310920e-13,2.9348316335492402e-13,2.1061421068434194e-13,1.1202279285062341e-13,4.6450283850354411e-14,2.0953242364635680e-14,1.3673303661355282e-14
858,9.4241003049036571e-13,2.6492101023190603e-13,2.8516392758480771e-13,2.0464593551183610e-13,1.0885366285803866e-13,4.5146192579141337e-14,2.0377057669247473e-14,1.3302244055388446e-14
859,9.1574920712630027e-13,2.5741107154307300e-13,2.7708051454574116e-13,1.9884678693661719e-13,1.0577418769956691e-13,4.3878710293797016e-14,1.9816702099333629e-14,1.2941234008171506e-14
860,8.8984261968869275e-13,2.5011402438094769e-13,2.6922623941509730e-13,1.9321197229569999e-13,1.0278183103580317e-13,4.2646809388140770e-14,1.9271741234857291e-14,1.2590001938146501e-14
861,8.6466893080828785e-13,2.4302383367488976e-13,2.6159460686452874e-13,1.8773683473986102e-13,9.9874128280501542e-14,4.1449491097913907e-14,1.8741752565206287e-14,1.2248283585386643e-14
862,8.4020740675099420e-13,2.3613463543784113e-13,2.5417930568835955e-13,1.8241684938495228e-13,9.7048684570674977e-14,4.0285784691349543e-14,1.8226325163081039e-14,1.1915821814735702e-14
863,8.1643790034101682e-13,2.2944073191638713e-13,2.4697420358424757e-13,1.7724761957227831e-13,9.4303172794121241e-14,3.9154746682456557e-14,1.7725059367301154e-14,1.1592366424224851e-14
864,7.9334083436709666e-13,2.2293658687830554e-13,2.3997334208180016e-13,1.7222487323494807e-13,9.1635331672749935e-14,3.8055460066379907e-14,1.7237566474287155e-14,1.1277673958625936e-14
865,7.7089718545818621e-13,2.1661682103370610e-13,2.3317093161494885e-13,1.6734445936719643e-13,8.9042963900132419e-14,3.6987033576218115e-14,1.6763468437980383e-14,1.0971507528003923e-14
866,7.4908846841528550e-13,2.1047620758597470e-13,2.2656134673400949e-13,1.6260234459375949e-13,8.6523934331740590e-14,3.5948600960695801e-14,1.6302397577970578e-14,1.0673636631134927e-14
867,7.2789672098652955e-13,2.0450966790884074e-13,2.2013912145346599e-13,1.5799460983646601e-13,8.4076168226383871e-14,3.4939320282106148e-14,1.5853996295607001e-14,1.0383836983659776e-14
868,7.0730448907298924e-13,1.9871226734599361e-13,2.1389894473163162e-13,1.5351744707529229e-13,8.1697649537395887e-14,3.3958373233954376e-14,1.5417916797874892e-14,1.0101890350846511e-14
869,6.8729481235300211e-13,1.9307921112977304e-13,2.0783565607844960e-13,1.4916715620120203e-13,7.9386419252163816e-14,3.3004964477749639e-14,1.4993820828825307e-14,9.8275843848386348e-15
870,6.6785121031319005e-13,1.8760584041555901e-13,2.0194424128779944e-13,1.4494014195817045e-13,7.7140573778632198e-14,3.2078320998407921e-14,1.4581379408351825e-14,9.5607124662691709e-15
871,6.4895766867466099e-13,1.8228762842858012e-13,1.9621982829078067e-13,1.4083291097186609e-13,7.4958263377452961e-14,3.1177691477743774e-14,1.4180272578113516e-14,9.3010735501237861e-15
872,6.3059862620321344e-13,1.7712017671995420e-13,1.9065768312654431e-13,1.3684206886253363e-13,7.2837690638489762e-14,3.0302345685543295e-14,1.3790189154408864e-14,9.0484720157393817e-15
873,6.1275896189268173e-13,1.7209921152886438e-13,1.8525320602733973e-13,1.3296431743969208e-13,7.0777109000422134e-14,2.9451573887725085e-14,1.3410826487810795e-14,8.8027175208275238e-15
874,5.9542398251086405e-13,1.6722058024786188e-13,1.8000192761453923e-13,1.2919645197632981e-13,6.8774821312230190e-14,2.8624686271109674e-14,1.3041890229378014e-14,8.5636248594150904e-15
875,5.7857941049777702e-13,1.6248024798837205e-13,1.7489950520249469e-13,1.2553535856034363e-13,6.6829178435374934e-14,2.7821012384331309e-14,1.2683094103262998e-14,8.3310138235973207e-15
876,5.6221137220627035e-13,1.5787429424356262e-13,1.6994171920716929e-13,1.2197801152103292e-13,6.4938577885522931e-14,2.7039900594439332e-14,1.2334159685541836e-14,8.1047090690013314e-15
877,5.4630638647531311e-13,1.5339890964581487e-13,1.6512446965657421e-13,1.1852147092852196e-13,6.3101462512696662e-14,2.6280717558748740e-14,1.1994816189095925e-14,7.8845399838607674e-15
878,5.3085135352654396e-13,1.4905039281611552e-13,1.6044377280012445e-13,1.1516288016404331e-13,6.1316319218763534e-14,2.5542847711512074e-14,1.1664800254380112e-14,7.6703405616050138e-15
879,5.1583354417493734e-13,1.4482514730276274e-13,1.5589575781411006e-13,1.1189946355907528e-13,5.9581677711207121e-14,2.4825692764996840e-14,1.1343855745916402e-14,7.4619492768688910e-15
880,5.0124058934470074e-13,1.4071967860685570e-13,1.5147666360055731e-13,1.0872852410138113e-13,5.7896109292154306e-14,2.4128671224564122e-14,1.1031733554356831e-14,7.2592089648313179e-15
881,4.8706046988176848e-13,1.3673059129210678e-13,1.4718283567683348e-13,1.0564744120605471e-13,5.6258225681660908e-14,2.3451217917355548e-14,1.0728191403963192e-14,7.0619667037938187e-15
882,4.7328150665449913e-13,1.3285458617658545e-13,1.4301072315342200e-13,1.0265366854973036e-13,5.4666677874286622e-14,2.2792783534206852e-14,1.0432993665355652e-14,6.8700737009121829e-15
883,4.5989235093442613e-13,1.2908845760407265e-13,1.3895687579736935e-13,9.9744731966166973e-14,5.3120155028017413e-14,2.2152834184416696e-14,1.0145911173386177e-14,6.6833851809968315e-15
884,4.4688197504913580e-13,1.2542909079276714e-13,1.3501794117897439e-13,9.6918227401467044e-14,5.1617383384620503e-14,2.1530850963010242e-14,9.8667210499967579e-15,6.5017602782997753e-15
885,4.3423966329957788e-13,1.2187345925915247e-13,1.3119066189936130e-13,9.4171818927240694e-14,5.0157125220542447e-14,2.0926329530146698e-14,9.5952065319261126e-15,6.3250619312081601e-15
886,4.2195500313432345e-13,1.1841862231489272e-13,1.2747187289664235e-13,9.1503236810072857e-14,4.8738177827486384e-14,2.0338779702330182e-14,9.3311568031323502e-15,6.1531567797665971e-15
887,4.1001787657350547e-13,1.1506172263468752e-13,1.2385849882844359e-13,8.8910275635697708e-14,4.7359372521828831e-14,1.9767725055092604e-14,9.0743668318027197e-15,5.9859150659525063e-15
888,3.9841845187537551e-13,1.1179998389307453e-13,1.2034755152862804e-13,8.6390792486330446e-14,4.6019573682060060e-14,1.9212702536826751e-14,8.8246372118249479e-15,5.8232105366307563e-15
889,3.8714717543861409e-13,1.0863070846822460e-13,1.1693612753611358e-13,8.3942705169649743e-14,4.4717677813455417e-14,1.8673262093456601e-14,8.5817740085983084e-15,5.6649203491158121e-15
890,3.7619476393372489e-13,1.0555127521083072e-13,1.1362140569374173e-13,8.1563990497967294e-14,4.3452612639207028e-14,1.8148966303640827e-14,8.3455886090656631e-15,5.5109249792715689e-15
891,3.6555219665703266e-13,1.0255913727624552e-13,1.1040064481521128e-13,7.9252682616162327e-14,4.2223336217267573e-14,1.7639390024213890e-14,8.1158975758511435e-15,5.3611081320808656e-15
892,3.5521070810098647e-13,9.9651820018073912e-14,1.0727118141814797e-13,7.7006871376999018e-14,4.1028836082178421e-14,1.7144120045577433e-14,7.8925225053912098e-15,5.2153566546185260e-15
893,3.4516178073464965e-13,9.6826918941479189e-14,1.0423042752143455e-13,7.4824700762484151e-14,3.9868128411175629e-14,1.6662754756762800e-14,7.6752898899498262e-15,5.0735604513635045e-15
894,3.3539713798842963e-13,9.4082097714509474e-14,1.0127586850498064e-13,7.2704367349960380e-14,3.8740257213886734e-14,1.6194903819893260e-14,7.4640309834116536e-15,4.9356124017874832e-15
895,3.2590873743727069e-13,9.1415086235799869e-14,9.8405061030161327e-14,7.0644118821667314e-14,3.7644293544951179e-14,1.5740187853782184e-14,7.2585816707498661e-15,4.8014082801588833e-15
896,3.1668876417669372e-13,8.8823678757052091e-14,9.5615631019205770e-14,6.8642252516538456e-14,3.6579334738915616e-14,1.5298238126410792e-14,7.0587823410681140e-15,4.6708466775029243e-15
897,3.0772962438622939e-13,8.6305732058738721e-14,9.2905271691863810e-14,6.6697114023037564e-14,3.5544503666774118e-14,1.4868696256036320e-14,6.8644777641189389e-15,4.5438289256599426e-15
898,2.9902393907494040e-13,8.3859163677523312e-14,9.0271741657727496e-14,6.4807095811870983e-14,3.4538948013540946e-14,1.4451213920688433e-14,6.6755169702035157e-15,4.4202590233857152e-15
899,2.9056453800388448e-13,8.1481950183930152e-14,8.7712863062629833e-14,6.2970635907446113e-14,3.3561839576260709e-14,1.4045452575818413e-14,6.4917531333602627e-15,4.3000435644390439e-15
900,2.8234445378051093e-13,7.9172125508839310e-14,8.5226519787587339e-14,6.1186216596978191e-14,3.2612373581877986e-14,1.3651083179872475e-14,6.3130434577523679e-15,4.1830916676033084e-15
901,2.7435691612012671e-13,7.6927779317422806e-14,8.2810655698797695e-14,5.9452363176178261e-14,3.1689768024404308e-14,1.3267785927566726e-14,6.1392490671667405e-15,4.0693149085901531e-15
902,2.6659534626970567e-13,7.4747055429176939e-14,8.0463272947244393e-14,5.7767642730485752e-14,3.0793263020836764e-14,1.2895249990647715e-14,5.9702348975392737e-15,3.9586272537748090e-15
903,2.5905335158944942e-13,7.2628150282744138e-14,7.8182430316502991e-14,5.6130662950838432e-14,2.9922120185297807e-14,1.2533173265928483e-14,5.8058695924236393e-15,3.8509449957139374e-15
904,2.5172472028763511e-13,7.0569311444254516e-14,7.5966241617381722e-14,5.4540070983001177e-14,2.9075622020880498e-14,1.2181262130395959e-14,5.6460254013231146e-15,3.7461866903981855e-15
905,2.4460341630441527e-13,6.8568836157953518e-14,7.3812874128069728e-14,5.2994552309502178e-14,2.8253071328698588e-14,1.1839231203191270e-14,5.4905780808070920e-15,3.6442730961929294e-15
906,2.3768357434035461e-13,6.6625069937916843e-14,7.1720547078502242e-14,5.1492829663252879e-14,2.7453790633654597e-14,1.1506803114270066e-14,5.3394067983361033e-15,3.5451271144218878e-15
907,2.3095949502561022e-13,6.4736405199687864e-14,6.9687530177689537e-14,5.0033661971953672e-14,2.6677121626452873e-14,1.1183708279555449e-14,5.1923940387212880e-15,3.4486737315495707e-15
908,2.2442564022577592e-13,6.2901279930705838e-14,6.7712142182791746e-14,4.8615843332413025e-14,2.5922424621398222e-14,1.0869684682401282e-14,5.0494255131461790e-15,3.3548399629196289e-15
909,2.1807662848052385e-13,6.1118176398425266e-14,6.5792749508756246e-14,4.7238202013932127e-14,2.5189078029533333e-14,1.0564477661188780e-14,4.9103900706807472e-15,3.2635547980073680e-15
910,2.1190723057128800e-13,5.9385619895057966e-14,6.3927764877367474e-14,4.5899599489931703e-14,2.4476477846681276e-14,1.0267839702884292e-14,4.7751796122194977e-15,3.1747491471457990e-15
911,2.0591236521433752e-13,5.7702177517899417e-14,6.2115646004592489e-14,4.4598929497020454e-14,2.3784037155971230e-14,9.9795302423909962e-15,4.6436890067772805e-15,3.0883557896856613e-15
912,2.0008709487569325e-13,5.6066456984230937e-14,6.0354894325135906e-14,4.3335117120727491e-14,2.3111185644437791e-14,9.6993154675318680e-15,4.5158160100783276e-15,3.0043093235509452e-15
913,1.9442662170444093e-13,5.4477105479817321e-14,5.8644053753150395e-14,4.2107117907143295e-14,2.2457369133295752e-14,9.4269681295059449e-15,4.3914611853757514e-15,2.9225461161524422e-15
914,1.8892628358109037e-13,5.2932808540047645e-14,5.6981709478076961e-14,4.0913916999734843e-14,2.1822049121503350e-14,9.1622673586642638e-15,4.2705278264404600e-15,2.8430042566228745e-15
915,1.8358155027772786e-13,5.1432288962793766e-14,5.5366486794619694e-14,3.9754528300621701e-14,2.1204702342238247e-14,8.9049984854561939e-15,4.1529218826601440e-15,2.7656235093381168e-15
916,1.7838801972679663e-13,4.9974305752087531e-14,5.3797049965887196e-14,3.8627993655619613e-14,2.0604820331920684e-14,8.6549528664010393e-15,4.0385518861905755e-15,2.6903452686899806e-15
917,1.7334141439543480e-13,4.8557653091742791e-14,5.2272101118760530e-14,3.7533382062378402e-14,2.0021909011429114e-14,8.4119277149439623e-15,3.9273288811030438e-15,2.6171125150769526e-15
918,1.6843757776238324e-13,4.7181159348073629e-14,5.0790379170574250e-14,3.6469788900959575e-14,1.9455488279163203e-14,8.1757259370590626e-15,3.8191663544733272e-15,2.5458697720801806e-15
919,1.6367247089456127e-13,4.5843686100883669e-14,4.9350658786222589e-14,3.5436335186217598e-14,1.8905091615619075e-14,7.9461559714664574e-15,3.7139801693590273e-15,2.4765630647928755e-15
920,1.5904216912049221e-13,4.4544127201925301e-14,4.7951749364828820e-14,3.4432166841367272e-14,1.8370265699151240e-14,7.7230316343338481e-15,3.6116884996136005e-15,2.4091398792721432e-15
921,1.5454285879783690e-13,4.3281407860049889e-14,4.6592494055139243e-14,3.3456453992136582e-14,1.7850570032604507e-14,7.5061719683367537e-15,3.5122117664868068e-15,2.3435491230831052e-15
922,1.5017083417237428e-13,4.2054483752292351e-14,4.5271768798827869e-14,3.2508390280921804e-14,1.7345576580508592e-14,7.2954010959550439e-15,3.4154725769626865e-15,2.2797410869059558e-15
923,1.4592249432584193e-13,4.0862340160155062e-14,4.3988481400920606e-14,3.1587192200377948e-14,1.6854869416536471e-14,7.0905480768869304e-15,3.3213956637874879e-15,2.2176674071774076e-15
924,1.4179434021012139e-13,3.9703991130376555e-14,4.2741570626569931e-14,3.0692098445893921e-14,1.6378044380936151e-14,6.8914467694648440e-15,3.2299078271412928e-15,2.1572810297387222e-15
925,1.3778297176532760e-13,3.8578478659490905e-14,4.1530005323433388e-14,2.9822369286417051e-14,1.5914708747653727e-14,6.6979356959608927e-15,3.1409378779083433e-15,2.0985361744632905e-15
926,1.3388508511942679e-13,3.7484871901503586e-14,4.0352783568929959e-14,2.8977285953107220e-14,1.5464480900873530e-14,6.5098579116727456e-15,3.0544165825023069e-15,2.0413883008374284e-15
927,1.3009746986707788e-13,3.6422266398028119e-14,3.9208931841669123e-14,2.8156150045315161e-14,1.5026990020708955e-14,6.3270608776838505e-15,2.9702766092038970e-15,1.9857940744687802e-15
928,1.2641700642545556e-13,3.5389783330247280e-14,3.8097504216367316e-14,2.7358282953394085e-14,1.4601875777785171e-14,6.1493963371948658e-15,2.8884524759694582e-15,1.9317113344973849e-15
929,1.2284066346487687e-13,3.4386568792079576e-14,3.7017581581586229e-14,2.6583025297867576e-14,1.4188788036462012e-14,5.9767201953260841e-15,2.8088804996702300e-15,1.8790990618851546e-15
930,1.1936549541211584e-13,3.3411793083950444e-14,3.5968270879645586e-14,2.5829736384490296e-14,1.3787386566452782e-14,5.8088924022934434e-15,2.7314987467231279e-15,1.8279173485601482e-15
931,1.1598864002434936e-13,3.2464650026583619e-14,3.4948704368082301e-14,2.5097793674751063e-14,1.3397340762601333e-14,5.6457768398634314e-15,2.6562469850749275e-15,1.7781273673926530e-15
932,1.1270731603173619e-13,3.1544356294245429e-14,3.3958038902044915e-14,2.4386592271380741e-14,1.3018329372586678e-14,5.4872412109948918e-15,2.5830666375028074e-15,1.7296913429807207e-15
933,1.0951882084668761e-13,3.0650150766890301e-14,3.2995455237029859e-14,2.3695544418439759e-14,1.2650040232330859e-14,5.3331569325782615e-15,2.5119007361951920e-15,1.6825725232233839e-15
934,1.0642052833794282e-13,2.9781293900671924e-14,3.2060157351383204e-14,2.3024079015572013e-14,1.2292170008892125e-14,5.1833990311853392e-15,2.4426938785778395e-15,1.6367351516603760e-15
935,1.0340988666761588e-13,2.8937067116299200e-14,3.1151371788007280e-14,2.2371641146023822e-14,1.1944423950631673e-14,5.0378460417450735e-15,2.3753921843510784e-15,1.5921444405577427e-15
936,1.0048441618943263e-13,2.8116772204731283e-14,3.0268347014727826e-14,2.1737691618037749e-14,1.1606515644448216e-14,4.8963799090632743e-15,2.3099432537050139e-15,1.5487665447192787e-15
937,9.7641707406426872e-14,2.7319730749720084e-14,2.9410352802792963e-14,2.1121706519242373e-14,1.1278166779880334e-14,4.7588858921064080e-15,2.2462961266804510e-15,1.5065685360042706e-15
938,9.4879418986412968e-14,2.6545283566722620e-14,2.8576679622989598e-14,2.0523176783669664e-14,1.0959106919882450e-14,4.6252524709719353e-15,2.1844012436441579e-15,1.4655183785325492e-15
939,9.2195275833601145e-14,2.5792790157719254e-14,2.7766638058878206e-14,1.9941607771042130e-14,1.0649073278085511e-14,4.4953712564697552e-15,2.1242104068479364e-15,1.4255849045583549e-15
940,8.9587067214766792e-14,2.5061628181486845e-14,2.6979558236660502e-14,1.9376518857982072e-14,1.0347810502359008e-14,4.3691369022415187e-15,2.0656767430418286e-15,1.3867377909950273e-15
941,8.7052644938430507e-14,2.4351192938888645e-14,2.6214789271208658e-14,1.8827443040805064e-14,1.0055070464496018e-14,4.2464470193465407e-15,2.0087546671125791e-15,1.3489475365730082e-15
942,8.4589921585549227e-14,2.3660896872755382e-14,2.5471698727797866e-14,1.8293926549569400e-14,9.7706120558480634e-15,4.1272020932451325e-15,1.9533998467192653e-15,1.3121854396141143e-15
943,8.2196868790261192e-14,2.2990169081943759e-14,2.4749672099097080e-14,1.7775528473062538e-14,9.4942009887414972e-15,4.0113054031120154e-15,1.8995691678987944e-15,1.2764235764054966e-15
944,7.9871515569268677e-14,2.2338454849170505e-14,2.4048112296985483e-14,1.7271820394414580e-14,9.2256096035117978e-15,3.8986629434144854e-15,1.8472207016146823e-15,1.2416347801571489e-15
945,7.7611946698482752e-14,2.1705215182231533e-14,2.3366439158774375e-14,1.6782386037037706e-14,8.9646166809968827e-15,3.7891833476917078e-15,1.7963136712232834e-15,1.2077926205272572e-15
946,7.5416301135592428e-14,2.1089926368226622e-14,2.2704088967426084e-14,1.6306820920598869e-14,8.7110072603349961e-15,3.6827778144734060e-15,1.7468084208323399e-15,1.1748713837001083e-15
947,7.3282770487259891e-14,2.0492079540421082e-14,2.2060513985373265e-14,1.5844732026741471e-14,8.4645724619171164e-15,3.5793600352778848e-15,1.6986663845273937e-15,1.1428460530016802e-15
948,7.1209597519678501e-14,1.9911180257386061e-14,2.1435182001552886e-14,1.5395737474279777e-14,8.2251093153480180e-15,3.4788461246310277e-15,1.6518500564422935e-15,1.1116922900384427e-15
949,6.9195074711267311e-14,1.9346748094069466e-14,2.0827575891280426e-14,1.4959466203597561e-14,7.9924205922743464e-15,3.3811545520495696e-15,1.6063229616506655e-15,1.0813864163452812e-15
950,6.7237542846309871e-14,1.8798316244459288e-14,2.0237193188600232e-14,1.4535557669990203e-14,7.7663146439419953e-15,3.2862060759334774e-15,1.5620496278558576e-15,1.0519053955288322e-15
951,6.5335389648379160e-14,1.8265431135510649e-14,1.9663545670758451e-14,1.4123661545696814e-14,7.5466052433489723e-15,3.1939236793139018e-15,1.5189955578574712e-15,1.0232268158928959e-15
952,6.3487048452422815e-14,1.7747652052017368e-14,1.9106158954454826e-14,1.3723437430376090e-14,7.3331114318637883e-15,3.1042325074045860e-15,1.4771272027732124e-15,9.9532887353294034e-16
953,6.1690996914415323e-14,1.7244550772117656e-14,1.8564572103539470e-14,1.3334554569786623e-14,7.1256573701830153e-15,3.0170598069061425e-15,1.4364119359953571e-15,9.6819035588706343e-16
954,5.9945755757514097e-14,1.6755711213132620e-14,1.8038337247830212e-14,1.2956691582439221e-14,6.9240721935052483e-15,2.9323348670139776e-15,1.3968180278617009e-15,9.4179062573112492e-16
955,5.8249887553686859e-14,1.6280729087444527e-14,1.7527019212735297e-14,1.2589536193995236e-14,6.7281898708022252e-15,2.8499889620820707e-15,1.3583146210214164e-15,9.1610960560607284e-16
956,5.6601995539806815e-14,1.5819211568130328e-14,1.7030195159375103e-14,1.2232784979191502e-14,6.5378490680711527e-15,2.7699552958961194e-15,1.3208717064767742e-15,8.9112776266583627e-16
957,5.5000722467240732e-14,1.5370776964073817e-14,1.6547454234905231e-14,1.1886143111078514e-14,6.3528930154556398e-15,2.6921689475108897e-15,1.2844601002822019e-15,8.6682609393444341e-16
958,5.3444749483981962e-14,1.4935054404287776e-14,1.6078397232751906e-14,1.1549324117364626e-14,6.1731693781257850e-15,2.6165668186078644e-15,1.2490514208826667e-15,8.4318611196134567e-16
959,5.1932795048408160e-14,1.4511683531184971e-14,1.5622636262478559e-14,1.1222049643664939e-14,5.9985301308110776e-15,2.5430875823305252e-15,1.2146180670738648e-15,8.2018983086421650e-16
960,5.0463613873768724e-14,1.4100314202544384e-14,1.5179794429010695e-14,1.0904049223459142e-14,5.8288314358827529e-15,2.4716716335557948e-15,1.1811331965671672e-15,7.9781975274878539e-16
961,4.9035995902532903e-14,1.3700606201926099e-14,1.4749505520953699e-14,1.0595060054568263e-14,5.6639335248852214e-15,2.4022610405613253e-15,1.1485707051427490e-15,7.7605885449554647e-16
962,4.7648765309753441e-14,1.3312228957295398e-14,1.4331413707745843e-14,1.0294826781965530e-14,5.5037005834189671e-15,2.3347994980494662e-15,1.1169052063747817e-15,7.5489057490345331e-16
963,4.6300779534625255e-14,1.2934861267623353e-14,1.3925173245396034e-14,1.0003101286741923e-14,5.3480006392801234e-15,2.2692322814898269e-15,1.0861120119130071e-15,7.3429880218098094e-16
964,4.4990928339441271e-14,1.2568191037237738e-14,1.3530448190562999e-14,9.7196424810519096e-15,5.1967054537645736e-15,2.2055062027434264e-15,1.0561671123054362e-15,7.1426786177519091e-16
965,4.3718132895170563e-14,1.2211915017704623e-14,1.3146912122739364e-14,9.4442161088700043e-15,5.0496904160470718e-15,2.1435695669324614e-15,1.0270471583473485e-15,6.9478250452968711e-16
966,4.2481344892905345e-14,1.1865738557027113e-14,1.2774247874310958e-14,9.1765945523934003e-15,4.9068344405483909e-15,2.0833721305207308e-15,9.9872944294215561e-16,6.7582789516260027e-16
967,4.1279545680445386e-14,1.1529375355953845e-14,1.2412147268268080e-14,8.9165566439307279e-15,4.7680198672059325e-15,2.0248650605707363e-15,9.7119188346009970e-16,6.5738960105596762e-16
968,4.0111745423308316e-14,1.1202547231195663e-14,1.2060310863351787e-14,8.6638874831214375e-15,4.6331323645657210e-15,1.9680008951444387e-15,9.4441300458114045e-16,6.3945358134811695e-16
969,3.8976982289475010e-14,1.0884983885354648e-14,1.1718447706424480e-14,8.4183782593347888e-15,4.5020608356158987e-15,1.9127335048155576e-15,9.1837192160875207e-16,6.2200617632088282e-16
970,3.7874321657198750e-14,1.0576422683375229e-14,1.1386275091860021e-14,8.1798260791016272e-15,4.3746973262842146e-15,1.8590180552622339e-15,8.9304832424172017e-16,6.0503409707370405e-16
971,3.6802855345225224e-14,1.0276608435332474e-14,1.1063518327754309e-14,7.9480337984363570e-15,4.2509369365241173e-15,1.8068109709097157e-15,8.6842246079138326e-16,5.8852441547686725e-16
972,3.5761700864789841e-14,9.9852931853779161e-15,1.0749910508763087e-14,7.7228098599105272e-15,4.1306777339162257e-15,1.7560698995936102e-15,8.4447512283210231e-16,5.7246455439636818e-16
973,3.4750000692775965e-14,9.7022360066683410e-15,1.0445192295379044e-14,7.5039681343433702e-15,4.0138206697140167e-15,1.7067536782150430e-15,8.2118763027308123e-16,5.5684227818306290e-16
974,3.3766921565435627e-14,9.4272028021079982e-15,1.0149111699465705e-14,7.2913277669784692e-15,3.9002694972645915e-15,1.6588222993598966e-15,7.9854181683998318e-16,5.4164568341898314e-16
975,3.2811653792090836e-14,9.1599661107393287e-15,9.8614238758707353e-15,7.0847130280194228e-15,3.7899306927373137e-15,1.6122368788550606e-15,7.7652001595510451e-16,5.2686318991387538e-16
976,3.1883410588250337e-14,8.9003049196221741e-15,9.5818909199463518e-15,6.8839531674009798e-15,3.6827133780950417e-15,1.5669596242353968e-15,7.5510504700518124e-16,5.1248353194521577e-16
977,3.0981427427592549e-14,8.6480044810458427e-15,9.3102816708093729e-15,6.6888822736756393e-15,3.5785292462445089e-15,1.5229538040958582e-15,7.3428020198619087e-16,4.9849574973513215e-16
978,3.0104961412280869e-14,8.4028561349228448e-15,9.0463715201781879e-15,6.4993391368990522e-15,3.4772924883042067e-15,1.4801837183039144e-15,7.1402923251481720e-16,4.8488918115783819e-16
979,2.9253290661092868e-14,8.1646571362174381e-15,8.7899422266286142e-15,6.3151671154009529e-15,3.3789197229298493e-15,1.4386146690481376e-15,6.9433633719651774e-16,4.7165345367136373e-16
980,2.8425713714859347e-14,7.9332104872662326e-15,8.5407817351149713e-15,6.1362140063314817e-15,3.2833299276392419e-15,1.3982129326994838e-15,6.7518614934041657e-16,4.5877847646752574e-16
981,2.7621548958723414e-14,7.7083247748521585e-15,8.2986840016071529e-15,5.9623319198759300e-15,3.1904443720799582e-15,1.3589457324624495e-15,6.5656372501150739e-16,4.4625443283425200e-16
982,2.6840134060743994e-14,7.4898140118971050e-15,8.0634488226986805e-15,5.7933771570339374e-15,3.1001865531848849e-15,1.3207812117939426e-15,6.3845453141091749e-16,4.3407177272452500e-16
983,2.6080825426381317e-14,7.2774974836422316e-15,7.8348816700448039e-15,5.6292100908621506e-15,3.0124821321622169e-15,1.2836884085683124e-15,6.2084443557523248e-16,4.2222120552637031e-16
984,2.5342997668414889e-14,7.0711995981887796e-15,7.6127935294937333e-15,5.4696950510821766e-15,2.9272588732680081e-15,1.2476372299675995e-15,6.0371969338613202e-16,4.1069369302846246e-16
985,2.4626043091857640e-14,6.8707497412757584e-15,7.3970007447780050e-15,5.3147002119584901e-15,2.8444465843108508e-15,1.2125984280766474e-15,5.8706693888182186e-16,3.9948044257606680e-16
986,2.3929371193441769e-14,6.6759821351743892e-15,7.1873248656366487e-15,5.1640974833535953e-15,2.7639770588396812e-15,1.1785435761632913e-15,5.7087317386198607e-16,3.8857290041218110e-16
987,2.3252408175264273e-14,6.4867357015826200e-15,6.9835925002426314e-15,5.0177624048704604e-15,2.6857840199670892e-15,1.1454450456243962e-15,5.5512575777820598e-16,3.7796274519887379e-16
988,2.2594596472191360e-14,6.3028539284063128e-15,6.7856351718134717e-15,4.8755740429946719e-15,2.6098030657818785e-15,1.1132759835790544e-15,5.3981239790201442e-16,3.6764188171395636e-16
989,2.1955394292632656e-14,6.1241847403169051e-15,6.5932891792864915e-15,4.7374148911513603e-15,2.5359716163058983e-15,1.0820102910907753e-15,5.2492113976297052e-16,3.5760243471825432e-16
990,2.1334275172306958e-14,5.9505803729785215e-15,6.4063954619434647e-15,4.6031707725942693e-15,2.4642288619514751e-15,1.0516226020010165e-15,5.1044035784934459e-16,3.4783674298886918e-16
991,2.0730727540631943e-14,5.7818972508404879e-15,6.2247994678726991e-15,4.4727307460467217e-15,2.3945157134369842e-15,1.0220882623568917e-15,4.9635874656420948e-16,3.3833735351394992e-16
992,2.0144254299380713e-14,5.6179958683941862e-15,6.0483510261598042e-15,4.3459870140164861e-15,2.3267747531193143e-15,9.9338331041638147e-16,4.8266531142993135e-16,3.2909701584461183e-16
993,1.9574372413258225e-14,5.4587406747960383e-15,5.8769042227014216e-15,4.2228348337088011e-15,2.2609501877031303e-15,9.6548445721483531e-16,4.6934936053424288e-16,3.2010867659975793e-16
994,1.9020612512060264e-14,5.3039999617611977e-15,5.7103172795392206e-15,4.1031724304638923e-15,2.1969878022880061e-15,9.3836906767700685e-16,4.5640049621127195e-16,3.1136547411967165e-16
995,1.8482518504087427e-14,5.1536457546352335e-15,5.5484524376143939e-15,3.9869009136474830e-15,2.1348349157155563e-15,9.1201514225931702e-16,4.4380860695107805e-16,3.0286073326436576e-16
996,1.7959647200495563e-14,5.0075537065537050e-15,5.3911758428456557e-15,3.8739241949247502e-15,2.0744403371798039e-15,8.8640129910745371e-16,4.3156385953142525e-16,2.9458796035277179e-16
997,1.7451567950273455e-14,4.8656029956021165e-15,5.2383574354365697e-15,3.7641489088502167e-15,2.0157543240650398e-15,8.6150675671484838e-16,4.1965669136569572e-16,2.8654083823896926e-16
998,1.6957862285546892e-14,4.7276762248911556e-15,5.0898708423206354e-15,3.6574843357079203e-15,1.9587285409764564e-15,8.3731131706796706e-16,4.0807780306100999e-16,2.7871322152174987e-16
999,1.6478123576917207e-14,4.5936593254646193e-15,4.9455932726552089e-15,3.5538423265381247e-15,1.9033160199298007e-15,8.1379534926475391e-16,3.9681815118078652e-16,2.7109913188391459e-16
1000,1.6011956698550219e-14,4.4634414619596870e-15,4.8054054162778183e-15,3.4531372302885776e-15,1.8494711216672680e-15,7.9093977359294266e-16,3.8586894120613089e-16,2.6369275355779710e-16
1001,1.5558977702739890e-14,4.3369149409415485e-15,4.6691913450409074e-15,3.3552858230301379e-15,1.7971494980677678e-15,7.6872604605533032e-16,3.7522162069059562e-16,2.5648842891360417e-16
1002,1.5118813503678536e-14,4.2139751218365415e-15,4.5368384169434078e-15,3.2602072391782585e-15,1.7463080556206063e-15,7.4713614332946570e-16,3.6486787260300614e-16,2.4948065416725180e-16
1003,1.4691101570173241e-14,4.0945203303901667e-15,4.4082371829798721e-15,3.1678229046634835e-15,1.6969049199325026e-15,7.2615254814955981e-16,3.5479960885318906e-16,2.4266407520446869e-16
1004,1.4275489627055308e-14,3.9784517745783928e-15,4.2832812966301103e-15,3.0780564719957353e-15,1.6488994012386987e-15,7.0575823509876398e-16,3.4500896399558413e-16,2.3603348351802433e-16
1005,1.3871635365036862e-14,3.8656734629026939e-15,4.1618674259145024e-15,2.9908337571687232e-15,1.6022519608897629e-15,6.8593665680030017e-16,3.3548828910585670e-16,2.2958381225502263e-16
1006,1.3479206158775618e-14,3.7560921250012601e-15,4.0438951679422494e-15,2.9060826783523291e-15,1.5569241787864867e-15,6.6667173049624402e-16,3.2623014582576219e-16,2.2331013237128753e-16
1007,1.3097878792915613e-14,3.6496171345107193e-15,3.9292669658818816e-15,2.8237331963222970e-15,1.5128787217360449e-15,6.4794782500308287e-16,3.1722730057164463e-16,2.1720764888994379e-16
1008,1.2727339195878259e-14,3.5461604341145691e-15,3.8178880282853995e-15,2.7437172565780062e-15,1.4700793127033649e-15,6.2974974803346765e-16,3.0847271890207627e-16,2.1127169726137665e-16
1009,1.2367282181184459e-14,3.4456364627163344e-15,3.7096662506992819e-15,2.6659687331004825e-15,1.4284907009323748e-15,6.1206273387388580e-16,2.9995956004027157e-16,2.0549773982182903e-16
1010,1.2017411196094723e-14,3.3479620846772061e-15,3.6045121394975700e-15,2.5904233737041739e-15,1.3880786329125221e-15,5.9487243140825782e-16,2.9168117154702455e-16,1.9988136234796955e-16
1011,1.1677438077360291e-14,3.2530565210596610e-15,3.5023387378740284e-15,2.5170187469373211e-15,1.3488098241666540e-15,5.7816489247775197e-16,2.8363108414003944e-16,1.9441827070483480e-16
1012,1.1347082813884032e-14,3.1608412828201683e-15,3.4030615539321760e-15,2.4456941904870405e-15,1.3106519318370148e-15,5.6192656056737723e-16,2.7580300665563397e-16,1.8910428758462283e-16
1013,1.1026073316095719e-14,3.0712401058957569e-15,3.3065984908137195e-15,2.3763907610464834e-15,1.2735735280467927e-15,5.4614425981018159e-16,2.6819082114890691e-16,1.8393534933387837e-16
1014,1.0714145191851642e-14,2.9841788881307311e-15,3.2128697788076207e-15,2.3090511856026378e-15,1.2375440740152632e-15,5.3080518430014037e-16,2.6078857812856950e-16,1.7890750286668110e-16
1015,1.0411041528674084e-14,2.8995856279913979e-15,3.1217979093836294e-15,2.2436198141045123e-15,1.2025338949052224e-15,5.1589688770507103e-16,2.5359049192274147e-16,1.7401690266150927e-16
1016,1.0116512682151192e-14,2.8173903650180871e-15,3.0333075710957546e-15,2.1800425734725872e-15,1.1685141553819840e-15,5.0140727317114885e-16,2.4659093617211715e-16,1.6925980783951572e-16
1017,9.8303160703230929e-15,2.7375251219652472e-15,2.9473255873026472e-15,2.1182669229115256e-15,1.1354568358638130e-15,4.8732458351084189e-16,2.3978443944700467e-16,1.6463257932201431e-16
1018,9.5522159738847672e-15,2.6599238485817363e-15,2.8637808556534044e-15,2.0582418104892123e-15,1.1033347094442397e-15,4.7363739166630677e-16,2.3316568098483534e-16,1.6013167706503272e-16
1019,9.2819833420412442e-15,2.5845223669848336e-15,2.7826042892887408e-15,1.9999176309462359e-15,1.0721213194672364e-15,4.6033459144051335e-16,2.2672948654483699e-16,1.5575365736884781e-16
1020,9.0193956038551465e-15,2.5112583185827759e-15,2.7037287597089155e-15,1.9432461847009445e-15,1.0417909577367998e-15,4.4740538848858407e-16,2.2047082437665243e-16,1.5149517026047369e-16
1021,8.7642364849312007e-15,2.4400711125019327e-15,2.6270890412611480e-15,1.8881806380161964e-15,1.0123186433429802e-15,4.3483929156204065e-16,2.1438480129977527e-16,1.4735295694712881e-16
1022,8.5162958292867947e-15,2.3709018754759604e-15,2.5526217572006369e-15,1.8346754842948886e-15,9.8368010208692622e-16,4.2262610399886233e-16,2.0846665889075891e-16,1.4332384733876164e-16
1023,8.2753694262617770e-15,2.3036934031554933e-15,2.4802653272805586e-15,1.7826865064722724e-15,9.5585174648799541e-16,4.1075591545245170e-16,2.0271176977523955e-16,1.3940475763776530e-16
1024,8.0412588423250258e-15,2.2383901127981031e-15,2.4099599168277188e-15,1.7321707404739778e-15,9.2881065635646337e-16,3.9921909385280482e-16,1.9711563402189458e-16,1.3559268799406350e-16
1025,7.8137712576391915e-15,2.1749379972993948e-15,2.3416473872617208e-15,1.6830864397095435e-15,9.0253455991583412e-16,3.8800627759336410e-16,1.9167387563553645e-16,1.3188472022379772e-16
1026,7.5927193072490497e-15,2.1132845805272279e-15,2.2752712480167664e-15,1.6353930405721200e-15,8.7700181545919862e-16,3.7710836793722214e-16,1.8638223914661969e-16,1.2827801558989480e-16
1027,7.3779209267626218e-15,2.0533788739221135e-15,2.2107766098262895e-15,1.5890511289158125e-15,8.5219139352453812e-16,3.6651652163651583e-16,1.8123658629451326e-16,1.2476981264283925e-16
1028,7.1691992023980062e-15,1.9951713343278970e-15,2.1481101393318266e-15,1.5440224074829848e-15,8.2808285957428679e-16,3.5622214375902808e-16,1.7623289280196183e-16,1.2135742512002068e-16
1029,6.9663822252723738e-15,1.9386138230178571e-15,2.0872200149785592e-15,1.5002696642545829e-15,8.0465635716489219e-16,3.4621688071617926e-16,1.7136724523823214e-16,1.1803823990207089e-16
1030,6.7693029498131449e-15,1.8836595658823200e-15,2.0280558841610705e-15,1.4577567416973343e-15,7.8189259159250861e-16,3.3649261348675583e-16,1.6663583796850867e-16,1.1480971502464723e-16
1031,6.5777990561747171e-15,1.8302631147448738e-15,1.9705688215838736e-15,1.4164485068824048e-15,7.5977281400135515e-16,3.2704145103088104e-16,1.6203497018716820e-16,1.1166937774416079e-16
1032,6.3917128165474297e-15,1.7783803097751836e-15,1.9147112888022737e-15,1.3763108224508178e-15,7.3827880594164784e-16,3.1785572388888674e-16,1.5756104303263065e-16,1.0861482265598962e-16
1033,6.2108909652486545e-15,1.7279682429673238e-15,1.8604370949101082e-15,1.3373105184016372e-15,7.1739286436439030e-16,3.0892797795989688e-16,1.5321055678154400e-16,1.0564370986375451e-16
1034,6.0351845724890151e-15,1.6789852226534174e-15,1.8077013583418545e-15,1.2994153646796063e-15,6.9709778704066102e-16,3.0025096845507609e-16,1.4898010812012465e-16,1.0275376319827545e-16
1035,5.8644489217097695e-15,1.6313907390232436e-15,1.7564604697575145e-15,1.2625940445395819e-15,6.7737685839339133e-16,2.9181765402064206e-16,1.4486638749053351e-16,9.9942768484862861e-17
1036,5.6985433903903148e-15,1.5851454306212828e-15,1.7066720559795864e-15,1.2268161286657512e-15,6.5821383572996031e-16,2.8362119102587421e-16,1.4086617651022602e-16,9.7208571857634415e-17
1037,5.5373313342276643e-15,1.5402110517935029e-15,1.6582949449522976e-15,1.1920520500242479e-15,6.3959293586427312e-16,2.7565492801148810e-16,1.3697634546227156e-16,9.4549078119583961e-17
1038,5.3806799745924836e-15,1.4965504410569566e-15,1.6112891316941219e-15,1.1582730794283784e-15,6.2149882211729967e-16,2.6791240029387259e-16,1.3319385085469223e-16,9.1962249147162952e-17
1039,5.2284602891690065e-15,1.4541274903660317e-15,1.5656157452154251e-15,1.1254513017962705e-15,6.0391659168536936e-16,2.6038732472081578e-16,1.2951573304692502e-16,8.9446102338168886e-17
1040,5.0805469056887456e-15,1.4129071152499370e-15,1.5212370163738821e-15,1.0935595930813158e-15,5.8683176336581714e-16,2.5307359457446524e-16,1.2593911394156251e-16,8.6998709101767173e-17
1041,4.9368179986704964e-15,1.3728552257967253e-15,1.4781162466410775e-15,1.0625715978563485e-15,5.7023026562987058e-16,2.4596527461739023e-16,1.2246119473957902e-16,8.4618193389505222e-17
1042,4.7971551890815459e-15,1.3339386984598558e-15,1.4362177777544687e-15,1.0324617075330295e-15,5.5409842503295817e-16,2.3905659627772906e-16,1.1907925375729737e-16,8.2302730266207833e-17
1043,4.6614434468375005e-15,1.2961253486639781e-15,1.3955069622296075e-15,1.0032050391984375e-15,5.3842295495288710e-16,2.3234195296951590e-16,1.1579064430340016e-16,8.0050544519673616e-17
1044,4.5295709960603708e-15,1.2593839041872844e-15,1.3559501347082383e-15,9.7477741505137724e-16,5.2319094464662182e-16,2.2581589554439280e-16,1.1259279261433507e-16,7.7859909308120558e-17
1045,4.4014292230169295e-15,1.2236839792984097e-15,1.3175145841185780e-15,9.4715534242141017e-16,5.0838984861664434e-16,2.1947312787101869e-16,1.0948319584650995e-16,7.5729144844358292e-17
1046,4.2769125866614876e-15,1.1889960496264985e-15,1.2801685266247546e-15,9.2031599435409436e-16,4.9400747627814141e-16,2.1330850253859024e-16,1.0645942012371693e-16,7.3656617115691240e-17
1047,4.1559185317094215e-15,1.1552914277436470e-15,1.2438810793430341e-15,8.9423719074638905e-16,4.8003198191850900e-16,2.0731701668098997e-16,1.0351909863826768e-16,7.1640736638584766e-17
1048,4.0383474041698536e-15,1.1225422394395280e-15,1.2086222348031010e-15,8.6889738001663358e-16,4.6645185494089990e-16,2.0149380791817601e-16,1.0065992980436400e-16,6.9679957247151493e-17
1049,3.9241023692679209e-15,1.0907214006685819e-15,1.1743628361332725e-15,8.4427562129394979e-16,4.5325591038378481e-16,1.9583415041152168e-16,9.7879675462267643e-17,6.7772774914541794e-17
1050,3.8130893316890174e-15,1.0598025951507007e-15,1.1410745529491234e-15,8.2035156711235417e-16,4.4043327970871345e-16,1.9033345102990559e-16,9.5176159131873909e-17,6.5917726606345934e-17
1051,3.7052168580793450e-15,1.0297602526068825e-15,1.1087298579255847e-15,7.9710544659527148e-16,4.2797340184869105e-16,1.8498724562344385e-16,9.2547264314330650e-17,6.4113389165140272e-17
1052,3.6003961017389119e-15,1.0005695276118586e-15,1.0773020040331419e-15,7.7451804911655711e-16,4.1586601450979677e-16,1.7979119540184204e-16,8.9990932840382204e-17,6.2358378225333333e-17
1053,3.4985407294449812e-15,9.7220627904620125e-16,1.0467650024193042e-15,7.5257070842452278e-16,4.0410114571887947e-16,1.7474108341442950e-16,8.7505163264154385e-17,6.0651347157490093e-17
1054,3.3995668503456815e-15,9.4464705013091720e-16,1.0170936009170590e-15,7.3124528721584723e-16,3.9266910561037002e-16,1.6983281112902251e-16,8.5088009301130763e-17,5.8990986041335190e-17
1055,3.3033929468652219e-15,9.1786904902801710e-16,9.8826326316253471e-16,7.1052416214662147e-16,3.8156047844544451e-16,1.6506239510684019e-16,8.2737578309106300e-17,5.7376020666657732e-17
1056,3.2099398075638006e-15,8.9185012999101494e-16,9.6025014830460316e-16,6.9039020926814142e-16,3.7076611485696593e-16,1.6042596377077821e-16,8.0452029810936527e-17,5.5805211561360602e-17
1057,3.1191304618969148e-15,8.6656877504976778e-16,9.3303109128964548e-16,6.7082678987541429e-16,3.6027712431381677e-16,1.5591975426441819e-16,7.8229574057933315e-17,5.4277353045918660e-17
1058,3.0308901168203251e-15,8.4200407621451164e-16,9.0658358370517296e-16,6.5181773675667877e-16,3.5008486779841644e-16,1.5154010939922579e-16,7.6068470632790150e-17,5.2791272313529364e-17
1059,2.9451460951884751e-15,8.1813571818436928e-16,8.8088575516646393e-16,6.3334734083257979e-16,3.4018095069139114e-16,1.4728347468746225e-16,7.3967027090949911e-17,5.1345828535259006e-17
1060,2.8618277758956184e-15,7.9494396154603577e-16,8.5591635523082433e-16,6.1540033817395389e-16,3.3055721585753775e-16,1.4314639545840197e-16,7.1923597639358663e-17,4.9939911989506724e-17
1061,2.7808665357103590e-15,7.7240962644874239e-16,8.3165473582451402e-16,5.9796189738749504e-16,3.2120573692738522e-16,1.3912551405551831e-16,6.9936581851577162e-17,4.8572443215126592e-17
1062,2.7021956927556880e-15,7.5051407674199884e-16,8.0808083416780712e-16,5.8101760735887925e-16,3.1211881176882188e-16,1.3521756711236376e-16,6.8004423418251030e-17,4.7242372187566113e-17
1063,2.6257504515879857e-15,7.2923920456299299e-16,7.8517515618406716e-16,5.6455346534321656e-16,3.0328895614340930e-16,1.3141938290493612e-16,6.6125608931967066e-17,4.5948677517396618e-17
1064,2.5514678498297291e-15,7.0856741536090521e-16,7.6291876037911472e-16,5.4855586539298737e-16,2.9470889754216142e-16,1.2772787877838200e-16,6.4298666705550519e-17,4.4690365670628350e-17
1065,2.4792867063119687e-15,6.8848161334574794e-16,7.4129324217755840e-16,5.3301158711390117e-16,2.8637156919570727e-16,1.2414005864595200e-16,6.2522165622883556e-17,4.3466470210218811e-17
1066,2.4091475706838558e-15,6.6896518734969723e-16,7.2028071870313507e-16,5.1790778473938508e-16,2.7827010425390883e-16,1.2065301055817833e-16,6.0794714021351178e-17,4.2276051058199813e-17
1067,2.3409926744477146e-15,6.5000199708922449e-16,6.9986381399047113e-16,5.0323197651467174e-16,2.7039783013013573e-16,1.1726390434030357e-16,5.9114958605044462e-17,4.1118193777863407e-17
1068,2.2747658833793445e-15,6.3157635981666504e-16,6.8002564461604081e-16,4.8897203438171366e-16,2.6274826300554244e-16,1.1396998929604455e-16,5.7481583387875679e-17,3.9992008875462570e-17
1069,2.2104126512943439e-15,6.1367303735018340e-16,6.6074980573643230e-16,4.7511617395640172e-16,2.5531510248881831e-16,1.1076859197582883e-16,5.5893308665782741e-17,3.8896631120897062e-17
1070,2.1478799751223923e-15,5.9627722347141052e-16,6.4202035752238103e-16,4.6165294478980010e-16,2.4809222642701457e-16,1.0765711400769395e-16,5.4348890017222893e-17,3.7831218886869184e-17
1071,2.0871163512524778e-15,5.7937453168032792e-16,6.2382181197734772e-16,4.4857122090535395e-16,2.4107368586317246e-16,1.0463302998908973e-16,5.2847117331177862e-17,3.6794953506008309e-17
1072,2.0280717331131302e-15,5.6295098329727364e-16,6.0613912012974443e-16,4.3586019160424678e-16,2.3425370013660086e-16,1.0169388543787439e-16,5.1386813861913911e-17,3.5787038645476166e-17
1073,1.9706974899526998e-15,5.4699299590222869e-16,5.8895765958821326e-16,4.2350935253130897e-16,2.2762665212176706e-16,9.8837294800841946e-17,4.9966835309760759e-17,3.4806699698578937e-17
1074,1.9149463667857519e-15,5.3148737210182272e-16,5.7226322244966906e-16,4.1150849699409564e-16,2.2118708360187954e-16,9.6060939518166328e-17,4.8586068927194205e-17,3.3853183192923973e-17
1075,1.8607724454725746e-15,5.1642128861476950e-16,5.5604200355010501e-16,3.9984770752795743e-16,2.1492969077335240e-16,9.3362566142191738e-17,4.7243432649526104e-17,3.2925756214672361e-17
1076,1.8081311068997560e-15,5.0178228566670523e-16,5.4028058904844616e-16,3.8851734770013626e-16,2.0884931987744849e-16,9.0739984509043823e-17,4.5937874249525265e-17,3.2023705848450329e-17
1077,1.7569789942306626e-15,4.8755825668565760e-16,5.2496594533400831e-16,3.7750805414610925e-16,2.0294096295550387e-16,8.8191065961578613e-17,4.4668370515310837e-17,3.1146338632494267e-17
1078,1.7072739771955795e-15,4.7373743828962595e-16,5.1008540824839235e-16,3.6681072883160254e-16,1.9719975372423671e-16,8.5713741622227847e-17,4.3433926450878265e-17,3.0292980028615900e-17
1079,1.6589751173920691e-15,4.6030840055798900e-16,4.9562667261289688e-16,3.5641653153387846e-16,1.9162096356774465e-16,8.3306000714339740e-17,4.2233574498635108e-17,2.9462973906585108e-17
1080,1.6120426345669919e-15,4.4726003757869557e-16,4.8157778205279143e-16,3.4631687253608264e-16,1.8619999764288776e-16,8.0965888930653918e-17,4.1066373783341429e-17,2.8655682042539050e-17
1081,1.5664378738524120e-15,4.3458155826342169e-16,4.6792711911003554e-16,3.3650340552861409e-16,1.8093239109485115e-16,7.8691506847586729e-17,3.9931409376866033e-17,2.7870483631036549e-17
1082,1.5221232739283950e-15,4.2226247742309487e-16,4.5466339563626548e-16,3.2696802071165078e-16,1.7581380537976937e-16,7.6481008384041340e-17,3.8827791583185761e-17,2.7106774810387319e-17
1083,1.4790623360864851e-15,4.1029260709640730e-16,4.4177564345810445e-16,3.1770283809313145e-16,1.7084002469138344e-16,7.4332599303492019e-17,3.7754655243071221e-17,2.6363968200895468e-17
1084,1.4372195941683787e-15,3.9866204812414540e-16,4.2925320530707874e-16,3.0870020097665430e-16,1.6600695248878863e-16,7.2244535758127810e-17,3.6711159057917196e-17,2.5641492455666567e-17
1085,1.3965605853550289e-15,3.8736118196236677e-16,4.1708572600663623e-16,2.9995266963391089e-16,1.6131060812241184e-16,7.0215122873875092e-17,3.5696484932191166e-17,2.4938791823637005e-17
1086,1.3570518217821367e-15,3.7638066272765519e-16,4.0526314390898222e-16,2.9145301515642651e-16,1.5674712355544070e-16,6.8242713375150621e-17,3.4709837333987809e-17,2.4255325724493688e-17
1087,1.3186607629586320e-15,3.6571140946787291e-16,3.9377568257464848e-16,2.8319421348152505e-16,1.5231274017800314e-16,6.6325706248230123e-17,3.3750442673191195e-17,2.3590568335161137e-17
1088,1.2813557889654428e-15,3.5534459865201971e-16,3.8261384268791669e-16,2.7516943958758213e-16,1.4800380571147421e-16,6.4462545442148071e-17,3.2817548696760338e-17,2.2944008187541684e-17
1089,1.2451061744124709e-15,3.4527165687298632e-16,3.7176839420141058e-16,2.6737206185376876e-16,1.4381677120036029e-16,6.2651718606074784e-17,3.1910423900667085e-17,2.2315147777203087e-17
1090,1.2098820631323251e-15,3.3548425375716754e-16,3.6123036870335888e-16,2.5979563657962479e-16,1.3974818808928293e-16,6.0891755862146928e-17,3.1028356958028013e-17,2.1703503182716230e-17
1091,1.1756544435899719e-15,3.2597429507507113e-16,3.5099105200121983e-16,2.5243390265993216e-16,1.3579470538265481e-16,5.9181228612755812e-17,3.0170656162984868e-17,2.1108603695353418e-17
1092,1.1423951249880449e-15,3.1673391604722425e-16,3.4104197691553163e-16,2.4528077641048825e-16,1.3195306688470883e-16,5.7518748381326151e-17,2.9336648889900166e-17,2.0529991458865860e-17
1093,1.1100767140481406e-15,3.0775547483984223e-16,3.3137491627803148e-16,2.3833034654050227e-16,1.2822010851760675e-16,5.5902965685644880e-17,2.8525681067446708e-17,1.9967221119066456e-17
1094,1.0786725924489682e-15,2.9903154624487873e-16,3.2198187612825166e-16,2.3157686926746029e-16,1.2459275571541888e-16,5.4332568942826170e-17,2.7737116667180884e-17,1.9419859482951446e-17
1095,1.0481568949027775e-15,2.9055491553923219e-16,3.1285508910296769e-16,2.2501476357042194e-16,1.2106802089182779e-16,5.2806283405024537e-17,2.6970337206201573e-17,1.8887485187101648e-17
1096,1.0185044878520060e-15,2.8231857251802881e-16,3.0398700801303084e-16,2.1863860657782478e-16,1.1764300097947132e-16,5.1322870125032391e-17,2.6224741263506704e-17,1.8369688375111217e-17
1097,9.8969094876859793e-16,2.7431570569704743e-16,2.9537029960227403e-16,2.1244312908598652e-16,1.1431487503889719e-16,4.9881124950923352e-17,2.5499744009670818e-17,1.7866070383798447e-17
1098,9.6169254603894479e-16,2.6653969667949201e-16,2.8699783848332964e-16,2.0642321120460004e-16,1.1108090193516076e-16,4.8479877548925515e-17,2.4794776749476814e-17,1.7376243437960048e-17
1099,9.3448621941788654e-16,2.5898411468245284e-16,2.7886270124534401e-16,2.0057387812562319e-16,1.0793841808015191e-16,4.7117990453732221e-17,2.4109286477145562e-17,1.6899830353436582e-17
1100,9.0804956103566404e-16,2.5164271121852873e-16,2.7095816072871776e-16,1.9489029601206660e-16,1.0488483523879126e-16,4.5794358145479894e-17,2.3442735443816599e-17,1.6436464248263231e-17
1101,8.8236079694219207e-16,2.4450941492821337e-16,2.6327768046213433e-16,1.8936776800328181e-16,1.0191763839728958e-16,4.4507906152644188e-17,2.2794600736942685e-17,1.5985788261686079e-17
1102,8.5739876917343905e-16,2.3757832655876979e-16,2.5581490925727943e-16,1.8400173033344837e-16,9.9034383691714177e-17,4.3257590180126812e-17,2.2164373871270484e-17,1.5547455280830024e-17
1103,8.3314291832515613e-16,2.3084371408544293e-16,2.4856367595678003e-16,1.7878774856005282e-16,9.6232696395156010e-17,4.2042395261825574e-17,2.1551560391088354e-17,1.5121127674810458e-17
1104,8.0957326661959096e-16,2.2430000797097325e-16,2.4151798433101868e-16,1.7372151389924116e-16,9.3510268961840181e-17,4.0861334937000489e-17,2.0955679483431176e-17,1.4706477036086148e-17
1105,7.8667040145124882e-16,2.1794179655949165e-16,2.3467200811960578e-16,1.6879883966501809e-16,9.0864859126568521e-17,3.9713450449767483e-17,2.0376263601940624e-17,1.4303183928856602e-17
1106,7.6441545939814147e-16,2.1176382160098652e-16,2.2802008621340626e-16,1.6401565780934904e-16,8.8294288057929116e-17,3.8597809971070610e-17,1.9812858101087671e-17,1.3910937644312299e-17
1107,7.4279011068536262e-16,2.0576097390264134e-16,2.2155671797313892e-16,1.5936801556030606e-16,8.5796438563751416e-17,3.7513507842501504e-17,1.9265020880471981e-17,1.3529435962551419e-17
1108,7.2177654408818555e-16,1.9992828910344606e-16,2.1527655868067549e-16,1.5485207215547938e-16,8.3369253347329376e-17,3.6459663841352549e-17,1.8732322038920883e-17,1.3158384920981894e-17
1109,7.0135745226225536e-16,1.9426094356858773e-16,2.0917441511927828e-16,1.5046409566795499e-16,8.1010733312975940e-17,3.5435422466307856e-17,1.8214343538118184e-17,1.2797498589032296e-17
1110,6.8151601748878911e-16,1.8875425040022593e-16,2.0324524127912195e-16,1.4620045992223498e-16,7.8718935919513510e-17,3.4439952243192256e-17,1.7710678875500408e-17,1.2446498849000068e-17
1111,6.6223589782304706e-16,1.8340365556135193e-16,1.9748413418454765e-16,1.4205764149755216e-16,7.6491973580344345e-17,3.3472445050215319e-17,1.7220932766165479e-17,1.2105115182870178e-17
1112,6.4350121363466201e-16,1.7820473410952777e-16,1.9188632983959856e-16,1.3803221681610248e-16,7.4328012108782780e-17,3.2532115462162965e-17,1.6744720833545576e-17,1.1773084464941760e-17
1113,6.2529653452874412e-16,1.7315318653738923e-16,1.8644719928848463e-16,1.3412085931378826e-16,7.2225269207369430e-17,3.1618200113004664e-17,1.6281669308603064e-17,1.1450150760104810e-17
1114,6.0760686663698952e-16,1.6824483521688645e-16,1.8116224478771823e-16,1.3032033669113526e-16,7.0182012999922439e-17,3.0729957076399059e-17,1.5831414737314703e-17,1.1136065127613246e-17
1115,5.9041764026832164e-16,1.6347562094432169e-16,1.7602709608675542e-16,1.2662750824211072e-16,6.8196560605117322e-17,2.9866665263595636e-17,1.5393603696216022e-17,1.0830585430204798e-17
1116,5.7371469790889930e-16,1.5884159958332706e-16,1.7103750681406715e-16,1.2303932225863494e-16,6.6267276750420066e-17,2.9027623838243783e-17,1.4967892515783997e-17,1.0533476148422279e-17
1117,5.5748428256160240e-16,1.5433893880300502e-16,1.6618935096565155e-16,1.1955281350864204e-16,6.4392572425232345e-17,2.8212151647634646e-17,1.4553947011442099e-17,1.0244508199994761e-17
1118,5.4171302641539625e-16,1.4996391490853487e-16,1.6147861949308381e-16,1.1616510078560519e-16,6.2570903572139152e-17,2.7419586669914349e-17,1.4151442221977953e-17,9.9634587641409672e-18
1119,5.2638793983523835e-16,1.4571290976162346e-16,1.5690141698828199e-16,1.1287338452750124e-16,6.0800769815181211e-17,2.6649285476820052e-17,1.3760062155169471e-17,9.6901111106609222e-18
1120,5.1149640066346287e-16,1.4158240778825383e-16,1.5245395846224725e-16,1.0967494450324748e-16,5.9080713224104507e-17,2.5900622711503055e-17,1.3379499540420977e-17,9.4242544336856821e-18
1121,4.9702614382382783e-16,1.3756899307125626e-16,1.4813256621511444e-16,1.0656713756469786e-16,5.7409317113569427e-17,2.5172990581015336e-17,1.3009455588216288e-17,9.1656836899582792e-18
1122,4.8296525121966653e-16,1.3366934652529831e-16,1.4393366679492508e-16,1.0354739546234142e-16,5.5785204876330107e-17,2.4465798363047707e-17,1.2649639756201103e-17,8.9141994415226449e-18
1123,4.6930214191781716e-16,1.2988024315195622e-16,1.3985378804260777e-16,1.0061322272289765e-16,5.4207038849423382e-17,2.3778471926519522e-17,1.2299769521712024e-17,8.6696077027005481e-18
1124,4.5602556261025381e-16,1.2619854937259858e-16,1.3588955622072185e-16,9.7762194587054671e-17,5.2673519212433180e-17,2.3110453265630899e-17,1.1959570160574882e-17,8.4317197912398350e-18
1125,4.4312457834555516e-16,1.2262122043687604e-16,1.3203769322359045e-16,9.4991955005646010e-17,5.1183382916923177e-17,2.2461200046999530e-17,1.1628774531999516e-17,8.2003521835204502e-18
1126,4.3058856352258099e-16,1.1914529790467362e-16,1.2829501386651581e-16,9.2300214692610095e-17,4.9735402646155727e-17,2.1830185169514615e-17,1.1307122869403258e-17,7.9753263737078292e-18
1127,4.1840719313893931e-16,1.1576790719944376e-16,1.2465842325183500e-16,8.9684749233123297e-17,4.8328385804240453e-17,2.1216896336550849e-17,1.0994362576999800e-17,7.7564687367461582e-18
1128,4.0657043428703357e-16,1.1248625523089583e-16,1.2112491420963773e-16,8.7143397245342919e-17,4.6961173533879945e-17,2.0620835640195427e-17,1.0690248031994678e-17,7.5436103950870439e-18
1129,3.9506853789068711e-16,1.0929762808507647e-16,1.1769156481103033e-16,8.4674058594241435e-17,4.5632639761903297e-17,2.0041519157150707e-17,1.0394540392232945e-17,7.3365870890518823e-18
1130,3.8389203067553940e-16,1.0619938877993083e-16,1.1435553595188906e-16,8.2274692656055111e-17,4.4341690271801748e-17,1.9478476555984725e-17,1.0107007409148907e-17,7.1352390507289961e-18
1131,3.7303170736659988e-16,1.0318897508448717e-16,1.1111406900510487e-16,7.9943316631913602e-17,4.3087261802502168e-17,1.8931250715410880e-17,9.8274232458718435e-18,6.9394108813093389e-18
1132,3.6247862310653348e-16,1.0026389739986289e-16,1.0796448353937810e-16,7.7678003909256030e-17,4.1868321172636402e-17,1.8399397353287129e-17,9.5555683003457693e-18,6.7489514317671492e-18
1133,3.5222408608843274e-16,9.7421736700337946e-17,1.0490417510267649e-16,7.5476882469680146e-17,4.0683864429584968e-17,1.7882484666033668e-17,9.2912290333250607e-18,6.5637136867944480e-18
1134,3.4225965039700996e-16,9.4660142532794210e-17,1.0193061306852380e-16,7.3338133341908304e-17,3.9532916022594479e-17,1.7380092978176601e-17,9.0341978011117124e-18,6.3835546519008322e-18
1135,3.3257710905231142e-16,9.1976831072865298e-17,9.9041338543337840e-17,7.1259989098591841e-17,3.8414527999287474e-17,1.6891814401733160e-17,8.7842726929035706e-18,6.2083352435923445e-18
1136,3.2316848725022668e-16,8.9369583236189734e-17,9.6233962333087536e-17,6.9240732395711857e-17,3.7327779224903091e-17,1.6417252505162249e-17,8.5412573726265656e-18,6.0379201825455923e-18
1137,3.1402603579422148e-16,8.6836242843205211e-17,9.3506162967587259e-17,6.7278694553368951e-17,3.6271774623625516e-17,1.5956021991611603e-17,8.3049609251273941e-18,5.8721778896955466e-18
1138,3.0514222471289093e-16,8.4374714835966438e-17,9.0855684780795078e-17,6.5372254176789420e-17,3.5245644441375140e-17,1.5507748386200631e-17,8.0751977066065650e-18,5.7109803851576666e-18
1139,2.9650973705806913e-16,8.1982963545511278e-17,8.8280336045527034e-17,6.3519835816408002e-17,3.4248543529455512e-17,1.5072067732085114e-17,7.8517871991750067e-18,5.5542031899071713e-18
1140,2.8812146287839244e-16,7.9659011008343150e-17,8.5777987161045084e-17,6.1719908665920159e-17,3.3279650648465897e-17,1.4648626295057207e-17,7.6345538694205788e-18,5.4017252301403581e-18
