t,f_total,k_0,k_1,k_2,k_3,k_4,k_5,k_6
1,0.0000000000000000e+00,0.0000000000000000e+00,0.0000000000000000e+00,0.0000000000000000e+00,0.0000000000000000e+00,0.0000000000000000e+00,0.0000000000000000e+00,0.0000000000000000e+00
2,7.4104938271604909e-04,0.0000000000000000e+00,0.0000000000000000e+00,0.0000000000000000e+00,7.4104938271604909e-04,0.0000000000000000e+00,0.0000000000000000e+00,0.0000000000000000e+00
3,5.4343621399176945e-03,0.0000000000000000e+00,0.0000000000000000e+00,3.5652709190672153e-04,2.4240548696844990e-03,2.6537801783264739e-03,0.0000000000000000e+00,0.0000000000000000e+00
4,1.0926946517108670e-02,0.0000000000000000e+00,4.7479079694406338e-05,8.5511060585276636e-04,3.8546763195397033e-03,4.9160886694101496e-03,1.2535918426116442e-03,0.0000000000000000e+00
5,1.5076228353068056e-02,5.4297028808701232e-06,1.4737385619284407e-04,1.3656998527159648e-03,4.7989978413504573e-03,6.1882751765026710e-03,2.4032667999212515e-03,1.6718512350399661e-04
6,1.7912942307358452e-02,1.9916345573359005e-05,2.8974422810278881e-04,1.8345500317191502e-03,5.3576891525439051e-03,6.7498756034456830e-03,3.1978257582829829e-03,4.6334118769058446e-04
7,1.9821373000967007e-02,4.3771607627565069e-05,4.5839390680511708e-04,2.2391311510669915e-03,5.6567281365916188e-03,6.9102796067429910e-03,3.7102517195513650e-03,8.0281687258135909e-04
8,2.1102391501220046e-02,7.5008793724065881e-05,6.3684625943986526e-04,2.5720808259999477e-03,5.7880883086241369e-03,6.8670391430111230e-03,4.0375392081765720e-03,1.1257889622443363e-03
9,2.1947777624681052e-02,1.1068724912207440e-04,8.1154173268169183e-04,2.8346243360604512e-03,5.8121782917619760e-03,6.7285656351421252e-03,4.2463265751536234e-03,1.4038538047591066e-03
10,2.2477293340229597e-02,1.4786992493449246e-04,9.7288244031262208e-04,3.0327280934286183e-03,5.7679539766292429e-03,6.5503498253250362e-03,4.3766517748352060e-03,1.6288573047643768e-03
11,2.2768779712987141e-02,1.8412607953460791e-04,1.1150475732362012e-03,3.1745434626507542e-03,5.6806351197102173e-03,6.3594050249713560e-03,4.4521716402030074e-03,1.8028508126809980e-03
12,2.2875917972818471e-02,2.1770268984892200e-04,1.2352789201541723e-03,3.2687755289094876e-03,5.5666478659212194e-03,6.1681246648586513e-03,4.4873803468458966e-03,1.9320079562801190e-03
13,2.2837919688817612e-02,2.4750341569347367e-04,1.3330471144041404e-03,3.3237407396749128e-03,5.4367189985382964e-03,5.9816484110525973e-03,4.4917400387803914e-03,2.0235209706737992e-03
14,2.2684777876875811e-02,2.7297829120657930e-04,1.4092978005378351e-03,3.3468980959247717e-03,5.2978442575584428e-03,5.8016583606021544e-03,4.4718829211616894e-03,2.0842181498843394e-03
15,2.2440194611630146e-02,2.9398767069603257e-04,1.4658507007299505e-03,3.3446775058038011e-03,5.1545660293320743e-03,5.6282927233035438e-03,4.4327613696771928e-03,2.1200586120875527e-03
16,2.2123298707492630e-02,3.1067392089296678e-04,1.5049591472846094e-03,3.3224778947576411e-03,5.0098141249712664e-03,5.4610857345741117e-03,4.3782537361424338e-03,2.1360341488696026e-03
17,2.1749721993624647e-02,3.2335511715641965e-04,1.5290089619383715e-03,3.2847515013522078e-03,4.8654622567069804e-03,5.2994103354574032e-03,4.3114942110229889e-03,2.1362396099902752e-03
18,2.1332323638213108e-02,3.3244410988878193e-04,1.5403267457530798e-03,3.2351236891701276e-03,4.7226962480016593e-03,5.1426708511111922e-03,4.2350630928081221e-03,2.1239989014801468e-03
19,2.0881711518172974e-02,3.3839093919502263e-04,1.5410684105292985e-03,3.1765198161422680e-03,4.5822566534125470e-03,4.9903731543297653e-03,4.1511054874113678e-03,2.1019970571527031e-03
20,2.0406638903640438e-02,3.4164445178588377e-04,1.5331633979195041e-03,3.1112846221245773e-03,4.4445975883445898e-03,4.8421375432573651e-03,4.0614121270594761e-03,2.0723991731490402e-03
21,1.9914318824860416e-02,3.4262860150379131e-04,1.5182955594587708e-03,3.0412877977793896e-03,4.3099898998961760e-03,4.6976872271438670e-03,3.9674790063063230e-03,2.0369507327720944e-03
22,1.9410680049444368e-02,3.4172936584199904e-04,1.4979067713733847e-03,2.9680139403438464e-03,4.1785876222932370e-03,4.5568285573236722e-03,3.8705541959722948e-03,1.9970595962959361e-03
23,1.8900578983668738e-02,3.3928896132133502e-04,1.4732135463096489e-03,2.8926374277453990e-03,4.0504704174454146e-03,4.4194305168627117e-03,3.7716761269488632e-03,1.9538619870353682e-03
24,1.8387976693747671e-02,3.3560482055109027e-04,1.4452301124817551e-03,2.8160837895083264e-03,3.9256704548931874e-03,4.2854066119229752e-03,3.6717056547618436e-03,1.9082752496284918e-03
25,1.7876087432214673e-02,3.3093148200322641e-04,1.4147937716335384e-03,2.7390794990642302e-03,3.8041893103371639e-03,4.1547001582249877e-03,3.5713532488306676e-03,1.8610399621208581e-03
26,1.7367503434697677e-02,3.2548409986396114e-04,1.3825899902232255e-03,2.6621920990690458e-03,3.6860085296276657e-03,4.0272729571213771e-03,3.4712021721400111e-03,1.8127535866523904e-03
27,1.6864299752404534e-02,3.1944270606871144e-04,1.3491757920694250e-03,2.5858623932212364e-03,3.5710962177741687e-03,3.9030969433907913e-03,3.3717282722489257e-03,1.7638974276312728e-03
28,1.6368122213448064e-02,3.1295666734835472e-04,1.3150007498158932e-03,2.5104302003908503e-03,3.4594111630157449e-03,3.7821482639183116e-03,3.2733168702424181e-03,1.7148582987164920e-03
29,1.5880261113024867e-02,3.0614899946089340e-04,1.2804253312291743e-03,2.4361549237168823e-03,3.3509054509341190e-03,3.6644032579647998e-03,3.1762771519223010e-03,1.6659459977966965e-03
30,1.5401712843285287e-02,2.9912035057220077e-04,1.2457366303853640e-03,2.3632319639488287e-03,3.2455261646910745e-03,3.5498358763161467e-03,3.0808544079563931e-03,1.6174074494152780e-03
31,1.4933231350768137e-02,2.9195256457774019e-04,1.2111616654053455e-03,2.2918058123308355e-03,3.1432165379807991e-03,3.4384161588858937e-03,2.9872404244537451e-03,1.5694381871337788e-03
32,1.4475371033486747e-02,2.8471179780114046e-04,1.1768784972913946e-03,2.2219804953820224e-03,3.0439167823272080e-03,3.3301094700096696e-03,2.8955822870624379e-03,1.5221917036128743e-03
33,1.4028522451194146e-02,2.7745120017385477e-04,1.1430254485828299e-03,2.1538279098690639e-03,2.9475647200484668e-03,3.2248762602523143e-03,2.8059898279016319e-03,1.4757870843659857e-03
34,1.3592942015322115e-02,2.7021319290585226e-04,1.1097086960451814e-03,2.0873944774538215e-03,2.8540962988547877e-03,3.1226721809808713e-03,2.7185419145036816e-03,1.4303152545779184e-03
35,1.3168776645766040e-02,2.6303138465202540e-04,1.0770084915220034e-03,2.0227064609566218e-03,2.7634460307744404e-03,3.0234484236899323e-03,2.6332917530524037e-03,1.3858441011186124e-03
36,1.2756084227054505e-02,2.5593217133020984e-04,1.0449842377013815e-03,1.9597742141569769e-03,2.6755473785958226e-03,2.9271521915770820e-03,2.5502713543332084e-03,1.3424226793598249e-03
37,1.2354850563812971e-02,2.4893606381553234e-04,1.0136786159420205e-03,1.8985955812623008e-03,2.5903331019450373e-03,2.8337272379134275e-03,2.4694952897672717e-03,1.3000846731673807e-03
38,1.1965003422290843e-02,2.4205878455077660e-04,9.8312093440011596e-04,1.8391586178259510e-03,2.5077355691193559e-03,2.7431144260262187e-03,2.3909638464803921e-03,1.2588512438880333e-03
39,1.1586424148696921e-02,2.3531216985087745e-04,9.5332983806178440e-04,1.7814437696906499e-03,2.4276870377635479e-03,2.6552522806849877e-03,2.3146656743344711e-03,1.2187333783106030e-03
40,1.1218957273960519e-02,2.2870491007320000e-04,9.2431549862325726e-04,1.7254256186057023e-03,2.3501199061155623e-03,2.5700775115861585e-03,2.2405800039912108e-03,1.1797338249654285e-03
41,1.0862418446263919e-02,2.2224315530700020e-04,8.9608138166231001e-04,1.6710742810156676e-03,2.2749669360814791e-03,2.4875254974497350e-03,2.1686785031483176e-03,1.1418486915994084e-03
42,1.0516600975431268e-02,2.1593101004279392e-04,8.6862567110463382e-04,1.6183565289459819e-03,2.2021614493699790e-03,2.4075307247502491e-03,2.0989268278607410e-03,1.1050687633568884e-03
43,1.0181281225367550e-02,2.0977093652786393e-04,8.4194241634939510e-04,1.5672366879645088e-03,2.1316374980650198e-03,2.3300271789018171e-03,2.0312859171196180e-03,1.0693805904393259e-03
44,9.8562230507771072e-03,2.0376408323344541e-04,8.1602245525401831e-04,1.5176773561217396e-03,2.0633300112034179e-03,2.2549486882612207e-03,1.9657130714139091e-03,1.0347673852893560e-03
45,9.5411814411034135e-03,1.9791055204271821e-04,7.9085415614981911e-04,1.4696399789684573e-03,1.9971749190839695e-03,2.1822292229492011e-03,1.9021628496675928e-03,1.0012097622416555e-03
46,9.2359055069444300e-03,1.9220961538250642e-04,7.6642401384277407e-04,1.4230853087453684e-03,1.9331092571394431e-03,2.1118031514772979e-03,1.8405878135719621e-03,9.6868634678507772e-04
47,8.9401409211942191e-03,1.8665989251996201e-04,7.4271712785237490e-04,1.3779737702609481e-03,1.8710712512470605e-03,2.0436054586979221e-03,1.7809391437800188e-03,9.3717427683593345e-04
48,8.6536319080642455e-03,1.8125949257939434e-04,7.1971758569672455e-04,1.3342657515262543e-03,1.8110003863427075e-03,1.9775719288103464e-03,1.7231671485779907e-03,9.0664961453082839e-04
49,8.3761228572923844e-03,1.7600613045584487e-04,6.9740876962086427e-04,1.2919218336653979e-03,1.7528374601493066e-03,1.9136392971582674e-03,1.6672216823933549e-03,8.7708768384934827e-04
50,8.1073596277050214e-03,1.7089722066667754e-04,6.7577360159939341e-04,1.2509029717831990e-03,1.6965246237419167e-03,1.8517453744202159e-03,1.6130524887497774e-03,8.4846334674384125e-04
51,7.8470905933982985e-03,1.6592995325083459e-04,6.5479473856651566e-04,1.2111706362012171e-03,1.6420054105617398e-03,1.7918291465756544e-03,1.5606094799599985e-03,8.2075122828233942e-04
52,7.5950674767660794e-03,1.6110135506308275e-04,6.3445472750672035e-04,1.1726869216542829e-03,1.5892247553673309e-03,1.7338308537647340e-03,1.5098429638921609e-03,7.9392589951776779e-04
53,7.3510460051060605e-03,1.5640833918811634e-04,6.1473612817069742e-04,1.1354146305801718e-03,1.5381290044812136e-03,1.6776920508743346e-03,1.4607038264972567e-03,7.6796202531427039e-04
54,7.1147864213173071e-03,1.5184774469193974e-04,5.9562160967669602e-04,1.0993173354625187e-03,1.4886659185592444e-03,1.6233556523947896e-03,1.4131436773975445e-03,7.4283448313457352e-04
55,6.8860538740430710e-03,1.4741636851475006e-04,5.7709402604666092e-04,1.0643594242437200e-03,1.4407846689826109e-03,1.5707659638120276e-03,1.3671149646674499e-03,7.1851845777585132e-04
56,6.6646187083305199e-03,1.4311099097334183e-04,5.5913647475181241e-04,1.0305061320645822e-03,1.3944358288509181e-03,1.5198687015358602e-03,1.3225710639553018e-03,6.9498951619870381e-04
57,6.4502566743233590e-03,1.3892839606764691e-04,5.4173234155765939e-04,9.9772356197431003e-04,1.3495713594412783e-03,1.4706110031208444e-03,1.2794663462671733e-03,6.7222366589444658e-04
58,6.2427490685500577e-03,1.3486538756373020e-04,5.2486533432647157e-04,9.6597869675904731e-04,1.3061445928936664e-03,1.4229414293134514e-03,1.2377562280385501e-03,6.5019739965514062e-04
59,6.0418828199162089e-03,1.3091880164483655e-04,5.0851950792602158e-04,9.3523940363638021e-04,1.2641102117873723e-03,1.3768099592585718e-03,1.1973972065347810e-03,6.2888772912824548e-04
60,5.8474505304693834e-03,1.2708551677513877e-04,4.9267928198284700e-04,9.0547443323846634e-04,1.2234242261873014e-03,1.3321679800192556e-03,1.1583468831297232e-03,6.0827220913665058e-04
61,5.6592504793081004e-03,1.2336246130132490e-04,4.7732945288703329e-04,8.7665341404297918e-04,1.1840439486617285e-03,1.2889682714048339e-03,1.1205639765989660e-03,5.8832895441123380e-04
62,5.4770865965947969e-03,1.1974661921993322e-04,4.6245520118805511e-04,8.4874684319698114e-04,1.1459279677045295e-03,1.2471649869627932e-03,1.0840083282169675e-03,5.6903665010553752e-04
63,5.3007684134576171e-03,1.1623503445920430e-04,4.4804209530507899e-04,8.2172607450467093e-04,1.1090361199342291e-03,1.2067136318673374e-03,1.0486409001559430e-03,5.5037455723115300e-04
64,5.1301109925873554e-03,1.1282481395977881e-04,4.3407609230031874e-04,7.9556330420806304e-04,1.0733294613888022e-03,1.1675710383307846e-03,1.0144237684395166e-03,5.3232251396009129e-04
65,4.9649348435209248e-03,1.0951312978606896e-04,4.2054353632252871e-04,7.7023155507391426e-04,1.0387702381883797e-03,1.1296953390711720e-03,9.8132011149858374e-04,5.1486093358027679e-04
66,4.8050658259234666e-03,1.0629722045733597e-04,4.0743115521306526e-04,7.4570465920567413e-04,1.0053218567971345e-03,1.0930459392890950e-03,9.4929419520423336e-04,4.9797079975692738e-04
67,4.6503350436152471e-03,1.0317439165260610e-04,3.9472605567396861e-04,7.2195723992194826e-04,9.7294885408009154e-04,1.0575834875374349e-03,9.1831135510772198e-04,4.8163365964147624e-04
68,4.5005787316174644e-03,1.0014201641507955e-04,3.8241571732205363e-04,6.9896469297966958e-04,9.4161686731974699e-04,1.0232698458078637e-03,8.8833797649591224e-04,4.6583161527713793e-04
69,4.3556381380975059e-03,9.7197534958440675e-05,3.7048798589169458e-04,6.7670316736832001e-04,9.1129260433071022e-04,9.9006805910666095e-04,8.5934147276857831e-04,4.5054731367310174e-04
70,4.2153594027660177e-03,9.4338454158492610e-05,3.5893106579914868e-04,6.5514954585900735e-04,8.8194381378753524e-04,9.5794232474833395e-04,8.3129026255841082e-04,4.3576393585508910e-04
71,4.0795934330042048e-03,9.1562346798029748e-05,3.4773351224071894e-04,6.3428142545727119e-04,8.5353925586109062e-04,9.2685796155782317e-04,8.0415374594278817e-04,4.2146518514648272e-04
72,3.9481957787715020e-03,8.8866850620186348e-05,3.3688422296403842e-04,6.1407709787980483e-04,8.2604867324176856e-04,8.9678137913985691e-04,7.7790228003620269e-04,4.0763527488964479e-04
73,3.8210265071531384e-03,8.6249667235139285e-05,3.2637242982487086e-04,5.9451553015167570e-04,7.9944276261322629e-04,8.6768004734652559e-04,7.5250715420180337e-04,3.9425891577989737e-04
74,3.6979500772482570e-03,8.3708560916573435e-05,3.1618769021989507e-04,5.7557634540123708e-04,7.7369314662785373e-04,8.3952246605073521e-04,7.2794056507825410e-04,3.8132130295370862e-04
75,3.5788352159667656e-03,8.1241357317393789e-05,3.0631987846807432e-04,5.5723980391394166e-04,7.4877234642448619e-04,8.1227813531328102e-04,7.0417559158271210e-04,3.6880810294687616e-04
76,3.4635547951926155e-03,7.8845942128508354e-05,2.9675917719862796e-04,5.3948678449313706e-04,7.2465375471979265e-04,7.8591752601437487e-04,6.8118617002110805e-04,3.5670544061706635e-04
77,3.3519857106792408e-03,7.6520259699879866e-05,2.8749606879173353e-04,5.2229876616510947e-04,7.0131160949703090e-04,7.6041205100612567e-04,6.5894706941211820e-04,3.4499988610724294e-04
78,3.2440087629662362e-03,7.4262311639264634e-05,2.7852132690838561e-04,5.0565781025674274e-04,6.7872096830931766e-04,7.3573403683033494e-04,6.3743386711049600e-04,3.3367844191169491e-04
79,3.1395085405426693e-03,7.2070155400970391e-05,2.6982600813792927e-04,4.8954654286685877e-04,6.5685768320900690e-04,7.1185669603573032e-04,6.1662292479811606e-04,3.2272853009405762e-04
80,3.0383733054294162e-03,6.9941902874446648e-05,2.6140144378533322e-04,4.7394813774628863e-04,6.3569837631010241e-04,6.8875410012010760e-04,5.9649136489663634e-04,3.1213797969650110e-04
81,2.9404948813090042e-03,6.7875718980466888e-05,2.5323923181501878e-04,4.5884629959681150e-04,6.1522041598669776e-04,6.6640115311559329e-04,5.7701704744363516e-04,3.0189501437078066e-04
82,2.8457685442949882e-03,6.5869820280989904e-05,2.4533122896378386e-04,4.4422524779505880e-04,5.9540189370714666e-04,6.4477356582913351e-04,5.5817854746405347e-04,2.9198824025482154e-04
83,2.7540929164027953e-03,6.3922473607426581e-05,2.3766954303188745e-04,4.3006970054419394e-04,5.7622160150092808e-04,6.2384783074521716e-04,5.3995513286043658e-04,2.8240663411270578e-04
84,2.6653698617591336e-03,6.2031994710933945e-05,2.3024652535854340e-04,4.1636485945349981e-04,5.5765901005289521e-04,6.0360119759358130e-04,5.2232674283855059e-04,2.7313953175112923e-04
85,2.5795043855666080e-03,6.0196746937462786e-05,2.2305476348579009e-04,4.0309639454383074e-04,5.3969424741772581e-04,5.8401164958111487e-04,5.0527396687923237e-04,2.6417661672145144e-04
86,2.4964045358234935e-03,5.8415139929561098e-05,2.1608707401286412e-04,3.9025042967514022e-04,5.2230807834586373e-04,5.6505788028425564e-04,4.8877802426259827e-04,2.5550790931321037e-04
87,2.4159813077849110e-03,5.6685628356351899e-05,2.0933649564172554e-04,3.7781352839089030e-04,5.0548188421099935e-04,5.4671927119576765e-04,4.7282074414685941e-04,2.4712375584231688e-04
88,2.3381485511406257e-03,5.5006710672634952e-05,2.0279628241319934e-04,3.6577268017303524e-04,4.8919764352815180e-04,5.2897586991783264e-04,4.5738454620079946e-04,2.3901481823497236e-04
89,2.2628228798757455e-03,5.3376927907686260e-05,1.9645989713225619e-04,3.5411528710040081e-04,4.7343791305063461e-04,5.1180836899179512e-04,4.4245242178638389e-04,2.3117206390658844e-04
90,2.1899235847734947e-03,5.1794862484030470e-05,1.9032100498021288e-04,3.4282915090260466e-04,4.5818580943358977e-04,4.9519808535363515e-04,4.2800791568585846e-04,2.2358675593356321e-04
91,2.1193725485136334e-03,5.0259137066224589e-05,1.8437346731105153e-04,3.3190246040115152e-04,4.4342499145133112e-04,4.7912694040323615e-04,4.1403510836601358e-04,2.1625044351462482e-04
92,2.0510941633157189e-03,4.8768413439505306e-05,1.7861133562861075e-04,3.2132377932896382e-04,4.2913964275541610e-04,4.6357744067473836e-04,4.0051859877093896e-04,2.0915495271754548e-04
93,1.9850152510731164e-03,4.7321391418007791e-05,1.7302884574105963e-04,3.1108203451934465e-04,4.1531445516016364e-04,4.4853265909468581e-04,3.8744348763354212e-04,2.0229237750631247e-04
94,1.9210649859212042e-03,4.5916807782152263e-05,1.6762041208881801e-04,3.0116650445520147e-04,4.0193461244221462e-04,4.3397621681424286e-04,3.7479536129528425e-04,1.9565507104329040e-04
95,1.8591748191815072e-03,4.4553435244710124e-05,1.6238062224190457e-04,2.9156680816926371e-04,3.8898577464069502e-04,4.1989226560147056e-04,3.6256027602297357e-04,1.8923563726048974e-04
96,1.7992784066223643e-03,4.3230081444999587e-05,1.5730423156257617e-04,2.8227289448599701e-04,3.7645406284456595e-04,4.0626547077947156e-04,3.5072474281100792e-04,1.8302692269374593e-04
97,1.7413115379760970e-03,4.1945587970614700e-05,1.5238615802904730e-04,2.7327503159593655e-04,3.6432604445382587e-04,3.9308099469613093e-04,3.3927571265714580e-04,1.7702200857339580e-04
98,1.6852120686524426e-03,4.0698829406061757e-05,1.4762147721604458e-04,2.6456379695322292e-04,3.5258871890135092e-04,3.8032448071117342e-04,3.2820056229969407e-04,1.7121420316489484e-04
99,1.6309198535880982e-03,3.9488712407656263e-05,1.4300541742794673e-04,2.5613006748721984e-04,3.4122950382232324e-04,3.6798203768632074e-04,3.1748708040389478e-04,1.6559703435273655e-04
100,1.5783766831726238e-03,3.8314174804023327e-05,1.3853335498028072e-04,2.4796501011921298e-04,3.3023622165838341e-04,3.5604022496444200e-04,3.0712345418527757e-04,1.6016424246100369e-04
101,1.5275262211915499e-03,3.7174184721540073e-05,1.3420080962538543e-04,2.4006007257533523e-04,3.1959708668386199e-04,3.4448603782375614e-04,2.9709825645777963e-04,1.5490977330389109e-04
102,1.4783139447283118e-03,3.6067739734060010e-05,1.3000344011810801e-04,2.3240697448702105e-04,3.0930069244167511e-04,3.3330689339333068e-04,2.8740043309453505e-04,1.4982777145958187e-04
103,1.4306870859675696e-03,3.4993866036265008e-05,1.2593703991746615e-04,2.2499769877046825e-04,2.9933599957672106e-04,3.2249061701635358e-04,2.7801929088936734e-04,1.4491257376092817e-04
104,1.3845945758434904e-03,3.3951617639999442e-05,1.2199753302028568e-04,2.1782448327676687e-04,2.8969232405487346e-04,3.1202542904789444e-04,2.6894448580719153e-04,1.4015870299647894e-04
105,1.3399869894777142e-03,3.2940075592951976e-05,1.1818096992290500e-04,2.1087981270454621e-04,2.8035932575593681e-04,3.0189993207414010e-04,2.6016601161173088e-04,1.3556086181550325e-04
106,1.2968164933528960e-03,3.1958347219063609e-05,1.1448352370712637e-04,2.0415641076718479e-04,2.7132699742920608e-04,2.9210309854036688e-04,2.5167418885916818e-04,1.3111392683077999e-04
107,1.2550367941689651e-03,3.1005565380054763e-05,1.1090148624668575e-04,1.9764723260682818e-04,2.6258565400055024e-04,2.8262425877520145e-04,2.4345965424659149e-04,1.2681294291305324e-04
108,1.2146030893305120e-03,3.0080887757479118e-05,1.0743126453060582e-04,1.9134545744765771e-04,2.5412592222022186e-04,2.7345308939901662e-04,2.3551335030433813e-04,1.2265311767119280e-04
109,1.1754720190150028e-03,2.9183496154727392e-05,1.0406937709989177e-04,1.8524448148105513e-04,2.4593873064087703e-04,2.6457960210461283e-04,2.2782651542159851e-04,1.1862981611224012e-04
110,1.1376016197728316e-03,2.8312595818420076e-05,1.0081245059412542e-04,1.7933791097550625e-04,2.3801529991557120e-04,2.5599413279863575e-04,2.2039067419490357e-04,1.1473855547566919e-04
111,1.1009512796115264e-03,2.7467414778643926e-05,9.7657216404607426e-05,1.7361955560428642e-04,2.3034713340577489e-04,2.4768733109248829e-04,2.1319762808938675e-04,1.1097500023633863e-04
112,1.0654816945177320e-03,2.6647203207502539e-05,9.4600507430792367e-05,1.6808342198416535e-04,2.2292600808973312e-04,2.3965015013179854e-04,2.0623944640297688e-04,1.0733495727076316e-04
113,1.0311548263718827e-03,2.5851232795467230e-05,9.1639254936854377e-05,1.6272370741856351e-04,2.1574396576176197e-04,2.3187383675380476e-04,1.9950845752394987e-04,1.0381437118148100e-04
114,9.9793386221176997e-04,2.5078796145029141e-05,8.8770485505313285e-05,1.5753479383878147e-04,2.0879330451334908e-04,2.2434992196232223e-04,1.9299724047253100e-04,1.0040931977444369e-04
115,9.6578317480246689e-04,2.4329206181168828e-05,8.5991318084741215e-05,1.5251124193711138e-04,2.0206657048718742e-04,2.1707021171024849e-04,1.8669861671750688e-04,9.7116009684502600e-05
116,9.3466828447131970e-04,2.3601795578173639e-05,8.3298961128657918e-05,1.4764778548582167e-04,1.9555654989553229e-04,2.1002677797985630e-04,1.8060564225906616e-04,9.3930772144211773e-05
117,9.0455582216794075e-04,2.2895916202347636e-05,8.0690709822809974e-05,1.4293932583618691e-04,1.8925626129452796e-04,2.0321195015141069e-04,1.7471159996934667e-04,9.0850058891310894e-05
118,8.7541349371032893e-04,2.2210938570172027e-05,7.8163943398113091e-05,1.3838092659190782e-04,1.8315894810639759e-04,1.9661830665092500e-04,1.6900999218242091e-04,8.7870438210392517e-05
119,8.4721004517942459e-04,2.1546251321487588e-05,7.5716122526618861e-05,1.3396780845143907e-04,1.7725807138163575e-04,1.9023866686814850e-04,1.6349453352569888e-04,8.4988591104395920e-05
120,8.1991522942554470e-04,2.0901260707282980e-05,7.3344786797948063e-05,1.2969534421390836e-04,1.7154730279358047e-04,1.8406608333614629e-04,1.5815914398497298e-04,8.2201307591705573e-05
121,7.9349977365126504e-04,2.0275390091685575e-05,7.1047552273710026e-05,1.2555905394347262e-04,1.6602051785797415e-04,1.7809383416409377e-04,1.5299794219556602e-04,7.9505483124762803e-05
122,7.6793534803640522e-04,1.9668079467762661e-05,6.8822109117503579e-05,1.2155460028711560e-04,1.6067178937034882e-04,1.7231541571516792e-04,1.4800523895227761e-04,7.6898115126229060e-05
123,7.4319453537183798e-04,1.9078784986753038e-05,6.6666219298168765e-05,1.1767778394104471e-04,1.5549538105429295e-04,1.6672453552166506e-04,1.4317553093104994e-04,7.4376299638863520e-05
124,7.1925080166987106e-04,1.8506978500359540e-05,6.4577714364030171e-05,1.1392453926099491e-04,1.5048574141387019e-04,1.6131510542971990e-04,1.3850349461549597e-04,7.1937228085400311e-05
125,6.9607846771996382e-04,1.7952147115743931e-05,6.2554493285941836e-05,1.1029093001189227e-04,1.4563749778367111e-04,1.5608123496623803e-04,1.3398398042164787e-04,6.9578184134828780e-05
126,6.7365268155951332e-04,1.7413792762875854e-05,6.0594520367011297e-05,1.0677314525247188e-04,1.4094545057018052e-04,1.5101722492088517e-04,1.2961200701449340e-04,6.7296540671595183e-05
127,6.5194939183039482e-04,1.6891431773897531e-05,5.8695823216945762e-05,1.0336749535058099e-04,1.3640456767834166e-04,1.4611756113620060e-04,1.2538275581007113e-04,6.5089756864357049e-05
128,6.3094532199286829e-04,1.6384594474175294e-05,5.6856490789026450e-05,1.0007040812503264e-04,1.3200997911739002e-04,1.4137690849912123e-04,1.2129156565709402e-04,6.2955375331028528e-05
129,6.1061794536935456e-04,1.5892824784718577e-05,5.5074671477779109e-05,9.6878425110003179e-05,1.2775697178021508e-04,1.3679010512741445e-04,1.1733392769226231e-04,6.0891019396961912e-05
130,5.9094546099145643e-04,1.5415679835655768e-05,5.3348571275467624e-05,9.3788197938093356e-05,1.2364098439069049e-04,1.3235215674472389e-04,1.1350548036361394e-04,5.8894390443211374e-05
131,5.7190677022444158e-04,1.4952729590464976e-05,5.1676451985596152e-05,9.0796484838293783e-05,1.1965760261358750e-04,1.2805823123813255e-04,1.0980200461644155e-04,5.6963265341924969e-05
132,5.5348145414422622e-04,1.4503556480666336e-05,5.0056629491660454e-05,8.7900147245214023e-05,1.1580255432185749e-04,1.2390365339234102e-04,1.0621941923648055e-04,5.5095493976006306e-05
133,5.3564975164268843e-04,1.4067755050690334e-05,4.8487472079444070e-05,8.5096146516048439e-05,1.1207170501623416e-04,1.1988389979474738e-04,1.0275377634524347e-04,5.3288996840280617e-05
134,5.1839253823791117e-04,1.3644931612644657e-05,4.6967398811206945e-05,8.2381540751863856e-05,1.0846105339226662e-04,1.1599459390589818e-04,9.9401257042540877e-05,5.1541762721489977e-05
135,5.0169130556669908e-04,1.3234703910709647e-05,4.5494877950165450e-05,7.9753481719900359e-05,1.0496672705004972e-04,1.1223150128995542e-04,9.6158167191388944e-05,4.9851846454529564e-05
136,4.8552814153744067e-04,1.2836700794899742e-05,4.4068425433712055e-05,7.7209211873681969e-05,1.0158497834206811e-04,1.0859052499999790e-04,9.3020933340659371e-05,4.8217366752421560e-05
137,4.6988571112208056e-04,1.2450561903935515e-05,4.2686603393870673e-05,7.4746061467834422e-05,9.8312180354717573e-05,1.0506770111314039e-04,8.9986098780976998e-05,4.6636504107604942e-05
138,4.5474723776665172e-04,1.2075937356977794e-05,4.1348018723530157e-05,7.2361445764605154e-05,9.5144823019207645e-05,1.0165919441061564e-04,8.7050319729516858e-05,4.5107498762198514e-05
139,4.4009648540047238e-04,1.1712487453982105e-05,4.0051321687043363e-05,7.0052862329175893e-05,9.2079509347686814e-05,9.8361294198120037e-05,8.4210361639492653e-05,4.3628648744971524e-05
140,4.2591774102474742e-04,1.1359882384438179e-05,3.8795204573822702e-05,6.7817888410949683e-05,8.9112951790565114e-05,9.5170410261876052e-05,8.1463095630265563e-05,4.2198307972830084e-05
141,4.1219579786193518e-04,1.1017801944265619e-05,3.7578400393605368e-05,6.5654178408083803e-05,8.6241968711136537e-05,9.2083068956009311e-05,7.8805495034135051e-05,4.0814884414699495e-05
142,3.9891593904783440e-04,1.0685935260642986e-05,3.6399681612102238e-05,6.3559461412625805e-05,8.3463480973729157e-05,8.9095909416982163e-05,7.6234632055999812e-05,3.9476838315752190e-05
143,3.8606392184892501e-04,1.0363980524553501e-05,3.5257858925784153e-05,6.1531538833693922e-05,8.0774508641731255e-05,8.6205679900961193e-05,7.3747674542203056e-05,3.8182680479997981e-05
144,3.7362596238806078e-04,1.0051644730836431e-05,3.4151780074597689e-05,5.9568282096223872e-05,7.8172167781958936e-05,8.3409234240130683e-05,7.1341882854994453e-05,3.6930970609318714e-05
145,3.6158872086214670e-04,9.7486434255388133e-06,3.3080328691439668e-05,5.7667630412882597e-05,7.5653667371943477e-05,8.0703528414091769e-05,6.9014606849158449e-05,3.5720315697091926e-05
146,3.4993928723596831e-04,9.4547004603677256e-06,3.2042423187255776e-05,5.5827588626825436e-05,7.3216306306826974e-05,7.8085617232612699e-05,6.6763282947470247e-05,3.4549368474609444e-05
147,3.3866516739684144e-04,9.1695477540486123e-06,3.1037015670663729e-05,5.4046225123046904e-05,7.0857470502660679e-05,7.5552651126115899e-05,6.4585431311750237e-05,3.3416825908555339e-05
148,3.2775426975524709e-04,8.8929250604003585e-06,3.0063090901034960e-05,5.2321669806146463e-05,6.8574630093003419e-05,7.3101873040404446e-05,6.2478653106392448e-05,3.2321427747865006e-05
149,3.1719489227709241e-04,8.6245797429429331e-06,2.9119665274002110e-05,5.0652112142399712e-05,6.6365336715816720e-05,7.0730615432244360e-05,6.0440627851344547e-05,3.1261955118342033e-05
150,3.0697570993369893e-04,8.3642665558582608e-06,2.8205785838391001e-05,4.9035799264092431e-05,6.4227220887750602e-05,6.8436297362527878e-05,5.8469110861615934e-05,3.0237229163462819e-05
151,2.9708576255606765e-04,8.1117474311297879e-06,2.7320529343606802e-05,4.7471034134139363e-05,6.2157989463006044e-05,6.6216421683849586e-05,5.6561930770485272e-05,2.9246109729850790e-05
152,2.8751444308040244e-04,7.8667912716909316e-06,2.6463001316534037e-05,4.5956173769072785e-05,6.0155423174051718e-05,6.4068572319429814e-05,5.4716987133671620e-05,2.8287494095951530e-05
153,2.7825148617229120e-04,7.6291737504170439e-06,2.5632335167038845e-05,4.4489627518546322e-05,5.8217374251559358e-05,6.1990411630418669e-05,5.2932248111822314e-05,2.7360315742488648e-05
154,2.6928695721735078e-04,7.3986771147999927e-06,2.4827691321190179e-05,4.3069855399558183e-05,5.6341764121007071e-05,5.9979677868710941e-05,5.1205748228757471e-05,2.6463543163326935e-05
155,2.6061124166653292e-04,7.1750899971487730e-06,2.4048256381343751e-05,4.1695366483655529e-05,5.4526581173481931e-05,5.8034182712494521e-05,4.9535586202994179e-05,2.5596178715414267e-05
156,2.5221503472466940e-04,6.9582072301636941e-06,2.3293242312258866e-05,4.0364717335436177e-05,5.2769878608292467e-05,5.6151808881845529e-05,4.7919922850155038e-05,2.4757257506517635e-05
157,2.4408933137120000e-04,6.7478296677358346e-06,2.2561885652443893e-05,3.9076510500717582e-05,5.1069772345078668e-05,5.4330507831770223e-05,4.6356979053943089e-05,2.3945846319510707e-05
158,2.3622541670238571e-04,6.5437640108273551e-06,2.1853446749950953e-05,3.7829393042794871e-05,4.9424439003181212e-05,5.2568297520178282e-05,4.4845033803441703e-05,2.3161042572011347e-05
159,2.2861485658465114e-04,6.3458226382921972e-06,2.1167209021864215e-05,3.6622055125259618e-05,4.7832113946104057e-05,5.0863260248353504e-05,4.3382422294570683e-05,2.2401973310206873e-05
160,2.2124948860903495e-04,6.1538234425003970e-06,2.0502478236749739e-05,3.5453228639899481e-05,4.6291089388973689e-05,4.9213540571567291e-05,4.1967534093601166e-05,2.1667794235743170e-05
161,2.1412141333704943e-04,5.9675896696329682e-06,1.9858581819357096e-05,3.4321685878246084e-05,4.4799712566966365e-05,4.7617343277556258e-05,4.0598811360700034e-05,2.0957688764590625e-05
162,2.0722298582856268e-04,5.7869497645178329e-06,1.9234868176885033e-05,3.3226238245383732e-05,4.3356383962739529e-05,4.6072931430659715e-05,3.9274747131541141e-05,2.0270867116835712e-05
163,2.0054680744261829e-04,5.6117372198807885e-06,1.8630706046144621e-05,3.2165735014675739e-05,4.1959555590966818e-05,4.4578624479484033e-05,3.7993883655084828e-05,1.9606565436381468e-05
164,1.9408571790240106e-04,5.4417904298888807e-06,1.8045483860973695e-05,3.1139062122107759e-05,4.0607729338137714e-05,4.3132796426030221e-05,3.6754810785689158e-05,1.8964044939573632e-05
165,1.8783278761583982e-04,5.2769525478668429e-06,1.7478609139276584e-05,3.0145140998988767e-05,3.9299455355841356e-05,4.1733874054288360e-05,3.5556164427776275e-05,1.8342591091801632e-05
166,1.8178131024361224e-04,5.1170713480705023e-06,1.6929507889082174e-05,2.9182927441790408e-05,3.8033330505812043e-05,4.0380335216366726e-05,3.4396625031335771e-05,1.7741512811154616e-05
167,1.7592479550658196e-04,4.9619990914041544e-06,1.6397624033032184e-05,2.8251410517944092e-05,3.6807996855068850e-05,3.9070707174286940e-05,3.3274916136602473e-05,1.7160141698243266e-05
168,1.7025696222495505e-04,4.8115923949719720e-06,1.5882418850729614e-05,2.7349611506452664e-05,3.5622140219536007e-05,3.7803564995636529e-05,3.2189802966301116e-05,1.6597831291327143e-05
169,1.6477173158169117e-04,4.6657121053564969e-06,1.5383370438394906e-05,2.6476582872209969e-05,3.4474488754582070e-05,3.6577530001329471e-05,3.1140091063902455e-05,1.6053956345915789e-05
170,1.5946322060294492e-04,4.5242231755201389e-06,1.4899973185294409e-05,2.5631407272956475e-05,3.3363811590966665e-05,3.5391268263781876e-05,3.0124624976386400e-05,1.5527912138038944e-05
171,1.5432573584854610e-04,4.3869945452284343e-06,1.4431737266422166e-05,2.4813196597833480e-05,3.2288917514732037e-05,3.4243489153865000e-05,2.9142286980056997e-05,1.5019113790407991e-05
172,1.4935376730575240e-04,4.2538990248965453e-06,1.3978188150932215e-05,2.4021091036531191e-05,3.1248653689623755e-05,3.3132943935051123e-05,2.8191995848001591e-05,1.4526995620715989e-05
173,1.4454198247972584e-04,4.1248131827631949e-06,1.3538866125833833e-05,2.3254258178057893e-05,3.0241904420670633e-05,3.2058424403219033e-05,2.7272705657832544e-05,1.4051010511348705e-05
174,1.3988522067439561e-04,3.9996172352987745e-06,1.3113325834477483e-05,2.2511892138188389e-05,2.9267589957597737e-05,3.1018761570635961e-05,2.6383404638394471e-05,1.3590629299802786e-05
175,1.3537848745757397e-04,3.8781949407569597e-06,1.2701135829373556e-05,2.1793212714679800e-05,2.8324665336789557e-05,3.0012824392680667e-05,2.5523114054163015e-05,1.3145340189130414e-05
176,1.3101694930438921e-04,3.7604334957816019e-06,1.2301878138900262e-05,2.1097464569371716e-05,2.7412119260561246e-05,2.9039518535919502e-05,2.4690887126102696e-05,1.2714648177752217e-05
177,1.2679592841329117e-04,3.6462234349830521e-06,1.1915147847470632e-05,2.0423916436315860e-05,2.6528973012536131e-05,2.8097785186191672e-05,2.3885807987792012e-05,1.2298074508001809e-05
178,1.2271089768906926e-04,3.5354585334004866e-06,1.1540552688741928e-05,1.9771860355107423e-05,2.5674279407966326e-05,2.7186599895404301e-05,2.3106990675662539e-05,1.1895156132786249e-05
179,1.1875747588750344e-04,3.4280357117689904e-06,1.1177712651463522e-05,1.9140610928616767e-05,2.4847121777870693e-05,2.6304971465779623e-05,2.2353578152236834e-05,1.1505445199767008e-05
180,1.1493142291643992e-04,3.3238549445124499e-06,1.0826259597571903e-05,1.8529504604345333e-05,2.4046612985900781e-05,2.5451940870337685e-05,2.1624741361286205e-05,1.1128508552485573e-05
181,1.1122863528825280e-04,3.2228191703854222e-06,1.0485836892153399e-05,1.7937898978654608e-05,2.3271894476880288e-05,2.4626580208437479e-05,2.0919678313864832e-05,1.0763927247876773e-05
182,1.0764514171881422e-04,3.1248342056892854e-06,1.0156099044907029e-05,1.7365172123140580e-05,2.2522135355997815e-05,2.3827991695237577e-05,2.0237613204210712e-05,1.0411296089631216e-05
183,1.0417709886825325e-04,3.0298086599899955e-06,9.8367113627512010e-06,1.6810721932449405e-05,2.1796531497665154e-05,2.3055306683974442e-05,1.9577795554537123e-05,1.0070223176885943e-05
184,1.0082078721893548e-04,2.9376538542667844e-06,9.5273496132289400e-06,1.6273965492852312e-05,2.1094304683085624e-05,2.2307684719992316e-05,1.8939499387769977e-05,9.7403294677395301e-06
185,9.7572607086242300e-05,2.8482837414230893e-06,9.2276996983770780e-06,1.5754338470919480e-05,2.0414701765607408e-05,2.1584312625493302e-05,1.8322022427317519e-05,9.4212483571044134e-06
186,9.4429074757871944e-05,2.7616148290928613e-06,8.9374573387350599e-06,1.5251294521653571e-05,1.9756993862966791e-05,2.0884403614009648e-05,1.7724685322988705e-05,9.1126252684253033e-06
187,9.1386818757521412e-05,2.6775661046772794e-06,8.6563277671791594e-06,1.4764304715463988e-05,1.9120475575554953e-05,2.0207196433632813e-05,1.7146830902205284e-05,8.8141172588079379e-06
188,8.8442576228942157e-05,2.5960589625486516e-06,8.3840254322774673e-06,1.4292856983382481e-05,1.8504464229870055e-05,1.9551954538065146e-05,1.6587823445680863e-05,8.5253926371174996e-06
189,8.5593189436491550e-05,2.5170171333600729e-06,8.1202737108705548e-06,1.3836455579939888e-05,1.7908299146343085e-05,1.8917965284590417e-05,1.6047047986767047e-05,8.2461305946204859e-06
190,8.2835602378426995e-05,2.4403666154010545e-06,7.8648046295917434e-06,1.3394620563142234e-05,1.7331340930752329e-05,1.8304539158088807e-05,1.5523909633693016e-05,7.9760208477578068e-06
191,8.0166857509310309e-05,2.3660356079410443e-06,7.6173585950497843e-06,1.2966887291002120e-05,1.6772970788466445e-05,1.7711009020250340e-05,1.5017832913950113e-05,7.7147632926504625e-06
192,7.7584092568007521e-05,2.2939544465043265e-06,7.3776841324053224e-06,1.2552805934098867e-05,1.6232589860780764e-05,1.7136729383168263e-05,1.4528261140097694e-05,7.4620676709522767e-06
193,7.5084537507881562e-05,2.2240555400213843e-06,7.1455376320808033e-06,1.2151941003657377e-05,1.5709618582634945e-05,1.6581075706520438e-05,1.4054655796289819e-05,7.2176532466768026e-06
194,7.2665511525886139e-05,2.1562733098033020e-06,6.9206831043515553e-06,1.1763870894652064e-05,1.5203496061023225e-05,1.6043443717572581e-05,1.3596495944845619e-05,6.9812484936377902e-06
195,7.0324420187373854e-05,2.0905441302873025e-06,6.7028919415735244e-06,1.1388187443457823e-05,1.4713679473430567e-05,1.5523248753262072e-05,1.3153277652208107e-05,6.7525907931544636e-06
196,6.8058752643535526e-05,2.0268062715029273e-06,6.4919426878107918e-06,1.1024495499585166e-05,1.4239643485649535e-05,1.5019925123645086e-05,1.2724513433657690e-05,6.5314261416843362e-06
197,6.5866078938485898e-05,1.9649998432097857e-06,6.2876208156332066e-06,1.0672412511051494e-05,1.3780879688353554e-05,1.4532925496013156e-05,1.2309731716167360e-05,6.3175088680573395e-06
198,6.3744047403107893e-05,1.9050667406591678e-06,6.0897185098616972e-06,1.0331568122954551e-05,1.3336896051822201e-05,1.4061720299007868e-05,1.1908476318806590e-05,6.1106013599958117e-06
199,6.1690382132860227e-05,1.8469505919331380e-06,5.8980344580455877e-06,1.0001603788828066e-05,1.2907216398233800e-05,1.3605797146084030e-05,1.1520305950120366e-05,5.9104737996152364e-06
200,5.9702880546843264e-05,1.7905967068160260e-06,5.7123736474630064e-06,9.6821723943728180e-06,1.2491379890959301e-05,1.3164660277692989e-05,1.1144793721928481e-05,5.7169039076106431e-06
201,5.7779411025505241e-05,1.7359520271544871e-06,5.5325471684418784e-06,9.3729378931693471e-06,1.2088940540309744e-05,1.2737830021577989e-05,1.0781526679008476e-05,5.5296766958433234e-06
202,5.5917910624455263e-05,1.6829650786635336e-06,5.3583720238053014e-06,9.0735749539910666e-06,1.1699466725207174e-05,1.2324842270593339e-05,1.0430105344142995e-05,5.3485842280518493e-06
203,5.4116382861931166e-05,1.6315859241371202e-06,5.1896709442511234e-06,8.7837686193486170e-06,1.1322540730266094e-05,1.1925247977478229e-05,1.0090143278029513e-05,5.1734253884204719e-06
204,5.2372895577549314e-05,1.5817661180230443e-06,5.0262722094814984e-06,8.5032139749080704e-06,1.0957758297788844e-05,1.1538612666034513e-05,9.7612666535665559e-06,5.0040056577467844e-06
205,5.0685578860039634e-05,1.5334586623230279e-06,4.8680094749038232e-06,8.2316158294369274e-06,1.0604728194194528e-05,1.1164515958175700e-05,9.4431138440466852e-06,4.8401368969589400e-06
206,4.9052623041743649e-05,1.4866179637799631e-06,4.7147216037300294e-06,7.9686884049428869e-06,1.0263071790416417e-05,1.0802551116331678e-05,9.1353350248016595e-06,4.6816371377410214e-06
207,4.7472276757724440e-05,1.4411997923153613e-06,4.5662525043065678e-06,7.7141550366810159e-06,9.9324226558178566e-06,1.0452324600710451e-05,8.8375917878601728e-06,4.5283303800330131e-06
208,4.5942845067406773e-05,1.3971612406810881e-06,4.4224509725125778e-06,7.4677478827152197e-06,9.6124261651910716e-06,1.0113455640934367e-05,8.5495567691929063e-06,4.3800463961795411e-06
209,4.4462687636733235e-05,1.3544606852904716e-06,4.2831705390687908e-06,7.2292076427299719e-06,9.3027391184174726e-06,9.7855758215840134e-06,8.2709132881335422e-06,4.2366205415089695e-06
210,4.3030216978886260e-05,1.3130577481948635e-06,4.1482693216046000e-06,6.9982832857978727e-06,9.0030293723814582e-06,9.4683286811980607e-06,8.0013549985777957e-06,4.0978935711316135e-06
211,4.1643896751689589e-05,1.2729132601726759e-06,4.0176098813354285e-06,6.7747317868180064e-06,8.7129754847429824e-06,9.1613693242921020e-06,7.7405855515756316e-06,3.9637114627527592e-06
212,4.0302240109862787e-05,1.2339892248988576e-06,3.8910590842071234e-06,6.5583178713490882e-06,8.4322663691868360e-06,8.8643640459736628e-06,7.4883182689442907e-06,3.8339252453029301e-06
213,3.9003808110361945e-05,1.1962487841636692e-06,3.7684879663685489e-06,6.3488137685702540e-06,8.1606009617788687e-06,8.5769899687442830e-06,7.2442758275420239e-06,3.7083908331942958e-06
214,3.7747208169095862e-05,1.1596561841104984e-06,3.6497716038378335e-06,6.1459989721107328e-06,7.8976878980713157e-06,8.2989346910929441e-06,7.0081899538541272e-06,3.5869688660184179e-06
215,3.6531092567362975e-05,1.1241767424633182e-06,3.5347889862319135e-06,5.9496600084979552e-06,7.6432452006109644e-06,8.0298959474978536e-06,6.7798011285543531e-06,3.4695245535066151e-06
216,3.5354157006406724e-05,1.0897768167152083e-06,3.4234228944330388e-06,5.7595902129815938e-06,7.3969999765149575e-06,7.7695812794661752e-06,6.5588583007156945e-06,3.3559275255800597e-06
217,3.4215139208539502e-05,1.0564237732501821e-06,3.3155597820698388e-06,5.5755895124987310e-06,7.1586881247898932e-06,7.5177077172531671e-06,6.3451186113552324e-06,3.2460516873224573e-06
218,3.3112817563334568e-05,1.0240859573713433e-06,3.2110896606943263e-06,5.3974642155528269e-06,6.9280540530803621e-06,7.2740014719140096e-06,6.1383471260081004e-06,3.1397750787136003e-06
219,3.2046009817434149e-05,9.9273266420915652e-07,3.1099059885398977e-06,5.2250268087864063e-06,6.7048504035430630e-06,7.0381976373527177e-06,5.9383165760354690e-06,3.0369797389674394e-06
220,3.1013571806568433e-05,9.6233411048436663e-07,3.0119055627489656e-06,5.0580957600343520e-06,6.4888377875525454e-06,6.8100399020435309e-06,5.7448071083812322e-06,2.9375515753234419e-06
221,3.0014396228425569e-05,9.3286140710082389e-07,2.9169884149622831e-06,4.8964953276515209e-06,6.2797845289540287e-06,6.5892802701106720e-06,5.5576060435012868e-06,2.8413802361449543e-06
222,2.9047411455056544e-05,9.0428653254416575e-07,2.8250577101654035e-06,4.7400553759148881e-06,6.0774664155879362e-06,6.3756787914625880e-06,5.3765076411984236e-06,2.7483589881831405e-06
223,2.8111580383541271e-05,8.7658230706300494e-07,2.7360196486909208e-06,4.5886111963068707e-06,5.8816664588196493e-06,6.1690033006866534e-06,5.2013128741045039e-06,2.6583845978696701e-06
224,2.7205899323683141e-05,8.4972236760992516e-07,2.6497833712783252e-06,4.4420033344925509e-06,5.6921746608165816e-06,5.9690291644198550e-06,5.0318292085600581e-06,2.5713572165058463e-06
225,2.6329396921539139e-05,8.2368114352023783e-07,2.5662608670963097e-06,4.3000774228095358e-06,5.5087877893229679e-06,5.7755390369202367e-06,4.8678703926496351e-06,2.4871802692202167e-06
226,2.5481133117630992e-05,7.9843383290708056e-07,2.4853668846353489e-06,4.1626840180949187e-06,5.3313091596908121e-06,5.5883226235728263e-06,4.7092562511591090e-06,2.4057603475708970e-06
227,2.4660198138719988e-05,7.7395637975204961e-07,2.4070188453812085e-06,4.0296784446794177e-06,5.1595484239332324e-06,5.4071764520723648e-06,4.5558124872287833e-06,2.3270071056729285e-06
228,2.3865711522064140e-05,7.5022545167114966e-07,2.3311367601828346e-06,3.9009206423841670e-06,4.9933213665739359e-06,5.2319036510336107e-06,4.4073704904835540e-06,2.2508331597348839e-06
229,2.3096821171111243e-05,7.2721841833642423e-07,2.2576431482307411e-06,3.7762750193608562e-06,4.8324497070738965e-06,5.0623137357880153e-06,4.2637671514285077e-06,2.1771539908928026e-06
230,2.2352702441614999e-05,7.0491333053419010e-07,2.1864629585646345e-06,3.6556103096210050e-06,4.6767609086233188e-06,4.8982224011334359e-06,4.1248446819052814e-06,2.1058878512331353e-06
231,2.1632557257194039e-05,6.8328889984134486e-07,2.1175234940315176e-06,3.5387994351050516e-06,4.5260879930938213e-06,4.7394513208111210e-06,3.9904504414111729e-06,2.0369556729000096e-06
232,2.0935613253385338e-05,6.6232447890174562e-07,2.0507543376179755e-06,3.4257193721466922e-06,4.3802693619523669e-06,4.5858279534915428e-06,3.8604367690894918e-06,1.9702809801855227e-06
233,2.0261122949273959e-05,6.4200004228517407e-07,1.9860872810827130e-06,3.3162510221925009e-06,4.2391486229448875e-06,4.4371853550577287e-06,3.7346608212058536e-06,1.9057898045051030e-06
234,1.9608362945810707e-05,6.2229616791190447e-07,1.9234562558176948e-06,3.2102790866413320e-06,4.1025744223636847e-06,4.2933619969816367e-06,3.6129844139312319e-06,1.8434106021632230e-06
235,1.8976633149957860e-05,6.0319401902637344e-07,1.8627972658684846e-06,3.1076919456722903e-06,3.9704002827187550e-06,4.1542015905957276e-06,3.4952738712584052e-06,1.7830741748178260e-06
236,1.8365256023830904e-05,5.8467532670393219e-07,1.8040483230465195e-06,3.0083815409342539e-06,3.8424844456388977e-06,4.0195529170683350e-06,3.3813998778841023e-06,1.7247135925548624e-06
237,1.7773575858030905e-05,5.6672237287511215e-07,1.7471493840681529e-06,2.9122432619739710e-06,3.7186897198341463e-06,3.8892696628976538e-06,3.2712373368946379e-06,1.6682641194872328e-06
238,1.7200958068388249e-05,5.4931797385228906e-07,1.6920422896573188e-06,2.8191758362836608e-06,3.5988833339564459e-06,3.7632102607451427e-06,3.1646652320981419e-06,1.6136631417952514e-06
239,1.6646788515363392e-05,5.3244546434406366e-07,1.6386707055506411e-06,2.7290812228528365e-06,3.4829367942007693e-06,3.6412377354350274e-06,3.0615664948515839e-06,1.5608500981284705e-06
240,1.6110472845374753e-05,5.1608868194309574e-07,1.5869800653456949e-06,2.6418645091127511e-06,3.3707257464939564e-06,3.5232195549521374e-06,2.9618278752357858e-06,1.5097664122913324e-06
241,1.5591435853347287e-05,5.0023195207354307e-07,1.5369175151349901e-06,2.5574338111654008e-06,3.2621298431234572e-06,3.4090274862758289e-06,2.8653398174363967e-06,1.4603554281376694e-06
242,1.5089120865798045e-05,4.8486007338465515e-07,1.4884318598700177e-06,2.4757001771924721e-06,3.1570326136629511e-06,3.2985374558929661e-06,2.7719963391934478e-06,1.4125623466015332e-06
243,1.4602989143797108e-05,4.6995830357745507e-07,1.4414735114014320e-06,2.3965774939429519e-06,3.0553213400563998e-06,3.1916294148380602e-06,2.6816949151865967e-06,1.3663341647942130e-06
244,1.4132519305163547e-05,4.5551234565182469e-07,1.3959944381431236e-06,2.3199823962013202e-06,2.9568869357265660e-06,3.0881872081135940e-06,2.5943363642275068e-06,1.3216196170996133e-06
245,1.3677206765276693e-05,4.4150833456167250e-07,1.3519481163095560e-06,2.2458341791414055e-06,2.8616238285783332e-06,2.9880984483483174e-06,2.5098247401350256e-06,1.2783691182023834e-06
246,1.3236563195903002e-05,4.2793282426621581e-07,1.3092894826773126e-06,2.1740547134739632e-06,2.7694298477713523e-06,2.8912543935559393e-06,2.4280672261728684e-06,1.2365347079853504e-06
247,1.2810116001458093e-05,4.1477277516576049e-07,1.2679748888233325e-06,2.1045683632989965e-06,2.6802061141405733e-06,2.7975498288610956e-06,2.3489740329334436e-06,1.1960699982348897e-06
248,1.2397407812142241e-05,4.0201554191069358e-07,1.2279620567937844e-06,2.0373019065766540e-06,2.5938569341471412e-06,2.7068829520637988e-06,2.2724582995552910e-06,1.1569301210948776e-06
249,1.1997995993405715e-05,3.8964886157272911e-07,1.1892100361589607e-06,1.9721844581332837e-06,2.5102896972459116e-06,2.6191552629177589e-06,2.1984359981652361e-06,1.1190716792118358e-06
250,1.1611452171217843e-05,3.7766084216776900e-07,1.1516791624109672e-06,1.9091473951218878e-06,2.4294147765595201e-06,2.5342714560020090e-06,2.1268258414399503e-06,1.0824526975157400e-06
251,1.1237361772630651e-05,3.6603995152004450e-07,1.1153310166623201e-06,1.8481242848587780e-06,2.3511454327524624e-06,2.4521393170691899e-06,2.0575491931850481e-06,1.0470325765828081e-06
252,1.0875323581144349e-05,3.5477500645750573e-07,1.0801283866048733e-06,1.7890508149607397e-06,2.2753977210021052e-06,2.3726696227576276e-06,1.9905299818331599e-06,1.0127720475283366e-06
253,1.0524949306397754e-05,3.4385516232871648e-07,1.0460352286897530e-06,1.7318647257094025e-06,2.2020904009668474e-06,2.2957760435580081e-06,1.9256946167656644e-06,9.7963312837936150e-07
254,1.0185863167722162e-05,3.3326990283179369e-07,1.0130166314902080e-06,1.6765057445718665e-06,2.1311448496548604e-06,2.2213750499289999e-06,1.8629719073658632e-06,9.4757908187857092e-07
255,9.8577014911120168e-06,3.2300903014620631e-07,9.8103878021046278e-07,1.6229155228088812e-06,2.0624849770999797e-06,2.1493858214596037e-06,1.8022929847143927e-06,9.1657437467248894e-07
256,9.5401123191801019e-06,3.1306265535851492e-07,9.5006892230481512e-07,1.5710375741040682e-06,1.9960371447542880e-06,2.0797301589793248e-06,1.7435912258405974e-06,8.8658463783849578e-07
257,9.2327550336790000e-06,3.0342118917339111e-07,9.2007533417232587e-07,1.5208172151497870e-06,1.9317300865098797e-06,2.0123323995204845e-06,1.6868021804463897e-06,8.5757662870674214e-07
258,8.9352999901838426e-06,2.9407533290150940e-07,8.9102728889353518e-07,1.4722015081273097e-06,1.8694948322650935e-06,1.9471193340400829e-06,1.6318635000218591e-06,8.2951819393445319e-07
259,8.6474281645446893e-06,2.8501606971614648e-07,8.6289502497667672e-07,1.4251392050209373e-06,1.8092646339532402e-06,1.8840201278116400e-06,1.5787148692745266e-06,8.0237823379152080e-07
260,8.3688308107292293e-06,2.7623465617056304e-07,8.3564971608187931e-07,1.3795806937076249e-06,1.7509748939544909e-06,1.8229662434003453e-06,1.5272979397966989e-06,7.7612666761762734e-07
261,8.0992091296889265e-06,2.6772261396847113e-07,8.0926344169282485e-07,1.3354779457655400e-06,1.6945630958141423e-06,1.7638913661376632e-06,1.4775562658978337e-06,7.5073440041245097e-07
262,7.8382739488933927e-06,2.5947172198011583e-07,7.8370915870627924e-07,1.2927844659467766e-06,1.6399687371929630e-06,1.7067313320142643e-06,1.4294352425312262e-06,7.2617329052176755e-07
263,7.5857454121893441e-06,2.5147400849671780e-07,7.5896067391084102e-07,1.2514552432611989e-06,1.5871332649776950e-06,1.6514240579127840e-06,1.3828820452466279e-06,7.0241611838347920e-07
264,7.3413526796514705e-06,2.4372174371623342e-07,7.3499261732713721e-07,1.2114467036200705e-06,1.5360000124821325e-06,1.5979094741044612e-06,1.3378455721026471e-06,6.7943655629878870e-07
265,7.1048336371033288e-06,2.3620743245359633e-07,7.1178041638256498e-07,1.1727166639897635e-06,1.4865141386714090e-06,1.5461294589361766e-06,1.2942763874749437e-06,6.5720913919487427e-07
266,6.8759346149966936e-06,2.2892380706880156e-07,6.8930027089451553e-07,1.1352242880074221e-06,1.4386225693443226e-06,1.4960277756367899e-06,1.2521266676983142e-06,6.3570923634652833e-07
267,6.6544101163478968e-06,2.2186382060639027e-07,6.6752912883682891e-07,1.0989300430119953e-06,1.3922739402106094e-06,1.4475500111739947e-06,1.2113501484827893e-06,6.1491302402528854e-07
268,6.4400225534393121e-06,2.1502064014007706e-07,6.4644466286501057e-07,1.0637956584455254e-06,1.3474185418021176e-06,1.4006435170951302e-06,1.1719020740458254e-06,5.9479745904562554e-07
269,6.2325419930036560e-06,2.0838764031644925e-07,6.2602524757651139e-07,1.0297840855810253e-06,1.3040082661587999e-06,1.3552573522875608e-06,1.1337391479045567e-06,5.7534025317875215e-07
270,6.0317459096177528e-06,2.0195839709184156e-07,6.0624993748310217e-07,9.9685945853466524e-07,1.2619965552323406e-06,1.3113422275963148e-06,1.0968194852739087e-06,5.5651984840557916e-07
271,5.8374189470413179e-06,1.9572668165666367e-07,5.8709844567309540e-07,9.6498705652133494e-07,1.2213383509520831e-06,1.2688504522387122e-06,1.0611025670181439e-06,5.3831539298128580e-07
272,5.6493526872447769e-06,1.8968645454162516e-07,5.6855112314185948e-07,9.3413326731395081e-07,1.1819900468997021e-06,1.2277358819576446e-06,1.0265491951051234e-06,5.2070671828487059e-07
273,5.4673454268783795e-06,1.8383185990046553e-07,5.5058893876974042e-07,9.0426555186814635e-07,1.1439094415407882e-06,1.1879538688570892e-06,9.9312144951422359e-07,5.0367431642792671e-07
274,5.2912019609429270e-06,1.7815721996395359e-07,5.3319345992715731e-07,8.7535241007519384e-07,1.1070556929631918e-06,1.1494612128652544e-06,9.6078264655044809e-07,4.8719931859772779e-07
275,5.1207333734300206e-06,1.7265702966007598e-07,5.1634683368727320e-07,8.4736334760720240e-07,1.0713892750735743e-06,1.1122161147725306e-06,9.2949729851883192e-07,4.7126347411053245e-07
276,4.9557568347073546e-06,1.6732595139548130e-07,5.0003176862724549e-07,8.2026884381977020e-07,1.0368719352051922e-06,1.0761781307931388e-06,8.9923107471472329e-07,4.5584913015180373e-07
277,4.7960954054317105e-06,1.6215880999339281e-07,4.8423151719966169e-07,7.9404032067838930e-07,1.0034666530914479e-06,1.0413081286010257e-06,8.6995076368699004e-07,4.4093921218080345e-07
278,4.6415778467793618e-06,1.5715058778334214e-07,4.6892985865633192e-07,7.6865011267596683e-07,9.7113760116120353e-07,1.0075682447921574e-06,8.4162423673259356e-07,4.2651720497776693e-07
279,4.4920384367903533e-06,1.5229641983821320e-07,4.5411108250717124e-07,7.4407143770986829e-07,9.3985010611327599e-07,9.7492184372692104e-07,8.1422041258233166e-07,4.1256713431257186e-07
280,4.3473167926296832e-06,1.4759158935421783e-07,4.3975997249744092e-07,7.2027836888789657e-07,9.0957061172889880e-07,9.4333347770784789e-07,7.8770922323886794e-07,3.9907354921451368e-07
281,4.2072576985747678e-06,1.4303152316955392e-07,4.2586179108713800e-07,6.9724580723359645e-07,8.8026664288227023e-07,9.1276884844931534e-07,7.6206158092943014e-07,3.8602150482346385e-07
282,4.0717109395446865e-06,1.3861178741762030e-07,4.1240226441683325e-07,6.7494945526220850e-07,8.5190677071058604e-07,8.8319476979730623e-07,7.3724934613679251e-07,3.7339654580333940e-07
283,3.9405311399926839e-06,1.3432808331078612e-07,3.9936756774474130e-07,6.5336579139952454e-07,8.2446057890620248e-07,8.5457913165865276e-07,7.1324529667334269e-07,3.6118469029943385e-07
284,3.8135776079891308e-06,1.3017624305082785e-07,3.8674431134028633e-07,6.3247204521676611e-07,7.9789863109477613e-07,8.2689086510051960e-07,6.9002309776418613e-07,3.4937241442176918e-07
285,3.6907141843277182e-06,1.2615222586226326e-07,3.7451952681988313e-07,6.1224617345547368e-07,7.7219243926439465e-07,8.0009990858214251e-07,6.6755727310634995e-07,3.3794663723721132e-07
286,3.5718090964930509e-06,1.2225211414492209e-07,3.6268065391110167e-07,5.9266683681722028e-07,7.4731443321183783e-07,7.7417717528208636e-07,6.4582317687222405e-07,3.2689470625365869e-07
287,3.4567348173330248e-06,1.1847210974220026e-07,3.5121552763181290e-07,5.7371337749376276e-07,7.2323793097319921e-07,7.4909452148546622e-07,6.2479696662642125e-07,3.1620438338016237e-07
288,3.3453679282844081e-06,1.1480853032155093e-07,3.4011236587133252e-07,5.5536579741402571e-07,6.9993711020715631e-07,7.2482471599673681e-07,6.0445557712624062e-07,3.0586383134736523e-07
289,3.2375889870049286e-06,1.1125780586386530e-07,3.2935975736098511e-07,5.3760473718506185e-07,6.7738698050019483e-07,7.0134141054477002e-07,5.8477669497689268e-07,2.9586160057315896e-07
290,3.1332823992699116e-06,1.0781647525849614e-07,3.1894665002190338e-07,5.2041145570486246e-07,6.5556335656408633e-07,6.7861911114801830e-07,5.6573873411358971e-07,2.8618661645895570e-07
291,3.0323362949960696e-06,1.0448118300077261e-07,3.0886233967825633e-07,5.0376781042559579e-07,6.3444283229687336e-07,6.5663315040861289e-07,5.4732081208351040e-07,2.7682816710244847e-07
292,2.9346424082594745e-06,1.0124867598894736e-07,2.9909645912447228e-07,4.8765623824653399e-07,6.1400275567953971e-07,6.3535966070524797e-07,5.2950272710153449e-07,2.6777589141319909e-07
293,2.8400959611790431e-06,9.8115800417607908e-08,2.8963896753537491e-07,4.7205973701659084e-07,5.9422120448144570e-07,6.1477554825569071e-07,5.1226493585449278e-07,2.5901976761784013e-07
294,2.7485955515409812e-06,9.5079498764671838e-08,2.8048014020850030e-07,4.5696184762703225e-07,5.7507696274846846e-07,5.9485846802069558e-07,4.9558853202950160e-07,2.5055010214211141e-07
295,2.6600430440436804e-06,9.2136806869169899e-08,2.7161055862819684e-07,4.4234663667553838e-07,5.5654949804863311e-07,5.7558679942202074e-07,4.7945522554275068e-07,2.4235751885737078e-07
296,2.5743434650464124e-06,8.9284851097104807e-08,2.6302110084143411e-07,4.2819867968340085e-07,5.3861893945083096e-07,5.5693962284813077e-07,4.6384732244588538e-07,2.3443294867962511e-07
297,2.4914049007089441e-06,8.6520845592752814e-08,2.5470293213556198e-07,4.1450304484821397e-07,5.2126605621300337e-07,5.3889669692202651e-07,4.4874770548786703e-07,2.2676761950951830e-07
298,2.4111383984128289e-06,8.3842089612853241e-08,2.4664749600856580e-07,4.0124527731498513e-07,5.0447223715693729e-07,5.2143843650647264e-07,4.3413981531092050e-07,2.1935304650209426e-07
299,2.3334578713586405e-06,8.1245964941207487e-08,2.3884650542265994e-07,3.8841138394913108e-07,4.8821947070755081e-07,5.0454589142269541e-07,4.2000763225987691e-07,2.1218102265551902e-07
300,2.2582800062368352e-06,7.8729933381281253e-08,2.3129193433234564e-07,3.7598781859535489e-07,4.7249032557525949e-07,4.8820072585940251e-07,4.0633565878489117e-07,2.0524360970830006e-07
301,2.1855241738732122e-06,7.6291534324475872e-08,2.2397600947833920e-07,3.6396146780690827e-07,4.5726793206070673e-07,4.7238519844972289e-07,3.9310890241817238e-07,1.9853312933488664e-07
302,2.1151123427531465e-06,7.3928382391803634e-08,2.1689120243904290e-07,3.5231963703023794e-07,4.4253596396180582e-07,4.5708214299439821e-07,3.8031285930599350e-07,1.9204215462986442e-07
303,2.0469689953318420e-06,7.1638165146768812e-08,2.1003022193149266e-07,3.4105003723049315e-07,4.2827862106369004e-07,4.4227494981025611e-07,3.6793349827786119e-07,1.8576350187128012e-07
304,1.9810210470408431e-06,6.9418640877321600e-08,2.0338600635396725e-07,3.3014077194383188e-07,4.1448061219278987e-07,4.2794754768367498e-07,3.5595724543531546e-07,1.7969022255394203e-07
305,1.9171977679039494e-06,6.7267636444815402e-08,1.9695171656268989e-07,3.1958032474291721e-07,4.0112713881686369e-07,4.1408438640941654e-07,3.4437096924340326e-07,1.7381559568384312e-07
306,1.8554307066784546e-06,6.5183045197959223e-08,1.9072072887528732e-07,3.0935754710242122e-07,3.8820387917339208e-07,4.0067041989582727e-07,3.3316196610842428e-07,1.6813312032514334e-07
307,1.7956536174403593e-06,6.3162824949816615e-08,1.8468662829390343e-07,2.9946164665178179e-07,3.7569697290931304e-07,3.8769108981803740e-07,3.2231794642607833e-07,1.6263650839142877e-07
308,1.7378023885348093e-06,6.1204996015960413e-08,1.7884320194108346e-07,2.8988217580285817e-07,3.6359300621562551e-07,3.7513230980137640e-07,3.1182702108466798e-07,1.5731967767323735e-07
309,1.6818149738155677e-06,5.9307639311948885e-08,1.7318443270176360e-07,2.8060902074052884e-07,3.5187899744091539e-07,3.6298045011780114e-07,3.0167768840850595e-07,1.5217674509410388e-07
310,1.6276313260997689e-06,5.7468894508342968e-08,1.6770449306490514e-07,2.7163239076465454e-07,3.4054238316837709e-07,3.5122232287869525e-07,2.9185882152716412e-07,1.4720202018762983e-07
311,1.5751933327665857e-06,5.5686958241537911e-08,1.6239773915851875e-07,2.6294280797219839e-07,3.2957100474139645e-07,3.3984516770793236e-07,2.8235965615667009e-07,1.4238999878833186e-07
312,1.5244447534307355e-06,5.3960082378733241e-08,1.5725870497201568e-07,2.5453109726865349e-07,3.1895309522324309e-07,3.2883663787962376e-07,2.7316977877920831e-07,1.3773535692925791e-07
313,1.4753311596239841e-06,5.2286572335415352e-08,1.5228209676001624e-07,2.4638837669827317e-07,3.0867726677688831e-07,3.1818478690547478e-07,2.6427911520832490e-07,1.3323294493959151e-07
314,1.4277998764199529e-06,5.0664785443775124e-08,1.4746278762192605e-07,2.3850604808293400e-07,2.9873249845141111e-07,3.0787805555716166e-07,2.5567791952705751e-07,1.2887778173568737e-07
315,1.3817999259396184e-06,4.9093129370530122e-08,1.4279581225177150e-07,2.3087578795978714e-07,2.8910812436189445e-07,2.9790525930961760e-07,2.4735676338682229e-07,1.2466504929919502e-07
316,1.3372819726769177e-06,4.7570060582666422e-08,1.3827636185295569e-07,2.2348953880816511e-07,2.7979382225013432e-07,2.8825557619157075e-07,2.3930652565528834e-07,1.2059008733613705e-07
317,1.2941982705858204e-06,4.6094082859659213e-08,1.3389977921276511e-07,2.1633950055651767e-07,2.7077960241389167e-07,2.7891853503012472e-07,2.3151838240185324e-07,1.1664838811100870e-07
318,1.2525026118721105e-06,4.4663745850774553e-08,1.2966155393161740e-07,2.0941812236044282e-07,2.6205579699281600e-07,2.6988400407659507e-07,2.2398379720970474e-07,1.1283559145016006e-07
319,1.2121502774349687e-06,4.3277643676096154e-08,1.2555731780219878e-07,2.0271809464316456e-07,2.5361304959954713e-07,2.6114218000123591e-07,2.1669451180381470e-07,1.0914747990891149e-07
320,1.1730979889051908e-06,4.1934413569961336e-08,1.2158284033379015e-07,1.9623234139008416e-07,2.4544230528487651e-07,2.5268357724488841e-07,2.0964253698455664e-07,1.0557997409703353e-07
321,1.1353038622286114e-06,4.0632734565530003e-08,1.1773402441722923e-07,1.8995401268929958e-07,2.3753480082620349e-07,2.4449901771597184e-07,2.0282014385697759e-07,1.0212912815739966e-07
322,1.0987273627449474e-06,3.9371326219248047e-08,1.1400690212609746e-07,1.8387647751024543e-07,2.2988205532887315e-07,2.3657962082161541e-07,1.9621985534607773e-07,9.8791125392790093e-08
323,1.0633292617138808e-06,3.8148947374003936e-08,1.1039763064985941e-07,1.7799331671285616e-07,2.2247586113031336e-07,2.2891679382209021e-07,1.8983443798876803e-07,9.5562274035989788e-08
324,1.0290715942417596e-06,3.6964394959813001e-08,1.0690248835481540e-07,1.7229831627989789e-07,2.1530827499721700e-07,2.2150222249805390e-07,1.8365689399347951e-07,9.2439003158482917e-08
325,9.9591761856378558e-07,3.5816502830898620e-08,1.0351787096885802e-07,1.6678546076534808e-07,2.0837160960632759e-07,2.1432786212046051e-07,1.7768045355869265e-07,8.9417858713200142e-08
326,9.6383177663802699e-07,3.4704140638073449e-08,1.0024028788614889e-07,1.6144892695192985e-07,2.0165842529969185e-07,2.0738592871331779e-07,1.7189856744194075e-07,8.6495499706924438e-08
327,9.3277965600898510e-07,3.3626212735356617e-08,9.7066358587952878e-08,1.5628307771112763e-07,1.9516152210553588e-07,2.0066889059979100e-07,1.6630489977111617e-07,8.3668694498104879e-08
328,9.0272795289981773e-07,3.2581657119794454e-08,9.3992809175985794e-08,1.5128245605922296e-07,1.8887393201620805e-07,1.9416946022246354e-07,1.6089332109017559e-07,8.0934317215967316e-08
329,8.7364443649363379e-07,3.1569444403483442e-08,9.1016469014744666e-08,1.4644177940309618e-07,1.8278891151490604e-07,1.8788058622885980e-07,1.5565790163159765e-07,7.8289344296946019e-08
330,8.4549791436555067e-07,3.0588576816823789e-08,8.8134267479401275e-08,1.4175593396973852e-07,1.7689993434317312e-07,1.8179544581362681e-07,1.5059290480819675e-07,7.5730851134590459e-08
331,8.1825819902843897e-07,2.9638087242061259e-08,8.5343230805945641e-08,1.3721996941361270e-07,1.7120068450140662e-07,1.7590743730904782e-07,1.4569278091713758e-07,7.3256008839227268e-08
332,7.9189607555647496e-07,2.8717038276203095e-08,8.2640479040370961e-08,1.3282909359618647e-07,1.6568504947487151e-07,1.7021017301583439e-07,1.4095216104922821e-07,7.0862081103780441e-08
333,7.6638327025177955e-07,2.7824521322421092e-08,8.0023223083791136e-08,1.2857866753214542e-07,1.6034711367795425e-07,1.6469747226640155e-07,1.3636585119679678e-07,6.8546421172269351e-08
334,7.4169242032053109e-07,2.6959655709081691e-08,7.7488761830479958e-08,1.2446420049696567e-07,1.5518115210962498e-07,1.5936335471308576e-07,1.3192882655367322e-07,6.6306468907619747e-08
335,7.1779704452603807e-07,2.6121587835568457e-08,7.5034479395915190e-08,1.2048134529069775e-07,1.5018162421330465e-07,1.5420203383400908e-07,1.2763622600101100e-07,6.4139747955531951e-08
336,6.9467151478729065e-07,2.5309490344087563e-08,7.2657842432001835e-08,1.1662589365297546e-07,1.4534316793455051e-07,1.4920791064953021e-07,1.2348334677288671e-07,6.2043863001258323e-08
337,6.7229102869253135e-07,2.4522561316670980e-08,7.0356397526738101e-08,1.1289377182442504e-07,1.4066059397018770e-07,1.4437556764245118e-07,1.1946563929581372e-07,6.0016497116244607e-08
338,6.5063158289836798e-07,2.3760023496615728e-08,6.8127768685672474e-08,1.0928103624980143e-07,1.3612888020271831e-07,1.3969976287537189e-07,1.1557870219649837e-07,5.8055409191689804e-08
339,6.2966994738589574e-07,2.3021123533620418e-08,6.5969654892584159e-08,1.0578386941832902e-07,1.3174316631403962e-07,1.3517542429879653e-07,1.1181827747234999e-07,5.6158431456176027e-08
340,6.0938364054621935e-07,2.2305131251902257e-08,6.3879827746899102e-08,1.0239857583686777e-07,1.2749874857269360e-07,1.3079764424380616e-07,1.0818024581943758e-07,5.4323467074612852e-08
341,5.8975090506865398e-07,2.1611338940599578e-08,6.1856129175431931e-08,9.9121578131665776e-08,1.2339107478905772e-07,1.2656167409331016e-07,1.0466062211275751e-07,5.2548487825831324e-08
342,5.7075068460574602e-07,2.0939060665785428e-08,5.9896469216119798e-08,9.5949413274594155e-08,1.1941573943306647e-07,1.2246291912608509e-07,1.0125555103384511e-07,5.0831531856249990e-08
343,5.5236260119008358e-07,2.0287631603438290e-08,5.7998823871487042e-08,9.2878728929891179e-08,1.1556847890922665e-07,1.1849693352799632e-07,9.7961302840924248e-08,4.9170701507119894e-08
344,5.3456693337867915e-07,1.9656407392735490e-08,5.6161233029650607e-08,8.9906279917569461e-08,1.1184516698385945e-07,1.1465941556498028e-07,9.4774269276946655e-08,4.7564161212937224e-08
345,5.1734459510148206e-07,1.9044763509053980e-08,5.4381798450744724e-08,8.7028924789762582e-08,1.0824181035966451e-07,1.1094620291254091e-07,9.1690959611023860e-08,4.6010135468691440e-08
346,5.0067711519133630e-07,1.8452094656081673e-08,5.2658681816710031e-08,8.4243622516406039e-08,1.0475454439286031e-07,1.0735326813668388e-07,8.8707996808901458e-08,4.4506906863692940e-08
347,4.8454661757342986e-07,1.7877814176460415e-08,5.0990102842456436e-08,8.1547429276763188e-08,1.0137962894830646e-07,1.0387671432137716e-07,8.5822113828267513e-08,4.3052814179798620e-08
348,4.6893580209298588e-07,1.7321353480399114e-08,4.9374337446471808e-08,7.8937495353417241e-08,9.8113444388163419e-08,1.0051277083778562e-07,8.3030150034823786e-08,4.1646250551924943e-08
349,4.5382792596063798e-07,1.6782161491712436e-08,4.7809715979008596e-08,7.6411062125458823e-08,9.4952487689786901e-08,9.7257789250681636e-08,8.0329047735182143e-08,4.0285661688807420e-08
350,4.3920678579558370e-07,1.6259704110756857e-08,4.6294621506039572e-08,7.3965459157702538e-08,9.1893368688693584e-08,9.4108239357582984e-08,7.7715848822775734e-08,3.8969544152032426e-08
351,4.2505670024726249e-07,1.5753463693751745e-08,4.4827488147230173e-08,7.1598101382867494e-08,8.8932806442568313e-08,9.1060705356312998e-08,7.5187691533100040e-08,3.7696443691431739e-08
352,4.1136249317691637e-07,1.5262938547988567e-08,4.3406799466230014e-08,6.9306486373753845e-08,8.6067625712413753e-08,8.8111882136818595e-08,7.2741807304718533e-08,3.6464953634993103e-08
353,3.9810947738099650e-07,1.4787642442446355e-08,4.2031086911639534e-08,6.7088191702542722e-08,8.3294753557067850e-08,8.5258571693216067e-08,7.0375517742583597e-08,3.5273713331500432e-08
354,3.8528343883895913e-07,1.4327104133345935e-08,4.0698928307059147e-08,6.4940872384438276e-08,8.0611216037437184e-08,8.2497679652165542e-08,6.8086231680337137e-08,3.4121406644175904e-08
355,3.7287062146855534e-07,1.3880866904189628e-08,3.9408946388678262e-08,6.2862258402959361e-08,7.8014135026911044e-08,7.9826211913801577e-08,6.5871442338362541e-08,3.3006760493652901e-08
356,3.6085771237226603e-07,1.3448488119846754e-08,3.8159807388909858e-08,6.0850152314274133e-08,7.5500725124535698e-08,7.7241271401569837e-08,6.3728724574466353e-08,3.1928543448663410e-08
357,3.4923182755905744e-07,1.3029538794258500e-08,3.6950219664623400e-08,5.8902426928054445e-08,7.3068290667637996e-08,7.4740054917437601e-08,6.1655732224168898e-08,3.0885564362876587e-08
358,3.3798049812614392e-07,1.2623603171348616e-08,3.5778932368574089e-08,5.7017023062406831e-08,7.0714222840694446e-08,7.2319850099061377e-08,5.9650195527682151e-08,2.9876671056376377e-08
359,3.2709165688593815e-07,1.2230278318738816e-08,3.4644734162670406e-08,5.5191947370515361e-08,6.8435996877344726e-08,6.9978032475604728e-08,5.7709918640748395e-08,2.8900749040315722e-08
360,3.1655362542384621e-07,1.1849173733879928e-08,3.3546451971764726e-08,5.3425270236706789e-08,6.6231169352549218e-08,6.7712062619007804e-08,5.5832777226605076e-08,2.7956720283332667e-08
361,3.0635510157302532e-07,1.1479910962221506e-08,3.2482949776692910e-08,5.1715123739721569e-08,6.4097375561985838e-08,6.5519483387612320e-08,5.4016716126430893e-08,2.7043542018360296e-08
362,2.9648514729267291e-07,1.1122123227054073e-08,3.1453127445328652e-08,5.0059699681045055e-08,6.2032326985875942e-08,6.3397917259147970e-08,5.2259747105714200e-08,2.6160205588507047e-08
363,2.8693317693684493e-07,1.0775455070669145e-08,3.0455919600457490e-08,4.8457247676221637e-08,6.0033808834519079e-08,6.1345063750181838e-08,5.0559946674068317e-08,2.5305735330727396e-08
364,2.7768894590122149e-07,1.0439562006492925e-08,2.9490294523312356e-08,4.6906073307140946e-08,5.8099677672904080e-08,5.9358696919227085e-08,4.8915453976099123e-08,2.4479187496044990e-08
365,2.6874253963564482e-07,1.0114110181859986e-08,2.8555253091649373e-08,4.5404536333349234e-08,5.6227859121848929e-08,5.7436662950798353e-08,4.7324468751008234e-08,2.3679649205130682e-08
366,2.6008436301064306e-07,9.7987760511032699e-09,2.7649827751277567e-08,4.3951048960501318e-08,5.4416345633203936e-08,5.5576877817788565e-08,4.5785249358691076e-08,2.2906237438077297e-08
367,2.5170513002653774e-07,9.4932460586465761e-09,2.6773081519990254e-08,4.2544074164128738e-08,5.2663194336731875e-08,5.3777325019627772e-08,4.4296110870161589e-08,2.2158098057250921e-08
368,2.4359585385409607e-07,9.1972163317951592e-09,2.5924107022879014e-08,4.1182124066957615e-08,5.0966524956356124e-08,5.2036053393766371e-08,4.2855423220206664e-08,2.1434404862135116e-08
369,2.3574783719604722e-07,8.9103923829292795e-09,2.5102025558043087e-08,3.9863758368066449e-08,4.9324517793541620e-08,5.0351174998105358e-08,4.1461609420241343e-08,2.0734358675120140e-08
370,2.2815266295912564e-07,8.6324888208144560e-09,2.4305986191738006e-08,3.8587582822228574e-08,4.7735411775646108e-08,4.8720863062072767e-08,4.0113143829402359e-08,2.0057186457223411e-08
371,2.2080218522663571e-07,8.3632290707508559e-09,2.3535164882037363e-08,3.7352247767836570e-08,4.6197502567148361e-08,4.7143350004120656e-08,3.8808550481981072e-08,1.9402140452760861e-08
372,2.1368852052185746e-07,8.1023451032926234e-09,2.2788763630110705e-08,3.6156446701857482e-08,4.4709140741727507e-08,4.5616925513488687e-08,3.7546401469359614e-08,1.8768497362020825e-08
373,2.0680403935292177e-07,7.8495771712761284e-09,2.2066009658248547e-08,3.4998914900316885e-08,4.3268730013233389e-08,4.4139934694150656e-08,3.6325315374672928e-08,1.8155557541023205e-08
374,2.0014135803008764e-07,7.6046735549039653e-09,2.1366154613793085e-08,3.3878428082857873e-08,4.1874725523650152e-08,4.2710776268927487e-08,3.5143955758478276e-08,1.7562644227476811e-08
375,1.9369333074664537e-07,7.3673903146392723e-09,2.0688473798159330e-08,3.2793801119967594e-08,4.0525632186217305e-08,4.1327900841815958e-08,3.4001029693769172e-08,1.6989102792076729e-08
376,1.8745304191495159e-07,7.1374910516723068e-09,2.0032265420157183e-08,3.1743886781508556e-08,3.9220003081930963e-08,3.9989809216645483e-08,3.2895286348725373e-08,1.6434300014311717e-08
377,1.8141379874937780e-07,6.9147466757284509e-09,1.9396849872849694e-08,3.0727574525235819e-08,3.7956437907705629e-08,3.8695050770236579e-08,3.1825515615642708e-08,1.5897623381978924e-08
378,1.7556912408821631e-07,6.6989351799938223e-09,1.8781569033206736e-08,2.9743789324022909e-08,3.6733581474532148e-08,3.7442221878293869e-08,3.0790546784537449e-08,1.5378480413629390e-08
379,1.6991274944684562e-07,6.4898414229414172e-09,1.8185785583836755e-08,2.8791490530560382e-08,3.5550122254020975e-08,3.6229964392323780e-08,2.9789247259968966e-08,1.4876298003193332e-08
380,1.6443860829470424e-07,6.2872569168473475e-09,1.7608882356101529e-08,2.7869670778330156e-08,3.4404790971772077e-08,3.5056964165922494e-08,2.8820521319671885e-08,1.4390521786058782e-08
381,1.5914082954886337e-07,6.0909796227930452e-09,1.7050261693941044e-08,2.6977354917697122e-08,3.3296359246062669e-08,3.3921949628833546e-08,2.7883308913634957e-08,1.3920615525900980e-08
382,1.5401373127721853e-07,5.9008137519555430e-09,1.6509344837756391e-08,2.6113598985996467e-08,3.2223638270392896e-08,3.2823690407226108e-08,2.6976584502308197e-08,1.3466060521582921e-08
383,1.4905181460454877e-07,5.7165695729939420e-09,1.5985571327719417e-08,2.5277489210530822e-08,3.1185477538476441e-08,3.1760995988695513e-08,2.6099355932662934e-08,1.3026355033469714e-08
384,1.4424975781490597e-07,5.5380632253459704e-09,1.5478398425897343e-08,2.4468141043426280e-08,3.0180763610308512e-08,3.0732714430535865e-08,2.5250663350870991e-08,1.2601013728521006e-08
385,1.3960241064400972e-07,5.3651165382542110e-09,1.4987300556600203e-08,2.3684698227329634e-08,2.9208418917987918e-08,2.9737731109881926e-08,2.4429578150409363e-08,1.2189567143546478e-08
386,1.3510478875552646e-07,5.1975568553470293e-09,1.4511768764377136e-08,2.2926331890961716e-08,2.8267400610012386e-08,2.8774967514362789e-08,2.3635201954435783e-08,1.1791561166029621e-08
387,1.3075206839530796e-07,5.0352168646045757e-09,1.4051310189105979e-08,2.2192239673573356e-08,2.7356699432807656e-08,2.7843380071953717e-08,2.2866665631318158e-08,1.1406556531944508e-08
388,1.2653958121785654e-07,4.8779344335453565e-09,1.3605447557637813e-08,2.1481644877380621e-08,2.6475338648290760e-08,2.6941959018755636e-08,2.2123128342237313e-08,1.1034128340009020e-08
389,1.2246280927946764e-07,4.7255524494738644e-09,1.3173718691475162e-08,2.0793795647085730e-08,2.5622372986306547e-08,2.6069727303472301e-08,2.1403776619817662e-08,1.0673865581836381e-08
390,1.1851738019268046e-07,4.5779186646346335e-09,1.2755676029978942e-08,2.0127964175618420e-08,2.4796887630813944e-08,2.5225739527395605e-08,2.0707823476774589e-08,1.0325370687464322e-08
391,1.1469906243683898e-07,4.4348855461227617e-09,1.2350886168615027e-08,1.9483445935260226e-08,2.3997997238734638e-08,2.4409080918747762e-08,2.0034507543600191e-08,9.9882590857583815e-09
392,1.1100376081973491e-07,4.2963101304054930e-09,1.1958929411766813e-08,1.8859558933340869e-08,2.3224844990411876e-08,2.3618866340266527e-08,1.9383092234341050e-08,9.6621587792022807e-09
393,1.0742751208546404e-07,4.1620538823138819e-09,1.1579399339654937e-08,1.8255642991721775e-08,2.2476601670660933e-08,2.2854239328955778e-08,1.8752864939552469e-08,9.3467099326042613e-09
394,1.0396648066378622e-07,4.0319825583678595e-09,1.1211902388919821e-08,1.7671059049306941e-08,2.1752464779425796e-08,2.2114371166958579e-08,1.8143136245543485e-08,9.0415644752637487e-09
395,1.0061695455642971e-07,3.9059660743021605e-09,1.0856057446436636e-08,1.7105188486845481e-08,2.1051657671088050e-08,2.1398459982543900e-08,1.7553239179055858e-08,8.7463857161576199e-09
396,9.7375341355927694e-08,3.7838783766645958e-09,1.0511495455945813e-08,1.6557432473313742e-08,2.0373428721505041e-08,2.0705729880230600e-08,1.6982528476548157e-08,8.4608479717197371e-09
397,9.4238164392717812e-08,3.6655973183620938e-09,1.0177859037095412e-08,1.6027211333187665e-08,1.9717050521883839e-08,2.0035430099104240e-08,1.6430379877283079e-08,8.1846362058014825e-09
398,9.1202059006371753e-08,3.5510045380336930e-09,9.8548021165042295e-09,1.5513963933937946e-08,1.9081819098626462e-08,1.9386834198412641e-08,1.5896189439442370e-08,7.9174456814144118e-09
399,8.8263768936955958e-08,3.4399853431333628e-09,9.5419895704669542e-09,1.5017147093101979e-08,1.8467053158309634e-08,1.8759239269555920e-08,1.5379372878518784e-08,7.6589816238693141e-09
400,8.5420142832653298e-08,3.3324285966090928e-09,9.2390968789345176e-09,1.4536235004307183e-08,1.7872093356989311e-08,1.8151965173615392e-08,1.4879364927259253e-08,7.4089588949385452e-09
401,8.2668130869900022e-08,3.2282266070681358e-09,8.9458097904143516e-09,1.4070718681640220e-08,1.7296301593046295e-08,1.7564353803593360e-08,1.4395618716456950e-08,7.1671016776807107e-09
402,8.0004781482412799e-08,3.1272750223216678e-09,8.6618239974464424e-09,1.3620105421775949e-08,1.6739060322814468e-08,1.6995768370562800e-08,1.3927605175912801e-08,6.9331431715786731e-09
403,7.7427238195598078e-08,3.0294727262053510e-09,8.3868448223218852e-09,1.3183918283298808e-08,1.6199771898257721e-08,1.6445592712951850e-08,1.3474812454909269e-08,6.7068252976531900e-09
404,7.4932736562948256e-08,2.9347217385754588e-09,8.1205869127211439e-09,1.2761695582667222e-08,1.5677857925985160e-08,1.5913230628213101e-08,1.3036745361560542e-08,6.4878984132256359e-09
405,7.2518601201139393e-08,2.8429271183832708e-09,7.8627739469593889e-09,1.2352990406289418e-08,1.5172758646917174e-08,1.5398105226152166e-08,1.2612924820424071e-08,6.2761210360139053e-09
406,7.0182242920649842e-08,2.7539968697334126e-09,7.6131383485360561e-09,1.1957370138195736e-08,1.4683932335937016e-08,1.4899658303213300e-08,1.2202887347778371e-08,6.0712595772559530e-09
407,6.7921155948823209e-08,2.6678418508346967e-09,7.3714210096954266e-09,1.1574416002809249e-08,1.4210854720884017e-08,1.4417349737042837e-08,1.1806184543991507e-08,5.8730880835654638e-09
408,6.5732915242396537e-08,2.5843756857547860e-09,7.1373710237141114e-09,1.1203722622332192e-08,1.3753018420265333e-08,1.3950656900673036e-08,1.1422382602423304e-08,5.6813879872337661e-09
409,6.3615173886612107e-08,2.5035146788927467e-09,6.9107454256403686e-09,1.0844897588281242e-08,1.3309932399083125e-08,1.3499074095690453e-08,1.1051061834322644e-08,5.4959478647015298e-09
410,6.1565660578122732e-08,2.4251777320861294e-09,6.6913089412188080e-09,1.0497561046719518e-08,1.2881121442193550e-08,1.3062112003773339e-08,1.0691816209198598e-08,5.3165632029327898e-09
411,5.9582177188991319e-08,2.3492862642717995e-09,6.4788337437423965e-09,1.0161345296747703e-08,1.2466125644632753e-08,1.2639297156002730e-08,1.0344252910161294e-08,5.1430361734326380e-09
412,5.7662596409171920e-08,2.2757641336221842e-09,6.2730992185818526e-09,9.8358944018305612e-09,1.2064499918363182e-08,1.2230171419371056e-08,1.0007991903744713e-08,4.9751754136583636e-09
413,5.5804859464943876e-08,2.2045375620809939e-09,6.0738917351503516e-09,9.5208638135487495e-09,1.1675813514911284e-08,1.1834291499930860e-08,9.6826655237396028e-09,4.8127958155820422e-09
414,5.4006973910852026e-08,2.1355350622247976e-09,5.8810044260690747e-09,9.2159200073788586e-09,1.1299649563384514e-08,1.1451228462044241e-08,9.3679180685800476e-09,4.6557183211704900e-09
415,5.2267011492784592e-08,2.0686873663790854e-09,5.6942369733065680e-09,8.9207401301173276e-09,1.0935604623372229e-08,1.1080567263211148e-08,9.0634054118420848e-09,4.5037697245561514e-09
416,5.0583106079897353e-08,2.0039273579196122e-09,5.5133954010719580e-09,8.6350116585761495e-09,1.0583288252250965e-08,1.0721906303971555e-08,8.7687946254271744e-09,4.3567824806799369e-09
417,4.8953451663165543e-08,1.9411900046919512e-09,5.3382918752490554e-09,8.3584320691901641e-09,1.0242322586429962e-08,1.0374856992392960e-08,8.4837636150172928e-09,4.2145945201941570e-09
418,4.7376300418417252e-08,1.8804122944842203e-09,5.1687445091650432e-09,8.0907085181872524e-09,9.9123419360878696e-09,1.0039043322670407e-08,8.2080007674017832e-09,4.0770490704206787e-09
419,4.5849960831770761e-08,1.8215331724899368e-09,5.0045771754939629e-09,7.8315575319838597e-09,9.5929923929659782e-09,9.7141014673816672e-09,7.9412046092892487e-09,3.9439944821661021e-09
420,4.4372795885465281e-08,1.7644934806998822e-09,4.8456193241015088e-09,7.5807047074790862e-09,9.2839314507972907e-09,9.3996793829549428e-09,7.6830834772302987e-09,3.8152840622022716e-09
421,4.2943221302139614e-08,1.7092358991637226e-09,4.6917058056437024e-09,7.3378844219310103e-09,8.9848276379644158e-09,9.0954364279208892e-09,7.4333551982891756e-09,3.6907759112266974e-09
422,4.1559703845675316e-08,1.6557048890639496e-09,4.5426767007379651e-09,7.1028395521089914e-09,8.6953601619921991e-09,8.8010429935345555e-09,7.1917467811141021e-09,3.5703327671235515e-09
423,4.0220759676782395e-08,1.6038466375464544e-09,4.3983771545307985e-09,6.8753212024255353e-09,8.4152185654939190e-09,8.5161801463663580e-09,6.9579941170675864e-09,3.4538218533517418e-09
424,3.8924952761563588e-08,1.5536090042537524e-09,4.2586572164918103e-09,6.6550884417607103e-09,8.1441023932019431e-09,8.2405392824741368e-09,6.7318416910889465e-09,3.3411147322922945e-09
425,3.7670893331350616e-08,1.5049414695085332e-09,4.1233716852692113e-09,6.4419080487013243e-09,7.8817208697258243e-09,7.9738217927809403e-09,6.5130423019720437e-09,3.2320871633927354e-09
426,3.6457236392160276e-08,1.4577950840967982e-09,3.9923799584470929e-09,6.2355542649259114e-09,7.6277925876921404e-09,7.7157387392953760e-09,6.3013567917514882e-09,3.1266189659514698e-09
427,3.5282680282172175e-08,1.4121224206014179e-09,3.8655458870498122e-09,6.0358085564751926e-09,7.3820452059316740e-09,7.4660105418230960e-09,6.0965537839006350e-09,3.0245938863903471e-09
428,3.4145965275680530e-08,1.3678775262384280e-09,3.7427376346437095e-09,5.8424593826559742e-09,7.1442151573902029e-09,7.2243666748294210e-09,5.8984094300542947e-09,2.9258994698685001e-09
429,3.3045872232023046e-08,1.3250158771498507e-09,3.6238275408910759e-09,5.6553019723345039e-09,6.9140473664496165e-09,6.9905453741240867e-09,5.7067071649784918e-09,2.8304269360954210e-09
430,3.1981221288037744e-08,1.2834943341082495e-09,3.5086919894158845e-09,5.4741381073831123e-09,6.6912949753562306e-09,6.7642933530497953e-09,5.5212374695186243e-09,2.7380710592058471e-09
431,3.0950870592645384e-08,1.2432710995895806e-09,3.3972112798452072e-09,5.2987759130514903e-09,6.4757190794628335e-09,6.5453655278665774e-09,5.3417976412661490e-09,2.6487300515635403e-09
432,2.9953715082200269e-08,1.2043056761722467e-09,3.2892695038945334e-09,5.1290296550412790e-09,6.2670884710005541e-09,6.3335247520338971e-09,5.1681915726923512e-09,2.5623054513654078e-09
433,2.8988685295296111e-08,1.1665588262215460e-09,3.1847544253693642e-09,4.9647195430697030e-09,6.0651793911057166e-09,6.1285415591021888e-09,5.0002295365060021e-09,2.4787020139215911e-09
434,2.8054746225755612e-08,1.1299925328199539e-09,3.0835573639594728e-09,4.8056715407148303e-09,5.8697752898357404e-09,5.9301939139347720e-09,4.8377279779995841e-09,2.3978276064912579e-09
435,2.7150896212573793e-08,1.0945699619048941e-09,2.9855730827061157e-09,4.6517171813416840e-09,5.6806665939166972e-09,5.7382669719901794e-09,4.6805093141564796e-09,2.3195931065577419e-09
436,2.6276165865624374e-08,1.0602554255768237e-09,2.8906996790262638e-09,4.5026933899148036e-09,5.4976504819734193e-09,5.5525528464036982e-09,4.5284017392988744e-09,2.2439123034304928e-09
437,2.5429617025977101e-08,1.0270143465416028e-09,2.7988384791815520e-09,4.3584423105091250e-09,5.3205306670011186e-09,5.3728503826153451e-09,4.3812390370633656e-09,2.1707018030649884e-09
438,2.4610341759710848e-08,9.9481322365221755e-10,2.7098939360832281e-09,4.2188111393370014e-09,5.1491171858451774e-09,5.1989649402997344e-09,4.2388603984981685e-09,2.0998809359953188e-09
439,2.3817461384143496e-08,9.6361959851600004e-10,2.6237735303277531e-09,4.0836519631150490e-09,4.9832261954633701e-09,5.0307081823611975e-09,4.1011102460825382e-09,2.0313716682775912e-09
440,2.3050125525434060e-08,9.3340202313452690e-10,2.5403876743610843e-09,3.9528216026001092e-09,4.8226797757519482e-09,4.8678978707652036e-09,3.9678380634755241e-09,1.9650985153456625e-09
441,2.2307511206546380e-08,9.0413002854438028e-10,2.4596496196728396e-09,3.8261814611290970e-09,4.6673057387241845e-09,4.7103576689845225e-09,3.8388982308074571e-09,1.9009884586838988e-09
442,2.1588821964596288e-08,8.7577409442793823e-10,2.3814753669246849e-09,3.7035973780027598e-09,4.5169374438366466e-09,4.5579169508457915e-09,3.7141498653336534e-09,1.8389708652248103e-09
443,2.0893286996635449e-08,8.4830561966429833e-10,2.3057835789202928e-09,3.5849394865585017e-09,4.3714136192652038e-09,4.4104106155690707e-09,3.5934566672756823e-09,1.7789774093823989e-09
444,2.0220160332955857e-08,8.2169689379136452e-10,2.2324954963271420e-09,3.4700820767823698e-09,4.2305781889390247e-09,4.2676789087996780e-09,3.4766867706812732e-09,1.7209419976350051e-09
445,1.9568720037028229e-08,7.9592106935100886e-10,2.1615348560632562e-09,3.3589034623150851e-09,4.0942801051470984e-09,4.1295672494381630e-09,3.3637125991393895e-09,1.6648006955742306e-09
446,1.8938267431216327e-08,7.7095213509008701e-10,2.0928278122647300e-09,3.2512858517116515e-09,3.9623731865377290e-09,3.9959260620804842e-09,3.2544107261923779e-09,1.6104916573392679e-09
447,1.8328126347436670e-08,7.4676488999091805e-10,2.0263028597525239e-09,3.1471152238185374e-09,3.8347159613372553e-09,3.8666106148866346e-09,3.1486617402922024e-09,1.5579550573585989e-09
448,1.7737642401960079e-08,7.2333491810565364e-10,1.9618907599196098e-09,3.0462812071368117e-09,3.7111715156198585e-09,3.7414808627017757e-09,3.0463501141527960e-09,1.5071330243235744e-09
449,1.7166182293577141e-08,7.0063856416974009e-10,1.8995244689620012e-09,2.9486769630437789e-09,3.5916073464657076e-09,3.6204012952596918e-09,2.9473640783553561e-09,1.4579695773208684e-09
450,1.6613133124374997e-08,6.7865290997044801e-10,1.8391390683796565e-09,2.8541990727497648e-09,3.4758952198499724e-09,3.5032407903038805e-09,2.8515954990680923e-09,1.4104105640531810e-09
451,1.6077901742396841e-08,6.5735575144717211e-10,1.7806716976755362e-09,2.7627474278706259e-09,3.3639110331102682e-09,3.3898724714669201e-09,2.7589397597464387e-09,1.3644036010798790e-09
452,1.5559914105479263e-08,6.3672557650092591e-10,1.7240614891833893e-09,2.6742251245003762e-09,3.2555346818450454e-09,3.2801735707539307e-09,2.6692956466840982e-09,1.3198980160114995e-09
453,1.5058614665585059e-08,6.1674154349114909e-10,1.6692495049570190e-09,2.5885383606720404e-09,3.1506499311001547e-09,3.1740252954809471e-09,2.5825652382895448e-09,1.2768447915942014e-09
454,1.4573465772971168e-08,5.9738346039861344e-10,1.6161786756558983e-09,2.5055963370983715e-09,3.0491442907054531e-09,3.0713126995238461e-09,2.4986537979666402e-09,1.2351965116223458e-09
455,1.4103947099552834e-08,5.7863176463387011e-10,1.5647937413640682e-09,2.4253111610875911e-09,2.9509088946277198e-09,2.9719245587381549e-09,2.4174696704820241e-09,1.1949073086194058e-09
456,1.3649555080845376e-08,5.6046750347131168e-10,1.5150411942812382e-09,2.3475977535326152e-09,2.8558383842105190e-09,2.8757532504145965e-09,2.3389241817057321e-09,1.1559328132293632e-09
457,1.3209802375885173e-08,5.4287231508953194e-10,1.4668692232269324e-09,2.2723737588755024e-09,2.7638307951757588e-09,2.7826946366396028e-09,2.2629315416151979e-09,1.1182301052626471e-09
458,1.2784217344550552e-08,5.2582841019926459e-10,1.4202276599003964e-09,2.1995594579519850e-09,2.6747874482657596e-09,2.6926479514342654e-09,2.1894087504563880e-09,1.0817576663424927e-09
459,1.2372343541722024e-08,5.0931855424075524e-10,1.3750679268407832e-09,2.1290776836239923e-09,2.5886128434085578e-09,2.6055156915493051e-09,2.1182755079592531e-09,1.0464753340993768e-09
460,1.1973739227739344e-08,4.9332605013297918e-10,1.3313429870338912e-09,2.0608537391110208e-09,2.5052145572929103e-09,2.5212035107975866e-09,2.0494541255080620e-09,1.0123442578628951e-09
461,1.1587976894630364e-08,4.7783472155766022e-10,1.2890072951134196e-09,1.9948153189340469e-09,2.4245031442431743e-09,2.4396201178095691e-09,1.9828694411703880e-09,9.7932685580210600e-10
462,1.1214642807603519e-08,4.6282889676156692e-10,1.2480167501063504e-09,1.9308924323884418e-09,2.3463920402877321e-09,2.3606771771007804e-09,1.9184487374916822e-09,9.4738677346696506e-10
463,1.0853336561312253e-08,4.4829339286107548e-10,1.2083286496736581e-09,1.8690173294650244e-09,2.2707974703180772e-09,2.2842892133440056e-09,1.8561216619653852e-09,9.1648884368502657e-10
464,1.0503670650415403e-08,4.3421350063347618e-10,1.1699016457990801e-09,1.8091244291409505e-09,2.1976383582389962e-09,2.2103735187423563e-09,1.7958201500914524e-09,8.8659904776909019e-10
465,1.0165270053973018e-08,4.2057496977998380e-10,1.1326957018801889e-09,1.7511502499646794e-09,2.1268362400134655e-09,2.1388500634027495e-09,1.7374783509390350e-09,8.5768447799291488e-10
466,9.8377718332318374e-09,4.0736399464586861e-10,1.0966720511774320e-09,1.6950333428616281e-09,2.0583151795090245e-09,2.0696414086125830e-09,1.6810325551317687e-09,8.2971330129353205e-10
467,9.5208247423690745e-09,3.9456720038358097e-10,1.0617931565782230e-09,1.6407142260895227e-09,1.9920016870553442e-09,2.0026726229255531e-09,1.6264211251768072e-09,8.0265472416004293e-10
468,9.2140888517769891e-09,3.8217162954517077e-10,1.0280226716345064e-09,1.5881353222746833e-09,1.9278246406256650e-09,1.9378712009655853e-09,1.5735844280612819e-09,7.7647895867009635e-10
469,8.9172351834842623e-09,3.7016472909072933e-10,9.9532540283354513e-10,1.5372408974627023e-09,1.8657152095575601e-09,1.8751669848608256e-09,1.5224647700423813e-09,7.5115718963651824e-10
470,8.6299453583231163e-09,3.5853433779998888e-10,9.6366727306293884e-10,1.4879770021190923e-09,1.8056067807312104e-09,1.8144920882224811e-09,1.4730063335596182e-09,7.2666154282778598e-10
471,8.3519112544637908e-09,3.4726867407460976e-10,9.3301528623212103e-10,1.4402914140175450e-09,1.7474348871260266e-09,1.7557808225860510e-09,1.4251551162002055e-09,7.0296505422723164e-10
472,8.0828346769501347e-09,3.3635632411907202e-10,9.0333749301377020e-10,1.3941335829554266e-09,1.6911371386789834e-09,1.6989696262351828e-09,1.3788588716506911e-09,6.8004164029700853e-10
473,7.8224270378818869e-09,3.2578623048845762e-10,8.7460295766972407e-10,1.3494545772380792e-09,1.6366531553705192e-09,1.6439969953309497e-09,1.3340670525701953e-09,6.5786606921396159e-10
474,7.5704090469006500e-09,3.1554768099177432e-10,8.4678172592710990e-10,1.3062070318753500e-09,1.5839245024662326e-09,1.5908034172718689e-09,1.2907307553226905e-09,6.3641393304562360e-10
475,7.3265104116475826e-09,3.0563029793981709e-10,8.1984479387147821e-10,1.2643450984355944e-09,1.5328946278449176e-09,1.5393313062123831e-09,1.2488026665077975e-09,6.1566162083559449e-10
476,7.0904695478715610e-09,2.9602402772690674e-10,7.9376407782478427e-10,1.2238243965041366e-09,1.4835088013457275e-09,1.4895249406698816e-09,1.2082370112315591e-09,5.9558629256856581e-10
477,6.8620332988768917e-09,2.8671913073617153e-10,7.6851238517707149e-10,1.1846019666948720e-09,1.4357140560694115e-09,1.4413304031525933e-09,1.1689895030605391e-09,5.7616585398623239e-10
478,6.6409566640096685e-09,2.7770617155835700e-10,7.4406338614169691e-10,1.1466362251653393e-09,1.3894591315706707e-09,1.3946955217428866e-09,1.1310172956044547e-09,5.5737893222626344e-10
479,6.4270025358916069e-09,2.6897600951445733e-10,7.2039158640489158e-10,1.1098869195871718e-09,1.3446944188807083e-09,1.3495698135726267e-09,1.0942789356743251e-09,5.3920485225742527e-10
480,6.2199414461194873e-09,2.6051978947276287e-10,6.9747230064137018e-10,1.0743150865253787e-09,1.3013719073010082e-09,1.3059044301292924e-09,1.0587343179648511e-09,5.2162361408482296e-10
481,6.0195513191575092e-09,2.5232893295120588e-10,6.7528162686859942e-10,1.0398830101813940e-09,1.2594451329112752e-09,1.2636521043335464e-09,1.0243446412114079e-09,5.0461587070008004e-10
482,5.8256172341585772e-09,2.4439512949616984e-10,6.5379642161319672e-10,1.0065541824562727e-09,1.2188691287363178e-09,1.2227670993308671e-09,9.9107236577365196e-10,4.8816290675210069e-10
483,5.6379311944590812e-09,2.3671032832920034e-10,6.3299427586377345e-10,9.7429326429181068e-10,1.1796003765184187e-09,1.1832051589417209e-09,9.5888117259930024e-10,4.7224661791485597e-10
484,5.4562919044999434e-09,2.2926673025331748e-10,6.1285349178534377e-10,9.4306604824870553e-10,1.1415967600434765e-09,1.1449234597165375e-09,9.2773592352315917e-10,4.5684949092940301e-10
485,5.2805045539346892e-09,2.2205677981088928e-10,5.9335306017120882e-10,9.1283942228219526e-10,1.1048175199708520e-09,1.1078805645435084e-09,8.9760262285794042e-10,4.4195458429809523e-10
486,5.1103806086929789e-09,2.1507315768527084e-10,5.7447263860898688e-10,8.8358133467686729e-10,1.0692232101184818e-09,1.0720363777588997e-09,8.6844838023481140e-10,4.2754550960966075e-10
487,4.9457376087755252e-09,2.0830877333865649e-10,5.5619253033819592e-10,8.5526076010356164e-10,1.0347756551563671e-09,1.0373521017112100e-09,8.4024137465300994e-10,4.1360641347452420e-10
488,4.7863989725635279e-09,2.0175675787882413e-10,5.3849366377751076e-10,8.2784766676247025e-10,1.0014379096630689e-09,1.0037901947320734e-09,8.1295081969915979e-10,4.0012196005042075e-10
489,4.6321938074327392e-09,1.9541045714767831e-10,5.2135757270050541e-10,8.0131298457769034e-10,9.6917421850129416e-10,9.7131433046834127e-10,7.8654692989822402e-10,3.8707731413900595e-10
490,4.4829567264690515e-09,1.8926342502471645e-10,5.0476637703936612e-10,7.7562857440959436e-10,9.3794997847007690e-10,9.3988935853124734e-10,7.6100088815925636e-10,3.7445812483479331e-10
491,4.3385276710890135e-09,1.8330941693875553e-10,4.8870276429670094e-10,7.5076719825246031e-10,9.0773170119242433e-10,9.0948126641998807e-10,7.3628481428031927e-10,3.6225050970836430e-10
492,4.1987517393750598e-09,1.7754238358146276e-10,4.7314997154620864e-10,7.2670249038583872e-10,8.7848697719862415e-10,8.8005714267844312e-10,7.1237173447809749e-10,3.5044103950638479e-10
493,4.0634790199413230e-09,1.7195646481643227e-10,4.5809176800356929e-10,7.0340892944915183e-10,8.5018444116669667e-10,8.5158514124508385e-10,6.8923555190885391e-10,3.3901672335153474e-10
494,3.9325644311518432e-09,1.6654598377774444e-10,4.4351243814951515e-10,6.8086181140998649e-10,8.2279373828270369e-10,8.2403444695742319e-10,6.6685101814846272e-10,3.2796499442600691e-10
495,3.8058675655187539e-09,1.6130544115213034e-10,4.2939676538760603e-10,6.5903722339749170e-10,7.9628549168484254e-10,7.9737524217360574e-10,6.4519370560030729e-10,3.1727369612277024e-10
496,3.6832525391135476e-09,1.5622950963904715e-10,4.1573001621978683e-10,6.3791201837320439e-10,7.7063127095640497e-10,7.7157867447495520e-10,6.2423998080084424e-10,3.0693106864930490e-10
497,3.5645878458299035e-09,1.5131302858314528e-10,4.0249792492334100e-10,6.1746379061251358e-10,7.4580356163380846e-10,7.4661682541445934e-10,6.0396697859361586e-10,2.9692573606902046e-10
498,3.4497462163417959e-09,1.4655099877377834e-10,3.8968667871337016e-10,5.9767085197082618e-10,7.2177573569700078e-10,7.2246268027731845e-10,5.8435257714345197e-10,2.8724669376605004e-10
499,3.3386044816055916e-09,1.4193857740637380e-10,3.7728290337543328e-10,5.7851220890933374e-10,6.9852202301058431e-10,6.9909009882077085e-10,5.6537537376351475e-10,2.7788329631958083e-10
500,3.2310434407597543e-09,1.3747107320064117e-10,3.6527364935346234e-10,5.5996754025607297e-10,6.7601748368503178e-10,6.7647378696147751e-10,5.4701466152873186e-10,2.6882524577433660e-10
501,3.1269477332804728e-09,1.3314394167075004e-10,3.5364637827854483e-10,5.4201717567876041e-10,6.5423798132835353e-10,6.5458926937977219e-10,5.2925040665003037e-10,2.6006258029426143e-10
502,3.0262057152560952e-09,1.2895278054276196e-10,3.4238894992461662e-10,5.2464207484662479e-10,6.3316015715952154e-10,6.3341286301108033e-10,5.1206322658460775e-10,2.5158566318688201e-10
503,2.9287093396476772e-09,1.2489332531474447e-10,3.3148960957755124e-10,5.0782380725919518e-10,6.1276140495589433e-10,6.1292165139577060e-10,4.9543436885829000e-10,2.4338517228623107e-10
504,2.8343540404072190e-09,1.2096144495513808e-10,3.2093697580455856e-10,4.9154453272070607e-10,5.9301984680776757e-10,5.9309345985963218e-10,4.7934569057680269e-10,2.3545208968261396e-10
505,2.7430386203293094e-09,1.1715313773508387e-10,3.1072002861121945e-10,4.7578698243945970e-10,5.7391430965405033e-10,5.7390683149807783e-10,4.6377963860353660e-10,2.2777769178788209e-10
506,2.6546651425158923e-09,1.1346452719055186e-10,3.0082809797388432e-10,4.6053444073215477e-10,5.5542430257389982e-10,5.5534100393803564e-10,4.4871923038211894e-10,2.2035353972524668e-10
507,2.5691388253377479e-09,1.0989185821023927e-10,2.9125085273555056e-10,4.4577072731381941e-10,5.3752999480995906e-10,5.3737588685234414e-10,4.3414803538280712e-10,2.1317147003302832e-10
508,2.4863679407800527e-09,1.0643149324533300e-10,2.8197828985371179e-10,4.3148018015461605e-10,5.2021219449962962e-10,5.1999204020227623e-10,4.2005015715240608e-10,2.0622358567208009e-10
509,2.4062637160629614e-09,1.0307990863735042e-10,2.7300072398903202e-10,4.1764763888537674e-10,5.0345232809156445e-10,5.0317065318460775e-10,4.0641021594806926e-10,1.9950224732696063e-10
510,2.3287402384317224e-09,9.9833691060391058e-11,2.6430877742405518e-10,4.0425842873431248e-10,4.8723242042530919e-10,4.8689352386041255e-10,3.9321333193598456e-10,1.9300006499125746e-10
511,2.2537143630142073e-09,9.6689534074244391e-11,2.5589337030149699e-10,3.9129834497790037e-10,4.7153507545272380e-10,4.7114303944350482e-10,3.8044510893656316e-10,1.8670988982777386e-10
512,2.1811056236470208e-09,9.3644234784909616e-11,2.4774571117200059e-10,3.7875363788949503e-10,4.5634345758050907e-10,4.5590215722716000e-10,3.6809161869834941e-10,1.8062480629459708e-10
513,2.1108361465745650e-09,9.0694690609189627e-11,2.3985728784155497e-10,3.6661099816973866e-10,4.4164127361382917e-10,4.4115438612844689e-10,3.5613938568344668e-10,1.7473812452835881e-10
514,2.0428305669284889e-09,8.7837896140124813e-11,2.3221985850908635e-10,3.5485754284335292e-10,4.2741275528166078e-10,4.2688376883016346e-10,3.4457537234781704e-10,1.6904337297628338e-10
515,1.9770159478979502e-09,8.5070940110132672e-11,2.2482544318503232e-10,3.4348080160738666e-10,4.1364264232513191e-10,4.1307486450102347e-10,3.3338696490034970e-10,1.6353429126889352e-10
516,1.9133217025040017e-09,8.2391002448816306e-11,2.1766631538199987e-10,3.3246870361647726e-10,4.0031616613070807e-10,3.9971273207536640e-10,3.2256195952512390e-10,1.5820482332550987e-10
517,1.8516795178941949e-09,7.9795351432498656e-11,2.1073499406888955e-10,3.2180956469113601e-10,3.8741903389067515e-10,3.8678291407426758e-10,3.1208854905179139e-10,1.5304911068493679e-10
518,1.7920232820762181e-09,7.7281340922630911e-11,2.0402423588014062e-10,3.1149207493552496e-10,3.7493741327392885e-10,3.7427142095051558e-10,3.0195531005950133e-10,1.4806148605397591e-10
519,1.7342890130119794e-09,7.4846407690311863e-11,1.9752702757201595e-10,3.0150528675161839e-10,3.6285791759063222e-10,3.6216471594049053e-10,2.9215119040025956e-10,1.4323646706665057e-10
520,1.6784147899960928e-09,7.2488068824240421e-11,1.9123657871810209e-10,2.9183860323706546e-10,3.5116759143482729e-10,3.5044970040652595e-10,2.8266549712807692e-10,1.3856875024725479e-10
521,1.6243406872451717e-09,7.0203919219506458e-11,1.8514631463644572e-10,2.8248176695447424e-10,3.3985389678960515e-10,3.3911369965386955e-10,2.7348788482070265e-10,1.3405320517056785e-10
522,1.5720087096266939e-09,6.7991629144706052e-11,1.7924986954098959e-10,2.7342484906023180e-10,3.2890469957993036e-10,3.2814444920687342e-10,2.6460834428117152e-10,1.2968486881279119e-10
523,1.5213627304585200e-09,6.5848941884944754e-11,1.7354107991020130e-10,2.6465823878135287e-10,3.1830825665869787e-10,3.1753008152953991e-10,2.5601719160680662e-10,1.2545894008697665e-10
524,1.4723484313123430e-09,6.3773671458367980e-11,1.6801397806601440e-10,2.5617263322922102e-10,3.0805320321206502e-10,3.0725911317603379e-10,2.4770505761372298e-10,1.2137077455691789e-10
525,1.4249132437565144e-09,6.1763700403931336e-11,1.6266278595641867e-10,2.4795902753943909e-10,2.9812854057055046e-10,2.9732043235723486e-10,2.3966287760526657e-10,1.1741587932367350e-10
526,1.3790062929757616e-09,5.9816977638193986e-11,1.5748190913524743e-10,2.4000870532735280e-10,2.8852362441282783e-10,2.8770328690985876e-10,2.3188188147319846e-10,1.1358990807908223e-10
527,1.3345783432073302e-09,5.7931516378987529e-11,1.5246593093291333e-10,2.3231322944914575e-10,2.7922815334956114e-10,2.7839727265510840e-10,2.2435358412080017e-10,1.0988865632081397e-10
528,1.2915817449350312e-09,5.6105392133879088e-11,1.4760960681204255e-10,2.2486443305872394e-10,2.7023215787504002e-10,2.6939232213424120e-10,2.1706977619742566e-10,1.0630805672367865e-10
529,1.2499703837845529e-09,5.4336740751411949e-11,1.4290785890214873e-10,2.1765441095092543e-10,2.6152598967476328e-10,2.6067869370884608e-10,2.1002251513436918e-10,1.0284417466208844e-10
530,1.2096996310652377e-09,5.2623756533169919e-11,1.3835577070767305e-10,2.1067551118188992e-10,2.5310031127750458e-10,2.5224696101401971e-10,2.0320411647224600e-10,9.9493203878734416e-11
531,1.1707262959052647e-09,5.0964690404771828e-11,1.3394858198389653e-10,2.0392032695771788e-10,2.4494608604076092e-10,2.4408800275301359e-10,1.9660714547040247e-10,9.6251462294701480e-11
532,1.1330085789289182e-09,4.9357848143961748e-11,1.2968168377540498e-10,1.9738168878283273e-10,2.3705456845884368e-10,2.3619299282229364e-10,1.9022440898918127e-10,9.3115387956400096e-11
533,1.0965060274262468e-09,4.7801588664016979e-11,1.2555061361195466e-10,1.9105265685973344e-10,2.2941729478321748e-10,2.2855339075631316e-10,1.8404894763616522e-10,9.0081535114845848e-11
534,1.0611794919670418e-09,4.6294322350751686e-11,1.2155105085675075e-10,1.8492651373209155e-10,2.2202607394502710e-10,2.2116093248164562e-10,1.7807402816781226e-10,8.7146570432962697e-11
535,1.0269910844125956e-09,4.4834509451446796e-11,1.1767881220230748e-10,1.7899675716340424e-10,2.1487297877007633e-10,2.1400762137045861e-10,1.7229313613817425e-10,8.4307269316727946e-11
536,9.9390413728021473e-10,4.3420658514089321e-11,1.1392984730921294e-10,1.7325709324366327e-10,2.0795033747683754e-10,2.0708571958363697e-10,1.6669996878666162e-10,8.1560512366113175e-11
537,9.6188316441689715e-10,4.2051324875353842e-11,1.1030023458326890e-10,1.6770142971674183e-10,2.0125072544837261e-10,2.0038773969417399e-10,1.6128842815707797e-10,7.8903281941907895e-11
538,9.3089382294000166e-10,4.0725109195808073e-11,1.0678617708661929e-10,1.6232386952143480e-10,1.9476695726934098e-10,1.9390643658175630e-10,1.5605261444040196e-10,7.6332658844640268e-11
539,9.0090287640409034e-10,3.9440656040871200e-11,1.0338399857862061e-10,1.5711870453931284e-10,1.8849207901955437e-10,1.8763479958976020e-10,1.5098681953403790e-10,7.3845819101933240e-11
540,8.7187815915443557e-10,3.8196652506099725e-11,1.0009013968234127e-10,1.5208040954277142e-10,1.8241936081581295e-10,1.8156604493616178e-10,1.4608552081049440e-10,7.1440030860754057e-11
541,8.4378854182896463e-10,3.6991826885419401e-11,9.6901154172707392e-11,1.4720363633686599e-10,1.7654228959402359e-10,1.7569360837013924e-10,1.4134337508867833e-10,6.9112651381130621e-11
542,8.1660389797164028e-10,3.5824947380965306e-11,9.3813705382438888e-11,1.4248320808873042e-10,1.7085456212385969e-10,1.7001113806641173e-10,1.3675521280121376e-10,6.6861124128020525e-11
543,7.9029507172147112e-10,3.4694820853233153e-11,9.0824562722041394e-11,1.3791411383857413e-10,1.6535007824846987e-10,1.6451248774961594e-10,1.3231603235140998e-10,6.4682975958126672e-11
544,7.6483384654249549e-10,3.3600291610285557e-11,8.7930598310238157e-11,1.3349150318644588e-10,1.6002293434198568e-10,1.5919171004127232e-10,1.2802099465370986e-10,6.2575814398558049e-11
545,7.4019291496120416e-10,3.2540240234796006e-11,8.5128783711340388e-11,1.2921068114913688e-10,1.5486741697781099e-10,1.5404305002213311e-10,1.2386541785165073e-10,6.0537325014336002e-11
546,7.1634584927894256e-10,3.1513582447750826e-11,8.2416186776165560e-11,1.2506710318177798e-10,1.4987799680090265e-10,1.4906093900293779e-10,1.1984477220756408e-10,5.8565268861843700e-11
547,6.9326707322788333e-10,3.0519268007666587e-11,7.9789968583220361e-11,1.2105637035885779e-10,1.4504932259746981e-10,1.4423998849682838e-10,1.1595467515842807e-10,5.6657480025412288e-11
548,6.7093183454016759e-10,2.9556279644215515e-11,7.7247380476969264e-11,1.1717422470955913e-10,1.4037621555573230e-10,1.3957498438689439e-10,1.1219088653246922e-10,5.4811863234327716e-11
549,6.4931617840079707e-10,2.8623632025185947e-11,7.4785761200110122e-11,1.1341654470247315e-10,1.3585366371158189e-10,1.3506088128252926e-10,1.0854930392128455e-10,5.3026391557632191e-11
550,6.2839692175580412e-10,2.7720370755738580e-11,7.2402534116875792e-11,1.0977934087490957e-10,1.3147681657318991e-10,1.3069279705848510e-10,1.0502595820242612e-10,5.1299104174179092e-11
551,6.0815162844814386e-10,2.6845571408951095e-11,7.0095204524475398e-11,1.0625875160217380e-10,1.2724097991879577e-10,1.2646600757070939e-10,1.0161700920755470e-10,4.9628104215483708e-11
552,5.8855858515464326e-10,2.5998338586675417e-11,6.7861357049879831e-11,1.0285103900233001e-10,1.2314161076209710e-10,1.2237594154324065e-10,9.8318741531427839e-11,4.8011556678992457e-11
553,5.6959677809819866e-10,2.5177805009762072e-11,6.5698653129245337e-11,9.9552584972113293e-11,1.1917431247984168e-10,1.1841817562062361e-10,9.5127560477142191e-11,4.6447686409470450e-11
554,5.5124587051024340e-10,2.4383130636735594e-11,6.3604828567353967e-11,9.6359887349791556e-11,1.1533483009639557e-10,1.1458842958048483e-10,9.2039988133198586e-11,4.4934776146283238e-11
555,5.3348618081931695e-10,2.3613501810033299e-11,6.1577691174533455e-11,9.3269556200913337e-11,1.1161904572023012e-10,1.1088256170108335e-10,8.9052659578103097e-11,4.3471164634420316e-11
556,5.1629866154234049e-10,2.2868130428947564e-11,5.9615118478598879e-11,9.0278310223007445e-11,1.0802297412743297e-10,1.0729656427881848e-10,8.6162319208355995e-11,4.2055244797179078e-11
557,4.9966487885595889e-10,2.2146253148438315e-11,5.7715055509436800e-11,8.7382973265425654e-11,1.0454275848750732e-10,1.0382655929083926e-10,8.3365817185816135e-11,4.0685461968495432e-11
558,4.8356699282604214e-10,2.1447130603008448e-11,5.5875512653927594e-11,8.4580470960642566e-11,1.0117466622687407e-10,1.0046879419805778e-10,8.0660106000558391e-11,3.9360312182973301e-11
559,4.6798773827413823e-10,2.0770046654860067e-11,5.4094563578974977e-11,8.1867827463444123e-11,9.7915085025641393e-11,9.7219637884020463e-11,7.8042237145468540e-11,3.8078340521728730e-11
560,4.5291040626036004e-10,2.0114307665573629e-11,5.2370343220482265e-11,7.9242162294550198e-11,9.4760518943347718e-11,9.4075576725238582e-11,7.5509357898941571e-11,3.6838139512226034e-11
561,4.3831882616284361e-10,1.9479241790575891e-11,5.0701045836183452e-11,7.6700687285328268e-11,9.1707584669523116e-11,9.1033210788721935e-11,7.3058708212168087e-11,3.5638347580342836e-11
562,4.2419734833456011e-10,1.8864198295685174e-11,4.9084923120303376e-11,7.4240703620360740e-11,8.8753007895047629e-11,8.8089250152596958e-11,7.0687617697607737e-11,3.4477647552958535e-11
563,4.1053082731887918e-10,1.8268546895044778e-11,4.7520282378085597e-11,7.1859598974733748e-11,8.5893619800415001e-11,8.5240511345824645e-11,6.8393502715359017e-11,3.3354765209416376e-11
564,3.9730460560588209e-10,1.7691677109776798e-11,4.6005484758288657e-11,6.9554844743013860e-11,8.3126353657135229e-11,8.2483913903162127e-11,6.6173863554242149e-11,3.2268467880263251e-11
565,3.8450449791200454e-10,1.7132997646709301e-11,4.4538943541811572e-11,6.7323993356977565e-11,8.0448241538630950e-11,7.9816477031636651e-11,6.4026281704515017e-11,3.1217563091723524e-11
566,3.7211677596614784e-10,1.6591935796550131e-11,4.3119122484667784e-11,6.5164675689251569e-11,7.7856411137100113e-11,7.7235316384922068e-11,6.1948417219242658e-11,3.0200897254413515e-11
567,3.6012815378594063e-10,1.6067936850900004e-11,4.1744534213583258e-11,6.3074598540113138e-11,7.5348082682930971e-11,7.4737640942123937e-11,5.9938006161437209e-11,2.9217354394852069e-11
568,3.4852577342836173e-10,1.5560463537516475e-11,4.0413738672548909e-11,6.1051542204787751e-11,7.2920565963365356e-11,7.2320749987593514e-11,5.7992858134179753e-11,2.8265854928369963e-11
569,3.3729719119943997e-10,1.5068995473258803e-11,3.9125341618710513e-11,5.9093358118666710e-11,7.0571257437212817e-11,6.9982030188499439e-11,5.6110853891025342e-11,2.7345354472066364e-11
570,3.2643036430824100e-10,1.4593028634161353e-11,3.7877993166030892e-11,5.7197966577949474e-11,6.8297637442521012e-11,6.7718952766992498e-11,5.4289943024080953e-11,2.6454842696504807e-11
571,3.1591363795082752e-10,1.4132074842100493e-11,3.6670386375207993e-11,5.5363354533295840e-11,6.6097267494207667e-11,6.5529070763900842e-11,5.2528141727230794e-11,2.5593342214883883e-11
572,3.0573573281034062e-10,1.3685661267536550e-11,3.5501255888381393e-11,5.3587573454149913e-11,6.3967787668755681e-11,6.3410016390992689e-11,5.0823530632065347e-11,2.4759907508459090e-11
573,2.9588573295979539e-10,1.3253329947828574e-11,3.4369376607205714e-11,5.1868737261473083e-11,6.1906914073166437e-11,6.1359498468938967e-11,4.9174252714150306e-11,2.3953623887032261e-11
574,2.8635307415461588e-10,1.2834637320635336e-11,3.3273562412914719e-11,5.0205020326695249e-11,5.9912436395456840e-11,5.9375299948201724e-11,4.7578511267348314e-11,2.3173606483363744e-11
575,2.7712753250235547e-10,1.2429153771931061e-11,3.2212664927043495e-11,4.8594655534764113e-11,5.7982215534072796e-11,5.7455275510163398e-11,4.6034567943980849e-11,2.2418999280399770e-11
576,2.6819921349744703e-10,1.2036463198179225e-11,3.1185572311518371e-11,4.7035932409239728e-11,5.6114181303676857e-11,5.5597349245899653e-11,4.4540740858689418e-11,2.1688974170243723e-11
577,2.5955854140922557e-10,1.1656162582221869e-11,3.0191208106865008e-11,4.5527195297447627e-11,5.4306330214849216e-11,5.3799512410081846e-11,4.3095402753925104e-11,2.0982730043834919e-11
578,2.5119624901184127e-10,1.1287861582455734e-11,2.9228530107324904e-11,4.4066841613767240e-11,5.2556723325321003e-11,5.2059821247577231e-11,4.1696979225062703e-11,2.0299491910332460e-11
579,2.4310336764504635e-10,1.0931182134879892e-11,2.8296529271708816e-11,4.2653320139193882e-11,5.0863484160435080e-11,5.0376394890393442e-11,4.0343947003200850e-11,1.9638510045234406e-11
580,2.3527121759519856e-10,1.0585758067612463e-11,2.7394228668852750e-11,4.1285129375372345e-11,4.9224796700604248e-11,4.8747413322689870e-11,3.9034832293772714e-11,1.8999059166294182e-11
581,2.2769139878616224e-10,1.0251234727486597e-11,2.6520682456578148e-11,3.9960815951357524e-11,4.7638903433608016e-11,4.7171115411652604e-11,3.7768209169152596e-11,1.8380437636326748e-11
582,2.2035578177012502e-10,9.9272686183480211e-12,2.5674974893092770e-11,3.8678973081413724e-11,4.6104103469639558e-11,4.5645797002100886e-11,3.6542698013503185e-11,1.7781966692026842e-11
583,2.1325649900866585e-10,9.6135270506882886e-12,2.4856219379802454e-11,3.7438239072218018e-11,4.4618750717080584e-11,4.4169809072761728e-11,3.5356964018164750e-11,1.7202989697950027e-11
584,2.0638593643472477e-10,9.3096878022591777e-12,2.4063557534536575e-11,3.6237295877885554e-11,4.3181252117048117e-11,4.2741555952216599e-11,3.4209715725943503e-11,1.6642871424835226e-11
585,1.9973672528642309e-10,9.0154387893248936e-12,2.3296158294221738e-11,3.5074867701285313e-11,4.1790065934819503e-11,4.1359493592588505e-11,3.3099703622708962e-11,1.6100997351474172e-11
586,1.9330173420397697e-10,8.7304777482192818e-12,2.2553217046068779e-11,3.3949719640163751e-11,4.0443700106303147e-11,4.0022127899100220e-11,3.2025718774762657e-11,1.5576772989359117e-11
587,1.8707406158122708e-10,8.4545119268857811e-12,2.1833954786367801e-11,3.2860656376641487e-11,3.9140710637781613e-11,3.8728013113695169e-11,3.0986591510489970e-11,1.5069623229365262e-11
588,1.8104702816358244e-10,8.1872577860878075e-12,2.1137617306014800e-11,3.1806520908693703e-11,3.7879700057210885e-11,3.7475750250970933e-11,2.9981190144855602e-11,1.4578991709748720e-11
589,1.7521416988443839e-10,7.9284407099870444e-12,2.0463474401921009e-11,3.0786193322269913e-11,3.6659315915414519e-11,3.6263985584731945e-11,2.9008419745349764e-11,1.4104340204764208e-11
590,1.6956923093238679e-10,7.6777947257965689e-12,1.9810819113483317e-11,2.9798589602751374e-11,3.5478249335565558e-11,3.5091409183522812e-11,2.8067220938037711e-11,1.3645148033229440e-11
591,1.6410615704178197e-10,7.4350622322248581e-12,1.9178966983319903e-11,2.8842660484486320e-11,3.4335233609400122e-11,3.3956753493556814e-11,2.7156568752408787e-11,1.3200911486385179e-11
592,1.5881908899946762e-10,7.1999937364356028e-12,1.8567255341500610e-11,2.7917390337183476e-11,3.3229042838657505e-11,3.2858791967505390e-11,2.6275471503763877e-11,1.2771143274421146e-11
593,1.5370235636069902e-10,6.9723475992568429e-12,1.7975042612526080e-11,2.7021796087983367e-11,3.2158490620289296e-11,3.1796337737664078e-11,2.5422969711920836e-11,1.2355371991058524e-11
594,1.4875047136752250e-10,6.7518897883812560e-12,1.7401707644333168e-11,2.6154926178064652e-11,3.1122428774027729e-11,3.0768242332058539e-11,2.4598135055057384e-11,1.1953141595599763e-11
595,1.4395812306308808e-10,6.5383936393074927e-12,1.6846649058627230e-11,2.5315859552679486e-11,3.0119746110948408e-11,2.9773394432100675e-11,2.3800069357549236e-11,1.1564010911875567e-11
596,1.3932017159558384e-10,6.3316396237802491e-12,1.6309284621863980e-11,2.4503704683547063e-11,2.9149367241706622e-11,2.8810718670449903e-11,2.3027903610698459e-11,1.1187553143537572e-11
597,1.3483164270568225e-10,6.1314151254943593e-12,1.5789050636225150e-11,2.3717598622569099e-11,2.8210251423169272e-11,2.7879174467778291e-11,2.2280797025282815e-11,1.0823355405163270e-11
598,1.3048772239158663e-10,5.9375142228354976e-12,1.5285401349952976e-11,2.2956706085863841e-11,2.7301391442205134e-11,2.6977754907180170e-11,2.1557936114891928e-11,1.0471018268657091e-11
599,1.2628375174595572e-10,5.7497374784372003e-12,1.4797808386428637e-11,2.2220218567147674e-11,2.6421812535436586e-11,2.6105485645007853e-11,2.0858533809049314e-11,1.0130155324448458e-11
600,1.2221522195916890e-10,5.5678917353407789e-12,1.4325760191399395e-11,2.1507353479524155e-11,2.5570571343794023e-11,2.5261423856954345e-11,2.0181828595152283e-11,9.8003927570039240e-12
601,1.1827776948357310e-10,5.3917899195513770e-12,1.3868761497777930e-11,2.0817353324770692e-11,2.4746754900751774e-11,2.4444657218242181e-11,1.9527083688292919e-11,9.4813689341862141e-12
602,1.1446717135352479e-10,5.2212508487898952e-12,1.3426332807455788e-11,2.0149484889241973e-11,2.3949479653160425e-11,2.3654302916814523e-11,1.8893586228053870e-11,9.1727340100083059e-12
603,1.1077934065620817e-10,5.0560990472467278e-12,1.2998009889590494e-11,1.9503038465537681e-11,2.3177890513625311e-11,2.2889506698460253e-11,1.8280646501402267e-11,8.8741495403454309e-12
604,1.0721032214837135e-10,4.8961645661493531e-12,1.2583343294843037e-11,1.8877327099109151e-11,2.2431159943414895e-11,2.2149441942839461e-11,1.7687597190833354e-11,8.5852881111820959e-12
605,1.0375628801427990e-10,4.7412828099616805e-12,1.2181897885059070e-11,1.8271685859006137e-11,2.1708487064915420e-11,2.1433308769409208e-11,1.7113792646943293e-11,8.3058329789851034e-12
606,1.0041353376033807e-10,4.5912943680387432e-12,1.1793252377903254e-11,1.7685471131990437e-11,2.1009096802679938e-11,2.0740333172281788e-11,1.6558608184637049e-11,8.0354777228068581e-12
607,9.7178474241974142e-11,4.4460448515658524e-12,1.1416998905971682e-11,1.7118059939267866e-11,2.0332239052150457e-11,2.0069766183078992e-11,1.6021439402203135e-11,7.7739259077361685e-12
608,9.4047639818529584e-11,4.3053847356166482e-12,1.1052742589922494e-11,1.6568849275114044e-11,1.9677187875161697e-11,1.9420883060876307e-11,1.5501701522512119e-11,7.5208907593262618e-12
609,9.1017672632026979e-11,4.1691692061696886e-12,1.0700101125179274e-11,1.6037255466692641e-11,1.9043240721363590e-11,1.8792982508360250e-11,1.4998828755619707e-11,7.2760948486418267e-12
610,8.8085323005826774e-11,4.0372580119281950e-12,1.0358704381776077e-11,1.5522713554387265e-11,1.8429717674727458e-11,1.8185385913350381e-11,1.4512273682078845e-11,7.0392697875785479e-12
611,8.5247445959309398e-11,3.9095153207924632e-12,1.0028194016926541e-11,1.5024676691989775e-11,1.7835960724327845e-11,1.7597436614865094e-11,1.4041506656287695e-11,6.8101559341199843e-12
612,8.2500997834845462e-11,3.7858095808391352e-12,9.7082230999128049e-12,1.4542615566109016e-11,1.7261333058617783e-11,1.7028499192936842e-11,1.3586015229222388e-11,6.5885021072074949e-12
613,7.9843033033435822e-11,3.6660133856660816e-12,9.3984557489028078e-12,1.4076017834184189e-11,1.6705218382440661e-11,1.6477958781408019e-11,1.3145303589924489e-11,6.3740653109095767e-12
614,7.7270700855520931e-11,3.5500033439660958e-12,9.0985667793169815e-12,1.3624387580506894e-11,1.6167020256046184e-11,1.5945220402963912e-11,1.2718892025133695e-11,6.1666104675871712e-12
615,7.4781242443570891e-11,3.4376599531968201e-12,8.8082413633773062e-12,1.3187244789674924e-11,1.5646161455401497e-11,1.5429708325682867e-11,1.2306316396476040e-11,5.9659101597614308e-12
616,7.2371987823177182e-11,3.3288674772185375e-12,8.5271747004834606e-12,1.2764124836919358e-11,1.5142083353111386e-11,1.4930865440407342e-11,1.1907127634637106e-11,5.7717443803999945e-12
617,7.0040353039472711e-11,3.2235138277754148e-12,8.2550716980719802e-12,1.2354577994764413e-11,1.4654245319283607e-11,1.4448152658262016e-11,1.1520891249968189e-11,5.5839002913471022e-12
618,6.7783837385808782e-11,3.1214904496997372e-12,7.9916466626253129e-12,1.1958168955496820e-11,1.4182124141696751e-11,1.3981048327666853e-11,1.1147186858991472e-11,5.4021719896318425e-12
619,6.5600020721716775e-11,3.0226922097223776e-12,7.7366230005082422e-12,1.1574476368938202e-11,1.3725213464648786e-11,1.3529047670214238e-11,1.0785607726287428e-11,5.2263602813974990e-12
620,6.3486560877278131e-11,2.9270172887764550e-12,7.4897329283193384e-12,1.1203092395030279e-11,1.3283023245884404e-11,1.3091662234799624e-11,1.0435760321264667e-11,5.0562724632033552e-12
621,6.1441191141118595e-11,2.8343670776846350e-12,7.2507171924550760e-12,1.0843622270758188e-11,1.2855079231018744e-11,1.2668419369415026e-11,1.0097263889328494e-11,4.8917221104584258e-12
622,5.9461717829332791e-11,2.7446460761239650e-12,7.0193247975938333e-12,1.0495683890952751e-11,1.2440922444893810e-11,1.2258861710033612e-11,9.7697500369803743e-12,4.7325288727544369e-12
623,5.7546017932731475e-11,2.6577617947654698e-12,6.7953127438162502e-12,1.0158907402526854e-11,1.2040108699322015e-11,1.1862546686032406e-11,9.4528623303955141e-12,4.5785182758729675e-12
624,5.5692036839888430e-11,2.5736246604889236e-12,6.5784457720874939e-12,9.8329348117156508e-12,1.1652208116688973e-11,1.1479046041617753e-11,9.1462559070406083e-12,4.4295215302490284e-12
625,5.3897786133544714e-11,2.4921479245763547e-12,6.3684961178356408e-12,9.5174196039039320e-12,1.1276804668904514e-11,1.1107945372735785e-11,8.8495970999080510e-12,4.2853753456804392e-12
626,5.2161341458007000e-11,2.4132475737908456e-12,6.1652432723688527e-12,9.2120263756373659e-12,1.0913495731207517e-11,1.0748843678966624e-11,8.5625630739565484e-12,4.1459217520792473e-12
627,5.0480840455252650e-11,2.3368422442501158e-12,5.9684737518821712e-12,8.9164304784272630e-12,1.0561891650345938e-11,1.0401352929917515e-11,8.2848414743615702e-12,4.0110079260680787e-12
628,4.8854480767528165e-11,2.2628531380072216e-12,5.7779808738127059e-12,8.6303176739710182e-12,1.0221615326668980e-11,1.0065097645645640e-11,8.0161300861918374e-12,3.8804860232307688e-12
629,4.7280518104298550e-11,2.1912039422534286e-12,5.5935645403096151e-12,8.3533838004224396e-12,9.8923018096831216e-12,9.7397144906565621e-12,7.7561365051405932e-12,3.7542130158327932e-12
630,4.5757264371474505e-11,2.1218207510609908e-12,5.4150310285927289e-12,8.0853344493579588e-12,9.5735979066382891e-12,9.4248518810390227e-12,7.5045778189524327e-12,3.6320505358330868e-12
631,4.4283085860911014e-11,2.0546319895861419e-12,5.2421927879808091e-12,7.8258846530959961e-12,9.2651618037243204e-12,9.1201696043109286e-12,7.2611802991981725e-12,3.5138647230146454e-12
632,4.2856401498235477e-11,1.9895683406550953e-12,5.0748682433774385e-12,7.5747585820377826e-12,8.9666626994715108e-12,8.8253384515652220e-12,7.0256791030614995e-12,3.3995260780669291e-12
633,4.1475681147126250e-11,1.9265626736582708e-12,4.9128816050092475e-12,7.3316892517084961e-12,8.6777804499620168e-12,8.5400398615175715e-12,6.7978179848121197e-12,3.2889093204585276e-12
634,4.0139443968222828e-11,1.8655499756803058e-12,4.7560626842176930e-12,7.0964182391879694e-12,8.3982052254716077e-12,8.2639655760707383e-12,6.5773490166506411e-12,3.1818932509438750e-12
635,3.8846256830907634e-11,1.8064672847956811e-12,4.6042467151119319e-12,6.8686954086300337e-12,8.1276371781735163e-12,7.9968173070229438e-12,6.3640323186207193e-12,3.0783606185528075e-12
636,3.7594732776256008e-11,1.7492536254619865e-12,4.4572741818964754e-12,6.6482786455793336e-12,7.8657861205480145e-12,7.7383064135595957e-12,6.1576357972938148e-12,2.9781979919167810e-12
637,3.6383529529505875e-11,1.6938499459449804e-12,4.3149906516931478e-12,6.4349335998037049e-12,7.6123712141527522e-12,7.4881535901794357e-12,5.9579348929415756e-12,2.8812956347902813e-12
638,3.5211348060451823e-11,1.6401990577116611e-12,4.1772466126827102e-12,6.2284334363692489e-12,7.3671206684201262e-12,7.2460885647174477e-12,5.7647123349200395e-12,2.7875473856305854e-12
639,3.4076931190219299e-11,1.5882455767295701e-12,4.0438973173969668e-12,6.0285585946939820e-12,7.1297714491585912e-12,7.0118498061377926e-12,5.5777579049988785e-12,2.6968505411035256e-12
640,3.2979062242925129e-11,1.5379358666124739e-12,3.9148026309976153e-12,5.8350965553244203e-12,6.9000689964452894e-12,6.7851842417806282e-12,5.3968682083775208e-12,2.6091057433871801e-12
641,3.1916563740777686e-11,1.4892179835544531e-12,3.7898268843832396e-12,5.6478416141875959e-12,6.6777669516074341e-12,6.5658469837568844e-12,5.2218464521384448e-12,2.5242168711496339e-12
642,3.0888296141217768e-11,1.4420416229962482e-12,3.6688387319709560e-12,5.4665946640789867e-12,6.4626268929996518e-12,6.3536010641949724e-12,5.0525022308959736e-12,2.4420909340809797e-12
643,2.9893156614745302e-11,1.3963580679694547e-12,3.5517110140040367e-12,5.2911629831544930e-12,6.2544180802938586e-12,6.1482171790530027e-12,4.8886513194068322e-12,2.3626379708636258e-12
644,2.8930077862121297e-11,1.3521201390658898e-12,3.4383206232415875e-12,5.1213600302019942e-12,6.0529172070074541e-12,5.9494734402193188e-12,4.7301154719162641e-12,2.2857709504687881e-12
645,2.7998026969676443e-11,1.3092821459810787e-12,3.3285483758909303e-12,4.9570052464752628e-12,5.8579081610044084e-12,5.7571551356331819e-12,4.5767222280209048e-12,2.2114056766706747e-12
646,2.7096004301498644e-11,1.2677998405824270e-12,3.2222788866477693e-12,4.7979238638799259e-12,5.6691817927123652e-12,5.5710544971660553e-12,4.4283047248366697e-12,2.1394606956734341e-12
647,2.6223042427311367e-11,1.2276303714541884e-12,3.1194004477134863e-12,4.6439467193079278e-12,5.4865356908071902e-12,5.3909704760123954e-12,4.2847015152668381e-12,2.0698572067493380e-12
648,2.5378205084892863e-11,1.1887322398728363e-12,3.0198049116630949e-12,4.4949100749234611e-12,5.3097739651243539e-12,5.2167085253469440e-12,4.1457563921721631e-12,2.0025189757900108e-12
649,2.4560586175923615e-11,1.1510652571679071e-12,2.9233875780413771e-12,4.3506554442096373e-12,5.1387070365643585e-12,5.0480803900134063e-12,4.0113182182512451e-12,1.9373722516756873e-12
650,2.3769308794184840e-11,1.1145905034247883e-12,2.8300470835686254e-12,4.2110294235912918e-12,4.9731514337668455e-12,4.8849039030169770e-12,3.8812407614456902e-12,1.8743456853706217e-12
651,2.3003524285065897e-11,1.0792702874872909e-12,2.7396852958411880e-12,4.0758835294552326e-12,4.8129295963353334e-12,4.7270027886005856e-12,3.7553825356905496e-12,1.8133702516557192e-12
652,2.2262411335371944e-11,1.0450681082191665e-12,2.6522072104156600e-12,3.9450740403949449e-12,4.6578696844015301e-12,4.5742064716918149e-12,3.6336066468364138e-12,1.7543791734124130e-12
653,2.1545175092455505e-11,1.0119486169850128e-12,2.5675208511690809e-12,3.8184618445123385e-12,4.5078053943249898e-12,4.4263498935143603e-12,3.5157806435751510e-12,1.6973078483745737e-12
654,2.0851046311727386e-11,9.7987758131224825e-13,2.4855371738309522e-12,3.6959122916144604e-12,4.3625757803304332e-12,4.2832733331645736e-12,3.4017763732067411e-12,1.6420937782679778e-12
655,2.0179280531632472e-11,9.4882184969703889e-13,2.4061699725861691e-12,3.5772950501483049e-12,4.2220250818914512e-12,4.1448222349600686e-12,3.2914698420899616e-12,1.5886765002594787e-12
656,1.9529157275205676e-11,9.1874931751823185e-13,2.3293357896511800e-12,3.4624839687218707e-12,4.0860025566754429e-12,4.0108470413736455e-12,3.1847410806247440e-12,1.5369975206405607e-12
657,1.8899979277351622e-11,8.8962889402446299e-13,2.2549538277287998e-12,3.3513569420644903e-12,3.9543623188706331e-12,3.8812030313717918e-12,3.0814740126190252e-12,1.4870002506724188e-12
658,1.8291071737019370e-11,8.6143047036071469e-13,2.1829458652500950e-12,3.2437957812841420e-12,3.8269631827217669e-12,3.7557501639829140e-12,2.9815563288976532e-12,1.4386299445220831e-12
659,1.7701781593470077e-11,8.3412488860164734e-13,2.1132361743146770e-12,3.1396860882840526e-12,3.7036685111066709e-12,3.6343529269260729e-12,2.8848793650155489e-12,1.3918336392214035e-12
660,1.7131476825861407e-11,8.0768391176005714e-13,2.0457514412435636e-12,3.0389171342052658e-12,3.5843460689912747e-12,3.5168801901364936e-12,2.7913379829418190e-12,1.3465600965829348e-12
661,1.6579545775397528e-11,7.8208019473980556e-13,1.9804206896614853e-12,2.9413817417661573e-12,3.4688678816059342e-12,3.4032050640294109e-12,2.7008304565858171e-12,1.3027597470089172e-12
662,1.6045396489317577e-11,7.5728725620352595e-13,1.9171752060281597e-12,2.8469761713740056e-12,3.3571100971909351e-12,3.2932047623489463e-12,2.6132583610403788e-12,1.2603846351316232e-12
663,1.5528456086019146e-11,7.3327945132634975e-13,1.8559484675406297e-12,2.7556000108877027e-12,3.2489528541639713e-12,3.1867604694536651e-12,2.5285264654214629e-12,1.2193883672253627e-12
664,1.5028170140635806e-11,7.1003194540778876e-13,1.7966760723312121e-12,2.6671560689146046e-12,3.1442801525671442e-12,3.0837572118952682e-12,2.4465426291874101e-12,1.1797260603323789e-12
665,1.4544002090409699e-11,6.8752068831479358e-13,1.7392956718880256e-12,2.5815502715282388e-12,3.0429797296555977e-12,2.9840837341515128e-12,2.3672177018247790e-12,1.1413542930467531e-12
666,1.4075432659221445e-11,6.6572238972984808e-13,1.6837469056273729e-12,2.4986915622972251e-12,2.9449429394943586e-12,2.8876323783789593e-12,2.2904654257914138e-12,1.1042310579022658e-12
667,1.3621959300660188e-11,6.4461449517878466e-13,1.6299713375495118e-12,2.4184918055192850e-12,2.8500646364342500e-12,2.7942989680554885e-12,2.2162023426109534e-12,1.0683157153119138e-12
668,1.3183095659036485e-11,6.2417516281379661e-13,1.5779123949115198e-12,2.3408656925576119e-12,2.7582430623419054e-12,2.7039826953867345e-12,2.1443477020164181e-12,1.0335689490084990e-12
669,1.2758371047759899e-11,6.0438324092789770e-13,1.5275153088530637e-12,2.2657306511801568e-12,2.6693797374629351e-12,2.6165860123546606e-12,2.0748233740438379e-12,9.9995272293734714e-13
670,1.2347329944521912e-11,5.8521824617781963e-13,1.4787270569129378e-12,2.1930067578055912e-12,2.5833793548011888e-12,2.5320145252904426e-12,2.0075537639801153e-12,9.6743023955381695e-13
671,1.1949531502742714e-11,5.6666034249306476e-13,1.4314963073761913e-12,2.1226166525627669e-12,2.5001496779008475e-12,2.4501768928576353e-12,1.9424657300724095e-12,9.3596589947979847e-13
672,1.1564549078757886e-11,5.4869032064952964e-13,1.3857733653935985e-12,2.0544854570735068e-12,2.4196014419217024e-12,2.3709847273352900e-12,1.8794885039093627e-12,9.0552526247489688e-13
673,1.1191969774237887e-11,5.3128957848679187e-13,1.3415101208170673e-12,1.9885406948714187e-12,2.3416482579015257e-12,2.2943524990942607e-12,1.8185536133873792e-12,8.7607500967944314e-13
674,1.0831393993349568e-11,5.1444010174881000e-13,1.2986599976963705e-12,1.9247122143722541e-12,2.2662065201028629e-12,2.2201974441633893e-12,1.7595948081780125e-12,8.4758290708786820e-13
675,1.0482435014184793e-11,4.9812444552842382e-13,1.2571779053843356e-12,1.8629321143140132e-12,2.1931953163448608e-12,2.1484394747856098e-12,1.7025479876152179e-12,8.2001777021233254e-13
676,1.0144718573996485e-11,4.8232571629665397e-13,1.2170201911992974e-12,1.8031346715876379e-12,2.1225363412239682e-12,2.0790010928672290e-12,1.6473511309238920e-12,7.9334942989780822e-13
677,9.8178824677972888e-12,4.6702755449840263e-13,1.1781445945952510e-12,1.7452562713816612e-12,2.0541538121304436e-12,2.0118073062268021e-12,1.5939442297136515e-12,7.6754869925107798e-13
678,9.5015761598903076e-12,4.5221411769672933e-13,1.1405102027917191e-12,1.6892353395666376e-12,1.9879743879705811e-12,1.9467855475530126e-12,1.5422692226642877e-12,7.4258734164733955e-13
679,9.1954604079153086e-12,4.3787006424843946e-13,1.1040774078168697e-12,1.6350122772475640e-12,1.9239270905074960e-12,1.8838655959839263e-12,1.4922699323317243e-12,7.1843803977928799e-13
680,8.8992068990071787e-12,4.2398053749426425e-13,1.0688078649189081e-12,1.5825293974147932e-12,1.8619432282361049e-12,1.8229795012228150e-12,1.4438920040056009e-12,6.9507436571469324e-13
681,8.6124978976763825e-12,4.1053115044743557e-13,1.0346644523021829e-12,1.5317308636261659e-12,1.8019563227106509e-12,1.7640615101084800e-12,1.3970828465518687e-12,6.7247075192959749e-13
682,8.3350259050337704e-12,3.9750797096496938e-13,1.0016112321458432e-12,1.4825626306552586e-12,1.7439020372457597e-12,1.7070479955606791e-12,1.3517915751759245e-12,6.5060246328533477e-13
683,8.0664933289943067e-12,3.8489750738646360e-13,9.6961341286422129e-13,1.4349723870427166e-12,1.6877181079145676e-12,1.6518773878238167e-12,1.3079689560439168e-12,6.2944556991860342e-13
684,7.8066121651059231e-12,3.7268669462569231e-13,9.3863731256941309e-13,1.3889094994896626e-12,1.6333442767698986e-12,1.5984901079345427e-12,1.2655673527018832e-12,6.0897692101483136e-13
685,7.5551036876612555e-12,3.6086288070074469e-13,9.0865032369778392e-13,1.3443249590341374e-12,1.5807222272168855e-12,1.5468285033413259e-12,1.2245406742343336e-12,5.8917411943604510e-13
686,7.3116981507609219e-12,3.4941381368889957e-13,8.7962087876335245e-13,1.3011713289534081e-12,1.5297955214677122e-12,1.4968367856063716e-12,1.1848443251057906e-12,5.7001549717538718e-13
687,7.0761344990077769e-12,3.3832762909286551e-13,8.5151841720217320e-13,1.2594026943368214e-12,1.4805095400114020e-12,1.4484609701225342e-12,1.1464351566306418e-12,5.5148009161133931e-13
688,6.8481600875218199e-12,3.2759283760543270e-13,8.2431335327298795e-13,1.2189746132756432e-12,1.4328114230337255e-12,1.4016488177800242e-12,1.1092714200184199e-12,5.3354762253558664e-13
689,6.6275304109754912e-12,3.1719831325999353e-13,7.9797704498051962e-13,1.1798440696180536e-12,1.3866500137244094e-12,1.3563497785198498e-12,1.0733127209433592e-12,5.1619846992930539e-13
690,6.4140088413587343e-12,3.0713328195477889e-13,7.7248176398884631e-13,1.1419694272391195e-12,1.3419758034108345e-12,1.3125149367129454e-12,1.0385199755887259e-12,4.9941365246348389e-13
691,6.2073663741925832e-12,2.9738731033904373e-13,7.4780066649333808e-13,1.1053103857771709e-12,1.2987408784593827e-12,1.2700969583059361e-12,1.0048553681180362e-12,4.8317480669967535e-13
692,6.0073813829190695e-12,2.8795029504980247e-13,7.2390776502063441e-13,1.0698279377895824e-12,1.2568988688874832e-12,1.2290500396763834e-12,9.7228230952682843e-13,4.6746416696835595e-13
693,5.8138393812040511e-12,2.7881245228807341e-13,7.0077790112711403e-13,1.0354843272824413e-12,1.2164048986312410e-12,1.1893298581422175e-12,9.4076539783015865e-13,4.5226454590280487e-13
694,5.6265327928980020e-12,2.6996430772394013e-13,6.7838671896725126e-13,1.0022430095700680e-12,1.1772155374153149e-12,1.1508935240718387e-12,9.1027037954244974e-13,4.3755931560713919e-13
695,5.4452607294080808e-12,2.6139668672007186e-13,6.5671063970415815e-13,9.7006861242174816e-13,1.1392887541734174e-12,1.1136995345431170e-12,8.8076411240772900e-13,4.2333238943783945e-13
696,5.2698287742426625e-12,2.5310070486367216e-13,6.3572683673549766e-13,9.3892689845440873e-13,1.1025838719694862e-12,1.0777077285011756e-12,8.5221452933965258e-13,4.0956820437876969e-13
697,5.1000487744972951e-12,2.4506775879714089e-13,6.1541321170880370e-13,9.0878472873129804e-13,1.0670615243711757e-12,1.0428792433664871e-12,8.2459060353203755e-13,3.9625170399035156e-13
698,4.9357386390584145e-12,2.3728951733803719e-13,5.9574837130107149e-13,8.7961002752799738e-13,1.0326836132288793e-12,1.0091764730463556e-12,7.9786231470189331e-13,3.8336832191418051e-13
699,4.7767221433084230e-12,2.2975791287923159e-13,5.7671160473828007e-13,8.5137174822834658e-13,9.9941326781500151e-13,9.7656302730439832e-13,7.7200061642818167e-13,3.7090396591498318e-13
700,4.6228287401226336e-12,2.2246513306041806e-13,5.5828286203128501e-13,8.2403984031405077e-13,9.6721480527965416e-13,9.4500369244409348e-13,7.4697740455072710e-13,3.5884500244240482e-13
701,4.4738933769554125e-12,2.1540361270243674e-13,5.4044273290526740e-13,7.9758521741290970e-13,9.3605369238036515e-13,9.1446439326388845e-13,7.2276548659485830e-13,3.4717824169568689e-13
702,4.3297563188193148e-12,2.0856602599612629e-13,5.2317242640065222e-13,7.7197972637172158e-13,9.0589650844475837e-13,8.8491215624273748e-13,6.9933855218847231e-13,3.3589092317484620e-13
703,4.1902629769673688e-12,2.0194527893768525e-13,5.0645375112411328e-13,7.4719611732101688e-13,8.7671090952647384e-13,8.5631507391627053e-13,6.7667114443930604e-13,3.2497070170250292e-13
704,4.0552637430947685e-12,1.9553450200277481e-13,4.9026909612895909e-13,7.2320801469981552e-13,8.4846559371589364e-13,8.2864227040507379e-13,6.5473863224123128e-13,3.1440563390102003e-13
705,3.9246138288821415e-12,1.8932704305183828e-13,4.7460141240485507e-13,6.9998988920962871e-13,8.2113026756846288e-13,8.0186386805782188e-13,6.3351718347941826e-13,3.0418416511011703e-13
706,3.7981731107083259e-12,1.8331646045935146e-13,4.5943419495747790e-13,6.7751703066791428e-13,7.9467561361460194e-13,7.7595095517319753e-13,6.1298373910517711e-13,2.9429511673060613e-13
707,3.6758059793660753e-12,1.7749651645994511e-13,4.4475146545930951e-13,6.5576552173214229e-13,7.6907325891636474e-13,7.5087555476570162e-13,5.9311598805224778e-13,2.8472767398036440e-13
708,3.5573811946195377e-12,1.7186117070456491e-13,4.3053775545338147e-13,6.3471221246655896e-13,7.4429574463711661e-13,7.2661059434159288e-13,5.7389234296721434e-13,2.7547137404910896e-13
709,3.4427717444475098e-12,1.6640457402004729e-13,4.1677809009235731e-13,6.1433469572462921e-13,7.2031649659159946e-13,7.0312987665227791e-13,5.5529191672761595e-13,2.6651609463898280e-13
710,3.3318547088214976e-12,1.6112106236570014e-13,4.0345797239590116e-13,5.9461128332100334e-13,6.9710979674479441e-13,6.8040805139354206e-13,5.3729449972217980e-13,2.5785204287837678e-13
711,3.2245111278724915e-12,1.5600515098067705e-13,3.9056336800982393e-13,5.7552098296769216e-13,6.7465075562901656e-13,6.5842058782001941e-13,5.1988053786843334e-13,2.4946974459682893e-13
712,3.1206258743050631e-12,1.5105152871613098e-13,3.7808069045102341e-13,5.5704347594994918e-13,6.5291528564965878e-13,6.3714374824530717e-13,5.0303111134375778e-13,2.4136003394923585e-13
713,3.0200875299219392e-12,1.4625505254632112e-13,3.6599678682274463e-13,5.3915909551813893e-13,6.3188007525095336e-13,6.1655456239906876e-13,4.8672791400671948e-13,2.3351404337799293e-13
714,2.9227882661266317e-12,1.4161074225303148e-13,3.5429892398517717e-13,5.2184880597263475e-13,6.1152256391404513e-13,5.9663080261341597e-13,4.7095323348627206e-13,2.2592319390205551e-13
715,2.8286237282759578e-12,1.3711377527783607e-13,3.4297477516688564e-13,5.0509418241952455e-13,5.9182091796056074e-13,5.7735095981173834e-13,4.5568993191714500e-13,2.1857918572226732e-13
716,2.7374929237584140e-12,1.3275948173691826e-13,3.3201240700302935e-13,4.8887739117561385e-13,5.7275400713572308e-13,5.5869422027403255e-13,4.4092142730044342e-13,2.1147398913265327e-13
717,2.6492981136783755e-12,1.2854333959331868e-13,3.2140026698677554e-13,4.7318117080190691e-13,5.5430138194589675e-13,5.4064044315361102e-13,4.2663167546915997e-13,2.0459983572770678e-13
718,2.5639447080299426e-12,1.2446096998164718e-13,3.1112717132074193e-13,4.5798881374541247e-13,5.3644325172625671e-13,5.2317013872088966e-13,4.1280515263896506e-13,1.9794920989602945e-13
719,2.4813411642480058e-12,1.2050813268044998e-13,3.0118229315572470e-13,4.4328414856976845e-13,5.1916046341506012e-13,5.0626444731073844e-13,3.9942683852527163e-13,1.9151484059099247e-13
720,2.4013988890277372e-12,1.1668072172757593e-13,2.9155515120437452e-13,4.2905152275580422e-13,5.0243448101175489e-13,4.8990511895063632e-13,3.8648220000819536e-13,1.8528969336939575e-13
721,2.3240321433071893e-12,1.1297476117403161e-13,2.8223559871787187e-13,4.1527578605376327e-13,4.8624736569689359e-13,4.7407449364761458e-13,3.7395717532762213e-13,1.7926696268939224e-13
722,2.2491579503111125e-12,1.0938640097195692e-13,2.7321381281403998e-13,4.0194227436949834e-13,4.7058175659253154e-13,4.5875548231267695e-13,3.6183815879117598e-13,1.7344006445923282e-13
723,2.1766960065573535e-12,1.0591191299249069e-13,2.6448028414569539e-13,3.8903679416751426e-13,4.5542085214247440e-13,4.4393154830208269e-13,3.5011198597843705e-13,1.6780262882865886e-13
724,2.1065685957303929e-12,1.0254768716942911e-13,2.5602580689839673e-13,3.7654560737428510e-13,4.4074839209240437e-13,4.2958668955553776e-13,3.3876591942530148e-13,1.6234849321503846e-13
725,2.0387005053296556e-12,9.9290227764708637e-14,2.4784146910709602e-13,3.6445541676580432e-13,4.2654864005056048e-13,4.1570542131199013e-13,3.2778763477289721e-13,1.5707169555659898e-13
726,1.9730189460031871e-12,9.6136149751870119e-14,2.3991864328153110e-13,3.5275335182383677e-13,4.1280636661026658e-13,4.0227275938434894e-13,3.1716520736597601e-13,1.5196646778535747e-13
727,1.9094534734801886e-12,9.3082175313782046e-14,2.3224897733052171e-13,3.4142695504584525e-13,3.9950683301620789e-13,3.8927420397504775e-13,3.0688709928619156e-13,1.4702722951259244e-13
728,1.8479359130186822e-12,9.0125130451017815e-14,2.2482438577564437e-13,3.3046416869404078e-13,3.8663577535693650e-13,3.7669572401496204e-13,2.9694214680614738e-13,1.4224858191993326e-13
729,1.7884002862872693e-12,8.7261941697395698e-14,2.1763704124506489e-13,3.1985332196947569e-13,3.7417938926665319e-13,3.6452374200875430e-13,2.8731954825055721e-13,1.3762530184936853e-13
730,1.7307827406025701e-12,8.4489632939300357e-14,2.1067936623860202e-13,3.0958311859754761e-13,3.6212431511985714e-13,3.5274511937026636e-13,2.7800885225130178e-13,1.3315233608569473e-13
731,1.6750214804464422e-12,8.1805322335510738e-14,2.0394402515537711e-13,2.9964262481172308e-13,3.5045762370298529e-13,3.4134714223211178e-13,2.6899994638359911e-13,1.2882479582513523e-13
732,1.6210567011895389e-12,7.9206219334362775e-14,1.9742391657568343e-13,2.9002125772270691e-13,3.3916680234767351e-13,3.3031750771413061e-13,2.6028304617091498e-13,1.2463795132406654e-13
733,1.5688305249501145e-12,7.6689621785175547e-14,1.9111216578897297e-13,2.8070877406069867e-13,3.2823974151076794e-13,3.1964431063586771e-13,2.5184868444664758e-13,1.2058722672198395e-13
734,1.5182869385192942e-12,7.4252913140965353e-14,1.8500211756011728e-13,2.7169525927877062e-13,3.1766472178669219e-13,3.0931603065871224e-13,2.4368770106100457e-13,1.1666819503303194e-13
735,1.4693717332862271e-12,7.1893559749567157e-14,1.7908732912634885e-13,2.6297111700578545e-13,3.0743040133824309e-13,2.9932151984380489e-13,2.3579123292186929e-13,1.1287657330060840e-13
736,1.4220324470986910e-12,6.9609108230372580e-14,1.7336156341753083e-13,2.5452705883764446e-13,2.9752580373233197e-13,2.8964999061226506e-13,2.2815070435881546e-13,1.0920821790973051e-13
737,1.3762183079967958e-12,6.7397182933982254e-14,1.6781878249263800e-13,2.4635409445601496e-13,2.8794030616762687e-13,2.8029100409472728e-13,2.2075781779978189e-13,1.0565912005202467e-13
738,1.3318801797594422e-12,6.5255483482155373e-14,1.6245314118555731e-13,2.3844352206403577e-13,2.7866362808146903e-13,2.7123445885759630e-13,2.1360454475026012e-13,1.0222540133836834e-13
739,1.2889705092051239e-12,6.3181782385521294e-14,1.5725898095353718e-13,2.3078691912883282e-13,2.6968582012384435e-13,2.6247057999383786e-13,2.0668311706517518e-13,9.8903309554375274e-14
740,1.2474432751905646e-12,6.1173922736598889e-14,1.5223082392182598e-13,2.2337613342100682e-13,2.6099725348658464e-13,2.5398990856651558e-13,1.9998601850396142e-13,9.5689214554071246e-14
741,1.2072539392524815e-12,5.9229815975745732e-14,1.4736336711824674e-13,2.1620327434156772e-13,2.5258860957635390e-13,2.4578329139366664e-13,1.9350597655964087e-13,9.2579604287259676e-14
742,1.1683593978395417e-12,5.7347439727734841e-14,1.4265147689165412e-13,2.0926070452709690e-13,2.4445087002034351e-13,2.3784187116347725e-13,1.8723595455301242e-13,8.9571080956222730e-14
743,1.1307179360832812e-12,5.5524835706729056e-14,1.3809018350841211e-13,2.0254103172421421e-13,2.3657530699395779e-13,2.3015707686907581e-13,1.8116914398334666e-13,8.6660357297545622e-14
744,1.0942891830583993e-12,5.3760107687493253e-14,1.3367467592121803e-13,1.9603710092471205e-13,2.2895347386011617e-13,2.2272061455260854e-13,1.7529895712726215e-13,8.3844252984988984e-14
745,1.0590340684844509e-12,5.2051419540753050e-14,1.2940029670477919e-13,1.8974198675299635e-13,2.2157719611013215e-13,2.1552445834859404e-13,1.6961901987772902e-13,8.1119691149467064e-14
746,1.0249147808224971e-12,5.0396993330674484e-14,1.2526253715302352e-13,1.8364898609774244e-13,2.1443856259645330e-13,2.0856084181688012e-13,1.6412316481540563e-13,7.8483695012317584e-14
747,9.9189472672176840e-13,4.8795107472502636e-14,1.2125703253269438e-13,1.7775161097993256e-13,2.0752991704785951e-13,2.0182224955583615e-13,1.5880542450476942e-13,7.5933384628174010e-14
748,9.5993849177285293e-13,4.7244094948459745e-14,1.1737955748834501e-13,1.7204358164969385e-13,2.0084384985801890e-13,1.9530140908671922e-13,1.5366002500774602e-13,7.3465973733870372e-14
749,9.2901180252530984e-13,4.5742341580062617e-14,1.1362602159390555e-13,1.6651881990459803e-13,1.9437319013859496e-13,1.8899128300044453e-13,1.4868137960777816e-13,7.1078766699926033e-14
750,8.9908148972897830e-13,4.4288284355077526e-14,1.0999246504615030e-13,1.6117144262231996e-13,1.8811099802838170e-13,1.8288506135827401e-13,1.4386408273750557e-13,6.8769155581269256e-14
751,8.7011545275955352e-13,4.2880409807386993e-14,1.0647505449554125e-13,1.5599575550077885e-13,1.8205055725021821e-13,1.7697615433821278e-13,1.3920290410344739e-13,6.6534617263968097e-14
752,8.4208262519027657e-13,4.1517252448096911e-14,1.0307007901006823e-13,1.5098624699910839e-13,1.7618536790769954e-13,1.7125818511916673e-13,1.3469278300129486e-13,6.4372710704841980e-14
753,8.1495294147281455e-13,4.0197393246265806e-14,9.9773946167845730e-14,1.4613758247301338e-13,1.7050913951395902e-13,1.6572498299517315e-13,1.3032882281562794e-13,6.2281074260929524e-14
754,7.8869730469159367e-13,3.8919458157688426e-14,9.6583178274360849e-14,1.4144459849827794e-13,1.6501578424504457e-13,1.6037057671226440e-13,1.2610628569807153e-13,6.0257423105885950e-14
755,7.6328755535700448e-13,3.7682116700215792e-14,9.3494408700398854e-14,1.3690229737639097e-13,1.5969941041065338e-13,1.5518918802076493e-13,1.2202058741810036e-13,5.8299546730480144e-14
756,7.3869644120400637e-13,3.6484080574141484e-14,9.0504378336798042e-14,1.3250584181644629e-13,1.5455431613522261e-13,1.5017522543605549e-13,1.1806729238089057e-13,5.6405306524451898e-14
757,7.1489758796374251e-13,3.5324102326230405e-14,8.7609932162309234e-14,1.2825054978766454e-13,1.4957498324259846e-13,1.4532327820106296e-13,1.1424210880679622e-13,5.4572633437080634e-14
758,6.9186547107681531e-13,3.4200974056011115e-14,8.4808015920953712e-14,1.2413188953706269e-13,1.4475607133772515e-13,1.4062811044395297e-13,1.1054088406720747e-13,5.2799525713902228e-14
759,6.6957538831788687e-13,3.3113526162996466e-14,8.2095672905387773e-14,1.2014547476697494e-13,1.4009241207900636e-13,1.3608465552471278e-13,1.0695960017171417e-13,5.1084046707094493e-14
760,6.4800343330224179e-13,3.2060626133539162e-14,7.9470040842894148e-14,1.1628705996729686e-13,1.3557900363519597e-13,1.3168801056451660e-13,1.0349436940166655e-13,4.9424322757132450e-14
761,6.2712646984589794e-13,3.1041177366070079e-14,7.6928348880727684e-14,1.1255253589748982e-13,1.3121100532087334e-13,1.2743343115196244e-13,1.0014143008538181e-13,4.7818541143392839e-14
762,6.0692210715177006e-13,3.0054118033506172e-14,7.4467914667647183e-14,1.0893792521354235e-13,1.2698373240474925e-13,1.2331632622046213e-13,9.6897142510400256e-14,4.6264948101462743e-14
763,5.8736867579526559e-13,2.9098419981653592e-14,7.2086141528566044e-14,1.0543937823523779e-13,1.2289265108523472e-13,1.1933225309124851e-13,9.3757984968344564e-14,4.4761846904980371e-14
764,5.6844520448356461e-13,2.8173087662468284e-14,6.9780515729352642e-14,1.0205316884922829e-13,1.1893337362788367e-13,1.1547691267664591e-13,9.0720549928078837e-14,4.3307596009906942e-14
765,5.5013139756365280e-13,2.7277157101072563e-14,6.7548603828905156e-14,9.8775690543558336e-14,1.1510165365949441e-13,1.1174614483842089e-13,8.7781540333004624e-14,4.1900607259196792e-14
766,5.3240761325498728e-13,2.6409694895460689e-14,6.5388050115718231e-14,9.5603452569421348e-14,1.1139338161382273e-13,1.0813592389619895e-13,8.4937766018466010e-14,4.0539344145899302e-14
767,5.1525484258344786e-13,2.5569797247860321e-14,6.3296574126246249e-14,9.2533076226068060e-14,1.0780458032402209e-13,1.0464235428109449e-13,8.2186140245366591e-14,3.9222320132790062e-14
768,4.9865468899398157e-13,2.4756589026749193e-14,6.1271968242455515e-14,8.9561291264915698e-14,1.0433140075708399e-13,1.0126166632985894e-13,7.9523676346227321e-14,3.7948097026690831e-14
769,4.8258934862007300e-13,2.3969222858558078e-14,5.9312095366038891e-14,8.6684932409034740e-14,1.0097011788570317e-13,9.7990212215003049e-14,7.6947484480037387e-14,3.6715283405697725e-14
770,4.6704159118888243e-13,2.3206878248121572e-14,5.7414886666848921e-14,8.3900935984311648e-14,9.7717126693140547e-14,9.4824462006496867e-14,7.4454768492367787e-14,3.5522533097595096e-14
771,4.5199474154156720e-13,2.2468760726967964e-14,5.5578339403181448e-14,8.1206336658705172e-14,9.4568938306798946e-14,9.1760999860792797e-14,7.2042822877332323e-14,3.4368543707788509e-14
772,4.3743266174897206e-13,2.1754101028568035e-14,5.3800514811618991e-14,7.8598264286128860e-14,9.1522176256364860e-14,8.8796520333054707e-14,6.9709029838091750e-14,3.3252055195144857e-14
773,4.2333973380350391e-13,2.1062154289690529e-14,5.2079536064214539e-14,7.6073940851602984e-14,8.8573572852502980e-14,8.5927824808609672e-14,6.7450856442703467e-14,3.2171848494179761e-14
774,4.0970084286862870e-13,2.0392199277038913e-14,5.0413586290868598e-14,7.3630677514427728e-14,8.5719965682219633e-14,8.3151818049766892e-14,6.5265851872223540e-14,3.1126744182083329e-14
775,3.9650136106802511e-13,1.9743537638369990e-14,4.8800906664819708e-14,7.1265871746232390e-14,8.2958294217136449e-14,8.0465504854273982e-14,6.3151644758067734e-14,3.0115601189124838e-14
776,3.8372713179701012e-13,1.9115493177320402e-14,4.7239794549235490e-14,6.8977004560857621e-14,8.0285596531036425e-14,7.7865986821800623e-14,6.1105940605735785e-14,2.9137315551023735e-14
777,3.7136445453940795e-13,1.8507411151191299e-14,4.5728601702955282e-14,6.6761637833124357e-14,7.7699006123162129e-14,7.5350459224956967e-14,5.9126519302096819e-14,2.8190819201921105e-14
778,3.5940007017357996e-13,1.7918657590965185e-14,4.4265732543497549e-14,6.4617411703637522e-14,7.5195748843858640e-14,7.2916207981466484e-14,5.7211232703524857e-14,2.7275078806629664e-14
779,3.4782114675185549e-13,1.7348618642851937e-14,4.2849642465505618e-14,6.2542042066865153e-14,7.2773139919264534e-14,7.0560606724222989e-14,5.5358002302261513e-14,2.6389094630883716e-14
780,3.3661526573811213e-13,1.6796699930683142e-14,4.1478836212862956e-14,6.0533318139820702e-14,7.0428581071859087e-14,6.8281113966066588e-14,5.3564816968467682e-14,2.5531899448352010e-14
781,3.2577040868874500e-13,1.6262325938495380e-14,4.0151866302766320e-14,5.8589100108763008e-14,6.8159557733778189e-14,6.6075270356216365e-14,5.1829730765508871e-14,2.4702557483216812e-14
782,3.1527494436273899e-13,1.5744939412663993e-14,3.8867331500099201e-14,5.6707316851410743e-14,6.5963636349909635e-14,6.3940696025395860e-14,5.0150860836098214e-14,2.3900163387161320e-14
783,3.0511761624702241e-13,1.5244000782968902e-14,3.7623875340500884e-14,5.4885963732248928e-14,6.3838461767875768e-14,6.1875088016784169e-14,4.8526385356998318e-14,2.3123841249645475e-14
784,2.9528753048371954e-13,1.4758987601993796e-14,3.6420184700577742e-14,5.3123100468582320e-14,6.1781754712103858e-14,5.9876217800017417e-14,4.6954541560057916e-14,2.2372743640386455e-14
785,2.8577414418635516e-13,1.4289394002278650e-14,3.5254988413752931e-14,5.1416849065066108e-14,5.9791309339275432e-14,5.7941928865555234e-14,4.5433623817431137e-14,2.1646050682995695e-14
786,2.7656725413248148e-13,1.3834730170664095e-14,3.4127055930298303e-14,4.9765391814516810e-14,5.7864990872532406e-14,5.6070134396814462e-14,4.3961981788897306e-14,2.0942969158758076e-14
787,2.6765698582059730e-13,1.3394521839283760e-14,3.3035196020139200e-14,4.8166969362877071e-14,5.6000733311902988e-14,5.4258815017555152e-14,4.2538018629266750e-14,2.0262731639572353e-14
788,2.5903378287962550e-13,1.2968309792677946e-14,3.1978255517067367e-14,4.6619878836275962e-14,5.4196537218491648e-14,5.2506016612085954e-14,4.1160189253923170e-14,1.9604595649103435e-14
789,2.5068839681958884e-13,1.2555649390518608e-14,3.0955118103041033e-14,4.5122472028192612e-14,5.2450467570056491e-14,5.0809848215934910e-14,3.9826998660616864e-14,1.8967842851228331e-14
790,2.4261187711249204e-13,1.2156110105451758e-14,2.9964703131293028e-14,4.3673153644794815e-14,5.0760651685674471e-14,4.9168479974706787e-14,3.8537000305683774e-14,1.8351778264887410e-14
791,2.3479556159277157e-13,1.1769275075578982e-14,2.9005964487008886e-14,4.2270379606586131e-14,4.9125277217268316e-14,4.7580141168922948e-14,3.7288794532924944e-14,1.7755729504481387e-14
792,2.2723106716701801e-13,1.1394740671114901e-14,2.8077889484376174e-14,4.0912655404554840e-14,4.7542590205841161e-14,4.6043118302710181e-14,3.6081027053438076e-14,1.7179046044982692e-14
793,2.1991028082300623e-13,1.1032116074772044e-14,2.7179497798844520e-14,3.9598534509076134e-14,4.6010893200334207e-14,4.4555753254274232e-14,3.4912387474748318e-14,1.6621098510956770e-14
794,2.1282535092839127e-13,1.0681022875438728e-14,2.6309840433472940e-14,3.8326616829874960e-14,4.4528543437089839e-14,4.3116441486160663e-14,3.3781607877639069e-14,1.6081277988715073e-14
795,2.0596867880973730e-13,1.0341094674729351e-14,2.5467998718276811e-14,3.7095547225411224e-14,4.3093951077967659e-14,4.1723630313369795e-14,3.2687461439135541e-14,1.5558995360846915e-14
796,1.9933291060284777e-13,1.0011976705999734e-14,2.4653083341521408e-14,3.5904014060101672e-14,4.1705577505223689e-14,4.0375817227455543e-14,3.1628761100143862e-14,1.5053680662401851e-14
797,1.9291092936565686e-13,9.6933254654330240e-15,2.3864233411942815e-14,3.4750747807843525e-14,4.0361933671324180e-14,3.9071548274798153e-14,3.0604358276297259e-14,1.4564782458017896e-14
798,1.8669584744522257e-13,9.3848083548141900e-15,2.3100615550909155e-14,3.3634519700354358e-14,3.9061578501924053e-14,3.7809416487299150e-14,2.9613141610607802e-14,1.4091767239313849e-14
799,1.8068099909063507e-13,9.0861033356231442e-15,2.2361423013566819e-14,3.2554140418890073e-14,3.7803117350297088e-14,3.6588060363804071e-14,2.8654035766567540e-14,1.3634118841886343e-14
800,1.7485993330391805e-13,8.7968985940883088e-15,2.1645874838046780e-14,3.1508458827949401e-14,3.6585200501560393e-14,3.5406162400612630e-14,2.7726000260387062e-14,1.3191337881273456e-14
801,1.6922640692125469e-13,8.5168922168536494e-15,2.0953215021835512e-14,3.0496360749617494e-14,3.5406521725088789e-14,3.4262447669489569e-14,2.6828028331101983e-14,1.2762941207267703e-14
802,1.6377437791711894e-13,8.2457918769233019e-15,2.0282711724443642e-14,2.9516767777244775e-14,3.4265816873566572e-14,3.3155682441640422e-14,2.5959145847319029e-14,1.2348461375981192e-14
803,1.5849799892412932e-13,7.9833145295584232e-15,1.9633656495533146e-14,2.8568636127198852e-14,3.3161862527174166e-14,3.2084672856166195e-14,2.5118410249413241e-14,1.1947446139085274e-14
804,1.5339161096167649e-13,7.7291861178112458e-15,1.9005363527690574e-14,2.7650955527467934e-14,3.2093474681455459e-14,3.1048263631559051e-14,2.4304909526026510e-14,1.1559457949665722e-14
805,1.4844973736659795e-13,7.4831412873912758e-15,1.8397168933059830e-14,2.6762748141933143e-14,3.1059507477458671e-14,3.0045336818847498e-14,2.3517761223754750e-14,1.1184073484152756e-14
806,1.4366707791938977e-13,7.2449231105681641e-15,1.7808430043072964e-14,2.5903067529165319e-14,3.0058851972788683e-14,2.9074810595044560e-14,2.2756111488947291e-14,1.0820883179802787e-14
807,1.3903850315965725e-13,7.0142828188252082e-15,1.7238524730541868e-14,2.5070997634638508e-14,2.9090434952252840e-14,2.8135638095596121e-14,2.2019134140576915e-14,1.0469490787225777e-14
808,1.3455904888470587e-13,6.7909795439864146e-15,1.6686850753397192e-14,2.4265651815287753e-14,2.8153217776824611e-14,2.7226806284568485e-14,2.1306029773172779e-14,1.0129512937468636e-14
809,1.3022391082537385e-13,6.5747800675488497e-15,1.6152825119383599e-14,2.3486171895373464e-14,2.7246195269690586e-14,2.6347334861355244e-14,2.0616024888841140e-14,9.8005787231809631e-15
810,1.2602843949339491e-13,6.3654585779604823e-15,1.5635883471042490e-14,2.2731727252647680e-14,2.6368394638186179e-14,2.5496275202722744e-14,1.9948371057430436e-14,9.4823292934048827e-15
811,1.2196813519476562e-13,6.1627964355919302e-15,1.5135479490334702e-14,2.2001513933849974e-14,2.5518874430463601e-14,2.4672709339051823e-14,1.9302344103927938e-14,9.1744174615456406e-15
812,1.1803864320376892e-13,5.9665819451584960e-15,1.4651084322276283e-14,2.1294753798591731e-14,2.4696723525773374e-14,2.3875748963670254e-14,1.8677243322204724e-14,8.8765073260940704e-15
813,1.1423574909247788e-13,5.7766101353565791e-15,1.4182186016980515e-14,2.0610693690717996e-14,2.3901060157276198e-14,2.3104534474206216e-14,1.8072390714254411e-14,8.5882739036859726e-15
814,1.1055537421073039e-13,5.5926825454859718e-15,1.3728288989518658e-14,1.9948604636265013e-14,2.3131030966337341e-14,2.2358234044927599e-14,1.7487130254098840e-14,8.3094027740969728e-15
815,1.0699357131172737e-13,5.4146070188368676e-15,1.3288913497030664e-14,1.9307781067160131e-14,2.2385810087289094e-14,2.1636042729065459e-14,1.6920827175560661e-14,8.0395897367845108e-15
816,1.0354652031856269e-13,5.2421975026272874e-15,1.2863595132535209e-14,1.8687540069837921e-14,2.1664598261679824e-14,2.0937181590152403e-14,1.6372867283128823e-14,7.7785404786012158e-15
817,1.0021052422714398e-13,5.0752738542835094e-15,1.2451884334906039e-14,1.8087220657973025e-14,2.0966621981059567e-14,2.0260896861437746e-14,1.5842656285167910e-14,7.5259702523161748e-15
818,9.6982005141111078e-14,4.9136616538625998e-15,1.2053345914498560e-14,1.7506183068555769e-14,2.0291132657382802e-14,1.9606459132472081e-14,1.5329619148746822e-14,7.2816035655924511e-15
819,9.3857500434498590e-14,4.7571920224224853e-15,1.1667558593927063e-14,1.6943808080561512e-14,1.9637405820138684e-14,1.8973162561982734e-14,1.4833199475385511e-14,7.0451738800805949e-15
820,9.0833659038027368e-14,4.6057014461512190e-15,1.1294114563509002e-14,1.6399496355488644e-14,1.9004740339347615e-14,1.8360324116190340e-14,1.4352858897041484e-14,6.8164233202990688e-15
821,8.7907237845042140e-14,4.4590316060729935e-15,1.0932619050908049e-14,1.5872667799063479e-14,1.8392457673590808e-14,1.7767282831744097e-14,1.3888076491679629e-14,6.5951023919830817e-15
822,8.5075098233240006e-14,4.3170292131542453e-15,1.0582689904522692e-14,1.5362760943432765e-14,1.7799901142266372e-14,1.7193399102479857e-14,1.3438348217790260e-14,6.3809697095938188e-15
823,8.2334202698460047e-14,4.1795458486388108e-15,1.0243957190181555e-14,1.4869232349186358e-14,1.7226435221291379e-14,1.6638053989230978e-14,1.3003186367240931e-14,6.1737917326900253e-15
824,7.9681611596923046e-14,4.0464378094464673e-15,9.9160628007206204e-15,1.4391556026573657e-14,1.6671444861494578e-14,1.6100648551946745e-14,1.2582119035867406e-14,5.9733425108735732e-15
825,7.7114479992427933e-14,3.9175659584744497e-15,9.5986600780310975e-15,1.3929222875297841e-14,1.6134334828968666e-14,1.5580603203397223e-14,1.2174689611228553e-14,5.7794034370300943e-15
826,7.4630054605122966e-14,3.7927955796466294e-15,9.2914134471798351e-15,1.3481740142291757e-14,1.5614529066674679e-14,1.5077357083766773e-14,1.1780456276968507e-14,5.5917630085947873e-15
827,7.2225670858579784e-14,3.6719962375599132e-15,8.9939980622167853e-15,1.3048630896898327e-14,1.5111470076613835e-14,1.4590367455461028e-14,1.1398991533247583e-14,5.4102165965823094e-15
828,6.9898750022002702e-14,3.5550416415822333e-15,8.7060994632964684e-15,1.2629433522896973e-14,1.4624618321904153e-14,1.4119109117473866e-14,1.1029881732720840e-14,5.2345662221281654e-15
829,6.7646796444508583e-14,3.4418095142610601e-15,8.4274132447521427e-15,1.2223701226835404e-14,1.4153451648120555e-14,1.3663073838682156e-14,1.0672726631560058e-14,5.0646203402972110e-15
830,6.5467394878510996e-14,3.3321814639058682e-15,8.1576447337730252e-15,1.1831001562143485e-14,1.3697464723277950e-14,1.3221769809456410e-14,1.0327138955031389e-14,4.9001936309228613e-15
831,6.3358207889337723e-14,3.2260428612122944e-15,7.8965086793460079e-15,1.1450915968522721e-14,1.3256168495856491e-14,1.2794721110995306e-14,9.9927439771566171e-15,4.7411067962482793e-15
832,6.1316973348303755e-14,3.1232827197999138e-15,7.6437289511341424e-15,1.1083039326121064e-14,1.2829089670287911e-14,1.2381467201811166e-14,9.6691791140013100e-15,4.5871863651482516e-15
833,5.9341502006550749e-14,3.0237935805396112e-15,7.3990382479746138e-15,1.0726979524018587e-14,1.2415770199340239e-14,1.1981562420811975e-14,9.3560935301480395e-15,4.4382645037176834e-15
834,5.7429675147050958e-14,2.9274713995504605e-15,7.1621778156890491e-15,1.0382357042564685e-14,1.2015766792856606e-14,1.1594575506443505e-14,9.0531477579270656e-15,4.2941788320195897e-15
835,5.5579442312257539e-14,2.8342154397498196e-15,6.9328971739088232e-15,1.0048804549122321e-14,1.1628650442321141e-14,1.1220089131372384e-14,8.7600133289908334e-15,4.1547722467922271e-15
836,5.3788819104963890e-14,2.7439281658440282e-15,6.7109538516274911e-15,9.7259665067889405e-15,1.1254005960742136e-14,1.0857699452207810e-14,8.4763724178320009e-15,4.0198927499214825e-15
837,5.2055885060013468e-14,2.6565151426506631e-15,6.4961131312016813e-15,9.4134987956776945e-15,1.0891431537358947e-14,1.0507015673775744e-14,8.2019174968577314e-15,3.8893932824910090e-15
838,5.0378781584577656e-14,2.5718849366467607e-15,6.2881478005306721e-15,9.1110683463557437e-15,1.0540538306695062e-14,1.0167659627475269e-14,7.9363510026454982e-15,3.7631315642286477e-15
839,4.8755709964792281e-14,2.4899490206407577e-15,6.0868379131534814e-15,8.8183527850495244e-15,1.0200949931495165e-14,9.8392653632618817e-15,7.6793850130178762e-15,3.6409699381735989e-15
840,4.7184929436615203e-14,2.4106216814691298e-15,5.8919705560106398e-15,8.5350400902393395e-15,9.8723021990988372e-15,9.5214787548172411e-15,7.4307409345854816e-15,3.5227752203945311e-15
841,4.5664755318835629e-14,2.3338199306218643e-15,5.7033396246258774e-15,8.2608282602776618e-15,9.5542426308180684e-15,9.2139571174792156e-15,7.1901492004186300e-15,3.4084185545943111e-15
842,4.4193557206233108e-14,2.2594634177039154e-15,5.5207456054707863e-15,7.9954249916774062e-15,9.2464301038995641e-15,8.9163688385196903e-15,6.9573489775193262e-15,3.2977752714424233e-15
843,4.2769757220948110e-14,2.1874743466427398e-15,5.3439953652830615e-15,7.7385473677276893e-15,8.9485344856664552e-15,8.6283930193711114e-15,6.7320878837757704e-15,3.1907247524812821e-15
844,4.1391828320188784e-14,2.1177773945548639e-15,5.1729019471162556e-15,7.4899215571055997e-15,8.6602362794469923e-15,8.3497191294154656e-15,6.5141217140919421e-15,3.0871502984576677e-15
845,4.0058292658459074e-14,2.0502996331871861e-15,5.0072843729060756e-15,7.2492825221631549e-15,8.3812262819104710e-15,8.0800466709620441e-15,6.3032141753947864e-15,2.9869390019353525e-15
846,3.8767720002551393e-14,1.9849704528513747e-15,4.8469674523450969e-15,7.0163737365789289e-15,8.1112052514429043e-15,7.8190848550522983e-15,6.0991366302311218e-15,2.8899816240496650e-15
847,3.7518726197604169e-14,1.9217214887723310e-15,4.6917815978644348e-15,6.7909469120737341e-15,7.8498835872067601e-15,7.5665522877418559e-15,5.9016678486757880e-15,2.7961724752692656e-15
848,3.6309971682578923e-14,1.8604865497741706e-15,4.5415626455273203e-15,6.5727617338994866e-15,7.5969810185405391e-15,7.3221766665210335e-15,5.7105937682815593e-15,2.7054093000348113e-15
849,3.5140160053564746e-14,1.8012015492296102e-15,4.3961516816457721e-15,6.3615856048196223e-15,7.3522263043650765e-15,7.0856944865461912e-15,5.5257072618100793e-15,2.6175931651483909e-15
850,3.4008036673369377e-14,1.7438044382009905e-15,4.2553948749375741e-15,6.1571933973085324e-15,7.1153569422742042e-15,6.8568507563647720e-15,5.3468079124915377e-15,2.5326283517917636e-15
851,3.2912387325905528e-14,1.6882351407034416e-15,4.1191433140466059e-15,5.9593672137062004e-15,6.8861188869977044e-15,6.6353987228272301e-15,5.1737017965689955e-15,2.4504222510553544e-15
852,3.1852036913929429e-14,1.6344354910228982e-15,3.9872528502552286e-15,5.7678961540727173e-15,6.6642662779346971e-15,6.4210996048888758e-15,5.0062012728911821e-15,2.3708852628638335e-15
853,3.0825848198734682e-14,1.5823491730238006e-15,3.8595839452228772e-15,5.5825760914955012e-15,6.4495611754651349e-15,6.2137223360143330e-15,4.8441247793252244e-15,2.2939306981878134e-15
854,2.9832720580449951e-14,1.5319216613833843e-15,3.7360015235903352e-15,5.4032094546100225e-15,6.2417733057566784e-15,6.0130433149065434e-15,4.6872966357682157e-15,2.2194746844347757e-15
855,2.8871588917632249e-14,1.4831001646914648e-15,3.6163748302942624e-15,5.2296050171025102e-15,6.0406798137932110e-15,5.8188461642912725e-15,4.5355468535436822e-15,2.1474360739158467e-15
856,2.7941422384889743e-14,1.4358335703565435e-15,3.5005772924415248e-15,5.0615776939704917e-15,5.8460650243601218e-15,5.6309214974967630e-15,4.3887109509759244e-15,2.0777363552883732e-15
857,2.7041223367309028e-14,1.3900723912609611e-15,3.3884863855976909e-15,4.8989483443242885e-15,5.6577202107300228e-15,5.4490666925765671e-15,4.2466297749419708e-15,2.0102995678775283e-15
858,2.6170026390501000e-14,1.3457687141096099e-15,3.2799835043486642e-15,4.7415435805194857e-15,5.4754433708007876e-15,5.2730856737318034e-15,4.1091493282073336e-15,1.9450522187833149e-15
859,2.5326897085117812e-14,1.3028761494185001e-15,3.1749538369989843e-15,4.5891955834171827e-15,5.2990390104458472e-15,5.1027886997968656e-15,3.9761206023580531e-15,1.8819232026823790e-15
860,2.4510931184730421e-14,1.2613497830911622e-15,3.0732862442746335e-15,4.4417419235753021e-15,5.1283179338443598e-15,4.9379921595603418e-15,3.8473994161476217e-15,1.8208437242370003e-15
861,2.3721253555991845e-14,1.2211461295325183e-15,2.9748731419024402e-15,4.2990253881806036e-15,4.9630970405664016e-15,4.7785183737001999e-15,3.7228462590832119e-15,1.7617472230264686e-15
862,2.2957017260045986e-14,1.1822230862514548e-15,2.8796103869422373e-15,4.1608938135371014e-15,4.8031991291955155e-15,4.6241954031194729e-15,3.6023261400813830e-15,1.7045693009188213e-15
863,2.2217402644175444e-14,1.1445398899048727e-15,2.7873971677518884e-15,4.0271999229325514e-15,4.6484527072780476e-15,4.4748568634755958e-15,3.4857084410289048e-15,1.6492476518035815e-15
864,2.1501616462713987e-14,1.1080570737374842e-15,2.6981358974691394e-15,3.8978011697103580e-15,4.4986918073954055e-15,4.3303417457031990e-15,3.3728667750896829e-15,1.5957219936087186e-15
865,2.0808891026280954e-14,1.0727364263730822e-15,2.6117321108979276e-15,3.7725595853798073e-15,4.3537558091619804e-15,4.1904942423366770e-15,3.2636788496039323e-15,1.5439340025275495e-15
866,2.0138483378425057e-14,1.0385409519144030e-15,2.5280943646904005e-15,3.6513416326029069e-15,4.2134892669578375e-15,4.0551635794450635e-15,3.1580263334307242e-15,1.4938272493837184e-15
867,1.9489674498794522e-14,1.0054348313100662e-15,2.4471341407193505e-15,3.5340180629012767e-15,4.0777417432113900e-15,3.9242038539978448e-15,3.0557947285898636e-15,1.4453471380647302e-15
868,1.8861768531979085e-14,9.7338338494839492e-16,2.3687657525391389e-15,3.4204637789315830e-15,3.9463676470532841e-15,3.7974738764861949e-15,2.9568732460637226e-15,1.3984408459567669e-15
869,1.8254092041196550e-14,9.4235303643918547e-16,2.2929062548364300e-15,3.3105577011828586e-15,3.8192260781684151e-15,3.6748370186297613e-15,2.8611546856241802e-15,1.3530572663157191e-15
870,1.7665993286023679e-14,9.1231127754573578e-16,2.2194753557752278e-15,3.2041826389537640e-15,3.6961806756786309e-15,3.5561610660046739e-15,2.7685353195541834e-15,1.3091469525114652e-15
871,1.7096841523396666e-14,8.8322663423063458e-16,2.1483953321437307e-15,3.1012251654723993e-15,3.5770994718940272e-15,3.4413180754336945e-15,2.6789147801376853e-15,1.2666620640844920e-15
872,1.6546026331131514e-14,8.5506863377997105e-16,2.0795909472134942e-15,3.0015754970256735e-15,3.4618547507760052e-15,3.3301842369846510e-15,2.5921959507957963e-15,1.2255563145559222e-15
873,1.6012956953238857e-14,8.2780777297174291e-16,2.0129893712242385e-15,2.9051273759695432e-15,3.3503229109602574e-15,3.2226397404281731e-15,2.5082848607509602e-15,1.1857849209339403e-15
874,1.5497061666330942e-14,8.0141548725532842e-16,1.9485201044104100e-15,2.8117779574955051e-15,3.2423843331928081e-15,3.1185686460106515e-15,2.4270905831047870e-15,1.1473045548614525e-15
875,1.4997787166441384e-14,7.7586412090993646e-16,1.8861149024882871e-15,2.7214277000327880e-15,3.1379232520369076e-15,3.0178587594029545e-15,2.3485251362188899e-15,1.1100732953516183e-15
876,1.4514597975599893e-14,7.5112689815096655e-16,1.8257077045250019e-15,2.6339802591695119e-15,3.0368276317131950e-15,2.9204015106899291e-15,2.2725033882916597e-15,1.0740505830596278e-15
877,1.4046975867525685e-14,7.2717789515419598e-16,1.7672345631133840e-15,2.5493423849798549e-15,2.9389890459399615e-15,2.8260918372701403e-15,2.1989429650273794e-15,1.0391971760407674e-15
878,1.3594419311823464e-14,7.0399201296866469e-16,1.7106335767789355e-15,2.4674238226478868e-15,2.8443025616446464e-15,2.7348280705394332e-15,2.1277641602974405e-15,1.0054751069464575e-15
879,1.3156442936085998e-14,6.8154495129005177e-16,1.6558448245476183e-15,2.3881372162822270e-15,2.7526666264218410e-15,2.6465118262360750e-15,2.0588898496966824e-15,9.7284764161150286e-16
880,1.2732577005326294e-14,6.5981318306723269e-16,1.6028103026054096e-15,2.3113980158191086e-15,2.6639829596170974e-15,2.5610478983291224e-15,1.9922454069010002e-15,9.4127923898732261e-16
881,1.2322366918181126e-14,6.3877392991557256e-16,1.5514738629827802e-15,2.2371243869146853e-15,2.5781564469197363e-15,2.4783441563355143e-15,1.9277586227354334e-15,9.1073551237740579e-16
882,1.1925372719345551e-14,6.1840513831134651e-16,1.5017811541993909e-15,2.1652371237306267e-15,2.4950950383515879e-15,2.3983114459550872e-15,1.8653596268648688e-15,8.8118319193264421e-16
883,1.1541168627715482e-14,5.9868545654249434e-16,1.4536795638063681e-15,2.0956595645201074e-15,2.4147096495422747e-15,2.3208634929162892e-15,1.8049808120223600e-15,8.5259008836558739e-16
884,1.1169342579732282e-14,5.7959421239170029e-16,1.4071181627655182e-15,2.0283175099243008e-15,2.3369140661851393e-15,2.2459168099288288e-15,1.7465567606928046e-15,8.2492505784399145e-16
885,1.0809495787439605e-14,5.6111139152855153e-16,1.3620476516067816e-15,1.9631391438923406e-15,2.2616248515713531e-15,2.1733906066428611e-15,1.6900241741723996e-15,7.9815796802531747e-16
886,1.0461242310778439e-14,5.4321761658826367e-16,1.3184203083070952e-15,1.9000549571405461e-15,2.1887612571030328e-15,2.1032067025175465e-15,1.6353218039268667e-15,7.7225966519508837e-16
887,1.0124208643661723e-14,5.2589412691517935e-16,1.2761899378356559e-15,1.8389976730693719e-15,2.1182451356893861e-15,2.0352894425049668e-15,1.5823903851739424e-15,7.4720194247321920e-16
888,9.7980333133845105e-15,5.0912275894993450e-16,1.2353118233123270e-15,1.7799021760591921e-15,2.0500008579330074e-15,1.9695656154584128e-15,1.5311725726180403e-15,7.2295750905359743e-16
889,9.4823664929401218e-15,4.9288592723985650e-16,1.1957426787276375e-15,1.7227054420685349e-15,1.9839552310164312e-15,1.9059643751770100e-15,1.4816128782673273e-15,6.9949996044332517e-16
890,9.1768696258264024e-15,4.7716660605280789e-16,1.1574406031744652e-15,1.6673464714608584e-15,1.9200374202019417e-15,1.8444171640014818e-15,1.4336576112657235e-15,6.7680374966912431e-16
891,8.8812150629397750e-15,4.6194831157531593e-16,1.1203650365430902e-15,1.6137662239883122e-15,1.8581788728604617e-15,1.7848576388786129e-15,1.3872548196745201e-15,6.5484415941946232e-16
892,8.5950857111675873e-15,4.4721508467643597e-16,1.0844767166328555e-15,1.5619075558632369e-15,1.7983132449480188e-15,1.7272215998146344e-15,1.3423542341404235e-15,6.3359727509198254e-16
893,8.3181746933018940e-15,4.3295147421938574e-16,1.0497376376351506e-15,1.5117151588503750e-15,1.7403763298509534e-15,1.6714469206403341e-15,1.2989072133888906e-15,6.1303995871680474e-16
894,8.0501850189099245e-15,4.1914252090355757e-16,1.0161110099438988e-15,1.4631355013149128e-15,1.6843059895235482e-15,1.6174734820131858e-15,1.2568666914835924e-15,5.9314982372722846e-16
895,7.7908292658082296e-15,4.0577374162006565e-16,9.8356122125111321e-16,1.4161167711635647e-15,1.6300420878442139e-15,1.5652431065842128e-15,1.2161871267947693e-15,5.7390521055028843e-16
896,7.5398292717988926e-15,3.9283111430452204e-16,9.5205379888645012e-16,1.3706088206179169e-15,1.5775264261187713e-15,1.5146994962596287e-15,1.1768244526210914e-15,5.5528516299051241e-16
897,7.2969158363372046e-15,3.8030106327125195e-16,9.2155537336100162e-16,1.3265631127612059e-15,1.5267026806616433e-15,1.4657881714895670e-15,1.1387360294114374e-15,5.3726940538109758e-16
898,7.0618284318107948e-15,3.6817044501365739e-16,8.9203364307683181e-16,1.2839326698015942e-15,1.4775163423880175e-15,1.4184564125183947e-15,1.1018805985347384e-15,5.1983832047756011e-16
899,6.8343149241205971e-15,3.5642653445592775e-16,8.6345734016500063e-16,1.2426720229968271e-15,1.4299146583521894e-15,1.3726532025332203e-15,1.0662182375477124e-15,5.0297292806972031e-16
900,6.6141313022639817e-15,3.4505701164176058e-16,8.3579619741600050e-16,1.2027371641869378e-15,1.3838465751693876e-15,1.3283291726492623e-15,1.0317103169119558e-15,4.8665486428867726e-16
901,6.4010414166299650e-15,3.3404994884621528e-16,8.0902091626769189e-16,1.1640854988833581e-15,1.3392626842603982e-15,1.2854365486727185e-15,9.9831945811340416e-16,4.7086636158617974e-16
902,6.1948167257259032e-15,3.2339379809725992e-16,7.8310313581693269e-16,1.1266758008644787e-15,1.2961151688602630e-15,1.2439290995836992e-15,9.6600949313873159e-16,4.5559022936453816e-16
903,5.9952360510639453e-15,3.1307737909399801e-16,7.5801540282217827e-16,1.0904681682292758e-15,1.2543577527342165e-15,1.2037620876836437e-15,9.3474542526470138e-16,4.4080983523593182e-16
904,5.8020853399444291e-15,3.0308986750897702e-16,7.3373114266537915e-16,1.0554239808621991e-15,1.2139456505458637e-15,1.1648922203534328e-15,9.0449339111792281e-16,4.2650908689065437e-16
905,5.6151574358817508e-15,2.9342078366237732e-16,7.1022463124250709e-16,1.0215058592640043e-15,1.1748355198243607e-15,1.1272776033701539e-15,8.7522062396384396e-16,4.1267241455450359e-16
906,5.4342518564265216e-15,2.8405998155627044e-16,6.8747096775302736e-16,9.8867762470467390e-16,1.1369854144790889e-15,1.0908776957321490e-15,8.4689541818514448e-16,3.9928475401616777e-16
907,5.2591745781457010e-15,2.7499763825750754e-16,6.6544604835957944e-16,9.5690426065597398e-16,1.1003547398119619e-15,1.0556532659436132e-15,8.1948709491098342e-16,3.8633153020608077e-16
908,5.0897378285301022e-15,2.6622424361816462e-16,6.4412654069004908e-16,9.2615187546256391e-16,1.0649042089791194e-15,1.0215663497115755e-15,7.9296596875980740e-16,3.7379864130882257e-16
909,4.9257598846061042e-15,2.5773059032282017e-16,6.2348985915510081e-16,8.9638766621188755e-16,1.0305958008553092e-15,9.8858020900963142e-16,7.6730331565963135e-16,3.6167244339172420e-16
910,4.7670648780355436e-15,2.4950776425228282e-16,6.0351414105510261e-16,8.6757988376435639e-16,9.9739271925576725e-16,9.5665929246425689e-16,7.4247134171087982e-16,3.4993973553289800e-16
911,4.6134826064947870e-15,2.4154713515371598e-16,5.8417822345120777e-16,8.3969779890656662e-16,9.6525935347186416e-16,9.2576919702097112e-16,7.1844315305799792e-16,3.3858774543246317e-16
912,4.4648483511306714e-15,2.3384034760742487e-16,5.6546162077616362e-16,8.1271166959149414e-16,9.3416124007818573e-16,8.9587663084899507e-16,6.9519272673714701e-16,3.2760411549126095e-16
913,4.3210026998975310e-15,2.2637931228088005e-16,5.4734450316119660e-16,7.8659270923076204e-16,9.0406502597009068e-16,8.6694937744438257e-16,6.7269488246835386e-16,3.1697688934186581e-16
914,4.1817913765858418e-15,2.1915619746085284e-16,5.2980767545608511e-16,7.6131305600520047e-16,8.7493843259210046e-16,8.3895626089290191e-16,6.5092525536150742e-16,3.0669449881719383e-16
915,4.0470650753591082e-15,2.1216342085482502e-16,5.1283255692025372e-16,7.3684574316100214e-16,8.4675022131875639e-16,8.1186711225519432e-16,6.2986026950659067e-16,2.9674575134248548e-16
916,3.9166793006215401e-15,2.0539364165311754e-16,4.9640116156343754e-16,7.1316467025982503e-16,8.1947015995081398e-16,7.8565273703794598e-16,6.0947711241949667e-16,2.8711981773690312e-16
917,3.7904942120447707e-15,1.9883975284345356e-16,4.8049607911515063e-16,6.9024457535221231e-16,7.9306899029084125e-16,7.6028488371598088e-16,5.8975371031569986e-16,2.7780622041143264e-16
918,3.6683744745874061e-15,1.9249487376993511e-16,4.6510045660285070e-16,6.6806100804468052e-16,7.6751839676344727e-16,7.3573621327132127e-16,5.7066870418496311e-16,2.6879482195020792e-16
919,3.5501891133465428e-15,1.8635234292866646e-16,4.5019798051934191e-16,6.4659030343178018e-16,7.4279097604648277e-16,7.1198026971635376e-16,5.5220142664111844e-16,2.6007581406279897e-16
920,3.4358113730855966e-15,1.8040571099250396e-16,4.3577285956057382e-16,6.2580955686535478e-16,7.1886020768064389e-16,6.8899145156930241e-16,5.3433187952181067e-16,2.5163970689540698e-16
921,3.3251185822877705e-15,1.7464873405765168e-16,4.2180980791560144e-16,6.0569659953411402e-16,6.9570042562595755e-16,6.6674498425124276e-16,5.1704071221389907e-16,2.4347731868930386e-16
922,3.2179920215893596e-15,1.6907536710505218e-16,4.0829402909104862e-16,5.8622997482750192e-16,6.7328679073464124e-16,6.4521689337487655e-16,5.0030920068100891e-16,2.3557976577523049e-16
923,3.1143167964517923e-15,1.6367975766974674e-16,3.9521120025298725e-16,5.6738891545867443e-16,6.5159526411081555e-16,6.2438397889625558e-16,4.8411922717047594e-16,2.2793845289283695e-16
924,3.0139817139358395e-15,1.5845623971159497e-16,3.8254745706968637e-16,5.4915332132221268e-16,6.3060258132849576e-16,6.0422379010157343e-16,4.6845326057767392e-16,2.2054506382460201e-16
925,2.9168791634458359e-15,1.5339932768095494e-16,3.7028937903921668e-16,5.3150373806297520e-16,6.1028622748021211e-16,5.8471460140204155e-16,4.5329433744642355e-16,2.1339155233401153e-16
926,2.8229050013160090e-15,1.4850371077312672e-16,3.5842397528640629e-16,5.1442133633325573e-16,5.9062441302949815e-16,5.6583538891074084e-16,4.3862604358487141e-16,2.0647013339810991e-16
927,2.7319584391151322e-15,1.4376424736556030e-16,3.4693867081414031e-16,4.9788789171614341e-16,5.7159605044134803e-16,5.4756580777618346e-16,4.2443249627689914e-16,1.9977327472485763e-16
928,2.6439419355497041e-15,1.3917595963201837e-16,3.3582129319447524e-16,4.8188576529369045e-16,5.5318073156557820e-16,5.2988617024813483e-16,4.1069832706976582e-16,1.9329368854604123e-16
929,2.5587610918497289e-15,1.3473402832806989e-16,3.2506005968550521e-16,4.6639788483918423e-16,5.3535870574883925e-16,5.1277742445203798e-16,3.9740866511931179e-16,1.8702432367678041e-16
930,2.4763245505248851e-15,1.3043378774246788e-16,3.1464356476036464e-16,4.5140772661347899e-16,5.1811085865179934e-16,4.9622113384914226e-16,3.8454912107466133e-16,1.8095835783297061e-16
931,2.3965438973825092e-15,1.2627072080913877e-16,3.0456076803518880e-16,4.3689929774599172e-16,5.0141869174878315e-16,4.8019945736018574e-16,3.7210577148494207e-16,1.7508919019827900e-16
932,2.3193335667022986e-15,1.2224045437467791e-16,2.9480098258327403e-16,4.2285711918158576e-16,4.8526430248787869e-16,4.6469513013118838e-16,3.6006514371110880e-16,1.6941043423258479e-16
933,2.2446107494660341e-15,1.1833875461640741e-16,2.8535386362308745e-16,4.0926620917517018e-16,4.6963036509023172e-16,4.4969144492061225e-16,3.4841420132650551e-16,1.6391591071401956e-16
934,2.1722953045439053e-15,1.1456152260621056e-16,2.7620939756817066e-16,3.9611206731642597e-16,4.5450011196793824e-16,4.3517223408781245e-16,3.3714032999033155e-16,1.5859964100701577e-16
935,2.1023096727421713e-15,1.1090479001550764e-16,2.6735789142736453e-16,3.8338065906763505e-16,4.3985731574060239e-16,4.2112185216334990e-16,3.2623132377869036e-16,1.5345584054902145e-16
936,2.0345787936199843e-15,1.0736471495688715e-16,2.5878996254415172e-16,3.7105840079813441e-16,4.2568627183127344e-16,4.0752515898236926e-16,3.1567537195839382e-16,1.4847891254877475e-16
937,1.9690300249861543e-15,1.0393757795804670e-16,2.5049652866427149e-16,3.5913214529944715e-16,4.1197178162309644e-16,3.9436750336284777e-16,3.0546104618917961e-16,1.4366344188926524e-16
938,1.9055930649895146e-15,1.0061977806383778e-16,2.4246879832110855e-16,3.4758916776565364e-16,3.9869913615861067e-16,3.8163470731111242e-16,2.9557728814046025e-16,1.3900418922873133e-16
939,1.8441998767193341e-15,9.7407829062341129e-17,2.3469826152869338e-16,3.3641715222406274e-16,3.8585410036421422e-16,3.6931305073758941e-16,2.8601339750917427e-16,1.3449608529325888e-16
940,1.7847846152349008e-15,9.4298355831029168e-17,2.2717668077247556e-16,3.2560417840172126e-16,3.7342289778287406e-16,3.5738925666630084e-16,2.7675902042574395e-16,1.3013422535475601e-16
941,1.7272835569460259e-15,9.1288090799197423e-17,2.1989608228834709e-16,3.1513870901376577e-16,3.6139219579870908e-16,3.4585047692215781e-16,2.6780413823556692e-16,1.2591386388828167e-16
942,1.6716350312687145e-15,8.8373870522967412e-17,2.1284874762069648e-16,3.0500957746006863e-16,3.4974909133759672e-16,3.3468427828061146e-16,2.5913905664387409e-16,1.2183040940289984e-16
943,1.6177793544827192e-15,8.5552632369282419e-17,2.0602720545056945e-16,2.9520597591706708e-16,3.3848109702846976e-16,3.2387862906472582e-16,2.5075439521218256e-16,1.1787941944042219e-16
944,1.5656587657200207e-15,8.2821411305429213e-17,1.9942422368529718e-16,2.8571744381208252e-16,3.2757612781045857e-16,3.1342188617521572e-16,2.4264107719495265e-16,1.1405659573658462e-16
945,1.5152173650155963e-15,8.0177336790731156e-17,1.9303280180122952e-16,2.7653385666784880e-16,3.1702248797151692e-16,3.0330278253946248e-16,2.3479031970542746e-16,1.1035777953937990e-16
946,1.4664010533540288e-15,7.7617629767162749e-17,1.8684616343147746e-16,2.6764541530535697e-16,3.0680885860462813e-16,2.9351041496597134e-16,2.2719362419999080e-16,1.0677894707944125e-16
947,1.4191574746476535e-15,7.5139599745740402e-17,1.8085774919082889e-16,2.5904263539351186e-16,2.9692428546814011e-16,2.8403423239117090e-16,2.1984276727072451e-16,1.0331620518753661e-16
948,1.3734359595840175e-15,7.2740641985643247e-17,1.7506120973025062e-16,2.5071633733446062e-16,2.8735816723720779e-16,2.7486402450588066e-16,2.1272979173618064e-16,9.9965787054394138e-17
949,1.3291874712824284e-15,7.0418234763115033e-17,1.6945039901363445e-16,2.4265763647381356e-16,2.7810024413374334e-16,2.6598991074917837e-16,2.0584699802070808e-16,9.6724048128235582e-17
950,1.2863645527013008e-15,6.8169936727291767e-17,1.6401936780967740e-16,2.3485793362532355e-16,2.6914058692267970e-16,2.5740232965780020e-16,1.9918693581298494e-16,9.3587462145543086e-17
951,1.2449212757399039e-15,6.5993384340190473e-17,1.5876235739201535e-16,2.2730890589992319e-16,2.6046958626274503e-16,2.4909202855958535e-16,1.9274239599471279e-16,9.0552617290731494e-17
952,1.2048131919799146e-15,6.3886289398182148e-17,1.5367379344094882e-16,2.2000249782934691e-16,2.5207794240032745e-16,2.4105005359985101e-16,1.8650640283071995e-16,8.7616212480538467e-17
953,1.1659972850139503e-15,6.1846436632357563e-17,1.4874828014031189e-16,2.1293091277487530e-16,2.4395665519537628e-16,2.3326774008994282e-16,1.8047220641200577e-16,8.4775053769080583e-17
954,1.1284319243099452e-15,5.9871681385276190e-17,1.4398059446324269e-16,2.0608660461204583e-16,2.3609701446864230e-16,2.2573670316754987e-16,1.7463327534353274e-16,8.2026050869655714e-17
955,1.0920768205619032e-15,5.7959947361668945e-17,1.3936568064081237e-16,1.9946226968246564e-16,2.2849059065990501e-16,2.1844882875871562e-16,1.6898328966883672e-16,7.9366213789499153e-17
956,1.0568929824791245e-15,5.6109224450742263e-17,1.3489864480766366e-16,1.9305083900414875e-16,2.2112922578716628e-16,2.1139626483179462e-16,1.6351613402378502e-16,7.6792649573824012e-17
957,1.0228426749675727e-15,5.4317566617805942e-17,1.3057474981899602e-16,1.8684547073207435e-16,2.1400502469711588e-16,2.0457141293392633e-16,1.5822589101205843e-16,7.4302559155595844e-17
958,9.8988937865852834e-16,5.2583089863019580e-17,1.2638941023341655e-16,1.8083954286092919e-16,2.0711034659748338e-16,1.9796692000089704e-16,1.5310683479517556e-16,7.1893234307607026e-17
959,9.5799775074112200e-16,5.0903970245122403e-17,1.2233818745635079e-16,1.7502664616225716e-16,2.0043779686219576e-16,1.9157567043155917e-16,1.4815342489010916e-16,6.9562054693527639e-17
960,9.2713358705674013e-16,4.9278441968079405e-17,1.1841678503887637e-16,1.6940057734848558e-16,1.9398021910055089e-16,1.8539077841826015e-16,1.4336030016777035e-16,6.7306485014717440e-17
961,8.9726378541464838e-16,4.7704795528642024e-17,1.1462104412700810e-16,1.6395533245654284e-16,1.8773068748190148e-16,1.7940558052501129e-16,1.3872227304585368e-16,6.5124072249688992e-17
962,8.6835631008949040e-16,4.6181375922885666e-17,1.1094693905662099e-16,1.5868510044401422e-16,1.8168249930761764e-16,1.7361362850539261e-16,1.3423432386974763e-16,6.3012442983211685e-17
963,8.4038015746258278e-16,4.4706580909847722e-17,1.0739057308935236e-16,1.5358425699100884e-16,1.7582916782236115e-16,1.6800868235244927e-16,1.2989159547541810e-16,6.0969300822145274e-17
964,8.1330532277015671e-16,4.3278859330449320e-17,1.0394817428497231e-16,1.4864735850113185e-16,1.7016441525696131e-16,1.6258470357308494e-16,1.2568938792837135e-16,5.8992423895185615e-17
965,7.8710276792288506e-16,4.1896709479941964e-17,1.0061609150585729e-16,1.4386913629516580e-16,1.6468216609543148e-16,1.5733584867969972e-16,1.2162315343299170e-16,5.7079662433797049e-17
966,7.6174439036217741e-16,4.0558677532176136e-17,9.7390790549339854e-17,1.3924449099127224e-16,1.5937654055890405e-16,1.5225646289205451e-16,1.1768849140673628e-16,5.5228936431694363e-17
967,7.3720299291984546e-16,3.9263356014042948e-17,9.4268850403843645e-17,1.3476848706572275e-16,1.5424184829949621e-16,1.4734107404257056e-16,1.1388114371384644e-16,5.3438233380322890e-17
968,7.1345225464880857e-16,3.8009382328492408e-17,9.1246959624843400e-17,1.3043634758836033e-16,1.4927258229734285e-16,1.4258438667849252e-16,1.1019699005340874e-16,5.1705606077868365e-17
969,6.9046670259355886e-16,3.6795437324582637e-17,8.8321912826816050e-17,1.2624344912718011e-16,1.4446341295425055e-16,1.3798127635455463e-16,1.0663204349676684e-16,5.0029170509408086e-17
970,6.6822168447010638e-16,3.5620243913063588e-17,8.5490607287472021e-17,1.2218531681659599e-16,1.3980918237763899e-16,1.3352678410999730e-16,1.0318244616944550e-16,4.8407103795892973e-17
971,6.4669334222610459e-16,3.4482565726046243e-17,8.2750039660674286e-17,1.1825761958413692e-16,1.3530489884863819e-16,1.2921611112397732e-16,9.9844465072907002e-17,4.6837642209724633e-17
972,6.2585858645279990e-16,3.3381205819354414e-17,8.0097302794567666e-17,1.1445616553048341e-16,1.3094573146840954e-16,1.2504461354360984e-16,9.6614488041610314e-17,4.5319079254764738e-17
973,6.0569507162135949e-16,3.2315005416200943e-17,7.7529582651552211e-17,1.1077689745791907e-16,1.2672700497694802e-16,1.2100779747906503e-16,9.3489019830990577e-17,4.3849763808683683e-17
974,5.8618117211702063e-16,3.1282842690873247e-17,7.5044155326841835e-17,1.0721588854243049e-16,1.2264419473880901e-16,1.1710131416032312e-16,9.0464678332118626e-17,4.2428098325624230e-17
975,5.6729595904535485e-16,3.0283631591154801e-17,7.2638384162454029e-17,1.0376933814484090e-16,1.1869292189038171e-16,1.1332095525036533e-16,8.7538190908937263e-17,4.1052537097220819e-17
976,5.4901917778577585e-16,2.9316320698250022e-17,7.0309716953577194e-17,1.0043356775651228e-16,1.1486894864350481e-16,1.0966264830974756e-16,8.4706390854104383e-17,3.9721584570079557e-17
977,5.3133122626821103e-16,2.8379892123018792e-17,6.8055683244359490e-17,9.7205017075293069e-17,1.1116817374038706e-16,1.0612245240766648e-16,8.1966213959601176e-17,3.8433793717885033e-17
978,5.1421313394964478e-16,2.7473360437365140e-17,6.5873891710258184e-17,9.4080240207528460e-17,1.0758662805495852e-16,1.0269655387478596e-16,7.9314695198388651e-17,3.7187764466359851e-17
979,4.9764654146797878e-16,2.6595771639661166e-17,6.3762027624179641e-17,9.1055901992083332e-17,1.0412047033593452e-16,9.9381262193244331e-17,7.6748965513515321e-17,3.5982142169360394e-17
980,4.8161368095139404e-16,2.5746202153122960e-17,6.1717850403728732e-17,8.8128774442459379e-17,1.0076598308702708e-16,9.6173006019411329e-17,7.4266248711196432e-17,3.4815616134448152e-17
981,4.6609735696209242e-16,2.4923757856089734e-17,5.9739191236972340e-17,8.5295733303212472e-17,9.7519568579884792e-17,9.3068329335106325e-17,7.1863858454497111e-17,3.3686918196329622e-17
982,4.5108092805397980e-16,2.4127573143190605e-17,5.7823950784204542e-17,8.2553754716999350e-17,9.4377744995485563e-17,9.0063887723128364e-17,6.9539195354360868e-17,3.2594821336610540e-17
983,4.3654828892451371e-16,2.3356810016415977e-17,5.5970096953281362e-17,7.9899911998699570e-17,9.1337142689843351e-17,8.7156444763082212e-17,6.7289744154831215e-17,3.1538138348360048e-17
984,4.2248385314156994e-16,2.2610657205141593e-17,5.4175662746171032e-17,7.7331372513173598e-17,8.8394500580023954e-17,8.4342868543614790e-17,6.5113071009415261e-17,3.0515720544029734e-17
985,4.0887253642680509e-16,2.1888329314183599e-17,5.2438744174440582e-17,7.4845394653328002e-17,8.5546662646594110e-17,8.1620128287301300e-17,6.3006820845637929e-17,2.9526456505319589e-17
986,3.9569974047758423e-16,2.1189065998992377e-17,5.0757498241472994e-17,7.2439324915265465e-17,8.2790574548752018e-17,7.8985291084542650e-17,6.0968714814930069e-17,2.8569270873628678e-17
987,3.8295133731012438e-16,2.0512131167121205e-17,4.9130140989279377e-17,7.0110595067401519e-17,8.0123280348509993e-17,7.6435518732952379e-17,5.8996547825087351e-17,2.7643123179772504e-17
988,3.7061365410705955e-16,1.9856812205133341e-17,4.7554945607838849e-17,6.7856719410528896e-17,7.7541919340414808e-17,7.3968064678826093e-17,5.7088186152625500e-17,2.6747006711692018e-17
989,3.5867345855317840e-16,1.9222419230137623e-17,4.6030240604965403e-17,6.5675292125908833e-17,7.5043722983406397e-17,7.1580271057395355e-17,5.5241565132444348e-17,2.5879947418920474e-17
990,3.4711794464360545e-16,1.8608284365168648e-17,4.4554408034764456e-17,6.3563984708560874e-17,7.2626011931524028e-17,6.9269565828675757e-17,5.3454686922297147e-17,2.5041002852614554e-17
991,3.3593471894920444e-16,1.8013761037652264e-17,4.3125881782804285e-17,6.1520543483015031e-17,7.0286193160274987e-17,6.7033460005820679e-17,5.1725618339642395e-17,2.4229261139994834e-17
992,3.2511178732447573e-16,1.7438223300221525e-17,4.1743145906187167e-17,5.9542787198876884e-17,6.8021757185584459e-17,6.4869544972993263e-17,5.0052488768534191e-17,2.3443839992078256e-17
