t,f_total,k_0,k_1,k_2,k_3,k_4,k_5,k_6
1,0.0000000000000000e+00,0.0000000000000000e+00,0.0000000000000000e+00,0.0000000000000000e+00,0.0000000000000000e+00,0.0000000000000000e+00,0.0000000000000000e+00,0.0000000000000000e+00
2,0.0000000000000000e+00,0.0000000000000000e+00,0.0000000000000000e+00,0.0000000000000000e+00,0.0000000000000000e+00,0.0000000000000000e+00,0.0000000000000000e+00,0.0000000000000000e+00
3,2.8722900390624987e-05,0.0000000000000000e+00,0.0000000000000000e+00,0.0000000000000000e+00,2.8722900390624987e-05,0.0000000000000000e+00,0.0000000000000000e+00,0.0000000000000000e+00
4,3.8608963668823224e-04,0.0000000000000000e+00,0.0000000000000000e+00,8.8520388641357377e-05,2.0904885940551749e-04,8.8520388641357377e-05,0.0000000000000000e+00,0.0000000000000000e+00
5,1.3815026972468370e-03,0.0000000000000000e+00,5.0122246573448148e-05,3.3941512551136001e-04,6.0242795307722066e-04,3.3941512551136001e-04,5.0122246573448148e-05,0.0000000000000000e+00
6,3.0307106112043673e-03,1.2518569678175555e-05,1.7941364099100719e-04,7.4144951993089210e-04,1.1639471500042176e-03,7.4144951993089210e-04,1.7941364099100719e-04,1.2518569678175555e-05
7,5.1474512273997170e-03,4.7039585168375739e-05,3.8473434037844805e-04,1.2378302195937151e-03,1.8082429371186395e-03,1.2378302195937151e-03,3.8473434037844805e-04,4.7039585168375739e-05
8,7.4939170685814280e-03,1.0550256333182081e-04,6.4508070652943633e-04,1.7672545170849920e-03,2.4582414946889295e-03,1.7672545170849920e-03,6.4508070652943633e-04,1.0550256333182081e-04
9,9.8642815861124961e-03,1.8408066428986326e-04,9.3495787219194382e-04,2.2823384071740268e-03,3.0615276988008281e-03,2.2823384071740268e-03,9.3495787219194382e-04,1.8408066428986326e-04
10,1.2111141127710822e-02,2.7620341934528911e-04,1.2316613230521913e-03,2.7529718762376496e-03,3.5894678904405627e-03,2.7529718762376500e-03,1.2316613230521913e-03,2.7620341934528916e-04
11,1.4143413627320463e-02,3.7487462793431921e-04,1.5179400987288710e-03,3.1634486682684268e-03,4.0308868374572303e-03,3.1634486682684268e-03,1.5179400987288712e-03,3.7487462793431926e-04
12,1.5914336253089981e-02,4.7397463953110142e-04,1.7821741021415041e-03,3.5081970743227856e-03,4.3856446210991974e-03,3.5081970743227856e-03,1.7821741021415041e-03,4.7397463953110147e-04
13,1.7408369643878190e-02,5.6878333240655541e-04,2.0175090368177431e-03,3.7880196181598875e-03,4.6597456691098169e-03,3.7880196181598875e-03,2.0175090368177431e-03,5.6878333240655541e-04
14,1.8630228989621772e-02,6.5603380945625906e-04,2.2207195049383853e-03,4.0073215958739200e-03,4.8620791690846413e-03,4.0073215958739200e-03,2.2207195049383853e-03,6.5603380945625906e-04
15,1.9596707180881308e-02,7.3373451863531795e-04,2.3911462292738957e-03,4.1722574002539077e-03,5.0024308845550650e-03,4.1722574002539077e-03,2.3911462292738961e-03,7.3373451863531795e-04
16,2.0330987341766294e-02,8.0090826798072130e-04,2.5298282392139651e-03,4.2895744219201707e-03,5.0903654835365818e-03,4.2895744219201715e-03,2.5298282392139655e-03,8.0090826798072130e-04
17,2.0858886108338942e-02,8.5732828907543208e-04,2.6388457244123607e-03,4.3659382773416043e-03,5.1346615266801478e-03,4.3659382773416043e-03,2.6388457244123607e-03,8.5732828907543208e-04
18,2.1206489964110842e-02,9.0328790025775789e-04,2.7208473847618688e-03,4.4075707571630748e-03,5.1430778797454399e-03,4.4075707571630748e-03,2.7208473847618688e-03,9.0328790025775789e-04
19,2.1398751808905540e-02,9.3941559911903333e-04,2.7787245082027639e-03,4.4200817974634245e-03,5.1223079993350960e-03,4.4200817974634253e-03,2.7787245082027644e-03,9.3941559911903333e-04
20,2.1458727084002847e-02,9.6653490896578644e-04,2.8153953840487104e-03,4.4084166388570073e-03,5.0780332202598382e-03,4.4084166388570082e-03,2.8153953840487113e-03,9.6653490896578655e-04
21,2.1407222865036601e-02,9.8556293677047472e-04,2.8336695934265683e-03,4.3768678364445503e-03,5.0150221317534112e-03,4.3768678364445503e-03,2.8336695934265688e-03,9.8556293677047472e-04
22,2.1262704743194000e-02,9.9744005426458853e-04,2.8361684366349652e-03,4.3291209793382707e-03,4.9372458027183543e-03,4.3291209793382707e-03,2.8361684366349652e-03,9.9744005426458853e-04
23,2.1041357704573882e-02,1.0030834129888320e-03,2.8252837684878897e-03,4.2683154341049204e-03,4.8479924734105961e-03,4.2683154341049204e-03,2.8252837684878897e-03,1.0030834129888320e-03
24,2.0757233021264861e-02,1.0033580525387771e-03,2.8031623804402666e-03,4.1971092950164619e-03,4.7499735652738488e-03,4.1971092950164619e-03,2.8031623804402666e-03,1.0033580525387776e-03
25,2.0422437570043458e-02,9.9906059504590271e-04,2.7717068025981052e-03,4.1177425854056187e-03,4.6454176039442078e-03,4.1177425854056187e-03,2.7717068025981052e-03,9.9906059504590271e-04
26,2.0047338350358504e-02,9.9091167610496772e-04,2.7325861694637941e-03,4.0320956930875234e-03,4.5361512730459344e-03,4.0320956930875226e-03,2.7325861694637941e-03,9.9091167610496750e-04
27,1.9640765778227202e-02,9.7955424245859844e-04,2.6872528029844769e-03,3.9417417548344618e-03,4.4236681776721283e-03,3.9417417548344626e-03,2.6872528029844764e-03,9.7955424245859822e-04
28,1.9210206368568586e-02,9.6555562995774221e-04,2.6369615998220620e-03,3.8479926916810507e-03,4.3091865256468763e-03,3.8479926916810511e-03,2.6369615998220615e-03,9.6555562995774189e-04
29,1.8761979925806898e-02,9.4941193795718636e-04,2.5827903180129191e-03,3.7519391306291517e-03,4.1936971526083857e-03,3.7519391306291517e-03,2.5827903180129191e-03,9.4941193795718625e-04
30,1.8301399190804576e-02,9.3155366767121097e-04,2.5256595585024123e-03,3.6544847117726386e-03,4.0780033149120515e-03,3.6544847117726386e-03,2.5256595585024123e-03,9.3155366767121097e-04
31,1.7832911616410586e-02,9.1235192310536303e-04,2.4663517172187682e-03,3.5563753858162991e-03,3.9627535641297267e-03,3.5563753858162991e-03,2.4663517172187682e-03,9.1235192310536303e-04
32,1.7360223950030059e-02,8.9212471183602589e-04,2.4055285077896598e-03,3.4582243243180856e-03,3.8484688621425152e-03,3.4582243243180856e-03,2.4055285077896598e-03,8.9212471183602589e-04
33,1.6886410846681469e-02,8.7114305220167821e-04,2.3437468702577672e-03,3.3605330352326499e-03,3.7355649312972791e-03,3.3605330352326499e-03,2.3437468702577672e-03,8.7114305220167810e-04
34,1.6414008990055524e-02,8.4963671163818487e-04,2.2814732205241337e-03,3.2637092240275674e-03,3.6243706776757541e-03,3.2637092240275674e-03,2.2814732205241333e-03,8.4963671163818476e-04
35,1.5945098273805289e-02,8.2779948191935061e-04,2.2190960823775178e-03,3.1680818799507088e-03,3.5151433853101328e-03,3.1680818799507088e-03,2.2190960823775178e-03,8.2779948191935050e-04
36,1.5481371563414528e-02,8.0579395144815275e-04,2.1569371955185972e-03,3.0739140058206587e-03,3.4080812578397113e-03,3.0739140058206587e-03,2.1569371955185972e-03,8.0579395144815275e-04
37,1.5024194467379065e-02,7.8375577023654828e-04,2.0952612206372604e-03,2.9814133520969640e-03,3.3033337814375174e-03,2.9814133520969645e-03,2.0952612206372608e-03,7.8375577023654828e-04
38,1.4574656424869981e-02,7.6179742547000389e-04,2.0342841744824397e-03,2.8907414638551540e-03,3.2010102972547861e-03,2.8907414638551540e-03,2.0342841744824397e-03,7.6179742547000399e-04
39,1.4133614284069460e-02,7.4001155866349052e-04,1.9741807296028134e-03,2.8020213032691225e-03,3.1011871009986045e-03,2.8020213032691229e-03,1.9741807296028138e-03,7.4001155866349063e-04
40,1.3701729412186102e-02,7.1847386230380786e-04,1.9150905088935158e-03,2.7153436702234430e-03,3.0039133293445703e-03,2.7153436702234439e-03,1.9150905088935160e-03,7.1847386230380786e-04
41,1.3279499251227350e-02,6.9724559661454226e-04,1.8571234968799721e-03,2.6307726093200466e-03,2.9092158455982292e-03,2.6307726093200466e-03,1.8571234968799723e-03,6.9724559661454237e-04
42,1.2867284116355498e-02,6.7637576713439681e-04,1.8003646795612532e-03,2.5483499622327289e-03,2.8171032984987401e-03,2.5483499622327294e-03,1.8003646795612537e-03,6.7637576713439691e-04
43,1.2465329927595806e-02,6.5590300218316196e-04,1.7448780137763360e-03,2.4680991994818118e-03,2.7275694967131853e-03,2.4680991994818118e-03,1.7448780137763365e-03,6.5590300218316196e-04
44,1.2073787471142357e-02,6.3585716670099771e-04,1.6907098161862979e-03,2.3900286446512115e-03,2.6405962160653430e-03,2.3900286446512115e-03,1.6907098161862981e-03,6.3585716670099771e-04
45,1.1692728703170863e-02,6.1626074585914147e-04,1.6378916515377448e-03,2.3141341863004176e-03,2.5561555357762550e-03,2.3141341863004176e-03,1.6378916515377448e-03,6.1626074585914147e-04
46,1.1322160536184227e-02,5.9713002856765570e-04,1.5864427901482944e-03,2.2404015578439533e-03,2.4742117830644189e-03,2.2404015578439537e-03,1.5864427901482944e-03,5.9713002856765570e-04
47,1.0962036484567336e-02,5.7847611775077622e-04,1.5363722956650990e-03,2.1688082530530225e-03,2.3947231516295402e-03,2.1688082530530225e-03,1.5363722956650990e-03,5.7847611775077622e-04
48,1.0612266491226987e-02,5.6030579114787170e-04,1.4876807961386766e-03,2.0993251342099192e-03,2.3176430482340503e-03,2.0993251342099196e-03,1.4876807961386766e-03,5.6030579114787181e-04
49,1.0272725209965276e-02,5.4262223349986244e-04,1.4403619843191568e-03,2.0319177810013450e-03,2.2429212123245474e-03,2.0319177810013450e-03,1.4403619843191568e-03,5.4262223349986244e-04
50,9.9432589776550159e-03,5.2542565833324810e-04,1.3944038867799119e-03,1.9665476207058061e-03,2.1705046460170838e-03,1.9665476207058061e-03,1.3944038867799119e-03,5.2542565833324810e-04
51,9.6236916755012853e-03,5.0871383516894338e-04,1.3497899359452181e-03,1.9031728738880275e-03,2.1003383854969067e-03,1.9031728738880275e-03,1.3497899359452181e-03,5.0871383516894338e-04
52,9.3138296489145532e-03,4.9248253585800015e-04,1.3064998742757766e-03,1.8417493444705042e-03,2.0323661397059914e-03,1.8417493444705044e-03,1.3064998742757766e-03,4.9248253585800015e-04
53,9.0134658301021398e-03,4.7672591186869752e-04,1.2645105156775290e-03,1.7822310785499638e-03,1.9665308179097588e-03,1.7822310785499641e-03,1.2645105156775290e-03,4.7672591186869747e-04
54,8.7223831858014682e-03,4.6143681270178593e-04,1.2237963855752298e-03,1.7245709125309238e-03,1.9027749641855902e-03,1.7245709125309240e-03,1.2237963855752296e-03,4.6143681270178593e-04
55,8.4403575941019975e-03,4.4660705417264945e-04,1.1843302579663392e-03,1.6687209279476283e-03,1.8410411139287625e-03,1.6687209279476287e-03,1.1843302579663392e-03,4.4660705417264945e-04
56,8.1671602385726925e-03,4.3222764404975166e-04,1.1460836050814884e-03,1.6146328276452485e-03,1.7812720850197154e-03,1.6146328276452485e-03,1.1460836050814884e-03,4.3222764404975166e-04
57,7.9025595945306591e-03,4.1828897145726625e-04,1.1090269729691167e-03,1.5622582457122994e-03,1.7234112142532957e-03,1.5622582457122994e-03,1.1090269729691167e-03,4.1828897145726630e-04
58,7.6463230709104251e-03,4.0478096551658848e-04,1.0731302943437092e-03,1.5115490016323454e-03,1.6674025479251394e-03,1.5115490016323454e-03,1.0731302943437092e-03,4.0478096551658854e-04
59,7.3982183615275447e-03,3.9169322789827721e-04,1.0383631483447194e-03,1.4624573074984537e-03,1.6131909940446441e-03,1.4624573074984537e-03,1.0383631483447196e-03,3.9169322789827727e-04
60,7.1580145513212706e-03,3.7901514326628161e-04,1.0046949754074443e-03,1.4149359357615828e-03,1.5607224424506534e-03,1.4149359357615826e-03,1.0046949754074443e-03,3.7901514326628177e-04
61,6.9254830161922503e-03,3.6673597100516639e-04,9.7209525421333243e-04,1.3689383538246784e-03,1.5099438581058964e-03,1.3689383538246784e-03,9.7209525421333243e-04,3.6673597100516639e-04
62,6.7003981491374955e-03,3.5484492111518802e-04,9.4053364663545071e-04,1.3244188308144959e-03,1.4608033520072275e-03,1.3244188308144957e-03,9.4053364663545071e-04,3.5484492111518802e-04
63,6.4825379403679086e-03,3.4333121672780703e-04,9.0998011569901527e-04,1.2813325210350467e-03,1.4132502334441707e-03,1.2813325210350467e-03,9.0998011569901527e-04,3.4333121672780703e-04
64,6.2716844348387089e-03,3.3218414532526237e-04,8.8040502081449424e-04,1.2396355279065425e-03,1.3672350467461105e-03,1.2396355279065427e-03,8.8040502081449424e-04,3.3218414532526237e-04
65,6.0676240870154163e-03,3.2139310043326165e-04,8.5177919389237177e-04,1.1992849516018513e-03,1.3227095951604470e-03,1.1992849516018513e-03,8.5177919389237177e-04,3.2139310043326165e-04
66,5.8701480296397242e-03,3.1094761528786721e-04,8.2407399939751021e-04,1.1602389230920651e-03,1.2796269540848392e-03,1.1602389230920651e-03,8.2407399939751021e-04,3.1094761528786721e-04
67,5.6790522706676545e-03,3.0083738974955862e-04,7.9726138093281238e-04,1.1224566268896144e-03,1.2379414755236821e-03,1.1224566268896144e-03,7.9726138093281248e-04,3.0083738974955862e-04
68,5.4941378303560700e-03,2.9105231154344738e-04,7.7131389654429890e-04,1.0858983144195150e-03,1.1976087853415478e-03,1.0858983144195150e-03,7.7131389654429890e-04,2.9105231154344738e-04
69,5.3152108286129880e-03,2.8158247273968735e-04,7.4620474460223023e-04,1.0505253096467350e-03,1.1585857746356835e-03,1.0505253096467350e-03,7.4620474460223034e-04,2.8158247273968735e-04
70,5.1420825311509514e-03,2.7241818224800994e-04,7.2190778182657249e-04,1.0163000083317478e-03,1.1208305863382912e-03,1.0163000083317478e-03,7.2190778182657249e-04,2.7241818224801000e-04
71,4.9745693616481462e-03,2.6354997498132410e-04,6.9839753478224411e-04,9.8318587206994374e-04,1.0843025979811213e-03,9.8318587206994374e-04,6.9839753478224400e-04,2.6354997498132410e-04
72,4.8124928859916913e-03,2.5496861824232360e-04,6.7564920596366210e-04,9.5114741808758057e-04,1.0489624014045585e-03,9.5114741808758057e-04,6.7564920596366210e-04,2.5496861824232366e-04
73,4.6556797737208723e-03,2.4666511580135193e-04,6.5363867541356287e-04,9.2015020561222896e-04,1.0147717800665849e-03,9.2015020561222896e-04,6.5363867541356287e-04,2.4666511580135193e-04
74,4.5039617409783047e-03,2.3863071006109237e-04,6.3234249867317321e-04,8.9016081950487919e-04,9.8169368450001489e-04,8.9016081950487930e-04,6.3234249867317321e-04,2.3863071006109237e-04
75,4.3571754785918411e-03,2.3085688264203058e-04,6.1173790173551124e-04,8.6114685173029558e-04,9.4969220637616662e-04,8.6114685173029569e-04,6.1173790173551135e-04,2.3085688264203060e-04
76,4.2151625683303296e-03,2.2333535367040366e-04,5.9180277356748958e-04,8.3307688114877111e-04,9.1873255155700104e-04,8.3307688114877111e-04,5.9180277356748968e-04,2.2333535367040369e-04
77,4.0777693898860290e-03,2.1605808000609662e-04,5.7251565667665533e-04,8.0592045203347522e-04,8.8878101245357458e-04,8.0592045203347511e-04,5.7251565667665544e-04,2.1605808000609667e-04
78,3.9448470207219723e-03,2.0901725261046020e-04,5.5385573612236610e-04,7.7964805165089805e-04,8.5980493995452354e-04,7.7964805165089816e-04,5.5385573612236620e-04,2.0901725261046028e-04
79,3.8162511305721079e-03,2.0220529322228056e-04,5.3580282730686293e-04,7.5423108718557046e-04,8.3177271514267960e-04,7.5423108718557035e-04,5.3580282730686293e-04,2.0220529322228061e-04
80,3.6918418720859676e-03,1.9561485048326288e-04,5.1833736282728190e-04,7.2964186224269863e-04,8.0465372097948055e-04,7.2964186224269874e-04,5.1833736282728190e-04,1.9561485048326290e-04
81,3.5714837688595362e-03,1.8923879563164967e-04,5.0144037862363453e-04,7.0585355312224461e-04,7.7841831410447888e-04,7.0585355312224461e-04,5.0144037862363453e-04,1.8923879563164967e-04
82,3.4550456018828139e-03,1.8307021786336127e-04,4.8509349961889272e-04,6.8284018502414476e-04,7.5303779687001617e-04,6.8284018502414476e-04,4.8509349961889272e-04,1.8307021786336127e-04
83,3.3424002952564176e-03,1.7710241944377846e-04,4.6927892501445864e-04,6.6057660831585663e-04,7.2848438970822993e-04,6.6057660831585685e-04,4.6927892501445875e-04,1.7710241944377846e-04
84,3.2334248018793185e-03,1.7132891063953792e-04,4.5397941337655334e-04,6.3903847496940590e-04,7.0473120390832414e-04,6.3903847496940601e-04,4.5397941337655334e-04,1.7132891063953789e-04
85,3.1279999896831412e-03,1.6574340452809403e-04,4.3917826762563891e-04,6.1820221525489517e-04,6.8175221486588527e-04,6.1820221525489517e-04,4.3917826762563891e-04,1.6574340452809403e-04
86,3.0260105288818584e-03,1.6033981173299038e-04,4.2485932002123941e-04,5.9804501476044976e-04,6.5952223585249959e-04,5.9804501476044976e-04,4.2485932002123930e-04,1.6033981173299032e-04
87,2.9273447806159548e-03,1.5511223512450196e-04,4.1100691721787414e-04,5.7854479179430141e-04,6.3801689234260013e-04,5.7854479179430141e-04,4.1100691721787414e-04,1.5511223512450196e-04
88,2.8318946872947391e-03,1.5005496451832648e-04,3.9760590545379613e-04,5.5968017521274027e-04,6.1721259692501334e-04,5.5968017521274038e-04,3.9760590545379613e-04,1.5005496451832648e-04
89,2.7395556648771645e-03,1.4516247139911262e-04,3.8464161592242799e-04,5.4143048270764672e-04,5.9708652481878927e-04,5.4143048270764672e-04,3.8464161592242810e-04,1.4516247139911262e-04
90,2.6502264972784401e-03,1.4042940369065601e-04,3.7209985036647052e-04,5.2377569957892103e-04,5.7761659000634487e-04,5.2377569957892103e-04,3.7209985036647052e-04,1.4042940369065601e-04
91,2.5638092330452947e-03,1.3585058059041897e-04,3.5996686692632801e-04,5.0669645801014701e-04,5.5878142199150690e-04,5.0669645801014701e-04,3.5996686692632801e-04,1.3585058059041897e-04
92,2.4802090844056241e-03,1.3142098748252309e-04,3.4822936626751673e-04,4.9017401685999367e-04,5.4056034318555738e-04,4.9017401685999367e-04,3.4822936626751673e-04,1.3142098748252309e-04
93,2.3993343287673275e-03,1.2713577094041660e-04,3.3687447800587466e-04,4.7419024197703128e-04,5.2293334692068256e-04,4.7419024197703128e-04,3.3687447800587466e-04,1.2713577094041660e-04
94,2.3210962127153956e-03,1.2299023382795010e-04,3.2588974744450662e-04,4.5872758704163826e-04,5.0588107608720578e-04,4.5872758704163820e-04,3.2588974744450657e-04,1.2299023382795010e-04
95,2.2454088585350030e-03,1.1897983050552560e-04,3.1526312263233141e-04,4.4376907493538185e-04,4.8938480238852567e-04,4.4376907493538185e-04,3.1526312263233141e-04,1.1897983050552558e-04
96,2.1721891732707330e-03,1.1510016214625704e-04,3.0498294175070794e-04,4.2929827963555472e-04,4.7342640620569364e-04,4.2929827963555472e-04,3.0498294175070794e-04,1.1510016214625704e-04
97,2.1013567603175797e-03,1.1134697216563962e-04,2.9503792083181336e-04,4.1529930863034589e-04,4.5798835706198159e-04,4.1529930863034589e-04,2.9503792083181336e-04,1.1134697216563962e-04
98,2.0328338335275408e-03,1.0771614176702729e-04,2.8541714181012657e-04,4.0175678584834735e-04,4.4305369467653835e-04,4.0175678584834730e-04,2.8541714181012657e-04,1.0771614176702729e-04
99,1.9665451338059768e-03,1.0420368560422617e-04,2.7611004090646651e-04,3.8865583509466400e-04,4.2860601059526316e-04,3.8865583509466400e-04,2.7611004090646651e-04,1.0420368560422617e-04
100,1.9024178481641502e-03,1.0080574756168957e-04,2.6710639734247227e-04,3.7598206398476884e-04,4.1462943038628880e-04,3.7598206398476884e-04,2.6710639734247221e-04,1.0080574756168957e-04
101,1.8403815311881929e-03,9.7518596652127225e-05,2.5839632238214738e-04,3.6372154836635765e-04,4.0110859638692824e-04,3.6372154836635770e-04,2.5839632238214738e-04,9.7518596652127225e-05
102,1.7803680288798432e-03,9.4338623030789032e-05,2.4997024869606908e-04,3.5186081721878511e-04,3.8802865098855658e-04,3.5186081721878511e-04,2.4997024869606908e-04,9.4338623030789032e-05
103,1.7223114048205556e-03,9.1262334125235232e-05,2.4181892004304588e-04,3.4038683801916267e-04,3.7537522044566829e-04,3.4038683801916267e-04,2.4181892004304588e-04,9.1262334125235232e-05
104,1.6661478686077157e-03,8.8286350879042999e-05,2.3393338126336807e-04,3.2928700256384220e-04,3.6313439919520937e-04,3.2928700256384220e-04,2.3393338126336807e-04,8.8286350879042999e-05
105,1.6118157065096251e-03,8.5407404107612042e-05,2.2630496857729715e-04,3.1854911323377425e-04,3.5129273467225821e-04,3.1854911323377425e-04,2.2630496857729712e-04,8.5407404107612042e-05
106,1.5592552142844873e-03,8.2622330964002850e-05,2.1892530018206518e-04,3.0816136969209507e-04,3.3983721260816112e-04,3.0816136969209513e-04,2.1892530018206515e-04,8.2622330964002836e-05
107,1.5084086321077151e-03,7.9928071512567065e-05,2.1178626714038189e-04,2.9811235600224147e-04,3.2875524279733396e-04,2.9811235600224158e-04,2.1178626714038189e-04,7.9928071512567065e-05
108,1.4592200815514175e-03,7.7321665407995238e-05,2.0488002455325630e-04,2.8839102815491024e-04,3.1803464531909398e-04,2.8839102815491024e-04,2.0488002455325630e-04,7.7321665407995265e-05
109,1.4116355045598367e-03,7.4800248677310733e-05,1.9819898300982213e-04,2.7898670199224732e-04,3.0766363720107620e-04,2.7898670199224732e-04,1.9819898300982213e-04,7.4800248677310761e-05
110,1.3656026043646833e-03,7.2361050602271133e-05,1.9173580030679277e-04,2.6988904151776990e-04,2.9763081951101559e-04,2.6988904151776990e-04,1.9173580030679277e-04,7.2361050602271133e-05
111,1.3210707882847872e-03,7.0001390699596085e-05,1.8548337343016026e-04,2.6108804758067370e-04,2.8792516486392711e-04,2.6108804758067375e-04,1.8548337343016029e-04,7.0001390699596112e-05
112,1.2779911123551016e-03,6.7718675796418776e-05,1.7943483079177670e-04,2.5257404692336318e-04,2.7853600533198411e-04,2.5257404692336318e-04,1.7943483079177675e-04,6.7718675796418789e-05
113,1.2363162277309020e-03,6.5510397198352904e-05,1.7358352471351515e-04,2.4433768158124247e-04,2.6945302074468078e-04,2.4433768158124247e-04,1.7358352471351517e-04,6.5510397198352918e-05
114,1.1960003288139555e-03,6.3374127947576450e-05,1.6792302415179081e-04,2.3636989862403068e-04,2.6066622736715933e-04,2.3636989862403068e-04,1.6792302415179084e-04,6.3374127947576464e-05
115,1.1569991030484451e-03,6.1307520168353487e-05,1.6244710765532858e-04,2.2866194022809765e-04,2.5216596694488554e-04,2.2866194022809765e-04,1.6244710765532863e-04,6.1307520168353501e-05
116,1.1192696823355450e-03,5.9308302497444921e-05,1.5714975654918298e-04,2.2120533406956434e-04,2.4394289610316046e-04,2.2120533406956434e-04,1.5714975654918298e-04,5.9308302497444928e-05
117,1.0827705960166874e-03,5.7374277596895987e-05,1.5202514833815160e-04,2.1399188402816175e-04,2.3598797609026875e-04,2.1399188402816173e-04,1.5202514833815160e-04,5.7374277596895987e-05
118,1.0474617253767690e-03,5.5503319746730917e-05,1.4706765032286841e-04,2.0701366119210116e-04,2.2829246285336816e-04,2.0701366119210113e-04,1.4706765032286844e-04,5.5503319746730931e-05
119,1.0133042596197589e-03,5.3693372515132824e-05,1.4227181342201257e-04,2.0026299515446576e-04,2.2084789743653652e-04,2.0026299515446576e-04,1.4227181342201257e-04,5.3693372515132831e-05
120,9.8026065327041145e-04,5.1942446503737268e-05,1.3763236619422756e-04,1.9373246559189412e-04,2.1364609669069355e-04,1.9373246559189409e-04,1.3763236619422756e-04,5.1942446503737275e-05
121,9.4829458495704138e-04,5.0248617165722225e-05,1.3314420905350538e-04,1.8741489411658378e-04,2.0667914428541858e-04,1.8741489411658378e-04,1.3314420905350538e-04,5.0248617165722232e-05
122,9.1737091753155142e-04,4.8610022694431807e-05,1.2880240867195280e-04,1.8130333639290144e-04,1.9993938201297933e-04,1.8130333639290144e-04,1.2880240867195282e-04,4.8610022694431814e-05
123,8.8745565948415619e-04,4.7024861980328338e-05,1.2460219256402131e-04,1.7539107451013808e-04,1.9341940137518058e-04,1.7539107451013808e-04,1.2460219256402134e-04,4.7024861980328345e-05
124,8.5851592761146183e-04,4.5491392634124644e-05,1.2053894384644542e-04,1.6967160960319896e-04,1.8711203544392378e-04,1.6967160960319896e-04,1.2053894384644542e-04,4.5491392634124644e-05
125,8.3051991089778574e-04,4.4007929074006219e-05,1.1660819616829686e-04,1.6413865471326421e-04,1.8101035098665129e-04,1.6413865471326419e-04,1.1660819616829686e-04,4.4007929074006226e-05
126,8.0343683557078166e-04,4.2572840674910787e-05,1.1280562880572423e-04,1.5878612788069619e-04,1.7510764084811934e-04,1.5878612788069617e-04,1.1280562880572421e-04,4.2572840674910780e-05
127,7.7723693129361704e-04,4.1184549977890050e-05,1.0912706191610569e-04,1.5360814546270705e-04,1.6939741658021149e-04,1.5360814546270705e-04,1.0912706191610569e-04,4.1184549977890043e-05
128,7.5189139845709704e-04,3.9841530957635924e-05,1.0556845194650053e-04,1.4859901566853038e-04,1.6387340131176337e-04,1.4859901566853038e-04,1.0556845194650052e-04,3.9841530957635911e-05
129,7.2737237653624793e-04,3.8542307346308998e-05,1.0212588719143816e-04,1.4375323230506564e-04,1.5852952285062228e-04,1.4375323230506564e-04,1.0212588719143813e-04,3.8542307346308991e-05
130,7.0365291347697812e-04,3.7285451011863110e-05,9.8795583495234950e-05,1.3906546872618543e-04,1.5335990701041122e-04,1.3906546872618540e-04,9.8795583495234923e-05,3.7285451011863103e-05
131,6.8070693607950210e-04,3.6069580389113746e-05,9.5573880094176669e-05,1.3453057197910780e-04,1.4835887115470574e-04,1.3453057197910780e-04,9.5573880094176655e-05,3.6069580389113739e-05
132,6.5850922134625648e-04,3.4893358961851657e-05,9.2457235594048284e-05,1.3014355714144579e-04,1.4352091795156500e-04,1.3014355714144579e-04,9.2457235594048271e-05,3.4893358961851650e-05
133,6.3703536876305600e-04,3.3755493794354986e-05,8.9442224078634230e-05,1.2589960184274758e-04,1.3884072933158240e-04,1.2589960184274755e-04,8.9442224078634190e-05,3.3755493794354979e-05
134,6.1626177348322441e-04,3.2654734110704283e-05,8.6525531344948660e-05,1.2179404096453844e-04,1.3431316064284159e-04,1.2179404096453844e-04,8.6525531344948647e-05,3.2654734110704269e-05
135,5.9616560038539739e-04,3.1589869920354426e-05,8.3703951261089804e-05,1.1782236151306663e-04,1.2993323499637578e-04,1.1782236151306663e-04,8.3703951261089777e-05,3.1589869920354419e-05
136,5.7672475897662767e-04,3.0559730688466001e-05,8.0974382242741109e-05,1.1398019765914037e-04,1.2569613779593274e-04,1.1398019765914036e-04,8.0974382242741109e-05,3.0559730688466001e-05
137,5.5791787911332739e-04,2.9563184049545699e-05,7.8333823844469407e-05,1.1026332593962380e-04,1.2159721144604955e-04,1.1026332593962380e-04,7.8333823844469407e-05,2.9563184049545699e-05
138,5.3972428751346919e-04,2.8599134562991285e-05,7.5779373462092151e-05,1.0666766061533433e-04,1.1763195023263357e-04,1.0666766061533434e-04,7.5779373462092151e-05,2.8599134562991285e-05
139,5.2212398503431192e-04,2.7666522509181320e-05,7.3308223142505379e-05,1.0318924918025254e-04,1.1379599537043349e-04,1.0318924918025254e-04,7.3308223142505379e-05,2.7666522509181320e-05
140,5.0509762469075337e-04,2.6764322724793070e-05,7.0917656497479641e-05,9.9824268017120621e-05,1.1008513021196670e-04,9.9824268017120621e-05,7.0917656497479628e-05,2.6764322724793070e-05
141,4.8862649039020667e-04,2.5891543476074098e-05,6.8605045718042753e-05,9.6569018194664244e-05,1.0649527561264446e-04,9.6569018194664244e-05,6.8605045718042753e-05,2.5891543476074098e-05
142,4.7269247636068379e-04,2.5047225368833980e-05,6.6367848686177931e-05,9.3419921401826278e-05,1.0302248544700737e-04,9.3419921401826264e-05,6.6367848686177931e-05,2.5047225368833980e-05
143,4.5727806724951524e-04,2.4230440293962039e-05,6.4203606180670528e-05,9.0373516014550950e-05,9.9662942271148229e-05,9.0373516014550950e-05,6.4203606180670514e-05,2.4230440293962039e-05
144,4.4236631887087016e-04,2.3440290407315582e-05,6.2109939174038938e-05,8.7426453290800863e-05,9.6412953126559324e-05,8.7426453290800863e-05,6.2109939174038938e-05,2.3440290407315579e-05
145,4.2794083958094532e-04,2.2675907142860184e-05,6.0084546217584857e-05,8.4575493689629687e-05,9.3268945480795925e-05,8.4575493689629687e-05,6.0084546217584857e-05,2.2675907142860184e-05
146,4.1398577226038039e-04,2.1936450257979834e-05,5.8125200911692939e-05,8.1817503310268713e-05,9.0227463300497429e-05,8.1817503310268713e-05,5.8125200911692939e-05,2.1936450257979834e-05
147,4.0048577688411337e-04,2.1221106909909564e-05,5.6229749458604023e-05,7.9149450447316908e-05,8.7285163252452371e-05,7.9149450447316908e-05,5.6229749458604023e-05,2.1221106909909564e-05
148,3.8742601365954053e-04,2.0529090762277217e-05,5.4396108294975091e-05,7.6568402258250827e-05,8.4438811028534228e-05,7.6568402258250827e-05,5.4396108294975091e-05,2.0529090762277213e-05
149,3.7479212671445939e-04,1.9859641120773753e-05,5.2622261801626939e-05,7.4071521539593945e-05,8.1685277790470126e-05,7.4071521539593945e-05,5.2622261801626932e-05,1.9859641120773753e-05
150,3.6257022831688026e-04,1.9212022097003231e-05,5.0906260087964420e-05,7.1656063608204132e-05,7.9021536730536698e-05,7.1656063608204132e-05,5.0906260087964420e-05,1.9212022097003231e-05
151,3.5074688360937033e-04,1.8585521799594509e-05,4.9246216848636333e-05,6.9319373284252607e-05,7.6444659744403384e-05,6.9319373284252607e-05,4.9246216848636333e-05,1.8585521799594509e-05
152,3.3930909584116165e-04,1.7979451551686371e-05,4.7640307290080451e-05,6.7058881972580019e-05,7.3951814212467885e-05,6.7058881972580019e-05,4.7640307290080451e-05,1.7979451551686371e-05
153,3.2824429208179733e-04,1.7393145133926728e-05,4.6086766124676332e-05,6.4872104839222480e-05,7.1540259886146264e-05,6.4872104839222493e-05,4.6086766124676332e-05,1.7393145133926728e-05
154,3.1754030940061992e-04,1.6825958052154451e-05,4.4583885630302218e-05,6.2756638080005141e-05,6.9207345875696265e-05,6.2756638080005141e-05,4.4583885630302218e-05,1.6825958052154451e-05
155,3.0718538149691383e-04,1.6277266828959339e-05,4.3130013773164204e-05,6.0710156278201730e-05,6.6950507736263272e-05,6.0710156278201730e-05,4.3130013773164204e-05,1.6277266828959339e-05
156,2.9716812576601430e-04,1.5746468318342027e-05,4.1723552391835134e-05,5.8730409848356623e-05,6.4767264648946758e-05,5.8730409848356616e-05,4.1723552391835134e-05,1.5746468318342024e-05
157,2.8747753078716597e-04,1.5232979042720842e-05,4.0362955440507849e-05,5.6815222563459894e-05,6.2655216693788824e-05,5.6815222563459887e-05,4.0362955440507856e-05,1.5232979042720841e-05
158,2.7810294421938341e-04,1.4736234551557180e-05,3.9046727289532593e-05,5.4962489162758036e-05,6.0612042211687835e-05,5.4962489162758036e-05,3.9046727289532586e-05,1.4736234551557180e-05
159,2.6903406109201038e-04,1.4255688800894653e-05,3.7773421081370624e-05,5.3170173037571109e-05,5.8635495252337618e-05,5.3170173037571109e-05,3.7773421081370624e-05,1.4255688800894653e-05
160,2.6026091247710939e-04,1.3790813553130213e-05,3.6541637140157827e-05,5.1436303992573003e-05,5.6723403105387292e-05,5.1436303992573010e-05,3.6541637140157834e-05,1.3790813553130212e-05
161,2.5177385453123191e-04,1.3341097796357692e-05,3.5350021433130084e-05,4.9758976080074128e-05,5.4873663912108091e-05,4.9758976080074134e-05,3.5350021433130084e-05,1.3341097796357692e-05
162,2.4356355789452525e-04,1.2906047182645618e-05,3.4197264082219611e-05,4.8136345504926360e-05,5.3084244354942078e-05,4.8136345504926360e-05,3.4197264082219611e-05,1.2906047182645616e-05
163,2.3562099743552545e-04,1.2485183484631997e-05,3.3082097924186608e-05,4.6566628597747463e-05,5.1353177422393307e-05,4.6566628597747470e-05,3.3082097924186615e-05,1.2485183484631999e-05
164,2.2793744233036336e-04,1.2078044069838870e-05,3.2003297117703391e-05,4.5048099854237115e-05,4.9678560246804584e-05,4.5048099854237122e-05,3.2003297117703398e-05,1.2078044069838872e-05
165,2.2050444646548112e-04,1.1684181392128865e-05,3.0959675795860379e-05,4.3579090038429712e-05,4.8058552012643203e-05,4.3579090038429712e-05,3.0959675795860386e-05,1.1684181392128867e-05
166,2.1331383915330931e-04,1.1303162499744853e-05,2.9950086762612688e-05,4.2157984347798892e-05,4.6491371932996465e-05,4.2157984347798892e-05,2.9950086762612695e-05,1.1303162499744853e-05
167,2.0635771615070035e-04,1.0934568559391966e-05,2.8973420231734659e-05,4.0783220638197131e-05,4.4975297292052814e-05,4.0783220638197131e-05,2.8973420231734666e-05,1.0934568559391966e-05
168,1.9962843097024542e-04,1.0577994395838926e-05,2.8028602606896244e-05,3.9453287706679088e-05,4.3508661551416869e-05,3.9453287706679095e-05,2.8028602606896251e-05,1.0577994395838928e-05
169,1.9311858647492536e-04,1.0233048046532641e-05,2.7114595301520333e-05,3.8166723630321348e-05,4.2089852518176729e-05,3.8166723630321355e-05,2.7114595301520344e-05,1.0233048046532642e-05
170,1.8682102674685586e-04,9.8993503307364846e-06,2.6230393597123892e-05,3.6922114159212556e-05,4.0717310572709961e-05,3.6922114159212563e-05,2.6230393597123899e-05,9.8993503307364863e-06
171,1.8072882922118871e-04,9.5765344327187550e-06,2.5375025538887974e-05,3.5718091161847466e-05,3.9389526954280306e-05,3.5718091161847466e-05,2.5375025538887980e-05,9.5765344327187567e-06
172,1.7483529707652438e-04,9.2642454985330944e-06,2.4547550867242711e-05,3.4553331121216166e-05,3.8105042102540409e-05,3.4553331121216166e-05,2.4547550867242718e-05,9.2642454985330944e-06
173,1.6913395187346936e-04,8.9621402459476998e-06,2.3747059984292833e-05,3.3426553679935296e-05,3.6862444053117702e-05,3.3426553679935303e-05,2.3747059984292837e-05,8.9621402459477014e-06
174,1.6361852643324829e-04,8.6698865870945682e-06,2.2972672953947609e-05,3.2336520232822068e-05,3.5660366885519789e-05,3.2336520232822082e-05,2.2972672953947615e-05,8.6698865870945699e-06
175,1.5828295794854144e-04,8.3871632634239656e-06,2.2223538534656191e-05,3.1282032565363989e-05,3.4497489221653123e-05,3.1282032565363996e-05,2.2223538534656197e-05,8.3871632634239690e-06
176,1.5312138131897603e-04,8.1136594925628906e-06,2.1498833243685120e-05,3.0261931536587675e-05,3.3372532773304638e-05,3.0261931536587685e-05,2.1498833243685126e-05,8.1136594925628940e-06
177,1.4812812270394510e-04,7.8490746266893535e-06,2.0797760451909384e-05,2.9275095804878987e-05,3.2284260936989631e-05,2.9275095804878994e-05,2.0797760451909387e-05,7.8490746266893552e-06
178,1.4329769328566688e-04,7.5931178220469297e-06,2.0119549508122095e-05,2.8320440595353787e-05,3.1231477434621270e-05,2.8320440595353790e-05,2.0119549508122099e-05,7.5931178220469339e-06
179,1.3862478323562941e-04,7.3455077192363620e-06,1.9463454891900149e-05,2.7396916507424407e-05,3.0213024998507567e-05,2.7396916507424407e-05,1.9463454891900159e-05,7.3455077192363637e-06
180,1.3410425587778721e-04,7.1059721339327119e-06,1.8828755394094668e-05,2.6503508361251092e-05,2.9227784099230267e-05,2.6503508361251098e-05,1.8828755394094674e-05,7.1059721339327136e-06
181,1.2973114204209533e-04,6.8742477576881691e-06,1.8214753324045439e-05,2.5639234081810396e-05,2.8274671715007314e-05,2.5639234081810399e-05,1.8214753324045443e-05,6.8742477576881699e-06
182,1.2550063460217258e-04,6.6500798684915666e-06,1.7620773742647885e-05,2.4803143619353761e-05,2.7352640141186141e-05,2.4803143619353761e-05,1.7620773742647885e-05,6.6500798684915674e-06
183,1.2140808319109065e-04,6.4332220507664842e-06,1.7046163720429509e-05,2.3994317905069779e-05,2.6460675838559091e-05,2.3994317905069779e-05,1.7046163720429513e-05,6.4332220507664850e-06
184,1.1744898908947997e-04,6.2234359245001296e-06,1.6490291619820292e-05,2.3211867840802034e-05,2.5597798319235061e-05,2.3211867840802034e-05,1.6490291619820292e-05,6.2234359245001305e-06
185,1.1361900028033321e-04,6.0204908832052660e-06,1.5952546400828052e-05,2.2454933321711991e-05,2.4763059068842577e-05,2.2454933321711991e-05,1.5952546400828052e-05,6.0204908832052677e-06
186,1.0991390666507047e-04,5.8241638404271293e-06,1.5432336949355608e-05,2.1722682290812674e-05,2.3955540503879647e-05,2.1722682290812674e-05,1.5432336949355608e-05,5.8241638404271301e-06
187,1.0632963543560776e-04,5.6342389845166911e-06,1.4929091427421327e-05,2.1014309824333776e-05,2.3174354963064176e-05,2.1014309824333776e-05,1.4929091427421327e-05,5.6342389845166928e-06
188,1.0286224659734104e-04,5.4505075414007176e-06,1.4442256644568851e-05,2.0329037246912821e-05,2.2418643731576265e-05,2.0329037246912821e-05,1.4442256644568851e-05,5.4505075414007176e-06
189,9.9507928638124874e-05,5.2727675450878238e-06,1.3971297449775003e-05,1.9666111275639735e-05,2.1687576097119740e-05,1.9666111275639739e-05,1.3971297449775003e-05,5.2727675450878238e-06
190,9.6262994338484849e-05,5.1008236156582981e-06,1.3515696143187456e-05,1.9024803192013996e-05,2.0980348436765344e-05,1.9024803192013996e-05,1.3515696143187456e-05,5.1008236156582981e-06
191,9.3123876718458014e-05,4.9344867444936035e-06,1.3074951907045498e-05,1.8404408040904019e-05,2.0296183333571764e-05,1.8404408040904019e-05,1.3074951907045496e-05,4.9344867444936035e-06
192,9.0087125116605952e-05,4.7735740865095171e-06,1.2648580255158343e-05,1.7804243855628372e-05,1.9634328722013486e-05,1.7804243855628372e-05,1.2648580255158343e-05,4.7735740865095171e-06
193,8.7149401396890581e-05,4.6179087591644908e-06,1.2236112500335868e-05,1.7223650908306903e-05,1.8994057061276065e-05,1.7223650908306903e-05,1.2236112500335868e-05,4.6179087591644908e-06
194,8.4307476279242775e-05,4.4673196480223131e-06,1.1837095239186284e-05,1.6661990984657763e-05,1.8374664535510072e-05,1.6661990984657763e-05,1.1837095239186284e-05,4.4673196480223131e-06
195,8.1558225789790586e-05,4.3216412186553270e-06,1.1451089853714478e-05,1.6118646682443181e-05,1.7775470280164618e-05,1.6118646682443181e-05,1.1451089853714478e-05,4.3216412186553270e-06
196,7.8898627826844552e-05,4.1807133346814439e-06,1.1077672029173118e-05,1.5593020732792739e-05,1.7195815633549945e-05,1.5593020732792739e-05,1.1077672029173118e-05,4.1807133346814439e-06
197,7.6325758838865807e-05,4.0443810817349409e-06,1.0716431287636532e-05,1.5084535343658201e-05,1.6635063412806458e-05,1.5084535343658199e-05,1.0716431287636532e-05,4.0443810817349409e-06
198,7.3836790610764847e-05,3.9124945971775237e-06,1.0366970536784661e-05,1.4592631564678112e-05,1.6092597213484240e-05,1.4592631564678114e-05,1.0366970536784662e-05,3.9124945971775237e-06
199,7.1428987154998404e-05,3.7849089053624856e-06,1.0028905633401069e-05,1.4116768672754074e-05,1.5567820731963154e-05,1.4116768672754076e-05,1.0028905633401069e-05,3.7849089053624865e-06
200,6.9099701704047228e-05,3.6614837582708665e-06,9.7018649611051859e-06,1.3656423577663222e-05,1.5060157109968666e-05,1.3656423577663224e-05,9.7018649611051859e-06,3.6614837582708669e-06
201,6.6846373800968223e-05,3.5420834813444261e-06,9.3854890218546377e-06,1.3211090247053587e-05,1.4569048300462917e-05,1.3211090247053589e-05,9.3854890218546394e-06,3.5420834813444269e-06
202,6.4666526484823573e-05,3.4265768243459907e-06,9.0794300407685955e-06,1.2780279150190227e-05,1.4093954454213935e-05,1.2780279150190229e-05,9.0794300407685939e-06,3.4265768243459907e-06
203,6.2557763567892011e-05,3.3148368170831956e-06,8.7833515838377409e-06,1.2363516719840713e-05,1.3634353326368711e-05,1.2363516719840713e-05,8.7833515838377409e-06,3.3148368170831956e-06
204,6.0517767001670080e-05,3.2067406298370626e-06,8.4969281881006725e-06,1.1960344831708393e-05,1.3189739702377818e-05,1.1960344831708393e-05,8.4969281881006725e-06,3.2067406298370626e-06
205,5.8544294328767217e-05,3.1021694383419620e-06,8.2198450038801396e-06,1.1570320300841256e-05,1.2759624842640503e-05,1.1570320300841256e-05,8.2198450038801396e-06,3.1021694383419620e-06
206,5.6635176217894364e-05,3.0010082931685617e-06,7.9517974486859195e-06,1.1193014394462796e-05,1.2343535945259811e-05,1.1193014394462796e-05,7.9517974486859195e-06,3.0010082931685617e-06
207,5.4788314079235917e-05,2.9031459933661652e-06,7.6924908724038361e-06,1.0828012360689378e-05,1.1941015626317156e-05,1.0828012360689380e-05,7.6924908724038361e-06,2.9031459933661652e-06
208,5.3001677757583986e-05,2.8084749642255514e-06,7.4416402334029054e-06,1.0474912972616029e-05,1.1551621417095016e-05,1.0474912972616030e-05,7.4416402334029054e-06,2.8084749642255506e-06
209,5.1273303300699092e-05,2.7168911390279410e-06,7.1989697852045568e-06,1.0133328087269491e-05,1.1174925277695122e-05,1.0133328087269493e-05,7.1989697852045568e-06,2.7168911390279410e-06
210,4.9601290800444246e-05,2.6282938446501143e-06,6.9642127733695171e-06,9.8028822189437542e-06,1.0810513126517471e-05,9.8028822189437542e-06,6.9642127733695179e-06,2.6282938446501139e-06
211,4.7983802304319068e-05,2.5425856908999119e-06,6.7371111422691560e-06,9.4832121264490192e-06,1.0457984385082894e-05,9.4832121264490192e-06,6.7371111422691560e-06,2.5425856908999119e-06
212,4.6419059795098578e-05,2.4596724634604913e-06,6.5174152514189442e-06,9.1739664138203935e-06,1.0116951537698925e-05,9.1739664138203935e-06,6.5174152514189442e-06,2.4596724634604913e-06
213,4.4905343236355453e-05,2.3794630203256507e-06,6.3048836010622481e-06,8.8748051440474078e-06,9.7870397054848391e-06,8.8748051440474078e-06,6.3048836010622481e-06,2.3794630203256507e-06
214,4.3440988681717392e-05,2.3018691916123698e-06,6.0992825667027619e-06,8.5853994653997200e-06,9.4678862342876815e-06,8.5853994653997200e-06,6.0992825667027619e-06,2.3018691916123693e-06
215,4.2024386445781309e-05,2.2268056826404510e-06,5.9003861422937944e-06,8.3054312499382858e-06,9.1591402960362477e-06,8.3054312499382858e-06,5.9003861422937944e-06,2.2268056826404510e-06
216,4.0653979334673671e-05,2.1541899801727135e-06,5.7079756918021032e-06,8.0345927438145922e-06,8.8604625030948501e-06,8.0345927438145939e-06,5.7079756918021032e-06,2.1541899801727135e-06
217,3.9328260934311817e-05,2.0839422617126727e-06,5.5218397088731841e-06,7.7725862289735809e-06,8.5715245351929395e-06,7.7725862289735809e-06,5.5218397088731841e-06,2.0839422617126723e-06
218,3.8045773954484823e-05,2.0159853077600071e-06,5.3417735843338218e-06,7.5191236958883595e-06,8.2920087785204533e-06,7.5191236958883595e-06,5.3417735843338218e-06,2.0159853077600067e-06
219,3.6805108626933624e-05,1.9502444169273598e-06,5.1675793812763546e-06,7.2739265269669802e-06,8.0216079765922341e-06,7.2739265269669819e-06,5.1675793812763546e-06,1.9502444169273594e-06
220,3.5604901155669238e-05,1.8866473238251595e-06,4.9990656174773761e-06,7.0367251902832622e-06,7.7600248924976398e-06,7.0367251902832631e-06,4.9990656174773761e-06,1.8866473238251593e-06
221,3.4443832217826026e-05,1.8251241196242068e-06,4.8360470549117316e-06,6.8072589432949816e-06,7.5069719821641843e-06,6.8072589432949816e-06,4.8360470549117325e-06,1.8251241196242068e-06
222,3.3320625513401729e-05,1.7656071752086945e-06,4.6783444961304306e-06,6.5852755462237669e-06,7.2621710782759430e-06,6.5852755462237678e-06,4.6783444961304306e-06,1.7656071752086943e-06
223,3.2234046362290211e-05,1.7080310668351959e-06,4.5257845872786154e-06,6.3705309847816183e-06,7.0253530844993456e-06,6.3705309847816183e-06,4.5257845872786163e-06,1.7080310668351959e-06
224,3.1182900347064678e-05,1.6523325042158994e-06,4.3781996275370971e-06,6.1627892019392475e-06,6.7962576796801920e-06,6.1627892019392475e-06,4.3781996275370971e-06,1.6523325042158994e-06
225,3.0166032000019563e-05,1.5984502609470322e-06,4.2354273847779493e-06,5.9618218384414228e-06,6.5746330316867521e-06,5.9618218384414228e-06,4.2354273847779502e-06,1.5984502609470320e-06
226,2.9182323533027571e-05,1.5463251072060010e-06,4.0973109172315503e-06,5.7674079817840400e-06,6.3602355205843890e-06,5.7674079817840400e-06,4.0973109172315503e-06,1.5463251072060010e-06
227,2.8230693608815981e-05,1.4958997446432682e-06,3.9636984009690158e-06,5.5793339233770097e-06,6.1528294708373956e-06,5.5793339233770106e-06,3.9636984009690167e-06,1.4958997446432682e-06
228,2.7310096152311320e-05,1.4471187433973878e-06,3.8344429630104102e-06,5.3973929236260184e-06,5.9521868922436836e-06,5.3973929236260192e-06,3.8344429630104111e-06,1.4471187433973878e-06
229,2.6419519200745838e-05,1.3999284811639706e-06,3.7094025198752556e-06,5.2213849846749204e-06,5.7580872293175460e-06,5.2213849846749204e-06,3.7094025198752556e-06,1.3999284811639706e-06
230,2.5557983791261874e-05,1.3542770842515980e-06,3.5884396213978792e-06,5.0511166305589632e-06,5.5703171188449919e-06,5.0511166305589640e-06,3.5884396213978792e-06,1.3542770842515980e-06
231,2.4724542884791110e-05,1.3101143705598917e-06,3.4714212996359161e-06,4.8864006945271718e-06,5.3886701553451515e-06,4.8864006945271718e-06,3.4714212996359161e-06,1.3101143705598917e-06
232,2.3918280325026040e-05,1.2673917944170583e-06,3.3582189227058784e-06,4.7270561133001059e-06,5.2129466641799534e-06,4.7270561133001059e-06,3.3582189227058788e-06,1.2673917944170585e-06
233,2.3138309831339066e-05,1.2260623932162677e-06,3.2487080533851080e-06,4.5729077280368349e-06,5.0429534820626443e-06,4.5729077280368357e-06,3.2487080533851080e-06,1.2260623932162677e-06
234,2.2383774024542386e-05,1.1860807357922122e-06,3.1427683123247017e-06,4.4237860917923429e-06,4.8785037447238701e-06,4.4237860917923429e-06,3.1427683123247017e-06,1.1860807357922126e-06
235,2.1653843484417618e-05,1.1474028724810955e-06,3.0402832457230333e-06,4.2795272832537036e-06,4.7194166815019525e-06,4.2795272832537036e-06,3.0402832457230333e-06,1.1474028724810957e-06
236,2.0947715837979233e-05,1.1099862868091530e-06,2.9411401973144145e-06,4.1399727265502916e-06,4.5655174166315133e-06,4.1399727265502916e-06,2.9411401973144149e-06,1.1099862868091532e-06
237,2.0264614877469505e-05,1.0737898487566041e-06,2.8452301845321862e-06,4.0049690169399398e-06,4.4166367770120449e-06,4.0049690169399406e-06,2.8452301845321867e-06,1.0737898487566041e-06
238,1.9603789707115519e-05,1.0387737695456550e-06,2.7524477787100999e-06,3.8743677521794435e-06,4.2726111062451210e-06,3.8743677521794444e-06,2.7524477787101007e-06,1.0387737695456550e-06
239,1.8964513917710220e-05,1.0048995579028576e-06,2.6626909891903170e-06,3.7480253693940346e-06,4.1332820847357986e-06,3.7480253693940350e-06,2.6626909891903175e-06,1.0048995579028576e-06
240,1.8346084788110245e-05,9.7212997774774351e-07,2.5758611512106160e-06,3.6258029872665151e-06,3.9984965556604970e-06,3.6258029872665151e-06,2.5758611512106160e-06,9.7212997774774351e-07
241,1.7747822512772774e-05,9.4042900726122391e-07,2.4918628174475827e-06,3.5075662533725704e-06,3.8681063566100188e-06,3.5075662533725704e-06,2.4918628174475827e-06,9.4042900726122391e-07
242,1.7169069454482179e-05,9.0976179928876071e-07,2.4106036530965510e-06,3.3931851964944466e-06,3.7419681567226623e-06,3.3931851964944462e-06,2.4106036530965510e-06,9.0976179928876071e-07
243,1.6609189421445221e-05,8.8009464303478330e-07,2.3319943343729713e-06,3.2825340837506563e-06,3.6199432991283974e-06,3.2825340837506563e-06,2.3319943343729713e-06,8.8009464303478340e-07
244,1.6067566967959930e-05,8.5139492700624224e-07,2.2559484503236255e-06,3.1754912823846489e-06,3.5018976485308951e-06,3.1754912823846485e-06,2.2559484503236255e-06,8.5139492700624235e-07
245,1.5543606717889606e-05,8.2363110316456664e-07,2.1823824078397602e-06,3.0719391260605307e-06,3.3877014437598906e-06,3.0719391260605311e-06,2.1823824078397602e-06,8.2363110316456664e-07
246,1.5036732710198177e-05,7.9677265224661941e-07,2.1112153397677257e-06,2.9717637855188575e-06,3.2772291551317709e-06,2.9717637855188575e-06,2.1112153397677253e-06,7.9677265224661941e-07
247,1.4546387765827514e-05,7.7079005021652937e-07,2.0423690160161059e-06,2.8748551434503100e-06,3.1703593464616218e-06,2.8748551434503100e-06,2.0423690160161059e-06,7.7079005021652937e-07
248,1.4072032875220775e-05,7.4565473581152335e-07,1.9757677575616307e-06,2.7811066734497215e-06,3.0669745415750230e-06,2.7811066734497215e-06,1.9757677575616307e-06,7.4565473581152335e-07
249,1.3613146605818477e-05,7.2133907914608033e-07,1.9113383532593356e-06,2.6904153229173862e-06,2.9669610951728707e-06,2.6904153229173867e-06,1.9113383532593351e-06,7.2133907914608033e-07
250,1.3169224528876008e-05,6.9781635133990091e-07,1.8490099793655285e-06,2.6026813997789362e-06,2.8702090679072778e-06,2.6026813997789358e-06,1.8490099793655283e-06,6.9781635133990091e-07
251,1.2739778664972537e-05,6.7506069513630056e-07,1.7887141216850968e-06,2.5178084628992604e-06,2.7766121055312222e-06,2.5178084628992604e-06,1.7887141216850963e-06,6.7506069513630056e-07
252,1.2324336947601715e-05,6.5304709647873221e-07,1.7303845002575731e-06,2.4357032160700039e-06,2.6860673219890972e-06,2.4357032160700039e-06,1.7303845002575729e-06,6.5304709647873221e-07
253,1.1922442704254640e-05,6.3175135701419318e-07,1.6739569964991784e-06,2.3562754054541166e-06,2.5984751863196653e-06,2.3562754054541166e-06,1.6739569964991784e-06,6.3175135701419318e-07
254,1.1533654154424567e-05,6.1115006749329038e-07,1.6193695827207447e-06,2.2794377203747106e-06,2.5137394132470760e-06,2.2794377203747102e-06,1.6193695827207447e-06,6.1115006749329038e-07
255,1.1157543923981593e-05,5.9122058203772406e-07,1.5665622539440459e-06,2.2051056973391788e-06,2.4317668573396963e-06,2.2051056973391783e-06,1.5665622539440459e-06,5.9122058203772395e-07
256,1.0793698575383510e-05,5.7194099324690441e-07,1.5154769619415867e-06,2.1331976271930669e-06,2.3524674106203958e-06,2.1331976271930665e-06,1.5154769619415865e-06,5.7194099324690431e-07
257,1.0441718153206367e-05,5.5329010811633603e-07,1.4660575514273388e-06,2.0636344653016369e-06,2.2757539035157449e-06,2.0636344653016369e-06,1.4660575514273386e-06,5.5329010811633603e-07
258,1.0101215744495206e-05,5.3524742474130000e-07,1.4182496983282870e-06,1.9963397446603977e-06,2.2015420090352377e-06,1.9963397446603977e-06,1.4182496983282866e-06,5.3524742474130000e-07
259,9.7718170534516669e-06,5.1779310978022315e-07,1.3720008500689257e-06,1.9312394918390785e-06,2.1297501500752141e-06,1.9312394918390785e-06,1.3720008500689257e-06,5.1779310978022315e-07
260,9.4531599899909608e-06,5.0090797665296401e-07,1.3272601678030694e-06,1.8682621456666575e-06,2.0602994097455790e-06,1.8682621456666575e-06,1.3272601678030692e-06,5.0090797665296401e-07
261,9.1448942717158991e-06,4.8457346445004721e-07,1.2839784705294699e-06,1.8073384785680547e-06,1.9931134446207550e-06,1.8073384785680547e-06,1.2839784705294699e-06,4.8457346445004721e-07
262,8.8466810388704970e-06,4.6877161752966402e-07,1.2421081810298144e-06,1.7484015204660188e-06,1.9281184008195036e-06,1.7484015204660188e-06,1.2421081810298144e-06,4.6877161752966402e-07
263,8.5581924818498525e-06,4.5348506578001116e-07,1.2016032735696739e-06,1.6913864851645599e-06,1.8652428328213616e-06,1.6913864851645603e-06,1.2016032735696739e-06,4.5348506578001116e-07
264,8.2791114808568486e-06,4.3869700552527067e-07,1.1624192233049141e-06,1.6362306991330060e-06,1.8044176249304666e-06,1.6362306991330060e-06,1.1624192233049141e-06,4.3869700552527067e-07
265,8.0091312573096010e-06,4.2439118105424155e-07,1.1245129573379533e-06,1.5828735326123928e-06,1.7455759153004246e-06,1.5828735326123928e-06,1.1245129573379533e-06,4.2439118105424155e-07
266,7.7479550366164207e-06,4.1055186675131994e-07,1.0878428073700661e-06,1.5312563329684655e-06,1.6886530224367174e-06,1.5312563329684658e-06,1.0878428073700661e-06,4.1055186675131994e-07
267,7.4952957219476402e-06,3.9716384981018440e-07,1.0523684638976865e-06,1.4813223602180249e-06,1.6335863740958475e-06,1.4813223602180251e-06,1.0523684638976867e-06,3.9716384981018440e-07
268,7.2508755786456530e-06,3.8421241351118421e-07,1.0180509319023612e-06,1.4330167246577450e-06,1.5803154385030715e-06,1.4330167246577452e-06,1.0180509319023612e-06,3.8421241351118421e-07
269,7.0144259289263035e-06,3.7168332104404876e-07,9.8485248798564269e-07,1.3862863265269057e-06,1.5287816578131090e-06,1.3862863265269057e-06,9.8485248798564290e-07,3.7168332104404882e-07
270,6.7856868565359947e-06,3.5956279985813635e-07,9.5273663890180964e-07,1.3410797976377096e-06,1.4789283837406838e-06,1.3410797976377096e-06,9.5273663890180985e-07,3.5956279985813645e-07
271,6.5644069210398718e-06,3.4783752652301669e-07,9.2166808144282220e-07,1.2973474449090256e-06,1.4307008152901431e-06,1.2973474449090258e-06,9.2166808144282220e-07,3.4783752652301674e-07
272,6.3503428814270080e-06,3.3649461208274788e-07,8.9161266363142383e-07,1.2550411957414832e-06,1.3840459385156984e-06,1.2550411957414832e-06,8.9161266363142383e-07,3.3649461208274799e-07
273,6.1432594287287845e-06,3.2552158788774787e-07,8.6253734717972923e-07,1.2141145451738760e-06,1.3389124682460776e-06,1.2141145451738760e-06,8.6253734717972944e-07,3.2552158788774787e-07
274,5.9429289273565161e-06,3.1490639188868467e-07,8.3441017117202874e-07,1.1745225047627852e-06,1.2952507917095195e-06,1.1745225047627852e-06,8.3441017117202895e-07,3.1490639188868467e-07
275,5.7491311648740301e-06,3.0463735537732151e-07,8.0720021693189000e-07,1.1362215531292273e-06,1.2530129139971522e-06,1.1362215531292273e-06,8.0720021693189000e-07,3.0463735537732157e-07
276,5.5616531099300817e-06,2.9470319015973950e-07,7.8087757403493691e-07,1.0991695881179671e-06,1.2121524053047953e-06,1.0991695881179669e-06,7.8087757403493691e-07,2.9470319015973955e-07
277,5.3802886780845802e-06,2.8509297614783935e-07,7.5541330742994513e-07,1.0633258805169052e-06,1.1726243498952002e-06,1.0633258805169052e-06,7.5541330742994523e-07,2.8509297614783935e-07
278,5.2048385052711470e-06,2.7579614935548186e-07,7.3077942563211280e-07,1.0286510292856692e-06,1.1343852967246190e-06,1.0286510292856690e-06,7.3077942563211302e-07,2.7579614935548192e-07
279,5.0351097286470392e-06,2.6680249028607200e-07,7.0694884995354143e-07,9.9510691824418913e-07,1.0973932116794336e-06,9.9510691824418892e-07,7.0694884995354143e-07,2.6680249028607205e-07
280,4.8709157745894986e-06,2.5810211269882135e-07,6.8389538473710566e-07,9.6265667417365327e-07,1.0616074313703388e-06,9.6265667417365305e-07,6.8389538473710566e-07,2.5810211269882135e-07
281,4.7120761536055103e-06,2.4968545274134084e-07,6.6159368856099047e-07,9.3126462628378027e-07,1.0269886184332867e-06,9.3126462628378017e-07,6.6159368856099058e-07,2.4968545274134084e-07
282,4.5584162619294999e-06,2.4154325843661736e-07,6.4001924638224368e-07,9.0089626700185896e-07,9.9349871828805950e-07,9.0089626700185896e-07,6.4001924638224368e-07,2.4154325843661736e-07
283,4.4097671895909097e-06,2.3366657951281813e-07,6.1914834258872004e-07,8.7151821404044724e-07,9.6110091730693810e-07,8.7151821404044724e-07,6.1914834258872004e-07,2.3366657951281813e-07
284,4.2659655347406389e-06,2.2604675756474329e-07,5.9895803492979815e-07,8.4309817370203792e-07,9.2975960234748083e-07,8.4309817370203770e-07,5.9895803492979826e-07,2.2604675756474329e-07
285,4.1268532240322753e-06,2.1867541653611102e-07,5.7942612929721055e-07,8.1560490538035112e-07,8.9944032160493003e-07,8.1560490538035123e-07,5.7942612929721066e-07,2.1867541653611105e-07
286,3.9922773388606444e-06,2.1154445351221449e-07,5.6053115532826615e-07,7.8900818721923387e-07,8.7010974674121559e-07,7.8900818721923387e-07,5.6053115532826615e-07,2.1154445351221452e-07
287,3.8620899472667026e-06,2.0464602981282766e-07,5.4225234280464721e-07,7.6327878289141416e-07,8.4173563624892373e-07,7.6327878289141426e-07,5.4225234280464721e-07,2.0464602981282771e-07
288,3.7361479413239654e-06,1.9797256237557001e-07,5.2456959882083672e-07,7.3838840946059649e-07,8.1428680000995905e-07,7.3838840946059649e-07,5.2456959882083672e-07,1.9797256237557001e-07
289,3.6143128798277469e-06,1.9151671542025800e-07,5.0746348569707880e-07,7.1430970629156530e-07,7.8773306500994298e-07,7.1430970629156530e-07,5.0746348569707880e-07,1.9151671542025800e-07
290,3.4964508361142582e-06,1.8527139238508070e-07,4.9091519961259372e-07,6.9101620497412595e-07,7.6204524217065763e-07,6.9101620497412584e-07,4.9091519961259372e-07,1.8527139238508070e-07
291,3.3824322508423030e-06,1.7922972812573465e-07,4.7490654993555931e-07,6.6848230022781861e-07,7.3719509426407819e-07,6.6848230022781861e-07,4.7490654993555926e-07,1.7922972812573465e-07
292,3.2721317895757380e-06,1.7338508136894398e-07,4.5941993922713751e-07,6.4668322175542591e-07,7.1315530487272279e-07,6.4668322175542581e-07,4.5941993922713751e-07,1.7338508136894398e-07
293,3.1654282050101275e-06,1.6773102741206925e-07,4.4443834389756603e-07,6.2559500701432945e-07,6.8989944836219792e-07,6.2559500701432945e-07,4.4443834389756598e-07,1.6773102741206927e-07
294,3.0622042036921799e-06,1.6226135106078118e-07,4.2994529549305098e-07,6.0519447487578994e-07,6.6740196083293543e-07,6.0519447487578994e-07,4.2994529549305098e-07,1.6226135106078118e-07
295,2.9623463170854180e-06,1.5697003979703494e-07,4.1592486259289044e-07,5.8545920014319077e-07,6.4563811201918570e-07,5.8545920014319077e-07,4.1592486259289044e-07,1.5697003979703494e-07
296,2.8657447768403869e-06,1.5185127716983596e-07,4.0236163329692905e-07,5.6636748890123829e-07,6.2458397810438011e-07,5.6636748890123819e-07,4.0236163329692910e-07,1.5185127716983596e-07
297,2.7722933941322685e-06,1.4689943640153112e-07,3.8924069828409374e-07,5.4789835466901927e-07,6.0421641542298010e-07,5.4789835466901927e-07,3.8924069828409374e-07,1.4689943640153109e-07
298,2.6818894429332767e-06,1.4210907420259794e-07,3.7654763442338694e-07,5.3003149533070253e-07,5.8451303501990192e-07,5.3003149533070253e-07,3.7654763442338694e-07,1.4210907420259792e-07
299,2.5944335470915167e-06,1.3747492478813210e-07,3.6426848891932217e-07,5.1274727081852619e-07,5.6545217803955579e-07,5.1274727081852630e-07,3.6426848891932217e-07,1.3747492478813210e-07
300,2.5098295710921795e-06,1.3299189408945622e-07,3.5238976397437443e-07,4.9602668152353815e-07,5.4701289191744180e-07,4.9602668152353815e-07,3.5238976397437443e-07,1.3299189408945622e-07
301,2.4279845143809931e-06,1.2865505415448681e-07,3.4089840195158435e-07,4.7985134741035799e-07,5.2917490734813465e-07,4.7985134741035799e-07,3.4089840195158435e-07,1.2865505415448681e-07
302,2.3488084091337666e-06,1.2445963773070446e-07,3.2978177102100726e-07,4.6420348781300301e-07,5.1191861600433702e-07,4.6420348781300301e-07,3.2978177102100726e-07,1.2445963773070446e-07
303,2.2722142213596500e-06,1.2040103302477196e-07,3.1902765127422921e-07,4.4906590188956807e-07,4.9522504898251148e-07,4.4906590188956802e-07,3.1902765127422921e-07,1.2040103302477196e-07
304,2.1981177552293942e-06,1.1647477863304061e-07,3.0862422129168520e-07,4.3442194971427432e-07,4.7907585595139415e-07,4.3442194971427432e-07,3.0862422129168520e-07,1.1647477863304060e-07
305,2.1264375605234536e-06,1.1267655863737144e-07,2.9856004514801504e-07,4.2025553398610329e-07,4.6345328498047392e-07,4.2025553398610334e-07,2.9856004514801509e-07,1.1267655863737143e-07
306,2.0570948430981802e-06,1.0900219786088096e-07,2.8882405984117198e-07,4.0655108233390807e-07,4.4834016302625835e-07,4.0655108233390812e-07,2.8882405984117192e-07,1.0900219786088094e-07
307,1.9900133782717079e-06,1.0544765727839607e-07,2.7940556313146543e-07,3.9329353019855198e-07,4.3371987705488114e-07,3.9329353019855198e-07,2.7940556313146543e-07,1.0544765727839607e-07
308,1.9251194270342971e-06,1.0200902957657307e-07,2.7029420177717053e-07,3.8046830427325702e-07,4.1957635578029571e-07,3.8046830427325702e-07,2.7029420177717053e-07,1.0200902957657307e-07
309,1.8623416549910489e-06,9.8682534858800446e-08,2.6147996015377189e-07,3.6806130648395974e-07,4.0589405199798446e-07,3.6806130648395974e-07,2.6147996015377189e-07,9.8682534858800433e-08
310,1.8016110539478794e-06,9.5464516490163745e-08,2.5295314924433178e-07,3.5605889849206394e-07,3.9265792549476043e-07,3.5605889849206394e-07,2.5295314924433178e-07,9.5464516490163745e-08
311,1.7428608660545640e-06,9.2351437077905724e-08,2.4470439598888007e-07,3.4444788670255655e-07,3.7985342651587937e-07,3.4444788670255655e-07,2.4470439598888002e-07,9.2351437077905711e-08
312,1.6860265104214559e-06,8.9339874582962443e-08,2.3672463298111883e-07,3.3321550776100497e-07,3.6746647977128346e-07,3.3321550776100502e-07,2.3672463298111883e-07,8.9339874582962430e-08
313,1.6310455121292257e-06,8.6426518558301791e-08,2.2900508850111521e-07,3.2234941452349539e-07,3.5548346896340091e-07,3.2234941452349544e-07,2.2900508850111521e-07,8.6426518558301791e-08
314,1.5778574335535748e-06,8.3608166509928852e-08,2.2153727687302609e-07,3.1183766248408797e-07,3.4389122181948905e-07,3.1183766248408797e-07,2.2153727687302609e-07,8.3608166509928839e-08
315,1.5264038079294402e-06,8.0881720376558250e-08,2.1431298913725585e-07,3.0166869664487060e-07,3.3267699561207071e-07,3.0166869664487060e-07,2.1431298913725590e-07,8.0881720376558250e-08
316,1.4766280750816547e-06,7.8244183124083734e-08,2.0732428402679309e-07,2.9183133881417730e-07,3.2182846315154653e-07,2.9183133881417736e-07,2.0732428402679306e-07,7.8244183124083734e-08
317,1.4284755192514208e-06,7.5692655451101379e-08,2.0056347923780692e-07,2.8231477531900976e-07,3.1133369923558463e-07,2.8231477531900976e-07,2.0056347923780692e-07,7.5692655451101393e-08
318,1.3818932089502486e-06,7.3224332601865105e-08,1.9402314298490829e-07,2.7310854511815379e-07,3.0118116754039405e-07,2.7310854511815379e-07,1.9402314298490829e-07,7.3224332601865118e-08
319,1.3368299387752463e-06,7.0836501283171033e-08,1.8769608583179165e-07,2.6420252830292520e-07,2.9135970793947053e-07,2.6420252830292520e-07,1.8769608583179165e-07,7.0836501283171046e-08
320,1.2932361731218040e-06,6.8526536681781676e-08,1.8157535278827834e-07,2.5558693497290397e-07,2.8185852423587602e-07,2.5558693497290397e-07,1.8157535278827836e-07,6.8526536681781689e-08
321,1.2510639917317936e-06,6.6291899579111397e-08,1.7565421566507384e-07,2.4725229447442872e-07,2.7266717229456553e-07,2.4725229447442877e-07,1.7565421566507384e-07,6.6291899579111397e-08
322,1.2102670370174322e-06,6.4130133560001339e-08,1.6992616567783467e-07,2.3918944499002149e-07,2.6377554856171725e-07,2.3918944499002143e-07,1.6992616567783467e-07,6.4130133560001339e-08
323,1.1708004631029066e-06,6.2038862312515697e-08,1.6438490629241563e-07,2.3138952346729966e-07,2.5517387895844474e-07,2.3138952346729966e-07,1.6438490629241563e-07,6.2038862312515697e-08
324,1.1326208865277362e-06,6.0015787015791150e-08,1.5902434630343152e-07,2.2384395587630405e-07,2.4685270813668284e-07,2.2384395587630405e-07,1.5902434630343152e-07,6.0015787015791150e-08
325,1.0956863385576930e-06,5.8058683813067937e-08,1.5383859313852640e-07,2.1654444778453345e-07,2.3880288908543751e-07,2.1654444778453345e-07,1.5383859313852640e-07,5.8058683813067937e-08
326,1.0599562190508520e-06,5.6165401367124976e-08,1.4882194638098869e-07,2.0948297523932576e-07,2.3101557307597324e-07,2.0948297523932576e-07,1.4882194638098867e-07,5.6165401367124976e-08
327,1.0253912518280616e-06,5.4333858495431691e-08,1.4396889150359286e-07,2.0265177594756280e-07,2.2348219993488680e-07,2.0265177594756280e-07,1.4396889150359289e-07,5.4333858495431691e-08
328,9.9195344149877194e-07,5.2562041882417187e-08,1.3927409380677927e-07,1.9604334074300292e-07,2.1619448863437324e-07,1.9604334074300292e-07,1.3927409380677927e-07,5.2562041882417187e-08
329,9.5960603169476909e-07,5.0848003866341789e-08,1.3473239255450873e-07,1.8965040533186290e-07,2.0914442818934220e-07,1.8965040533186290e-07,1.3473239255450873e-07,5.0848003866341795e-08
330,9.2831346466589389e-07,4.9189860298338326e-08,1.3033879530134583e-07,1.8346594230757427e-07,2.0232426885137703e-07,1.8346594230757427e-07,1.3033879530134583e-07,4.9189860298338326e-08
331,8.9804134219334073e-07,4.7585788471269649e-08,1.2608847240453484e-07,1.7748315342593700e-07,1.9572651358985767e-07,1.7748315342593700e-07,1.2608847240453484e-07,4.7585788471269649e-08
332,8.6875638777756346e-07,4.6034025116125661e-08,1.2197675171503586e-07,1.7169546213217921e-07,1.8934390985088199e-07,1.7169546213217921e-07,1.2197675171503586e-07,4.6034025116125661e-08
333,8.4042641005922827e-07,4.4532864463757562e-08,1.1799911344168523e-07,1.6609650633170765e-07,1.8316944158492734e-07,1.6609650633170765e-07,1.1799911344168526e-07,4.4532864463757555e-08
334,8.1302026743300041e-07,4.3080656369818433e-08,1.1415118518283467e-07,1.6068013139660283e-07,1.7719632153448861e-07,1.6068013139660280e-07,1.1415118518283464e-07,4.3080656369818439e-08
335,7.8650783381527000e-07,4.1675804500849264e-08,1.1042873712000754e-07,1.5544038340017090e-07,1.7141798377321466e-07,1.5544038340017090e-07,1.1042873712000754e-07,4.1675804500849264e-08
336,7.6085996552818511e-07,4.0316764579516272e-08,1.0682767736828954e-07,1.5037150257211555e-07,1.6582807648834240e-07,1.5037150257211552e-07,1.0682767736828953e-07,4.0316764579516272e-08
337,7.3604846926358933e-07,3.9002042687070743e-08,1.0334404747834158e-07,1.4546791696713539e-07,1.6042045499849388e-07,1.4546791696713537e-07,1.0334404747834156e-07,3.9002042687070736e-08
338,7.1204607109165052e-07,3.7730193621165312e-08,9.9974018085091691e-08,1.4072423633998729e-07,1.5518917499916202e-07,1.4072423633998726e-07,9.9974018085091664e-08,3.7730193621165299e-08
339,6.8882638648011191e-07,3.6499819307221544e-08,9.6713884698321971e-08,1.3613524622028258e-07,1.5012848602845972e-07,1.3613524622028258e-07,9.6713884698321958e-08,3.6499819307221531e-08
340,6.6636389129120821e-07,3.5309567261602513e-08,9.3560063630523824e-08,1.3169590218050310e-07,1.4523282514594935e-07,1.3169590218050307e-07,9.3560063630523798e-08,3.5309567261602494e-08
341,6.4463389372436824e-07,3.4158129104901006e-08,9.0509088057544859e-08,1.2740132429093599e-07,1.4049681081760452e-07,1.2740132429093599e-07,9.0509088057544859e-08,3.4158129104900993e-08
342,6.2361250717386039e-07,3.3044239123709130e-08,8.7557604207697655e-08,1.2324679175543224e-07,1.3591523700018243e-07,1.2324679175543221e-07,8.7557604207697642e-08,3.3044239123709124e-08
343,6.0327662397154427e-07,3.1966672879288365e-08,8.4702367675140496e-08,1.1922773772209179e-07,1.3148306741850298e-07,1.1922773772209176e-07,8.4702367675140482e-08,3.1966672879288358e-08
344,5.8360388998586645e-07,3.0924245861610512e-08,8.1940239853478509e-08,1.1533974426317151e-07,1.2719543002934540e-07,1.1533974426317148e-07,8.1940239853478509e-08,3.0924245861610505e-08
345,5.6457268004917869e-07,2.9915812187290229e-08,7.9268184485664099e-08,1.1157853751869715e-07,1.2304761166587568e-07,1.1157853751869715e-07,7.9268184485664099e-08,2.9915812187290222e-08
346,5.4616207418636548e-07,2.8940263339977658e-08,7.6683264326404547e-08,1.0793998299844140e-07,1.1903505285671828e-07,1.0793998299844140e-07,7.6683264326404547e-08,2.8940263339977658e-08
347,5.2835183461865240e-07,2.7996526951826643e-08,7.4182637913407749e-08,1.0442008103710320e-07,1.1515334281397711e-07,1.0442008103710320e-07,7.4182637913407749e-08,2.7996526951826643e-08
348,5.1112238351731495e-07,2.7083565624698998e-08,7.1763556443917299e-08,1.0101496239769319e-07,1.1139821458469606e-07,1.0101496239769318e-07,7.1763556443917286e-08,2.7083565624698998e-08
349,4.9445478148283595e-07,2.6200375789809115e-08,6.9423360753102745e-08,9.7720884018291592e-08,1.0776554036042915e-07,9.7720884018291579e-08,6.9423360753102732e-08,2.6200375789809115e-08
350,4.7833070672585180e-07,2.5345986604555323e-08,6.7159478390984307e-08,9.4534224897503574e-08,1.0425132693976536e-07,9.4534224897503561e-08,6.7159478390984293e-08,2.5345986604555323e-08
351,4.6273243492700483e-07,2.4519458885325331e-08,6.4969420794678310e-08,9.1451482114089267e-08,1.0085171133881899e-07,9.1451482114089254e-08,6.4969420794678310e-08,2.4519458885325328e-08
352,4.4764281975356277e-07,2.3719884075102745e-08,6.2850780552855262e-08,8.8469266976392648e-08,9.7562956544861418e-08,8.8469266976392648e-08,6.2850780552855262e-08,2.3719884075102745e-08
353,4.3304527401138601e-07,2.2946383244739690e-08,6.0801228759403295e-08,8.5584301297336954e-08,9.4381447408426142e-08,8.5584301297336954e-08,6.0801228759403295e-08,2.2946383244739690e-08
354,4.1892375141152677e-07,2.2198106126797737e-08,5.8818512453388251e-08,8.2793413790891784e-08,9.1303686669371248e-08,8.2793413790891784e-08,5.8818512453388244e-08,2.2198106126797737e-08
355,4.0526272893141512e-07,2.1474230180895127e-08,5.6900452142496166e-08,8.0093536586050542e-08,8.8326291112531401e-08,8.0093536586050542e-08,5.6900452142496166e-08,2.1474230180895127e-08
356,3.9204718975124341e-07,2.0773959689532794e-08,5.5044939407235737e-08,7.7481701854486578e-08,8.5445987848733236e-08,7.7481701854486578e-08,5.5044939407235744e-08,2.0773959689532790e-08
357,3.7926260674679316e-07,2.0096524883405364e-08,5.3249934583267327e-08,7.4955038548180828e-08,8.2659610717086131e-08,7.4955038548180828e-08,5.3249934583267333e-08,2.0096524883405361e-08
358,3.6689492652055537e-07,1.9441181095235584e-08,5.1513464519310773e-08,7.2510769243434598e-08,7.9964096804593451e-08,7.2510769243434598e-08,5.1513464519310773e-08,1.9441181095235584e-08
359,3.5493055395359484e-07,1.8807207941202028e-08,4.9833620408167396e-08,7.0146207087798613e-08,7.7356483079258778e-08,7.0146207087798613e-08,4.9833620408167409e-08,1.8807207941202028e-08
360,3.4335633726117469e-07,1.8193908529060300e-08,4.8208555688471972e-08,6.7858752846562129e-08,7.4833903132985879e-08,6.7858752846562142e-08,4.8208555688471978e-08,1.8193908529060300e-08
361,3.3215955353571345e-07,1.7600608692087266e-08,4.6636484014868099e-08,6.5645892045555453e-08,7.2393584030691835e-08,6.5645892045555466e-08,4.6636484014868099e-08,1.7600608692087266e-08
362,3.2132789476118453e-07,1.7026656248006198e-08,4.5115677294375823e-08,6.3505192207125040e-08,7.0032843262170384e-08,6.3505192207125040e-08,4.5115677294375823e-08,1.7026656248006205e-08
363,3.1084945428358228e-07,1.6471420282078231e-08,4.3644463786792932e-08,6.1434300176242975e-08,6.7749085793354005e-08,6.1434300176242975e-08,4.3644463786792932e-08,1.6471420282078234e-08
364,3.0071271372258474e-07,1.5934290453572050e-08,4.2221226267041752e-08,5.9430939533811527e-08,6.5539801213734056e-08,5.9430939533811534e-08,4.2221226267041752e-08,1.5934290453572053e-08
365,2.9090653031002350e-07,1.5414676324849515e-08,4.0844400247441498e-08,5.7492908094319310e-08,6.3402560976802862e-08,5.7492908094319310e-08,4.0844400247441498e-08,1.5414676324849515e-08
366,2.8142012464124435e-07,1.4912006712329612e-08,3.9512472257951928e-08,5.5618075485098386e-08,6.1335015730484497e-08,5.5618075485098386e-08,3.9512472257951941e-08,1.4912006712329615e-08
367,2.7224306882589314e-07,1.4425729058617409e-08,3.8223978182498038e-08,5.3804380804521302e-08,5.9334892734619658e-08,5.3804380804521295e-08,3.8223978182498038e-08,1.4425729058617412e-08
368,2.6336527502510269e-07,1.3955308825107700e-08,3.6977501649546698e-08,5.2049830356563970e-08,5.7399993362665943e-08,5.2049830356563964e-08,3.6977501649546704e-08,1.3955308825107702e-08
369,2.5477698436247941e-07,1.3500228904395779e-08,3.5771672475166484e-08,5.0352495459243902e-08,5.5528190684867067e-08,5.0352495459243895e-08,3.5771672475166484e-08,1.3500228904395780e-08
370,2.4646875619670074e-07,1.3059989051849356e-08,3.4605165156858829e-08,4.8710510324524872e-08,5.3717427130234615e-08,4.8710510324524879e-08,3.4605165156858829e-08,1.3059989051849357e-08
371,2.3843145774393108e-07,1.2634105335716813e-08,3.3476697416505207e-08,4.7122070007357559e-08,5.1965712224771976e-08,4.7122070007357559e-08,3.3476697416505207e-08,1.2634105335716811e-08
372,2.3065625403864884e-07,1.2222109605167318e-08,3.2385028790828444e-08,4.5585428421601436e-08,5.0271120403454458e-08,4.5585428421601436e-08,3.2385028790828437e-08,1.2222109605167317e-08
373,2.2313459822184848e-07,1.1823548975678058e-08,3.1328959267818820e-08,4.4098896420647232e-08,4.8631788893560262e-08,4.4098896420647226e-08,3.1328959267818820e-08,1.1823548975678058e-08
374,2.1585822214594310e-07,1.1437985331202884e-08,3.0307327967626083e-08,4.2660839940629743e-08,4.7045915667025680e-08,4.2660839940629743e-08,3.0307327967626077e-08,1.1437985331202884e-08
375,2.0881912728603884e-07,1.1064994842575143e-08,2.9319011866467277e-08,4.1269678204190284e-08,4.5511757459573425e-08,4.1269678204190277e-08,2.9319011866467277e-08,1.1064994842575143e-08
376,2.0200957594759112e-07,1.0704167501615312e-08,2.8362924562147745e-08,3.9923881982813969e-08,4.4027627854437073e-08,3.9923881982813969e-08,2.8362924562147745e-08,1.0704167501615313e-08
377,1.9542208276077743e-07,1.0355106670431261e-08,2.7438015079838188e-08,3.8621971915831935e-08,4.2591895428574655e-08,3.8621971915831929e-08,2.7438015079838188e-08,1.0355106670431263e-08
378,1.8904940645223669e-07,1.0017428645415790e-08,2.6543266716795147e-08,3.7362516884240464e-08,4.1202981959333924e-08,3.7362516884240457e-08,2.6543266716795147e-08,1.0017428645415790e-08
379,1.8288454188513134e-07,9.6907622354620874e-09,2.5677695924754912e-08,3.6144132437549670e-08,3.9859360689597986e-08,3.6144132437549670e-08,2.5677695924754916e-08,9.6907622354620890e-09
380,1.7692071235878051e-07,9.3747483539335213e-09,2.4840351228772375e-08,3.4965479271932297e-08,3.8559554649504129e-08,3.4965479271932297e-08,2.4840351228772375e-08,9.3747483539335213e-09
381,1.7115136215940150e-07,9.0690396239391953e-09,2.4030312181316267e-08,3.3825261757999746e-08,3.7302135032891102e-08,3.3825261757999746e-08,2.4030312181316271e-08,9.0690396239391953e-09
382,1.6557014935376972e-07,8.7732999964814217e-09,2.3246688350471257e-08,3.2722226516587110e-08,3.6085719626690120e-08,3.2722226516587117e-08,2.3246688350471260e-08,8.7732999964814234e-09
383,1.6017093881787585e-07,8.4872043810553082e-09,2.2488618341134467e-08,3.1655161040981555e-08,3.4908971291533169e-08,3.1655161040981561e-08,2.2488618341134470e-08,8.4872043810553115e-09
384,1.5494779549291755e-07,8.2104382882944260e-09,2.1755268848130673e-08,3.0622892364079537e-08,3.3770596491908265e-08,3.0622892364079551e-08,2.1755268848130673e-08,8.2104382882944277e-09
385,1.4989497786121175e-07,7.9426974842697395e-09,2.1045833740205183e-08,2.9624285769007832e-08,3.2669343874246236e-08,2.9624285769007835e-08,2.1045833740205190e-08,7.9426974842697428e-09
386,1.4500693163485613e-07,7.6836876560617748e-09,2.0359533173887554e-08,2.8658243541790886e-08,3.1604002891375675e-08,2.8658243541790886e-08,2.0359533173887558e-08,7.6836876560617764e-09
387,1.4027828365020216e-07,7.4331240882384191e-09,1.9695612736252025e-08,2.7723703764693515e-08,3.0573402471834218e-08,2.7723703764693515e-08,1.9695612736252025e-08,7.4331240882384208e-09
388,1.3570383596142837e-07,7.1907313498827133e-09,1.9053342615632385e-08,2.6819639148912424e-08,2.9576409732573320e-08,2.6819639148912421e-08,1.9053342615632385e-08,7.1907313498827141e-09
389,1.3127856012672080e-07,6.9562429918266111e-09,1.8432016799379649e-08,2.5945055905333424e-08,2.8611928733641439e-08,2.5945055905333417e-08,1.8432016799379649e-08,6.9562429918266111e-09
390,1.2699759168078013e-07,6.7294012537578815e-09,1.7830952297780720e-08,2.5098992652113056e-08,2.7678899273476829e-08,2.5098992652113056e-08,1.7830952297780720e-08,6.7294012537578815e-09
391,1.2285622478757932e-07,6.5099567808782068e-09,1.7249488393284903e-08,2.4280519357883785e-08,2.6776295723485535e-08,2.4280519357883785e-08,1.7249488393284899e-08,6.5099567808782068e-09
392,1.1884990706749360e-07,6.2976683498009941e-09,1.6686985914212984e-08,2.3488736319421023e-08,2.5903125900623611e-08,2.3488736319421023e-08,1.6686985914212984e-08,6.2976683498009941e-09
393,1.1497423459311706e-07,6.0923026033876187e-09,1.6142826532150552e-08,2.2722773172648252e-08,2.5058429976744207e-08,2.2722773172648246e-08,1.6142826532150552e-08,6.0923026033876187e-09
394,1.1122494704826435e-07,5.8936337942305943e-09,1.5616412082253154e-08,2.1981787935893095e-08,2.4241279423510648e-08,2.1981787935893095e-08,1.5616412082253154e-08,5.8936337942305943e-09
395,1.0759792304483668e-07,5.7014435365017152e-09,1.5107163905716181e-08,2.1264966084342615e-08,2.3450775991715641e-08,2.1264966084342612e-08,1.5107163905716184e-08,5.7014435365017152e-09
396,1.0408917559240373e-07,5.5155205658923793e-09,1.4614522213686680e-08,2.0571519654680413e-08,2.2686050723884774e-08,2.0571519654680413e-08,1.4614522213686678e-08,5.5155205658923793e-09
397,1.0069484771552174e-07,5.3356605073822163e-09,1.4137945471917885e-08,1.9900686378921400e-08,2.1946262999078734e-08,1.9900686378921400e-08,1.4137945471917883e-08,5.3356605073822163e-09
398,9.7411208213969891e-08,5.1616656505807241e-09,1.3676909805490046e-08,1.9251728846491983e-08,2.1230599608844398e-08,1.9251728846491980e-08,1.3676909805490042e-08,5.1616656505807224e-09
399,9.4234647561244719e-08,4.9933447323949813e-09,1.3230908422943180e-08,1.8623933693634712e-08,2.0538273863298964e-08,1.8623933693634708e-08,1.3230908422943180e-08,4.9933447323949805e-09
400,9.1161673936803548e-08,4.8305127267845240e-09,1.2799451059188766e-08,1.8016610819246230e-08,1.9868524726364502e-08,1.8016610819246227e-08,1.2799451059188766e-08,4.8305127267845240e-09
401,8.8188909387696083e-08,4.6729906413722690e-09,1.2382063436587960e-08,1.7429092626286652e-08,1.9220615979202327e-08,1.7429092626286652e-08,1.2382063436587960e-08,4.6729906413722682e-09
402,8.5313086115364192e-08,4.5206053206879140e-09,1.1978286743603959e-08,1.6860733287926396e-08,1.8593835410927643e-08,1.6860733287926396e-08,1.1978286743603963e-08,4.5206053206879140e-09
403,8.2531042883528374e-08,4.3731892558275458e-09,1.1587677130455408e-08,1.6310908037623834e-08,1.7987494035714819e-08,1.6310908037623830e-08,1.1587677130455406e-08,4.3731892558275458e-09
404,7.9839721543212710e-08,4.2305804003201969e-09,1.1209805221216432e-08,1.5779012482353380e-08,1.7400925335432684e-08,1.5779012482353380e-08,1.1209805221216428e-08,4.2305804003201969e-09
405,7.7236163671087528e-08,4.0926219919989633e-09,1.0844255641827034e-08,1.5264461938229085e-08,1.6833484526977364e-08,1.5264461938229082e-08,1.0844255641827033e-08,4.0926219919989624e-09
406,7.4717507317435662e-08,3.9591623806808756e-09,1.0490626563494951e-08,1.4766690787793378e-08,1.6284547853497256e-08,1.4766690787793378e-08,1.0490626563494947e-08,3.9591623806808748e-09
407,7.2280983860166433e-08,3.8300548614660893e-09,1.0148529260987076e-08,1.4285151858264558e-08,1.5753511898731004e-08,1.4285151858264558e-08,1.0148529260987076e-08,3.8300548614660885e-09
408,6.9923914961419933e-08,3.7051575134731580e-09,9.8175876853249589e-09,1.3819315820059462e-08,1.5239792923704774e-08,1.3819315820059462e-08,9.8175876853249572e-09,3.7051575134731580e-09
409,6.7643709623415571e-08,3.5843330438331232e-09,9.4974380504145668e-09,1.3368670604930223e-08,1.4742826225059744e-08,1.3368670604930221e-08,9.4974380504145652e-09,3.5843330438331232e-09
410,6.5437861340309111e-08,3.4674486367709166e-09,9.1877284331560116e-09,1.2932720843075455e-08,1.4262065514304348e-08,1.2932720843075455e-08,9.1877284331560099e-09,3.4674486367709158e-09
411,6.3303945342926961e-08,3.3543758076081985e-09,8.8881183865936038e-09,1.2510987318607161e-08,1.3796982317309048e-08,1.2510987318607159e-08,8.8881183865936038e-09,3.3543758076081981e-09
412,6.1239615933349129e-08,3.2449902615271329e-09,8.5982785656810074e-09,1.2103006442774722e-08,1.3347065393383410e-08,1.2103006442774722e-08,8.5982785656810074e-09,3.2449902615271325e-09
413,5.9242603906410915e-08,3.1391717569398420e-09,8.3178903652501278e-09,1.1708329744366989e-08,1.2911820173297004e-08,1.1708329744366989e-08,8.3178903652501278e-09,3.1391717569398416e-09
414,5.7310714055289048e-08,3.0368039733133656e-09,8.0466455697857561e-09,1.1326523376732240e-08,1.2490768215626320e-08,1.1326523376732240e-08,8.0466455697857561e-09,3.0368039733133648e-09
415,5.5441822758429970e-08,2.9377743833048173e-09,7.7842460146210024e-09,1.0957167640874116e-08,1.2083446680830094e-08,1.0957167640874116e-08,7.7842460146210024e-09,2.9377743833048165e-09
416,5.3633875645168147e-08,2.8419741290661907e-09,7.5304032581810733e-09,1.0599856524099333e-08,1.1689407822474951e-08,1.0599856524099333e-08,7.5304032581810733e-09,2.8419741290661903e-09
417,5.1884885337467969e-08,2.7492979025828406e-09,7.2848382649151220e-09,1.0254197253709979e-08,1.1308218495052085e-08,1.0254197253709979e-08,7.2848382649151229e-09,2.7492979025828406e-09
418,5.0192929265307036e-08,2.6596438299141052e-09,7.0472810985676297e-09,9.9198098652498210e-09,1.0939459677843920e-08,9.9198098652498210e-09,7.0472810985676305e-09,2.6596438299141052e-09
419,4.8556147553299397e-08,2.5729133592088167e-09,6.8174706254521409e-09,9.5963267848300389e-09,1.0582726014317413e-08,9.5963267848300389e-09,6.8174706254521409e-09,2.5729133592088167e-09
420,4.6972740976235630e-08,2.4890111523726053e-09,6.5951542274011875e-09,9.2833924250751999e-09,1.0237625366537633e-08,9.2833924250751999e-09,6.5951542274011883e-09,2.4890111523726053e-09
421,4.5440968981292189e-08,2.4078449802679135e-09,6.3800875240768748e-09,8.9806627942453884e-09,9.9037783841118351e-09,8.9806627942453884e-09,6.3800875240768740e-09,2.4078449802679135e-09
422,4.3959147774736436e-08,2.3293256213315157e-09,6.1720341043368342e-09,8.6878051181047706e-09,9.5808180871901915e-09,8.6878051181047706e-09,6.1720341043368334e-09,2.3293256213315157e-09
423,4.2525648471023514e-08,2.2533667634980981e-09,5.9707652663603163e-09,8.4044974741209615e-09,9.2683894630647618e-09,8.4044974741209615e-09,5.9707652663603163e-09,2.2533667634980981e-09
424,4.1138895302251060e-08,2.1798849093220997e-09,5.7760597662486925e-09,8.1304284375930658e-09,8.9661490759233352e-09,8.1304284375930658e-09,5.7760597662486925e-09,2.1798849093220997e-09
425,3.9797363886003089e-08,2.1087992841935022e-09,5.5877035748240665e-09,7.8652967393194347e-09,8.6737646893290838e-09,7.8652967393194347e-09,5.5877035748240657e-09,2.1087992841935022e-09
426,3.8499579549679320e-08,2.0400317475466929e-09,5.4054896423586180e-09,7.6088109344287938e-09,8.3909149010111057e-09,7.6088109344287938e-09,5.4054896423586180e-09,2.0400317475466929e-09
427,3.7244115709467590e-08,1.9735067069647850e-09,5.2292176709760934e-09,7.3606890820107315e-09,8.1172887895643641e-09,7.3606890820107315e-09,5.2292176709760934e-09,1.9735067069647850e-09
428,3.6029592302177860e-08,1.9091510350849799e-09,5.0586938944752318e-09,7.1206584351933761e-09,7.8525855726706883e-09,7.1206584351933761e-09,5.0586938944752318e-09,1.9091510350849799e-09
429,3.4854674268213736e-08,1.8468939892136323e-09,4.8937308653331022e-09,6.8884551413275768e-09,7.5965142764651060e-09,6.8884551413275768e-09,4.8937308653331013e-09,1.8468939892136319e-09
430,3.3718070084013876e-08,1.7866671335626485e-09,4.7341472486542303e-09,6.6638239519480189e-09,7.3487934156840811e-09,6.6638239519480205e-09,4.7341472486542294e-09,1.7866671335626481e-09
431,3.2618530342350466e-08,1.7284042640217438e-09,4.5797676228389975e-09,6.4465179421924589e-09,7.1091506842440624e-09,6.4465179421924605e-09,4.5797676228389984e-09,1.7284042640217438e-09
432,3.1554846378923614e-08,1.6720413353838608e-09,4.4304222867522124e-09,6.2362982393706352e-09,6.8773226559101993e-09,6.2362982393706368e-09,4.4304222867522132e-09,1.6720413353838612e-09
433,3.0525848943742414e-08,1.6175163909437534e-09,4.2859470731798631e-09,6.0329337603844979e-09,6.6530544947261877e-09,6.0329337603844979e-09,4.2859470731798639e-09,1.6175163909437534e-09
434,2.9530406915831929e-08,1.5647694943923445e-09,4.1461831683690270e-09,5.8362009577111146e-09,6.4360996748869563e-09,5.8362009577111146e-09,4.1461831683690270e-09,1.5647694943923447e-09
435,2.8567426059853354e-08,1.5137426639320016e-09,4.0109769374525341e-09,5.6458835736690220e-09,6.2262197097462369e-09,5.6458835736690236e-09,4.0109769374525341e-09,1.5137426639320016e-09
436,2.7635847823270594e-08,1.4643798085402928e-09,3.8801797555665112e-09,5.4617724026979130e-09,6.0231838896611558e-09,5.4617724026979139e-09,3.8801797555665112e-09,1.4643798085402930e-09
437,2.6734648172740926e-08,1.4166266663121767e-09,3.7536478444751361e-09,5.2836650613903203e-09,5.8267690283856546e-09,5.2836650613903212e-09,3.7536478444751361e-09,1.4166266663121767e-09
438,2.5862836468450803e-08,1.3704307448128356e-09,3.6312421145230414e-09,5.1113657660225383e-09,5.6367592177339744e-09,5.1113657660225383e-09,3.6312421145230414e-09,1.3704307448128358e-09
439,2.5019454375159352e-08,1.3257412633755953e-09,3.5128280117416091e-09,4.9446851173402098e-09,5.4529455902445256e-09,4.9446851173402115e-09,3.5128280117416091e-09,1.3257412633755955e-09
440,2.4203574808752474e-08,1.2825090972814977e-09,3.3982753699411041e-09,4.7834398923620220e-09,5.2751260895832258e-09,4.7834398923620220e-09,3.3982753699411046e-09,1.2825090972814977e-09
441,2.3414300917149643e-08,1.2406867237591633e-09,3.2874582676260550e-09,4.6274528429726262e-09,5.1031052484339510e-09,4.6274528429726262e-09,3.2874582676260554e-09,1.2406867237591635e-09
442,2.2650765094443171e-08,1.2002281697455944e-09,3.1802548895765937e-09,4.4765525010834252e-09,4.9366939736319420e-09,4.4765525010834261e-09,3.1802548895765933e-09,1.2002281697455946e-09
443,2.1912128027186153e-08,1.1610889613504825e-09,3.0765473929436019e-09,4.3305729901470154e-09,4.7757093383039516e-09,4.3305729901470154e-09,3.0765473929436019e-09,1.1610889613504825e-09
444,2.1197577771780796e-08,1.1232260749684762e-09,2.9762217777104728e-09,4.1893538428181075e-09,4.6199743807866816e-09,4.1893538428181075e-09,2.9762217777104736e-09,1.1232260749684762e-09
445,2.0506328861952940e-08,1.0865978899856710e-09,2.8791677613790847e-09,4.0527398245604984e-09,4.4693179101024302e-09,4.0527398245604976e-09,2.8791677613790851e-09,1.0865978899856712e-09
446,1.9837621445331645e-08,1.0511641430283299e-09,2.7852786577422402e-09,3.9205807630061722e-09,4.3235743177781606e-09,3.9205807630061722e-09,2.7852786577422398e-09,1.0511641430283299e-09
447,1.9190720448184783e-08,1.0168858837035416e-09,2.6944512596093178e-09,3.7927313828789818e-09,4.1825833958010977e-09,3.7927313828789818e-09,2.6944512596093174e-09,1.0168858837035416e-09
448,1.8564914767392388e-08,9.8372543178317308e-10,2.6065857253562138e-09,3.6690511463014259e-09,4.0461901605107662e-09,3.6690511463014251e-09,2.6065857253562138e-09,9.8372543178317308e-10
449,1.7959516488769683e-08,9.5164633578403945e-10,2.5215854691748696e-09,3.5494040983089966e-09,3.9142446822338725e-09,3.5494040983089957e-09,2.5215854691748696e-09,9.5164633578403945e-10
450,1.7373860130880327e-08,9.2061333289877043e-10,2.4393570549017392e-09,3.4336587174022749e-09,3.7866019204747599e-09,3.4336587174022744e-09,2.4393570549017392e-09,9.2061333289877043e-10
451,1.6807301913508883e-08,8.9059231023332043e-10,2.3598100933084918e-09,3.3216877709724907e-09,3.6631215644802769e-09,3.3216877709724907e-09,2.3598100933084918e-09,8.9059231023332064e-10
452,1.6259219049988169e-08,8.6155026730852009e-10,2.2828571427420444e-09,3.2133681754416299e-09,3.5436678790037781e-09,3.2133681754416304e-09,2.2828571427420444e-09,8.6155026730852009e-10
453,1.5729009062603723e-08,8.3345527978443921e-10,2.2084136130047029e-09,3.1085808609633421e-09,3.4281095550987561e-09,3.1085808609633425e-09,2.2084136130047025e-09,8.3345527978443921e-10
454,1.5216089120322794e-08,8.0627646436769704e-10,2.1363976723687528e-09,3.0072106405359290e-09,3.3163195657780378e-09,3.0072106405359290e-09,2.1363976723687528e-09,8.0627646436769704e-10
455,1.4719895398119835e-08,7.7998394486313452e-10,2.0667301576232878e-09,2.9091460833835318e-09,3.2081750263799276e-09,2.9091460833835318e-09,2.0667301576232883e-09,7.7998394486313462e-10
456,1.4239882457194291e-08,7.5454881933253572e-10,1.9993344870543940e-09,2.8142793924663311e-09,3.1035570594877702e-09,2.8142793924663311e-09,1.9993344870543936e-09,7.5454881933253583e-10
457,1.3775522645399372e-08,7.2994312832429870e-10,1.9341365762630289e-09,2.7225062859851219e-09,3.0023506642544696e-09,2.7225062859851215e-09,1.9341365762630289e-09,7.2994312832429870e-10
458,1.3326305517222686e-08,7.0613982413912827e-10,1.8710647567280702e-09,2.6337258827499926e-09,2.9044445899883015e-09,2.6337258827499926e-09,1.8710647567280702e-09,7.0613982413912827e-10
459,1.2891737272681260e-08,6.8311274109796991e-10,1.8100496970250036e-09,2.5478405912871180e-09,2.8097312138610737e-09,2.5478405912871184e-09,1.8100496970250039e-09,6.8311274109796991e-10
460,1.2471340214514011e-08,6.6083656677950090e-10,1.7510243266136531e-09,2.4647560025617515e-09,2.7181064226041999e-09,2.4647560025617515e-09,1.7510243266136529e-09,6.6083656677950100e-10
461,1.2064652223075125e-08,6.3928681419556050e-10,1.6939237621111807e-09,2.3843807861995025e-09,2.6294694980626370e-09,2.3843807861995030e-09,1.6939237621111805e-09,6.3928681419556050e-10
462,1.1671226248351018e-08,6.1843979487393344e-10,1.6386852359693095e-09,2.3066265900918202e-09,2.5437230064808911e-09,2.3066265900918202e-09,1.6386852359693095e-09,6.1843979487393344e-10
463,1.1290629818542560e-08,5.9827259281890104e-10,1.5852480274773684e-09,2.2314079432753182e-09,2.4607726913993846e-09,2.2314079432753178e-09,1.5852480274773684e-09,5.9827259281890104e-10
464,1.0922444564672310e-08,5.7876303932093029e-10,1.5335533960153117e-09,2.1586421619781888e-09,2.3805273700434488e-09,2.1586421619781888e-09,1.5335533960153117e-09,5.7876303932093029e-10
465,1.0566265760694242e-08,5.5988968858781770e-10,1.4835445164833493e-09,2.0882492587304268e-09,2.3028988330910560e-09,2.0882492587304268e-09,1.4835445164833493e-09,5.5988968858781770e-10
466,1.0221701878600384e-08,5.4163179417049372e-10,1.4351664168372000e-09,2.0201518544379477e-09,2.2278017477091016e-09,2.0201518544379477e-09,1.4351664168372000e-09,5.4163179417049372e-10
467,9.8883741580353432e-09,5.2396928615757901e-10,1.3883659176603108e-09,1.9542750933239511e-09,2.1551535637516600e-09,1.9542750933239515e-09,1.3883659176603108e-09,5.2396928615757901e-10
468,9.5659161899456404e-09,5.0688274911362123e-10,1.3430915737066140e-09,1.8905465606440389e-09,2.0848744230170911e-09,1.8905465606440389e-09,1.3430915737066140e-09,5.0688274911362134e-10
469,9.2539735138061353e-09,4.9035340073676172e-10,1.2992936173495615e-09,1.8288962030846142e-09,2.0168870714642594e-09,1.8288962030846142e-09,1.2992936173495619e-09,4.9035340073676183e-10
470,8.9522032279808317e-09,4.7436307121237136e-10,1.2569239038752790e-09,1.7692562517570838e-09,1.9511167742913647e-09,1.7692562517570840e-09,1.2569239038752790e-09,4.7436307121237136e-10
471,8.6602736127897449e-09,4.5889418323996044e-10,1.2159358585596951e-09,1.7115611477031992e-09,1.8874912337840328e-09,1.7115611477031992e-09,1.2159358585596951e-09,4.5889418323996044e-10
472,8.3778637658674560e-09,4.4392973271140739e-10,1.1762844254714805e-09,1.6557474698296561e-09,1.8259405098423683e-09,1.6557474698296561e-09,1.1762844254714807e-09,4.4392973271140739e-10
473,8.1046632494126139e-09,4.2945327001926678e-10,1.1379260179445088e-09,1.6017538651927320e-09,1.7663969430995996e-09,1.6017538651927318e-09,1.1379260179445088e-09,4.2945327001926678e-10
474,7.8403717489404971e-09,4.1544888197460929e-10,1.1008184706654022e-09,1.5495209815563288e-09,1.7087950805478162e-09,1.5495209815563288e-09,1.1008184706654022e-09,4.1544888197460929e-10
475,7.5846987431636224e-09,4.0190117431451723e-10,1.0649209933234944e-09,1.4989914021492841e-09,1.6530716035890311e-09,1.4989914021492839e-09,1.0649209933234944e-09,4.0190117431451723e-10
476,7.3373631846374881e-09,3.8879525478000873e-10,1.0301941257722581e-09,1.4501095825502339e-09,1.5991652584324869e-09,1.4501095825502339e-09,1.0301941257722579e-09,3.8879525478000873e-10
477,7.0980931908203772e-09,3.7611671674578566e-10,9.9659969465290885e-10,1.4028217896306484e-09,1.5470167887616913e-09,1.4028217896306486e-09,9.9659969465290885e-10,3.7611671674578566e-10
478,6.8666257452076549e-09,3.6385162338381346e-10,9.6410077143250717e-10,1.3570760424889227e-09,1.4965688705971682e-09,1.3570760424889229e-09,9.6410077143250717e-10,3.6385162338381351e-10
479,6.6427064082120144e-09,3.5198649234332344e-10,9.3266163181042703e-10,1.3128220553105962e-09,1.4477660492833208e-09,1.3128220553105962e-09,9.3266163181042703e-10,3.5198649234332344e-10
480,6.4260890374718601e-09,3.4050828093039681e-10,9.0224771644857442e-10,1.2700111820918876e-09,1.4005546785301421e-09,1.2700111820918878e-09,9.0224771644857442e-10,3.4050828093039681e-10
481,6.2165355172803882e-09,3.2940437177083999e-10,8.7282559298218388e-10,1.2285963631657885e-09,1.3548828614427632e-09,1.2285963631657885e-09,8.7282559298218388e-10,3.2940437177083999e-10
482,6.0138154968379185e-09,3.1866255894059065e-10,8.4436291926943620e-10,1.1885320734719251e-09,1.3107003934740146e-09,1.1885320734719251e-09,8.4436291926943620e-10,3.1866255894059065e-10
483,5.8177061370397848e-09,3.0827103454840847e-10,8.1682840783949979e-10,1.1497742725133354e-09,1.2679587072372979e-09,1.1497742725133354e-09,8.1682840783949989e-10,3.0827103454840847e-10
484,5.6279918655214055e-09,2.9821837575610205e-10,7.9019179149991311e-10,1.1122803559451410e-09,1.2266108191190939e-09,1.1122803559451410e-09,7.9019179149991301e-10,2.9821837575610199e-10
485,5.4444641396913002e-09,2.8849353222202293e-10,7.6442379006550429e-10,1.0760091087419080e-09,1.1866112776324298e-09,1.0760091087419080e-09,7.6442379006550429e-10,2.8849353222202293e-10
486,5.2669212174915470e-09,2.7908581395402638e-10,7.3949607817227577e-10,1.0409206598922068e-09,1.1479161134545299e-09,1.0409206598922070e-09,7.3949607817227577e-10,2.7908581395402633e-10
487,5.0951679356337034e-09,2.6998487955854266e-10,7.1538125414086858e-10,1.0069764385705773e-09,1.1104827910937264e-09,1.0069764385705773e-09,7.1538125414086858e-10,2.6998487955854261e-10
488,4.9290154950663969e-09,2.6118072487284574e-10,6.9205280985538651e-10,9.7413913173871396e-10,1.0742701621325051e-09,9.7413913173871396e-10,6.9205280985538661e-10,2.6118072487284574e-10
489,4.7682812534387970e-09,2.5266367196802051e-10,6.6948510162446384e-10,9.4237264312927192e-10,1.0392384199952851e-09,9.4237264312927192e-10,6.6948510162446384e-10,2.5266367196802051e-10
490,4.6127885243317924e-09,2.4442435851054121e-10,6.4765332199254858e-10,9.1164205356719923e-10,1.0053490561912142e-09,9.1164205356719943e-10,6.4765332199254868e-10,2.4442435851054121e-10
491,4.4623663830362154e-09,2.3645372747076692e-10,6.2653347247041466e-10,8.8191358258498773e-10,9.7256481798387585e-10,8.8191358258498794e-10,6.2653347247041487e-10,2.3645372747076698e-10
492,4.3168494786645916e-09,2.2874301716704104e-10,6.0610233715492664e-10,8.5315455128963806e-10,9.4084966744138033e-10,8.5315455128963827e-10,6.0610233715492664e-10,2.2874301716704107e-10
493,4.1760778523898990e-09,2.2128375163445051e-10,5.8633745720905800e-10,8.2533334644052883e-10,9.1016874182182450e-10,8.2533334644052903e-10,5.8633745720905820e-10,2.2128375163445054e-10
494,4.0398967616115142e-09,2.1406773130765812e-10,5.6721710617411284e-10,7.9841938569869906e-10,8.8048831525057324e-10,7.9841938569869927e-10,5.6721710617411304e-10,2.1406773130765818e-10
495,3.9081565098550774e-09,2.0708702400756596e-10,5.4872026608700940e-10,7.7238308400934396e-10,8.5177576164723782e-10,7.7238308400934406e-10,5.4872026608700961e-10,2.0708702400756603e-10
496,3.7807122822192971e-09,2.0033395622190170e-10,5.3082660437637560e-10,7.4719582108057194e-10,8.2399951886159897e-10,7.4719582108057194e-10,5.3082660437637581e-10,2.0033395622190175e-10
497,3.6574239861887965e-09,1.9380110467014359e-10,5.1351645151205773e-10,7.2282990992267245e-10,7.9712905397904876e-10,7.2282990992267245e-10,5.1351645151205773e-10,1.9380110467014364e-10
498,3.5381560976380157e-09,1.8748128814351142e-10,4.9677077938347467e-10,6.9925856641331256e-10,7.7113482975741792e-10,6.9925856641331256e-10,4.9677077938347478e-10,1.8748128814351147e-10
499,3.4227775118569104e-09,1.8136755961105386e-10,4.8057118038305008e-10,6.7645587985520659e-10,7.4598827215828872e-10,6.7645587985520659e-10,4.8057118038305019e-10,1.8136755961105391e-10
500,3.3111613994346634e-09,1.7545319858315478e-10,4.6489984717172909e-10,6.5439678449389376e-10,7.2166173893710824e-10,6.5439678449389387e-10,4.6489984717172915e-10,1.7545319858315483e-10
501,3.2031850668430078e-09,1.6973170372406422e-10,4.4973955310433775e-10,6.3305703196431696e-10,6.9812848925756977e-10,6.3305703196431706e-10,4.4973955310433781e-10,1.6973170372406422e-10
502,3.0987298215658919e-09,1.6419678570533309e-10,4.3507363329326851e-10,6.1241316463591179e-10,6.7536265429686502e-10,6.1241316463591179e-10,4.3507363329326851e-10,1.6419678570533309e-10
503,2.9976808416272495e-09,1.5884236029229617e-10,4.2088596628967425e-10,5.9244248982690812e-10,6.5333920880949254e-10,5.9244248982690801e-10,4.2088596628967425e-10,1.5884236029229617e-10
504,2.8999270493734374e-09,1.5366254165600350e-10,4.0716095636203573e-10,5.7312305485949721e-10,6.3203394361836419e-10,5.7312305485949732e-10,4.0716095636203573e-10,1.5366254165600350e-10
505,2.8053609893716062e-09,1.4865163590324839e-10,3.9388351635262092e-10,5.5443362292844706e-10,6.1142343900297332e-10,5.5443362292844717e-10,3.9388351635262092e-10,1.4865163590324839e-10
506,2.7138787102897824e-09,1.4380413481757997e-10,3.8103905109299233e-10,5.3635364975663492e-10,5.9148503895536738e-10,5.3635364975663503e-10,3.8103905109299238e-10,1.4380413481757997e-10
507,2.6253796506288138e-09,1.3911470980442011e-10,3.6861344136033166e-10,5.1886326101184026e-10,5.7219682627562973e-10,5.1886326101184026e-10,3.6861344136033166e-10,1.3911470980442011e-10
508,2.5397665281805809e-09,1.3457820603362890e-10,3.5659302835694453e-10,5.0194323045997068e-10,5.5353759847949272e-10,5.0194323045997068e-10,3.5659302835694448e-10,1.3457820603362890e-10
509,2.4569452330909476e-09,1.3018963677307984e-10,3.4496459869588683e-10,4.8557495883070801e-10,5.3548684449159813e-10,4.8557495883070811e-10,3.4496459869588688e-10,1.3018963677307986e-10
510,2.3768247244099133e-09,1.2594417790701637e-10,3.3371536987620634e-10,4.6974045337234051e-10,5.1802472209878662e-10,4.6974045337234051e-10,3.3371536987620634e-10,1.2594417790701640e-10
511,2.2993169300152413e-09,1.2183716263316338e-10,3.2283297623183336e-10,4.5442230807330829e-10,5.0113203613863115e-10,4.5442230807330829e-10,3.2283297623183336e-10,1.2183716263316338e-10
512,2.2243366497995625e-09,1.1786407633276493e-10,3.1230545533867664e-10,4.3960368452872086e-10,4.8479021739923743e-10,4.3960368452872086e-10,3.1230545533867664e-10,1.1786407633276491e-10
513,2.1518014620145229e-09,1.1402055160790920e-10,3.0212123486497973e-10,4.2526829343081343e-10,4.6898130220711823e-10,4.2526829343081343e-10,3.0212123486497973e-10,1.1402055160790918e-10
514,2.0816316326690372e-09,1.1030236348068543e-10,2.9226911985048584e-10,4.1140037666299561e-10,4.5368791268070326e-10,4.1140037666299550e-10,2.9226911985048584e-10,1.1030236348068542e-10
515,2.0137500278820400e-09,1.0670542474889493e-10,2.8273828040042623e-10,3.9798468997780996e-10,4.3889323762777781e-10,3.9798468997780996e-10,2.8273828040042623e-10,1.0670542474889492e-10
516,1.9480820290934058e-09,1.0322578149321196e-10,2.7351823978080502e-10,3.8500648623975954e-10,4.2458101406585280e-10,3.8500648623975959e-10,2.7351823978080502e-10,1.0322578149321195e-10
517,1.8845554510398166e-09,9.9859608730855028e-11,2.6459886290189516e-10,3.7245149921458260e-10,4.1073550934515128e-10,3.7245149921458255e-10,2.6459886290189516e-10,9.9859608730855028e-11
518,1.8231004624054251e-09,9.6603206210991011e-11,2.5597034517728438e-10,3.6030592788715617e-10,3.9734150385456204e-10,3.6030592788715617e-10,2.5597034517728438e-10,9.6603206210991037e-11
519,1.7636495090600826e-09,9.3452994347250635e-11,2.4762320174622651e-10,3.4855642129079059e-10,3.8438427429154709e-10,3.4855642129079059e-10,2.4762320174622651e-10,9.3452994347250635e-11
520,1.7061372398007539e-09,9.0405510282883446e-11,2.3954825704744913e-10,3.3719006383123653e-10,3.7184957747761566e-10,3.3719006383123663e-10,2.3954825704744913e-10,9.0405510282883472e-11
521,1.6505004345144911e-09,8.7457404084227693e-11,2.3173663473295761e-10,3.2619436108927431e-10,3.5972363470157193e-10,3.2619436108927431e-10,2.3173663473295761e-10,8.7457404084227719e-11
522,1.5966779346839977e-09,8.4605435058310172e-11,2.2417974791074802e-10,3.1555722608627761e-10,3.4799311657332604e-10,3.1555722608627761e-10,2.2417974791074802e-10,8.4605435058310172e-11
523,1.5446105761593924e-09,8.1846468190528501e-11,2.1686928970570329e-10,3.0526696599765442e-10,3.3664512837162020e-10,3.0526696599765442e-10,2.1686928970570329e-10,8.1846468190528514e-11
524,1.4942411241222759e-09,7.9177470698499955e-11,2.0979722412829674e-10,2.9531226929956038e-10,3.2566719586956182e-10,2.9531226929956038e-10,2.0979722412829676e-10,7.9177470698499955e-11
525,1.4455142101706021e-09,7.6595508698288493e-11,2.0295577724106532e-10,2.8568219333475535e-10,3.1504725162238394e-10,2.8568219333475535e-10,2.0295577724106535e-10,7.6595508698288493e-11
526,1.3983762714552032e-09,7.4097743979345608e-11,1.9633742861314254e-10,2.7636615228393435e-10,3.0477362170235845e-10,2.7636615228393435e-10,1.9633742861314257e-10,7.4097743979345608e-11
527,1.3527754918010598e-09,7.1681430884619624e-11,1.8993490305345746e-10,2.6735390552931188e-10,2.9483501286628173e-10,2.6735390552931188e-10,1.8993490305345740e-10,7.1681430884619611e-11
528,1.3086617447485931e-09,6.9343913292404101e-11,1.8374116261351225e-10,2.5863554639766708e-10,2.8522050014142630e-10,2.5863554639766703e-10,1.8374116261351222e-10,6.9343913292404088e-11
529,1.2659865384523744e-09,6.7082621696607552e-11,1.7774939885094800e-10,2.5020149127047600e-10,2.7591951481631128e-10,2.5020149127047595e-10,1.7774939885094798e-10,6.7082621696607539e-11
530,1.2247029623766711e-09,6.4895070382234940e-11,1.7195302534539378e-10,2.4204246904916055e-10,2.6692183282309250e-10,2.4204246904916055e-10,1.7195302534539376e-10,6.4895070382234927e-11
531,1.1847656357292452e-09,6.2778854692976335e-11,1.6634567045837264e-10,2.3414951096387366e-10,2.5821756349880003e-10,2.3414951096387366e-10,1.6634567045837264e-10,6.2778854692976322e-11
532,1.1461306575767133e-09,6.0731648387898776e-11,1.6092117032930558e-10,2.2651394071461746e-10,2.4979713871306959e-10,2.2651394071461751e-10,1.6092117032930558e-10,6.0731648387898776e-11
533,1.1087555585866352e-09,5.8751201084336084e-11,1.5567356209991447e-10,2.1912736493385845e-10,2.4165130235041705e-10,2.1912736493385848e-10,1.5567356209991447e-10,5.8751201084336084e-11
534,1.0725992543432844e-09,5.6835335784165395e-11,1.5059707735957589e-10,2.1198166396015446e-10,2.3377110013549317e-10,2.1198166396015446e-10,1.5059707735957589e-10,5.6835335784165388e-11
535,1.0376220001857837e-09,5.4981946480751413e-11,1.4568613580442088e-10,2.0506898291265183e-10,2.2614786979013553e-10,2.0506898291265183e-10,1.4568613580442088e-10,5.4981946480751413e-11
536,1.0037853475189556e-09,5.3188995843927764e-11,1.4093533910320992e-10,1.9838172305664190e-10,2.1877323151139642e-10,1.9838172305664193e-10,1.4093533910320992e-10,5.3188995843927770e-11
537,9.7105210154887287e-10,5.1454512980470642e-11,1.3633946496324073e-10,1.9191253345068460e-10,2.1163907876008109e-10,1.9191253345068460e-10,1.3633946496324073e-10,5.1454512980470642e-11
538,9.3938628039664238e-10,4.9776591267602891e-11,1.3189346138976564e-10,1.8565430286611798e-10,2.0473756934966943e-10,1.8565430286611801e-10,1.3189346138976564e-10,4.9776591267602898e-11
539,9.0875307554547933e-10,4.8153386257147272e-11,1.2759244113260825e-10,1.7960015197007086e-10,1.9806111682582645e-10,1.7960015197007091e-10,1.2759244113260825e-10,4.8153386257147272e-11
540,8.7911881357759620e-10,4.6583113648024707e-11,1.2343167631387486e-10,1.7374342576338603e-10,1.9160238212702509e-10,1.7374342576338603e-10,1.2343167631387486e-10,4.6583113648024694e-11
541,8.5045091915884537e-10,4.5064047324869092e-11,1.1940659323085509e-10,1.6807768626514106e-10,1.8535426551711492e-10,1.6807768626514106e-10,1.1940659323085509e-10,4.5064047324869086e-11
542,8.2271787923042228e-10,4.3594517460602442e-11,1.1551276732839902e-10,1.6259670543572591e-10,1.7930989878096754e-10,1.6259670543572591e-10,1.1551276732839900e-10,4.3594517460602442e-11
543,7.9588920836827305e-10,4.2172908680884713e-11,1.1174591833524412e-10,1.5729445833069715e-10,1.7346263767462114e-10,1.5729445833069715e-10,1.1174591833524412e-10,4.2172908680884713e-11
544,7.6993541527212420e-10,4.0797658288420544e-11,1.0810190555894564e-10,1.5216511647788395e-10,1.6780605462162387e-10,1.5216511647788395e-10,1.0810190555894563e-10,4.0797658288420544e-11
545,7.4482797034729763e-10,3.9467254545171011e-11,1.0457672333423820e-10,1.4720304147046532e-10,1.6233393164754849e-10,1.4720304147046532e-10,1.0457672333423820e-10,3.9467254545171011e-11
546,7.2053927434367815e-10,3.8180235010582177e-11,1.0116649661982579e-10,1.4240277876897575e-10,1.5704025354491068e-10,1.4240277876897575e-10,1.0116649661982579e-10,3.8180235010582177e-11
547,6.9704262801735678e-10,3.6935184934003585e-11,9.7867476738759306e-11,1.3775905170542632e-10,1.5191920126097841e-10,1.3775905170542632e-10,9.7867476738759281e-11,3.6935184934003579e-11
548,6.7431220278160295e-10,3.5730735699529784e-11,9.4676037257719606e-11,1.3326675568295039e-10,1.4696514550120336e-10,1.3326675568295037e-10,9.4676037257719606e-11,3.5730735699529777e-11
549,6.5232301231490149e-10,3.4565563321555187e-11,9.1588670000676516e-11,1.2892095256459741e-10,1.4217264054124326e-10,1.2892095256459741e-10,9.1588670000676516e-11,3.4565563321555187e-11
550,6.3105088509484807e-10,3.3438386989388652e-11,8.8601981192541419e-11,1.2471686524510740e-10,1.3753641824077306e-10,1.2471686524510740e-10,8.8601981192541419e-11,3.3438386989388652e-11
551,6.1047243782770685e-10,3.2347967659327849e-11,8.5712687728574700e-11,1.2064987239969863e-10,1.3305138225250431e-10,1.2064987239969863e-10,8.5712687728574700e-11,3.2347967659327849e-11
552,5.9056504974442625e-10,3.1293106692645863e-11,8.2917613565447078e-11,1.1671550340409637e-10,1.2871260242004767e-10,1.1671550340409640e-10,8.2917613565447078e-11,3.1293106692645863e-11
553,5.7130683773485797e-10,3.0272644537992755e-11,8.0213686229987768e-11,1.1290943342021853e-10,1.2451530935845983e-10,1.1290943342021853e-10,8.0213686229987768e-11,3.0272644537992762e-11
554,5.5267663229284031e-10,2.9285459456763744e-11,7.7597933441781576e-11,1.0922747864211606e-10,1.2045488921151759e-10,1.0922747864211606e-10,7.7597933441781576e-11,2.9285459456763750e-11
555,5.3465395424571256e-10,2.8330466290032921e-11,7.5067479845902635e-11,1.0566559169694245e-10,1.1652687857995657e-10,1.0566559169694245e-10,7.5067479845902648e-11,2.8330466290032921e-11
556,5.1721899224267167e-10,2.7406615265696991e-11,7.2619543852192853e-11,1.0221985719589662e-10,1.1272695961509874e-10,1.0221985719589662e-10,7.2619543852192853e-11,2.7406615265696994e-11
557,5.0035258097723143e-10,2.6512890844517855e-11,7.0251434577610971e-11,9.8886487430248795e-11,1.0905095527247618e-10,9.8886487430248795e-11,7.0251434577610971e-11,2.6512890844517855e-11
558,4.8403618011984188e-10,2.5648310603795461e-11,6.7960548888291149e-11,9.5661818207717936e-11,1.0549482472023275e-10,9.5661818207717936e-11,6.7960548888291162e-11,2.5648310603795461e-11
559,4.6825185393751256e-10,2.4811924157443931e-11,6.5744368538059209e-11,9.2542304824624427e-11,1.0205465889725742e-10,9.2542304824624440e-11,6.5744368538059222e-11,2.4811924157443934e-11
560,4.5298225157803563e-10,2.4002812111283777e-11,6.3600457400261497e-11,8.9524518169389763e-11,9.8726676216165609e-11,8.9524518169389763e-11,6.3600457400261497e-11,2.4002812111283780e-11
561,4.3821058799713685e-10,2.3220085052401804e-11,6.1526458789863164e-11,8.6605140953100596e-11,9.5507218406405724e-11,8.6605140953100583e-11,6.1526458789863164e-11,2.3220085052401810e-11
562,4.2392062550758776e-10,2.2462882571467855e-11,5.9520092872872422e-11,8.3780964062993120e-11,9.2392746492921010e-11,8.3780964062993133e-11,5.9520092872872422e-11,2.2462882571467855e-11
563,4.1009665592999937e-10,2.1730372316933525e-11,5.7579154160242823e-11,8.1048883034850000e-11,8.9379836905946639e-11,8.1048883034850000e-11,5.7579154160242823e-11,2.1730372316933525e-11
564,3.9672348332567272e-10,2.1021749080073391e-11,5.5701509083499027e-11,7.8405894640431237e-11,8.6465177717665403e-11,7.8405894640431237e-11,5.5701509083499027e-11,2.1021749080073388e-11
565,3.8378640729253012e-10,2.0336233909862757e-11,5.3885093649420842e-11,7.5849093586188768e-11,8.3645565001585391e-11,7.5849093586188781e-11,5.3885093649420842e-11,2.0336233909862757e-11
566,3.7127120680576127e-10,1.9673073256719133e-11,5.2127911171207679e-11,7.3375669319634955e-11,8.0917899310637726e-11,7.3375669319634981e-11,5.2127911171207679e-11,1.9673073256719130e-11
567,3.5916412458542349e-10,1.9031538144166117e-11,5.0428030073629163e-11,7.0982902939855063e-11,7.8279182270122789e-11,7.0982902939855050e-11,5.0428030073629157e-11,1.9031538144166117e-11
568,3.4745185197381108e-10,1.8410923367509167e-11,4.8783581769749480e-11,6.8668164208767029e-11,7.5726513281759743e-11,6.8668164208767042e-11,4.8783581769749480e-11,1.8410923367509161e-11
569,3.3612151430597153e-10,1.7810546718642373e-11,4.7192758606891258e-11,6.6428908659843875e-11,7.3257086335216519e-11,6.6428908659843875e-11,4.7192758606891258e-11,1.7810546718642373e-11
570,3.2516065675728510e-10,1.7229748236134181e-11,4.5653811879581181e-11,6.4262674801119653e-11,7.0868186923615057e-11,6.4262674801119666e-11,4.5653811879581181e-11,1.7229748236134181e-11
571,3.1455723065255329e-10,1.6667889479767620e-11,4.4165049907293087e-11,6.2167081409405243e-11,6.8557189059621349e-11,6.2167081409405256e-11,4.4165049907293099e-11,1.6667889479767620e-11
572,3.0429958022154457e-10,1.6124352828737673e-11,4.2724836174875464e-11,6.0139824912738980e-11,6.6321552388840340e-11,6.0139824912738993e-11,4.2724836174875477e-11,1.6124352828737673e-11
573,2.9437642978643964e-10,1.5598540802734272e-11,4.1331587533619253e-11,5.8178676858195179e-11,6.4158819397342241e-11,5.8178676858195172e-11,4.1331587533619260e-11,1.5598540802734275e-11
574,2.8477687136709116e-10,1.5089875405164676e-11,3.9983772460988499e-11,5.6281481462266874e-11,6.2066612710251067e-11,5.6281481462266874e-11,3.9983772460988499e-11,1.5089875405164676e-11
575,2.7549035269047391e-10,1.4597797487793175e-11,3.8679909377100799e-11,5.4446153241130205e-11,6.0042632478425525e-11,5.4446153241130205e-11,3.8679909377100799e-11,1.4597797487793178e-11
576,2.6650666559114429e-10,1.4121766136099865e-11,3.7418565016107084e-11,5.2670674718185271e-11,5.8084653850359873e-11,5.2670674718185271e-11,3.7418565016107097e-11,1.4121766136099867e-11
577,2.5781593478995902e-10,1.3661258074682671e-11,3.6198352850680336e-11,5.0953094206353773e-11,5.6190524526525502e-11,5.0953094206353780e-11,3.6198352850680336e-11,1.3661258074682671e-11
578,2.4940860703871681e-10,1.3215767092049133e-11,3.5017931567881340e-11,4.9291523662695417e-11,5.4358162393464995e-11,4.9291523662695411e-11,3.5017931567881340e-11,1.3215767092049137e-11
579,2.4127544061879166e-10,1.2784803484165631e-11,3.3876003594726365e-11,4.7684136612984881e-11,5.2585553235037937e-11,4.7684136612984881e-11,3.3876003594726365e-11,1.2784803484165631e-11
580,2.3340749518221438e-10,1.2367893516152318e-11,3.2771313671835624e-11,4.6129166143967971e-11,5.0870748518302557e-11,4.6129166143967971e-11,3.2771313671835624e-11,1.2367893516152318e-11
581,2.2579612192403280e-10,1.1964578901532123e-11,3.1702647473594796e-11,4.4624902961089828e-11,4.9211863251599294e-11,4.4624902961089828e-11,3.1702647473594796e-11,1.1964578901532123e-11
582,2.1843295407515112e-10,1.1574416298461336e-11,3.0668830273312946e-11,4.3169693509560320e-11,4.7607073912481908e-11,4.3169693509560320e-11,3.0668830273312946e-11,1.1574416298461338e-11
583,2.1130989770519484e-10,1.1196976822387980e-11,2.9668725651909209e-11,4.1761938156691079e-11,4.6054616443218295e-11,4.1761938156691079e-11,2.9668725651909203e-11,1.1196976822387980e-11
584,2.0441912282529301e-10,1.0831845574602339e-11,2.8701234248709077e-11,4.0400089433506234e-11,4.4552784311657714e-11,4.0400089433506234e-11,2.8701234248709077e-11,1.0831845574602339e-11
585,1.9775305478099688e-10,1.0478621186161350e-11,2.7765292552976952e-11,3.9082650333693797e-11,4.3099926635332659e-11,3.9082650333693797e-11,2.7765292552976952e-11,1.0478621186161350e-11
586,1.9130436592587353e-10,1.0136915376685525e-11,2.6859871734856536e-11,3.7808172668027956e-11,4.1694446366733479e-11,3.7808172668027956e-11,2.6859871734856536e-11,1.0136915376685525e-11
587,1.8506596756662269e-10,9.8063525275434252e-12,2.5983976514434103e-11,3.6575255472453389e-11,4.0334798537760839e-11,3.6575255472453389e-11,2.5983976514434106e-11,9.8063525275434252e-12
588,1.7903100217086095e-10,9.4865692689545073e-12,2.5136644067681331e-11,3.5382543468081546e-11,3.9019488561426164e-11,3.5382543468081546e-11,2.5136644067681331e-11,9.4865692689545073e-12
589,1.7319283582900913e-10,9.1772140805564720e-12,2.4316942968075177e-11,3.4228725571406197e-11,3.7747070588933429e-11,3.4228725571406204e-11,2.4316942968075177e-11,9.1772140805564720e-12
590,1.6754505096199601e-10,8.8779469049980175e-12,2.3523972162731318e-11,3.3112533453100618e-11,3.6516145920336101e-11,3.3112533453100618e-11,2.3523972162731315e-11,8.8779469049980159e-12
591,1.6208143926676206e-10,8.5884387741322736e-12,2.2756859981925633e-11,3.2032740143811989e-11,3.5325361467022277e-11,3.2032740143811989e-11,2.2756859981925633e-11,8.5884387741322736e-12
592,1.5679599489180944e-10,8.3083714473999953e-12,2.2014763180915063e-11,3.0988158685420723e-11,3.4173408264337894e-11,3.0988158685420723e-11,2.2014763180915063e-11,8.3083714473999937e-12
593,1.5168290783529561e-10,8.0374370620049959e-12,2.1296866013004469e-11,2.9977640826281846e-11,3.3059020032712999e-11,2.9977640826281846e-11,2.1296866013004465e-11,8.0374370620049943e-12
594,1.4673655755841397e-10,7.7753377944973084e-12,2.0602379332840607e-11,2.9000075759014372e-11,3.1980971785709428e-11,2.9000075759014372e-11,2.0602379332840607e-11,7.7753377944973084e-12
595,1.4195150680704103e-10,7.5217855333920489e-12,1.9930539728947522e-11,2.8054388899451081e-11,3.0938078483459739e-11,2.8054388899451081e-11,1.9930539728947522e-11,7.5217855333920489e-12
596,1.3732249563485817e-10,7.2765015624641106e-12,1.9280608684549787e-11,2.7139540705406542e-11,2.9929193730017289e-11,2.7139540705406542e-11,1.9280608684549784e-11,7.2765015624641106e-12
597,1.3284443562137853e-10,7.0392162543705596e-12,1.8651871765761120e-11,2.6254525533964855e-11,2.8953208513185451e-11,2.6254525533964861e-11,1.8651871765761120e-11,7.0392162543705596e-12
598,1.2851240427852285e-10,6.8096687742639487e-12,1.8043637836246056e-11,2.5398370536031048e-11,2.8009049985440765e-11,2.5398370536031048e-11,1.8043637836246056e-11,6.8096687742639487e-12
599,1.2432163963959576e-10,6.5876067930707409e-12,1.7455238297491308e-11,2.4570134586930878e-11,2.7095680284609923e-11,2.4570134586930878e-11,1.7455238297491308e-11,6.5876067930707401e-12
600,1.2026753502471444e-10,6.3727862101196652e-12,1.6886026353851735e-11,2.3768907251883678e-11,2.6212095393004295e-11,2.3768907251883678e-11,1.6886026353851735e-11,6.3727862101196636e-12
601,1.1634563397693577e-10,6.1649708848151093e-12,1.6335376301563056e-11,2.2993807785210803e-11,2.5357324033757819e-11,2.2993807785210803e-11,1.6335376301563056e-11,6.1649708848151085e-12
602,1.1255162536351524e-10,5.9639323770606012e-12,1.5802682840939670e-11,2.2243984162179798e-11,2.4530426603155102e-11,2.2243984162179798e-11,1.5802682840939670e-11,5.9639323770606012e-12
603,1.0888133863691312e-10,5.7694496961470142e-12,1.5287360411001620e-11,2.1518612142419864e-11,2.3730494137776123e-11,2.1518612142419864e-11,1.5287360411001616e-11,5.7694496961470142e-12
604,1.0533073925033795e-10,5.5813090578294855e-12,1.4788842545799196e-11,2.0816894363879235e-11,2.2956647315322123e-11,2.0816894363879235e-11,1.4788842545799196e-11,5.5813090578294855e-12
605,1.0189592422278862e-10,5.3993036493260198e-12,1.4306581251727734e-11,2.0138059466328374e-11,2.2208035488024370e-11,2.0138059466328374e-11,1.4306581251727731e-11,5.3993036493260182e-12
606,9.8573117848719257e-11,5.2232334019794219e-12,1.3840046405147967e-11,1.9481361243445591e-11,2.1483835747573290e-11,1.9481361243445591e-11,1.3840046405147964e-11,5.2232334019794219e-12
607,9.5358667547611305e-11,5.0529047713327040e-12,1.3388725169649946e-11,1.8846077822552965e-11,2.0783252020540072e-11,1.8846077822552965e-11,1.3388725169649943e-11,5.0529047713327032e-12
608,9.2249039848890238e-11,4.8881305243761713e-12,1.2952121432319825e-11,1.8231510871100931e-11,2.0105514193296377e-11,1.8231510871100931e-11,1.2952121432319827e-11,4.8881305243761697e-12
609,8.9240816507773323e-11,4.7287295337323498e-12,1.2529755258389901e-11,1.7636984829029262e-11,1.9449877265470300e-11,1.7636984829029262e-11,1.2529755258389899e-11,4.7287295337323489e-12
610,8.6330690747778820e-11,4.5745265785525016e-12,1.2121162363672371e-11,1.7061846166160577e-11,1.8815620531007926e-11,1.7061846166160577e-11,1.2121162363672370e-11,4.5745265785525016e-12
611,8.3515463625766254e-11,4.4253521519058604e-12,1.1725893604196978e-11,1.6505462663810145e-11,1.8202046785940293e-11,1.6505462663810142e-11,1.1725893604196978e-11,4.4253521519058604e-12
612,8.0792040515512039e-11,4.2810422744498807e-12,1.1343514482491429e-11,1.5967222719822211e-11,1.7608481561985002e-11,1.5967222719822207e-11,1.1343514482491426e-11,4.2810422744498807e-12
613,7.8157427705954979e-11,4.1414383141766474e-12,1.0973604669961940e-11,1.5446534676268995e-11,1.7034272385139813e-11,1.5446534676268991e-11,1.0973604669961936e-11,4.1414383141766474e-12
614,7.5608729110372345e-11,4.0063868120373334e-12,1.0615757544848839e-11,1.4942826169073260e-11,1.6478788058453489e-11,1.4942826169073260e-11,1.0615757544848839e-11,4.0063868120373334e-12
615,7.3143143082869181e-11,3.8757393132530019e-12,1.0269579745249374e-11,1.4455543498839600e-11,1.5941417968185228e-11,1.4455543498839599e-11,1.0269579745249373e-11,3.8757393132530019e-12
616,7.0757959338680999e-11,3.7493522041263332e-12,9.9346907367163259e-12,1.3984151022202746e-11,1.5421571412590186e-11,1.3984151022202746e-11,9.9346907367163243e-12,3.7493522041263332e-12
617,6.8450555974905141e-11,3.6270865541748917e-12,9.6107223939571724e-12,1.3528130563023948e-11,1.4918676952593126e-11,1.3528130563023947e-11,9.6107223939571708e-12,3.6270865541748917e-12
618,6.6218396588385354e-11,3.5088079634123943e-12,9.2973185961739627e-12,1.3086980842788078e-11,1.4432181783636487e-11,1.3086980842788074e-11,9.2973185961739595e-12,3.5088079634123939e-12
619,6.4059027487581493e-11,3.3943864146101054e-12,8.9941348355990571e-12,1.2660216929575394e-11,1.3961551128012381e-11,1.2660216929575394e-11,8.9941348355990539e-12,3.3943864146101054e-12
620,6.1970074995359845e-11,3.2836961303759648e-12,8.7008378387964690e-12,1.2247369705002247e-11,1.3506267647010501e-11,1.2247369705002245e-11,8.7008378387964674e-12,3.2836961303759639e-12
621,5.9949242839738790e-11,3.1766154348943298e-12,8.4171052003124751e-12,1.1847985348544699e-11,1.3065830872235790e-11,1.1847985348544697e-11,8.4171052003124735e-12,3.1766154348943290e-12
622,5.7994309629721670e-11,3.0730266201743644e-12,8.1426250282728172e-12,1.1461624838678296e-11,1.2639756655470718e-11,1.1461624838678296e-11,8.1426250282728172e-12,3.0730266201743636e-12
623,5.6103126413442493e-11,2.9728158166600410e-12,7.8770956015369193e-12,1.1087863470285558e-11,1.2227576636477466e-11,1.1087863470285556e-11,7.8770956015369176e-12,2.9728158166600406e-12
624,5.4273614315939828e-11,2.8758728680595217e-12,7.6202250380322096e-12,1.0726290387800713e-11,1.1828837728154944e-11,1.0726290387800712e-11,7.6202250380322096e-12,2.8758728680595209e-12
625,5.2503762253962504e-11,2.7820912102563314e-12,7.3717309739040433e-12,1.0376508133578495e-11,1.1443101618484768e-11,1.0376508133578495e-11,7.3717309739040433e-12,2.7820912102563314e-12
626,5.0791624725295064e-11,2.6913677541692169e-12,7.1313402531284346e-12,1.0038132210990551e-11,1.1069944288718666e-11,1.0038132210990548e-11,7.1313402531284330e-12,2.6913677541692165e-12
627,4.9135319670172902e-11,2.6036027724319175e-12,6.8987886272464912e-12,9.7107906617691844e-12,1.0708955547277712e-11,9.7107906617691844e-12,6.8987886272464912e-12,2.6036027724319175e-12
628,4.7533026402436162e-11,2.5186997897682929e-12,6.6738204648904431e-12,9.3941236571338448e-12,1.0359738578851003e-11,9.3941236571338448e-12,6.6738204648904423e-12,2.5186997897682921e-12
629,4.5982983608148417e-11,2.4365654769422893e-12,6.4561884707819578e-12,9.0877831022508918e-12,1.0021909508198147e-11,9.0877831022508918e-12,6.4561884707819562e-12,2.4365654769422885e-12
630,4.4483487409479937e-11,2.3571095481661846e-12,6.2456534138938855e-12,8.7914322535918661e-12,9.6950969781760686e-12,8.7914322535918645e-12,6.2456534138938838e-12,2.3571095481661842e-12
631,4.3032889491727331e-11,2.2802446618543260e-12,6.0419838644765847e-12,8.5047453487696131e-12,9.3789417415262849e-12,8.5047453487696115e-12,6.0419838644765839e-12,2.2802446618543260e-12
632,4.1629595291410775e-11,2.2058863246132699e-12,5.8449559396597729e-12,8.2274072484453960e-12,9.0730962659738977e-12,8.2274072484453960e-12,5.8449559396597712e-12,2.2058863246132695e-12
633,4.0272062243457008e-11,2.1339527983627840e-12,5.6543530573502504e-12,7.9591130899133428e-12,8.7772243522042535e-12,7.9591130899133428e-12,5.6543530573502496e-12,2.1339527983627840e-12
634,3.8958798085541356e-11,2.0643650104856197e-12,5.4699656981549731e-12,7.6995679519814329e-12,8.4910007642973036e-12,7.6995679519814329e-12,5.4699656981549731e-12,2.0643650104856197e-12
635,3.7688359217724824e-11,1.9970464669072759e-12,5.2915911750677653e-12,7.4484865307806583e-12,8.2141108722134245e-12,7.4484865307806583e-12,5.2915911750677653e-12,1.9970464669072759e-12
636,3.6459349115583125e-11,1.9319231680102220e-12,5.1190334106665071e-12,7.2055928261459770e-12,7.9462503059377118e-12,7.2055928261459770e-12,5.1190334106665063e-12,1.9319231680102220e-12
637,3.5270416795083232e-11,1.8689235272901373e-12,4.9521027215758764e-12,6.9706198382243282e-12,7.6871246209025527e-12,6.9706198382243290e-12,4.9521027215758756e-12,1.8689235272901373e-12
638,3.4120255327520082e-11,1.8079782926647562e-12,4.7906156099587209e-12,6.7433092739762031e-12,7.4364489743207249e-12,6.7433092739762047e-12,4.7906156099587209e-12,1.8079782926647562e-12
639,3.3007600402880788e-11,1.7490204703488172e-12,4.6343945618068560e-12,6.5234112632481355e-12,7.1939478120731736e-12,6.5234112632481355e-12,4.6343945618068560e-12,1.7490204703488172e-12
640,3.1931228940057373e-11,1.6919852512114349e-12,4.4832678518095550e-12,6.3106840841040147e-12,6.9593545658073609e-12,6.3106840841040147e-12,4.4832678518095550e-12,1.6919852512114347e-12
641,3.0889957742380141e-11,1.6368099395349412e-12,4.3370693545852522e-12,6.1048938971133041e-12,6.7324113599131473e-12,6.1048938971133041e-12,4.3370693545852522e-12,1.6368099395349412e-12
642,2.9882642196993894e-11,1.5834338840968922e-12,4.1956383620689318e-12,5.9058144883040487e-12,6.5128687280541459e-12,5.9058144883040487e-12,4.1956383620689318e-12,1.5834338840968922e-12
643,2.8908175016647149e-11,1.5317984114994722e-12,4.0588194068544817e-12,5.7132270204981565e-12,6.3004853389429290e-12,5.7132270204981565e-12,4.0588194068544817e-12,1.5317984114994722e-12
644,2.7965485022511494e-11,1.4818467616730164e-12,3.9264620912978283e-12,5.5269197927555683e-12,6.0950277310586675e-12,5.5269197927555683e-12,3.9264620912978283e-12,1.4818467616730164e-12
645,2.7053535966692822e-11,1.4335240254827504e-12,3.7984209221929662e-12,5.3466880076629194e-12,5.8962700560155481e-12,5.3466880076629194e-12,3.7984209221929662e-12,1.4335240254827504e-12
646,2.6171325393140380e-11,1.3867770843701600e-12,3.6745551508391938e-12,5.1723335462108751e-12,5.7039938302999251e-12,5.1723335462108751e-12,3.6745551508391938e-12,1.3867770843701600e-12
647,2.5317883535701282e-11,1.3415545519626474e-12,3.5547286183237035e-12,5.0036647500126594e-12,5.5179876951032611e-12,5.0036647500126594e-12,3.5547286183237035e-12,1.3415545519626474e-12
648,2.4492272252109235e-11,1.2978067175872828e-12,3.4388096058494910e-12,4.8404962106244080e-12,5.3380471839868721e-12,4.8404962106244096e-12,3.4388096058494910e-12,1.2978067175872826e-12
649,2.3693583992735754e-11,1.2554854916265623e-12,3.3266706899440380e-12,4.6826485657357395e-12,5.1639744981230755e-12,4.6826485657357395e-12,3.3266706899440384e-12,1.2554854916265623e-12
650,2.2920940802970144e-11,1.2145443526561051e-12,3.2181886023896113e-12,4.5299483020065087e-12,4.9955782888656932e-12,4.5299483020065087e-12,3.2181886023896113e-12,1.2145443526561051e-12
651,2.2173493358131688e-11,1.1749382963061778e-12,3.1132440947212069e-12,4.3822275643330223e-12,4.8326734474108760e-12,4.3822275643330223e-12,3.1132440947212069e-12,1.1749382963061780e-12
652,2.1450420029853198e-11,1.1366237857908375e-12,3.0117218071431923e-12,4.2393239713340426e-12,4.6750809013170509e-12,4.2393239713340426e-12,3.0117218071431923e-12,1.1366237857908375e-12
653,2.0750925982909548e-11,1.0995587040503059e-12,2.9135101417205532e-12,4.1010804368537550e-12,4.5226274176603212e-12,4.1010804368537550e-12,2.9135101417205528e-12,1.0995587040503059e-12
654,2.0074242301498542e-11,1.0637023074539766e-12,2.8185011397053411e-12,3.9673449972854945e-12,4.3751454126089186e-12,3.9673449972854929e-12,2.8185011397053411e-12,1.0637023074539766e-12
655,1.9419625144013504e-11,1.0290151810131535e-12,2.7265903628634916e-12,3.8379706445264041e-12,4.2324727672074057e-12,3.8379706445264041e-12,2.7265903628634916e-12,1.0290151810131535e-12
656,1.8786354925378644e-11,9.9545919505429663e-13,2.6376767786715464e-12,3.7128151643794226e-12,4.0944526491681161e-12,3.7128151643794226e-12,2.6376767786715464e-12,9.9545919505429643e-13
657,1.8173735526048278e-11,9.6299746330514157e-13,2.5516626492570904e-12,3.5917409802249380e-12,3.9609333404739385e-12,3.5917409802249380e-12,2.5516626492570904e-12,9.6299746330514157e-13
658,1.7581093526800394e-11,9.3159430234762676e-13,2.4684534239608148e-12,3.4746150017902825e-12,3.8317680706029454e-12,3.4746150017902829e-12,2.4684534239608148e-12,9.3159430234762676e-13
659,1.7007777468483534e-11,9.0121519239304900e-13,2.3879576354021198e-12,3.3613084788508326e-12,3.7068148551915334e-12,3.3613084788508330e-12,2.3879576354021198e-12,9.0121519239304900e-13
660,1.6453157135903134e-11,8.7182673933633618e-13,2.3100867989339892e-12,3.2516968597018784e-12,3.5859363399587248e-12,3.2516968597018792e-12,2.3100867989339892e-12,8.7182673933633628e-13
661,1.5916622865060166e-11,8.4339663804772130e-13,2.2347553153766254e-12,3.1456596542457028e-12,3.4689996497200685e-12,3.1456596542457028e-12,2.2347553153766258e-12,8.4339663804772140e-13
662,1.5397584872980677e-11,8.1589363686146882e-13,2.1618803769229226e-12,3.0430803015433609e-12,3.3558762423251690e-12,3.0430803015433609e-12,2.1618803769229226e-12,8.1589363686146882e-13
663,1.4895472609399362e-11,7.8928750322261603e-13,2.0913818761123432e-12,2.9438460416855771e-12,3.2464417673582869e-12,2.9438460416855775e-12,2.0913818761123436e-12,7.8928750322261603e-13
664,1.4409734129584692e-11,7.6354899045396833e-13,2.0231823177731387e-12,2.8478477918418995e-12,3.1405759294466794e-12,2.8478477918418991e-12,2.0231823177731387e-12,7.6354899045396833e-13
665,1.3939835487616041e-11,7.3864980560681555e-13,1.9572067338361166e-12,2.7549800263518709e-12,3.0381623560264342e-12,2.7549800263518709e-12,1.9572067338361162e-12,7.3864980560681555e-13
666,1.3485260149445940e-11,7.1456257836003128e-13,1.8933826009263167e-12,2.6651406607264053e-12,2.9390884694204334e-12,2.6651406607264049e-12,1.8933826009263167e-12,7.1456257836003108e-13
667,1.3045508425102275e-11,6.9126083093336481e-13,1.8316397606420044e-12,2.5782309394318550e-12,2.8432453630878255e-12,2.5782309394318550e-12,1.8316397606420040e-12,6.9126083093336461e-13
668,1.2620096919406237e-11,6.6871894898185699e-13,1.7719103424333513e-12,2.4941553273334164e-12,2.7505276819089888e-12,2.4941553273334168e-12,1.7719103424333509e-12,6.6871894898185689e-13
669,1.2208558000602280e-11,6.4691215343938179e-13,1.7141286889960272e-12,2.4128214046785483e-12,2.6608335063743654e-12,2.4128214046785487e-12,1.7141286889960272e-12,6.4691215343938179e-13
670,1.1810439286315921e-11,6.2581647328036536e-13,1.6582312840976929e-12,2.3341397655049588e-12,2.5740642405498865e-12,2.3341397655049588e-12,1.6582312840976933e-12,6.2581647328036536e-13
671,1.1425303146274384e-11,6.0540871916973964e-13,1.6041566827580571e-12,2.2580239193614865e-12,2.4901245036958160e-12,2.2580239193614865e-12,1.6041566827580567e-12,6.0540871916973964e-13
672,1.1052726221243412e-11,5.8566645797216665e-13,1.5518454437057459e-12,2.1843901962338502e-12,2.4089220254198860e-12,2.1843901962338502e-12,1.5518454437057457e-12,5.8566645797216665e-13
673,1.0692298957651471e-11,5.6656798809251166e-13,1.5012400640377459e-12,2.1131576545707437e-12,2.3303675442494687e-12,2.1131576545707437e-12,1.5012400640377459e-12,5.6656798809251166e-13
674,1.0343625157389753e-11,5.4809231562045774e-13,1.4522849160095845e-12,2.0442479923091905e-12,2.2543747095112883e-12,2.0442479923091905e-12,1.4522849160095847e-12,5.4809231562045774e-13
675,1.0006321542293125e-11,5.3021913125304229e-13,1.4049261858867736e-12,1.9775854608013370e-12,2.1808599864108173e-12,1.9775854608013374e-12,1.4049261858867734e-12,5.3021913125304219e-13
676,9.6800173328232499e-12,5.1292878796974228e-13,1.3591118147902944e-12,1.9130967815480798e-12,2.1097425642070145e-12,1.9130967815480802e-12,1.3591118147902946e-12,5.1292878796974228e-13
677,9.3643538404908076e-12,4.9620227943557302e-13,1.3147914414711014e-12,1.8507110656479943e-12,2.0409442673814703e-12,1.8507110656479943e-12,1.3147914414711014e-12,4.9620227943557302e-13
678,9.0589840735687172e-12,4.8002121910845608e-13,1.2719163469507360e-12,1.7903597358730140e-12,1.9743894697043046e-12,1.7903597358730140e-12,1.2719163469507360e-12,4.8002121910845608e-13
679,8.7635723556629768e-12,4.6436782002789299e-13,1.2304394009672013e-12,1.7319764512852137e-12,1.9100050111023610e-12,1.7319764512852137e-12,1.2304394009672013e-12,4.6436782002789299e-13
680,8.4777939567218480e-12,4.4922487526272533e-13,1.1903150101672253e-12,1.6754970343118163e-12,1.8477201172383141e-12,1.6754970343118163e-12,1.1903150101672253e-12,4.4922487526272533e-13
681,8.2013347360777502e-12,4.3457573899649111e-13,1.1514990679879643e-12,1.6208594001982770e-12,1.7874663217122848e-12,1.6208594001982770e-12,1.1514990679879643e-12,4.3457573899649111e-13
682,7.9338907971294933e-12,4.2040430822958221e-13,1.1139489061730559e-12,1.5680034887618844e-12,1.7291773908004474e-12,1.5680034887618844e-12,1.1139489061730561e-12,4.2040430822958221e-13
683,7.6751681532852533e-12,4.0669500507809199e-13,1.0776232478697220e-12,1.5168711983708642e-12,1.6727892506478958e-12,1.5168711983708642e-12,1.0776232478697220e-12,4.0669500507809209e-13
684,7.4248824047990833e-12,3.9343275964989422e-13,1.0424821622553668e-12,1.4674063220764135e-12,1.6182399168357350e-12,1.4674063220764135e-12,1.0424821622553668e-12,3.9343275964989432e-13
685,7.1827584261457331e-12,3.8060299347912917e-13,1.0084870206437942e-12,1.4195544858274544e-12,1.5654694262449766e-12,1.4195544858274544e-12,1.0084870206437942e-12,3.8060299347912927e-13
686,6.9485300635900917e-12,3.6819160350088804e-13,9.7560045402279122e-13,1.3732630887001952e-12,1.5144197711423422e-12,1.3732630887001952e-12,9.7560045402279122e-13,3.6819160350088809e-13
687,6.7219398426188556e-12,3.5618494654848018e-13,9.4378631197640179e-13,1.3284812450767904e-12,1.4650348354155109e-12,1.3284812450767906e-12,9.4378631197640179e-13,3.5618494654848018e-13
688,6.5027386849127897e-12,3.4456982435624085e-13,9.1300962294674138e-13,1.2851597287095486e-12,1.4172603328877283e-12,1.2851597287095486e-12,9.1300962294674138e-13,3.4456982435624080e-13
689,6.2906856345484520e-12,3.3333346905139514e-13,8.8323655579166047e-13,1.2432509186091902e-12,1.3710437476439605e-12,1.2432509186091900e-12,8.8323655579166047e-13,3.3333346905139514e-13
690,6.0855475931284453e-12,3.2246352911902910e-13,8.5443438259601019e-13,1.2027087466976827e-12,1.3263342763030014e-12,1.2027087466976827e-12,8.5443438259601019e-13,3.2246352911902910e-13
691,5.8870990635490117e-12,3.1194805582474019e-13,8.2657144269562210e-13,1.1634886471681051e-12,1.2830827721720769e-12,1.1634886471681051e-12,8.2657144269562210e-13,3.1194805582474019e-13
692,5.6951219021233173e-12,3.0177549008004305e-13,7.9961710787446067e-13,1.1255475074958777e-12,1.2412416912225555e-12,1.1255475074958775e-12,7.9961710787446067e-13,3.0177549008004305e-13
693,5.5094050787879513e-12,2.9193464973609122e-13,7.7354174869668946e-13,1.0888436210475052e-12,1.2007650398273806e-12,1.0888436210475052e-12,7.7354174869668935e-13,2.9193464973609122e-13
694,5.3297444451290383e-12,2.8241471729174869e-13,7.4831670193664156e-13,1.0533366412347416e-12,1.1616083242027750e-12,1.0533366412347416e-12,7.4831670193664156e-13,2.8241471729174869e-13
695,5.1559425099729816e-12,2.7320522800249849e-13,7.2391423907089385e-13,1.0189875371637776e-12,1.1237285014986419e-12,1.0189875371637776e-12,7.2391423907089375e-13,2.7320522800249849e-13
696,4.9878082222951429e-12,2.6429605837711760e-13,7.0030753579780656e-13,9.8575855073069876e-13,1.0870839324838977e-12,9.8575855073069876e-13,7.0030753579780656e-13,2.6429605837711760e-13
697,4.8251567612078378e-12,2.5567741504947313e-13,6.7747064255102695e-13,9.5361315511605455e-13,1.0516343357747288e-12,9.5361315511605455e-13,6.7747064255102695e-13,2.5567741504947318e-13
698,4.6678093327967658e-12,2.4733982401320704e-13,6.5537845597453987e-13,9.2251601463290875e-13,1.0173407435554536e-12,9.2251601463290875e-13,6.5537845597453997e-13,2.4733982401320709e-13
699,4.5155929735825782e-12,2.3927412020747548e-13,6.3400669132791323e-13,8.9243294588423983e-13,9.8416545874332031e-13,8.9243294588423983e-13,6.3400669132791323e-13,2.3927412020747548e-13
700,4.3683403603915253e-12,2.3147143744229546e-13,6.1333185579140149e-13,8.6333088018698923e-13,9.5207201355015279e-13,8.6333088018698923e-13,6.1333185579140129e-13,2.3147143744229546e-13
701,4.2258896264261798e-12,2.2392319865242398e-13,5.9333122264156556e-13,8.3517782722145476e-13,9.2102512939529101e-13,8.3517782722145476e-13,5.9333122264156556e-13,2.2392319865242395e-13
702,4.0880841833340584e-12,2.1662110646905602e-13,5.7398280626902096e-13,8.0794283986607038e-13,8.9099067812576408e-13,8.0794283986607038e-13,5.7398280626902086e-13,2.1662110646905599e-13
703,3.9547725490785583e-12,2.0955713409897800e-13,5.5526533801085102e-13,7.8159598017891624e-13,8.6193564450106724e-13,7.8159598017891624e-13,5.5526533801085102e-13,2.0955713409897798e-13
704,3.8258081814229783e-12,2.0272351650115002e-13,5.3715824277112202e-13,7.5610828648856674e-13,8.3382808990130027e-13,7.5610828648856674e-13,5.3715824277112192e-13,2.0272351650115000e-13
705,3.7010493168446049e-12,1.9611274185101806e-13,5.1964161640379763e-13,7.3145174155809747e-13,8.0663711721877866e-13,7.3145174155809737e-13,5.1964161640379763e-13,1.9611274185101806e-13
706,3.5803588147017718e-12,1.8971754328317339e-13,5.0269620383319262e-13,7.0759924178725934e-13,7.8033283689452135e-13,7.0759924178725934e-13,5.0269620383319262e-13,1.8971754328317339e-13
707,3.4636040064826042e-12,1.8353089090328237e-13,4.8630337788791460e-13,6.8452456741896381e-13,7.5488633406228275e-13,6.8452456741896381e-13,4.8630337788791460e-13,1.8353089090328237e-13
708,3.3506565499697294e-12,1.7754598406050531e-13,4.7044511882502614e-13,6.6220235371732755e-13,7.3026963676401107e-13,6.6220235371732775e-13,4.7044511882502614e-13,1.7754598406050531e-13
709,3.2413922881606518e-12,1.7175624387191074e-13,4.5510399452192060e-13,6.4060806308559715e-13,7.0645568520179452e-13,6.4060806308559715e-13,4.5510399452192070e-13,1.7175624387191076e-13
710,3.1356911127887052e-12,1.6615530599066660e-13,4.4026314131413680e-13,6.1971795809330145e-13,6.8341830199249539e-13,6.1971795809330145e-13,4.4026314131413680e-13,1.6615530599066660e-13
711,3.0334368322945619e-12,1.6073701361005967e-13,4.2590624545804870e-13,5.9950907538298443e-13,6.6113216339237608e-13,5.9950907538298453e-13,4.2590624545804870e-13,1.6073701361005969e-13
712,2.9345170441031621e-12,1.5549541069565248e-13,4.1201752519805365e-13,5.7995920042783385e-13,6.3957277146008164e-13,5.7995920042783385e-13,4.1201752519805370e-13,1.5549541069565248e-13
713,2.8388230110656704e-12,1.5042473543813816e-13,3.9858171341854578e-13,5.6104684311245853e-13,6.1871642712738572e-13,5.6104684311245853e-13,3.9858171341854578e-13,1.5042473543813816e-13
714,2.7462495419306387e-12,1.4551941391969650e-13,3.8558404086160513e-13,5.4275121410997234e-13,5.9854020414809096e-13,5.4275121410997244e-13,3.8558404086160513e-13,1.4551941391969647e-13
715,2.6566948757129748e-12,1.4077405398688901e-13,3.7301021989195517e-13,5.2505220202941678e-13,5.7902192389645280e-13,5.2505220202941678e-13,3.7301021989195522e-13,1.4077405398688901e-13
716,2.5700605698336209e-12,1.3618343932335757e-13,3.6084642879134097e-13,5.0793035130840125e-13,5.6014013098742150e-13,5.0793035130840115e-13,3.6084642879134102e-13,1.3618343932335759e-13
717,2.4862513919069770e-12,1.3174252371581121e-13,3.4907929656506613e-13,4.9136684082666006e-13,5.4187406969190206e-13,4.9136684082666006e-13,3.4907929656506613e-13,1.3174252371581123e-13
718,2.4051752150571110e-12,1.2744642550699806e-13,3.3769588824398395e-13,4.7534346321701862e-13,5.2420366112110973e-13,4.7534346321701862e-13,3.3769588824398395e-13,1.2744642550699808e-13
719,2.3267429166476907e-12,1.2329042222956472e-13,3.2668369066578892e-13,4.5984260485102239e-13,5.0710948115493820e-13,4.5984260485102239e-13,3.2668369066578892e-13,1.2329042222956472e-13
720,2.2508682803143106e-12,1.1926994541490442e-13,3.1603059871997759e-13,4.4484722647723348e-13,4.9057273909007950e-13,4.4484722647723348e-13,3.1603059871997754e-13,1.1926994541490442e-13
721,2.1774679011915286e-12,1.1538057557128786e-13,3.0572490204135764e-13,4.3034084449090618e-13,4.7457525698442498e-13,4.3034084449090618e-13,3.0572490204135764e-13,1.1538057557128786e-13
722,2.1064610942304259e-12,1.1161803732575593e-13,2.9575527213748004e-13,4.1630751281445641e-13,4.5909944967504102e-13,4.1630751281445641e-13,2.9575527213748004e-13,1.1161803732575593e-13
723,2.0377698055059197e-12,1.0797819472443439e-13,2.8611074993584267e-13,4.0273180536880493e-13,4.4412830544775509e-13,4.0273180536880503e-13,2.8611074993584272e-13,1.0797819472443440e-13
724,1.9713185264163203e-12,1.0445704668610480e-13,2.7678073373717739e-13,3.8959879911632669e-13,4.2964536733710215e-13,3.8959879911632674e-13,2.7678073373717739e-13,1.0445704668610480e-13
725,1.9070342106808309e-12,1.0105072260403296e-13,2.6775496756157793e-13,3.7689405765676608e-13,4.1563471503607695e-13,3.7689405765676618e-13,2.6775496756157793e-13,1.0105072260403296e-13
726,1.8448461940437390e-12,9.7755478091221475e-14,2.5902352987465841e-13,3.6460361535808688e-13,4.0208094739580545e-13,3.6460361535808693e-13,2.5902352987465846e-13,9.7755478091221475e-14
727,1.7846861165970380e-12,9.4567690864408480e-14,2.5057682268134975e-13,3.5271396200481137e-13,3.8896916549589866e-13,3.5271396200481142e-13,2.5057682268134975e-13,9.4567690864408480e-14
728,1.7264878476360947e-12,9.1483856762288402e-14,2.4240556097534491e-13,3.4121202794697459e-13,3.7628495626687867e-13,3.4121202794697459e-13,2.4240556097534496e-13,9.1483856762288402e-14
729,1.6701874129657591e-12,8.8500585893577852e-14,2.3450076253259623e-13,3.3008516973336820e-13,3.6401437664667465e-13,3.3008516973336820e-13,2.3450076253259623e-13,8.8500585893577877e-14
730,1.6157229245770088e-12,8.5614598910692362e-14,2.2685373803764420e-13,3.1932115621328170e-13,3.5214393825377227e-13,3.1932115621328170e-13,2.2685373803764422e-13,8.5614598910692375e-14
731,1.5630345126168197e-12,8.2822723404937653e-14,2.1945608153192532e-13,3.0890815509146256e-13,3.4066059256016862e-13,3.0890815509146261e-13,2.1945608153192532e-13,8.2822723404937666e-14
732,1.5120642595764918e-12,8.0121890419253196e-14,2.1229966117355845e-13,2.9883471992151721e-13,3.2955171654783420e-13,2.9883471992151721e-13,2.1229966117355848e-13,8.0121890419253196e-14
733,1.4627561366260785e-12,7.7509131074674407e-14,2.0537661029845286e-13,2.8908977752345431e-13,3.1880509883291533e-13,2.8908977752345431e-13,2.0537661029845294e-13,7.7509131074674433e-14
734,1.4150559420249366e-12,7.4981573306805336e-14,1.9867931877291173e-13,2.7966261581153967e-13,3.0840892624242314e-13,2.7966261581153967e-13,1.9867931877291181e-13,7.4981573306805361e-14
735,1.3689112415406985e-12,7.2536438708714300e-14,1.9220042462822576e-13,2.7054287201908212e-13,2.9835177082865414e-13,2.7054287201908217e-13,1.9220042462822581e-13,7.2536438708714313e-14
736,1.3242713108111691e-12,7.0171039476782080e-14,1.8593280596806076e-13,2.6172052130720747e-13,2.8862257730706838e-13,2.6172052130720752e-13,1.8593280596806081e-13,7.0171039476782093e-14
737,1.2810870795857906e-12,6.7882775456145423e-14,1.7986957313974411e-13,2.5318586574509764e-13,2.7921065090381614e-13,2.5318586574509764e-13,1.7986957313974414e-13,6.7882775456145448e-14
738,1.2393110777853814e-12,6.5669131282488135e-14,1.7400406116084388e-13,2.4492952364958199e-13,2.7010564559955329e-13,2.4492952364958199e-13,1.7400406116084390e-13,6.5669131282488160e-14
739,1.1988973833208575e-12,6.3527673617037677e-14,1.6832982239271558e-13,2.3694241927236302e-13,2.6129755275662484e-13,2.3694241927236302e-13,1.6832982239271560e-13,6.3527673617037689e-14
740,1.1598015716135749e-12,6.1456048471728070e-14,1.6284061945296354e-13,2.2921577282353922e-13,2.5277669011711344e-13,2.2921577282353922e-13,1.6284061945296356e-13,6.1456048471728070e-14
741,1.1219806667618050e-12,5.9451978621588717e-14,1.5753041835902516e-13,2.2174109082045908e-13,2.4453369115965905e-13,2.2174109082045908e-13,1.5753041835902519e-13,5.9451978621588717e-14
742,1.0853930942996575e-12,5.7513261101514722e-14,1.5239338189534179e-13,2.1451015675129700e-13,2.3655949480335066e-13,2.1451015675129700e-13,1.5239338189534179e-13,5.7513261101514735e-14
743,1.0499986354965332e-12,5.5637764784667058e-14,1.4742386319682467e-13,2.0751502204308832e-13,2.2884533544737313e-13,2.0751502204308832e-13,1.4742386319682469e-13,5.5637764784667070e-14
744,1.0157583831468546e-12,5.3823428039840536e-14,1.4261639954156313e-13,2.0074799732429481e-13,2.2138273333545753e-13,2.0074799732429481e-13,1.4261639954156313e-13,5.3823428039840542e-14
745,9.8263469880149053e-13,5.2068256465224709e-14,1.3796570634595099e-13,1.9420164397229642e-13,2.1416348523454634e-13,1.9420164397229642e-13,1.3796570634595099e-13,5.2068256465224715e-14
746,9.5059117139385459e-13,5.0370320696066298e-14,1.3346667135563113e-13,1.8786876593651742e-13,2.0717965541742483e-13,1.8786876593651742e-13,1.3346667135563113e-13,5.0370320696066298e-14
747,9.1959257721519573e-13,4.8727754283823323e-14,1.2911434902587172e-13,1.8174240182819917e-13,2.0042356693940742e-13,1.8174240182819917e-13,1.2911434902587172e-13,4.8727754283823329e-14
748,8.8960484119509156e-13,4.7138751644479650e-14,1.2490395508519794e-13,1.7581581726812351e-13,1.9388779319948937e-13,1.7581581726812351e-13,1.2490395508519794e-13,4.7138751644479650e-14
749,8.6059499944457208e-13,4.5601566073764539e-14,1.2083086127630197e-13,1.7008249748387561e-13,1.8756514977668772e-13,1.7008249748387561e-13,1.2083086127630199e-13,4.5601566073764551e-14
750,8.3253116302070934e-13,4.4114507827095608e-14,1.1689059026845146e-13,1.6453614014850864e-13,1.8144868653259783e-13,1.6453614014850864e-13,1.1689059026845146e-13,4.4114507827095608e-14
751,8.0538248287283402e-13,4.2675942262134338e-14,1.1307881073580281e-13,1.5917064845273810e-13,1.7553167997148364e-13,1.5917064845273810e-13,1.1307881073580281e-13,4.2675942262134338e-14
752,7.7911911593185130e-13,4.1284288041912609e-14,1.0939133259621028e-13,1.5398012440305066e-13,1.6980762584950424e-13,1.5398012440305064e-13,1.0939133259621028e-13,4.1284288041912615e-14
753,7.5371219230537448e-13,3.9938015396554889e-14,1.0582410240529614e-13,1.4895886233836028e-13,1.6427023202495196e-13,1.4895886233836028e-13,1.0582410240529614e-13,3.9938015396554889e-14
754,7.2913378354262266e-13,3.8635644441685292e-14,1.0237319890071959e-13,1.4410134265808507e-13,1.5891341154164268e-13,1.4410134265808507e-13,1.0237319890071959e-13,3.8635644441685292e-14
755,7.0535687193419041e-13,3.7375743551671103e-14,9.9034828691746041e-14,1.3940222575475014e-13,1.5373127593785580e-13,1.3940222575475014e-13,9.9034828691746041e-14,3.7375743551671103e-14
756,6.8235532081294933e-13,3.6156927785914496e-14,9.5805322089378844e-14,1.3485634614444725e-13,1.4871812877346823e-13,1.3485634614444725e-13,9.5805322089378844e-14,3.6156927785914496e-14
757,6.6010384582342926e-13,3.4977857366462589e-14,9.2681129072469516e-14,1.3045870678869904e-13,1.4386845936816697e-13,1.3045870678869902e-13,9.2681129072469516e-14,3.4977857366462595e-14
758,6.3857798712809925e-13,3.3837236205262330e-14,8.9658815385372359e-14,1.2620447360148595e-13,1.3917693674385801e-13,1.2620447360148595e-13,8.9658815385372372e-14,3.3837236205262330e-14
759,6.1775408251999820e-13,3.2733810479441277e-14,8.6735058762853838e-14,1.2208897013539833e-13,1.3463840376461136e-13,1.2208897013539833e-13,8.6735058762853838e-14,3.2733810479441283e-14
760,5.9760924141215573e-13,3.1666367253048312e-14,8.3906645278106838e-14,1.1810767244107172e-13,1.3024787146770204e-13,1.1810767244107170e-13,8.3906645278106838e-14,3.1666367253048312e-14
761,5.7812131967521385e-13,3.0633733143738984e-14,8.1170465809855682e-14,1.1425620409425513e-13,1.2600051357951423e-13,1.1425620409425513e-13,8.1170465809855669e-14,3.0633733143738984e-14
762,5.5926889529558805e-13,2.9634773032940056e-14,7.8523512624667840e-14,1.1053033138504568e-13,1.2189166121028088e-13,1.1053033138504568e-13,7.8523512624667827e-14,2.9634773032940056e-14
763,5.4103124482741252e-13,2.8668388818075358e-14,7.5962876070716153e-14,1.0692595866400124e-13,1.1791679772182700e-13,1.0692595866400123e-13,7.5962876070716141e-14,2.8668388818075352e-14
764,5.2338832061238129e-13,2.7733518205481255e-14,7.3485741379356559e-14,1.0343912384001559e-13,1.1407155376267451e-13,1.0343912384001559e-13,7.3485741379356546e-14,2.7733518205481255e-14
765,5.0632072874244713e-13,2.6829133542684972e-14,7.1089385571005891e-14,1.0006599402500689e-13,1.1035170246505174e-13,1.0006599402500689e-13,7.1089385571005878e-14,2.6829133542684972e-14
766,4.8980970774115193e-13,2.5954240688762023e-14,6.8771174461918308e-14,9.6802861320632058e-14,1.0675315479852718e-13,9.6802861320632058e-14,6.8771174461918308e-14,2.5954240688762023e-14
767,4.7383710794015453e-13,2.5107877921531125e-14,6.6528559768570313e-14,9.3646138742395570e-14,1.0327195507516051e-13,9.3646138742395570e-14,6.6528559768570313e-14,2.5107877921531125e-14
768,4.5838537152828711e-13,2.4289114880385256e-14,6.4359076306471041e-14,9.0592356276672327e-14,9.9904276601229893e-14,9.0592356276672327e-14,6.4359076306471028e-14,2.4289114880385256e-14
769,4.4343751325120693e-13,2.3497051543596781e-14,6.2260339280318895e-14,8.7638157066310098e-14,9.6646417470755337e-14,8.7638157066310124e-14,6.2260339280318908e-14,2.3497051543596781e-14
770,4.2897710174042880e-13,2.2730817238972470e-14,6.0230041662525688e-14,8.4780293720618982e-14,9.3494796496194578e-14,8.4780293720618982e-14,6.0230041662525688e-14,2.2730817238972473e-14
771,4.1498824145121502e-13,2.1989569686770848e-14,5.8265951657226479e-14,8.2015624745691097e-14,9.0445949271838211e-14,8.2015624745691085e-14,5.8265951657226479e-14,2.1989569686770854e-14
772,4.0145555518946615e-13,2.1272494073829858e-14,5.6365910246987713e-14,7.9341111091127118e-14,8.7496524365576774e-14,7.9341111091127118e-14,5.6365910246987713e-14,2.1272494073829858e-14
773,3.8836416720840717e-13,2.0578802157886998e-14,5.4527828819516578e-14,7.6753812809373242e-14,8.4643279634853474e-14,7.6753812809373254e-14,5.4527828819516585e-14,2.0578802157886998e-14
774,3.7569968685648708e-13,1.9907731401107440e-14,5.2749686871763064e-14,7.4250885823996578e-14,8.1883078662752883e-14,7.4250885823996591e-14,5.2749686871763076e-14,1.9907731401107440e-14
775,3.6344819275851791e-13,1.9258544131867606e-14,5.1029529788890675e-14,7.1829578803346432e-14,7.9212887310308486e-14,7.1829578803346432e-14,5.1029529788890675e-14,1.9258544131867609e-14
776,3.5159621751266299e-13,1.8630526733872856e-14,4.9365466695674557e-14,6.9487230136164911e-14,7.6629770381238352e-14,6.9487230136164911e-14,4.9365466695674557e-14,1.8630526733872856e-14
777,3.4013073288645376e-13,1.8022988861717827e-14,4.7755668377965083e-14,6.7221265005822269e-14,7.4130888395443426e-14,6.7221265005822269e-14,4.7755668377965083e-14,1.8022988861717827e-14
778,3.2903913549556193e-13,1.7435262682027278e-14,4.6198365271932142e-14,6.5029192559960906e-14,7.1713494467721279e-14,6.5029192559960906e-14,4.6198365271932142e-14,1.7435262682027278e-14
779,3.1830923294958342e-13,1.6866702139343105e-14,4.4691845518879747e-14,6.2908603172436625e-14,6.9374931288264480e-14,6.2908603172436625e-14,4.4691845518879735e-14,1.6866702139343105e-14
780,3.0792923044960642e-13,1.6316682245950698e-14,4.3234453083492756e-14,6.0857165794547638e-14,6.7112628201624288e-14,6.0857165794547625e-14,4.3234453083492750e-14,1.6316682245950698e-14
781,2.9788771782282954e-13,1.5784598394863902e-14,4.1824585933447276e-14,5.8872625392639240e-14,6.4924098380928748e-14,5.8872625392639227e-14,4.1824585933447276e-14,1.5784598394863902e-14
782,2.8817365697997883e-13,1.5269865695213397e-14,4.0460694278383510e-14,5.6952800469267958e-14,6.2806936094249070e-14,5.6952800469267958e-14,4.0460694278383510e-14,1.5269865695213397e-14
783,2.7877636978173578e-13,1.4771918329307954e-14,3.9141278866305458e-14,5.5095580665199865e-14,6.0758814060109216e-14,5.5095580665199865e-14,3.9141278866305451e-14,1.4771918329307954e-14
784,2.6968552630083918e-13,1.4290208930661769e-14,3.7864889335534614e-14,5.3298924439607320e-14,5.8777480889231757e-14,5.3298924439607313e-14,3.7864889335534608e-14,1.4290208930661769e-14
785,2.6089113346695709e-13,1.3824207982304245e-14,3.6630122620406204e-14,5.1560856825914075e-14,5.6860758609708031e-14,5.1560856825914075e-14,3.6630122620406192e-14,1.3824207982304245e-14
786,2.5238352408184774e-13,1.3373403234710737e-14,3.5435621408955317e-14,4.9879467260821850e-14,5.5006540272871918e-14,4.9879467260821838e-14,3.5435621408955311e-14,1.3373403234710735e-14
787,2.4415334619273345e-13,1.2937299142714496e-14,3.4280072650897608e-14,4.8252907484131810e-14,5.3212787637245636e-14,4.8252907484131810e-14,3.4280072650897602e-14,1.2937299142714496e-14
788,2.3619155281220740e-13,1.2515416320780781e-14,3.3162206114264440e-14,4.6679389507052652e-14,5.1477528928011654e-14,4.6679389507052652e-14,3.3162206114264440e-14,1.2515416320780781e-14
789,2.2848939197337157e-13,1.2107291016044387e-14,3.2080792989105935e-14,4.5157183646761607e-14,4.9798856669547729e-14,4.5157183646761601e-14,3.2080792989105929e-14,1.2107291016044383e-14
790,2.2103839710927515e-13,1.1712474598531312e-14,3.1034644536726904e-14,4.3684616625058070e-14,4.8174925588642588e-14,4.3684616625058070e-14,3.1034644536726904e-14,1.1712474598531309e-14
791,2.1383037774607754e-13,1.1330533068004208e-14,3.0022610782971022e-14,4.2260069729019837e-14,4.6603950586087397e-14,4.2260069729019837e-14,3.0022610782971022e-14,1.1330533068004210e-14
792,2.0685741049970533e-13,1.0961046576889500e-14,2.9043579254116705e-14,4.0881977031639913e-14,4.5084204774413084e-14,4.0881977031639913e-14,2.9043579254116705e-14,1.0961046576889502e-14
793,2.0011183036610677e-13,1.0603608968761752e-14,2.8096473753995190e-14,3.9548823670488006e-14,4.3614017579616881e-14,3.9548823670488000e-14,2.8096473753995193e-14,1.0603608968761752e-14
794,1.9358622229552920e-13,1.0257827331877980e-14,2.7180253180986555e-14,3.8259144182504575e-14,4.2191772904790980e-14,3.8259144182504582e-14,2.7180253180986549e-14,1.0257827331877980e-14
795,1.8727341304155775e-13,9.9233215672711142e-15,2.6293910383593259e-14,3.7011520893096961e-14,4.0815907353635068e-14,3.7011520893096961e-14,2.6293910383593259e-14,9.9233215672711142e-15
796,1.8116646327595519e-13,9.5997239709278604e-15,2.5436471053333246e-14,3.5804582357766607e-14,3.9484908511899729e-14,3.5804582357766613e-14,2.5436471053333246e-14,9.5997239709278619e-15
797,1.7525865996063553e-13,9.2866788295916594e-15,2.4606992653735546e-14,3.4637001854554775e-14,3.8197313284871558e-14,3.4637001854554775e-14,2.4606992653735555e-14,9.2866788295916610e-15
798,1.6954350896838596e-13,8.9838420297464200e-15,2.3804563384261151e-14,3.3507495925649055e-14,3.6951706289072694e-14,3.3507495925649055e-14,2.3804563384261154e-14,8.9838420297464215e-15
799,1.6401472794422555e-13,8.6908806793512341e-15,2.3028301178010203e-14,3.2414822966548013e-14,3.5746718296406644e-14,3.2414822966548006e-14,2.3028301178010203e-14,8.6908806793512357e-15
800,1.5866623939955378e-13,8.4074727419102358e-15,2.2277352732113787e-14,3.1357781861232753e-14,3.4581024729040215e-14,3.1357781861232753e-14,2.2277352732113793e-14,8.4074727419102358e-15
801,1.5349216403149754e-13,8.1333066824753889e-15,2.1550892569744468e-14,3.0335210661845386e-14,3.3453344203367063e-14,3.0335210661845380e-14,2.1550892569744468e-14,8.1333066824753874e-15
802,1.4848681426011290e-13,7.8680811251930276e-15,2.0848122132714404e-14,2.9345985311422841e-14,3.2362437121452353e-14,2.9345985311422841e-14,2.0848122132714404e-14,7.8680811251930276e-15
803,1.4364468797633743e-13,7.6115045220177728e-15,2.0168268903663782e-14,2.8389018408282133e-14,3.1307104308410042e-14,2.8389018408282133e-14,2.0168268903663782e-14,7.6115045220177712e-15
804,1.3896046249382069e-13,7.3632948322295904e-15,1.9510585556874415e-14,2.7463258010698772e-14,3.0286185694215124e-14,2.7463258010698772e-14,1.9510585556874418e-14,7.3632948322295904e-15
805,1.3442898869798430e-13,7.1231792124017589e-15,1.8874349136775195e-14,2.6567686480564371e-14,2.9298559038501650e-14,2.6567686480564374e-14,1.8874349136775195e-14,7.1231792124017589e-15
806,1.3004528538588005e-13,6.8908937164789134e-15,1.8258860263236317e-14,2.5701319364752366e-14,2.8343138696944857e-14,2.5701319364752363e-14,1.8258860263236314e-14,6.8908937164789134e-15
807,1.2580453379062408e-13,6.6661830056354874e-15,1.7663442362778673e-14,2.4863204312962176e-14,2.7418874427871398e-14,2.4863204312962176e-14,1.7663442362778673e-14,6.6661830056354867e-15
808,1.2170207228438825e-13,6.4488000675956097e-15,1.7087440924853429e-14,2.4052420030852261e-14,2.6524750237785655e-14,2.4052420030852261e-14,1.7087440924853429e-14,6.4488000675956089e-15
809,1.1773339125412605e-13,6.2385059451059350e-15,1.6530222782374100e-14,2.3268075267311309e-14,2.5659783264543352e-14,2.3268075267311309e-14,1.6530222782374100e-14,6.2385059451059334e-15
810,1.1389412814439976e-13,6.0350694732629162e-15,1.5991175415710386e-14,2.2509307834754304e-14,2.4823022696944568e-14,2.2509307834754304e-14,1.5991175415710386e-14,6.0350694732629154e-15
811,1.1018006266186060e-13,5.8382670254057844e-15,1.5469706279378622e-14,2.1775283661366575e-14,2.4013548729558642e-14,2.1775283661366575e-14,1.5469706279378622e-14,5.8382670254057844e-15
812,1.0658711213610920e-13,5.6478822672959136e-15,1.4965242150688731e-14,2.1065195874253930e-14,2.3230471551632050e-14,2.1065195874253927e-14,1.4965242150688731e-14,5.6478822672959128e-15
813,1.0311132703183804e-13,5.4637059193123386e-15,1.4477228499631636e-14,2.0378263912491156e-14,2.2472930368967781e-14,2.0378263912491156e-14,1.4477228499631636e-14,5.4637059193123386e-15
814,9.9748886607321850e-14,5.2855355264020460e-15,1.4005128879314571e-14,1.9713732669093792e-14,2.1740092457701032e-14,1.9713732669093792e-14,1.4005128879314573e-14,5.2855355264020460e-15
815,9.6496094714483743e-14,5.1131752355321293e-15,1.3548424336274156e-14,1.9070871660970026e-14,2.1031152248931124e-14,1.9070871660970026e-14,1.3548424336274156e-14,5.1131752355321293e-15
816,9.3349375735920507e-14,4.9464355803991904e-15,1.3106612840019038e-14,1.8448974225940351e-14,2.0345330443203360e-14,1.8448974225940351e-14,1.3106612840019038e-14,4.9464355803991904e-15
817,9.0305270654420669e-14,4.7851332731593279e-15,1.2679208731175054e-14,1.7847356745942206e-14,1.9681873153867498e-14,1.7847356745942206e-14,1.2679208731175054e-14,4.7851332731593279e-15
818,8.7360433250654719e-14,4.6290910029497673e-15,1.2265742187626279e-14,1.7265357895565776e-14,1.9040051078371075e-14,1.7265357895565773e-14,1.2265742187626279e-14,4.6290910029497673e-15
819,8.4511626424858063e-14,4.4781372409806633e-15,1.1865758708065069e-14,1.6702337915094913e-14,1.8419158696576787e-14,1.6702337915094913e-14,1.1865758708065069e-14,4.4781372409806625e-15
820,8.1755718638463171e-14,4.3321060519828201e-15,1.1478818612383501e-14,1.6157677907254033e-14,1.7818513495222472e-14,1.6157677907254029e-14,1.1478818612383499e-14,4.3321060519828193e-15
821,7.9089680471769216e-14,4.1908369118040632e-15,1.1104496558356887e-14,1.5630779156887954e-14,1.7237455217671417e-14,1.5630779156887954e-14,1.1104496558356887e-14,4.1908369118040632e-15
822,7.6510581293865780e-14,4.0541745309537661e-15,1.0742381074088211e-14,1.5121062472826882e-14,1.6675345138128074e-14,1.5121062472826882e-14,1.0742381074088209e-14,4.0541745309537661e-15
823,7.4015586041149354e-14,3.9219686839015431e-15,1.0392074105699384e-14,1.4627967551212995e-14,1.6131565359521514e-14,1.4627967551212995e-14,1.0392074105699384e-14,3.9219686839015431e-15
824,7.1601952100892035e-14,3.7940740439424900e-15,1.0053190579772283e-14,1.4150952359588873e-14,1.5605518134284739e-14,1.4150952359588873e-14,1.0053190579772283e-14,3.7940740439424900e-15
825,6.9267026296436305e-14,3.6703500234474312e-15,9.7253579800584415e-15,1.3689492541070657e-14,1.5096625207283252e-14,1.3689492541070657e-14,9.7253579800584415e-15,3.6703500234474312e-15
826,6.7008241970702171e-14,3.5506606193225770e-15,9.4082159379921758e-15,1.3243080837951017e-14,1.4604327180170620e-14,1.3243080837951017e-14,9.4082159379921758e-15,3.5506606193225774e-15
827,6.4823116164800328e-14,3.4348742635087142e-15,9.1014158365570081e-15,1.2811226534098318e-14,1.4128082896472246e-14,1.2811226534098318e-14,9.1014158365570097e-15,3.4348742635087150e-15
828,6.2709246888650549e-14,3.3228636783555838e-15,8.8046204270699235e-15,1.2393454915539034e-14,1.3667368846721474e-14,1.2393454915539034e-14,8.8046204270699235e-15,3.3228636783555838e-15
829,6.0664310480604341e-14,3.2145057367124753e-15,8.5175034584622003e-15,1.1989306748630463e-14,1.3221678592994068e-14,1.1989306748630463e-14,8.5175034584621987e-15,3.2145057367124753e-15
830,5.8686059053169979e-14,3.1096813265812404e-15,8.2397493186493478e-15,1.1598337775250147e-14,1.2790522212208505e-14,1.1598337775250144e-14,8.2397493186493478e-15,3.1096813265812404e-15
831,5.6772318022031907e-14,3.0082752201829456e-15,7.9710526875958876e-15,1.1220118224447035e-14,1.2373425757580173e-14,1.1220118224447035e-14,7.9710526875958876e-15,3.0082752201829456e-15
832,5.4920983715648410e-14,2.9101759472942334e-15,7.7111182016936245e-15,1.0854232340017649e-14,1.1969930737637398e-14,1.0854232340017649e-14,7.7111182016936245e-15,2.9101759472942337e-15
833,5.3130021062799708e-14,2.8152756727141638e-15,7.4596601290844798e-15,1.0500277923487863e-14,1.1579593612226693e-14,1.0500277923487862e-14,7.4596601290844798e-15,2.8152756727141638e-15
834,5.1397461355544713e-14,2.7234700777268327e-15,7.2164020555709806e-15,1.0157865891997969e-14,1.1201985304953153e-14,1.0157865891997969e-14,7.2164020555709806e-15,2.7234700777268327e-15
835,4.9721400085127453e-14,2.6346582454294811e-15,6.9810765807691536e-15,9.8266198506050361e-15,1.0836690731520104e-14,9.8266198506050377e-15,6.9810765807691544e-15,2.6346582454294815e-15
836,4.8099994848453950e-14,2.5487425498000222e-15,6.7534250241698145e-15,9.5061756785324057e-15,1.0483308343449468e-14,9.5061756785324041e-15,6.7534250241698153e-15,2.5487425498000222e-15
837,4.6531463322838694e-14,2.4656285483820605e-15,6.5331971407851275e-15,9.1961811289114848e-15,1.0141449686681350e-14,9.1961811289114848e-15,6.5331971407851275e-15,2.4656285483820609e-15
838,4.5014081306794089e-14,2.3852248784694320e-15,6.3201508460678982e-15,8.8962954415759199e-15,9.8107389745675843e-15,8.8962954415759199e-15,6.3201508460678997e-15,2.3852248784694320e-15
839,4.3546180824709434e-14,2.3074431566761418e-15,6.1140519498011752e-15,8.6061889684824483e-15,9.4908126747898999e-15,8.6061889684824499e-15,6.1140519498011775e-15,2.3074431566761426e-15
840,4.2126148293335995e-14,2.2321978817813140e-15,5.9146738986656698e-15,8.3255428113467184e-15,9.1813191097485861e-15,8.3255428113467199e-15,5.9146738986656722e-15,2.2321978817813148e-15
841,4.0752422748062580e-14,2.1594063407423418e-15,5.7217975272020047e-15,8.0540484710957336e-15,8.8819180699824172e-15,8.0540484710957336e-15,5.7217975272020063e-15,2.1594063407423422e-15
842,3.9423494127031950e-14,2.0889885177729348e-15,5.5352108168940268e-15,7.7914075087515753e-15,8.5922804401948762e-15,7.7914075087515769e-15,5.5352108168940268e-15,2.0889885177729348e-15
843,3.8137901611211854e-14,2.0208670063861108e-15,5.3547086631083715e-15,7.5373312173736560e-15,8.3120878374755813e-15,7.5373312173736560e-15,5.3547086631083715e-15,2.0208670063861108e-15
844,3.6894232018596061e-14,1.9549669243054526e-15,5.1800926496340881e-15,7.2915403046988580e-15,8.0410322613192642e-15,7.2915403046988580e-15,5.1800926496340881e-15,1.9549669243054530e-15
845,3.5691118250770127e-14,1.8912158311510892e-15,5.0111708305744733e-15,7.0537645861307284e-15,7.7788157550575384e-15,7.0537645861307300e-15,5.0111708305744741e-15,1.8912158311510892e-15
846,3.4527237790134390e-14,1.8295436488099200e-15,4.8477575193513790e-15,6.8237426877402332e-15,7.5251500783313269e-15,6.8237426877402332e-15,4.8477575193513806e-15,1.8295436488099204e-15
847,3.3401311246132263e-14,1.7698825844025552e-15,4.6896730845900430e-15,6.6012217589515858e-15,7.2797563902438902e-15,6.6012217589515858e-15,4.6896730845900430e-15,1.7698825844025556e-15
848,3.2312100948885635e-14,1.7121670557622849e-15,4.5367437526600782e-15,6.3859571945973597e-15,7.0423649428461859e-15,6.3859571945973597e-15,4.5367437526600782e-15,1.7121670557622849e-15
849,3.1258409588691666e-14,1.6563336193441659e-15,4.3888014166555630e-15,6.1777123660373114e-15,6.8127147846175935e-15,6.1777123660373114e-15,4.3888014166555630e-15,1.6563336193441663e-15
850,3.0239078899885316e-14,1.6023209004849820e-15,4.2456834516042553e-15,5.9762583610453710e-15,6.5905534736160957e-15,5.9762583610453710e-15,4.2456834516042553e-15,1.6023209004849820e-15
851,2.9252988387620696e-14,1.5500695259374086e-15,4.1072325357027889e-15,5.7813737321788737e-15,6.3756367999825585e-15,5.7813737321788721e-15,4.1072325357027889e-15,1.5500695259374086e-15
852,2.8299054096172125e-14,1.4995220586042293e-15,3.9732964773813691e-15,5.5928442533534102e-15,6.1677285174941084e-15,5.5928442533534102e-15,3.9732964773813691e-15,1.4995220586042293e-15
853,2.7376227417400369e-14,1.4506229344008552e-15,3.8437280480078472e-15,5.4104626843557391e-15,5.9666000838714859e-15,5.4104626843557384e-15,3.8437280480078472e-15,1.4506229344008550e-15
854,2.6483493938074738e-14,1.4033184011767442e-15,3.7183848200472790e-15,5.2340285430358742e-15,5.7720304095549428e-15,5.2340285430358734e-15,3.7183848200472790e-15,1.4033184011767442e-15
855,2.5619872324783731e-14,1.3575564596285849e-15,3.5971290104990834e-15,5.0633478849279503e-15,5.5838056146724992e-15,5.0633478849279495e-15,3.5971290104990818e-15,1.3575564596285845e-15
856,2.4784413245208536e-14,1.3132868061402849e-15,3.4798273294396643e-15,4.8982330900576115e-15,5.4017187939334158e-15,4.8982330900576115e-15,3.4798273294396643e-15,1.3132868061402847e-15
857,2.3976198324573568e-14,1.2704607774869406e-15,3.3663508335040505e-15,4.7385026567015646e-15,5.2255697891884541e-15,4.7385026567015646e-15,3.3663508335040497e-15,1.2704607774869404e-15
858,2.3194339136126972e-14,1.2290312973419966e-15,3.2565747841454498e-15,4.5839810018725947e-15,5.0551649694068931e-15,4.5839810018725939e-15,3.2565747841454498e-15,1.2290312973419964e-15
859,2.2437976224541420e-14,1.1889528245287984e-15,3.1503785105169508e-15,4.4344982683107278e-15,4.8903170178284654e-15,4.4344982683107286e-15,3.1503785105169504e-15,1.1889528245287982e-15
860,2.1706278161161482e-14,1.1501813029596506e-15,3.0476452768246086e-15,4.2898901377683779e-15,4.7308447260562076e-15,4.2898901377683764e-15,3.0476452768246082e-15,1.1501813029596506e-15
861,2.0998440630059329e-14,1.1126741132073543e-15,2.9482621540061350e-15,4.1499976503842135e-15,4.5765727948639251e-15,4.1499976503842135e-15,2.9482621540061350e-15,1.1126741132073543e-15
862,2.0313685543893931e-14,1.0763900256559845e-15,2.8521198955941135e-15,4.0146670299472323e-15,4.4273316414992718e-15,4.0146670299472331e-15,2.8521198955941135e-15,1.0763900256559845e-15
863,1.9651260188601891e-14,1.0412891551794155e-15,2.7591128176272924e-15,3.8837495148589163e-15,4.2829572132706420e-15,3.8837495148589171e-15,2.7591128176272924e-15,1.0412891551794155e-15
864,1.9010436395979785e-14,1.0073329172977664e-15,2.6691386824779486e-15,3.7571011946076932e-15,4.1432908072129664e-15,3.7571011946076940e-15,2.6691386824779486e-15,1.0073329172977664e-15
865,1.8390509743248416e-14,9.7448398576358115e-16,2.5820985864676183e-15,3.6345828515759306e-15,4.0081788956341588e-15,3.6345828515759306e-15,2.5820985864676183e-15,9.7448398576358115e-16
866,1.7790798778719143e-14,9.4270625153111056e-16,2.4978968511476557e-15,3.5160598080055705e-15,3.8774729573504676e-15,3.5160598080055705e-15,2.4978968511476565e-15,9.4270625153111056e-16
867,1.7210644272711011e-14,9.1196478306360055e-16,2.4164409181251164e-15,3.4014017779541860e-15,3.7510293144252058e-15,3.4014017779541860e-15,2.4164409181251164e-15,9.1196478306360075e-16
868,1.6649408492895443e-14,8.8222578793495316e-16,2.3376412473183376e-15,3.2904827240787281e-15,3.6287089742314057e-15,3.2904827240787281e-15,2.3376412473183380e-15,8.8222578793495336e-16
869,1.6106474503271694e-14,8.5345657568354669e-16,2.2614112185303987e-15,3.1831807190895165e-15,3.5103774766647719e-15,3.1831807190895165e-15,2.2614112185303987e-15,8.5345657568354669e-16
870,1.5581245486002643e-14,8.2562552187738777e-16,2.1876670362322386e-15,3.0793778117221985e-15,3.3959047463389925e-15,3.0793778117221981e-15,2.1876670362322390e-15,8.2562552187738797e-16
871,1.5073144085365360e-14,7.9870203335109214e-16,2.1163276374507887e-15,2.9789598970803294e-15,3.2851649496009395e-15,2.9789598970803294e-15,2.1163276374507887e-15,7.9870203335109234e-16
872,1.4581611773095340e-14,7.7265651457647917e-16,2.0473146026608457e-15,2.8818165912060616e-15,3.1780363562085658e-15,2.8818165912060616e-15,2.0473146026608461e-15,7.7265651457647937e-16
873,1.4106108234426715e-14,7.4746033512981619e-16,1.9805520695827528e-15,2.7878411097410554e-15,3.0744012055194631e-15,2.7878411097410554e-15,1.9805520695827532e-15,7.4746033512981639e-16
874,1.3646110774153588e-14,7.2308579821994902e-16,1.9159666497911136e-15,2.6969301505442345e-15,2.9741455770429908e-15,2.6969301505442349e-15,1.9159666497911140e-15,7.2308579821994922e-16
875,1.3201113742059604e-14,6.9950611024272433e-16,1.8534873480428848e-15,2.6089837801373590e-15,2.8771592652136655e-15,2.6089837801373598e-15,1.8534873480428852e-15,6.9950611024272443e-16
876,1.2770627977084123e-14,6.7669535132823605e-16,1.7930454842361628e-15,2.5239053238535777e-15,2.7833356582481710e-15,2.5239053238535777e-15,1.7930454842361632e-15,6.7669535132823605e-16
877,1.2354180269614060e-14,6.5462844684852073e-16,1.7345746179138791e-15,2.4416012595682204e-15,2.6925716209528185e-15,2.4416012595682208e-15,1.7345746179138793e-15,6.5462844684852083e-16
878,1.1951312841310239e-14,6.3328113985438160e-16,1.6780104752294143e-15,2.3619811148950081e-15,2.6047673813526302e-15,2.3619811148950085e-15,1.6780104752294149e-15,6.3328113985438170e-16
879,1.1561582841896569e-14,6.1262996441104193e-16,1.6232908782938534e-15,2.2849573677346739e-15,2.5198264210174294e-15,2.2849573677346743e-15,1.6232908782938534e-15,6.1262996441104203e-16
880,1.1184561862358770e-14,5.9265221980331752e-16,1.5703556768272063e-15,2.2104453500666748e-15,2.4376553689643727e-15,2.2104453500666748e-15,1.5703556768272067e-15,5.9265221980331772e-16
881,1.0819835464017635e-14,5.7332594558195465e-16,1.5191466820384780e-15,2.1383631548782343e-15,2.3581638990203000e-15,2.1383631548782343e-15,1.5191466820384780e-15,5.7332594558195465e-16
882,1.0467002722959095e-14,5.5462989742370051e-16,1.4696076026618871e-15,2.0686315461284170e-15,2.2812646305310851e-15,2.0686315461284174e-15,1.4696076026618871e-15,5.5462989742370051e-16
883,1.0125675789320353e-14,5.3654352377857333e-16,1.4216839830789398e-15,2.0011738716482517e-15,2.2068730323088233e-15,2.0011738716482517e-15,1.4216839830789402e-15,5.3654352377857333e-16
884,9.7954794609475967e-15,5.1904694327865993e-16,1.3753231434583250e-15,1.9359159788811653e-15,2.1349073297112938e-15,1.9359159788811653e-15,1.3753231434583250e-15,5.1904694327866003e-16
885,9.4760507709566458e-15,5.0212092288360836e-16,1.3304741218478374e-15,1.8727861333711084e-15,2.0652884147515376e-15,1.8727861333711088e-15,1.3304741218478374e-15,5.0212092288360836e-16
886,9.1670385887431996e-15,4.8574685673879087e-16,1.2870876181546737e-15,1.8117149399087646e-15,1.9979397591387425e-15,1.8117149399087646e-15,1.2870876181546737e-15,4.8574685673879087e-16
887,8.8681032340040230e-15,4.6990674572289958e-16,1.2451159399525178e-15,1.7526352662491661e-15,1.9327873301548543e-15,1.7526352662491661e-15,1.2451159399525180e-15,4.6990674572289968e-16
888,8.5789161033448390e-15,4.5458317766248997e-16,1.2045129500558492e-15,1.6954821693168639e-15,1.8697595092744313e-15,1.6954821693168641e-15,1.2045129500558494e-15,4.5458317766248997e-16
889,8.2991593090644897e-15,4.3975930819172432e-16,1.1652340158038395e-15,1.6401928238175368e-15,1.8087870134382886e-15,1.6401928238175364e-15,1.1652340158038393e-15,4.3975930819172432e-16
890,8.0285253297182429e-15,4.2541884223627643e-16,1.1272359599980946e-15,1.5867064531775530e-15,1.7498028188943963e-15,1.5867064531775528e-15,1.1272359599980946e-15,4.2541884223627643e-16
891,7.7667166720761848e-15,4.1154601610104056e-16,1.0904770134403069e-15,1.5349642627355896e-15,1.6927420875223113e-15,1.5349642627355896e-15,1.0904770134403069e-15,4.1154601610104056e-16
892,7.5134455441050640e-15,3.9812558014195866e-16,1.0549167690176431e-15,1.4849093751128535e-15,1.6375420955601530e-15,1.4849093751128535e-15,1.0549167690176429e-15,3.9812558014195866e-16
893,7.2684335386141511e-15,3.8514278200291486e-16,1.0205161372854018e-15,1.4364867676908688e-15,1.5841421646557793e-15,1.4364867676908688e-15,1.0205161372854020e-15,3.8514278200291486e-16
894,7.0314113272173446e-15,3.7258335039927201e-16,9.8723730349811093e-16,1.3896432121281034e-15,1.5324835951663721e-15,1.3896432121281036e-15,9.8723730349811093e-16,3.7258335039927201e-16
895,6.8021183642751020e-15,3.6043347943022341e-16,9.5504368604183042e-16,1.3443272158489429e-15,1.4825096016331083e-15,1.3443272158489433e-15,9.5504368604183042e-16,3.6043347943022341e-16
896,6.5803026004907752e-15,3.4867981340271706e-16,9.2389989622197444e-16,1.3004889654407014e-15,1.4341652503599898e-15,1.3004889654407014e-15,9.2389989622197444e-16,3.4867981340271706e-16
897,6.3657202058465160e-15,3.3730943215026695e-16,8.9377169936243948e-16,1.2580802718964428e-15,1.3873973990282169e-15,1.2580802718964428e-15,8.9377169936243948e-16,3.3730943215026695e-16
898,6.1581353015741778e-15,3.2630983683051653e-16,8.6462597717328709e-16,1.2170545176434231e-15,1.3421546382797234e-15,1.2170545176434231e-15,8.6462597717328709e-16,3.2630983683051653e-16
899,5.9573197008666075e-15,3.1566893618594011e-16,8.3643069134560495e-16,1.1773666052989269e-15,1.2983872352056638e-15,1.1773666052989269e-15,8.3643069134560505e-16,3.1566893618594016e-16
900,5.7630526580442844e-15,3.0537503325258065e-16,8.0915484833353623e-16,1.1389729080971619e-15,1.2560470786777266e-15,1.1389729080971621e-15,8.0915484833353633e-16,3.0537503325258065e-16
901,5.5751206259015864e-15,2.9541681250221242e-16,7.8276846528475766e-16,1.1018312219327297e-15,1.2150876264621868e-15,1.1018312219327297e-15,7.8276846528475766e-16,2.9541681250221242e-16
902,5.3933170209659495e-15,2.8578332740379592e-16,7.5724253708195913e-16,1.0659007189679417e-15,1.1754638540585561e-15,1.0659007189679417e-15,7.5724253708195933e-16,2.8578332740379592e-16
903,5.2174419964118814e-15,2.7646398839055092e-16,7.3254900445909427e-16,1.0311419027529974e-15,1.1371322052065954e-15,1.0311419027529974e-15,7.3254900445909447e-16,2.7646398839055102e-16
904,5.0473022223801979e-15,2.6744855121942104e-16,7.0866072315735329e-16,9.9751656480968209e-16,1.1000505440072851e-15,9.9751656480968229e-16,7.0866072315735338e-16,2.6744855121942109e-16
905,4.8827106734610261e-15,2.5872710571013376e-16,6.8555143408695455e-16,9.6498774263086427e-16,1.0641781086051200e-15,9.6498774263086447e-16,6.8555143408695474e-16,2.5872710571013381e-16
906,4.7234864231069149e-15,2.5029006485147806e-16,6.6319573446195346e-16,9.3351967904961715e-16,1.0294754663808166e-15,9.3351967904961735e-16,6.6319573446195346e-16,2.5029006485147806e-16
907,4.5694544447501229e-15,2.4212815426282348e-16,6.4156904987634020e-16,9.0307778293330974e-16,9.9590447060517608e-16,9.0307778293330974e-16,6.4156904987634020e-16,2.4212815426282348e-16
908,4.4204454194054209e-15,2.3423240199929738e-16,6.2064760729073026e-16,8.7362859115945328e-16,9.6342821850645880e-16,8.7362859115945338e-16,6.2064760729073036e-16,2.3423240199929743e-16
909,4.2762955495469245e-15,2.2659412868941380e-16,6.0040840889995370e-16,8.4513973183150922e-16,9.3201101070517139e-16,8.4513973183150922e-16,6.0040840889995380e-16,2.2659412868941385e-16
910,4.1368463790543806e-15,2.1920493799431148e-16,5.8082920685281788e-16,8.1757988869422131e-16,9.0161831197167910e-16,8.1757988869422131e-16,5.8082920685281798e-16,2.1920493799431152e-16
911,4.0019446190309558e-15,2.1205670737811489e-16,5.6188847879625271e-16,7.9091876670935870e-16,8.7221671326350287e-16,7.9091876670935870e-16,5.6188847879625301e-16,2.1205670737811496e-16
912,3.8714419793010859e-15,2.0514157917927203e-16,5.4356540421695794e-16,7.6512705875402537e-16,8.4377389500057537e-16,7.6512705875402517e-16,5.4356540421695794e-16,2.0514157917927208e-16
913,3.7451950054031398e-15,1.9845195197305353e-16,5.2583984155454312e-16,7.4017641340493240e-16,8.1625859153808198e-16,7.4017641340493240e-16,5.2583984155454321e-16,1.9845195197305358e-16
914,3.6230649208977269e-15,1.9198047221571995e-16,5.0869230606100576e-16,7.1603940377321973e-16,7.8964055679783614e-16,7.1603940377321973e-16,5.0869230606100586e-16,1.9198047221572000e-16
915,3.5049174748182912e-15,1.8572002616117035e-16,4.9210394838220527e-16,6.9268949735556560e-16,7.6389053102040931e-16,6.9268949735556560e-16,4.9210394838220537e-16,1.8572002616117040e-16
916,3.3906227940963249e-15,1.7966373204118774e-16,4.7605653383779314e-16,6.7010102686844841e-16,7.3898020860146616e-16,6.7010102686844841e-16,4.7605653383779324e-16,1.7966373204118779e-16
917,3.2800552407989520e-15,1.7380493250068526e-16,4.6053242237681855e-16,6.4824916203349605e-16,7.1488220697695257e-16,6.4824916203349605e-16,4.6053242237681855e-16,1.7380493250068531e-16
918,3.1730932740219843e-15,1.6813718727963730e-16,4.4551454918697943e-16,6.2710988228291018e-16,6.9157003652293020e-16,6.2710988228291018e-16,4.4551454918697943e-16,1.6813718727963735e-16
919,3.0696193162865979e-15,1.6265426613365168e-16,4.3098640593620088e-16,6.0665995035496048e-16,6.6901807143697199e-16,6.0665995035496048e-16,4.3098640593620088e-16,1.6265426613365171e-16
920,2.9695196242928089e-15,1.5735014198540043e-16,4.1693202262592338e-16,5.8687688675052589e-16,6.4720152156910978e-16,5.8687688675052589e-16,4.1693202262592338e-16,1.5735014198540045e-16
921,2.8726841638876375e-15,1.5221898429938102e-16,4.0333595003615024e-16,5.6773894502260237e-16,6.2609640517136989e-16,5.6773894502260237e-16,4.0333595003615024e-16,1.5221898429938105e-16
922,2.7790064891105412e-15,1.4725515267272572e-16,3.9018324274295986e-16,5.4922508787161507e-16,6.0567952253593971e-16,5.4922508787161507e-16,3.9018324274295986e-16,1.4725515267272577e-16
923,2.6883836251831588e-15,1.4245319063501291e-16,3.7745944268981298e-16,5.3131496402025827e-16,5.8592843049299017e-16,5.3131496402025827e-16,3.7745944268981298e-16,1.4245319063501293e-16
924,2.6007159553147253e-15,1.3780781965026573e-16,3.6515056329459684e-16,5.1398888584244122e-16,5.6682141774011748e-16,5.1398888584244132e-16,3.6515056329459688e-16,1.3780781965026573e-16
925,2.5159071111987495e-15,1.3331393331454422e-16,3.5324307407493529e-16,4.9722780772175106e-16,5.4833748097628875e-16,4.9722780772175116e-16,3.5324307407493529e-16,1.3331393331454422e-16
926,2.4338638670805715e-15,1.2896659174275287e-16,3.4172388577486439e-16,4.8101330511564129e-16,5.3045630181405420e-16,4.8101330511564129e-16,3.4172388577486444e-16,1.2896659174275292e-16
927,2.3544960372793495e-15,1.2476101613849349e-16,3.3058033597652488e-16,4.6532755430233275e-16,5.1315822444464741e-16,4.6532755430233265e-16,3.3058033597652488e-16,1.2476101613849352e-16
928,2.2777163770518486e-15,1.2069258354099372e-16,3.1980017518105384e-16,4.5015331278816519e-16,4.9642423403142289e-16,4.5015331278816519e-16,3.1980017518105384e-16,1.2069258354099374e-16
929,2.2034404866890282e-15,1.1675682174333759e-16,3.0937155334337627e-16,4.3547390035386066e-16,4.8023593580787909e-16,4.3547390035386066e-16,3.0937155334337632e-16,1.1675682174333761e-16
930,2.1315867187400312e-15,1.1294940437641137e-16,2.9928300684609437e-16,4.2127318071886425e-16,4.6457553485729118e-16,4.2127318071886425e-16,2.9928300684609442e-16,1.1294940437641140e-16
931,2.0620760882615751e-15,1.0926614615316104e-16,2.8952344589815570e-16,4.0753554380360805e-16,4.4942581655172564e-16,4.0753554380360805e-16,2.8952344589815570e-16,1.0926614615316104e-16
932,1.9948321859940966e-15,1.0570299826793366e-16,2.8008214234444818e-16,3.9424588857019878e-16,4.3477012762893531e-16,3.9424588857019883e-16,2.8008214234444818e-16,1.0570299826793366e-16
933,1.9297810943692021e-15,1.0225604394584525e-16,2.7094871787292253e-16,3.8138960642266685e-16,4.2059235788633266e-16,3.8138960642266690e-16,2.7094871787292258e-16,1.0225604394584525e-16
934,1.8668513062561021e-15,9.8921494137282994e-17,2.6211313260627732e-16,3.6895256514853091e-16,4.0687692247191974e-16,3.6895256514853096e-16,2.6211313260627728e-16,9.8921494137282994e-17
935,1.8059736463577071e-15,9.5695683352808862e-17,2.5356567406566721e-16,3.5692109338402434e-16,3.9360874475270663e-16,3.5692109338402434e-16,2.5356567406566721e-16,9.5695683352808850e-17
936,1.7470811951699821e-15,9.2575065633886167e-17,2.4529694649430314e-16,3.4528196558590761e-16,3.8077323974178845e-16,3.4528196558590761e-16,2.4529694649430314e-16,9.2575065633886167e-17
937,1.6901092154209706e-15,8.9556210655000047e-17,2.3729786052920682e-16,3.3402238749334775e-16,3.6835629806586128e-16,3.3402238749334775e-16,2.3729786052920682e-16,8.9556210655000047e-17
938,1.6349950809086286e-15,8.6635799952886977e-17,2.2955962320976818e-16,3.2312998206388169e-16,3.5634427045555476e-16,3.2312998206388169e-16,2.2955962320976823e-16,8.6635799952886977e-17
939,1.5816782076592442e-15,8.3810623278728405e-17,2.2207372831212135e-16,3.1259277586800654e-16,3.4472395274153164e-16,3.1259277586800654e-16,2.2207372831212135e-16,8.3810623278728405e-17
940,1.5300999873307676e-15,8.1077575069298616e-17,2.1483194699871491e-16,3.0239918592743901e-16,3.3348257133986248e-16,3.0239918592743901e-16,2.1483194699871491e-16,8.1077575069298616e-17
941,1.4802037227878421e-15,7.8433651033187825e-17,2.0782631877279797e-16,2.9253800698257635e-16,3.2260776921071783e-16,2.9253800698257635e-16,2.0782631877279797e-16,7.8433651033187825e-17
942,1.4319345657777261e-15,7.5875944848347879e-17,2.0104914272787834e-16,2.8299839917516349e-16,3.1208759227494656e-16,2.8299839917516349e-16,2.0104914272787834e-16,7.5875944848347879e-17
943,1.3852394566385875e-15,7.3401644967330244e-17,1.9449296908253471e-16,2.7376987613262601e-16,3.0191047627360570e-16,2.7376987613262601e-16,1.9449296908253471e-16,7.3401644967330257e-17
944,1.3400670659739011e-15,7.1008031526704762e-17,1.8815059099127645e-16,2.6484229344096982e-16,2.9206523405599895e-16,2.6484229344096987e-16,1.8815059099127645e-16,7.1008031526704774e-17
945,1.2963677382288306e-15,6.8692473357261468e-17,1.8201503662245008e-16,2.5620583749357881e-16,2.8254104328224967e-16,2.5620583749357881e-16,1.8201503662245008e-16,6.8692473357261468e-17
946,1.2540934371065753e-15,6.6452425091709229e-17,1.7607956149448330e-16,2.4785101470364970e-16,2.7332743452689079e-16,2.4785101470364970e-16,1.7607956149448330e-16,6.6452425091709229e-17
947,1.2131976927646799e-15,6.4285424366691844e-17,1.7033764106204310e-16,2.3976864106840801e-16,2.6441427977039406e-16,2.3976864106840801e-16,1.7033764106204310e-16,6.4285424366691856e-17
948,1.1736355507332605e-15,6.2189089116045718e-17,1.6478296354395729e-16,2.3194983207363294e-16,2.5579178126598837e-16,2.3194983207363294e-16,1.6478296354395729e-16,6.2189089116045731e-17
949,1.1353635224989973e-15,6.0161114952323968e-17,1.5940942298501660e-16,2.2438599292739337e-16,2.4745046076952930e-16,2.2438599292739337e-16,1.5940942298501657e-16,6.0161114952323955e-17
950,1.0983395377005767e-15,5.8199272633708481e-17,1.5421111254402965e-16,2.1706880911226017e-16,2.3938114912058003e-16,2.1706880911226013e-16,1.5421111254402967e-16,5.8199272633708494e-17
951,1.0625228978830275e-15,5.6301405613525566e-17,1.4918231800075359e-16,2.0999023724560882e-16,2.3157497616325160e-16,2.0999023724560882e-16,1.4918231800075356e-16,5.6301405613525566e-17
952,1.0278742317601210e-15,5.4465427669671271e-17,1.4431751147456195e-16,2.0314249623796603e-16,2.2402336099572245e-16,2.0314249623796603e-16,1.4431751147456198e-16,5.4465427669671271e-17
953,9.9435545193565412e-16,5.2689320611340835e-17,1.3961134534794608e-16,1.9651805873968073e-16,2.1671800253771893e-16,1.9651805873968073e-16,1.3961134534794608e-16,5.2689320611340841e-17
954,9.6192971303604566e-16,5.0971132060541144e-17,1.3505864638816957e-16,1.9010964286651756e-16,2.0965087040558929e-16,1.9010964286651756e-16,1.3505864638816957e-16,5.0971132060541144e-17
955,9.3056137120821762e-16,4.9308973305947701e-17,1.3065441006061463e-16,1.8391020419507715e-16,2.0281419608493881e-16,1.8391020419507715e-16,1.3065441006061460e-16,4.9308973305947701e-17
956,9.0021594493824462e-16,4.7701017226746877e-17,1.2639379502756906e-16,1.7791292801924430e-16,1.9620046439112420e-16,1.7791292801924428e-16,1.2639379502756906e-16,4.7701017226746871e-17
957,8.7086007714769857e-16,4.6145496284181250e-17,1.2227211782640681e-16,1.7211122185915159e-16,1.8980240520821925e-16,1.7211122185915159e-16,1.2227211782640681e-16,4.6145496284181250e-17
958,8.4246149852602534e-16,4.4640700578590308e-17,1.1828484772131186e-16,1.6649870821442469e-16,1.8361298549737157e-16,1.6649870821442471e-16,1.1828484772131186e-16,4.4640700578590308e-17
959,8.1498899205864439e-16,4.3184975969810637e-17,1.1442760172288655e-16,1.6106921755374254e-16,1.7762540156576495e-16,1.6106921755374254e-16,1.1442760172288652e-16,4.3184975969810631e-17
960,7.8841235871178077e-16,4.1776722258869494e-17,1.1069613977016945e-16,1.5581678153300671e-16,1.7183307158768957e-16,1.5581678153300673e-16,1.1069613977016943e-16,4.1776722258869488e-17
961,7.6270238423630831e-16,4.0414391428973038e-17,1.0708636006976676e-16,1.5073562643466512e-16,1.6622962836949852e-16,1.5073562643466515e-16,1.0708636006976673e-16,4.0414391428973032e-17
962,7.3783080705411201e-16,3.9096485943855582e-17,1.0359429458697357e-16,1.4582016682097796e-16,1.6080891235049781e-16,1.4582016682097796e-16,1.0359429458697357e-16,3.9096485943855570e-17
963,7.1377028719167136e-16,3.7821557101619284e-17,1.0021610468392903e-16,1.4106499939424939e-16,1.5556496483207592e-16,1.4106499939424939e-16,1.0021610468392901e-16,3.7821557101619272e-17
964,6.9049437622671244e-16,3.6588203442254930e-17,9.6948076900010173e-17,1.3646489705727608e-16,1.5049202142763014e-16,1.3646489705727608e-16,9.6948076900010148e-17,3.6588203442254918e-17
965,6.6797748821489486e-16,3.5395069207093027e-17,9.3786618869826501e-17,1.3201480316748312e-16,1.4558450572608966e-16,1.3201480316748312e-16,9.3786618869826477e-17,3.5395069207093021e-17
966,6.4619487156457265e-16,3.4240842848492000e-17,9.0728255374327839e-17,1.2770982597843162e-16,1.4083702316206969e-16,1.2770982597843162e-16,9.0728255374327827e-17,3.4240842848492000e-17
967,6.2512258182871380e-16,3.3124255588125098e-17,8.7769624520684848e-17,1.2354523326258757e-16,1.3624435508591886e-16,1.2354523326258755e-16,8.7769624520684848e-17,3.3124255588125098e-17
968,6.0473745538407232e-16,3.2044080022281319e-17,8.4907474046742892e-17,1.1951644710944127e-16,1.3180145302714139e-16,1.1951644710944127e-16,8.4907474046742880e-17,3.2044080022281319e-17
969,5.8501708396867384e-16,3.0999128772647212e-17,8.2138657745986968e-17,1.1561903889325903e-16,1.2750343314488738e-16,1.1561903889325906e-16,8.2138657745986968e-17,3.0999128772647206e-17
970,5.6593979004963170e-16,2.9988253181086373e-17,7.9460132009087780e-17,1.1184872440493551e-16,1.2334557085941229e-16,1.1184872440493551e-16,7.9460132009087780e-17,2.9988253181086373e-17
971,5.4748460299421222e-16,2.9010342046982009e-17,7.6868952478227398e-17,1.0820135914259531e-16,1.1932329565860287e-16,1.0820135914259531e-16,7.6868952478227386e-17,2.9010342046982002e-17
972,5.2963123601795821e-16,2.8064320405754414e-17,7.4362270810526625e-17,1.0467293375576735e-16,1.1543218607386150e-16,1.0467293375576735e-16,7.4362270810526625e-17,2.8064320405754408e-17
973,5.1236006388452839e-16,2.7149148347210873e-17,7.1937331547016525e-17,1.0125956963812366e-16,1.1166796481982621e-16,1.0125956963812369e-16,7.1937331547016513e-17,2.7149148347210873e-17
974,4.9565210133274115e-16,2.6263819872428838e-17,6.9591469083711934e-17,9.7957514663938250e-17,1.0802649409258306e-16,9.7957514663938250e-17,6.9591469083711934e-17,2.6263819872428838e-17
975,4.7948898220710898e-16,2.5407361787915981e-17,6.7322104741457956e-17,9.4763139063579038e-17,1.0450377102120308e-16,9.4763139063579026e-17,6.7322104741457943e-17,2.5407361787915981e-17
976,4.6385293926892158e-16,2.4578832635831476e-17,6.5126743931327991e-17,9.1672931433499359e-17,1.0109592326760391e-16,9.1672931433499335e-17,6.5126743931327979e-17,2.4578832635831473e-17
977,4.4872678466568487e-16,2.3777321659092526e-17,6.3002973412457680e-17,8.8683494876342804e-17,9.7799204769898841e-17,8.8683494876342792e-17,6.3002973412457680e-17,2.3777321659092526e-17
978,4.3409389103744947e-16,2.3001947800228595e-17,6.0948458639300360e-17,8.5791543266918594e-17,9.4609991624554412e-17,8.5791543266918582e-17,6.0948458639300360e-17,2.3001947800228595e-17
979,4.1993817323925695e-16,2.2251858732882787e-17,5.8960941195387940e-17,8.2993897639942551e-17,9.1524778102830342e-17,8.2993897639942551e-17,5.8960941195387927e-17,2.2251858732882787e-17
980,4.0624407065961337e-16,2.1526229924895804e-17,5.7038236310776379e-17,8.0287482695573389e-17,8.8540172797122191e-17,8.0287482695573389e-17,5.7038236310776379e-17,2.1526229924895801e-17
981,3.9299653011555531e-16,2.0824263731942525e-17,5.5178230460446834e-17,7.7669323418902628e-17,8.5652894892971388e-17,7.7669323418902628e-17,5.5178230460446822e-17,2.0824263731942519e-17
982,3.8018098930550334e-16,2.0145188520724944e-17,5.3378879041022371e-17,7.5136541809682323e-17,8.2859770562644067e-17,7.5136541809682298e-17,5.3378879041022371e-17,2.0145188520724941e-17
983,3.6778336080171472e-16,1.9488257820757620e-17,5.1638204123246612e-17,7.2686353718695775e-17,8.0157729476314683e-17,7.2686353718695775e-17,5.1638204123246606e-17,1.9488257820757617e-17
984,3.5579001656473993e-16,1.8852749503813194e-17,4.9954292277753528e-17,7.0316065787293631e-17,7.7543801427019270e-17,7.0316065787293619e-17,4.9954292277753521e-17,1.8852749503813194e-17
985,3.4418777296285934e-16,1.8237964990126104e-17,4.8325292471738508e-17,6.8023072486730911e-17,7.5015113065668269e-17,6.8023072486730911e-17,4.8325292471738508e-17,1.8237964990126104e-17
986,3.3296387628003251e-16,1.7643228480481767e-17,4.6749414034218550e-17,6.5804853254050920e-17,7.2568884742529993e-17,6.5804853254050932e-17,4.6749414034218556e-17,1.7643228480481770e-17
