t,f_total,k_0,k_1,k_2,k_3,k_4,k_5,k_6
1,0.0000000000000000e+00,0.0000000000000000e+00,0.0000000000000000e+00,0.0000000000000000e+00,0.0000000000000000e+00,0.0000000000000000e+00,0.0000000000000000e+00,0.0000000000000000e+00
2,0.0000000000000000e+00,0.0000000000000000e+00,0.0000000000000000e+00,0.0000000000000000e+00,0.0000000000000000e+00,0.0000000000000000e+00,0.0000000000000000e+00,0.0000000000000000e+00
3,1.0376530218265133e-06,0.0000000000000000e+00,0.0000000000000000e+00,0.0000000000000000e+00,1.0376530218265133e-06,0.0000000000000000e+00,0.0000000000000000e+00,0.0000000000000000e+00
4,6.2612283484580119e-05,0.0000000000000000e+00,0.0000000000000000e+00,5.5855532939975902e-05,6.5948852488440861e-06,1.6186529576012759e-07,0.0000000000000000e+00,0.0000000000000000e+00
5,6.1763046269340180e-04,0.0000000000000000e+00,4.2820849036333112e-04,1.6950415502518961e-04,1.9165716777181866e-05,7.4368904270301101e-07,8.4114849961889514e-09,0.0000000000000000e+00
6,2.3196326817421786e-03,8.6360263213606863e-04,1.0806610924416864e-03,3.3394452904242486e-04,3.9396522572953728e-05,1.9860317474193768e-06,4.1588155129025665e-08,2.8564649689459416e-10
7,4.5477646953245516e-03,2.0999057795221348e-03,1.8460501679547808e-03,5.3073473788778423e-04,6.6886873633053659e-05,4.0651646468002686e-06,1.2049980692808403e-07,1.4718730694224813e-09
8,6.9067248223714248e-03,3.4288277248461464e-03,2.6253148139996577e-03,7.4459358699828818e-04,1.0062606084132602e-04,7.0907974721591872e-06,2.6741418447173697e-07,4.4240293758220210e-09
9,9.1440699852400435e-03,4.6682898396796964e-03,3.3612638950196528e-03,9.6346923979401613e-04,1.3941881576478936e-04,1.1114724184389008e-05,5.0332868173605361e-07,1.0142115764475496e-08
10,1.1137995793291300e-02,5.7373795889999598e-03,4.0226588153807058e-03,1.1788807863236366e-03,1.8206830547824363e-04,1.6142450519679399e-05,8.4619827132680428e-07,1.9648317747070645e-08
11,1.2843080196889985e-02,6.6107484575341144e-03,4.5962452637130016e-03,1.3851252105042387e-03,2.2747402795661413e-04,2.2143461829560378e-05,1.3098801555430187e-06,3.3895196911378821e-08
12,1.4257043025625872e-02,7.2931811471612694e-03,5.0795798559243235e-03,1.5785988180725638e-03,2.7466588583338446e-04,2.9059966020988616e-05,1.9036528937266759e-06,5.3699719615349198e-08
13,1.5399292949595937e-02,7.8033049509914449e-03,5.4764413490860460e-03,1.7572108980904539e-03,3.2280980553094676e-04,3.6814073252932532e-05,2.6321705031522925e-06,7.9702140961905623e-08
14,1.6298670662297388e-02,8.1647647641741299e-03,5.7938447297806806e-03,1.9199399039844798e-03,3.7119949818561413e-04,4.5313698252880515e-05,3.4957217666096674e-06,1.1234615299119013e-07
15,1.6986659936339923e-02,8.4016059116584357e-03,6.0402070876610873e-03,2.0665037855695650e-03,4.1924316953174533e-04,5.4457419602566367e-05,4.4906865010948856e-06,1.5187581543001464e-07
16,1.7493855951800304e-02,8.5360850833676571e-03,6.2242543962562858e-03,2.1971202827915717e-03,4.6644925205802069e-04,6.4138489563038059e-05,5.6101029260367380e-06,1.9834483769529442e-07
17,1.7848287333825881e-02,8.5877934868357920e-03,6.3544024152462726e-03,2.3123343711523876e-03,5.1241300896671081e-04,7.4248135729021363e-05,6.8442816387839963e-06,2.5163425691218870e-07
18,1.8074769207936190e-02,8.5734652272344437e-03,6.4384329021909062e-03,2.4128952614638566e-03,5.5680466285579764e-04,8.4678258955267594e-05,8.1814200236796741e-06,3.1147521223701187e-07
19,1.8194807879388653e-02,8.5071196941535962e-03,6.4833501673839423e-03,2.4996696042456218e-03,5.9935914623903070e-04,9.5323607343821267e-05,9.6081858198500332e-06,3.7747420278796182e-07
20,1.8226783480726878e-02,8.4003476382906051e-03,6.4953446256297833e-03,2.5735810029235344e-03,6.3986733367621222e-04,1.0608349118419563e-04,1.1110250163248756e-05,4.4913885929363255e-07
21,1.8186256880262135e-02,8.2626408414159490e-03,6.4798171971828774e-03,2.6355685451010351e-03,6.7816853964088963e-04,1.1686309497380857e-04,1.2672759127192381e-05,5.2590282038056913e-07
22,1.8086316711170534e-02,8.1017154361077443e-03,6.4414358802105309e-03,2.6865590051599157e-03,7.1414406446678261e-04,1.2757443733917134e-04,1.4280739116545490e-05,6.0714876984557644e-07
23,1.7937922304740100e-02,7.9238062310244793e-03,6.3842069756771562e-03,2.7274488085826682e-03,7.4771159846301945e-04,1.3813702601663355e-04,1.5919435914266948e-05,6.9222906187841359e-07
24,1.7750220970038262e-02,7.7339238848638490e-03,6.3115505214420319e-03,2.7590929081378105e-03,7.7882032980965534e-04,1.4847825197367512e-04,1.7574590165899553e-05,7.8048364534547578e-07
25,1.7530830698560405e-02,7.5360741414162409e-03,6.2263739466827152e-03,2.7822985020938334e-03,8.0744663546779239e-04,1.5853356371588336e-04,1.9232653976120810e-05,8.7125520781970498e-07
26,1.7286086223701421e-02,7.3334418141117689e-03,6.1311407336564067e-03,2.7978220978548763e-03,8.3359026248369401e-04,1.6824645961715793e-04,2.0880954369561823e-05,9.6390160795407356e-07
27,1.7021249901498451e-02,7.1285436006178482e-03,6.0279325786856963e-03,2.8063688447909304e-03,8.5727092907544140e-04,1.7756833270352499e-04,2.2507809861569052e-05,1.0578057634425189e-06
28,1.6740690538902755e-02,6.9233541233267963e-03,5.9185045682603552e-03,2.8085933674858970e-03,8.7852529136187507e-04,1.8645819877815463e-04,2.4102606467392060e-05,1.1523832222887833e-06
29,1.6448033913369690e-02,6.7194093832331657e-03,5.8043334797204041e-03,2.8051015547142142e-03,8.9740423354779729e-04,1.9488233519479072e-04,2.5655839282435875e-05,1.2470876768774642e-06
30,1.6146288784972613e-02,6.5178913810939884e-03,5.6866596397549003e-03,2.7964529221045022e-03,9.1397044786893980e-04,2.0281385406859263e-04,2.7159125390480001e-05,1.3414146912068660e-06
31,1.5837951975986326e-02,6.3196971570868418e-03,5.5665229308102422e-03,2.7831632839185462e-03,9.2829627654609766e-04,2.1023223034281999e-04,2.8605193373947790e-05,1.4349039078335047e-06
32,1.5525095739386449e-02,6.1254950062050294e-03,5.4447935911965178e-03,2.7657075537212104e-03,9.4046179214122725e-04,2.1712280197182373e-04,2.9987854163185067e-05,1.5271399874546636e-06
33,1.5209440243576984e-02,5.9357701765679347e-03,5.3221984510278646e-03,2.7445225538655564e-03,9.5055309561432888e-04,2.2347625657924612e-04,3.1301957407734503e-05,1.6177525143208863e-06
34,1.4892413612036472e-02,5.7508619643686539e-03,5.1993432095306606e-03,2.7200097562594320e-03,9.5866081346253134e-04,2.2928811632998912e-04,3.2543337007625260e-05,1.7064150775781748e-06
35,1.4575201596368517e-02,5.5709937835938476e-03,5.0767313061658922e-03,2.6925379066710473e-03,9.6487877687512387e-04,2.3455823042453831e-04,3.3708748923884073e-05,1.7928437141847857e-06
36,1.4258788639200031e-02,5.3962975068229304e-03,4.9547798785167041e-03,2.6624455054372834e-03,9.6930286706129820e-04,2.3929028258168355e-04,3.4795803905500384e-05,1.8767948746304697e-06
37,1.3943991801961609e-02,5.2268331390938555e-03,4.8338332399760226e-03,2.6300431314684979e-03,9.7203001193424507e-04,2.4349131910883262e-04,3.5802897330901729e-05,1.9580630492509641e-06
38,1.3631488790438438e-02,5.0626046932826258e-03,4.7141742533171440e-03,2.5956156057984278e-03,9.7315732025068523e-04,2.4717130165030681e-04,3.6729137968169868e-05,2.0364781710773002e-06
39,1.3321841104854076e-02,4.9035729762836730e-03,4.5960339239906403e-03,2.5594239969866555e-03,9.7278134016001272e-04,2.5034268743194928e-04,3.7574277109912832e-05,2.1119028912329786e-06
40,1.3015513167152487e-02,4.7496658647710882e-03,4.4795994902000133e-03,2.5217074744395291e-03,9.7099742994043062e-04,2.5302003876194359e-04,3.8338639234431207e-05,2.1842298050526789e-06
41,1.2712888131953828e-02,4.6007865425149834e-03,4.3650212455933392e-03,2.4826850178882778e-03,9.6789922950448230e-04,2.5521966267932531e-04,3.9023055082045826e-05,2.2533786913741037e-06
42,1.2414280965448310e-02,4.4568200839302978e-03,4.2524182945450680e-03,2.4425569923601487e-03,9.6357822204784429e-04,2.5695928094013787e-04,3.9628797811018618e-05,2.3192938137910969e-06
43,1.2119949274682197e-02,4.3176386972445151e-03,4.1418834090809556e-03,2.4015065983609514e-03,9.5812337599241230e-04,2.5825772997452843e-04,4.0157522707898871e-05,2.3819413209350642e-06
44,1.1830102285109691e-02,4.1831058824841998e-03,4.0334871300249592e-03,2.3597012069088963e-03,9.5162085813412466e-04,2.5913469001583625e-04,4.0611210768755172e-05,2.4413067729217932e-06
45,1.1544908294176670e-02,4.0530797120076987e-03,3.9272812324035273e-03,2.3172935886963111e-03,9.4415380964307674e-04,2.5961044227621637e-04,4.0992116337047692e-05,2.4973928127930699e-06
46,1.1264500870698954e-02,3.9274154025909043e-03,3.8233016560278552e-03,2.2744230461284511e-03,9.3580217727363654e-04,2.5970565280574245e-04,4.1302718877442063e-05,2.5502169949218723e-06
47,1.0988984021884328e-02,3.8059673164981111e-03,3.7215709860215465e-03,2.2312164563787649e-03,9.2664259282135308e-04,2.5944118150832043e-04,4.1545678879470932e-05,2.5998097767634096e-06
48,1.0718436510322065e-02,3.6885905032273962e-03,3.6221005544467381e-03,2.1877892329613055e-03,9.1674829450809998e-04,2.5883791468500069e-04,4.1723797817668253e-05,2.6462126758565567e-06
49,1.0452915470695630e-02,3.5751418726365429e-03,3.5248922227310497e-03,2.1442462126879127e-03,9.0618908458471852e-04,2.5791661942198269e-04,4.1839982042965966e-05,2.6894765904569733e-06
50,1.0192459449166634e-02,3.4654810730554704e-03,3.4299398949823082e-03,2.1006824742712395e-03,8.9503131800984233e-04,2.5669781812693996e-04,4.1897210441360744e-05,2.7296602794731076e-06
51,9.9370909663319199e-03,3.3594711340594876e-03,3.3372308042137339e-03,2.0571840942665625e-03,8.8333791759392867e-04,2.5520168153485111e-04,4.1898505668003995e-05,2.7668289953519042e-06
52,9.6868186865403244e-03,3.2569789222309663e-03,3.2467466067449893e-03,2.0138288455212134e-03,8.7116841148878051e-04,2.5344793854618832e-04,4.1846908746076699e-05,2.8010532621088406e-06
53,9.4416392614812775e-03,3.1578754489991132e-03,3.1584643143859935e-03,1.9706868428222596e-03,8.5857898935562307e-04,2.5145580132011967e-04,4.1745456808453383e-05,2.8324077897169837e-06
54,9.2015389037523633e-03,3.0620360621298475e-03,3.0723570892738426e-03,1.9278211399998137e-03,8.4562257396020757e-04,2.4924390411834661e-04,4.1597163754829407e-05,2.8609705154749510e-06
55,8.9664947361045074e-03,2.9693405463232349e-03,2.9883949222690945e-03,1.8852882823529038e-03,8.3234890532288383e-04,2.4683025447722496e-04,4.1405003596474322e-05,2.8868217626886962e-06
56,8.7364759538610445e-03,2.8796731534056303e-03,2.9065452125000306e-03,1.8431388179139653e-03,8.1880463489684952e-04,2.4423219537355548e-04,4.1171896264052784e-05,2.9100435069625320e-06
57,8.5114448312878857e-03,2.7929225785664554e-03,2.8267732628664572e-03,1.8014177707533462e-03,8.0503342756075170e-04,2.4146637714017770e-04,4.0900695660151471e-05,2.9307187405460431e-06
58,8.2913575971907717e-03,2.7089818958128159e-03,2.7490427039892368e-03,1.7601650792431057e-03,7.9107606949449689e-04,2.3854873797909937e-04,4.0594179746537205e-05,2.9489309254795656e-06
59,8.0761652005136627e-03,2.6277484631583494e-03,2.6733158571437474e-03,1.7194160019464934e-03,7.7697058026159472e-04,2.3549449201065693e-04,4.0255042466137093e-05,2.9647635266832875e-06
60,7.8658139830287549e-03,2.5491238059107768e-03,2.5995540450825610e-03,1.6792014935725155e-03,7.6275232764968126e-04,2.3231812388583342e-04,3.9885887310777454e-05,2.9782996166121924e-06
61,7.6602462731964081e-03,2.4730134846819084e-03,2.5277178582829391e-03,1.6395485532310454e-03,7.4845414402508761e-04,2.2903338907437207e-04,3.9489222357430951e-05,2.9896215436250240e-06
62,7.4594009128098994e-03,2.3993269533378160e-03,2.4577673830047829e-03,1.6004805470403115e-03,7.3410644313941817e-04,2.2565331902302794e-04,3.9067456607772538e-05,2.9988106567693246e-06
63,7.2632137260262766e-03,2.3279774109730639e-03,2.3896623965783950e-03,1.5620175069729417e-03,7.1973733648797206e-04,2.2219023045568845e-04,3.8622897477966758e-05,3.0059470802497777e-06
64,7.0716179387381034e-03,2.2588816510803965e-03,2.3233625345285302e-03,1.5241764076769906e-03,7.0537274846329775e-04,2.1865573815988136e-04,3.8157749297596471e-05,3.0111095314103339e-06
65,6.8845445548948231e-03,2.1919599103545143e-03,2.2588274334566592e-03,1.4869714228726162e-03,6.9103652967389536e-04,2.1506077067219191e-04,3.7674112688333801e-05,3.0143751766120779e-06
66,6.7019226952818468e-03,2.1271357189817644e-03,2.1960168530261366e-03,1.4504141628018013e-03,6.7675056790970152e-04,2.1141558833829305e-04,3.7173984704228860e-05,3.0158195199207529e-06
67,6.5236799033647434e-03,2.0643357537989885e-03,2.1348907799076345e-03,1.4145138940962092e-03,6.6253489633393524e-04,2.0772980328168789e-04,3.6659259626262427e-05,3.0155163200250282e-06
68,6.3497424220688506e-03,2.0034896953320370e-03,2.0754095161301354e-03,1.3792777433258214e-03,6.4840779856657695e-04,2.0401240086898031e-04,3.6131730314015226e-05,3.0135375312850875e-06
69,6.1800354447606193e-03,1.9445300894291994e-03,2.0175337539338790e-03,1.3447108853972671e-03,6.3438591039941753e-04,2.0027176230868733e-04,3.5593090026910334e-05,3.0099532652587001e-06
70,6.0144833432015854e-03,1.8873922139720849e-03,1.9612246389257922e-03,1.3108167178848620e-03,6.2048431794742872e-04,1.9651568806548273e-04,3.5044934636466554e-05,3.0048317694672513e-06
71,5.8530098748390243e-03,1.8320139509642908e-03,1.9064438230865862e-03,1.2775970222984932e-03,6.0671665209721876e-04,1.9275142181253635e-04,3.4488765159352612e-05,2.9982394205469993e-06
72,5.6955383714624207e-03,1.7783356641565187e-03,1.8531535089648967e-03,1.2450521132199111e-03,5.9309517916152554e-04,1.8898567468152646e-04,3.3925990548760452e-05,2.9902407292812717e-06
73,5.5419919109786333e-03,1.7263000822577551e-03,1.8013164862115635e-03,1.2131809761721337e-03,5.7963088768992008e-04,1.8522464960319887e-04,3.3357930688734182e-05,2.9808983553284351e-06
74,5.3922934738303285e-03,1.6758521876991904e-03,1.7508961614515729e-03,1.1819813950249599e-03,5.6633357142095886e-04,1.8147406556127797e-04,3.2785819542619341e-05,2.9702731297492650e-06
75,5.2463660853924688e-03,1.6269391108553850e-03,1.7018565823580785e-03,1.1514500696825642e-03,5.5321190839063448e-04,1.7773918160934871e-04,3.2210808412760492e-05,2.9584240836975216e-06
76,5.1041329455238588e-03,1.5795100295816491e-03,1.6541624566788634e-03,1.1215827247464186e-03,5.4027353623679051e-04,1.7402482052426453e-04,3.1633969274001963e-05,2.9454084818706046e-06
77,4.9655175463184358e-03,1.5335160738941325e-03,1.6077791668677014e-03,1.0923742097979213e-03,5.2752512375975607e-04,1.7033539199093377e-04,3.1056298148466441e-05,2.9312818595250246e-06
78,4.8304437789898650e-03,1.4889102355970150e-03,1.5626727808888605e-03,1.0638185918998512e-03,5.1497243881634431e-04,1.6667491523221544e-04,3.0478718493532315e-05,2.9160980620458654e-06
79,4.6988360307288106e-03,1.4456472826471500e-03,1.5188100596904054e-03,1.0359092408737485e-03,5.0262041263801974e-04,1.6304704101433094e-04,2.9902084578933415e-05,2.8999092862222864e-06
80,4.5706192722922206e-03,1.4036836780387839e-03,1.4761584617793142e-03,1.0086389078713556e-03,4.9047320067487370e-04,1.5945507297287196e-04,2.9327184832496993e-05,2.8827661225242773e-06
81,4.4457191370151153e-03,1.3629775029880657e-03,1.4346861452772084e-03,9.8199979772201312e-04,4.7853424007543801e-04,1.5590198821734087e-04,2.8754745137248876e-05,2.8647175978010357e-06
82,4.3240619918760810e-03,1.3234883841978505e-03,1.3943619677885307e-03,9.5598363550426714e-04,4.6680630391864177e-04,1.5239045718338248e-04,2.8185432065478107e-05,2.8458112179302610e-06
83,4.2055750011959266e-03,1.2851774249868434e-03,1.3551554843722268e-03,9.3058172775864565e-04,4.5529155231866593e-04,1.4892286271160694e-04,2.7619856037896812e-05,2.8260930100418610e-06
84,4.0901861835036090e-03,1.2480071400726863e-03,1.3170369438724988e-03,9.0578501872946426e-04,4.4399158052633243e-04,1.4550131834032437e-04,2.7058574398282265e-05,2.8056075640206615e-06
85,3.9778244620633603e-03,1.2119413938056134e-03,1.2799772838333000e-03,8.8158414199644860e-04,4.3290746415222139e-04,1.4212768580674278e-04,2.6502094395972631e-05,2.7843980730620016e-06
86,3.8684197095212175e-03,1.1769453416572810e-03,1.2439481241942518e-03,8.5796946783176355e-04,4.2203980163712303e-04,1.3880359175735374e-04,2.5950876070331175e-05,2.7625063731129844e-06
87,3.7619027870969372e-03,1.1429853747780120e-03,1.2089217599420665e-03,8.3493114659459835e-04,4.1138875409490073e-04,1.3553044367346052e-04,2.5405335032817818e-05,2.7399729810817405e-06
88,3.6582055787182585e-03,1.1100290674446649e-03,1.1748711528708912e-03,8.1245914845362675e-04,4.0095408265150855e-04,1.3230944502219411e-04,2.4865845143634187e-05,2.7168371317385561e-06
89,3.5572610204679164e-03,1.0780451272304431e-03,1.1417699225868734e-03,7.9054329970734162e-04,3.9073518340191759e-04,1.2914160964701569e-04,2.4332741081057621e-05,2.6931368132670226e-06
90,3.4590031256895881e-03,1.0470033477370561e-03,1.1095923368762918e-03,7.6917331595334503e-04,3.8073112010417447e-04,1.2602777541469975e-04,2.3806320802569753e-05,2.6689088014514525e-06
91,3.3633670060765532e-03,1.0168745637385694e-03,1.0783133015426088e-03,7.4833883234006501e-04,3.7094065472685199e-04,1.2296861713821541e-04,2.3286847897733084e-05,2.6441886925094633e-06
92,3.2702888890461471e-03,9.8763060859499404e-04,1.0479083498054239e-03,7.2802943111795692e-04,3.6136227596284470e-04,1.1996465879684151e-04,2.2774553833489306e-05,2.6190109345966147e-06
93,3.1797061316838817e-03,9.5924427380206798e-04,1.0183536313434270e-03,7.0823466669198685e-04,3.5199422581888600e-04,1.1701628507632911e-04,2.2269640093160692e-05,2.5934088580239538e-06
94,3.0915572315231149e-03,9.3168927055173832e-04,9.8962590105380627e-04,6.8894408836296900e-04,3.4283452438639686e-04,1.1412375225302156e-04,2.1772280210942910e-05,2.5674147042398172e-06
95,3.0057818344093987e-03,9.0494019318555839e-04,9.6170250759205751e-04,6.7014726093208232e-04,3.3388099289536488e-04,1.1128719844660498e-04,2.1282621704096035e-05,2.5410596536348743e-06
96,2.9223207396828913e-03,8.7897248443051068e-04,9.3456138174859550e-04,6.5183378333057206e-04,3.2513127514895602e-04,1.0850665326664192e-04,2.0800787905380724e-05,2.5143738522345261e-06
97,2.8411159028974235e-03,8.5376240231369602e-04,9.0818102471187554e-04,6.3399330542515740e-04,3.1658285743251652e-04,1.0578204687827403e-04,2.0326879698558100e-05,2.4873864373458884e-06
98,2.7621104362809327e-03,8.2928698865885676e-04,8.8254049626180944e-04,6.1661554313897980e-04,3.0823308698657033e-04,1.0311321851250492e-04,1.9860977159983293e-05,2.4601255622279922e-06
99,2.6852486071288427e-03,8.0552403907385077e-04,8.5761940293197598e-04,5.9969029201797659e-04,3.0007918912938064e-04,1.0049992444632366e-04,1.9403141109481542e-05,2.4326184198538569e-06
100,2.6104758343096692e-03,7.8245207434397336e-04,8.3339788617445786e-04,5.8320743936330873e-04,2.9211828311065884e-04,9.7941845477629276e-05,1.8953414573809221e-05,2.4048912658320011e-06
101,2.5377386830504399e-03,7.6005031315144332e-04,8.0985661055695186e-04,5.6715697504184021e-04,2.8434739677407909e-04,9.5438593919495727e-05,1.8511824166076347e-05,2.3769694405529892e-06
102,2.4669848581585852e-03,7.3829864604644591e-04,7.8697675201810295e-04,5.5152900107865435e-04,2.7676348010241780e-04,9.2989720137793311e-05,1.8078381384547345e-05,2.3488773906239440e-06
103,2.3981631958265724e-03,7.1717761059988169e-04,7.6473998620370297e-04,5.3631374012811457e-04,2.6936341771539629e-04,9.0594718655577478e-05,1.7653083834248298e-05,2.3206386896507948e-06
104,2.3312236541557620e-03,6.9666836767240425e-04,7.4312847690345143e-04,5.2150154291303306e-04,2.6214404038666620e-04,8.8253033846987777e-05,1.7235916374795626e-05,2.2922760584244938e-06
105,2.2661173025268124e-03,6.7675267873848336e-04,7.2212486460535366e-04,5.0708289471504387e-04,2.5510213564286147e-04,8.5964065242679537e-05,1.6826852197827416e-05,2.2638113845636607e-06
106,2.2027963099351760e-03,6.5741288420810443e-04,7.0171225518249108e-04,4.9304842099325702e-04,2.4823445750423947e-04,8.3727172468054710e-05,1.6425853837367311e-05,2.2352657416621787e-06
107,2.1412139324021194e-03,6.3863188269232415e-04,6.8187420872480790e-04,4.7938889220267564e-04,2.4153773542316432e-04,8.1541679834775196e-05,1.6032874116385623e-05,2.2066594079863066e-06
108,2.0813244995639317e-03,6.2039311116228056e-04,6.6259472852671049e-04,4.6609522787864925e-04,2.3500868247354134e-04,7.9406880605242607e-05,1.5647857032745117e-05,2.1780118847618956e-06
109,2.0230834005347193e-03,6.0268052595439340e-04,6.4385825023959324e-04,4.5315850004879290e-04,2.2864400284129815e-04,7.7322040948919957e-05,1.5270738587632760e-05,2.1493419140883973e-06
110,1.9664470691313643e-03,5.8547858457742949e-04,6.2564963119695238e-04,4.4056993602929826e-04,2.2244039866312624e-04,7.5286403608560104e-05,1.4901447559484924e-05,2.1206674965125817e-06
111,1.9113729685427590e-03,5.6877222827983714e-04,6.0795413991840549e-04,4.2832092065836909e-04,2.1639457625794096e-04,7.3299191293600634e-05,1.4539906226314518e-05,2.0920059082912356e-06
112,1.8578195755193975e-03,5.5254686533830449e-04,5.9075744579777242e-04,4.1640299801562534e-04,2.1050325179289498e-04,7.1359609817186350e-05,1.4186031039245273e-05,2.0633737183686514e-06
113,1.8057463641537085e-03,5.3678835503087575e-04,5.7404560897932392e-04,4.0480787267268984e-04,2.0476315642327825e-04,6.9466850992496850e-05,1.3839733249952615e-05,2.0347868050914561e-06
114,1.7551137893161805e-03,5.2148299226017266e-04,5.5780507042536430e-04,3.9352741051681164e-04,1.9917104094326017e-04,6.7620095303288569e-05,1.3500919494603185e-05,2.0062603726802632e-06
115,1.7058832698073211e-03,5.0661749279434050e-04,5.4202264217749648e-04,3.8255363918624652e-04,1.9372367998217482e-04,6.5818514362810752e-05,1.3169492336777013e-05,1.9778089674747844e-06
116,1.6580171712807894e-03,4.9217897909526462e-04,5.2668549781317094e-04,3.7187874815320580e-04,1.8841787577890558e-04,6.4061273174527414e-05,1.2845350771748654e-05,1.9494464939664073e-06
117,1.6114787889886571e-03,4.7815496670540486e-04,5.1178116309847038e-04,3.6149508848748452e-04,1.8325046156489962e-04,6.2347532207371114e-05,1.2528390694396719e-05,1.9211862306298335e-06
118,1.5662323303956074e-03,4.6453335116627411e-04,4.9729750683750323e-04,3.5139517233136652e-04,1.7821830458442122e-04,6.0676449297573389e-05,1.2218505332905868e-05,1.8930408455631812e-06
119,1.5222428977050585e-03,4.5130239544316064e-04,4.8322273191826358e-04,3.4157167211406974e-04,1.7331830877883911e-04,5.9047181388459448e-05,1.1915585650321977e-05,1.8650224119439526e-06
120,1.4794764703365605e-03,4.3845071783215272e-04,4.6954536655436209e-04,3.3201741953183011e-04,1.6854741716002566e-04,5.7458886118963292e-05,1.1619520715920068e-05,1.8371424233065048e-06
121,1.4378998873904778e-03,4.2596728032689914e-04,4.5625425572163572e-04,3.2272540431770757e-04,1.6390261389632964e-04,5.5910723271014212e-05,1.1330198048246300e-05,1.8094118086450438e-06
122,1.3974808301327997e-03,4.1384137742381494e-04,4.4333855278829186e-04,3.1368877282332786e-04,1.5938092613305602e-04,5.4401856085364568e-05,1.1047503931599772e-05,1.7818409473447848e-06
123,1.3581878045300113e-03,4.0206262534564133e-04,4.3078771133693426e-04,3.0490082643304183e-04,1.5497942556794850e-04,5.2931452454875295e-05,1.0771323707627481e-05,1.7544396839426629e-06
124,1.3199901238612002e-03,3.9062095166438455e-04,4.1859147717655240e-04,2.9635501982936850e-04,1.5069522980081448e-04,5.1498686003745739e-05,1.0501542043616731e-05,1.7272173427179356e-06
125,1.2828578914320500e-03,3.7950658530570841e-04,4.0673988054232030e-04,2.8804495912709550e-04,1.4652550347515948e-04,5.0102737060670705e-05,1.0238043178983217e-05,1.7001827421120804e-06
126,1.2467619834129805e-03,3.6871004691783421e-04,3.9522322848085093e-04,2.7996439989202363e-04,1.4246745922849642e-04,4.8742793533427731e-05,9.9807111513708026e-06,1.6733442089766345e-06
127,1.2116740318215110e-03,3.5822213958891974e-04,3.8403209741837965e-04,2.7210724505905329e-04,1.3851835846687014e-04,4.7418051691941620e-05,9.7294300036996798e-06,1.6467095926469798e-06
128,1.1775664076668503e-03,3.4803393989775097e-04,3.7315732590919914e-04,2.6446754276311727e-04,1.3467551197807867e-04,4.6127716866440619e-05,9.4840839734240659e-06,1.6202862788395434e-06
129,1.1444122042728354e-03,3.3813678928338328e-04,3.6259000756154892e-04,2.5703948409535883e-04,1.3093628039707810e-04,4.4871004066908585e-05,9.2445576651882061e-06,1.5940812033694902e-06
130,1.1121852207935680e-03,3.2852228572012831e-04,3.5232148413805273e-04,2.4981740079592471e-04,1.2729807453612770e-04,4.3647138529648341e-05,9.0107362080004566e-06,1.5681008656856549e-06
131,1.0808599459344577e-03,3.1918227568499035e-04,3.4234333882771437e-04,2.4279576289379430e-04,1.2375835559135542e-04,4.2455356196404572e-05,8.7825053979794972e-06,1.5423513422192508e-06
132,1.0504115418898769e-03,3.1010884640532242e-04,3.3264738968641258e-04,2.3596917630318255e-04,1.2031463523660628e-04,4.1294904131146288e-05,8.5597518276641717e-06,1.5168382995427513e-06
133,1.0208158285072183e-03,3.0129431837509730e-04,3.2322568324278050e-04,2.2933238038523775e-04,1.1696447561466750e-04,4.0165040879281140e-05,8.3423630028189989e-06,1.4915670073352617e-06
134,9.9204926768586225e-04,2.9273123812877669e-04,3.1407048826631362e-04,2.2288024548300063e-04,1.1370548923524589e-04,3.9065036773763938e-05,8.1302274476110011e-06,1.4665423511507054e-06
135,9.6408894801836107e-04,2.8441237126231462e-04,3.0517428969452213e-04,2.1660777043688845e-04,1.1053533878840090e-04,3.7994174192269633e-05,7.9232347989799977e-06,1.4417688449851954e-06
136,9.3691256968003657e-04,2.7633069569134837e-04,2.9652978271592161e-04,2.1051008008732139e-04,1.0745173688150572e-04,3.6951747769325788e-05,7.7212758909737725e-06,1.4172506436400615e-06
137,9.1049842957219339e-04,2.6847939513712209e-04,2.8812986700565068e-04,2.0458242277050860e-04,1.0445244570722274e-04,3.5937064567040352e-05,7.5242428297716607e-06,1.3929915548771438e-06
138,8.8482540672318128e-04,2.6085185283114521e-04,2.7996764111049824e-04,1.9882016781285557e-04,1.0153527664942763e-04,3.4949444207816859e-05,7.3320290600746391e-06,1.3689950513631534e-06
139,8.5987294795072163e-04,2.5344164543002385e-04,2.7203639698013325e-04,1.9321880302894384e-04,9.8698089833503655e-05,3.3988218972219670e-05,7.1445294234972402e-06,1.3452642824000914e-06
140,8.3562105378808644e-04,2.4624253713230942e-04,2.6432961464134070e-04,1.8777393222755700e-04,9.5938793626947798e-05,3.3052733864936432e-05,6.9616402095560763e-06,1.3218020854389683e-06
141,8.1205026467602462e-04,2.3924847398959533e-04,2.5684095701208637e-04,1.8248127272979273e-04,9.3255344095781640e-05,3.2142346651582580e-05,6.7832591998116514e-06,1.2986109973743154e-06
142,7.8914164742165365e-04,2.3245357840445484e-04,2.4956426485225815e-04,1.7733665290289380e-04,9.0645744421842973e-05,3.1256427868902587e-05,6.6092857056841414e-06,1.2756932656172422e-06
143,7.6687678192493517e-04,2.2585214380815559e-04,2.4249355184795770e-04,1.7233600971305874e-04,8.8108044285643584e-05,3.0394360810744533e-05,6.4396206004298890e-06,1.2530508589450892e-06
144,7.4523774817280501e-04,2.1943862951141134e-04,2.3562299982625253e-04,1.6747538630014882e-04,8.5640339219115376e-05,2.9555541492017306e-05,6.2741663457335087e-06,1.2306854781260080e-06
145,7.2420711350052467e-04,2.1320765572173590e-04,2.2894695409732881e-04,1.6275092957689116e-04,8.3240769932228171e-05,2.8739378592683178e-05,6.1128270133403884e-06,1.2085985663171004e-06
146,7.0376792011936807e-04,2.0715399872125236e-04,2.2245991892103114e-04,1.5815888785488446e-04,8.0907521617147143e-05,2.7945293383691687e-05,5.9555083021262111e-06,1.1867913192350455e-06
147,6.8390367290934069e-04,2.0127258619908654e-04,2.1615655309480987e-04,1.5369560849944536e-04,7.8638823233303658e-05,2.7172719636623438e-05,5.8021175509734825e-06,1.1652646950984483e-06
148,6.6459832747526747e-04,1.9555849273272975e-04,2.1003166566014621e-04,1.4935753561508584e-04,7.6432946776480365e-05,2.6421103518683771e-05,5.6525637478001994e-06,1.1440194243414289e-06
149,6.4583627846423464e-04,1.9000693541300137e-04,2.0408021172456693e-04,1.4514120776318369e-04,7.4288206534755923e-05,2.5689903474566076e-05,5.5067575350623037e-06,1.1230560190982813e-06
150,6.2760234814208330e-04,1.8461326960747377e-04,1.9829728839640967e-04,1.4104325571319979e-04,7.2202958333919082e-05,2.4978590096591972e-05,5.3646112120296325e-06,1.1023747824592977e-06
151,6.0988177522637707e-04,1.7937298485744168e-04,1.9267813082954818e-04,1.3706040022860264e-04,7.0175598774741349e-05,2.4286645984430580e-05,5.2260387341144457e-06,1.0819758174981549e-06
152,5.9266020397302332e-04,1.7428170090372569e-04,1.8721810837533497e-04,1.3318944988848514e-04,6.8204564464292825e-05,2.3613565595600868e-05,5.0909557095122612e-06,1.0618590360715137e-06
153,5.7592367351352034e-04,1.6933516383679778e-04,1.8191272083907103e-04,1.2942729894569743e-04,6.6288331243296165e-05,2.2958855087869441e-05,4.9592793933966463e-06,1.0420241673917549e-06
154,5.5965860743961140e-04,1.6452924236690398e-04,1.7675759483836264e-04,1.2577092522217005e-04,6.4425413411337628e-05,2.2322032154570524e-05,4.8309286798926035e-06,1.0224707663740239e-06
155,5.4385180363196233e-04,1.5985992421003670e-04,1.7174848026077534e-04,1.2221738804196909e-04,6.2614362951589851e-05,2.1702625853795207e-05,4.7058240920373114e-06,1.0031982217589947e-06
156,5.2849042432933496e-04,1.5532331258577895e-04,1.6688124681824956e-04,1.1876382620249895e-04,6.0853768756550044e-05,2.1100176432322377e-05,4.5838877699220871e-06,9.8420576401299770e-07
157,5.1356198643460658e-04,1.5091562282320344e-04,1.6215188069579193e-04,1.1540745598415748e-04,5.9142255856156131e-05,2.0514235145094647e-05,4.4650434571955401e-06,9.6549247300737048e-07
158,4.9905435205387994e-04,1.4663317907116105e-04,1.5755648129200914e-04,1.1214556919864468e-04,5.7478484649513495e-05,1.9944364070977725e-05,4.3492164860948106e-06,9.4705728547909704e-07
159,4.8495571926483727e-04,1.4247241110944061e-04,1.5309125804910327e-04,1.0897553127603326e-04,5.5861150141343896e-05,1.9390135925481600e-05,4.2363337611596729e-06,9.2889900227498966e-07
160,4.7125461311041844e-04,1.3842985125741777e-04,1.4875252736999841e-04,1.0589477939062481e-04,5.4288981184156919e-05,1.8851133871065878e-05,4.1263237417728348e-06,9.1101629538185724e-07
161,4.5793987681384780e-04,1.3450213137694485e-04,1.4453670962032058e-04,1.0290082062553758e-04,5.2760739727040855e-05,1.8326951325599446e-05,4.0191164236591790e-06,8.9340771474526291e-07
162,4.4500066321098139e-04,1.3068597996635767e-04,1.4044032621300282e-04,9.9991230175904268e-05,5.1275220071874128e-05,1.7817191769496061e-05,3.9146433194667413e-06,8.7607169487963280e-07
163,4.3242642639591616e-04,1.2697821934259512e-04,1.3645999677333882e-04,9.7163649590492959e-05,4.9831248137671060e-05,1.7321468552002643e-05,3.8128374385429259e-06,8.5900656127262288e-07
164,4.2020691357577596e-04,1.2337576290854141e-04,1.3259243638235769e-04,9.4415785051511018e-05,4.8427680733693389e-05,1.6839404697074825e-05,3.7136332660108459e-06,8.4221053658677938e-07
165,4.0833215713057685e-04,1.1987561250281102e-04,1.2883445289644260e-04,9.1745405692298586e-05,4.7063404841884740e-05,1.6370632709235699e-05,3.6169667412425494e-06,8.2568174666164957e-07
166,3.9679246687406608e-04,1.1647485582929739e-04,1.2518294434116394e-04,8.9150341952573948e-05,4.5737336909115270e-05,1.5914794379777528e-05,3.5227752358184088e-06,8.0941822631960732e-07
167,3.8557842251143656e-04,1.1317066396390930e-04,1.2163489637734652e-04,8.6628483970853734e-05,4.4448422149660815e-05,1.5471540593632526e-05,3.4309975310548923e-06,7.9341792497875558e-07
168,3.7468086628982379e-04,1.0996028893601052e-04,1.1818737983743790e-04,8.4177780013633115e-05,4.3195633858281491e-05,1.5040531137208046e-05,3.3415737951764042e-06,7.7767871207635181e-07
169,3.6409089583751319e-04,1.0684106138217077e-04,1.1483754833029046e-04,8.1796234940881177e-05,4.1977972734211276e-05,1.4621434507452470e-05,3.2544455602007979e-06,7.6219838230628239e-07
170,3.5379985718780632e-04,1.0381038826992206e-04,1.1158263591251784e-04,7.9481908707377906e-05,4.0794466216320306e-05,1.4213927722391641e-05,3.1695556986024587e-06,7.4697466067417215e-07
171,3.4379933798352506e-04,1.0086575068929767e-04,1.0841995482462927e-04,7.7232914899395401e-05,3.9644167829666541e-05,1.3817696133350830e-05,3.0868483998115954e-06,7.3200520737377709e-07
172,3.3408116085816415e-04,9.8004701710009738e-05,1.0534689329019211e-04,7.5047419306204587e-05,3.8526156543611390e-05,1.3432433239054574e-05,3.0062691466034487e-06,7.1728762248834889e-07
173,3.2463737698974288e-04,9.5224864302198355e-05,1.0236091337631451e-04,7.2923638525871059e-05,3.7439536141636165e-05,1.3057840501775472e-05,2.9277646914265413e-06,7.0281945052070546e-07
174,3.1546025982344444e-04,9.2523929318756926e-05,9.9459548913784297e-05,7.0859838604787629e-05,3.6383434602961252e-05,1.2693627165683694e-05,2.8512830327148636e-06,6.8859818475576244e-07
175,3.0654229895918307e-04,8.9899653537309015e-05,9.6640403475241441e-05,6.8854333710379481e-05,3.5357003496038129e-05,1.2339510077530779e-05,2.7767733912249147e-06,6.7462127145931118e-07
176,2.9787619420027948e-04,8.7349857759978070e-05,9.3901148409803551e-05,6.6905484836406005e-05,3.4359417383955286e-05,1.1995213509784918e-05,2.7041861864348468e-06,6.6088611391683388e-07
177,2.8945484975948296e-04,8.4872424969156229e-05,9.1239520932602649e-05,6.5011698540275826e-05,3.3389873241773029e-05,1.1660468986319413e-05,2.6334730130395722e-06,6.4739007631616462e-07
178,2.8127136861862774e-04,8.2465298537539434e-05,8.8653322267732905e-05,6.3171425711785182e-05,3.2447589885777855e-05,1.1335015110742085e-05,2.5645866175724939e-06,6.3413048747779153e-07
179,2.7331904703826939e-04,8.0126480490755173e-05,8.6140415843146158e-05,6.1383160372683901e-05,3.1531807414625576e-05,1.1018597397440381e-05,2.4974808751816178e-06,6.2110464443660333e-07
180,2.6559136921370011e-04,7.7854029820966040e-05,8.3698725536070808e-05,5.9645438506471554e-05,3.0641786662322841e-05,1.0710968105404980e-05,2.4321107665850459e-06,6.0830981587886115e-07
181,2.5808200207380584e-04,7.5646060849886680e-05,8.1326233967566580e-05,5.7956836917823372e-05,2.9776808662978761e-05,1.0411886074883860e-05,2.3684323552283675e-06,5.9574324543816435e-07
182,2.5078479021928269e-04,7.3500741639703898e-05,7.9020980844863309e-05,5.6315972121046034e-05,2.8936174127242531e-05,1.0121116566908690e-05,2.3064027646640890e-06,5.8340215485415626e-07
183,2.4369375099679596e-04,7.1416292450440013e-05,7.6781061350168539e-05,5.4721499256963611e-05,2.8119202930328757e-05,9.8384311057262632e-06,2.2459801561711051e-06,5.7128374699768639e-07
184,2.3680306970572050e-04,6.9390984242348022e-05,7.4604624574661771e-05,5.3172111037636014e-05,2.7325233611519154e-05,9.5636073241592347e-06,2.1871237066301993e-06,5.5938520876611548e-07
185,2.3010709493417075e-04,6.7423137221973511e-05,7.2489871996428721e-05,5.1666536718315248e-05,2.6553622885018282e-05,9.2964288119128500e-06,2.1297935866697258e-06,5.4770371385241445e-07
186,2.2360033402108492e-04,6.5511119430562719e-05,7.0435056001120529e-05,5.0203541096048414e-05,2.5803745162030452e-05,9.0366849668372422e-06,2.0739509390938889e-06,5.3623642539166861e-07
187,2.1727744864119493e-04,6.3653345373540092e-05,6.8438478444156090e-05,4.8781923534340690e-05,2.5074992083916473e-05,8.7841708491485740e-06,2.0195578576044864e-06,5.2498049848855340e-07
188,2.1113325050977464e-04,6.1848274689818764e-05,6.6498489253316692e-05,4.7400517013297070e-05,2.4366772066280818e-05,8.5386870386064738e-06,1.9665773658255131e-06,5.1393308262930716e-07
189,2.0516269720412264e-04,6.0094410859748673e-05,6.4613485070613274e-05,4.6058187204667233e-05,2.3678509853833116e-05,8.3000394946399754e-06,1.9149733966386683e-06,5.0309132398167177e-07
190,1.9936088809879922e-04,5.8390299950544540e-05,6.2781907932336160e-05,4.4753831571224325e-05,2.3009646085861995e-05,8.0680394194093901e-06,1.8647107718366008e-06,4.9245236758622531e-07
191,1.9372306041169943e-04,5.6734529398073308e-05,6.1002243986226943e-05,4.3486378489915519e-05,2.2359636872154359e-05,7.8425031237872768e-06,1.8157551820995589e-06,4.8201335944247410e-07
192,1.8824458535810542e-04,5.5125726823916501e-05,5.9273022244740243e-05,4.2254786398228985e-05,2.1727953379188791e-05,7.6232518962377854e-06,1.7680731673000852e-06,4.7177144849301892e-07
193,1.8292096440992596e-04,5.3562558886657019e-05,5.7592813373391331e-05,4.1058042963230520e-05,2.1114081426428464e-05,7.4101118745701481e-06,1.7216320971394308e-06,4.6172378850905146e-07
194,1.7774782565738997e-04,5.2043730166373452e-05,5.5960228513212631e-05,3.9895164272729944e-05,2.0517521092535987e-05,7.2029139205390812e-06,1.6764001521184771e-06,4.5186753988037497e-07
195,1.7272092027052242e-04,5.0567982081356727e-05,5.4373918136368388e-05,3.8765194048046754e-05,1.9937786331330374e-05,7.0014934972619308e-06,1.6323463048451562e-06,4.4219987131309121e-07
196,1.6783611905779277e-04,4.9134091836095119e-05,5.2832570934003008e-05,3.7667202877852264e-05,1.9374404597304642e-05,6.8056905494201108e-06,1.5894403016796079e-06,4.3271796143802455e-07
197,1.6308940911938301e-04,4.7740871399602995e-05,5.1334912735423415e-05,3.6600287472574576e-05,1.8826916480521379e-05,6.6153493862100779e-06,1.5476526447176544e-06,4.2341900033289934e-07
198,1.5847689059258403e-04,4.6387166513198061e-05,4.9879705457740504e-05,3.5563569938861634e-05,1.8294875350702870e-05,6.4303185670072347e-06,1.5069545741125424e-06,4.1430019096121918e-07
199,1.5399477348688551e-04,4.5071855726859072e-05,4.8465746085118420e-05,3.4556197073606450e-05,1.7777847010332016e-05,6.2504507897044991e-06,1.4673180507343496e-06,4.0535875053073606e-07
200,1.4963937460638164e-04,4.3793849463323310e-05,4.7091865676804051e-05,3.3577339677047802e-05,1.7275409356580364e-05,6.0756027816858025e-06,1.4287157391659433e-06,3.9659191177433055e-07
201,1.4540711455717265e-04,4.2552089109108657e-05,4.5756928403131303e-05,3.2626191884469050e-05,1.6787152051880083e-05,5.9056351933935966e-06,1.3911209910339096e-06,3.8799692415606121e-07
202,1.4129451483749765e-04,4.1345546131670450e-05,4.4459830608717401e-05,3.1701970516026715e-05,1.6312676202957183e-05,5.7404124944483455e-06,1.3545078286724647e-06,3.7957105500507851e-07
203,1.3729819500838645e-04,4.0173221221927349e-05,4.3199499902089380e-05,3.0803914444250007e-05,1.5851594048144532e-05,5.5798028722771896e-06,1.3188509291179701e-06,3.7131159058002911e-07
204,1.3341486994267597e-04,3.9034143461413768e-05,4.1974894271000345e-05,2.9931283978761512e-05,1.5403528652794315e-05,5.4236781332081774e-06,1.2841256084313429e-06,3.6321583706651811e-07
205,1.2964134715028606e-04,3.7927369513339385e-05,4.0785001222715285e-05,2.9083360267778872e-05,1.4968113612611092e-05,5.2719136059859756e-06,1.2503078063453398e-06,3.5528112151012711e-07
206,1.2597452417770341e-04,3.6851982836857652e-05,3.9628836948566035e-05,2.8259444715966064e-05,1.4544992764728303e-05,5.1243880476644897e-06,1.2173740712334273e-06,3.4750479268742576e-07
207,1.2241138607967231e-04,3.5807092923866672e-05,3.8505445512094465e-05,2.7458858418212649e-05,1.4133819906352915e-05,4.9809835518315538e-06,1.1853015453967014e-06,3.3988422191734850e-07
208,1.1894900296114183e-04,3.4791834557686358e-05,3.7413898060121625e-05,2.6680941608928001e-05,1.3734258520804855e-05,4.8415854591206389e-06,1.1540679506651107e-06,3.3241680381524561e-07
209,1.1558452758756697e-04,3.3805367092975171e-05,3.6353292056099271e-05,2.5925053126446991e-05,1.3345981510780198e-05,4.7060822699644441e-06,1.1236515743090394e-06,3.2509995699185723e-07
210,1.1231519306170998e-04,3.2846873756269327e-05,3.5322750535117384e-05,2.5190569892152357e-05,1.2968670938669133e-05,4.5743655595452435e-06,1.0940312552571488e-06,3.1793112469939276e-07
211,1.0913831056513521e-04,3.1915560966545610e-05,3.4321421379959313e-05,2.4476886403927970e-05,1.2602017773762301e-05,4.4463298948969371e-06,1.0651863706162255e-06,3.1090777542684155e-07
212,1.0605126716263658e-04,3.1010657675226985e-05,3.3348476617612781e-05,2.3783414243566176e-05,1.2245721646181482e-05,4.3218727541139244e-06,1.0370968224886589e-06,3.0402740344657658e-07
213,1.0305152366788229e-04,3.0131414725067592e-05,3.2403111735661252e-05,2.3109581597760757e-05,1.1899490607373209e-05,4.2008944476221438e-06,1.0097430250830716e-06,2.9728752931425528e-07
214,1.0013661256860485e-04,2.9277104227370351e-05,3.1484545017996560e-05,2.2454832792326025e-05,1.1563040897006490e-05,4.0832980414679191e-06,9.8310589211352692e-07,2.9068570032396219e-07
215,9.7304136009708801e-05,2.8447018957006856e-05,3.0592016899308919e-05,2.1818627839290777e-05,1.1236096716118494e-05,3.9689892825806033e-06,9.5716682448267331e-07,2.8421949092048006e-07
216,9.4551763832709807e-05,2.7640471764724924e-05,2.9724789337825729e-05,2.1200441996524281e-05,1.0918390006354859e-05,3.8578765259653899e-06,9.3190769824412008e-07,2.7788650307051817e-07
217,9.1877231669960655e-05,2.6856795006244438e-05,2.8882145205785390e-05,2.0599765339559781e-05,1.0609660235153937e-05,3.7498706637831509e-06,9.0731085283929505e-07,2.7168436659467374e-07
218,8.9278339092159619e-05,2.6095339987656863e-05,2.8063387697146412e-05,2.0016102345288771e-05,1.0309654186727166e-05,3.6448850562745696e-06,8.8335907960399885e-07,2.6561073946184237e-07
219,8.6752947807677068e-05,2.5355476426658318e-05,2.7267839752046398e-05,1.9448971487207785e-05,1.0018125758690535e-05,3.5428354644864367e-06,8.6003561053985171e-07,2.5966330804774435e-07
220,8.4298979912273379e-05,2.4636591929159584e-05,2.6494843497538724e-05,1.8897904841906689e-05,9.7348357642049423e-06,3.4436399847584593e-06,8.3732410734580936e-07,2.5383978735917656e-07
221,8.1914416187820225e-05,2.3938091480830395e-05,2.5743759704148142e-05,1.8362447706495545e-05,9.4595517394861372e-06,3.3472189849295396e-06,8.1520865070492526e-07,2.4813792122555098e-07
222,7.9597294448673116e-05,2.3259396953147902e-05,2.5013967257799280e-05,1.7842158226674523e-05,9.1920477565475664e-06,3.2534950422230766e-06,7.9367372982153875e-07,2.4255548245922796e-07
223,7.7345707934379533e-05,2.2599946623532211e-05,2.4304862646684469e-05,1.7336607035158622e-05,8.9321042410426049e-06,3.1623928827714524e-06,7.7270423220408309e-07,2.3709027298610262e-07
224,7.5157803747441960e-05,2.1959194709163781e-05,2.3615859462649497e-05,1.6845376900176469e-05,8.6795077950751311e-06,3.0738393227405023e-06,7.5228543368872288e-07,2.3174012394785637e-07
225,7.3031781334888932e-05,2.1336610914089777e-05,2.2946387916687735e-05,1.6368062383769262e-05,8.4340510248504326e-06,2.9877632110154343e-06,7.3240298869905842e-07,2.2650289577723425e-07
226,7.0965891012441342e-05,2.0731679989237432e-05,2.2295894368144464e-05,1.5904269509623212e-05,8.1955323730411185e-06,2.9040953734102874e-06,7.1304292073716657e-07,2.2137647824766565e-07
227,6.8958432530092959e-05,2.0143901304964189e-05,2.1663840867244414e-05,1.5453615440175343e-05,7.9637559557454689e-06,2.8227685583637396e-06,6.9419161310127827e-07,2.1635879049849839e-07
228,6.7007753677956366e-05,1.9572788435784747e-05,2.1049704710566514e-05,1.5015728162739419e-05,7.7385314039184711e-06,2.7437173840847012e-06,6.7583579982544155e-07,2.1144778103707302e-07
229,6.5112248931256965e-05,1.9017868756925910e-05,2.0452978009100185e-05,1.4590246184405263e-05,7.5196737091583702e-06,2.6668782871118570e-06,6.5796255683655526e-07,2.0664142771882034e-07
230,6.3270358133386183e-05,1.8478683052370184e-05,1.9873167268527934e-05,1.4176818235470981e-05,7.3070030737343523e-06,2.5921894722519803e-06,6.4055929332421551e-07,2.0193773770652364e-07
231,6.1480565215956776e-05,1.7954785134058944e-05,1.9309792981388952e-05,1.3775102981174043e-05,7.1003447647435888e-06,2.5195908638625374e-06,6.2361374331886051e-07,1.9733474740984496e-07
232,5.9741396954829951e-05,1.7445741471935591e-05,1.8762389230788033e-05,1.3384768741493166e-05,6.8995289722884200e-06,2.4490240584448045e-06,6.0711395747376268e-07,1.9283052240617631e-07
233,5.8051421761112976e-05,1.6951130834518408e-05,1.8230503305323738e-05,1.3005493218799015e-05,6.7043906715671414e-06,2.3804322785143753e-06,5.9104829504646335e-07,1.8842315734383633e-07
234,5.6409248506152703e-05,1.6470543939701698e-05,1.7713695324918690e-05,1.2636963233137452e-05,6.5147694887742848e-06,2.3137603277166639e-06,5.7540541607531752e-07,1.8411077582859622e-07
235,5.4813525379577447e-05,1.6003583115492760e-05,1.7211537877243981e-05,1.2278874464934864e-05,6.3305095707088306e-06,2.2489545471556622e-06,5.6017427374686612e-07,1.7989153029448119e-07
236,5.3262938779465107e-05,1.5549861970400445e-05,1.6723615664438205e-05,1.1930931204920702e-05,6.1514594579912768e-06,2.1859627729048929e-06,5.4534410694982262e-07,1.7576360185975800e-07
237,5.1756212233740894e-05,1.5109005073199548e-05,1.6249525159830183e-05,1.1592846111067654e-05,5.9774719617928052e-06,2.1247342946701943e-06,5.3090443301152384e-07,1.7172520016898484e-07
238,5.0292105351932458e-05,1.4680647641802973e-05,1.5788874274382526e-05,1.1264339972355358e-05,5.8084040439822597e-06,2.0652198155746133e-06,5.1684504061275844e-07,1.6777456322196555e-07
239,4.8869412806434071e-05,1.4264435240981577e-05,1.5341282032581186e-05,1.0945141479168632e-05,5.6441167005989344e-06,2.0073714130363627e-06,5.0315598287695650e-07,1.6390995719041734e-07
240,4.7486963342455089e-05,1.3860023488679043e-05,1.4906378257503933e-05,1.0634987000146305e-05,5.4844748485614346e-06,1.9511425007114533e-06,4.8982757062978690e-07,1.6012967622313003e-07
241,4.6143618815850153e-05,1.3467077770676299e-05,1.4483803264808159e-05,1.0333620365301631e-05,5.3293472155251721e-06,1.8964877914732456e-06,4.7685036582528049e-07,1.5643204224036315e-07
242,4.4838273258051054e-05,1.3085272963367295e-05,1.4073207565385734e-05,1.0040792655240150e-05,5.1786062328032003e-06,1.8433632614018206e-06,4.6421517513466228e-07,1.5281540471819716e-07
243,4.3569851967341540e-05,1.2714293164414616e-05,1.3674251576439795e-05,9.7562619963054823e-06,5.0321279312672900e-06,1.7917261147566865e-06,4.5191304369414737e-07,1.4927814046352774e-07
244,4.2337310625737065e-05,1.2353831431060152e-05,1.3286605340745208e-05,9.4797933614881233e-06,4.8897918401482344e-06,1.7415347499069647e-06,4.3993524900802022e-07,1.4581865338036107e-07
245,4.1139634440752362e-05,1.2003589525872575e-05,1.2909948253861188e-05,9.2111583769368877e-06,4.7514808886564627e-06,1.6927487261938145e-06,4.2827329500338998e-07,1.4243537422804408e-07
246,3.9975837311358929e-05,1.1663277669719471e-05,1.2543968799071085e-05,8.9501351339167899e-06,4.6170813103460261e-06,1.6453287317004478e-06,4.1691890623307811e-07,1.3912676037203413e-07
247,3.8844961017454372e-05,1.1332614301758319e-05,1.2188364289830722e-05,8.6965080060616277e-06,4.4864825501470625e-06,1.5992365519056849e-06,4.0586402222316776e-07,1.3589129552778951e-07
248,3.7746074432183847e-05,1.1011325846246161e-05,1.1842840619512759e-05,8.4500674717734741e-06,4.3595771739937279e-06,1.5544350391975828e-06,3.9510079196180712e-07,1.3272748949833600e-07
249,3.6678272756472576e-05,1.0699146485973761e-05,1.1507112018240671e-05,8.2106099416254230e-06,4.2362607809765104e-06,1.5108880832242413e-06,3.8462156852593216e-07,1.2963387790604135e-07
250,3.5640676775145830e-05,1.0395817942135483e-05,1.1180900816611656e-05,7.9779375906278273e-06,4.1164319179496812e-06,1.4685605820594473e-06,3.7441890384263598e-07,1.2660902191910620e-07
251,3.4632432134030263e-05,1.0101089260451625e-05,1.0863937216113469e-05,7.7518581952220831e-06,3.9999919965264691e-06,1.4274184141613788e-06,3.6448554358198203e-07,1.2365150797325797e-07
252,3.3652708637447349e-05,9.8147166033651377e-06,1.0555959066045818e-05,7.5321849748697448e-06,3.8868452123962885e-06,1.3874284111031215e-06,3.5481442217812260e-07,1.2075994748911221e-07
253,3.2700699565525892e-05,9.5364630481397806e-06,1.0256711646762032e-05,7.3187364381083933e-06,3.7768984669000991e-06,1.3485583310542889e-06,3.4539865797565083e-07,1.1793297658564531e-07
254,3.1775621010776751e-05,9.2660983906917417e-06,9.9659474590522290e-06,7.1113362329491827e-06,3.6700612908016644e-06,1.3107768329935496e-06,3.3623154849817697e-07,1.1516925579020221e-07
255,3.0876711233388130e-05,9.0033989549914998e-06,9.6834260194940336e-06,6.9098130014944753e-06,3.5662457701941142e-06,1.2740534516323811e-06,3.2730656583618491e-07,1.1246746974544339e-07
256,3.0003230034715262e-05,8.7481474078774591e-06,9.4089136616019068e-06,6.7140002386572914e-06,3.4653664744828393e-06,1.2383585730308651e-06,3.1861735215128883e-07,1.0982632691361648e-07
257,2.9154458148452528e-05,8.5001325791273165e-06,9.1421833426109346e-06,6.5237361548675502e-06,3.3673403863873131e-06,1.2036634108868260e-06,3.1015771529406759e-07,1.0724455927851996e-07
258,2.8329696648990779e-05,8.2591492866376698e-06,8.8830144557355007e-06,6.3388635426533145e-06,3.2720868339059669e-06,1.1699399834800946e-06,3.0192162453272423e-07,1.0472092204550843e-07
259,2.7528266376476166e-05,8.0249981665664539e-06,8.6311926477478223e-06,6.1592296469882626e-06,3.1795274241897423e-06,1.1371610912541466e-06,2.9390320638986771e-07,1.0225419333987297e-07
260,2.6749507378100516e-05,7.7974855082971619e-06,8.3865096417257402e-06,5.9846860392996823e-06,3.0895859792714144e-06,1.1053002950178234e-06,2.8609674058478274e-07,9.9843173903912938e-08
261,2.5992778365166199e-05,7.5764230940876579e-06,8.1487630648232886e-06,5.8150884950341726e-06,3.0021884735991859e-06,1.0743318947502833e-06,2.7849665607860810e-07,9.7486686793000336e-08
262,2.5257456185481519e-05,7.3616280432704213e-06,7.9177562809219247e-06,5.6502968746811155e-06,2.9172629733244558e-06,1.0442309089927806e-06,2.7109752721989983e-07,9.5183577070922811e-08
263,2.4542935310654765e-05,7.1529226608747896e-06,7.6932982280240553e-06,5.4901750081567218e-06,2.8347395772950144e-06,1.0149730548112861e-06,2.6389406998811788e-07,9.2932711504776923e-08
264,2.3848627337867278e-05,6.9501342905455403e-06,7.4752032602546355e-06,5.3345905824541940e-06,2.7545503597062310e-06,9.8653472831438388e-07,2.5688113833262423e-07,9.0732978259668825e-08
265,2.3173960505717781e-05,6.7530951716356408e-06,7.2632909943403054e-06,5.1834150324681336e-06,2.6766293143641036e-06,9.5889298571128968e-07,2.5005372060484086e-07,8.8583286593466645e-08
266,2.2518379223741280e-05,6.5616423003545677e-06,7.0573861604392105e-06,5.0365234349039062e-06,2.6009123005152646e-06,9.3202552489522931e-07,2.4340693608126565e-07,8.6482566551835753e-08
267,2.1881343615217368e-05,6.3756172948569295e-06,6.8573184571982996e-06,4.8937944051851457e-06,2.5273369902003022e-06,9.0591066753781057e-07,2.3693603157510020e-07,8.4429768663775186e-08
268,2.1262329072893230e-05,6.1948662641594194e-06,6.6629224109183429e-06,4.7551099972750216e-06,2.4558428170878945e-06,8.8052734168039250e-07,2.3063637813429299e-07,8.2423863637862280e-08
269,2.0660825827257376e-05,6.0192396807773389e-06,6.4740372387102896e-06,4.6203556063291934e-06,2.3863709267484603e-06,8.5585506480883788e-07,2.2450346782385488e-07,8.0463842059400364e-08
270,2.0076338527010215e-05,5.8485922569750172e-06,6.2905067155299251e-06,4.4894198741007449e-06,2.3188641283271350e-06,8.3187392739838554e-07,2.1853291059035082e-07,7.8548714088653888e-08
271,1.9508385831387500e-05,5.6827828245274444e-06,6.1121790449809365e-06,4.3621945970195285e-06,2.2532668475769834e-06,8.0856457691573972e-07,2.1272043120652430e-07,7.6677509160344117e-08
272,1.8956500014002516e-05,5.5216742178933944e-06,5.9389067337796411e-06,4.2385746368706036e-06,2.1895250812144397e-06,7.8590820226581298e-07,2.0706186629405529e-07,7.4849275684569000e-08
273,1.8420226577881938e-05,5.3651331607031455e-06,5.7705464697776152e-06,4.1184578339984726e-06,2.1275863525600033e-06,7.6388651867089648e-07,2.0155316142250261e-07,7.3063080749300363e-08
274,1.7899123881379777e-05,5.2130301554666390e-06,5.6069590034414629e-06,4.0017449229659465e-06,2.0673996684282399e-06,7.4248175297035943e-07,1.9619036828252633e-07,7.1318009824602784e-08
275,1.7392762774662439e-05,5.0652393764106457e-06,5.4480090326917336e-06,3.8883394505984019e-06,2.0089154772321197e-06,7.2167662932929670e-07,1.9096964193153122e-07,6.9613166468708973e-08
276,1.6900726246466601e-05,4.9216385653560525e-06,5.2935650910058336e-06,3.7781476963461643e-06,1.9520856282677025e-06,7.0145435534485802e-07,1.8588723810991644e-07,6.7947672036078226e-08
277,1.6422609080840159e-05,4.7821089305489734e-06,5.1434994386924577e-06,3.6710785948996303e-06,1.8968633321460918e-06,6.8179860853929001e-07,1.8093951062616040e-07,6.6320665387555933e-08
278,1.5958017523584328e-05,4.6465350483617987e-06,4.9976879572476528e-06,3.5670436609935683e-06,1.8432031223405275e-06,6.6269352322902461e-07,1.7612290880901242e-07,6.4731302602744419e-08
279,1.5506568958123304e-05,4.5148047677827029e-06,4.8560100467052244e-06,3.4659569163388127e-06,1.7910608178173414e-06,6.4412367775942965e-07,1.7143397502510308e-07,6.3178756694687707e-08
280,1.5067891590535190e-05,4.3868091176144470e-06,4.7183485258966114e-06,3.3677348186213243e-06,1.7403934867203924e-06,6.2607408209512257e-07,1.6686934226032701e-07,6.1662217326965285e-08
281,1.4641624143485739e-05,4.2624422163055636e-06,4.5845895355378159e-06,3.2722961925102486e-06,1.6911594110794181e-06,6.0853016575601854e-07,1.6242573176339168e-07,6.0180890533283446e-08
282,1.4227415558813422e-05,4.1416011843391955e-06,4.4546224440632422e-06,3.1795621626182462e-06,1.6433180525135765e-06,5.9147776608955192e-07,1.5809995074996358e-07,5.8733998439645775e-08
283,1.3824924708521696e-05,4.0241860591069962e-06,4.3283397561286477e-06,3.0894560883589829e-06,1.5968300189022370e-06,5.7490311686977289e-07,1.5388889016588254e-07,5.7320778989177778e-08
284,1.3433820113941015e-05,3.9100997121975440e-06,4.2056370237075234e-06,3.0019035006481966e-06,1.5516570319958592e-06,5.5879283721426536e-07,1.4978952250795127e-07,5.5940485669675242e-08
285,1.3053779672829882e-05,3.7992477690307472e-06,4.0864127597074586e-06,2.9168320403962491e-06,1.5077618959405561e-06,5.4313392081009019e-07,1.4579889970084382e-07,5.4592387243939226e-08
286,1.2684490394190790e-05,3.6915385307716550e-06,3.9705683540350264e-06,2.8341713987415859e-06,1.4651084666906651e-06,5.2791372544018733e-07,1.4191415102871272e-07,5.3275767482955788e-08
287,1.2325648140583099e-05,3.5868828984589889e-06,3.8580079920398533e-06,2.7538532589758917e-06,1.4236616222843739e-06,5.1311996280191055e-07,1.3813248112010862e-07,5.1989924901972682e-08
288,1.1976957377721195e-05,3.4851942992855283e-06,3.7486385752703982e-06,2.6758112401131602e-06,1.3833872339581344e-06,4.9874068860959287e-07,1.3445116798486018e-07,5.0734172499520368e-08
289,1.1638130931152028e-05,3.3863886149693092e-06,3.6423696444759665e-06,2.5999808420561924e-06,1.3442521380762800e-06,4.8476429297326443e-07,1.3086756110159689e-07,4.9507837499420075e-08
290,1.1308889749812201e-05,3.2903841121562821e-06,3.5391133047912805e-06,2.5262993923154170e-06,1.3062241088529189e-06,4.7117949104585690e-07,1.2737907955462713e-07,4.8310261095816626e-08
291,1.0988962676270099e-05,3.1971013747968030e-06,3.4387841530417490e-06,2.4547059942361112e-06,1.2692718318438062e-06,4.5797531393144335e-07,1.2398321021891797e-07,4.7140798201269560e-08
292,1.0678086223464378e-05,3.1064632384399325e-06,3.3412992071093472e-06,2.3851414766914101e-06,1.2333648781865404e-06,4.4514109984726137e-07,1.2067750599195319e-07,4.5998817197932004e-08
293,1.0376004357755092e-05,3.0183947263911466e-06,3.2465778373006954e-06,2.3175483451996488e-06,1.1984736795680109e-06,4.3266648553247136e-07,1.1745958407127578e-07,4.4883699691842549e-08
294,1.0082468288109261e-05,2.9328229876805801e-06,3.1545416996605919e-06,2.2518707344257678e-06,1.1645695038986270e-06,4.2054139789679123e-07,1.1432712427655214e-07,4.3794840270351699e-08
295,9.7972362612474396e-06,2.8496772367904300e-06,3.0651146711758678e-06,2.1880543620276494e-06,1.1316244316734320e-06,4.0875604590234035e-07,1.1127786741502258e-07,4.2731646262700745e-08
296,9.5200733625828851e-06,2.7688886950916151e-06,2.9782227868159803e-06,2.1260464838093347e-06,1.0996113330007464e-06,3.9730091267220806e-07,1.0830961368923192e-07,4.1693537503767880e-08
297,9.2507513227896251e-06,2.6903905339412048e-06,2.8937941783582928e-06,2.0657958501441825e-06,1.0685038452795527e-06,3.8616674781943812e-07,1.0542022114596129e-07,4.0679946100992420e-08
298,8.9890483298403856e-06,2.6141178193934883e-06,2.8117590149474501e-06,2.0072526636320231e-06,1.0382763515073293e-06,3.7534455999030004e-07,1.0260760416530865e-07,3.9690316204485653e-08
299,8.7347488463597552e-06,2.5400074584789247e-06,2.7320494453397182e-06,1.9503685379554224e-06,1.0089039592005823e-06,3.6482560961588027e-07,9.9869731988892712e-08,3.8724103780333410e-08
300,8.4876434321423683e-06,2.4679981470064790e-06,2.6545995417844994e-06,1.8950964579011241e-06,9.8036247991079813e-07,3.5460140186619650e-07,9.7204627286179623e-08,3.7780776387092880e-08
301,8.2475285716901817e-06,2.3980303188461451e-06,2.5793452454966537e-06,1.8413907405137057e-06,9.5262840931904187e-07,3.4466367980119488e-07,9.4610364757957449e-08,3.6859812955483486e-08
302,8.0142065066268873e-06,2.3300460966496553e-06,2.5062243136745112e-06,1.7892069973494157e-06,9.2567890789288096e-07,3.3500441771314669e-07,9.2085069776007679e-08,3.5960703571269375e-08
303,7.7874850728517116e-06,2.2639892439685931e-06,2.4351762680197764e-06,1.7385020977990640e-06,8.9949178208979001e-07,3.2561581465511363e-07,8.9626917058046654e-08,3.5082949261328257e-08
304,7.5671775422985692e-06,2.1998051187302616e-06,2.3661423447167542e-06,1.6892341334497075e-06,8.7404546609161518e-07,3.1649028815029714e-07,8.7234129377033374e-08,3.4226061782899730e-08
305,7.3531024691703980e-06,2.1374406280327997e-06,2.2990654458295253e-06,1.6413623834557466e-06,8.4931900405513059e-07,3.0762046807722939e-07,8.4904976303962879e-08,3.3389563416003589e-08
306,7.1450835405222022e-06,2.0768441842221246e-06,2.2338900920768953e-06,1.5948472808908480e-06,8.2529203286412402e-07,2.9899919072590664e-07,8.2637772983286014e-08,3.2572986759016912e-08
307,6.9429494310698280e-06,2.0179656622143482e-06,2.1705623769460459e-06,1.5496503800529522e-06,8.0194476536886842e-07,2.9061949302009771e-07,8.0430878940118581e-08,3.1775874527397004e-08
308,6.7465336621050499e-06,1.9607563580283381e-06,2.1090299221069561e-06,1.5057343246953775e-06,7.7925797409922495e-07,2.8247460690119456e-07,7.8282696918423871e-08,3.0997779355535035e-08
309,6.5556744644008451e-06,1.9051689484940989e-06,2.0492418340907191e-06,1.4630628171578140e-06,7.5721297543801671e-07,2.7455795386909914e-07,7.6191671749372930e-08,3.0238263601724255e-08
310,6.3702146449940641e-06,1.8511574521036279e-06,1.9911486621959255e-06,1.4216005883717300e-06,7.3579161424168304e-07,2.6686313967576686e-07,7.4156289249107012e-08,2.9496899156224411e-08
311,6.1900014577358875e-06,1.7986771909718461e-06,1.9347023575883095e-06,1.3813133687154409e-06,7.1497624889559447e-07,2.5938394916714699e-07,7.2175075145146524e-08,2.8773267252403220e-08
312,6.0148864775035075e-06,1.7476847538761119e-06,1.8798562335598282e-06,1.3421678596947877e-06,6.9474973679175483e-07,2.5211434126938016e-07,7.0246594030709818e-08,2.8066958280933875e-08
313,5.8447254779695530e-06,1.6981379603437405e-06,1.8265649269143113e-06,1.3041317064260497e-06,6.7509542021697491e-07,2.4504844411522629e-07,6.8369448346223320e-08,2.7377571607026689e-08
314,5.6793783128286484e-06,1.6499958257577941e-06,1.7747843604477471e-06,1.2671734708983784e-06,6.5599711263992371e-07,2.3818055030680938e-07,6.6542277387323510e-08,2.6704715390671486e-08
315,5.5187088003833493e-06,1.6032185274522766e-06,1.7244717064921761e-06,1.2312626059936856e-06,6.3743908538580142e-07,2.3150511231087432e-07,6.4763756338668282e-08,2.6048006409866595e-08
316,5.3625846113944890e-06,1.5577673717686655e-06,1.6755853514930456e-06,1.1963694302425353e-06,6.1940605468768561e-07,2.2501673798285535e-07,6.3032595332892994e-08,2.5407069886809025e-08
317,5.2108771601036079e-06,1.5136047620465251e-06,1.6280848615907226e-06,1.1624651032952001e-06,6.0188316910391850e-07,2.1871018621616015e-07,6.1347538534062922e-08,2.4781539317019499e-08
318,5.0634614983377813e-06,1.4706941675217027e-06,1.5819309491777094e-06,1.1295216020876355e-06,5.8485599729119526e-07,2.1258036271317221e-07,5.9707363244990992e-08,2.4171056301375447e-08
319,4.9202162126096832e-06,1.4290000931063816e-06,1.5370854404039017e-06,1.0975116976826860e-06,5.6831051612331228e-07,2.0662231587457299e-07,5.8110879037804822e-08,2.3575270381023750e-08
320,4.7810233241281857e-06,1.3884880500259702e-06,1.4935112436030099e-06,1.0664089327674123e-06,5.5223309914580781e-07,2.0083123280367783e-07,5.6556926907163490e-08,2.2993838875144808e-08
321,4.6457681916371932e-06,1.3491245272885427e-06,1.4511723186140372e-06,1.0361875997879489e-06,5.3661050535701281e-07,1.9520243542257351e-07,5.5044378445539451e-08,2.2426426721538530e-08
322,4.5143394170027167e-06,1.3108769639632088e-06,1.4100336469724441e-06,1.0068227197038439e-06,5.2142986830628831e-07,1.8973137669693390e-07,5.3572135039995690e-08,2.1872706320002300e-08
323,4.3866287534704998e-06,1.2737137222444861e-06,1.3700612029463373e-06,9.7829002134433428e-07,5.0667868550049242e-07,1.8441363696647656e-07,5.2139127089903136e-08,2.1332357378470484e-08
324,4.2625310165186409e-06,1.2376040612803743e-06,1.3312219253937400e-06,9.5056592134950972e-07,4.9234480810996642e-07,1.7924492037810877e-07,5.0744313245057191e-08,2.0805066761884508e-08
325,4.1419439972318494e-06,1.2025181117424876e-06,1.2934836904176583e-06,9.2362750467980044e-07,4.7841643096558096e-07,1.7422105141889388e-07,4.9386679663666174e-08,2.0290528343762056e-08
326,4.0247683781260108e-06,1.1684268511171908e-06,1.2568152847963363e-06,8.9745250567768985e-07,4.6488208283861619e-07,1.6933797154604657e-07,4.8065239289697795e-08,1.9788442860433558e-08
327,3.9109076513537710e-06,1.1353020796973048e-06,1.2211863801667211e-06,8.7201928966601424e-07,4.5173061699548812e-07,1.6459173591124634e-07,4.6779031149083170e-08,1.9298517767913884e-08
328,3.8002680392237942e-06,1.1031163972545081e-06,1.1865675079397856e-06,8.4730683506765034e-07,4.3895120201955049e-07,1.5997851017663239e-07,4.5527119664290356e-08,1.8820467101376701e-08
329,3.6927584169682620e-06,1.0718431803731394e-06,1.1529300349269661e-06,8.2329471603181944e-07,4.2653331289242978e-07,1.5549456741991650e-07,4.4308593986792029e-08,1.8354011337198715e-08
330,3.5882902376950380e-06,1.0414565604266385e-06,1.1202461396575528e-06,7.9996308555266252e-07,4.1446672232755611e-07,1.5113628512612298e-07,4.3122567346964130e-08,1.7898877257541004e-08
331,3.4867774594626993e-06,1.0119314021784141e-06,1.0884887893674490e-06,7.7729265906614004e-07,4.0274149234876479e-07,1.4690014226353327e-07,4.1968176420964025e-08,1.7454797817434094e-08
332,3.3881364744183959e-06,9.8324328298942157e-07,1.0576317176402650e-06,7.5526469851170525e-07,3.9134796610704167e-07,1.4278271644148052e-07,4.0844580714148332e-08,1.7021512014333665e-08
333,3.2922860399402071e-06,9.5536847261525739e-07,1.0276494026822558e-06,7.3386099684559007e-07,3.8027675992868201e-07,1.3878068114770628e-07,3.9750961960601881e-08,1.6598764760113331e-08
334,3.1991472117272831e-06,9.2828391357604610e-07,9.9851704621313536e-07,7.1306386299290450e-07,3.6951875558832248e-07,1.3489080306305291e-07,3.8686523538360196e-08,1.6186306755461134e-08
335,3.1086432787826981e-06,9.0196720208288401e-07,9.7021055295530493e-07,6.9285610722612454e-07,3.5906509280048963e-07,1.3110993945133023e-07,3.7650489899918657e-08,1.5783894366646133e-08
336,3.0206997002354763e-06,8.7639656950505825e-07,9.4270651070453712e-07,6.7322102695788426e-07,3.4890716192349037e-07,1.2743503562225295e-07,3.6642106017631751e-08,1.5391289504621521e-08
337,2.9352440439497629e-06,8.5155086436270415e-07,9.1598217096562689e-07,6.5414239293634024e-07,3.3903659686963876e-07,1.2386312246540553e-07,3.5660636843616388e-08,1.5008259506430799e-08
338,2.8522059268706098e-06,8.2740953483000777e-07,8.9001543013699838e-07,6.3560443583169932e-07,3.2944526821599035e-07,1.2039131405324762e-07,3.4705366783782644e-08,1.4634577018883378e-08
339,2.7715169570572379e-06,8.0395261173447232e-07,8.6478481122870231e-07,6.1759183320283003e-07,3.2012527650991321e-07,1.1701680531122864e-07,3.3775599185625390e-08,1.4270019884466231e-08
340,2.6931106773560666e-06,7.8116069203818823e-07,8.4026944609868659e-07,6.0008969683319040e-07,3.1106894576398950e-07,1.1373686975313443e-07,3.2870655839419547e-08,1.3914371029458136e-08
341,2.6169225106671071e-06,7.5901492278743654e-07,8.1644905819264473e-07,5.8308356042560785e-07,3.0226881713489345e-07,1.1054885727984054e-07,3.1989876492470730e-08,1.3567418354213303e-08
342,2.5428897067586696e-06,7.3749698551734750e-07,7.9330394577316776e-07,5.6655936764574488e-07,2.9371764278104689e-07,1.0745019203969893e-07,3.1132618376082333e-08,1.3228954625581142e-08
343,2.4709512905865816e-06,7.1658908109871421e-07,7.7081496562433048e-07,5.5050346050437066e-07,2.8540837989399580e-07,1.0443837034883285e-07,3.0298255744908431e-08,1.2898777371429225e-08
344,2.4010480120753640e-06,6.9627391501442025e-07,7.4896351721823195e-07,5.3490256806884340e-07,2.7733418489859734e-07,1.0151095866966420e-07,2.9486179428370751e-08,1.2576688777236530e-08
345,2.3331222973200104e-06,6.7653468305330593e-07,7.2773152733039531e-07,5.1974379549447001e-07,2.6948840781724497e-07,9.8665591646043851e-08,2.8695796393825959e-08,1.2262495584724322e-08
346,2.2671182011681840e-06,6.5735505740963241e-07,7.0710143509130188e-07,5.0501461336668617e-07,2.6186458679349232e-07,9.5899970193400878e-08,2.7926529321177752e-08,1.1956008992492175e-08
347,2.2029813611437978e-06,6.3871917317664704e-07,6.8705617746169915e-07,4.9070284734524647e-07,2.5445644277057062e-07,9.3211859642371238e-08,2.7177816188636118e-08,1.1657044558626814e-08
348,2.1406589526740204e-06,6.2061161522307505e-07,6.6757917511966280e-07,4.7679666810186939e-07,2.4725787432041856e-07,9.0599087934409188e-08,2.6449109869333597e-08,1.1365422105251801e-08
349,2.0800996455828485e-06,6.0301740544167900e-07,6.4865431874774832e-07,4.6328458154302186e-07,2.4026295261896956e-07,8.8059543867926913e-08,2.5739877738516189e-08,1.1080965624986167e-08
350,2.0212535618154094e-06,5.8592199035933998e-07,6.3026595570888122e-07,4.5015541930976499e-07,2.3346591656356082e-07,8.5591175393547841e-08,2.5049601291033550e-08,1.0803503189280471e-08
351,1.9640722343581974e-06,5.6931122909840741e-07,6.1239887709997605e-07,4.3739832954681028e-07,2.2686116802844473e-07,8.3191987957099321e-08,2.4377775768860286e-08,1.0532866858598932e-08
352,1.9085085673213951e-06,5.5317138167936034e-07,5.9503830517256534e-07,4.2500276793315850e-07,2.2044326725449809e-07,8.0860042889008741e-08,2.3723909798387255e-08,1.0268892594416617e-08
353,1.8545167971504210e-06,5.3748909765510183e-07,5.7816988111004222e-07,4.1295848896690964e-07,2.1420692836933472e-07,7.8593455838803602e-08,2.3087525037228199e-08,1.0011420173000897e-08
354,1.8020524549347569e-06,5.2225140506748393e-07,5.6177965315140455e-07,4.0125553749704184e-07,2.0814701503413222e-07,7.6390395253453964e-08,2.2468155830293948e-08,9.7602931009467415e-09
355,1.7510723297830156e-06,5.0744569971692855e-07,5.4585406505167670e-07,3.8988424049516161e-07,2.0225853621359153e-07,7.4249080898329187e-08,2.1865348874892558e-08,9.5153585324355779e-09
356,1.7015344332340879e-06,4.9305973473626564e-07,5.3037994486946547e-07,3.7883519906042571e-07,1.9653664206554580e-07,7.2167782419576783e-08,2.1278662894620231e-08,9.2764671881879616e-09
357,1.6533979646750619e-06,4.7908161046016398e-07,5.1534449407237728e-07,3.6809928065102773e-07,1.9097661994683555e-07,7.0144817946763541e-08,2.0707668321813664e-08,9.0434732760803775e-09
358,1.6066232777374399e-06,4.6549976458177534e-07,5.0073527695128363e-07,3.5766761153582956e-07,1.8557389053216186e-07,6.8178552734651839e-08,2.0151946988340701e-08,8.8162344133970085e-09
359,1.5611718476439653e-06,4.5230296258844606e-07,4.8654021033468208e-07,3.4753156945989963e-07,1.8032400404272252e-07,6.6267397843015739e-08,1.9611091824511703e-08,8.5946115506874727e-09
360,1.5170062394791866e-06,4.3948028846858625e-07,4.7274755359464261e-07,3.3768277651789723e-07,1.7522263658152659e-07,6.4409808853431855e-08,1.9084706565899811e-08,8.3784688972020148e-09
361,1.4740900773576149e-06,4.2702113568200870e-07,4.5934589893607431e-07,3.2811309222941251e-07,1.7026558657237010e-07,6.2604284622009785e-08,1.8572405467863674e-08,8.1676738478758004e-09
362,1.4323880144640921e-06,4.1491519838626572e-07,4.4632416196128286e-07,3.1881460681054024e-07,1.6544877129954114e-07,6.0849366067056139e-08,1.8073813027571631e-08,7.9620969118344514e-09
363,1.3918657039416897e-06,4.0315246291172900e-07,4.3367157250200978e-07,3.0977963463612652e-07,1.6076822354540591e-07,5.9143634990693950e-08,1.7588563713331499e-08,7.7616116423931691e-09
364,1.3524897706031693e-06,3.9172319947835633e-07,4.2137766571137589e-07,3.0100070788728579e-07,1.5622008832310721e-07,5.7485712933486818e-08,1.7116301701035178e-08,7.5660945685222937e-09
365,1.3142277834427045e-06,3.8061795414729667e-07,4.0943227340835752e-07,2.9247057037893689e-07,1.5180061970168479e-07,5.5874260061143905e-08,1.6656680617532267e-08,7.3754251277522782e-09
366,1.2770482289252264e-06,3.6982754100067344e-07,3.9782551566763771e-07,2.8418217156225976e-07,1.4750617772100469e-07,5.4307974082407330e-08,1.6209363290751675e-08,7.1894856004916274e-09
367,1.2409204850313984e-06,3.5934303454307706e-07,3.8654779264787651e-07,2.7612866069711249e-07,1.4333322539395680e-07,5.2785589197248978e-08,1.5774021506394905e-08,7.0081610457315419e-09
368,1.2058147960368382e-06,3.4915576231848096e-07,3.7558977665164052e-07,2.6830338118959564e-07,1.3927832579345205e-07,5.1305875074528073e-08,1.5350335771029249e-08,6.8313392381114325e-09
369,1.1717022480048222e-06,3.3925729773647458e-07,3.6494240441042544e-07,2.6069986509008236e-07,1.3533813922182183e-07,4.9867635858284655e-08,1.4937995081413637e-08,6.6589106063198070e-09
370,1.1385547449722894e-06,3.2963945310187726e-07,3.5459686958839020e-07,2.5331182774716760e-07,1.3150942046028795e-07,4.8469709201867009e-08,1.4536696699894141e-08,6.4907681728053882e-09
371,1.1063449858095241e-06,3.2029427284196748e-07,3.4454461549860176e-07,2.4613316261311816e-07,1.2778901609623897e-07,4.7110965329113807e-08,1.4146145935710451e-08,6.3268074947736363e-09
372,1.0750464417344715e-06,3.1121402692572573e-07,3.3477732802576720e-07,2.3915793619653034e-07,1.2417386192611193e-07,4.5790306121833229e-08,1.3766055932058664e-08,6.1669266064442942e-09
373,1.0446333344631586e-06,3.0239120446964623e-07,3.2528692874959880e-07,2.3238038315802361e-07,1.2066098043174141e-07,4.4506664232842854e-08,1.3396147458759860e-08,6.0110259625458178e-09
374,1.0150806149782310e-06,2.9381850752482718e-07,3.1606556826312392e-07,2.2579490154491747e-07,1.1724747832809708e-07,4.3259002223854414e-08,1.3036148710387719e-08,5.8590083830229715e-09
375,9.8636394289811544e-07,2.8548884504020277e-07,3.0710561968041468e-07,2.1939604816095204e-07,1.1393054418039152e-07,4.2046311727507772e-08,1.2685795109712349e-08,5.7107789989342254e-09
376,9.5845966642982266e-07,2.7739532699692000e-07,2.9839967232836587e-07,2.1317853406722645e-07,1.1070744608859549e-07,4.0867612632877800e-08,1.2344829116321143e-08,5.5662451995159120e-09
377,9.3134480288887423e-07,2.6953125870901037e-07,2.8994052561730487e-07,2.0713722021063651e-07,1.0757552943745389e-07,3.9721952293796899e-08,1.2013000040281143e-08,5.4253165803904500e-09
378,9.0499701977031336e-07,2.6189013528564072e-07,2.8172118308536283e-07,2.0126711317619806e-07,1.0453221471015045e-07,3.8608404759354152e-08,1.1690063860710850e-08,5.2879048928963286e-09
379,8.7939461635521137e-07,2.5446563625036269e-07,2.7373484661168241e-07,1.9556336105974560e-07,1.0157499536381980e-07,3.7526070025950089e-08,1.1375783049132946e-08,5.1539239945178456e-09
380,8.5451650583751641e-07,2.4725162031290948e-07,2.6597491079367412e-07,1.9002124945759540e-07,9.8701435765158380e-08,3.6474073310303386e-08,1.1069926397482640e-08,5.0232898003929789e-09
381,8.3034219795652899e-07,2.4024212028921522e-07,2.5843495748367207e-07,1.8463619756985765e-07,9.5909169184433582e-08,3.5451564342822826e-08,1.0772268850649675e-08,4.8959202358780871e-09
382,8.0685178212069940e-07,2.3343133816545479e-07,2.5110875048046969e-07,1.7940375441417779e-07,9.3195895846239449e-08,3.4457716680773964e-08,1.0482591343435160e-08,4.7717351901484812e-09
383,7.8402591100884493e-07,2.2681364030202026e-07,2.4399023037134500e-07,1.7431959514677747e-07,9.0559381035394108e-08,3.3491727040686409e-08,1.0200680641807558e-08,4.6506564708142658e-09
384,7.6184578463528743e-07,2.2038355277346757e-07,2.3707350952030843e-07,1.6937951748775391e-07,8.7997453256418690e-08,3.2552814649462592e-08,9.9263291883450464e-09,4.5326077595311578e-09
385,7.4029313486577938e-07,2.1413575684057829e-07,2.3035286719842934e-07,1.6457943824768417e-07,8.5508002445082086e-08,3.1640220613664460e-08,9.6593349517545435e-09,4.4175145685863457e-09
386,7.1935021037147314e-07,2.0806508455079013e-07,2.2382274485221197e-07,1.5991538995266256e-07,8.3088978230539349e-08,3.0753207306468836e-08,9.3995012803604555e-09,4.3053041984397807e-09
387,6.9899976200853733e-07,2.0216651446335786e-07,2.1747774150610840e-07,1.5538351756498181e-07,8.0738388246631890e-08,2.9891057771796696e-08,9.1466367594590187e-09,4.1959056962016054e-09
388,6.7922502861137932e-07,1.9643516749570790e-07,2.1131260929536507e-07,1.5098007529674838e-07,7.8454296490959074e-08,2.9053075145135317e-08,8.9005550724368053e-09,4.0892498150267736e-09
389,6.6000972318777582e-07,1.9086630288755060e-07,2.0532224912550884e-07,1.4670142351379760e-07,7.6234821730370285e-08,2.8238582090585751e-08,8.6610748655546637e-09,3.9852689744082068e-09
390,6.4133801950453863e-07,1.8545531427941204e-07,1.9950170645488134e-07,1.4254402572734941e-07,7.4078135951563573e-08,2.7446920253681248e-08,8.4280196163008322e-09,3.8838972213502096e-09
391,6.2319453905266873e-07,1.8019772590234086e-07,1.9384616719673465e-07,1.3850444567091913e-07,7.1982462855515622e-08,2.6677449729534792e-08,8.2012175052195957e-09,3.7850701924040878e-09
392,6.0556433838126530e-07,1.7508918887563882e-07,1.8835095373749796e-07,1.3457934446006651e-07,6.9946076394502876e-08,2.5929548545886529e-08,7.9805012911241852e-09,3.6887250765483477e-09
393,5.8843289678975346e-07,1.7012547760955223e-07,1.8301152106792191e-07,1.3076547783263572e-07,6.7967299350508826e-08,2.5202612160633673e-08,7.7657081896050937e-09,3.5948005788960461e-09
394,5.7178610436829942e-07,1.6530248630994870e-07,1.7782345302390136e-07,1.2705969346720540e-07,6.6044501953847160e-08,2.4496052973437262e-08,7.5566797547472184e-09,3.5032368852122538e-09
395,5.5561025037655690e-07,1.6061622558208754e-07,1.7278245863386645e-07,1.2345892837753211e-07,6.4176100540862907e-08,2.3809299851011502e-08,7.3532617639716030e-09,3.4139756272248579e-09
396,5.3989201195117992e-07,1.5606281913067476e-07,1.6788436856972112e-07,1.1996020638083390e-07,6.2360556249605948e-08,2.3141797665712430e-08,7.1553041059195861e-09,3.3269598487122326e-09
397,5.2461844313279604e-07,1.5163850055347273e-07,1.6312513169839433e-07,1.1656063563782112e-07,6.0596373752403272e-08,2.2493006847053372e-08,6.9626606712995263e-09,3.2421339723516136e-09
398,5.0977696420340559e-07,1.4733961022581245e-07,1.5850081173115034e-07,1.1325740626244163e-07,5.8882100024285509e-08,2.1862402945785167e-08,6.7751892466181451e-09,3.1594437673122987e-09
399,4.9535535132542517e-07,1.4316259227343065e-07,1.5400758396788812e-07,1.1004778799936432e-07,5.7216323146254123e-08,2.1249476210189132e-08,6.5927514107207199e-09,3.0788363175780770e-09
400,4.8134172647383956e-07,1.3910399163112850e-07,1.4964173213373575e-07,1.0692912796728160e-07,5.5597671142403196e-08,2.0653731174240727e-08,6.4152124340662521e-09,3.0002599909835995e-09
401,4.6772454765317340e-07,1.3516045118481832e-07,1.4539964530532436e-07,1.0389884846616551e-07,5.4024810849938384e-08,2.0074686257311472e-08,6.2424411806657026e-09,2.9236644089496533e-09
402,4.5449259939122196e-07,1.3132870899459381e-07,1.4127781492419902e-07,1.0095444484666518e-07,5.2496446821162323e-08,1.9511873375085736e-08,6.0743100126132651e-09,2.8490004169026067e-09
403,4.4163498350171444e-07,1.2760559559652801e-07,1.3727283189489553e-07,9.8093483439884203e-08,5.1011320256522276e-08,1.8964837561378460e-08,5.9106946971424395e-09,2.7762200553635514e-09
404,4.2914111010830030e-07,1.2398803138096534e-07,1.3338138376528448e-07,9.5313599545827439e-08,4.9568207967841214e-08,1.8433136600548342e-08,5.7514743161405233e-09,2.7052765316929468e-09
405,4.1700068892246504e-07,1.2047302404514061e-07,1.2960025198684850e-07,9.2612495478853935e-08,4.8165921370878611e-08,1.7916340670209700e-08,5.5965311780567983e-09,2.6361241924768253e-09
406,4.0520372076819429e-07,1.1705766611801658e-07,1.2592630925262866e-07,8.9987938668521070e-08,4.6803305506391077e-08,1.7414031993954550e-08,5.4457507321414373e-09,2.5687184965409045e-09
407,3.9374048934640376e-07,1.1373913255529354e-07,1.2235651691063634e-07,8.7437759814249521e-08,4.5479238088886906e-08,1.6925804503804496e-08,5.2990214849537727e-09,2.5030159885791879e-09
408,3.8260155323235270e-07,1.1051467840260088e-07,1.1888792245059263e-07,8.4959851092284587e-08,4.4192628582290687e-08,1.6451263512119840e-08,5.1562349190801877e-09,2.4389742733838996e-09
409,3.7177773809944983e-07,1.0738163652493794e-07,1.1551765706191549e-07,8.2552164413470950e-08,4.2942417301757081e-08,1.5990025392701022e-08,5.0172854140034526e-09,2.3765519906638567e-09
410,3.6126012916304747e-07,1.0433741540048586e-07,1.1224293326093561e-07,8.0212709730401640e-08,4.1727574540893990e-08,1.5541717270824889e-08,4.8820701690668468e-09,2.3157087904386248e-09
411,3.5104006383800020e-07,1.0137949697696551e-07,1.0906104258537783e-07,7.7939553392541499e-08,4.0547099723676006e-08,1.5105976721965464e-08,4.7504891284778845e-09,2.2564053089960464e-09
412,3.4110912460394075e-07,9.8505434588768347e-08,1.0596935335420162e-07,7.5730816547965690e-08,3.9400020580350118e-08,1.4682451478956014e-08,4.6224449082979437e-09,2.1986031454009763e-09
413,3.3145913207239596e-07,9.5712850933136973e-08,1.0296530849094752e-07,7.3584673590392246e-08,3.8285392346654634e-08,1.4270799147355842e-08,4.4978427253654317e-09,2.1422648385432916e-09
414,3.2208213825003529e-07,9.2999436103721770e-08,1.0004642340878934e-07,7.1499350650225090e-08,3.7202296985691943e-08,1.3870686928792050e-08,4.3765903281015821e-09,2.0873538447134819e-09
415,3.1297041999249996e-07,9.0362945679886505e-08,9.7210283955542675e-08,6.9473124128360130e-08,3.6149842431814232e-08,1.3481791352052811e-08,4.2585979291492289e-09,2.0338345156943471e-09
416,3.0411647264342408e-07,8.7801198870182725e-08,9.4454544416930258e-08,6.7504319271542774e-08,3.5127161855899466e-08,1.3103798011715048e-08,4.1437781397962666e-09,1.9816720773575724e-09
417,2.9551300385340726e-07,8.5312076708457114e-08,9.1776925576452370e-08,6.5591308788099108e-08,3.4133412951412405e-08,1.2736401314095397e-08,4.0320459061367354e-09,1.9308326087541480e-09
418,2.8715292757384794e-07,8.2893520301099507e-08,8.9175212830257901e-08,6.3732511502896688e-08,3.3167777240662900e-08,1.2379304230319328e-08,3.9233184469237091e-09,1.8812830216878461e-09
419,2.7902935822069108e-07,8.0543529123982061e-08,8.6647254355456493e-08,6.1926391050423233e-08,3.2229459400689751e-08,1.2032218056309033e-08,3.8175151930693837e-09,1.8329910407611637e-09
420,2.7113560500328413e-07,7.8260159367680374e-08,8.4190959330357143e-08,6.0171454604902818e-08,3.1317686608215305e-08,1.1694862179496207e-08,3.7145577287489055e-09,1.7859251838833647e-09
421,2.6346516641366765e-07,7.6041522329608115e-08,8.1804296205160907e-08,5.8466251646400084e-08,3.0431707903131053e-08,1.1366963852071367e-08,3.6143697340656515e-09,1.7400547432304503e-09
422,2.5601172487176555e-07,7.3885782851734901e-08,7.9485291021677582e-08,5.6809372761892612e-08,2.9570793569990007e-08,1.1048257970586568e-08,3.5168769292367374e-09,1.6953497666471081e-09
423,2.4876914152206159e-07,7.1791157802595214e-08,7.7232025780676397e-08,5.5199448480320238e-08,2.8734234536996677e-08,1.0738486861733544e-08,3.4220070202586732e-09,1.6517810394808752e-09
424,2.4173145117747871e-07,6.9755914602332751e-08,7.5042636855520597e-08,5.3635148140648766e-08,2.7921341791999333e-08,1.0437400074124246e-08,3.3296896460140621e-09,1.6093200668389600e-09
425,2.3489285740629481e-07,6.7778369789559990e-08,7.2915313450773516e-08,5.2115178792012179e-08,2.7131445815003779e-08,1.0144754175905634e-08,3.2398563267813426e-09,1.5679390562583532e-09
426,2.2824772775805056e-07,6.5856887628847523e-08,7.0848296104501487e-08,5.0638284125024436e-08,2.6363896026741257e-08,9.8603125580452743e-09,3.1524404141105114e-09,1.5276109007800652e-09
427,2.2179058912451596e-07,6.3989878757691565e-08,6.8839875233034721e-08,4.9203243433377355e-08,2.5618060252836196e-08,9.5838452431288583e-09,3.0673770420287654e-09,1.4883091624184898e-09
428,2.1551612323189465e-07,6.2175798871839811e-08,6.6888389716982518e-08,4.7808870604866472e-08,2.4893324203132554e-08,9.3151286995152398e-09,2.9846030795409457e-09,1.4500080560171054e-09
429,2.0941916226055441e-07,6.0413147447888950e-08,6.4992225527333305e-08,4.6454013141010797e-08,2.4189090965750006e-08,9.0539456606988860e-09,2.9040570843905839e-09,1.4126824334818917e-09
430,2.0349468458867493e-07,5.8700466502096467e-08,6.3149814390503133e-08,4.5137551204456127e-08,2.3504780515453112e-08,8.8000849497338455e-09,2.8256792580482501e-09,1.3763077683840148e-09
431,1.9773781065630809e-07,5.7036339384380462e-08,6.1359632491228582e-08,4.3858396693374575e-08,2.2839829235928709e-08,8.5533413085774512e-09,2.7494114018947837e-09,1.3408601409235232e-09
432,1.9214379894644363e-07,5.5419389606509779e-08,5.9620199212230995e-08,4.2615492342095193e-08,2.2193689455577994e-08,8.3135152322158743e-09,2.6751968745678216e-09,1.3063162232459566e-09
433,1.8670804207977084e-07,5.3848279703515145e-08,5.7930075909609787e-08,4.1407810847222420e-08,2.1565828996440954e-08,8.0804128074376568e-09,2.6029805504409049e-09,1.2726532651039391e-09
434,1.8142606301991913e-07,5.2321710127379353e-08,5.6287864722952061e-08,4.0234354018519940e-08,2.0955730735881713e-08,7.8538455561248687e-09,2.5327087792051985e-09,1.2398490798560051e-09
435,1.7629351138605279e-07,5.0838418172091693e-08,5.4692207419173995e-08,3.9094151953858133e-08,2.0362892180673726e-08,7.6336302829354529e-09,2.4643293465247046e-09,1.2078820307950539e-09
436,1.7130615986978166e-07,4.9397176929177109e-08,5.3141784269138086e-08,3.7986262237543195e-08,1.9786825053134043e-08,7.4195889272536384e-09,2.3977914357365697e-09,1.1767310177989982e-09
437,1.6645990075343843e-07,4.7996794272836284e-08,5.1635312956116973e-08,3.6909769161365276e-08,1.9227054888965814e-08,7.2115484192888728e-09,2.3330455905688644e-09,1.1463754642963287e-09
438,1.6175074252685311e-07,4.6636111873857164e-08,5.0171547515200900e-08,3.5863782967721807e-08,1.8683120646477774e-08,7.0093405402070719e-09,2.2700436788489128e-09,1.1167953045394632e-09
439,1.5717480659983931e-07,4.5314004241482204e-08,4.8749277302771882e-08,3.4847439114190323e-08,1.8154574326858857e-08,6.8128017861811637e-09,2.2087388571759875e-09,1.0879709711789105e-09
440,1.5272832410768446e-07,4.4029377792438803e-08,4.7367325995191858e-08,3.3859897558943116e-08,1.7640980605195259e-08,6.6217732362511525e-09,2.1490855365328498e-09,1.0598833831314151e-09
441,1.4840763280701228e-07,4.2781169946362855e-08,4.6024550615876980e-08,3.2900342066412849e-08,1.7141916471925924e-08,6.4361004238869655e-09,2.0910393488112993e-09,1.0325139337354076e-09
442,1.4420917405946191e-07,4.1568348246867121e-08,4.4719840589953089e-08,3.1967979532635303e-08,1.6656970884441309e-08,6.2556332121503158e-09,2.0345571142275433e-09,1.0058444791872157e-09
443,1.4012948990069828e-07,4.0389909507527412e-08,4.3452116825710602e-08,3.1062039329711697e-08,1.6185744428538302e-08,6.0802256723547848e-09,1.9795968096038489e-09,9.7985732725164078e-10
444,1.3616522019234075e-07,3.9244878982080207e-08,4.2220330822099040e-08,3.0181772668848633e-08,1.5727848989452642e-08,5.9097359661260670e-09,1.9261175374935317e-09,9.5453522624063094e-10
445,1.3231309985446324e-07,3.8132309558145203e-08,4.1023463801523007e-08,2.9326451981449227e-08,1.5282907432197749e-08,5.7440262307671517e-09,1.8740794961269737e-09,9.2986135425393434e-10
446,1.2856995617638730e-07,3.7051280973805935e-08,3.9860525867222275e-08,2.8495370317743827e-08,1.4850553290946804e-08,5.5829624678358113e-09,1.8234439501569212e-09,9.0581930867572190e-10
447,1.2493270620355278e-07,3.6000899056400400e-08,3.8730555184539268e-08,2.7687840762463320e-08,1.4430430467202126e-08,5.4264144348444231e-09,1.7741732021819030e-09,8.8239309592132610e-10
448,1.2139835419831402e-07,3.4980294982892036e-08,3.7632617185396451e-08,2.6903195867072015e-08,1.4022192936503386e-08,5.2742555399946055e-09,1.7262305650271645e-09,8.5956712142835062e-10
449,1.1796398917257015e-07,3.3988624561209269e-08,3.6565803795325865e-08,2.6140787098090757e-08,1.3625504463432995e-08,5.1263627398616754e-09,1.6795803347630506e-09,8.3732617988653376e-10
450,1.1462678249019737e-07,3.3025067531959128e-08,3.5529232682411480e-08,2.5399984301054353e-08,1.3240038324683983e-08,4.9826164399462491e-09,1.6341877644413021e-09,8.1565544570087719e-10
451,1.1138398553730841e-07,3.2088826889937311e-08,3.4522046527523005e-08,2.4680175179660221e-08,1.2865477039962283e-08,4.8429003980126684e-09,1.5900190385302501e-09,7.9454046368266455e-10
452,1.0823292745842043e-07,3.1179128224873528e-08,3.3543412315237741e-08,2.3980764789677735e-08,1.2501512110501781e-08,4.7071016301361614e-09,1.5470412480303829e-09,7.7396713996311048e-10
453,1.0517101295666692e-07,3.0295219080866779e-08,3.2592520644863863e-08,2.3301175047199923e-08,1.2147843764976758e-08,4.5751103193828386e-09,1.5052223662522650e-09,7.5392173312450496e-10
454,1.0219572015624142e-07,2.9436368333980569e-08,3.1668585060995399e-08,2.2640844250831163e-08,1.1804180712602465e-08,4.4468197270487685e-09,1.4645312252392397e-09,7.3439084554381782e-10
455,9.9304598525312945e-08,2.8601865587483504e-08,3.0770841403045048e-08,2.1999226617415821e-08,1.1470239903220470e-08,4.3221261063864136e-09,1.4249374928178402e-09,7.1536141494384880e-10
456,9.6495266857702218e-08,2.7791020584234709e-08,2.9898547173217033e-08,2.1375791830924139e-08,1.1145746294171218e-08,4.2009286187487404e-09,1.3864116502592526e-09,6.9682070614711155e-10
457,9.3765411311656073e-08,2.7003162635728213e-08,2.9050980922397006e-08,2.0770024604122501e-08,1.0830432623761693e-08,4.0831292520832609e-09,1.3489249705356374e-09,6.7875630302774595e-10
458,9.1112783504105395e-08,2.6237640067323979e-08,2.8227441653451330e-08,2.0181424252665779e-08,1.0524039191141749e-08,3.9686327417101583e-09,1.3124494971555374e-09,6.6115610065686052e-10
459,8.8535198658836237e-08,2.5493819679206586e-08,2.7427248241441965e-08,1.9609504281259685e-08,1.0226313642407698e-08,3.8573464933205048e-09,1.2769580235630035e-09,6.4400829763680352e-10
460,8.6030533807049350e-08,2.4771086222625807e-08,2.6649738870277582e-08,1.9053791981551122e-08,9.9370107627570218e-09,3.7491805081323524e-09,1.2424240730854983e-09,6.2730138861996442e-10
461,8.3596726038825889e-08,2.4068841890985772e-08,2.5894270485334884e-08,1.8513828041414122e-08,9.6558922745230416e-09,3.6440473101442502e-09,1.2088218794160110e-09,6.1102415700780508e-10
462,8.1231770804059361e-08,2.3386505825361775e-08,2.5160218261597435e-08,1.7989166165308429e-08,9.3827266409231801e-09,3.5418618754273990e-09,1.1761263676152115e-09,5.9516566782591217e-10
463,7.8933720261454005e-08,2.2723513634035686e-08,2.4446975086872019e-08,1.7479372705396991e-08,9.1172888753591706e-09,3.4425415633993363e-09,1.1443131356198473e-09,5.7971526077095944e-10
464,7.6700681674230418e-08,2.2079316925652521e-08,2.3753951059655233e-08,1.6984026303117358e-08,8.8593603561121815e-09,3.3460060500236161e-09,1.1133584362439466e-09,5.6466254342556123e-10
465,7.4530815851216295e-08,2.1453382855612100e-08,2.3080573001234811e-08,1.6502717540910808e-08,8.6087286462802084e-09,3.2521772628815342e-09,1.0832391596597463e-09,5.4999738463708060e-10
466,7.2422335632039120e-08,2.0845193685320442e-08,2.2426283981622372e-08,1.6035048603821303e-08,8.3651873188094263e-09,3.1609793180634120e-09,1.0539328163456129e-09,5.3570990805655561e-10
467,7.0373504415172663e-08,2.0254246353936409e-08,2.1790542858925233e-08,1.5580632950684568e-08,8.1285357864754221e-09,3.0723384588284938e-09,1.0254175204885563e-09,5.2179048583398242e-10
468,6.8382634727625052e-08,1.9680052062259342e-08,2.1172823831776537e-08,1.5139094994635510e-08,7.8985791366742551e-09,2.9861829959838643e-09,9.9767197382926867e-10,5.0822973246628423e-10
469,6.6448086835090585e-08,1.9122135868413496e-08,2.0572616004453350e-08,1.4710069792669931e-08,7.6751279708872612e-09,2.9024432499342358e-09,9.7067544993793312e-10,4.9501849879437511e-10
470,6.4568267391420094e-08,1.8580036294994775e-08,1.9989422964323065e-08,1.4293202744003854e-08,7.4579982486874264e-09,2.8210514943557885e-09,9.4440777890936721e-10,4.8214786614581155e-10
471,6.2741628126298218e-08,1.8053304947354915e-08,1.9422762371268743e-08,1.3888149296981272e-08,7.2470111361588014e-09,2.7419419014485396e-09,9.1884933246635697e-10,4.6960914061959901e-10
472,6.0966664570046124e-08,1.7541506142707258e-08,1.8872165558753620e-08,1.3494574664287939e-08,7.0419928586041397e-09,2.6650504887230258e-09,8.9398100946034096e-10,4.5739384750980270e-10
473,5.9241914814499525e-08,1.7044216549747398e-08,1.8337177146194920e-08,1.3112153546235884e-08,6.8427745574194409e-09,2.5903150672782999e-09,8.6978422175888982e-10,4.4549372586468589e-10
474,5.7565958308941683e-08,1.6561024838490570e-08,1.7817354662326409e-08,1.2740569861889888e-08,6.6491921510175030e-09,2.5176751915294444e-09,8.4624088050969697e-10,4.3390072317817166e-10
475,5.5937414690099493e-08,1.6091531340036134e-08,1.7312268179238070e-08,1.2379516487813732e-08,6.4610861996859701e-09,2.4470721103439988e-09,8.2333338277108116e-10,4.2260699021050008e-10
476,5.4354942645238863e-08,1.5635347715977745e-08,1.6821499956790288e-08,1.2028695004220214e-08,6.2783017742685257e-09,2.3784487195478121e-09,8.0104459849925653e-10,4.1160487593502093e-10
477,5.2817238807423376e-08,1.5192096637185715e-08,1.6344644097108421e-08,1.1687815448315169e-08,6.1006883285611116e-09,2.3117495157619463e-09,7.7935785788288702e-10,4.0088692260813385e-10
478,5.1323036682025987e-08,1.4761411471695892e-08,1.5881306208871975e-08,1.1356596074631587e-08,5.9280995753180568e-09,2.2469205515333312e-09,7.5825693901569244e-10,3.9044586095945289e-10
479,4.9871105603609767e-08,1.4342935981446884e-08,1.5431103081120763e-08,1.1034763122155743e-08,5.7603933657659893e-09,2.1839093917229280e-09,7.3772605589812076e-10,3.8027460549934377e-10
480,4.8460249722318617e-08,1.3936324027614764e-08,1.4993662366308173e-08,1.0722050588052850e-08,5.5974315725263142e-09,2.1226650711161461e-09,7.1774984675933226e-10,3.7036624994104273e-10
481,4.7089307018942920e-08,1.3541239284301524e-08,1.4568622272339489e-08,1.0418200007805212e-08,5.4390799758498050e-09,2.0631380532212814e-09,6.9831336269098099e-10,3.6071406273463179e-10
482,4.5757148347849073e-08,1.3157354960340439e-08,1.4155631263340493e-08,1.0122960241581146e-08,5.2852081530696276e-09,2.0052801902226656e-09,6.7940205658449776e-10,3.5131148271020855e-10
483,4.4462676506984611e-08,1.2784353528988256e-08,1.3754347768908872e-08,9.8360872666581024e-09,5.1356893711817379e-09,1.9490446840561875e-09,6.6100177236380324e-10,3.4215211482764773e-10
484,4.3204825334192842e-08,1.2421926465280570e-08,1.3364439901607962e-08,9.5573439757284029e-09,4.9904004824641836e-09,1.8943860485757204e-09,6.4309873450559056e-10,3.3322972603041280e-10
485,4.1982558829092906e-08,1.2069773990833175e-08,1.2985585182469142e-08,9.2864999809208874e-09,4.8492218230493419e-09,1.8412600727798939e-09,6.2567953783952684e-10,3.2453824120093350e-10
486,4.0794870299801714e-08,1.1727604825878267e-08,1.2617470274275883e-08,9.0233314233764820e-09,4.7120371143655461e-09,1.7896237850694901e-09,6.0873113762092427e-10,3.1607173921512375e-10
487,3.9640781533795330e-08,1.1395135948330422e-08,1.2259790722408806e-08,8.7676207882202907e-09,4.5787333673669268e-09,1.7394354185065901e-09,5.9224083986863031e-10,3.0782444909366927e-10
488,3.8519341992226599e-08,1.1072092359683011e-08,1.1912250703037448e-08,8.5191567247772890e-09,4.4492007894726139e-09,1.6906543770473910e-09,5.7619629196107758e-10,2.9979074624776785e-10
489,3.7429628027035583e-08,1.0758206857541462e-08,1.1574562778450420e-08,8.2777338718830020e-09,4.3233326941386034e-09,1.6432412027214145e-09,5.6058547348362029e-10,2.9196514881706207e-10
490,3.6370742120208050e-08,1.0453219814605159e-08,1.1246447659321649e-08,8.0431526881447733e-09,4.2010254129878570e-09,1.5971575437305836e-09,5.4539668732047107e-10,2.8434231409755360e-10
491,3.5341812144555258e-08,1.0156878963915208e-08,1.0927633973716008e-08,7.8152192870133500e-09,4.0821782104262438e-09,1.5523661234423876e-09,5.3061855098472008e-10,2.7691703505733953e-10
492,3.4341990645406423e-08,9.8689391901903900e-09,1.0617858042643347e-08,7.5937452765284506e-09,3.9666932006739891e-09,1.5088307102520834e-09,5.1623998818010156e-10,2.6968423693806436e-10
493,3.3370454142622070e-08,9.5891623270787445e-09,1.0316863661975234e-08,7.3785476036058366e-09,3.8544752671443144e-09,1.4665160882895799e-09,5.0225022058833402e-10,2.6263897394002545e-10
494,3.2426402452353424e-08,9.3173169601570112e-09,1.0024401890544063e-08,7.1694484027372170e-09,3.7454319841028561e-09,1.4253880289473280e-09,4.8863875987602531e-10,2.5577642598892277e-10
495,3.1509058027989370e-08,9.0531782355150780e-09,9.7402308442492417e-09,6.9662748489779084e-09,3.6394735405433403e-09,1.3854132632062179e-09,4.7539539991529507e-10,2.4909189558228565e-10
496,3.0617665319747942e-08,8.7965276737669720e-09,9.4641154960002029e-09,6.7688590151007452e-09,3.5365126662168183e-09,1.3465594547371140e-09,4.6251020921242158e-10,2.4258080471365905e-10
497,2.9751490152385026e-08,8.5471529893346735e-09,9.1958274813307268e-09,6.5770377327981567e-09,3.4364645597535399e-09,1.3087951737562915e-09,4.4997352353896839e-10,2.3623869187267467e-10
498,2.8909819120507805e-08,8.3048479148551828e-09,8.9351449095238384e-09,6.3906524578177055e-09,3.3392468188182562e-09,1.2720898716136500e-09,4.3777593875999766e-10,2.3006120911917594e-10
499,2.8091959000994620e-08,8.0694120305656405e-09,8.6818521800910386e-09,6.2095491389196155e-09,3.2447793722414360e-09,1.2364138560931655e-09,4.2590830385411593e-10,2.2404411922960920e-10
500,2.7297236182037682e-08,7.8406505985253487e-09,8.4357398044540913e-09,6.0335780905479486e-09,3.1529844140704884e-09,1.2017382674056255e-09,4.1436171412024130e-10,2.1818329291393586e-10
501,2.6524996108338088e-08,7.6183744015375908e-09,8.1966042326818829e-09,5.8625938691102194e-09,3.0637863394866853e-09,1.1680350548542390e-09,4.0312750456611402e-10,2.1247470610135962e-10
502,2.5774602741996358e-08,7.4023995866379840e-09,7.9642476851390325e-09,5.6964551527631725e-09,2.9771116825349863e-09,1.1352769541542705e-09,3.9219724347370487e-10,2.0691443729320428e-10
503,2.5045438038654310e-08,7.1925475130199246e-09,7.7384779889070379e-09,5.5350246246053550e-09,2.8928890556154972e-09,1.1034374653883690e-09,3.8156272613680638e-10,2.0149866498131621e-10
504,2.4336901438457023e-08,6.9886446042713222e-09,7.5191084188426408e-09,5.3781688591799473e-09,2.8110490906867175e-09,1.0724908315797721e-09,3.7121596876621501e-10,1.9622366513040364e-10
505,2.3648409371415397e-08,6.7905222048004047e-09,7.3059575431419505e-09,5.2257582121940309e-09,2.7315243821321434e-09,1.0424120178660744e-09,3.6114920255803474e-10,1.9108580872276234e-10
506,2.2979394776762141e-08,6.5980164403318320e-09,7.0988490732826207e-09,5.0776667133631538e-09,2.6542494312431827e-09,1.0131766912567264e-09,3.5135486792075261e-10,1.8608155936387432e-10
507,2.2329306635905061e-08,6.4109680823577158e-09,6.8976117182199337e-09,4.9337719622926068e-09,2.5791605922726489e-09,9.8476120095790554e-10,3.4182560885685049e-10,1.8120747094740101e-10
508,2.1697609518593266e-08,6.2292224164314503e-09,6.7020790427162204e-09,4.7939550273093716e-09,2.5061960200144036e-09,9.5714255924886096e-10,3.3255426749483083e-10,1.7646018537812791e-10
509,2.1083783141922235e-08,6.0526291141953711e-09,6.5120893296864304e-09,4.6581003471610987e-09,2.4352956188659705e-09,9.3029842289427092e-10,3.2353387876764387e-10,1.7183643035145120e-10
510,2.0487321941814736e-08,5.8810421090364255e-09,6.3274854464460163e-09,4.5260956355008839e-09,2.3664009933321752e-09,9.0420707507759866e-10,3.1475766523360992e-10,1.6733301718803124e-10
511,1.9907734656624520e-08,5.7143194752669779e-09,6.1481147147504783e-09,4.3978317880788890e-09,2.2994553999290333e-09,8.7884740784083894e-10,3.0621903203603386e-10,1.6294683872226892e-10
512,1.9344543922519877e-08,5.5523233107308233e-09,5.9738287845191158e-09,4.2732027925640828e-09,2.2344037004482835e-09,8.5419890501646667e-10,2.9791156199781145e-10,1.5867486724329375e-10
513,1.8797285880313865e-08,5.3949196227372922e-09,5.8044835111385077e-09,4.1521056409215955e-09,2.1711923165440686e-09,8.3024162563779298e-10,2.8982901084742374e-10,1.5451415248718357e-10
514,1.8265509793417266e-08,5.2419782172291113e-09,5.6399388362442742e-09,4.0344402442732231e-09,2.1097691856043562e-09,8.0695618781432026e-10,2.8196530257281229e-10,1.5046181967916539e-10
515,1.7748777676599705e-08,5.0933725910923353e-09,5.4800586718824863e-09,3.9201093501707506e-09,2.0500837178707677e-09,7.8432375305906320e-10,2.7431452489972265e-10,1.4651506762457785e-10
516,1.7246663935253137e-08,4.9489798275192703e-09,5.3247107879549394e-09,3.8090184622136837e-09,1.9920867547714781e-09,7.6232601105517300e-10,2.6687092489119102e-10,1.4267116684740337e-10
517,1.6758755014860567e-08,4.8086804943378355e-09,5.1737667028551750e-09,3.7010757619449700e-09,1.9357305284328906e-09,7.4094516484954720e-10,2.5962890466494113e-10,1.3892745777520749e-10
518,1.6284649060381317e-08,4.6723585452232774e-09,5.0271015772048249e-09,3.5961920329601414e-09,1.8809686223367191e-09,7.2016391646146290e-10,2.5258301722554144e-10,1.3528134896935024e-10
519,1.5823955585272320e-08,4.5399012237105056e-09,4.8845941106023503e-09,3.4942805871671541e-09,1.8277559330900874e-09,6.9996545289459904e-10,2.4572796240825875e-10,1.3173031539936115e-10
520,1.5376295149872782e-08,4.4111989699276647e-09,4.7461264412988174e-09,3.3952571931359834e-09,1.7760486332771545e-09,6.8033343254114459e-10,2.3905858293162356e-10,1.2827189676039658e-10
521,1.4941299048887417e-08,4.2861453299737807e-09,4.6115840487177071e-09,3.2990400064787344e-09,1.7258041353616681e-09,6.6125197196700081e-10,2.3256986055580478e-10,1.2490369583272342e-10
522,1.4518609007710708e-08,4.1646368678655466e-09,4.4808556587381441e-09,3.2055495022027429e-09,1.6769810566107121e-09,6.4270563306739842e-10,2.2625691234396574e-10,1.2162337688219807e-10
523,1.4107876887342244e-08,4.0465730799803930e-09,4.3538331516632015e-09,3.1147084089807390e-09,1.6295391850107713e-09,6.2467941058255034e-10,2.2011498702385071e-10,1.1842866410073618e-10
524,1.3708764397649975e-08,3.9318563119250722e-09,4.2304114727971640e-09,3.0264416452837560e-09,1.5834394461480247e-09,6.0715871996324432e-10,2.1413946144692353e-10,1.1531734008578906e-10
525,1.3320942818745285e-08,3.8203916777610098e-09,4.1104885455577956e-09,2.9406762573239840e-09,1.5386438710256012e-09,5.9012938557657193e-10,2.0832583714245153e-10,1.1228724435787095e-10
526,1.2944092730240361e-08,3.7120869815195940e-09,3.9939651870517396e-09,2.8573413587562908e-09,1.4951155647912822e-09,5.7357762924225974e-10,2.0266973696399689e-10,1.0933627191519976e-10
527,1.2577903748164892e-08,3.6068526409424941e-09,3.8807450260432256e-09,2.7763680720885486e-09,1.4528186763499041e-09,5.5749005909033538e-10,1.9716690182584592e-10,1.0646237182453956e-10
528,1.2222074269325391e-08,3.5046016133839177e-09,3.7707344232482404e-09,2.6976894717523610e-09,1.4117183688354221e-09,5.4185365873112439e-10,1.9181318752697174e-10,1.0366354584735360e-10
529,1.1876311222896631e-08,3.4052493238135250e-09,3.6638423938882420e-09,2.6212405287871270e-09,1.3717807909183247e-09,5.2665577672882311e-10,1.8660456166019042e-10,1.0093784710039805e-10
530,1.1540329829040546e-08,3.3087135948604441e-09,3.5599805324393466e-09,2.5469580570917154e-09,1.3329730489247594e-09,5.1188411637013910e-10,1.8153710060423259e-10,9.8283378749908250e-11
531,1.1213853364353828e-08,3.2149145788405196e-09,3.4590629395147698e-09,2.4747806611993338e-09,1.2952631797444126e-09,4.9752672571972812e-10,1.7660698659651370e-10,9.5698292738549088e-11
532,1.0896612933951015e-08,3.1237746917105746e-09,3.3610061508200368e-09,2.4046486855324216e-09,1.2586201245048240e-09,4.8357198795439267e-10,1.7181050488444411e-10,9.3180788544321288e-11
533,1.0588347249995362e-08,3.0352185488950490e-09,3.2657290681221952e-09,2.3365041650956219e-09,1.2230137029904571e-09,4.7000861196822408e-10,1.6714404095317975e-10,9.0729111970634944e-11
534,1.0288802416495082e-08,2.9491729029319431e-09,3.1731528921759542e-09,2.2702907775660812e-09,1.1884145887854561e-09,4.5682562324109924e-10,1.6260407782776740e-10,8.8341553966780602e-11
535,9.9977317201877152e-09,2.8655665828864771e-09,3.0832010575512592e-09,2.2059537967414785e-09,1.1547942851196129e-09,4.4401235496314677e-10,1.5818719344769533e-10,8.6016449478046807e-11
536,9.7148954273403866e-09,2.7843304354823600e-09,2.9957991693083982e-09,2.1434400473073003e-09,1.1221251013976550e-09,4.3155843940801040e-10,1.5389005811191195e-10,8.3752176324751132e-11
537,9.4400605862985853e-09,2.7053972679019720e-09,2.9108749414682791e-09,2.0826978608859814e-09,1.0903801303925213e-09,4.1945379954793520e-10,1.4970943199242732e-10,8.1547154109469513e-11
538,9.1730008356208613e-09,2.6287017922081431e-09,2.8283581372269749e-09,2.0236770333315795e-09,1.0595332260838367e-09,4.0768864090390017e-10,1.4564216271466189e-10,7.9399843151766095e-11
539,8.9134962176413995e-09,2.5541805713415668e-09,2.7481805108650886e-09,1.9663287832346949e-09,1.0295589821233440e-09,3.9625344362420663e-10,1.4168518300275681e-10,7.7308743449742281e-11
540,8.6613329973068993e-09,2.4817719666491630e-09,2.6702757513039029e-09,1.9106057116033196e-09,1.0004327109095441e-09,3.8513895478512239e-10,1.3783550838810671e-10,7.5272393667740988e-11
541,8.4163034861385952e-09,2.4114160869000051e-09,2.5945794272616224e-09,1.8564617626863127e-09,9.7213042325431820e-10,3.7433618090735485e-10,1.3409023497942348e-10,7.3289370149557290e-11
542,8.1782058711743670e-09,2.3430547387466267e-09,2.5210289339643465e-09,1.8038521859071033e-09,9.4462880862478116e-10,3.6383638068230547e-10,1.3044653729268283e-10,7.1358285956523134e-11
543,7.9468440487501308e-09,2.2766313785907371e-09,2.4495634413677059e-09,1.7527334988761673e-09,9.1790521594409357e-10,3.5363105790222511e-10,1.2690166613935169e-10,6.9477789929848821e-11
544,7.7220274629834940e-09,2.2120910658135318e-09,2.3801238438463311e-09,1.7030634514517005e-09,8.9193763493542225e-10,3.4371195458855485e-10,1.2345294657133533e-10,6.7646565776618805e-11
545,7.5035709488267984e-09,2.1493804173319059e-09,2.3126527113095462e-09,1.6548009908187911e-09,8.6670467799367640e-10,3.3407104431289748e-10,1.2009777588112560e-10,6.5863331178854552e-11
546,7.2912945795601249e-09,2.0884475634429909e-09,2.2470942417028541e-09,1.6079062275582179e-09,8.4218556257009756e-10,3.2470052570522114e-10,1.1683362165567228e-10,6.4126836925070948e-11
547,7.0850235185987817e-09,2.0292421049204816e-09,2.1833942148559288e-09,1.5623404026768327e-09,8.1836009405518724e-10,3.1559281614404535e-10,1.1365801988253854e-10,6.2435866063766951e-11
548,6.8845878754931302e-09,1.9717150713272684e-09,2.1214999476389430e-09,1.5180658555722824e-09,7.9520864914587881e-10,3.0674054562351103e-10,1.1056857310694014e-10,6.0789233078304944e-11
549,6.6898225660021989e-09,1.9158188805098974e-09,2.0613602503901427e-09,1.4750459929055804e-09,7.7271215968325250e-10,2.9813655079237394e-10,1.0756294863830572e-10,5.9185783082646155e-11
550,6.5005671761258287e-09,1.8615072992413487e-09,2.0029253845786291e-09,1.4332452583558098e-09,7.5085209694748185e-10,2.8977386916010469e-10,1.0463887680503108e-10,5.7624391037423181e-11
551,6.3166658299833324e-09,1.8087354049795769e-09,1.9461470216673326e-09,1.3926291032319548e-09,7.2961045639707764e-10,2.8164573346541063e-10,1.0179414925613665e-10,5.6103960985842414e-11
552,6.1379670614298886e-09,1.7574595487101865e-09,1.8909782031421546e-09,1.3531639579175688e-09,7.0896974283985824e-10,2.7374556620262611e-10,9.9026617308571195e-11,5.4623425308922433e-11
553,5.9643236893049164e-09,1.7076373188425079e-09,1.8373733016742209e-09,1.3148172041246800e-09,6.8891295602343478e-10,2.6606697430154773e-10,9.6334190338938840e-11,5.3181743999585999e-11
554,5.7955926962096676e-09,1.6592275061292035e-09,1.7852879833831183e-09,1.2775571479339985e-09,6.6942357663334138e-10,2.5860374395641214e-10,9.3714834218458623e-11,5.1777903955135384e-11
555,5.6316351107142148e-09,1.6121900695803943e-09,1.7346791711699093e-09,1.2413529935991449e-09,6.5048555268727936e-10,2.5134983559983670e-10,9.1166569789998130e-11,5.0410918287651784e-11
556,5.4723158928968056e-09,1.5664861033441080e-09,1.6855050090895965e-09,1.2061748180932465e-09,6.3208328631426954e-10,2.4429937901765923e-10,8.8687471386053567e-11,4.9079825651871581e-11
557,5.3175038231213143e-09,1.5220778045256572e-09,1.6377248277335673e-09,1.1719935463768607e-09,6.1420162090782109e-10,2.3744666860072798e-10,8.6275665386578074e-11,4.7783689590102531e-11
558,5.1670713939611907e-09,1.4789284419193246e-09,1.5912991105933925e-09,1.1387809273667879e-09,5.9682582864253957e-10,2.3078615872980171e-10,8.3929328815590857e-11,4.6521597893753920e-11
559,5.0208947051808707e-09,1.4370023256264965e-09,1.5461894613781525e-09,1.1065095105859094e-09,5.7994159834388997e-10,2.2431245928983088e-10,8.1646687975526684e-11,4.5292661981065291e-11
560,4.8788533616881843e-09,1.3962647775351100e-09,1.5023585722582659e-09,1.0751526234747501e-09,5.6353502370112509e-10,2.1802033130999126e-10,7.9426017118314072e-11,4.4096016290628398e-11
561,4.7408303743736847e-09,1.3566821026359979e-09,1.4597701930095540e-09,1.0446843493460125e-09,5.4759259181366931e-10,2.1190468272594631e-10,7.7265637152197294e-11,4.2930817690306895e-11
562,4.6067120637552364e-09,1.3182215611524061e-09,1.4183891010320158e-09,1.0150795059638630e-09,5.3210117206152805e-10,2.0596056426091137e-10,7.5163914383343452e-11,4.1796244901168484e-11
563,4.4763879663485129e-09,1.2808513414596263e-09,1.3781810722185262e-09,9.8631362473026219e-10,5.1704800529055204e-10,2.0018316542219064e-10,7.3119259291302000e-11,4.0691497936052970e-11
564,4.3497507436862636e-09,1.2445405337723506e-09,1.3391128526493555e-09,9.5836293046113997e-10,5.0242069330365140e-10,1.9456781060994830e-10,7.1130125337407998e-11,3.9615797552409694e-11
565,4.2266960939114390e-09,1.2092591045779771e-09,1.3011521310891007e-09,9.3120432173569537e-10,4.8820718864930392e-10,1.8910995533507002e-10,6.9195007805246275e-11,3.8568384719046361e-11
566,4.1071226658713512e-09,1.1749778717947241e-09,1.2642675122632866e-09,9.0481535180258294e-10,4.7439578469894697e-10,1.8380518254305463e-10,6.7312442672315599e-11,3.7548520096440258e-11
567,3.9909319756421049e-09,1.1416684806340010e-09,1.2284284908925283e-09,8.7917421002720071e-10,4.6097510600508013e-10,1.7864919904096592e-10,6.5481005512056227e-11,3.6555483530271542e-11
568,3.8780283254145626e-09,1.1093033801470709e-09,1.1936054264627812e-09,8.5425970386474645e-10,4.4793409893213763e-10,1.7363783202455379e-10,6.3699310425425787e-11,3.5588573557846411e-11
569,3.7683187246750376e-09,1.0778558004366088e-09,1.1597695187108129e-09,8.3005124134414604e-10,4.3526202255241447e-10,1.6876702570273815e-10,6.1966009001230777e-11,3.4647106927086635e-11
570,3.6617128136157728e-09,1.0472997305143017e-09,1.1268927838046214e-09,8.0652881404836748e-10,4.2294843979954581e-10,1.6403283801672564e-10,6.0279789304441949e-11,3.3730418127769340e-11
571,3.5581227887121517e-09,1.0176098967861772e-09,1.0949480311990963e-09,7.8367298057706310e-10,4.1098320887225632e-10,1.5943143745110686e-10,5.8639374891742270e-11,3.2837858934709346e-11
572,3.4574633304053271e-09,9.8876174214786452e-10,1.0639088411477858e-09,7.6146485047786417e-10,3.9935647488129707e-10,1.5495909993435536e-10,5.7043523853576859e-11,3.1968797962583323e-11
573,3.3596515328307180e-09,9.6073140567249660e-10,1.0337495428521617e-09,7.3988606863304990e-10,3.8805866173269081e-10,1.5061220582622272e-10,5.5491027881993011e-11,3.1122620232103285e-11
574,3.2646068355344882e-09,9.3349570287445305e-10,1.0044451932303236e-09,7.1891880008868531e-10,3.7708046424060137e-10,1.4638723698959332e-10,5.3980711363578353e-11,3.0298726747253203e-11
575,3.1722509571217632e-09,9.0703210653261543e-10,9.7597155628756545e-10,6.9854571531368785e-10,3.6641284046332921e-10,1.4228077394443165e-10,5.2511430496823035e-11,2.9496534083310527e-11
576,3.0825078307819512e-09,8.8131872805727807e-10,9.4830508307175796e-10,6.7874997587663955e-10,3.5604700425612348e-10,1.3828949310152081e-10,5.1082072433250128e-11,2.8715473985380772e-11
577,2.9953035416380486e-09,8.5633429938529759e-10,9.2142289219695858e-10,6.5951522052850681e-10,3.4597441803467401e-10,1.3441016407375537e-10,4.9691554441676136e-11,2.7954992977180088e-11
578,2.9105662658683424e-09,8.3205815538850799e-10,8.9530275091914360e-10,6.4082555167976319e-10,3.3618678574332503e-10,1.3063964706281453e-10,4.8338823094980255e-11,2.7214551979807587e-11
579,2.8282262115503550e-09,8.0847021678084927e-10,8.6992305674841217e-10,6.2266552226073908e-10,3.2667604602221865e-10,1.2697489031910288e-10,4.7022853478777872e-11,2.6493625940255326e-11
580,2.7482155611783261e-09,7.8555097351007229e-10,8.4526281958245193e-10,6.0502012295433787e-10,3.1743436556773962e-10,1.2341292767290415e-10,4.5742648421410070e-11,2.5791703469410286e-11
581,2.6704684158068682e-09,7.6328146862028198e-10,8.2130164434648971e-10,5.8787476979056512e-10,3.0845413268079388e-10,1.1995087613475227e-10,4.4497237744676406e-11,2.5108286489308685e-11
582,2.5949207407748060e-09,7.4164328257196836e-10,7.9801971412536980e-10,5.7121529209261933e-10,2.9972795099760663e-10,1.1658593356307937e-10,4.3285677534753699e-11,2.4442889889408995e-11
583,2.5215103129644931e-09,7.2061851800656076e-10,7.7539777377380963e-10,5.5502792076457838e-10,2.9124863339787567e-10,1.1331537639725420e-10,4.2107049432758511e-11,2.3795041191655775e-11
584,2.4501766695531564e-09,7.0018978494289777e-10,7.5341711399127365e-10,5.3929927691100369e-10,2.8300919608526460e-10,1.1013655745417850e-10,4.0960459944425509e-11,2.3164280224112185e-11
585,2.3808610582140759e-09,6.8034018639337235e-10,7.3205955584830023e-10,5.2401636077905394e-10,2.7500285283535776e-10,1.0704690378665928e-10,3.9845039768388048e-11,2.2550158802944511e-11
586,2.3135063887265749e-09,6.6105330438785155e-10,7.1130743575147740e-10,5.0916654101396999e-10,2.6722300940634209e-10,1.0404391460182516e-10,3.8759943142560963e-11,2.1952240422547435e-11
587,2.2480571859549556e-09,6.4231318639381241e-10,6.9114359083463612e-10,4.9473754421904990e-10,2.5966325810781009e-10,1.0112515923790404e-10,3.7704347208139152e-11,2.1370099953604111e-11
588,2.1844595441576792e-09,6.2410433212146123e-10,6.7155134476417827e-10,4.8071744481148426e-10,2.5231737252321187e-10,9.8288275197725037e-11,3.6677451390738406e-11,2.0803323348880155e-11
589,2.1226610825891258e-09,6.0641168070292011e-10,6.5251449394679768e-10,4.6709465516566860e-10,2.4517930238160974e-10,9.5530966237355800e-11,3.5678476798217722e-11,2.0251507356555740e-11
590,2.0626109023573916e-09,5.8922059823487985e-10,6.3401729412818875e-10,4.5385791603584492e-10,2.3824316857451035e-10,9.2851000508328417e-11,3.4706665634734590e-11,1.9714259240904801e-11
591,2.0042595445025818e-09,5.7251686567441079e-10,6.1604444737165743e-10,4.4099628725015763e-10,2.3150325831367142e-10,9.0246208751952291e-11,3.3761280630596924e-11,1.9191196510135253e-11
592,1.9475589492610621e-09,5.5628666707792224e-10,5.9858108940586647e-10,4.2849913866843046e-10,2.2495402042589403e-10,8.7714482544253632e-11,3.2841604487486766e-11,1.8681946651208606e-11
593,1.8924624164821360e-09,5.4051657817354248e-10,5.8161277733124796e-10,4.1635614139619275e-10,2.1859006078092578e-10,8.5253772590122083e-11,3.1946939338642612e-11,1.8186146871462039e-11
594,1.8389245671645287e-09,5.2519355525746631e-10,5.6512547767491919e-10,4.0455725924769106e-10,2.1240613784870843e-10,8.2862087065285354e-11,3.1076606223597870e-11,1.7703443846860307e-11
595,1.7869013060810124e-09,5.1030492440508468e-10,5.4910555478421932e-10,3.9309274045083245e-10,2.0639715838231133e-10,8.0537490004770918e-11,3.0229944577084191e-11,1.7233493476709339e-11
596,1.7363497854603761e-09,4.9583837098797397e-10,5.3353975954926925e-10,3.8195310958720075e-10,2.0055817322299505e-10,7.8278099736551300e-11,2.9406311731718517e-11,1.6775960644667372e-11
597,1.6872283696968387e-09,4.8178192948807465e-10,5.1841521844522497e-10,3.7112915976048610e-10,1.9488437322394965e-10,7.6082087359106640e-11,2.8605082434103219e-11,1.6330518985893742e-11
598,1.6394966010578334e-09,4.6812397360063184e-10,5.0371942288516647e-10,3.6061194498685345e-10,1.8937108528935084e-10,7.3947675261673180e-11,2.7825648373978408e-11,1.5896850660179428e-11
599,1.5931151663619180e-09,4.5485320661771153e-10,4.8944021887481027e-10,3.5039277280096125e-10,1.8401376852547119e-10,7.1873135685980804e-11,2.7067417726075359e-11,1.5474646130907303e-11
600,1.5480458645993713e-09,4.4195865208434256e-10,4.7556579696049377e-10,3.4046319707151828e-10,1.7880801050067676e-10,6.9856789328316935e-11,2.6329814704329241e-11,1.5063603949693884e-11
601,1.5042515754688066e-09,4.2942964471954830e-10,4.6208468246211595e-10,3.3081501102044103e-10,1.7374952361122863e-10,6.7897003980785882e-11,2.5612279128118699e-11,1.4663430546568107e-11
602,1.4616962288038784e-09,4.1725582159476540e-10,4.4898572598295609e-10,3.2144024043984136e-10,1.6883414154989587e-10,6.5992193210664745e-11,2.4914266000208561e-11,1.4273840025546305e-11
603,1.4203447748649164e-09,4.0542711356234860e-10,4.3625809418852211e-10,3.1233113710123892e-10,1.6405781587447175e-10,6.4140815076788336e-11,2.4235245096080809e-11,1.3894553965465942e-11
604,1.3801631554710074e-09,3.9393373692707284e-10,4.2389126084680294e-10,3.0348017235154880e-10,1.5941661267336678e-10,6.2341370881924476e-11,2.3574700564347251e-11,1.3525301225944398e-11
605,1.3411182759487512e-09,3.8276618535374475e-10,4.1187499812251113e-10,2.9488003089055454e-10,1.5490670932553219e-10,6.0592403960130954e-11,2.2932130537945622e-11,1.3165817758332148e-11
606,1.3031779778745895e-09,3.7191522200422843e-10,4.0019936811811986e-10,2.8652360472471987e-10,1.5052439135204558e-10,5.8892498498113299e-11,2.2307046755828962e-11,1.2815846421533195e-11
607,1.2663110125882528e-09,3.6137187189738246e-10,3.8885471465469590e-10,2.7840398729234512e-10,1.4626604935676490e-10,5.7240278389630315e-11,2.1698974194865621e-11,1.2475136802568682e-11
608,1.2304870154555186e-09,3.5112741448558906e-10,3.7783165528572928e-10,2.7051446775520970e-10,1.4212817605353199e-10,5.5634406122020640e-11,2.1107450711675118e-11,1.2143445041762781e-11
609,1.1956764808590692e-09,3.4117337644173410e-10,3.6712107353735867e-10,2.6284852545198464e-10,1.3810736337747610e-10,5.4073581693950024e-11,2.0532026694132361e-11,1.1820533662433027e-11
610,1.1618507378968661e-09,3.3150152465067265e-10,3.5671411136856997e-10,2.5539982450882989e-10,1.3420029967803954e-10,5.2556541563503820e-11,1.9972264722279782e-11,1.1506171404970124e-11
611,1.1289819267680162e-09,3.2210385939938306e-10,3.4660216184513583e-10,2.4816220860272177e-10,1.3040376699141187e-10,5.1082057625774177e-11,1.9427739238394158e-11,1.1200133065195327e-11
612,1.0970429758266827e-09,3.1297260776017512e-10,3.3677686202123487e-10,2.4112969587318277e-10,1.2671463839012774e-10,4.9648936219114817e-11,1.8898036225961533e-11,1.0902199336886094e-11
613,1.0660075792851423e-09,3.0410021716148218e-10,3.2723008602286371e-10,2.3429647397820795e-10,1.2312987540764438e-10,4.8256017159259750e-11,1.8382752897320330e-11,1.0612156658363683e-11
614,1.0358501755476210e-09,2.9547934914091720e-10,3.1795393832732179e-10,2.2765689529030115e-10,1.1964652553577806e-10,4.6902172800524783e-11,1.7881497389739198e-11,1.0329797063038910e-11
615,1.0065459261570747e-09,2.8710287327542511e-10,3.0894074723321051e-10,2.2120547222865128e-10,1.1626171979293816e-10,4.5586307123332489e-11,1.7393888469702345e-11,1.0054918033814907e-11
616,9.7807069533755670e-10,2.7896386128351415e-10,3.0018305851554501e-10,2.1493687272358951e-10,1.1297267036115585e-10,4.4307354847322542e-11,1.6919555245181355e-11,9.7873223612483926e-12
617,9.5040103011533833e-10,2.7105558129468293e-10,2.9167362926073222e-10,2.0884591580957969e-10,1.0977666828996163e-10,4.3064280569330334e-11,1.6458136885678196e-11,9.5268180053732684e-12
618,9.2351414100240299e-10,2.6337149228130851e-10,2.8340542187631625e-10,2.0292756734309861e-10,1.0667108126522014e-10,4.1856077925536331e-11,1.6009282349830201e-11,9.2732179610929609e-12
619,8.9738788322640434e-10,2.5590523864838542e-10,2.7537159827053501e-10,1.9717693584186731e-10,1.0365335144108450e-10,4.0681768777108793e-11,1.5572650120373089e-11,9.0263401270501911e-12
620,8.7200073849163034e-10,2.4865064497664326e-10,2.6756551419687671e-10,1.9158926844199478e-10,1.0072099333328535e-10,3.9540402418681027e-11,1.5147907946263922e-11,8.7860071778851697e-12
621,8.4733179725594946e-10,2.4160171091469373e-10,2.5998071375895709e-10,1.8615994696969115e-10,9.7871591772018097e-11,3.8431054809023027e-11,1.4734732591770938e-11,8.5520464397955196e-12
622,8.2336074150914546e-10,2.3475260621598235e-10,2.5261092407117270e-10,1.8088448412430571e-10,9.5102799912743716e-11,3.7352827823285202e-11,1.4332809592342557e-11,8.3242897693133746e-12
623,8.0006782803845053e-10,2.2809766591643946e-10,2.4545005007071529e-10,1.7575851976953256e-10,9.2412337303263728e-11,3.6304848526209435e-11,1.3941833017072773e-11,8.1025734352172459e-12
624,7.7743387216749904e-10,2.2163138564884218e-10,2.3849216947665520e-10,1.7077781732972074e-10,8.9797988005477827e-11,3.5286268465719525e-11,1.3561505237585228e-11,7.8867380034983492e-12
625,7.5544023195530785e-10,2.1534841709001131e-10,2.3173152789192564e-10,1.6593826028830814e-10,8.7257598770277062e-11,3.4296262986319766e-11,1.3191536703162864e-11,7.6766282253031269e-12
626,7.3406879284226684e-10,2.0924356353707750e-10,2.2516253404415596e-10,1.6123584878548733e-10,8.4789077264069374e-11,3.3334030561746144e-11,1.2831645721954796e-11,7.4720929277756546e-12
627,7.1330195273049447e-10,2.0331177560915743e-10,2.1877975516141855e-10,1.5666669631228893e-10,8.2390390345476834e-11,3.2398792146330506e-11,1.2481558248096588e-11,7.2729849077255830e-12
628,6.9312260748627332e-10,1.9754814707088512e-10,2.1257791247906469e-10,1.5222702649835192e-10,8.0059562390785065e-11,3.1489790544552896e-11,1.2141007674584475e-11,7.0791608280491299e-12
629,6.7351413685261998e-10,1.9194791077434359e-10,2.0655187687393242e-10,1.4791316999072489e-10,7.7794673666766032e-11,3.0606289798272241e-11,1.1809734631748346e-11,6.8904811168324984e-12
630,6.5446039076038993e-10,1.8650643471603952e-10,2.0069666462231690e-10,1.4372156142111885e-10,7.5593858749533516e-11,2.9747574591139671e-11,1.1487486791172591e-11,6.7068098690688570e-12
631,6.3594567602664191e-10,1.8121921820566171e-10,1.9500743327819381e-10,1.3964873645910486e-10,7.3455304988129255e-11,2.8912949669712669e-11,1.1174018674917785e-11,6.5280147509218105e-12
632,6.1795474342930599e-10,1.7608188814345109e-10,1.8947947766828731e-10,1.3569132894882100e-10,7.1377251011574544e-11,2.8101739280801872e-11,1.0869091469900333e-11,6.3539669064699483e-12
633,6.0047277514751076e-10,1.7109019540310638e-10,1.8410822600067017e-10,1.3184606812682196e-10,6.9357985278157097e-11,2.7313286624595357e-11,1.0572472847290911e-11,6.1845408668687499e-12
634,5.8348537255722149e-10,1.6624001131723131e-10,1.7888923608367750e-10,1.2810977591877178e-10,6.7395844665758849e-11,2.6546953323118054e-11,1.0283936786796314e-11,6.0196144618677252e-12
635,5.6697854437214486e-10,1.6152732426241738e-10,1.7381819165200697e-10,1.2447936431274558e-10,6.5489213102063337e-11,2.5802118903596280e-11,1.0003263405693017e-11,5.8590687336222650e-12
636,5.5093869512012311e-10,1.5694823634113745e-10,1.6889089879696708e-10,1.2095183280696885e-10,6.3636520233514787e-11,2.5078180296309600e-11,9.7302387924842132e-12,5.7027878527412076e-12
637,5.3535261394553568e-10,1.5249896015770541e-10,1.6410328249792091e-10,1.1752426592988548e-10,6.1836240131932068e-11,2.4374551346523610e-11,9.4646548450555982e-12,5.5506590365126209e-12
638,5.2020746372847790e-10,1.4817581568563522e-10,1.5945138325205654e-10,1.1419383083050379e-10,6.0086890037712958e-11,2.3690662340109079e-11,9.2063091132085461e-12,5.4025724692517716e-12
639,5.0549077051176165e-10,1.4397522722380844e-10,1.5493135379969730e-10,1.1095777493703016e-10,5.8387029138592925e-11,2.3025959542463502e-11,8.9550046454524994e-12,5.2584212247166846e-12
640,4.9119041322702431e-10,1.3989372043893235e-10,1.5053945594244283e-10,1.0781342368185401e-10,5.6735257382953060e-11,2.2379904750362214e-11,8.7105498399417025e-12,5.1181011905380692e-12
641,4.7729461371148835e-10,1.3592791949184251e-10,1.4627205745150932e-10,1.0475817829100438e-10,5.5130214326699547e-11,2.1751974856376464e-11,8.4727582994443561e-12,4.9815109946117568e-12
642,4.6379192700714621e-10,1.3207454424527255e-10,1.4212562906371316e-10,1.0178951363625091e-10,5.3570578012764896e-11,2.1141661425506137e-11,8.2414486902354381e-12,4.8485519334031193e-12
643,4.5067123193438146e-10,1.2833040755078200e-10,1.3809674156261141e-10,9.8904976148073891e-11,5.2055063882308193e-11,2.0548470283684588e-11,8.0164446048072049e-12,4.7191279021142057e-12
644,4.3792172193226401e-10,1.2469241261259792e-10,1.3418206294238721e-10,9.6102181787778454e-11,5.0582423716717612e-11,1.9971921117822783e-11,7.7975744282943999e-12,4.5931453266656180e-12
645,4.2553289615797205e-10,1.2115755042618971e-10,1.3037835565213274e-10,9.3378814077076785e-11,4.9151444609543532e-11,1.9411547087069114e-11,7.5846712085138095e-12,4.4705130974463528e-12
646,4.1349455083801320e-10,1.1772289728945859e-10,1.2668247391825175e-10,9.0732622183509820e-11,4.7760947967515961e-11,1.8866894444970436e-11,7.3775725295206599e-12,4.3511425047860220e-12
647,4.0179677086411922e-10,1.1438561238448326e-10,1.2309136114276645e-10,8.8161419060125918e-11,4.6409788539823023e-11,1.8337522172228712e-11,7.1761203885868585e-12,4.2349471761050590e-12
648,3.9042992162689352e-10,1.1114293542782149e-10,1.1960204737537738e-10,8.5663079637878990e-11,4.5096853474851267e-11,1.7823001619756117e-11,6.9801610765086916e-12,4.1218430146996169e-12
649,3.7938464108048516e-10,1.0799218438742382e-10,1.1621164685718532e-10,8.3235539069252147e-11,4.3821061403610891e-11,1.7322916161739851e-11,6.7895450611540966e-12,4.0117481401189894e-12
650,3.6865183203175318e-10,1.0493075326427125e-10,1.1291735563404374e-10,8.0876791021654863e-11,4.2581361549090834e-11,1.6836860858436017e-11,6.6041268741619880e-12,3.9045828300944640e-12
651,3.5822265464757171e-10,1.0195610993690207e-10,1.0971644923756799e-10,7.8584886019183486e-11,4.1376732860810291e-11,1.6364442128419723e-11,6.4237650007085579e-12,3.8002694639795442e-12
652,3.4808851917410292e-10,9.9065794067044800e-11,1.0660628043188342e-10,7.6357929831374362e-11,4.0206183173853806e-11,1.5905277430026295e-11,6.2483217722576636e-12,3.6987324676625527e-12
653,3.3824107886204248e-10,9.6257415064624842e-11,1.0358427702424836e-10,7.4194081907617893e-11,3.9068748391697254e-11,1.5458994951725894e-11,6.0776632622147427e-12,3.5998982599135446e-12
654,3.2867222309201010e-10,9.3528650110461785e-11,1.0064793973774181e-10,7.2091553855939412e-11,3.7963491692151814e-11,1.5025233311180987e-11,5.9116591844057999e-12,3.5036952001285242e-12
655,3.1937407069442292e-10,9.0877242235022069e-11,9.7794840144256041e-11,7.0048607964889780e-11,3.6889502755771705e-11,1.4603641262743260e-11,5.7501827943051709e-12,3.4100535374348248e-12
656,3.1033896345835002e-10,8.8300998451637334e-11,9.5022618656084815e-11,6.8063555767323871e-11,3.5845897016090370e-11,1.4193877413153324e-11,5.5931107929377737e-12,3.3189053611225021e-12
657,3.0155945982400230e-10,8.5797787942644776e-11,9.2328982574445774e-11,6.6134756644879984e-11,3.4831814931067542e-11,1.3795609945213170e-11,5.4403232333836171e-12,3.2301845523674370e-12
658,2.9302832875366130e-10,8.3365540296949273e-11,8.9711704193323710e-11,6.4260616472006473e-11,3.3846421275147019e-11,1.3408516349207857e-11,5.2917034298142369e-12,3.1438267372127648e-12
659,2.8473854377600024e-10,8.1002243797549117e-11,8.7168618957065545e-11,6.2439586298415487e-11,3.2888904451342244e-11,1.3032283161859119e-11,5.1471378689926543e-12,3.0597692407760754e-12
660,2.7668327719889100e-10,7.8705943757609200e-11,8.4697623670204189e-11,6.0670161068874061e-11,3.1958475822782930e-11,1.2666605712599706e-11,5.0065161241702685e-12,2.9779510426506764e-12
661,2.6885589448593191e-10,7.6474740903705461e-11,8.2296674758029950e-11,5.8950878379275084e-11,3.1054369063172346e-11,1.2311187876963151e-11,4.8697307713159328e-12,2.8983127334700217e-12
662,2.6124994879206297e-10,7.4306789804902972e-11,7.9963786576471425e-11,5.7280317267959586e-11,3.0175839525620154e-11,1.1965741836889503e-11,4.7366773076141467e-12,2.8207964726051952e-12
663,2.5385917565376911e-10,7.2200297346368534e-11,7.7697029769887626e-11,5.5657097041291754e-11,2.9322163629331007e-11,1.1629987847753023e-11,4.6072540721710759e-12,2.7453459469661195e-12
664,2.4667748782949803e-10,7.0153521246255282e-11,7.5494529675413572e-11,5.4079876132515518e-11,2.8492638263643694e-11,1.1303654011923403e-11,4.4813621688686827e-12,2.6719063308779042e-12
665,2.3969897028604265e-10,6.8164768614632496e-11,7.3354464772539170e-11,5.2547350992950035e-11,2.7686580208930178e-11,1.0986476058677301e-11,4.3589053913089165e-12,2.6004242470044926e-12
666,2.3291787532675863e-10,6.6232394553268554e-11,7.1275065176639585e-11,5.1058255014607192e-11,2.6903325573877283e-11,1.0678197130282084e-11,4.2397901497914719e-12,2.5308477282924617e-12
667,2.2632861785760600e-10,6.4354800795109070e-11,6.9254611175210734e-11,4.9611357483340992e-11,2.6142229248687809e-11,1.0378567574078754e-11,4.1239254002701096e-12,2.4631261809085524e-12
668,2.1992577078711349e-10,6.2530434382324838e-11,6.7291431805599716e-11,4.8205462561663325e-11,2.5402664373750558e-11,1.0087344740395799e-11,4.0112225752340677e-12,2.3972103481451628e-12
669,2.1370406055647843e-10,6.0757786381836013e-11,6.5383903473053369e-11,4.6839408300385642e-11,2.4684021823341745e-11,9.8042927861304712e-12,3.9015955164624969e-12,2.3330522752687123e-12
670,2.0765836279612102e-10,5.9035390637250184e-11,6.3530448607942633e-11,4.5512065678269435e-11,2.3985709703932473e-11,9.5291824838385628e-12,3.7949604096012805e-12,2.2706052752864249e-12
671,2.0178369810511351e-10,5.7361822556182138e-11,6.1729534361051457e-11,4.4222337668891882e-11,2.3307152866689181e-11,9.2617910361782389e-12,3.6912357205129506e-12,2.2098238956077115e-12
672,1.9607522795001127e-10,5.5735697931952069e-11,5.9979671335851905e-11,4.2969158333955451e-11,2.2647792433765409e-11,9.0019018955577531e-12,3.5903421333517408e-12,2.1506638855769411e-12
673,1.9052825067970423e-10,5.4155671798687787e-11,5.8279412356716380e-11,4.1751491942291964e-11,2.2007085337994820e-11,8.7493045888411572e-12,3.4922024903171431e-12,2.0930821648549843e-12
674,1.8513819765301004e-10,5.2620437318883847e-11,5.6627351272048658e-11,4.0568332113833005e-11,2.1384503875606354e-11,8.5037945469701387e-12,3.3967417330405317e-12,2.0370367926275001e-12
675,1.7990062947581656e-10,5.1128724702497503e-11,5.5022121791343456e-11,3.9418700987839202e-11,2.0779535271593039e-11,8.2651729393641372e-12,3.3038868455607129e-12,1.9824869376185092e-12
676,1.7481123234467670e-10,4.9679300156687492e-11,5.3462396355213174e-11,3.8301648414700946e-11,2.0191681257376577e-11,8.0332465129647898e-12,3.2135667988453950e-12,1.9293928488883312e-12
677,1.6986581449384229e-10,4.8270964865326750e-11,5.1946885037446761e-11,3.7216251170642290e-11,1.9620457660419804e-11,7.8078274357943746e-12,3.1257124968167734e-12,1.8777158273955169e-12
678,1.6506030274281215e-10,4.6902553997445319e-11,5.0474334478193192e-11,3.6161612194679382e-11,1.9065394005449022e-11,7.5887331449017776e-12,3.0402567238405201e-12,1.8274181983029332e-12
679,1.6039073914154998e-10,4.5572935743782911e-11,4.9043526847386689e-11,3.5136859847202452e-11,1.8526033126957810e-11,7.3757861985728665e-12,2.9571340936385985e-12,1.7784632840086550e-12
680,1.5585327771060908e-10,4.4281010380654575e-11,4.7653278837556815e-11,3.4141147189568711e-11,1.8001930792673053e-11,7.1688141326857276e-12,2.8762809995873670e-12,1.7308153778828303e-12
681,1.5144418127347927e-10,4.3025709360354956e-11,4.6302440685190250e-11,3.3173651284110653e-11,1.7492655337673214e-11,6.9676493210945270e-12,2.7976355663634872e-12,1.6844397186921667e-12
682,1.4715981837854667e-10,4.1805994427348798e-11,4.4989895219834888e-11,3.2233572513981303e-11,1.6997787308857342e-11,6.7721288399290145e-12,2.7211376029011652e-12,1.6393024656941542e-12
683,1.4299666030813164e-10,4.0620856759516851e-11,4.3714556940159755e-11,3.1320133922274182e-11,1.6516919119472132e-11,6.5820943356998683e-12,2.6467285566252340e-12,1.5953706743836122e-12
684,1.3895127817214096e-10,3.9469316133746626e-11,4.2475371116206864e-11,3.0432580569871777e-11,1.6049654713412381e-11,6.3973918971031662e-12,2.5743514689255510e-12,1.5526122728745872e-12
685,1.3502034008394069e-10,3.8350420115178023e-11,4.1271312917092067e-11,2.9570178911491792e-11,1.5595609239018421e-11,6.2178719304202285e-12,2.5039509318391004e-12,1.5109960389010693e-12
686,1.3120060841612408e-10,3.7263243269433192e-11,4.0101386563433946e-11,2.8732216189415510e-11,1.5154408732101848e-11,6.0433890384120292e-12,2.4354730459071245e-12,1.4704915774204278e-12
687,1.2748893713391335e-10,3.6206886397178961e-11,3.8964624503809455e-11,2.7917999844397008e-11,1.4725689807938437e-11,5.8738019026101633e-12,2.3688653791754643e-12,1.4310692988038705e-12
688,1.2388226920400024e-10,3.5180475790388812e-11,3.7860086614555242e-11,2.7126856943266612e-11,1.4309099361974647e-11,5.7089731689091184e-12,2.3040769273071669e-12,1.3927003975986466e-12
689,1.2037763407669018e-10,3.4183162509689224e-11,3.6786859422252993e-11,2.6358133622755236e-11,1.3904294279001066e-11,5.5487693363672921e-12,2.2410580747772407e-12,1.3553568318471058e-12
690,1.1697214523927681e-10,3.3214121682192590e-11,3.5744055348255567e-11,2.5611194549080084e-11,1.3510941150553453e-11,5.3930606491267425e-12,2.1797605571202648e-12,1.3190113029481030e-12
691,1.1366299783863200e-10,3.2272551819236061e-11,3.4730811974629307e-11,2.4885422392844989e-11,1.3128716000308431e-11,5.2417209913642330e-12,2.1201374242023414e-12,1.2836372360466283e-12
692,1.1044746637105214e-10,3.1357674153461717e-11,3.3746291330905110e-11,2.4180217318821400e-11,1.2757304017247807e-11,5.0946277851885569e-12,2.0621430044896545e-12,1.2492087609378862e-12
693,1.0732290243745963e-10,3.0468731994690241e-11,3.2789679201048800e-11,2.3494996490188342e-11,1.2396399296371656e-11,4.9516618914015151e-12,2.0057328702866415e-12,1.2157006934724306e-12
694,1.0428673256210928e-10,2.9604990104054750e-11,3.1860184450077259e-11,2.2829193586821569e-11,1.2045704586746654e-11,4.8127075130422445e-12,1.9508638039175272e-12,1.1830885174492784e-12
695,1.0133645607300381e-10,2.8765734085877556e-11,3.0957038369763562e-11,2.2182258337233767e-11,1.1704931046682131e-11,4.6776521016368389e-12,1.8974937648256667e-12,1.1513483669842891e-12
696,9.8469643042272384e-11,2.7950269796786615e-11,3.0079494042889922e-11,2.1553656063779005e-11,1.1373798005832213e-11,4.5463862660773880e-12,1.8455818575658319e-12,1.1204570093414132e-12
697,9.5683932284816090e-11,2.7157922771583037e-11,2.9226825725522818e-11,2.0942867240745445e-11,1.1052032734028094e-11,4.4188036840567183e-12,1.7950883006652665e-12,1.0903918282147296e-12
698,9.2977029413571755e-11,2.6388037665384760e-11,2.8398328246799114e-11,2.0349387064971203e-11,1.0739370216650060e-11,4.2948010159871326e-12,1.7459743963299646e-12,1.0611308074495238e-12
699,9.0346704949792264e-11,2.5639977711584924e-11,2.7593316425727046e-11,1.9772725038628319e-11,1.0435552936354250e-11,4.1742778213335117e-12,1.6982025009732826e-12,1.0326525151909353e-12
700,8.7790792486787512e-11,2.4913124195176692e-11,2.6811124504519588e-11,1.9212404563830154e-11,1.0140330660974382e-11,4.0571364772930592e-12,1.6517359965446037e-12,1.0049360884490257e-12
701,8.5307186905612810e-11,2.4206875941008803e-11,2.6051105597991581e-11,1.8667962548727060e-11,9.8534602374237245e-12,3.9432820997558712e-12,1.6065392626363781e-12,9.7796121806939202e-13
702,8.2893842641235857e-11,2.3520648816548656e-11,2.5312631158565277e-11,1.8138949024764723e-11,9.5747053914276263e-12,3.8326224664823925e-12,1.5625776493484477e-12,9.5170813409873563e-13
703,8.0548771997753737e-11,2.2853875248741606e-11,2.4595090456441778e-11,1.7624926774788999e-11,9.3038365329215954e-12,3.7250679424355553e-12,1.5198174508891404e-12,9.2615759153507567e-13
704,7.8270043511272644e-11,2.2206003754566847e-11,2.3897890074508478e-11,1.7125470971689711e-11,9.0406305669546862e-12,3.6205314072071937e-12,1.4782258798931634e-12,9.0129085645255502e-13
705,7.6055780359101542e-11,2.1576498484901624e-11,2.3220453417564759e-11,1.6640168827284792e-11,8.7848707099424362e-12,3.5189281844800019e-12,1.4377710424368714e-12,8.7708969249105602e-13
706,7.3904158813950331e-11,2.0964838781316526e-11,2.2562220235460111e-11,1.6168619251154631e-11,8.5363463111180178e-12,3.4201759734679328e-12,1.3984219137320121e-12,8.5353634770109194e-13
707,7.1813406741858209e-11,2.0370518745435133e-11,2.1922646159750170e-11,1.5710432519144547e-11,8.2948526790345446e-12,3.3241947822795712e-12,1.3601483144795594e-12,8.3061354173468779e-13
708,6.9781802142616184e-11,1.9793046820502028e-11,2.1301202253487533e-11,1.5265229951261499e-11,8.0601909129756328e-12,3.2309068631505418e-12,1.3229208878657391e-12,8.0830445337320704e-13
709,6.7807671731480794e-11,1.9231945384812880e-11,2.0697374573775098e-11,1.4832643598698757e-11,7.8321677391353620e-12,3.1402366494925320e-12,1.2867110771828461e-12,7.8659270838331327e-13
710,6.5889389561011399e-11,1.8686750356670480e-11,2.0110663746719924e-11,1.4412315939729874e-11,7.6105953514327314e-12,3.0521106947079925e-12,1.2514911040579088e-12,7.6546236769248786e-13
711,6.4025375681895718e-11,1.8157010810539879e-11,1.9540584554436310e-11,1.4003899584220611e-11,7.3952912568294495e-12,2.9664576127209898e-12,1.2172339472727311e-12,7.4489791587574225e-13
712,6.2214094841660534e-11,1.7642288604085157e-11,1.8986665533756315e-11,1.3607056986514606e-11,7.1860781250237347e-12,2.8832080201760752e-12,1.1839133221592704e-12,7.2488424994538525e-13
713,6.0454055220196245e-11,1.7142158015779391e-11,1.8448448586316075e-11,1.3221460166455456e-11,6.9827836423962359e-12,2.8022944802584085e-12,1.1515036605547569e-12,7.0540666843591756e-13
714,5.8743807201053036e-11,1.6656205392787991e-11,1.7925488599695151e-11,1.2846790438314675e-11,6.7852403700878732e-12,2.7236514480896462e-12,1.1199800913013795e-12,6.8645086077632500e-13
715,5.7081942177497619e-11,1.6184028808834255e-11,1.7417353079295854e-11,1.2482738147401456e-11,6.5932856060926303e-12,2.6472152176554126e-12,1.0893184212757665e-12,6.6800289694225269e-13
716,5.5467091392346335e-11,1.5725237731764105e-11,1.6923621790657888e-11,1.2129002414136540e-11,6.4067612512517755e-12,2.5729238702214016e-12,1.0594951169338990e-12,6.5004921738072921e-13
717,5.3897924810619558e-11,1.5279452700535010e-11,1.6443886411912623e-11,1.1785290885378705e-11,6.2255136790390865e-12,2.5007172241963475e-12,1.0304872863574770e-12,6.3257662320030519e-13
718,5.2373150024088797e-11,1.4846305011362035e-11,1.5977750196089474e-11,1.1451319492798311e-11,6.0493936090298768e-12,2.4305367864013022e-12,1.0022726617881370e-12,6.1557226661965567e-13
719,5.0891511186814119e-11,1.4425436412761275e-11,1.5524827642995139e-11,1.1126812218098191e-11,5.8782559839495842e-12,2.3623257047057627e-12,9.7482958263629590e-13,5.9902364166787400e-13
720,4.9451787980795360e-11,1.4016498809238569e-11,1.5084744180394330e-11,1.0811500864887884e-11,5.7119598502006520e-12,2.2960287219923219e-12,9.4813697895173815e-13,5.8291857512986573e-13
721,4.8052794610885014e-11,1.3619153973378325e-11,1.4657135854228321e-11,1.0505124837022618e-11,5.5503682417693192e-12,2.2315921314125842e-12,9.2217435534342983e-13,5.6724521773041558e-13
722,4.6693378828135180e-11,1.3233073266094367e-11,1.4241649027615072e-11,1.0207430923223871e-11,5.3933480674166924e-12,2.1689637328981239e-12,8.9692177533636806e-13,5.5199203555067752e-13
723,4.5372420980773973e-11,1.2857937364811384e-11,1.3837940088382028e-11,9.9181730878034837e-12,5.2407700010611828e-12,2.1080927908912932e-12,8.7235984615361373e-13,5.3714780167098959e-13
724,4.4088833092029993e-11,1.2493435999352170e-11,1.3445675164889714e-11,9.6371122673183416e-12,5.0925083752620361e-12,2.0489299932616662e-12,8.4846970391196900e-13,5.2270158803408412e-13
725,4.2841557964044958e-11,1.2139267695312225e-11,1.3064529849911066e-11,9.3640161729876050e-12,4.9484410777162072e-12,1.9914274113748622e-12,8.2523299922007877e-13,5.0864275752291062e-13
726,4.1629568307136988e-11,1.1795139524709403e-11,1.2694188932338164e-11,9.0986590987091453e-12,4.8084494506833552e-12,1.9355384612814325e-12,8.0263188316803823e-13,4.9496095624744504e-13
727,4.0451865893696781e-11,1.1460766863702413e-11,1.2334346136494463e-11,8.8408217345165196e-12,4.6724181932561057e-12,1.8812178659943945e-12,7.8064899369787867e-13,4.8164610603500044e-13
728,3.9307480736020311e-11,1.1135873157177770e-11,1.1984703868836935e-11,8.5902909853223290e-12,4.5402352663950830e-12,1.8284216188248800e-12,7.5926744234460418e-13,4.6868839711870251e-13
729,3.8195470287400547e-11,1.0820189690010444e-11,1.1644972971838605e-11,8.3468597947981153e-12,4.4117918006505254e-12,1.7771069477462228e-12,7.3847080133771356e-13,4.5607828101892735e-13
730,3.7114918665820471e-11,1.0513455364809075e-11,1.1314872484847981e-11,8.1103269742452693e-12,4.2869820064944364e-12,1.7272322807576361e-12,7.1824309105343275e-13,4.4380646361263929e-13
731,3.6064935899607618e-11,1.0215416485961855e-11,1.0994129411727545e-11,7.8804970363154815e-12,4.1657030871894632e-12,1.6787572122194509e-12,6.9856876780813503e-13,4.3186389838569359e-13
732,3.5044657194429381e-11,9.9258265498045232e-12,1.0682478495079178e-11,7.6571800334433143e-12,4.0478551541227095e-12,1.6316424701326612e-12,6.7943271198368896e-13,4.2024177986330229e-13
733,3.4053242221024778e-11,9.6444460407368707e-12,1.0379661996869756e-11,7.4401914008573949e-12,3.9333411445347581e-12,1.5858498843362901e-12,6.6082021647572459e-13,4.0893153721398411e-13
734,3.3089874423086550e-11,9.3710422331191336e-12,1.0085429485275522e-11,7.2293518040404101e-12,3.8220667415761464e-12,1.5413423555968405e-12,6.4271697545605519e-13,3.9792482802244116e-13
735,3.2153760344723112e-11,9.1053889987844246e-12,9.7995376275689095e-12,7.0244869905118797e-12,3.7139402966254472e-12,1.4980838255648010e-12,6.2510907344072014e-13,3.8721353222692604e-13
736,3.1244128976946766e-11,8.8472666200080024e-12,9.5217499888765585e-12,6.8254276458112028e-12,3.6088727538049736e-12,1.4560392475738951e-12,6.0798297465535891e-13,3.7678974621677654e-13
737,3.0360231122649776e-11,8.5964616077786538e-12,9.2518368366420744e-12,6.6320092535619218e-12,3.5067775766319400e-12,1.4151745582594355e-12,5.9132551268983856e-13,3.6664577708591054e-13
738,2.9501338779545212e-11,8.3527665252218999e-12,8.9895749506318041e-12,6.4440719595015789e-12,3.4075706767446594e-12,1.3754566499728054e-12,5.7512388043428430e-13,3.5677413703818055e-13
739,2.8666744540564541e-11,8.1159798160289841e-12,8.7347474383265112e-12,6.2614604393647451e-12,3.3111703446450897e-12,1.3368533439697413e-12,5.5936562028887205e-13,3.4716753794059678e-13
740,2.7855761011217923e-11,7.8859056377497118e-12,8.4871435555462672e-12,6.0840237705100817e-12,3.2174971824006682e-12,1.2993333643507152e-12,5.4403861463994611e-13,3.3781888602053111e-13
741,2.7067720243437434e-11,7.6623536998112535e-12,8.2465585321602146e-12,5.9116153071852857e-12,3.1264740382500165e-12,1.2628663127323149e-12,5.2913107659523599e-13,3.2872127670311668e-13
742,2.6301973185436914e-11,7.4451391061289635e-12,8.0127934027370423e-12,5.7440925593268442e-12,3.0380259430586584e-12,1.2274226436291256e-12,5.1463154097112963e-13,3.1986798958515383e-13
743,2.5557889147135239e-11,7.2340822021790133e-12,7.7856548419961184e-12,5.5813170747944329e-12,2.9520800485723974e-12,1.1929736405261811e-12,5.0052885552516192e-13,3.1125248354193439e-13
744,2.4834855280702860e-11,7.0290084264063525e-12,7.5649550049232094e-12,5.4231543249426200e-12,2.8685655674175201e-12,1.1594913926226180e-12,4.8681217242705719e-13,3.0286839196348590e-13
745,2.4132276075803704e-11,6.8297481658450919e-12,7.3505113714185498e-12,5.2694735934352950e-12,2.7874137147983890e-12,1.1269487722277032e-12,4.7347093996184605e-13,2.9470951811682988e-13
746,2.3449572869116636e-11,6.6361366158319091e-12,7.1421465953487415e-12,5.1201478682109326e-12,2.7085576518444199e-12,1.0953194127909393e-12,4.6049489445875251e-13,2.8676983063094018e-13
747,2.2786183367732651e-11,6.4480136436964158e-12,6.9396883578777121e-12,4.9750537365094012e-12,2.6319324305597679e-12,1.0645776875484625e-12,4.4787405243972060e-13,2.7904345910116906e-13
748,2.2141561186035159e-11,6.2652236563157683e-12,6.7429692249553709e-12,4.8340712828735661e-12,2.5574749403303968e-12,1.0346986887684480e-12,4.3559870298161118e-13,2.7152468980999806e-13
749,2.1515175395681943e-11,6.0876154714239585e-12,6.5518265088461364e-12,4.6970839900413584e-12,2.4851238559444600e-12,1.0056582075787166e-12,4.2365940028626593e-13,2.6420796156104971e-13
750,2.0906510088318152e-11,5.9150421925693524e-12,6.3661021335827938e-12,4.5639786426464299e-12,2.4148195870831920e-12,9.7743271436021828e-13,4.1204695645279052e-13,2.5708786162337787e-13
751,2.0315063950660161e-11,5.7473610876170364e-12,6.1856425042344290e-12,4.4346452336477774e-12,2.3465042292407015e-12,9.4999933969052049e-13,4.0075243444656367e-13,2.5015912178313253e-13
752,1.9740349851600324e-11,5.5844334706955107e-12,6.0102983798802830e-12,4.3089768734110207e-12,2.2801215160322505e-12,9.2333585582186659e-13,3.8976714125962467e-13,2.4341661449976997e-13
753,1.9181894440992583e-11,5.4261245874900433e-12,5.8399247501845254e-12,4.1868697013661758e-12,2.2156167728517239e-12,8.9742065867881968e-13,3.7908262125724137e-13,2.3685534916405418e-13
754,1.8639237759788404e-11,5.2723035037878507e-12,5.6743807154698150e-12,4.0682228001689107e-12,2.1529368718401476e-12,8.7223275036091256e-13,3.6869064970559841e-13,2.3047046845516807e-13
755,1.8111932861202015e-11,5.1228429971828891e-12,5.5135293701904980e-12,3.9529381122943495e-12,2.0920301881281330e-12,8.4775172213613914e-13,3.5858322647568362e-13,2.2425724479432062e-13
756,1.7599545442592892e-11,4.9776194518507044e-12,5.3572376897090619e-12,3.8409203589944756e-12,2.0328465573162362e-12,8.2395773791152171e-13,3.4875256991858413e-13,2.1821107689230884e-13
757,1.7101653487762308e-11,4.8365127563062937e-12,5.2053764202822018e-12,3.7320769615521611e-12,1.9753372341581943e-12,8.0083151816736960e-13,3.3919111090753391e-13,2.1232748638855575e-13
758,1.6617846919369327e-11,4.6994062040604191e-12,5.0578199721655307e-12,3.6263179647667437e-12,1.9194548524130165e-12,7.7835432434222539e-13,3.2989148704217979e-13,2.0660211457921332e-13
759,1.6147727261179955e-11,4.5661863970922104e-12,4.9144463157484940e-12,3.5235559626078930e-12,1.8651533858328606e-12,7.5650794365585539e-13,3.2084653701065750e-13,2.0103071923198176e-13
760,1.5690907309871283e-11,4.4367431520582056e-12,4.7751368806336242e-12,3.4237060259763444e-12,1.8123881102545656e-12,7.3527467435799811e-13,3.1204929510518782e-13,1.9560917148535758e-13
761,1.5247010816120344e-11,4.3109694091602609e-12,4.6397764575766560e-12,3.3266856325117804e-12,1.7611155667636158e-12,7.1463731139092835e-13,3.0349298588701907e-13,1.9033345283008374e-13
762,1.4815672174714911e-11,4.1887611435969624e-12,4.5082531032063892e-12,3.2324145983898443e-12,1.7112935259001978e-12,6.9457913245422892e-13,2.9517101899665611e-13,1.8519965217063273e-13
763,1.4396536123431126e-11,4.0700172795252762e-12,4.3804580474455263e-12,3.1408150120519261e-12,1.6628809528778690e-12,6.7508388446048850e-13,2.8707698410542727e-13,1.8020396296461140e-13
764,1.3989257450429886e-11,3.9546396064613052e-12,4.2562856035559054e-12,3.0518111698129462e-12,1.6158379737861956e-12,6.5613577037096032e-13,2.7920464600454414e-13,1.7534268043803054e-13
765,1.3593500709930985e-11,3.8425326980509716e-12,4.1356330807337139e-12,2.9653295132939080e-12,1.5701258427495131e-12,6.3771943640052319e-13,2.7154793982791774e-13,1.7061219887443695e-13
766,1.3208939945930857e-11,3.7336038331434792e-12,4.0184006991824454e-12,2.8812985686275220e-12,1.5257069100147730e-12,6.1981995958158589e-13,2.6410096640509373e-13,1.6600900897595843e-13
767,1.2835258423736362e-11,3.6277629191022321e-12,3.9044915075933053e-12,2.7996488873866434e-12,1.4825445909421828e-12,6.0242283567686757e-13,2.5685798774076765e-13,1.6152969529436283e-13
768,1.2472148369093477e-11,3.5249224172898197e-12,3.7938113029648564e-12,2.7203129891867120e-12,1.4406033358731012e-12,5.8551396743126546e-13,2.4981342261743951e-13,1.5717093373028204e-13
769,1.2119310714696069e-11,3.4249972706654028e-12,3.6862685526955879e-12,2.6432253059147404e-12,1.3998486008503759e-12,5.6907965315330240e-13,2.4296184231785699e-13,1.5292948909880143e-13
770,1.1776454853865928e-11,3.3279048334346427e-12,3.5817743188849571e-12,2.5683221275387753e-12,1.3602468191669996e-12,5.5310657561690427e-13,2.3629796646399141e-13,1.4880221275966072e-13
771,1.1443298401201228e-11,3.2335648026939594e-12,3.4802421847803200e-12,2.4955415494530262e-12,1.3217653737196598e-12,5.3758179127452655e-13,2.2981665896937576e-13,1.4478604031036064e-13
772,1.1119566959996211e-11,3.1418991520126125e-12,3.3815881833089090e-12,2.4248234213151557e-12,1.2843725701444060e-12,5.2249271977289383e-13,2.2351292410172184e-13,1.4087798934051183e-13
773,1.0804993896240622e-11,3.0528320668976395e-12,3.2857307276357492e-12,2.3561092973334348e-12,1.2480376107123088e-12,5.0782713376286265e-13,2.1738190265281716e-13,1.3707515724580933e-13
774,1.0499320119012699e-11,2.9662898820882955e-12,3.1925905436900956e-12,2.2893423879626922e-12,1.2127305689636173e-12,4.9357314899516154e-13,2.1141886821278280e-13,1.3337471910005498e-13
775,1.0202293867084844e-11,2.8822010206281172e-12,3.1020906046045729e-12,2.2244675129691111e-12,1.1784223650595096e-12,4.7971921469398424e-13,2.0561922354585379e-13,1.2977392558369495e-13
776,9.9136705015662249e-12,2.8004959346642275e-12,3.0141560670128033e-12,2.1614310558251026e-12,1.1450847418311507e-12,4.6625410420064540e-13,1.9997849706492006e-13,1.2627010096737726e-13
777,9.6332123044115655e-12,2.7211070479249082e-12,2.9287142091528439e-12,2.1001809193965575e-12,1.1126902415063190e-12,4.5316690587972097e-13,1.9449233940214072e-13,1.2286064114907482e-13
778,9.3606882826300719e-12,2.6439686998278626e-12,2.8456943707252363e-12,2.0406664828858468e-12,1.0812121830944383e-12,4.4044701428031219e-13,1.8915652007301855e-13,1.1954301174335780e-13
779,9.0958739780333601e-12,2.5690170911729471e-12,2.7650278944559302e-12,1.9828385599949886e-12,1.0506246404113923e-12,4.2808412154527501e-13,1.8396692423139080e-13,1.1631474622143571e-13
780,8.8385512823655733e-12,2.4961902313744475e-12,2.6866480693157547e-12,1.9266493582744102e-12,1.0209024207260109e-12,4.1606820906145961e-13,1.7891954951286317e-13,1.1317344410062624e-13
781,8.5885082576635048e-12,2.4254278871892581e-12,2.6104900753494751e-12,1.8720524396236914e-12,9.9202104401065564e-13,4.0438953934420068e-13,1.7401050296428071e-13,1.1011676918194343e-13
782,8.3455389616987352e-12,2.3566715328985517e-12,2.5364909300688101e-12,1.8190026819116633e-12,9.6395672277880174e-13,3.9303864814948432e-13,1.6923599805689267e-13,1.0714244783453199e-13
783,8.1094432783580165e-12,2.2898643019017482e-12,2.4645894363650716e-12,1.7674562416841230e-12,9.3668634249301952e-13,3.8200633680740816e-13,1.6459235178093599e-13,1.0424826732570776e-13
784,7.8800267528221937e-12,2.2249509396827271e-12,2.3947261318983519e-12,1.7173705179283595e-12,9.1018744252721190e-13,3.7128366477072499e-13,1.6007598181941963e-13,1.0143207419539783e-13
785,7.6571004314079517e-12,2.1618777581093944e-12,2.3268432399214001e-12,1.6687041168645275e-12,8.8443819766743366e-13,3.6086194237243671e-13,1.5568340379895537e-13,9.8691772673804371e-14
786,7.4404807059404188e-12,2.1005925910288021e-12,2.2608846214975228e-12,1.6214168177347812e-12,8.5941740013605182e-13,3.5073272378657463e-13,1.5141122861553750e-13,9.6025323141148533e-14
787,7.2299891625284774e-12,2.0410447511210942e-12,2.1967957290729780e-12,1.5754695395618841e-12,8.3510444212444357e-13,3.4088780018646669e-13,1.4725615983323140e-13,9.3430740628379692e-14
788,7.0254524346182501e-12,1.9831849879765850e-12,2.1345235613654847e-12,1.5308243088498329e-12,8.1147929881984550e-13,3.3131919309495044e-13,1.4321499115378677e-13,9.0906093357765615e-14
789,6.8267020602036888e-12,1.9269654473613056e-12,2.0740166195315253e-12,1.4874442281997846e-12,7.8852251191237430e-13,3.2201914792114860e-13,1.3928460395524444e-13,8.8449501322307361e-14
790,6.6335743430766898e-12,1.8723396316373209e-12,2.0152248645761926e-12,1.4452934458153625e-12,7.6621517356863280e-13,3.1298012767857285e-13,1.3546196489765844e-13,8.6059134902949863e-14
791,6.4459102180024524e-12,1.8192623613050845e-12,1.9580996759703662e-12,1.4043371258721307e-12,7.4453891085870590e-13,3.0419480687946964e-13,1.3174412359410665e-13,8.3733213522587895e-14
792,6.2635551197090192e-12,1.7676897376360128e-12,1.9025938114409782e-12,1.3645414197267468e-12,7.2347587062371555e-13,2.9565606560046294e-13,1.2812821034521213e-13,8.1470004335891765e-14
793,6.0863588555831420e-12,1.7175791063643877e-12,1.8486613679011347e-12,1.3258734379420037e-12,7.0300870477147464e-13,2.8735698371469093e-13,1.2461143393544613e-13,7.9267820954003812e-14
794,5.9141754819675390e-12,1.6688890224085474e-12,1.7962577434877587e-12,1.2883012231046309e-12,6.8312055598812639e-13,2.7929083528576270e-13,1.2119107948953025e-13,7.7125022203181661e-14
795,5.7468631839577463e-12,1.6215792155921811e-12,1.7453396006753739e-12,1.2517937234133993e-12,6.6379504385400314e-13,2.7145108311899898e-13,1.1786450638730162e-13,7.5040010916488186e-14
796,5.5842841585995131e-12,1.5756105573373906e-12,1.6958648304355201e-12,1.2163207670156923e-12,6.4501625135226720e-13,2.6383137346554122e-13,1.1462914623544916e-13,7.3011232757652509e-14
797,5.4263045013905376e-12,1.5309450283019566e-12,1.6477925174121570e-12,1.1818530370713346e-12,6.2676871175922394e-13,2.5642553087504408e-13,1.1148250089457178e-13,7.1037175076248509e-14
798,5.2727940959930811e-12,1.4875456869340503e-12,1.6010829060842540e-12,1.1483620475230763e-12,6.0903739590550778e-13,2.4922755319277978e-13,1.0842214056005222e-13,6.9116365793361090e-14
799,5.1236265070666230e-12,1.4453766389183770e-12,1.5556973678875877e-12,1.1158201195536925e-12,5.9180769979764919e-13,2.4223160669710535e-13,1.0544570189528090e-13,6.7247372316931189e-14
800,4.9786788761322747e-12,1.4044030074884855e-12,1.5115983692685492e-12,1.0842003587102593e-12,5.7506543258983002e-13,2.3543202137335474e-13,1.0255088621580393e-13,6.5428800485992636e-14
801,4.8378318203831989e-12,1.3645909045806850e-12,1.4687494406435485e-12,1.0534766326766787e-12,5.5879680489591713e-13,2.2882328632032777e-13,9.9735457723008050e-14,6.3659293543034137e-14
802,4.7009693343576862e-12,1.3259074028057099e-12,1.4271151462383337e-12,1.0236235496761043e-12,5.4298841743214840e-13,2.2240004528565689e-13,9.6997241785993492e-14,6.1937531133740735e-14
803,4.5679786943939084e-12,1.2883205082149552e-12,1.3866610547822935e-12,9.9461643748539511e-13,5.2762724998111961e-13,2.1615709232643610e-13,9.4334123270322017e-14,6.0262228333387616e-14
804,4.4387503657876439e-12,1.2517991338387527e-12,1.3473537110334991e-12,9.6643132304427231e-13,5.1270065066797934e-13,2.1008936759159813e-13,9.1744044912363126e-14,5.8632134699179593e-14
805,4.3131779125765211e-12,1.2163130739748024e-12,1.3091606081109367e-12,9.3904491264231385e-13,4.9819632554000115e-13,2.0419195322262380e-13,8.9225005737996289e-14,5.7046033347847442e-14
806,4.1911579098764696e-12,1.1818329792054964e-12,1.2720501606110504e-12,9.1243457266741751e-13,4.8410232844094973e-13,1.9846006936926473e-13,8.6775059524460841e-14,5.5502740057830316e-14
807,4.0725898586981741e-12,1.1483303321234658e-12,1.2359916784863636e-12,8.8657831089981959e-13,4.7040705117190271e-13,1.9288907031705219e-13,8.4392313304177937e-14,5.4001102395392365e-14
808,3.9573761031733750e-12,1.1157774237452791e-12,1.2009553416645701e-12,8.6145475833620923e-13,4.5709921393042196e-13,1.8747444072345640e-13,8.2074925909401049e-14,5.2539998864037251e-14
809,3.8454217501228470e-12,1.0841473305937839e-12,1.1669121753871102e-12,8.3704315152891698e-13,4.4416785602020231e-13,1.8221179195964795e-13,7.9821106556582425e-14,5.1118338076602499e-14
810,3.7366345908997909e-12,1.0534138924301284e-12,1.1338340262468360e-12,8.1332331542557910e-13,4.3160232682354433e-13,1.7709685855489912e-13,7.7629113469373294e-14,4.9735057949431054e-14
811,3.6309250254442971e-12,1.0235516906170564e-12,1.1016935389049426e-12,7.9027564669509796e-13,4.1939227702921585e-13,1.7212549474074507e-13,7.5497252539205408e-14,4.8389124918033902e-14
812,3.5282059884862926e-12,9.9453602709557287e-13,1.0704641334679168e-12,7.6788109752611573e-13,4.0752765010847848e-13,1.6729367109210696e-13,7.3423876022429235e-14,4.7079533173672627e-14
813,3.4283928778362231e-12,9.6634290395759148e-13,1.0401199835057886e-12,7.4612115988461083e-13,3.9599867403225697e-13,1.6259747126265591e-13,7.1407381273013027e-14,4.5805303920306352e-14
814,3.3314034847043926e-12,9.3894900359767443e-13,1.0106359946935099e-12,7.2497785021760745e-13,3.8479585322263075e-13,1.5803308881177489e-13,6.9446209509833234e-14,4.4565484651361899e-14
815,3.2371579259915669e-12,9.1233166942744110e-13,9.8198778405778994e-13,7.0443369459035600e-13,3.7390996073201791e-13,1.5359682412054775e-13,6.7538844617613871e-14,4.3359148445800380e-14
816,3.1455785784950877e-12,8.8646888713669931e-13,9.5415165981223581e-13,6.8447171424469879e-13,3.6333203064361066e-13,1.4928508139427882e-13,6.5683811980597315e-14,4.2185393282967288e-14
817,3.0565900149762896e-12,8.6133926648579697e-13,9.2710460176410502e-13,6.6507541156668845e-13,3.5305335068680241e-13,1.4509436574911472e-13,6.3879677348054686e-14,4.1043341375727147e-14
818,2.9701189420365780e-12,8.3692202361413915e-13,9.0082424227648277e-13,6.4622875645185767e-13,3.4306545506152516e-13,1.4102128038040921e-13,6.2125045730767622e-14,3.9932138521396271e-14
819,2.8860941397509966e-12,8.1319696385023177e-13,8.7528884777012680e-13,6.2791617305687573e-13,3.3336011746558639e-13,1.3706252381053782e-13,6.0418560327637502e-14,3.8850953470000720e-14
820,2.8044464030095619e-12,7.9014446500904050e-13,8.5047730074968835e-13,6.1012252692663711e-13,3.2392934431926347e-13,1.3321488721393325e-13,5.8758901481600462e-14,3.7798977309398696e-14
821,2.7251084845180517e-12,7.6774546116284400e-13,8.2636908233944182e-13,5.9283311248614926e-13,3.1476536818157347e-13,1.2947525181717495e-13,5.7144785664049592e-14,3.6775422866818859e-14
822,2.6480150394113105e-12,7.4598142687216462e-13,8.0294425531407961e-13,5.7603364088687496e-13,3.0586064135279892e-13,1.2584058637202744e-13,5.5574964486986978e-14,3.5779524126378089e-14
823,2.5731025714334402e-12,7.2483436186372933e-13,7.8018344761054005e-13,5.5971022819749107e-13,2.9720782965799596e-13,1.2230794469938101e-13,5.4048223742149326e-14,3.4810535662153527e-14
824,2.5003093806405607e-12,7.0428677614278947e-13,7.5806783630723099e-13,5.4384938392929798e-13,2.8879980640636953e-13,1.1887446330210471e-13,5.2563382466372222e-14,3.3867732086395229e-14
825,2.4295755125830566e-12,6.8432167552748699e-13,7.3657913205739955e-13,5.2843799988680043e-13,2.8062964652153678e-13,1.1553735904487938e-13,5.1119292032477077e-14,3.2950407512476555e-14
826,2.3608427089254701e-12,6.6492254759330045e-13,7.1569956396377528e-13,5.1346333933424183e-13,2.7269062083784615e-13,1.1229392689913082e-13,4.9714835264985090e-14,3.2057875032190146e-14
827,2.2940543594633440e-12,6.4607334801594824e-13,6.9541186488197525e-13,4.9891302646914100e-13,2.6497619055805362e-13,1.0914153775123689e-13,4.8348925579981129e-14,3.1189466207007753e-14
828,2.2291554554975275e-12,6.2775848730145048e-13,6.7569925714052123e-13,4.8477503619412945e-13,2.5748000186779183e-13,1.0607763627223355e-13,4.7020506148468919e-14,3.0344530572932287e-14
829,2.1660925445275144e-12,6.0996281789237665e-13,6.5654543866565314e-13,4.7103768417863695e-13,2.5019588070239586e-13,1.0309973884729401e-13,4.5728549082576969e-14,2.9522435158580227e-14
830,2.1048136862265069e-12,5.9267162163961195e-13,6.3793456949946936e-13,4.5768961720221131e-13,2.4311782766177566e-13,1.0020543156330449e-13,4.4472054643991934e-14,2.8722564016142317e-14
831,2.0452684096619600e-12,5.7587059762928269e-13,6.1985125870024059e-13,4.4471980377149025e-13,2.3624001306914743e-13,9.7392368252906148e-14,4.3250050474013267e-14,2.7944317764879547e-14
832,1.9874076717263424e-12,5.5954585035477163e-13,6.0228055161406459e-13,4.3211752500307362e-13,2.2955677216955328e-13,9.4658268593419537e-14,4.2061590844639364e-14,2.7187113146820653e-14
833,1.9311838167439059e-12,5.4368387822403951e-13,5.8520791750733601e-13,4.1987236576475612e-13,2.2306260046421516e-13,9.2000916259111119e-14,4.0905755930111587e-14,2.6450382594336393e-14
834,1.8765505372201723e-12,5.2827156239274836e-13,5.6861923754980211e-13,4.0797420606780391e-13,2.1675214917688005e-13,8.9418157125305906e-14,3.9781651098358076e-14,2.5733573809274008e-14
835,1.8234628357018257e-12,5.1329615591395055e-13,5.5250079313826558e-13,3.9641321270315676e-13,2.1062022084842258e-13,8.6907897522891187e-14,3.8688406221794561e-14,2.5036149353344181e-14
836,1.7718769877155852e-12,4.9874527319536824e-13,5.3683925455128166e-13,3.8517983111464635e-13,2.0466176505607671e-13,8.4468102541797741e-14,3.7625175006954065e-14,2.4357586249460600e-14
837,1.7217505057555442e-12,4.8460687975554485e-13,5.2162166992546031e-13,3.7426477750251230e-13,1.9887187425376988e-13,8.2096794382084421e-14,3.6591134342431837e-14,2.3697375593740400e-14
838,1.6730421042893020e-12,4.7086928227039472e-13,5.0683545454426350e-13,3.6365903115069070e-13,1.9324577973013509e-13,7.9792050751290316e-14,3.5585483664645840e-14,2.3055022177881393e-14
839,1.6257116657540794e-12,4.5752111890191890e-13,4.9246838043043405e-13,3.5335382697153298e-13,1.8777884768087056e-13,7.7552003306756673e-14,3.4607444340926766e-14,2.2430044121639563e-14
840,1.5797202075148062e-12,4.4455134990108909e-13,4.7850856623345195e-13,3.4334064826179379e-13,1.8246657539221242e-13,7.5374836141656673e-14,3.3656259069464577e-14,2.1821972515137695e-14
841,1.5350298497569604e-12,4.3194924847712516e-13,4.6494446740365439e-13,3.3361121966390142e-13,1.7730458753237779e-13,7.3258784313506854e-14,3.2731191295651912e-14,2.1230351070742990e-14
842,1.4916037842877259e-12,4.1970439192561679e-13,4.5176486664489044e-13,3.2415750032669305e-13,1.7228863254792215e-13,7.1202132413968174e-14,3.1831524644376656e-14,2.0654735784258705e-14
843,1.4494062442197641e-12,4.0780665300814937e-13,4.3895886463782000e-13,3.1497167725996157e-13,1.6741457916204463e-13,6.9203213178778430e-14,3.0956562367828569e-14,2.0094694605181472e-14
844,1.4084024745126343e-12,3.9624619157630605e-13,4.2651587102617968e-13,3.0604615887732298e-13,1.6267841297195633e-13,6.7260406136689853e-14,3.0105626808396694e-14,1.9549807115782490e-14
845,1.3685587033475967e-12,3.8501344643311613e-13,4.1442559565856448e-13,2.9737356872206687e-13,1.5807623314250878e-13,6.5372136296317673e-14,2.9278058876245544e-14,1.9019664218777456e-14
846,1.3298421143122286e-12,3.7409912742522085e-13,4.0267804007848094e-13,2.8894673937080485e-13,1.5360424919336054e-13,6.3536872869835958e-14,2.8473217541169498e-14,1.8503867833356073e-14
847,1.2922208193719306e-12,3.6349420775921410e-13,3.9126348925563323e-13,2.8075870650987806e-13,1.4925877787703430e-13,6.1753128032486763e-14,2.7690479338335865e-14,1.8002030599348173e-14
848,1.2556638326060781e-12,3.5318991653580425e-13,3.8017250355160615e-13,2.7280270317962891e-13,1.4503624014529422e-13,6.0019455716897968e-14,2.6929237887537336e-14,1.7513775589309462e-14
849,1.2201410446871755e-12,3.4317773149562105e-13,3.6939591091329718e-13,2.6507215418177870e-13,1.4093315820134485e-13,5.8334450441232923e-14,2.6188903425585159e-14,1.7038736028315629e-14
850,1.1856231980819943e-12,3.3344937197066936e-13,3.5892479928764481e-13,2.5756067064529090e-13,1.3694615263542274e-13,5.6696746170222848e-14,2.5468902351484423e-14,1.6576555021259053e-14
851,1.1520818629542738e-12,3.2399679203559760e-13,3.4875050925137708e-13,2.5026204474622636e-13,1.3307193964142315e-13,5.5105015208159409e-14,2.4768676784042413e-14,1.6126885287448058e-14
852,1.1194894137491390e-12,3.1481217385311892e-13,3.3886462684968781e-13,2.4317024457722944e-13,1.2930732831226791e-13,5.3557967122950461e-14,2.4087684131570698e-14,1.5689388902313720e-14
853,1.0878190064399374e-12,3.0588792120807885e-13,3.2925897663791542e-13,2.3627940916240225e-13,1.2564921801178783e-13,5.2054347700367748e-14,2.3425396673350795e-14,1.5263737046034608e-14
854,1.0570445564187748e-12,2.9721665322482411e-13,3.1992561492047161e-13,2.2958384361344867e-13,1.2209459582095427e-13,5.0592937927639162e-14,2.2781301152542208e-14,1.4849609758894792e-14
855,1.0271407170125199e-12,2.8879119826267283e-13,3.1085682318142761e-13,2.2307801442308381e-13,1.1864053405635734e-13,4.9172553005562417e-14,2.2154898380220525e-14,1.4446695703195344e-14
856,9.9808285860659754e-13,2.8060458798444098e-13,3.0204510170132474e-13,2.1675654489181974e-13,1.1528418785888631e-13,4.7792041388339685e-14,2.1545702850241593e-14,1.4054691931544434e-14
857,9.6984704835936770e-13,2.7265005159311576e-13,2.9348316335493113e-13,2.1061421068434714e-13,1.1202279285062627e-13,4.6450283850355610e-14,2.0953242364636248e-14,1.3673303661355648e-14
858,9.4241003049038873e-13,2.6492101023191234e-13,2.8516392758481462e-13,2.0464593551184118e-13,1.0885366285804140e-13,4.5146192579142517e-14,2.0377057669248025e-14,1.3302244055388803e-14
859,9.1574920712632269e-13,2.5741107154307906e-13,2.7708051454574787e-13,1.9884678693662217e-13,1.0577418769956960e-13,4.3878710293798152e-14,1.9816702099334165e-14,1.2941234008171851e-14
860,8.8984261968871476e-13,2.5011402438095364e-13,2.6922623941510387e-13,1.9321197229570479e-13,1.0278183103580578e-13,4.2646809388141894e-14,1.9271741234857812e-14,1.2590001938146839e-14
861,8.6466893080830916e-13,2.4302383367489551e-13,2.6159460686453515e-13,1.8773683473986572e-13,9.9874128280504041e-14,4.1449491097914980e-14,1.8741752565206795e-14,1.2248283585386973e-14
862,8.4020740675101490e-13,2.3613463543784679e-13,2.5417930568836576e-13,1.8241684938495683e-13,9.7048684570677438e-14,4.0285784691350591e-14,1.8226325163081531e-14,1.1915821814736025e-14
863,8.1643790034103712e-13,2.2944073191639268e-13,2.4697420358425362e-13,1.7724761957228275e-13,9.4303172794123652e-14,3.9154746682457585e-14,1.7725059367301637e-14,1.1592366424225165e-14
864,7.9334083436711624e-13,2.2293658687831084e-13,2.3997334208180601e-13,1.7222487323495236e-13,9.1635331672752270e-14,3.8055460066380904e-14,1.7237566474287625e-14,1.1277673958626241e-14
865,7.7089718545820530e-13,2.1661682103371127e-13,2.3317093161495456e-13,1.6734445936720065e-13,8.9042963900134691e-14,3.6987033576219074e-14,1.6763468437980838e-14,1.0971507528004221e-14
866,7.4908846841530398e-13,2.1047620758597970e-13,2.2656134673401502e-13,1.6260234459376353e-13,8.6523934331742786e-14,3.5948600960696741e-14,1.6302397577971026e-14,1.0673636631135217e-14
867,7.2789672098654742e-13,2.0450966790884563e-13,2.2013912145347131e-13,1.5799460983646995e-13,8.4076168226386005e-14,3.4939320282107057e-14,1.5853996295607433e-14,1.0383836983660060e-14
868,7.0730448907300661e-13,1.9871226734599833e-13,2.1389894473163682e-13,1.5351744707529613e-13,8.1697649537397969e-14,3.3958373233955266e-14,1.5417916797875312e-14,1.0101890350846788e-14
869,6.8729481235301908e-13,1.9307921112977763e-13,2.0783565607845470e-13,1.4916715620120577e-13,7.9386419252165836e-14,3.3004964477750504e-14,1.4993820828825717e-14,9.8275843848389062e-15
870,6.6785121031320650e-13,1.8760584041556351e-13,2.0194424128780439e-13,1.4494014195817409e-13,7.7140573778634180e-14,3.2078320998408767e-14,1.4581379408352226e-14,9.5607124662694344e-15
871,6.4895766867467705e-13,1.8228762842858449e-13,1.9621982829078549e-13,1.4083291097186963e-13,7.4958263377454879e-14,3.1177691477744595e-14,1.4180272578113902e-14,9.3010735501240417e-15
872,6.3059862620322919e-13,1.7712017671995846e-13,1.9065768312654900e-13,1.3684206886253709e-13,7.2837690638491630e-14,3.0302345685544091e-14,1.3790189154409240e-14,9.0484720157396294e-15
873,6.1275896189269697e-13,1.7209921152886850e-13,1.8525320602734430e-13,1.3296431743969544e-13,7.0777109000423952e-14,2.9451573887725861e-14,1.3410826487811164e-14,8.8027175208277652e-15
874,5.9542398251087870e-13,1.6722058024786592e-13,1.8000192761454363e-13,1.2919645197633304e-13,6.8774821312231970e-14,2.8624686271110431e-14,1.3041890229378375e-14,8.5636248594153239e-15
875,5.7857941049779126e-13,1.6248024798837591e-13,1.7489950520249900e-13,1.2553535856034681e-13,6.6829178435376663e-14,2.7821012384332041e-14,1.2683094103263346e-14,8.3310138235975479e-15
876,5.6221137220628439e-13,1.5787429424356633e-13,1.6994171920717353e-13,1.2197801152103608e-13,6.4938577885524610e-14,2.7039900594440051e-14,1.2334159685542176e-14,8.1047090690015522e-15
877,5.4630638647532674e-13,1.5339890964581856e-13,1.6512446965657830e-13,1.1852147092852499e-13,6.3101462512698290e-14,2.6280717558749437e-14,1.1994816189096256e-14,7.8845399838609852e-15
878,5.3085135352655749e-13,1.4905039281611908e-13,1.6044377280012846e-13,1.1516288016404626e-13,6.1316319218765112e-14,2.5542847711512752e-14,1.1664800254380432e-14,7.6703405616052237e-15
879,5.1583354417495037e-13,1.4482514730276620e-13,1.5589575781411394e-13,1.1189946355907814e-13,5.9581677711208661e-14,2.4825692764997499e-14,1.1343855745916716e-14,7.4619492768690945e-15
880,5.0124058934471326e-13,1.4071967860685911e-13,1.5147666360056107e-13,1.0872852410138389e-13,5.7896109292155808e-14,2.4128671224564762e-14,1.1031733554357136e-14,7.2592089648315152e-15
881,4.8706046988178060e-13,1.3673059129211006e-13,1.4718283567683716e-13,1.0564744120605739e-13,5.6258225681662372e-14,2.3451217917356176e-14,1.0728191403963489e-14,7.0619667037940120e-15
882,4.7328150665451095e-13,1.3285458617658865e-13,1.4301072315342559e-13,1.0265366854973296e-13,5.4666677874288036e-14,2.2792783534207458e-14,1.0432993665355941e-14,6.8700737009123722e-15
883,4.5989235093443764e-13,1.2908845760407573e-13,1.3895687579737281e-13,9.9744731966169523e-14,5.3120155028018795e-14,2.2152834184417290e-14,1.0145911173386456e-14,6.6833851809970168e-15
884,4.4688197504914716e-13,1.2542909079277017e-13,1.3501794117897777e-13,9.6918227401469530e-14,5.1617383384621841e-14,2.1530850963010819e-14,9.8667210499970293e-15,6.5017602782999544e-15
885,4.3423966329958884e-13,1.2187345925915540e-13,1.3119066189936459e-13,9.4171818927243117e-14,5.0157125220543753e-14,2.0926329530147260e-14,9.5952065319263761e-15,6.3250619312083352e-15
886,4.2195500313433400e-13,1.1841862231489552e-13,1.2747187289664554e-13,9.1503236810075204e-14,4.8738177827487665e-14,2.0338779702330728e-14,9.3311568031326090e-15,6.1531567797667675e-15
887,4.1001787657351572e-13,1.1506172263469027e-13,1.2385849882844670e-13,8.8910275635699980e-14,4.7359372521830055e-14,1.9767725055093134e-14,9.0743668318029721e-15,5.9859150659526735e-15
888,3.9841845187538556e-13,1.1179998389307720e-13,1.2034755152863107e-13,8.6390792486332654e-14,4.6019573682061253e-14,1.9212702536827262e-14,8.8246372118251956e-15,5.8232105366309180e-15
889,3.8714717543862378e-13,1.0863070846822720e-13,1.1693612753611651e-13,8.3942705169651889e-14,4.4717677813456572e-14,1.8673262093457103e-14,8.5817740085985483e-15,5.6649203491159698e-15
890,3.7619476393373433e-13,1.0555127521083328e-13,1.1362140569374456e-13,8.1563990497969402e-14,4.3452612639208157e-14,1.8148966303641316e-14,8.3455886090658951e-15,5.5109249792717219e-15
891,3.6555219665704184e-13,1.0255913727624800e-13,1.1040064481521405e-13,7.9252682616164359e-14,4.2223336217268671e-14,1.7639390024214367e-14,8.1158975758513707e-15,5.3611081320810155e-15
892,3.5521070810099556e-13,9.9651820018076335e-14,1.0727118141815067e-13,7.7006871377001013e-14,4.1028836082179501e-14,1.7144120045577896e-14,7.8925225053914291e-15,5.2153566546186712e-15
893,3.4516178073465838e-13,9.6826918941481549e-14,1.0423042752143717e-13,7.4824700762486095e-14,3.9868128411176664e-14,1.6662754756763245e-14,7.6752898899500392e-15,5.0735604513636457e-15
894,3.3539713798843811e-13,9.4082097714511758e-14,1.0127586850498318e-13,7.2704367349962273e-14,3.8740257213887743e-14,1.6194903819893695e-14,7.4640309834118634e-15,4.9356124017876220e-15
895,3.2590873743727887e-13,9.1415086235802103e-14,9.8405061030163826e-14,7.0644118821669131e-14,3.7644293544952164e-14,1.5740187853782607e-14,7.2585816707500697e-15,4.8014082801590174e-15
896,3.1668876417670180e-13,8.8823678757054262e-14,9.5615631019208193e-14,6.8642252516540236e-14,3.6579334738916563e-14,1.5298238126411199e-14,7.0587823410683104e-15,4.6708466775030552e-15
897,3.0772962438623721e-13,8.6305732058740816e-14,9.2905271691866157e-14,6.6697114023039293e-14,3.5544503666775046e-14,1.4868696256036724e-14,6.8644777641191306e-15,4.5438289256600696e-15
898,2.9902393907494797e-13,8.3859163677525344e-14,9.0271741657729780e-14,6.4807095811872650e-14,3.4538948013541842e-14,1.4451213920688824e-14,6.6755169702037018e-15,4.4202590233858399e-15
899,2.9056453800389190e-13,8.1481950183932121e-14,8.7712863062632017e-14,6.2970635907447741e-14,3.3561839576261592e-14,1.4045452575818793e-14,6.4917531333604442e-15,4.3000435644391646e-15
900,2.8234445378051820e-13,7.9172125508841242e-14,8.5226519787589497e-14,6.1186216596979769e-14,3.2612373581878850e-14,1.3651083179872846e-14,6.3130434577525462e-15,4.1830916676034260e-15
901,2.7435691612013368e-13,7.6927779317424700e-14,8.2810655698799790e-14,5.9452363176179801e-14,3.1689768024405141e-14,1.3267785927567086e-14,6.1392490671669132e-15,4.0693149085902675e-15
902,2.6659534626971254e-13,7.4747055429178782e-14,8.0463272947246451e-14,5.7767642730487241e-14,3.0793263020837584e-14,1.2895249990648064e-14,5.9702348975394425e-15,3.9586272537749210e-15
903,2.5905335158945608e-13,7.2628150282745943e-14,7.8182430316504960e-14,5.6130662950839889e-14,2.9922120185298602e-14,1.2533173265928822e-14,5.8058695924238034e-15,3.8509449957140462e-15
904,2.5172472028764158e-13,7.0569311444256246e-14,7.5966241617383640e-14,5.4540070983002597e-14,2.9075622020881268e-14,1.2181262130396290e-14,5.6460254013232755e-15,3.7461866903982920e-15
905,2.4460341630442163e-13,6.8568836157955222e-14,7.3812874128071596e-14,5.2994552309503560e-14,2.8253071328699342e-14,1.1839231203191592e-14,5.4905780808072474e-15,3.6442730961930320e-15
906,2.3768357434036072e-13,6.6625069937918483e-14,7.1720547078504060e-14,5.1492829663254217e-14,2.7453790633655326e-14,1.1506803114270378e-14,5.3394067983362556e-15,3.5451271144219884e-15
907,2.3095949502561622e-13,6.4736405199689455e-14,6.9687530177691304e-14,5.0033661971954991e-14,2.6677121626453586e-14,1.1183708279555755e-14,5.1923940387214363e-15,3.4486737315496693e-15
908,2.2442564022578170e-13,6.2901279930707378e-14,6.7712142182793488e-14,4.8615843332414294e-14,2.5922424621398910e-14,1.0869684682401582e-14,5.0494255131463233e-15,3.3548399629197244e-15
909,2.1807662848052950e-13,6.1118176398426793e-14,6.5792749508757912e-14,4.7238202013933358e-14,2.5189078029534002e-14,1.0564477661189070e-14,4.9103900706808892e-15,3.2635547980074611e-15
910,2.1190723057129348e-13,5.9385619895059430e-14,6.3927764877369115e-14,4.5899599489932909e-14,2.4476477846681930e-14,1.0267839702884575e-14,4.7751796122196350e-15,3.1747491471458897e-15
911,2.0591236521434285e-13,5.7702177517900856e-14,6.2115646004594067e-14,4.4598929497021622e-14,2.3784037155971868e-14,9.9795302423912707e-15,4.6436890067774130e-15,3.0883557896857501e-15
912,2.0008709487569843e-13,5.6066456984232338e-14,6.0354894325137446e-14,4.3335117120728627e-14,2.3111185644438412e-14,9.6993154675321347e-15,4.5158160100784585e-15,3.0043093235510312e-15
913,1.9442662170444593e-13,5.4477105479818684e-14,5.8644053753151910e-14,4.2107117907144399e-14,2.2457369133296352e-14,9.4269681295062036e-15,4.3914611853758768e-15,2.9225461161525258e-15
914,1.8892628358109532e-13,5.2932808540048983e-14,5.6981709478078425e-14,4.0913916999735922e-14,2.1822049121503940e-14,9.1622673586645194e-15,4.2705278264405831e-15,2.8430042566229562e-15
915,1.8358155027773263e-13,5.1432288962795066e-14,5.5366486794621127e-14,3.9754528300622742e-14,2.1204702342238818e-14,8.9049984854564369e-15,4.1529218826602639e-15,2.7656235093381965e-15
916,1.7838801972680123e-13,4.9974305752088793e-14,5.3797049965888572e-14,3.8627993655620617e-14,2.0604820331921242e-14,8.6549528664012775e-15,4.0385518861906914e-15,2.6903452686900587e-15
917,1.7334141439543932e-13,4.8557653091744028e-14,5.2272101118761868e-14,3.7533382062379393e-14,2.0021909011429654e-14,8.4119277149441958e-15,3.9273288811031566e-15,2.6171125150770275e-15
918,1.6843757776238760e-13,4.7181159348074821e-14,5.0790379170575550e-14,3.6469788900960528e-14,1.9455488279163723e-14,8.1757259370592882e-15,3.8191663544734377e-15,2.5458697720802539e-15
919,1.6367247089456554e-13,4.5843686100884830e-14,4.9350658786223857e-14,3.5436335186218520e-14,1.8905091615619583e-14,7.9461559714666751e-15,3.7139801693591338e-15,2.4765630647929465e-15
920,1.5904216912049640e-13,4.4544127201926437e-14,4.7951749364830057e-14,3.4432166841368174e-14,1.8370265699151736e-14,7.7230316343340626e-15,3.6116884996137031e-15,2.4091398792722127e-15
921,1.5454285879784091e-13,4.3281407860050981e-14,4.6592494055140442e-14,3.3456453992137472e-14,1.7850570032604984e-14,7.5061719683369620e-15,3.5122117664869070e-15,2.3435491230831735e-15
922,1.5017083417237822e-13,4.2054483752293405e-14,4.5271768798829049e-14,3.2508390280922669e-14,1.7345576580509059e-14,7.2954010959552458e-15,3.4154725769627851e-15,2.2797410869060217e-15
923,1.4592249432584579e-13,4.0862340160156097e-14,4.3988481400921761e-14,3.1587192200378794e-14,1.6854869416536925e-14,7.0905480768871276e-15,3.3213956637875838e-15,2.2176674071774715e-15
924,1.4179434021012515e-13,3.9703991130377565e-14,4.2741570626571054e-14,3.0692098445894742e-14,1.6378044380936593e-14,6.8914467694650357e-15,3.2299078271413855e-15,2.1572810297387845e-15
925,1.3778297176533121e-13,3.8578478659491883e-14,4.1530005323434479e-14,2.9822369286417840e-14,1.5914708747654156e-14,6.6979356959610788e-15,3.1409378779084340e-15,2.0985361744633512e-15
926,1.3388508511943030e-13,3.7484871901504533e-14,4.0352783568931013e-14,2.8977285953107990e-14,1.5464480900873946e-14,6.5098579116729255e-15,3.0544165825023952e-15,2.0413883008374876e-15
927,1.3009746986708131e-13,3.6422266398029053e-14,3.9208931841670139e-14,2.8156150045315909e-14,1.5026990020709362e-14,6.3270608776840264e-15,2.9702766092039830e-15,1.9857940744688382e-15
928,1.2641700642545889e-13,3.5389783330248176e-14,3.8097504216368313e-14,2.7358282953394810e-14,1.4601875777785569e-14,6.1493963371950362e-15,2.8884524759695418e-15,1.9317113344974405e-15
929,1.2284066346488010e-13,3.4386568792080460e-14,3.7017581581587194e-14,2.6583025297868286e-14,1.4188788036462397e-14,5.9767201953262514e-15,2.8088804996703113e-15,1.8790990618852086e-15
930,1.1936549541211900e-13,3.3411793083951302e-14,3.5968270879646520e-14,2.5829736384490987e-14,1.3787386566453158e-14,5.8088924022936052e-15,2.7314987467232064e-15,1.8279173485602007e-15
931,1.1598864002435241e-13,3.2464650026584458e-14,3.4948704368083223e-14,2.5097793674751735e-14,1.3397340762601697e-14,5.6457768398635884e-15,2.6562469850750044e-15,1.7781273673927039e-15
932,1.1270731603173918e-13,3.1544356294246243e-14,3.3958038902045804e-14,2.4386592271381397e-14,1.3018329372587030e-14,5.4872412109950441e-15,2.5830666375028823e-15,1.7296913429807704e-15
933,1.0951882084669054e-13,3.0650150766891090e-14,3.2995455237030724e-14,2.3695544418440394e-14,1.2650040232331205e-14,5.3331569325784106e-15,2.5119007361952646e-15,1.6825725232234320e-15
934,1.0642052833794563e-13,2.9781293900672682e-14,3.2060157351384056e-14,2.3024079015572629e-14,1.2292170008892459e-14,5.1833990311854836e-15,2.4426938785779101e-15,1.6367351516604234e-15
935,1.0340988666761859e-13,2.8937067116299938e-14,3.1151371788008094e-14,2.2371641146024419e-14,1.1944423950632000e-14,5.0378460417452139e-15,2.3753921843511470e-15,1.5921444405577888e-15
936,1.0048441618943532e-13,2.8116772204732006e-14,3.0268347014728621e-14,2.1737691618038330e-14,1.1606515644448529e-14,4.8963799090634108e-15,2.3099432537050805e-15,1.5487665447193234e-15
937,9.7641707406429459e-14,2.7319730749720784e-14,2.9410352802793733e-14,2.1121706519242938e-14,1.1278166779880640e-14,4.7588858921065413e-15,2.2462961266805161e-15,1.5065685360043144e-15
938,9.4879418986415480e-14,2.6545283566723302e-14,2.8576679622990349e-14,2.0523176783670216e-14,1.0959106919882747e-14,4.6252524709720639e-15,2.1844012436442214e-15,1.4655183785325924e-15
939,9.2195275833603606e-14,2.5792790157719920e-14,2.7766638058878935e-14,1.9941607771042666e-14,1.0649073278085801e-14,4.4953712564698807e-15,2.1242104068479980e-15,1.4255849045583967e-15
940,8.9587067214769178e-14,2.5061628181487492e-14,2.6979558236661212e-14,1.9376518857982587e-14,1.0347810502359290e-14,4.3691369022416410e-15,2.0656767430418893e-15,1.3867377909950679e-15
941,8.7052644938432829e-14,2.4351192938889276e-14,2.6214789271209349e-14,1.8827443040805569e-14,1.0055070464496289e-14,4.2464470193466614e-15,2.0087546671126374e-15,1.3489475365730478e-15
942,8.4589921585551511e-14,2.3660896872755994e-14,2.5471698727798544e-14,1.8293926549569896e-14,9.7706120558483300e-15,4.1272020932452484e-15,1.9533998467193225e-15,1.3121854396141529e-15
943,8.2196868790263350e-14,2.2990169081944349e-14,2.4749672099097733e-14,1.7775528473063014e-14,9.4942009887417575e-15,4.0113054031121282e-15,1.8995691678988504e-15,1.2764235764055341e-15
944,7.9871515569270810e-14,2.2338454849171082e-14,2.4048112296986120e-14,1.7271820394415044e-14,9.2256096035120503e-15,3.8986629434145951e-15,1.8472207016147363e-15,1.2416347801571854e-15
945,7.7611946698484810e-14,2.1705215182232094e-14,2.3366439158774993e-14,1.6782386037038157e-14,8.9646166809971288e-15,3.7891833476918143e-15,1.7963136712233362e-15,1.2077926205272927e-15
946,7.5416301135594460e-14,2.1089926368227165e-14,2.2704088967426686e-14,1.6306820920599307e-14,8.7110072603352359e-15,3.6827778144735101e-15,1.7468084208323912e-15,1.1748713837001429e-15
947,7.3282770487261847e-14,2.0492079540421609e-14,2.2060513985373855e-14,1.5844732026741901e-14,8.4645724619173483e-15,3.5793600352779850e-15,1.6986663845274436e-15,1.1428460530017137e-15
948,7.1209597519680433e-14,1.9911180257386576e-14,2.1435182001553464e-14,1.5395737474280197e-14,8.2251093153482436e-15,3.4788461246311263e-15,1.6518500564423420e-15,1.1116922900384758e-15
949,6.9195074711269166e-14,1.9346748094069968e-14,2.0827575891280978e-14,1.4959466203597965e-14,7.9924205922745673e-15,3.3811545520496654e-15,1.6063229616507132e-15,1.0813864163453132e-15
950,6.7237542846311689e-14,1.8798316244459777e-14,2.0237193188600769e-14,1.4535557669990597e-14,7.7663146439422098e-15,3.2862060759335709e-15,1.5620496278559039e-15,1.0519053955288634e-15
951,6.5335389648380914e-14,1.8265431135511126e-14,1.9663545670758978e-14,1.4123661545697197e-14,7.5466052433491822e-15,3.1939236793139925e-15,1.5189955578575159e-15,1.0232268158929263e-15
952,6.3487048452424519e-14,1.7747652052017829e-14,1.9106158954455340e-14,1.3723437430376462e-14,7.3331114318639918e-15,3.1042325074046743e-15,1.4771272027732556e-15,9.9532887353296972e-16
953,6.1690996914417002e-14,1.7244550772118108e-14,1.8564572103539965e-14,1.3334554569786988e-14,7.1256573701832125e-15,3.0170598069062281e-15,1.4364119359953993e-15,9.6819035588709242e-16
954,5.9945755757515713e-14,1.6755711213133056e-14,1.8038337247830698e-14,1.2956691582439574e-14,6.9240721935054416e-15,2.9323348670140613e-15,1.3968180278617421e-15,9.4179062573115292e-16
955,5.8249887553688424e-14,1.6280729087444953e-14,1.7527019212735767e-14,1.2589536193995580e-14,6.7281898708024122e-15,2.8499889620821516e-15,1.3583146210214567e-15,9.1610960560610006e-16
956,5.6601995539808354e-14,1.5819211568130744e-14,1.7030195159375564e-14,1.2232784979191836e-14,6.5378490680713350e-15,2.7699552958961983e-15,1.3208717064768137e-15,8.9112776266586289e-16
957,5.5000722467242227e-14,1.5370776964074224e-14,1.6547454234905679e-14,1.1886143111078836e-14,6.3528930154558157e-15,2.6921689475109663e-15,1.2844601002822398e-15,8.6682609393446925e-16
958,5.3444749483983420e-14,1.4935054404288167e-14,1.6078397232752341e-14,1.1549324117364943e-14,6.1731693781259562e-15,2.6165668186079386e-15,1.2490514208827036e-15,8.4318611196137071e-16
959,5.1932795048409555e-14,1.4511683531185353e-14,1.5622636262478979e-14,1.1222049643665247e-14,5.9985301308112441e-15,2.5430875823305978e-15,1.2146180670739009e-15,8.2018983086424086e-16
960,5.0463613873770100e-14,1.4100314202544755e-14,1.5179794429011105e-14,1.0904049223459443e-14,5.8288314358829154e-15,2.4716716335558654e-15,1.1811331965672019e-15,7.9781975274880916e-16
961,4.9035995902534247e-14,1.3700606201926457e-14,1.4749505520954100e-14,1.0595060054568557e-14,5.6639335248853792e-15,2.4022610405613936e-15,1.1485707051427830e-15,7.7605885449556964e-16
962,4.7648765309754741e-14,1.3312228957295748e-14,1.4331413707746231e-14,1.0294826781965818e-14,5.5037005834191217e-15,2.3347994980495328e-15,1.1169052063748153e-15,7.5489057490347589e-16
963,4.6300779534626517e-14,1.2934861267623697e-14,1.3925173245396413e-14,1.0003101286742200e-14,5.3480006392802733e-15,2.2692322814898920e-15,1.0861120119130394e-15,7.3429880218100313e-16
964,4.4990928339442515e-14,1.2568191037238074e-14,1.3530448190563367e-14,9.7196424810521794e-15,5.1967054537647180e-15,2.2055062027434899e-15,1.0561671123054678e-15,7.1426786177521231e-16
965,4.3718132895171762e-14,1.2211915017704948e-14,1.3146912122739719e-14,9.4442161088702646e-15,5.0496904160472146e-15,2.1435695669325230e-15,1.0270471583473793e-15,6.9478250452970811e-16
966,4.2481344892906512e-14,1.1865738557027428e-14,1.2774247874311306e-14,9.1765945523936527e-15,4.9068344405485282e-15,2.0833721305207904e-15,9.9872944294218519e-16,6.7582789516262048e-16
967,4.1279545680446522e-14,1.1529375355954153e-14,1.2412147268268420e-14,8.9165566439309756e-15,4.7680198672060666e-15,2.0248650605707951e-15,9.7119188346012869e-16,6.5738960105598715e-16
968,4.0111745423309414e-14,1.1202547231195962e-14,1.2060310863352116e-14,8.6638874831216789e-15,4.6331323645658504e-15,1.9680008951444951e-15,9.4441300458116885e-16,6.3945358134813608e-16
969,3.8976982289476083e-14,1.0884983885354940e-14,1.1718447706424803e-14,8.4183782593350238e-15,4.5020608356160241e-15,1.9127335048156128e-15,9.1837192160877968e-16,6.2200617632090146e-16
970,3.7874321657199792e-14,1.0576422683375512e-14,1.1386275091860334e-14,8.1798260791018560e-15,4.3746973262843377e-15,1.8590180552622871e-15,8.9304832424174699e-16,6.0503409707372209e-16
971,3.6802855345226240e-14,1.0276608435332750e-14,1.1063518327754611e-14,7.9480337984365779e-15,4.2509369365242380e-15,1.8068109709097677e-15,8.6842246079140909e-16,5.8852441547688490e-16
972,3.5761700864790819e-14,9.9852931853781795e-15,1.0749910508763382e-14,7.7228098599107433e-15,4.1306777339163433e-15,1.7560698995936611e-15,8.4447512283212756e-16,5.7246455439638524e-16
973,3.4750000692776925e-14,9.7022360066685998e-15,1.0445192295379331e-14,7.5039681343435785e-15,4.0138206697141311e-15,1.7067536782150925e-15,8.2118763027310608e-16,5.5684227818307947e-16
974,3.3766921565436567e-14,9.4272028021082506e-15,1.0149111699465984e-14,7.2913277669786743e-15,3.9002694972647020e-15,1.6588222993599449e-15,7.9854181684000704e-16,5.4164568341899941e-16
975,3.2811653792091745e-14,9.1599661107395732e-15,9.8614238758710051e-15,7.0847130280196201e-15,3.7899306927374210e-15,1.6122368788551073e-15,7.7652001595512778e-16,5.2686318991389106e-16
976,3.1883410588251220e-14,8.9003049196224092e-15,9.5818909199466168e-15,6.8839531674011723e-15,3.6827133780951451e-15,1.5669596242354425e-15,7.5510504700520392e-16,5.1248353194523125e-16
977,3.0981427427593401e-14,8.6480044810460699e-15,9.3102816708096284e-15,6.6888822736758263e-15,3.5785292462446106e-15,1.5229538040959026e-15,7.3428020198621295e-16,4.9849574973514724e-16
978,3.0104961412281689e-14,8.4028561349230673e-15,9.0463715201784372e-15,6.4993391368992345e-15,3.4772924883043049e-15,1.4801837183039572e-15,7.1402923251483880e-16,4.8488918115785289e-16
979,2.9253290661093682e-14,8.1646571362176543e-15,8.7899422266288572e-15,6.3151671154011304e-15,3.3789197229299451e-15,1.4386146690481794e-15,6.9433633719653875e-16,4.7165345367137803e-16
980,2.8425713714860136e-14,7.9332104872664409e-15,8.5407817351152080e-15,6.1362140063316529e-15,3.2833299276393358e-15,1.3982129326995246e-15,6.7518614934043708e-16,4.5877847646753965e-16
981,2.7621548958724174e-14,7.7083247748523652e-15,8.2986840016073817e-15,5.9623319198760964e-15,3.1904443720800489e-15,1.3589457324624894e-15,6.5656372501152731e-16,4.4625443283426550e-16
982,2.6840134060744739e-14,7.4898140118973053e-15,8.0634488226989045e-15,5.7933771570341007e-15,3.1001865531849729e-15,1.3207812117939812e-15,6.3845453141093682e-16,4.3407177272453816e-16
983,2.6080825426382043e-14,7.2774974836424273e-15,7.8348816700450200e-15,5.6292100908623092e-15,3.0124821321623025e-15,1.2836884085683498e-15,6.2084443557525131e-16,4.2222120552638308e-16
984,2.5342997668415602e-14,7.0711995981889689e-15,7.6127935294939431e-15,5.4696950510823320e-15,2.9272588732680917e-15,1.2476372299676360e-15,6.0371969338615027e-16,4.1069369302847488e-16
985,2.4626043091858322e-14,6.8707497412759422e-15,7.3970007447782086e-15,5.3147002119586408e-15,2.8444465843109321e-15,1.2125984280766829e-15,5.8706693888183971e-16,3.9948044257607898e-16
986,2.3929371193442441e-14,6.6759821351745683e-15,7.1873248656368475e-15,5.1640974833537428e-15,2.7639770588397597e-15,1.1785435761633258e-15,5.7087317386200352e-16,3.8857290041219303e-16
987,2.3252408175264926e-14,6.4867357015827951e-15,6.9835925002428231e-15,5.0177624048706040e-15,2.6857840199671661e-15,1.1454450456244298e-15,5.5512575777822284e-16,3.7796274519888532e-16
988,2.2594596472191994e-14,6.3028539284064816e-15,6.7856351718136587e-15,4.8755740429948100e-15,2.6098030657819534e-15,1.1132759835790871e-15,5.3981239790203069e-16,3.6764188171396761e-16
989,2.1955394292633265e-14,6.1241847403170684e-15,6.5932891792866745e-15,4.7374148911514945e-15,2.5359716163059704e-15,1.0820102910908072e-15,5.2492113976298649e-16,3.5760243471826527e-16
990,2.1334275172307555e-14,5.9505803729786801e-15,6.4063954619436438e-15,4.6031707725944011e-15,2.4642288619515453e-15,1.0516226020010473e-15,5.1044035784936007e-16,3.4783674298887978e-16
991,2.0730727540632526e-14,5.7818972508406434e-15,6.2247994678728727e-15,4.4727307460468487e-15,2.3945157134370536e-15,1.0220882623569217e-15,4.9635874656422467e-16,3.3833735351396027e-16
992,2.0144254299381281e-14,5.6179958683943377e-15,6.0483510261599738e-15,4.3459870140166099e-15,2.3267747531193813e-15,9.9338331041641086e-16,4.8266531142994604e-16,3.2909701584462189e-16
993,1.9574372413258777e-14,5.4587406747961859e-15,5.8769042227015849e-15,4.2228348337089210e-15,2.2609501877031957e-15,9.6548445721486371e-16,4.6934936053425717e-16,3.2010867659976764e-16
994,1.9020612512060804e-14,5.3039999617613412e-15,5.7103172795393815e-15,4.1031724304640091e-15,2.1969878022880704e-15,9.3836906767703466e-16,4.5640049621128585e-16,3.1136547411968117e-16
995,1.8482518504087948e-14,5.1536457546353715e-15,5.5484524376145493e-15,3.9869009136475958e-15,2.1348349157156190e-15,9.1201514225934404e-16,4.4380860695109151e-16,3.0286073326437503e-16
996,1.7959647200496071e-14,5.0075537065538398e-15,5.3911758428458056e-15,3.8739241949248607e-15,2.0744403371798642e-15,8.8640129910747994e-16,4.3156385953143842e-16,2.9458796035278066e-16
997,1.7451567950273947e-14,4.8656029956022482e-15,5.2383574354367164e-15,3.7641489088503232e-15,2.0157543240650985e-15,8.6150675671487392e-16,4.1965669136570859e-16,2.8654083823897799e-16
998,1.6957862285547372e-14,4.7276762248912841e-15,5.0898708423207782e-15,3.6574843357080252e-15,1.9587285409765136e-15,8.3731131706799201e-16,4.0807780306102251e-16,2.7871322152175845e-16
999,1.6478123576917674e-14,4.5936593254647439e-15,4.9455932726553486e-15,3.5538423265382265e-15,1.9033160199298567e-15,8.1379534926477826e-16,3.9681815118079875e-16,2.7109913188392292e-16
1000,1.6011956698550680e-14,4.4634414619598093e-15,4.8054054162779548e-15,3.4531372302886762e-15,1.8494711216673225e-15,7.9093977359296642e-16,3.8586894120614273e-16,2.6369275355780528e-16
1001,1.5558977702740335e-14,4.3369149409416676e-15,4.6691913450410383e-15,3.3552858230302345e-15,1.7971494980678198e-15,7.6872604605535340e-16,3.7522162069060721e-16,2.5648842891361211e-16
1002,1.5118813503678965e-14,4.2139751218366559e-15,4.5368384169435356e-15,3.2602072391783523e-15,1.7463080556206573e-15,7.4713614332948818e-16,3.6486787260301743e-16,2.4948065416725949e-16
1003,1.4691101570173660e-14,4.0945203303902787e-15,4.4082371829799960e-15,3.1678229046635742e-15,1.6969049199325525e-15,7.2615254814958161e-16,3.5479960885319996e-16,2.4266407520447624e-16
1004,1.4275489627055712e-14,3.9784517745785016e-15,4.2832812966302302e-15,3.0780564719958228e-15,1.6488994012387468e-15,7.0575823509878518e-16,3.4500896399559473e-16,2.3603348351803163e-16
1005,1.3871635365037259e-14,3.8656734629028004e-15,4.1618674259146207e-15,2.9908337571688096e-15,1.6022519608898101e-15,6.8593665680032068e-16,3.3548828910586700e-16,2.2958381225502973e-16
1006,1.3479206158776001e-14,3.7560921250013626e-15,4.0438951679423638e-15,2.9060826783524127e-15,1.5569241787865324e-15,6.6667173049626414e-16,3.2623014582577225e-16,2.2331013237129448e-16
1007,1.3097878792915986e-14,3.6496171345108187e-15,3.9292669658819928e-15,2.8237331963223786e-15,1.5128787217360897e-15,6.4794782500310230e-16,3.1722730057165444e-16,2.1720764888995054e-16
1008,1.2727339195878625e-14,3.5461604341146669e-15,3.8178880282855076e-15,2.7437172565780843e-15,1.4700793127034081e-15,6.2974974803348669e-16,3.0847271890208589e-16,2.1127169726138318e-16
1009,1.2367282181184813e-14,3.4456364627164291e-15,3.7096662506993868e-15,2.6659687331005591e-15,1.4284907009324168e-15,6.1206273387390424e-16,2.9995956004028084e-16,2.0549773982183544e-16
1010,1.2017411196095069e-14,3.3479620846772988e-15,3.6045121394976726e-15,2.5904233737042484e-15,1.3880786329125629e-15,5.9487243140827587e-16,2.9168117154703357e-16,1.9988136234797579e-16
1011,1.1677438077360625e-14,3.2530565210597505e-15,3.5023387378741286e-15,2.5170187469373937e-15,1.3488098241666938e-15,5.7816489247776962e-16,2.8363108414004827e-16,1.9441827070484089e-16
1012,1.1347082813884359e-14,3.1608412828202555e-15,3.4030615539322727e-15,2.4456941904871111e-15,1.3106519318370539e-15,5.6192656056739439e-16,2.7580300665564250e-16,1.8910428758462877e-16
1013,1.1026073316096035e-14,3.0712401058958405e-15,3.3065984908138134e-15,2.3763907610465520e-15,1.2735735280468302e-15,5.4614425981019815e-16,2.6819082114891529e-16,1.8393534933388414e-16
1014,1.0714145191851950e-14,2.9841788881308127e-15,3.2128697788077114e-15,2.3090511856027048e-15,1.2375440740152997e-15,5.3080518430015645e-16,2.6078857812857768e-16,1.7890750286668672e-16
1015,1.0411041528674379e-14,2.8995856279914768e-15,3.1217979093837181e-15,2.2436198141045774e-15,1.2025338949052577e-15,5.1589688770508661e-16,2.5359049192274941e-16,1.7401690266151472e-16
1016,1.0116512682151484e-14,2.8173903650181652e-15,3.0333075710958406e-15,2.1800425734726503e-15,1.1685141553820183e-15,5.0140727317116404e-16,2.4659093617212489e-16,1.6925980783952105e-16
1017,9.8303160703233768e-15,2.7375251219653233e-15,2.9473255873027305e-15,2.1182669229115868e-15,1.1354568358638466e-15,4.8732458351085668e-16,2.3978443944701217e-16,1.6463257932201946e-16
1018,9.5522159738850401e-15,2.6599238485818105e-15,2.8637808556534853e-15,2.0582418104892718e-15,1.1033347094442720e-15,4.7363739166632106e-16,2.3316568098484274e-16,1.6013167706503775e-16
1019,9.2819833420415125e-15,2.5845223669849058e-15,2.7826042892888197e-15,1.9999176309462943e-15,1.0721213194672681e-15,4.6033459144052735e-16,2.2672948654484414e-16,1.5575365736885269e-16
1020,9.0193956038554052e-15,2.5112583185828457e-15,2.7037287597089924e-15,1.9432461847010013e-15,1.0417909577368306e-15,4.4740538848859768e-16,2.2047082437665938e-16,1.5149517026047840e-16
1021,8.7642364849314547e-15,2.4400711125020006e-15,2.6270890412612230e-15,1.8881806380162516e-15,1.0123186433430104e-15,4.3483929156205386e-16,2.1438480129978200e-16,1.4735295694713340e-16
1022,8.5162958292870393e-15,2.3709018754760259e-15,2.5526217572007095e-15,1.8346754842949422e-15,9.8368010208695541e-16,4.2262610399887510e-16,2.0846665889076545e-16,1.4332384733876610e-16
1023,8.2753694262620152e-15,2.3036934031555568e-15,2.4802653272806300e-15,1.7826865064723245e-15,9.5585174648802361e-16,4.1075591545246423e-16,2.0271176977524598e-16,1.3940475763776966e-16
1024,8.0412588423252561e-15,2.2383901127981654e-15,2.4099599168277870e-15,1.7321707404740279e-15,9.2881065635649078e-16,3.9921909385281690e-16,1.9711563402190081e-16,1.3559268799406774e-16
1025,7.8137712576394155e-15,2.1749379972994552e-15,2.3416473872617875e-15,1.6830864397095928e-15,9.0253455991586055e-16,3.8800627759337593e-16,1.9167387563554247e-16,1.3188472022380186e-16
1026,7.5927193072492706e-15,2.1132845805272871e-15,2.2752712480168311e-15,1.6353930405721677e-15,8.7700181545922445e-16,3.7710836793723358e-16,1.8638223914662561e-16,1.2827801558989884e-16
1027,7.3779209267628347e-15,2.0533788739221703e-15,2.2107766098263526e-15,1.5890511289158588e-15,8.5219139352456327e-16,3.6651652163652698e-16,1.8123658629451903e-16,1.2476981264284315e-16
1028,7.1691992023982128e-15,1.9951713343279522e-15,2.1481101393318881e-15,1.5440224074830302e-15,8.2808285957431125e-16,3.5622214375903892e-16,1.7623289280196740e-16,1.2135742512002448e-16
1029,6.9663822252725749e-15,1.9386138230179115e-15,2.0872200149786187e-15,1.5002696642546269e-15,8.0465635716491606e-16,3.4621688071618976e-16,1.7136724523823761e-16,1.1803823990207464e-16
1030,6.7693029498133413e-15,1.8836595658823725e-15,2.0280558841611285e-15,1.4577567416973769e-15,7.8189259159253208e-16,3.3649261348676608e-16,1.6663583796851395e-16,1.1480971502465086e-16
1031,6.5777990561749080e-15,1.8302631147449251e-15,1.9705688215839300e-15,1.4164485068824464e-15,7.5977281400137783e-16,3.2704145103089095e-16,1.6203497018717336e-16,1.1166937774416434e-16
1032,6.3917128165476143e-15,1.7783803097752333e-15,1.9147112888023282e-15,1.3763108224508580e-15,7.3827880594166983e-16,3.1785572388889645e-16,1.5756104303263568e-16,1.0861482265599306e-16
1033,6.2108909652488336e-15,1.7279682429673718e-15,1.8604370949101614e-15,1.3373105184016762e-15,7.1739286436441170e-16,3.0892797795990625e-16,1.5321055678154885e-16,1.0564370986375784e-16
1034,6.0351845724891894e-15,1.6789852226534642e-15,1.8077013583419062e-15,1.2994153646796445e-15,6.9709778704068202e-16,3.0025096845508526e-16,1.4898010812012936e-16,1.0275376319827869e-16
1035,5.8644489217099391e-15,1.6313907390232890e-15,1.7564604697575650e-15,1.2625940445396189e-15,6.7737685839341155e-16,2.9181765402065103e-16,1.4486638749053809e-16,9.9942768484866017e-17
1036,5.6985433903904797e-15,1.5851454306213267e-15,1.7066720559796357e-15,1.2268161286657871e-15,6.5821383572997993e-16,2.8362119102588293e-16,1.4086617651023048e-16,9.7208571857637496e-17
1037,5.5373313342278252e-15,1.5402110517935461e-15,1.6582949449523452e-15,1.1920520500242829e-15,6.3959293586429215e-16,2.7565492801149653e-16,1.3697634546227589e-16,9.4549078119586956e-17
1038,5.3806799745926406e-15,1.4965504410569984e-15,1.6112891316941683e-15,1.1582730794284123e-15,6.2149882211731821e-16,2.6791240029388082e-16,1.3319385085469645e-16,9.1962249147165873e-17
1039,5.2284602891691580e-15,1.4541274903660724e-15,1.5656157452154704e-15,1.1254513017963037e-15,6.0391659168538750e-16,2.6038732472082377e-16,1.2951573304692913e-16,8.9446102338171733e-17
1040,5.0805469056888939e-15,1.4129071152499765e-15,1.5212370163739257e-15,1.0935595930813481e-15,5.8683176336583459e-16,2.5307359457447298e-16,1.2593911394156653e-16,8.6998709101769946e-17
1041,4.9368179986706408e-15,1.3728552257967640e-15,1.4781162466411201e-15,1.0625715978563799e-15,5.7023026562988773e-16,2.4596527461739777e-16,1.2246119473958294e-16,8.4618193389507921e-17
1042,4.7971551890816856e-15,1.3339386984598934e-15,1.4362177777545097e-15,1.0324617075330599e-15,5.5409842503297474e-16,2.3905659627773645e-16,1.1907925375730119e-16,8.2302730266210471e-17
1043,4.6614434468376361e-15,1.2961253486640148e-15,1.3955069622296477e-15,1.0032050391984671e-15,5.3842295495290337e-16,2.3234195296952305e-16,1.1579064430340386e-16,8.0050544519676180e-17
1044,4.5295709960605026e-15,1.2593839041873197e-15,1.3559501347082775e-15,9.7477741505140603e-16,5.2319094464663760e-16,2.2581589554439975e-16,1.1259279261433867e-16,7.7859909308123048e-17
1045,4.4014292230170573e-15,1.2236839792984442e-15,1.3175145841186163e-15,9.4715534242143817e-16,5.0838984861665962e-16,2.1947312787102549e-16,1.0948319584651345e-16,7.5729144844360720e-17
1046,4.2769125866616123e-15,1.1889960496265323e-15,1.2801685266247917e-15,9.2031599435412158e-16,4.9400747627815639e-16,2.1330850253859683e-16,1.0645942012372036e-16,7.3656617115693619e-17
1047,4.1559185317095430e-15,1.1552914277436796e-15,1.2438810793430700e-15,8.9423719074641568e-16,4.8003198191852340e-16,2.0731701668099638e-16,1.0351909863827105e-16,7.1640736638587071e-17
1048,4.0383474041699727e-15,1.1225422394395598e-15,1.2086222348031359e-15,8.6889738001665932e-16,4.6645185494091400e-16,2.0149380791818227e-16,1.0065992980436727e-16,6.9679957247153736e-17
1049,3.9241023692680361e-15,1.0907214006686131e-15,1.1743628361333067e-15,8.4427562129397464e-16,4.5325591038379862e-16,1.9583415041152777e-16,9.7879675462270799e-17,6.7772774914543988e-17
1050,3.8130893316891286e-15,1.0598025951507309e-15,1.1410745529491565e-15,8.2035156711237852e-16,4.4043327970872691e-16,1.9033345102991150e-16,9.5176159131876978e-17,6.5917726606348066e-17
1051,3.7052168580794547e-15,1.0297602526069119e-15,1.1087298579256171e-15,7.9710544659529515e-16,4.2797340184870402e-16,1.8498724562344962e-16,9.2547264314333621e-17,6.4113389165142343e-17
1052,3.6003961017390176e-15,1.0005695276118870e-15,1.0773020040331733e-15,7.7451804911658008e-16,4.1586601450980935e-16,1.7979119540184763e-16,8.9990932840385112e-17,6.2358378225335342e-17
1053,3.4985407294450846e-15,9.7220627904622886e-16,1.0467650024193344e-15,7.5257070842454517e-16,4.0410114571889169e-16,1.7474108341443495e-16,8.7505163264157208e-17,6.0651347157492053e-17
1054,3.3995668503457817e-15,9.4464705013094383e-16,1.0170936009170885e-15,7.3124528721586903e-16,3.9266910561038186e-16,1.6983281112902776e-16,8.5088009301133524e-17,5.8990986041337125e-17
1055,3.3033929468653185e-15,9.1786904902804313e-16,9.8826326316256330e-16,7.1052416214664257e-16,3.8156047844545600e-16,1.6506239510684534e-16,8.2737578309108999e-17,5.7376020666659605e-17
1056,3.2099398075638949e-15,8.9185012999103998e-16,9.6025014830463097e-16,6.9039020926816193e-16,3.7076611485697707e-16,1.6042596377078322e-16,8.0452029810939140e-17,5.5805211561362426e-17
1057,3.1191304618970063e-15,8.6656877504979253e-16,9.3303109128967270e-16,6.7082678987543401e-16,3.6027712431382762e-16,1.5591975426442300e-16,7.8229574057935854e-17,5.4277353045920429e-17
1058,3.0308901168204143e-15,8.4200407621453570e-16,9.0658358370519938e-16,6.5181773675669790e-16,3.5008486779842704e-16,1.5154010939923050e-16,7.6068470632792603e-17,5.2791272313531083e-17
1059,2.9451460951885623e-15,8.1813571818439265e-16,8.8088575516648986e-16,6.3334734083259852e-16,3.4018095069140144e-16,1.4728347468746683e-16,7.3967027090952314e-17,5.1345828535260676e-17
1060,2.8618277758957032e-15,7.9494396154605864e-16,8.5591635523084947e-16,6.1540033817397213e-16,3.3055721585754771e-16,1.4314639545840646e-16,7.1923597639361005e-17,4.9939911989508351e-17
1061,2.7808665357104414e-15,7.7240962644876488e-16,8.3165473582453837e-16,5.9796189738751278e-16,3.2120573692739493e-16,1.3912551405552262e-16,6.9936581851579442e-17,4.8572443215128175e-17
1062,2.7021956927557680e-15,7.5051407674202063e-16,8.0808083416783078e-16,5.8101760735889661e-16,3.1211881176883125e-16,1.3521756711236798e-16,6.8004423418253236e-17,4.7242372187567641e-17
1063,2.6257504515880638e-15,7.2923920456301429e-16,7.8517515618409023e-16,5.6455346534323342e-16,3.0328895614341852e-16,1.3141938290494024e-16,6.6125608931969223e-17,4.5948677517398115e-17
1064,2.5514678498298056e-15,7.0856741536092602e-16,7.6291876037913721e-16,5.4855586539300374e-16,2.9470889754217035e-16,1.2772787877838600e-16,6.4298666705552614e-17,4.4690365670629805e-17
1065,2.4792867063120432e-15,6.8848161334576795e-16,7.4129324217758039e-16,5.3301158711391714e-16,2.8637156919571605e-16,1.2414005864595590e-16,6.2522165622885589e-17,4.3466470210220222e-17
1066,2.4091475706839276e-15,6.6896518734971665e-16,7.2028071870315617e-16,5.1790778473940076e-16,2.7827010425391731e-16,1.2065301055818210e-16,6.0794714021353163e-17,4.2276051058201200e-17
1067,2.3409926744477845e-15,6.5000199708924333e-16,6.9986381399049184e-16,5.0323197651468693e-16,2.7039783013014402e-16,1.1726390434030725e-16,5.9114958605046397e-17,4.1118193777864763e-17
1068,2.2747658833794131e-15,6.3157635981668338e-16,6.8002564461606103e-16,4.8897203438172846e-16,2.6274826300555043e-16,1.1396998929604810e-16,5.7481583387877565e-17,3.9992008875463895e-17
1069,2.2104126512944106e-15,6.1367303735020134e-16,6.6074980573645192e-16,4.7511617395641602e-16,2.5531510248882610e-16,1.1076859197583230e-16,5.5893308665784578e-17,3.8896631120898350e-17
1070,2.1478799751224570e-15,5.9627722347142788e-16,6.4202035752240016e-16,4.6165294478981401e-16,2.4809222642702211e-16,1.0765711400769733e-16,5.4348890017224668e-17,3.7831218886870448e-17
1071,2.0871163512525409e-15,5.7937453168034478e-16,6.2382181197736635e-16,4.4857122090536756e-16,2.4107368586317980e-16,1.0463302998909303e-16,5.2847117331179600e-17,3.6794953506009529e-17
1072,2.0280717331131910e-15,5.6295098329729001e-16,6.0613912012976258e-16,4.3586019160425994e-16,2.3425370013660801e-16,1.0169388543787758e-16,5.1386813861915582e-17,3.5787038645477361e-17
1073,1.9706974899527586e-15,5.4699299590224457e-16,5.8895765958823072e-16,4.2350935253132174e-16,2.2762665212177406e-16,9.8837294800845064e-17,4.9966835309762404e-17,3.4806699698580101e-17
1074,1.9149463667858091e-15,5.3148737210183820e-16,5.7226322244968612e-16,4.1150849699410797e-16,2.2118708360188632e-16,9.6060939518169360e-17,4.8586068927195801e-17,3.3853183192925100e-17
1075,1.8607724454726302e-15,5.1642128861478459e-16,5.5604200355012167e-16,3.9984770752796946e-16,2.1492969077335903e-16,9.3362566142194684e-17,4.7243432649527669e-17,3.2925756214673458e-17
1076,1.8081311068998100e-15,5.0178228566671982e-16,5.4028058904846234e-16,3.8851734770014800e-16,2.0884931987745495e-16,9.0739984509046683e-17,4.5937874249526781e-17,3.2023705848451396e-17
1077,1.7569789942307157e-15,4.8755825668567190e-16,5.2496594533402409e-16,3.7750805414612074e-16,2.0294096295551010e-16,8.8191065961581411e-17,4.4668370515312316e-17,3.1146338632495308e-17
1078,1.7072739771956313e-15,4.7373743828963986e-16,5.1008540824840764e-16,3.6681072883161373e-16,1.9719975372424283e-16,8.5713741622230559e-17,4.3433926450879700e-17,3.0292980028616910e-17
1079,1.6589751173921190e-15,4.6030840055800241e-16,4.9562667261291167e-16,3.5641653153388931e-16,1.9162096356775054e-16,8.3306000714342377e-17,4.2233574498636495e-17,2.9462973906586094e-17
1080,1.6120426345670406e-15,4.4726003757870868e-16,4.8157778205280583e-16,3.4631687253609324e-16,1.8619999764289352e-16,8.0965888930656482e-17,4.1066373783342791e-17,2.8655682042540012e-17
1081,1.5664378738524593e-15,4.3458155826343446e-16,4.6792711911004965e-16,3.3650340552862444e-16,1.8093239109485672e-16,7.8691506847589231e-17,3.9931409376867352e-17,2.7870483631037479e-17
1082,1.5221232739284411e-15,4.2226247742310729e-16,4.5466339563627919e-16,3.2696802071166083e-16,1.7581380537977477e-16,7.6481008384043781e-17,3.8827791583187049e-17,2.7106774810388225e-17
1083,1.4790623360865303e-15,4.1029260709641938e-16,4.4177564345811772e-16,3.1770283809314126e-16,1.7084002469138869e-16,7.4332599303494361e-17,3.7754655243072472e-17,2.6363968200896356e-17
1084,1.4372195941684225e-15,3.9866204812415723e-16,4.2925320530709161e-16,3.0870020097666382e-16,1.6600695248879375e-16,7.2244535758130102e-17,3.6711159057918410e-17,2.5641492455667427e-17
1085,1.3965605853550715e-15,3.8736118196237831e-16,4.1708572600664881e-16,2.9995266963392016e-16,1.6131060812241682e-16,7.0215122873877336e-17,3.5696484932192349e-17,2.4938791823637840e-17
1086,1.3570518217821783e-15,3.7638066272766634e-16,4.0526314390899450e-16,2.9145301515643554e-16,1.5674712355544556e-16,6.8242713375152790e-17,3.4709837333988961e-17,2.4255325724494498e-17
1087,1.3186607629586722e-15,3.6571140946788381e-16,3.9377568257466036e-16,2.8319421348153378e-16,1.5231274017800785e-16,6.6325706248232255e-17,3.3750442673192304e-17,2.3590568335161929e-17
1088,1.2813557889654820e-15,3.5534459865203031e-16,3.8261384268792833e-16,2.7516943958759056e-16,1.4800380571147880e-16,6.4462545442150129e-17,3.2817548696761423e-17,2.2944008187542448e-17
1089,1.2451061744125088e-15,3.4527165687299662e-16,3.7176839420142178e-16,2.6737206185377710e-16,1.4381677120036478e-16,6.2651718606076781e-17,3.1910423900668151e-17,2.2315147777203833e-17
1090,1.2098820631323624e-15,3.3548425375717755e-16,3.6123036870336983e-16,2.5979563657963287e-16,1.3974818808928731e-16,6.0891755862148875e-17,3.1028356958029054e-17,2.1703503182716957e-17
1091,1.1756544435900078e-15,3.2597429507508084e-16,3.5099105200123053e-16,2.5243390265994000e-16,1.3579470538265905e-16,5.9181228612757698e-17,3.0170656162985879e-17,2.1108603695354124e-17
1092,1.1423951249880802e-15,3.1673391604723371e-16,3.4104197691554208e-16,2.4528077641049584e-16,1.3195306688471292e-16,5.7518748381328000e-17,2.9336648889901159e-17,2.0529991458866547e-17
1093,1.1100767140481745e-15,3.0775547483985135e-16,3.3137491627804159e-16,2.3833034654050957e-16,1.2822010851761074e-16,5.5902965685646667e-17,2.8525681067447664e-17,1.9967221119067125e-17
1094,1.0786725924490011e-15,2.9903154624488751e-16,3.2198187612826147e-16,2.3157686926746749e-16,1.2459275571542275e-16,5.4332568942827914e-17,2.7737116667181815e-17,1.9419859482952093e-17
1095,1.0481568949028096e-15,2.9055491553924082e-16,3.1285508910297721e-16,2.2501476357042889e-16,1.2106802089183158e-16,5.2806283405026238e-17,2.6970337206202476e-17,1.8887485187102279e-17
1096,1.0185044878520373e-15,2.8231857251803714e-16,3.0398700801304016e-16,2.1863860657783155e-16,1.1764300097947502e-16,5.1322870125034043e-17,2.6224741263507580e-17,1.8369688375111830e-17
1097,9.8969094876862830e-16,2.7431570569705556e-16,2.9537029960228310e-16,2.1244312908599310e-16,1.1431487503890077e-16,4.9881124950924960e-17,2.5499744009671666e-17,1.7866070383799045e-17
1098,9.6169254603897437e-16,2.6653969667949995e-16,2.8699783848333836e-16,2.0642321120460645e-16,1.1108090193516428e-16,4.8479877548927074e-17,2.4794776749477640e-17,1.7376243437960630e-17
1099,9.3448621941791513e-16,2.5898411468246053e-16,2.7886270124535259e-16,2.0057387812562945e-16,1.0793841808015533e-16,4.7117990453733737e-17,2.4109286477146373e-17,1.6899830353437145e-17
1100,9.0804956103569204e-16,2.5164271121853627e-16,2.7095816072872599e-16,1.9489029601207269e-16,1.0488483523879458e-16,4.5794358145481373e-17,2.3442735443817385e-17,1.6436464248263783e-17
1101,8.8236079694221929e-16,2.4450941492822067e-16,2.6327768046214236e-16,1.8936776800328770e-16,1.0191763839729280e-16,4.4507906152645630e-17,2.2794600736943452e-17,1.5985788261686618e-17
1102,8.5739876917346577e-16,2.3757832655877693e-16,2.5581490925728742e-16,1.8400173033345413e-16,9.9034383691717296e-17,4.3257590180128205e-17,2.2164373871271230e-17,1.5547455280830554e-17
1103,8.3314291832518207e-16,2.3084371408544993e-16,2.4856367595678767e-16,1.7878774856005842e-16,9.6232696395159030e-17,4.2042395261826930e-17,2.1551560391089084e-17,1.5121127674810970e-17
1104,8.0957326661961620e-16,2.2430000797098005e-16,2.4151798433102613e-16,1.7372151389924658e-16,9.3510268961843114e-17,4.0861334937001814e-17,2.0955679483431878e-17,1.4706477036086647e-17
1105,7.8667040145127308e-16,2.1794179655949823e-16,2.3467200811961298e-16,1.6879883966502337e-16,9.0864859126571417e-17,3.9713450449768765e-17,2.0376263601941312e-17,1.4303183928857086e-17
1106,7.6441545939816533e-16,2.1176382160099298e-16,2.2802008621341331e-16,1.6401565780935419e-16,8.8294288057931914e-17,3.8597809971071868e-17,1.9812858101088337e-17,1.3910937644312770e-17
1107,7.4279011068538579e-16,2.0576097390264760e-16,2.2155671797314577e-16,1.5936801556031104e-16,8.5796438563754140e-17,3.7513507842502724e-17,1.9265020880472632e-17,1.3529435962551880e-17
1108,7.2177654408820814e-16,1.9992828910345213e-16,2.1527655868068215e-16,1.5485207215548424e-16,8.3369253347332038e-17,3.6459663841353733e-17,1.8732322038921517e-17,1.3158384920982340e-17
1109,7.0135745226227715e-16,1.9426094356859365e-16,2.0917441511928469e-16,1.5046409566795972e-16,8.1010733312978528e-17,3.5435422466309009e-17,1.8214343538118800e-17,1.2797498589032727e-17
1110,6.8151601748881041e-16,1.8875425040023170e-16,2.0324524127912826e-16,1.4620045992223957e-16,7.8718935919516024e-17,3.4439952243193371e-17,1.7710678875501006e-17,1.2446498849000488e-17
1111,6.6223589782306767e-16,1.8340365556135750e-16,1.9748413418455377e-16,1.4205764149755665e-16,7.6491973580346761e-17,3.3472445050216410e-17,1.7220932766166061e-17,1.2105115182870587e-17
1112,6.4350121363468203e-16,1.7820473410953325e-16,1.9188632983960450e-16,1.3803221681610679e-16,7.4328012108785171e-17,3.2532115462164031e-17,1.6744720833546143e-17,1.1773084464942159e-17
1113,6.2529653452876364e-16,1.7315318653739456e-16,1.8644719928849040e-16,1.3412085931379242e-16,7.2225269207371710e-17,3.1618200113005693e-17,1.6281669308603619e-17,1.1450150760105200e-17
1114,6.0760686663700845e-16,1.6824483521689158e-16,1.8116224478772385e-16,1.3032033669113935e-16,7.0182012999924670e-17,3.0729957076400063e-17,1.5831414737315239e-17,1.1136065127613629e-17
1115,5.9041764026834018e-16,1.6347562094432670e-16,1.7602709608676094e-16,1.2662750824211471e-16,6.8196560605119492e-17,2.9866665263596610e-17,1.5393603696216545e-17,1.0830585430205166e-17
1116,5.7371469790891734e-16,1.5884159958333197e-16,1.7103750681407250e-16,1.2303932225863883e-16,6.6267276750422186e-17,2.9027623838244726e-17,1.4967892515784503e-17,1.0533476148422635e-17
1117,5.5748428256162015e-16,1.5433893880300983e-16,1.6618935096565675e-16,1.1955281350864584e-16,6.4392572425234403e-17,2.8212151647635571e-17,1.4553947011442589e-17,1.0244508199995111e-17
1118,5.4171302641541341e-16,1.4996391490853953e-16,1.6147861949308887e-16,1.1616510078560887e-16,6.2570903572141161e-17,2.7419586669915246e-17,1.4151442221978431e-17,9.9634587641413031e-18
1119,5.2638793983525501e-16,1.4571290976162795e-16,1.5690141698828697e-16,1.1287338452750481e-16,6.0800769815183159e-17,2.6649285476820924e-17,1.3760062155169938e-17,9.6901111106612489e-18
1120,5.1149640066347894e-16,1.4158240778825819e-16,1.5245395846225206e-16,1.0967494450325096e-16,5.9080713224106418e-17,2.5900622711503911e-17,1.3379499540421433e-17,9.4242544336859995e-18
1121,4.9702614382384361e-16,1.3756899307126055e-16,1.4813256621511907e-16,1.0656713756470125e-16,5.7409317113571276e-17,2.5172990581016162e-17,1.3009455588216734e-17,9.1656836899585889e-18
1122,4.8296525121968171e-16,1.3366934652530245e-16,1.4393366679492962e-16,1.0354739546234470e-16,5.5785204876331894e-17,2.4465798363048508e-17,1.2649639756201532e-17,8.9141994415229469e-18
1123,4.6930214191783205e-16,1.2988024315196027e-16,1.3985378804261218e-16,1.0061322272290085e-16,5.4207038849425114e-17,2.3778471926520305e-17,1.2299769521712443e-17,8.6696077027008455e-18
1124,4.5602556261026840e-16,1.2619854937260253e-16,1.3588955622072614e-16,9.7762194587057777e-17,5.2673519212434869e-17,2.3110453265631660e-17,1.1959570160575290e-17,8.4317197912401216e-18
1125,4.4312457834556921e-16,1.2262122043687986e-16,1.3203769322359459e-16,9.4991955005649018e-17,5.1183382916924829e-17,2.2461200047000270e-17,1.1628774531999913e-17,8.2003521835207322e-18
1126,4.3058856352259470e-16,1.1914529790467737e-16,1.2829501386651985e-16,9.2300214692613028e-17,4.9735402646157330e-17,2.1830185169515333e-17,1.1307122869403644e-17,7.9753263737081034e-18
1127,4.1840719313895262e-16,1.1576790719944741e-16,1.2465842325183895e-16,8.9684749233126132e-17,4.8328385804242019e-17,2.1216896336551545e-17,1.0994362577000176e-17,7.7564687367464247e-18
1128,4.0657043428704658e-16,1.1248625523089933e-16,1.2112491420964160e-16,8.7143397245345717e-17,4.6961173533881455e-17,2.0620835640196102e-17,1.0690248031995043e-17,7.5436103950873028e-18
1129,3.9506853789069973e-16,1.0929762808507991e-16,1.1769156481103407e-16,8.4674058594244159e-17,4.5632639761904770e-17,2.0041519157151367e-17,1.0394540392233300e-17,7.3365870890521334e-18
1130,3.8389203067555168e-16,1.0619938877993414e-16,1.1435553595189271e-16,8.2274692656057761e-17,4.4341690271803178e-17,1.9478476555985369e-17,1.0107007409149249e-17,7.1352390507292380e-18
1131,3.7303170736661181e-16,1.0318897508449041e-16,1.1111406900510840e-16,7.9943316631916166e-17,4.3087261802503554e-17,1.8931250715411505e-17,9.8274232458721779e-18,6.9394108813095762e-18
1132,3.6247862310654497e-16,1.0026389739986600e-16,1.0796448353938156e-16,7.7678003909258520e-17,4.1868321172637752e-17,1.8399397353287736e-17,9.5555683003460928e-18,6.7489514317673811e-18
1133,3.5222408608844398e-16,9.7421736700340978e-17,1.0490417510267984e-16,7.5476882469682562e-17,4.0683864429586287e-17,1.7882484666034256e-17,9.2912290333253766e-18,6.5637136867946753e-18
1134,3.4225965039702085e-16,9.4660142532797156e-17,1.0193061306852705e-16,7.3338133341910645e-17,3.9532916022595761e-17,1.7380092978177178e-17,9.0341978011120190e-18,6.3835546519010533e-18
1135,3.3257710905232231e-16,9.1976831072868183e-17,9.9041338543341032e-17,7.1259989098594146e-17,3.8414527999288725e-17,1.6891814401733724e-17,8.7842726929038710e-18,6.2083352435925594e-18
1136,3.2316848725023698e-16,8.9369583236192532e-17,9.6233962333090617e-17,6.9240732395714100e-17,3.7327779224904311e-17,1.6417252505162792e-17,8.5412573726268598e-18,6.0379201825458011e-18
1137,3.1402603579423154e-16,8.6836242843207947e-17,9.3506162967590254e-17,6.7278694553371133e-17,3.6271774623626706e-17,1.5956021991612130e-17,8.3049609251276776e-18,5.8721778896957492e-18
1138,3.0514222471290079e-16,8.4374714835969063e-17,9.0855684780797999e-17,6.5372254176791540e-17,3.5245644441376286e-17,1.5507748386201146e-17,8.0751977066068454e-18,5.7109803851578645e-18
1139,2.9650973705807870e-16,8.1982963545513854e-17,8.8280336045529894e-17,6.3519835816410073e-17,3.4248543529456621e-17,1.5072067732085613e-17,7.8517871991752763e-18,5.5542031899073631e-18
1140,2.8812146287840175e-16,7.9659011008345665e-17,8.5777987161047870e-17,6.1719908665922181e-17,3.3279650648466988e-17,1.4648626295057694e-17,7.6345538694208423e-18,5.4017252301405445e-18
