t,f_total,k_0,k_1,k_2,k_3,k_4,k_5,k_6
1,0.0000000000000000e+00,0.0000000000000000e+00,0.0000000000000000e+00,0.0000000000000000e+00,0.0000000000000000e+00,0.0000000000000000e+00,0.0000000000000000e+00,0.0000000000000000e+00
2,1.0249470664572087e-04,0.0000000000000000e+00,0.0000000000000000e+00,0.0000000000000000e+00,1.0249470664572087e-04,0.0000000000000000e+00,0.0000000000000000e+00,0.0000000000000000e+00
3,2.9833583207126355e-03,0.0000000000000000e+00,0.0000000000000000e+00,6.1412117618303857e-06,2.7919219264817860e-04,2.6980249163026265e-03,0.0000000000000000e+00,0.0000000000000000e+00
4,1.2465704155904400e-02,0.0000000000000000e+00,2.2094973835898591e-07,1.9248542310803533e-05,4.9404515508649478e-04,3.9898861622159696e-03,7.9623033465527730e-03,0.0000000000000000e+00
5,1.7041687335503878e-02,7.1838743545447690e-09,9.0130343154120822e-07,3.9050519897999747e-05,7.0269949456280042e-04,5.0102496553222891e-03,1.0940891837618722e-02,3.4788734079617108e-04
6,1.9684087722154672e-02,3.1399714817621460e-08,2.2149856240580030e-06,6.4541072030845255e-05,9.0760175942373360e-04,5.6755137578234109e-03,1.2307668164011236e-02,7.2651658352656959e-04
7,2.1150846898308661e-02,8.1474585730944418e-08,4.2559198656978244e-06,9.4676940930330693e-05,1.1014503438046639e-03,6.1328234976538156e-03,1.2706173502116920e-02,1.1113852193515013e-03
8,2.1966818658074018e-02,1.6360580413540096e-07,7.0444721775080667e-06,1.2827373052513464e-04,1.2810581240699209e-03,6.4364791443713683e-03,1.2644371697992221e-02,1.4694278831337297e-03
9,2.2381165579004225e-02,2.8094683787141521e-07,1.0541002913628590e-05,1.6418532262532225e-04,1.4440826768382731e-03,6.6256675605274977e-03,1.2341904755341814e-02,1.7945033139198164e-03
10,2.2533185499159183e-02,4.3383648964384705e-07,1.4663167966263634e-05,2.0135417265958221e-04,1.5893784672268091e-03,6.7258624201822961e-03,1.1917289900491601e-02,2.0842035341429878e-03
11,2.2504565258488009e-02,6.2032694526215853e-07,1.9301680084217732e-05,2.3884743201344838e-04,1.7166218249234843e-03,6.7561850554874858e-03,1.1433934246358121e-02,2.3390546926759883e-03
12,2.2347265084175446e-02,8.3679454954975742e-07,2.4333580350118289e-05,2.7586809655672970e-04,1.8260927573699542e-03,6.7316112665883115e-03,1.0927998912590792e-02,2.5605236761699901e-03
13,2.2096403931796293e-02,1.0785248574523067e-06,2.9632500919648151e-05,3.1175498024543655e-04,1.9184789145116584e-03,6.6642077682378164e-03,1.0420650822955702e-02,2.7506004200685799e-03
14,2.1776858333213352e-02,1.3402169146015730e-06,3.5076138410736825e-05,3.4597588641926958e-04,1.9947289887860351e-03,6.5637728485525649e-03,9.9244371038481223e-03,2.9115271502820235e-03
15,2.1406834233698185e-02,1.6163881709566652e-06,4.0551332854305999e-05,3.7811722107442425e-04,2.0559449630297728e-03,6.4382647731173973e-03,9.4466737149160439e-03,3.0456658405352819e-03
16,2.0999956413613945e-02,1.9016801649964955e-06,4.5957214378078814e-05,4.0787183972427755e-04,2.1033056716148321e-03,6.2941261225007766e-03,8.9913897909297529e-03,3.1554040943012319e-03
17,2.0566580052628278e-02,2.1910749945764485e-06,5.1206855508405346e-05,4.3502625407093343e-04,2.1380137048270559e-03,6.1365494337471934e-03,8.5605053045660368e-03,3.2430874249140744e-03
18,2.0114663939368005e-02,2.4800365670452936e-06,5.6227812414673704e-05,4.5944790770967233e-04,2.1612592433775659e-03,5.9696999237578846e-03,8.1545789513379121e-03,3.3109700642032494e-03
19,1.9650377983919446e-02,2.7645914004387016e-06,6.0961873497534830e-05,4.8107297469133673e-04,2.1741959318530750e-03,5.7969025011556114e-03,7.7732986936460812e-03,3.3611814176753669e-03
20,1.9178538965705233e-02,3.0413628038306836e-06,6.5364270456493118e-05,4.9989496437723028e-04,2.1779252389159433e-03,5.6207977111154776e-03,7.4158100047794565e-03,3.3957054132568035e-03
21,1.8702929547599494e-02,3.3075705358564666e-06,6.9402550324042830e-05,5.1595429790121498e-04,2.1734867852697308e-03,5.4434706910329398e-03,7.0809375542675475e-03,3.4163700982681624e-03
22,1.8226535079998139e-02,3.5610060557196865e-06,7.3055258759966983e-05,5.2932893754354033e-04,2.1618528743885487e-03,5.2665570208323634e-03,6.7673350022023383e-03,3.4248449802156610e-03
23,1.7751721117648608e-02,3.7999915328507144e-06,7.6310545283963117e-05,5.4012609034039091e-04,2.1439259916739921e-03,5.0913291109498035e-03,6.4735854673590434e-03,3.4226439205085656e-03
24,1.7280367517415161e-02,4.0233290150612168e-06,7.9164769403316669e-05,5.4847496499236127e-04,2.1205384041070975e-03,4.9187664220822075e-03,6.1982678497319518e-03,3.4111317780831656e-03
25,1.6813970418238726e-02,4.2302446304205985e-06,8.1621161742990810e-05,5.5452053227483095e-04,2.0924532434723063e-03,4.7496123962627703e-03,5.9399994471227239e-03,3.3915333927326831e-03
26,1.6353720300608703e-02,4.4203314267249858e-06,8.3688575206555281e-05,5.5841822050259218e-04,2.0603666284652045e-03,4.5844205503199715e-03,5.6974621435913848e-03,3.3649438510962707e-03
27,1.5900562139877856e-02,4.5934934203138236e-06,8.5380346838169336e-05,5.6032946669277951e-04,2.0249105003044506e-03,4.4235917770535926e-03,5.4694172822879342e-03,3.3323392732806170e-03
28,1.5455242097616069e-02,4.7498926069871658e-06,8.6713280481784684e-05,5.6041803895374618e-04,1.9866559304366625e-03,4.2674045365518956e-03,5.2547128263409487e-03,3.2945875922440427e-03
29,1.5018344049918893e-02,4.8899000514849804e-06,8.7706752741516773e-05,5.5884704475236838e-04,1.9461167192336246e-03,4.1160393076271565e-03,5.0522853485912862e-03,3.2524589769214549e-03
30,1.4590318409089569e-02,5.0140516880726450e-06,8.8381939468425545e-05,5.5577654185058991e-04,1.9037531488847158e-03,3.9695984073169974e-03,4.8611586374316569e-03,3.2066356824491113e-03
31,1.4171505072231062e-02,5.1230091052130544e-06,8.8761156488458896e-05,5.5136167289142118e-04,1.8599757869628567e-03,3.8281220706285518e-03,4.6804401700421532e-03,3.1577212061124071e-03
32,1.3762151868405320e-02,5.2175253273886514e-06,8.8867306106359161e-05,5.4575125011115024e-04,1.8151492626338975e-03,3.6916015072635372e-03,4.5093163226643451e-03,3.1062486942986410e-03
33,1.3362429532911205e-02,5.2984154257568751e-06,8.8723419724382377e-05,5.3908672289293825e-04,1.7695959573209529e-03,3.5599895106425872e-03,4.3470469159582747e-03,3.0526885909463123e-03
34,1.2972443982055618e-02,5.3665316688556603e-06,8.8352286431701203e-05,5.3150146743658941e-04,1.7235995672549510e-03,3.4332090811892411e-03,4.1929595006028044e-03,2.9974555474714731e-03
35,1.2592246471831801e-02,5.4227428505720149e-06,8.7776157440815072e-05,5.2312034439503437e-04,1.6774085077209562e-03,3.3111604352707943e-03,4.0464436517995538e-03,2.9409146323540756e-03
36,1.2221842082374205e-02,5.4679173933772639e-06,8.7016516611057191e-05,5.1405947670592038e-04,1.6312391386414603e-03,3.1937266989523049e-03,3.9069454452392302e-03,2.8833868888308539e-03
37,1.1861196864473216e-02,5.5029098111204028e-06,8.6093907885530119e-05,5.0442620588347648e-04,1.5852787989327137e-03,3.0807785281030957e-03,3.7739622199131242e-03,2.8251542939441545e-03
38,1.1510243905558784e-02,5.5285501201416656e-06,8.5027811186594063e-05,4.9431919064232659e-04,1.5396886432157925e-03,2.9721778503981671e-03,3.6470376866534521e-03,2.7664641733423112e-03
39,1.1168888513532165e-02,5.5456358044398445e-06,8.3836559100570232e-05,4.8382861685263468e-04,1.4946062792642340e-03,2.8677808879710460e-03,3.5257574095298567e-03,2.7075331250093833e-03
40,1.0837012672541207e-02,5.5549259657427878e-06,8.2537287487431335e-05,4.7303649245615103e-04,1.4501482082687951e-03,2.7674405899836326e-03,3.4097446659462679e-03,2.6485505024331875e-03
41,1.0514478891470953e-02,5.5571373193002055e-06,8.1145913943039870e-05,4.6201700510800474e-04,1.4064120727970036e-03,2.6710085806676050e-03,3.2986566774023895e-03,2.5896815042336092e-03
42,1.0201133540748426e-02,5.5529417285977507e-06,7.9677138797884349e-05,4.5083692396683808e-04,1.3634787193861641e-03,2.5783367092668589e-03,3.1921811942025040e-03,2.5310699133995786e-03
43,9.8968097539541781e-03,5.5429650052048356e-06,7.8144464043288010e-05,4.3955603026317041e-04,1.3214140841713122e-03,2.4892782728320271e-03,3.0900334123302943e-03,2.4728405253088824e-03
44,9.6013299561468132e-03,5.5277867323592745e-06,7.6560226225752174e-05,4.2822756406565827e-04,1.2802709109297368e-03,2.4036889702474832e-03,2.9919531981318238e-03,2.4151012998140002e-03
45,9.3145080695941941e-03,5.5079409018038879e-06,7.4935639938826607e-05,4.1689867707320069e-04,1.2400903115175718e-03,2.3214276356269921e-03,2.8977025955542776e-03,2.3579452689815204e-03
46,9.0361514389155472e-03,5.4839171822739050e-06,7.3280849069156363e-05,4.0561088332459797e-04,1.2009031789620859e-03,2.2423567908376532e-03,2.8070635909045270e-03,2.3014522286352529e-03
47,8.7660625108416934e-03,5.4561626645689152e-06,7.1604983420754160e-05,3.9440050147324828e-04,1.1627314635226150e-03,2.1663430500406902e-03,2.7198361110163331e-03,2.2456902387034848e-03
48,8.5040402984281147e-03,5.4250839521791908e-06,6.9916218752126425e-05,3.8329908375723984e-04,1.1255893218988840e-03,2.0932574034844128e-03,2.6358362320667386e-03,2.1907169545165341e-03
49,8.2498816552601870e-03,5.3910494879458133e-06,6.8221838618545737e-05,3.7233382803813261e-04,1.0894841494932617e-03,2.0229754031207870e-03,2.5548945778660942e-03,2.1365808086354202e-03
50,8.0033823817134316e-03,5.3543920262767718e-06,6.6528296720903176e-05,3.6152797031524877e-04,1.0544175052604595e-03,1.9553772687596603e-03,2.4768548881297118e-03,2.0833220605011708e-03
51,7.7643381824821448e-03,5.3154111771349096e-06,6.4841278727764676e-05,3.5090115597424375e-04,1.0203859382344165e-03,1.8903479302774143e-03,2.4015727389336788e-03,2.0309737291574919e-03
52,7.5325454922241502e-03,5.2743759625137540e-06,6.3165762763064037e-05,3.4046978872426763e-04,9.8738172433183113e-04,1.8277770187415329e-03,2.3289143992055688e-03,1.9795624224953723e-03
53,7.3078021841807388e-03,5.2315273386007747e-06,6.1506077942703510e-05,3.3024735673963516e-04,9.5539352151427937e-04,1.7675588171039043e-03,2.2587558086671761e-03,1.9291090748744398e-03
54,7.0899081749391081e-03,5.1870806474810652e-06,5.9865960503371653e-05,3.2024473596957176e-04,9.2440695086120066e-04,1.7095921792759934e-03,2.1909816641107194e-03,1.8796296035707707e-03
55,6.8786659370495551e-03,5.1412279712456259e-06,5.8248607200003685e-05,3.1047047093086557e-04,8.9440511057604542e-04,1.6537804248651859e-03,2.1254846022424022e-03,1.8311354932638065e-03
56,6.6738809299456475e-03,5.0941403689202657e-06,5.6656725758046591e-05,3.0093103356852811e-04,8.6536902942644799e-04,1.6000312155717445e-03,2.0621644685649720e-03,1.7836343166869875e-03
57,6.4753619585081832e-03,5.0459699828977747e-06,5.5092582256265121e-05,2.9163106097221912e-04,8.3727806561313602e-04,1.5482564181774515e-03,2.0009276628959113e-03,1.7371301986103028e-03
58,6.2829214676361636e-03,4.9968520067000881e-06,5.3558045388114943e-05,2.8257357288281898e-04,8.1011025657618321e-04,1.4983719581650201e-03,1.9416865531347940e-03,1.6916242294825322e-03
59,6.0963757803197639e-03,4.9469065100683659e-06,5.2054627607275659e-05,2.7376017002407458e-04,7.8384262478450135e-04,1.4502976672627365e-03,1.8843589498086775e-03,1.6471148343224296e-03
60,5.9155452859354146e-03,4.8962401207134809e-06,5.0583523208042077e-05,2.6519121435723705e-04,7.5845144411728423e-04,1.4039571275874223e-03,1.8288676347455854e-03,1.6035981017991302e-03
61,5.7402545847886274e-03,4.8449475646798118e-06,4.9145643425896118e-05,2.5686599238930067e-04,7.3391247103562606e-04,1.3592775145407398e-03,1.7751399379608730e-03,1.5610680778715123e-03
62,5.5703325943060739e-03,4.7931130692907599e-06,4.7741648669451584e-05,2.4878286267398137e-04,7.1020114435923565e-04,1.3161894401822918e-03,1.7231073574973004e-03,1.5195170278545218e-03
63,5.4056126217161670e-03,4.7408116341516977e-06,4.6371978013574871e-05,2.4093938863411940e-04,6.8729275710690868e-04,1.2746267984440260e-03,1.6727052175444220e-03,1.4789356703389647e-03
64,5.2459324075501933e-03,4.6881101767697722e-06,4.5036876096124657e-05,2.3333245780907724e-04,6.6516260352970577e-04,1.2345266132524335e-03,1.6238723606834989e-03,1.4393133860025836e-03
65,5.0911341438378849e-03,4.6350685600842139e-06,4.3736417568525611e-05,2.2595838859454595e-04,6.4378610416173071e-04,1.1958288903781192e-03,1.5765508705671235e-03,1.4006384040077561e-03
66,4.9410644704575048e-03,4.5817405096492372e-06,4.2470529254236572e-05,2.1881302549793907e-04,6.2313891143397069e-04,1.1584764736283369e-03,1.5306858217541506e-03,1.3628979683792217e-03
67,4.7955744527264565e-03,4.5281744284294162e-06,4.1239010169888758e-05,2.1189182388270337e-04,6.0319699814059390e-04,1.1224149058300943e-03,1.4862250537859192e-03,1.3260784864888276e-03
68,4.6545195429805557e-03,4.4744141172014737e-06,4.0041549562126822e-05,2.0518992512139078e-04,5.8393673081309912e-04,1.0875922949136279e-03,1.4431189669140763e-03,1.2901656615390334e-03
69,4.5177595285849463e-03,4.4204994084464582e-06,3.8877743109547997e-05,1.9870222302183256e-04,5.6533492984440603e-04,1.0539591852935595e-03,1.4013203371781690e-03,1.2551446107289849e-03
70,4.3851584685442946e-03,4.3664667213960086e-06,3.7747107434070920e-05,1.9242342233450832e-04,5.4736891801095773e-04,1.0214684346537229e-03,1.3607841487865268e-03,1.2209999706031119e-03
71,4.2565846206315894e-03,4.3123495455937301e-06,3.6649093059964453e-05,1.8634809009322577e-04,5.3001655886483897e-04,9.9007509616804465e-04,1.3214674419805403e-03,1.1877159909193819e-03
72,4.1319103607312373e-03,4.2581788599710037e-06,3.5583095951947113e-05,1.8047070048629685e-04,5.1325628630842740e-04,9.5973630613104520e-04,1.2833291747634023e-03,1.1552766182301470e-03
73,4.0110120958908972e-03,4.2039834940349151e-06,3.4548467756487781e-05,1.7478567390210727e-04,4.9706712651990470e-04,9.3041117692502814e-04,1.2463300970527059e-03,1.1236655702406288e-03
74,3.8937701723956884e-03,4.1497904373399774e-06,3.3544524862909648e-05,1.6928741074176420e-04,4.8142871326782853e-04,9.0206069521477951e-04,1.2104326359744619e-03,1.0928664018966046e-03
75,3.7800687800160588e-03,4.0956251029775972e-06,3.2570556393287456e-05,1.6397032054267613e-04,4.6632129753572182e-04,8.7464762523283631e-04,1.1756007911564983e-03,1.0628625640520615e-03
76,3.6697958534352088e-03,4.0415115503776293e-06,3.1625831222565072e-05,1.5882884691067586e-04,4.5172575227217179e-04,8.4813641699767411e-04,1.1418000390037459e-03,1.0336374554779984e-03
77,3.5628429717317334e-03,3.9874726722827831e-06,3.0709604122908417e-05,1.5385748871475828e-04,4.3762357298720818e-04,8.2249311929221487e-04,1.1089972450485264e-03,1.0051744688938347e-03
78,3.4591052566769172e-03,3.9335303503349904e-06,2.9821121119124090e-05,1.4905081795772056e-04,4.2399687483078697e-04,7.9768529721987633e-04,1.0771605835671267e-03,9.7745703163194786e-04
79,3.3584812705023102e-03,3.8797055833075745e-06,2.8959624135073561e-05,1.4440349469796633e-04,4.1082838671314281e-04,7.7368195414906880e-04,1.0462594637411428e-03,9.5046864148260813e-04
80,3.2608729137008781e-03,3.8260185916314085e-06,2.8124355004436675e-05,1.3991027936241767e-04,3.9810144295875284e-04,7.5045345785387839e-04,1.0162644617195409e-03,9.2419289821022018e-04
81,3.1661853233428943e-03,3.7724889014992549e-06,2.7314558912951819e-05,1.3556604275780380e-04,3.8579997292493250e-04,7.2797147065803848e-04,9.8714725800621607e-04,8.9861353118145259e-04
82,3.0743267723148861e-03,3.7191354114915886e-06,2.6529487333399309e-05,1.3136577405746031e-04,3.7390848896193203e-04,7.0620888339066503e-04,9.5888057965901931e-04,8.7371442350091851e-04
83,2.9852085698254694e-03,3.6659764443499549e-06,2.5768400509105072e-05,1.2730458701306751e-04,3.6241207304319888e-04,6.8513975296520882e-04,9.3143814684063203e-04,8.4947963300990696e-04
84,2.8987449634649259e-03,3.6130297862304402e-06,2.5030569536623459e-05,1.2337772461535547e-04,3.5129636235160946e-04,6.6473924339727577e-04,9.0479462331007391e-04,8.2589341046775708e-04
85,2.8148530430551441e-03,3.5603127154998698e-06,2.4315278093504459e-05,1.1958056240457730e-04,3.4054753406943041e-04,6.4498357008211499e-04,8.7892557048668992e-04,8.0294021520332731e-04
86,2.7334526464824122e-03,3.5078420228901561e-06,2.3621823852651958e-05,1.1590861061036277e-04,3.3015228958604601e-04,6.2584994715841945e-04,8.5380740475681600e-04,7.8060472849522590e-04
87,2.6544662676668083e-03,3.4556340246010505e-06,2.2949519620722908e-05,1.1235751528128335e-04,3.2009783830764258e-04,6.0731653779141535e-04,8.2941735772746532e-04,7.5887186491367773e-04
88,2.5778189667880927e-03,3.4037045697372728e-06,2.2297694234286649e-05,1.0892305854694567e-04,3.1037188122667354e-04,5.8936240721489349e-04,8.0573343916179373e-04,7.3772678183376252e-04
89,2.5034382828585003e-03,3.3520690432814954e-06,2.1665693244042795e-05,1.0560115813956277e-04,3.0096259438566557e-04,5.7196747837870009e-04,7.8273440235823992e-04,7.1715488730900764e-04
90,2.4312541487071801e-03,3.3007423656387025e-06,2.1052879414267381e-05,1.0238786628759585e-04,2.9185861234945021e-04,5.5511249005516276e-04,7.6039971175939180e-04,6.9714184647567338e-04
91,2.3611988084188810e-03,3.2497389896387834e-06,2.0458633061802097e-05,9.9279368081103611e-05,2.8304901178190093e-04,5.3877895726488526e-04,7.3870951259822910e-04,6.7767358664132108e-04
92,2.2932067372503570e-03,3.1990728957515508e-06,1.9882352256302602e-05,9.6271979396758423e-05,2.7452329520747141e-04,5.2294913388923692e-04,7.1764460240863353e-04,6.5873630119620246e-04
93,2.2272145640315905e-03,3.1487575861504889e-06,1.9323452901101114e-05,9.3362144459987827e-05,2.6627137502401038e-04,5.0760597734363175e-04,6.9718640424425746e-04,6.4031645247245147e-04
94,2.1631609960449790e-03,3.0988060781572145e-06,1.8781368711898251e-05,9.0546433112270532e-05,2.5828355782126378e-04,4.9273311519229697e-04,6.7731694146520806e-04,6.2240077366388443e-04
95,2.1009867463637933e-03,3.0492308975066381e-06,1.8255551108562818e-05,8.7821537843165145e-05,2.5055052904896272e-04,4.7831481359164265e-04,6.5801881396573749e-04,6.0497626990821569e-04
96,2.0406344636212802e-03,3.0000440717921405e-06,1.7745469033569542e-05,8.5184270639090026e-05,2.4306333806926514e-04,4.6433594745553045e-04,6.3927517572841199e-04,5.8803021862362107e-04
97,1.9820486641735067e-03,2.9512571243795418e-06,1.7250608709028555e-05,8.2631559694118568e-05,2.3581338362041286e-04,4.5078197224170103e-04,6.2106971360122490e-04,5.7155016918264141e-04
98,1.9251756666122102e-03,2.9028810690173591e-06,1.6770473342842238e-05,8.0160446022035784e-05,2.2879239971163598e-04,4.3763889726432064e-04,6.0338662720396826e-04,5.5552394199838981e-04
99,1.8699635285783851e-03,2.8549264053178186e-06,1.6304582793251072e-05,7.7768080003543346e-05,2.2199244196346841e-04,4.2489326044307057e-04,5.8621060987898400e-04,5.3993962709075001e-04
100,1.8163619858229188e-03,2.8074031152374758e-06,1.5852473199888050e-05,7.5451717897742033e-05,2.1540587440260772e-04,4.1253210440440289e-04,5.6952683060933608e-04,5.2478558219370454e-04
101,1.7643223934571159e-03,2.7603206606473335e-06,1.5413696588438786e-05,7.3208718342801103e-05,2.0902535671616651e-04,4.0054295385553318e-04,5.5332091683452393e-04,5.1005043045900499e-04
102,1.7137976693333756e-03,2.7136879820492361e-06,1.4987820455090937e-05,7.1036538866990758e-05,2.0284383196652936e-04,3.8891379415644211e-04,5.3757893810023197e-04,4.9572305780604131e-04
103,1.6647422394943888e-03,2.6675134984674613e-06,1.4574427336141799e-05,6.8932732427957012e-05,1.9685451476496554e-04,3.7763305101960645e-04,5.2228739048432128e-04,4.8179260996292938e-04
104,1.6171119856280038e-03,2.6218051085211713e-06,1.4173114367407376e-05,6.6894943995213934e-05,1.9105087989959094e-04,3.6668957127139755e-04,5.0743318174641637e-04,4.6824848923945645e-04
105,1.5708641944641938e-03,2.5765701926641902e-06,1.3783492837431449e-05,6.4920907188273852e-05,1.8542665141114679e-04,3.5607260461306304e-04,4.9300361715305403e-04,4.5508035106856047e-04
106,1.5259575090503406e-03,2.5318156165629228e-06,1.3405187737921130e-05,6.3008440980597352e-05,1.7997579210832749e-04,3.4577178632296885e-04,4.7898638593452846e-04,4.4227810034943443e-04
107,1.4823518818411990e-03,2.4875477355707024e-06,1.3037837314329001e-05,6.1155446477585541e-05,1.7469249351297989e-04,3.3577712084532110e-04,4.6536954833331369e-04,4.2983188762209912e-04
108,1.4400085295404015e-03,2.4437724002469927e-06,1.2681092619054261e-05,5.9359903775128763e-05,1.6957116622437986e-04,3.2607896621392608e-04,4.5214152320732337e-04,4.1773210510034209e-04
109,1.3988898896311313e-03,2.4004949628623849e-06,1.2334617069340907e-05,5.7619868903740603e-05,1.6460643069092376e-04,3.1666801926268827e-04,4.3929107615431611e-04,4.0596938258725913e-04
110,1.3589595785345934e-03,2.3577202848247837e-06,1.1998086011603641e-05,5.5933470862018160e-05,1.5979310837691807e-04,3.0753530157750418e-04,4.2680730812651066e-04,3.9453458329521398e-04
111,1.3201823513360989e-03,2.3154527449584205e-06,1.1671186293607558e-05,5.4298908742058810e-05,1.5512621331168448e-04,2.9867214614698459e-04,4.1467964450696049e-04,3.8341879958984459e-04
112,1.2825240630199158e-03,2.2736962485649598e-06,1.1353615845660907e-05,5.2714448948508032e-05,1.5060094400788665e-04,2.9007018467205122e-04,4.0289782462149196e-04,3.7261334867575205e-04
113,1.2459516311555093e-03,2.2324542371948795e-06,1.1045083271747313e-05,5.1178422512095315e-05,1.4621267573581125e-04,2.8172133549690231e-04,3.9145189166204500e-04,3.6210976823971322e-04
114,1.2104329999793409e-03,2.1917296990572120e-06,1.0745307451321083e-05,4.9689222497820012e-05,1.4195695314027590e-04,2.7361779212614309e-04,3.8033218299910636e-04,3.5189981206561714e-04
115,1.1759371058180186e-03,2.1515251799964924e-06,1.0454017152313368e-05,4.8245301507360457e-05,1.3782948318687152e-04,2.6575201229503404e-04,3.6952932086259843e-04,3.4197544563384423e-04
116,1.1424338438002707e-03,2.1118427949672348e-06,1.0170950655744882e-05,4.6845169274786248e-05,1.3382612842436424e-04,2.5811670756183597e-04,3.5903420337211038e-04,3.3232884171646167e-04
117,1.1098940358069088e-03,2.0726842399382806e-06,9.8958553922099629e-06,4.5487390354242528e-05,1.2994290055026516e-04,2.5070483339312543e-04,3.4883799589874141e-04,3.2295237597838606e-04
118,1.0782893996096755e-03,2.0340508041617981e-06,9.6284875903845126e-06,4.4170581897937467e-05,1.2617595426681299e-04,2.4350957971473774e-04,3.3893212274208582e-04,3.1383862259355520e-04
119,1.0475925191515858e-03,1.9959433827445638e-06,9.3686119376147731e-06,4.2893411522488860e-05,1.2252158141489813e-04,2.3652436190265734e-04,3.2930825910703493e-04,3.0498034988414726e-04
120,1.0177768159230934e-03,1.9583624894621644e-06,9.1160012525626987e-06,4.1654595261466710e-05,1.1897620537377256e-04,2.2974281218974101e-04,3.1995832336611965e-04,2.9637051598996864e-04
121,9.8881652139010969e-04,1.9213082697600350e-06,8.8704361698154649e-06,4.0452895601797122e-05,1.1553637571473516e-04,2.2315877146562263e-04,3.1087446959407141e-04,2.8800226457430781e-04
122,9.6068665043157588e-04,1.8847805138885753e-06,8.6317048363097134e-06,3.9287119601563027e-05,1.1219876309734712e-04,2.1676628144851862e-04,3.0204908036215208e-04,2.7986892057179665e-04
123,9.3336297574593725e-04,1.8487786701230024e-06,8.3996026193739459e-06,3.8156117086643175e-05,1.0896015439711109e-04,2.1055957720893855e-04,2.9347475978060470e-04,2.7196398598314291e-04
124,9.0682200318747681e-04,1.8133018580220345e-06,8.1739318261540777e-06,3.7058778923567854e-05,1.0581744805393872e-04,2.0453308002650933e-04,2.8514432677830871e-04,2.6428113572097596e-04
125,8.8104094799502843e-04,1.7783488816828940e-06,7.9545014341561858e-06,3.5994035365932880e-05,1.0276764963112525e-04,1.9868139056224772e-04,2.7705080860939465e-04,2.5681421351048892e-04
126,8.5599771187713325e-04,1.7439182429534735e-06,7.7411268326161439e-06,3.4960854471699096e-05,9.9807867574947730e-05,1.9299928232967156e-04,2.6918743457719221e-04,2.4955722784805295e-04
127,8.3167086091916372e-04,1.7100081545657825e-06,7.5336295743870797e-06,3.3958240588709080e-05,9.6935309165400183e-05,1.8748169544913025e-04,2.6154762996645459e-04,2.4250434802051678e-04
128,8.0803960427939777e-04,1.6766165531579706e-06,7.3318371380218336e-06,3.2985232905773765e-05,9.4147276648971111e-05,1.8212373067065911e-04,2.5412501017532224e-04,2.3564990018749168e-04
129,7.8508377364239570e-04,1.6437411121552758e-06,7.1355826997179942e-06,3.2040904066714996e-05,9.1441163544757009e-05,1.7692064365153339e-04,2.4691337503897576e-04,2.2898836352854124e-04
130,7.6278380339938549e-04,1.6113792544831894e-06,6.9447049147870990e-06,3.1124358844795162e-05,8.8814451115585554e-05,1.7186783947550642e-04,2.3990670333737089e-04,2.2251436645685723e-04
131,7.4112071152664604e-04,1.5795281650889235e-06,6.7590477083067528e-06,3.0234732875018744e-05,8.6264704996193422e-05,1.6696086740148174e-04,2.3309914747986294e-04,2.1622268290069356e-04
132,7.2007608113412226e-04,1.5481848032499320e-06,6.5784600746140917e-06,2.9371191441851311e-05,8.3789571970866632e-05,1.6219541583008010e-04,2.2648502835990778e-04,2.1010822865355239e-04
133,6.9963204265770327e-04,1.5173459146507495e-06,6.4027958853009670e-06,2.8532928319968281e-05,8.1386776893301789e-05,1.5756730747723205e-04,2.2005883037338301e-04,2.0416605779386649e-04
134,6.7977125666973898e-04,1.4870080432117768e-06,6.2319137053749972e-06,2.7719164665716158e-05,7.9054119741787861e-05,1.5307249474455346e-04,2.1381519659440003e-04,1.9839135917469470e-04
135,6.6047689728347268e-04,1.4571675426558826e-06,6.0656766172558950e-06,2.6929147957043392e-05,7.6789472803136418e-05,1.4870705527684870e-04,2.0774892410278586e-04,1.9277945298374651e-04
136,6.4173263612811937e-04,1.4278205878007480e-06,5.9039520522830113e-06,2.6162150979733487e-05,7.4590777979105294e-05,1.4446718769763625e-04,2.0185495945769467e-04,1.8732578737386591e-04
137,6.2352262687233513e-04,1.3989631855668432e-06,5.7466116294175821e-06,2.5417470857851032e-05,7.2456044209365917e-05,1.4034920751410863e-04,1.9612839431208001e-04,1.8202593516394508e-04
138,6.0583149027478196e-04,1.3705911856927043e-06,5.5935310008314523e-06,2.4694428126388854e-05,7.0383345005356525e-05,1.3634954318342266e-04,1.9056446116300126e-04,1.7687559061008848e-04
139,5.8864429974142475e-04,1.3427002911508724e-06,5.4445897040830214e-06,2.3992365844182812e-05,6.8370816089644997e-05,1.3246473233266985e-04,1.8515852923297379e-04,1.7187056624671940e-04
140,5.7194656737007501e-04,1.3152860682593564e-06,5.2996710205905155e-06,2.3310648745238250e-05,6.6416653135693054e-05,1.2869141812530281e-04,1.7990610047778771e-04,1.6700678979720334e-04
141,5.5572423046354393e-04,1.2883439564849423e-06,5.1586618401224156e-06,2.2648662426688620e-05,6.4519109603171099e-05,1.2502634576719361e-04,1.7480280571642324e-04,1.6228030115346000e-04
142,5.3996363849357211e-04,1.2618692779359218e-06,5.0214525310347944e-06,2.2005812571682280e-05,6.2676494664217785e-05,1.2146635914587532e-04,1.6984440087888371e-04,1.5768724942394233e-04
143,5.2465154049847508e-04,1.2358572465430311e-06,4.8879368159952998e-06,2.1381524205567128e-05,6.0887171216272729e-05,1.1800839759686967e-04,1.6502676336794449e-04,1.5322389004928272e-04
144,5.0977507289817628e-04,1.2103029769284456e-06,4.7580116529436366e-06,2.0775240983814857e-05,5.9149553977334111e-05,1.1464949279133512e-04,1.6034588853098720e-04,1.4888658198483287e-04
145,4.9532174771100179e-04,1.1852014929636586e-06,4.6315771210483454e-06,2.0186424510196529e-05,5.7462107659704366e-05,1.1138676573957959e-04,1.5579788623824620e-04,1.4467178494926317e-04
146,4.8127944115728148e-04,1.1605477360179538e-06,4.5085363114295882e-06,1.9614553683789256e-05,5.5823345218490490e-05,1.0821742390527477e-04,1.5137897756394632e-04,1.4057605673833311e-04
147,4.6763638263543354e-04,1.1363365728999648e-06,4.3887952224274476e-06,1.9059124073459306e-05,5.4231826171316556e-05,1.0513875842548227e-04,1.4708549156695037e-04,1.3659605060289761e-04
148,4.5438114405682583e-04,1.1125628034955259e-06,4.2722626592047083e-06,1.8519647318530633e-05,5.2686154985889001e-05,1.0214814143186005e-04,1.4291386216767202e-04,1.3272851269017391e-04
149,4.4150262952628074e-04,1.0892211681056449e-06,4.1588501374825428e-06,1.7995650554408828e-05,5.1184979532228451e-05,9.9243023468660038e-05,1.3886062511813402e-04,1.2897027954726121e-04
150,4.2899006535564524e-04,1.0663063544889837e-06,4.0484717912165001e-06,1.7486675861989355e-05,4.9726989596546321e-05,9.6420931003355221e-05,1.3492241506217397e-04,1.2531827568587489e-04
151,4.1683299039837714e-04,1.0438130046137097e-06,3.9410442840290839e-06,1.6992279739735376e-05,4.8310915453900392e-05,9.3679464025949564e-05,1.3109596268291263e-04,1.2176951120723642e-04
152,4.0502124669359799e-04,1.0217357211240244e-06,3.8364867242237227e-06,1.6512032597364661e-05,4.6935526496911224e-05,9.1016293733225254e-05,1.2737809193470978e-04,1.1832107948603934e-04
153,3.9354497040854411e-04,1.0000690735270164e-06,3.7347205832131620e-06,1.6045518270136825e-05,4.5599629917961754e-05,8.8429160294372072e-05,1.2376571735693443e-04,1.1497015491239879e-04
154,3.8239458306880270e-04,9.7880760410581507e-07,3.6356696172032866e-06,1.5592333552781863e-05,4.4302069442434960e-05,8.5915870694622392e-05,1.2025584146697405e-04,1.1171399069068032e-04
155,3.7156078306615819e-04,9.5794583356527135e-07,3.5392597919809786e-06,1.5152087752158150e-05,4.3041724110670056e-05,8.3474296653683735e-05,1.1684555223000315e-04,1.0854991669409679e-04
156,3.6103453743428407e-04,9.3747826641661671e-07,3.4454192106620021e-06,1.4724402257773393e-05,4.1817507106437201e-05,8.1102372615919806e-05,1.1353202060311712e-04,1.0547533737395793e-04
157,3.5080707388291814e-04,9.1739939610771403e-07,3.3540780442618977e-06,1.4308910129345116e-05,4.0628364629842648e-05,7.8798093809379915e-05,1.1031249815152544e-04,1.0248772972245542e-04
158,3.4086987308153013e-04,8.9770370990566457e-07,3.2651684649596363e-06,1.3905255700618248e-05,3.9473274812683589e-05,7.6559514370918644e-05,1.0718431473457745e-04,9.9584641287866872e-05
159,3.3121466118385596e-04,8.7838569353861905e-07,3.1786245819301981e-06,1.3513094198696589e-05,3.8351246674372286e-05,7.4384745534779865e-05,1.0414487625947214e-04,9.6763688241066251e-05
160,3.2183340258501404e-04,8.5943983560372502e-07,3.0943823796284219e-06,1.3132091378182050e-05,3.7261319116644908e-05,7.2271953882145228e-05,1.0119166250057755e-04,9.4022553492232192e-05
161,3.1271829290324671e-04,8.4086063174817572e-07,3.0123796584123033e-06,1.2761923169450913e-05,3.6202559955360322e-05,7.0219359649265908e-05,9.8322224982355850e-05,9.1358984856653222e-05
162,3.0386175217864359e-04,8.2264258863034167e-07,2.9325559773995534e-06,1.2402275340430075e-05,3.5174064987779927e-05,6.8225235091907480e-05,9.5534184923958806e-05,8.8770793268537425e-05
163,2.9525641828150392e-04,8.0478022766795765e-07,2.8548525994565254e-06,1.2052843171268034e-05,3.4174957093800062e-05,6.6287902903944845e-05,9.2825231243623066e-05,8.6255851041743445e-05
164,2.8689514052327483e-04,7.8726808858031173e-07,2.7792124382237095e-06,1.1713331141325740e-05,3.3204385369684842e-05,6.4405734688042653e-05,9.0193118621056427e-05,8.3812090176361146e-05
165,2.7877097346328168e-04,7.7010073273132968e-07,2.7055800070868018e-06,1.1383452627941191e-05,3.2261524292919750e-05,6.2577149476452125e-05,8.7635665616067997e-05,8.1437500710082486e-05
166,2.7087717090472124e-04,7.5327274628038768e-07,2.6339013700069558e-06,1.1062929616448968e-05,3.1345572916874294e-05,6.0800612300044144e-05,8.5150752841750389e-05,7.9130129113316118e-05
167,2.6320718007363965e-04,7.3677874314760635e-07,2.5641240941281545e-06,1.0751492420961646e-05,3.0455754094026703e-05,5.9074632803782726e-05,8.2736321190579344e-05,7.6888076727013482e-05
168,2.5575463597485342e-04,7.2061336780028629e-07,2.4961972040837846e-06,1.0448879415444758e-05,2.9591313726564982e-05,5.7397763906923679e-05,8.0390370111847631e-05,7.4709498242188303e-05
169,2.4851335591899974e-04,7.0477129786704185e-07,2.4300711379284206e-06,1.0154836774640019e-05,2.8751520043235772e-05,5.5768600506298223e-05,7.8110955938902698e-05,7.2592600220127573e-05
170,2.4147733421511796e-04,6.8924724658608028e-07,2.3656977046245362e-06,9.8691182244137486e-06,2.7935662901367827e-05,5.4185778221113701e-05,7.5896190264704958e-05,7.0535639652307143e-05
171,2.3464073702337323e-04,6.7403596509394648e-07,2.3030300430173807e-06,9.5914848011281195e-06,2.7143053113047957e-05,5.2647972177771248e-05,7.3744238364272674e-05,6.8536922559041892e-05
172,2.2799789736272985e-04,6.5913224456093014e-07,2.2420225822346148e-06,9.3217046196528159e-06,2.6373021794476593e-05,5.1153895833264702e-05,7.1653317662623379e-05,6.6594802625916826e-05
173,2.2154331026857487e-04,6.4453091817919560e-07,2.1826310034504458e-06,9.0595526496532972e-06,2.5624919737576251e-05,4.9702299835786563e-05,6.9621696246866655e-05,6.4707679877062488e-05
174,2.1527162809547050e-04,6.3022686300955480e-07,2.1248122029570201e-06,8.8048104998096238e-06,2.4898116802969777e-05,4.8291970921224281e-05,6.7647691421145000e-05,6.2873999384355225e-05
175,2.0917765596039118e-04,6.1621500169266269e-07,2.0685242564886576e-06,8.5572662096366892e-06,2.4192001333486969e-05,4.6921730844285691e-05,6.5729668303160039e-05,6.1092250011640490e-05
176,2.0325634732196730e-04,6.0249030403026590e-07,2.0137263847471994e-06,8.3167140485925026e-06,2.3505979587397177e-05,4.5590435343044751e-05,6.3866038461061255e-05,5.9360963193094166e-05
177,1.9750279969141517e-04,5.8904778844198827e-07,1.9603789200792925e-06,8.0829543221763146e-06,2.2839475190602707e-05,4.4296973135747932e-05,6.2055258589511635e-05,5.7678711744855306e-05
178,1.9191225047098946e-04,5.7588252330298558e-07,1.9084432742588421e-06,7.8557931847326539e-06,2.2191928607062919e-05,4.3040264948769549e-05,6.0295829223781923e-05,5.6044108709080563e-05
179,1.8648007291593833e-04,5.6298962816765240e-07,1.8578819073301378e-06,7.6350424586907980e-06,2.1562796626752372e-05,4.1819262574648853e-05,5.8586293490759837e-05,5.4455806229588678e-05
180,1.8120177221608370e-04,5.5036427488441056e-07,1.8086582974693151e-06,7.4205194599820795e-06,2.0951551870487778e-05,4.0632947959184342e-05,5.6925235895795317e-05,5.2912494458280463e-05
181,1.7607298169328319e-04,5.3800168860645850e-07,1.7607369118238718e-06,7.2120468293895378e-06,2.0357682310988408e-05,3.9480332316601918e-05,5.5311281144335392e-05,5.1412900491537594e-05
182,1.7108945911116112e-04,5.2589714870320966e-07,1.7140831782918626e-06,7.0094523695958452e-06,1.9780690809563196e-05,3.8360455271851853e-05,5.3743092997334453e-05,4.9955787335820698e-05
183,1.6624708309361904e-04,5.1404598957699793e-07,1.6686634582042542e-06,6.8125688877064578e-06,1.9220094667844231e-05,3.7272384029126409e-05,5.2219373159456368e-05,4.8539952901704331e-05
184,1.6154184964875629e-04,5.0244360138948187e-07,1.6244450198756248e-06,6.6212340430351038e-06,1.8675425194012245e-05,3.6215212565725612e-05,5.0738860199114373e-05,4.7164229025603838e-05
185,1.5696986879494548e-04,4.9108543070202888e-07,1.5813960129900527e-06,6.4352901999486063e-06,1.8146227282983601e-05,3.5188060850431575e-05,4.9300328499423937e-05,4.5827480518465689e-05
186,1.5252736128591895e-04,4.7996698103421985e-07,1.5394854437905723e-06,6.2545842855772418e-06,1.7632059010051281e-05,3.4190074085584309e-05,4.7902587239171498e-05,4.4528604240709813e-05
187,1.4821065543182569e-04,4.6908381334447012e-07,1.4986831510420528e-06,6.0789676522056271e-06,1.7132491237494341e-05,3.3220421972081948e-05,4.6544479402928407e-05,4.3266528202728852e-05
188,1.4401618401332371e-04,4.5843154643662140e-07,1.4589597827387291e-06,5.9082959441674706e-06,1.6647107233690625e-05,3.2278297996558173e-05,4.5224880819466267e-05,4.2040210690265829e-05
189,1.3994048128586632e-04,4.4800585729622627e-07,1.4202867735289542e-06,5.7424289690753781e-06,1.6175502304287581e-05,3.1362918740016555e-05,4.3942699227654368e-05,4.0848639414007262e-05
190,1.3598018007143892e-04,4.3780248136010628e-07,1.3826363228309562e-06,5.5812305732244263e-06,1.5717283435004300e-05,3.0473523207229038e-05,4.2696873369044822e-05,3.9690830682745274e-05
191,1.3213200893509065e-04,4.2781721272263756e-07,1.3459813736145849e-06,5.4245685210153103e-06,1.5272068945656003e-05,2.9609372176230434e-05,4.1486372106374328e-05,3.8565828599477349e-05
192,1.2839278944369364e-04,4.1804590428208689e-07,1.3102955918251430e-06,5.2723143782495950e-06,1.4839488155008708e-05,2.8769747567265627e-05,4.0310193567234397e-05,3.7472704279828083e-05
193,1.2475943350444624e-04,4.0848446783019475e-07,1.2755533464264488e-06,5.1243433991560190e-06,1.4419181056088186e-05,2.7953951830569232e-05,3.9167364312184328e-05,3.6410555092191829e-05
194,1.2122894078071715e-04,3.9912887408808152e-07,1.2417296900412893e-06,4.9805344170128671e-06,1.4010798001582311e-05,2.7161307352379597e-05,3.8056938526602140e-05,3.5378503919010861e-05
195,1.1779839618290556e-04,3.8997515269143135e-07,1.2088003401683670e-06,4.8407697382371773e-06,1.3613999398990624e-05,2.6391155878610657e-05,3.6977997235590026e-05,3.4375698438617280e-05
196,1.1446496743206690e-04,3.8101939212779167e-07,1.1767416609557465e-06,4.7049350398170753e-06,1.3228455415188634e-05,2.5642857955625208e-05,3.5929647541270693e-05,3.3401310427081753e-05
197,1.1122590269412613e-04,3.7225773962871638e-07,1.1455306455116608e-06,4.5729192699686654e-06,1.2853845690087648e-05,2.4915792387572967e-05,3.4911021881830398e-05,3.2454535079526089e-05
198,1.0807852828257055e-04,3.6368640101936737e-07,1.1151448987343506e-06,4.4446145519039346e-06,1.2489859059083397e-05,2.4209355709775432e-05,3.3921277311683825e-05,3.1534590350370253e-05
199,1.0502024642758005e-04,3.5530164052808293e-07,1.0855626206433755e-06,4.3199160906007611e-06,1.2136193283998788e-05,2.3522961677657412e-05,3.2959594802153631e-05,3.0640716311997989e-05
200,1.0204853310961908e-04,3.4709978055832137e-07,1.0567625901955689e-06,4.1987220824706483e-06,1.1792554792237388e-05,2.2856040770742677e-05,3.2025178562076000e-05,2.9772174531338474e-05
201,9.9160935955575622e-05,3.3907720142528270e-07,1.0287241495694999e-06,4.0809336278240270e-06,1.1458658423875283e-05,2.2208039711247296e-05,3.1117255377760111e-05,2.8928247463874125e-05
202,9.6355072195593032e-05,3.3123034105941957e-07,1.0014271889029653e-06,3.9664546460370451e-06,1.1134227186429205e-05,2.1578420996820344e-05,3.0235073971746467e-05,2.8108237864597586e-05
203,9.3628626678799232e-05,3.2355569467895008e-07,9.7485213146866214e-07,3.8551917933275986e-06,1.0818992017048833e-05,2.0966662446996952e-05,2.9377904379825162e-05,2.7311468215453076e-05
204,9.0979349946193399e-05,3.1604981443339737e-07,9.4897991927377824e-07,3.7470543830520619e-06,1.0512691551890572e-05,2.0372256762943227e-05,2.8545037345790874e-05,2.6537280168809485e-05
205,8.8405056359004084e-05,3.0870930902009135e-07,9.2379199906981906e-07,3.6419543084376440e-06,1.0215071902439235e-05,1.9794711100086503e-05,2.7735783733426415e-05,2.5785034006524374e-05
206,8.5903622280885980e-05,3.0153084327548382e-07,8.9927030875950764e-07,3.5398059676686517e-06,9.9258864385526071e-06,1.9233546653238284e-05,2.6949473955221795e-05,2.5054108114169656e-05
207,8.3472984312372132e-05,2.9451113774304515e-07,8.7539726418812469e-07,3.4405261912481266e-06,9.6448955780122164e-06,1.8688298253829889e-05,2.6185457417349689e-05,2.4343898470001039e-05
208,8.1111137576047359e-05,2.8764696821943360e-07,8.5215574630712870e-07,3.3440341715593273e-06,9.3718665823715003e-06,1.8158513978893522e-05,2.5443101980432274e-05,2.3653818148264166e-05
209,7.8816134050956423e-05,2.8093516528054913e-07,8.2952908869837095e-07,3.2502513945544632e-06,9.1065733589001160e-06,1.7643754771433450e-05,2.4721793435647993e-05,2.2983296836441481e-05
210,7.6586080954805131e-05,2.7437261378901362e-07,8.0750106544765315e-07,3.1591015735008032e-06,8.8487962684303989e-06,1.7143594071843573e-05,2.4020934995739582e-05,2.2331780366054108e-05
211,7.4419139172557153e-05,2.6795625238454399e-07,7.8605587935680608e-07,3.0705105847169566e-06,8.5983219389189334e-06,1.6657617460038912e-05,2.3339946800497576e-05,2.1698730256643422e-05
212,7.2313521730071875e-05,2.6168307295862115e-07,7.6517815048385956e-07,2.9844064052346222e-06,8.3549430845427222e-06,1.6185422307979153e-05,2.2678265436305899e-05,2.1083623272566992e-05
213,7.0267492311469487e-05,2.5555012011478783e-07,7.4485290500126886e-07,2.9007190523235057e-06,8.1184583301559825e-06,1.5726617442272727e-05,2.2035343469347786e-05,2.0485950992253426e-05
214,6.8279363818949673e-05,2.4955449061584768e-07,7.2506556436251271e-07,2.8193805248194181e-06,7.8886720409395194e-06,1.5280822816560176e-05,2.1410648992082145e-05,1.9905219389570048e-05
215,6.6347496973828389e-05,2.4369333281917625e-07,7.0580193476774612e-07,2.7403247461977534e-06,7.6653941570805996e-06,1.4847669193384651e-05,2.0803665182611596e-05,1.9340948426966863e-05
216,6.4470298957594911e-05,2.3796384610129450e-07,6.8704819691950897e-07,2.6634875093366544e-06,7.4484400333267696e-06,1.4426797835267193e-05,2.0213889876574383e-05,1.8792671660069114e-05
217,6.2646222091826927e-05,2.3236328027280285e-07,6.6879089605981616e-07,2.5888064229161876e-06,7.2376302832625063e-06,1.4017860204713009e-05,1.9640835151202797e-05,1.8259935853399813e-05
218,6.0873762555836643e-05,2.2688893498471417e-07,6.5101693228026319e-07,2.5162208594017597e-06,7.0327906281627321e-06,1.3620517672883732e-05,1.9084026921201331e-05,1.7742300606922103e-05
219,5.9151459140954467e-05,2.2153815912717771e-07,6.3371355109706404e-07,2.4456719045618838e-06,6.8337517502821460e-06,1.3234441236678983e-05,1.8543004546107389e-05,1.7239337993099822e-05
220,5.7477892040389735e-05,2.1630835022153216e-07,6.1686833428322609e-07,2.3771023084721306e-06,6.6403491504441675e-06,1.2859311243978531e-05,1.8017320448807382e-05,1.6750632204182767e-05
221,5.5851681673639144e-05,2.1119695380657926e-07,6.0046919095032444e-07,2.3104564379588260e-06,6.4524230097977976e-06,1.2494817126804114e-05,1.7506539744890250e-05,1.6275779209431244e-05
222,5.4271487544444618e-05,2.0620146281992415e-07,5.8450434887260188e-07,2.2456802304376514e-06,6.2698180556151056e-06,1.2140657142167454e-05,1.7010239882529644e-05,1.5814386422002230e-05
223,5.2736007131331880e-05,2.0131941697518350e-07,5.6896234604636020e-07,2.1827211491038888e-06,6.0923834310063519e-06,1.1796538120378280e-05,1.6528010292594812e-05,1.5366072375227005e-05
224,5.1243974809789622e-05,1.9654840213581977e-07,5.5383202247784231e-07,2.1215281394325082e-06,5.9199725684337161e-06,1.1462175220593087e-05,1.6059452048698970e-05,1.4930466408017684e-05
225,4.9794160805176932e-05,1.9188604968632101e-07,5.3910251219303781e-07,2.0620515869477668e-06,5.7524430669085982e-06,1.1137291693392111e-05,1.5604177536902065e-05,1.4507208359147034e-05
226,4.8385370175473992e-05,1.8733003590140512e-07,5.2476323546304589e-07,2.0042432762233246e-06,5.5896565727611993e-06,1.0821618650178571e-05,1.5161810134793201e-05,1.4095948270153243e-05
227,4.7016441823016702e-05,1.8287808131389041e-07,5.1080389123885395e-07,1.9480563510752366e-06,5.4314786638746841e-06,1.0514894839200491e-05,1.4731983899685619e-05,1.3696346096627928e-05
228,4.5686247534381457e-05,1.7852795008183982e-07,4.9721444978957127e-07,1.8934452759114186e-06,5.2777787372797842e-06,1.0216866428001453e-05,1.4314343265664962e-05,1.3308071427652425e-05
229,4.4393691047610743e-05,1.7427744935555013e-07,4.8398514553836477e-07,1.8403657982024265e-06,5.1284299000089891e-06,9.9272867921126344e-06,1.3908542749238908e-05,1.2930803213153872e-05
230,4.3137707145994048e-05,1.7012442864492658e-07,4.7110647009051288e-07,1.7887749120395420e-06,4.9833088631127560e-06,9.6459163098040630e-06,1.3514246663343364e-05,1.2564229498958884e-05
231,4.1917260777641565e-05,1.6606677918775001e-07,4.5856916544818032e-07,1.7386308227472897e-06,4.8422958387433067e-06,9.3725221627186297e-06,1.3131128839467625e-05,1.2208047169328782e-05
232,4.0731346200110490e-05,1.6210243331931621e-07,4.4636421740667987e-07,1.6898929125186010e-06,4.7052744402145078e-06,9.1068781422176169e-06,1.2758872357667493e-05,1.1861961696766279e-05
233,3.9578986149365394e-05,1.5822936384389541e-07,4.3448284912715380e-07,1.6425217070418610e-06,4.5721315849493546e-06,8.8487644612717481e-06,1.2397169284242013e-05,1.1525686898889370e-05
234,3.8459231032375121e-05,1.5444558340843564e-07,4.2291651488076200e-07,1.5964788430901022e-06,4.4427574002292398e-06,8.5979675717367051e-06,1.2045720416856003e-05,1.1198944702173870e-05
235,3.7371158142668982e-05,1.5074914387890448e-07,4.1165689395961795e-07,1.5517270370435509e-06,4.3170451316620154e-06,8.3542799868569176e-06,1.1704235036896548e-05,1.0881464912371430e-05
236,3.6313870898194926e-05,1.4713813571964183e-07,4.0069588474985533e-07,1.5082300543176805e-06,4.1948910542883675e-06,8.1175001088460357e-06,1.1372430668857936e-05,1.0572984991415407e-05
237,3.5286498100841098e-05,1.4361068737606882e-07,3.9002559896235254e-07,1.4659526796698027e-06,4.0761943862485802e-06,7.8874320613971198e-06,1.1050032846555161e-05,1.0273249840632013e-05
238,3.4288193217001271e-05,1.4016496466107892e-07,3.7963835601677400e-07,1.4248606883581016e-06,3.9608572049341874e-06,7.6638855269798577e-06,1.0736774885971954e-05,9.9820115900793198e-06
239,3.3318133678582196e-05,1.3679917014541236e-07,3.6952667757471928e-07,1.3849208181278469e-06,3.8487843655513399e-06,7.4466755887864576e-06,1.0432397664554748e-05,9.6990293938416763e-06
240,3.2375520203868684e-05,1.3351154255229631e-07,3.5968328221789732e-07,1.3461007420003139e-06,3.7398834220250004e-06,7.2356225771918655e-06,1.0136649406769502e-05,9.4240692311118100e-06
241,3.1459576137678918e-05,1.3030035615661254e-07,3.5010108026736081e-07,1.3083690418407171e-06,3.6340645501752444e-06,7.0305519205980664e-06,9.8492854757433034e-06,9.1569037128976113e-06
242,3.0569546810259146e-05,1.2716392018883479e-07,3.4077316873995867e-07,1.2716951826822113e-06,3.5312404730990579e-06,6.8312940005359385e-06,9.5700681708179878e-06,8.8973118941951544e-06
243,2.9704698914382710e-05,1.2410057824396210e-07,3.3169282643827053e-07,1.2360494877837250e-06,3.4313263886930861e-06,6.6376840109019861e-06,9.2987665308477556e-06,8.6450790914739260e-06
244,2.8864319900133835e-05,1.2110870769565437e-07,3.2285350917040353e-07,1.2014031144000894e-06,3.3342398992547331e-06,6.4495618212108150e-06,9.0351561430776384e-06,8.3999967053245011e-06
245,2.8047717386871635e-05,1.1818671911576261e-07,3.1424884509612987e-07,1.1677280302435949e-06,3.2399009431009280e-06,6.2667718437477619e-06,8.7790189574443367e-06,8.1618620481231198e-06
246,2.7254218591884421e-05,1.1533305569942919e-07,3.0587263019595195e-07,1.1349969906167531e-06,3.1482317281457291e-06,6.0891629045094668e-06,8.5301431061453451e-06,7.9304781765717440e-06
247,2.6483169775258370e-05,1.1254619269591895e-07,2.9771882385977615e-07,1.1031835161966618e-06,3.0591566673797032e-06,5.9165881178234814e-06,8.2883227283268262e-06,7.7056537289760035e-06
248,2.5733935700498467e-05,1.0982463684532865e-07,2.8978154459197220e-07,1.0722618714519829e-06,2.9726023161957473e-06,5.7489047645411923e-06,8.0533577997448297e-06,7.4872027671274129e-06
249,2.5005899110452813e-05,1.0716692582130737e-07,2.8205506582968944e-07,1.0422070436741124e-06,2.8884973115076968e-06,5.5859741737014430e-06,7.8250539672586511e-06,7.2749446226599122e-06
250,2.4298460218104481e-05,1.0457162767990930e-07,2.7453381187138749e-07,1.0129947226046955e-06,2.8067723126096675e-06,5.4276616075652038e-06,7.6032223880191275e-06,7.0687037477544877e-06
251,2.3611036211807426e-05,1.0203734031468708e-07,2.6721235391262610e-07,9.8460128064217533e-07,2.7273599437256489e-06,5.2738361499246271e-06,7.3876795732185675e-06,6.8683095700690931e-06
252,2.2943060774555267e-05,9.9562690918122930e-08,2.6008540618624408e-07,9.5700375361059520e-07,2.6501947382003672e-06,5.1243705975925228e-06,7.1782472362728183e-06,6.6735963517745972e-06
253,2.2293983616883545e-05,9.7146335449483671e-08,2.5314782220413415e-07,9.3017982207437539e-07,2.5752130842839157e-06,4.9791413549811710e-06,6.9747521453096440e-06,6.4844030525808196e-06
254,2.1663270023017434e-05,9.4786958109175579e-08,2.4639459109790346e-07,9.0410779318328782e-07,2.5023531724640554e-06,4.8380283316818993e-06,6.7770259798411681e-06,6.3005731966399436e-06
255,2.1050400409888168e-05,9.2483270819664831e-08,2.3982083405578114e-07,8.7876658303230961e-07,2.4315549443014571e-06,4.7009148429595346e-06,6.5849051915016190e-06,6.1219547432178008e-06
256,2.0454869898652095e-05,9.0234012713020228e-08,2.3342180085321038e-07,8.5413569952151661e-07,2.3627600427245115e-06,4.5676875130782754e-06,6.3982308687349990e-06,5.9483999610265628e-06
257,1.9876187898356858e-05,8.8037949625126367e-08,2.2719286647463291e-07,8.3019522570160612e-07,2.2959117637415650e-06,4.4382361813779723e-06,6.2168486053205498e-06,5.7797653061154026e-06
258,1.9313877701409303e-05,8.5893873596606138e-08,2.2112952782404172e-07,8.0692580359107606e-07,2.2309550095297662e-06,4.3124538110221390e-06,6.0406083726271090e-06,5.6159113032185657e-06
259,1.8767476090509733e-05,8.3800602380484668e-08,2.1522740052194662e-07,7.8430861845150485e-07,2.1678362428608216e-06,4.1902364003413187e-06,5.8693643954905157e-06,5.4567024304631410e-06
260,1.8236532956726541e-05,8.1756978956618571e-08,2.0948221578646025e-07,7.6232538350777259e-07,2.1065034428252194e-06,4.0714828966976236e-06,5.7029750316112791e-06,5.3020070073415668e-06
261,1.7720610928394706e-05,7.9761871052907562e-08,2.0388981739627667e-07,7.4095832510046499e-07,2.0469060618175394e-06,3.9560951127983872e-06,5.5413026543725652e-06,5.1516970858565634e-06
262,1.7219285010530712e-05,7.7814170673298753e-08,1.9844615873337369e-07,7.2019016825806819e-07,1.9889949837466130e-06,3.8439776453890271e-06,5.3842135389815069e-06,5.0056483447488246e-06
263,1.6732142234465066e-05,7.5912793632587965e-08,1.9314729990333136e-07,7.0000412267693464e-07,1.9327224834353424e-06,3.7350377962571284e-06,5.2315777518394786e-06,4.8637399867202631e-06
264,1.6258781317402306e-05,7.4056679098015939e-08,1.8798940493121530e-07,6.8038386909735713e-07,1.8780421871760210e-06,3.6291854954818109e-06,5.0832690430497595e-06,4.7258546385681252e-06
265,1.5798812331626580e-05,7.2244789137652143e-08,1.8296873903102918e-07,6.6131354606442261e-07,1.8249090344079976e-06,3.5263332268642900e-06,4.9391647419735449e-06,4.5918782541476422e-06
266,1.5351856383078945e-05,7.0476108275553512e-08,1.7808166594679529e-07,6.4277773706265814e-07,1.7732792404855061e-06,3.4263959554774125e-06,4.7991456557478230e-06,4.4617000200831978e-06
267,1.4917545299040344e-05,6.8749643053680599e-08,1.7332464536337468e-07,6.2476145801379963e-07,1.7231102605043982e-06,3.3292910572737209e-06,4.6630959706810940e-06,4.3352122641502755e-06
268,1.4495521324661811e-05,6.7064421600548546e-08,1.6869423038518850e-07,6.0725014512732725e-07,1.6743607541574642e-06,3.2349382506933691e-06,4.5309031564452726e-06,4.2123103662526386e-06
269,1.4085436828090815e-05,6.5419493206586757e-08,1.6418706508105323e-07,5.9022964309371227e-07,1.6269905515888702e-06,3.1432595302148520e-06,4.4024578729844558e-06,4.0928926719212843e-06
270,1.3686954013949847e-05,6.3813927906176128e-08,1.5979988209338867e-07,5.7368619361061780e-07,1.5809606202191328e-06,3.0541791017932034e-06,4.2776538800634827e-06,3.9768604082638460e-06
271,1.3299744644930220e-05,6.2246816066329624e-08,1.5552950031010610e-07,5.5760642423257309e-07,1.5362330325128570e-06,2.9676233201318670e-06,4.1563879493813892e-06,3.8641176022950962e-06
272,1.2923489771270918e-05,6.0717267981978070e-08,1.5137282259752828e-07,5.4197733753492493e-07,1.4927709346622889e-06,2.8835206277360157e-06,4.0385597791770295e-06,3.7545710015811533e-06
273,1.2557879467898789e-05,5.9224413477819720e-08,1.4732683359273731e-07,5.2678630058312738e-07,1.4505385161604986e-06,2.8018014956965593e-06,3.9240719112561238e-06,3.6481299971319234e-06
274,1.2202612579012771e-05,5.7767401516689061e-08,1.4338859755378970e-07,5.1202103469870127e-07,1.4095009802387841e-06,2.7223983661555828e-06,3.8128296503710876e-06,3.5447065484781376e-06
275,1.1857396469901096e-05,5.6345399814397652e-08,1.3955525626627890e-07,4.9766960551343482e-07,1.3696245151436109e-06,2.6452455964053285e-06,3.7047409858868890e-06,3.4442151108711551e-06
276,1.1521946785786290e-05,5.4957594460996707e-08,1.3582402700476652e-07,4.8372041330364877e-07,1.3308762662291236e-06,2.5702794045742308e-06,3.5997165156680980e-06,3.3465725645454256e-06
277,1.1195987217498757e-05,5.3603189548409071e-08,1.3219220054764294e-07,4.7016218359658013e-07,1.2932243088419504e-06,2.4974378168548282e-06,3.4976693721241046e-06,3.2516981459852417e-06
278,1.0879249273785301e-05,5.2281406804375608e-08,1.2865713924401570e-07,4.5698395804117323e-07,1.2566376219757017e-06,2.4266606162296809e-06,3.3985151503513368e-06,3.1595133811390169e-06
279,1.0571472060064520e-05,5.0991485232659128e-08,1.2521627513126191e-07,4.4417508553578271e-07,1.2210860626732117e-06,2.3578892926526868e-06,3.3021718383129529e-06,3.0699420205259634e-06
280,1.0272402063446294e-05,4.9732680759446951e-08,1.2186710810191652e-07,4.3172521360551380e-07,1.1865403411552060e-06,2.2910669946443730e-06,3.2085597489982590e-06,2.9829099761815785e-06
281,9.9817929438378471e-06,4.8504265885891329e-08,1.1860720411860406e-07,4.1962428002213324e-07,1.1529719966546896e-06,2.2261384822609651e-06,3.1176014545056795e-06,2.8983452603898839e-06
282,9.6994053309638306e-06,4.7305529346725597e-08,1.1543419347575494e-07,4.0786250465968464e-07,1.1203533739369496e-06,2.1630500813981620e-06,3.0292217219947467e-06,2.8161779261518078e-06
283,9.4250066271328588e-06,4.6135775774891986e-08,1.1234576910688128e-07,3.9643038157914265e-07,1.0886576004856463e-06,2.1017496393916578e-06,2.9433474514540792e-06,2.7363400093405599e-06
284,9.1583708155876231e-06,4.4994325372116172e-08,1.0933968493621950e-07,3.8531867133562956e-07,1.0578585643360187e-06,2.0421864818775605e-06,2.8599076152338672e-06,2.6587654724962122e-06
285,8.8992782742803961e-06,4.3880513585362150e-08,1.0641375427357794e-07,3.7451839350190269e-07,1.0279308925367883e-06,1.9843113708768749e-06,2.7788331992928212e-06,2.5833901502130683e-06
286,8.6475155949201542e-06,4.2793690789099831e-08,1.0356584825125887e-07,3.6402081940200428e-07,9.9884993022286510e-07,1.9280764640692720e-06,2.7000571461109473e-06,2.5101516960747073e-06
287,8.4028754071420244e-06,4.1733221973317164e-08,1.0079389430195391e-07,3.5381746504913447e-07,9.7059172028147466e-07,1.8734352752223403e-06,2.6235142992209336e-06,2.4389895310928705e-06
288,8.1651562076538462e-06,4.0698486437207326e-08,9.8095874676540898e-08,3.4390008428198467e-07,9.4313298359482669e-07,1.8203426357434827e-06,2.5491413493122170e-06,2.3698447936075872e-06
289,7.9341621942189462e-06,3.9688877488461073e-08,9.5469825000737972e-08,3.3426066209392743e-07,9.1645109984292610e-07,1.7687546573225676e-06,2.4768767818631659e-06,2.3026602906071601e-06
290,7.7097031043380368e-06,3.8703802148093424e-08,9.2913832869598944e-08,3.2489140814962145e-07,8.9052408885059823e-07,1.7186286956343389e-06,2.4066608262580060e-06,2.2373804504277804e-06
291,7.4915940584972031e-06,3.7742680860733698e-08,9.0426036478860048e-08,3.1578475048374503e-07,8.6533059246325948e-07,1.6699233150704806e-06,2.3384354063464232e-06,2.1739512767937005e-06
292,7.2796554078525874e-06,3.6804947210306903e-08,8.8004623292174269e-08,3.0693332937672178e-07,8.4084985693639945e-07,1.6225982544720965e-06,2.2721440924049089e-06,2.1123203041599800e-06
293,7.0737125862261521e-06,3.5890047641034658e-08,8.5647828743295008e-08,2.9832999140244872e-07,8.1706171582417916e-07,1.5766143938341802e-06,2.2077320544601067e-06,2.0524365543209080e-06
294,6.8735959662903855e-06,3.4997441183683215e-08,8.3353934972295057e-08,2.8996778364317816e-07,7.9394657335296466e-07,1.5319337219544779e-06,2.1451460169355412e-06,1.9942504942482449e-06
295,6.6791407198233433e-06,3.4126599186985931e-08,8.1121269594931139e-08,2.8183994806684377e-07,7.7148538826601417e-07,1.4885193049999272e-06,2.0843342145841960e-06,1.9377139951244441e-06
296,6.4901866819187415e-06,3.3277005054167610e-08,7.8948204504287483e-08,2.7393991606225474e-07,7.4965965812594298e-07,1.4463352559646116e-06,2.0252463496704905e-06,1.8827802925369870e-06
297,6.3065782190391098e-06,3.2448153984497805e-08,7.6833154703854283e-08,2.6626130312770998e-07,7.2845140406196078e-07,1.4053467049939224e-06,1.9678335503662159e-06,1.8294039478009485e-06
298,6.1281641008031590e-06,3.1639552719800353e-08,7.4774577171219803e-08,2.5879790370871435e-07,7.0784315594925656e-07,1.3655197705503370e-06,1.9120483303260144e-06,1.7775408103778162e-06
299,5.9547973754016525e-06,3.0850719295846383e-08,7.2770969751575144e-08,2.5154368618059766e-07,6.8781793800825504e-07,1.3268215313969146e-06,1.8578445494089572e-06,1.7271479813595062e-06
300,5.7863352485390263e-06,3.0081182798558120e-08,7.0820870080253024e-08,2.4449278797195859e-07,6.6835925481183495e-07,1.2892199993753090e-06,1.8051773755137215e-06,1.6781837779873912e-06
301,5.6226389658009196e-06,2.9330483124951071e-08,6.8922854533540999e-08,2.3763951082496970e-07,6.4945107768892363e-07,1.2526840929557320e-06,1.7540032474957863e-06,1.6306076991770159e-06
302,5.4635736983506350e-06,2.8598170748742272e-08,6.7075537207030442e-08,2.3097831618869350e-07,6.3107783151322153e-07,1.2171836115369716e-06,1.7042798391359763e-06,1.5843803920199998e-06
303,5.3090084318602688e-06,2.7883806490552634e-08,6.5277568920781173e-08,2.2450382074166739e-07,6.1322438186612776e-07,1.1826892104751621e-06,1.6559660241305357e-06,1.5394636192354416e-06
304,5.1588158585849374e-06,2.7186961292631703e-08,6.3527636250600906e-08,2.1821079204012126e-07,5.9587602256325175e-07,1.1491723768206444e-06,1.6090218420737742e-06,1.4958202275439128e-06
305,5.0128722724911132e-06,2.6507215998033434e-08,6.1824460584756646e-08,2.1209414428829559e-07,5.7901846353419302e-07,1.1166054057428005e-06,1.5634084654051312e-06,1.4534141169379025e-06
306,4.8710574673526162e-06,2.5844161134172091e-08,6.0166797205453311e-08,2.0614893422742567e-07,5.6263781904557259e-07,1.0849613776233559e-06,1.5190881672933315e-06,1.4122102108233050e-06
307,4.7332546377302412e-06,2.5197396700687737e-08,5.8553434394431904e-08,2.0037035714005702e-07,5.4672059625757695e-07,1.0542141357991781e-06,1.4760242904310402e-06,1.3721744270072693e-06
308,4.5993502827533988e-06,2.4566531961551127e-08,5.6983192562056835e-08,1.9475374296644936e-07,5.3125368410455946e-07,1.0243382649361378e-06,1.4341812167142212e-06,1.3332736495084233e-06
309,4.4692341126244475e-06,2.3951185241338632e-08,5.5454923399277833e-08,1.8929455252991908e-07,5.1622434249050685e-07,9.9530907001613481e-07,1.3935243377811026e-06,1.2954757011661675e-06
310,4.3427989577686473e-06,2.3350983725607912e-08,5.3967509051868813e-08,1.8398837386805895e-07,5.0162019179044656e-07,9.6710255591989036e-07,1.3540200263863829e-06,1.2587493170263918e-06
311,4.2199406805548508e-06,2.2765563265305972e-08,5.2519861316360706e-08,1.7883091866686043e-07,4.8742920264911791e-07,9.3969540758860070e-07,1.3156356085869912e-06,1.2230641184816141e-06
312,4.1005580895141660e-06,2.2194568185141612e-08,5.1110920857101252e-08,1.7381801879484673e-07,4.7363968606848206e-07,9.1306497074803838e-07,1.2783393367164017e-06,1.1883905881441547e-06
313,3.9845528559858749e-06,2.1637651095854900e-08,4.9739656443888903e-08,1.6894562293440820e-07,4.6024028377588135e-07,8.8718923317913769e-07,1.2421003631251289e-06,1.1547000454315749e-06
314,3.8718294331219256e-06,2.1094472710317004e-08,4.8405064209643026e-08,1.6420979330760939e-07,4.4721995886489651e-07,8.6204680651956877e-07,1.2068887146656971e-06,1.1219646228441937e-06
315,3.7622949771832292e-06,2.0564701663394202e-08,4.7106166927585971e-08,1.5960670249381453e-07,4.3456798670116837e-07,8.3761690858123524e-07,1.1726752679009677e-06,1.0901572429150631e-06
316,3.6558592710628979e-06,2.0048014335510756e-08,4.5842013307426845e-08,1.5513263033655298e-07,4.2227394608567813e-07,8.1387934616906522e-07,1.1394317250153146e-06,1.0592515958133494e-06
317,3.5524346499733995e-06,1.9544094679845796e-08,4.4611677310049736e-08,1.5078396093711953e-07,4.1032771066819057e-07,7.9081449838687191e-07,1.1071305904087270e-06,1.0292221175825951e-06
318,3.4519359292363833e-06,1.9052634053100152e-08,4.3414257480222186e-08,1.4655717973247316e-07,3.9871944060376836e-07,7.6840330041647766e-07,1.0757451479544711e-06,1.0000439689958708e-06
319,3.3542803341156647e-06,1.8573331049769859e-08,4.2248876296852421e-08,1.4244887065506885e-07,3.8743957444547424e-07,7.4662722775666952e-07,1.0452494389014990e-06,9.7169301501033096e-07
320,3.2593874316355575e-06,1.8105891339863515e-08,4.1114679540336129e-08,1.3845571337232196e-07,3.7647882126656662e-07,7.2546828090895381e-07,1.0156182404033310e-06,9.4414580480418432e-07
321,3.1671790643283487e-06,1.7650027510001738e-08,4.0010835676545428e-08,1.3457448060346970e-07,3.6582815300568736e-07,7.0490897049743402e-07,9.8682704465563831e-07,9.1737955237957223e-07
322,3.0775792858563403e-06,1.7205458907837391e-08,3.8936535257024413e-08,1.3080203551165846e-07,3.5547879702872573e-07,6.8493230281050081e-07,9.5885203862528218e-07,8.9137211771531151e-07
323,2.9905142984553907e-06,1.6771911489736203e-08,3.7890990334967102e-08,1.2713532916914431e-07,3.4542222890121888e-07,6.6552176575237573e-07,9.3167008435402803e-07,8.6610198845392069e-07
324,2.9059123921484206e-06,1.6349117671658039e-08,3.6873433896564434e-08,1.2357139809355657e-07,3.3565016536532667e-07,6.4666131519288153e-07,9.0525869982065119e-07,8.4154826210778225e-07
325,2.8237038856787912e-06,1.5936816183179924e-08,3.5883119307318084e-08,1.2010736185322898e-07,3.2615455751558589e-07,6.2833536170415260e-07,8.7959604034559839e-07,8.1769062876972723e-07
326,2.7438210691148814e-06,1.5534751924602567e-08,3.4919319772928929e-08,1.1674042073966170e-07,3.1692758416781283e-07,6.1052875767330611e-07,8.5466088052282518e-07,7.9450935431374389e-07
327,2.6661981480785780e-06,1.5142675827083049e-08,3.3981327814378662e-08,1.1346785350522988e-07,3.0796164541568570e-07,5.9322678478042128e-07,8.3043259666386175e-07,7.7198526407191785e-07
328,2.5907711895517228e-06,1.4760344715737002e-08,3.3068454756832602e-08,1.1028701516430882e-07,2.9924935636969074e-07,5.7641514183146318e-07,8.0689114973958547e-07,7.5009972697410513e-07
329,2.5174780692158583e-06,1.4387521175654383e-08,3.2180030232001799e-08,1.0719533485603628e-07,2.9078354107326639e-07,5.6007993293608818e-07,7.8401706880559007e-07,7.2883464013722124e-07
330,2.4462584202818948e-06,1.4023973420773801e-08,3.1315401693611628e-08,1.0419031376698343e-07,2.8255722659113059e-07,5.4420765602055415e-07,7.6179143489744084e-07,7.0817241389140036e-07
331,2.3770535837675312e-06,1.3669475165561027e-08,3.0473933945633585e-08,1.0126952311205343e-07,2.7456363726491231e-07,5.2878519166623184e-07,7.4019586538249483e-07,6.8809595723064419e-07
332,2.3098065601814624e-06,1.3323805499438235e-08,2.9655008682945651e-08,9.8430602171975033e-08,2.6679618913135213e-07,5.1379979226448778e-07,7.1921249875534084e-07,6.6858866367592266e-07
333,2.2444619625745706e-06,1.2986748763911081e-08,2.8858024044095682e-08,9.5671256385803442e-08,2.5924848449846783e-07,4.9923907147896821e-07,6.9882397986428324e-07,6.4963439753904112e-07
334,2.1809659709194161e-06,1.2658094432341773e-08,2.8082394175850299e-08,9.2989255496885870e-08,2.5191430667521219e-07,4.8509099400656807e-07,6.7901344555664945e-07,6.3121748057590879e-07
335,2.1192662877804447e-06,1.2337636992316843e-08,2.7327548809220486e-08,9.0382431750792505e-08,2.4478761485027802e-07,4.7134386562861870e-07,6.5976451073104653e-07,6.1332267901817173e-07
336,2.0593120952383858e-06,1.2025175830559200e-08,2.6592932846662930e-08,8.7848678143755498e-08,2.3786253911582703e-07,4.5798632354406466e-07,6.4106125478503039e-07,5.9593519097248620e-07
337,2.0010540130333601e-06,1.1720515120334810e-08,2.5878005960163925e-08,8.5385946720199594e-08,2.3113337563203965e-07,4.4500732697663711e-07,6.2288820844697653e-07,5.7904063417700839e-07
338,1.9444440578922057e-06,1.1423463711305112e-08,2.5182242199920612e-08,8.2992246917988009e-08,2.2459458192849991e-07,4.3239614804825381e-07,6.0523034098126130e-07,5.6262503410497702e-07
339,1.8894356040065218e-06,1.1133835021777010e-08,2.4505129613341310e-08,8.0665643960045398e-08,2.1824077233854022e-07,4.2014236291110066e-07,5.8807304775616959e-07,5.4667481240554751e-07
340,1.8359833446288623e-06,1.0851446933303096e-08,2.3846169874094477e-08,7.8404257291057816e-08,2.1206671356278357e-07,4.0823584313106015e-07,5.7140213816424506e-07,5.3117677567231813e-07
341,1.7840432547554536e-06,1.0576121687585485e-08,2.3204877920942440e-08,7.6206259057985600e-08,2.0606732035822515e-07,3.9666674731536098e-07,5.5520382388509288e-07,5.1611810453026099e-07
342,1.7335725548646792e-06,1.0307685785637393e-08,2.2580781606103235e-08,7.4069872633160900e-08,2.0023765134929939e-07,3.8542551297752759e-07,5.3946470748092335e-07,5.0148634303202726e-07
343,1.6845296756814726e-06,1.0045969889157316e-08,2.1973421352890416e-08,7.1993371178775923e-08,1.9457290495748041e-07,3.7450284863290083e-07,5.2417177131540689e-07,4.8726938835486106e-07
344,1.6368742239385834e-06,9.7908087240715034e-09,2.1382349822387294e-08,6.9975076251601595e-08,1.8906841544605968e-07,3.6388972611819352e-07,5.0931236678667137e-07,4.7345548078959842e-07
345,1.5905669491065101e-06,9.5420409862010096e-09,2.0807131588918478e-08,6.8013356446808698e-08,1.8371964907684162e-07,3.5357737312873235e-07,4.9487420386553727e-07,4.6003319401347049e-07
346,1.5455697110646996e-06,9.2995092490104559e-09,2.0247342824087628e-08,6.6106626079795286e-08,1.7852220037558836e-07,3.4355726596721259e-07,4.8084534093033764e-07,4.4699142563866749e-07
347,1.5018454486873756e-06,9.0630598733962989e-09,1.9702570989156536e-08,6.4253343904955164e-08,1.7347178850313721e-07,3.3382112249797215e-07,4.6721417488991305e-07,4.3431938802884522e-07
348,1.4593581493181181e-06,8.8325429194731703e-09,1.9172414535546422e-08,6.2452011870351628e-08,1.6856425372919769e-07,3.2436089530095752e-07,4.5396943158661403e-07,4.2200659937597776e-07
349,1.4180728191080505e-06,8.6078120603174574e-09,1.8656482613248075e-08,6.0701173907290197e-08,1.6379555400592430e-07,3.1516876501972301e-07,4.4110015647137032e-07,4.1004287503017712e-07
350,1.3779554541931986e-06,8.3887244976281602e-09,1.8154394786933069e-08,5.8999414753812012e-08,1.5916176163843961e-07,3.0623713389796128e-07,4.2859570554311631e-07,3.9841831907530825e-07
351,1.3389730126872797e-06,8.1751408792655854e-09,1.7665780759563667e-08,5.7345358811157148e-08,1.5465906004956409e-07,2.9755861949922252e-07,4.1644573654507580e-07,3.8712331614343089e-07
352,1.3010933874668498e-06,7.9669252186292576e-09,1.7190280103304383e-08,5.5737669032273619e-08,1.5028374063608734e-07,2.8912604860462928e-07,4.0464020041062711e-07,3.7614852346129889e-07
353,1.2642853797263910e-06,7.7639448158370526e-09,1.6727541997543302e-08,5.4175045841474014e-08,1.4603219971398845e-07,2.8093245128354138e-07,3.9316933295166950e-07,3.6548486312233737e-07
354,1.2285186732815563e-06,7.5660701806682090e-09,1.6277224973836141e-08,5.2656226084366584e-08,1.4190093555009009e-07,2.7297105513226907e-07,3.8202364678261971e-07,3.5512351457770649e-07
355,1.1937638095994029e-06,7.3731749572336163e-09,1.5838996667591187e-08,5.1179982007212439e-08,1.3788654547769814e-07,2.6523527967607108e-07,3.7119392347335528e-07,3.4505590734024114e-07
356,1.1599921635350474e-06,7.1851358503373704e-09,1.5412533576317744e-08,4.9745120264883930e-08,1.3398572309385225e-07,2.5771873092980914e-07,3.6067120592461639e-07,3.3527371389523058e-07
357,1.1271759197547555e-06,7.0018325534942433e-09,1.4997520824265538e-08,4.8350480956622725e-08,1.3019525553587588e-07,2.5041519611276198e-07,3.5044679095955897e-07,3.2576884281217603e-07
358,1.0952880498260431e-06,6.8231476785684229e-09,1.4593651933286947e-08,4.6994936688818493e-08,1.2651202083498317e-07,2.4331863851322930e-07,3.4051222212533000e-07,3.1653343205182672e-07
359,1.0643022899559246e-06,6.6489666869994098e-09,1.4200628599758341e-08,4.5677391664050704e-08,1.2293298534476108e-07,2.3642319249868057e-07,3.3085928269871364e-07,3.0755984246296088e-07
360,1.0341931193589619e-06,6.4791778225816842e-09,1.3818160477401125e-08,4.4396780795657878e-08,1.1945520124240867e-07,2.2972315866732248e-07,3.2147998889006005e-07,2.9884065146353002e-07
361,1.0049357392373012e-06,6.3136720457653092e-09,1.3445964965847230e-08,4.3152068847118349e-08,1.1607580410067422e-07,2.2321299913707743e-07,3.1236658323987701e-07,2.9036864690094166e-07
362,9.7650605235538413e-07,6.1523429694452787e-09,1.3083767004797871e-08,4.1942249595547763e-08,1.1279201052848947e-07,2.1688733296807799e-07,3.0351152820262365e-07,2.8213682108640204e-07
363,9.4888064319250276e-07,5.9950867962080176e-09,1.2731298873628310e-08,4.0766345018637058e-08,1.0960111587835753e-07,2.1074093171489301e-07,2.9490749991239617e-07,2.7413836499838274e-07
364,9.2203675865685844e-07,5.8418022570040022e-09,1.2388299996295304e-08,3.9623404504374113e-08,1.0650049201860535e-07,2.0476871510480900e-07,2.8654738212535157e-07,2.6636666265041911e-07
365,8.9595228934523085e-07,5.6923905512161426e-09,1.2054516751407534e-08,3.8512504082910671e-08,1.0348758516866508e-07,1.9896574683859286e-07,2.7842426033385896e-07,2.5881528561857962e-07
366,8.7060575133282590e-07,5.5467552880940153e-09,1.1729702287323147e-08,3.7432745679953902e-08,1.0055991379560091e-07,1.9332723051026571e-07,2.7053141604750735e-07,2.5147798772408085e-07
367,8.4597626847830100e-07,5.4048024295247430e-09,1.1413616342141915e-08,3.6383256391079279e-08,9.7715066570148689e-08,1.8784850564251362e-07,2.6286232123624327e-07,2.4434869986664942e-07
368,8.2204355522939330e-07,5.2664402341117658e-09,1.1106025068463130e-08,3.5363187776378753e-08,9.4950700380584024e-08,1.8252504383445872e-07,2.5541063293103956e-07,2.3742152500435742e-07
369,7.9878789991498714e-07,5.1315792025333721e-09,1.0806700862783680e-08,3.4371715174874065e-08,9.2264538402782422e-08,1.7735244501860528e-07,2.4817018797762988e-07,2.3069073327577836e-07
370,7.7619014850985827e-07,5.0001320241533794e-09,1.0515422199413976e-08,3.3408037038141575e-08,8.9654368224882140e-08,1.7232643382386719e-07,2.4113499793896986e-07,2.2415075726043018e-07
371,7.5423168885872611e-07,4.8720135248568782e-09,1.0231973468792754e-08,3.2471374282610134e-08,8.7118040025003922e-08,1.6744285604166979e-07,2.3429924414220954e-07,2.1779618737358310e-07
372,7.3289443534661206e-07,4.7471406160845026e-09,9.9561448200847243e-09,3.1560969660008688e-08,8.4653464800527145e-08,1.6269767519220472e-07,2.2765727286607731e-07,2.1162176739162493e-07
373,7.1216081400288572e-07,4.6254322450392057e-09,9.6877320079482340e-09,3.0676087145455172e-08,8.2258612647462923e-08,1.5808696918799962e-07,2.2120359066469896e-07,2.0562239010428167e-07
374,6.9201374802672336e-07,4.5068093460400125e-09,9.4265362433629634e-09,2.9816011342692213e-08,7.9931511088507217e-08,1.5360692709204393e-07,2.1493285982398015e-07,1.9979309309009692e-07
375,6.7243664372205880e-07,4.3911947929977642e-09,9.1723640484105795e-09,2.8980046905989233e-08,7.7670243448396255e-08,1.4925384596779156e-07,2.0883989394679698e-07,1.9412905461167641e-07
376,6.5341337683044189e-07,4.2785133529883101e-09,8.9250271149041461e-09,2.8167517978243859e-08,7.5472947275226055e-08,1.4502412781843614e-07,2.0291965366334128e-07,1.8862558962730202e-07
377,6.3492827925054593e-07,4.1686916408991481e-09,8.6843421667647301e-09,2.7377767644828829e-08,7.3337812806435490e-08,1.4091427661292832e-07,1.9716724246307345e-07,1.8327814591561594e-07
378,6.1696612613338834e-07,4.0616580751259540e-09,8.4501308260463673e-09,2.6610157402743068e-08,7.1263081478188953e-08,1.3692089539627807e-07,1.9157790264483553e-07,1.7808230031017036e-07
379,5.9951212334262978e-07,3.9573428342959326e-09,8.2222194825131186e-09,2.5864066644638127e-08,6.9247044476931257e-08,1.3304068348175091e-07,1.8614701138177368e-07,1.7303375504072674e-07
380,5.8255189526963031e-07,3.8556778149953739e-09,8.0004391666744944e-09,2.5138892157303219e-08,6.7288041331920888e-08,1.2927043372263978e-07,1.8087007689781674e-07,1.6812833417827979e-07
381,5.6607147299321975e-07,3.7565965904792742e-09,7.7846254261879753e-09,2.4434047634203575e-08,6.5384458547582679e-08,1.2560702986135481e-07,1.7574273475254719e-07,1.6336198018086423e-07
382,5.5005728277443437e-07,3.6600343703412960e-09,7.5746182055397236e-09,2.3748963201678533e-08,6.3534728274553023e-08,1.2204744395364139e-07,1.7076074423139214e-07,1.5873075053728826e-07
383,5.3449613487674113e-07,3.5659279611228306e-09,7.3702617289169850e-09,2.3083084958416363e-08,6.1737327018323057e-08,1.1858873386579652e-07,1.6591998483814875e-07,1.5423081450601668e-07
384,5.1937521270254250e-07,3.4742157278403135e-09,7.1714043861878763e-09,2.2435874527833987e-08,5.9990774384415896e-08,1.1522804084281462e-07,1.6121645288694287e-07,1.4985844994650697e-07
385,5.0468206223701205e-07,3.3848375564104017e-09,6.9778986219065207e-09,2.1806808622999935e-08,5.8293631859064359e-08,1.1196258714545303e-07,1.5664625819080139e-07,1.4561004024037649e-07
386,4.9040458179056941e-07,3.2977348169530127e-09,6.7896008272636117e-09,2.1195378623749021e-08,5.6644501624384757e-08,1.0878967375426316e-07,1.5220562084410103e-07,1.4148207129985484e-07
387,4.7653101203154204e-07,3.2128503279526773e-09,6.6063712349046195e-09,2.0601090165647188e-08,5.5042025407070788e-08,1.0570667813869018e-07,1.4789086809623028e-07,1.3747112866104631e-07
388,4.6304992630080777e-07,3.1301283212590080e-09,6.4280738165398768e-09,2.0023462740474411e-08,5.3484883359659055e-08,1.0271105208939676e-07,1.4369843131388015e-07,1.3357389465959855e-07
389,4.4995022120043789e-07,3.0495144079075322e-09,6.2545761832727720e-09,1.9462029307902996e-08,5.1971792973444783e-08,9.9800319612018970e-08,1.3962484302945022e-07,1.2978714568644060e-07
390,4.3722110744859075e-07,2.9709555447424992e-09,6.0857494885742190e-09,1.8916335918057470e-08,5.0501508022152280e-08,9.6972074880613496e-08,1.3566673407312968e-07,1.2610774952132109e-07
391,4.2485210099312336e-07,2.8944000018236593e-09,5.9214683338334871e-09,1.8385941344651245e-08,4.9072817535489925e-08,9.4223980249104426e-08,1.3182083078628011e-07,1.2253266274194050e-07
392,4.1283301437660075e-07,2.8197973305993983e-09,5.7616106764172492e-09,1.7870416728403661e-08,4.7684544801744260e-08,9.1553764319085641e-08,1.2808395231381619e-07,1.1905892820653436e-07
393,4.0115394834559187e-07,2.7470983328289639e-09,5.6060577401705856e-09,1.7369345230449298e-08,4.6335546398591596e-08,8.8959220062382071e-08,1.2445300797334404e-07,1.1568367260782530e-07
394,3.8980528369734048e-07,2.6762550302369021e-09,5.4546939282953340e-09,1.6882321695459695e-08,4.5024711251328736e-08,8.6438202996817305e-08,1.2092499469888187e-07,1.1240410409632064e-07
395,3.7877767335709589e-07,2.6072206348831587e-09,5.3074067385429544e-09,1.6408952324205142e-08,4.3750959717747201e-08,8.3988629413680280e-08,1.1749699455704782e-07,1.0921750997098931e-07
396,3.6806203467957786e-07,2.5399495202326599e-09,5.1640866806606673e-09,1.5948854355292247e-08,4.2513242698897058e-08,8.1608474655425569e-08,1.1416617233366153e-07,1.0612125443540815e-07
397,3.5764954196823511e-07,2.4743971929085281e-09,5.0246271960312815e-09,1.5501655755819981e-08,4.1310540775007874e-08,7.9295771442183400e-08,1.1092977318876239e-07,1.0311277641752162e-07
398,3.4753161920613472e-07,2.4105202651134250e-09,4.8889245794486736e-09,1.5066994920704409e-08,4.0141863365855191e-08,7.7048608245696502e-08,1.0778512037810554e-07,1.0018958745121099e-07
399,3.3769993299249792e-07,2.3482764277038439e-09,4.7568779029723966e-09,1.4644520380429210e-08,3.9006247914880738e-08,7.4865127709339549e-08,1.0472961303925084e-07,9.7349269617921325e-08
400,3.2814638567906091e-07,2.2876244239024887e-09,4.6283889418064353e-09,1.4233890516985793e-08,3.7902759096394511e-08,7.2743525112915014e-08,1.0176072404041344e-07,9.4589473546643230e-08
401,3.1886310870061106e-07,2.2285240236342091e-09,4.5033621021484870e-09,1.3834773287773667e-08,3.6830488045205562e-08,7.0682046880956768e-08,9.8875997890297147e-08,9.1907916470595218e-08
402,3.0984245609420233e-07,2.1709359984712622e-09,4.3817043509576692e-09,1.3446845957237909e-08,3.5788551608047038e-08,6.8678989133307980e-08,9.6073048707181605e-08,8.9302380338998881e-08
403,3.0107699820171408e-07,2.1148220971739811e-09,4.2633251475898043e-09,1.3069794836026991e-08,3.4776091616178941e-08,6.6732696276775707e-08,9.3349558245583065e-08,8.6770709982385589e-08
404,2.9255951555056534e-07,2.0601450218132257e-09,4.1481363772508877e-09,1.2703315027460217e-08,3.3792274178569180e-08,6.4841559636697733e-08,9.0703273978857637e-08,8.4310811329916470e-08
405,2.8428299290754493e-07,2.0068684044612915e-09,4.0360522862205655e-09,1.2347110181099959e-08,3.2836288995071181e-08,6.3004016127290607e-08,8.8132007236159837e-08,8.1920649677241494e-08
406,2.7624061350085952e-07,1.9549567844382324e-09,3.9269894187987458e-09,1.2000892253229616e-08,3.1907348689031862e-08,6.1218546959679840e-08,8.5633631392216511e-08,7.9598248003464731e-08
407,2.6842575340564130e-07,1.9043755861008439e-09,3.8208665559297207e-09,1.1664381274043779e-08,3.1004688158780619e-08,5.9483676386544347e-08,8.3206080108418374e-08,7.7341685335823617e-08
408,2.6083197608829012e-07,1.8550910971618258e-09,3.7176046554593349e-09,1.1337305121362532e-08,3.0127563947464916e-08,5.7797970482337330e-08,8.0847345623774574e-08,7.5149095160729591e-08
409,2.5345302710515750e-07,1.8070704475269138e-09,3.6171267939819642e-09,1.1019399300687087e-08,2.9275253630713581e-08,5.6160035958075660e-08,7.8555477094316524e-08,7.3018663879855774e-08
410,2.4628282895120555e-07,1.7602815886380340e-09,3.5193581102351474e-09,1.0710406731419036e-08,2.8447055221623415e-08,5.4568519009717737e-08,7.6328578979577747e-08,7.0948629309994405e-08
411,2.3931547605439768e-07,1.7146932733108083e-09,3.4242257500008803e-09,1.0410077539070556e-08,2.7642286592578918e-08,5.3022104199178153e-08,7.4164809474814852e-08,6.8937279225443493e-08
412,2.3254522991169947e-07,1.6702750360549724e-09,3.3316588124736289e-09,1.0118168853297632e-08,2.6860284913429079e-08,5.1519513367054092e-08,7.2062378987673446e-08,6.6982949941716618e-08
413,2.2596651436268226e-07,1.6269971738665380e-09,3.2415882980561827e-09,9.8344446115932043e-09,2.6100406105558291e-08,5.0059504576164947e-08,7.0019548658038326e-08,6.5084024939404799e-08
414,2.1957391099683728e-07,1.5848307274807676e-09,3.1539470575454937e-09,9.5586753684815836e-09,2.5362024311401902e-08,4.8640871085031534e-08,6.8034628919844509e-08,6.3238933527051504e-08
415,2.1336215469081758e-07,1.5437474630752677e-09,3.0686697426716412e-09,9.2906381100600158e-09,2.4644531378969323e-08,4.7262440350446949e-08,6.6105978103658790e-08,6.1446149541935588e-08
416,2.0732612927193159e-07,1.5037198544127534e-09,2.9856927579540595e-09,9.0301160737375593e-09,2.3947336360950144e-08,4.5923073058313964e-08,6.4232001078876548e-08,5.9704190087686549e-08
417,2.0146086330431767e-07,1.4647210654132555e-09,2.9049542138400594e-09,8.7768985730256242e-09,2.3269865027990832e-08,4.4621662181948539e-08,6.2411147934410582e-08,5.8011614307688768e-08
418,1.9576152599432782e-07,1.4267249331457760e-09,2.8263938810916626e-09,8.5307808272386490e-09,2.2611559395740860e-08,4.3357132067070555e-08,6.0641912696780770e-08,5.6367022193259538e-08
419,1.9022342321174846e-07,1.3897059512296142e-09,2.7499531463876119e-09,8.2915637959672917e-09,2.1971877265278970e-08,4.2128437542725663e-08,5.8922832084544175e-08,5.4769053425615149e-08
420,1.8484199362358196e-07,1.3536392536358104e-09,2.6755749691083304e-09,8.0590540181904414e-09,2.1350291776540853e-08,4.0934563057403428e-08,5.7252484298035687e-08,5.3216386250667425e-08
421,1.7961280493720322e-07,1.3185005988793557e-09,2.6032038392724244e-09,7.8330634558960136e-09,2.0746290974380565e-08,3.9774521839637483e-08,5.5629487843417812e-08,5.1707736385719571e-08
422,1.7453155024979830e-07,1.2842663545930337e-09,2.5327857365941843e-09,7.6134093420842594e-09,2.0159377386908116e-08,3.8647355082394190e-08,5.4052500390067242e-08,5.0241855957157267e-08
423,1.6959404450107756e-07,1.2509134824739619e-09,2.4642680906323256e-09,7.3999140330307040e-09,1.9589067615756106e-08,3.7552131150575257e-08,5.2520217660353082e-08,4.8817532468256142e-08
424,1.6479622102634211e-07,1.2184195235940962e-09,2.3975997420009951e-09,7.1924048646894108e-09,1.9034891937937747e-08,3.6487944810979550e-08,5.1031372350888376e-08,4.7433587796251923e-08
425,1.6013412820706410e-07,1.1867625840661664e-09,2.3327309046148526e-09,6.9907140131205314e-09,1.8496393918968476e-08,3.5453916484087628e-08,4.9584733084362868e-08,4.6088877217843573e-08
426,1.5560392621622281e-07,1.1559213210566866e-09,2.2696131289407610e-09,6.7946783588293646e-09,1.7973130036932483e-08,3.4449191517050250e-08,4.8179103391089869e-08,4.4782288462323397e-08
427,1.5120188385571520e-07,1.1258749291378952e-09,2.2081992662293635e-09,6.6041393549073388e-09,1.7464669317184399e-08,3.3472939477280244e-08,4.6813320719425045e-08,4.3512740791550910e-08
428,1.4692437548323641e-07,1.0966031269706349e-09,2.1484434337005135e-09,6.4189428988683651e-09,1.6970592977385497e-08,3.2524353466063677e-08,4.5486255474238408e-08,4.2279184106009320e-08
429,1.4276787802609955e-07,1.0680861443103916e-09,2.0903009806572305e-09,6.2389392080770135e-09,1.6490494082581764e-08,3.1602649451623110e-08,4.4196810082644642e-08,4.1080598076205417e-08
430,1.3872896807953424e-07,1.0403047093288605e-09,2.0337284555035082e-09,6.0639826986678637e-09,1.6023977210040015e-08,3.0707065621081438e-08,4.2943918086218469e-08,3.9915991298694091e-08
431,1.3480431908707476e-07,1.0132400362436019e-09,1.9786835736419687e-09,5.8939318678581969e-09,1.5570658123565783e-08,2.9836861750790956e-08,4.1726543258944646e-08,3.8784400476029611e-08
432,1.3099069860071556e-07,9.8687381324850095e-10,1.9251251862279752e-09,5.7286491795589445e-09,1.5130163457034870e-08,2.8991318594506965e-08,4.0543678750173068e-08,3.7684889619965229e-08
433,1.2728496561857675e-07,9.6118819073792521e-10,1.8730132497574489e-09,5.5680009531914656e-09,1.4702130406877838e-08,2.8169737288900339e-08,3.9394346251869707e-08,3.6616549277242018e-08
434,1.2368406799788757e-07,9.3616576981762059e-10,1.8223087964662324e-09,5.4118572556203216e-09,1.4286206433264189e-08,2.7371438775917624e-08,3.8277595189475063e-08,3.5578495777326535e-08
435,1.2018503994115673e-07,9.1178959109555993e-10,1.7729739055194221e-09,5.2600917961147243e-09,1.3882048969740099e-08,2.6595763241511158e-08,3.7192501935700638e-08,3.4569870501475132e-08
436,1.1678499955345904e-07,8.8804312374609752e-10,1.7249716749696758e-09,5.1125818242537899e-09,1.3489325141080536e-08,2.5842069570275393e-08,3.6138169046613322e-08,3.3589839172520213e-08
437,1.1348114646882679e-07,8.6491025484094885e-10,1.6782661944640438e-09,4.9692080306931064e-09,1.3107711489123428e-08,2.5109734815538551e-08,3.5113724519375666e-08,3.2637591164791037e-08
438,1.1027075954379070e-07,8.4237527894065151e-10,1.6328225186794264e-09,4.8298544507124424e-09,1.2736893706360012e-08,2.4398153684471721e-08,3.4118321071028273e-08,3.1712338833598186e-08
439,1.0715119461617067e-07,8.2042288794031603e-10,1.5886066414672744e-09,4.6944083704666280e-09,1.2376566377061954e-08,2.3706738037789625e-08,3.3151135437717772e-08,3.0813316863727101e-08
440,1.0411988232727051e-07,7.9903816116361165e-10,1.5455854706886702e-09,4.5627602358639082e-09,1.2026432725732036e-08,2.3034916403629739e-08,3.2211367693790689e-08,2.9939781636401848e-08
441,1.0117432600568308e-07,7.7820655569907412e-10,1.5037268037214322e-09,4.4348035639980920e-09,1.1686204372671208e-08,2.2382133505207823e-08,3.1298240590190122e-08,2.9091010614195328e-08
442,9.8312099610962670e-08,7.5791389697296028e-10,1.4629993036213523e-09,4.3104348570629585e-09,1.1355601096460705e-08,2.1747849801859435e-08,3.0410998911607979e-08,2.8266301743377280e-08
443,9.5530845735471022e-08,7.3814636955299960e-10,1.4233724759201733e-09,4.1895535186793559e-09,1.1034350603163535e-08,2.1131541043088225e-08,2.9548908851861071e-08,2.7464972873205659e-08
444,9.2828273662751215e-08,7.1889050817753167e-10,1.3848166460433571e-09,4.0720617725673737e-09,1.0722188302055356e-08,2.0532697835252127e-08,2.8711257406974401e-08,2.6686361191681069e-08
445,9.0202157480830498e-08,7.0013318900463835e-10,1.3473029373311480e-09,3.9578645834978788e-09,1.0418857087699908e-08,1.9950825220529619e-08,2.7897351785469813e-08,2.5929822677297495e-08
446,8.7650334248897721e-08,6.8186162107601095e-10,1.3108032496468835e-09,3.8468695804595383e-09,1.0124107128189582e-08,1.9385442267817782e-08,2.7106518835372077e-08,2.5194731566335846e-08
447,8.5170702215845627e-08,6.6406333799040634e-10,1.2752902385569039e-09,3.7389869819792413e-09,9.8376956593766943e-09,1.8836081675224113e-08,2.6338104487458561e-08,2.4480479835259714e-08
448,8.2761219089210816e-08,6.4672618978167083e-10,1.2407372950668629e-09,3.6341295235355694e-09,9.5593867849259790e-09,1.8302289383823567e-08,2.5591473214292072e-08,2.3786476697785095e-08
449,8.0419900353085349e-08,6.2983833499642595e-10,1.2071185258996098e-09,3.5322123870066830e-09,9.2889512820236256e-09,1.7783624202361480e-08,2.4866007504589300e-08,2.3112148116208232e-08
450,7.8144817633614937e-08,6.1338823296662129e-10,1.1744087343002310e-09,3.4331531320955731e-09,9.0261664125828243e-09,1.7279657442592277e-08,2.4161107352490254e-08,2.2456936326587145e-08
451,7.5934097110737042e-08,5.9736463627227488e-10,1.1425834013542082e-09,3.3368716296773031e-09,8.7708157397903492e-09,1.6789972564952451e-08,2.3476189761306151e-08,2.1820299377384315e-08
452,7.3785917974851370e-08,5.8175658338982547e-10,1.1116186678050272e-09,3.2432899970143543e-09,8.5226889498430381e-09,1.6314164834274979e-08,2.2810688261335378e-08,2.1201710681188760e-08
453,7.1698510927150811e-08,5.6655339152163428e-10,1.0814913163579364e-09,3.1523325347877391e-09,8.2815816787273879e-09,1.5851840985260671e-08,2.2164052441348723e-08,2.0600658579146724e-08
454,6.9670156722378547e-08,5.5174464960226968e-10,1.0521787544568984e-09,3.0639256658929748e-09,8.0472953438995528e-09,1.5402618897429819e-08,2.1535747493356313e-08,2.0016645917740719e-08
455,6.7699184752810308e-08,5.3732021147731776e-10,1.0236589975221332e-09,2.9779978759514897e-09,7.8196369807271566e-09,1.4966127279285597e-08,2.0925253770279773e-08,1.9449189637566840e-08
456,6.5783971672296114e-08,5.2327018925055484e-10,9.9591065263597680e-10,2.8944796554893600e-09,7.5984190835581748e-09,1.4542005361428069e-08,2.0332066356163793e-08,1.8897820373770189e-08
457,6.3922940059227790e-08,5.0958494679542087e-10,9.6891290266510708e-10,2.8133034437366662e-09,7.3834594512859911e-09,1.4129902598365169e-08,1.9755694648571550e-08,1.8362082067807885e-08
458,6.2114557117331260e-08,4.9625509342682228e-10,9.4264549080751048e-10,2.7344035740020470e-09,7.1745810372834383e-09,1.3729478378774246e-08,1.9195661952818620e-08,1.7841531590218577e-08
459,6.0357333413213608e-08,4.8327147772939108e-10,9.1708870555286375e-10,2.6577162205783092e-09,6.9716118035822229e-09,1.3340401743974592e-08,1.8651505087709886e-08,1.7335738374086344e-08
460,5.8649821649624830e-08,4.7062518153841303e-10,8.9222336604531501e-10,2.5831793471361820e-09,6.7743845791776299e-09,1.2962351114378320e-08,1.8122774002453067e-08,1.6844284058895901e-08
461,5.6990615473424221e-08,4.5830751406973018e-10,8.6803080783792994e-10,2.5107326565645145e-09,6.5827369223417817e-09,1.2595014023693458e-08,1.7609031404432380e-08,1.6366762144484426e-08
462,5.5378348317269399e-08,4.4631000619500964e-10,8.4449286902836461e-10,2.4403175422163782e-09,6.3965109868321050e-09,1.2238086860659601e-08,1.7109852397534173e-08,1.5902777654803768e-08
463,5.3811692274074041e-08,4.3462440485885116e-10,8.2159187676559699e-10,2.3718770405216750e-09,6.2155533918847320e-09,1.1891274618102608e-08,1.6624824130725528e-08,1.5451946811215045e-08
464,5.2289357003307264e-08,4.2324266763429574e-10,7.9931063411781998e-10,2.3053557849279494e-09,6.0397150958858377e-09,1.1554290649100950e-08,1.6153545456595225e-08,1.5013896715045191e-08
465,5.0810088668233892e-08,4.1215695741337345e-10,7.7763240729186570e-10,2.2406999611321916e-09,5.8688512736167899e-09,1.1226856430062178e-08,1.5695626599574459e-08,1.4588265039143035e-08
466,4.9372668903220165e-08,4.0135963722940920e-10,7.5654091319478212e-10,2.1778572635674422e-09,5.7028211969720780e-09,1.0908701330513625e-08,1.5250688833563140e-08,1.4174699728179691e-08
467,4.7975913810254546e-08,3.9084326520788412e-10,7.3602030732843207e-10,2.1167768531090307e-09,5.5414881190517180e-09,1.0599562389417164e-08,1.4818364168694922e-08,1.3772858707445395e-08
468,4.6618672983856929e-08,3.8060058964272456e-10,7.1605517200823478e-10,2.0574093159662811e-09,5.3847191615327115e-09,1.0299184097823014e-08,1.4398295046982060e-08,1.3382409599901903e-08
469,4.5299828563573252e-08,3.7062454419496502e-10,6.9663050489739329e-10,1.9997066237264405e-09,5.2323852052267546e-09,1.0007318187683051e-08,1.3990134046588243e-08,1.3003029451256402e-08
470,4.4018294313275081e-08,3.6090824321080336e-10,6.7773170784819486e-10,1.9436220945185564e-09,5.0843607837340957e-09,9.7237234266490076e-09,1.3593543594484895e-08,1.2634404462829527e-08
471,4.2773014726505876e-08,3.5144497715613892e-10,6.5934457604218463e-10,1.8891103552659067e-09,4.9405239801059322e-09,9.4481654186859565e-09,1.3208195687253222e-08,1.2276229731996528e-08
472,4.1562964157137008e-08,3.4222820816475035e-10,6.4145528742123640e-10,1.8361273049964738e-09,4.8007563264302258e-09,9.1804164103362989e-09,1.2833771619801138e-08,1.1928208999986886e-08
473,4.0387145974617668e-08,3.3325156569734020e-10,6.2405039240175501e-10,1.7846300791818158e-09,4.6649427062582540e-09,8.9202551024741337e-09,1.2469961721770627e-08,1.1590054406833745e-08
474,3.9244591743122681e-08,3.2450884230873848e-10,6.0711680386445101e-10,1.7345770150755088e-09,4.5329712597915113e-09,8.6674664673943342e-09,1.2116465101417617e-08,1.1261486253270518e-08
475,3.8134360423922340e-08,3.1599398952062009e-10,5.9064178741232867e-10,1.6859276180231439e-09,4.4047332917508923e-09,8.4218415710852681e-09,1.1772989396752448e-08,1.0942232769377637e-08
476,3.7055537600317236e-08,3.0770111379715685e-10,5.7461295188972673e-10,1.6386425287166571e-09,4.2801231818522576e-09,8.1831774005381586e-09,1.1439250533735130e-08,1.0632029889788153e-08
477,3.6007234724499733e-08,2.9962447262108483e-10,5.5901824015543883e-10,1.5926834913665164e-09,4.1590382978146376e-09,7.9512766959504083e-09,1.1114972491325448e-08,1.0330621035266197e-08
478,3.4988588385721709e-08,2.9175847066772665e-10,5.4384592010312860e-10,1.5480133227660521e-09,4.0413789108294747e-09,7.7259477876841632e-09,1.0799887073193496e-08,1.0037756900477668e-08
479,3.3998759599165965e-08,2.8409765607457030e-10,5.2908457592243026e-10,1.5045958822229156e-09,3.9270481134212063e-09,7.5070044378453812e-09,1.0493733685901912e-08,9.7531952477775476e-09
480,3.3036933114935405e-08,2.7663671680405976e-10,5.1472309959431125e-10,1.4623960423333739e-09,3.8159517396316099e-09,7.2942656863524242e-09,1.0196259123376300e-08,9.4767007068433280e-09
481,3.2102316746591026e-08,2.6937047709731202e-10,5.0075068261443014e-10,1.4213796605758106e-09,3.7079982874621218e-09,7.0875557013669914e-09,9.9072173574855855e-09,9.2080445799887786e-09
482,3.1194140718685565e-08,2.6229389401652693e-10,4.8715680793840531e-10,1.3815135517004770e-09,3.6030988435102686e-09,6.8867036339637387e-09,9.6263693345591179e-09,8.9470046529970272e-09
483,3.0311657032755419e-08,2.5540205407391260e-10,4.7393124214305703e-10,1.3427654608931761e-09,3.5011670097381472e-09,6.6915434769184478e-09,9.3534827776721928e-09,8.6933650113164820e-09
484,2.9454138851248770e-08,2.4869016994499831e-10,4.6106402779785829e-10,1.3051040376911885e-09,3.4021188323126231e-09,6.5019139274980593e-09,9.0883319945364919e-09,8.4469158614675489e-09
485,2.8620879898882362e-08,2.4215357726426133e-10,4.4854547604096872e-10,1.2684988106303555e-09,3.3058727324586441e-09,6.3176582541391582e-09,8.8306976908365141e-09,8.2074533575124593e-09
486,2.7811193880933914e-08,2.3578773150104044e-10,4.3636615935438881e-10,1.2329201626028291e-09,3.2123494392687227e-09,6.1386241669046705e-09,8.5803667888576679e-09,7.9747794324445939e-09
487,2.7024413917991095e-08,2.2958820491376078e-10,4.2451690453290689e-10,1.1983393069055707e-09,3.1214719244132351e-09,5.9646636916117569e-09,8.3371322512559518e-09,7.7487016343579125e-09
488,2.6259891996691486e-08,2.2355068358053893e-10,4.1298878584165995e-10,1.1647282639602348e-09,3.0331653386977804e-09,5.7956330475268300e-09,8.1007929098235070e-09,7.5290329672609322e-09
489,2.5516998436001100e-08,2.1767096450428750e-10,4.0177311835726401e-10,1.1320598386856270e-09,2.9473569504153236e-09,5.6313925285265976e-09,7.8711532991084125e-09,7.3155917364035848e-09
490,2.4795121368591952e-08,2.1194495279048012e-10,3.9086145148760557e-10,1.1003075985044376e-09,2.8639760854423726e-09,5.4718063876269526e-09,7.6480234947510784e-09,7.1082013979890267e-09
491,2.4093666236891474e-08,2.0636865889578402e-10,3.8024556266551510e-10,1.0694458519664827e-09,2.7829540690298283e-09,5.3167427247841960e-09,7.4312189564035798e-09,6.9066904131460878e-09
492,2.3412055303388672e-08,2.0093819594581101e-10,3.6991745121167248e-10,1.0394496279711656e-09,2.7042241692405801e-09,5.1660733778759295e-09,7.2205603751019672e-09,6.7108921060415436e-09
493,2.2749727174793803e-08,1.9564977712027828e-10,3.5986933236221740e-10,1.0102946555723680e-09,2.6277215419872546e-09,5.0196738167714507e-09,7.0158735249653440e-09,6.5206445260148916e-09
494,2.2106136339659586e-08,1.9049971310391311e-10,3.5009363145665805e-10,9.8195734434944463e-10,2.5533831776248495e-09,4.8774230404041288e-09,6.8169891190990401e-09,6.3357903136215527e-09
495,2.1480752719083108e-08,1.8548440960147548e-10,3.4058297828178944e-10,9.5441476532845444e-10,2.4811478490542629e-09,4.7392034767606823e-09,6.6237426695827104e-09,6.1561765704737325e-09
496,2.0873061230118411e-08,1.8060036491531193e-10,3.3133020156744749e-10,9.2764463243820901e-10,2.4109560612939801e-09,4.6049008857046791e-09,6.4359743514275497e-09,5.9816547327712326e-09
497,2.0282561361540167e-08,1.7584416758389164e-10,3.2232832363003489e-10,9.0162528448614331e-10,2.3427500024783795e-09,4.4744042645539541e-09,6.2535288703901043e-09,5.8120804484176591e-09
498,1.9708766761608999e-08,1.7121249407981541e-10,3.1357055515986426e-10,8.7633566763944123e-10,2.2764734962422951e-09,4.3476057563338968e-09,6.0762553345333608e-09,5.6473134576203260e-09
499,1.9151204837498965e-08,1.6670210656582190e-10,3.0505029014846935e-10,8.5175531839725691e-10,2.2120719554526307e-09,4.2244005606307769e-09,5.9040071294288777e-09,5.4872174768751324e-09
500,1.8609416366057238e-08,1.6230985070735387e-10,2.9676110095213814e-10,8.2786434704026186e-10,2.1494923372489005e-09,4.1046868469714135e-09,5.7366417968967280e-09,5.3316600862404413e-09
501,1.8082955115575412e-08,1.5803265354028064e-10,2.8869673348801965e-10,8.0464342154414267e-10,2.0886830993556813e-09,3.9883656706576097e-09,5.5740209171829840e-09,5.1805126198066929e-09
502,1.7571387478260947e-08,1.5386752139240742e-10,2.8085110255925644e-10,7.8207375194404507e-10,2.0295941576309867e-09,3.8753408909857789e-09,5.4160099944772833e-09,5.0336500592711883e-09
503,1.7074292113105972e-08,1.4981153785743604e-10,2.7321828730568781e-10,7.6013707513732224e-10,1.9721768448155958e-09,3.7655190917841586e-09,5.2624783456757782e-09,4.8909509305299930e-09
504,1.6591259598859387e-08,1.4586186182007284e-10,2.6579252677676022e-10,7.3881564011230420e-10,1.9163838704493733e-09,3.6588095042019468e-09,5.1132989922975020e-09,4.7522972032014286e-09
505,1.6121892096816368e-08,1.4201572553101283e-10,2.5856821562337342e-10,7.1809219359114867e-10,1.8621692819215526e-09,3.5551239316865402e-09,4.9683485554647014e-09,4.6175741929980380e-09
506,1.5665803023147584e-08,1.3827043273055891e-10,2.5153989990547560e-10,6.9794996607516088e-10,1.8094884266229127e-09,3.4543766770868526e-09,4.8275071538603389e-09,4.4866704668662854e-09
507,1.5222616730498260e-08,1.3462335681966583e-10,2.4470227301230825e-10,6.7837265828131056e-10,1.7582979151686672e-09,3.3564844718224781e-09,4.6906583045783213e-09,4.3594777508155095e-09
508,1.4791968198594776e-08,1.3107193907722820e-10,2.3805017169228208e-10,6.5934442795897083e-10,1.7085555856617873e-09,3.2613664070601470e-09,4.5576888267844592e-09,4.2358908403599013e-09
509,1.4373502733604052e-08,1.2761368692246032e-10,2.3157857218954758e-10,6.4084987707623076e-10,1.6602204689673090e-09,3.1689438668405796e-09,4.4284887481085071e-09,4.1158075134994173e-09
510,1.3966875675998055e-08,1.2424617222124372e-10,2.2528258648440092e-10,6.2287403936541562e-10,1.6132527549690367e-09,3.0791404631004873e-09,4.3029512136898043e-09,3.9991284461676660e-09
511,1.3571752116682846e-08,1.2096702963534671e-10,2.1915745863474344e-10,6.0540236821775077e-10,1.5676137597808475e-09,2.9918819725359940e-09,4.1809723978013562e-09,3.8857571300768085e-09
512,1.3187806621158337e-08,1.1777395501344526e-10,2.1319856121588609e-10,5.8842072491737907e-10,1.5232658938855849e-09,2.9070962752552965e-09,4.0624514179792092e-09,3.7755997928915366e-09
513,1.2814722961481584e-08,1.1466470382290301e-10,2.0740139185606370e-10,5.7191536720522345e-10,1.4801726311753091e-09,2.8247132951698642e-09,3.9472902515861275e-09,3.6685653206660927e-09
514,1.2452193855812856e-08,1.1163708962129160e-10,2.0176156986509320e-10,5.5587293816344607e-10,1.4382984788673984e-09,2.7446649420749114e-09,3.8353936547405471e-09,3.5645651824801665e-09
515,1.2099920715329952e-08,1.0868898256665905e-10,1.9627483295367926e-10,5.4028045541151861e-10,1.3976089482717248e-09,2.6668850553712545e-09,3.7266690835437691e-09,3.4635133572113473e-09
516,1.1757613398302348e-08,1.0581830796557730e-10,1.9093703404093727e-10,5.2512530060516996e-10,1.3580705263848302e-09,2.5913093493820539e-09,3.6210266175402321e-09,3.3653262623835473e-09
517,1.1424989971122546e-08,1.0302304485802442e-10,1.8574413814776844e-10,5.1039520922971978e-10,1.3196506482877019e-09,2.5178753602192326e-09,3.5183788853475498e-09,3.2699226850325484e-09
518,1.1101776476097914e-08,1.0030122463817972e-10,1.8069221937378518e-10,4.9607826067954750e-10,1.2823176703244193e-09,2.4465223941556649e-09,3.4186409923948295e-09,3.1772237145314882e-09
519,1.0787706705811675e-08,9.7650929710233204e-11,1.7577745795554600e-10,4.8216286861567673e-10,1.2460408440395756e-09,2.3771914774604473e-09,3.3217304507094774e-09,3.0871526773207181e-09
520,1.0482521983867234e-08,9.5070292178331857e-11,1.7099613740391996e-10,4.6863777159367681e-10,1.2107902908530126e-09,2.3098253076558037e-09,3.2275671106944442e-09,2.9996350734880448e-09
521,1.0185970951835275e-08,9.2557492569808549e-11,1.6634464171845765e-10,4.5549202395430626e-10,1.1765369774510079e-09,2.2443682061553326e-09,3.1360730948394585e-09,2.9145985151469035e-09
522,9.8978093622281200e-09,9.0110758590858470e-11,1.6181945267670391e-10,4.4271498696953326e-10,1.1432526918736478e-09,2.1807660722444406e-09,3.0471727333114520e-09,2.8319726665614844e-09
523,9.6177998773308585e-09,8.7728363913849982e-11,1.5741714719644151e-10,4.3029632023677373e-10,1.1109100202786876e-09,2.1189663383649406e-09,2.9607925013708741e-09,2.7516891859692907e-09
524,9.3457118737235546e-09,8.5408626995476131e-11,1.5313439476890929e-10,4.1822597331438957e-10,1.0794823243627653e-09,2.0589179266668445e-09,2.8768609585621641e-09,2.6736816690530048e-09
525,9.0813212523335255e-09,8.3149909924973017e-11,1.4896795496109063e-10,4.0649417759168465e-10,1.0489437194213687e-09,2.0005712067914446e-09,2.7953086896280575e-09,2.5978855940149056e-09
526,8.8244102538612586e-09,8.0950617301649741e-11,1.4491467498521909e-10,3.9509143838682382e-10,1.0192690530294901e-09,1.9438779548507847e-09,2.7160682470988848e-09,2.5242382682084065e-09
527,8.5747672794279298e-09,7.8809195140994077e-11,1.4097148733369708e-10,3.8400852726628814e-10,9.9043388432540102e-10,1.8887913135696221e-09,2.6390740955093590e-09,2.4526787762825686e-09
528,8.3321867162968160e-09,7.6724129808635501e-11,1.3713540747767245e-10,3.7323647457965443e-10,9.6241446388049637e-10,1.8352657535569330e-09,2.5642625571967286e-09,2.3831479297966960e-09
529,8.0964687685250538e-09,7.4693946981465429e-11,1.3340353162756412e-10,3.6276656220366407e-10,9.3518771413861589e-10,1.7832570356749505e-09,2.4915717596354589e-09,2.3155882182633353e-09
530,7.8674192924062767e-09,7.2717210635231491e-11,1.2977303455387434e-10,3.5259031648971411e-10,9.0873121040874307e-10,1.7327221744746320e-09,2.4209415842648871e-09,2.2499437615791953e-09
531,7.6448496365685713e-09,7.0792522057940012e-11,1.2624116746666891e-10,3.4269950140906843e-10,8.8302316239541758e-10,1.6836194026673372e-09,2.3523136167675214e-09,2.1861602638046186e-09
532,7.4285764865960913e-09,6.8918518888416590e-11,1.2280525595215046e-10,3.3308611189024638e-10,8.5804239625165577e-10,1.6359081366033451e-09,2.2856310987568808e-09,2.1241849682533966e-09
533,7.2184217140463102e-09,6.7093874179391847e-11,1.1946269796479208e-10,3.2374236734320172e-10,8.3376833713959368e-10,1.5895489427286850e-09,2.2208388808348791e-09,2.0639666138557674e-09
534,7.0142122297386077e-09,6.5317295484493989e-11,1.1621096187353900e-10,3.1466070536505643e-10,8.1018099228449124e-10,1.5445035049925496e-09,2.1578833769799766e-09,2.0054553927585011e-09
535,6.8157798411933039e-09,6.3587523968546020e-11,1.1304758456062710e-10,3.0583377562229819e-10,7.8726093450813810e-10,1.5007345931783528e-09,2.0967125202283316e-09,1.9486029091270105e-09
536,6.6229611141037702e-09,6.1903333540579920e-11,1.0997016957160442e-10,2.9725443390449698e-10,7.6498928622810232e-10,1.4582060321322621e-09,2.0372757196113225e-09,1.8933621391154008e-09
537,6.4355972377274864e-09,6.0263530008994803e-11,1.0697638531518120e-10,2.8891573634473170e-10,7.4334770390963899e-10,1.4168826718637662e-09,1.9795238183138199e-09,1.8396873919713532e-09
538,6.2535338940852016e-09,5.8666950258300174e-11,1.0406396331156946e-10,2.8081093380205286e-10,7.2231836295745563e-10,1.3767303584935654e-09,1.9234090530185911e-09,1.7875342722436674e-09
539,6.0766211308604547e-09,5.7112461446899896e-11,1.0123069648801006e-10,2.7293346640144014e-10,7.0188394303489231e-10,1.3377159060247734e-09,1.8688850144032313e-09,1.7368596430612075e-09
540,5.9047132378947603e-09,5.5598960225384914e-11,9.8474437520219050e-11,2.6527695822683929e-10,6.8202761379841903e-10,1.2998070689141026e-09,1.8159066087569289e-09,1.6876215904528672e-09
541,5.7376686271767767e-09,5.4125371974817038e-11,9.5793097218520100e-11,2.5783521216298706e-10,6.6273302103570918e-10,1.2629725154203519e-09,1.7644300206853344e-09,1.6397793886790572e-09
542,5.5753497162265606e-09,5.2690650064498563e-11,9.3184642957462062e-11,2.5060220488185332e-10,6.4398427319586335e-10,1.2271818017081816e-09,1.7144126768726812e-09,1.5932934665460202e-09
543,5.4176228147789000e-09,5.1293775128734887e-11,9.0647097147753124e-11,2.4357208196964657e-10,6.2576592830069750e-10,1.1924053466857571e-09,1.6658132108711838e-09,1.5481253746751274e-09
544,5.2643580146723858e-09,4.9933754362109924e-11,8.8178535749374518e-11,2.3673915319044120e-10,6.0806298122630902e-10,1.1586144075554784e-09,1.6185914288886006e-09,1.5042377537000728e-09
545,5.1154290828535122e-09,4.8609620832805888e-11,8.5777086824766898e-11,2.3009788788259870e-10,5.9086085134444811e-10,1.1257810560575755e-09,1.5727082765456541e-09,1.4615943033656629e-09
546,4.9707133574077026e-09,4.7320432813510789e-11,8.3440929131012392e-11,2.2364291048425754e-10,5.7414537051351701e-10,1.0938781553869411e-09,1.5281258065758227e-09,1.4201597525026408e-09
547,4.8300916465316304e-09,4.6065273129468093e-11,8.1168290749964101e-11,2.1736899618427605e-10,5.5790277140930239e-10,1.0628793377641191e-09,1.4848071474407876e-09,1.3798998298537129e-09
548,4.6934481303636066e-09,4.4843248523234736e-11,7.8957447755302867e-11,2.1127106669510938e-10,5.4211967618583329e-10,1.0327589826419103e-09,1.4427164728355738e-09,1.3407812357266416e-09
549,4.5606702655911909e-09,4.3653489035723705e-11,7.6806722915528516e-11,2.0534418614420329e-10,5.2678308545702298e-10,1.0034921955295848e-09,1.4018189720581682e-09,1.3027716144509594e-09
550,4.4316486927574689e-09,4.2495147403118754e-11,7.4714484431919604e-11,1.9958355708058197e-10,5.1188036759002106e-10,9.7505478741719564e-10,1.3620808212191077e-09,1.2658395276155241e-09
551,4.3062771461896261e-09,4.1367398469258520e-11,7.2679144710521067e-11,1.9398451659340095e-10,4.9739924830145795e-10,9.4742325478298870e-10,1.3234691552672220e-09,1.2299544280647770e-09
552,4.1844523664756543e-09,4.0269438613097797e-11,7.0699159167244945e-11,1.8854253253932568e-10,4.8332780054801072e-10,9.2057476016738451e-10,1.2859520408084000e-09,1.1950866346321907e-09
553,4.0660740154170934e-09,3.9200485190863292e-11,6.8773025065193665e-11,1.8325319987568525e-10,4.6965443470296599e-10,8.9448711329747665e-10,1.2494984496948915e-09,1.1612073075900171e-09
554,3.9510445933877633e-09,3.8159775992530915e-11,6.6899280383338962e-11,1.7811223709643601e-10,4.5636788901068853e-10,8.6913875274644175e-10,1.2140782333633095e-09,1.1282884247950178e-09
555,3.8392693590304262e-09,3.7146568712260861e-11,6.5076502715713495e-11,1.7311548276805295e-10,4.4345722031113309e-10,8.4450872811270776e-10,1.1796620979001030e-09,1.0963027585104555e-09
556,3.7306562512252266e-09,3.6160140432435895e-11,6.3303308200293863e-11,1.6825889216254678e-10,4.3091179502675986e-10,8.2057668270414573e-10,1.1462215798138773e-09,1.0652238528851673e-09
557,3.6251158132656542e-09,3.5199787120957359e-11,6.1578350476776617e-11,1.6353853398488493e-10,4.1872128040443181e-10,7.9732283671297670e-10,1.1137290224945278e-09,1.0350260020710986e-09
558,3.5225611191795641e-09,3.4264823141461532e-11,5.9900319672469783e-11,1.5895058719216886e-10,4.0687563600507732e-10,7.7472797086748584e-10,1.0821575533397125e-09,1.0056842289611885e-09
559,3.4229077021345940e-09,3.3354580776128208e-11,5.8267941415543296e-11,1.5449133790199583e-10,3.9536510543411236e-10,7.5277341054703043e-10,1.0514810615297514e-09,9.7717426453003250e-10
560,3.3260734848689762e-09,3.2468409760760734e-11,5.6679975874902468e-11,1.5015717638750509e-10,3.8418020830580834e-10,7.3144101034721512e-10,1.0216741764325634e-09,9.4947252776022106e-10
561,3.2319787120904807e-09,3.1605676831825645e-11,5.5135216825967643e-11,1.4594459415667741e-10,3.7331173243498923e-10,7.1071313908247446e-10,9.9271224662078839e-10,9.2255610613775786e-10
562,3.1405458847877860e-09,3.0765765285147167e-11,5.3632490741663187e-11,1.4185018111352723e-10,3.6275072624962437e-10,6.9057266521366831e-10,9.6457131948373052e-10,8.9640273670042486e-10
563,3.0516996964001902e-09,2.9948074545959926e-11,5.2170655907936998e-11,1.3787062279889013e-10,3.5248849141807154e-10,6.7100294268864462e-10,9.3722812141727284e-10,8.7099078762341406e-10
564,2.9653669707930789e-09,2.9152019750030608e-11,5.0748601563150461e-11,1.3400269770857527e-10,3.4251657568489409e-10,6.5198779718406819e-10,9.1066003857536369e-10,8.4629924032699658e-10
565,2.8814766019880748e-09,2.8377031335566309e-11,4.9365247060696235e-11,1.3024327468671340e-10,3.3282676590935371e-10,6.3351151273714150e-10,8.8484509816717093e-10,8.2230767209143270e-10
566,2.7999594955982202e-09,2.7622554645634884e-11,4.8019541054218393e-11,1.2658931039219197e-10,3.2341108130084458e-10,6.1555881875617090e-10,8.5976195028442268e-10,7.9899623916473704e-10
567,2.7207485119199630e-09,2.6888049540829078e-11,4.6710460704826557e-11,1.2303784683612932e-10,3.1426176684569675e-10,5.9811487739923935e-10,8.3538985024391126e-10,7.7634566034933080e-10
568,2.6437784106350728e-09,2.6172990021913228e-11,4.5437010909711782e-11,1.1958600898839498e-10,3.0537128691993706e-10,5.8116527131055642e-10,8.1170864143055523e-10,7.5433720105400412e-10
569,2.5689857970769416e-09,2.5476863862197854e-11,4.4198223551587828e-11,1.1623100245124148e-10,2.9673231908274378e-10,5.6469599170434749e-10,7.8869873862682822e-10,7.3295265779799496e-10
570,2.4963090700170145e-09,2.4799172249393783e-11,4.2993156768397040e-11,1.1297011119816556e-10,2.8833774804548535e-10,5.4869342678643390e-10,7.6634111181476834e-10,7.1217434315437068e-10
571,2.4256883709283445e-09,2.4139429436703881e-11,4.1820894242735088e-11,1.0980069537617006e-10,2.8018065981137568e-10,5.3314435050393438e-10,7.4461727043717064e-10,6.9198507112025491e-10
572,2.3570655346844824e-09,2.3497162402916380e-11,4.0680544510463463e-11,1.0672018916964922e-10,2.7225433598091796e-10,5.1803591161378841e-10,7.2350924810494440e-10,6.7236814290180233e-10
573,2.2903840416530976e-09,2.2871910521269904e-11,3.9571240287992770e-11,1.0372609872416943e-10,2.6455224821844872e-10,5.0335562306106720e-10,7.0299958773799085e-10,6.5330733310215848e-10
574,2.2255889711448748e-09,2.2263225236865999e-11,3.8492137817734139e-11,1.0081600012846643e-10,2.5706805287522301e-10,4.8909135165829233e-10,6.8307132712730661e-10,6.3478687630098623e-10
575,2.1626269561793422e-09,2.1670669752410668e-11,3.7442416231228925e-11,9.7987537453026655e-11,2.4979558576461271e-10,4.7523130805723209e-10,6.6370798490637773e-10,6.1679145401445356e-10
576,2.1014461395303754e-09,2.1093818722071886e-11,3.6421276929480755e-11,9.5238420843666262e-11,2.4272885708511503e-10,4.6176403700488785e-10,6.4489354692025565e-10,5.9930618202489804e-10
577,2.0419961310151757e-09,2.0532257953245623e-11,3.5427942980026227e-11,9.2566424668566094e-11,2.3586204648698941e-10,4.4867840787561458e-10,6.2661245298104563e-10,5.8231659806968849e-10
578,1.9842279659915507e-09,1.9985584116027859e-11,3.4461658530293229e-11,8.9969385717263729e-11,2.2918949827845902e-10,4.3596360547155317e-10,6.0884958399885300e-10,5.6580864987910075e-10
579,1.9280940650292995e-09,1.9453404460195457e-11,3.3521688236808041e-11,8.7445201450145752e-11,2.2270571676752934e-10,4.2360912108376755e-10,5.9159024947754145e-10,5.4976868355331166e-10
580,1.8735481947225040e-09,1.8935336539503601e-11,3.2607316709824046e-11,8.4991828297024871e-11,2.1640536173558717e-10,4.1160474380670113e-10,5.7482017536496381e-10,5.3418343226889944e-10
581,1.8205454296104405e-09,1.8431007943112484e-11,3.1717847972956331e-11,8.2607280003425077e-11,2.1028324403905115e-10,3.9994055209877221e-10,5.5852549224761599e-10,5.1904000530550739e-10
582,1.7690421151757473e-09,1.7940056033960490e-11,3.0852604937417861e-11,8.0289626023237770e-11,2.0433432133545215e-10,3.8860690558213366e-10,5.4269272387994984e-10,5.0432587738359557e-10
583,1.7189958318893796e-09,1.7462127693906009e-11,3.0010928890463459e-11,7.8036989956448337e-11,1.9855369393042320e-10,3.7759443707481842e-10,5.2730877603885886e-10,4.9002887830446130e-10
584,1.6703653602727327e-09,1.6996879075464234e-11,2.9192178997658726e-11,7.5847548030670030e-11,1.9293660074217786e-10,3.6689404484868684e-10,5.1236092569411761e-10,4.7613718288395737e-10
585,1.6231106469481585e-09,1.6543975359969941e-11,2.8395731818601016e-11,7.3719527625256348e-11,1.8747841538015404e-10,3.5649688510677427e-10,4.9783681048581761e-10,4.6263930117158517e-10
586,1.5771927716499165e-09,1.6103090522001419e-11,2.7620980835729948e-11,7.1651205836798510e-11,1.8217464233459260e-10,3.4639436467382458e-10,4.8372441850010049e-10,4.4952406894686890e-10
587,1.5325739151683850e-09,1.5673907099904825e-11,2.6867335995874340e-11,6.9640908084847546e-11,1.7702091327391406e-10,3.3657813389396435e-10,4.7001207833472710e-10,4.3678063848515294e-10
588,1.4892173282011339e-09,1.5256115972262587e-11,2.6134223264192223e-11,6.7687006756733341e-11,1.7201298344684142e-10,3.2704007972965130e-10,4.5668844944627007e-10,4.2439846958518284e-10
589,1.4470873010851970e-09,1.4849416140153032e-11,2.5421084190169663e-11,6.5787919890384159e-11,1.6714672818630794e-10,3.1777231905619005e-10,4.4374251277094429e-10,4.1236732085104813e-10
590,1.4061491343856287e-09,1.4453514515052742e-11,2.4727375485353212e-11,6.3942109894081608e-11,1.6241813951226916e-10,3.0876719214627458e-10,4.3116356161131974e-10,4.0067724122127770e-10
591,1.3663691103161018e-09,1.4068125712236583e-11,2.4052568612499426e-11,6.2148082302114992e-11,1.5782332283062171e-10,3.0001725633917221e-10,4.1894119278137742e-10,3.8931856173807950e-10
592,1.3277144649680256e-09,1.3692971849534170e-11,2.3396149385833593e-11,6.0404384565329006e-11,1.5335849372550968e-10,2.9151527988931575e-10,4.0706529800258637e-10,3.7828188754991703e-10
593,1.2901533613252991e-09,1.3327782351305144e-11,2.2757617582117895e-11,5.8709604875585879e-11,1.4901997484237702e-10,2.8325423598922000e-10,3.9552605554388555e-10,3.6755809014080748e-10
594,1.2536548630424799e-09,1.2972293757499068e-11,2.2136486562237429e-11,5.7062371023191676e-11,1.4480419285919832e-10,2.7522729696178257e-10,3.8431392209865568e-10,3.5713829977991531e-10
595,1.2181889089647709e-09,1.2626249537669211e-11,2.1532282903020368e-11,5.5461349286361926e-11,1.4070767554339369e-10,2.6742782861716870e-10,3.7341962489196341e-10,3.4701389818519368e-10
596,1.1837262883688340e-09,1.2289399909812754e-11,2.0944546039015972e-11,5.3905243351828709e-11,1.3672704889200361e-10,2.5984938476961540e-10,3.6283415401154934e-10,3.3717651139500808e-10
597,1.1502386169040462e-09,1.1961501663913339e-11,2.0372827913961972e-11,5.2392793265715657e-11,1.3285903435276866e-10,2.5248570190962425e-10,3.5254875495621865e-10,3.2761800284184371e-10
598,1.1176983132143776e-09,1.1642317990064808e-11,1.9816692641679647e-11,5.0922774413832569e-11,1.2910044612382450e-10,2.4533069402713764e-10,3.4255492139546876e-10,3.1833046662236979e-10
599,1.0860785762216366e-09,1.1331618311058327e-11,1.9275716176142278e-11,4.9493996530564490e-11,1.2544818852978902e-10,2.3837844758142122e-10,3.3284438813436901e-10,3.0930622095829231e-10
600,1.0553533630513735e-09,1.1029178119317876e-11,1.8749485990469400e-11,4.8105302735553575e-11,1.2189925347208006e-10,2.3162321661349372e-10,3.2340912427787128e-10,3.0053780184258767e-10
601,1.0254973675832619e-09,1.0734778818072141e-11,1.8237600764605828e-11,4.6755568597394513e-11,1.1845071795136351e-10,2.2505941799706577e-10,3.1424132658889898e-10,2.9201795686586115e-10
602,9.9648599960829038e-10,1.0448207566653659e-11,1.7739670081451204e-11,4.5443701223586038e-11,1.1509974166009175e-10,2.1868162682406169e-10,3.0533341303472167e-10,2.8373963921772443e-10
603,9.6829536457559864e-10,1.0169257129818866e-11,1.7255314131211722e-11,4.4168638376002305e-11,1.1184356464314920e-10,2.1248457192091024e-10,2.9667801651627692e-10,2.7569600185822930e-10
604,9.4090224391227518e-10,9.8977257309853634e-12,1.6784163423752286e-11,4.2929347611168701e-11,1.0867950502467820e-10,2.0646313149189906e-10,2.8826797877525351e-10,2.6788039185453815e-10
605,9.1428407589991143e-10,9.6334169092854431e-12,1.6325858508732902e-11,4.1724825444646362e-11,1.0560495679921327e-10,2.0061232888599134e-10,2.8009634447389715e-10,2.6028634487814507e-10
606,8.8841893709215611e-10,9.3761393803374242e-12,1.5880049703319257e-11,4.0554096538849721e-11,1.0261738768530422e-10,1.9492732848360647e-10,2.7215635544264127e-10,2.5290757985809772e-10
607,8.6328552425796930e-10,9.1257069006388905e-12,1.5446396827262894e-11,3.9416212913639665e-11,9.9714337039860205e-11,1.8940343169996438e-10,2.6444144509080685e-10,2.4573799378579645e-10
608,8.3886313683570356e-10,8.8819381354883732e-12,1.5024568945152010e-11,3.8310253179054112e-11,9.6893413831497371e-11,1.8403607310169102e-10,2.5694523297574738e-10,2.3877165666707326e-10
609,8.1513165988355779e-10,8.6446565303444100e-12,1.4614244115639177e-11,3.7235321789554847e-11,9.4152294671220373e-11,1.7882081663347450e-10,2.4966151952594759e-10,2.3200280661737696e-10
610,7.9207154751236547e-10,8.4136901855332290e-12,1.4215109147457608e-11,3.6190548319187679e-11,9.1488721898816086e-11,1.7375335195165358e-10,2.4258428091371223e-10,2.2542584509600505e-10
611,7.6966380678706881e-10,8.1888717342185759e-12,1.3826859362042574e-11,3.5175086757069264e-11,8.8900501723383297e-11,1.6882949086170856e-10,2.3570766407320373e-10,2.1903533227544284e-10
612,7.4788998208362185e-10,7.9700382235494447e-12,1.3449198362579561e-11,3.4188114822630748e-11,8.6385502416466878e-11,1.6404516385670889e-10,2.2902598185970821e-10,2.1282598254197809e-10
613,7.2673213988843655e-10,7.7570309989035780e-12,1.3081837809305555e-11,3.3228833300064274e-11,8.3941652556308450e-11,1.5939641675385778e-10,2.2253370834612716e-10,2.0679266012386970e-10
614,7.0617285402785418e-10,7.5496955911467323e-12,1.2724497200894545e-11,3.2296465391433804e-11,8.1566939321766957e-11,1.5487940742635317e-10,2.1622547425280343e-10,2.0093037484345546e-10
615,6.8619519131547509e-10,7.3478816068297921e-12,1.2376903661762820e-11,3.1390256087926986e-11,7.9259406834504624e-11,1.5049040262786387e-10,2.1009606250690310e-10,1.9523427798968398e-10
616,6.6678269760552666e-10,7.1514426212476914e-12,1.2038791735134169e-11,3.0509471558739357e-11,7.7017154548072369e-11,1.4622577490699648e-10,2.0414040392767935e-10,1.8969965830765726e-10
617,6.4791938424078109e-10,6.9602360742862110e-12,1.1709903181709295e-11,2.9653398557096506e-11,7.4838335682568114e-11,1.4208199960920282e-10,1.9835357303405082e-10,1.8432193810186728e-10
618,6.2958971488386339e-10,6.7741231689844777e-12,1.1389986783788017e-11,2.8821343842933521e-11,7.2721155703578668e-11,1.3805565196364958e-10,1.9273078397102661e-10,1.7909666944990254e-10
619,6.1177859272110209e-10,6.5929687727429057e-12,1.1078798154696940e-11,2.8012633621764835e-11,7.0663870844152436e-11,1.3414340425264315e-10,1.8726738655160828e-10,1.7401953052349354e-10
620,5.9447134802838258e-10,6.4166413211081309e-12,1.0776099553379118e-11,2.7226612999290310e-11,6.8664786668585554e-11,1.3034202306126911e-10,1.8195886241089668e-10,1.6908632201385366e-10
621,5.7765372608876461e-10,6.2450127240681966e-12,1.0481659704006296e-11,2.6462645451296349e-11,6.6722256676838688e-11,1.2664836660497410e-10,1.7680082126922162e-10,1.6429296365835932e-10
622,5.6131187545190922e-10,6.0779582747930149e-12,1.0195253620477878e-11,2.5720112308423241e-11,6.4834680948434793e-11,1.2305938213288070e-10,1.7178899730120398e-10,1.5963549086569569e-10
623,5.4543233652564914e-10,5.9153565607567411e-12,9.9166624356745781e-12,2.4998412255381734e-11,6.3000504824721142e-11,1.1957210340468952e-10,1.6691924560774787e-10,1.5511005143667752e-10
624,5.3000203049030146e-10,5.7570893771803840e-12,9.6456732353382110e-12,2.4296960844213779e-11,6.1218217628410256e-11,1.1618364823908255e-10,1.6218753878804452e-10,1.5071290237803175e-10
625,5.1500824852659790e-10,5.6030416427345100e-12,9.3820788964525331e-12,2.3615190021203570e-11,5.9486351419345002e-11,1.1289121613160223e-10,1.5758996360875262e-10,1.4644040680650741e-10
626,5.0043864134835478e-10,5.4531013174434634e-12,9.1256779300034559e-12,2.2952547667056129e-11,5.7803479785463240e-11,1.0969208594003673e-10,1.5312271776760057e-10,1.4228903094075117e-10
627,4.8628120903126636e-10,5.3071593227340306e-12,8.8762743280002113e-12,2.2308497149971415e-11,5.6168216667966099e-11,1.0658361363539878e-10,1.4878210674873436e-10,1.3825534117846144e-10
628,4.7252429112944049e-10,5.1651094635729394e-12,8.6336774146422505e-12,2.1682516891252292e-11,5.4579215219722202e-11,1.0356323011663908e-10,1.4456454076720922e-10,1.3433600125640253e-10
629,4.5915655707153891e-10,5.0268483526390260e-12,8.3977017015197709e-12,2.1074099943094962e-11,5.3035166695967912e-11,1.0062843908728799e-10,1.4046653180009903e-10,1.3052776949093021e-10
630,4.4616699682861062e-10,4.8922753364772558e-12,8.1681667467387767e-12,2.0482753578220182e-11,5.1534799376389461e-11,9.7776814992270734e-11,1.3648469070176756e-10,1.2682749609674667e-10
631,4.3354491184593330e-10,4.7612924235832129e-12,7.9448970178645358e-12,1.9907998891013294e-11,5.0076877517699649e-11,9.5006001013190896e-11,1.3261572440091564e-10,1.2323212058166605e-10
632,4.2127990623139246e-10,4.6338042143679074e-12,7.7277217585801461e-12,1.9349370409850259e-11,4.8660200335846026e-11,9.2313707120424847e-11,1.2885643317708643e-10,1.1973866921523683e-10
633,4.0936187819314273e-10,4.5097178329541254e-12,7.5164748589597354e-12,1.8806415720296107e-11,4.7283601017012548e-11,8.9697708180417636e-11,1.2520370801437595e-10,1.1634425256912660e-10
634,3.9778101171949725e-10,4.3889428607567335e-12,7.3109947292585035e-12,1.8278695098870853e-11,4.5945945756600049e-11,8.7155842116615978e-11,1.2165452803016029e-10,1.1304606312723484e-10
635,3.8652776849419405e-10,4.2713912718006281e-12,7.1111241771244548e-12,1.7765781157086569e-11,4.4646132825393888e-11,8.4686008122517730e-11,1.1820595797671342e-10,1.0984137296355736e-10
636,3.7559288004037960e-10,4.1569773697311608e-12,6.9167102881392798e-12,1.7267258495467615e-11,4.3383091662149929e-11,8.2286164925361797e-11,1.1485514581364847e-10,1.0672753148588135e-10
637,3.6496734008683925e-10,4.0456177264730925e-12,6.7276043095982773e-12,1.6782723367274028e-11,4.2155781991851135e-11,7.9954329099022622e-11,1.1159932034917542e-10,1.0370196324344469e-10
638,3.5464239715018781e-10,3.9372311224952123e-12,6.5436615374417049e-12,1.6311783351655983e-11,4.0963192968908886e-11,7.7688573424715358e-11,1.0843578894822407e-10,1.0076216579674658e-10
639,3.4460954732690978e-10,3.8317384886388802e-12,6.3647412062522443e-12,1.5854057035974891e-11,3.9804342344602971e-11,7.5487025298156422e-11,1.0536193530553717e-10,9.7905707647747196e-11
640,3.3486052728931383e-10,3.7290628494698417e-12,6.1907063822356508e-12,1.5409173707034049e-11,3.8678275658074983e-11,7.3347865181863502e-11,1.0237521728189127e-10,9.5130226228744546e-11
641,3.2538730747963119e-10,3.6291292681136882e-12,6.0214238591038240e-12,1.4976773050969003e-11,3.7584065450208327e-11,7.1269325101314963e-11,9.9473164801656453e-11,9.2433425948264943e-11
642,3.1618208549665389e-10,3.5318647925363758e-12,5.8567640567817429e-12,1.4556504861554750e-11,3.6520810499747748e-11,6.9249687183726715e-11,9.6653377809955560e-11,8.9813076292350990e-11
643,3.0723727966946514e-10,3.4371984032322028e-12,5.6966009228618580e-12,1.4148028756693816e-11,3.5487635081028981e-11,6.7287282238237971e-11,9.3913524287733853e-11,8.7267009979676449e-11
644,2.9854552281296909e-10,3.3450609622826147e-12,5.5408118367315508e-12,1.3751013902855739e-11,3.4483688242707357e-11,6.5380488376332859e-11,9.1251338323096985e-11,8.4793121168961951e-11
645,2.9009965616007725e-10,3.2553851637501595e-12,5.3892775163012936e-12,1.3365138747244975e-11,3.3508143106891100e-11,6.3527729671357699e-11,8.8664618237322768e-11,8.2389363717209238e-11
646,2.8189272346555322e-10,3.1681054853728410e-12,5.2418819272631429e-12,1.2990090757480562e-11,3.2560196188102246e-11,6.1727474856025634e-11,8.6151224763996050e-11,8.0053749487312724e-11
647,2.7391796527666007e-10,3.0831581415249814e-12,5.0985121948110115e-12,1.2625566168576773e-11,3.1639066731504196e-11,5.9978236056832412e-11,8.3709079279761678e-11,7.7784346703649037e-11
648,2.6616881336589179e-10,3.0004810374116407e-12,4.9590585177561080e-12,1.2271269737020154e-11,3.0743996069850784e-11,5.8278567564337379e-11,8.1336162085231613e-11,7.5579278354284102e-11
649,2.5863888532120214e-10,2.9200137244644243e-12,4.8234140849726582e-12,1.1926914501743818e-11,2.9874246998627376e-11,5.6627064638292854e-11,7.9030510734624577e-11,7.3436720638476443e-11
650,2.5132197928927716e-10,2.8416973569074008e-12,4.6914749941108380e-12,1.1592221551805655e-11,2.9029103168869124e-11,5.5022362346634896e-11,7.6790218412757022e-11,7.1354901458192205e-11
651,2.4421206886751989e-10,2.7654746494626171e-12,4.5631401725154984e-12,1.1266919800582404e-11,2.8207868497156569e-11,5.3463134437375395e-11,7.4613432358042742e-11,6.9332098952384651e-11
652,2.3730329814054184e-10,2.6912898361655132e-12,4.4383113002909566e-12,1.0950745766296900e-11,2.7409866592302386e-11,5.1948092242463352e-11,7.2498352330197175e-11,6.7366640072825545e-11
653,2.3058997685707170e-10,2.6190886302612963e-12,4.3168927354537314e-12,1.0643443358700852e-11,2.6634440198257237e-11,5.0475983612709383e-11,7.0443229121378881e-11,6.5456899200310341e-11
654,2.2406657574330995e-10,2.5488181851540813e-12,4.1987914411166612e-12,1.0344763671740554e-11,2.5880950652775834e-11,4.9045591882892967e-11,6.8446363109536996e-11,6.3601296800092881e-11
655,2.1772772194886866e-10,2.4804270563813435e-12,4.0839169146493974e-12,1.0054464782037735e-11,2.5148777361397346e-11,4.7655734866197306e-11,6.6506102852768188e-11,6.1798298115437341e-11
656,2.1156819462154587e-10,2.4138651645869352e-12,3.9721811187617261e-12,9.7723115530224732e-12,2.4437317286306969e-11,4.6305263877140562e-11,6.4620843723520362e-11,6.0046411898206855e-11
657,2.0558292060729011e-10,2.3490837594665975e-12,3.8634984144576188e-12,9.4980754445596574e-12,2.3745984449657572e-11,4.4993062782195973e-11,6.2789026581513997e-11,5.8344189175438698e-11
658,1.9976697027181260e-10,2.2860353846606068e-12,3.7577854958093606e-12,9.2315343279149292e-12,2.3074209450942436e-11,4.3718047077316102e-11,6.1009136484283019e-11,5.6690222050886147e-11
659,1.9411555344040679e-10,2.2246738435688095e-12,3.6549613265024148e-12,8.9724723059103942e-12,2.2421438998021525e-11,4.2479162991598934e-11,5.9279701434269243e-11,5.5083142540535495e-11
660,1.8862401545263017e-10,2.1649541660639771e-12,3.5549470781030585e-12,8.7206795381245279e-12,2.1787135451415024e-11,4.1275386616354793e-11,5.7599291161433723e-11,5.3521621441135077e-11
661,1.8328783332859949e-10,2.1068325760800177e-12,3.4576660700021145e-12,8.4759520709948218e-12,2.1170776381488908e-11,4.0105723058854421e-11,5.5966515940378618e-11,5.2004367230800589e-11
662,1.7810261204374161e-10,2.0502664600521883e-12,3.3630437109893460e-12,8.2380916726856745e-12,2.0571854138167639e-11,3.8969205620058725e-11,5.4380025441000906e-11,5.0530125000787133e-11
663,1.7306408090893196e-10,1.9952143361870608e-12,3.2710074424143373e-12,8.0069056725879104e-12,1.9989875432819835e-11,3.7864894995650511e-11,5.2838507611727624e-11,4.9097675417544694e-11
664,1.6816809005303892e-10,1.9416358245405454e-12,3.1814866828908568e-12,7.7822068053199818e-12,1.9424360931972304e-11,3.6791878499708004e-11,5.1340687594408909e-11,4.7705833714198314e-11
665,1.6341060700497715e-10,1.8894916178828621e-12,3.0944127745028712e-12,7.5638130591046720e-12,1.8874844862517985e-11,3.5749269310378397e-11,4.9885326669971459e-11,4.6353448710618909e-11
666,1.5878771337245484e-10,1.8387434533298922e-12,3.0097189304715114e-12,7.3515475283985231e-12,1.8340874628092565e-11,3.4736205736927900e-11,4.8471221233960245e-11,4.5039401861274203e-11
667,1.5429560161467948e-10,1.7893540847208609e-12,2.9273401842433875e-12,7.1452382706547711e-12,1.7822010436303830e-11,3.3751850507562846e-11,4.7097201801121597e-11,4.3762606330072185e-11
668,1.4993057190636371e-10,1.7412872557228470e-12,2.8472133399617277e-12,6.9447181671038369e-12,1.7317824936506682e-11,3.2795390077432688e-11,4.5762132038203978e-11,4.2522006091431950e-11
669,1.4568902909044873e-10,1.6945076736431016e-12,2.7692769242828436e-12,6.7498247874387098e-12,1.6827902867825543e-11,3.1866033956243548e-11,4.4464907824176683e-11,4.1316575056838287e-11
670,1.4156747971703524e-10,1.6489809839306602e-12,2.6934711395014637e-12,6.5604002582956986e-12,1.6351840717134226e-11,3.0963014054926108e-11,4.3204456337089429e-11,4.0145316226157644e-11
671,1.3756252916608323e-10,1.6046737453492184e-12,2.6197378179494354e-12,6.3762911354241320e-12,1.5889246386711541e-11,3.0085584050818080e-11,4.1979735166817193e-11,3.9007260863013622e-11
672,1.3367087885151075e-10,1.5615534058036950e-12,2.5480203776332783e-12,6.1973482794415191e-12,1.5439738871298983e-11,2.9233018770836626e-11,4.0789731452957081e-11,3.7901467693539568e-11
673,1.2988932350438864e-10,1.5195882788033831e-12,2.4782637790769916e-12,6.0234267350736289e-12,1.5002947944294438e-11,2.8404613592130709e-11,3.9633461047163477e-11,3.6827022127846008e-11
674,1.2621474853299403e-10,1.4787475205450142e-12,2.4104144833374355e-12,5.8543856137817632e-12,1.4578513852823490e-11,2.7599683859718248e-11,3.8509967699229529e-11,3.5783035503558559e-11
675,1.2264412745754809e-10,1.4390011075995083e-12,2.3444204111604869e-12,5.6900879796822067e-12,1.4166087021437181e-11,2.6817564320626586e-11,3.7418322266241114e-11,3.4768644350801009e-11
676,1.1917451941752483e-10,1.4003198151865992e-12,2.2802309032470304e-12,5.5304007386655249e-12,1.3765327764192194e-11,2.6057608574068625e-11,3.6357621944149645e-11,3.3783009678015233e-11
677,1.1580306674947871e-10,1.3626751960219352e-12,2.2177966815986877e-12,5.3751945306259841e-12,1.3375906004876241e-11,2.5319188537200270e-11,3.5326989521128002e-11,3.2825316278027600e-11
678,1.1252699263339525e-10,1.3260395597216575e-12,2.1570698119139947e-12,5.2243436247138512e-12,1.2997501005148377e-11,2.4601693926017515e-11,3.4325572652092225e-11,3.1894772053787627e-11
679,1.0934359880562656e-10,1.2903859527498483e-12,2.0980036670065347e-12,5.0777258175257891e-12,1.2629801100370143e-11,2.3904531750964224e-11,3.3352543153788710e-11,3.0990607363221330e-11
680,1.0625026333652836e-10,1.2556881388946207e-12,2.0405528912173083e-12,4.9352223341509612e-12,1.2272503442910132e-11,2.3227125826833679e-11,3.2407096319864298e-11,3.0112074382657365e-11
681,1.0324443847096713e-10,1.2219205802589942e-12,1.9846733657943653e-12,4.7967177319927491e-12,1.1925313752710435e-11,2.2568916296558806e-11,3.1488450255352416e-11,2.9258446488299384e-11
682,1.0032364852992011e-10,1.1890584187530564e-12,1.9303221752134585e-12,4.6620998072882217e-12,1.1587946074909596e-11,2.1929359168497589e-11,3.0595845230025127e-11,2.8429017655233057e-11
683,9.7485487871438514e-11,1.1570774580742718e-12,1.8774575744141875e-12,4.5312595042497151e-12,1.1260122544322428e-11,2.1307925866831108e-11,2.9728543050076076e-11,2.7623101873470726e-11
684,9.4727618909295659e-11,1.1259541461631260e-12,1.8260389569267967e-12,4.4040908267549632e-12,1.0941573156582682e-11,2.0704102794702694e-11,2.8885826447614918e-11,2.6840032580550480e-11
685,9.2047770187687346e-11,1.0956655581216456e-12,1.7760268238654542e-12,4.2804907525143198e-12,1.0632035545760124e-11,2.0117390909737095e-11,2.8066998487468083e-11,2.6079162110220621e-11
686,8.9443734510399157e-11,1.0661893795826452e-12,1.7273827537645061e-12,4.1603591496455763e-12,1.0331254768268829e-11,1.9547305311588857e-11,2.7271381990795431e-11,2.5339861156753311e-11
687,8.6913367122899702e-11,1.0375038905178719e-12,1.6800693732348238e-12,4.0435986955888634e-12,1.0038983092888707e-11,1.8993374841178958e-11,2.6498318975046062e-11,2.4621518254444419e-11
688,8.4454583945862528e-11,1.0095879494735346e-12,1.6340503284179946e-12,3.9301147982960076e-12,9.7549797967273479e-12,1.8455141691288567e-11,2.5747170109790070e-11,2.3923539271869016e-11
689,8.2065359858661760e-11,9.8242097822199301e-13,1.5892902572166958e-12,3.8198155196305400e-12,9.4790109669541089e-12,1.7932161028187956e-11,2.5017314187976243e-11,2.3245346920474222e-11
690,7.9743727031427681e-11,9.5598294681868378e-13,1.5457547622801924e-12,3.7126115009163565e-12,9.2108493081431429e-12,1.7424000623987955e-11,2.4308147612178378e-11,2.2586380277102966e-11
691,7.7487773304288634e-11,9.3025435905364012e-13,1.5034103847244520e-12,3.6084158905747739e-12,8.9502739550667206e-12,1.6930240499410062e-11,2.3619083895405295e-11,2.1946094320053698e-11
692,7.5295640612464266e-11,9.0521623828724633e-13,1.4622245785669488e-12,3.5071442737914019e-12,8.6970702907846183e-12,1.6450472576679850e-11,2.2949553176061842e-11,2.1323959478292362e-11
693,7.3165523455912768e-11,8.8085011366012747e-13,1.4221656858567459e-12,3.4087146041558973e-12,8.4510297698797921e-12,1.5984300342256990e-11,2.2299001746659493e-11,2.0719461193443718e-11
694,7.1095667412272044e-11,8.5713800666734946e-13,1.3832029124809824e-12,3.3130471372192746e-12,8.2119497466946826e-12,1.5531338519122940e-11,2.1666891595887009e-11,2.0132099494199796e-11
695,6.9084367691869790e-11,8.3406241808735569e-13,1.3453063046294073e-12,3.2200643659149796e-12,7.9796333084267646e-12,1.5091212748355539e-11,2.1052699963662320e-11,1.9561388582793430e-11
696,6.7129967733612467e-11,8.1160631525631656e-13,1.3084467258990866e-12,3.1296909577914637e-12,7.7538891129458048e-12,1.4663559279727371e-11,2.0455918908797621e-11,1.9006856433194812e-11
697,6.5230857840596462e-11,7.8975311967881177e-13,1.2725958350219053e-12,3.0418536940054376e-12,7.5345312311992903e-12,1.4248024671072046e-11,1.9876054888920175e-11,1.8468044400698794e-11
698,6.3385473854318022e-11,7.6848669496600619e-13,1.2377260641979542e-12,2.9564814100264290e-12,7.3213789940762025e-12,1.3844265496170069e-11,1.9312628352301384e-11,1.7944506842579974e-11
699,6.1592295866389882e-11,7.4779133509270394e-13,1.2038105980183461e-12,2.8735049380046495e-12,7.1142568436030313e-12,1.3451948060912762e-11,1.8765173341256556e-11,1.7435810749501824e-11
700,5.9849846966703319e-11,7.2765175296489858e-13,1.1708233529614558e-12,2.7928570507555037e-12,6.9129941883494640e-12,1.3070748127509693e-11,1.8233237106787349e-11,1.6941535387374965e-11
701,5.8156692027004984e-11,7.0805306928964887e-13,1.1387389574470116e-12,2.7144724073154109e-12,6.7174252629246410e-12,1.2700350646511664e-11,1.7716379734148205e-11,1.6461271949368402e-11
702,5.6511436518886181e-11,6.8898080173932931e-13,1.1075327324328862e-12,2.6382875000248641e-12,6.5273889914482820e-12,1.2340449496427798e-11,1.7214173779027136e-11,1.5994623217785880e-11
703,5.4912725365211359e-11,6.7042085440250884e-13,1.0771806725398492e-12,2.5642406030958793e-12,6.3427288548842076e-12,1.1990747230721440e-11,1.6726203914039817e-11,1.5541203235527661e-11
704,5.3359241824039923e-11,6.5235950751391479e-13,1.0476594276899351e-12,2.4922717226222160e-12,6.1632927621270192e-12,1.1650954831975888e-11,1.6252066585244897e-11,1.5100636986866050e-11
705,5.1849706404121627e-11,6.3478340745613687e-13,1.0189462852444837e-12,2.4223225479918906e-12,5.9889329247357219e-12,1.1320791473026649e-11,1.5791369678396169e-11,1.4672560087270576e-11
706,5.0382875811072934e-11,6.1767955702591712e-13,9.9101915262827135e-13,2.3543364046626529e-12,5.8195057352111582e-12,1.0999984284862889e-11,1.5343732194655762e-11,1.4256618482026288e-11
707,4.8957541923365924e-11,6.0103530595806143e-13,9.6385654042653039e-13,2.2882582082621994e-12,5.6548716487169636e-12,1.0688268131106183e-11,1.4908783935500061e-11,1.3852468153395923e-11
708,4.7572530797286580e-11,5.8483834170018537e-13,9.3743754594201256e-13,2.2240344199759589e-12,5.4948950681466474e-12,1.0385385388880241e-11,1.4486165196557838e-11,1.3459774836083696e-11
709,4.6226701700042895e-11,5.6907668043169223e-13,9.1174183719959123e-13,2.1616130031863472e-12,5.3394442324421457e-12,1.0091085735890403e-11,1.4075526470127316e-11,1.3078213740765396e-11
710,4.4918946170226297e-11,5.5373865832054642e-13,8.8674963738624835e-13,2.1009433813283740e-12,5.1883911080718099e-12,9.8051259435370314e-12,1.3676528156126189e-11,1.2707469285456104e-11
711,4.3648187104852787e-11,5.3881292301157986e-13,8.6244170971460983e-13,2.0419763969274979e-12,5.0416112835785325e-12,9.5272696758917539e-12,1.3288840281235495e-11,1.2347234834493321e-11
712,4.2413377872231580e-11,5.2428842534022819e-13,8.3879934269852687e-13,1.9846642717865606e-12,4.8989838671110852e-12,9.2572872943703769e-12,1.2912142226005109e-11,1.1997212444919690e-11
713,4.1213501449930849e-11,5.1015441126575911e-13,8.1580433582949865e-13,1.9289605682895714e-12,4.7603913868543000e-12,8.9949556679411280e-12,1.2546122459695152e-11,1.1657112620055442e-11
714,4.0047569587130445e-11,4.9640041401820441e-13,7.9343898564304831e-13,1.8748201517910132e-12,4.6257196942760980e-12,8.7400579887112770e-12,1.2190478282633986e-11,1.1326654070056818e-11
715,3.8914621990671623e-11,4.8301624645336412e-13,7.7168607216445199e-13,1.8221991540602273e-12,4.4948578701116510e-12,8.4923835927397557e-12,1.1844915575879777e-11,1.1005563479262394e-11
716,3.7813725534133516e-11,4.6999199361039584e-13,7.5052884572350903e-13,1.7710549377512786e-12,4.3676981330072677e-12,8.2517277859276944e-12,1.1509148557978503e-11,1.0693575280134866e-11
717,3.6743973489284900e-11,4.5731800546664691e-13,7.2995101412832595e-13,1.7213460618695336e-12,4.2441357507487375e-12,8.0178916748429314e-12,1.1182899548617350e-11,1.0390431433611372e-11
718,3.5704484779278157e-11,4.4498488988452950e-13,7.0993673018835168e-13,1.6730322482070029e-12,4.1240689540010371e-12,7.7906820023387248e-12,1.0865898738977917e-11,1.0095881215680596e-11
719,3.4694403252970443e-11,4.3298350574536923e-13,6.9047057957717304e-13,1.6260743487192654e-12,4.0073988524883364e-12,7.5699109878307399e-12,1.0557883968599374e-11,9.8096810100101856e-12
720,3.3712896979774359e-11,4.2130495626529816e-13,6.7153756902583211e-13,1.5804343138175669e-12,3.8940293535452866e-12,7.3553961721003912e-12,1.0258600508567008e-11,9.5315941064529774e-12
721,3.2759157564457326e-11,4.0994058248838667e-13,6.5312311483768150e-13,1.5360751615504258e-12,3.7838670829724855e-12,7.1469602664961833e-12,9.9678008508468545e-12,9.2613905052653070e-12
722,3.1832399481325267e-11,3.9888195695233721e-13,6.3521303171603379e-13,1.4929609476497871e-12,3.6768213081309544e-12,6.9444310064084609e-12,9.6852445035921665e-12,8.9988467268755289e-12
723,3.0931859427242364e-11,3.8812087752218669e-13,6.1779352189610194e-13,1.4510567364174825e-12,3.5728038632122684e-12,6.7476410088964667e-12,9.4106977922524715e-12,8.7437456270453867e-12
724,3.0056795692953810e-11,3.7764936138758066e-13,6.0085116457295639e-13,1.4103285724284192e-12,3.4717290766227992e-12,6.5564276343500252e-12,9.1439336663206946e-12,8.4958762172713379e-12
725,2.9206487552193946e-11,3.6745963921930129e-13,5.8437290561744970e-13,1.3707434530275932e-12,3.3735137004222696e-12,6.3706328520715138e-12,8.8847315115585117e-12,8.2550334902773060e-12
726,2.8380234668076486e-11,3.5754414948084524e-13,5.6834604757227775e-13,1.3322693015986551e-12,3.2780768417584824e-12,6.1901031096670415e-12,8.6328769675446802e-12,8.0210182504545033e-12
727,2.7577356516278090e-11,3.4789553289095494e-13,5.5275823992055873e-13,1.2948749415823919e-12,3.1853398962417733e-12,6.0146892061388672e-12,8.3881617503954326e-12,7.7936369491081092e-12
728,2.6797191824539991e-11,3.3850662703311660e-13,5.3759746961952031e-13,1.2585300712240814e-12,3.0952264832042971e-12,5.8442461685741933e-12,8.1503834805102893e-12,7.5727015243744938e-12
729,2.6039098028026231e-11,3.2937046110814341e-13,5.2285205189208266e-13,1.2232052390292815e-12,3.0076623827908352e-12,5.6786331323283899e-12,7.9193455152008820e-12,7.3580292456766168e-12
730,2.5302450740089769e-11,3.2048025082606203e-13,5.0851062126932373e-13,1.1888718199081785e-12,2.9225754748293076e-12,5.5177132246036567e-12,7.6948567860643028e-12,7.1494425625889398e-12
731,2.4586643238010726e-11,3.1182939343362265e-13,4.9456212287700368e-13,1.1555019919891781e-12,2.8398956794306398e-12,5.3613534513268744e-12,7.4767316409665850e-12,6.9467689579868231e-12
732,2.3891085963283011e-11,3.0341146287384772e-13,4.8099580395950798e-13,1.1230687140829715e-12,2.7595548992690614e-12,5.2094245872331463e-12,7.2647896905054828e-12,6.7498408053589957e-12
733,2.3215206036037968e-11,2.9522020507412847e-13,4.6780120563475158e-13,1.0915457037788251e-12,2.6814869634952974e-12,5.0618010690642286e-12,7.0588556588257154e-12,6.5584952301650184e-12
734,2.2558446783204911e-11,2.8724953335947297e-13,4.5496815487376197e-13,1.0609074161553611e-12,2.6056275732364617e-12,4.9183608917935175e-12,6.8587592386632027e-12,6.3725739751231288e-12
735,2.1920267280020088e-11,2.7949352398759401e-13,4.4248675669882617e-13,1.0311290230885929e-12,2.5319142486377566e-12,4.7789855077918736e-12,6.6643349504984476e-12,6.1919232693169982e-12
736,2.1300141904506352e-11,2.7194641180261779e-13,4.3034738659425786e-13,1.0021863931404591e-12,2.4602862774023668e-12,4.6435597288509219e-12,6.4754220057025616e-12,6.0163937010131675e-12
737,2.0697559904556589e-11,2.6460258600427361e-13,4.1854068312399817e-13,9.7405607201157492e-13,2.3906846647871624e-12,4.5119716309828559e-12,6.2918641735627771e-12,5.8458400940839474e-12
738,2.0112024977264432e-11,2.5745658602951157e-13,4.0705754075042240e-13,9.4671526354237149e-13,2.3230520850130289e-12,4.3841124619180572e-12,6.1135096520774420e-12,5.6801213879335996e-12
739,1.9543054860155706e-11,2.5050309754357430e-13,3.9588910284887791e-13,9.2014181124724303e-13,2.2573328340497909e-12,4.2598765512240963e-12,5.9402109424136640e-12,5.5191005208284572e-12
740,1.8990180933983922e-11,2.4373694853762438e-13,3.8502675491262709e-13,8.9431418036674573e-13,2.1934727837368678e-12,4.1391612229718034e-12,5.7718247269237634e-12,5.3626443165344902e-12
741,1.8452947836762779e-11,2.3715310553011106e-13,3.7446211794301318e-13,8.6921144042332011e-13,2.1314193372018440e-12,4.0218667108762564e-12,5.6082117506196558e-12,5.2106233741685787e-12
742,1.7930913088717622e-11,2.3074666986912811e-13,3.6418704201980871e-13,8.4481324826641096e-13,2.0711213855402582e-12,3.9078960758425203e-12,5.4492367060071464e-12,5.0629119611723511e-12
743,1.7423646727847101e-11,2.2451287413309070e-13,3.5419360004684272e-13,8.2109983159325442e-13,2.0125292657209210e-12,3.7971551258480216e-12,5.2947681211848707e-12,4.9193879093200981e-12
744,1.6930730955794762e-11,2.1844707862712890e-13,3.4447408166813544e-13,7.9805197293199177e-13,1.9555947196820939e-12,3.6895523380953167e-12,5.1446782511153655e-12,4.7799325136747310e-12
745,1.6451759793739002e-11,2.1254476797266227e-13,3.3502098734989972e-13,7.7565099407413898e-13,1.9002708545848364e-12,3.5849987833709291e-12,4.9988429719783204e-12,4.6444304344082146e-12
746,1.5986338748017855e-11,2.0680154778768909e-13,3.2582702262389515e-13,7.5387874094380592e-13,1.8465121041907914e-12,3.4834080525477362e-12,4.8571416785186585e-12,4.5127696014052774e-12
747,1.5534084485213303e-11,2.0121314145538801e-13,3.1688509248774109e-13,7.3271756889141592e-13,1.7942741913325945e-12,3.3846961851701518e-12,4.7194571843045300e-12,4.3848411215714817e-12
748,1.5094624516427471e-11,1.9577538697869157e-13,3.0818829595791691e-13,7.1215032840001558e-13,1.7435140914459931e-12,3.2887816000630925e-12,4.5856756248127528e-12,4.2605391887690064e-12
749,1.4667596890490617e-11,1.9048423391855547e-13,2.9972992077129204e-13,6.9216035119259911e-13,1.6941899971336482e-12,3.1955850279073719e-12,4.4556863632615222e-12,4.1397609963056279e-12
750,1.4252649895848358e-11,1.8533574041370555e-13,2.9150343823114263e-13,6.7273143672920320e-13,1.6462612837314257e-12,3.1050294457257977e-12,4.3293818991125432e-12,4.0224066519045398e-12
751,1.3849441770882445e-11,1.8032607027970333e-13,2.8350249819372035e-13,6.5384783908283206e-13,1.5996884758488199e-12,3.0170400132258234e-12,4.2066577791668728e-12,3.9083790950846737e-12
752,1.3457640422426625e-11,1.7545149018522845e-13,2.7572092419154666e-13,6.3549425418358831e-13,1.5544332148559486e-12,2.9315440109461422e-12,4.0874125111809952e-12,3.7975840168831751e-12
753,1.3076923152245680e-11,1.7070836690353083e-13,2.6815270868970941e-13,6.1765580742068293e-13,1.5104582272903434e-12,2.8484707801561156e-12,3.9715474799316396e-12,3.6899297818536580e-12
754,1.2706976391252400e-11,1.6609316463706058e-13,2.6079200847154085e-13,6.0031804159227887e-13,1.4677272941575140e-12,2.7677516644583347e-12,3.8589668656599635e-12,3.5853273522757077e-12
755,1.2347495441243558e-11,1.6160244241333473e-13,2.5363314015015228e-13,5.8346690519341608e-13,1.4262052211000000e-12,2.6893199530460838e-12,3.7495775648276229e-12,3.4836902145129491e-12
756,1.1998184223942196e-11,1.5723285155015286e-13,2.4667057580239920e-13,5.6708874103253058e-13,1.3858578094103411e-12,2.6131108255687832e-12,3.6432891131192188e-12,3.3849343074587702e-12
757,1.1658755037139503e-11,1.5298113318832161e-13,2.3989893872194207e-13,5.5117027516735142e-13,1.3466518278640943e-12,2.5390612985598598e-12,3.5400136106274122e-12,3.2889779530105214e-12
758,1.1328928317735473e-11,1.4884411589009826e-13,2.3331299928815924e-13,5.3569860615121364e-13,1.3085549853496929e-12,2.4671101733827590e-12,3.4396656491588659e-12,3.1957417885146833e-12
759,1.1008432411483127e-11,1.4481871330160970e-13,2.2690767094775579e-13,5.2066119458108246e-13,1.2715359042726107e-12,2.3971979856520765e-12,3.3421622416008651e-12,3.1051487011271265e-12
760,1.0697003349246708e-11,1.4090192187754994e-13,2.2067800630600048e-13,5.0604585293881962e-13,1.2355640947119222e-12,2.3292669560880195e-12,3.2474227532902182e-12,3.0171237640341770e-12
761,1.0394384629589517e-11,1.3709081866650324e-13,2.1461919332460216e-13,4.9184073571747109e-13,1.2006099293079758e-12,2.2632609427635610e-12,3.1553688353276721e-12,2.9315941744817326e-12
762,1.0100327007512373e-11,1.3338255915528461e-13,2.0872655162332286e-13,4.7803432982457687e-13,1.1666446188604947e-12,2.1991253947048343e-12,3.0659243597826891e-12,2.8484891935611704e-12
763,9.8145882891686437e-12,1.2977437517073099e-13,2.0299552888250023e-13,4.6461544525473169e-13,1.1336401886170102e-12,2.1368073068064077e-12,2.9790153567350089e-12,2.7677400877022547e-12
764,9.5369331323868323e-12,1.2626357283741861e-13,1.9742169734373095e-13,4.5157320602384309e-13,1.1015694552320953e-12,2.0762551760241949e-12,2.8945699531009097e-12,2.6892800718246399e-12
765,9.2671328528363586e-12,1.2284753058982123e-13,1.9200075040604008e-13,4.3889704135774756e-13,1.0704060043784229e-12,2.0174189588097739e-12,2.8125183131935979e-12,2.6130442541009547e-12
766,9.0049652356769329e-12,1.1952369723746474e-13,1.8672849931493536e-13,4.2657667712804500e-13,1.0401241689912074e-12,1.9602500297509477e-12,2.7327925809685479e-12,2.5389695822857848e-12
767,8.7502143525363811e-12,1.1628959008167027e-13,1.8160086994181568e-13,4.1460212752822017e-13,1.0106990081281141e-12,1.9047011413843642e-12,2.6553268239060390e-12,2.4669947915661575e-12
768,8.5026703836661653e-12,1.1314279308251580e-13,1.7661389965127094e-13,4.0296368698330670e-13,9.8210628642722088e-13,1.8507263851469754e-12,2.5800569784844794e-12,2.3970603538903961e-12
769,8.2621294451281442e-12,1.1008095507468321e-13,1.7176373425387898e-13,3.9165192228654381e-13,9.5432245414611551e-13,1.7982811534340637e-12,2.5069207971994209e-12,2.3291084287334388e-12
770,8.0283934208702211e-12,1.0710178803089124e-13,1.6704662504216995e-13,3.8065766495665743e-13,9.2732462776568805e-13,1.7473221027324836e-12,2.4358577970844388e-12,2.2630828152578926e-12
771,7.8012697995525706e-12,1.0420306537165095e-13,1.6245892590749055e-13,3.6997200380957514e-13,9.0109057114264282e-13,1.6978071177986379e-12,2.3668092096913163e-12,2.1989289058312574e-12
772,7.5805715159900894e-12,1.0138262032011254e-13,1.5799709053556457e-13,3.5958627773856080e-13,8.7559867719520716e-13,1.6496952768515944e-12,2.2997179324881662e-12,2.1365936408608837e-12
773,7.3661167970804033e-12,9.8638344300805479e-14,1.5365766967860408e-13,3.4949206869691967e-13,8.5082795010695121e-13,1.6029468177525633e-12,2.2345284816352710e-12,2.0760254649092885e-12
774,7.1577290120906238e-12,9.5968185381105303e-14,1.4943730850188540e-13,3.3968119487759349e-13,8.2675798803406328e-13,1.5575231051427973e-12,2.1711869460996245e-12,2.0171742840535544e-12
775,6.9552365271794644e-12,9.3370146754291666e-14,1.4533274400275933e-13,3.3014570408411931e-13,8.0336896630183705e-13,1.5133865985127389e-12,2.1096409430701947e-12,1.9599914244535236e-12
776,6.7584725640349494e-12,9.0842285263091908e-14,1.4134080250012259e-13,3.2087786728758514e-13,7.8064162107653071e-13,1.4705008211760381e-12,2.0498395746370436e-12,1.9044295920945367e-12
777,6.5672750625112613e-12,8.8382709962633605e-14,1.3745839719242802e-13,3.1187017236436403e-13,7.5855723349915050e-13,1.4288303301227900e-12,1.9917333856984911e-12,1.8504428336714046e-12
778,6.3814865471516134e-12,8.5989580721758864e-14,1.3368252578236689e-13,3.0311531800955365e-13,7.3709761426808967e-13,1.3883406867270794e-12,1.9352743230614931e-12,1.7979864985812723e-12
779,6.2009539974871732e-12,8.3661106861679579e-14,1.3001026816640385e-13,2.9460620782119395e-13,7.1624508865792522e-13,1.3489984282846243e-12,1.8804156957014143e-12,1.7470172019939315e-12
780,6.0255287220052473e-12,8.1395545830980801e-14,1.2643878418739862e-13,2.8633594455046971e-13,6.9598248196203413e-13,1.3107710403569880e-12,1.8271121361483367e-12,1.6974927889690389e-12
781,5.8550662356829219e-12,7.9191201916005852e-14,1.2296531144859207e-13,2.7829782451324267e-13,6.7629310534703857e-13,1.2736269298995145e-12,1.7753195629679612e-12,1.6493722995905672e-12
782,5.6894261409852654e-12,7.7046424985681194e-14,1.1958716318728556e-13,2.7048533215838651e-13,6.5716074210742895e-13,1.2375353991507640e-12,1.7249951443060756e-12,1.6026159350896437e-12
783,5.5284720122300997e-12,7.4959609269865445e-14,1.1630172620658457e-13,2.6289213478852525e-13,6.3856963430904483e-13,1.2024666202618805e-12,1.6760972624664410e-12,1.5571850249277583e-12
784,5.3720712832241133e-12,7.2929192170330170e-14,1.1310645886362393e-13,2.5551207742889993e-13,6.2050446981041241e-13,1.1683916106449180e-12,1.6285854794928043e-12,1.5130419948131253e-12
785,5.2200951380777367e-12,7.0953653103504314e-14,1.0999888911273455e-13,2.4833917784020754e-13,6.0295036965124820e-13,1.1352822090197483e-12,1.5824205037265629e-12,1.4701503356237304e-12
786,5.0724184051088680e-12,6.9031512374136813e-14,1.0697661260205272e-13,2.4136762167137256e-13,5.8589287579774389e-13,1.1031110521397603e-12,1.5375641573124339e-12,1.4284745732113686e-12
787,4.9289194537480952e-12,6.7161330079054403e-14,1.0403729082211534e-13,2.3459175774832592e-13,5.6931793923453621e-13,1.0718515521771097e-12,1.4939793446252539e-12,1.3879802390616995e-12
788,4.7894800943604320e-12,6.5341705040213571e-14,1.0117864930502281e-13,2.2800609349497449e-13,5.5321190839355688e-13,1.0414778747488322e-12,1.4516300215917866e-12,1.3486338417860451e-12
789,4.6539854809011403e-12,6.3571273766266722e-14,9.8398475872790246e-14,2.2160529048265426e-13,5.3756151791022967e-13,1.0119649175656562e-12,1.4104811658821841e-12,1.3104028394213592e-12
790,4.5223240163253997e-12,6.1848709441883259e-14,9.5694618933546031e-14,2.1538416010446005e-13,5.2235387769775617e-13,9.8328828968586896e-13,1.3704987479464340e-12,1.2732556125154509e-12
791,4.3943872606739482e-12,6.0172720944086681e-14,9.3064985824271952e-14,2.0933765937095008e-13,5.0757646233048909e-13,9.5542429135709335e-13,1.3316497028718480e-12,1.2371614379752084e-12
792,4.2700698417589919e-12,5.8542051884887882e-14,9.0507541198815786e-14,2.0346088682381961e-13,4.9321710072765341e-13,9.2834989442931210e-13,1.2939019030383162e-12,1.2020904636561865e-12
793,4.1492693683768026e-12,5.6955479679514564e-14,8.8020305459941188e-14,1.9774907856423312e-13,4.7926396612891141e-13,9.0204272332294888e-13,1.2572241315487081e-12,1.1680136836725453e-12
794,4.0318863459755438e-12,5.5411814639554731e-14,8.5601353234213622e-14,1.9219760439259924e-13,4.6570556635352277e-13,8.7648103653628431e-13,1.2215860564124523e-12,1.1349029144069167e-12
795,3.9178240947088531e-12,5.3909899090350638e-14,8.3248811888553794e-14,1.8680196405666119e-13,4.5253073433507199e-13,8.5164370867691431e-13,1.1869582054609442e-12,1.1027307712003575e-12
796,3.8069886698076962e-12,5.2448606511996859e-14,8.0960860087321487e-14,1.8155778360486349e-13,4.3972861892396950e-13,8.2751021300240569e-13,1.1533119419740280e-12,1.0714706457031108e-12
797,3.6992887842048988e-12,5.1026840703313748e-14,7.8735726388824530e-14,1.7646081184204204e-13,4.2728867595014894e-13,8.0406060445572040e-13,1.1206194409974089e-12,1.0410966838674400e-12
798,3.5946357333486415e-12,4.9643534968183805e-14,7.6571687880176643e-14,1.7150691688456601e-13,4.1520065953860366e-13,7.8127550318138026e-13,1.0888536663313970e-12,1.0115837645643338e-12
799,3.4929433221429801e-12,4.8297651323654976e-14,7.4467068849458241e-14,1.6669208281214135e-13,4.0345461367060456e-13,7.5913607850875767e-13,1.0579883481719620e-12,9.8290747880640130e-13
800,3.3941277939552231e-12,4.6988179729230616e-14,7.2420239494162057e-14,1.6201240641356445e-13,3.9204086398365304e-13,7.3762403338924915e-13,1.0279979613855996e-12,9.5504410955976439e-13
801,3.2981077616316917e-12,4.5714137336781301e-14,7.0429614664933384e-14,1.5746409402378942e-13,3.8095000980341333e-13,7.1672158927447024e-13,9.9885770440004907e-13,9.2797061212825490e-13
802,3.2048041404650505e-12,4.4474567760528837e-14,6.8493652643642157e-14,1.5304345844974696e-13,3.7017291640106151e-13,6.9641147142297578e-13,9.7054347869340103e-13,9.0166459509369416e-13
803,3.1141400830579940e-12,4.3268540366566875e-14,6.6610853954849468e-14,1.4874691598242534e-13,3.5970070746967466e-13,6.7667689462336068e-13,9.4303186886463150e-13,8.7610430179648567e-13
804,3.0260409160296419e-12,4.2095149581397474e-14,6.4779760209757466e-14,1.4457098349279233e-13,3.4952475781346337e-13,6.5750154932194127e-13,9.1630012326908328e-13,8.5126859234120677e-13
805,2.9404340785125136e-12,4.0953514218976298e-14,6.2998952981755947e-14,1.4051227560920688e-13,3.3963668624382634e-13,6.3886958814355212e-13,8.9032613520287804e-13,8.2713692611231770e-13
806,2.8572490623894252e-12,3.9842776825772719e-14,6.1267052712703328e-14,1.3656750197403272e-13,3.3002834867637533e-13,6.2076561279432017e-13,8.6508842462069892e-13,8.0368934478552219e-13
807,2.7764173542210935e-12,3.8762103043364375e-14,5.9582717649102982e-14,1.3273346457723299e-13,3.2069183142324629e-13,6.0317466133558901e-13,8.4056612037182361e-13,7.8090645582073438e-13
808,2.6978723788165999e-12,3.7710680988098123e-14,5.7944642807359013e-14,1.2900705516478535e-13,3.1161944467517114e-13,5.8608219581847631e-13,8.1673894293971682e-13,7.5876941642299298e-13
809,2.6215494444002566e-12,3.6687720647362388e-14,5.6351558967317693e-14,1.2538525271981834e-13,3.0280371616794169e-13,5.6947409026884496e-13,7.9358718767090867e-13,7.3725991795806270e-13
810,2.5473856893297046e-12,3.5692453292027274e-14,5.4802231693322339e-14,1.2186512101442864e-13,2.9423738502804972e-13,5.5333661901275961e-13,7.7109170847928727e-13,7.1636017080982966e-13
811,2.4753200303213547e-12,3.4724130904621135e-14,5.3295460382030589e-14,1.1844380623019618e-13,2.8591339579243473e-13,5.3765644533277448e-13,7.4923390201233026e-13,6.9605288966696723e-13
812,2.4052931121405374e-12,3.3782025622823536e-14,5.1830077336263349e-14,1.1511853464546961e-13,2.7782489259741259e-13,5.2242061044568469e-13,7.2799569226617982e-13,6.7632127922670362e-13
813,2.3372472587149168e-12,3.2865429197865783e-14,5.0404946864174930e-14,1.1188661038754825e-13,2.6996521353199988e-13,5.0761652279262474e-13,7.0735951563683715e-13,6.5714902030386607e-13
814,2.2711264256309132e-12,3.1973652467441007e-14,4.9018964403052708e-14,1.0874541324794047e-13,2.6232788515098316e-13,4.9323194763266596e-13,6.8730830639511502e-13,6.3852025633371461e-13
815,2.2068761539739988e-12,3.1106024842736390e-14,4.7671055667074135e-14,1.0569239655892782e-13,2.5490661714321366e-13,4.7925499693131337e-13,6.6782548257333450e-13,6.2041958025739867e-13
816,2.1444435254748579e-12,3.0261893809210477e-14,4.6360175818366705e-14,1.0272508512971534e-13,2.4769529715073590e-13,4.6567411953554151e-13,6.4889493225209568e-13,6.0283202177919248e-13
817,2.0837771189244632e-12,2.9440624440748522e-14,4.5085308660734741e-14,9.9841073240496083e-14,2.4068798573448396e-13,4.5247809162725282e-13,6.3050100023577814e-13,5.8574303498496878e-13
818,2.0248269678221671e-12,2.8641598926838516e-14,4.3845465855433887e-14,9.7038022692804732e-14,2.3387891148239764e-13,4.3965600744726612e-13,6.1262847510575584e-13,5.6913848631167040e-13
819,1.9675445192219400e-12,2.7864216112420163e-14,4.2639686158391319e-14,9.4313660914580874e-14,2.2726246625593120e-13,4.2719727028216960e-13,5.9526257664061743e-13,5.5300464285782939e-13
820,1.9118825937428399e-12,2.7107891050068224e-14,4.1467034678285959e-14,9.1665779118407137e-14,2.2083320057103754e-13,4.1509158370658986e-13,5.7838894359298636e-13,5.3732816102546498e-13
821,1.8577953467107956e-12,2.6372054564180721e-14,4.0326602154918969e-14,8.9092230511430091e-14,2.1458581910982562e-13,4.0332894307363829e-13,5.6199362181283492e-13,5.2209607548396702e-13
822,1.8052382303996855e-12,2.5656152826851279e-14,3.9217504257320461e-14,8.6590928555513322e-14,2.0851517635919242e-13,3.9189962724650124e-13,5.4606305270747003e-13,5.0729578844683671e-13
823,1.7541679573406213e-12,2.4959646945113294e-14,3.8138880901053210e-14,8.4159845276214055e-14,2.0261627237283862e-13,3.8079419056434261e-13,5.3058406202864374e-13,4.9291505925241567e-13
824,1.7045424646692126e-12,2.4282012559252156e-14,3.7089895584189166e-14,8.1797009619212560e-14,1.9688424865317722e-13,3.7000345503587578e-13,5.1554384897752100e-13,4.7894199423998477e-13
825,1.6563208794814485e-12,2.3622739451889579e-14,3.6069734741448644e-14,7.9500505852863493e-14,1.9131438414974250e-13,3.5951850275415587e-13,5.0092997561848689e-13,4.6536503691286153e-13
826,1.6094634851696641e-12,2.2981331167552201e-14,3.5077607116006113e-14,7.7268472015574581e-14,1.8590209137080502e-13,3.4933066852632178e-13,4.8673035659304669e-13,4.5217295838035749e-13
827,1.5639316887108611e-12,2.2357304642444126e-14,3.4112743148479864e-14,7.5099098406755150e-14,1.8064291260498857e-13,3.3943153271219756e-13,4.7293324912530390e-13,4.3935484807069176e-13
828,1.5196879888804493e-12,2.1750189844150626e-14,3.3174394382636266e-14,7.2990626120111836e-14,1.7553251624977794e-13,3.2981291426583325e-13,4.5952724331075900e-13,4.2690010470718057e-13
829,1.4766959453652170e-12,2.1159529421007499e-14,3.2261832887351910e-14,7.0941345618103155e-14,1.7056669324389351e-13,3.2046686397423614e-13,4.4650125268038924e-13,4.1479842754023562e-13
830,1.4349201487500982e-12,2.0584878360877524e-14,3.1374350694389406e-14,6.8949595346398305e-14,1.6574135360059412e-13,3.1138565788770206e-13,4.3384450503221260e-13,4.0303980782792417e-13
831,1.3943261913540178e-12,2.0025803659082554e-14,3.0511259251554939e-14,6.7013760387217362e-14,1.6105252303905254e-13,3.0256179093631945e-13,4.2154653352275040e-13,3.9161452055804049e-13
832,1.3548806388907906e-12,1.9481883995246281e-14,2.9671888890817090e-14,6.5132271150462227e-14,1.5649633971103017e-13,2.9398797072736872e-13,4.0959716801102113e-13,3.8051311640484486e-13
833,1.3165510029317335e-12,1.8952709418809412e-14,2.8855588310978368e-14,6.3303602101577505e-14,1.5206905102015369e-13,2.8565711151849140e-13,3.9798652664790778e-13,3.6972641391381553e-13
834,1.2793057141473153e-12,1.8437881042985149e-14,2.8061724074501574e-14,6.1526270525111276e-14,1.4776701053117484e-13,2.7756232836164783e-13,3.8670500770394287e-13,3.5924549190795191e-13
835,1.2431140963057969e-12,1.7937010746929274e-14,2.7289680118104377e-14,5.9798835322973396e-14,1.4358667496666715e-13,2.6969693141302400e-13,3.7574328162875204e-13,3.4906168210934669e-13
836,1.2079463410074544e-12,1.7449720885904997e-14,2.6538857276745779e-14,5.8119895846418099e-14,1.3952460128868658e-13,2.6205442040418412e-13,3.6509228333559023e-13,3.3916656196992474e-13
837,1.1737734831335718e-12,1.6975644009228593e-14,2.5808672820638452e-14,5.6488090760804591e-14,1.3557744386299174e-13,2.5462847926989999e-13,3.5474320470458887e-13,3.2955194770541952e-13
838,1.1405673769899808e-12,1.6514422585787739e-14,2.5098560004931080e-14,5.4902096942215679e-14,1.3174195170348882e-13,2.4741297092821742e-13,3.4468748729851446e-13,3.2020988752682570e-13
839,1.1083006731255039e-12,1.6065708736929675e-14,2.4407967631714329e-14,5.3360628405040688e-14,1.2801496579463088e-13,2.4040193220844482e-13,3.3491681528501491e-13,3.1113265506372877e-13
840,1.0769467958062029e-12,1.5629163976522128e-14,2.3736359624013640e-14,5.1862435259653715e-14,1.2439341648956708e-13,2.3358956892287304e-13,3.2542310855949980e-13,3.0231274297407345e-13
841,1.0464799211268816e-12,1.5204458957994835e-14,2.3083214611441288e-14,5.0406302699342762e-14,1.2087432098189797e-13,2.2697025107815294e-13,3.1619851606296700e-13,2.9374285673508478e-13
842,1.0168749557418172e-12,1.4791273228174874e-14,2.2448025527188890e-14,4.8991050015668893e-14,1.1745478084895511e-13,2.2053850822237245e-13,3.0723540928924972e-13,2.8541590861020733e-13
843,9.8810751619719794e-13,1.4389294987733853e-14,2.1830299216050524e-14,4.7615529641457802e-14,1.1413197966458145e-13,2.1428902492398898e-13,2.9852637597631452e-13,2.7732501178707087e-13
844,9.6015390884824876e-13,1.3998220858069943e-14,2.1229556053174813e-14,4.6278626220648258e-14,1.1090318067944625e-13,2.0821663637887964e-13,2.9006421397639318e-13,2.6946347468163677e-13
845,9.3299111034450150e-13,1.3617755654452407e-14,2.0645329573252750e-14,4.4979255704243863e-14,1.0776572456698399e-13,2.0231632414187891e-13,2.8184192529987760e-13,2.6182479540381211e-13
846,9.0659674866713813e-13,1.3247612165260927e-14,2.0077166109855934e-14,4.3716364471635683e-14,1.0471702723310064e-13,1.9658321197927601e-13,2.7385271032805407e-13,2.5440265637995477e-13
847,8.8094908470278726e-13,1.2887510937156474e-14,1.9524624444647728e-14,4.2488928476583798e-14,1.0175457768784377e-13,1.9101256183884401e-13,2.6608996218988967e-13,2.4719091912782182e-13
848,8.5602699433860143e-13,1.2537180066024815e-14,1.8987275466197460e-14,4.1295952417165760e-14,9.8875935977282728e-14,1.8559976993407096e-13,2.5854726129821944e-13,2.4018361917964027e-13
849,8.3180995106386245e-13,1.2196354993538050e-14,1.8464701838135019e-14,4.0136468929019550e-14,9.6078731173896549e-14,1.8034036293935513e-13,2.5121837004081826e-13,2.3337496114909994e-13
850,8.0827800906379049e-13,1.1864778309183619e-14,1.7956497676390560e-14,3.9009537801227269e-14,9.3360659423813496e-14,1.7522999429302160e-13,2.4409722762196433e-13,2.2675931393818957e-13
851,7.8541178679162795e-13,1.1542199557614305e-14,1.7462268235270836e-14,3.7914245214204235e-14,9.0719482049294450e-14,1.7026444060510340e-13,2.3717794505022970e-13,2.2033120607991101e-13
852,7.6319245100547237e-13,1.1228375051176639e-14,1.6981629602130581e-14,3.6849702998976101e-14,8.8153023704897126e-14,1.6543959816691919e-13,2.3045480026835244e-13,2.1408532121302029e-13
853,7.4160170125670572e-13,1.0923067687478937e-14,1.6514208400403840e-14,3.5815047917243632e-14,8.5659170585802437e-14,1.6075147955956233e-13,2.2392223342116235e-13,2.0801649368505224e-13
854,7.2062175481724827e-13,1.0626046771863887e-14,1.6059641500766714e-14,3.4809440961652006e-14,8.3235868686827408e-14,1.5619621035849848e-13,2.1757484225764763e-13,2.0211970427999216e-13
855,7.0023533203322027e-13,1.0337087844654209e-14,1.5617575740209122e-14,3.3832066675697559e-14,8.0881122110690720e-14,1.5177002593154848e-13,2.1140737766335896e-13,1.9639007606706117e-13
856,6.8042564209294930e-13,1.0055972513043477e-14,1.5187667648799238e-14,3.2882132492720876e-14,7.8592991424137548e-14,1.4746926832760950e-13,2.0541473931945736e-13,1.9082287036718137e-13
857,6.6117636919760290e-13,9.7824882875075392e-15,1.4769583183930278e-14,3.1958868093450816e-14,7.6369592060569490e-14,1.4329038325354399e-13,1.9959197148481497e-13,1.8541348283378582e-13
858,6.4247165912305165e-13,9.5164284226153242e-15,1.4362997471844994e-14,3.1061524781578671e-14,7.4209092767864438e-14,1.3922991713673705e-13,1.9393425889768106e-13,1.8015743964473011e-13
859,6.2429610616190047e-13,9.2575917621210919e-15,1.3967594556238729e-14,3.0189374876856687e-14,7.2109714100107581e-14,1.3528451427089495e-13,1.8843692279352353e-13,1.7505039380215796e-13
860,6.0663474043492953e-13,9.0057825882233130e-15,1.3583067153747555e-14,2.9341711125229061e-14,7.0069726951991292e-14,1.3145091404272643e-13,1.8309541703575320e-13,1.7008812153725867e-13
861,5.8947301556149444e-13,8.7608104748783943e-15,1.3209116416133051e-14,2.8517846125517537e-14,6.8087451134677150e-14,1.2772594823721338e-13,1.7790532435613034e-13,1.6526651881694458e-13
862,5.7279679667873233e-13,8.5224901450605578e-15,1.2845451698980603e-14,2.7717111772196986e-14,6.6161253991946709e-14,1.2410653841924511e-13,1.7286235270174483e-13,1.6058159794955749e-13
863,5.5659234879970448e-13,8.2906413318619562e-15,1.2491790336733021e-14,2.6938858713809421e-14,6.4289549055501447e-14,1.2058969338945176e-13,1.6796233168554839e-13,1.5602948428679853e-13
864,5.4084632550088852e-13,8.0650886433300577e-15,1.2147857423886168e-14,2.6182455826577754e-14,6.2470794738304407e-14,1.1717250671213396e-13,1.6320120913750399e-13,1.5160641301915226e-13
865,5.2554575792970079e-13,7.8456614309419988e-15,1.1813385602178039e-14,2.5447289702792549e-14,6.0703493064887273e-14,1.1385215431324585e-13,1.5857504775349972e-13,1.4730872606215539e-13
866,5.1067804412299725e-13,7.6321936616183442e-15,1.1488114853607275e-14,2.4732764153557376e-14,5.8986188437577005e-14,1.1062589214644656e-13,1.5408002183925607e-13,1.4313286903093463e-13
867,4.9623093862775407e-13,7.4245237931812736e-15,1.1171792299121694e-14,2.4038299725489690e-14,5.7317466437626056e-14,1.0749105392529064e-13,1.4971241414653381e-13,1.3907538830051089e-13
868,4.8219254241538048e-13,7.2224946531647446e-15,1.0864172002821639e-14,2.3363333230985753e-14,5.5695952660258732e-14,1.0444504891968384e-13,1.4546861279902604e-13,1.3513292814943967e-13
869,4.6855129308135453e-13,7.0259533208867056e-15,1.0565014781527278e-14,2.2707317291668810e-14,5.4120311582673984e-14,1.0148535981478247e-13,1.4134510830539176e-13,1.3130222798442353e-13
870,4.5529595532211356e-13,6.8347510126957695e-15,1.0274088019563097e-14,2.2069719894650685e-14,5.2589245464072662e-14,9.8609540630567221e-14,1.3733849065696127e-13,1.2758011964360289e-13
871,4.4241561168135235e-13,6.6487429703071591e-15,9.9911654886167926e-15,2.1450023961247140e-14,5.1101493276802779e-14,9.5815214700372035e-14,1.3344544650771290e-13,1.2396352477629349e-13
872,4.2989965355810954e-13,6.4677883521449842e-15,9.7160271725337636e-15,2.0847726927797533e-14,4.9655829667743045e-14,9.3100072706697106e-14,1.2966275643418903e-13,1.2044945229700404e-13
873,4.1773777246923569e-13,6.2917501276101369e-15,9.4484590969120480e-15,2.0262340338249097e-14,4.8251063949068572e-14,9.0461870772682761e-14,1.2598729227308505e-13,1.1703499591162806e-13
874,4.0591995155904736e-13,6.1204949741952531e-15,9.1882531633664469e-15,1.9693389448175677e-14,4.6886039117568254e-14,8.7898428607667395e-14,1.2241601453431013e-13,1.1371733171376418e-13
875,3.9443645734917077e-13,5.9538931773703058e-15,8.9352069883339424e-15,1.9140412839910094e-14,4.5559630901705224e-14,8.5407627705295800e-14,1.1894596988737923e-13,1.1049371584917619e-13
876,3.8327783172178640e-13,5.7918185331643899e-15,8.6891237462962132e-15,1.8602962048478119e-14,4.4270746835636490e-14,8.2987409592689753e-14,1.1557428871905925e-13,1.0736148224646214e-13
877,3.7243488412966507e-13,5.6341482533713349e-15,8.4498120172982748e-15,1.8080601198031088e-14,4.3018325359428291e-14,8.0635774129233353e-14,1.1229818276024779e-13,1.0431804041205491e-13
878,3.6189868402658415e-13,5.4807628733086355e-15,8.2170856386457463e-15,1.7572906648482453e-14,4.1801334944726494e-14,7.8350777853567070e-14,1.0911494278012320e-13,1.0136087328773054e-13
879,3.5166055351188657e-13,5.3315461620611329e-15,7.9907635606662726e-15,1.7079466652061866e-14,4.0618773245161809e-14,7.6130532377424535e-14,1.0602193634565823e-13,9.8487535168852737e-14
880,3.4171206018312662e-13,5.1863850351426927e-15,7.7706697064239331e-15,1.6599881019508586e-14,3.9469666270790161e-14,7.3973202824984718e-14,1.0301660564464506e-13,9.5695649681631465e-14
881,3.3204501019091384e-13,5.0451694695109094e-15,7.5566328352784105e-15,1.6133760795633612e-14,3.8353067585888003e-14,7.1877006316449471e-14,1.0009646537043060e-13,9.2982907817722800e-14
882,3.2265144149023589e-13,4.9077924208716459e-15,7.3484864101836321e-15,1.5680727943987645e-14,3.7268057529442228e-14,6.9840210494593064e-14,9.7259100666613294e-14,9.0347066024544365e-14
883,3.1352361728270254e-13,4.7741497432118359e-15,7.1460684686235790e-15,1.5240415040379320e-14,3.6213742457692319e-14,6.7861132093066716e-14,9.4502165130001648e-14,8.7785944349727089e-14
884,3.0465401964430767e-13,4.6441401105007095e-15,6.9492214970856578e-15,1.4812464974995403e-14,3.5189254008101098e-14,6.5938135545273641e-14,9.1823378870182649e-14,8.5297424638168527e-14
885,2.9603534333346337e-13,4.5176649405011365e-15,6.7577923089747649e-15,1.4396530662881432e-14,3.4193748384147743e-14,6.4069631632666164e-14,8.9220526624095583e-14,8.2879448780196557e-14
886,2.8766048977420409e-13,4.3946283206344024e-15,6.5716319258738917e-15,1.3992274762548295e-14,3.3226405660354036e-14,6.2254076171346923e-14,8.6691455924052067e-14,8.0530017009394477e-14
887,2.7952256120960675e-13,4.2749369358431879e-15,6.3905954620596182e-15,1.3599369402476604e-14,3.2286429106971489e-14,6.0489968735889068e-14,8.4234075317686810e-14,7.8247186248680003e-14
888,2.7161485502061091e-13,4.1584999983990755e-15,6.2145420121833680e-15,1.3217495915297290e-14,3.1373044533773042e-14,5.8775851419320603e-14,8.1846352638367765e-14,7.6029068503269739e-14
889,2.6393085820555923e-13,4.0452291796022703e-15,6.0433345420317691e-15,1.2846344579432932e-14,3.0485499652408978e-14,5.7110307628248179e-14,7.9526313324634581e-14,7.3873829299200531e-14
890,2.5646424201591276e-13,3.9350385433226928e-15,5.8768397822817773e-15,1.2485614367990498e-14,2.9623063456801799e-14,5.5491960912124536e-14,7.7272038787275756e-14,7.1779686166115708e-14
891,2.4920885674372146e-13,3.8278444813329109e-15,5.7149281251685949e-15,1.2135012704701935e-14,2.8785025621069783e-14,5.3919473825691722e-14,7.5081664822694503e-14,6.9744907163062000e-14
892,2.4215872665655779e-13,3.7235656503847352e-15,5.5574735239865758e-15,1.1794255226714868e-14,2.7970695914483244e-14,5.2391546823660555e-14,7.2953380071250578e-14,6.7767809446077209e-14
893,2.3530804507574082e-13,3.6221229109825894e-15,5.4043533953455823e-15,1.1463065554041108e-14,2.7179403632971764e-14,5.0906917186712270e-14,7.0885424519303276e-14,6.5846757876384242e-14
894,2.2865116959379850e-13,3.5234392678080230e-15,5.2554485241072912e-15,1.1141175065476178e-14,2.6410497046714140e-14,4.9464357977934938e-14,6.8876088043717311e-14,6.3980163668040608e-14
895,2.2218261742722697e-13,3.4274398117509391e-15,5.1106429709280893e-15,1.0828322680808201e-14,2.5663342863355933e-14,4.8062677028832421e-14,6.6923708997626982e-14,6.2166483073924405e-14
896,2.1589706090072145e-13,3.3340516635043433e-15,4.9698239823371393e-15,1.0524254649139662e-14,2.4937325706412717e-14,4.6700715954067340e-14,6.5026672836289969e-14,6.0404216108970252e-14
897,2.0978932305915796e-13,3.2432039186805386e-15,4.8328819032802172e-15,1.0228724343150485e-14,2.4231847608429301e-14,4.5377349194124307e-14,6.3183410781893705e-14,5.8691905309599410e-14
898,2.0385437340371261e-13,3.1548275944078270e-15,4.6997100920617353e-15,9.9414920591356950e-15,2.3546327518477454e-14,4.4091483085101926e-14,6.1392398526210400e-14,5.7028134528317572e-14
899,1.9808732374860588e-13,3.0688555773679044e-15,4.5702048376193179e-15,9.6623248226555641e-15,2.2880200823586579e-14,4.2842054954864786e-14,5.9652154970027880e-14,5.5411527762483836e-14
900,1.9248342419506013e-13,2.9852225732351706e-15,4.4442652790669984e-15,9.3909961996407800e-15,2.2232918883713142e-14,4.1628032244808652e-14,5.7961240998313552e-14,5.3840748016281842e-14
901,1.8703805921915392e-13,2.9038650574802230e-15,4.3217933274449014e-15,9.1272861127994804e-15,2.1603948579865843e-14,4.0448411656512799e-14,5.6318258290098680e-14,5.2314496194951995e-14
902,1.8174674387035104e-13,2.8247212275008382e-15,4.2026935896149884e-15,8.8709806631774098e-15,2.0992771875014295e-14,3.9302218322574399e-14,5.4721848162098844e-14,5.0831510030370283e-14
903,1.7660512007757354e-13,2.7477309560447019e-15,4.0868732942440483e-15,8.6218719567265454e-15,2.0398885387419662e-14,3.8188505000939650e-14,5.3170690445114063e-14,4.9390563037084867e-14
904,1.7160895305977578e-13,2.6728357458891187e-15,3.9742422198167745e-15,8.3797579357416238e-15,1.9821799976035799e-14,3.7106351292065766e-14,5.1663502392279454e-14,4.7990463497947252e-14
905,1.6675412783806393e-13,2.5999786857438662e-15,3.8647126246232921e-15,8.1444422150279603e-15,1.9261040337639391e-14,3.6054862878266813e-14,5.0199037618263771e-14,4.6630053478498838e-14
906,1.6203664584648741e-13,2.5291044073442781e-15,3.7581991786670613e-15,7.9157339226677972e-15,1.8716144615357296e-14,3.5033170784614953e-14,4.8776085068538097e-14,4.5308207869297927e-14
907,1.5745262163871137e-13,2.4601590437024886e-15,3.6546188974405270e-15,7.6934475452560391e-15,1.8186664018268678e-14,3.4040430660785914e-14,4.7393468017862778e-14,4.4023833455394938e-14
908,1.5299827968785752e-13,2.3930901884856781e-15,3.5538910775173518e-15,7.4774027774800539e-15,1.7672162451768616e-14,3.3075822083255570e-14,4.6050043097163924e-14,4.2775868012186331e-14
909,1.4866995127687766e-13,2.3278468564909640e-15,3.4559372339114418e-15,7.2674243759215213e-15,1.7172216158388745e-14,3.2138547877270521e-14,4.4744699347995096e-14,4.1563279426899385e-14
910,1.4446407147689868e-13,2.2643794451874006e-15,3.3606810391543733e-15,7.0633420169618905e-15,1.6686413368779077e-14,3.1227833458032712e-14,4.3476357303801910e-14,4.0385064844981301e-14
911,1.4037717621105006e-13,2.2026396972963614e-15,3.2680482640441217e-15,6.8649901586762389e-15,1.6214353962563596e-14,3.0342926190553255e-14,4.2243968097229975e-14,3.9240249840686509e-14
912,1.3640589940135641e-13,2.1425806643823259e-15,3.1779667200192936e-15,6.6722079066036304e-15,1.5755649138790226e-14,2.9483094767646665e-14,4.1046512592737799e-14,3.8127887611176467e-14
913,1.3254697019634387e-13,2.0841566714268661e-15,3.0903662031143223e-15,6.4848388832851458e-15,1.5309921095703814e-14,2.8647628605551278e-14,3.9883000543797446e-14,3.7047058193465004e-14
914,1.2879721027707819e-13,2.0273232823593388e-15,3.0051784394523013e-15,6.3027311014638462e-15,1.4876802719578351e-14,2.7835837256676503e-14,3.8752469773985812e-14,3.5996867703562020e-14
915,1.2515353123941469e-13,1.9720372665185207e-15,2.9223370322333108e-15,6.1257368408439043e-15,1.4455937282352107e-14,2.7047049838991448e-14,3.7653985381289479e-14,3.4976447597185908e-14
916,1.2161293205030494e-13,1.9182565660200914e-15,2.8417774101772542e-15,5.9537125283089991e-15,1.4046978147816733e-14,2.6280614481583410e-14,3.6586638964964987e-14,3.3984953951433477e-14
917,1.1817249657606432e-13,1.8659402640055794e-15,2.7634367773813450e-15,5.7865186215028899e-15,1.3649588486118246e-14,2.5535897785927991e-14,3.5549547874315080e-14,3.3021566766813186e-14
918,1.1482939118056495e-13,1.8150485537489944e-15,2.6872540645534610e-15,5.6240194956778030e-15,1.3263440996334823e-14,2.4812284302425583e-14,3.4541854478759940e-14,3.2085489289064343e-14
919,1.1158086239137621e-13,1.7655427085980583e-15,2.6131698815836677e-15,5.4660833337189160e-15,1.2888217636902847e-14,2.4109176021771700e-14,3.3562725458599427e-14,3.1175947350201587e-14
920,1.0842423463192987e-13,1.7173850527275240e-15,2.5411264714172140e-15,5.3125820192557938e-15,1.2523609363669265e-14,2.3425991880740598e-14,3.2611351115880034e-14,3.0292188728239444e-14
921,1.0535690801784263e-13,1.6705389326827058e-15,2.4710676651933464e-15,5.1633910327741401e-15,1.2169315875354411e-14,2.2762167281974005e-14,3.1686944704796583e-14,2.9433482525067445e-14
922,1.0237635621558070e-13,1.6249686896919201e-15,2.4029388386152274e-15,5.0183893506436561e-15,1.1825045366215707e-14,2.2117153627377853e-14,3.0788741781074886e-14,2.8599118561961462e-14
923,9.9480124361702822e-14,1.5806396327271094e-15,2.3366868695172150e-15,4.8774593469801508e-15,1.1490514285708537e-14,2.1490417864741530e-14,2.9915999569797319e-14,2.7788406792230967e-14
924,9.6665827040968065e-14,1.5375180122924804e-15,2.2722600965966820e-15,4.7404866982623600e-15,1.1165447104946316e-14,2.0881442047204895e-14,2.9067996351148549e-14,2.7000676730516775e-14
925,9.3931146321642994e-14,1.4955709949215330e-15,2.2096082792784482e-15,4.6073602906261709e-15,1.0849576089767395e-14,2.0289722905209010e-14,2.8244030863573412e-14,2.6235276898267026e-14
926,9.1273829846390256e-14,1.4547666383633739e-15,2.1486825586807709e-15,4.4779721297610683e-15,1.0542641080221960e-14,1.9714771430576793e-14,2.7443421723853346e-14,2.5491574284932938e-14
927,8.8691688977165661e-14,1.4150738674397403e-15,2.0894354196527004e-15,4.3522172533358088e-15,1.0244389276297203e-14,1.9156112472379894e-14,2.6665506863621786e-14,2.4768953824438526e-14
928,8.6182596992596633e-14,1.3764624505546353e-15,2.0318206538534177e-15,4.2299936458823063e-15,9.9545750297043801e-15,1.8613284344257755e-14,2.5909642981852588e-14,2.4066817886491549e-14
929,8.3744487336356594e-14,1.3389029768389870e-15,1.9757933238449955e-15,4.1112021560687399e-15,9.6729596415562003e-15,1.8085838442864363e-14,2.5175205012868608e-14,2.3384585782314690e-14
930,8.1375351915093001e-14,1.3023668339131988e-15,1.9213097281707819e-15,3.9957464162948293e-15,9.3993111657679323e-15,1.7573338877127340e-14,2.4461585609430532e-14,2.2721693284388393e-14
931,7.9073239444507281e-14,1.2668261862509267e-15,1.8683273673923968e-15,3.8835327645440910e-15,9.1334042180203225e-15,1.7075362108012997e-14,2.3768194640478529e-14,2.2077592159808014e-14
932,7.6836253842223840e-14,1.2322539541278716e-15,1.8168049110590455e-15,3.7744701684297400e-15,8.8750197901269289e-15,1.6591496598499587e-14,2.3094458703111240e-14,2.1451749716869431e-14
933,7.4662552666125245e-14,1.1986237931397950e-15,1.7667021655835816e-15,3.6684701513726529e-15,8.6239450696530402e-15,1.6121342473469497e-14,2.2439820648398609e-14,2.0843648364508074e-14
934,7.2550345596866826e-14,1.1659100742744158e-15,1.7179800430004614e-15,3.5654467208515582e-15,8.3799732646375663e-15,1.5664511189239380e-14,2.1803739120636457e-14,2.0252785184226990e-14
935,7.0497892963321007e-14,1.1340878645222353e-15,1.6706005305814034e-15,3.4653162986672936e-15,8.1429034332735677e-15,1.5220625212454951e-14,2.1185688109661611e-14,1.9678671514159940e-14
936,6.8503504309736842e-14,1.1031329080117519e-15,1.6245266612852246e-15,3.3679976531645841e-15,7.9125403184071176e-15,1.4789317708085224e-14,2.0585156515857463e-14,1.9120832544925477e-14
937,6.6565537003434854e-14,1.0730216076549206e-15,1.5797224850189850e-15,3.2734118333564211e-15,7.6886941867182060e-15,1.4370232236258230e-14,2.0001647727490304e-14,1.8578806926937790e-14
938,6.4682394881890066e-14,1.0437310072890796e-15,1.5361530406881843e-15,3.1814821048976143e-15,7.4711806724512266e-15,1.3963022457687730e-14,1.9434679210026680e-14,1.8052146388849541e-14
939,6.2852526938089121e-14,1.0152387743019578e-15,1.4937843290143680e-15,3.0921338878556360e-15,7.2598206255663299e-15,1.3567351847447426e-14,1.8883782107092356e-14,1.7540415366811042e-14
940,6.1074426043078858e-14,9.8752318272671383e-16,1.4525832860991020e-15,3.0052946962282922e-15,7.0544399641865798e-15,1.3182893416856154e-14,1.8348500852742742e-14,1.7043190644239281e-14
941,5.9346627704653994e-14,9.6056309679432882e-16,1.4125177577138327e-15,2.9208940791592077e-15,6.8548695312193930e-15,1.2809329443244224e-14,1.7828392794724260e-14,1.6560061001798741e-14
942,5.7667708861161362e-14,9.3433795493100394e-16,1.3735564742957334e-15,2.8388635638034529e-15,6.6609449550341636e-15,1.2446351207377491e-14,1.7323027828414927e-14,1.6090626877304596e-14
943,5.6036286709427926e-14,9.0882775418855088e-16,1.3356690266301622e-15,2.7591365997970083e-15,6.4725065140813176e-15,1.2093658738322283e-14,1.6831988041141628e-14,1.5634500035266976e-14
944,5.4451017565846315e-14,8.8401303509608689e-16,1.2988258422009026e-15,2.6816485052850430e-15,6.2893990053413119e-15,1.1750960565540206e-14,1.6354867366579758e-14,1.5191303245803011e-14
945,5.2910595759680617e-14,8.5987486692165877e-16,1.2629981621898678e-15,2.6063364144652544e-15,6.1114716164952026e-15,1.1417973478008020e-14,1.5891271248949545e-14,1.4760669972651067e-14
946,5.1413752557680419e-14,8.3639483333273043e-16,1.2281580191084446e-15,2.5331392266037457e-15,5.9385778017115291e-15,1.1094422290163478e-14,1.5440816316731310e-14,1.4342244070029179e-14
947,4.9959255119117673e-14,8.1355501844475970e-16,1.1942782150431608e-15,2.4619975564821026e-15,5.7705751609471822e-15,1.0780039614483731e-14,1.5003130065629801e-14,1.3935679488086930e-14
948,4.8545905480385561e-14,7.9133799324738943e-16,1.1613323004988116e-15,2.3928536862355060e-15,5.6073253226628611e-15,1.0474565640508307e-14,1.4577850550525476e-14,1.3540639986707214e-14
949,4.7172539568323151e-14,7.6972680239805193e-16,1.1292945538226594e-15,2.3256515185428271e-15,5.4486938298565100e-15,1.0177747920124060e-14,1.4164626086157944e-14,1.3156798857421095e-14
950,4.5838026241453056e-14,7.4870495137306517e-16,1.0981399611937607e-15,2.2603365311307633e-15,5.2945500293208878e-15,9.8893411589346162e-15,1.3763114956294066e-14,1.2783838653205898e-14
951,4.4541266358342633e-14,7.2825639396656469e-16,1.0678441971619191e-15,2.1968557325551236e-15,5.1447669640340263e-15,9.6091070135419565e-15,1.3372985131140136e-14,1.2421450925942909e-14
952,4.3281191872321240e-14,7.0836552012787754e-16,1.0383836057211773e-15,2.1351576192234203e-15,4.9992212685939854e-15,9.3368138945725238e-15,1.2993913992764564e-14,1.2069335971317690e-14
953,4.2056764951807933e-14,6.8901714412819296e-16,1.0097351819031892e-15,2.0751921336239250e-15,4.8577930676117550e-15,9.0722367752851037e-15,1.2625588068303851e-14,1.1727202580951915e-14
954,4.0866977125525209e-14,6.7019649304763756e-16,9.8187655387619657e-16,2.0169106237273186e-15,4.7203658769786191e-15,8.8151570056023134e-15,1.2267702770731338e-14,1.1394767801561784e-14
955,3.9710848451894685e-14,6.5188919557409537e-16,9.5478596553574583e-16,1.9602658035280279e-15,4.5868265079266955e-15,8.5653621314119983e-15,1.1919962146974300e-14,1.1071756700943826e-14
956,3.8587426711930570e-14,6.3408127110535221e-16,9.2844225957364370e-16,1.9052117146932512e-15,4.4570649738035755e-15,8.3226457189891738e-15,1.1582078633171078e-14,1.0757902140594495e-14
957,3.7495786624966197e-14,6.1675911914636844e-16,9.0282486101203307e-16,1.8517036892885897e-15,4.3309743994843376e-15,8.0868071843934447e-15,1.1253772816865838e-14,1.0452944554775585e-14
958,3.6435029086567815e-14,5.9990950899370370e-16,8.7791376118981880e-16,1.7996983135500539e-15,4.2084509333462926e-15,7.8576516277008956e-15,1.0934773205944380e-14,1.0156631735842670e-14
959,3.5404280428007678e-14,5.8351956969933488e-16,8.5368950218903563e-16,1.7491533926730836e-15,4.0893936617339566e-15,7.6349896719334341e-15,1.0624816004119786e-14,9.8687186256590485e-15
960,3.4402691696686761e-14,5.6757678030631719e-16,8.3013316168907896e-16,1.7000279165900254e-15,3.9737045258438309e-15,7.4186373065525034e-15,1.0323644892782332e-14,9.5889671129226743e-15
961,3.3429437956914370e-14,5.5206896034893882e-16,8.0722633823705707e-16,1.6522820267083321e-15,3.8612882409605056e-15,7.2084157353878092e-15,1.0031010819033250e-14,9.3171458362384788e-15
962,3.2483717610468642e-14,5.3698426061022318e-16,7.8495113692284556e-16,1.6058769835825017e-15,3.7520522179775739e-15,7.0041512288753634e-15,9.7466717897269744e-15,9.0530299927731635e-15
963,3.1564751736378516e-14,5.2231115412981946e-16,7.6329015544773200e-16,1.5607751354935644e-15,3.6459064871387376e-15,6.8056749804827552e-15,9.4703926713516516e-15,8.7964011523342573e-15
964,3.0671783449383227e-14,5.0803842745551550e-16,7.4222647057585256e-16,1.5169398879106232e-15,3.5427636239362658e-15,6.6128229672029875e-15,9.2019449955823455e-15,8.5470470767196391e-15
965,2.9804077276541061e-14,4.9415517213178419e-16,7.2174362495790659e-16,1.4743356738097061e-15,3.4425386771057932e-15,6.4254358140015605e-15,8.9411067703461621e-15,8.3047615441881456e-15
966,2.8960918551473842e-14,4.8065077641895763e-16,7.0182561431693817e-16,1.4329279248258512e-15,3.3451490986581572e-15,6.2433586621048229e-15,8.6876622962430515e-15,8.0693441789060632e-15
967,2.8141612825748313e-14,4.6751491723679043e-16,6.8245687498623814e-16,1.3926830432150468e-15,3.2505146758906259e-15,6.0664410410206865e-15,8.4414019881704563e-15,7.8406002852284695e-15
968,2.7345485296909515e-14,4.5473755232634728e-16,6.6362227178970502e-16,1.3535683746032824e-15,3.1585574653215392e-15,5.8945367441859811e-15,8.2021222020043130e-15,7.6183406866783486e-15
969,2.6571880252695160e-14,4.4230891262430992e-16,6.4530708625526235e-16,1.3155521815006253e-15,3.0692017284939394e-15,5.7275037081376392e-15,7.9696250661930545e-15,7.4023815694903319e-15
970,2.5820160530973204e-14,4.3021949484395785e-16,6.2749700515218782e-16,1.2786036175588447e-15,2.9823738695953207e-15,5.5652038951079003e-15,7.7437183181253681e-15,7.1925443305896230e-15
971,2.5089706994957783e-14,4.1846005425723563e-16,6.1017810934346295e-16,1.2426927025517080e-15,2.8980023748421163e-15,5.4075031789464564e-15,7.5242151451363640e-15,6.9886554298804405e-15
972,2.4379918023271363e-14,4.0702159767246601e-16,5.9333686294449341e-16,1.2077902980576694e-15,2.8160177535790075e-15,5.2542712342753002e-15,7.3109340300206886e-15,6.7905462467217407e-15
973,2.3690209014433016e-14,3.9589537660241787e-16,5.7696010277978904e-16,1.1738680838252307e-15,2.7363524810445283e-15,5.1053814287846405e-15,7.1036986009248283e-15,6.5980529404715805e-15
974,2.3020011905364740e-14,3.8507288061757976e-16,5.6103502812942280e-16,1.1408985348018101e-15,2.6589409427558382e-15,4.9607107185808999e-15,6.9023374854944396e-15,6.4110163149847502e-15
975,2.2368774703519314e-14,3.7454583087962897e-16,5.4554919075731042e-16,1.1088548988074959e-15,2.5837193804668540e-15,4.8201395465002852e-15,6.7066841691561338e-15,6.2292816869516054e-15
976,2.1735961032244199e-14,3.6430617385022019e-16,5.3049048521357490e-16,1.0777111748355822e-15,2.5106258396552223e-15,4.6835517433038976e-15,6.5165768574164699e-15,6.0526987579692332e-15
977,2.1121049689007185e-14,3.5434607517035199e-16,5.1584713940346764e-16,1.0474420919622899e-15,2.4396001184948929e-15,4.5508344316727360e-15,6.3318583420643289e-15,5.8811214902391165e-15
978,2.0523534216119794e-14,3.4465791370569441e-16,5.0160770541552864e-16,1.0180230888485770e-15,2.3705837182722618e-15,4.4218779329232467e-15,6.1523758711659600e-15,5.7144079857885265e-15
979,1.9942922483605011e-14,3.3523427575338760e-16,4.8776105060186406e-16,9.8943029381741165e-16,2.3035197952050380e-15,4.2965756763663127e-15,5.9779810227452793e-15,5.5524203691157172e-15
980,1.9378736283865622e-14,3.2606794940594205e-16,4.7429634890362130e-16,9.6164050549035721e-16,2.2383531136241619e-15,4.1748241112347956e-15,5.8085295820448496e-15,5.3950246731618971e-15
981,1.8830510937819475e-14,3.1715191906798819e-16,4.6120307241492413e-16,9.3463117396777131e-16,2.1750300004802066e-15,4.0565226211068257e-15,5.6438814222661215e-15,5.2420907285156365e-15
982,1.8297794912177132e-14,3.0847936012173968e-16,4.4847098317872191e-16,9.0838038253735149e-16,2.1134983011367987e-15,3.9415734407541266e-15,5.4839003886902792e-15,5.0934920557581153e-15
983,1.7780149447546826e-14,3.0004363373714426e-16,4.3609012520818244e-16,8.8286682989620254e-16,2.0537073364146371e-15,3.8298815753466518e-15,5.3284541860838634e-15,4.9491057608601452e-15
984,1.7277148197060268e-14,2.9183828182280678e-16,4.2405081672743391e-16,8.5806981287200826e-16,1.9956078608507515e-15,3.7213547219467552e-15,5.1774142692960567e-15,4.8088124335444559e-15
985,1.6788376875221805e-14,2.8385702211387318e-16,4.1234364262563157e-16,8.3396920962929500e-16,1.9391520221385956e-15,3.6159031932280319e-15,5.0306557369571643e-15,4.6724960485292122e-15
986,1.6313432916691618e-14,2.7609374339316822e-16,4.0095944711848982e-16,8.1054546334717119e-16,1.8842933217155890e-15,3.5134398433557589e-15,4.8880572281903867e-15,4.5400438695710541e-15
987,1.5851925144721983e-14,2.6854250084197897e-16,3.8988932661158168e-16,7.8777956635530823e-16,1.8309865764656393e-15,3.4138799959677195e-15,4.7495008222514416e-15,4.4113463562283164e-15
988,1.5403473448973465e-14,2.6119751151697433e-16,3.7912462275986320e-16,7.6565304471529731e-16,1.7791878815050981e-15,3.3171413741958516e-15,4.6148719410130706e-15,4.2862970732673104e-15
989,1.4967708472445714e-14,2.5405314994984549e-16,3.6865691571803182e-16,7.4414794323488088e-16,1.7288545740215060e-15,3.2231440326709203e-15,4.4840592542137824e-15,4.1647926026367478e-15
990,1.4544271307265013e-14,2.4710394386634406e-16,3.5847801757647905e-16,7.2324681090290608e-16,1.6799451981353429e-15,3.1318102914539987e-15,4.3569545873924533e-15,4.0467324579374890e-15
991,1.4132813199077996e-14,2.4034457002148477e-16,3.4857996597773594e-16,7.0293268673319099e-16,1.6324194707558377e-15,3.0430646718401677e-15,4.2334528324326692e-15,3.9320190013169091e-15
992,1.3732995259808086e-14,2.3376985014776664e-16,3.3895501790845596e-16,6.8318908600582204e-16,1.5862382484027218e-15,2.9568338339813803e-15,4.1134518606428296e-15,3.8205573627191108e-15
993,1.3344488188538081e-14,2.2737474701335261e-16,3.2959564366211066e-16,6.6399998689472926e-16,1.5413634949665935e-15,2.8730465162769258e-15,3.9968524383001379e-15,3.7122553614242309e-15
994,1.2966972000288953e-14,2.2115436058722858e-16,3.2049452096770995e-16,6.4534981747069171e-16,1.4977582503813462e-15,2.7916334764814300e-15,3.8835581445886081e-15,3.6070234298119373e-15
995,1.2600135762471533e-14,2.1510392430844461e-16,3.1164452927998451e-16,6.2722344306923713e-16,1.4553866001828536e-15,2.7125274344816916e-15,3.7734752918632658e-15,3.5047745392860564e-15
996,1.2243677338793996e-14,2.0921880145661926e-16,3.0303874422659448e-16,6.0960615401319029e-16,1.4142136459288410e-15,2.6356630166950840e-15,3.6665128481745743e-15,3.4054241282990921e-15
997,1.1897303140414182e-14,2.0349448162096336e-16,2.9467043220805099e-16,5.9248365367991488e-16,1.3742054764555798e-15,2.5609767020435701e-15,3.5625823619890236e-15,3.3088900324170793e-15
998,1.1560727884131866e-14,1.9792657726515462e-16,2.8653304514615353e-16,5.7584204690357287e-16,1.3353291399477333e-15,2.4884067694586635e-15,3.4615978890436313e-15,3.2150924163669554e-15
999,1.1233674357421746e-14,1.9251082038546650e-16,2.7862021537686305e-16,5.5966782870299422e-16,1.2975526167983444e-15,2.4178932468739798e-15,3.3634759212738643e-15,3.1239537080102344e-15
1000,1.0915873190113699e-14,1.8724305925962389e-16,2.7092575068364167e-16,5.4394787332601979e-16,1.2608447932366181e-15,2.3493778616631980e-15,3.2681353177562086e-15,3.0353985341883890e-15
1001,1.0607062632532167e-14,1.8211925528392825e-16,2.6344362946740020e-16,5.2866942360143025e-16,1.2251754357017755e-15,2.2828039924824865e-15,3.1754972376082733e-15,2.9493536583868739e-15
1002,1.0306988339912030e-14,1.7713547989625962e-16,2.5616799604929810e-16,5.1382008058982590e-16,1.1905151659418699e-15,2.2181166224775956e-15,3.0854850747909472e-15,2.8657479201662340e-15
1003,1.0015403162913338e-14,1.7228791158262906e-16,2.4909315610274653e-16,4.9938779352506816e-16,1.1568354368170623e-15,2.1552622938169361e-15,2.9980243947586829e-15,2.7845121763102135e-15
1004,9.7320669440624050e-15,1.6757283296501641e-16,2.4221357221106312e-16,4.8536085003812161e-16,1.1241085087874201e-15,2.0941890635130769e-15,2.9130428729055269e-15,2.7055792436421805e-15
1005,9.4567463199515832e-15,1.6298662796829093e-16,2.3552385954732580e-16,4.7172786665537143e-16,1.0923074270658791e-15,2.0348464604961428e-15,2.8304702347559876e-15,2.6288838434625858e-15
1006,9.1892145290348248e-15,1.5852577906407176e-16,2.2901878167306703e-16,4.5847777956371004e-16,1.0614059994175475e-15,1.9771854439036519e-15,2.7502381978512839e-15,2.5543625475614932e-15
1007,8.9292512248607150e-15,1.5418686458944145e-16,2.2269324645254283e-16,4.4559983563490337e-16,1.0313787745870710e-15,1.9211583625523004e-15,2.6722804152829179e-15,2.4819537257615377e-15
1008,8.6766422945891392e-15,1.4996655613848515e-16,2.1654230207939957e-16,4.3308358370195859e-16,1.0022010213362868e-15,1.8667189155582192e-15,2.5965324208268658e-15,2.4115974949479230e-15
1009,8.4311796826421357e-15,1.4586161602467978e-16,2.1056113321265039e-16,4.2091886608041813e-16,9.7384870807490336e-16,1.8138221140731476e-15,2.5229315756330300e-15,2.3432356695433065e-15
1010,8.1926612193436755e-15,1.4186889481221351e-16,2.0474505721895553e-16,4.0909581032770421e-16,9.4629848306743129e-16,1.7624242441049089e-15,2.4514170164258511e-15,2.2768117133866107e-15
1011,7.9608904544072103e-15,1.3798532891436669e-16,1.9908952051828564e-16,3.9760482123383152e-16,9.1952765520005809e-16,1.7124828303914504e-15,2.3819296051732549e-15,2.2122706929759630e-15
1012,7.7356764951338919e-15,1.3420793825713454e-16,1.9359009503012612e-16,3.8643657303699103e-16,8.9351417529163047e-16,1.6639566012986074e-15,2.3144118801823055e-15,2.1495592320370963e-15
1013,7.5168338491881529e-15,1.3053382400632509e-16,1.8824247471745906e-16,3.7558200185769433e-16,8.6823661793335039e-16,1.6168054547125676e-15,2.2488080085811259e-15,2.0886254673796303e-15
1014,7.3041822718211807e-15,1.2696016635640877e-16,1.8304247222583485e-16,3.6503229834534016e-16,8.4367416384222632e-16,1.5709904248988560e-15,2.1850637401477834e-15,2.0294190060047310e-15
1015,7.0975466174164468e-15,1.2348422237944654e-16,1.7798601561491926e-16,3.5477890053124114e-16,8.1980658271374524e-16,1.5264736503004512e-15,2.1231263624479720e-15,1.9718908834286711e-15
1016,6.8967566952350161e-15,1.2010332393246660e-16,1.7306914517997477e-16,3.4481348688231460e-16,7.9661421655964523e-16,1.4832183422484176e-15,2.0629446572443727e-15,1.9159935231878251e-15
1017,6.7016471292418369e-15,1.1681487562170501e-16,1.6828801036080282e-16,3.3512796954980271e-16,7.7407796351706152e-16,1.4411887545591968e-15,2.0044688581416632e-15,1.8616806974916043e-15
1018,6.5120572218975316e-15,1.1361635282216734e-16,1.6363886673574324e-16,3.2571448780754798e-16,7.5217926211571347e-16,1.4003501539934320e-15,1.9476506094321332e-15,1.8089074889907942e-15
1019,6.3278308218035529e-15,1.1050529975101127e-16,1.5911807309839213e-16,3.1656540167450166e-16,7.3090007599017396e-16,1.3606687915519126e-15,1.8924429261078872e-15,1.7576302536296749e-15
1020,6.1488161950916430e-15,1.0747932759329000e-16,1.5472208861476409e-16,3.0767328571629347e-16,7.1022287902462743e-16,1.3221118745849165e-15,1.8388001550065564e-15,1.7078065845511954e-15
1021,5.9748659004516938e-15,1.0453611267863616e-16,1.5044747005868753e-16,2.9903092302083484e-16,6.9013064091788632e-16,1.2846475396918995e-15,1.7866779370583910e-15,1.6593952770253591e-15
1022,5.8058366676950852e-15,1.0167339470750435e-16,1.4629086912328104e-16,2.9063129934307018e-16,6.7060681315677142e-16,1.2482448263891366e-15,1.7360331706035131e-15,1.6123562943718083e-15
1023,5.6415892797534561e-15,9.8888975025627419e-17,1.4224902980642038e-16,2.8246759741412788e-16,6.5163531538630679e-16,1.2128736515235528e-15,1.6868239757489975e-15,1.5666507348484237e-15
1024,5.4819884580157593e-15,9.6180714945378937e-17,1.3831878586816048e-16,2.7453319141025395e-16,6.3320052216550298e-16,1.1785047844116003e-15,1.6390096597362994e-15,1.5222407994785629e-15
1025,5.3269027509091047e-15,9.3546534112768615e-17,1.3449705835813463e-16,2.6682164157704508e-16,6.1528725009781904e-16,1.1451098226826304e-15,1.5925506832903910e-15,1.4790897607903155e-15
1026,5.1762044256316827e-15,9.0984408918832624e-17,1.3078085321100632e-16,2.5932668900461819e-16,5.9788074532570413e-16,1.1126611688068043e-15,1.5474086279227824e-15,1.4371619324419352e-15
1027,5.0297693629485615e-15,8.8492370954214386e-17,1.2716725890810267e-16,2.5204225054948085e-16,5.8096667137892084e-16,1.0811320072881383e-15,1.5035461641613851e-15,1.3964226397083191e-15
1028,4.8874769549637014e-15,8.6068505505763153e-17,1.2365344420340936e-16,2.4496241389898407e-16,5.6453109736663766e-16,1.0504962825038387e-15,1.4609270206809408e-15,1.3568381908041278e-15
1029,4.7492100057840273e-15,8.3710950094010524e-17,1.2023665591215724e-16,2.3808143277435256e-16,5.4856048650356957e-16,1.0207286771716108e-15,1.4195159543084983e-15,1.3183758490198284e-15
1030,4.6148546349936974e-15,8.1417893050415380e-17,1.1691421676027943e-16,2.3139372226840387e-16,5.3304168496071292e-16,9.9180459142714604e-16,1.3792787208791206e-15,1.2810038056476189e-15
1031,4.4843001838591035e-15,7.9187572133297532e-17,1.1368352329306449e-16,2.2489385431417413e-16,5.1796191103149577e-16,9.6370012249449951e-16,1.3401820469177333e-15,1.2446911536748388e-15
1032,4.3574391241873339e-15,7.7018273181410304e-17,1.1054204384137834e-16,2.1857655328077547e-16,5.0330874460441625e-16,9.3639204493255460e-16,1.3021936021236880e-15,1.2094078622231105e-15
1033,4.2341669697630251e-15,7.4908328804130069e-17,1.0748731654387117e-16,2.1243669169291215e-16,4.8907011693350139e-16,9.0985779144124647e-16,1.2652819726352908e-15,1.1751247517120731e-15
1034,4.1143821902906834e-15,7.2856117107268703e-17,1.0451694742362955e-16,2.0646928607058506e-16,4.7523430069816039e-16,8.8407543421169080e-16,1.2294166350521821e-15,1.1418134697271664e-15
1035,3.9979861277715697e-15,7.0860060453542323e-17,1.0162860851777662e-16,2.0066949288560895e-16,4.6178990034424428e-16,8.5902366680479674e-16,1.1945679311940938e-15,1.1094464675715072e-15
1036,3.8848829152462962e-15,6.8918624256754454e-17,9.8820036058563848e-17,1.9503260463166357e-16,4.4872584269835834e-16,8.3468178654339252e-16,1.1607070435750967e-15,1.0779969774824667e-15
1037,3.7749793978361906e-15,6.7030315808779366e-17,9.6089028704537800e-17,1.8955404600469094e-16,4.3603136784769558e-16,8.1102967740331104e-16,1.1278059715730729e-15,1.0474389904941025e-15
1038,3.6681850560184063e-15,6.5193683138453944e-17,9.3433445820405362e-17,1.8422937019054058e-16,4.2369602027788009e-16,7.8804779338929518e-16,1.0958375082746901e-15,1.0177472349271413e-15
1039,3.5644119310715890e-15,6.3407313901512503e-17,9.0851205804256738e-17,1.7905425525685190e-16,4.1170964026152100e-16,7.6571714238198628e-16,1.0647752179767410e-15,9.8889715548871952e-16
1040,3.4635745526306791e-15,6.1669834300720849e-17,8.8340284460844517e-17,1.7402450064624683e-16,4.0006235549038607e-16,7.4401927044264498e-16,1.0345934143252377e-15,9.6086489296459835e-16
1041,3.3655898682911994e-15,5.9979908035390006e-17,8.5898713419651391e-17,1.6913602376798884e-16,3.8874457294429918e-16,7.2293624656263332e-16,1.0052671390741812e-15,9.3362726448705527e-16
1042,3.2703771752050378e-15,5.8336235279471234e-17,8.3524578596514478e-17,1.6438485668534318e-16,3.7774697099006898e-16,7.0245064784505702e-16,9.7677214144644560e-16,9.0716174436213695e-16
1043,3.1778580536113889e-15,5.6737551687456598e-17,8.1216018697608178e-17,1.5976714289595185e-16,3.6706049170393847e-16,6.8254554510631748e-16,9.4908485807970444e-16,8.8144644544041178e-16
1044,3.0879563022481097e-15,5.5182627427329257e-17,7.8971223764620064e-17,1.5527913420261167e-16,3.5667633341123269e-16,6.6320448888567904e-16,9.2218239354081607e-16,8.5646010101582043e-16
1045,3.0005978755902863e-15,5.3670266239829247e-17,7.6788433759986816e-17,1.5091718767191743e-16,3.4658594343706043e-16,6.4441149585128532e-16,8.9604250139255821e-16,8.3218204723764899e-16
1046,2.9157108228643339e-15,5.2199304523319537e-17,7.4665937191087535e-17,1.4667776267830264e-16,3.3678101106209899e-16,6.2615103559139358e-16,8.7064356579704705e-16,8.0859220602108458e-16
1047,2.8332252287873786e-15,5.0768610443557118e-17,7.2602069772323423e-17,1.4255741803108107e-16,3.2725346067765968e-16,6.0840801777990897e-16,8.4596458364063706e-16,7.8567106844221094e-16
1048,2.7530731559831339e-15,4.9377083067692505e-17,7.0595213124040698e-17,1.3855280918215791e-16,3.1799544513439727e-16,5.9116777970561181e-16,8.2198514716551061e-16,7.6339967860372300e-16
1049,2.6751885890268330e-15,4.8023651521839272e-17,6.8643793507283350e-17,1.3466068551214628e-16,3.0899933927918467e-16,5.7441607415477409e-16,7.9868542709360066e-16,7.4175961795800507e-16
1050,2.5995073800731298e-15,4.6707274171573359e-17,6.6746280593390076e-17,1.3087788769268707e-16,3.0025773367482938e-16,5.5813905763714821e-16,7.7604615622888689e-16,7.2073299007461493e-16
1051,2.5259671960221894e-15,4.5426937824739007e-17,6.4901186267476277e-17,1.2720134512283329e-16,2.9176342849745994e-16,5.4232327894559915e-16,7.5404861352450791e-16,7.0030240583957384e-16
1052,2.4545074671804563e-15,4.4181656955955280e-17,6.3107063464868829e-17,1.2362807343741882e-16,2.8350942760655534e-16,5.2695566803992656e-16,7.3267460860151201e-16,6.8045096907421953e-16
1053,2.3850693373738075e-15,4.2970472952233428e-17,6.1362505039587178e-17,1.2015517208539080e-16,2.7548893278273363e-16,5.1202352524568742e-16,7.1190646670644272e-16,6.6116226256173267e-16
1054,2.3175956154720106e-15,4.1792453379131355e-17,5.9666142663988462e-17,1.1677982197614124e-16,2.6769533812855366e-16,4.9751451075909447e-16,6.9172701409532470e-16,6.4242033446977664e-16
1055,2.2520307282845505e-15,4.0646691266887056e-17,5.8016645758719348e-17,1.1349928319192849e-16,2.6012222462771841e-16,4.8341663444931808e-16,6.7211956383195658e-16,6.2420968515802254e-16
1056,2.1883206747890459e-15,3.9532304415988143e-17,5.6412720452140624e-17,1.1031089276453334e-16,2.5276335485819912e-16,4.6971824594976209e-16,6.5306790198877165e-16,6.0651525435965075e-16
1057,2.1264129816545344e-15,3.8448434721648999e-17,5.4853108568413169e-17,1.0721206251434564e-16,2.4561266785492457e-16,4.5640802503012474e-16,6.3455627423885265e-16,5.8932240872622466e-16
1058,2.0662566600230170e-15,3.7394247516681723e-17,5.3336586643456862e-17,1.0420027695012919e-16,2.3866427411780604e-16,4.4347497224129092e-16,6.1656937282801309e-16,5.7261692972563890e-16
1059,2.0078021635136441e-15,3.6368930932260936e-17,5.1861964968015096e-17,1.0127309122776061e-16,2.3191245076098464e-16,4.3090839982531999e-16,5.9909232391617327e-16,5.5638500188312938e-16
1060,1.9510013474149739e-15,3.5371695276095818e-17,5.0428086657079116e-17,9.8428129166286961e-17,2.2535163679930708e-16,4.1869792288302112e-16,5.8211067527755872e-16,5.4061320135562486e-16
1061,1.8958074290316784e-15,3.4401772427536405e-17,4.9033826744946388e-17,9.5663081319692321e-17,2.1897642856814775e-16,4.0683345079181417e-16,5.6561038434955526e-16,5.2528848482998596e-16
1062,1.8421749491530454e-15,3.3458415249153509e-17,4.7678091305207805e-17,9.2975703102809176e-17,2.1278157527280293e-16,3.9530517886678463e-16,5.4957780662033386e-16,5.1039817873595355e-16
1063,1.7900597346115367e-15,3.2540897014344550e-17,4.6359816594977316e-17,9.0363812969854732e-17,2.0676197466379418e-16,3.8410358025804169e-16,5.3399968434564063e-16,4.9592996876488330e-16
1064,1.7394188619005667e-15,3.1648510850529451e-17,4.5077968222696904e-17,8.7825290644114000e-17,2.0091266883451684e-16,3.7321939807768174e-16,5.1886313558542900e-16,4.8187188968559883e-16
1065,1.6902106218215384e-15,3.0780569197512755e-17,4.3831540338867875e-17,8.5358075397334210e-17,1.9522884013777340e-16,3.6264363774985271e-16,5.0415564355125674e-16,4.6821231544894059e-16
1066,1.6423944851310115e-15,2.9936403280599467e-17,4.2619554849077439e-17,8.2960164377434132e-17,1.8970580721782859e-16,3.5236755957759515e-16,4.8986504625564934e-16,4.5493994957282725e-16
1067,1.5959310691597183e-15,2.9115362598063572e-17,4.1441060648706856e-17,8.0629610983172248e-17,1.8433902115471729e-16,3.4238267152031972e-16,4.7597952645486272e-16,4.4204381579987590e-16
1068,1.5507821053759271e-15,2.8316814422578609e-17,4.0295132878724304e-17,7.8364523284454887e-17,1.7912406171763088e-16,3.3268072217594933e-16,4.6248760187673163e-16,4.2951324901985739e-16
1069,1.5069104078664387e-15,2.7540143316230982e-17,3.9180872201982031e-17,7.6163062487003127e-17,1.7405663372429472e-16,3.2325369396192857e-16,4.4937811572552244e-16,4.1733788644947692e-16
1070,1.4642798427092596e-15,2.6784750658746193e-17,3.8097404099453398e-17,7.4023441440132773e-17,1.6913256350333935e-16,3.1409379648946405e-16,4.3664022745593757e-16,4.0550765906218631e-16
1071,1.4228552982127205e-15,2.6050054188568889e-17,3.7043878185860790e-17,7.1943923186436919e-17,1.6434779545675160e-16,3.0519346012551990e-16,4.2426340380864179e-16,3.9401278326094051e-16
1072,1.3826026559965342e-15,2.5335487556446946e-17,3.6019467544160589e-17,6.9922819552194536e-17,1.5969838871957362e-16,2.9654532973724868e-16,4.1223741009989917e-16,3.8284375278701076e-16
1073,1.3434887628909708e-15,2.4640499891179483e-17,3.5023368078366134e-17,6.7958489777361746e-17,1.5518051391409965e-16,2.8814225861368698e-16,4.0055230175811418e-16,3.7199133085816260e-16
1074,1.3054814036310047e-15,2.3964555377197945e-17,3.4054797884203597e-17,6.6049339184033887e-17,1.5079044999589629e-16,2.7997730255969361e-16,3.8919841610028163e-16,3.6144654252969777e-16
1075,1.2685492743229499e-15,2.3307132843658306e-17,3.3112996637110119e-17,6.4193817882298922e-17,1.4652458118904933e-16,2.7204371415724816e-16,3.7816636434154313e-16,3.5120066727204182e-16
1076,1.2326619566617196e-15,2.2667725364731186e-17,3.2197224997096306e-17,6.2390419512431403e-17,1.4237939400811262e-16,2.6433493718936896e-16,3.6744702383124151e-16,3.4124523175873762e-16
1077,1.1977898928774864e-15,2.2045839870785307e-17,3.1306764030009168e-17,6.0637680022407455e-17,1.3835147436430554e-16,2.5684460122204085e-16,3.5703153050905527e-16,3.3157200285888287e-16
1078,1.1639043613910981e-15,2.1440996770167780e-17,3.0440914644743569e-17,5.8934176479748309e-17,1.3443750475357731e-16,2.4956651633967595e-16,3.4691127157497161e-16,3.2217298082821355e-16
1079,1.1309774531582060e-15,2.0852729581292958e-17,2.9598997045963320e-17,5.7278525916729006e-17,1.3063426152422009e-16,2.4249466802975695e-16,3.3707787836703972e-16,3.1304039269320400e-16
1080,1.0989820486826171e-15,2.0280584574759345e-17,2.8780350201904654e-17,5.5669384208015033e-17,1.2693861222178205e-16,2.3562321221243405e-16,3.2752321944101154e-16,3.0416668582271041e-16
1081,1.0678917956799403e-15,1.9724120425221583e-17,2.7984331326846895e-17,5.4105444979816679e-17,1.2334751300909267e-16,2.2894647041097000e-16,3.1823939384614901e-16,2.9554452168184345e-16
1082,1.0376810873731292e-15,1.9182907872752190e-17,2.7210315377846311e-17,5.2585438549675845e-17,1.1985800615927590e-16,2.2245892505904044e-16,3.0921872459163694e-16,2.8716676976290157e-16
1083,1.0083250414020447e-15,1.8656529393434598e-17,2.6457694565340567e-17,5.1108130896025315e-17,1.1646721761968578e-16,2.1615521494101233e-16,3.0045375229819769e-16,2.7902650168834847e-16
1084,9.7979947932966777e-16,1.8144578878936417e-17,2.5725877877241516e-17,4.9672322656684492e-17,1.1317235464475872e-16,2.1003013076143148e-16,2.9193722902965955e-16,2.7111698548095558e-16
1085,9.5208090672808019e-16,1.7646661324818358e-17,2.5014290616145172e-17,4.8276848155479157e-17,1.0997070349583228e-16,2.0407861084005826e-16,2.8366211229937499e-16,2.6343167999637195e-16
1086,9.2514649382781767e-16,1.7162392527341163e-17,2.4322373949297419e-17,4.6920574456195297e-17,1.0685962720603642e-16,1.9829573692889401e-16,2.7562155924653646e-16,2.5596422951351692e-16
1087,8.9897405671464967e-16,1.6691398788539082e-17,2.3649584470964233e-17,4.5602400443099889e-17,1.0383656340841575e-16,1.9267673014774029e-16,2.6780892097756926e-16,2.4870845847832122e-16
1088,8.7354203905830579e-16,1.6233316629335009e-17,2.2995393776864798e-17,4.4321255927282193e-17,1.0089902222549471e-16,1.8721694703493338e-16,2.6021773706792582e-16,2.4165836639646999e-16
1089,8.4882949435809651e-16,1.5787792510478236e-17,2.2359288050335203e-17,4.3076100778090922e-17,9.8044584218546597e-17,1.8191187570998927e-16,2.5284173021973249e-16,2.3480812287092378e-16
1090,8.2481606869080514e-16,1.5354482561091896e-17,2.1740767659899752e-17,4.1865924078962359e-17,9.5270898394878342e-17,1.7675713214498817e-16,2.4567480107087190e-16,2.2815206278011277e-16
1091,8.0148198394664547e-16,1.4933052314622986e-17,2.1139346767935570e-17,4.0689743306954612e-17,9.2575680271488841e-17,1.7174845654161751e-16,2.3871102315120793e-16,2.2168468159281800e-16
1092,7.7880802153947161e-16,1.4523176451993278e-17,2.0554552950125039e-17,3.9546603535322448e-17,8.9956709993506873e-17,1.6688170981087900e-16,2.3194463798178238e-16,2.1540063081586257e-16
1093,7.5677550657782896e-16,1.4124538551755157e-17,1.9985926825398847e-17,3.8435576658485498e-17,8.7411830505858168e-17,1.6215287015255045e-16,2.2537005031293061e-16,2.0929471357085026e-16
1094,7.3536629248380649e-16,1.3736830847061624e-17,1.9433021696080739e-17,3.7355760638761275e-17,8.4938945776656289e-17,1.5755802973157595e-16,2.1898182349737866e-16,2.0336188029629196e-16
1095,7.1456274604702137e-16,1.3359753989264857e-17,1.8895403197952970e-17,3.6306278774251670e-17,8.2536019070853885e-17,1.5309339144863754e-16,2.1277467499449481e-16,1.9759722457156568e-16
1096,6.9434773290142878e-16,1.2993016817962871e-17,1.8372648959969087e-17,3.5286278987289078e-17,8.0201071272732315e-17,1.4875526580223941e-16,2.0674347200197865e-16,1.9199597905925734e-16
1097,6.7470460341299178e-16,1.2636336137318655e-17,1.7864348273348401e-17,3.4294933132864732e-17,7.7932179255848187e-17,1.4454006783971162e-16,2.0088322721137528e-16,1.8655351156252490e-16
1098,6.5561717896659054e-16,1.2289436498480950e-17,1.7370101769793620e-17,3.3331436326478127e-17,7.5727474299094151e-17,1.4044431419461326e-16,1.9518909468390342e-16,1.8126532119422701e-16
1099,6.3706973864087565e-16,1.1952049987940461e-17,1.6889521108580343e-17,3.2395006290862421e-17,7.3585140547569435e-17,1.3646462020808759e-16,1.8965636584318899e-16,1.7612703465464651e-16
1100,6.1904700626009034e-16,1.1623916021659893e-17,1.6422228672274025e-17,3.1484882721055340e-17,7.1503413516992446e-17,1.3259769713178876e-16,1.8428046558158864e-16,1.7113440261473127e-16
1101,6.0153413781219622e-16,1.1304781144820492e-17,1.5967857270836691e-17,3.0600326667300908e-17,6.9480578640423576e-17,1.2884034941007024e-16,1.7905694847688388e-16,1.6628329620186041e-16
1102,5.8451670922294251e-16,1.0994398837032096e-17,1.5526049853892285e-17,2.9740619935280973e-17,6.7514969856101199e-17,1.2518947203918743e-16,1.7398149511621789e-16,1.6156970358523061e-16
1103,5.6798070447580615e-16,1.0692529322857883e-17,1.5096459230925850e-17,2.8905064503190038e-17,6.5604968235228053e-17,1.2164204800133318e-16,1.6904990852423382e-16,1.5698972665803733e-16
1104,5.5191250406802027e-16,1.0398939387509044e-17,1.4678747799197974e-17,2.8092981955180386e-17,6.3749000648577446e-17,1.1819514577138506e-16,1.6425811069246205e-16,1.5253957781370823e-16
1105,5.3629887379318103e-16,1.0113402197568475e-17,1.4272587279161925e-17,2.7303712930717898e-17,6.1945538470821278e-17,1.1484591689430419e-16,1.5960213920708576e-16,1.4821557681352151e-16
1106,5.2112695384119647e-16,9.8356971266065261e-18,1.3877658457176742e-17,2.6536616589401594e-17,6.0193096321512726e-17,1.1159159363118334e-16,1.5507814397229606e-16,1.4401414774301949e-16
1107,5.0638424820659679e-16,9.5656095855555029e-18,1.3493650935315227e-17,2.5791070090812913e-17,5.8490230841686518e-17,1.0842948667199917e-16,1.5068238402652753e-16,1.3993181605469996e-16
1108,4.9205861439648532e-16,9.3029308577132297e-18,1.3120262888071433e-17,2.5066468088972455e-17,5.6835539505069252e-17,1.0535698291317846e-16,1.4641122444894102e-16,1.3596520569453941e-16
1109,4.7813825342965072e-16,9.0474579382495872e-18,1.2757200825777416e-17,2.4362222240994116e-17,5.5227659462920769e-17,1.0237154329814143e-16,1.4226113335359553e-16,1.3211103630997189e-16
1110,4.6461170011860668e-16,8.7989933780932599e-18,1.2404179364544443e-17,2.3677760729537952e-17,5.3665266421554752e-17,9.9470700719037719e-17,1.3822867896882397e-16,1.2836612053701456e-16
1111,4.5146781362655088e-16,8.5573451320793738e-18,1.2060921002548875e-17,2.3012527798674215e-17,5.2147073551614576e-17,9.6652057977941033e-17,1.3431052679939667e-16,1.2472736136429610e-16
1112,4.3869576829146965e-16,8.3223264112418678e-18,1.1727155902487831e-17,2.2365983302781992e-17,5.0671830428205640e-17,9.3913285805817378e-17,1.3050343686912698e-16,1.2119174957180794e-16
1113,4.2628504470982863e-16,8.0937555391376869e-18,1.1402621680034679e-17,2.1737602268116472e-17,4.9238322001011458e-17,9.1252120937630080e-17,1.2680426104163803e-16,1.1775636124226022e-16
1114,4.1422542107250606e-16,7.8714558120928409e-18,1.1087063198128921e-17,2.1126874466688988e-17,4.7845367593545233e-17,8.8666364241990417e-17,1.2320994041707529e-16,1.1441835534298441e-16
1115,4.0250696474583342e-16,7.6552553632634981e-18,1.0780232366939774e-17,2.0533304002114178e-17,4.6491819930712581e-17,8.6153878903808472e-17,1.1971750280261223e-16,1.1117497137638267e-16
1116,3.9112002409080776e-16,7.4449870304080906e-18,1.0481887949347040e-17,1.9956408907088116e-17,4.5176564193884633e-17,8.3712588658442423e-17,1.1632406025465699e-16,1.0802352709698046e-16
1117,3.8005522051374037e-16,7.2404882272692728e-18,1.0191795371787183e-17,1.9395720752170903e-17,4.3898517102703090e-17,8.1340476075886387e-17,1.1302680669072825e-16,1.0496141629319527e-16
1118,3.6930344074179182e-16,7.0416008184673553e-18,9.9097265403168003e-18,1.8850784265556154e-17,4.2656626022861144e-17,7.9035580893579817e-17,1.0982301556902471e-16,1.0198610663198587e-16
1119,3.5885582931703301e-16,6.8481709978094463e-18,9.6354596617496453e-18,1.8321156963518991e-17,4.1449868099125183e-17,7.6795998396459601e-17,1.0671003763376986e-16,9.9095137564600274e-17
1120,3.4870378130284923e-16,6.6600491699212183e-18,9.3687790697273877e-18,1.7806408791242473e-17,4.0277249412883517e-17,7.4619877842917024e-17,1.0368529872446721e-16,9.6286118291690405e-17
1121,3.3883893519668082e-16,6.4770898351106938e-18,9.1094750555881058e-18,1.7306121773731282e-17,3.9137804163527932e-17,7.2505420935358137e-17,1.0074629764725470e-16,9.3556725786109971e-17
1122,3.2925316604326243e-16,6.2991514773759278e-18,8.8573437039002888e-18,1.6819889676529129e-17,3.8030593872994148e-17,7.0450880334104046e-17,9.7890604106597720e-17,9.0904702871761141e-17
1123,3.1993857874268883e-16,6.1260964554708752e-18,8.6121867325337469e-18,1.6347317675964783e-17,3.6954706612805689e-17,6.8454558213402712e-17,9.5115856695610330e-17,8.8327856356900700e-17
1124,3.1088750154779673e-16,5.9577908969460507e-18,8.3738113371423446e-18,1.5888022038658978e-17,3.5909256252984907e-17,6.6514804858359191e-17,9.2419760943343339e-17,8.5824055220361926e-17
1125,3.0209247974550479e-16,5.7941045950828532e-18,8.1420300399369872e-18,1.5441629810032292e-17,3.4893381732212201e-17,6.4630017301624383e-17,8.9800087417423652e-17,8.3391228849192416e-17
1126,2.9354626951690966e-16,5.6349109086426687e-18,7.9166605426305553e-18,1.5007778511561077e-17,3.3906246348632552e-17,6.2798637998716229e-17,8.7254669880476502e-17,8.1027365326250105e-17
1127,2.8524183197108009e-16,5.4800866643539637e-18,7.6975255834398193e-18,1.4586115846535882e-17,3.2947037070725131e-17,6.1019153540878110e-17,8.4781403498805796e-17,7.8730509766341378e-17
