t,f_total,k_0,k_1,k_2,k_3,k_4,k_5,k_6
1,0.0000000000000000e+00,0.0000000000000000e+00,0.0000000000000000e+00,0.0000000000000000e+00,0.0000000000000000e+00,0.0000000000000000e+00,0.0000000000000000e+00,0.0000000000000000e+00
2,1.0249470664572091e-04,0.0000000000000000e+00,0.0000000000000000e+00,0.0000000000000000e+00,1.0249470664572091e-04,0.0000000000000000e+00,0.0000000000000000e+00,0.0000000000000000e+00
3,2.9833583207126372e-03,0.0000000000000000e+00,0.0000000000000000e+00,2.6980249163026278e-03,2.7919219264817860e-04,6.1412117618303840e-06,0.0000000000000000e+00,0.0000000000000000e+00
4,1.2465704155904409e-02,0.0000000000000000e+00,7.9623033465527800e-03,3.9898861622159705e-03,4.9404515508649489e-04,1.9248542310803533e-05,2.2094973835898588e-07,0.0000000000000000e+00
5,1.7041687335503881e-02,3.4788734079617141e-04,1.0940891837618727e-02,5.0102496553222900e-03,7.0269949456280053e-04,3.9050519897999747e-05,9.0130343154120822e-07,7.1838743545447690e-09
6,1.9684087722154676e-02,7.2651658352657002e-04,1.2307668164011239e-02,5.6755137578234117e-03,9.0760175942373382e-04,6.4541072030845268e-05,2.2149856240580035e-06,3.1399714817621467e-08
7,2.1150846898308671e-02,1.1113852193515019e-03,1.2706173502116924e-02,6.1328234976538174e-03,1.1014503438046646e-03,9.4676940930330720e-05,4.2559198656978261e-06,8.1474585730944418e-08
8,2.1966818658074028e-02,1.4694278831337304e-03,1.2644371697992226e-02,6.4364791443713709e-03,1.2810581240699215e-03,1.2827373052513470e-04,7.0444721775080684e-06,1.6360580413540102e-07
9,2.2381165579004228e-02,1.7945033139198173e-03,1.2341904755341821e-02,6.6256675605274994e-03,1.4440826768382738e-03,1.6418532262532236e-04,1.0541002913628597e-05,2.8094683787141537e-07
10,2.2533185499159194e-02,2.0842035341429891e-03,1.1917289900491609e-02,6.7258624201822987e-03,1.5893784672268098e-03,2.0135417265958229e-04,1.4663167966263645e-05,4.3383648964384731e-07
11,2.2504565258488023e-02,2.3390546926759896e-03,1.1433934246358130e-02,6.7561850554874901e-03,1.7166218249234852e-03,2.3884743201344855e-04,1.9301680084217745e-05,6.2032694526215885e-07
12,2.2347265084175463e-02,2.5605236761699914e-03,1.0927998912590801e-02,6.7316112665883150e-03,1.8260927573699550e-03,2.7586809655672992e-04,2.4333580350118310e-05,8.3679454954975784e-07
13,2.2096403931796307e-02,2.7506004200685817e-03,1.0420650822955712e-02,6.6642077682378198e-03,1.9184789145116595e-03,3.1175498024543682e-04,2.9632500919648172e-05,1.0785248574523075e-06
14,2.1776858333213373e-02,2.9115271502820257e-03,9.9244371038481344e-03,6.5637728485525709e-03,1.9947289887860369e-03,3.4597588641926990e-04,3.5076138410736866e-05,1.3402169146015743e-06
15,2.1406834233698203e-02,3.0456658405352841e-03,9.4466737149160561e-03,6.4382647731174034e-03,2.0559449630297749e-03,3.7811722107442458e-04,4.0551332854306040e-05,1.6163881709566665e-06
16,2.0999956413613966e-02,3.1554040943012340e-03,8.9913897909297633e-03,6.2941261225007844e-03,2.1033056716148347e-03,4.0787183972427788e-04,4.5957214378078854e-05,1.9016801649964974e-06
17,2.0566580052628299e-02,3.2430874249140774e-03,8.5605053045660490e-03,6.1365494337471994e-03,2.1380137048270585e-03,4.3502625407093381e-04,5.1206855508405400e-05,2.1910749945764506e-06
18,2.0114663939368026e-02,3.3109700642032520e-03,8.1545789513379242e-03,5.9696999237578915e-03,2.1612592433775681e-03,4.5944790770967281e-04,5.6227812414673758e-05,2.4800365670452961e-06
19,1.9650377983919470e-02,3.3611814176753695e-03,7.7732986936460934e-03,5.7969025011556192e-03,2.1741959318530772e-03,4.8107297469133722e-04,6.0961873497534891e-05,2.7645914004387041e-06
20,1.9178538965705261e-02,3.3957054132568057e-03,7.4158100047794686e-03,5.6207977111154854e-03,2.1779252389159459e-03,4.9989496437723082e-04,6.5364270456493186e-05,3.0413628038306866e-06
21,1.8702929547599521e-02,3.4163700982681646e-03,7.0809375542675588e-03,5.4434706910329493e-03,2.1734867852697339e-03,5.1595429790121563e-04,6.9402550324042912e-05,3.3075705358564709e-06
22,1.8226535079998166e-02,3.4248449802156637e-03,6.7673350022023513e-03,5.2665570208323721e-03,2.1618528743885513e-03,5.2932893754354098e-04,7.3055258759967064e-05,3.5610060557196904e-06
23,1.7751721117648632e-02,3.4226439205085682e-03,6.4735854673590530e-03,5.0913291109498113e-03,2.1439259916739952e-03,5.4012609034039157e-04,7.6310545283963198e-05,3.7999915328507186e-06
24,1.7280367517415185e-02,3.4111317780831682e-03,6.1982678497319614e-03,4.9187664220822153e-03,2.1205384041071001e-03,5.4847496499236192e-04,7.9164769403316750e-05,4.0233290150612210e-06
25,1.6813970418238747e-02,3.3915333927326853e-03,5.9399994471227326e-03,4.7496123962627781e-03,2.0924532434723089e-03,5.5452053227483160e-04,8.1621161742990918e-05,4.2302446304206028e-06
26,1.6353720300608728e-02,3.3649438510962738e-03,5.6974621435913943e-03,4.5844205503199811e-03,2.0603666284652079e-03,5.5841822050259294e-04,8.3688575206555390e-05,4.4203314267249909e-06
27,1.5900562139877877e-02,3.3323392732806196e-03,5.4694172822879420e-03,4.4235917770536004e-03,2.0249105003044541e-03,5.6032946669278038e-04,8.5380346838169444e-05,4.5934934203138287e-06
28,1.5455242097616092e-02,3.2945875922440466e-03,5.2547128263409591e-03,4.2674045365519017e-03,1.9866559304366660e-03,5.6041803895374716e-04,8.6713280481784792e-05,4.7498926069871709e-06
29,1.5018344049918919e-02,3.2524589769214580e-03,5.0522853485912966e-03,4.1160393076271635e-03,1.9461167192336281e-03,5.5884704475236925e-04,8.7706752741516895e-05,4.8899000514849863e-06
30,1.4590318409089595e-02,3.2066356824491135e-03,4.8611586374316673e-03,3.9695984073170052e-03,1.9037531488847192e-03,5.5577654185059088e-04,8.8381939468425681e-05,5.0140516880726526e-06
31,1.4171505072231085e-02,3.1577212061124097e-03,4.6804401700421619e-03,3.8281220706285592e-03,1.8599757869628604e-03,5.5136167289142226e-04,8.8761156488459058e-05,5.1230091052130620e-06
32,1.3762151868405344e-02,3.1062486942986444e-03,4.5093163226643529e-03,3.6916015072635455e-03,1.8151492626339010e-03,5.4575125011115133e-04,8.8867306106359324e-05,5.2175253273886599e-06
33,1.3362429532911229e-02,3.0526885909463153e-03,4.3470469159582834e-03,3.5599895106425946e-03,1.7695959573209566e-03,5.3908672289293923e-04,8.8723419724382526e-05,5.2984154257568827e-06
34,1.2972443982055637e-02,2.9974555474714761e-03,4.1929595006028114e-03,3.4332090811892485e-03,1.7235995672549547e-03,5.3150146743659050e-04,8.8352286431701366e-05,5.3665316688556688e-06
35,1.2592246471831823e-02,2.9409146323540799e-03,4.0464436517995599e-03,3.3111604352708008e-03,1.6774085077209599e-03,5.2312034439503546e-04,8.7776157440815235e-05,5.4227428505720234e-06
36,1.2221842082374226e-02,2.8833868888308574e-03,3.9069454452392363e-03,3.1937266989523119e-03,1.6312391386414638e-03,5.1405947670592146e-04,8.7016516611057354e-05,5.4679173933772724e-06
37,1.1861196864473237e-02,2.8251542939441588e-03,3.7739622199131316e-03,3.0807785281031026e-03,1.5852787989327169e-03,5.0442620588347757e-04,8.6093907885530281e-05,5.5029098111204112e-06
38,1.1510243905558810e-02,2.7664641733423155e-03,3.6470376866534599e-03,2.9721778503981736e-03,1.5396886432157959e-03,4.9431919064232767e-04,8.5027811186594239e-05,5.5285501201416758e-06
39,1.1168888513532186e-02,2.7075331250093872e-03,3.5257574095298640e-03,2.8677808879710521e-03,1.4946062792642375e-03,4.8382861685263571e-04,8.3836559100570408e-05,5.5456358044398555e-06
40,1.0837012672541228e-02,2.6485505024331909e-03,3.4097446659462744e-03,2.7674405899836378e-03,1.4501482082687983e-03,4.7303649245615200e-04,8.2537287487431511e-05,5.5549259657427979e-06
41,1.0514478891470972e-02,2.5896815042336131e-03,3.2986566774023955e-03,2.6710085806676098e-03,1.4064120727970066e-03,4.6201700510800571e-04,8.1145913943040060e-05,5.5571373193002174e-06
42,1.0201133540748445e-02,2.5310699133995829e-03,3.1921811942025096e-03,2.5783367092668645e-03,1.3634787193861674e-03,4.5083692396683911e-04,7.9677138797884539e-05,5.5529417285977626e-06
43,9.8968097539542006e-03,2.4728405253088863e-03,3.0900334123303013e-03,2.4892782728320327e-03,1.3214140841713152e-03,4.3955603026317149e-04,7.8144464043288186e-05,5.5429650052048474e-06
44,9.6013299561468323e-03,2.4151012998140033e-03,2.9919531981318307e-03,2.4036889702474889e-03,1.2802709109297396e-03,4.2822756406565924e-04,7.6560226225752363e-05,5.5277867323592872e-06
45,9.3145080695942167e-03,2.3579452689815243e-03,2.8977025955542850e-03,2.3214276356269977e-03,1.2400903115175749e-03,4.1689867707320178e-04,7.4935639938826797e-05,5.5079409018039015e-06
46,9.0361514389155680e-03,2.3014522286352568e-03,2.8070635909045335e-03,2.2423567908376589e-03,1.2009031789620890e-03,4.0561088332459900e-04,7.3280849069156539e-05,5.4839171822739177e-06
47,8.7660625108417125e-03,2.2456902387034882e-03,2.7198361110163391e-03,2.1663430500406958e-03,1.1627314635226178e-03,3.9440050147324931e-04,7.1604983420754350e-05,5.4561626645689279e-06
48,8.5040402984281338e-03,2.1907169545165375e-03,2.6358362320667446e-03,2.0932574034844176e-03,1.1255893218988869e-03,3.8329908375724076e-04,6.9916218752126601e-05,5.4250839521792036e-06
49,8.2498816552602060e-03,2.1365808086354241e-03,2.5548945778660994e-03,2.0229754031207917e-03,1.0894841494932643e-03,3.7233382803813364e-04,6.8221838618545913e-05,5.3910494879458268e-06
50,8.0033823817134489e-03,2.0833220605011742e-03,2.4768548881297175e-03,1.9553772687596646e-03,1.0544175052604624e-03,3.6152797031524975e-04,6.6528296720903352e-05,5.3543920262767845e-06
51,7.7643381824821622e-03,2.0309737291574958e-03,2.4015727389336845e-03,1.8903479302774182e-03,1.0203859382344191e-03,3.5090115597424462e-04,6.4841278727764839e-05,5.3154111771349232e-06
52,7.5325454922241684e-03,1.9795624224953757e-03,2.3289143992055749e-03,1.8277770187415370e-03,9.8738172433183373e-04,3.4046978872426850e-04,6.3165762763064200e-05,5.2743759625137675e-06
53,7.3078021841807552e-03,1.9291090748744435e-03,2.2587558086671808e-03,1.7675588171039084e-03,9.5539352151428176e-04,3.3024735673963608e-04,6.1506077942703659e-05,5.2315273386007866e-06
54,7.0899081749391246e-03,1.8796296035707742e-03,2.1909816641107241e-03,1.7095921792759975e-03,9.2440695086120316e-04,3.2024473596957263e-04,5.9865960503371802e-05,5.1870806474810771e-06
55,6.8786659370495707e-03,1.8311354932638098e-03,2.1254846022424070e-03,1.6537804248651900e-03,8.9440511057604791e-04,3.1047047093086649e-04,5.8248607200003841e-05,5.1412279712456395e-06
56,6.6738809299456622e-03,1.7836343166869905e-03,2.0621644685649763e-03,1.6000312155717486e-03,8.6536902942645026e-04,3.0093103356852903e-04,5.6656725758046740e-05,5.0941403689202792e-06
57,6.4753619585081988e-03,1.7371301986103056e-03,2.0009276628959157e-03,1.5482564181774554e-03,8.3727806561313851e-04,2.9163106097221988e-04,5.5092582256265284e-05,5.0459699828977882e-06
58,6.2829214676361766e-03,1.6916242294825348e-03,1.9416865531347986e-03,1.4983719581650244e-03,8.1011025657618538e-04,2.8257357288281984e-04,5.3558045388115112e-05,4.9968520067001017e-06
59,6.0963757803197778e-03,1.6471148343224320e-03,1.8843589498086820e-03,1.4502976672627409e-03,7.8384262478450352e-04,2.7376017002407539e-04,5.2054627607275815e-05,4.9469065100683803e-06
60,5.9155452859354276e-03,1.6035981017991326e-03,1.8288676347455897e-03,1.4039571275874265e-03,7.5845144411728640e-04,2.6519121435723781e-04,5.0583523208042226e-05,4.8962401207134945e-06
61,5.7402545847886430e-03,1.5610680778715151e-03,1.7751399379608774e-03,1.3592775145407441e-03,7.3391247103562834e-04,2.5686599238930143e-04,4.9145643425896274e-05,4.8449475646798254e-06
62,5.5703325943060869e-03,1.5195170278545244e-03,1.7231073574973047e-03,1.3161894401822957e-03,7.1020114435923782e-04,2.4878286267398218e-04,4.7741648669451733e-05,4.7931130692907752e-06
63,5.4056126217161826e-03,1.4789356703389675e-03,1.6727052175444263e-03,1.2746267984440299e-03,6.8729275710691096e-04,2.4093938863412018e-04,4.6371978013575013e-05,4.7408116341517113e-06
64,5.2459324075502071e-03,1.4393133860025862e-03,1.6238723606835034e-03,1.2345266132524372e-03,6.6516260352970772e-04,2.3333245780907797e-04,4.5036876096124799e-05,4.6881101767697866e-06
65,5.0911341438378971e-03,1.4006384040077585e-03,1.5765508705671276e-03,1.1958288903781225e-03,6.4378610416173255e-04,2.2595838859454668e-04,4.3736417568525753e-05,4.6350685600842291e-06
66,4.9410644704575186e-03,1.3628979683792239e-03,1.5306858217541549e-03,1.1584764736283406e-03,6.2313891143397275e-04,2.1881302549793983e-04,4.2470529254236721e-05,4.5817405096492516e-06
67,4.7955744527264687e-03,1.3260784864888300e-03,1.4862250537859233e-03,1.1224149058300980e-03,6.0319699814059596e-04,2.1189182388270408e-04,4.1239010169888900e-05,4.5281744284294306e-06
68,4.6545195429805678e-03,1.2901656615390354e-03,1.4431189669140802e-03,1.0875922949136311e-03,5.8393673081310108e-04,2.0518992512139148e-04,4.0041549562126951e-05,4.4744141172014873e-06
69,4.5177595285849585e-03,1.2551446107289871e-03,1.4013203371781723e-03,1.0539591852935628e-03,5.6533492984440798e-04,1.9870222302183324e-04,3.8877743109548133e-05,4.4204994084464717e-06
70,4.3851584685443076e-03,1.2209999706031141e-03,1.3607841487865307e-03,1.0214684346537262e-03,5.4736891801095947e-04,1.9242342233450900e-04,3.7747107434071055e-05,4.3664667213960230e-06
71,4.2565846206316024e-03,1.1877159909193841e-03,1.3214674419805440e-03,9.9007509616804812e-04,5.3001655886484081e-04,1.8634809009322642e-04,3.6649093059964588e-05,4.3123495455937445e-06
72,4.1319103607312486e-03,1.1552766182301492e-03,1.2833291747634064e-03,9.5973630613104823e-04,5.1325628630842924e-04,1.8047070048629748e-04,3.5583095951947242e-05,4.2581788599710181e-06
73,4.0110120958909085e-03,1.1236655702406310e-03,1.2463300970527091e-03,9.3041117692503139e-04,4.9706712651990644e-04,1.7478567390210792e-04,3.4548467756487910e-05,4.2039834940349303e-06
74,3.8937701723956988e-03,1.0928664018966063e-03,1.2104326359744654e-03,9.0206069521478255e-04,4.8142871326783021e-04,1.6928741074176485e-04,3.3544524862909770e-05,4.1497904373399927e-06
75,3.7800687800160705e-03,1.0628625640520637e-03,1.1756007911565018e-03,8.7464762523283934e-04,4.6632129753572350e-04,1.6397032054267678e-04,3.2570556393287585e-05,4.0956251029776116e-06
76,3.6697958534352192e-03,1.0336374554780004e-03,1.1418000390037493e-03,8.4813641699767683e-04,4.5172575227217353e-04,1.5882884691067651e-04,3.1625831222565194e-05,4.0415115503776428e-06
77,3.5628429717317442e-03,1.0051744688938365e-03,1.1089972450485297e-03,8.2249311929221780e-04,4.3762357298720981e-04,1.5385748871475888e-04,3.0709604122908539e-05,3.9874726722827967e-06
78,3.4591052566769276e-03,9.7745703163194982e-04,1.0771605835671299e-03,7.9768529721987915e-04,4.2399687483078854e-04,1.4905081795772113e-04,2.9821121119124209e-05,3.9335303503350040e-06
79,3.3584812705023206e-03,9.5046864148261051e-04,1.0462594637411459e-03,7.7368195414907162e-04,4.1082838671314433e-04,1.4440349469796690e-04,2.8959624135073676e-05,3.8797055833075881e-06
80,3.2608729137008885e-03,9.2419289821022246e-04,1.0162644617195439e-03,7.5045345785388110e-04,3.9810144295875446e-04,1.3991027936241819e-04,2.8124355004436787e-05,3.8260185916314221e-06
81,3.1661853233429043e-03,8.9861353118145487e-04,9.8714725800621910e-04,7.2797147065804108e-04,3.8579997292493396e-04,1.3556604275780432e-04,2.7314558912951927e-05,3.7724889014992681e-06
82,3.0743267723148957e-03,8.7371442350092068e-04,9.5888057965902212e-04,7.0620888339066764e-04,3.7390848896193344e-04,1.3136577405746083e-04,2.6529487333399410e-05,3.7191354114916022e-06
83,2.9852085698254789e-03,8.4947963300990891e-04,9.3143814684063517e-04,6.8513975296521142e-04,3.6241207304320034e-04,1.2730458701306802e-04,2.5768400509105171e-05,3.6659764443499680e-06
84,2.8987449634649350e-03,8.2589341046775892e-04,9.0479462331007705e-04,6.6473924339727805e-04,3.5129636235161087e-04,1.2337772461535595e-04,2.5030569536623564e-05,3.6130297862304533e-06
85,2.8148530430551532e-03,8.0294021520332904e-04,8.7892557048669274e-04,6.4498357008211716e-04,3.4054753406943176e-04,1.1958056240457777e-04,2.4315278093504557e-05,3.5603127154998825e-06
86,2.7334526464824213e-03,7.8060472849522775e-04,8.5380740475681915e-04,6.2584994715842173e-04,3.3015228958604731e-04,1.1590861061036326e-04,2.3621823852652053e-05,3.5078420228901692e-06
87,2.6544662676668165e-03,7.5887186491367957e-04,8.2941735772746792e-04,6.0731653779141762e-04,3.2009783830764393e-04,1.1235751528128382e-04,2.2949519620723006e-05,3.4556340246010641e-06
88,2.5778189667881013e-03,7.3772678183376447e-04,8.0573343916179644e-04,5.8936240721489566e-04,3.1037188122667479e-04,1.0892305854694617e-04,2.2297694234286744e-05,3.4037045697372864e-06
89,2.5034382828585089e-03,7.1715488730900959e-04,7.8273440235824263e-04,5.7196747837870226e-04,3.0096259438566682e-04,1.0560115813956325e-04,2.1665693244042890e-05,3.3520690432815081e-06
90,2.4312541487071884e-03,6.9714184647567512e-04,7.6039971175939419e-04,5.5511249005516493e-04,2.9185861234945146e-04,1.0238786628759631e-04,2.1052879414267469e-05,3.3007423656387152e-06
91,2.3611988084188897e-03,6.7767358664132292e-04,7.3870951259823159e-04,5.3877895726488743e-04,2.8304901178190223e-04,9.9279368081104044e-05,2.0458633061802185e-05,3.2497389896387965e-06
92,2.2932067372503648e-03,6.5873630119620409e-04,7.1764460240863592e-04,5.2294913388923898e-04,2.7452329520747260e-04,9.6271979396758857e-05,1.9882352256302690e-05,3.1990728957515639e-06
93,2.2272145640315983e-03,6.4031645247245321e-04,6.9718640424425995e-04,5.0760597734363371e-04,2.6627137502401157e-04,9.3362144459988261e-05,1.9323452901101199e-05,3.1487575861505024e-06
94,2.1631609960449869e-03,6.2240077366388594e-04,6.7731694146521033e-04,4.9273311519229892e-04,2.5828355782126498e-04,9.0546433112270925e-05,1.8781368711898333e-05,3.0988060781572276e-06
95,2.1009867463638002e-03,6.0497626990821732e-04,6.5801881396573988e-04,4.7831481359164450e-04,2.5055052904896381e-04,8.7821537843165524e-05,1.8255551108562899e-05,3.0492308975066512e-06
96,2.0406344636212880e-03,5.8803021862362259e-04,6.3927517572841437e-04,4.6433594745553234e-04,2.4306333806926623e-04,8.5184270639090406e-05,1.7745469033569620e-05,3.0000440717921532e-06
97,1.9820486641735145e-03,5.7155016918264293e-04,6.2106971360122729e-04,4.5078197224170298e-04,2.3581338362041386e-04,8.2631559694118934e-05,1.7250608709028636e-05,2.9512571243795541e-06
98,1.9251756666122171e-03,5.5552394199839133e-04,6.0338662720397043e-04,4.3763889726432237e-04,2.2879239971163699e-04,8.0160446022036136e-05,1.6770473342842316e-05,2.9028810690173714e-06
99,1.8699635285783919e-03,5.3993962709075142e-04,5.8621060987898617e-04,4.2489326044307235e-04,2.2199244196346941e-04,7.7768080003543698e-05,1.6304582793251150e-05,2.8549264053178308e-06
100,1.8163619858229255e-03,5.2478558219370606e-04,5.6952683060933825e-04,4.1253210440440457e-04,2.1540587440260867e-04,7.5451717897742385e-05,1.5852473199888124e-05,2.8074031152374881e-06
101,1.7643223934571228e-03,5.1005043045900650e-04,5.5332091683452621e-04,4.0054295385553486e-04,2.0902535671616751e-04,7.3208718342801442e-05,1.5413696588438857e-05,2.7603206606473462e-06
102,1.7137976693333821e-03,4.9572305780604272e-04,5.3757893810023381e-04,3.8891379415644374e-04,2.0284383196653030e-04,7.1036538866991084e-05,1.4987820455091010e-05,2.7136879820492488e-06
103,1.6647422394943949e-03,4.8179260996293079e-04,5.2228739048432301e-04,3.7763305101960813e-04,1.9685451476496643e-04,6.8932732427957338e-05,1.4574427336141869e-05,2.6675134984674736e-06
104,1.6171119856280101e-03,4.6824848923945780e-04,5.0743318174641832e-04,3.6668957127139918e-04,1.9105087989959178e-04,6.6894943995214246e-05,1.4173114367407446e-05,2.6218051085211831e-06
105,1.5708641944641999e-03,4.5508035106856171e-04,4.9300361715305587e-04,3.5607260461306461e-04,1.8542665141114763e-04,6.4920907188274163e-05,1.3783492837431513e-05,2.5765701926642016e-06
106,1.5259575090503465e-03,4.4227810034943579e-04,4.7898638593453030e-04,3.4577178632297042e-04,1.7997579210832831e-04,6.3008440980597650e-05,1.3405187737921195e-05,2.5318156165629347e-06
107,1.4823518818412047e-03,4.2983188762210043e-04,4.6536954833331548e-04,3.3577712084532262e-04,1.7469249351298064e-04,6.1155446477585826e-05,1.3037837314329063e-05,2.4875477355707138e-06
108,1.4400085295404072e-03,4.1773210510034339e-04,4.5214152320732505e-04,3.2607896621392749e-04,1.6957116622438059e-04,5.9359903775129041e-05,1.2681092619054322e-05,2.4437724002470042e-06
109,1.3988898896311365e-03,4.0596938258726038e-04,4.3929107615431779e-04,3.1666801926268963e-04,1.6460643069092447e-04,5.7619868903740874e-05,1.2334617069340967e-05,2.4004949628623959e-06
110,1.3589595785345988e-03,3.9453458329521534e-04,4.2680730812651228e-04,3.0753530157750543e-04,1.5979310837691880e-04,5.5933470862018417e-05,1.1998086011603699e-05,2.3577202848247947e-06
111,1.3201823513361041e-03,3.8341879958984595e-04,4.1467964450696211e-04,2.9867214614698578e-04,1.5512621331168522e-04,5.4298908742059061e-05,1.1671186293607614e-05,2.3154527449584315e-06
112,1.2825240630199206e-03,3.7261334867575330e-04,4.0289782462149353e-04,2.9007018467205241e-04,1.5060094400788732e-04,5.2714448948508276e-05,1.1353615845660961e-05,2.2736962485649708e-06
113,1.2459516311555145e-03,3.6210976823971446e-04,3.9145189166204657e-04,2.8172133549690350e-04,1.4621267573581190e-04,5.1178422512095559e-05,1.1045083271747367e-05,2.2324542371948906e-06
114,1.2104329999793454e-03,3.5189981206561839e-04,3.8033218299910788e-04,2.7361779212614423e-04,1.4195695314027661e-04,4.9689222497820249e-05,1.0745307451321136e-05,2.1917296990572234e-06
115,1.1759371058180231e-03,3.4197544563384537e-04,3.6952932086259995e-04,2.6575201229503523e-04,1.3782948318687217e-04,4.8245301507360701e-05,1.0454017152313417e-05,2.1515251799965025e-06
116,1.1424338438002753e-03,3.3232884171646281e-04,3.5903420337211184e-04,2.5811670756183710e-04,1.3382612842436487e-04,4.6845169274786485e-05,1.0170950655744933e-05,2.1118427949672450e-06
117,1.1098940358069131e-03,3.2295237597838704e-04,3.4883799589874287e-04,2.5070483339312651e-04,1.2994290055026578e-04,4.5487390354242752e-05,9.8958553922100120e-06,2.0726842399382908e-06
118,1.0782893996096798e-03,3.1383862259355618e-04,3.3893212274208729e-04,2.4350957971473882e-04,1.2617595426681359e-04,4.4170581897937684e-05,9.6284875903845617e-06,2.0340508041618087e-06
119,1.0475925191515900e-03,3.0498034988414818e-04,3.2930825910703628e-04,2.3652436190265837e-04,1.2252158141489873e-04,4.2893411522489077e-05,9.3686119376148222e-06,1.9959433827445744e-06
120,1.0177768159230975e-03,2.9637051598996962e-04,3.1995832336612095e-04,2.2974281218974196e-04,1.1897620537377313e-04,4.1654595261466920e-05,9.1160012525627445e-06,1.9583624894621754e-06
121,9.8881652139011359e-04,2.8800226457430879e-04,3.1087446959407266e-04,2.2315877146562364e-04,1.1553637571473574e-04,4.0452895601797332e-05,8.8704361698155107e-06,1.9213082697600460e-06
122,9.6068665043157978e-04,2.7986892057179757e-04,3.0204908036215333e-04,2.1676628144851959e-04,1.1219876309734769e-04,3.9287119601563230e-05,8.6317048363097575e-06,1.8847805138885859e-06
123,9.3336297574594127e-04,2.7196398598314383e-04,2.9347475978060595e-04,2.1055957720893953e-04,1.0896015439711165e-04,3.8156117086643365e-05,8.3996026193739899e-06,1.8487786701230128e-06
124,9.0682200318748050e-04,2.6428113572097688e-04,2.8514432677830996e-04,2.0453308002651025e-04,1.0581744805393927e-04,3.7058778923568037e-05,8.1739318261541200e-06,1.8133018580220449e-06
125,8.8104094799503212e-04,2.5681421351048984e-04,2.7705080860939574e-04,1.9868139056224862e-04,1.0276764963112575e-04,3.5994035365933077e-05,7.9545014341562282e-06,1.7783488816829044e-06
126,8.5599771187713672e-04,2.4955722784805387e-04,2.6918743457719324e-04,1.9299928232967251e-04,9.9807867574948231e-05,3.4960854471699272e-05,7.7411268326161862e-06,1.7439182429534841e-06
127,8.3167086091916729e-04,2.4250434802051764e-04,2.6154762996645573e-04,1.8748169544913112e-04,9.6935309165400657e-05,3.3958240588709249e-05,7.5336295743871204e-06,1.7100081545657927e-06
128,8.0803960427940113e-04,2.3564990018749255e-04,2.5412501017532338e-04,1.8212373067065995e-04,9.4147276648971572e-05,3.2985232905773935e-05,7.3318371380218760e-06,1.6766165531579805e-06
129,7.8508377364239895e-04,2.2898836352854208e-04,2.4691337503897679e-04,1.7692064365153420e-04,9.1441163544757483e-05,3.2040904066715159e-05,7.1355826997180349e-06,1.6437411121552856e-06
130,7.6278380339938885e-04,2.2251436645685807e-04,2.3990670333737192e-04,1.7186783947550720e-04,8.8814451115586002e-05,3.1124358844795325e-05,6.9447049147871380e-06,1.6113792544831991e-06
131,7.4112071152664929e-04,2.1622268290069437e-04,2.3309914747986392e-04,1.6696086740148252e-04,8.6264704996193842e-05,3.0234732875018907e-05,6.7590477083067909e-06,1.5795281650889328e-06
132,7.2007608113412551e-04,2.1010822865355323e-04,2.2648502835990872e-04,1.6219541583008089e-04,8.3789571970867039e-05,2.9371191441851470e-05,6.5784600746141298e-06,1.5481848032499415e-06
133,6.9963204265770631e-04,2.0416605779386725e-04,2.2005883037338393e-04,1.5756730747723278e-04,8.1386776893302196e-05,2.8532928319968426e-05,6.4027958853010026e-06,1.5173459146507584e-06
134,6.7977125666974212e-04,1.9839135917469551e-04,2.1381519659440095e-04,1.5307249474455416e-04,7.9054119741788268e-05,2.7719164665716304e-05,6.2319137053750319e-06,1.4870080432117859e-06
135,6.6047689728347561e-04,1.9277945298374729e-04,2.0774892410278678e-04,1.4870705527684946e-04,7.6789472803136797e-05,2.6929147957043531e-05,6.0656766172559289e-06,1.4571675426558915e-06
136,6.4173263612812229e-04,1.8732578737386667e-04,2.0185495945769557e-04,1.4446718769763696e-04,7.4590777979105687e-05,2.6162150979733626e-05,5.9039520522830444e-06,1.4278205878007569e-06
137,6.2352262687233816e-04,1.8202593516394579e-04,1.9612839431208096e-04,1.4034920751410931e-04,7.2456044209366296e-05,2.5417470857851171e-05,5.7466116294176142e-06,1.3989631855668514e-06
138,6.0583149027478478e-04,1.7687559061008919e-04,1.9056446116300215e-04,1.3634954318342334e-04,7.0383345005356905e-05,2.4694428126388983e-05,5.5935310008314837e-06,1.3705911856927126e-06
139,5.8864429974142757e-04,1.7187056624672008e-04,1.8515852923297468e-04,1.3246473233267052e-04,6.8370816089645376e-05,2.3992365844182941e-05,5.4445897040830510e-06,1.3427002911508803e-06
140,5.7194656737007772e-04,1.6700678979720404e-04,1.7990610047778855e-04,1.2869141812530348e-04,6.6416653135693420e-05,2.3310648745238372e-05,5.2996710205905435e-06,1.3152860682593645e-06
141,5.5572423046354653e-04,1.6228030115346067e-04,1.7480280571642405e-04,1.2502634576719426e-04,6.4519109603171465e-05,2.2648662426688742e-05,5.1586618401224444e-06,1.2883439564849499e-06
142,5.3996363849357460e-04,1.5768724942394295e-04,1.6984440087888453e-04,1.2146635914587591e-04,6.2676494664218123e-05,2.2005812571682402e-05,5.0214525310348224e-06,1.2618692779359292e-06
143,5.2465154049847757e-04,1.5322389004928329e-04,1.6502676336794533e-04,1.1800839759687029e-04,6.0887171216273081e-05,2.1381524205567250e-05,4.8879368159953269e-06,1.2358572465430386e-06
144,5.0977507289817867e-04,1.4888658198483346e-04,1.6034588853098796e-04,1.1464949279133571e-04,5.9149553977334450e-05,2.0775240983814972e-05,4.7580116529436645e-06,1.2103029769284528e-06
145,4.9532174771100429e-04,1.4467178494926371e-04,1.5579788623824696e-04,1.1138676573958016e-04,5.7462107659704685e-05,2.0186424510196641e-05,4.6315771210483717e-06,1.1852014929636660e-06
146,4.8127944115728381e-04,1.4057605673833368e-04,1.5137897756394703e-04,1.0821742390527533e-04,5.5823345218490801e-05,1.9614553683789368e-05,4.5085363114296145e-06,1.1605477360179610e-06
147,4.6763638263543577e-04,1.3659605060289812e-04,1.4708549156695108e-04,1.0513875842548283e-04,5.4231826171316882e-05,1.9059124073459414e-05,4.3887952224274730e-06,1.1363365728999718e-06
148,4.5438114405682806e-04,1.3272851269017442e-04,1.4291386216767272e-04,1.0214814143186059e-04,5.2686154985889306e-05,1.8519647318530741e-05,4.2722626592047337e-06,1.1125628034955327e-06
149,4.4150262952628291e-04,1.2897027954726173e-04,1.3886062511813476e-04,9.9243023468660553e-05,5.1184979532228742e-05,1.7995650554408933e-05,4.1588501374825682e-06,1.0892211681056519e-06
150,4.2899006535564746e-04,1.2531827568587544e-04,1.3492241506217465e-04,9.6420931003355736e-05,4.9726989596546612e-05,1.7486675861989460e-05,4.0484717912165246e-06,1.0663063544889905e-06
151,4.1683299039837920e-04,1.2176951120723691e-04,1.3109596268291325e-04,9.3679464025950079e-05,4.8310915453900670e-05,1.6992279739735478e-05,3.9410442840291076e-06,1.0438130046137163e-06
152,4.0502124669360005e-04,1.1832107948603984e-04,1.2737809193471043e-04,9.1016293733225755e-05,4.6935526496911488e-05,1.6512032597364756e-05,3.8364867242237456e-06,1.0217357211240310e-06
153,3.9354497040854607e-04,1.1497015491239929e-04,1.2376571735693502e-04,8.8429160294372573e-05,4.5599629917962018e-05,1.6045518270136920e-05,3.7347205832131845e-06,1.0000690735270230e-06
154,3.8239458306880465e-04,1.1171399069068082e-04,1.2025584146697465e-04,8.5915870694622866e-05,4.4302069442435204e-05,1.5592333552781962e-05,3.6356696172033086e-06,9.7880760410582142e-07
155,3.7156078306616004e-04,1.0854991669409728e-04,1.1684555223000377e-04,8.3474296653684196e-05,4.3041724110670307e-05,1.5152087752158242e-05,3.5392597919810002e-06,9.5794583356527770e-07
156,3.6103453743428603e-04,1.0547533737395840e-04,1.1353202060311775e-04,8.1102372615920266e-05,4.1817507106437445e-05,1.4724402257773484e-05,3.4454192106620233e-06,9.3747826641662254e-07
157,3.5080707388291998e-04,1.0248772972245588e-04,1.1031249815152603e-04,7.8798093809380362e-05,4.0628364629842885e-05,1.4308910129345201e-05,3.3540780442619189e-06,9.1739939610771986e-07
158,3.4086987308153198e-04,9.9584641287867319e-05,1.0718431473457804e-04,7.6559514370919078e-05,3.9473274812683819e-05,1.3905255700618331e-05,3.2651684649596570e-06,8.9770370990567029e-07
159,3.3121466118385775e-04,9.6763688241066699e-05,1.0414487625947271e-04,7.4384745534780271e-05,3.8351246674372524e-05,1.3513094198696675e-05,3.1786245819302188e-06,8.7838569353862477e-07
160,3.2183340258501583e-04,9.4022553492232612e-05,1.0119166250057811e-04,7.2271953882145648e-05,3.7261319116645138e-05,1.3132091378182133e-05,3.0943823796284418e-06,8.5943983560373063e-07
161,3.1271829290324839e-04,9.1358984856653629e-05,9.8322224982356379e-05,7.0219359649266301e-05,3.6202559955360546e-05,1.2761923169450993e-05,3.0123796584123228e-06,8.4086063174818154e-07
162,3.0386175217864527e-04,8.8770793268537831e-05,9.5534184923959335e-05,6.8225235091907901e-05,3.5174064987780144e-05,1.2402275340430154e-05,2.9325559773995725e-06,8.2264258863034718e-07
163,2.9525641828150555e-04,8.6255851041743825e-05,9.2825231243623581e-05,6.6287902903945238e-05,3.4174957093800272e-05,1.2052843171268112e-05,2.8548525994565445e-06,8.0478022766796315e-07
164,2.8689514052327635e-04,8.3812090176361526e-05,9.0193118621056942e-05,6.4405734688043032e-05,3.3204385369685052e-05,1.1713331141325814e-05,2.7792124382237277e-06,7.8726808858031713e-07
165,2.7877097346328320e-04,8.1437500710082852e-05,8.7635665616068472e-05,6.2577149476452504e-05,3.2261524292919960e-05,1.1383452627941264e-05,2.7055800070868200e-06,7.7010073273133487e-07
166,2.7087717090472276e-04,7.9130129113316470e-05,8.5150752841750863e-05,6.0800612300044516e-05,3.1345572916874483e-05,1.1062929616449039e-05,2.6339013700069740e-06,7.5327274628039266e-07
167,2.6320718007364111e-04,7.6888076727013835e-05,8.2736321190579777e-05,5.9074632803783092e-05,3.0455754094026896e-05,1.0751492420961716e-05,2.5641240941281723e-06,7.3677874314761132e-07
168,2.5575463597485488e-04,7.4709498242188642e-05,8.0390370111848092e-05,5.7397763906924031e-05,2.9591313726565165e-05,1.0448879415444826e-05,2.4961972040838011e-06,7.2061336780029105e-07
169,2.4851335591900115e-04,7.2592600220127912e-05,7.8110955938903132e-05,5.5768600506298562e-05,2.8751520043235959e-05,1.0154836774640085e-05,2.4300711379284367e-06,7.0477129786704651e-07
170,2.4147733421511934e-04,7.0535639652307468e-05,7.5896190264705392e-05,5.4185778221114040e-05,2.7935662901368010e-05,9.8691182244138130e-06,2.3656977046245515e-06,6.8924724658608494e-07
171,2.3464073702337453e-04,6.8536922559042217e-05,7.3744238364273080e-05,5.2647972177771566e-05,2.7143053113048133e-05,9.5914848011281838e-06,2.3030300430173968e-06,6.7403596509395114e-07
172,2.2799789736273113e-04,6.6594802625917151e-05,7.1653317662623772e-05,5.1153895833265014e-05,2.6373021794476766e-05,9.3217046196528803e-06,2.2420225822346305e-06,6.5913224456093480e-07
173,2.2154331026857617e-04,6.4707679877062799e-05,6.9621696246867048e-05,4.9702299835786888e-05,2.5624919737576427e-05,9.0595526496533581e-06,2.1826310034504610e-06,6.4453091817920015e-07
174,2.1527162809547174e-04,6.2873999384355537e-05,6.7647691421145393e-05,4.8291970921224586e-05,2.4898116802969950e-05,8.8048104998096848e-06,2.1248122029570350e-06,6.3022686300955914e-07
175,2.0917765596039243e-04,6.1092250011640788e-05,6.5729668303160418e-05,4.6921730844286003e-05,2.4192001333487138e-05,8.5572662096367502e-06,2.0685242564886724e-06,6.1621500169266704e-07
176,2.0325634732196852e-04,5.9360963193094457e-05,6.3866038461061621e-05,4.5590435343045042e-05,2.3505979587397343e-05,8.3167140485925602e-06,2.0137263847472134e-06,6.0249030403027024e-07
177,1.9750279969141634e-04,5.7678711744855584e-05,6.2055258589512001e-05,4.4296973135748210e-05,2.2839475190602866e-05,8.0829543221763722e-06,1.9603789200793065e-06,5.8904778844199251e-07
178,1.9191225047099060e-04,5.6044108709080855e-05,6.0295829223782275e-05,4.3040264948769827e-05,2.2191928607063072e-05,7.8557931847327098e-06,1.9084432742588561e-06,5.7588252330298960e-07
179,1.8648007291593944e-04,5.4455806229588949e-05,5.8586293490760196e-05,4.1819262574649111e-05,2.1562796626752524e-05,7.6350424586908505e-06,1.8578819073301507e-06,5.6298962816765621e-07
180,1.8120177221608481e-04,5.2912494458280727e-05,5.6925235895795656e-05,4.0632947959184606e-05,2.0951551870487920e-05,7.4205194599821321e-06,1.8086582974693280e-06,5.5036427488441437e-07
181,1.7607298169328424e-04,5.1412900491537858e-05,5.5311281144335703e-05,3.9480332316602182e-05,2.0357682310988550e-05,7.2120468293895870e-06,1.7607369118238845e-06,5.3800168860646231e-07
182,1.7108945911116217e-04,4.9955787335820955e-05,5.3743092997334772e-05,3.8360455271852104e-05,1.9780690809563331e-05,7.0094523695958960e-06,1.7140831782918751e-06,5.2589714870321347e-07
183,1.6624708309362002e-04,4.8539952901704582e-05,5.2219373159456693e-05,3.7272384029126653e-05,1.9220094667844367e-05,6.8125688877065069e-06,1.6686634582042662e-06,5.1404598957700174e-07
184,1.6154184964875727e-04,4.7164229025604089e-05,5.0738860199114664e-05,3.6215212565725843e-05,1.8675425194012377e-05,6.6212340430351529e-06,1.6244450198756364e-06,5.0244360138948547e-07
185,1.5696986879494646e-04,4.5827480518465940e-05,4.9300328499424235e-05,3.5188060850431813e-05,1.8146227282983726e-05,6.4352901999486538e-06,1.5813960129900644e-06,4.9108543070203237e-07
186,1.5252736128591987e-04,4.4528604240710037e-05,4.7902587239171790e-05,3.4190074085584533e-05,1.7632059010051406e-05,6.2545842855772875e-06,1.5394854437905840e-06,4.7996698103422334e-07
187,1.4821065543182659e-04,4.3266528202729082e-05,4.6544479402928691e-05,3.3220421972082172e-05,1.7132491237494460e-05,6.0789676522056729e-06,1.4986831510420638e-06,4.6908381334447345e-07
188,1.4401618401332461e-04,4.2040210690266046e-05,4.5224880819466538e-05,3.2278297996558383e-05,1.6647107233690740e-05,5.9082959441675147e-06,1.4589597827387401e-06,4.5843154643662469e-07
189,1.3994048128586719e-04,4.0848639414007479e-05,4.3942699227654632e-05,3.1362918740016765e-05,1.6175502304287692e-05,5.7424289690754213e-06,1.4202867735289653e-06,4.4800585729622950e-07
190,1.3598018007143976e-04,3.9690830682745478e-05,4.2696873369045086e-05,3.0473523207229242e-05,1.5717283435004412e-05,5.5812305732244670e-06,1.3826363228309668e-06,4.3780248136010935e-07
191,1.3213200893509149e-04,3.8565828599477573e-05,4.1486372106374585e-05,2.9609372176230624e-05,1.5272068945656109e-05,5.4245685210153501e-06,1.3459813736145952e-06,4.2781721272264063e-07
192,1.2839278944369446e-04,3.7472704279828294e-05,4.0310193567234661e-05,2.8769747567265820e-05,1.4839488155008813e-05,5.2723143782496339e-06,1.3102955918251532e-06,4.1804590428208980e-07
193,1.2475943350444700e-04,3.6410555092192039e-05,3.9167364312184579e-05,2.7953951830569415e-05,1.4419181056088286e-05,5.1243433991560571e-06,1.2755533464264583e-06,4.0848446783019771e-07
194,1.2122894078071792e-04,3.5378503919011064e-05,3.8056938526602371e-05,2.7161307352379780e-05,1.4010798001582406e-05,4.9805344170129035e-06,1.2417296900412988e-06,3.9912887408808448e-07
195,1.1779839618290629e-04,3.4375698438617470e-05,3.6977997235590257e-05,2.6391155878610833e-05,1.3613999398990715e-05,4.8407697382372129e-06,1.2088003401683763e-06,3.8997515269143415e-07
196,1.1446496743206764e-04,3.3401310427081942e-05,3.5929647541270924e-05,2.5642857955625380e-05,1.3228455415188729e-05,4.7049350398171092e-06,1.1767416609557558e-06,3.8101939212779443e-07
197,1.1122590269412685e-04,3.2454535079526278e-05,3.4911021881830629e-05,2.4915792387573136e-05,1.2853845690087741e-05,4.5729192699686993e-06,1.1455306455116697e-06,3.7225773962871908e-07
198,1.0807852828257123e-04,3.1534590350370436e-05,3.3921277311684042e-05,2.4209355709775587e-05,1.2489859059083487e-05,4.4446145519039677e-06,1.1151448987343591e-06,3.6368640101937007e-07
199,1.0502024642758073e-04,3.0640716311998166e-05,3.2959594802153841e-05,2.3522961677657567e-05,1.2136193283998873e-05,4.3199160906007933e-06,1.0855626206433837e-06,3.5530164052808558e-07
200,1.0204853310961976e-04,2.9772174531338647e-05,3.2025178562076203e-05,2.2856040770742840e-05,1.1792554792237471e-05,4.1987220824706797e-06,1.0567625901955770e-06,3.4709978055832391e-07
201,9.9160935955576286e-05,2.8928247463874287e-05,3.1117255377760321e-05,2.2208039711247452e-05,1.1458658423875364e-05,4.0809336278240575e-06,1.0287241495695077e-06,3.3907720142528529e-07
202,9.6355072195593655e-05,2.8108237864597745e-05,3.0235073971746667e-05,2.1578420996820490e-05,1.1134227186429287e-05,3.9664546460370739e-06,1.0014271889029731e-06,3.3123034105942212e-07
203,9.3628626678799855e-05,2.7311468215453235e-05,2.9377904379825365e-05,2.0966662446997101e-05,1.0818992017048910e-05,3.8551917933276266e-06,9.7485213146866955e-07,3.2355569467895267e-07
204,9.0979349946193982e-05,2.6537280168809641e-05,2.8545037345791060e-05,2.0372256762943370e-05,1.0512691551890648e-05,3.7470543830520899e-06,9.4897991927378565e-07,3.1604981443339980e-07
205,8.8405056359004667e-05,2.5785034006524526e-05,2.7735783733426598e-05,1.9794711100086642e-05,1.0215071902439307e-05,3.6419543084376703e-06,9.2379199906982605e-07,3.0870930902009374e-07
206,8.5903622280886576e-05,2.5054108114169812e-05,2.6949473955221978e-05,1.9233546653238416e-05,9.9258864385526783e-06,3.5398059676686780e-06,8.9927030875951452e-07,3.0153084327548615e-07
207,8.3472984312372688e-05,2.4343898470001191e-05,2.6185457417349861e-05,1.8688298253830021e-05,9.6448955780122858e-06,3.4405261912481520e-06,8.7539726418813136e-07,2.9451113774304748e-07
208,8.1111137576047915e-05,2.3653818148264311e-05,2.5443101980432451e-05,1.8158513978893654e-05,9.3718665823715681e-06,3.3440341715593531e-06,8.5215574630713547e-07,2.8764696821943582e-07
209,7.8816134050956966e-05,2.2983296836441627e-05,2.4721793435648169e-05,1.7643754771433576e-05,9.1065733589001820e-06,3.2502513945544878e-06,8.2952908869837762e-07,2.8093516528055130e-07
210,7.6586080954805673e-05,2.2331780366054247e-05,2.4020934995739751e-05,1.7143594071843695e-05,8.8487962684304667e-06,3.1591015735008273e-06,8.0750106544765971e-07,2.7437261378901584e-07
211,7.4419139172557681e-05,2.1698730256643554e-05,2.3339946800497739e-05,1.6657617460039041e-05,8.5983219389189995e-06,3.0705105847169807e-06,7.8605587935681222e-07,2.6795625238454616e-07
212,7.2313521730072363e-05,2.1083623272567120e-05,2.2678265436306065e-05,1.6185422307979272e-05,8.3549430845427849e-06,2.9844064052346455e-06,7.6517815048386581e-07,2.6168307295862332e-07
213,7.0267492311469975e-05,2.0485950992253554e-05,2.2035343469347942e-05,1.5726617442272845e-05,8.1184583301560435e-06,2.9007190523235286e-06,7.4485290500127479e-07,2.5555012011478990e-07
214,6.8279363818950160e-05,1.9905219389570174e-05,2.1410648992082297e-05,1.5280822816560288e-05,7.8886720409395804e-06,2.8193805248194401e-06,7.2506556436251853e-07,2.4955449061584969e-07
215,6.6347496973828877e-05,1.9340948426966989e-05,2.0803665182611751e-05,1.4847669193384761e-05,7.6653941570806606e-06,2.7403247461977746e-06,7.0580193476775184e-07,2.4369333281917816e-07
216,6.4470298957595385e-05,1.8792671660069236e-05,2.0213889876574525e-05,1.4426797835267303e-05,7.4484400333268289e-06,2.6634875093366760e-06,6.8704819691951448e-07,2.3796384610129640e-07
217,6.2646222091827387e-05,1.8259935853399928e-05,1.9640835151202936e-05,1.4017860204713114e-05,7.2376302832625622e-06,2.5888064229162079e-06,6.6879089605982167e-07,2.3236328027280476e-07
218,6.0873762555837070e-05,1.7742300606922215e-05,1.9084026921201466e-05,1.3620517672883833e-05,7.0327906281627855e-06,2.5162208594017796e-06,6.5101693228026838e-07,2.2688893498471602e-07
219,5.9151459140954887e-05,1.7239337993099934e-05,1.8543004546107518e-05,1.3234441236679083e-05,6.8337517502821986e-06,2.4456719045619025e-06,6.3371355109706923e-07,2.2153815912717956e-07
220,5.7477892040390135e-05,1.6750632204182868e-05,1.8017320448807508e-05,1.2859311243978629e-05,6.6403491504442192e-06,2.3771023084721493e-06,6.1686833428323107e-07,2.1630835022153396e-07
221,5.5851681673639523e-05,1.6275779209431346e-05,1.7506539744890375e-05,1.2494817126804206e-05,6.4524230097978476e-06,2.3104564379588438e-06,6.0046919095032931e-07,2.1119695380658098e-07
222,5.4271487544444991e-05,1.5814386422002328e-05,1.7010239882529766e-05,1.2140657142167543e-05,6.2698180556151548e-06,2.2456802304376696e-06,5.8450434887260675e-07,2.0620146281992587e-07
223,5.2736007131332252e-05,1.5366072375227103e-05,1.6528010292594930e-05,1.1796538120378368e-05,6.0923834310063985e-06,2.1827211491039058e-06,5.6896234604636465e-07,2.0131941697518517e-07
224,5.1243974809789981e-05,1.4930466408017779e-05,1.6059452048699082e-05,1.1462175220593170e-05,5.9199725684337610e-06,2.1215281394325256e-06,5.5383202247784687e-07,1.9654840213582141e-07
225,4.9794160805177291e-05,1.4507208359147126e-05,1.5604177536902177e-05,1.1137291693392194e-05,5.7524430669086431e-06,2.0620515869477829e-06,5.3910251219304226e-07,1.9188604968632265e-07
226,4.8385370175474344e-05,1.4095948270153337e-05,1.5161810134793308e-05,1.0821618650178656e-05,5.5896565727612425e-06,2.0042432762233406e-06,5.2476323546305034e-07,1.8733003590140671e-07
227,4.7016441823017034e-05,1.3696346096628016e-05,1.4731983899685724e-05,1.0514894839200573e-05,5.4314786638747265e-06,1.9480563510752519e-06,5.1080389123885818e-07,1.8287808131389199e-07
228,4.5686247534381795e-05,1.3308071427652513e-05,1.4314343265665067e-05,1.0216866428001532e-05,5.2777787372798258e-06,1.8934452759114335e-06,4.9721444978957540e-07,1.7852795008184133e-07
229,4.4393691047611062e-05,1.2930803213153959e-05,1.3908542749239006e-05,9.9272867921127089e-06,5.1284299000090280e-06,1.8403657982024411e-06,4.8398514553836879e-07,1.7427744935555159e-07
230,4.3137707145994359e-05,1.2564229498958969e-05,1.3514246663343459e-05,9.6459163098041358e-06,4.9833088631127958e-06,1.7887749120395560e-06,4.7110647009051679e-07,1.7012442864492799e-07
231,4.1917260777641870e-05,1.2208047169328863e-05,1.3131128839467720e-05,9.3725221627187043e-06,4.8422958387433448e-06,1.7386308227473037e-06,4.5856916544818414e-07,1.6606677918775146e-07
232,4.0731346200110788e-05,1.1861961696766356e-05,1.2758872357667584e-05,9.1068781422176880e-06,4.7052744402145459e-06,1.6898929125186146e-06,4.4636421740668358e-07,1.6210243331931759e-07
233,3.9578986149365698e-05,1.1525686898889448e-05,1.2397169284242106e-05,8.8487644612718176e-06,4.5721315849493910e-06,1.6425217070418744e-06,4.3448284912715735e-07,1.5822936384389675e-07
234,3.8459231032375406e-05,1.1198944702173946e-05,1.2045720416856091e-05,8.5979675717367745e-06,4.4427574002292754e-06,1.5964788430901151e-06,4.2291651488076554e-07,1.5444558340843693e-07
235,3.7371158142669267e-05,1.0881464912371502e-05,1.1704235036896633e-05,8.3542799868569837e-06,4.3170451316620510e-06,1.5517270370435636e-06,4.1165689395962139e-07,1.5074914387890580e-07
236,3.6313870898195197e-05,1.0572984991415480e-05,1.1372430668858020e-05,8.1175001088461001e-06,4.1948910542884022e-06,1.5082300543176930e-06,4.0069588474985877e-07,1.4713813571964310e-07
237,3.5286498100841362e-05,1.0273249840632081e-05,1.1050032846555245e-05,7.8874320613971824e-06,4.0761943862486141e-06,1.4659526796698146e-06,3.9002559896235587e-07,1.4361068737607009e-07
238,3.4288193217001536e-05,9.9820115900793858e-06,1.0736774885972032e-05,7.6638855269799204e-06,3.9608572049342196e-06,1.4248606883581133e-06,3.7963835601677723e-07,1.4016496466108016e-07
239,3.3318133678582447e-05,9.6990293938417407e-06,1.0432397664554827e-05,7.4466755887865185e-06,3.8487843655513713e-06,1.3849208181278586e-06,3.6952667757472246e-07,1.3679917014541355e-07
240,3.2375520203868928e-05,9.4240692311118744e-06,1.0136649406769578e-05,7.2356225771919240e-06,3.7398834220250313e-06,1.3461007420003253e-06,3.5968328221790039e-07,1.3351154255229750e-07
241,3.1459576137679148e-05,9.1569037128976722e-06,9.8492854757433779e-06,7.0305519205981232e-06,3.6340645501752744e-06,1.3083690418407279e-06,3.5010108026736388e-07,1.3030035615661366e-07
242,3.0569546810259376e-05,8.8973118941952153e-06,9.5700681708180606e-06,6.8312940005359927e-06,3.5312404730990875e-06,1.2716951826822221e-06,3.4077316873996163e-07,1.2716392018883592e-07
243,2.9704698914382934e-05,8.6450790914739853e-06,9.2987665308478234e-06,6.6376840109020386e-06,3.4313263886931144e-06,1.2360494877837354e-06,3.3169282643827349e-07,1.2410057824396321e-07
244,2.8864319900134049e-05,8.3999967053245587e-06,9.0351561430777044e-06,6.4495618212108667e-06,3.3342398992547606e-06,1.2014031144000993e-06,3.2285350917040633e-07,1.2110870769565545e-07
245,2.8047717386871838e-05,8.1618620481231740e-06,8.7790189574444011e-06,6.2667718437478118e-06,3.2399009431009547e-06,1.1677280302436047e-06,3.1424884509613257e-07,1.1818671911576369e-07
246,2.7254218591884628e-05,7.9304781765717999e-06,8.5301431061454112e-06,6.0891629045095151e-06,3.1482317281457558e-06,1.1349969906167624e-06,3.0587263019595465e-07,1.1533305569943022e-07
247,2.6483169775258573e-05,7.7056537289760577e-06,8.2883227283268888e-06,5.9165881178235289e-06,3.0591566673797290e-06,1.1031835161966709e-06,2.9771882385977885e-07,1.1254619269591996e-07
248,2.5733935700498663e-05,7.4872027671274645e-06,8.0533577997448924e-06,5.7489047645412389e-06,2.9726023161957722e-06,1.0722618714519920e-06,2.8978154459197474e-07,1.0982463684532963e-07
249,2.5005899110452999e-05,7.2749446226599631e-06,7.8250539672587104e-06,5.5859741737014879e-06,2.8884973115077209e-06,1.0422070436741215e-06,2.8205506582969198e-07,1.0716692582130835e-07
250,2.4298460218104670e-05,7.0687037477545394e-06,7.6032223880191851e-06,5.4276616075652487e-06,2.8067723126096912e-06,1.0129947226047042e-06,2.7453381187138993e-07,1.0457162767991026e-07
251,2.3611036211807609e-05,6.8683095700691430e-06,7.3876795732186251e-06,5.2738361499246694e-06,2.7273599437256713e-06,9.8460128064218380e-07,2.6721235391262848e-07,1.0203734031468803e-07
252,2.2943060774555449e-05,6.6735963517746471e-06,7.1782472362728750e-06,5.1243705975925643e-06,2.6501947382003900e-06,9.5700375361060346e-07,2.6008540618624635e-07,9.9562690918123844e-08
253,2.2293983616883718e-05,6.4844030525808662e-06,6.9747521453096999e-06,4.9791413549812125e-06,2.5752130842839377e-06,9.3017982207438344e-07,2.5314782220413642e-07,9.7146335449484584e-08
254,2.1663270023017603e-05,6.3005731966399902e-06,6.7770259798412214e-06,4.8380283316819391e-06,2.5023531724640766e-06,9.0410779318329555e-07,2.4639459109790568e-07,9.4786958109176479e-08
255,2.1050400409888334e-05,6.1219547432178457e-06,6.5849051915016715e-06,4.7009148429595727e-06,2.4315549443014783e-06,8.7876658303231724e-07,2.3982083405578331e-07,9.2483270819665692e-08
256,2.0454869898652261e-05,5.9483999610266077e-06,6.3982308687350515e-06,4.5676875130783135e-06,2.3627600427245310e-06,8.5413569952152392e-07,2.3342180085321253e-07,9.0234012713021088e-08
257,1.9876187898357017e-05,5.7797653061154458e-06,6.2168486053206006e-06,4.4382361813780096e-06,2.2959117637415849e-06,8.3019522570161332e-07,2.2719286647463502e-07,8.8037949625127187e-08
258,1.9313877701409459e-05,5.6159113032186081e-06,6.0406083726271573e-06,4.3124538110221745e-06,2.2309550095297849e-06,8.0692580359108316e-07,2.2112952782404373e-07,8.5893873596606932e-08
259,1.8767476090509889e-05,5.4567024304631834e-06,5.8693643954905640e-06,4.1902364003413543e-06,2.1678362428608398e-06,7.8430861845151152e-07,2.1522740052194855e-07,8.3800602380485436e-08
260,1.8236532956726687e-05,5.3020070073416075e-06,5.7029750316113240e-06,4.0714828966976567e-06,2.1065034428252372e-06,7.6232538350777916e-07,2.0948221578646219e-07,8.1756978956619339e-08
261,1.7720610928394848e-05,5.1516970858566032e-06,5.5413026543726101e-06,3.9560951127984194e-06,2.0469060618175567e-06,7.4095832510047155e-07,2.0388981739627857e-07,7.9761871052908317e-08
262,1.7219285010530851e-05,5.0056483447488627e-06,5.3842135389815492e-06,3.8439776453890592e-06,1.9889949837466295e-06,7.2019016825807444e-07,1.9844615873337552e-07,7.7814170673299494e-08
263,1.6732142234465201e-05,4.8637399867203004e-06,5.2315777518395201e-06,3.7350377962571602e-06,1.9327224834353585e-06,7.0000412267694068e-07,1.9314729990333316e-07,7.5912793632588693e-08
264,1.6258781317402438e-05,4.7258546385681608e-06,5.0832690430498010e-06,3.6291854954818418e-06,1.8780421871760364e-06,6.8038386909736296e-07,1.8798940493121705e-07,7.4056679098016627e-08
265,1.5798812331626705e-05,4.5918782541476778e-06,4.9391647419735839e-06,3.5263332268643205e-06,1.8249090344080131e-06,6.6131354606442833e-07,1.8296873903103085e-07,7.2244789137652805e-08
266,1.5351856383079067e-05,4.4617000200832308e-06,4.7991456557478611e-06,3.4263959554774405e-06,1.7732792404855213e-06,6.4277773706266385e-07,1.7808166594679693e-07,7.0476108275554187e-08
267,1.4917545299040464e-05,4.3352122641503086e-06,4.6630959706811304e-06,3.3292910572737497e-06,1.7231102605044130e-06,6.2476145801380525e-07,1.7332464536337630e-07,6.8749643053681248e-08
268,1.4495521324661926e-05,4.2123103662526708e-06,4.5309031564453082e-06,3.2349382506933970e-06,1.6743607541574786e-06,6.0725014512733254e-07,1.6869423038519009e-07,6.7064421600549195e-08
269,1.4085436828090928e-05,4.0928926719213148e-06,4.4024578729844906e-06,3.1432595302148787e-06,1.6269905515888842e-06,5.9022964309371757e-07,1.6418706508105479e-07,6.5419493206587392e-08
270,1.3686954013949957e-05,3.9768604082638765e-06,4.2776538800635157e-06,3.0541791017932292e-06,1.5809606202191463e-06,5.7368619361062299e-07,1.5979988209339018e-07,6.3813927906176736e-08
271,1.3299744644930332e-05,3.8641176022951267e-06,4.1563879493814240e-06,2.9676233201318928e-06,1.5362330325128704e-06,5.5760642423257817e-07,1.5552950031010761e-07,6.2246816066330219e-08
272,1.2923489771271028e-05,3.7545710015811821e-06,4.0385597791770643e-06,2.8835206277360411e-06,1.4927709346623022e-06,5.4197733753492980e-07,1.5137282259752968e-07,6.0717267981978652e-08
273,1.2557879467898897e-05,3.6481299971319514e-06,3.9240719112561569e-06,2.8018014956965843e-06,1.4505385161605118e-06,5.2678630058313204e-07,1.4732683359273868e-07,5.9224413477820296e-08
274,1.2202612579012871e-05,3.5447065484781655e-06,3.8128296503711194e-06,2.7223983661556061e-06,1.4095009802387963e-06,5.1202103469870583e-07,1.4338859755379105e-07,5.7767401516689624e-08
275,1.1857396469901194e-05,3.4442151108711818e-06,3.7047409858869208e-06,2.6452455964053522e-06,1.3696245151436232e-06,4.9766960551343938e-07,1.3955525626628022e-07,5.6345399814398208e-08
276,1.1521946785786387e-05,3.3465725645454514e-06,3.5997165156681281e-06,2.5702794045742541e-06,1.3308762662291357e-06,4.8372041330365311e-07,1.3582402700476785e-07,5.4957594460997262e-08
277,1.1195987217498854e-05,3.2516981459852675e-06,3.4976693721241351e-06,2.4974378168548506e-06,1.2932243088419622e-06,4.7016218359658442e-07,1.3219220054764424e-07,5.3603189548409613e-08
278,1.0879249273785395e-05,3.1595133811390423e-06,3.3985151503513656e-06,2.4266606162297029e-06,1.2566376219757127e-06,4.5698395804117736e-07,1.2865713924401694e-07,5.2281406804376144e-08
279,1.0571472060064611e-05,3.0699420205259884e-06,3.3021718383129812e-06,2.3578892926527079e-06,1.2210860626732225e-06,4.4417508553578684e-07,1.2521627513126313e-07,5.0991485232659644e-08
280,1.0272402063446383e-05,2.9829099761816026e-06,3.2085597489982861e-06,2.2910669946443937e-06,1.1865403411552168e-06,4.3172521360551777e-07,1.2186710810191771e-07,4.9732680759447448e-08
281,9.9817929438379335e-06,2.8983452603899068e-06,3.1176014545057066e-06,2.2261384822609859e-06,1.1529719966547000e-06,4.1962428002213716e-07,1.1860720411860524e-07,4.8504265885891825e-08
282,9.6994053309639153e-06,2.8161779261518302e-06,3.0292217219947733e-06,2.1630500813981819e-06,1.1203533739369602e-06,4.0786250465968845e-07,1.1543419347575606e-07,4.7305529346726074e-08
283,9.4250066271329418e-06,2.7363400093405819e-06,2.9433474514541042e-06,2.1017496393916772e-06,1.0886576004856565e-06,3.9643038157914635e-07,1.1234576910688238e-07,4.6135775774892450e-08
284,9.1583708155877045e-06,2.6587654724962338e-06,2.8599076152338922e-06,2.0421864818775792e-06,1.0578585643360285e-06,3.8531867133563311e-07,1.0933968493622056e-07,4.4994325372116629e-08
285,8.8992782742804723e-06,2.5833901502130891e-06,2.7788331992928445e-06,1.9843113708768931e-06,1.0279308925367978e-06,3.7451839350190629e-07,1.0641375427357899e-07,4.3880513585362587e-08
286,8.6475155949202304e-06,2.5101516960747280e-06,2.7000571461109706e-06,1.9280764640692894e-06,9.9884993022287442e-07,3.6402081940200772e-07,1.0356584825125988e-07,4.2793690789100267e-08
287,8.4028754071420990e-06,2.4389895310928908e-06,2.6235142992209564e-06,1.8734352752223570e-06,9.7059172028148377e-07,3.5381746504913780e-07,1.0079389430195492e-07,4.1733221973317594e-08
288,8.1651562076539173e-06,2.3698447936076076e-06,2.5491413493122399e-06,1.8203426357434992e-06,9.4313298359483579e-07,3.4390008428198790e-07,9.8095874676541891e-08,4.0698486437207750e-08
289,7.9341621942190157e-06,2.3026602906071796e-06,2.4768767818631879e-06,1.7687546573225837e-06,9.1645109984293478e-07,3.3426066209393060e-07,9.5469825000738925e-08,3.9688877488461483e-08
290,7.7097031043381062e-06,2.2373804504277995e-06,2.4066608262580276e-06,1.7186286956343544e-06,8.9052408885060659e-07,3.2489140814962447e-07,9.2913832869599870e-08,3.8703802148093821e-08
291,7.4915940584972700e-06,2.1739512767937191e-06,2.3384354063464443e-06,1.6699233150704959e-06,8.6533059246326774e-07,3.1578475048374799e-07,9.0426036478860935e-08,3.7742680860734089e-08
292,7.2796554078526518e-06,2.1123203041599978e-06,2.2721440924049293e-06,1.6225982544721116e-06,8.4084985693640717e-07,3.0693332937672464e-07,8.8004623292175130e-08,3.6804947210307273e-08
293,7.0737125862262165e-06,2.0524365543209250e-06,2.2077320544601266e-06,1.5766143938341948e-06,8.1706171582418679e-07,2.9832999140245152e-07,8.5647828743295855e-08,3.5890047641035022e-08
294,6.8735959662904464e-06,1.9942504942482619e-06,2.1451460169355598e-06,1.5319337219544921e-06,7.9394657335297207e-07,2.8996778364318086e-07,8.3353934972295904e-08,3.4997441183683572e-08
295,6.6791407198234026e-06,1.9377139951244606e-06,2.0843342145842151e-06,1.4885193049999410e-06,7.7148538826602127e-07,2.8183994806684653e-07,8.1121269594931959e-08,3.4126599186986282e-08
296,6.4901866819188008e-06,1.8827802925370031e-06,2.0252463496705092e-06,1.4463352559646247e-06,7.4965965812594976e-07,2.7393991606225744e-07,7.8948204504288277e-08,3.3277005054167948e-08
297,6.3065782190391666e-06,1.8294039478009639e-06,1.9678335503662333e-06,1.4053467049939355e-06,7.2845140406196787e-07,2.6626130312771252e-07,7.6833154703855064e-08,3.2448153984498136e-08
298,6.1281641008032132e-06,1.7775408103778315e-06,1.9120483303260313e-06,1.3655197705503495e-06,7.0784315594926323e-07,2.5879790370871684e-07,7.4774577171220544e-08,3.1639552719800671e-08
299,5.9547973754017075e-06,1.7271479813595211e-06,1.8578445494089741e-06,1.3268215313969273e-06,6.8781793800826149e-07,2.5154368618060010e-07,7.2770969751575885e-08,3.0850719295846694e-08
300,5.7863352485390797e-06,1.6781837779874056e-06,1.8051773755137381e-06,1.2892199993753212e-06,6.6835925481184130e-07,2.4449278797196098e-07,7.0820870080253739e-08,3.0081182798558425e-08
301,5.6226389658009713e-06,1.6306076991770299e-06,1.7540032474958024e-06,1.2526840929557441e-06,6.4945107768892977e-07,2.3763951082497203e-07,6.8922854533541700e-08,2.9330483124951369e-08
302,5.4635736983506858e-06,1.5843803920200131e-06,1.7042798391359922e-06,1.2171836115369828e-06,6.3107783151322756e-07,2.3097831618869578e-07,6.7075537207031117e-08,2.8598170748742563e-08
303,5.3090084318603188e-06,1.5394636192354547e-06,1.6559660241305514e-06,1.1826892104751736e-06,6.1322438186613369e-07,2.2450382074166958e-07,6.5277568920781848e-08,2.7883806490552919e-08
304,5.1588158585849849e-06,1.4958202275439257e-06,1.6090218420737891e-06,1.1491723768206556e-06,5.9587602256325757e-07,2.1821079204012338e-07,6.3527636250601554e-08,2.7186961292631984e-08
305,5.0128722724911589e-06,1.4534141169379150e-06,1.5634084654051456e-06,1.1166054057428113e-06,5.7901846353419873e-07,2.1209414428829763e-07,6.1824460584757281e-08,2.6507215998033705e-08
306,4.8710574673526620e-06,1.4122102108233173e-06,1.5190881672933459e-06,1.0849613776233664e-06,5.6263781904557809e-07,2.0614893422742769e-07,6.0166797205453920e-08,2.5844161134172359e-08
307,4.7332546377302861e-06,1.3721744270072816e-06,1.4760242904310542e-06,1.0542141357991884e-06,5.4672059625758225e-07,2.0037035714005900e-07,5.8553434394432520e-08,2.5197396700687996e-08
308,4.5993502827534428e-06,1.3332736495084349e-06,1.4341812167142347e-06,1.0243382649361478e-06,5.3125368410456454e-07,1.9475374296645129e-07,5.6983192562057417e-08,2.4566531961551382e-08
309,4.4692341126244890e-06,1.2954757011661787e-06,1.3935243377811160e-06,9.9530907001614476e-07,5.1622434249051183e-07,1.8929455252992093e-07,5.5454923399278409e-08,2.3951185241338881e-08
310,4.3427989577686888e-06,1.2587493170264031e-06,1.3540200263863956e-06,9.6710255591989988e-07,5.0162019179045143e-07,1.8398837386806077e-07,5.3967509051869362e-08,2.3350983725608153e-08
311,4.2199406805548923e-06,1.2230641184816253e-06,1.3156356085870042e-06,9.3969540758861002e-07,4.8742920264912278e-07,1.7883091866686223e-07,5.2519861316361249e-08,2.2765563265306207e-08
312,4.1005580895142067e-06,1.1883905881441655e-06,1.2783393367164142e-06,9.1306497074804759e-07,4.7363968606848671e-07,1.7381801879484848e-07,5.1110920857101781e-08,2.2194568185141837e-08
313,3.9845528559859139e-06,1.1547000454315857e-06,1.2421003631251409e-06,8.8718923317914669e-07,4.6024028377588606e-07,1.6894562293440992e-07,4.9739656443889433e-08,2.1637651095855128e-08
314,3.8718294331219629e-06,1.1219646228442039e-06,1.2068887146657088e-06,8.6204680651957755e-07,4.4721995886490106e-07,1.6420979330761108e-07,4.8405064209643549e-08,2.1094472710317222e-08
315,3.7622949771832656e-06,1.0901572429150731e-06,1.1726752679009792e-06,8.3761690858124392e-07,4.3456798670117277e-07,1.5960670249381614e-07,4.7106166927586467e-08,2.0564701663394417e-08
316,3.6558592710629347e-06,1.0592515958133592e-06,1.1394317250153260e-06,8.1387934616907348e-07,4.2227394608568257e-07,1.5513263033655459e-07,4.5842013307427328e-08,2.0048014335510968e-08
317,3.5524346499734351e-06,1.0292221175826046e-06,1.1071305904087385e-06,7.9081449838688006e-07,4.1032771066819480e-07,1.5078396093712106e-07,4.4611677310050219e-08,1.9544094679846001e-08
318,3.4519359292364172e-06,1.0000439689958799e-06,1.0757451479544817e-06,7.6840330041648550e-07,3.9871944060377254e-07,1.4655717973247465e-07,4.3414257480222643e-08,1.9052634053100361e-08
319,3.3542803341156982e-06,9.7169301501033964e-07,1.0452494389015096e-06,7.4662722775667715e-07,3.8743957444547826e-07,1.4244887065507033e-07,4.2248876296852864e-08,1.8573331049770064e-08
320,3.2593874316355897e-06,9.4414580480419311e-07,1.0156182404033409e-06,7.2546828090896144e-07,3.7647882126657048e-07,1.3845571337232336e-07,4.1114679540336573e-08,1.8105891339863713e-08
321,3.1671790643283805e-06,9.1737955237958060e-07,9.8682704465564826e-07,7.0490897049744133e-07,3.6582815300569123e-07,1.3457448060347113e-07,4.0010835676545852e-08,1.7650027510001930e-08
322,3.0775792858563716e-06,8.9137211771531956e-07,9.5885203862529192e-07,6.8493230281050801e-07,3.5547879702872943e-07,1.3080203551165984e-07,3.8936535257024836e-08,1.7205458907837579e-08
323,2.9905142984554208e-06,8.6610198845392863e-07,9.3167008435403745e-07,6.6552176575238262e-07,3.4542222890122248e-07,1.2713532916914569e-07,3.7890990334967512e-08,1.6771911489736385e-08
324,2.9059123921484502e-06,8.4154826210779019e-07,9.0525869982066019e-07,6.4666131519288851e-07,3.3565016536533021e-07,1.2357139809355789e-07,3.6873433896564838e-08,1.6349117671658220e-08
325,2.8237038856788200e-06,8.1769062876973496e-07,8.7959604034560717e-07,6.2833536170415927e-07,3.2615455751558933e-07,1.2010736185323025e-07,3.5883119307318475e-08,1.5936816183180100e-08
326,2.7438210691149085e-06,7.9450935431375130e-07,8.5466088052283375e-07,6.1052875767331246e-07,3.1692758416781612e-07,1.1674042073966293e-07,3.4919319772929319e-08,1.5534751924602732e-08
327,2.6661981480786051e-06,7.7198526407192495e-07,8.3043259666387012e-07,5.9322678478042752e-07,3.0796164541568899e-07,1.1346785350523111e-07,3.3981327814379033e-08,1.5142675827083211e-08
328,2.5907711895517495e-06,7.5009972697411212e-07,8.0689114973959384e-07,5.7641514183146932e-07,2.9924935636969391e-07,1.1028701516430999e-07,3.3068454756832972e-08,1.4760344715737159e-08
329,2.5174780692158837e-06,7.2883464013722791e-07,7.8401706880559811e-07,5.6007993293609421e-07,2.9078354107326951e-07,1.0719533485603743e-07,3.2180030232002163e-08,1.4387521175654540e-08
330,2.4462584202819198e-06,7.0817241389140714e-07,7.6179143489744867e-07,5.4420765602055997e-07,2.8255722659113355e-07,1.0419031376698453e-07,3.1315401693611979e-08,1.4023973420773950e-08
331,2.3770535837675562e-06,6.8809595723065064e-07,7.4019586538250246e-07,5.2878519166623746e-07,2.7456363726491527e-07,1.0126952311205453e-07,3.0473933945633922e-08,1.3669475165561176e-08
332,2.3098065601814857e-06,6.6858866367592890e-07,7.1921249875534814e-07,5.1379979226449339e-07,2.6679618913135504e-07,9.8430602171976106e-08,2.9655008682945985e-08,1.3323805499438382e-08
333,2.2444619625745938e-06,6.4963439753904736e-07,6.9882397986429033e-07,4.9923907147897361e-07,2.5924848449847069e-07,9.5671256385804475e-08,2.8858024044096013e-08,1.2986748763911227e-08
334,2.1809659709194386e-06,6.3121748057591472e-07,6.7901344555665644e-07,4.8509099400657336e-07,2.5191430667521489e-07,9.2989255496886876e-08,2.8082394175850617e-08,1.2658094432341913e-08
335,2.1192662877804663e-06,6.1332267901817756e-07,6.5976451073105331e-07,4.7134386562862384e-07,2.4478761485028072e-07,9.0382431750793497e-08,2.7327548809220801e-08,1.2337636992316980e-08
336,2.0593120952384074e-06,5.9593519097249192e-07,6.4106125478503706e-07,4.5798632354406969e-07,2.3786253911582962e-07,8.7848678143756478e-08,2.6592932846663234e-08,1.2025175830559334e-08
337,2.0010540130333804e-06,5.7904063417701390e-07,6.2288820844698310e-07,4.4500732697664199e-07,2.3113337563204216e-07,8.5385946720200547e-08,2.5878005960164230e-08,1.1720515120334940e-08
338,1.9444440578922260e-06,5.6262503410498252e-07,6.0523034098126754e-07,4.3239614804825852e-07,2.2459458192850240e-07,8.2992246917988936e-08,2.5182242199920900e-08,1.1423463711305239e-08
339,1.8894356040065419e-06,5.4667481240555281e-07,5.8807304775617563e-07,4.2014236291110537e-07,2.1824077233854263e-07,8.0665643960046298e-08,2.4505129613341588e-08,1.1133835021777134e-08
340,1.8359833446288817e-06,5.3117677567232321e-07,5.7140213816425109e-07,4.0823584313106465e-07,2.1206671356278593e-07,7.8404257291058703e-08,2.3846169874094748e-08,1.0851446933303217e-08
341,1.7840432547554725e-06,5.1611810453026607e-07,5.5520382388509860e-07,3.9666674731536527e-07,2.0606732035822745e-07,7.6206259057986460e-08,2.3204877920942705e-08,1.0576121687585605e-08
342,1.7335725548646978e-06,5.0148634303203224e-07,5.3946470748092907e-07,3.8542551297753193e-07,2.0023765134930162e-07,7.4069872633161734e-08,2.2580781606103496e-08,1.0307685785637509e-08
343,1.6845296756814908e-06,4.8726938835486593e-07,5.2417177131541260e-07,3.7450284863290496e-07,1.9457290495748258e-07,7.1993371178776730e-08,2.1973421352890671e-08,1.0045969889157429e-08
344,1.6368742239386012e-06,4.7345548078960318e-07,5.0931236678667688e-07,3.6388972611819754e-07,1.8906841544606180e-07,6.9975076251602389e-08,2.1382349822387545e-08,9.7908087240716126e-09
345,1.5905669491065270e-06,4.6003319401347499e-07,4.9487420386554267e-07,3.5357737312873632e-07,1.8371964907684363e-07,6.8013356446809479e-08,2.0807131588918716e-08,9.5420409862011188e-09
346,1.5455697110647161e-06,4.4699142563867194e-07,4.8084534093034282e-07,3.4355726596721646e-07,1.7852220037559040e-07,6.6106626079796066e-08,2.0247342824087863e-08,9.2995092490105584e-09
347,1.5018454486873917e-06,4.3431938802884951e-07,4.6721417488991813e-07,3.3382112249797591e-07,1.7347178850313919e-07,6.4253343904955906e-08,1.9702570989156767e-08,9.0630598733964015e-09
348,1.4593581493181338e-06,4.2200659937598194e-07,4.5396943158661895e-07,3.2436089530096117e-07,1.6856425372919964e-07,6.2452011870352369e-08,1.9172414535546650e-08,8.8325429194732679e-09
349,1.4180728191080662e-06,4.1004287503018125e-07,4.4110015647137525e-07,3.1516876501972655e-07,1.6379555400592620e-07,6.0701173907290899e-08,1.8656482613248300e-08,8.6078120603175550e-09
350,1.3779554541932135e-06,3.9841831907531227e-07,4.2859570554312102e-07,3.0623713389796472e-07,1.5916176163844144e-07,5.8999414753812701e-08,1.8154394786933288e-08,8.3887244976282545e-09
351,1.3389730126872945e-06,3.8712331614343481e-07,4.1644573654508046e-07,2.9755861949922591e-07,1.5465906004956587e-07,5.7345358811157810e-08,1.7665780759563872e-08,8.1751408792656780e-09
352,1.3010933874668642e-06,3.7614852346130270e-07,4.0464020041063150e-07,2.8912604860463266e-07,1.5028374063608906e-07,5.5737669032274268e-08,1.7190280103304585e-08,7.9669252186293503e-09
353,1.2642853797264048e-06,3.6548486312234107e-07,3.9316933295167384e-07,2.8093245128354461e-07,1.4603219971399017e-07,5.4175045841474649e-08,1.6727541997543501e-08,7.7639448158371420e-09
354,1.2285186732815697e-06,3.5512351457771015e-07,3.8202364678262395e-07,2.7297105513227219e-07,1.4190093555009173e-07,5.2656226084367199e-08,1.6277224973836336e-08,7.5660701806682967e-09
355,1.1937638095994160e-06,3.4505590734024479e-07,3.7119392347335925e-07,2.6523527967607416e-07,1.3788654547769975e-07,5.1179982007213041e-08,1.5838996667591376e-08,7.3731749572337032e-09
356,1.1599921635350605e-06,3.3527371389523413e-07,3.6067120592462047e-07,2.5771873092981216e-07,1.3398572309385384e-07,4.9745120264884519e-08,1.5412533576317926e-08,7.1851358503374547e-09
357,1.1271759197547677e-06,3.2576884281217941e-07,3.5044679095956283e-07,2.5041519611276484e-07,1.3019525553587741e-07,4.8350480956623295e-08,1.4997520824265716e-08,7.0018325534943269e-09
358,1.0952880498260554e-06,3.1653343205183005e-07,3.4051222212533386e-07,2.4331863851323211e-07,1.2651202083498463e-07,4.6994936688819042e-08,1.4593651933287122e-08,6.8231476785685031e-09
359,1.0643022899559365e-06,3.0755984246296411e-07,3.3085928269871735e-07,2.3642319249868327e-07,1.2293298534476248e-07,4.5677391664051253e-08,1.4200628599758511e-08,6.6489666869994875e-09
360,1.0341931193589733e-06,2.9884065146353309e-07,3.2147998889006360e-07,2.2972315866732516e-07,1.1945520124241008e-07,4.4396780795658394e-08,1.3818160477401292e-08,6.4791778225817603e-09
361,1.0049357392373124e-06,2.9036864690094467e-07,3.1236658323988050e-07,2.2321299913708008e-07,1.1607580410067561e-07,4.3152068847118858e-08,1.3445964965847392e-08,6.3136720457653837e-09
362,9.7650605235539493e-07,2.8213682108640495e-07,3.0351152820262704e-07,2.1688733296808051e-07,1.1279201052849081e-07,4.1942249595548266e-08,1.3083767004798028e-08,6.1523429694453540e-09
363,9.4888064319251345e-07,2.7413836499838555e-07,2.9490749991239940e-07,2.1074093171489547e-07,1.0960111587835883e-07,4.0766345018637541e-08,1.2731298873628467e-08,5.9950867962080904e-09
364,9.2203675865686892e-07,2.6636666265042192e-07,2.8654738212535486e-07,2.0476871510481138e-07,1.0650049201860662e-07,3.9623404504374583e-08,1.2388299996295458e-08,5.8418022570040742e-09
365,8.9595228934524101e-07,2.5881528561858232e-07,2.7842426033386208e-07,1.9896574683859519e-07,1.0348758516866629e-07,3.8512504082911141e-08,1.2054516751407684e-08,5.6923905512162113e-09
366,8.7060575133283575e-07,2.5147798772408350e-07,2.7053141604751042e-07,1.9332723051026796e-07,1.0055991379560208e-07,3.7432745679954358e-08,1.1729702287323293e-08,5.5467552880940831e-09
367,8.4597626847831074e-07,2.4434869986665206e-07,2.6286232123624634e-07,1.8784850564251579e-07,9.7715066570149867e-08,3.6383256391079729e-08,1.1413616342142055e-08,5.4048024295248092e-09
368,8.2204355522940273e-07,2.3742152500435993e-07,2.5541063293104247e-07,1.8252504383446081e-07,9.4950700380585163e-08,3.5363187776379183e-08,1.1106025068463266e-08,5.2664402341118295e-09
369,7.9878789991499625e-07,2.3069073327578087e-07,2.4817018797763269e-07,1.7735244501860731e-07,9.2264538402783520e-08,3.4371715174874482e-08,1.0806700862783812e-08,5.1315792025334341e-09
370,7.7619014850986727e-07,2.2415075726043259e-07,2.4113499793897267e-07,1.7232643382386918e-07,8.9654368224883212e-08,3.3408037038141992e-08,1.0515422199414107e-08,5.0001320241534406e-09
371,7.5423168885873469e-07,2.1779618737358546e-07,2.3429924414221224e-07,1.6744285604167172e-07,8.7118040025004968e-08,3.2471374282610538e-08,1.0231973468792881e-08,4.8720135248569378e-09
372,7.3289443534662053e-07,2.1162176739162729e-07,2.2765727286607993e-07,1.6269767519220663e-07,8.4653464800528178e-08,3.1560969660009079e-08,9.9561448200848483e-09,4.7471406160845597e-09
373,7.1216081400289408e-07,2.0562239010428394e-07,2.2120359066470150e-07,1.5808696918800150e-07,8.2258612647463929e-08,3.0676087145455556e-08,9.6877320079483564e-09,4.6254322450392619e-09
374,6.9201374802673162e-07,1.9979309309009912e-07,2.1493285982398267e-07,1.5360692709204581e-07,7.9931511088508184e-08,2.9816011342692584e-08,9.4265362433630825e-09,4.5068093460400679e-09
375,6.7243664372206653e-07,1.9412905461167853e-07,2.0883989394679942e-07,1.4925384596779336e-07,7.7670243448397194e-08,2.8980046905989587e-08,9.1723640484106953e-09,4.3911947929978180e-09
376,6.5341337683044941e-07,1.8862558962730408e-07,2.0291965366334361e-07,1.4502412781843786e-07,7.5472947275226981e-08,2.8167517978244210e-08,8.9250271149042570e-09,4.2785133529883630e-09
377,6.3492827925055323e-07,1.8327814591561792e-07,1.9716724246307570e-07,1.4091427661293002e-07,7.3337812806436376e-08,2.7377767644829173e-08,8.6843421667648393e-09,4.1686916408991994e-09
378,6.1696612613339533e-07,1.7808230031017229e-07,1.9157790264483770e-07,1.3692089539627968e-07,7.1263081478189814e-08,2.6610157402743399e-08,8.4501308260464748e-09,4.0616580751260036e-09
379,5.9951212334263666e-07,1.7303375504072862e-07,1.8614701138177579e-07,1.3304068348175250e-07,6.9247044476932104e-08,2.5864066644638455e-08,8.2222194825132228e-09,3.9573428342959806e-09
380,5.8255189526963698e-07,1.6812833417828162e-07,1.8087007689781883e-07,1.2927043372264132e-07,6.7288041331921722e-08,2.5138892157303531e-08,8.0004391666745970e-09,3.8556778149954227e-09
381,5.6607147299322642e-07,1.6336198018086603e-07,1.7574273475254923e-07,1.2560702986135632e-07,6.5384458547583473e-08,2.4434047634203883e-08,7.7846254261880746e-09,3.7565965904793213e-09
382,5.5005728277444072e-07,1.5873075053728998e-07,1.7076074423139410e-07,1.2204744395364284e-07,6.3534728274553791e-08,2.3748963201678837e-08,7.5746182055398195e-09,3.6600343703413428e-09
383,5.3449613487674748e-07,1.5423081450601837e-07,1.6591998483815071e-07,1.1858873386579793e-07,6.1737327018323811e-08,2.3083084958416651e-08,7.3702617289170785e-09,3.5659279611228761e-09
384,5.1937521270254864e-07,1.4985844994650861e-07,1.6121645288694472e-07,1.1522804084281604e-07,5.9990774384416624e-08,2.2435874527834271e-08,7.1714043861879689e-09,3.4742157278403586e-09
385,5.0468206223701798e-07,1.4561004024037808e-07,1.5664625819080322e-07,1.1196258714545440e-07,5.8293631859065081e-08,2.1806808623000213e-08,6.9778986219066109e-09,3.3848375564104447e-09
386,4.9040458179057523e-07,1.4148207129985640e-07,1.5220562084410285e-07,1.0878967375426448e-07,5.6644501624385465e-08,2.1195378623749292e-08,6.7896008272637010e-09,3.2977348169530553e-09
387,4.7653101203154775e-07,1.3747112866104785e-07,1.4789086809623206e-07,1.0570667813869147e-07,5.5042025407071483e-08,2.0601090165647450e-08,6.6063712349047063e-09,3.2128503279527186e-09
388,4.6304992630081333e-07,1.3357389465960003e-07,1.4369843131388185e-07,1.0271105208939803e-07,5.3484883359659716e-08,2.0023462740474672e-08,6.4280738165399620e-09,3.1301283212590481e-09
389,4.4995022120044318e-07,1.2978714568644203e-07,1.3962484302945189e-07,9.9800319612020175e-08,5.1971792973445432e-08,1.9462029307903248e-08,6.2545761832728539e-09,3.0495144079075719e-09
390,4.3722110744859594e-07,1.2610774952132249e-07,1.3566673407313127e-07,9.6972074880614687e-08,5.0501508022152903e-08,1.8916335918057712e-08,6.0857494885743000e-09,2.9709555447425381e-09
391,4.2485210099312839e-07,1.2253266274194188e-07,1.3182083078628167e-07,9.4223980249105591e-08,4.9072817535490533e-08,1.8385941344651480e-08,5.9214683338335640e-09,2.8944000018236969e-09
392,4.1283301437660567e-07,1.1905892820653569e-07,1.2808395231381770e-07,9.1553764319086805e-08,4.7684544801744862e-08,1.7870416728403893e-08,5.7616106764173253e-09,2.8197973305994346e-09
393,4.0115394834559669e-07,1.1568367260782663e-07,1.2445300797334553e-07,8.8959220062383182e-08,4.6335546398592185e-08,1.7369345230449527e-08,5.6060577401706600e-09,2.7470983328289994e-09
394,3.8980528369734524e-07,1.1240410409632194e-07,1.2092499469888332e-07,8.6438202996818377e-08,4.5024711251329318e-08,1.6882321695459914e-08,5.4546939282954060e-09,2.6762550302369376e-09
395,3.7877767335710045e-07,1.0921750997099055e-07,1.1749699455704925e-07,8.3988629413681352e-08,4.3750959717747757e-08,1.6408952324205357e-08,5.3074067385430247e-09,2.6072206348831939e-09
396,3.6806203467958242e-07,1.0612125443540937e-07,1.1416617233366291e-07,8.1608474655426601e-08,4.2513242698897601e-08,1.5948854355292459e-08,5.1640866806607359e-09,2.5399495202326938e-09
397,3.5764954196823940e-07,1.0311277641752280e-07,1.1092977318876377e-07,7.9295771442184405e-08,4.1310540775008410e-08,1.5501655755820182e-08,5.0246271960313493e-09,2.4743971929085607e-09
398,3.4753161920613901e-07,1.0018958745121214e-07,1.0778512037810690e-07,7.7048608245697469e-08,4.0141863365855707e-08,1.5066994920704607e-08,4.8889245794487398e-09,2.4105202651134572e-09
399,3.3769993299250210e-07,9.7349269617922450e-08,1.0472961303925214e-07,7.4865127709340489e-08,3.9006247914881241e-08,1.4644520380429402e-08,4.7568779029724619e-09,2.3482764277038754e-09
400,3.2814638567906494e-07,9.4589473546644329e-08,1.0176072404041469e-07,7.2743525112915941e-08,3.7902759096394994e-08,1.4233890516985979e-08,4.6283889418064965e-09,2.2876244239025197e-09
401,3.1886310870061508e-07,9.1907916470596290e-08,9.8875997890298391e-08,7.0682046880957681e-08,3.6830488045206032e-08,1.3834773287773850e-08,4.5033621021485482e-09,2.2285240236342385e-09
402,3.0984245609420609e-07,8.9302380338999913e-08,9.6073048707182757e-08,6.8678989133308866e-08,3.5788551608047501e-08,1.3446845957238088e-08,4.3817043509577288e-09,2.1709359984712911e-09
403,3.0107699820171784e-07,8.6770709982386608e-08,9.3349558245584230e-08,6.6732696276776541e-08,3.4776091616179384e-08,1.3069794836027163e-08,4.2633251475898622e-09,2.1148220971740092e-09
404,2.9255951555056899e-07,8.4310811329917463e-08,9.0703273978858762e-08,6.4841559636698554e-08,3.3792274178569617e-08,1.2703315027460385e-08,4.1481363772509439e-09,2.0601450218132538e-09
405,2.8428299290754853e-07,8.1920649677242460e-08,8.8132007236160922e-08,6.3004016127291428e-08,3.2836288995071611e-08,1.2347110181100122e-08,4.0360522862206209e-09,2.0068684044613184e-09
406,2.7624061350086296e-07,7.9598248003465670e-08,8.5633631392217543e-08,6.1218546959680648e-08,3.1907348689032279e-08,1.2000892253229775e-08,3.9269894187987995e-09,1.9549567844382588e-09
407,2.6842575340564469e-07,7.7341685335824543e-08,8.3206080108419406e-08,5.9483676386545114e-08,3.1004688158781029e-08,1.1664381274043933e-08,3.8208665559297728e-09,1.9043755861008695e-09
408,2.6083197608829335e-07,7.5149095160730491e-08,8.0847345623775593e-08,5.7797970482338071e-08,3.0127563947465313e-08,1.1337305121362684e-08,3.7176046554593866e-09,1.8550910971618509e-09
409,2.5345302710516073e-07,7.3018663879856660e-08,7.8555477094317530e-08,5.6160035958076388e-08,2.9275253630713971e-08,1.1019399300687232e-08,3.6171267939820142e-09,1.8070704475269382e-09
410,2.4628282895120873e-07,7.0948629309995265e-08,7.6328578979578727e-08,5.4568519009718445e-08,2.8447055221623789e-08,1.0710406731419180e-08,3.5193581102351958e-09,1.7602815886380582e-09
411,2.3931547605440069e-07,6.8937279225444340e-08,7.4164809474815805e-08,5.3022104199178835e-08,2.7642286592579286e-08,1.0410077539070695e-08,3.4242257500009270e-09,1.7146932733108316e-09
412,2.3254522991170244e-07,6.6982949941717452e-08,7.2062378987674346e-08,5.1519513367054761e-08,2.6860284913429426e-08,1.0118168853297769e-08,3.3316588124736757e-09,1.6702750360549953e-09
413,2.2596651436268517e-07,6.5084024939405579e-08,7.0019548658039213e-08,5.0059504576165582e-08,2.6100406105558641e-08,9.8344446115933383e-09,3.2415882980562286e-09,1.6269971738665605e-09
414,2.1957391099684012e-07,6.3238933527052272e-08,6.8034628919845369e-08,4.8640871085032176e-08,2.5362024311402247e-08,9.5586753684817126e-09,3.1539470575455376e-09,1.5848307274807895e-09
415,2.1336215469082028e-07,6.1446149541936329e-08,6.6105978103659623e-08,4.7262440350447565e-08,2.4644531378969654e-08,9.2906381100601416e-09,3.0686697426716846e-09,1.5437474630752894e-09
416,2.0732612927193421e-07,5.9704190087687264e-08,6.4232001078877355e-08,4.5923073058314566e-08,2.3947336360950475e-08,9.0301160737376800e-09,2.9856927579541013e-09,1.5037198544127747e-09
417,2.0146086330432024e-07,5.8011614307689489e-08,6.2411147934411377e-08,4.4621662181949128e-08,2.3269865027991146e-08,8.7768985730257433e-09,2.9049542138400999e-09,1.4647210654132762e-09
418,1.9576152599433031e-07,5.6367022193260227e-08,6.0641912696781538e-08,4.3357132067071131e-08,2.2611559395741167e-08,8.5307808272387648e-09,2.8263938810917015e-09,1.4267249331457960e-09
419,1.9022342321175093e-07,5.4769053425615831e-08,5.8922832084544936e-08,4.2128437542726219e-08,2.1971877265279268e-08,8.2915637959674058e-09,2.7499531463876507e-09,1.3897059512296337e-09
420,1.8484199362358439e-07,5.3216386250668087e-08,5.7252484298036435e-08,4.0934563057403971e-08,2.1350291776541144e-08,8.0590540181905489e-09,2.6755749691083681e-09,1.3536392536358298e-09
421,1.7961280493720557e-07,5.1707736385720213e-08,5.5629487843418540e-08,3.9774521839638012e-08,2.0746290974380843e-08,7.8330634558961212e-09,2.6032038392724612e-09,1.3185005988793743e-09
422,1.7453155024980060e-07,5.0241855957157895e-08,5.4052500390067950e-08,3.8647355082394712e-08,2.0159377386908391e-08,7.6134093420843637e-09,2.5327857365942203e-09,1.2842663545930517e-09
423,1.6959404450107979e-07,4.8817532468256744e-08,5.2520217660353764e-08,3.7552131150575760e-08,1.9589067615756371e-08,7.3999140330308066e-09,2.4642680906323603e-09,1.2509134824739793e-09
424,1.6479622102634428e-07,4.7433587796252512e-08,5.1031372350889051e-08,3.6487944810980040e-08,1.9034891937938002e-08,7.1924048646895117e-09,2.3975997420010295e-09,1.2184195235941134e-09
425,1.6013412820706619e-07,4.6088877217844149e-08,4.9584733084363510e-08,3.5453916484088111e-08,1.8496393918968731e-08,6.9907140131206290e-09,2.3327309046148857e-09,1.1867625840661830e-09
426,1.5560392621622487e-07,4.4782288462323966e-08,4.8179103391090498e-08,3.4449191517050720e-08,1.7973130036932724e-08,6.7946783588294580e-09,2.2696131289407936e-09,1.1559213210567031e-09
427,1.5120188385571718e-07,4.3512740791551459e-08,4.6813320719425653e-08,3.3472939477280687e-08,1.7464669317184641e-08,6.6041393549074298e-09,2.2081992662293958e-09,1.1258749291379109e-09
428,1.4692437548323837e-07,4.2279184106009849e-08,4.5486255474239010e-08,3.2524353466064114e-08,1.6970592977385729e-08,6.4189428988684544e-09,2.1484434337005445e-09,1.0966031269706506e-09
429,1.4276787802610143e-07,4.1080598076205926e-08,4.4196810082645224e-08,3.1602649451623541e-08,1.6490494082581989e-08,6.2389392080771003e-09,2.0903009806572607e-09,1.0680861443104067e-09
430,1.3872896807953606e-07,3.9915991298694587e-08,4.2943918086219025e-08,3.0707065621081862e-08,1.6023977210040237e-08,6.0639826986679481e-09,2.0337284555035375e-09,1.0403047093288754e-09
431,1.3480431908707656e-07,3.8784400476030101e-08,4.1726543258945195e-08,2.9836861750791360e-08,1.5570658123565998e-08,5.8939318678582780e-09,1.9786835736419977e-09,1.0132400362436166e-09
432,1.3099069860071728e-07,3.7684889619965719e-08,4.0543678750173610e-08,2.8991318594507349e-08,1.5130163457035079e-08,5.7286491795590239e-09,1.9251251862280029e-09,9.8687381324851522e-10
433,1.2728496561857847e-07,3.6616549277242488e-08,3.9394346251870243e-08,2.8169737288900723e-08,1.4702130406878042e-08,5.5680009531915433e-09,1.8730132497574757e-09,9.6118819073793906e-10
434,1.2368406799788924e-07,3.5578495777326991e-08,3.8277595189475573e-08,2.7371438775918001e-08,1.4286206433264388e-08,5.4118572556203985e-09,1.8223087964662589e-09,9.3616576981763403e-10
435,1.2018503994115834e-07,3.4569870501475576e-08,3.7192501935701134e-08,2.6595763241511526e-08,1.3882048969740293e-08,5.2600917961147988e-09,1.7729739055194478e-09,9.1178959109557295e-10
436,1.1678499955346060e-07,3.3589839172520643e-08,3.6138169046613811e-08,2.5842069570275744e-08,1.3489325141080721e-08,5.1125818242538611e-09,1.7249716749697006e-09,8.8804312374611034e-10
437,1.1348114646882831e-07,3.2637591164791460e-08,3.5113724519376136e-08,2.5109734815538898e-08,1.3107711489123612e-08,4.9692080306931767e-09,1.6782661944640684e-09,8.6491025484096115e-10
438,1.1027075954379221e-07,3.1712338833598589e-08,3.4118321071028743e-08,2.4398153684472059e-08,1.2736893706360189e-08,4.8298544507125094e-09,1.6328225186794506e-09,8.4237527894066371e-10
439,1.0715119461617211e-07,3.0813316863727491e-08,3.3151135437718222e-08,2.3706738037789952e-08,1.2376566377062129e-08,4.6944083704666942e-09,1.5886066414672979e-09,8.2042288794032803e-10
440,1.0411988232727191e-07,2.9939781636402239e-08,3.2211367693791126e-08,2.3034916403630056e-08,1.2026432725732204e-08,4.5627602358639736e-09,1.5455854706886933e-09,7.9903816116362323e-10
441,1.0117432600568445e-07,2.9091010614195709e-08,3.1298240590190545e-08,2.2382133505208124e-08,1.1686204372671374e-08,4.4348035639981566e-09,1.5037268037214547e-09,7.7820655569908549e-10
442,9.8312099610964007e-08,2.8266301743377654e-08,3.0410998911608389e-08,2.1747849801859739e-08,1.1355601096460863e-08,4.3104348570630197e-09,1.4629993036213742e-09,7.5791389697297135e-10
443,9.5530845735472306e-08,2.7464972873206020e-08,2.9548908851861468e-08,2.1131541043088516e-08,1.1034350603163687e-08,4.1895535186794155e-09,1.4233724759201950e-09,7.3814636955301046e-10
444,9.2828273662752473e-08,2.6686361191681423e-08,2.8711257406974784e-08,2.0532697835252412e-08,1.0722188302055508e-08,4.0720617725674316e-09,1.3848166460433777e-09,7.1889050817754201e-10
445,9.0202157480831755e-08,2.5929822677297839e-08,2.7897351785470197e-08,1.9950825220529897e-08,1.0418857087700052e-08,3.9578645834979358e-09,1.3473029373311685e-09,7.0013318900464849e-10
446,8.7650334248898912e-08,2.5194731566336180e-08,2.7106518835372451e-08,1.9385442267818053e-08,1.0124107128189726e-08,3.8468695804595945e-09,1.3108032496469033e-09,6.8186162107602088e-10
447,8.5170702215846805e-08,2.4480479835260038e-08,2.6338104487458922e-08,1.8836081675224371e-08,9.8376956593768350e-09,3.7389869819792951e-09,1.2752902385569233e-09,6.6406333799041585e-10
448,8.2761219089211955e-08,2.3786476697785416e-08,2.5591473214292420e-08,1.8302289383823818e-08,9.5593867849261130e-09,3.6341295235356227e-09,1.2407372950668815e-09,6.4672618978168024e-10
449,8.0419900353086448e-08,2.3112148116208539e-08,2.4866007504589641e-08,1.7783624202361721e-08,9.2889512820237546e-09,3.5322123870067347e-09,1.2071185258996280e-09,6.2983833499643505e-10
450,7.8144817633616009e-08,2.2456936326587446e-08,2.4161107352490585e-08,1.7279657442592522e-08,9.0261664125829517e-09,3.4331531320956228e-09,1.1744087343002488e-09,6.1338823296663029e-10
451,7.5934097110738101e-08,2.1820299377384610e-08,2.3476189761306472e-08,1.6789972564952683e-08,8.7708157397904732e-09,3.3368716296773515e-09,1.1425834013542256e-09,5.9736463627228367e-10
452,7.3785917974852389e-08,2.1201710681189048e-08,2.2810688261335695e-08,1.6314164834275204e-08,8.5226889498431588e-09,3.2432899970144023e-09,1.1116186678050442e-09,5.8175658338983426e-10
453,7.1698510927151830e-08,2.0600658579147002e-08,2.2164052441349034e-08,1.5851840985260890e-08,8.2815816787275070e-09,3.1523325347877850e-09,1.0814913163579528e-09,5.6655339152164276e-10
454,6.9670156722379500e-08,2.0016645917740984e-08,2.1535747493356610e-08,1.5402618897430034e-08,8.0472953438996669e-09,3.0639256658930194e-09,1.0521787544569143e-09,5.5174464960227805e-10
455,6.7699184752811261e-08,1.9449189637567101e-08,2.0925253770280071e-08,1.4966127279285808e-08,7.8196369807272674e-09,2.9779978759515336e-09,1.0236589975221487e-09,5.3732021147732582e-10
456,6.5783971672297041e-08,1.8897820373770444e-08,2.0332066356164074e-08,1.4542005361428271e-08,7.5984190835582824e-09,2.8944796554894030e-09,9.9591065263599169e-10,5.2327018925056280e-10
457,6.3922940059228676e-08,1.8362082067808133e-08,1.9755694648571821e-08,1.4129902598365367e-08,7.3834594512860970e-09,2.8133034437367076e-09,9.6891290266512176e-10,5.0958494679542852e-10
458,6.2114557117332134e-08,1.7841531590218812e-08,1.9195661952818895e-08,1.3729478378774442e-08,7.1745810372835409e-09,2.7344035740020867e-09,9.4264549080752475e-10,4.9625509342682972e-10
459,6.0357333413214455e-08,1.7335738374086579e-08,1.8651505087710147e-08,1.3340401743974789e-08,6.9716118035823247e-09,2.6577162205783481e-09,9.1708870555287760e-10,4.8327147772939842e-10
460,5.8649821649625664e-08,1.6844284058896136e-08,1.8122774002453325e-08,1.2962351114378510e-08,6.7743845791777275e-09,2.5831793471362196e-09,8.9222336604532845e-10,4.7062518153842017e-10
461,5.6990615473425035e-08,1.6366762144484647e-08,1.7609031404432638e-08,1.2595014023693641e-08,6.5827369223418785e-09,2.5107326565645513e-09,8.6803080783794317e-10,4.5830751406973726e-10
462,5.5378348317270193e-08,1.5902777654803987e-08,1.7109852397534414e-08,1.2238086860659781e-08,6.3965109868321993e-09,2.4403175422164151e-09,8.4449286902837753e-10,4.4631000619501646e-10
463,5.3811692274074802e-08,1.5451946811215257e-08,1.6624824130725763e-08,1.1891274618102780e-08,6.2155533918848246e-09,2.3718770405217098e-09,8.2159187676560950e-10,4.3462440485885768e-10
464,5.2289357003308025e-08,1.5013896715045399e-08,1.6153545456595457e-08,1.1554290649101119e-08,6.0397150958859262e-09,2.3053557849279833e-09,7.9931063411783208e-10,4.2324266763430220e-10
465,5.0810088668234620e-08,1.4588265039143235e-08,1.5695626599574687e-08,1.1226856430062343e-08,5.8688512736168767e-09,2.2406999611322251e-09,7.7763240729187759e-10,4.1215695741337976e-10
466,4.9372668903220879e-08,1.4174699728179886e-08,1.5250688833563362e-08,1.0908701330513787e-08,5.7028211969721607e-09,2.1778572635674744e-09,7.5654091319479360e-10,4.0135963722941530e-10
467,4.7975913810255241e-08,1.3772858707445585e-08,1.4818364168695139e-08,1.0599562389417318e-08,5.5414881190518008e-09,2.1167768531090626e-09,7.3602030732844334e-10,3.9084326520789001e-10
468,4.6618672983857597e-08,1.3382409599902085e-08,1.4398295046982271e-08,1.0299184097823164e-08,5.3847191615327925e-09,2.0574093159663122e-09,7.1605517200824574e-10,3.8060058964273041e-10
469,4.5299828563573908e-08,1.3003029451256581e-08,1.3990134046588449e-08,1.0007318187683200e-08,5.2323852052268324e-09,1.9997066237264707e-09,6.9663050489740404e-10,3.7062454419497065e-10
470,4.4018294313275723e-08,1.2634404462829700e-08,1.3593543594485093e-08,9.7237234266491515e-09,5.0843607837341718e-09,1.9436220945185861e-09,6.7773170784820551e-10,3.6090824321080894e-10
471,4.2773014726506485e-08,1.2276229731996697e-08,1.3208195687253417e-08,9.4481654186860938e-09,4.9405239801060067e-09,1.8891103552659352e-09,6.5934457604219477e-10,3.5144497715614430e-10
472,4.1562964157137616e-08,1.1928208999987051e-08,1.2833771619801327e-08,9.1804164103364362e-09,4.8007563264302978e-09,1.8361273049965013e-09,6.4145528742124643e-10,3.4222820816475552e-10
473,4.0387145974618264e-08,1.1590054406833906e-08,1.2469961721770811e-08,8.9202551024742660e-09,4.6649427062583235e-09,1.7846300791818429e-09,6.2405039240176473e-10,3.3325156569734531e-10
474,3.9244591743123257e-08,1.1261486253270678e-08,1.2116465101417796e-08,8.6674664673944649e-09,4.5329712597915783e-09,1.7345770150755353e-09,6.0711680386446052e-10,3.2450884230874350e-10
475,3.8134360423922902e-08,1.0942232769377791e-08,1.1772989396752622e-08,8.4218415710853938e-09,4.4047332917509593e-09,1.6859276180231698e-09,5.9064178741233787e-10,3.1599398952062495e-10
476,3.7055537600317779e-08,1.0632029889788302e-08,1.1439250533735300e-08,8.1831774005382810e-09,4.2801231818523213e-09,1.6386425287166822e-09,5.7461295188973563e-10,3.0770111379716161e-10
477,3.6007234724500269e-08,1.0330621035266344e-08,1.1114972491325615e-08,7.9512766959505291e-09,4.1590382978147005e-09,1.5926834913665410e-09,5.5901824015544773e-10,2.9962447262108949e-10
478,3.4988588385722232e-08,1.0037756900477812e-08,1.0799887073193658e-08,7.7259477876842823e-09,4.0413789108295359e-09,1.5480133227660763e-09,5.4384592010313718e-10,2.9175847066773125e-10
479,3.3998759599166475e-08,9.7531952477776882e-09,1.0493733685902072e-08,7.5070044378454970e-09,3.9270481134212666e-09,1.5045958822229389e-09,5.2908457592243864e-10,2.8409765607457480e-10
480,3.3036933114935901e-08,9.4767007068434637e-09,1.0196259123376454e-08,7.2942656863525350e-09,3.8159517396316694e-09,1.4623960423333967e-09,5.1472309959431941e-10,2.7663671680406410e-10
481,3.2102316746591516e-08,9.2080445799889126e-09,9.9072173574857360e-09,7.0875557013671014e-09,3.7079982874621793e-09,1.4213796605758329e-09,5.0075068261443821e-10,2.6937047709731625e-10
482,3.1194140718686035e-08,8.9470046529971579e-09,9.6263693345592634e-09,6.8867036339638454e-09,3.6030988435103245e-09,1.3815135517004989e-09,4.8715680793841306e-10,2.6229389401653117e-10
483,3.0311657032755876e-08,8.6933650113166077e-09,9.3534827776723400e-09,6.6915434769185504e-09,3.5011670097382018e-09,1.3427654608931974e-09,4.7393124214306468e-10,2.5540205407391668e-10
484,2.9454138851249224e-08,8.4469158614676746e-09,9.0883319945366325e-09,6.5019139274981611e-09,3.4021188323126756e-09,1.3051040376912092e-09,4.6106402779786568e-10,2.4869016994500229e-10
485,2.8620879898882802e-08,8.2074533575125818e-09,8.8306976908366514e-09,6.3176582541392558e-09,3.3058727324586958e-09,1.2684988106303753e-09,4.4854547604097606e-10,2.4215357726426516e-10
486,2.7811193880934341e-08,7.9747794324447131e-09,8.5803667888578003e-09,6.1386241669047648e-09,3.2123494392687723e-09,1.2329201626028485e-09,4.3636615935439594e-10,2.3578773150104427e-10
487,2.7024413917991515e-08,7.7487016343580283e-09,8.3371322512560808e-09,5.9646636916118512e-09,3.1214719244132839e-09,1.1983393069055893e-09,4.2451690453291377e-10,2.2958820491376443e-10
488,2.6259891996691887e-08,7.5290329672610447e-09,8.1007929098236344e-09,5.7956330475269193e-09,3.0331653386978280e-09,1.1647282639602534e-09,4.1298878584166667e-10,2.2355068358054248e-10
489,2.5516998436001490e-08,7.3155917364036940e-09,7.8711532991085349e-09,5.6313925285266844e-09,2.9473569504153703e-09,1.1320598386856450e-09,4.0177311835727058e-10,2.1767096450429097e-10
490,2.4795121368592340e-08,7.1082013979891342e-09,7.6480234947511975e-09,5.4718063876270378e-09,2.8639760854424177e-09,1.1003075985044549e-09,3.9086145148761193e-10,2.1194495279048350e-10
491,2.4093666236891842e-08,6.9066904131461920e-09,7.4312189564036948e-09,5.3167427247842804e-09,2.7829540690298722e-09,1.0694458519664995e-09,3.8024556266552126e-10,2.0636865889578738e-10
492,2.3412055303389036e-08,6.7108921060416462e-09,7.2205603751020797e-09,5.1660733778760114e-09,2.7042241692406227e-09,1.0394496279711821e-09,3.6991745121167847e-10,2.0093819594581429e-10
493,2.2749727174794163e-08,6.5206445260149892e-09,7.0158735249654540e-09,5.0196738167715310e-09,2.6277215419872968e-09,1.0102946555723842e-09,3.5986933236222329e-10,1.9564977712028148e-10
494,2.2106136339659931e-08,6.3357903136216486e-09,6.8169891190991452e-09,4.8774230404042066e-09,2.5533831776248901e-09,9.8195734434946014e-10,3.5009363145666368e-10,1.9049971310391619e-10
495,2.1480752719083448e-08,6.1561765704738260e-09,6.6237426695828154e-09,4.7392034767607592e-09,2.4811478490543026e-09,9.5441476532846954e-10,3.4058297828179503e-10,1.8548440960147848e-10
496,2.0873061230118739e-08,5.9816547327713252e-09,6.4359743514276523e-09,4.6049008857047527e-09,2.4109560612940190e-09,9.2764463243822411e-10,3.3133020156745297e-10,1.8060036491531483e-10
497,2.0282561361540488e-08,5.8120804484177493e-09,6.2535288703902044e-09,4.4744042645540260e-09,2.3427500024784172e-09,9.0162528448615779e-10,3.2232832363004022e-10,1.7584416758389448e-10
498,1.9708766761609310e-08,5.6473134576204120e-09,6.0762553345334592e-09,4.3476057563339671e-09,2.2764734962423319e-09,8.7633566763945550e-10,3.1357055515986938e-10,1.7121249407981817e-10
499,1.9151204837499273e-08,5.4872174768752176e-09,5.9040071294289736e-09,4.2244005606308448e-09,2.2120719554526666e-09,8.5175531839727077e-10,3.0505029014847442e-10,1.6670210656582462e-10
500,1.8609416366057535e-08,5.3316600862405232e-09,5.7366417968968198e-09,4.1046868469714797e-09,2.1494923372489357e-09,8.2786434704027530e-10,2.9676110095214300e-10,1.6230985070735653e-10
501,1.8082955115575700e-08,5.1805126198067723e-09,5.5740209171830750e-09,3.9883656706576751e-09,2.0886830993557157e-09,8.0464342154415591e-10,2.8869673348802435e-10,1.5803265354028322e-10
502,1.7571387478261232e-08,5.0336500592712652e-09,5.4160099944773710e-09,3.8753408909858434e-09,2.0295941576310202e-09,7.8207375194405810e-10,2.8085110255926105e-10,1.5386752139240995e-10
503,1.7074292113106250e-08,4.8909509305300699e-09,5.2624783456758659e-09,3.7655190917842215e-09,1.9721768448156285e-09,7.6013707513733475e-10,2.7321828730569236e-10,1.4981153785743849e-10
504,1.6591259598859662e-08,4.7522972032015030e-09,5.1132989922975855e-09,3.6588095042020084e-09,1.9163838704494048e-09,7.3881564011231650e-10,2.6579252677676472e-10,1.4586186182007524e-10
505,1.6121892096816626e-08,4.6175741929981100e-09,4.9683485554647824e-09,3.5551239316865993e-09,1.8621692819215839e-09,7.1809219359116057e-10,2.5856821562337776e-10,1.4201572553101516e-10
506,1.5665803023147838e-08,4.4866704668663557e-09,4.8275071538604183e-09,3.4543766770869105e-09,1.8094884266229427e-09,6.9794996607517247e-10,2.5153989990547979e-10,1.3827043273056118e-10
507,1.5222616730498508e-08,4.3594777508155782e-09,4.6906583045783974e-09,3.3564844718225347e-09,1.7582979151686972e-09,6.7837265828132183e-10,2.4470227301231233e-10,1.3462335681966805e-10
508,1.4791968198595020e-08,4.2358908403599683e-09,4.5576888267845353e-09,3.2613664070602011e-09,1.7085555856618163e-09,6.5934442795898179e-10,2.3805017169228606e-10,1.3107193907723037e-10
509,1.4373502733604287e-08,4.1158075134994827e-09,4.4284887481085790e-09,3.1689438668406321e-09,1.6602204689673367e-09,6.4084987707624141e-10,2.3157857218955151e-10,1.2761368692246239e-10
510,1.3966875675998283e-08,3.9991284461677288e-09,4.3029512136898746e-09,3.0791404631005390e-09,1.6132527549690642e-09,6.2287403936542617e-10,2.2528258648440472e-10,1.2424617222124574e-10
511,1.3571752116683073e-08,3.8857571300768698e-09,4.1809723978014257e-09,2.9918819725360445e-09,1.5676137597808738e-09,6.0540236821776090e-10,2.1915745863474714e-10,1.2096702963534867e-10
512,1.3187806621158555e-08,3.7755997928915969e-09,4.0624514179792779e-09,2.9070962752553462e-09,1.5232658938856108e-09,5.8842072491738900e-10,2.1319856121588966e-10,1.1777395501344718e-10
513,1.2814722961481796e-08,3.6685653206661502e-09,3.9472902515861929e-09,2.8247132951699130e-09,1.4801726311753341e-09,5.7191536720523328e-10,2.0740139185606719e-10,1.1466470382290489e-10
514,1.2452193855813061e-08,3.5645651824802232e-09,3.8353936547406100e-09,2.7446649420749586e-09,1.4382984788674228e-09,5.5587293816345559e-10,2.0176156986509664e-10,1.1163708962129344e-10
515,1.2099920715330155e-08,3.4635133572114024e-09,3.7266690835438311e-09,2.6668850553713004e-09,1.3976089482717488e-09,5.4028045541152792e-10,1.9627483295368262e-10,1.0868898256666086e-10
516,1.1757613398302544e-08,3.3653262623836011e-09,3.6210266175402933e-09,2.5913093493820982e-09,1.3580705263848534e-09,5.2512530060517906e-10,1.9093703404094052e-10,1.0581830796557906e-10
517,1.1424989971122738e-08,3.2699226850326005e-09,3.5183788853476097e-09,2.5178753602192765e-09,1.3196506482877246e-09,5.1039520922972846e-10,1.8574413814777162e-10,1.0302304485802611e-10
518,1.1101776476098101e-08,3.1772237145315387e-09,3.4186409923948870e-09,2.4465223941557071e-09,1.2823176703244419e-09,4.9607826067955597e-10,1.8069221937378826e-10,1.0030122463818139e-10
519,1.0787706705811855e-08,3.0871526773207669e-09,3.3217304507095340e-09,2.3771914774604886e-09,1.2460408440395973e-09,4.8216286861568510e-10,1.7577745795554900e-10,9.7650929710234806e-11
520,1.0482521983867409e-08,2.9996350734880924e-09,3.2275671106944979e-09,2.3098253076558442e-09,1.2107902908530335e-09,4.6863777159368498e-10,1.7099613740392288e-10,9.5070292178333447e-11
521,1.0185970951835447e-08,2.9145985151469494e-09,3.1360730948395110e-09,2.2443682061553719e-09,1.1765369774510286e-09,4.5549202395431412e-10,1.6634464171846049e-10,9.2557492569810113e-11
522,9.8978093622282871e-09,2.8319726665615291e-09,3.0471727333115033e-09,2.1807660722444783e-09,1.1432526918736678e-09,4.4271498696954091e-10,1.6181945267670672e-10,9.0110758590859982e-11
523,9.6177998773310206e-09,2.7516891859693345e-09,2.9607925013709245e-09,2.1189663383649778e-09,1.1109100202787071e-09,4.3029632023678117e-10,1.5741714719644428e-10,8.7728363913851455e-11
524,9.3457118737237134e-09,2.6736816690530470e-09,2.8768609585622133e-09,2.0589179266668809e-09,1.0794823243627843e-09,4.1822597331439696e-10,1.5313439476891195e-10,8.5408626995477566e-11
525,9.0813212523336777e-09,2.5978855940149465e-09,2.7953086896281055e-09,2.0005712067914802e-09,1.0489437194213873e-09,4.0649417759169184e-10,1.4896795496109324e-10,8.3149909924974413e-11
526,8.8244102538614059e-09,2.5242382682084466e-09,2.7160682470989312e-09,1.9438779548508186e-09,1.0192690530295079e-09,3.9509143838683075e-10,1.4491467498522160e-10,8.0950617301651111e-11
527,8.5747672794280754e-09,2.4526787762826079e-09,2.6390740955094033e-09,1.8887913135696552e-09,9.9043388432541860e-10,3.8400852726629486e-10,1.4097148733369959e-10,7.8809195140995408e-11
528,8.3321867162969583e-09,2.3831479297967341e-09,2.5642625571967720e-09,1.8352657535569652e-09,9.6241446388051333e-10,3.7323647457966099e-10,1.3713540747767488e-10,7.6724129808636819e-11
529,8.0964687685251944e-09,2.3155882182633734e-09,2.4915717596355011e-09,1.7832570356749819e-09,9.3518771413863244e-10,3.6276656220367053e-10,1.3340353162756650e-10,7.4693946981466682e-11
530,7.8674192924064091e-09,2.2499437615792321e-09,2.4209415842649272e-09,1.7327221744746626e-09,9.0873121040875920e-10,3.5259031648972041e-10,1.2977303455387666e-10,7.2717210635232744e-11
531,7.6448496365687036e-09,2.1861602638046538e-09,2.3523136167675615e-09,1.6836194026673670e-09,8.8302316239543340e-10,3.4269950140907453e-10,1.2624116746667116e-10,7.0792522057941227e-11
532,7.4285764865962170e-09,2.1241849682534313e-09,2.2856310987569188e-09,1.6359081366033739e-09,8.5804239625167097e-10,3.3308611189025233e-10,1.2280525595215266e-10,6.8918518888417766e-11
533,7.2184217140464343e-09,2.0639666138558005e-09,2.2208388808349163e-09,1.5895489427287135e-09,8.3376833713960867e-10,3.2374236734320756e-10,1.1946269796479420e-10,6.7093874179393010e-11
534,7.0142122297387269e-09,2.0054553927585334e-09,2.1578833769800130e-09,1.5445035049925769e-09,8.1018099228450561e-10,3.1466070536506206e-10,1.1621096187354108e-10,6.5317295484495100e-11
535,6.8157798411934197e-09,1.9486029091270420e-09,2.0967125202283663e-09,1.5007345931783789e-09,7.8726093450815226e-10,3.0583377562230362e-10,1.1304758456062912e-10,6.3587523968547106e-11
536,6.6229611141038819e-09,1.8933621391154314e-09,2.0372757196113568e-09,1.4582060321322880e-09,7.6498928622811607e-10,2.9725443390450236e-10,1.0997016957160641e-10,6.1903333540581005e-11
537,6.4355972377275956e-09,1.8396873919713828e-09,1.9795238183138534e-09,1.4168826718637914e-09,7.4334770390965222e-10,2.8891573634473692e-10,1.0697638531518313e-10,6.0263530008995824e-11
538,6.2535338940853092e-09,1.7875342722436963e-09,1.9234090530186238e-09,1.3767303584935900e-09,7.2231836295746856e-10,2.8081093380205803e-10,1.0406396331157135e-10,5.8666950258301169e-11
539,6.0766211308605597e-09,1.7368596430612356e-09,1.8688850144032632e-09,1.3377159060247972e-09,7.0188394303490471e-10,2.7293346640144515e-10,1.0123069648801190e-10,5.7112461446900879e-11
540,5.9047132378948621e-09,1.6876215904528949e-09,1.8159066087569595e-09,1.2998070689141255e-09,6.8202761379843134e-10,2.6527695822684410e-10,9.8474437520220834e-11,5.5598960225385864e-11
541,5.7376686271768743e-09,1.6397793886790840e-09,1.7644300206853644e-09,1.2629725154203744e-09,6.6273302103572118e-10,2.5783521216299171e-10,9.5793097218521844e-11,5.4125371974817968e-11
542,5.5753497162266558e-09,1.5932934665460461e-09,1.7144126768727099e-09,1.2271818017082033e-09,6.4398427319587504e-10,2.5060220488185792e-10,9.3184642957463756e-11,5.2690650064499487e-11
543,5.4176228147789934e-09,1.5481253746751526e-09,1.6658132108712121e-09,1.1924053466857782e-09,6.2576592830070898e-10,2.4357208196965107e-10,9.0647097147754778e-11,5.1293775128735779e-11
544,5.2643580146724768e-09,1.5042377537000972e-09,1.6185914288886283e-09,1.1586144075554991e-09,6.0806298122632018e-10,2.3673915319044559e-10,8.8178535749376121e-11,4.9933754362110796e-11
545,5.1154290828536007e-09,1.4615943033656865e-09,1.5727082765456812e-09,1.1257810560575958e-09,5.9086085134445907e-10,2.3009788788260292e-10,8.5777086824768474e-11,4.8609620832806747e-11
546,4.9707133574077886e-09,1.4201597525026642e-09,1.5281258065758494e-09,1.0938781553869608e-09,5.7414537051352766e-10,2.2364291048426165e-10,8.3440929131013930e-11,4.7320432813511616e-11
547,4.8300916465317156e-09,1.3798998298537359e-09,1.4848071474408133e-09,1.0628793377641382e-09,5.5790277140931284e-10,2.1736899618428008e-10,8.1168290749965601e-11,4.6065273129468901e-11
548,4.6934481303636885e-09,1.3407812357266639e-09,1.4427164728355989e-09,1.0327589826419289e-09,5.4211967618584342e-10,2.1127106669511331e-10,7.8957447755304315e-11,4.4843248523235511e-11
549,4.5606702655912712e-09,1.3027716144509807e-09,1.4018189720581926e-09,1.0034921955296030e-09,5.2678308545703280e-10,2.0534418614420709e-10,7.6806722915529924e-11,4.3653489035724474e-11
550,4.4316486927575466e-09,1.2658395276155450e-09,1.3620808212191315e-09,9.7505478741721322e-10,5.1188036759003047e-10,1.9958355708058567e-10,7.4714484431920987e-11,4.2495147403119497e-11
551,4.3062771461897022e-09,1.2299544280647973e-09,1.3234691552672456e-09,9.4742325478300565e-10,4.9739924830146715e-10,1.9398451659340459e-10,7.2679144710522411e-11,4.1367398469259244e-11
552,4.1844523664757271e-09,1.1950866346322105e-09,1.2859520408084225e-09,9.2057476016740116e-10,4.8332780054801961e-10,1.8854253253932917e-10,7.0699159167246263e-11,4.0269438613098508e-11
553,4.0660740154171629e-09,1.1612073075900361e-09,1.2494984496949130e-09,8.9448711329749268e-10,4.6965443470297468e-10,1.8325319987568866e-10,6.8773025065194945e-11,3.9200485190863997e-11
554,3.9510445933878328e-09,1.1282884247950364e-09,1.2140782333633306e-09,8.6913875274645747e-10,4.5636788901069706e-10,1.7811223709643937e-10,6.6899280383340202e-11,3.8159775992531600e-11
555,3.8392693590304940e-09,1.0963027585104735e-09,1.1796620979001235e-09,8.4450872811272306e-10,4.4345722031114126e-10,1.7311548276805621e-10,6.5076502715714710e-11,3.7146568712261520e-11
556,3.7306562512252911e-09,1.0652238528851848e-09,1.1462215798138974e-09,8.2057668270416041e-10,4.3091179502676782e-10,1.6825889216254994e-10,6.3303308200295052e-11,3.6160140432436548e-11
557,3.6251158132657171e-09,1.0350260020711156e-09,1.1137290224945472e-09,7.9732283671299128e-10,4.1872128040443951e-10,1.6353853398488806e-10,6.1578350476777780e-11,3.5199787120957999e-11
558,3.5225611191796262e-09,1.0056842289612051e-09,1.0821575533397315e-09,7.7472797086749990e-10,4.0687563600508477e-10,1.5895058719217185e-10,5.9900319672470920e-11,3.4264823141462159e-11
559,3.4229077021346544e-09,9.7717426453004863e-10,1.0514810615297698e-09,7.5277341054704408e-10,3.9536510543411965e-10,1.5449133790199875e-10,5.8267941415544382e-11,3.3354580776128822e-11
560,3.3260734848690345e-09,9.4947252776023657e-10,1.0216741764325814e-09,7.3144101034722836e-10,3.8418020830581558e-10,1.5015717638750793e-10,5.6679975874903535e-11,3.2468409760761335e-11
561,3.2319787120905374e-09,9.2255610613777306e-10,9.9271224662080576e-10,7.1071313908248738e-10,3.7331173243499616e-10,1.4594459415668017e-10,5.5135216825968697e-11,3.1605676831826226e-11
562,3.1405458847878415e-09,8.9640273670043995e-10,9.6457131948374768e-10,6.9057266521368071e-10,3.6275072624963110e-10,1.4185018111352995e-10,5.3632490741664215e-11,3.0765765285147729e-11
563,3.0516996964002440e-09,8.7099078762342853e-10,9.3722812141728917e-10,6.7100294268865672e-10,3.5248849141807810e-10,1.3787062279889276e-10,5.2170655907937987e-11,2.9948074545960482e-11
564,2.9653669707931314e-09,8.4629924032701054e-10,9.1066003857537962e-10,6.5198779718407998e-10,3.4251657568490055e-10,1.3400269770857786e-10,5.0748601563151430e-11,2.9152019750031144e-11
565,2.8814766019881261e-09,8.2230767209144645e-10,8.8484509816718664e-10,6.3351151273715297e-10,3.3282676590936001e-10,1.3024327468671586e-10,4.9365247060697185e-11,2.8377031335566833e-11
566,2.7999594955982702e-09,7.9899623916475038e-10,8.5976195028443788e-10,6.1555881875618196e-10,3.2341108130085057e-10,1.2658931039219440e-10,4.8019541054219317e-11,2.7622554645635392e-11
567,2.7207485119200114e-09,7.7634566034934393e-10,8.3538985024392605e-10,5.9811487739925021e-10,3.1426176684570259e-10,1.2303784683613167e-10,4.6710460704827443e-11,2.6888049540829572e-11
568,2.6437784106351199e-09,7.5433720105401684e-10,8.1170864143056971e-10,5.8116527131056696e-10,3.0537128691994275e-10,1.1958600898839725e-10,4.5437010909712655e-11,2.6172990021913710e-11
569,2.5689857970769879e-09,7.3295265779800736e-10,7.8869873862684218e-10,5.6469599170435783e-10,2.9673231908274931e-10,1.1623100245124370e-10,4.4198223551588681e-11,2.5476863862198325e-11
570,2.4963090700170592e-09,7.1217434315438278e-10,7.6634111181478209e-10,5.4869342678644382e-10,2.8833774804549077e-10,1.1297011119816772e-10,4.2993156768397867e-11,2.4799172249394242e-11
571,2.4256883709283875e-09,6.9198507112026680e-10,7.4461727043718398e-10,5.3314435050394410e-10,2.8018065981138090e-10,1.0980069537617216e-10,4.1820894242735895e-11,2.4139429436704327e-11
572,2.3570655346845250e-09,6.7236814290181371e-10,7.2350924810495753e-10,5.1803591161379803e-10,2.7225433598092313e-10,1.0672018916965126e-10,4.0680544510464245e-11,2.3497162402916813e-11
573,2.2903840416531386e-09,6.5330733310216955e-10,7.0299958773800326e-10,5.0335562306107661e-10,2.6455224821845378e-10,1.0372609872417143e-10,3.9571240287993539e-11,2.2871910521270331e-11
574,2.2255889711449149e-09,6.3478687630099719e-10,6.8307132712731891e-10,4.8909135165830143e-10,2.5706805287522793e-10,1.0081600012846837e-10,3.8492137817734889e-11,2.2263225236866419e-11
575,2.1626269561793815e-09,6.1679145401446421e-10,6.6370798490638962e-10,4.7523130805724087e-10,2.4979558576461746e-10,9.7987537453028555e-11,3.7442416231229649e-11,2.1670669752411072e-11
576,2.1014461395304139e-09,5.9930618202490838e-10,6.4489354692026723e-10,4.6176403700489638e-10,2.4272885708511968e-10,9.5238420843668110e-11,3.6421276929481466e-11,2.1093818722072277e-11
577,2.0419961310152134e-09,5.8231659806969852e-10,6.2661245298105680e-10,4.4867840787562286e-10,2.3586204648699396e-10,9.2566424668567916e-11,3.5427942980026906e-11,2.0532257953246007e-11
578,1.9842279659915867e-09,5.6580864987911047e-10,6.0884958399886396e-10,4.3596360547156124e-10,2.2918949827846339e-10,8.9969385717265474e-11,3.4461658530293901e-11,1.9985584116028237e-11
579,1.9280940650293342e-09,5.4976868355332107e-10,5.9159024947755221e-10,4.2360912108377541e-10,2.2270571676753358e-10,8.7445201450147458e-11,3.3521688236808700e-11,1.9453404460195825e-11
580,1.8735481947225383e-09,5.3418343226890874e-10,5.7482017536497405e-10,4.1160474380670878e-10,2.1640536173559131e-10,8.4991828297026539e-11,3.2607316709824679e-11,1.8935336539503963e-11
581,1.8205454296104738e-09,5.1904000530551649e-10,5.5852549224762592e-10,3.9994055209877976e-10,2.1028324403905513e-10,8.2607280003426705e-11,3.1717847972956952e-11,1.8431007943112829e-11
582,1.7690421151757799e-09,5.0432587738360457e-10,5.4269272387995956e-10,3.8860690558214095e-10,2.0433432133545603e-10,8.0289626023239334e-11,3.0852604937418462e-11,1.7940056033960829e-11
583,1.7189958318894110e-09,4.9002887830446988e-10,5.2730877603886847e-10,3.7759443707482550e-10,1.9855369393042703e-10,7.8036989956449862e-11,3.0010928890464047e-11,1.7462127693906339e-11
584,1.6703653602727633e-09,4.7613718288396585e-10,5.1236092569412681e-10,3.6689404484869366e-10,1.9293660074218158e-10,7.5847548030671529e-11,2.9192178997659294e-11,1.6996879075464554e-11
585,1.6231106469481881e-09,4.6263930117159324e-10,4.9783681048582671e-10,3.5649688510678099e-10,1.8747841538015761e-10,7.3719527625257796e-11,2.8395731818601571e-11,1.6543975359970258e-11
586,1.5771927716499453e-09,4.4952406894687676e-10,4.8372441850010928e-10,3.4639436467383109e-10,1.8217464233459609e-10,7.1651205836799906e-11,2.7620980835730488e-11,1.6103090522001723e-11
587,1.5325739151684133e-09,4.3678063848516075e-10,4.7001207833473558e-10,3.3657813389397071e-10,1.7702091327391745e-10,6.9640908084848890e-11,2.6867335995874863e-11,1.5673907099905122e-11
588,1.4892173282011614e-09,4.2439846958519034e-10,4.5668844944627840e-10,3.2704007972965751e-10,1.7201298344684473e-10,6.7687006756734659e-11,2.6134223264192731e-11,1.5256115972262874e-11
589,1.4470873010852237e-09,4.1236732085105537e-10,4.4374251277095235e-10,3.1777231905619599e-10,1.6714672818631115e-10,6.5787919890385451e-11,2.5421084190170161e-11,1.4849416140153313e-11
590,1.4061491343856549e-09,4.0067724122128478e-10,4.3116356161132775e-10,3.0876719214628032e-10,1.6241813951227229e-10,6.3942109894082848e-11,2.4727375485353693e-11,1.4453514515053017e-11
591,1.3663691103161270e-09,3.8931856173808648e-10,4.1894119278138512e-10,3.0001725633917779e-10,1.5782332283062473e-10,6.2148082302116207e-11,2.4052568612499898e-11,1.4068125712236850e-11
592,1.3277144649680502e-09,3.7828188754992375e-10,4.0706529800259392e-10,2.9151527988932123e-10,1.5335849372551262e-10,6.0404384565330170e-11,2.3396149385834052e-11,1.3692971849534430e-11
593,1.2901533613253229e-09,3.6755809014081400e-10,3.9552605554389295e-10,2.8325423598922532e-10,1.4901997484237992e-10,5.8709604875587016e-11,2.2757617582118338e-11,1.3327782351305398e-11
594,1.2536548630425035e-09,3.5713829977992161e-10,3.8431392209866286e-10,2.7522729696178780e-10,1.4480419285920108e-10,5.7062371023192774e-11,2.2136486562237866e-11,1.2972293757499319e-11
595,1.2181889089647936e-09,3.4701389818519983e-10,3.7341962489197034e-10,2.6742782861717376e-10,1.4070767554339635e-10,5.5461349286363018e-11,2.1532282903020791e-11,1.2626249537669452e-11
596,1.1837262883688559e-09,3.3717651139501403e-10,3.6283415401155621e-10,2.5984938476962036e-10,1.3672704889200624e-10,5.3905243351829756e-11,2.0944546039016385e-11,1.2289399909812990e-11
597,1.1502386169040677e-09,3.2761800284184960e-10,3.5254875495622516e-10,2.5248570190962906e-10,1.3285903435277122e-10,5.2392793265716672e-11,2.0372827913962373e-11,1.1961501663913566e-11
598,1.1176983132143985e-09,3.1833046662237547e-10,3.4255492139547506e-10,2.4533069402714240e-10,1.2910044612382698e-10,5.0922774413833564e-11,1.9816692641680034e-11,1.1642317990065031e-11
599,1.0860785762216570e-09,3.0930622095829784e-10,3.3284438813437522e-10,2.3837844758142582e-10,1.2544818852979148e-10,4.9493996530565466e-11,1.9275716176142660e-11,1.1331618311058545e-11
600,1.0553533630513931e-09,3.0053780184259300e-10,3.2340912427787727e-10,2.3162321661349817e-10,1.2189925347208243e-10,4.8105302735554525e-11,1.8749485990469768e-11,1.1029178119318089e-11
601,1.0254973675832809e-09,2.9201795686586632e-10,3.1424132658890482e-10,2.2505941799707008e-10,1.1845071795136582e-10,4.6755568597395431e-11,1.8237600764606193e-11,1.0734778818072346e-11
602,9.9648599960830900e-10,2.8373963921772945e-10,3.0533341303472731e-10,2.1868162682406592e-10,1.1509974166009400e-10,4.5443701223586917e-11,1.7739670081451552e-11,1.0448207566653861e-11
603,9.6829536457561663e-10,2.7569600185823421e-10,2.9667801651628245e-10,2.1248457192091430e-10,1.1184356464315136e-10,4.4168638376003164e-11,1.7255314131212061e-11,1.0169257129819064e-11
604,9.4090224391229296e-10,2.6788039185454296e-10,2.8826797877525894e-10,2.0646313149190302e-10,1.0867950502468030e-10,4.2929347611169541e-11,1.6784163423752616e-11,9.8977257309855557e-12
605,9.1428407589992859e-10,2.6028634487814977e-10,2.8009634447390237e-10,2.0061232888599521e-10,1.0560495679921535e-10,4.1724825444647189e-11,1.6325858508733225e-11,9.6334169092856321e-12
606,8.8841893709217276e-10,2.5290757985810232e-10,2.7215635544264633e-10,1.9492732848361022e-10,1.0261738768530621e-10,4.0554096538850529e-11,1.5880049703319570e-11,9.3761393803376052e-12
607,8.6328552425798574e-10,2.4573799378580090e-10,2.6444144509081186e-10,1.8940343169996805e-10,9.9714337039862157e-11,3.9416212913640447e-11,1.5446396827263201e-11,9.1257069006390666e-12
608,8.3886313683571948e-10,2.3877165666707755e-10,2.5694523297575224e-10,1.8403607310169459e-10,9.6893413831499284e-11,3.8310253179054881e-11,1.5024568945152307e-11,8.8819381354885429e-12
609,8.1513165988357310e-10,2.3200280661738109e-10,2.4966151952595224e-10,1.7882081663347796e-10,9.4152294671222234e-11,3.7235321789555597e-11,1.4614244115639468e-11,8.6446565303445764e-12
610,7.9207154751238036e-10,2.2542584509600909e-10,2.4258428091371678e-10,1.7375335195165695e-10,9.1488721898817908e-11,3.6190548319188402e-11,1.4215109147457893e-11,8.4136901855333922e-12
611,7.6966380678708339e-10,2.1903533227544680e-10,2.3570766407320812e-10,1.6882949086171184e-10,8.8900501723385042e-11,3.5175086757069962e-11,1.3826859362042852e-11,8.1888717342187359e-12
612,7.4788998208363591e-10,2.1282598254198189e-10,2.2902598185971255e-10,1.6404516385671210e-10,8.6385502416468584e-11,3.4188114822631427e-11,1.3449198362579829e-11,7.9700382235495998e-12
613,7.2673213988845009e-10,2.0679266012387343e-10,2.2253370834613135e-10,1.5939641675386086e-10,8.3941652556310091e-11,3.3228833300064940e-11,1.3081837809305817e-11,7.7570309989037283e-12
614,7.0617285402786752e-10,2.0093037484345908e-10,2.1622547425280754e-10,1.5487940742635620e-10,8.1566939321768547e-11,3.2296465391434450e-11,1.2724497200894800e-11,7.5496955911468793e-12
615,6.8619519131548812e-10,1.9523427798968750e-10,2.1009606250690702e-10,1.5049040262786679e-10,7.9259406834506188e-11,3.1390256087927619e-11,1.2376903661763069e-11,7.3478816068299343e-12
616,6.6678269760553927e-10,1.8969965830766070e-10,2.0414040392768317e-10,1.4622577490699933e-10,7.7017154548073907e-11,3.0509471558739971e-11,1.2038791735134413e-11,7.1514426212478304e-12
617,6.4791938424079339e-10,1.8432193810187066e-10,1.9835357303405462e-10,1.4208199960920556e-10,7.4838335682569614e-11,2.9653398557097107e-11,1.1709903181709531e-11,6.9602360742863467e-12
618,6.2958971488387528e-10,1.7909666944990585e-10,1.9273078397103025e-10,1.3805565196365227e-10,7.2721155703580115e-11,2.8821343842934099e-11,1.1389986783788248e-11,6.7741231689846093e-12
619,6.1177859272111367e-10,1.7401953052349672e-10,1.8726738655161182e-10,1.3414340425264579e-10,7.0663870844153844e-11,2.8012633621765404e-11,1.1078798154697164e-11,6.5929687727430357e-12
620,5.9447134802839395e-10,1.6908632201385677e-10,1.8195886241090015e-10,1.3034202306127167e-10,6.8664786668586937e-11,2.7226612999290863e-11,1.0776099553379336e-11,6.4166413211082570e-12
621,5.7765372608877567e-10,1.6429296365836232e-10,1.7680082126922501e-10,1.2664836660497653e-10,6.6722256676840032e-11,2.6462645451296889e-11,1.0481659704006510e-11,6.2450127240683202e-12
622,5.6131187545191997e-10,1.5963549086569864e-10,1.7178899730120724e-10,1.2305938213288311e-10,6.4834680948436099e-11,2.5720112308423765e-11,1.0195253620478085e-11,6.0779582747931345e-12
623,5.4543233652565948e-10,1.5511005143668039e-10,1.6691924560775105e-10,1.1957210340469185e-10,6.3000504824722409e-11,2.4998412255382242e-11,9.9166624356747800e-12,5.9153565607568566e-12
624,5.3000203049031170e-10,1.5071290237803457e-10,1.6218753878804763e-10,1.1618364823908484e-10,6.1218217628411497e-11,2.4296960844214277e-11,9.6456732353384081e-12,5.7570893771804963e-12
625,5.1500824852660782e-10,1.4644040680651012e-10,1.5758996360875559e-10,1.1289121613160445e-10,5.9486351419346204e-11,2.3615190021204052e-11,9.3820788964527253e-12,5.6030416427346199e-12
626,5.0043864134836449e-10,1.4228903094075381e-10,1.5312271776760352e-10,1.0969208594003889e-10,5.7803479785464423e-11,2.2952547667056601e-11,9.1256779300036450e-12,5.4531013174435716e-12
627,4.8628120903127567e-10,1.3825534117846402e-10,1.4878210674873720e-10,1.0658361363540089e-10,5.6168216667967237e-11,2.2308497149971874e-11,8.8762743280003939e-12,5.3071593227341356e-12
628,4.7252429112944970e-10,1.3433600125640504e-10,1.4456454076721201e-10,1.0356323011664113e-10,5.4579215219723320e-11,2.1682516891252738e-11,8.6336774146424298e-12,5.1651094635730412e-12
629,4.5915655707154781e-10,1.3052776949093264e-10,1.4046653180010172e-10,1.0062843908728998e-10,5.3035166695968984e-11,2.1074099943095392e-11,8.3977017015199438e-12,5.0268483526391246e-12
630,4.4616699682861931e-10,1.2682749609674903e-10,1.3648469070177022e-10,9.7776814992272673e-11,5.1534799376390514e-11,2.0482753578220609e-11,8.1681667467389463e-12,4.8922753364773527e-12
631,4.3354491184594172e-10,1.2323212058166835e-10,1.3261572440091820e-10,9.5006001013192809e-11,5.0076877517700670e-11,1.9907998891013704e-11,7.9448970178647006e-12,4.7612924235833082e-12
632,4.2127990623140068e-10,1.1973866921523908e-10,1.2885643317708894e-10,9.2313707120426682e-11,4.8660200335847015e-11,1.9349370409850663e-11,7.7277217585803060e-12,4.6338042143680003e-12
633,4.0936187819315064e-10,1.1634425256912877e-10,1.2520370801437835e-10,8.9697708180419420e-11,4.7283601017013511e-11,1.8806415720296492e-11,7.5164748589598921e-12,4.5097178329542159e-12
634,3.9778101171950490e-10,1.1304606312723693e-10,1.2165452803016264e-10,8.7155842116617709e-11,4.5945945756600973e-11,1.8278695098871225e-11,7.3109947292586554e-12,4.3889428607568224e-12
635,3.8652776849420155e-10,1.0984137296355940e-10,1.1820595797671572e-10,8.4686008122519423e-11,4.4646132825394793e-11,1.7765781157086937e-11,7.1111241771246010e-12,4.2713912718007138e-12
636,3.7559288004038699e-10,1.0672753148588334e-10,1.1485514581365073e-10,8.2286164925363452e-11,4.3383091662150807e-11,1.7267258495467977e-11,6.9167102881394220e-12,4.1569773697312440e-12
637,3.6496734008684644e-10,1.0370196324344661e-10,1.1159932034917759e-10,7.9954329099024225e-11,4.2155781991852001e-11,1.6782723367274374e-11,6.7276043095984170e-12,4.0456177264731741e-12
638,3.5464239715019474e-10,1.0076216579674847e-10,1.0843578894822618e-10,7.7688573424716909e-11,4.0963192968909714e-11,1.6311783351656323e-11,6.5436615374418406e-12,3.9372311224952915e-12
639,3.4460954732691650e-10,9.7905707647749044e-11,1.0536193530553922e-10,7.5487025298157947e-11,3.9804342344603786e-11,1.5854057035975217e-11,6.3647412062523744e-12,3.8317384886389569e-12
640,3.3486052728932035e-10,9.5130226228746342e-11,1.0237521728189329e-10,7.3347865181864950e-11,3.8678275658075771e-11,1.5409173707034369e-11,6.1907063822357785e-12,3.7290628494699161e-12
641,3.2538730747963766e-10,9.2433425948266727e-11,9.9473164801658405e-11,7.1269325101316372e-11,3.7584065450209103e-11,1.4976773050969313e-11,6.0214238591039484e-12,3.6291292681137609e-12
642,3.1618208549666010e-10,8.9813076292352709e-11,9.6653377809957473e-11,6.9249687183728098e-11,3.6520810499748492e-11,1.4556504861555050e-11,5.8567640567818649e-12,3.5318647925364473e-12
643,3.0723727966947114e-10,8.7267009979678116e-11,9.3913524287735688e-11,6.7287282238239302e-11,3.5487635081029711e-11,1.4148028756694110e-11,5.6966009228619775e-12,3.4371984032322723e-12
644,2.9854552281297493e-10,8.4793121168963580e-11,9.1251338323098794e-11,6.5380488376334177e-11,3.4483688242708068e-11,1.3751013902856022e-11,5.5408118367316655e-12,3.3450609622826814e-12
645,2.9009965616008299e-10,8.2389363717210815e-11,8.8664618237324513e-11,6.3527729671358991e-11,3.3508143106891785e-11,1.3365138747245253e-11,5.3892775163014067e-12,3.2553851637502257e-12
646,2.8189272346555880e-10,8.0053749487314262e-11,8.6151224763997756e-11,6.1727474856026861e-11,3.2560196188102912e-11,1.2990090757480830e-11,5.2418819272632520e-12,3.1681054853729044e-12
647,2.7391796527666550e-10,7.7784346703650523e-11,8.3709079279763346e-11,5.9978236056833614e-11,3.1639066731504842e-11,1.2625566168577036e-11,5.0985121948111189e-12,3.0831581415250436e-12
648,2.6616881336589707e-10,7.5579278354285562e-11,8.1336162085233241e-11,5.8278567564338543e-11,3.0743996069851424e-11,1.2271269737020410e-11,4.9590585177562114e-12,3.0004810374117012e-12
649,2.5863888532120731e-10,7.3436720638477852e-11,7.9030510734626166e-11,5.6627064638293991e-11,2.9874246998627984e-11,1.1926914501744067e-11,4.8234140849727599e-12,2.9200137244644825e-12
650,2.5132197928928212e-10,7.1354901458193575e-11,7.6790218412758560e-11,5.5022362346636001e-11,2.9029103168869715e-11,1.1592221551805895e-11,4.6914749941109341e-12,2.8416973569074577e-12
651,2.4421206886752475e-10,6.9332098952385996e-11,7.4613432358044241e-11,5.3463134437376468e-11,2.8207868497157144e-11,1.1266919800582638e-11,4.5631401725155937e-12,2.7654746494626725e-12
652,2.3730329814054660e-10,6.7366640072826863e-11,7.2498352330198623e-11,5.1948092242464405e-11,2.7409866592302945e-11,1.0950745766297129e-11,4.4383113002910495e-12,2.6912898361655677e-12
653,2.3058997685707633e-10,6.5456899200311607e-11,7.0443229121380290e-11,5.0475983612710410e-11,2.6634440198257780e-11,1.0643443358701071e-11,4.3168927354538211e-12,2.6190886302613497e-12
654,2.2406657574331445e-10,6.3601296800094109e-11,6.8446363109538379e-11,4.9045591882893976e-11,2.5880950652776364e-11,1.0344763671740769e-11,4.1987914411167484e-12,2.5488181851541325e-12
655,2.1772772194887305e-10,6.1798298115438543e-11,6.6506102852769519e-11,4.7655734866198282e-11,2.5148777361397866e-11,1.0054464782037945e-11,4.0839169146494830e-12,2.4804270563813932e-12
656,2.1156819462155011e-10,6.0046411898208019e-11,6.4620843723521641e-11,4.6305263877141512e-11,2.4437317286307473e-11,9.7723115530226784e-12,3.9721811187618093e-12,2.4138651645869837e-12
657,2.0558292060729422e-10,5.8344189175439835e-11,6.2789026581515238e-11,4.4993062782196891e-11,2.3745984449658067e-11,9.4980754445598561e-12,3.8634984144577012e-12,2.3490837594666456e-12
658,1.9976697027181666e-10,5.6690222050887252e-11,6.1009136484284247e-11,4.3718047077317007e-11,2.3074209450942917e-11,9.2315343279151214e-12,3.7577854958094405e-12,2.2860353846606537e-12
659,1.9411555344041074e-10,5.5083142540536568e-11,5.9279701434270445e-11,4.2479162991599813e-11,2.2421438998021990e-11,8.9724723059105817e-12,3.6549613265024916e-12,2.2246738435688552e-12
660,1.8862401545263402e-10,5.3521621441136130e-11,5.7599291161434893e-11,4.1275386616355646e-11,2.1787135451415479e-11,8.7206795381247105e-12,3.5549470781031336e-12,2.1649541660640215e-12
661,1.8328783332860321e-10,5.2004367230801604e-11,5.5966515940379762e-11,4.0105723058855255e-11,2.1170776381489345e-11,8.4759520709950011e-12,3.4576660700021872e-12,2.1068325760800605e-12
662,1.7810261204374523e-10,5.0530125000788135e-11,5.4380025441002004e-11,3.8969205620059526e-11,2.0571854138168072e-11,8.2380916726858506e-12,3.3630437109894178e-12,2.0502664600522307e-12
663,1.7306408090893547e-10,4.9097675417545663e-11,5.2838507611728697e-11,3.7864894995651286e-11,1.9989875432820258e-11,8.0069056725880801e-12,3.2710074424144076e-12,1.9952143361871028e-12
664,1.6816809005304238e-10,4.7705833714199251e-11,5.1340687594409968e-11,3.6791878499708779e-11,1.9424360931972715e-11,7.7822068053201482e-12,3.1814866828909255e-12,1.9416358245405858e-12
665,1.6341060700498048e-10,4.6353448710619814e-11,4.9885326669972467e-11,3.5749269310379140e-11,1.8874844862518382e-11,7.5638130591048352e-12,3.0944127745029375e-12,1.8894916178829012e-12
666,1.5878771337245810e-10,4.5039401861275075e-11,4.8471221233961221e-11,3.4736205736928637e-11,1.8340874628092953e-11,7.3515475283986815e-12,3.0097189304715764e-12,1.8387434533299305e-12
667,1.5429560161468263e-10,4.3762606330073038e-11,4.7097201801122560e-11,3.3751850507563551e-11,1.7822010436304211e-11,7.1452382706549246e-12,2.9273401842434514e-12,1.7893540847208983e-12
668,1.4993057190636673e-10,4.2522006091432790e-11,4.5762132038204909e-11,3.2795390077433373e-11,1.7317824936507050e-11,6.9447181671039864e-12,2.8472133399617891e-12,1.7412872557228842e-12
669,1.4568902909045170e-10,4.1316575056839089e-11,4.4464907824177594e-11,3.1866033956244220e-11,1.6827902867825902e-11,6.7498247874388536e-12,2.7692769242829034e-12,1.6945076736431373e-12
670,1.4156747971703811e-10,4.0145316226158445e-11,4.3204456337090307e-11,3.0963014054926754e-11,1.6351840717134571e-11,6.5604002582958407e-12,2.6934711395015219e-12,1.6489809839306951e-12
671,1.3756252916608605e-10,3.9007260863014391e-11,4.1979735166818066e-11,3.0085584050818713e-11,1.5889246386711874e-11,6.3762911354242694e-12,2.6197378179494924e-12,1.6046737453492523e-12
672,1.3367087885151349e-10,3.7901467693540324e-11,4.0789731452957908e-11,2.9233018770837234e-11,1.5439738871299313e-11,6.1973482794416524e-12,2.5480203776333340e-12,1.5615534058037285e-12
673,1.2988932350439130e-10,3.6827022127846738e-11,3.9633461047164285e-11,2.8404613592131303e-11,1.5002947944294758e-11,6.0234267350737581e-12,2.4782637790770458e-12,1.5195882788034156e-12
674,1.2621474853299669e-10,3.5783035503559277e-11,3.8509967699230323e-11,2.7599683859718833e-11,1.4578513852823800e-11,5.8543856137818900e-12,2.4104144833374880e-12,1.4787475205450459e-12
675,1.2264412745755063e-10,3.4768644350801700e-11,3.7418322266241883e-11,2.6817564320627151e-11,1.4166087021437484e-11,5.6900879796823286e-12,2.3444204111605382e-12,1.4390011075995392e-12
676,1.1917451941752732e-10,3.3783009678015912e-11,3.6357621944150389e-11,2.6057608574069175e-11,1.3765327764192486e-11,5.5304007386656437e-12,2.2802309032470801e-12,1.4003198151866292e-12
677,1.1580306674948114e-10,3.2825316278028259e-11,3.5326989521128732e-11,2.5319188537200806e-11,1.3375906004876527e-11,5.3751945306261013e-12,2.2177966815987366e-12,1.3626751960219647e-12
678,1.1252699263339759e-10,3.1894772053788260e-11,3.4325572652092923e-11,2.4601693926018035e-11,1.2997501005148657e-11,5.2243436247139651e-12,2.1570698119140420e-12,1.3260395597216861e-12
679,1.0934359880562884e-10,3.0990607363221950e-11,3.3352543153789395e-11,2.3904531750964735e-11,1.2629801100370413e-11,5.0777258175258981e-12,2.0980036670065808e-12,1.2903859527498763e-12
680,1.0625026333653056e-10,3.0112074382657973e-11,3.2407096319864957e-11,2.3227125826834174e-11,1.2272503442910393e-11,4.9352223341510678e-12,2.0405528912173528e-12,1.2556881388946479e-12
681,1.0324443847096930e-10,2.9258446488299972e-11,3.1488450255353062e-11,2.2568916296559291e-11,1.1925313752710689e-11,4.7967177319928525e-12,1.9846733657944089e-12,1.2219205802590207e-12
682,1.0032364852992219e-10,2.8429017655233629e-11,3.0595845230025760e-11,2.1929359168498058e-11,1.1587946074909842e-11,4.6620998072883235e-12,1.9303221752135009e-12,1.1890584187530824e-12
683,9.7485487871440543e-11,2.7623101873471279e-11,2.9728543050076696e-11,2.1307925866831560e-11,1.1260122544322668e-11,4.5312595042498128e-12,1.8774575744142291e-12,1.1570774580742973e-12
684,9.4727618909297624e-11,2.6840032580551017e-11,2.8885826447615519e-11,2.0704102794703136e-11,1.0941573156582917e-11,4.4040908267550601e-12,1.8260389569268371e-12,1.1259541461631504e-12
685,9.2047770187689271e-11,2.6079162110221144e-11,2.8066998487468668e-11,2.0117390909737525e-11,1.0632035545760354e-11,4.2804907525144151e-12,1.7760268238654938e-12,1.0956655581216698e-12
686,8.9443734510401031e-11,2.5339861156753828e-11,2.7271381990796000e-11,1.9547305311589270e-11,1.0331254768269053e-11,4.1603591496456676e-12,1.7273827537645446e-12,1.0661893795826686e-12
687,8.6913367122901538e-11,2.4621518254444927e-11,2.6498318975046612e-11,1.8993374841179365e-11,1.0038983092888925e-11,4.0435986955889506e-12,1.6800693732348612e-12,1.0375038905178945e-12
688,8.4454583945864324e-11,2.3923539271869508e-11,2.5747170109790600e-11,1.8455141691288961e-11,9.7549797967275596e-12,3.9301147982960932e-12,1.6340503284180305e-12,1.0095879494735567e-12
689,8.2065359858663491e-11,2.3245346920474697e-11,2.5017314187976770e-11,1.7932161028188335e-11,9.4790109669543124e-12,3.8198155196306240e-12,1.5892902572167313e-12,9.8242097822201462e-13
690,7.9743727031429361e-11,2.2586380277103428e-11,2.4308147612178882e-11,1.7424000623988330e-11,9.2108493081433400e-12,3.7126115009164373e-12,1.5457547622802267e-12,9.5598294681870478e-13
691,7.7487773304290275e-11,2.1946094320054144e-11,2.3619083895405796e-11,1.6930240499410424e-11,8.9502739550669129e-12,3.6084158905748530e-12,1.5034103847244853e-12,9.3025435905366072e-13
692,7.5295640612465856e-11,2.1323959478292795e-11,2.2949553176062330e-11,1.6450472576680205e-11,8.6970702907848073e-12,3.5071442737914790e-12,1.4622245785669817e-12,9.0521623828726653e-13
693,7.3165523455914306e-11,2.0719461193444141e-11,2.2299001746659961e-11,1.5984300342257336e-11,8.4510297698799746e-12,3.4087146041559728e-12,1.4221656858567776e-12,8.8085011366014705e-13
694,7.1095667412273543e-11,2.0132099494200213e-11,2.1666891595887462e-11,1.5531338519123273e-11,8.2119497466948603e-12,3.3130471372193473e-12,1.3832029124810133e-12,8.5713800666736854e-13
695,6.9084367691871264e-11,1.9561388582793831e-11,2.1052699963662762e-11,1.5091212748355866e-11,7.9796333084269391e-12,3.2200643659150507e-12,1.3453063046294376e-12,8.3406241808737437e-13
696,6.7129967733613889e-11,1.9006856433195199e-11,2.0455918908798047e-11,1.4663559279727688e-11,7.7538891129459760e-12,3.1296909577915332e-12,1.3084467258991161e-12,8.1160631525633463e-13
697,6.5230857840597832e-11,1.8468044400699169e-11,1.9876054888920588e-11,1.4248024671072355e-11,7.5345312311994567e-12,3.0418536940055050e-12,1.2725958350219338e-12,7.8975311967882954e-13
698,6.3385473854319353e-11,1.7944506842580342e-11,1.9312628352301788e-11,1.3844265496170374e-11,7.3213789940763640e-12,2.9564814100264944e-12,1.2377260641979820e-12,7.6848669496602325e-13
699,6.1592295866391188e-11,1.7435810749502180e-11,1.8765173341256947e-11,1.3451948060913058e-11,7.1142568436031880e-12,2.8735049380047133e-12,1.2038105980183732e-12,7.4779133509272070e-13
700,5.9849846966704598e-11,1.6941535387375310e-11,1.8233237106787733e-11,1.3070748127509977e-11,6.9129941883496159e-12,2.7928570507555659e-12,1.1708233529614823e-12,7.2765175296491504e-13
701,5.8156692027006219e-11,1.6461271949368741e-11,1.7716379734148580e-11,1.2700350646511942e-11,6.7174252629247896e-12,2.7144724073154715e-12,1.1387389574470372e-12,7.0805306928966482e-13
702,5.6511436518887363e-11,1.5994623217786203e-11,1.7214173779027492e-11,1.2340449496428067e-11,6.5273889914484242e-12,2.6382875000249227e-12,1.1075327324329113e-12,6.8898080173934496e-13
703,5.4912725365212529e-11,1.5541203235527978e-11,1.6726203914040166e-11,1.1990747230721700e-11,6.3427288548843473e-12,2.5642406030959362e-12,1.0771806725398736e-12,6.7042085440252398e-13
704,5.3359241824041060e-11,1.5100636986866360e-11,1.6252066585245240e-11,1.1650954831976142e-11,6.1632927621271557e-12,2.4922717226222718e-12,1.0476594276899589e-12,6.5235950751392963e-13
705,5.1849706404122738e-11,1.4672560087270877e-11,1.5791369678396508e-11,1.1320791473026898e-11,5.9889329247358560e-12,2.4223225479919447e-12,1.0189462852445070e-12,6.3478340745615130e-13
706,5.0382875811074027e-11,1.4256618482026584e-11,1.5343732194656091e-11,1.0999984284863131e-11,5.8195057352112883e-12,2.3543364046627058e-12,9.9101915262829396e-13,6.1767955702593126e-13
707,4.8957541923366984e-11,1.3852468153396211e-11,1.4908783935500381e-11,1.0688268131106422e-11,5.6548716487170888e-12,2.2882582082622511e-12,9.6385654042655240e-13,6.0103530595807507e-13
708,4.7572530797287608e-11,1.3459774836083976e-11,1.4486165196558149e-11,1.0385385388880471e-11,5.4948950681467718e-12,2.2240344199760094e-12,9.3743754594203396e-13,5.8483834170019859e-13
709,4.6226701700043896e-11,1.3078213740765669e-11,1.4075526470127620e-11,1.0091085735890624e-11,5.3394442324422645e-12,2.1616130031863961e-12,9.1174183719961203e-13,5.6907668043170505e-13
710,4.4918946170227279e-11,1.2707469285456365e-11,1.3676528156126485e-11,9.8051259435372495e-12,5.1883911080719254e-12,2.1009433813284209e-12,8.8674963738626855e-13,5.5373865832055894e-13
711,4.3648187104853737e-11,1.2347234834493578e-11,1.3288840281235781e-11,9.5272696758919639e-12,5.0416112835786456e-12,2.0419763969275443e-12,8.6244170971462972e-13,5.3881292301159208e-13
712,4.2413377872232497e-11,1.1997212444919942e-11,1.2912142226005387e-11,9.2572872943705804e-12,4.8989838671111951e-12,1.9846642717866063e-12,8.3879934269854625e-13,5.2428842534024000e-13
713,4.1213501449931741e-11,1.1657112620055689e-11,1.2546122459695422e-11,8.9949556679413267e-12,4.7603913868544074e-12,1.9289605682896154e-12,8.1580433582951753e-13,5.1015441126577062e-13
714,4.0047569587131318e-11,1.1326654070057057e-11,1.2190478282634251e-11,8.7400579887114693e-12,4.6257196942762014e-12,1.8748201517910560e-12,7.9343898564306679e-13,4.9640041401821572e-13
715,3.8914621990672457e-11,1.1005563479262625e-11,1.1844915575880031e-11,8.4923835927399415e-12,4.4948578701117528e-12,1.8221991540602689e-12,7.7168607216446997e-13,4.8301624645337533e-13
716,3.7813725534134337e-11,1.0693575280135091e-11,1.1509148557978752e-11,8.2517277859278770e-12,4.3676981330073670e-12,1.7710549377513187e-12,7.5052884572352649e-13,4.6999199361040655e-13
717,3.6743973489285707e-11,1.0390431433611593e-11,1.1182899548617593e-11,8.0178916748431124e-12,4.2441357507488336e-12,1.7213460618695729e-12,7.2995101412834291e-13,4.5731800546665741e-13
718,3.5704484779278939e-11,1.0095881215680809e-11,1.0865898738978156e-11,7.7906820023388976e-12,4.1240689540011300e-12,1.6730322482070411e-12,7.0993673018836804e-13,4.4498488988453970e-13
719,3.4694403252971206e-11,9.8096810100103956e-12,1.0557883968599605e-11,7.5699109878309096e-12,4.0073988524884261e-12,1.6260743487193025e-12,6.9047057957718909e-13,4.3298350574537923e-13
720,3.3712896979775102e-11,9.5315941064531810e-12,1.0258600508567233e-11,7.3553961721005576e-12,3.8940293535453738e-12,1.5804343138176032e-12,6.7153756902584787e-13,4.2130495626530791e-13
721,3.2759157564458043e-11,9.2613905052655041e-12,9.9678008508470726e-12,7.1469602664963448e-12,3.7838670829725720e-12,1.5360751615504612e-12,6.5312311483769675e-13,4.0994058248839611e-13
722,3.1832399481325972e-11,8.9988467268757196e-12,9.6852445035923798e-12,6.9444310064086160e-12,3.6768213081310384e-12,1.4929609476498214e-12,6.3521303171604863e-13,3.9888195695234640e-13
723,3.0931859427243049e-11,8.7437456270455741e-12,9.4106977922526815e-12,6.7476410088966186e-12,3.5728038632123492e-12,1.4510567364175158e-12,6.1779352189611628e-13,3.8812087752219568e-13
724,3.0056795692954475e-11,8.4958762172715188e-12,9.1439336663208966e-12,6.5564276343501738e-12,3.4717290766228783e-12,1.4103285724284517e-12,6.0085116457297033e-13,3.7764936138758934e-13
725,2.9206487552194593e-11,8.2550334902774821e-12,8.8847315115587055e-12,6.3706328520716576e-12,3.3735137004223467e-12,1.3707434530276245e-12,5.8437290561746323e-13,3.6745963921930977e-13
726,2.8380234668077109e-11,8.0210182504546762e-12,8.6328769675448677e-12,6.1901031096671821e-12,3.2780768417585579e-12,1.3322693015986858e-12,5.6834604757229098e-13,3.5754414948085357e-13
727,2.7577356516278700e-11,7.7936369491082789e-12,8.3881617503956168e-12,6.0146892061390037e-12,3.1853398962418468e-12,1.2948749415824216e-12,5.5275823992057155e-13,3.4789553289096307e-13
728,2.6797191824540589e-11,7.5727015243746586e-12,8.1503834805104703e-12,5.8442461685743242e-12,3.0952264832043682e-12,1.2585300712241105e-12,5.3759746961953283e-13,3.3850662703312458e-13
729,2.6039098028026812e-11,7.3580292456767767e-12,7.9193455152010565e-12,5.6786331323285183e-12,3.0076623827909043e-12,1.2232052390293100e-12,5.2285205189209478e-13,3.2937046110815119e-13
730,2.5302450740090338e-11,7.1494425625890941e-12,7.6948567860644757e-12,5.5177132246037819e-12,2.9225754748293751e-12,1.1888718199082061e-12,5.0851062126933565e-13,3.2048025082606950e-13
731,2.4586643238011273e-11,6.9467689579869742e-12,7.4767316409667514e-12,5.3613534513269947e-12,2.8398956794307057e-12,1.1555019919892049e-12,4.9456212287701529e-13,3.1182939343362997e-13
732,2.3891085963283547e-11,6.7498408053591395e-12,7.2647896905056452e-12,5.2094245872332650e-12,2.7595548992691248e-12,1.1230687140829974e-12,4.8099580395951929e-13,3.0341146287385479e-13
733,2.3215206036038485e-11,6.5584952301651589e-12,7.0588556588258737e-12,5.0618010690643441e-12,2.6814869634953592e-12,1.0915457037788503e-12,4.6780120563476258e-13,2.9522020507413539e-13
734,2.2558446783205412e-11,6.3725739751232669e-12,6.8587592386633569e-12,4.9183608917936290e-12,2.6056275732365223e-12,1.0609074161553857e-12,4.5496815487377268e-13,2.8724953335947964e-13
735,2.1920267280020583e-11,6.1919232693171323e-12,6.6643349504985970e-12,4.7789855077919818e-12,2.5319142486378152e-12,1.0311290230886172e-12,4.4248675669883657e-13,2.7949352398760057e-13
736,2.1300141904506833e-11,6.0163937010132976e-12,6.4754220057027078e-12,4.6435597288510285e-12,2.4602862774024242e-12,1.0021863931404825e-12,4.3034738659426801e-13,2.7194641180262421e-13
737,2.0697559904557052e-11,5.8458400940840734e-12,6.2918641735629185e-12,4.5119716309829585e-12,2.3906846647872181e-12,9.7405607201159753e-13,4.1854068312400806e-13,2.6460258600427977e-13
738,2.0112024977264887e-11,5.6801213879337240e-12,6.1135096520775809e-12,4.3841124619181566e-12,2.3230520850130834e-12,9.4671526354239390e-13,4.0705754075043204e-13,2.5745658602951768e-13
739,1.9543054860156142e-11,5.5191005208285775e-12,5.9402109424137989e-12,4.2598765512241932e-12,2.2573328340498435e-12,9.2014181124726464e-13,3.9588910284888740e-13,2.5050309754358020e-13
740,1.8990180933984355e-11,5.3626443165346073e-12,5.7718247269238943e-12,4.1391612229718987e-12,2.1934727837369195e-12,8.9431418036676674e-13,3.8502675491263633e-13,2.4373694853763014e-13
741,1.8452947836763199e-11,5.2106233741686918e-12,5.6082117506197843e-12,4.0218667108763493e-12,2.1314193372018941e-12,8.6921144042334071e-13,3.7446211794302207e-13,2.3715310553011662e-13
742,1.7930913088718032e-11,5.0629119611724618e-12,5.4492367060072708e-12,3.9078960758426116e-12,2.0711213855403067e-12,8.4481324826643095e-13,3.6418704201981745e-13,2.3074666986913351e-13
743,1.7423646727847495e-11,4.9193879093202056e-12,5.2947681211849903e-12,3.7971551258481097e-12,2.0125292657209679e-12,8.2109983159327380e-13,3.5419360004685126e-13,2.2451287413309600e-13
744,1.6930730955795147e-11,4.7799325136748344e-12,5.1446782511154810e-12,3.6895523380954023e-12,1.9555947196821395e-12,7.9805197293201075e-13,3.4447408166814367e-13,2.1844707862713407e-13
745,1.6451759793739377e-11,4.6444304344083156e-12,4.9988429719784335e-12,3.5849987833710127e-12,1.9002708545848808e-12,7.7565099407415736e-13,3.3502098734990780e-13,2.1254476797266724e-13
746,1.5986338748018217e-11,4.5127696014053760e-12,4.8571416785187676e-12,3.4834080525478173e-12,1.8465121041908350e-12,7.5387874094382380e-13,3.2582702262390303e-13,2.0680154778769399e-13
747,1.5534084485213658e-11,4.3848411215715787e-12,4.7194571843046366e-12,3.3846961851702306e-12,1.7942741913326369e-12,7.3271756889143349e-13,3.1688509248774876e-13,2.0121314145539276e-13
748,1.5094624516427814e-11,4.2605391887691001e-12,4.5856756248128562e-12,3.2887816000631688e-12,1.7435140914460341e-12,7.1215032840003254e-13,3.0818829595792433e-13,1.9577538697869619e-13
749,1.4667596890490950e-11,4.1397609963057184e-12,4.4556863632616232e-12,3.1955850279074462e-12,1.6941899971336878e-12,6.9216035119261567e-13,2.9972992077129931e-13,1.9048423391855996e-13
750,1.4252649895848685e-11,4.0224066519046295e-12,4.3293818991126418e-12,3.1050294457258700e-12,1.6462612837314645e-12,6.7273143672921926e-13,2.9150343823114974e-13,1.8533574041370994e-13
751,1.3849441770882763e-11,3.9083790950847610e-12,4.2066577791669689e-12,3.0170400132258928e-12,1.5996884758488575e-12,6.5384783908284751e-13,2.8350249819372732e-13,1.8032607027970762e-13
752,1.3457640422426934e-11,3.7975840168832591e-12,4.0874125111810897e-12,2.9315440109462104e-12,1.5544332148559852e-12,6.3549425418360346e-13,2.7572092419155337e-13,1.7545149018523264e-13
753,1.3076923152245981e-11,3.6899297818537387e-12,3.9715474799317317e-12,2.8484707801561822e-12,1.5104582272903793e-12,6.1765580742069777e-13,2.6815270868971592e-13,1.7070836690353492e-13
754,1.2706976391252693e-11,3.5853273522757872e-12,3.8589668656600524e-12,2.7677516644583997e-12,1.4677272941575489e-12,6.0031804159229341e-13,2.6079200847154721e-13,1.6609316463706454e-13
755,1.2347495441243844e-11,3.4836902145130262e-12,3.7495775648277101e-12,2.6893199530461472e-12,1.4262052211000340e-12,5.8346690519343001e-13,2.5363314015015844e-13,1.6160244241333862e-13
756,1.1998184223942474e-11,3.3849343074588458e-12,3.6432891131193028e-12,2.6131108255688450e-12,1.3858578094103743e-12,5.6708874103254421e-13,2.4667057580240516e-13,1.5723285155015664e-13
757,1.1658755037139775e-11,3.2889779530105949e-12,3.5400136106274938e-12,2.5390612985599204e-12,1.3466518278641264e-12,5.5117027516736465e-13,2.3989893872194798e-13,1.5298113318832532e-13
758,1.1328928317735736e-11,3.1957417885147548e-12,3.4396656491589455e-12,2.4671101733828171e-12,1.3085549853497242e-12,5.3569860615122667e-13,2.3331299928816489e-13,1.4884411589010187e-13
759,1.1008432411483382e-11,3.1051487011271964e-12,3.3421622416009422e-12,2.3971979856521330e-12,1.2715359042726410e-12,5.2066119458109499e-13,2.2690767094776136e-13,1.4481871330161321e-13
760,1.0697003349246957e-11,3.0171237640342445e-12,3.2474227532902937e-12,2.3292669560880748e-12,1.2355640947119521e-12,5.0604585293883183e-13,2.2067800630600590e-13,1.4090192187755337e-13
761,1.0394384629589760e-11,2.9315941744817980e-12,3.1553688353277452e-12,2.2632609427636151e-12,1.2006099293080045e-12,4.9184073571748301e-13,2.1461919332460744e-13,1.3709081866650658e-13
762,1.0100327007512607e-11,2.8484891935612338e-12,3.0659243597827610e-12,2.1991253947048860e-12,1.1666446188605225e-12,4.7803432982458848e-13,2.0872655162332801e-13,1.3338255915528785e-13
763,9.8145882891688731e-12,2.7677400877023169e-12,2.9790153567350775e-12,2.1368073068064582e-12,1.1336401886170375e-12,4.6461544525474300e-13,2.0299552888250527e-13,1.2977437517073418e-13
764,9.5369331323870553e-12,2.6892800718247001e-12,2.8945699531009768e-12,2.0762551760242442e-12,1.1015694552321220e-12,4.5157320602385405e-13,1.9742169734373585e-13,1.2626357283742169e-13
765,9.2671328528365751e-12,2.6130442541010128e-12,2.8125183131936637e-12,2.0174189588098216e-12,1.0704060043784485e-12,4.3889704135775816e-13,1.9200075040604483e-13,1.2284753058982426e-13
766,9.0049652356771413e-12,2.5389695822858414e-12,2.7327925809686114e-12,1.9602500297509941e-12,1.0401241689912322e-12,4.2657667712805540e-13,1.8672849931493998e-13,1.1952369723746772e-13
767,8.7502143525365847e-12,2.4669947915662128e-12,2.6553268239061000e-12,1.9047011413844091e-12,1.0106990081281384e-12,4.1460212752823037e-13,1.8160086994182019e-13,1.1628959008167314e-13
768,8.5026703836663624e-12,2.3970603538904502e-12,2.5800569784845396e-12,1.8507263851470190e-12,9.8210628642724451e-13,4.0296368698331649e-13,1.7661389965127531e-13,1.1314279308251859e-13
769,8.2621294451283365e-12,2.3291084287334917e-12,2.5069207971994791e-12,1.7982811534341061e-12,9.5432245414613833e-13,3.9165192228655351e-13,1.7176373425388325e-13,1.1008095507468594e-13
770,8.0283934208704117e-12,2.2630828152579438e-12,2.4358577970844949e-12,1.7473221027325250e-12,9.2732462776571026e-13,3.8065766495666672e-13,1.6704662504217412e-13,1.0710178803089389e-13
771,7.8012697995527548e-12,2.1989289058313074e-12,2.3668092096913721e-12,1.6978071177986782e-12,9.0109057114266443e-13,3.6997200380958423e-13,1.6245892590749464e-13,1.0420306537165354e-13
772,7.5805715159902671e-12,2.1365936408609321e-12,2.2997179324882195e-12,1.6496952768516335e-12,8.7559867719522846e-13,3.5958627773856959e-13,1.5799709053556851e-13,1.0138262032011507e-13
773,7.3661167970805762e-12,2.0760254649093362e-12,2.2345284816353231e-12,1.6029468177526017e-12,8.5082795010697181e-13,3.4949206869692831e-13,1.5365766967860797e-13,9.8638344300807927e-14
774,7.1577290120907927e-12,2.0171742840536009e-12,2.1711869460996758e-12,1.5575231051428345e-12,8.2675798803408327e-13,3.3968119487760177e-13,1.4943730850188911e-13,9.5968185381107702e-14
775,6.9552365271796292e-12,1.9599914244535693e-12,2.1096409430702444e-12,1.5133865985127750e-12,8.0336896630185654e-13,3.3014570408412734e-13,1.4533274400276297e-13,9.3370146754293989e-14
776,6.7584725640351077e-12,1.9044295920945807e-12,2.0498395746370917e-12,1.4705008211760732e-12,7.8064162107654970e-13,3.2087786728759302e-13,1.4134080250012613e-13,9.0842285263094155e-14
777,6.5672750625114188e-12,1.8504428336714474e-12,1.9917333856985387e-12,1.4288303301228239e-12,7.5855723349916908e-13,3.1187017236437165e-13,1.3745839719243148e-13,8.8382709962635789e-14
778,6.3814865471517653e-12,1.7979864985813137e-12,1.9352743230615392e-12,1.3883406867271129e-12,7.3709761426810764e-13,3.0311531800956112e-13,1.3368252578237019e-13,8.5989580721761023e-14
779,6.2009539974873202e-12,1.7470172019939715e-12,1.8804156957014587e-12,1.3489984282846568e-12,7.1624508865794269e-13,2.9460620782120117e-13,1.3001026816640711e-13,8.3661106861681637e-14
780,6.0255287220053919e-12,1.6974927889690781e-12,1.8271121361483807e-12,1.3107710403570199e-12,6.9598248196205120e-13,2.8633594455047673e-13,1.2643878418740178e-13,8.1395545830982795e-14
781,5.8550662356830617e-12,1.6493722995906056e-12,1.7753195629680038e-12,1.2736269298995452e-12,6.7629310534705503e-13,2.7829782451324959e-13,1.2296531144859515e-13,7.9191201916007808e-14
782,5.6894261409854003e-12,1.6026159350896805e-12,1.7249951443061164e-12,1.2375353991507936e-12,6.5716074210744490e-13,2.7048533215839317e-13,1.1958716318728859e-13,7.7046424985683112e-14
783,5.5284720122302314e-12,1.5571850249277945e-12,1.6760972624664813e-12,1.2024666202619095e-12,6.3856963430906038e-13,2.6289213478853177e-13,1.1630172620658747e-13,7.4959609269867300e-14
784,5.3720712832242433e-12,1.5130419948131607e-12,1.6285854794928435e-12,1.1683916106449465e-12,6.2050446981042756e-13,2.5551207742890629e-13,1.1310645886362677e-13,7.2929192170331962e-14
785,5.2200951380778611e-12,1.4701503356237643e-12,1.5824205037266006e-12,1.1352822090197760e-12,6.0295036965126294e-13,2.4833917784021370e-13,1.0999888911273730e-13,7.0953653103506069e-14
786,5.0724184051089900e-12,1.4284745732114015e-12,1.5375641573124712e-12,1.1031110521397869e-12,5.8589287579775813e-13,2.4136762167137857e-13,1.0697661260205539e-13,6.9031512374138517e-14
787,4.9289194537482131e-12,1.3879802390617318e-12,1.4939793446252903e-12,1.0718515521771357e-12,5.6931793923455015e-13,2.3459175774833167e-13,1.0403729082211796e-13,6.7161330079056044e-14
788,4.7894800943605483e-12,1.3486338417860770e-12,1.4516300215918218e-12,1.0414778747488579e-12,5.5321190839357041e-13,2.2800609349498015e-13,1.0117864930502535e-13,6.5341705040215174e-14
789,4.6539854809012542e-12,1.3104028394213899e-12,1.4104811658822185e-12,1.0119649175656808e-12,5.3756151791024300e-13,2.2160529048265977e-13,9.8398475872792720e-14,6.3571273766268287e-14
790,4.5223240163255087e-12,1.2732556125154806e-12,1.3704987479464673e-12,9.8328828968589299e-13,5.2235387769776900e-13,2.1538416010446540e-13,9.5694618933548429e-14,6.1848709441884799e-14
791,4.3943872606740540e-12,1.2371614379752372e-12,1.3316497028718805e-12,9.5542429135711698e-13,5.0757646233050171e-13,2.0933765937095531e-13,9.3064985824274299e-14,6.0172720944088171e-14
792,4.2700698417590953e-12,1.2020904636562146e-12,1.2939019030383477e-12,9.2834989442933472e-13,4.9321710072766553e-13,2.0346088682382471e-13,9.0507541198818070e-14,5.8542051884889346e-14
793,4.1492693683769036e-12,1.1680136836725726e-12,1.2572241315487386e-12,9.0204272332297100e-13,4.7926396612892312e-13,1.9774907856423807e-13,8.8020305459943409e-14,5.6955479679515965e-14
794,4.0318863459756415e-12,1.1349029144069435e-12,1.2215860564124820e-12,8.7648103653630592e-13,4.6570556635353428e-13,1.9219760439260404e-13,8.5601353234215793e-14,5.5411814639556113e-14
795,3.9178240947089484e-12,1.1027307712003838e-12,1.1869582054609729e-12,8.5164370867693521e-13,4.5253073433508335e-13,1.8680196405666586e-13,8.3248811888555889e-14,5.3909899090351982e-14
796,3.8069886698077883e-12,1.0714706457031364e-12,1.1533119419740561e-12,8.2751021300242629e-13,4.3972861892398050e-13,1.8155778360486806e-13,8.0960860087323544e-14,5.2448606511998172e-14
797,3.6992887842049892e-12,1.0410966838674644e-12,1.1206194409974364e-12,8.0406060445574029e-13,4.2728867595015969e-13,1.7646081184204649e-13,7.8735726388826524e-14,5.1026840703315023e-14
798,3.5946357333487287e-12,1.0115837645643578e-12,1.0888536663314237e-12,7.8127550318139965e-13,4.1520065953861406e-13,1.7150691688457032e-13,7.6571687880178587e-14,4.9643534968185055e-14
799,3.4929433221430666e-12,9.8290747880642513e-13,1.0579883481719881e-12,7.5913607850877646e-13,4.0345461367061460e-13,1.6669208281214552e-13,7.4467068849460147e-14,4.8297651323656187e-14
800,3.3941277939553063e-12,9.5504410955978721e-13,1.0279979613856246e-12,7.3762403338926753e-13,3.9204086398366284e-13,1.6201240641356854e-13,7.2420239494163900e-14,4.6988179729231783e-14
801,3.2981077616317729e-12,9.2797061212827731e-13,9.9885770440007350e-13,7.1672158927448791e-13,3.8095000980342297e-13,1.5746409402379341e-13,7.0429614664935189e-14,4.5714137336782443e-14
802,3.2048041404651297e-12,9.0166459509371597e-13,9.7054347869342486e-13,6.9641147142299325e-13,3.7017291640107085e-13,1.5304345844975085e-13,6.8493652643643924e-14,4.4474567760529960e-14
803,3.1141400830580712e-12,8.7610430179650667e-13,9.4303186886465473e-13,6.7667689462337775e-13,3.5970070746968375e-13,1.4874691598242910e-13,6.6610853954851184e-14,4.3268540366567960e-14
804,3.0260409160297170e-12,8.5126859234122727e-13,9.1630012326910590e-13,6.5750154932195793e-13,3.4952475781347226e-13,1.4457098349279605e-13,6.4779760209759132e-14,4.2095149581398528e-14
805,2.9404340785125863e-12,8.2713692611233749e-13,8.9032613520290015e-13,6.3886958814356827e-13,3.3963668624383502e-13,1.4051227560921047e-13,6.2998952981757575e-14,4.0953514218977327e-14
806,2.8572490623894967e-12,8.0368934478554178e-13,8.6508842462072032e-13,6.2076561279433592e-13,3.3002834867638371e-13,1.3656750197403620e-13,6.1267052712704906e-14,3.9842776825773729e-14
807,2.7764173542211629e-12,7.8090645582075347e-13,8.4056612037184451e-13,6.0317466133560446e-13,3.2069183142325452e-13,1.3273346457723640e-13,5.9582717649104521e-14,3.8762103043365354e-14
808,2.6978723788166669e-12,7.5876941642301156e-13,8.1673894293973722e-13,5.8608219581849105e-13,3.1161944467517912e-13,1.2900705516478865e-13,5.7944642807360502e-14,3.7710680988099075e-14
809,2.6215494444003220e-12,7.3725991795808077e-13,7.9358718767092856e-13,5.6947409026885950e-13,3.0280371616794942e-13,1.2538525271982157e-13,5.6351558967319157e-14,3.6687720647363316e-14
810,2.5473856893297684e-12,7.1636017080984723e-13,7.7109170847930645e-13,5.5333661901277364e-13,2.9423738502805725e-13,1.2186512101443179e-13,5.4802231693323772e-14,3.5692453292028176e-14
811,2.4753200303214169e-12,6.9605288966698440e-13,7.4923390201234904e-13,5.3765644533278831e-13,2.8591339579244205e-13,1.1844380623019924e-13,5.3295460382031971e-14,3.4724130904622006e-14
812,2.4052931121405972e-12,6.7632127922671998e-13,7.2799569226619799e-13,5.2242061044569822e-13,2.7782489259741966e-13,1.1511853464547257e-13,5.1830077336264700e-14,3.3782025622824388e-14
813,2.3372472587149754e-12,6.5714902030388213e-13,7.0735951563685472e-13,5.0761652279263766e-13,2.6996521353200674e-13,1.1188661038755115e-13,5.0404946864176231e-14,3.2865429197866610e-14
814,2.2711264256309702e-12,6.3852025633373016e-13,6.8730830639513209e-13,4.9323194763267858e-13,2.6232788515098987e-13,1.0874541324794328e-13,4.9018964403053983e-14,3.1973652467441821e-14
815,2.2068761539740541e-12,6.2041958025741392e-13,6.6782548257335136e-13,4.7925499693132559e-13,2.5490661714322018e-13,1.0569239655893054e-13,4.7671055667075378e-14,3.1106024842737179e-14
816,2.1444435254749125e-12,6.0283202177920732e-13,6.4889493225211204e-13,4.6567411953555352e-13,2.4769529715074226e-13,1.0272508512971798e-13,4.6360175818367923e-14,3.0261893809211246e-14
817,2.0837771189245161e-12,5.8574303498498322e-13,6.3050100023579389e-13,4.5247809162726453e-13,2.4068798573449012e-13,9.9841073240498683e-14,4.5085308660735928e-14,2.9440624440749266e-14
818,2.0248269678222188e-12,5.6913848631168454e-13,6.1262847510577139e-13,4.3965600744727738e-13,2.3387891148240375e-13,9.7038022692807244e-14,4.3845465855435035e-14,2.8641598926839242e-14
819,1.9675445192219896e-12,5.5300464285784312e-13,5.9526257664063267e-13,4.2719727028218056e-13,2.2726246625593703e-13,9.4313660914583310e-14,4.2639686158392429e-14,2.7864216112420873e-14
820,1.9118825937428888e-12,5.3732816102547841e-13,5.7838894359300110e-13,4.1509158370660061e-13,2.2083320057104327e-13,9.1665779118409535e-14,4.1467034678287039e-14,2.7107891050068912e-14
821,1.8577953467108433e-12,5.2209607548397995e-13,5.6199362181284935e-13,4.0332894307364864e-13,2.1458581910983120e-13,8.9092230511432413e-14,4.0326602154920029e-14,2.6372054564181393e-14
822,1.8052382303997313e-12,5.0729578844684943e-13,5.4606305270748386e-13,3.9189962724651138e-13,2.0851517635919784e-13,8.6590928555515582e-14,3.9217504257321483e-14,2.5656152826851935e-14
823,1.7541679573406661e-12,4.9291505925242789e-13,5.3058406202865737e-13,3.8079419056435251e-13,2.0261627237284390e-13,8.4159845276216239e-14,3.8138880901054207e-14,2.4959646945113935e-14
824,1.7045424646692562e-12,4.7894199423999679e-13,5.1554384897753412e-13,3.7000345503588537e-13,1.9688424865318239e-13,8.1797009619214706e-14,3.7089895584190132e-14,2.4282012559252781e-14
825,1.6563208794814907e-12,4.6536503691287315e-13,5.0092997561849972e-13,3.5951850275416521e-13,1.9131438414974752e-13,7.9500505852865576e-14,3.6069734741449597e-14,2.3622739451890185e-14
826,1.6094634851697053e-12,4.5217295838036875e-13,4.8673035659305911e-13,3.4933066852633087e-13,1.8590209137080992e-13,7.7268472015576613e-14,3.5077607116007041e-14,2.2981331167552791e-14
827,1.5639316887109013e-12,4.3935484807070282e-13,4.7293324912531612e-13,3.3943153271220645e-13,1.8064291260499329e-13,7.5099098406757131e-14,3.4112743148480767e-14,2.2357304642444700e-14
828,1.5196879888804885e-12,4.2690010470719122e-13,4.5952724331077082e-13,3.2981291426584194e-13,1.7553251624978253e-13,7.2990626120113755e-14,3.3174394382637137e-14,2.1750189844151187e-14
829,1.4766959453652548e-12,4.1479842754024602e-13,4.4650125268040060e-13,3.2046686397424452e-13,1.7056669324389803e-13,7.0941345618105036e-14,3.2261832887352749e-14,2.1159529421008045e-14
830,1.4349201487501351e-12,4.0303980782793422e-13,4.3384450503222366e-13,3.1138565788771019e-13,1.6574135360059844e-13,6.8949595346400135e-14,3.1374350694390239e-14,2.0584878360878054e-14
831,1.3943261913540532e-12,3.9161452055805028e-13,4.2154653352276120e-13,3.0256179093632738e-13,1.6105252303905676e-13,6.7013760387219142e-14,3.0511259251555747e-14,2.0025803659083065e-14
832,1.3548806388908252e-12,3.8051311640485435e-13,4.0959716801103163e-13,2.9398797072737640e-13,1.5649633971103429e-13,6.5132271150463931e-14,2.9671888890817879e-14,1.9481883995246780e-14
833,1.3165510029317677e-12,3.6972641391382477e-13,3.9798652664791798e-13,2.8565711151849887e-13,1.5206905102015773e-13,6.3303602101579183e-14,2.8855588310979138e-14,1.8952709418809898e-14
834,1.2793057141473484e-12,3.5924549190796090e-13,3.8670500770395291e-13,2.7756232836165510e-13,1.4776701053117873e-13,6.1526270525112917e-14,2.8061724074502316e-14,1.8437881042985622e-14
835,1.2431140963058290e-12,3.4906168210935547e-13,3.7574328162876178e-13,2.6969693141303107e-13,1.4358667496667091e-13,5.9798835322974974e-14,2.7289680118105106e-14,1.7937010746929741e-14
836,1.2079463410074859e-12,3.3916656196993328e-13,3.6509228333559972e-13,2.6205442040419094e-13,1.3952460128869024e-13,5.8119895846419639e-14,2.6538857276746489e-14,1.7449720885905448e-14
837,1.1737734831336021e-12,3.2955194770542785e-13,3.5474320470459805e-13,2.5462847926990670e-13,1.3557744386299533e-13,5.6488090760806093e-14,2.5808672820639137e-14,1.6975644009229038e-14
838,1.1405673769900107e-12,3.2020988752683378e-13,3.4468748729852344e-13,2.4741297092822394e-13,1.3174195170349231e-13,5.4902096942217137e-14,2.5098560004931749e-14,1.6514422585788172e-14
839,1.1083006731255330e-12,3.1113265506373659e-13,3.3491681528502365e-13,2.4040193220845113e-13,1.2801496579463429e-13,5.3360628405042108e-14,2.4407967631714985e-14,1.6065708736930095e-14
840,1.0769467958062312e-12,3.0231274297408103e-13,3.2542310855950833e-13,2.3358956892287925e-13,1.2439341648957044e-13,5.1862435259655110e-14,2.3736359624014280e-14,1.5629163976522535e-14
841,1.0464799211269089e-12,2.9374285673509231e-13,3.1619851606297523e-13,2.2697025107815895e-13,1.2087432098190123e-13,5.0406302699344112e-14,2.3083214611441907e-14,1.5204458957995233e-14
842,1.0168749557418436e-12,2.8541590861021454e-13,3.0723540928925770e-13,2.2053850822237825e-13,1.1745478084895826e-13,4.8991050015670200e-14,2.2448025527189493e-14,1.4791273228175259e-14
843,9.8810751619722379e-13,2.7732501178707784e-13,2.9852637597632230e-13,2.1428902492399463e-13,1.1413197966458451e-13,4.7615529641459090e-14,2.1830299216051111e-14,1.4389294987734229e-14
844,9.6015390884827400e-13,2.6946347468164359e-13,2.9006421397640075e-13,2.0821663637888517e-13,1.1090318067944925e-13,4.6278626220649514e-14,2.1229556053175384e-14,1.3998220858070309e-14
845,9.3299111034452614e-13,2.6182479540381872e-13,2.8184192529988502e-13,2.0231632414188432e-13,1.0776572456698689e-13,4.4979255704245087e-14,2.0645329573253306e-14,1.3617755654452765e-14
846,9.0659674866716186e-13,2.5440265637996119e-13,2.7385271032806134e-13,1.9658321197928121e-13,1.0471702723310348e-13,4.3716364471636876e-14,2.0077166109856473e-14,1.3247612165261274e-14
847,8.8094908470281028e-13,2.4719091912782808e-13,2.6608996218989664e-13,1.9101256183884914e-13,1.0175457768784649e-13,4.2488928476584959e-14,1.9524624444648258e-14,1.2887510937156814e-14
848,8.5602699433862405e-13,2.4018361917964643e-13,2.5854726129822625e-13,1.8559976993407596e-13,9.8875935977285404e-14,4.1295952417166883e-14,1.8987275466197974e-14,1.2537180066025142e-14
849,8.3180995106388456e-13,2.3337496114910595e-13,2.5121837004082492e-13,1.8034036293936001e-13,9.6078731173899149e-14,4.0136468929020648e-14,1.8464701838135518e-14,1.2196354993538370e-14
850,8.0827800906381199e-13,2.2675931393819541e-13,2.4409722762197080e-13,1.7522999429302630e-13,9.3360659423816033e-14,3.9009537801228329e-14,1.7956497676391043e-14,1.1864778309183932e-14
851,7.8541178679164885e-13,2.2033120607991671e-13,2.3717794505023602e-13,1.7026444060510799e-13,9.0719482049296911e-14,3.7914245214205270e-14,1.7462268235271313e-14,1.1542199557614607e-14
852,7.6319245100549266e-13,2.1408532121302584e-13,2.3045480026835855e-13,1.6543959816692366e-13,8.8153023704899511e-14,3.6849702998977099e-14,1.6981629602131042e-14,1.1228375051176934e-14
853,7.4160170125672561e-13,2.0801649368505764e-13,2.2392223342116833e-13,1.6075147955956670e-13,8.5659170585804759e-14,3.5815047917244611e-14,1.6514208400404288e-14,1.0923067687479227e-14
854,7.2062175481726746e-13,2.0211970427999746e-13,2.1757484225765343e-13,1.5619621035850272e-13,8.3235868686829654e-14,3.4809440961652965e-14,1.6059641500767153e-14,1.0626046771864165e-14
855,7.0023533203323885e-13,1.9639007606706625e-13,2.1140737766336459e-13,1.5177002593155260e-13,8.0881122110692929e-14,3.3832066675698486e-14,1.5617575740209545e-14,1.0337087844654480e-14
856,6.8042564209296777e-13,1.9082287036718634e-13,2.0541473931946288e-13,1.4746926832761354e-13,7.8592991424139681e-14,3.2882132492721773e-14,1.5187667648799649e-14,1.0055972513043740e-14
857,6.6117636919762067e-13,1.8541348283379059e-13,1.9959197148482037e-13,1.4329038325354792e-13,7.6369592060571572e-14,3.1958868093451693e-14,1.4769583183930682e-14,9.7824882875077948e-15
858,6.4247165912306881e-13,1.8015743964473478e-13,1.9393425889768629e-13,1.3922991713674081e-13,7.4209092767866457e-14,3.1061524781579529e-14,1.4362997471845382e-14,9.5164284226155734e-15
859,6.2429610616191733e-13,1.7505039380216251e-13,1.8843692279352865e-13,1.3528451427089866e-13,7.2109714100109550e-14,3.0189374876857513e-14,1.3967594556239111e-14,9.2575917621213364e-15
860,6.0663474043494589e-13,1.7008812153726316e-13,1.8309541703575815e-13,1.3145091404273002e-13,7.0069726951993210e-14,2.9341711125229876e-14,1.3583067153747926e-14,9.0057825882235528e-15
861,5.8947301556151039e-13,1.6526651881694889e-13,1.7790532435613511e-13,1.2772594823721686e-13,6.8087451134679018e-14,2.8517846125518332e-14,1.3209116416133413e-14,8.7608104748786262e-15
862,5.7279679667874768e-13,1.6058159794956168e-13,1.7286235270174947e-13,1.2410653841924849e-13,6.6161253991948526e-14,2.7717111772197749e-14,1.2845451698980956e-14,8.5224901450607850e-15
863,5.5659234879971943e-13,1.5602948428680260e-13,1.6796233168555286e-13,1.2058969338945507e-13,6.4289549055503202e-14,2.6938858713810165e-14,1.2491790336733367e-14,8.2906413318621755e-15
864,5.4084632550090316e-13,1.5160641301915620e-13,1.6320120913750836e-13,1.1717250671213716e-13,6.2470794738306136e-14,2.6182455826578477e-14,1.2147857423886506e-14,8.0650886433302707e-15
865,5.2554575792971493e-13,1.4730872606215923e-13,1.5857504775350399e-13,1.1385215431324898e-13,6.0703493064888951e-14,2.5447289702793256e-14,1.1813385602178365e-14,7.8456614309422071e-15
866,5.1067804412301108e-13,1.4313286903093832e-13,1.5408002183926026e-13,1.1062589214644958e-13,5.8986188437578634e-14,2.4732764153558061e-14,1.1488114853607589e-14,7.6321936616185477e-15
867,4.9623093862776760e-13,1.3907538830051453e-13,1.4971241414653790e-13,1.0749105392529361e-13,5.7317466437627647e-14,2.4038299725490359e-14,1.1171792299122003e-14,7.4245237931814724e-15
868,4.8219254241539350e-13,1.3513292814944318e-13,1.4546861279903005e-13,1.0444504891968673e-13,5.5695952660260272e-14,2.3363333230986406e-14,1.0864172002821940e-14,7.2224946531649386e-15
869,4.6855129308136725e-13,1.3130222798442699e-13,1.4134510830539559e-13,1.0148535981478526e-13,5.4120311582675486e-14,2.2707317291669445e-14,1.0565014781527570e-14,7.0259533208868926e-15
870,4.5529595532212598e-13,1.2758011964360625e-13,1.3733849065696498e-13,9.8609540630569947e-14,5.2589245464074107e-14,2.2069719894651303e-14,1.0274088019563381e-14,6.8347510126959518e-15
871,4.4241561168136427e-13,1.2396352477629674e-13,1.3344544650771648e-13,9.5815214700374673e-14,5.1101493276804199e-14,2.1450023961247740e-14,9.9911654886170703e-15,6.6487429703073373e-15
872,4.2989965355812116e-13,1.2044945229700720e-13,1.2966275643419253e-13,9.3100072706699655e-14,4.9655829667744415e-14,2.0847726927798117e-14,9.7160271725340318e-15,6.4677883521451586e-15
873,4.1773777246924710e-13,1.1703499591163114e-13,1.2598729227308848e-13,9.0461870772685260e-14,4.8251063949069922e-14,2.0262340338249661e-14,9.4484590969123115e-15,6.2917501276103049e-15
874,4.0591995155905837e-13,1.1371733171376718e-13,1.2241601453431343e-13,8.7898428607669819e-14,4.6886039117569547e-14,1.9693389448176232e-14,9.1882531633667025e-15,6.1204949741954187e-15
875,3.9443645734918153e-13,1.1049371584917909e-13,1.1894596988738249e-13,8.5407627705298160e-14,4.5559630901706487e-14,1.9140412839910634e-14,8.9352069883341932e-15,5.9538931773704675e-15
876,3.8327783172179680e-13,1.0736148224646496e-13,1.1557428871906241e-13,8.2987409592692063e-14,4.4270746835637733e-14,1.8602962048478646e-14,8.6891237462964546e-15,5.7918185331645469e-15
877,3.7243488412967527e-13,1.0431804041205765e-13,1.1229818276025085e-13,8.0635774129235600e-14,4.3018325359429503e-14,1.8080601198031602e-14,8.4498120172985131e-15,5.6341482533714887e-15
878,3.6189868402659399e-13,1.0136087328773319e-13,1.0911494278012614e-13,7.8350777853569254e-14,4.1801334944727661e-14,1.7572906648482954e-14,8.2170856386459798e-15,5.4807628733087846e-15
879,3.5166055351189612e-13,9.8487535168855324e-14,1.0602193634566109e-13,7.6130532377426655e-14,4.0618773245162951e-14,1.7079466652062349e-14,7.9907635606664982e-15,5.3315461620612797e-15
880,3.4171206018313596e-13,9.5695649681633976e-14,1.0301660564464787e-13,7.3973202824986788e-14,3.9469666270791278e-14,1.6599881019509060e-14,7.7706697064241540e-15,5.1863850351428339e-15
881,3.3204501019092283e-13,9.2982907817725249e-14,1.0009646537043331e-13,7.1877006316451453e-14,3.8353067585889088e-14,1.6133760795634076e-14,7.5566328352786250e-15,5.0451694695110466e-15
882,3.2265144149024467e-13,9.0347066024546725e-14,9.7259100666615944e-14,6.9840210494595033e-14,3.7268057529443275e-14,1.5680727943988093e-14,7.3484864101838404e-15,4.9077924208717792e-15
883,3.1352361728271107e-13,8.7785944349729386e-14,9.4502165130004223e-14,6.7861132093068609e-14,3.6213742457693342e-14,1.5240415040379755e-14,7.1460684686237809e-15,4.7741497432119668e-15
884,3.0465401964431600e-13,8.5297424638170786e-14,9.1823378870185161e-14,6.5938135545275497e-14,3.5189254008102095e-14,1.4812464974995826e-14,6.9492214970858542e-15,4.6441401105008365e-15
885,2.9603534333347145e-13,8.2879448780198727e-14,8.9220526624098019e-14,6.4069631632667969e-14,3.4193748384148715e-14,1.4396530662881842e-14,6.7577923089749550e-15,4.5176649405012612e-15
886,2.8766048977421196e-13,8.0530017009396610e-14,8.6691455924054427e-14,6.2254076171348665e-14,3.3226405660354982e-14,1.3992274762548694e-14,6.5716319258740787e-15,4.3946283206345231e-15
887,2.7952256120961452e-13,7.8247186248682086e-14,8.4234075317689145e-14,6.0489968735890772e-14,3.2286429106972410e-14,1.3599369402476992e-14,6.3905954620598004e-15,4.2749369358433055e-15
888,2.7161485502061838e-13,7.6029068503271759e-14,8.1846352638370049e-14,5.8775851419322257e-14,3.1373044533773932e-14,1.3217495915297669e-14,6.2145420121835463e-15,4.1584999983991890e-15
889,2.6393085820556645e-13,7.3873829299202474e-14,7.9526313324636764e-14,5.7110307628249807e-14,3.0485499652409843e-14,1.2846344579433300e-14,6.0433345420319403e-15,4.0452291796023816e-15
890,2.5646424201591982e-13,7.1779686166117614e-14,7.7272038787277889e-14,5.5491960912126113e-14,2.9623063456802644e-14,1.2485614367990858e-14,5.8768397822819453e-15,3.9350385433228017e-15
891,2.4920885674372843e-13,6.9744907163063868e-14,7.5081664822696586e-14,5.3919473825693256e-14,2.8785025621070603e-14,1.2135012704702286e-14,5.7149281251687574e-15,3.8278444813330166e-15
892,2.4215872665656455e-13,6.7767809446079014e-14,7.2953380071252585e-14,5.2391546823662057e-14,2.7970695914484039e-14,1.1794255226715207e-14,5.5574735239867351e-15,3.7235656503848386e-15
893,2.3530804507574738e-13,6.5846757876386009e-14,7.0885424519305258e-14,5.0906917186713715e-14,2.7179403632972544e-14,1.1463065554041438e-14,5.4043533953457377e-15,3.6221229109826896e-15
894,2.2865116959380491e-13,6.3980163668042325e-14,6.8876088043719230e-14,4.9464357977936358e-14,2.6410497046714891e-14,1.1141175065476500e-14,5.2554485241074426e-15,3.5234392678081200e-15
895,2.2218261742723313e-13,6.2166483073926071e-14,6.6923708997628837e-14,4.8062677028833791e-14,2.5663342863356662e-14,1.0828322680808515e-14,5.1106429709282345e-15,3.4274398117510333e-15
896,2.1589706090072743e-13,6.0404216108971893e-14,6.5026672836291787e-14,4.6700715954068659e-14,2.4937325706413434e-14,1.0524254649139965e-14,4.9698239823372829e-15,3.3340516635044360e-15
897,2.0978932305916382e-13,5.8691905309601000e-14,6.3183410781895459e-14,4.5377349194125601e-14,2.4231847608430001e-14,1.0228724343150780e-14,4.8328819032803544e-15,3.2432039186806290e-15
898,2.0385437340371831e-13,5.7028134528319124e-14,6.1392398526212104e-14,4.4091483085103175e-14,2.3546327518478133e-14,9.9414920591359805e-15,4.6997100920618694e-15,3.1548275944079138e-15
899,1.9808732374861140e-13,5.5411527762485344e-14,5.9652154970029534e-14,4.2842054954866004e-14,2.2880200823587239e-14,9.6623248226558449e-15,4.5702048376194496e-15,3.0688555773679892e-15
900,1.9248342419506548e-13,5.3840748016283293e-14,5.7961240998315167e-14,4.1628032244809833e-14,2.2232918883713789e-14,9.3909961996410530e-15,4.4442652790671262e-15,2.9852225732352530e-15
901,1.8703805921915912e-13,5.2314496194953403e-14,5.6318258290100251e-14,4.0448411656513947e-14,2.1603948579866468e-14,9.1272861127997454e-15,4.3217933274450252e-15,2.9038650574803026e-15
902,1.8174674387035611e-13,5.0831510030371646e-14,5.4721848162100378e-14,3.9302218322575522e-14,2.0992771875014898e-14,8.8709806631776685e-15,4.2026935896151083e-15,2.8247212275009159e-15
903,1.7660512007757846e-13,4.9390563037086198e-14,5.3170690445115540e-14,3.8188505000940748e-14,2.0398885387420252e-14,8.6218719567267978e-15,4.0868732942441658e-15,2.7477309560447784e-15
904,1.7160895305978063e-13,4.7990463497948552e-14,5.1663502392280900e-14,3.7106351292066826e-14,1.9821799976036377e-14,8.3797579357418684e-15,3.9742422198168889e-15,2.6728357458891928e-15
905,1.6675412783806865e-13,4.6630053478500100e-14,5.0199037618265184e-14,3.6054862878267848e-14,1.9261040337639952e-14,8.1444422150282001e-15,3.8647126246234033e-15,2.5999786857439388e-15
906,1.6203664584649198e-13,4.5308207869299158e-14,4.8776085068539472e-14,3.5033170784615957e-14,1.8716144615357839e-14,7.9157339226680276e-15,3.7581991786671694e-15,2.5291044073443487e-15
907,1.5745262163871581e-13,4.4023833455396137e-14,4.7393468017864110e-14,3.4040430660786893e-14,1.8186664018269208e-14,7.6934475452562647e-15,3.6546188974406327e-15,2.4601590437025572e-15
908,1.5299827968786181e-13,4.2775868012187504e-14,4.6050043097165224e-14,3.3075822083256510e-14,1.7672162451769130e-14,7.4774027774802732e-15,3.5538910775174552e-15,2.3930901884857448e-15
909,1.4866995127688190e-13,4.1563279426900527e-14,4.4744699347996358e-14,3.2138547877271443e-14,1.7172216158389243e-14,7.2674243759217359e-15,3.4559372339115420e-15,2.3278468564910295e-15
910,1.4446407147690275e-13,4.0385064844982418e-14,4.3476357303803134e-14,3.1227833458033602e-14,1.6686413368779566e-14,7.0633420169620980e-15,3.3606810391544711e-15,2.2643794451874649e-15
911,1.4037717621105405e-13,3.9240249840687607e-14,4.2243968097231174e-14,3.0342926190554132e-14,1.6214353962564069e-14,6.8649901586764400e-15,3.2680482640442164e-15,2.2026396972964233e-15
912,1.3640589940136032e-13,3.8127887611177521e-14,4.1046512592738973e-14,2.9483094767647510e-14,1.5755649138790684e-14,6.6722079066038276e-15,3.1779667200193855e-15,2.1425806643823863e-15
913,1.3254697019634763e-13,3.7047058193466039e-14,3.9883000543798582e-14,2.8647628605552105e-14,1.5309921095704259e-14,6.4848388832853375e-15,3.0903662031144123e-15,2.0841566714269241e-15
914,1.2879721027708185e-13,3.5996867703563017e-14,3.8752469773986910e-14,2.7835837256677308e-14,1.4876802719578783e-14,6.3027311014640323e-15,3.0051784394523889e-15,2.0273232823593964e-15
915,1.2515353123941825e-13,3.4976447597186873e-14,3.7653985381290552e-14,2.7047049838992230e-14,1.4455937282352530e-14,6.1257368408440849e-15,2.9223370322333964e-15,1.9720372665185767e-15
916,1.2161293205030843e-13,3.3984953951434430e-14,3.6586638964966029e-14,2.6280614481584168e-14,1.4046978147817145e-14,5.9537125283091743e-15,2.8417774101773370e-15,1.9182565660201462e-15
917,1.1817249657606770e-13,3.3021566766814101e-14,3.5549547874316103e-14,2.5535897785928723e-14,1.3649588486118647e-14,5.7865186215030603e-15,2.7634367773814251e-15,1.8659402640056322e-15
918,1.1482939118056823e-13,3.2085489289065239e-14,3.4541854478760937e-14,2.4812284302426302e-14,1.3263440996335208e-14,5.6240194956779687e-15,2.6872540645535395e-15,1.8150485537490461e-15
919,1.1158086239137939e-13,3.1175947350202458e-14,3.3562725458600387e-14,2.4109176021772398e-14,1.2888217636903222e-14,5.4660833337190777e-15,2.6131698815837438e-15,1.7655427085981090e-15
920,1.0842423463193297e-13,3.0292188728240283e-14,3.2611351115880968e-14,2.3425991880741280e-14,1.2523609363669633e-14,5.3125820192559500e-15,2.5411264714172882e-15,1.7173850527275733e-15
921,1.0535690801784567e-13,2.9433482525068266e-14,3.1686944704797498e-14,2.2762167281974667e-14,1.2169315875354766e-14,5.1633910327742923e-15,2.4710676651934190e-15,1.6705389326827539e-15
922,1.0237635621558365e-13,2.8599118561962257e-14,3.0788741781075770e-14,2.2117153627378499e-14,1.1825045366216053e-14,5.0183893506438044e-15,2.4029388386152980e-15,1.6249686896919671e-15
923,9.9480124361705674e-14,2.7788406792231743e-14,2.9915999569798171e-14,2.1490417864742154e-14,1.1490514285708873e-14,4.8774593469802944e-15,2.3366868695172837e-15,1.5806396327271553e-15
924,9.6665827040970842e-14,2.7000676730517535e-14,2.9067996351149382e-14,2.0881442047205504e-14,1.1165447104946641e-14,4.7404866982625012e-15,2.2722600965967491e-15,1.5375180122925248e-15
925,9.3931146321645708e-14,2.6235276898267774e-14,2.8244030863574220e-14,2.0289722905209600e-14,1.0849576089767713e-14,4.6073602906263074e-15,2.2096082792785133e-15,1.4955709949215762e-15
926,9.1273829846392882e-14,2.5491574284933657e-14,2.7443421723854138e-14,1.9714771430577367e-14,1.0542641080222269e-14,4.4779721297612001e-15,2.1486825586808344e-15,1.4547666383634161e-15
927,8.8691688977168224e-14,2.4768953824439227e-14,2.6665506863622553e-14,1.9156112472380456e-14,1.0244389276297503e-14,4.3522172533359374e-15,2.0894354196527619e-15,1.4150738674397813e-15
928,8.6182596992599132e-14,2.4066817886492234e-14,2.5909642981853335e-14,1.8613284344258301e-14,9.9545750297046752e-15,4.2299936458824301e-15,2.0318206538534781e-15,1.3764624505546752e-15
929,8.3744487336358992e-14,2.3384585782315356e-14,2.5175205012869327e-14,1.8085838442864890e-14,9.6729596415564827e-15,4.1112021560688614e-15,1.9757933238450535e-15,1.3389029768390257e-15
930,8.1375351915095349e-14,2.2721693284389034e-14,2.4461585609431235e-14,1.7573338877127858e-14,9.3993111657682084e-15,3.9957464162949469e-15,1.9213097281708383e-15,1.3023668339132363e-15
931,7.9073239444509578e-14,2.2077592159808635e-14,2.3768194640479213e-14,1.7075362108013502e-14,9.1334042180205923e-15,3.8835327645442054e-15,1.8683273673924520e-15,1.2668261862509638e-15
932,7.6836253842226061e-14,2.1451749716870037e-14,2.3094458703111897e-14,1.6591496598500073e-14,8.8750197901271908e-15,3.7744701684298520e-15,1.8168049110590992e-15,1.2322539541279071e-15
933,7.4662552666127403e-14,2.0843648364508667e-14,2.2439820648399255e-14,1.6121342473469970e-14,8.6239450696532958e-15,3.6684701513727610e-15,1.7667021655836335e-15,1.1986237931398297e-15
934,7.2550345596868921e-14,2.0252785184227562e-14,2.1803739120637092e-14,1.5664511189239841e-14,8.3799732646378140e-15,3.5654467208516639e-15,1.7179800430005119e-15,1.1659100742744498e-15
935,7.0497892963323039e-14,1.9678671514160495e-14,2.1185688109662226e-14,1.5220625212455396e-14,8.1429034332738075e-15,3.4653162986673962e-15,1.6706005305814527e-15,1.1340878645222682e-15
936,6.8503504309738837e-14,1.9120832544926017e-14,2.0585156515858065e-14,1.4789317708085656e-14,7.9125403184073511e-15,3.3679976531646843e-15,1.6245266612852723e-15,1.1031329080117841e-15
937,6.6565537003436798e-14,1.8578806926938317e-14,2.0001647727490894e-14,1.4370232236258652e-14,7.6886941867184332e-15,3.2734118333565189e-15,1.5797224850190318e-15,1.0730216076549517e-15
938,6.4682394881891934e-14,1.8052146388850055e-14,1.9434679210027245e-14,1.3963022457688145e-14,7.4711806724514475e-15,3.1814821048977094e-15,1.5361530406882294e-15,1.0437310072891098e-15
939,6.2852526938090951e-14,1.7540415366811544e-14,1.8883782107092899e-14,1.3567351847447826e-14,7.2598206255665461e-15,3.0921338878557283e-15,1.4937843290144124e-15,1.0152387743019870e-15
940,6.1074426043080650e-14,1.7043190644239767e-14,1.8348500852743278e-14,1.3182893416856546e-14,7.0544399641867888e-15,3.0052946962283822e-15,1.4525832860991454e-15,9.8752318272674223e-16
941,5.9346627704655711e-14,1.6560061001799218e-14,1.7828392794724780e-14,1.2809329443244599e-14,6.8548695312195973e-15,2.9208940791592952e-15,1.4125177577138749e-15,9.6056309679435663e-16
942,5.7667708861163066e-14,1.6090626877305060e-14,1.7323027828415439e-14,1.2446351207377858e-14,6.6609449550343624e-15,2.8388635638035377e-15,1.3735564742957742e-15,9.3433795493103096e-16
943,5.6036286709429573e-14,1.5634500035267427e-14,1.6831988041142123e-14,1.2093658738322643e-14,6.4725065140815117e-15,2.7591365997970911e-15,1.3356690266302016e-15,9.0882775418857731e-16
944,5.4451017565847937e-14,1.5191303245803452e-14,1.6354867366580238e-14,1.1750960565540559e-14,6.2893990053415004e-15,2.6816485052851231e-15,1.2988258422009411e-15,8.8401303509611243e-16
945,5.2910595759682189e-14,1.4760669972651493e-14,1.5891271248950019e-14,1.1417973478008360e-14,6.1114716164953864e-15,2.6063364144653329e-15,1.2629981621899052e-15,8.5987486692168362e-16
946,5.1413752557681921e-14,1.4342244070029592e-14,1.5440816316731765e-14,1.1094422290163804e-14,5.9385778017117074e-15,2.5331392266038222e-15,1.2281580191084811e-15,8.3639483333275459e-16
947,4.9959255119119137e-14,1.3935679488087334e-14,1.5003130065630243e-14,1.0780039614484053e-14,5.7705751609473557e-15,2.4619975564821768e-15,1.1942782150431965e-15,8.1355501844478327e-16
948,4.8545905480386994e-14,1.3540639986707604e-14,1.4577850550525902e-14,1.0474565640508623e-14,5.6073253226630284e-15,2.3928536862355782e-15,1.1613323004988465e-15,7.9133799324741240e-16
949,4.7172539568324540e-14,1.3156798857421477e-14,1.4164626086158359e-14,1.0177747920124363e-14,5.4486938298566733e-15,2.3256515185428973e-15,1.1292945538226932e-15,7.6972680239807431e-16
950,4.5838026241454412e-14,1.2783838653206265e-14,1.3763114956294468e-14,9.8893411589349128e-15,5.2945500293210456e-15,2.2603365311308319e-15,1.0981399611937938e-15,7.4870495137308677e-16
951,4.4541266358343952e-14,1.2421450925943265e-14,1.3372985131140530e-14,9.6091070135422468e-15,5.1447669640341817e-15,2.1968557325551902e-15,1.0678441971619507e-15,7.2825639396658579e-16
952,4.3281191872322515e-14,1.2069335971318039e-14,1.2993913992764945e-14,9.3368138945728062e-15,4.9992212685941368e-15,2.1351576192234850e-15,1.0383836057212087e-15,7.0836552012789785e-16
953,4.2056764951809177e-14,1.1727202580952254e-14,1.2625588068304222e-14,9.0722367752853766e-15,4.8577930676119009e-15,2.0751921336239877e-15,1.0097351819032194e-15,6.8901714412821278e-16
954,4.0866977125526421e-14,1.1394767801562116e-14,1.2267702770731698e-14,8.8151570056025785e-15,4.7203658769787619e-15,2.0169106237273798e-15,9.8187655387622615e-16,6.7019649304765698e-16
955,3.9710848451895865e-14,1.1071756700944143e-14,1.1919962146974652e-14,8.5653621314122555e-15,4.5868265079268344e-15,1.9602658035280871e-15,9.5478596553577442e-16,6.5188919557411421e-16
956,3.8587426711931700e-14,1.0757902140594801e-14,1.1582078633171417e-14,8.3226457189894231e-15,4.4570649738037112e-15,1.9052117146933092e-15,9.2844225957367170e-16,6.3408127110537074e-16
957,3.7495786624967302e-14,1.0452944554775883e-14,1.1253772816866170e-14,8.0868071843936877e-15,4.3309743994844702e-15,1.8517036892886461e-15,9.0282486101206028e-16,6.1675911914638648e-16
958,3.6435029086568888e-14,1.0156631735842962e-14,1.0934773205944704e-14,7.8576516277011306e-15,4.2084509333464211e-15,1.7996983135501091e-15,8.7791376118984533e-16,5.9990950899372125e-16
959,3.5404280428008726e-14,9.8687186256593309e-15,1.0624816004120096e-14,7.6349896719336644e-15,4.0893936617340812e-15,1.7491533926731366e-15,8.5368950218906156e-16,5.8351956969935204e-16
960,3.4402691696687783e-14,9.5889671129229504e-15,1.0323644892782636e-14,7.4186373065527274e-15,3.9737045258439524e-15,1.7000279165900773e-15,8.3013316168910400e-16,5.6757678030633375e-16
961,3.3429437956915361e-14,9.3171458362387486e-15,1.0031010819033546e-14,7.2084157353880285e-15,3.8612882409606223e-15,1.6522820267083822e-15,8.0722633823708143e-16,5.5206896034895489e-16
962,3.2483717610469608e-14,9.0530299927734238e-15,9.7466717897272615e-15,7.0041512288755756e-15,3.7520522179776883e-15,1.6058769835825510e-15,7.8495113692286912e-16,5.3698426061023876e-16
963,3.1564751736379463e-14,8.7964011523345113e-15,9.4703926713519324e-15,6.8056749804829618e-15,3.6459064871388488e-15,1.5607751354936121e-15,7.6329015544775518e-16,5.2231115412983474e-16
964,3.0671783449384142e-14,8.5470470767198868e-15,9.2019449955826184e-15,6.6128229672031870e-15,3.5427636239363735e-15,1.5169398879106695e-15,7.4222647057587495e-16,5.0803842745553049e-16
965,2.9804077276541950e-14,8.3047615441883885e-15,8.9411067703464287e-15,6.4254358140017546e-15,3.4425386771058981e-15,1.4743356738097509e-15,7.2174362495792858e-16,4.9415517213179879e-16
966,2.8960918551474700e-14,8.0693441789062983e-15,8.6876622962433103e-15,6.2433586621050106e-15,3.3451490986582597e-15,1.4329279248258952e-15,7.0182561431695947e-16,4.8065077641897183e-16
967,2.8141612825749149e-14,7.8406002852286983e-15,8.4414019881707072e-15,6.0664410410208687e-15,3.2505146758907249e-15,1.3926830432150894e-15,6.8245687498625885e-16,4.6751491723680413e-16
968,2.7345485296910335e-14,7.6183406866785727e-15,8.2021222020045560e-15,5.8945367441861578e-15,3.1585574653216358e-15,1.3535683746033238e-15,6.6362227178972523e-16,4.5473755232636069e-16
969,2.6571880252695959e-14,7.4023815694905480e-15,7.9696250661932927e-15,5.7275037081378120e-15,3.0692017284940325e-15,1.3155521815006657e-15,6.4530708625528207e-16,4.4230891262432293e-16
970,2.5820160530973977e-14,7.1925443305898344e-15,7.7437183181256001e-15,5.5652038951080683e-15,2.9823738695954111e-15,1.2786036175588838e-15,6.2749700515220695e-16,4.3021949484397062e-16
971,2.5089706994958534e-14,6.9886554298806448e-15,7.5242151451365912e-15,5.4075031789466205e-15,2.8980023748422039e-15,1.2426927025517459e-15,6.1017810934348149e-16,4.1846005425724810e-16
972,2.4379918023272092e-14,6.7905462467219380e-15,7.3109340300209079e-15,5.2542712342754579e-15,2.8160177535790934e-15,1.2077902980577063e-15,5.9333686294451145e-16,4.0702159767247804e-16
973,2.3690209014433723e-14,6.5980529404717730e-15,7.1036986009250389e-15,5.1053814287847944e-15,2.7363524810446115e-15,1.1738680838252666e-15,5.7696010277980669e-16,3.9589537660242965e-16
974,2.3020011905365435e-14,6.4110163149849380e-15,6.9023374854946463e-15,4.9607107185810506e-15,2.6589409427559199e-15,1.1408985348018452e-15,5.6103502812943995e-16,3.8507288061759120e-16
975,2.2368774703519983e-14,6.2292816869517884e-15,6.7066841691563334e-15,4.8201395465004311e-15,2.5837193804669329e-15,1.1088548988075300e-15,5.4554919075732709e-16,3.7454583087964016e-16
976,2.1735961032244856e-14,6.0526987579694114e-15,6.5165768574166648e-15,4.6835517433040396e-15,2.5106258396552988e-15,1.0777111748356153e-15,5.3049048521359087e-16,3.6430617385023104e-16
977,2.1121049689007819e-14,5.8811214902392893e-15,6.3318583420645159e-15,4.5508344316728756e-15,2.4396001184949682e-15,1.0474420919623222e-15,5.1584713940348331e-16,3.5434607517036250e-16
978,2.0523534216120415e-14,5.7144079857886945e-15,6.1523758711661462e-15,4.4218779329233824e-15,2.3705837182723343e-15,1.0180230888486084e-15,5.0160770541554382e-16,3.4465791370570457e-16
979,1.9942922483605617e-14,5.5524203691158805e-15,5.9779810227454608e-15,4.2965756763664444e-15,2.3035197952051086e-15,9.8943029381744222e-16,4.8776105060187895e-16,3.3523427575339756e-16
980,1.9378736283866209e-14,5.3950246731620549e-15,5.8085295820450247e-15,4.1748241112349242e-15,2.2383531136242305e-15,9.6164050549038699e-16,4.7429634890363569e-16,3.2606794940595171e-16
981,1.8830510937820043e-14,5.2420907285157904e-15,5.6438814222662927e-15,4.0565226211069496e-15,2.1750300004802741e-15,9.3463117396780050e-16,4.6120307241493813e-16,3.1715191906799766e-16
982,1.8297794912177688e-14,5.0934920557582660e-15,5.4839003886904457e-15,3.9415734407542481e-15,2.1134983011368638e-15,9.0838038253737969e-16,4.4847098317873562e-16,3.0847936012174885e-16
983,1.7780149447547363e-14,4.9491057608602911e-15,5.3284541860840235e-15,3.8298815753467694e-15,2.0537073364147006e-15,8.8286682989622995e-16,4.3609012520819571e-16,3.0004363373715318e-16
984,1.7277148197060795e-14,4.8088124335445987e-15,5.1774142692962137e-15,3.7213547219468696e-15,1.9956078608508138e-15,8.5806981287203498e-16,4.2405081672744688e-16,2.9183828182281551e-16
985,1.6788376875222317e-14,4.6724960485293511e-15,5.0306557369573181e-15,3.6159031932281431e-15,1.9391520221386559e-15,8.3396920962932103e-16,4.1234364262564414e-16,2.8385702211388171e-16
986,1.6313432916692119e-14,4.5400438695711890e-15,4.8880572281905358e-15,3.5134398433558677e-15,1.8842933217156481e-15,8.1054546334719653e-16,4.0095944711850205e-16,2.7609374339317655e-16
987,1.5851925144722469e-14,4.4113463562284474e-15,4.7495008222515844e-15,3.4138799959678252e-15,1.8309865764656965e-15,7.8777956635533288e-16,3.8988932661159361e-16,2.6854250084198705e-16
988,1.5403473448973935e-14,4.2862970732674382e-15,4.6148719410132102e-15,3.3171413741959542e-15,1.7791878815051541e-15,7.6565304471532127e-16,3.7912462275987483e-16,2.6119751151698212e-16
989,1.4967708472446172e-14,4.1647926026368716e-15,4.4840592542139181e-15,3.2231440326710205e-15,1.7288545740215601e-15,7.4414794323490405e-16,3.6865691571804321e-16,2.5405314994985318e-16
990,1.4544271307265454e-14,4.0467324579376089e-15,4.3569545873925858e-15,3.1318102914540957e-15,1.6799451981353954e-15,7.2324681090292876e-16,3.5847801757649009e-16,2.4710394386635155e-16
991,1.4132813199078426e-14,3.9320190013170259e-15,4.2334528324327978e-15,3.0430646718402623e-15,1.6324194707558890e-15,7.0293268673321278e-16,3.4857996597774674e-16,2.4034457002149201e-16
992,1.3732995259808506e-14,3.8205573627192252e-15,4.1134518606429558e-15,2.9568338339814722e-15,1.5862382484027715e-15,6.8318908600584344e-16,3.3895501790846646e-16,2.3376985014777369e-16
993,1.3344488188538491e-14,3.7122553614243429e-15,3.9968524383002602e-15,2.8730465162770154e-15,1.5413634949666417e-15,6.6399998689474997e-16,3.2959564366212081e-16,2.2737474701335952e-16
994,1.2966972000289351e-14,3.6070234298120454e-15,3.8835581445887265e-15,2.7916334764815168e-15,1.4977582503813932e-15,6.4534981747071192e-16,3.2049452096771991e-16,2.2115436058723526e-16
995,1.2600135762471920e-14,3.5047745392861625e-15,3.7734752918633810e-15,2.7125274344817756e-15,1.4553866001828994e-15,6.2722344306925676e-16,3.1164452927999417e-16,2.1510392430845114e-16
996,1.2243677338794374e-14,3.4054241282991951e-15,3.6665128481746863e-15,2.6356630166951660e-15,1.4142136459288852e-15,6.0960615401320942e-16,3.0303874422660389e-16,2.0921880145662559e-16
997,1.1897303140414548e-14,3.3088900324171795e-15,3.5625823619891333e-15,2.5609767020436493e-15,1.3742054764556230e-15,5.9248365367993362e-16,2.9467043220806017e-16,2.0349448162096947e-16
998,1.1560727884132221e-14,3.2150924163670517e-15,3.4615978890437370e-15,2.4884067694587408e-15,1.3353291399477755e-15,5.7584204690359101e-16,2.8653304514616245e-16,1.9792657726516059e-16
999,1.1233674357422090e-14,3.1239537080103279e-15,3.3634759212739677e-15,2.4178932468740556e-15,1.2975526167983850e-15,5.5966782870301187e-16,2.7862021537687163e-16,1.9251082038547234e-16
1000,1.0915873190114037e-14,3.0353985341884805e-15,3.2681353177563087e-15,2.3493778616632713e-15,1.2608447932366578e-15,5.4394787332603704e-16,2.7092575068365010e-16,1.8724305925962956e-16
1001,1.0607062632532495e-14,2.9493536583869627e-15,3.1754972376083707e-15,2.2828039924825579e-15,1.2251754357018142e-15,5.2866942360144692e-16,2.6344362946740838e-16,1.8211925528393374e-16
1002,1.0306988339912348e-14,2.8657479201663203e-15,3.0854850747910423e-15,2.2181166224776650e-15,1.1905151659419078e-15,5.1382008058984217e-16,2.5616799604930604e-16,1.7713547989626499e-16
1003,1.0015403162913649e-14,2.7845121763102975e-15,2.9980243947587756e-15,2.1552622938170039e-15,1.1568354368170990e-15,4.9938779352508394e-16,2.4909315610275427e-16,1.7228791158263429e-16
1004,9.7320669440627064e-15,2.7055792436422621e-15,2.9130428729056165e-15,2.0941890635131419e-15,1.1241085087874558e-15,4.8536085003813699e-16,2.4221357221107066e-16,1.6757283296502146e-16
1005,9.4567463199518751e-15,2.6288838434626654e-15,2.8304702347560751e-15,2.0348464604962067e-15,1.0923074270659136e-15,4.7172786665538632e-16,2.3552385954733310e-16,1.6298662796829589e-16
1006,9.1892145290351104e-15,2.5543625475615705e-15,2.7502381978513695e-15,1.9771854439037138e-15,1.0614059994175810e-15,4.5847777956372453e-16,2.2901878167307418e-16,1.5852577906407659e-16
1007,8.9292512248609911e-15,2.4819537257616126e-15,2.6722804152830007e-15,1.9211583625523604e-15,1.0313787745871035e-15,4.4559983563491747e-16,2.2269324645254978e-16,1.5418686458944619e-16
1008,8.6766422945894075e-15,2.4115974949479964e-15,2.5965324208269459e-15,1.8667189155582775e-15,1.0022010213363184e-15,4.3308358370197235e-16,2.1654230207940633e-16,1.4996655613848976e-16
1009,8.4311796826423960e-15,2.3432356695433779e-15,2.5229315756331081e-15,1.8138221140732048e-15,9.7384870807493433e-16,4.2091886608043144e-16,2.1056113321265702e-16,1.4586161602468424e-16
1010,8.1926612193439295e-15,2.2768117133866798e-15,2.4514170164259269e-15,1.7624242441049639e-15,9.4629848306746146e-16,4.0909581032771717e-16,2.0474505721896199e-16,1.4186889481221790e-16
1011,7.9608904544074564e-15,2.2122706929760304e-15,2.3819296051733282e-15,1.7124828303915042e-15,9.1952765520008708e-16,3.9760482123384404e-16,1.9908952051829185e-16,1.3798532891437093e-16
1012,7.7356764951341333e-15,2.1495592320371618e-15,2.3144118801823769e-15,1.6639566012986596e-15,8.9351417529165868e-16,3.8643657303700331e-16,1.9359009503013218e-16,1.3420793825713871e-16
1013,7.5168338491883864e-15,2.0886254673796938e-15,2.2488080085811949e-15,1.6168054547126181e-15,8.6823661793337780e-16,3.7558200185770631e-16,1.8824247471746501e-16,1.3053382400632916e-16
1014,7.3041822718214063e-15,2.0294190060047926e-15,2.1850637401478508e-15,1.5709904248989053e-15,8.4367416384225275e-16,3.6503229834535175e-16,1.8304247222584062e-16,1.2696016635641274e-16
1015,7.0975466174166669e-15,1.9718908834287311e-15,2.1231263624480378e-15,1.5264736503004993e-15,8.1980658271377118e-16,3.5477890053125243e-16,1.7798601561492488e-16,1.2348422237945038e-16
1016,6.8967566952352323e-15,1.9159935231878839e-15,2.0629446572444374e-15,1.4832183422484644e-15,7.9661421655967038e-16,3.4481348688232560e-16,1.7306914517998027e-16,1.2010332393247034e-16
1017,6.7016471292420452e-15,1.8616806974916611e-15,2.0044688581417255e-15,1.4411887545592422e-15,7.7407796351708588e-16,3.3512796954981336e-16,1.6828801036080815e-16,1.1681487562170868e-16
1018,6.5120572218977343e-15,1.8089074889908498e-15,1.9476506094321936e-15,1.4003501539934761e-15,7.5217926211573734e-16,3.2571448780755833e-16,1.6363886673574844e-16,1.1361635282217089e-16
1019,6.3278308218037509e-15,1.7576302536297286e-15,1.8924429261079464e-15,1.3606687915519557e-15,7.3090007599019693e-16,3.1656540167451172e-16,1.5911807309839716e-16,1.1050529975101472e-16
1020,6.1488161950918355e-15,1.7078065845512477e-15,1.8388001550066140e-15,1.3221118745849583e-15,7.1022287902464992e-16,3.0767328571630333e-16,1.5472208861476902e-16,1.0747932759329336e-16
1021,5.9748659004518816e-15,1.6593952770254102e-15,1.7866779370584466e-15,1.2846475396919401e-15,6.9013064091790831e-16,2.9903092302084441e-16,1.5044747005869231e-16,1.0453611267863947e-16
1022,5.8058366676952659e-15,1.6123562943718574e-15,1.7360331706035675e-15,1.2482448263891760e-15,6.7060681315679272e-16,2.9063129934307960e-16,1.4629086912328568e-16,1.0167339470750755e-16
1023,5.6415892797536344e-15,1.5666507348484718e-15,1.6868239757490506e-15,1.2128736515235914e-15,6.5163531538632760e-16,2.8246759741413695e-16,1.4224902980642494e-16,9.8888975025630537e-17
1024,5.4819884580159320e-15,1.5222407994786096e-15,1.6390096597363509e-15,1.1785047844116380e-15,6.3320052216552319e-16,2.7453319141026278e-16,1.3831878586816491e-16,9.6180714945381957e-17
1025,5.3269027509092720e-15,1.4790897607903607e-15,1.5925506832904413e-15,1.1451098226826673e-15,6.1528725009783866e-16,2.6682164157705366e-16,1.3449705835813894e-16,9.3546534112771536e-17
1026,5.1762044256318460e-15,1.4371619324419794e-15,1.5474086279228315e-15,1.1126611688068400e-15,5.9788074532572326e-16,2.5932668900462647e-16,1.3078085321101051e-16,9.0984408918835496e-17
1027,5.0297693629487208e-15,1.3964226397083621e-15,1.5035461641614326e-15,1.0811320072881730e-15,5.8096667137893937e-16,2.5204225054948899e-16,1.2716725890810674e-16,8.8492370954217159e-17
1028,4.8874769549638560e-15,1.3568381908041692e-15,1.4609270206809873e-15,1.0504962825038726e-15,5.6453109736665581e-16,2.4496241389899206e-16,1.2365344420341331e-16,8.6068505505765840e-17
1029,4.7492100057841772e-15,1.3183758490198688e-15,1.4195159543085435e-15,1.0207286771716433e-15,5.4856048650358702e-16,2.3808143277436026e-16,1.2023665591216109e-16,8.3710950094013137e-17
1030,4.6148546349938417e-15,1.2810038056476584e-15,1.3792787208791642e-15,9.9180459142717740e-16,5.3304168496073008e-16,2.3139372226841131e-16,1.1691421676028317e-16,8.1417893050417932e-17
1031,4.4843001838592455e-15,1.2446911536748771e-15,1.3401820469177757e-15,9.6370012249453047e-16,5.1796191103151244e-16,2.2489385431418138e-16,1.1368352329306811e-16,7.9187572133300021e-17
1032,4.3574391241874711e-15,1.2094078622231475e-15,1.3021936021237292e-15,9.3639204493258478e-16,5.0330874460443242e-16,2.1857655328078255e-16,1.1054204384138190e-16,7.7018273181412708e-17
1033,4.2341669697631576e-15,1.1751247517121090e-15,1.2652819726353306e-15,9.0985779144127566e-16,4.8907011693351726e-16,2.1243669169291906e-16,1.0748731654387462e-16,7.4908328804132398e-17
1034,4.1143821902908136e-15,1.1418134697272013e-15,1.2294166350522210e-15,8.8407543421171920e-16,4.7523430069817587e-16,2.0646928607059177e-16,1.0451694742363292e-16,7.2856117107271008e-17
1035,3.9979861277716951e-15,1.1094464675715416e-15,1.1945679311941313e-15,8.5902366680482435e-16,4.6178990034425927e-16,2.0066949288561548e-16,1.0162860851777990e-16,7.0860060453544554e-17
1036,3.8848829152464192e-15,1.0779969774825002e-15,1.1607070435751334e-15,8.3468178654341934e-16,4.4872584269837303e-16,1.9503260463166993e-16,9.8820036058567015e-17,6.8918624256756635e-17
1037,3.7749793978363105e-15,1.0474389904941349e-15,1.1278059715731086e-15,8.1102967740333727e-16,4.3603136784770983e-16,1.8955404600469712e-16,9.6089028704540906e-17,6.7030315808781486e-17
1038,3.6681850560185222e-15,1.0177472349271725e-15,1.0958375082747248e-15,7.8804779338932062e-16,4.2369602027789379e-16,1.8422937019054659e-16,9.3433445820408382e-17,6.5193683138456015e-17
1039,3.5644119310717026e-15,9.8889715548875009e-16,1.0647752179767749e-15,7.6571714238201093e-16,4.1170964026153441e-16,1.7905425525685774e-16,9.0851205804259672e-17,6.3407313901514524e-17
1040,3.4635745526307884e-15,9.6086489296462813e-16,1.0345934143252702e-15,7.4401927044266885e-16,4.0006235549039914e-16,1.7402450064625255e-16,8.8340284460847388e-17,6.1669834300722834e-17
1041,3.3655898682913063e-15,9.3362726448708426e-16,1.0052671390742131e-15,7.2293624656265669e-16,3.8874457294431185e-16,1.6913602376799441e-16,8.5898713419654189e-17,5.9979908035391904e-17
1042,3.2703771752051423e-15,9.0716174436216535e-16,9.7677214144647656e-16,7.0245064784507979e-16,3.7774697099008140e-16,1.6438485668534860e-16,8.3524578596517189e-17,5.8336235279473083e-17
1043,3.1778580536114903e-15,8.8144644544043909e-16,9.4908485807973442e-16,6.8254554510633957e-16,3.6706049170395050e-16,1.5976714289595712e-16,8.1216018697610792e-17,5.6737551687458398e-17
1044,3.0879563022482079e-15,8.5646010101584695e-16,9.2218239354084545e-16,6.6320448888570043e-16,3.5667633341124442e-16,1.5527913420261682e-16,7.8971223764622640e-17,5.5182627427331014e-17
1045,3.0005978755903826e-15,8.3218204723767503e-16,8.9604250139258661e-16,6.4441149585130623e-16,3.4658594343707181e-16,1.5091718767192241e-16,7.6788433759989306e-17,5.3670266239830961e-17
1046,2.9157108228644270e-15,8.0859220602110983e-16,8.7064356579707485e-16,6.2615103559141389e-16,3.3678101106211003e-16,1.4667776267830747e-16,7.4665937191089963e-17,5.2199304523321194e-17
1047,2.8332252287874693e-15,7.8567106844223569e-16,8.4596458364066418e-16,6.0840801777992879e-16,3.2725346067767043e-16,1.4255741803108575e-16,7.2602069772325802e-17,5.0768610443558732e-17
1048,2.7530731559832226e-15,7.6339967860374706e-16,8.2198514716553723e-16,5.9116777970563133e-16,3.1799544513440782e-16,1.3855280918216247e-16,7.0595213124042991e-17,4.9377083067694083e-17
1049,2.6751885890269198e-15,7.4175961795802853e-16,7.9868542709362649e-16,5.7441607415479312e-16,3.0899933927919488e-16,1.3466068551215069e-16,6.8643793507285581e-17,4.8023651521840825e-17
1050,2.5995073800732142e-15,7.2073299007463781e-16,7.7604615622891193e-16,5.5813905763716645e-16,3.0025773367483929e-16,1.3087788769269138e-16,6.6746280593392270e-17,4.6707274171574869e-17
1051,2.5259671960222707e-15,7.0030240583959592e-16,7.5404861352453246e-16,5.4232327894561690e-16,2.9176342849746956e-16,1.2720134512283751e-16,6.4901186267478409e-17,4.5426937824740467e-17
1052,2.4545074671805356e-15,6.8045096907424103e-16,7.3267460860153538e-16,5.2695566803994391e-16,2.8350942760656475e-16,1.2362807343742294e-16,6.3107063464870912e-17,4.4181656955956698e-17
1053,2.3850693373738856e-15,6.6116226256175377e-16,7.1190646670646560e-16,5.1202352524570428e-16,2.7548893278274280e-16,1.2015517208539482e-16,6.1362505039589212e-17,4.2970472952234815e-17
1054,2.3175956154720856e-15,6.4242033446979715e-16,6.9172701409534698e-16,4.9751451075911074e-16,2.6769533812856254e-16,1.1677982197614511e-16,5.9666142663990422e-17,4.1792453379132705e-17
1055,2.2520307282846234e-15,6.2420968515804236e-16,6.7211956383197827e-16,4.8341663444933406e-16,2.6012222462772714e-16,1.1349928319193226e-16,5.8016645758721271e-17,4.0646691266888368e-17
1056,2.1883206747891169e-15,6.0651525435966998e-16,6.5306790198879266e-16,4.6971824594977747e-16,2.5276335485820760e-16,1.1031089276453701e-16,5.6412720452142498e-17,3.9532304415989425e-17
1057,2.1264129816546038e-15,5.8932240872624359e-16,6.3455627423887316e-16,4.5640802503013983e-16,2.4561266785493280e-16,1.0721206251434921e-16,5.4853108568414994e-17,3.8448434721650232e-17
1058,2.0662566600230844e-15,5.7261692972565724e-16,6.1656937282803311e-16,4.4347497224130547e-16,2.3866427411781403e-16,1.0420027695013265e-16,5.3336586643458631e-17,3.7394247516682931e-17
1059,2.0078021635137088e-15,5.5638500188314722e-16,5.9909232391619259e-16,4.3090839982533409e-16,2.3191245076099233e-16,1.0127309122776397e-16,5.1861964968016821e-17,3.6368930932262100e-17
1060,1.9510013474150370e-15,5.4061320135564222e-16,5.8211067527757755e-16,4.1869792288303482e-16,2.2535163679931462e-16,9.8428129166290252e-17,5.0428086657080799e-17,3.5371695276096952e-17
1061,1.8958074290317403e-15,5.2528848483000282e-16,5.6561038434957370e-16,4.0683345079182758e-16,2.1897642856815505e-16,9.5663081319695514e-17,4.9033826744948021e-17,3.4401772427537502e-17
1062,1.8421749491531054e-15,5.1039817873597001e-16,5.4957780662035171e-16,3.9530517886679765e-16,2.1278157527281003e-16,9.2975703102812307e-17,4.7678091305209396e-17,3.3458415249154575e-17
1063,1.7900597346115951e-15,4.9592996876489928e-16,5.3399968434565818e-16,3.8410358025805436e-16,2.0676197466380109e-16,9.0363812969857752e-17,4.6359816594978857e-17,3.2540897014345592e-17
1064,1.7394188619006235e-15,4.8187188968561431e-16,5.1886313558544587e-16,3.7321939807769407e-16,2.0091266883452352e-16,8.7825290644116959e-17,4.5077968222698401e-17,3.1648510850530461e-17
1065,1.6902106218215934e-15,4.6821231544895558e-16,5.0415564355127321e-16,3.6264363774986464e-16,1.9522884013777989e-16,8.5358075397337082e-17,4.3831540338869329e-17,3.0780569197513735e-17
1066,1.6423944851310651e-15,4.5493994957284174e-16,4.8986504625566532e-16,3.5236755957760679e-16,1.8970580721783488e-16,8.2960164377436943e-17,4.2619554849078863e-17,2.9936403280600435e-17
1067,1.5959310691597703e-15,4.4204381579988995e-16,4.7597952645487820e-16,3.4238267152033101e-16,1.8433902115472343e-16,8.0629610983174972e-17,4.1441060648708242e-17,2.9115362598064503e-17
1068,1.5507821053759778e-15,4.2951324901987110e-16,4.6248760187674672e-16,3.3268072217596033e-16,1.7912406171763684e-16,7.8364523284457537e-17,4.0295132878725647e-17,2.8316814422579514e-17
1069,1.5069104078664880e-15,4.1733788644949018e-16,4.4937811572553723e-16,3.2325369396193922e-16,1.7405663372430052e-16,7.6163062487005715e-17,3.9180872201983338e-17,2.7540143316231863e-17
1070,1.4642798427093075e-15,4.0550765906219928e-16,4.3664022745595182e-16,3.1409379648947441e-16,1.6913256350334502e-16,7.4023441440135288e-17,3.8097404099454668e-17,2.6784750658747053e-17
1071,1.4228552982127673e-15,3.9401278326095323e-16,4.2426340380865575e-16,3.0519346012552991e-16,1.6434779545675712e-16,7.1943923186439359e-17,3.7043878185862035e-17,2.6050054188569734e-17
1072,1.3826026559965796e-15,3.8284375278702304e-16,4.1223741009991263e-16,2.9654532973725854e-16,1.5969838871957901e-16,6.9922819552196915e-17,3.6019467544161797e-17,2.5335487556447766e-17
1073,1.3434887628910148e-15,3.7199133085817448e-16,4.0055230175812720e-16,2.8814225861369664e-16,1.5518051391410486e-16,6.7958489777364039e-17,3.5023368078367305e-17,2.4640499891180281e-17
1074,1.3054814036310477e-15,3.6144654252970936e-16,3.8919841610029440e-16,2.7997730255970292e-16,1.5079044999590135e-16,6.6049339184036131e-17,3.4054797884204737e-17,2.3964555377198721e-17
1075,1.2685492743229915e-15,3.5120066727205307e-16,3.7816636434155551e-16,2.7204371415725723e-16,1.4652458118905431e-16,6.4193817882301092e-17,3.3112996637111222e-17,2.3307132843659061e-17
1076,1.2326619566617600e-15,3.4124523175874857e-16,3.6744702383125359e-16,2.6433493718937773e-16,1.4237939400811738e-16,6.2390419512433523e-17,3.2197224997097385e-17,2.2667725364731929e-17
1077,1.1977898928775259e-15,3.3157200285889352e-16,3.5703153050906696e-16,2.5684460122204938e-16,1.3835147436431022e-16,6.0637680022409513e-17,3.1306764030010216e-17,2.2045839870786028e-17
1078,1.1639043613911365e-15,3.2217298082822395e-16,3.4691127157498300e-16,2.4956651633968428e-16,1.3443750475358187e-16,5.8934176479750306e-17,3.0440914644744592e-17,2.1440996770168480e-17
1079,1.1309774531582434e-15,3.1304039269321406e-16,3.3707787836705081e-16,2.4249466802976503e-16,1.3063426152422450e-16,5.7278525916730929e-17,2.9598997045964307e-17,2.0852729581293639e-17
1080,1.0989820486826534e-15,3.0416668582272027e-16,3.2752321944102229e-16,2.3562321221244194e-16,1.2693861222178631e-16,5.5669384208016907e-17,2.8780350201905609e-17,2.0280584574760002e-17
1081,1.0678917956799754e-15,2.9554452168185292e-16,3.1823939384615946e-16,2.2894647041097760e-16,1.2334751300909686e-16,5.4105444979818510e-17,2.7984331326847825e-17,1.9724120425222227e-17
1082,1.0376810873731633e-15,2.8716676976291079e-16,3.0921872459164705e-16,2.2245892505904788e-16,1.1985800615927994e-16,5.2585438549677638e-17,2.7210315377847220e-17,1.9182907872752812e-17
1083,1.0083250414020779e-15,2.7902650168835744e-16,3.0045375229820760e-16,2.1615521494101955e-16,1.1646721761968970e-16,5.1108130896027053e-17,2.6457694565341448e-17,1.8656529393435205e-17
1084,9.7979947932970012e-16,2.7111698548096431e-16,2.9193722902966911e-16,2.1003013076143848e-16,1.1317235464476254e-16,4.9672322656686181e-17,2.5725877877242373e-17,1.8144578878937006e-17
1085,9.5208090672811155e-16,2.6343167999638048e-16,2.8366211229938436e-16,2.0407861084006509e-16,1.0997070349583600e-16,4.8276848155480790e-17,2.5014290616146010e-17,1.7646661324818934e-17
1086,9.2514649382784824e-16,2.5596422951352521e-16,2.7562155924654558e-16,1.9829573692890064e-16,1.0685962720604001e-16,4.6920574456196887e-17,2.4322373949298236e-17,1.7162392527341714e-17
1087,8.9897405671467945e-16,2.4870845847832926e-16,2.6780892097757818e-16,1.9267673014774675e-16,1.0383656340841928e-16,4.5602400443101430e-17,2.3649584470965028e-17,1.6691398788539621e-17
1088,8.7354203905833488e-16,2.4165836639647788e-16,2.6021773706793445e-16,1.8721694703493967e-16,1.0089902222549810e-16,4.4321255927283697e-17,2.2995393776865572e-17,1.6233316629335539e-17
1089,8.4882949435812461e-16,2.3480812287093133e-16,2.5284173021974092e-16,1.8191187570999539e-16,9.8044584218549912e-17,4.3076100778092388e-17,2.2359288050335955e-17,1.5787792510478747e-17
1090,8.2481606869083255e-16,2.2815206278012016e-16,2.4567480107088009e-16,1.7675713214499414e-16,9.5270898394881572e-17,4.1865924078963771e-17,2.1740767659900482e-17,1.5354482561092399e-17
1091,8.0148198394667229e-16,2.2168468159282517e-16,2.3871102315121592e-16,1.7174845654162335e-16,9.2575680271491997e-17,4.0689743306955992e-17,2.1139346767936288e-17,1.4933052314623479e-17
1092,7.7880802153949754e-16,2.1540063081586960e-16,2.3194463798179012e-16,1.6688170981088467e-16,8.9956709993509955e-17,3.9546603535323792e-17,2.0554552950125736e-17,1.4523176451993758e-17
1093,7.5677550657785420e-16,2.0929471357085714e-16,2.2537005031293816e-16,1.6215287015255592e-16,8.7411830505861150e-17,3.8435576658486811e-17,1.9985926825399519e-17,1.4124538551755626e-17
1094,7.3536629248383114e-16,2.0336188029629862e-16,2.1898182349738601e-16,1.5755802973158130e-16,8.4938945776659198e-17,3.7355760638762551e-17,1.9433021696081398e-17,1.3736830847062078e-17
1095,7.1456274604704533e-16,1.9759722457157216e-16,2.1277467499450189e-16,1.5309339144864276e-16,8.2536019070856707e-17,3.6306278774252921e-17,1.8895403197953611e-17,1.3359753989265298e-17
1096,6.9434773290145205e-16,1.9199597905926362e-16,2.0674347200198560e-16,1.4875526580224449e-16,8.0201071272735051e-17,3.5286278987290304e-17,1.8372648959969712e-17,1.2993016817963297e-17
1097,6.7470460341301436e-16,1.8655351156253099e-16,2.0088322721138198e-16,1.4454006783971651e-16,7.7932179255850837e-17,3.4294933132865909e-17,1.7864348273349014e-17,1.2636336137319074e-17
1098,6.5561717896661253e-16,1.8126532119423295e-16,1.9518909468390996e-16,1.4044431419461804e-16,7.5727474299096727e-17,3.3331436326479280e-17,1.7370101769794212e-17,1.2289436498481355e-17
1099,6.3706973864089725e-16,1.7612703465465233e-16,1.8965636584319537e-16,1.3646462020809220e-16,7.3585140547571950e-17,3.2395006290863531e-17,1.6889521108580913e-17,1.1952049987940852e-17
1100,6.1904700626011105e-16,1.7113440261473691e-16,1.8428046558159478e-16,1.3259769713179330e-16,7.1503413516994899e-17,3.1484882721056407e-17,1.6422228672274579e-17,1.1623916021660275e-17
1101,6.0153413781221633e-16,1.6628329620186591e-16,1.7905694847688990e-16,1.2884034941007465e-16,6.9480578640425942e-17,3.0600326667301956e-17,1.5967857270837233e-17,1.1304781144820863e-17
1102,5.8451670922296213e-16,1.6156970358523591e-16,1.7398149511622374e-16,1.2518947203919170e-16,6.7514969856103504e-17,2.9740619935281990e-17,1.5526049853892812e-17,1.0994398837032456e-17
1103,5.6798070447582518e-16,1.5698972665804251e-16,1.6904990852423949e-16,1.2164204800133732e-16,6.5604968235230284e-17,2.8905064503191024e-17,1.5096459230926362e-17,1.0692529322858236e-17
1104,5.5191250406803881e-16,1.5253957781371323e-16,1.6425811069246760e-16,1.1819514577138913e-16,6.3749000648579627e-17,2.8092981955181354e-17,1.4678747799198470e-17,1.0398939387509388e-17
1105,5.3629887379319917e-16,1.4821557681352637e-16,1.5960213920709118e-16,1.1484591689430816e-16,6.1945538470823398e-17,2.7303712930718829e-17,1.4272587279162412e-17,1.0113402197568810e-17
1106,5.2112695384121412e-16,1.4401414774302427e-16,1.5507814397230133e-16,1.1159159363118716e-16,6.0193096321514797e-17,2.6536616589402506e-17,1.3877658457177210e-17,9.8356971266068496e-18
1107,5.0638424820661405e-16,1.3993181605470465e-16,1.5068238402653266e-16,1.0842948667200290e-16,5.8490230841688514e-17,2.5791070090813801e-17,1.3493650935315682e-17,9.5656095855558172e-18
1108,4.9205861439650189e-16,1.3596520569454395e-16,1.4641122444894597e-16,1.0535698291318210e-16,5.6835539505071212e-17,2.5066468088973321e-17,1.3120262888071878e-17,9.3029308577135378e-18
1109,4.7813825342966699e-16,1.3211103630997626e-16,1.4226113335360039e-16,1.0237154329814498e-16,5.5227659462922667e-17,2.4362222240994954e-17,1.2757200825777849e-17,9.0474579382498861e-18
1110,4.6461170011862245e-16,1.2836612053701885e-16,1.3822867896882868e-16,9.9470700719041146e-17,5.3665266421556595e-17,2.3677760729538768e-17,1.2404179364544863e-17,8.7989933780935511e-18
1111,4.5146781362656616e-16,1.2472736136430026e-16,1.3431052679940120e-16,9.6652057977944361e-17,5.2147073551616376e-17,2.3012527798675007e-17,1.2060921002549280e-17,8.5573451320796542e-18
1112,4.3869576829148454e-16,1.2119174957181198e-16,1.3050343686913139e-16,9.3913285805820620e-17,5.0671830428207384e-17,2.2365983302782765e-17,1.1727155902488232e-17,8.3223264112421436e-18
1113,4.2628504470984318e-16,1.1775636124226416e-16,1.2680426104164232e-16,9.1252120937633210e-17,4.9238322001013171e-17,2.1737602268117224e-17,1.1402621680035068e-17,8.0937555391379550e-18
1114,4.1422542107252031e-16,1.1441835534298828e-16,1.2320994041707951e-16,8.8666364241993474e-17,4.7845367593546897e-17,2.1126874466689722e-17,1.1087063198129299e-17,7.8714558120931028e-18
1115,4.0250696474584717e-16,1.1117497137638642e-16,1.1971750280261629e-16,8.6153878903811467e-17,4.6491819930714202e-17,2.0533304002114893e-17,1.0780232366940145e-17,7.6552553632637539e-18
1116,3.9112002409082112e-16,1.0802352709698409e-16,1.1632406025466096e-16,8.3712588658445307e-17,4.5176564193886199e-17,1.9956408907088810e-17,1.0481887949347398e-17,7.4449870304083402e-18
1117,3.8005522051375334e-16,1.0496141629319880e-16,1.1302680669073209e-16,8.1340476075889198e-17,4.3898517102704618e-17,1.9395720752171575e-17,1.0191795371787534e-17,7.2404882272695162e-18
1118,3.6930344074180449e-16,1.0198610663198927e-16,1.0982301556902848e-16,7.9035580893582541e-17,4.2656626022862629e-17,1.8850784265556810e-17,9.9097265403171408e-18,7.0416008184675910e-18
1119,3.5885582931704529e-16,9.9095137564603590e-17,1.0671003763377350e-16,7.6795998396462276e-17,4.1449868099126625e-17,1.8321156963519625e-17,9.6354596617499750e-18,6.8481709978096759e-18
1120,3.4870378130286116e-16,9.6286118291693623e-17,1.0368529872447076e-16,7.4619877842919613e-17,4.0277249412884922e-17,1.7806408791243090e-17,9.3687790697277113e-18,6.6600491699214417e-18
1121,3.3883893519669245e-16,9.3556725786113102e-17,1.0074629764725816e-16,7.2505420935360651e-17,3.9137804163529306e-17,1.7306121773731882e-17,9.1094750555884186e-18,6.4770898351109103e-18
1122,3.2925316604327362e-16,9.0904702871764198e-17,9.7890604106601048e-17,7.0450880334106486e-17,3.8030593872995479e-17,1.6819889676529715e-17,8.8573437039005923e-18,6.2991514773761388e-18
1123,3.1993857874269977e-16,8.8327856356903670e-17,9.5115856695613584e-17,6.8454558213405103e-17,3.6954706612806983e-17,1.6347317675965350e-17,8.6121867325340428e-18,6.1260964554710817e-18
1124,3.1088750154780738e-16,8.5824055220364810e-17,9.2419760943346507e-17,6.6514804858361509e-17,3.5909256252986164e-17,1.5888022038659533e-17,8.3738113371426311e-18,5.9577908969462502e-18
1125,3.0209247974551514e-16,8.3391228849195214e-17,8.9800087417426721e-17,6.4630017301626614e-17,3.4893381732213421e-17,1.5441629810032834e-17,8.1420300399372661e-18,5.7941045950830488e-18
1126,2.9354626951691976e-16,8.1027365326252842e-17,8.7254669880479509e-17,6.2798637998718410e-17,3.3906246348633747e-17,1.5007778511561598e-17,7.9166605426308280e-18,5.6349109086428590e-18
1127,2.8524183197108991e-16,7.8730509766344053e-17,8.4781403498808680e-17,6.1019153540880217e-17,3.2947037070726284e-17,1.4586115846536390e-17,7.6975255834400843e-18,5.4800866643541486e-18
