t,f_total,k_0,k_1,k_2,k_3,k_4,k_5,k_6
1,0.0000000000000000e+00,0.0000000000000000e+00,0.0000000000000000e+00,0.0000000000000000e+00,0.0000000000000000e+00,0.0000000000000000e+00,0.0000000000000000e+00,0.0000000000000000e+00
2,0.0000000000000000e+00,0.0000000000000000e+00,0.0000000000000000e+00,0.0000000000000000e+00,0.0000000000000000e+00,0.0000000000000000e+00,0.0000000000000000e+00,0.0000000000000000e+00
3,4.9250515073088122e-06,0.0000000000000000e+00,0.0000000000000000e+00,0.0000000000000000e+00,4.9250515073088122e-06,0.0000000000000000e+00,0.0000000000000000e+00,0.0000000000000000e+00
4,1.5519897553674004e-04,0.0000000000000000e+00,0.0000000000000000e+00,1.7562596868076909e-06,3.2828546453405303e-05,1.2061416939652705e-04,0.0000000000000000e+00,0.0000000000000000e+00
5,9.2335405939741129e-04,0.0000000000000000e+00,1.8222286806423265e-07,7.7639876705909428e-06,9.4662318146151645e-05,3.8822450162475161e-04,4.3252102908785284e-04,0.0000000000000000e+00
6,2.6019901266184789e-03,1.1732375503700994e-08,8.4834436271507928e-07,1.9871077297241246e-05,1.9060482818184795e-04,7.7066085057297539e-04,1.1752055868214394e-03,4.4478770700675629e-04
7,4.8241447306815385e-03,5.7359534892252962e-08,2.3252032991092698e-06,3.8955184437806325e-05,3.1479685593813141e-04,1.2172740934767339e-03,2.0637932298920225e-03,1.1869428041028432e-03
8,7.2215752717800837e-03,1.6408543005060458e-07,4.8975414455236836e-06,6.5075929393929705e-05,4.5922626218095552e-04,1.6841809265615252e-03,2.9691177712418168e-03,2.0389127555262821e-03
9,9.5439693576397332e-03,3.5875992706669873e-07,8.7712917490982751e-06,9.7724494300778519e-05,6.1594199946849164e-04,2.1399561281195585e-03,3.8118227098719957e-03,2.8693939742027432e-03
10,1.1652190382971855e-02,6.6390877495263166e-07,1.4060099942914358e-05,1.3604461811388716e-04,7.7804341396152561e-04,2.5647059088639182e-03,4.5510976984331651e-03,3.6075747348814917e-03
11,1.3484091406854699e-02,1.0954374140109730e-06,2.0787312129334948e-05,1.7899898862995883e-04,9.3998952374717564e-04,2.9473280350364324e-03,5.1715302139476206e-03,4.2243618959501650e-03
12,1.5024504055464597e-02,1.6617674263988618e-06,2.8897127481533208e-05,2.2548579620811017e-04,1.0975722756590260e-03,3.2828445381241924e-03,5.6728645276720507e-03,4.7151780228932866e-03
13,1.6284382829598629e-02,2.3640177181474492e-06,3.8270273047886694e-05,2.7441655157683069e-04,1.2477489563226868e-03,3.5702974846086250e-03,6.0630787127551877e-03,5.0882068335692662e-03
14,1.7287666520190294e-02,3.1968513783074338e-06,4.8741004657852479e-05,3.2476562773106469e-04,1.3884344343617838e-03,3.8112272705567445e-03,6.3540288215517670e-03,5.3572725099527759e-03
15,1.8063477956960040e-02,4.1496773663955954e-06,6.0113395362419471e-05,3.7559977645183610e-04,1.5183004603056341e-03,4.0086221962938508e-03,6.5588509314966920e-03,5.5378415196832113e-03
16,1.8641730259323780e-02,5.2079773870926038e-06,7.2175744193647969e-05,4.2609371186288960e-04,1.6366008953049183e-03,4.1662160216793791e-03,6.6904964160623059e-03,5.6449394928335473e-03
17,1.9050812074408927e-02,6.3546024811090632e-06,8.4712557751119919e-05,4.7553613430402350e-04,1.7430276618842565e-03,4.2880313985861939e-03,6.7609701992207092e-03,5.6921795201815137e-03
18,1.9316500852779514e-02,7.5709440237376140e-06,9.7513971648898276e-05,5.2332930007236420e-04,1.8375958301846663e-03,4.3780927038193440e-03,6.7809911220402279e-03,5.6914069809902747e-03
19,1.9461578092986678e-02,8.8379290704852774e-06,1.1038273607220497e-04,5.6898433881715903e-04,1.9205538280363983e-03,4.4402535227823677e-03,6.7598967382549204e-03,5.6526689999531433e-03
20,1.9505828836322889e-02,1.0136821954887638e-05,1.2313903273352084e-04,6.1211388371924043e-04,1.9923142504334602e-03,4.4781004969751707e-03,6.7056826765599488e-03,5.5843416739466585e-03
21,1.9466237254597028e-02,1.1449835198492036e-05,1.3562345494381922e-04,6.5242313035887773e-04,2.0534010705776803e-03,4.4949071327407848e-03,6.6251100661450938e-03,5.4933225646322794e-03
22,1.9357269291699331e-02,1.2760565660798687e-05,1.4769849580076436e-04,6.8970011995312340e-04,2.1044096809346739e-03,4.4936195475647461e-03,6.5238417430255264e-03,5.3852391387596982e-03
23,1.9191181002469460e-02,1.4054278678775068e-05,1.5924887179766126e-04,7.2380581106042574e-04,2.1459768636989643e-03,4.4768619636848389e-03,6.4065847983994229e-03,5.2646484151493726e-03
24,1.8978319615754084e-02,1.5318065566080978e-05,1.7018097460386145e-04,7.5466433387532208e-04,2.1787583977212412e-03,4.4469537893394445e-03,6.2772273043969319e-03,5.1352167502512020e-03
25,1.8727400995934632e-02,1.6540899702396779e-05,1.8042170182991005e-04,7.8225369497866165e-04,2.2034125179675127e-03,4.4059328973025834e-03,6.1389632137900550e-03,4.9998760703635105e-03
26,1.8445756742461628e-02,1.7713614621828717e-05,1.8991687430466216e-04,8.0659710596908555e-04,2.2205878521153535e-03,4.3555816030175056e-03,5.9944030408690101e-03,4.8609566515641816e-03
27,1.8139549492493374e-02,1.8828824781801623e-05,1.9862940635661592e-04,8.2775503870737813e-04,2.2309147786731417e-03,4.2974531302609822e-03,5.8456699751609333e-03,4.7202983385525197e-03
28,1.7813957804968705e-02,1.9880806594545346e-05,2.0653735874124864e-04,8.4581805730841227e-04,2.2349993976581014e-03,4.2328972187152389e-03,5.6944821738812487e-03,4.5793427920699107e-03
29,1.7473333350419187e-02,2.0865354182305532e-05,2.1363197202617118e-04,8.6090043841393184e-04,2.2334194935723275e-03,4.1630841056369749e-03,5.5422225058978794e-03,4.4392094806895988e-03
30,1.7121333638595637e-02,2.1779621388875494e-05,2.1991575158149696e-04,8.7313456358367758e-04,2.2267220142598416e-03,4.0890264935790075e-03,5.3899972160201051e-03,4.3007579781826309e-03
31,1.6761033561557066e-02,2.2621958961281635e-05,2.2540065356024905e-04,8.8266604845300522e-04,2.2154216988188665e-03,4.0115993606368921e-03,5.2386849883950329e-03,4.1646388527317377e-03
32,1.6395018835714030e-02,2.3391753557499325e-05,2.3010640391056699e-04,8.8964956071843344e-04,2.2000005713782096e-03,3.9315576224415744e-03,5.0889777993656056e-03,4.0313351243421412e-03
33,1.6025464122020629e-02,2.4089273346616849e-05,2.3405896896097926e-04,8.9424527149934894e-04,2.1809080815755493e-03,3.8495517461510629e-03,4.9414148155249894e-03,3.9011959649620808e-03
34,1.5654198262733770e-02,2.4715523427964542e-05,2.3728918586813730e-04,8.9661588095099132e-04,2.1585617217968456e-03,3.7661414667223576e-03,4.7964104422372686e-03,3.7744640417302043e-03
35,1.5282758736129089e-02,2.5272113071629294e-05,2.3983155364806194e-04,8.9692415817771659e-04,2.1333479892494201e-03,3.6818077789882130e-03,4.6542774785474335e-03,3.6512976644466136e-03
36,1.4912437117730840e-02,2.5761135833952189e-05,2.4172318011546316e-04,8.9533093672206163e-04,2.1056235904379850e-03,3.5969633852290235e-03,4.5152461950445028e-03,3.5317886943478510e-03
37,1.4544317056931769e-02,2.6185062886016504e-05,2.4300287638358541e-04,8.9199350955511555e-04,2.0757168086055601e-03,3.5119617735945036e-03,4.3794800259254465e-03,3.4159769999815414e-03
38,1.4179306033796361e-02,2.6546649370455363e-05,2.4371038824818009e-04,8.8706437107529160e-04,2.0439289726981967e-03,3.4271050923020624e-03,4.2470884564983387e-03,3.3038621036038350e-03
39,1.3818161951288670e-02,2.6848853235380317e-05,2.4388575247589613e-04,8.8069025775708222e-04,2.0105359805487580e-03,3.3426509709335796e-03,4.1181375923727039e-03,3.1954125439652707e-03
40,1.3461515440325736e-02,2.7094765751516695e-05,2.4356876547956016e-04,8.7301144349285586e-04,1.9757898401096285e-03,3.2588184252582805e-03,3.9926588155221061e-03,3.0905733847117873e-03
41,1.3109888605387365e-02,2.7287552772063567e-05,2.4279855188115413e-04,8.6416125012815626e-04,1.9399202013511134e-03,3.1757929670157285e-03,3.8706558638201983e-03,2.9892722184189507e-03
42,1.2763710813225883e-02,2.7430405721239686e-05,2.4161322087194875e-04,8.5426573805321370e-04,1.9031358583829030e-03,3.0937310257163381e-03,3.7521106129986491e-03,2.8914239514815894e-03
43,1.2423332022991437e-02,2.7526501277964701e-05,2.4004959894886624e-04,8.4344354587654994e-04,1.8656262068376154e-03,3.0127637761581299e-03,3.6369877917488413e-03,2.7969346021434688e-03
44,1.2089034069611166e-02,2.7578968740381966e-05,2.3814302843754498e-04,8.3180585210342961e-04,1.8275626458792624e-03,2.9330004532118056e-03,3.5252388205004787e-03,2.7057043007382630e-03
45,1.1761040240697148e-02,2.7590864102869145e-05,2.3592722213108702e-04,8.1945643533318908e-04,1.7890999176013909e-03,2.8545312245524968e-03,3.4168049310188040e-03,2.6176296459573117e-03
46,1.1439523428151565e-02,2.7565149940406067e-05,2.3343416532408979e-04,8.0649181275685542e-04,1.7503773792454749e-03,2.7774296823944661e-03,3.3116196962833626e-03,2.5326055422069094e-03
47,1.1124613086888410e-02,2.7504680268501177e-05,2.3069405746484732e-04,7.9300143967688409e-04,1.7115202057472673e-03,2.7017550068449180e-03,3.2096110772106218e-03,2.4505266196753694e-03
48,1.0816401192924065e-02,2.7412189624958091e-05,2.2773528655727730e-04,7.7906795539210596e-04,1.6726405217245286e-03,2.6275538461393981e-03,3.1107030738641022e-03,2.3712883196216955e-03
49,1.0514947360014217e-02,2.7290285698683273e-05,2.2458443030023945e-04,7.6476746310822285e-04,1.6338384632478698e-03,2.5548619526475731e-03,3.0148170531857283e-03,2.2947877118258998e-03
50,1.0220283246788192e-02,2.7141444907735520e-05,2.2126627874462251e-04,7.5016983356724644e-04,1.5952031706626261e-03,2.4837056080360765e-03,2.9218728124152100e-03,2.2209240984546763e-03
51,9.9324163639211219e-03,2.6968010402033208e-05,2.1780387397231588e-04,7.3533902386063992e-04,1.5568137144146058e-03,2.4141028662402406e-03,2.8317894267673388e-03,2.1495994482639484e-03
52,9.6513333724335161e-03,2.6772192034385423e-05,2.1421856295422299e-04,7.2033340442426153e-04,1.5187399563250869e-03,2.3460646388316223e-03,2.7444859212157769e-03,2.0807186966481589e-03
53,9.3770029490110318e-03,2.6556067906134859e-05,2.1053006032781342e-04,7.0520608853227667e-04,1.4810433491002938e-03,2.2795956438845730e-03,2.6598817990586628e-03,2.0141899402012775e-03
54,9.1093782817121324e-03,2.6321587150410168e-05,2.0675651835120880e-04,6.9000525973511942e-04,1.4437776770797183e-03,2.2146952364635350e-03,2.5778974540444153e-03,1.9499245488877257e-03
55,8.8483992490991994e-03,2.6070573666773142e-05,2.0291460174450438e-04,6.7477449364526459e-04,1.4069897413520461e-03,2.1513581363028739e-03,2.4984544879907231e-03,1.8878372143970141e-03
56,8.5939943272967008e-03,2.5804730566092863e-05,1.9901956552471168e-04,6.5955307128450088e-04,1.3707199924180148e-03,2.0895750660716896e-03,2.4214759518499710e-03,1.8278459495817195e-03
57,8.3460822624248868e-03,2.5525645124090965e-05,1.9508533428346328e-04,6.4437628188636679e-04,1.3350031135732194e-03,2.0293333117534710e-03,2.3468865249070283e-03,1.7698720508972472e-03
58,8.1045735400151649e-03,2.5234794076564566e-05,1.9112458165163366e-04,6.2927571361452847e-04,1.2998685581343552e-03,1.9706172150786160e-03,2.2746126441137685e-03,1.7138400333456996e-03
59,7.8693716781667138e-03,2.4933549119232317e-05,1.8714880894736752e-04,6.1427953112751568e-04,1.2653410435505947e-03,1.9134086065869275e-03,2.2045825933648317e-03,1.6596775454702439e-03
60,7.6403743671755063e-03,2.4623182500905994e-05,1.8316842221851939e-04,5.9941273930609541e-04,1.2314410053365725e-03,1.8576871867330197e-03,2.1367265607150731e-03,1.6073152703653193e-03
61,7.4174744750114801e-03,2.4304872620704156e-05,1.7919280707171930e-04,5.8469743277382873e-04,1.1981850136418312e-03,1.8034308614510563e-03,2.0709766700602646e-03,1.5566868173920757e-03
62,7.2005609352177166e-03,2.3979709558716696e-05,1.7523040083238030e-04,5.7015303109467469e-04,1.1655861551390949e-03,1.7506160377414339e-03,2.0072669925908088e-03,1.5077286082606073e-03
63,6.9895195314601342e-03,2.3648700485298944e-05,1.7128876170675265e-04,5.5579649973326486e-04,1.1336543827748981e-03,1.6992178841097382e-03,1.9455335423357359e-03,1.4603797603144452e-03
64,6.7842335909871661e-03,2.3312774907388514e-05,1.6737463472204462e-04,5.4164255702178672e-04,1.1023968357842416e-03,1.6492105600595048e-03,1.8857142593017603e-03,1.4145819691904393e-03
65,6.5845845976009645e-03,2.2972789721234360e-05,1.6349401430673551e-04,5.2770386749933379e-04,1.0718181322288403e-03,1.6005674182996879e-03,1.8277489830474151e-03,1.3702793924977173e-03
66,6.3904527333411808e-03,2.2629534050009608e-05,1.5965220344322308e-04,5.1399122208118340e-04,1.0419206361781763e-03,1.5532611828622455e-03,1.7715794189887514e-03,1.3274185357375922e-03
67,6.2017173568954340e-03,2.2283733852218573e-05,1.5585386938127084e-04,5.0051370558195621e-04,1.0127047015155116e-03,1.5072641059238694e-03,1.7171490992889469e-03,1.2859481413516609e-03
68,6.0182574257409815e-03,2.1936056292846057e-05,1.5210309594545335e-04,4.8727885216244641e-04,9.8416889421840646e-04,1.4625481057792295e-03,1.6644033398215724e-03,1.2458190815210276e-03
69,5.8399518681603773e-03,2.1587113874044761e-05,1.4840343250475889e-04,4.7429278929888842e-04,9.5631019483589854e-04,1.4190848881131927e-03,1.6132891944014662e-03,1.2069842551321276e-03
70,5.6666799105355341e-03,2.1237468326000620e-05,1.4475793969929548e-04,4.6156037088873901e-04,9.2912418276289480e-04,1.3768460524596151e-03,1.5637554072361511e-03,1.1693984891628384e-03
71,5.4983213646896184e-03,2.0887634261617479e-05,1.4116923203901375e-04,4.4908530011143614e-04,9.0260520379682914e-04,1.3358031855086744e-03,1.5157523643545452e-03,1.1330184446175023e-03
72,5.3347568794979905e-03,2.0538082600961016e-05,1.3763951750368891e-04,4.3687024265830308e-04,8.7674652235242290e-04,1.2959279427285143e-03,1.4692320446102794e-03,1.0978025270438213e-03
73,5.1758681605143728e-03,2.0189243773117390e-05,1.3417063428309702e-04,4.2491693093472602e-04,8.5154045960749076e-04,1.2571921195960133e-03,1.4241479707275057e-03,1.0637108015924225e-03
74,5.0215381609451659e-03,1.9841510704357878e-05,1.3076408480223000e-04,4.1322625982151011e-04,8.2697851875611589e-04,1.2195677135822577e-03,1.3804551607523008e-03,1.0307049125263933e-03
75,4.8716512469440922e-03,1.9495241602343606e-05,1.2742106717924807e-04,4.0179837456224621e-04,8.0305149845503543e-04,1.1830269779078062e-03,1.3381100801879986e-03,9.9874800704941383e-04
76,4.7260933398831934e-03,1.9150762546629469e-05,1.2414250426427510e-04,3.9063275132067085e-04,7.7974959546455987e-04,1.1475424679684727e-03,1.2970705950244915e-03,9.6780466329409430e-04
77,4.5847520379783228e-03,1.8808369895995270e-05,1.2092907040562059e-04,3.7972827092725461e-04,7.5706249740656838e-04,1.1130870812320055e-03,1.2572959258165969e-03,9.3784082229428128e-04
78,4.4475167194020357e-03,1.8468332523198592e-05,1.1778121608698784e-04,3.6908328630834967e-04,7.3497946648882551e-04,1.0796340913177621e-03,1.2187466029225783e-03,9.0882372375433349e-04
79,4.3142786287998641e-03,1.8130893887650908e-05,1.1469919057506203e-04,3.5869568406471603e-04,7.1348941497679922e-04,1.0471571768937244e-03,1.1813844229787835e-03,8.8072184542312864e-04
80,4.1849309489333571e-03,1.7796273956303535e-05,1.1168306271186150e-04,3.4856294063961596e-04,6.9258097313103044e-04,1.0156304459565866e-03,1.1451724066584865e-03,8.5350484587947317e-04
81,4.0593688590018738e-03,1.7464670982722428e-05,1.0873273998062104e-04,3.3868217349026548e-04,6.7224255026964244e-04,9.8502845599995848e-04,1.1100747577409938e-03,8.2714351053767043e-04
82,3.9374895810422098e-03,1.7136263153956586e-05,1.0584798596796247e-04,3.2905018765054430e-04,6.5246238956151101e-04,9.5532623052202968e-04,1.0760568234998329e-03,8.0160970068637307e-04
83,3.8191924156683213e-03,1.6811210114382902e-05,1.0302843633885219e-04,3.1966351804771598e-04,6.3322861710564762e-04,9.2649927227636780e-04,1.0430850564054500e-03,7.7687630537990509e-04
84,3.7043787682908072e-03,1.6489654375258418e-05,1.0027361343448162e-04,3.1051846791163877e-04,6.1452928580624136e-04,8.9852357362720718e-04,1.0111269771275494e-03,7.5291719600843060e-04
85,3.5929521668456995e-03,1.6171722618241112e-05,9.7582939596835912e-05,3.0161114359168734e-04,5.9635241451027037e-04,8.7137562433292344e-04,9.8015113881445089e-04,7.2970718338129042e-04
86,3.4848182719630079e-03,1.5857526900664210e-05,9.4955749317421196e-05,2.9293748607441515e-04,5.7868602283541490e-04,8.4503241704782695e-04,9.5012709262106039e-04,7.0722197716620522e-04
87,3.3798848804162040e-03,1.5547165769873633e-05,9.2391300301464783e-05,2.8449329947392372e-04,5.6151816207991958e-04,8.1947145080248898e-04,9.2102535445291386e-04,6.8543814753561981e-04
88,3.2780619226132264e-03,1.5240725293471037e-05,8.9888783532931520e-05,2.7627427674698190e-04,5.4483694257286236e-04,7.9467073269606097e-04,8.9281737289087287e-04,6.6433308888004560e-04
89,3.1792614548167915e-03,1.4938280011849807e-05,8.7447332419949767e-05,2.6827602286616444e-04,5.2863055779275479e-04,7.7060877801013949e-04,8.6547549825920873e-04,6.4388498545672442e-04
90,3.0833976467159359e-03,1.4639893818972658e-05,8.5066031094735865e-05,2.6049407566663415e-04,5.1288730555435326e-04,7.4726460893231557e-04,8.3897295279874637e-04,6.2407277885017797e-04
91,2.9903867649110666e-03,1.4345620776919187e-05,8.2743921936862780e-05,2.5292392456565961e-04,4.9759560653779404e-04,7.2461775205834701e-04,8.1328380190632892e-04,6.0487613712915521e-04
92,2.9001471528207635e-03,1.4055505869331635e-05,8.0480012383746008e-05,2.4556102733850032e-04,4.8274402041051205e-04,7.0264823482467918e-04,7.8838292640189748e-04,5.8627542559209686e-04
93,2.8125992074695730e-03,1.3769585698508441e-05,7.8273281087521613e-05,2.3840082511986972e-04,4.6832125977069910e-04,6.8133658100756795e-04,7.6424599578493345e-04,5.6825167900047269e-04
94,2.7276653535715624e-03,1.3487889130538053e-05,7.6122683473067612e-05,2.3143875578675256e-04,4.5431620212115620e-04,6.6066380541116032e-04,7.4084944244269025e-04,5.5078657520619772e-04
95,2.6452700152840422e-03,1.3210437892530229e-05,7.4027156747765444e-05,2.2467026586587191e-04,4.4071790006413783e-04,6.4061140785438722e-04,7.1817043677356877e-04,5.3386241008578094e-04
96,2.5653395859691953e-03,1.2937247125688299e-05,7.1985624409709209e-05,2.1809082109750557e-04,4.2751558989106677e-04,6.2116136655526407e-04,6.9618686319003606e-04,5.1746207369992529e-04
97,2.4878023962680747e-03,1.2668325897673185e-05,6.9997000297434035e-05,2.1169591577661358e-04,4.1469869872567283e-04,6.0229613100106329e-04,6.7487729696664588e-04,5.0156902760297166e-04
98,2.4125886807611534e-03,1.2403677677437429e-05,6.8060192220847701e-05,2.0548108098229046e-04,4.0225685036507890e-04,5.8399861438368375e-04,6.5422098189994065e-04,4.8616728323187439e-04
99,2.3396305434621335e-03,1.2143300775454607e-05,6.6174105209893200e-05,1.9944189179736075e-04,3.9017986995050865e-04,5.6625218567131377e-04,6.3419780874825985e-04,4.7124138130934262e-04
100,2.2688619223667278e-03,1.1887188752035101e-05,6.4337644414540952e-05,1.9357397361144220e-04,3.7845778758753806e-04,5.4904066138004458e-04,6.1478829442075330e-04,4.5677637220037349e-04
101,2.2002185532554327e-03,1.1635330796202343e-05,6.2549717686988601e-05,1.8787300759296179e-04,3.6708084102505102e-04,5.3234829710239930e-04,5.9597356188615237e-04,4.4275779716567760e-04
102,2.1336379329286812e-03,1.1387712077403447e-05,6.0809237874427838e-05,1.8233473540838234e-04,3.5603947749222620e-04,5.1615977884368765e-04,5.7773532077309527e-04,4.2917167045945841e-04
103,2.0690592820340058e-03,1.1144314072143496e-05,5.9115124848405830e-05,1.7695496326024127e-04,3.4532435478388233e-04,5.0046021421163366e-04,5.6005584863501616e-04,4.1600446222268302e-04
104,2.0064235076278523e-03,1.0905114867462697e-05,5.7466307294654371e-05,1.7172956530947322e-04,3.3492634167628827e-04,4.8523512349979772e-04,5.4291797285378784e-04,4.0324308212638855e-04
105,1.9456731655991863e-03,1.0670089443019090e-05,5.5861724285269658e-05,1.6665448654185048e-04,3.2483651774802827e-04,4.7047043070085596e-04,5.2630505315744592e-04,3.9087486372271660e-04
106,1.8867524230680186e-03,1.0439209933395743e-05,5.4300326653290319e-05,1.6172574513319577e-04,3.1504617267364766e-04,4.5615245448178264e-04,5.1020096472842024e-04,3.7888754946428641e-04
107,1.8296070208592527e-03,1.0212445872119243e-05,5.2781078188029729e-05,1.5693943436325805e-04,3.0554680505153175e-04,4.4226789914934795e-04,4.9459008187974934e-04,3.6726927635521669e-04
108,1.7741842361406624e-03,9.9897644187551086e-06,5.1302956667960329e-05,1.5229172412377292e-04,2.9633012082174825e-04,4.2880384563106724e-04,4.7945726227776139e-04,3.5600856219959742e-04
109,1.7204328453033827e-03,9.7711305703346281e-06,4.9864954746514143e-05,1.4777886206221853e-04,2.8738803132435264e-04,4.1574774249377567e-04,4.6478783169066407e-04,3.4509429241552322e-04
110,1.6683030871537611e-03,9.5565073582656462e-06,4.8466080704845171e-05,1.4339717439909735e-04,2.7871265104388950e-04,4.0308739701933239e-04,4.5056756924340217e-04,3.3451570738492886e-04
111,1.6177466264768489e-03,9.3458560317866438e-06,4.7105359084387676e-05,1.3914306645320437e-04,2.7029629508146876e-04,3.9081096635454804e-04,4.3678269316001071e-04,3.2426239031144275e-04
112,1.5687165180240132e-03,9.1391362289378120e-06,4.5781831210931134e-05,1.3501302290624975e-04,2.6213147639182798e-04,3.7890694875025363e-04,4.2341984697551914e-04,3.1432425556029379e-04
113,1.5211671709701232e-03,8.9363061359447266e-06,4.4494555620911420e-05,1.3100360783537582e-04,2.5421090281917331e-04,3.6736417490247175e-04,4.1046608620025067e-04,3.0469153745599540e-04
114,1.4750543138794007e-03,8.7373226358384366e-06,4.3242608399680140e-05,1.2711146453951678e-04,2.4652747396229147e-04,3.5617179940688098e-04,3.9790886542010378e-04,2.9535477951508893e-04
115,1.4303349602132851e-03,8.5421414470704198e-06,4.2025083440654429e-05,1.2333331518317786e-04,2.3907427789642168e-04,3.4531929233617758e-04,3.8573602581711225e-04,2.8630482409267081e-04
116,1.3869673744084836e-03,8.3507172528206977e-06,4.0841092633461934e-05,1.1966596027904338e-04,2.3184458777663724e-04,3.3479643094850436e-04,3.7393578309525161e-04,2.7753280242276440e-04
117,1.3449110385487116e-03,8.1630038216426801e-06,3.9689765988473333e-05,1.1610627802883894e-04,2.2483185834499327e-04,3.2459329153383150e-04,3.6249671579709940e-04,2.6903012503383248e-04
118,1.3041266196494265e-03,7.9789541200379536e-06,3.8570251704454038e-05,1.1265122354006110e-04,2.1802972236142953e-04,3.1470024140401565e-04,3.5140775399755583e-04,2.6078847252187240e-04
119,1.2645759375710869e-03,7.7985204175084127e-06,3.7481716185461348e-05,1.0929782793453181e-04,2.1143198697634995e-04,3.0510793103122802e-04,3.4065816836141040e-04,2.5279978666459718e-04
120,1.2262219335730763e-03,7.6216543845909536e-06,3.6423344012559284e-05,1.0604319736322231e-04,2.0503263006092505e-04,2.9580728633850996e-04,3.3023755955208077e-04,2.4505626186118796e-04
121,1.1890286395173952e-03,7.4483071843415289e-06,3.5394337875417064e-05,1.0288451194041027e-04,1.9882579650945417e-04,2.8678950114538286e-04,3.2013584797936970e-04,2.3755033688301964e-04
122,1.1529611477285122e-03,7.2784295577001083e-06,3.4393918468393376e-05,9.9819024608974419e-05,1.9280579452657392e-04,2.7804602977069361e-04,3.1034326387457273e-04,2.3027468692160406e-04
123,1.1179855815133281e-03,7.1119719031357473e-06,3.3421324355285527e-05,9.6844059947480394e-05,1.8696709191068969e-04,2.6956857979421202e-04,3.0085033768173871e-04,2.2322221592078602e-04
124,1.0840690663430578e-03,6.9488843509414829e-06,3.2475811806535254e-05,9.3957012928664034e-05,1.8130431234372778e-04,2.6134910497790546e-04,2.9164789075432742e-04,2.1638604918095642e-04
125,1.0511797016969028e-03,6.7891168325215614e-06,3.1556654612329411e-05,9.1155347637962271e-05,1.7581223169614460e-04,2.5337979834728750e-04,2.8272702634692961e-04,2.0975952622372790e-04
126,1.0192865335656837e-03,6.6326191449887625e-06,3.0663143874711083e-05,8.8436595959871166e-05,1.7048577435507730e-04,2.4565308543277172e-04,2.7407912089211353e-04,2.0333619390615026e-04
127,9.8835952761210208e-04,6.4793410113666557e-06,2.9794587781521602e-05,8.5798356239117843e-05,1.6532000958256610e-04,2.3816161767054741e-04,2.6569581555284844e-04,1.9710979977413399e-04
128,9.5836954298296234e-04,6.3292321366707967e-06,2.8950311364725224e-05,8.3238291922910424e-05,1.6031014790991396e-04,2.3089826596212954e-04,2.5756900804131412e-04,1.9107428564529833e-04
129,9.2928830676752990e-04,6.1822422601235909e-06,2.8129656245422595e-05,8.0754130189873889e-05,1.5545153757346827e-04,2.2385611439141453e-04,2.4969084469525407e-04,1.8522378141197301e-04
130,9.0108838909517468e-04,6.0383212037399004e-06,2.7331980367635417e-05,7.8343660570681994e-05,1.5073966099640203e-04,2.1702845409779246e-04,2.4205371280336117e-04,1.7955259905556173e-04
131,8.7374317886456797e-04,5.8974189175042383e-06,2.6556657722740652e-05,7.6004733564851156e-05,1.4617013132043276e-04,2.1040877730362149e-04,2.3465023317149653e-04,1.7405522686392120e-04
132,8.4722686009593672e-04,5.7594855213454115e-06,2.5803078066246538e-05,7.3735259257670478e-05,1.4173868899084124e-04,2.0399077149415725e-04,2.2747325292184662e-04,1.6872632384382910e-04
133,8.2151438889721822e-04,5.6244713441007447e-06,2.5070646628433330e-05,7.1533205940791704e-05,1.3744119839763128e-04,1.9776831374784831e-04,2.2051583851740960e-04,1.6356071432100324e-04
134,7.9658147103440656e-04,5.4923269596493016e-06,2.4358783820227277e-05,6.9396598739597707e-05,1.3327364457520495e-04,1.9173546521475003e-04,2.1377126900447532e-04,1.5855338272050196e-04
135,7.7240454009590450e-04,5.3630032203818386e-06,2.3666924935536016e-05,6.7323518250098047e-05,1.2923212996250391e-04,1.8588646574067765e-04,2.0723302946602844e-04,1.5369946852067864e-04
136,7.4896073624031276e-04,5.2364512881643948e-06,2.2994519851145424e-05,6.5312099187766047e-05,1.2531287122519028e-04,1.8021572863460817e-04,2.0089480467925397e-04,1.4899426137418453e-04
137,7.2622788551676340e-04,5.1126226629424650e-06,2.2341032725162009e-05,6.3360529050428591e-05,1.2151219614110021e-04,1.7471783557674681e-04,1.9475047297056537e-04,1.4443319638981797e-04
138,7.0418447974665327e-04,4.9914692091234669e-06,2.1705941694878807e-05,6.1467046797045676e-05,1.1782654054989779e-04,1.6938753166460081e-04,1.8879410026180650e-04,1.4001184956930019e-04
139,6.8280965695543768e-04,4.8729431798666557e-06,2.1088738574847045e-05,5.9629941543968667e-05,1.1425244536758608e-04,1.6421972059434275e-04,1.8301993430149899e-04,1.3572593339332756e-04
140,6.6208318234299731e-04,4.7569972394017335e-06,2.0488928555848075e-05,5.7847551280041829e-05,1.1078655366628695e-04,1.5920945997470053e-04,1.7742239907521861e-04,1.3157129255149958e-04
141,6.4198542978099473e-04,4.6435844834900573e-06,1.9906029905381213e-05,5.6118261601709662e-05,1.0742560781948601e-04,1.5435195677057816e-04,1.7199608938938860e-04,1.2754389981096097e-04
142,6.2249736382558073e-04,4.5326584581355419e-06,1.9339573670210923e-05,5.4440504469109776e-05,1.0416644671274574e-04,1.4964256287358969e-04,1.6673576562297081e-04,1.2363985201881830e-04
143,6.0360052223378815e-04,4.4241731766459906e-06,1.8789103381451582e-05,5.2812756983966445e-05,1.0100600301971878e-04,1.4507677079667584e-04,1.6163634864172519e-04,1.1985536623360434e-04
144,5.8527699897196355e-04,4.3180831351397347e-06,1.8254174762609086e-05,5.1233540189952505e-05,9.7941300543143069e-05,1.4065020948997097e-04,1.5669291486988747e-04,1.1618677598126074e-04
145,5.6750942770463116e-04,4.2143433265869628e-06,1.7734355440944723e-05,4.9701417896053879e-05,9.4969451620366733e-05,1.3635864027509135e-04,1.5190069151428670e-04,1.1263052763130086e-04
146,5.5028096575224607e-04,4.1129092534699767e-06,1.7229224662478549e-05,4.8214995523351590e-05,9.2087654592834392e-05,1.3219795289502815e-04,1.4725505193609279e-04,1.0918317688899064e-04
147,5.3357527850638495e-04,4.0137369391419048e-06,1.6738373010905388e-05,4.6772918975529671e-05,8.9293191338864105e-05,1.2816416167684504e-04,1.4275151116554277e-04,1.0584138539955609e-04
148,5.1737652429103284e-04,3.9167829379588868e-06,1.6261402130657141e-05,4.5373873533321246e-05,8.6583424868955956e-05,1.2425340180440431e-04,1.3838572155514957e-04,1.0260191746058575e-04
149,5.0166933965874660e-04,3.8220043442566117e-06,1.5797924454309241e-05,4.4016582773020041e-05,8.3955796982796007e-05,1.2046192569837222e-04,1.3415346856704394e-04,9.9461636838948575e-05
150,4.8643882511062100e-04,3.7293588002381843e-06,1.5347562934496774e-05,4.2699807509108170e-05,8.1407825987054038e-05,1.1678609950078621e-04,1.3005066669024540e-04,9.6417503688692285e-05
151,4.7167053122913380e-04,3.6388045028366443e-06,1.4909950780476806e-05,4.1422344760983919e-05,7.8937104473017280e-05,1.1322239966150174e-04,1.2607335548379335e-04,9.3466571566524120e-05
152,4.5735044521311239e-04,3.5503002096120452e-06,1.4484731199447201e-05,4.0183026743712853e-05,7.6541297153055537e-05,1.0976740962387465e-04,1.2221769574180297e-04,9.0605984541607126e-05
153,4.4346497780423848e-04,3.4638052437397582e-06,1.4071557142708712e-05,3.8980719882673034e-05,7.4218138754873165e-05,1.0641781660707553e-04,1.1847996577663941e-04,8.7832974396528899e-05
154,4.3000095059468970e-04,3.3792794981436957e-06,1.3670091056736071e-05,3.7814323851918143e-05,7.1965431972472596e-05,1.0317040848247627e-04,1.1485655781652511e-04,8.5144857916417822e-05
155,4.1694558370570259e-04,3.2966834388252561e-06,1.3280004639204763e-05,3.6682770636041687e-05,6.9781045472727216e-05,1.0002207074159245e-04,1.1134397451401581e-04,8.2539034263295438e-05
156,4.0428648382703959e-04,3.2159781074361700e-06,1.2900978600003346e-05,3.5585023615289770e-05,6.7662911956442698e-05,9.6969783553112760e-05,1.0793882556189422e-04,8.0012982432860601e-05
157,3.9201163260753482e-04,3.1371251231408512e-06,1.2532702427246032e-05,3.4520076673638380e-05,6.5609026272770568e-05,9.4010618906593607e-05,1.0463782441314191e-04,7.7564258791003470e-05
158,3.8010937538709977e-04,3.0600866838115607e-06,1.2174874158286670e-05,3.3486953329525176e-05,6.3617443585828237e-05,9.1141737840444857e-05,1.0143778510175649e-04,7.5190494687446730e-05
159,3.6856841026076741e-04,2.9848255665973649e-06,1.1827200155723483e-05,3.2484705888901892e-05,6.1686277592373369e-05,8.8360387751883215e-05,9.8335619161284295e-05,7.2889394144003811e-05
160,3.5737777746556380e-04,2.9113051279058239e-06,1.1489394888373074e-05,3.1512414620254714e-05,5.9813698789378858e-05,8.5663899786577884e-05,9.5328332638038946e-05,7.0658731615034478e-05
161,3.4652684908119451e-04,2.8394893028343135e-06,1.1161180717182986e-05,3.0569186951223028e-05,5.7997932790355137e-05,8.3049686305764156e-05,9.2413023196071404e-05,6.8496349817763477e-05
162,3.3600531903574618e-04,2.7693426040859978e-06,1.0842287686043731e-05,2.9654156686433706e-05,5.6237258689270828e-05,8.0515238428649881e-05,8.9586877311051476e-05,6.6400157630210548e-05
163,3.2580319340780241e-04,2.7008301204036841e-06,1.0532453317454001e-05,2.8766483246156787e-05,5.4530007470929143e-05,7.8058123647990681e-05,8.6847167550309717e-05,6.4368128054558403e-05
164,3.1591078101658038e-04,2.6339175145530991e-06,1.0231422412986323e-05,2.7905350925379706e-05,5.2874560466666054e-05,7.5675983516758726e-05,8.4191249936375437e-05,6.2398296243861088e-05
165,3.0631868429189797e-04,2.5685710208855147e-06,9.9389468584950562e-06,2.7069968172890388e-05,5.1269347854247156e-05,7.3366531403880808e-05,8.1616561391431645e-05,6.0488757590067422e-05
166,2.9701779041597882e-04,2.5047574425081276e-06,9.6547854340037072e-06,2.6259566889954633e-05,4.9712847200852245e-05,7.1127550317069379e-05,7.9120617260187111e-05,5.8637665871403630e-05
167,2.8799926272930700e-04,2.4424441480891703e-06,9.3787036282045488e-06,2.5473401748169689e-05,4.8203582048050869e-05,6.8956890790820605e-05,7.6701008908746160e-05,5.6843231457225915e-05
168,2.7925453239293426e-04,2.3815990683233245e-06,9.1104734575000010e-06,2.4710749526074313e-05,4.6740120537686762e-05,6.6852468837700518e-05,7.4355401397131193e-05,5.5103719568518151e-05
169,2.7077529029984293e-04,2.3221906920817443e-06,8.8498732895123285e-06,2.3970908464094715e-05,4.5321074077606166e-05,6.4812263961089520e-05,7.2081531223187553e-05,5.3417448592270915e-05
170,2.6255347922815250e-04,2.2641880622697338e-06,8.5966876709857818e-06,2.3253197637406528e-05,4.3945096046181059e-05,6.2834317227601299e-05,6.9877204135670345e-05,5.1782788448037720e-05
171,2.5458128622915250e-04,2.2075607714139568e-06,8.3507071600033044e-06,2.2556956346294429e-05,4.2610880534597622e-05,6.0916729397439878e-05,6.7740293014382396e-05,5.0198159005020938e-05
172,2.4685113524332606e-04,2.1522789569999334e-06,8.1117281624384023e-06,2.1881543523593523e-05,4.1317161125897575e-05,5.9057659111003380e-05,6.5668735815298457e-05,4.8662028548094765e-05
173,2.3935567993771083e-04,2.0983132965795250e-06,7.8795527725615110e-06,2.1226337158799797e-05,4.0062709709780287e-05,5.7255321130088653e-05,6.3660533578675598e-05,4.7172912291225475e-05
174,2.3208779675812537e-04,2.0456350026670724e-06,7.6539886177193211e-06,2.0590733738440938e-05,3.8846335332192278e-05,5.5507984632094787e-05,6.1713748498211406e-05,4.5729370936799555e-05
175,2.2504057818996051e-04,1.9942158174419229e-06,7.4348487070049536e-06,1.9974147702303366e-05,3.7666883078751083e-05,5.3813971555666872e-05,5.9826502049372540e-05,4.4330009279419752e-05
176,2.1820732622141072e-04,1.9440280072741274e-06,7.2219512838364976e-06,1.9376010915116337e-05,3.6523232991070274e-05,5.2171654996263925e-05,5.7996973175073972e-05,4.2973474852775600e-05
177,2.1158154600318691e-04,1.8950443570892412e-06,7.0151196823613358e-06,1.8795772153299486e-05,3.5414299015072871e-05,5.0579457650176671e-05,5.6223396526946302e-05,4.1658456618241007e-05
178,2.0515693969891619e-04,1.8472381645873123e-06,6.8141821876038021e-06,1.8232896606386169e-05,3.4339027980400573e-05,4.9035850305561260e-05,5.4504060760482459e-05,4.0383683693894606e-05
179,1.9892740052059743e-04,1.8005832343303625e-06,6.6189718992739613e-06,1.7686865392741089e-05,3.3296398610046556e-05,4.7539350379095285e-05,5.2837306882408742e-05,3.9147924122701441e-05
180,1.9288700694363714e-04,1.7550538717118882e-06,6.4293265991557762e-06,1.7157175089197215e-05,3.2285420559360035e-05,4.6088520496901151e-05,5.1221526648676264e-05,3.7949983678634796e-05
181,1.8703001709614411e-04,1.7106248768212116e-06,6.2450886219935093e-06,1.6643337274243815e-05,3.1305133483590811e-05,4.4681967118420234e-05,4.9655161011518000e-05,3.6788704709556532e-05
182,1.8135086331731292e-04,1.6672715382148059e-06,6.0661047297959221e-06,1.6144878084404141e-05,3.0354606133162306e-05,4.3318339201958149e-05,4.8136698614065430e-05,3.5662965015712141e-05
183,1.7584414687987109e-04,1.6249696266060716e-06,5.8922259894786450e-06,1.5661337783448654e-05,2.9432935475881321e-05,4.1996326910658146e-05,4.6664674331064877e-05,3.4571676762733369e-05
184,1.7050463287170985e-04,1.5836953884844130e-06,5.7233076537660486e-06,1.5192270344096465e-05,2.8539245845312606e-05,4.0714660357694847e-05,4.5237667854278832e-05,3.3513785428076652e-05
185,1.6532724523195608e-04,1.5434255396738693e-06,5.5592090452749009e-06,1.4737243041865321e-05,2.7672688114565859e-05,3.9472108389515283e-05,4.3854302321201212e-05,3.2488268779859627e-05
186,1.6030706193688026e-04,1.5041372588409855e-06,5.3997934437032343e-06,1.4295836060737378e-05,2.6832438894761697e-05,3.8267477405987977e-05,4.2513242985757869e-05,3.1494135887091131e-05
187,1.5543931033116818e-04,1.4658081809610637e-06,5.2449279760489028e-06,1.3867642110315674e-05,2.6017699757462670e-05,3.7099610216353330e-05,4.1213195929704603e-05,3.0530426160321930e-05
188,1.5071936260021155e-04,1.4284163907514251e-06,5.0944835097835939e-06,1.3452266054153215e-05,2.5227696480373457e-05,3.5967384929901250e-05,3.9952906813474577e-05,2.9596208421774037e-05
189,1.4614273137920116e-04,1.3919404160798060e-06,4.9483345489092053e-06,1.3049324548944228e-05,2.4461678315633187e-05,3.4869713880332507e-05,3.8731159665265600e-05,2.8690580004036642e-05
190,1.4170506549492602e-04,1.3563592213555633e-06,4.8063591328248176e-06,1.2658445694274089e-05,2.3718917280040643e-05,3.3805542582791162e-05,3.7546775707194749e-05,2.7812665876444994e-05
191,1.3740214583630355e-04,1.3216522009108887e-06,4.6684387379337804e-06,1.2279268692632011e-05,2.2998707466570904e-05,3.2773848722584846e-05,3.6398612217384386e-05,2.6961617798286726e-05
192,1.3322988134978041e-04,1.2877991723788274e-06,4.5344581819217262e-06,1.1911443519397420e-05,2.2300364376559341e-05,3.1773641174638342e-05,3.5285561426877873e-05,2.6136613498006874e-05
193,1.2918430515585752e-04,1.2547803700744773e-06,4.4043055306376878e-06,1.1554630602518379e-05,2.1623224271945869e-05,3.0803959052754228e-05,3.4206549450317923e-05,2.5336855877608951e-05
194,1.2526157078310201e-04,1.2225764383853532e-06,4.2778720075118357e-06,1.1208500511607110e-05,2.0966643546989132e-05,2.9863870787781371e-05,3.3160535249352769e-05,2.4561572241474432e-05
195,1.2145794851611636e-04,1.1911684251765427e-06,4.1550519054446971e-06,1.0872733656184968e-05,2.0329998118876444e-05,2.8952473233818682e-05,3.2146509627767436e-05,2.3810013548847578e-05
196,1.1776982185403850e-04,1.1605377752159130e-06,4.0357425011040835e-06,1.0547019992815681e-05,1.9712682836671477e-05,2.8068890801607262e-05,3.1163494257368187e-05,2.3081453689255904e-05
197,1.1419368407624823e-04,1.1306663236243009e-06,3.9198439715673101e-06,1.0231058740872713e-05,1.9114110908057102e-05,2.7212274618289385e-05,3.0210540733677988e-05,2.2375188780159418e-05
198,1.1072613491205262e-04,1.1015362893552930e-06,3.8072593132476547e-06,9.9245581066930492e-06,1.8533713343346185e-05,2.6381801712736685e-05,2.9286729660529829e-05,2.1690536486143939e-05
199,1.0736387731122025e-04,1.0731302687089031e-06,3.6978942630453275e-06,9.6272350158762831e-06,1.7970938416247879e-05,2.5576674225674132e-05,2.8391169762672835e-05,2.1026835358994887e-05
200,1.0410371431232461e-04,1.0454312288831502e-06,3.5916572216645905e-06,9.3388148534942461e-06,1.7425251140891659e-05,2.4796118643848971e-05,2.7522997025533143e-05,2.0383444198008862e-05
201,1.0094254600595002e-04,1.0184225015672834e-06,3.4884591790399753e-06,9.0590312119827198e-06,1.6896132764625332e-05,2.4039385057516489e-05,2.6681373861298017e-05,1.9759741429920207e-05
202,9.7877366589898138e-05,9.9208777658011520e-07,3.3882136418158747e-06,8.7876256464928898e-06,1.6383080276117241e-05,2.3305746440535976e-05,2.5865488300517073e-05,1.9155124507838964e-05
203,9.4905261513620790e-05,9.6641109555668941e-07,3.2908365628250746e-06,8.5243474374862315e-06,1.5885605928306300e-05,2.2594497952391588e-05,2.5074553208439243e-05,1.8569009328615657e-05
204,9.2023404709185838e-05,9.4137684568626415e-07,3.1962462725130950e-06,8.2689533603624252e-06,1.5403236775756599e-05,2.1904956261473051e-05,2.4307805525328165e-05,1.8000829668066241e-05
205,8.9229055906164080e-05,9.1696975350436221e-07,3.1043634122564601e-06,8.0212074619156429e-06,1.4935514225986210e-05,2.1236458888971372e-05,2.3564505530021808e-05,1.7450036633508222e-05
206,8.6519558027902481e-05,8.9317487874142881e-07,3.0151108695242728e-06,7.7808808434201948e-06,1.4481993604352181e-05,2.0588363572763841e-05,2.2843936126024640e-05,1.6916098133075920e-05
207,8.3892334666725731e-05,8.6997760823043194e-07,2.9284137148337174e-06,7.5477514501520549e-06,1.4042243732086016e-05,1.9960047650681475e-05,2.2145402149442692e-05,1.6398498361299342e-05
208,8.1344887635680560e-05,8.4736364987553644e-07,2.8441991404512929e-06,7.3216038671581445e-06,1.3615846517085532e-05,1.9350907462570300e-05,2.1468229698092685e-05,1.5896737300447083e-05
209,7.8874794594509620e-05,8.2531902668381356e-07,2.7623964007928043e-06,7.1022291210905076e-06,1.3202396557080716e-05,1.8760357770575562e-05,2.0811765481137134e-05,1.5410330237149092e-05
210,7.6479706747610384e-05,8.0383007086175465e-07,2.6829367544762844e-06,6.8894244879276866e-06,1.2801500754802255e-05,1.8187831197095128e-05,2.0175376188617152e-05,1.4938807293830116e-05
211,7.4157346611802318e-05,7.8288341797820239e-07,2.6057534079831831e-06,6.6829933064105394e-06,1.2412777944792321e-05,1.7632777679865027e-05,1.9558447880273885e-05,1.4481712974499156e-05
212,7.1905505851790750e-05,7.6246600119514911e-07,2.5307814608842749e-06,6.4827447970247168e-06,1.2035858531507897e-05,1.7094663943656309e-05,1.8960385393068205e-05,1.4038605724454195e-05
213,6.9722043181278927e-05,7.4256504556770396e-07,2.4579578525878523e-06,6.2884938863666645e-06,1.1670384138377034e-05,1.6572972988078064e-05,1.8380611766826369e-05,1.3609057503475239e-05
214,6.7604882327742022e-05,7.2316806241438683e-07,2.3872213105688514e-06,6.1000610367347841e-06,1.1316007267478670e-05,1.6067203590996726e-05,1.7818567687456909e-05,1.3192653372091694e-05
215,6.5552010058935955e-05,7.0426284375876806e-07,2.3185123000386070e-06,5.9172720807917933e-06,1.0972390969526191e-05,1.5576869827096602e-05,1.7273710947201025e-05,1.2788991090522963e-05
216,6.3561474269272099e-05,6.8583745684335777e-07,2.2517729750159849e-06,5.7399580611488062e-06,1.0639208523844470e-05,1.5101500601120856e-05,1.6745515921395113e-05,1.2397680729903510e-05
217,6.1631382124245407e-05,6.6788023871650865e-07,2.1869471307616569e-06,5.5679550747259057e-06,1.0316143128039354e-05,1.4640639195346211e-05,1.6233473061240220e-05,1.2018344295415549e-05
218,5.9759898261157630e-05,6.5037979089300006e-07,2.1239801575382588e-06,5.4011041217481925e-06,1.0002887597067382e-05,1.4193842830858112e-05,1.5737088402088484e-05,1.1650615360964206e-05
219,5.7945243044430754e-05,6.3332497408885069e-07,2.0628189956601651e-06,5.2392509592402927e-06,9.6991440714223420e-06,1.3760682242206150e-05,1.5255883086771823e-05,1.1294138715041124e-05
220,5.6185690873856799e-05,6.1670490303080951e-07,2.0034120917975574e-06,5.0822459588863678e-06,9.4046237341635922e-06,1.3340741265032413e-05,1.4789392903512492e-05,1.0948570017433566e-05
221,5.4479568544180374e-05,6.0050894134087935e-07,1.9457093565003753e-06,4.9299439691264194e-06,9.1190465365193774e-06,1.2933616436277623e-05,1.4337167837969366e-05,1.0613575466446332e-05
222,5.2825253654458328e-05,5.8472669649613298e-07,1.8896621229086795e-06,4.7822041813634800e-06,8.8421409318062228e-06,1.2538916606582028e-05,1.3898771638987405e-05,1.0288831476314372e-05
223,5.1221173065688092e-05,5.6934801486399817e-07,1.8352231066168022e-06,4.6388900001599350e-06,8.5736436174133026e-06,1.2156262564509524e-05,1.3473781397630941e-05,9.9740243644935953e-06
224,4.9665801405242006e-05,5.5436297681310683e-07,1.7823463666595586e-06,4.4998689173047257e-06,8.3132992846081367e-06,1.1785286672234868e-05,1.3061787139094454e-05,9.6688500485271594e-06
225,4.8157659616688425e-05,5.3976189189972733e-07,1.7309872675896180e-06,4.3650123896366474e-06,8.0608603759272894e-06,1.1425632512344675e-05,1.2662391427096721e-05,9.3730137521937450e-06
226,4.6695313553624084e-05,5.2553529412972692e-07,1.6811024426159573e-06,4.2341957205123319e-06,7.8160868499227929e-06,1.1076954545413534e-05,1.2275208980376405e-05,9.0862297206533332e-06
227,4.5277372616183419e-05,5.1167393729594401e-07,1.6326497577741371e-06,4.1072979448107213e-06,7.5787459530419215e-06,1.0738917778026933e-05,1.1899866300918900e-05,8.8082209443148586e-06
228,4.3902488428930528e-05,4.9816879039078884e-07,1.5855882770999072e-06,3.9842017173690227e-06,7.3486119984245650e-06,1.0411197440932506e-05,1.1536001313555394e-05,8.5387188911583470e-06
229,4.2569353558879322e-05,4.8501103309382882e-07,1.5398782287784208e-06,3.8647932047482225e-06,7.1254661514089894e-06,1.0093478677010942e-05,1.1183263016586313e-05,8.2774632472526040e-06
230,4.1276700272424685e-05,4.7219205133406283e-07,1.4954809722420881e-06,3.7489619802292128e-06,6.9090962215429907e-06,9.7854562387672149e-06,1.0841311143091808e-05,8.0242016652173145e-06
231,4.0023299330004759e-05,4.5970343292653406e-07,1.4523589661908127e-06,3.6366009219434951e-06,6.6992964609035926e-06,9.4868341950518605e-06,1.0509815832602308e-05,7.7786895203861622e-06
232,3.8807958817349833e-05,4.4753696328288422e-07,1.4104757375090758e-06,3.5276061140452526e-06,6.4958673685343399e-06,9.1973256467309522e-06,1.0188457312812254e-05,7.5406896744350794e-06
233,3.7629523012208143e-05,4.3568462119540804e-07,1.3697958510550178e-06,3.4218767508343172e-06,6.2986155008149982e-06,8.9166524510318468e-06,9.8769255910296652e-06,7.3099722462468879e-06
234,3.6486871285472450e-05,4.2413857469412174e-07,1.3302848802973371e-06,3.3193150437422331e-06,6.1073532875840036e-06,8.6445449543002531e-06,9.5749201550637468e-06,7.0863143897907567e-06
235,3.5378917035663869e-05,4.1289117697632339e-07,1.2919093787764897e-06,3.2198261310961989e-06,5.9218988538394935e-06,8.3807417329120388e-06,9.2821496832617979e-06,6.8695000788015275e-06
236,3.4304606655760798e-05,4.0193496240808512e-07,1.2546368523673049e-06,3.1233179905781856e-06,5.7420758468499132e-06,8.1249893420911245e-06,8.9983317634154892e-06,6.6593198980506931e-06
237,3.3262918531391837e-05,3.9126264259708504e-07,1.2184357323207585e-06,3.0297013542989760e-06,5.5677132685103656e-06,7.8770420723923595e-06,8.7231926202651913e-06,6.4555708410071041e-06
238,3.2252862069441015e-05,3.8086710253615377e-07,1.1832753490632492e-06,2.9388896264092366e-06,5.3986453127857216e-06,7.6366617136155689e-06,8.4564668513393387e-06,6.2580561136917428e-06
239,3.1273476756142442e-05,3.7074139681688453e-07,1.1491259067323160e-06,2.8507988031720289e-06,5.2347112080864203e-06,7.4036173259241424e-06,8.1978971708738199e-06,6.0665849445368309e-06
240,3.0323831243769822e-05,3.6087874591262695e-07,1.1159584584283091e-06,2.7653473954234272e-06,5.0757550644274274e-06,7.1776850179483729e-06,7.9472341615642201e-06,5.8809724000654392e-06
241,2.9403022465052858e-05,3.5127253253016514e-07,1.0837448821620847e-06,2.6824563533500505e-06,4.9216257252254087e-06,6.9586477316605394e-06,7.7042360339113029e-06,5.7010392062133052e-06
242,2.8510174774479336e-05,3.4191629802935091e-07,1.0524578574793446e-06,2.6020489935144471e-06,4.7721766235935111e-06,6.7462950338150975e-06,7.4686683929274501e-06,5.5266115751201371e-06
243,2.7644439115666959e-05,3.3280373890995333e-07,1.0220708427427658e-06,2.5240509280613120e-06,4.6272656429974357e-06,6.5404229137537514e-06,7.2403040119788823e-06,5.3575210372228585e-06
244,2.6804992214013624e-05,3.2392870336495889e-07,9.9255805305358544e-07,2.4483899960394957e-06,4.4867549821405384e-06,6.3408335873812016e-06,7.0189226135453448e-06,5.1936042784885019e-06
245,2.5991035793859202e-05,3.1528518789954547e-07,9.6389443879481394e-07,2.3749961967767011e-06,4.3505110239497780e-06,6.1473353071233253e-06,6.8043106566856968e-06,5.0347029826293390e-06
246,2.5201795819414648e-05,3.0686733401493712e-07,9.3605566477872718e-07,2.3038016252456376e-06,4.2184042085381236e-06,5.9597421776852656e-06,6.5962611310042330e-06,4.8806636781477211e-06
247,2.4436521758737287e-05,2.9866942495633386e-07,9.0901808998178167e-07,2.2347404093622196e-06,4.0903089100228605e-06,5.7778739774324697e-06,6.3945733569188919e-06,4.7313375900627288e-06
248,2.3694485870052627e-05,2.9068588252409984e-07,8.8275874785054327e-07,2.1677486491581472e-06,3.9661033170828467e-06,5.6015559852231108e-06,6.1990527920385734e-06,4.5865804961753051e-06
249,2.2974982509744509e-05,2.8291126394738228e-07,8.5725532716268589e-07,2.1027643577719522e-06,3.8456693171413061e-06,5.4306188125255731e-06,6.0095108434627073e-06,4.4462525877329039e-06
250,2.2277327461355873e-05,2.7534025881932635e-07,8.3248615342754987e-07,2.0397274042042099e-06,3.7288923840642101e-06,5.2648982406597266e-06,5.8257646858218827e-06,4.3102183343589705e-06
251,2.1600857284962342e-05,2.6796768609304298e-07,8.0843017081117352e-07,1.9785794577842783e-06,3.6156614692675894e-06,5.1042350630056463e-06,5.6476370848839519e-06,4.1783463531166612e-06
252,2.0944928686300277e-05,2.6078849113748030e-07,7.8506692457113990e-07,1.9192639342974583e-06,3.5058688961303740e-06,4.9484749320282082e-06,5.4749562265553524e-06,4.0505092815802622e-06
253,2.0308917905049572e-05,2.5379774285234593e-07,7.6237654398696981e-07,1.8617259437229969e-06,3.3994102576124758e-06,4.7974682109705938e-06,5.3075555511126097e-06,3.9265836547915820e-06
254,1.9692220121689807e-05,2.4699063084122238e-07,7.4033972577220016e-07,1.8059122395348479e-06,3.2961843169808660e-06,4.6510698300742393e-06,5.1452735925040333e-06,3.8064497859824000e-06
255,1.9094248882365858e-05,2.4036246264201429e-07,7.1893771795466239e-07,1.7517711695185062e-06,3.1960929115493635e-06,4.5091391471870956e-06,4.9879538225665430e-06,3.6899916509476764e-06
256,1.8514435541216315e-05,2.3390866101386712e-07,6.9815230421185028e-07,1.6992526280586491e-06,3.0990408593406686e-06,4.3715398126262889e-06,4.8354445000072349e-06,3.5770967759577565e-06
257,1.7952228719634517e-05,2.2762476127969338e-07,6.7796578864863019e-07,1.6483080098536516e-06,3.0049358685820013e-06,4.2381396381653342e-06,4.6875985240039666e-06,3.4676561291012376e-06
258,1.7407093781948229e-05,2.2150640872344295e-07,6.5836098100490118e-07,1.5988901650143518e-06,2.9136884499483284e-06,4.1088104700200556e-06,4.5442732922836840e-06,3.3615640149534650e-06
259,1.6878512327019479e-05,2.1554935604125674e-07,6.3932118228115198e-07,1.5509533555057193e-06,2.8252118314698279e-06,3.9834280657111590e-06,4.4053305635414904e-06,3.2587179724688732e-06
260,1.6365981695281181e-05,2.0974946084564168e-07,6.2083017077019945e-07,1.5044532128913030e-06,2.7394218760227184e-06,3.8618719746851586e-06,4.2706363240677036e-06,3.1590186759984581e-06
261,1.5869014490742038e-05,2.0410268322180934e-07,6.0287218848371711e-07,1.4593466973415417e-06,2.6562370013250687e-06,3.7440254225789599e-06,4.1400606584541975e-06,3.0623698393367452e-06
262,1.5387138117505124e-05,1.9860508333532235e-07,5.8543192796247890e-07,1.4155920578681661e-06,2.5755781023615530e-06,3.6297751990168885e-06,4.0134776242552262e-06,2.9686781227054909e-06
263,1.4919894330359641e-05,1.9325281909019712e-07,5.6849451945954911e-07,1.3731487937480642e-06,2.4973684761634409e-06,3.5190115488323654e-06,3.8907651304817852e-06,2.8778530425842398e-06
264,1.4466838799018499e-05,1.8804214383661426e-07,5.5204551848595055e-07,1.3319776171010565e-06,2.4215337488723326e-06,3.4116280666097037e-06,3.7718048198122523e-06,2.7898068843005886e-06
265,1.4027540685587472e-05,1.8296940412739411e-07,5.3607089370863562e-07,1.2920404165871047e-06,2.3480018050183263e-06,3.3075215944447040e-06,3.6564819544056322e-06,2.7044546172956760e-06
266,1.3601582234864184e-05,1.7803103752239933e-07,5.2055701519086127e-07,1.2533002221894943e-06,2.2767027189454032e-06,3.2065921228257986e-06,3.5446853052072076e-06,2.6217138129830198e-06
267,1.3188558377077389e-05,1.7322357044003181e-07,5.0549064296535202e-07,1.2157211710515338e-06,2.2075686883188568e-06,3.1087426945405185e-06,3.4363070446397819e-06,2.5415045651213130e-06
268,1.2788076342688856e-05,1.6854361605499778e-07,4.9085891593089913e-07,1.1792684743352796e-06,2.1405339696515652e-06,3.0138793115149283e-06,3.3312426425769496e-06,2.4637494126242373e-06
269,1.2399755288891621e-05,1.6398787224152164e-07,4.7664934106330366e-07,1.1439083850717439e-06,2.0755348157878224e-06,2.9219108444965408e-06,3.2293907654980052e-06,2.3883732647326829e-06
270,1.2023225937449432e-05,1.5955311956119478e-07,4.6284978293182491e-07,1.1096081669729388e-06,2.0125094152853173e-06,2.8327489454938905e-06,3.1306531787271872e-06,2.3153033284770793e-06
271,1.1658130223533121e-05,1.5523621929465449e-07,4.4944845351254545e-07,1.0763360641770108e-06,1.9513978336376241e-06,2.7463079628886559e-06,3.0349346516628935e-06,2.2444690383597370e-06
272,1.1304120955219933e-05,1.5103411151629406e-07,4.3643390229029705e-07,1.0440612718985661e-06,1.8921419562813460e-06,2.6625048591387519e-06,2.9421428659054368e-06,2.1758019881892386e-06
273,1.0960861483332106e-05,1.4694381321121392e-07,4.2379500664103015e-07,1.0127539079571293e-06,1.8346854333337310e-06,2.5812591309933070e-06,2.8521883261946691e-06,2.1092358650010262e-06
274,1.0628025381300777e-05,1.4296241643363185e-07,4.1152096248673448e-07,9.8238498515747588e-07,1.7789736260082186e-06,2.5024927321428628e-06,2.7649842740715397e-06,2.0447063850003133e-06
275,1.0305296134750731e-05,1.3908708650597754e-07,3.9960127521523628e-07,9.5292638449637243e-07,1.7249535546569959e-06,2.4261299982304642e-06,2.6804466041802523e-06,1.9821512314654328e-06
276,9.9923668405109881e-06,1.3531506025790660e-07,3.8802575085741562e-07,9.2435082917101651e-07,1.6725738483911523e-06,2.3520975741515937e-06,2.5984937831302866e-06,1.9215099945516177e-06
277,9.6889399147648710e-06,1.3164364430447718e-07,3.7678448751459294e-07,8.9663185936519865e-07,1.6217846962305487e-06,2.2803243435730630e-06,2.5190467708399526e-06,1.8627241129370378e-06
278,9.3947268100621490e-06,1.2807021336274132e-07,3.6586786702903716e-07,8.6974380778993498e-07,1.5725377997369576e-06,2.2107413606031679e-06,2.4420289442855984e-06,1.8057368172547123e-06
279,9.1094477409241489e-06,1.2459220860601268e-07,3.5526654689074477e-07,8.4366177595601200e-07,1.5247863270854396e-06,2.1432817835474149e-06,2.3673660235828833e-06,1.7504930752556422e-06
280,8.8328314177808876e-06,1.2120713605508094e-07,3.4497145237383129e-07,8.1836161115654963e-07,1.4784848685302978e-06,2.0778808106861777e-06,2.2949860003287886e-06,1.6969395386501618e-06
281,8.5646147889872779e-06,1.1791256500565280e-07,3.3497376889606064e-07,7.9381988413835431e-07,1.4335893932232608e-06,2.0144756180125710e-06,2.2248190681352191e-06,1.6450244915761585e-06
282,8.3045427906730654e-06,1.1470612649130937e-07,3.2526493459522259e-07,7.7001386744146325e-07,1.3900572073428503e-06,1.9530052988707030e-06,2.1567975552871611e-06,1.5946978006443566e-06
283,8.0523681041886559e-06,1.1158551178127838e-07,3.1583663311624047e-07,7.4692151438689342e-07,1.3478469134951162e-06,1.8934108054363031e-06,2.0908558594604211e-06,1.5459108665124040e-06
284,7.8078509209161484e-06,1.0854847091233034e-07,3.0668078660306563e-07,7.2452143869321161e-07,1.3069183713471416e-06,1.8356348919834947e-06,2.0269303844359354e-06,1.4986165769409692e-06
285,7.5707587142219874e-06,1.0559281125411678e-07,2.9778954888957965e-07,7.0279289470311731e-07,1.2672326594558908e-06,1.7796220598831923e-06,1.9649594787496081e-06,1.4527692612864825e-06
286,7.3408660183343549e-06,1.0271639610727853e-07,2.8915529888388838e-07,6.8171575820179296e-07,1.2287520382561035e-06,1.7253185042802703e-06,1.9048833762184572e-06,1.4083246463865646e-06
287,7.1179542139350288e-06,9.9917143333662249e-08,2.8077063414054798e-07,6.6127050780932344e-07,1.1914399141720498e-06,1.6726720623982556e-06,1.8466441382856856e-06,1.3652398137955043e-06
288,6.9018113202618434e-06,9.7193024017992737e-08,2.7262836461541731e-07,6.4143820693001137e-07,1.1552608048190157e-06,1.6216321634218787e-06,1.7901855981290519e-06,1.3234731583284753e-06
289,6.6922317935240564e-06,9.4542061160358805e-08,2.6472150659797838e-07,6.2220048624193338e-07,1.1201803052614396e-06,1.5721497799093159e-06,1.7354533064785979e-06,1.2829843478744327e-06
290,6.4890163314389283e-06,9.1962328398879937e-08,2.5704327681611365e-07,6.0353952671057365e-07,1.0861650552956120e-06,1.5241773806874272e-06,1.6823944790914613e-06,1.2437342844388602e-06
291,6.2919716837036404e-06,8.9451948761931305e-08,2.4958708670846520e-07,5.8543804311086325e-07,1.0531827077258327e-06,1.4776688851847349e-06,1.6309579458330829e-06,1.2056850663787307e-06
292,6.1009104682223451e-06,8.7009093449314095e-08,2.4234653685964265e-07,5.6787926804241080e-07,1.0212018976038575e-06,1.4325796191582517e-06,1.5810941013156810e-06,1.1687999517931873e-06
293,5.9156509929135658e-06,8.4631980641768297e-08,2.3531541159367528e-07,5.5084693642317617e-07,9.9019221240239209e-07,1.3888662717716137e-06,1.5327548570463621e-06,1.1330433230345786e-06
294,5.7360170829285342e-06,8.2318874338234805e-08,2.2848767372123570e-07,5.3432527044727161e-07,9.6012416309426525e-07,1.3464868539832763e-06,1.4858935950386954e-06,1.0983806523055555e-06
295,5.5618379131161253e-06,8.0068083220282825e-08,2.2185745943628629e-07,5.1829896499300545e-07,9.3096915610978647e-07,1.3054006582047832e-06,1.4404651228429876e-06,1.0647784683089934e-06
296,5.3929478455751060e-06,7.7877959543129994e-08,2.1541907335792333e-07,5.0275317346770094e-07,9.0269946614562193e-07,1.2655682191903400e-06,1.3964256299518753e-06,1.0322043239185144e-06
297,5.2291862721392065e-06,7.5746898052689801e-08,2.0916698371331043e-07,4.8767349407622100e-07,8.7528820979933304e-07,1.2269512761201153e-06,1.3537326455391589e-06,1.0006267648383776e-06
298,5.0703974616452280e-06,7.3673334928093042e-08,2.0309581765771026e-07,4.7304595650052279e-07,8.4870932000450744e-07,1.1895127358408265e-06,1.3123449974911122e-06,9.7001529922245620e-07
299,4.9164304118389628e-06,7.1655746749137771e-08,1.9720035672773472e-07,4.5885700897794636e-07,8.2293752124217386e-07,1.1532166372282901e-06,1.2722227726907317e-06,9.4034036822294820e-07
300,4.7671387057780698e-06,6.9692649488132433e-08,1.9147553242404220e-07,4.4509350576630640e-07,7.9794830550492938e-07,1.1180281166376911e-06,1.2333272785166005e-06,9.1157331744036869e-07
301,4.6223803725953959e-06,6.7782597525606615e-08,1.8591642191981830e-07,4.3174269498421343e-07,7.7371790899092198e-07,1.0839133744083674e-06,1.1956210055192302e-06,8.8368636924723802e-07
302,4.4820177524902919e-06,6.5924182689372323e-08,1.8051824389147760e-07,4.1879220681539999e-07,7.5022328950553141e-07,1.0508396423909283e-06,1.1590675912388554e-06,8.5665259595872682e-07
303,4.3459173658195768e-06,6.4116033316428683e-08,1.7527635446812523e-07,4.0623004206615825e-07,7.2744210454925276e-07,1.0187751524654939e-06,1.1236317851297772e-06,8.3044589382434036e-07
304,4.2139497861636378e-06,6.2356813337211867e-08,1.7018624329641452e-07,3.9404456106532416e-07,7.0535269007095369e-07,9.8768910602081346e-07,1.0892794145574103e-06,8.0504095781551024e-07
305,4.0859895172469731e-06,6.0645221381701308e-08,1.6524352971753107e-07,3.8222447289655956e-07,6.8393403986629495e-07,9.5755164436492453e-07,1.0559773518352236e-06,7.8041325718473852e-07
306,3.9619148735961276e-06,5.8979989906901728e-08,1.6044395905312558e-07,3.7075882495298755e-07,6.6316578560173108e-07,9.2833382003892682e-07,1.0236934822697748e-06,7.5653901177267990e-07
307,3.8416078648215376e-06,5.7359884345230421e-08,1.5578339899710829e-07,3.5963699280453683e-07,6.4302817744508750e-07,9.0000756900629927e-07,9.9239667318300075e-07,7.3339516904027418e-07
308,3.7249540834132474e-06,5.5783702273346951e-08,1.5125783611030341e-07,3.4884867036863678e-07,6.2350206528430366e-07,8.7254568369104106e-07,9.6205674388187964e-07,7.1095938180373568e-07
309,3.6118425959437903e-06,5.4250272600971928e-08,1.4686337241504732e-07,3.3838386037518622e-07,6.0456888051647684e-07,8.4592178683872553e-07,9.3264443654648905e-07,6.8920998665089327e-07
310,3.5021658375747713e-06,5.2758454779249825e-08,1.4259622208689666e-07,3.2823286511699001e-07,5.8621061838989220e-07,8.2011030617534747e-07,9.0413138800836857e-07,6.6812598301802637e-07
311,3.3958195097668436e-06,5.1307138028219255e-08,1.3845270824069093e-07,3.1838627747712019e-07,5.6840982088224631e-07,7.9508644983961865e-07,8.7649010239196321e-07,6.4768701290698516e-07
312,3.2927024810958010e-06,4.9895240582962764e-08,1.3442925980829427e-07,3.0883497222491634e-07,5.5114956009878448e-07,7.7082618256509856e-07,8.4969392459274664e-07,6.2787334122299828e-07
313,3.1927166910804580e-06,4.8521708958016321e-08,1.3052240850541363e-07,2.9957009757258343e-07,5.3441342217456344e-07,7.4730620258927359e-07,8.2371701456643522e-07,6.0866583671417291e-07
314,3.0957670569308812e-06,4.7185517229626944e-08,1.2672878588496653e-07,2.9058306698459025e-07,5.1818549166552942e-07,7.2450391926740103e-07,7.9853432240449174e-07,5.9004595349427517e-07
315,3.0017613831282768e-06,4.5885666335454955e-08,1.2304512047454117e-07,2.8186555123230268e-07,5.0245033641357559e-07,7.0239743136960128e-07,7.7412156417186299e-07,5.7199571313093795e-07
316,2.9106102737505597e-06,4.4621183391325359e-08,1.1946823499556168e-07,2.7340947068651199e-07,4.8719299287117631e-07,6.8096550604034497e-07,7.5045519848364592e-07,5.5449768728199349e-07
317,2.8222270474602263e-06,4.3391121024640926e-08,1.1599504366183855e-07,2.6520698784073818e-07,4.7239895187165294e-07,6.6018755840012038e-07,7.2751240379808018e-07,5.3753498086315535e-07
318,2.7365276550736860e-06,4.2194556724076684e-08,1.1262254955524968e-07,2.5725050005840326e-07,4.5805414483153214e-07,6.4004363176967533e-07,7.0527105640395857e-07,5.2109121573079025e-07
319,2.6534305996336683e-06,4.1030592205184005e-08,1.0934784207636136e-07,2.4953263253717284e-07,4.4414493037188049e-07,6.2051437849783450e-07,6.8370970908121995e-07,5.0515051486401480e-07
320,2.5728568589086944e-06,3.9898352791539349e-08,1.0616809446785982e-07,2.4204623148396653e-07,4.3065808134589146e-07,6.0158104137446737e-07,6.6280757041413311e-07,4.8969748703083659e-07
321,2.4947298102459173e-06,3.8796986811080530e-08,1.0308056140872482e-07,2.3478435749433263e-07,4.1758077226038746e-07,5.8322543561074826e-07,6.4254448473711686e-07,4.7471721192352712e-07
322,2.4189751577058665e-06,3.7725665007280426e-08,1.0008257667713450e-07,2.2774027913006986e-07,4.0490056707927871e-07,5.6542993136939241e-07,6.2290091269384452e-07,4.6019522574886616e-07
323,2.3455208614098000e-06,3.6683579964815401e-08,9.7171550880148230e-08,2.2090746668916261e-07,3.9260540739737755e-07,5.4817743682808185e-07,6.0385791239087845e-07,4.4611750725933606e-07
324,2.2742970690324920e-06,3.5669945549392862e-08,9.4344969248268568e-08,2.1427958616227369e-07,3.8068360097332453e-07,5.3145138175980681e-07,5.8539712112765154e-07,4.3247046421177401e-07
325,2.2052360493752901e-06,3.4683996361408981e-08,9.1600389493037849e-08,2.0785049337021040e-07,3.6912381061071951e-07,5.1523570161434439e-07,5.6750073768517013e-07,4.1924092024039874e-07
326,2.1382721279562855e-06,3.3724987203115111e-08,8.8935439725876623e-08,2.0161422827694716e-07,3.5791504337688671e-07,4.9951482208558106e-07,5.5015150515634724e-07,4.0641610213153130e-07
327,2.0733416245563409e-06,3.2792192558977300e-08,8.6347816436422074e-08,1.9556500947295021e-07,3.4704664014901921e-07,4.8427364414984708e-07,5.3333269430140678e-07,3.9398362748771798e-07
328,2.0103827926615841e-06,3.1884906088920884e-08,8.3835282528673562e-08,1.8969722882370610e-07,3.3650826547776300e-07,4.6949752956088843e-07,5.1702808741229542e-07,3.8193149276933662e-07
329,1.9493357607447823e-06,3.1002440134157932e-08,8.1395665413300712e-08,1.8400544627850911e-07,3.2628989775860116e-07,4.5517228678753836e-07,5.0122196267053882e-07,3.7024806170213650e-07
330,1.8901424753297560e-06,3.0144125235302099e-08,7.9026855154515433e-08,1.7848438483471099e-07,3.1638181970169163e-07,4.4128415738057607e-07,4.8589907898344784e-07,3.5892205403951200e-07
331,1.8327466457846877e-06,2.9309309662481578e-08,7.6726802669955249e-08,1.7312892565277887e-07,3.0677460909109551e-07,4.2781980275567266e-07,4.7104466128404957e-07,3.4794253466865433e-07
332,1.7770936907918325e-06,2.8497358957167287e-08,7.4493517982068369e-08,1.6793410331764633e-07,2.9745912982460858e-07,4.1476629137972640e-07,4.5664438628055697e-07,3.3729890305005872e-07
333,1.7231306864427183e-06,2.7707655485439077e-08,7.2325068519534596e-08,1.6289510124198032e-07,2.8842652322567603e-07,4.0211108634827185e-07,4.4268436864163149e-07,3.2698088298018489e-07
334,1.6708063159094784e-06,2.6939598002419244e-08,7.0219577467296619e-08,1.5800724720711320e-07,2.7966819961912682e-07,3.8984203334203033e-07,4.2915114760411034e-07,3.1697851266738184e-07
335,1.6200708206444593e-06,2.6192601227608063e-08,6.8175222163817864e-08,1.5326600903752070e-07,2.7117583016271872e-07,3.7794734895102602e-07,4.1603167399027795e-07,3.0728213511148997e-07
336,1.5708759530616917e-06,2.5466095430862077e-08,6.6190232544221005e-08,1.4866699040484650e-07,2.6294133892672406e-07,3.6641560935505173e-07,4.0331329762215790e-07,2.9788238877782845e-07
337,1.5231749306552299e-06,2.4759526028761489e-08,6.4262889628000304e-08,1.4420592675759668e-07,2.5495689521402586e-07,3.5523573934960692e-07,3.9098375512068085e-07,2.8877019855655807e-07
338,1.4769223915107276e-06,2.4072353191118494e-08,6.2391524050037533e-08,1.3987868137274025e-07,2.4721490611342016e-07,3.4439700170676309e-07,3.7903115807796170e-07,2.7993676699868633e-07
339,1.4320743511679381e-06,2.3404051457383933e-08,6.0574514633687194e-08,1.3568124152556760e-07,2.3970800927904341e-07,3.3388898686073414e-07,3.6744398159127172e-07,2.7137356582025023e-07
340,1.3885881607931299e-06,2.2754109362714922e-08,5.8810287004732192e-08,1.3160971477426540e-07,2.3242906592905900e-07,3.2370160290824294e-07,3.5621105314764684e-07,2.6307232766646867e-07
341,1.3464224666216247e-06,2.2122029073471446e-08,5.7097312245044347e-08,1.2766032535577441e-07,2.2537115405694345e-07,3.1382506591407342e-07,3.4532154184840737e-07,2.5502503812791000e-07
342,1.3055371706319001e-06,2.1507326031915027e-08,5.5434105584818045e-08,1.2382941068959765e-07,2.1852756184891826e-07,3.0424989051249476e-07,3.3476494796319485e-07,2.4722392800096161e-07
343,1.2658933924138607e-06,2.0909528609887560e-08,5.3819225132276684e-08,1.2011341798632780e-07,2.1189178130126675e-07,2.9496688079552801e-07,3.2453109280344717e-07,2.3966146578512684e-07
344,1.2274534321950054e-06,2.0328177771253497e-08,5.2251270639783291e-08,1.1650890095775779e-07,2.0545750203146593e-07,2.8596712147929910e-07,3.1461010890554578e-07,2.3233035040990014e-07
345,1.1901807349893413e-06,1.9762826742893407e-08,5.0728882305316651e-08,1.1301251662553407e-07,1.9921860527724932e-07,2.7724196933999046e-07,3.0499243051416044e-07,2.2522350418419704e-07
346,1.1540398558349455e-06,1.9213040694041500e-08,4.9250739608304098e-08,1.0962102222540111e-07,1.9316915807789232e-07,2.6878304491116491e-07,2.9566878435661499e-07,2.1833406596152660e-07
347,1.1189964260871179e-06,1.8678396423764758e-08,4.7815560178830388e-08,1.0633127220417595e-07,1.8730340763218845e-07,2.6058222443448125e-07,2.8663018069937142e-07,2.1165538451430571e-07
348,1.0850171207350722e-06,1.8158482056385479e-08,4.6422098699270328e-08,1.0314021530667584e-07,1.8161577582774996e-07,2.5263163205607072e-07,2.7786790467800557e-07,2.0518101211091437e-07
349,1.0520696267110829e-06,1.7652896744653934e-08,4.5069145837419310e-08,1.0004489174990566e-07,1.7610085393643102e-07,2.4492363226107434e-07,2.6937350789231035e-07,1.9890469828928826e-07
350,1.0201226121619532e-06,1.7161250380481870e-08,4.3755527210222887e-08,9.7042430481892702e-08,1.7075339747082877e-07,2.3745082253907370e-07,2.6113880025841928e-07,1.9282038382103397e-07
351,9.8914569665358072e-07,1.6683163313052194e-08,4.2480102377231450e-08,9.4130046522633719e-08,1.6556832119697118e-07,2.3020602627336689e-07,2.5315584211008816e-07,1.8692219486023724e-07
352,9.5910942228028822e-07,1.6218266074124276e-08,4.1241763862931193e-08,9.1305038384696095e-08,1.6054069429844863e-07,2.2318228584725868e-07,2.4541693654151773e-07,1.8120443727131162e-07
353,9.2998522565144295e-07,1.5766199110358405e-08,4.0039436207126620e-08,8.8564785571087719e-08,1.5566573568739106e-07,2.1637285596074059e-07,2.3791462198432886e-07,1.7566159113040954e-07
354,9.0174541072872771e-07,1.5326612522487119e-08,3.8872075042573318e-08,8.5906746148081802e-08,1.5093880945783096e-07,2.0977119715114028e-07,2.3064166501153033e-07,1.7028830539508382e-07
355,8.7436312248823254e-07,1.4899165811165001e-08,3.7738666199082340e-08,8.3328454390752653e-08,1.4635542047712922e-07,2.0337096951151435e-07,2.2359105336153686e-07,1.6507939273705208e-07
356,8.4781232138231750e-07,1.4483527629332472e-08,3.6638224833339864e-08,8.0827518499044138e-08,1.4191121011127067e-07,1.9716602660074983e-07,2.1675598917550898e-07,1.6002982453307148e-07
357,8.2206775857696483e-07,1.4079375540932884e-08,3.5569794583707279e-08,7.8401618382260047e-08,1.3760195207996505e-07,1.9115040953952300e-07,2.1012988244148952e-07,1.5513472600908705e-07
358,7.9710495194107036e-07,1.3686395785826043e-08,3.4532446749287427e-08,7.6048503509926214e-08,1.3342354843761123e-07,1.8531834128644260e-07,2.0370634463901456e-07,1.5038937153296224e-07
359,7.7290016276483962e-07,1.3304283050744800e-08,3.3525279492563725e-08,7.3765990827037679e-08,1.2937202567630275e-07,1.7966422108887945e-07,1.9747918257806594e-07,1.4578918005124536e-07
360,7.4943037318515212e-07,1.2932740246145064e-08,3.2547417064937752e-08,7.1551962731762297e-08,1.2544353094716927e-07,1.7418261910314928e-07,1.9144239242642415e-07,1.4132971066556433e-07
361,7.2667326429642190e-07,1.2571478288803034e-08,3.1598009054510788e-08,6.9404365113730854e-08,1.2163432839645987e-07,1.6886827117888116e-07,1.8559015391965883e-07,1.3700665834437743e-07
362,7.0460719492614259e-07,1.2220215890016847e-08,3.0676229655473058e-08,6.7321205451098911e-08,1.1794079561288470e-07,1.6371607380256028e-07,1.7991682474817198e-07,1.3281584976593687e-07
363,6.8321118105493060e-07,1.1878679349273263e-08,2.9781276958482627e-08,6.5300550964620555e-08,1.1435942018283577e-07,1.5872107919538687e-07,1.7441693511587966e-07,1.2875323928845176e-07
364,6.6246487586149590e-07,1.1546602353243232e-08,2.8912372261433447e-08,6.3340526827026822e-08,1.1088679635021167e-07,1.5387849056074121e-07,1.6908518246528307e-07,1.2481490504355644e-07
365,6.4234855037356706e-07,1.1223725779973438e-08,2.8068759400029250e-08,6.1439314426051907e-08,1.0751962177766963e-07,1.4918365747668965e-07,1.6391642636384079e-07,1.2099704514931239e-07
366,6.2284307470636499e-07,1.0909797508144053e-08,2.7249704097596484e-08,5.9595149679501447e-08,1.0425469440622472e-07,1.4463207142910383e-07,1.5890568354670939e-07,1.1729597403908498e-07
367,6.0392989987078808e-07,1.0604572231265987e-08,2.6454493333585657e-08,5.7806321400803273e-08,1.0108890941021027e-07,1.4021936148110246e-07,1.5404812311107069e-07,1.1370811890274973e-07
368,5.8559104013400829e-07,1.0307811276693949e-08,2.5682434730226241e-08,5.6071169713529421e-08,9.8019256244703439e-08,1.3594129007465429e-07,1.4933906185741010e-07,1.1023001623679089e-07
369,5.6780905591570182e-07,1.0019282429334621e-08,2.4932855956815308e-08,5.4388084513422520e-08,9.5042815782608233e-08,1.3179374896030956e-07,1.4477395977325173e-07,1.0685830849995978e-07
370,5.5056703720365058e-07,9.7387597599319964e-09,2.4205104151135120e-08,5.2755503976503558e-08,9.2156757538673569e-08,1.2777275525114866e-07,1.4034841565499451e-07,1.0358974087126321e-07
371,5.3384858747294544e-07,9.4660234578149280e-09,2.3498545357509133e-08,5.1171913111881298e-08,8.9358336977806258e-08,1.2387444759715751e-07,1.3605816286362579e-07,1.0042115810715053e-07
372,5.1763780809349418e-07,9.2008596679945300e-09,2.2812563981019898e-08,4.9635842357924119e-08,8.6644892905119712e-08,1.2009508247635386e-07,1.3189906521021828e-07,9.7349501494863711e-08
373,5.0191928321101060e-07,8.9430603325018871e-09,2.2146562257425875e-08,4.8145866220495749e-08,8.4013844935235709e-08,1.1643103059910134e-07,1.2786711296724188e-07,9.4371805899008186e-08
374,4.8667806508710578e-07,8.6924230358590292e-09,2.1499959738327509e-08,4.6700601951994852e-08,8.1462691038433257e-08,1.1287877342215694e-07,1.2395841900184244e-07,9.1485196898491705e-08
375,4.7189965988453874e-07,8.4487508545789005e-09,2.0872192791145619e-08,4.5298708269976466e-08,7.8989005161310687e-08,1.0943489976910288e-07,1.2016921502735835e-07,8.8686888011065846e-08
376,4.5757001388411275e-07,8.2118522105923358e-09,2.0262714113487561e-08,4.3938884114169589e-08,7.6590434919698447e-08,1.0609610255391595e-07,1.1649584796945863e-07,8.5974178002790203e-08
377,4.4367550012010466e-07,7.9815407285027207e-09,1.9670992261489012e-08,4.2619867440740910e-08,7.4264699361628544e-08,1.0285917560452642e-07,1.1293477644339739e-07,8.3344448279819656e-08
378,4.3020290542152402e-07,7.7576350965712737e-09,1.9096511191730561e-08,4.1340434052688994e-08,7.2009586798233435e-08,9.9721010583315559e-08,1.0948256733898749e-07,8.0795160359996693e-08
379,4.1713941784687348e-07,7.5399589313383531e-09,1.8538769816340140e-08,4.0099396465286780e-08,6.9822952700511455e-08,9.6678594001592301e-08,1.0613589250999822e-07,7.8323853421806225e-08
380,4.0447261450046479e-07,7.3283406457884014e-09,1.7997281570903174e-08,3.8895602805522402e-08,6.7702717659958931e-08,9.3729004325181593e-08,1.0289152556478471e-07,7.5928141928325623e-08
381,3.9219044971870286e-07,7.1226133209684357e-09,1.7471573994813127e-08,3.7727935744520118e-08,6.5646865411129350e-08,9.0869409168343516e-08,9.9746338755052773e-08,7.3605713323875536e-08
382,3.8028124361510286e-07,6.9226145809721764e-09,1.6961188323705843e-08,3.6595311461953255e-08,6.3653440914239336e-08,8.8097062573327205e-08,9.6697299959758456e-08,7.1354325801146584e-08
383,3.6873367097314924e-07,6.7281864712040618e-09,1.6465679093630910e-08,3.5496678641490993e-08,6.1720548495997866e-08,8.5409302372946401e-08,9.3741469761233366e-08,6.9171806136645635e-08
384,3.5753675047643128e-07,6.5391753398394621e-09,1.5984613756623459e-08,3.4431017496349278e-08,5.9846350046890875e-08,8.2803547633642441e-08,9.0875998610714863e-08,6.7056047592370943e-08
385,3.4667983426581647e-07,6.3554317223995100e-09,1.5517572307349309e-08,3.3397338824044056e-08,5.8029063273206950e-08,8.0277296176578880e-08,8.8098124080547935e-08,6.5005007881689847e-08
386,3.3615259781372809e-07,6.1768102293608962e-09,1.5064146920505722e-08,3.2394683089472125e-08,5.6266960002141680e-08,7.7828122174385535e-08,8.5405168200407853e-08,6.3016707197454283e-08
387,3.2594503010589998e-07,6.0031694367230004e-09,1.4623941598669070e-08,3.1422119535470866e-08,5.4558364538369047e-08,7.5453673821243851e-08,8.2794534874974352e-08,6.1089226300449824e-08
388,3.1604742412127093e-07,5.8343717794566086e-09,1.4196571830289654e-08,3.0478745320033796e-08,5.2901652070516884e-08,7.3151671074074861e-08,8.0263707380566959e-08,5.9220704666332149e-08
389,3.0645036760096485e-07,5.6702834477603165e-09,1.3781664257542337e-08,2.9563684679383347e-08,5.1295247126031269e-08,7.0919903462660058e-08,7.7810245938326365e-08,5.7409338689261113e-08
390,2.9714473409757946e-07,5.5107742860525856e-09,1.3378856353750094e-08,2.8676088116126245e-08,4.9737622072960100e-08,6.8756227966591184e-08,7.5431785361601500e-08,5.5653379940497759e-08
391,2.8812167429627105e-07,5.3557176946291596e-09,1.2987796110105569e-08,2.7815131611740036e-08,4.8227295667231454e-08,6.6658566957009418e-08,7.3126032775273070e-08,5.3951133480282329e-08
392,2.7937260759938166e-07,5.2049905339173048e-09,1.2608141731423718e-08,2.6980015862661922e-08,4.6762831644045051e-08,6.4624906201156946e-08,7.0890765404813633e-08,5.2300956221363066e-08
393,2.7088921396660696e-07,5.0584730312600478e-09,1.2239561340666081e-08,2.6169965539272695e-08,4.5342837352037357e-08,6.2653292927823531e-08,6.8723828432951956e-08,5.0701255342595291e-08
394,2.6266342600294448e-07,4.9160486901652160e-09,1.1881732691984824e-08,2.5384228567089952e-08,4.3965962428921483e-08,6.0741833951830000e-08,6.6623132921874346e-08,4.9150486751078629e-08
395,2.5468742128689760e-07,4.7776042019557306e-09,1.1534342892041724e-08,2.4622075429505097e-08,4.2630897517342350e-08,5.8888693855746657e-08,6.4586653798958633e-08,4.7647153591347392e-08
396,2.4695361493164127e-07,4.6430293597591679e-09,1.1197088129364436e-08,2.3882798491418802e-08,4.1336373019726196e-08,5.7092093227100087e-08,6.2612427904098449e-08,4.6189804800174147e-08
397,2.3945465237207376e-07,4.5122169747761594e-09,1.0869673411509043e-08,2.3165711343148685e-08,4.0081157890939920e-08,5.5350306949374864e-08,6.0698552096734203e-08,4.4777033705590898e-08
398,2.3218340237089605e-07,4.3850627947687032e-09,1.0551812309804579e-08,2.2470148164001910e-08,3.8864058467612640e-08,5.3661662545168331e-08,5.8843181420764888e-08,4.3407476668775008e-08
399,2.2513295023706788e-07,4.2614654247109326e-09,1.0243226711461629e-08,2.1795463104923506e-08,3.7683917333005721e-08,5.2024538569906950e-08,5.7044527325571179e-08,4.2079811767487964e-08
400,2.1829659125019112e-07,4.1413262495463331e-09,9.9436465788332880e-09,2.1141029689648836e-08,3.6539612216352157e-08,5.0437363054581079e-08,5.5300855941433542e-08,4.0792757519795855e-08
401,2.1166782428456750e-07,4.0245493589967753e-09,9.6528097156229166e-09,2.0506240233805851e-08,3.5430054925618365e-08,4.8898611996002232e-08,5.3610486407682434e-08,3.9545071646838934e-08
402,2.0524034562686781e-07,3.9110414743701522e-09,9.3704615398389262e-09,1.9890505281429248e-08,3.4354190312673668e-08,4.7406807893132620e-08,5.1971789251967850e-08,3.8335549873455358e-08
403,1.9900804298153233e-07,3.8007118773146896e-09,9.0963548633025869e-09,1.9293253058364882e-08,3.3310995269883326e-08,4.5960518328080711e-08,5.0383184819085209e-08,3.7163024765500918e-08
404,1.9296498965820277e-07,3.6934723404693304e-09,8.8302496775204277e-09,1.8713928942058329e-08,3.2299477757170785e-08,4.4558354590399773e-08,4.8843141747842164e-08,3.6026364602741953e-08
405,1.8710543893565830e-07,3.5892370599608872e-09,8.5719129457381390e-09,1.8151994947236654e-08,3.1318675858624159e-08,4.3198970343368170e-08,4.7350175494497348e-08,3.4924472286232941e-08
406,1.8142381859689506e-07,3.4879225896998557e-09,8.3211184009981905e-09,1.7606929227007193e-08,3.0367656867749633e-08,4.1881060330969596e-08,4.5902846901346938e-08,3.3856284279123641e-08
407,1.7591472563015295e-07,3.3894477774280326e-09,8.0776463500284354e-09,1.7078225588911374e-08,2.9445516400501906e-08,4.0603359124331746e-08,4.4499760809078517e-08,3.2820769579872941e-08
408,1.7057292109085056e-07,3.2937337024722488e-09,7.8412834827939301e-09,1.6565393025485467e-08,2.8551377535248305e-08,3.9364639906418940e-08,4.3139564711553886e-08,3.1816928726877786e-08
409,1.6539332511954165e-07,3.2007036151596835e-09,7.6118226875490048e-09,1.6067955258893563e-08,2.7684389978848592e-08,3.8163713293811259e-08,4.1820947451723492e-08,3.0843792833556032e-08
410,1.6037101211115583e-07,3.1102828778513700e-09,7.3890628712313029e-09,1.5585450299211078e-08,2.6843729258057513e-08,3.6999426194438540e-08,4.0542637957414689e-08,2.9900422652951354e-08
411,1.5550120603092972e-07,3.0223989075515687e-09,7.1728087850440213e-09,1.5117430015949809e-08,2.6028595935481098e-08,3.5870660700171849e-08,3.9303404015774441e-08,2.8985907670956925e-08
412,1.5077927587257347e-07,2.9369811200518067e-09,6.9628708550770214e-09,1.4663459722427622e-08,2.5238214849341148e-08,3.4776333013208695e-08,3.8102051085184898e-08,2.8099365227282266e-08
413,1.4620073125435444e-07,2.8539608755693705e-09,6.7590650178217208e-09,1.4223117772598000e-08,2.4471834376324925e-08,3.3715392405220695e-08,3.6937421143505467e-08,2.7239939663314265e-08
414,1.4176121814890960e-07,2.7732714258411284e-09,6.5612125604388993e-09,1.3795995169965990e-08,2.3728725716819077e-08,3.2686820208263772e-08,3.5808391571531048e-08,2.6406801496049674e-08
415,1.3745651474272557e-07,2.6948478626344880e-09,6.3691399656425145e-09,1.3381695188228349e-08,2.3008182201848016e-08,3.1689628836481731e-08,3.4713874070589306e-08,2.5599146617301164e-08
416,1.3328252742134970e-07,2.6186270676383254e-09,6.1826787610666170e-09,1.2979833003286609e-08,2.2309518621057783e-08,3.0722860837663305e-08,3.3652813613233279e-08,2.4816195517403794e-08
417,1.2923528687651328e-07,2.5445476636976233e-09,6.0016653729862364e-09,1.2590035336292171e-08,2.1632070571106201e-08,2.9785587973741681e-08,3.2624187426017171e-08,2.4057192532672183e-08
418,1.2531094433146550e-07,2.4725499673565282e-09,5.8259409842668003e-09,1.2211940107392840e-08,2.0975193823839778e-08,2.8876910329353348e-08,3.1627004003374504e-08,2.3321405115881695e-08
419,1.2150576788092859e-07,2.4025759426753886e-09,5.6553513964203010e-09,1.1845196099860138e-08,2.0338263713656464e-08,2.7995955447599788e-08,3.0660302151647354e-08,2.2608123129069172e-08
420,1.1781613894219331e-07,2.3345691562882695e-09,5.4897468956498400e-09,1.1489462634286214e-08,1.9720674543471645e-08,2.7141877492181993e-08,2.9723150062344996e-08,2.1916658157970358e-08
421,1.1423854881397988e-07,2.2684747336682498e-09,5.3289821227676734e-09,1.1144409252548642e-08,1.9121839008722549e-08,2.6313856435102925e-08,2.8814644413737944e-08,2.1246342847431884e-08
422,1.1076959533979231e-07,2.2042393165686845e-09,5.1729159468750762e-09,1.0809715411250322e-08,1.8541187638863192e-08,2.5511097269157676e-08,2.7933909499921176e-08,2.0596530257156183e-08
423,1.0740597967259300e-07,2.1418110216094036e-09,5.0214113426956432e-09,1.0485070184350562e-08,1.7978168255818917e-08,2.4732829244454859e-08,2.7080096386506434e-08,1.9966593237157183e-08
424,1.0414450313772040e-07,2.0811393999776412e-09,4.8743352714566967e-09,1.0170171974711805e-08,1.7432245448885304e-08,2.3978305128235851e-08,2.6252382092129509e-08,1.9355923822323593e-08
425,1.0098206419106740e-07,2.0221753982142373e-09,4.7315585652165107e-09,9.8647282342948838e-09,1.6902900065572368e-08,2.3246800487280987e-08,2.5449968794983047e-08,1.8763932645505360e-08
426,9.7915655469626903e-08,1.9648713200564461e-09,4.5929558145380137e-09,9.5684551927435262e-09,1.6389628717909631e-08,2.2537612992213278e-08,2.4672083063609710e-08,1.8190048368556302e-08
427,9.4942360931600518e-08,1.9091807893093867e-09,4.4584052594124669e-09,9.2810775941066910e-09,1.5891943303742689e-08,2.1850061743031545e-08,2.3917975111213952e-08,1.7633717130783780e-08
428,9.2059353083349975e-08,1.8550587137189313e-09,4.3277886833393959e-09,9.0023284414548535e-09,1.5409370542566059e-08,2.1183486615225045e-08,2.3186918072773102e-08,1.7094402014272591e-08
429,8.9263890290554942e-08,1.8024612498194935e-09,4.2009913104717438e-09,8.7319487491536166e-09,1.4941451525450827e-08,2.0537247625841483e-08,2.2478207304250821e-08,1.6571582525566957e-08
430,8.6553314171019653e-08,1.7513457687308917e-09,4.0779017057378395e-09,8.4696873025651436e-09,1.4487741278639162e-08,1.9910724318899577e-08,2.1791159703237025e-08,1.6064754093210013e-08
431,8.3925047066649281e-08,1.7016708228791185e-09,3.9584116778542908e-09,8.2153004249547909e-09,1.4047808340390640e-08,1.9303315169555749e-08,2.1125113050359026e-08,1.5573427580655667e-08
432,8.1376589592192093e-08,1.6533961136164935e-09,3.8424161851464163e-09,7.9685517513869456e-09,1.3621234350678049e-08,1.8714437006452685e-08,2.0479425370829010e-08,1.5097128814082483e-08
433,7.8905518258415992e-08,1.6064824597173297e-09,3.7298132440951912e-09,7.7292120094006337e-09,1.3207613653342374e-08,1.8143524451694938e-08,1.9853474315511896e-08,1.4635398124653636e-08
434,7.6509483167459610e-08,1.5608917667258398e-09,3.6205038405320357e-09,7.4970588062616164e-09,1.2806552910328748e-08,1.7590029377913547e-08,1.9246656560916854e-08,1.4187789904780965e-08
435,7.4186205778165796e-08,1.5165869971336377e-09,3.5143918434050264e-09,7.2718764225938933e-09,1.2417670727636427e-08,1.7053420381898326e-08,1.8658387227533860e-08,1.3753872177964636e-08
436,7.1933476739273051e-08,1.4735321413647562e-09,3.4113839210423125e-09,7.0534556121993838e-09,1.2040597292627153e-08,1.6533182274292084e-08,1.8088099315954295e-08,1.3333226181793057e-08
437,6.9749153788403614e-08,1.4316921895466896e-09,3.3113894598406575e-09,6.8415934078802763e-09,1.1674974022346940e-08,1.6028815584856747e-08,1.7535243160231875e-08,1.2925445963700438e-08
438,6.7631159714851047e-08,1.3910331040465267e-09,3.2143204853090757e-09,6.6360929330841421e-09,1.1320453222526898e-08,1.5539836082836103e-08,1.6999285897956701e-08,1.2530137989091603e-08
439,6.5577480384229126e-08,1.3515217927517818e-09,3.1200915853995899e-09,6.4367632191972529e-09,1.0976697756938773e-08,1.5065774311954517e-08,1.6479710956531503e-08,1.2146920761455705e-08
440,6.3586162823104309e-08,1.3131260830760644e-09,3.0286198360590530e-09,6.2434190283167892e-09,1.0643380726790820e-08,1.4606175139604964e-08,1.5976017555154568e-08,1.1775424454102057e-08
441,6.1655313361789903e-08,1.2758146966702484e-09,2.9398247289378927e-09,6.0558806813377183e-09,1.0320185159859081e-08,1.4160597319793366e-08,1.5487720222029163e-08,1.1415290553162430e-08
442,5.9783095833535822e-08,1.2395572248203034e-09,2.8536281011934947e-09,5.8739738911950124e-09,1.0006803709058465e-08,1.3728613069419478e-08,1.5014348326333875e-08,1.1066171511515189e-08
443,5.7967729828401726e-08,1.2043241045134435e-09,2.7699540673277112e-09,5.6975296011066607e-09,9.7029383601670013e-09,1.3309807657487305e-08,1.4555445624502539e-08,1.0727730413297056e-08
444,5.6207489000152620e-08,1.1700865951547316e-09,2.6887289529997367e-09,5.5263838276675835e-09,9.4083001484252643e-09,1.2903779006850521e-08,1.4110569820376206e-08,1.0399640648678578e-08
445,5.4500699424567251e-08,1.1368167559167394e-09,2.6098812307572834e-09,5.3603775086490088e-09,9.1226088837415544e-09,1.2510137308110332e-08,1.3679292138803023e-08,1.0081585598589309e-08
446,5.2845738007597678e-08,1.1044874237053277e-09,2.5333414576306286e-09,5.1993563553622539e-09,8.8455928842414148e-09,1.2128504645294989e-08,1.3261196912274828e-08,9.7732583290882402e-09
447,5.1241030941866688e-08,1.0730721917250394e-09,2.4590422145357009e-09,5.0431707094500917e-09,8.5769887179081800e-09,1.1758514632961388e-08,1.2855881180201849e-08,9.4743612950844366e-09
448,4.9685052210034877e-08,1.0425453886280531e-09,2.3869180474339303e-09,4.8916754039729518e-09,8.3165409520688310e-09,1.1399812064370223e-08,1.2462954300439123e-08,9.1846060531217649e-09
449,4.8176322133614349e-08,1.0128820582310472e-09,2.3169054101980813e-09,4.7447296286612005e-09,8.0640019104869123e-09,1.1052052570396730e-08,1.2082037572689968e-08,8.9037129829504057e-09
450,4.6713405965848968e-08,9.8405793978474066e-10,2.2489426091347609e-09,4.6021967992086234e-09,7.8191314378315761e-09,1.0714902288849508e-08,1.1712763873423408e-08,8.6314110176163497e-09
451,4.5294912527323003e-08,9.5604944878128756e-10,2.1829697491157103e-09,4.4639444304859184e-09,7.5816966712986746e-09,1.0388037543879680e-08,1.1354777301953503e-08,8.3674373818082289e-09
452,4.3919492883000728e-08,9.2883365828507608e-10,2.1189286812713627e-09,4.3298440135567206e-09,7.3514718191668317e-09,1.0071144535172609e-08,1.1007732837339263e-08,8.1115373382088604e-09
453,4.2585839059438850e-08,9.0238828077287363e-10,2.0567629522015035e-09,4.1997708963821206e-09,7.1282379460778164e-09,9.7639190366235486e-09,1.0671296005774353e-08,7.8634639416066352e-09
454,4.1292682800951949e-08,8.7669165046962880e-10,1.9964177546591570e-09,4.0736041681031010e-09,6.9117827648370753e-09,9.4660661042078874e-09,1.0345142558145814e-08,7.6229778005292874e-09
455,4.0038794363548009e-08,8.5172270616659886e-10,1.9378398796650910e-09,3.9512265467936374e-09,6.7019004345364391e-09,9.1772997927653655e-09,1.0028958157450934e-08,7.3898468461699415e-09
456,3.8822981345487117e-08,8.2746097450882455e-10,1.8809776700115772e-09,3.8325242705803844e-09,6.4983913648069866e-09,8.8973428814262668e-09,9.7224380757707714e-09,7.1638461083823078e-09
457,3.7644087553351365e-08,8.0388655373931756e-10,1.8257809751151996e-09,3.7173869920280253e-09,6.3010620260159531e-09,8.6259266074158880e-09,9.4252869005082236e-09,6.9447574985287624e-09
458,3.6500991902547451e-08,7.8098009788765829e-10,1.7722011071797024e-09,3.6057076756923589e-09,6.1097247652271830e-09,8.3627904079815893e-09,9.1372182496073095e-09,6.7323695989716489e-09
459,3.5392607351196498e-08,7.5872280139102880e-10,1.7201907986309701e-09,3.4973824987461656e-09,5.9241976277500856e-09,8.1076816701945898e-09,8.8579544954791132e-09,6.5264774590045459e-09
460,3.4317879866397260e-08,7.3709638413601853e-10,1.6697041607873281e-09,3.3923107545856996e-09,5.7443041841074329e-09,7.8603554883861722e-09,8.5872264973681152e-09,6.3268823970264941e-09
461,3.3275787421879643e-08,7.1608307690985521e-10,1.6206966437294250e-09,3.2903947593284583e-09,5.5698733622574144e-09,7.6205744289853955e-09,8.3247733419009437e-09,6.1333918087681528e-09
462,3.2265339026095335e-08,6.9566560725000758e-10,1.5731249973349725e-09,3.1915397611155210e-09,5.4007392849104301e-09,7.3881083025323699e-09,8.0703420915672695e-09,5.9458189813847703e-09
463,3.1285573779821352e-08,6.7582718568140585e-10,1.5269472334446349e-09,3.0956538521343710e-09,5.2367411117858937e-09,7.1627339426482203e-09,7.8236875408903872e-09,5.7639829132364398e-09
464,3.0335559962380216e-08,6.5655149233080347e-10,1.4821225891263225e-09,3.0026478832806333e-09,5.0777228866590435e-09,6.9442349917493859e-09,7.5845719800523582e-09,5.5877081391816701e-09
465,2.9414394145607949e-08,6.3782266390809073e-10,1.4386114910060951e-09,2.9124353813795967e-09,4.9235333890523176e-09,6.7324016933004915e-09,7.3527649657457619e-09,5.4168245612155940e-09
466,2.8521200334727084e-08,6.1962528104463226e-10,1.3963755206347912e-09,2.8249324688907567e-09,4.7740259904302518e-09,6.5270306904062436e-09,7.1280430990311431e-09,5.2511672842892649e-09
467,2.7655129135307945e-08,6.0194435597897317e-10,1.3553773808604027e-09,2.7400577860209449e-09,4.6290585147611299e-09,6.3279248305489452e-09,6.9101898099859506e-09,5.0905764571515998e-09
468,2.6815356945525786e-08,5.8476532058050778e-10,1.3155808631770622e-09,2.6577324151737970e-09,4.4884931033128230e-09,6.1348929762840641e-09,6.6989951489373006e-09,4.9348971180602325e-09
469,2.6001085172945774e-08,5.6807401470195864e-10,1.2769508160223678e-09,2.5778798076655230e-09,4.3521960835542038e-09,5.9477498217120578e-09,6.4942555840772891e-09,4.7839790452123737e-09
470,2.5211539475090996e-08,5.5185667485175876e-10,1.2394531139955776e-09,2.5004257126390043e-09,4.2200378420374928e-09,5.7663157145502193e-09,6.2957738052656991e-09,4.6376766117512423e-09
471,2.4445969023071264e-08,5.3609992317766385e-10,1.2030546279699991e-09,2.4252981081103125e-09,4.0918927011406449e-09,5.5904164836336107e-09,6.1033585338309288e-09,4.4958486452081046e-09
472,2.3703645787572499e-08,5.2079075675315334e-10,1.1677231960736745e-09,2.3524271340836874e-09,3.9676387995525509e-09,5.4198832716794707e-09,5.9168243381857610e-09,4.3583582912442040e-09
473,2.2983863846527648e-08,5.0591653715840768e-10,1.1334275955132025e-09,2.2817450276729659e-09,3.8471579763874259e-09,5.2545523731544365e-09,5.7359914550801668e-09,4.2250728815610422e-09
474,2.2285938713810773e-08,4.9146498034786277e-10,1.1001375152162710e-09,2.2131860601692710e-09,3.7303356588181478e-09,5.0942650770889186e-09,5.5606856163188127e-09,4.0958638058514876e-09
475,2.1609206688315961e-08,4.7742414679656055e-10,1.0678235292691803e-09,2.1466864759966164e-09,3.6170607531217248e-09,4.9388675146876170e-09,5.3907378807761837e-09,3.9706063876680811e-09
476,2.0953024222802028e-08,4.6378243191772100e-10,1.0364570711263124e-09,2.0821844334987966e-09,3.5072255390332505e-09,4.7882105115898713e-09,5.2259844715473750e-09,3.8491797640887011e-09
477,2.0316767311902741e-08,4.5052855674416354e-10,1.0060104085691811e-09,2.0196199475026512e-09,3.4007255673079014e-09,4.6421494446379282e-09,5.0662666180774891e-09,3.7314667690634264e-09
478,1.9699830898720721e-08,4.3765155886640135e-10,9.7645661939333457e-10,1.9589348336044294e-09,3.2974595603935444e-09,4.5005441030155948e-09,4.9114304031174634e-09,3.6173538203299497e-09
479,1.9101628299440588e-08,4.2514078362042897e-10,9.4776956780201120e-10,1.9000726541275813e-09,3.1973293161195208e-09,4.3632585536238895e-09,4.7613266143587572e-09,3.5067308097883998e-09
480,1.8521590645414291e-08,4.1298587551840357e-10,9.1992388148606273e-10,1.8429786657018449e-09,3.1002396143099950e-09,4.2301610105644353e-09,4.6158106006038367e-09,3.3994909972297127e-09
481,1.7959166342187922e-08,4.0117676991560932e-10,8.9289492937024811e-10,1.7875997684150152e-09,3.0060981262330682e-09,4.1011237086052231e-09,4.4747421323337813e-09,3.2955309073149773e-09
482,1.7413820544955721e-08,3.8970368490726652e-10,8.6665880000657527e-10,1.7338844564902204e-09,2.9148153267995610e-09,3.9760227805072392e-09,4.3379852665385887e-09,3.1947502297062727e-09
483,1.6885034649942359e-08,3.7855711344892195e-10,8.4119228059593172e-10,1.6817827704429576e-09,2.8263044094279451e-09,3.8547381380941501e-09,4.2054082156798369e-09,3.0970517222526159e-09
484,1.6372305801229833e-08,3.6772781569432627e-10,8.1647283661977896e-10,1.6312462506735128e-09,2.7404812034944816e-09,3.7371533569508209e-09,4.0768832206593841e-09,3.0023411171375281e-09
485,1.5875146412559998e-08,3.5720681154486392e-10,7.9247859206422380e-10,1.5822278924517052e-09,2.6572640942900558e-09,3.6231555646399350e-09,3.9522864276715894e-09,2.9105270298976245e-09
486,1.5393083703658004e-08,3.4698537340476568e-10,7.6918831021927692e-10,1.5346821022522101e-09,2.5765739454075962e-09,3.5126353323293795e-09,3.8314977688203735e-09,2.8215208712244030e-09
487,1.4925659250635644e-08,3.3705501913648441e-10,7.4658137503662212e-10,1.4885646553999412e-09,2.4983340234862603e-09,3.4054865697263044e-09,3.7144008463859588e-09,2.7352367614640743e-09
488,1.4472428550047122e-08,3.2740750521076935e-10,7.2463777302968763e-10,1.4438326549862108e-09,2.4224699252408380e-09,3.3016064232169628e-09,3.6008828206297581e-09,2.6515914477328952e-09
489,1.4032960596182637e-08,3.1803482004611811e-10,7.0333807570028850e-10,1.4004444920175468e-09,2.3489095067069646e-09,3.2008951771145128e-09,3.4908343010292060e-09,2.5705042235680013e-09
490,1.3606837471197826e-08,3.0892917753243209e-10,6.8266342247656152e-10,1.3583598067601972e-09,2.2775828146348681e-09,3.1032561579199461e-09,3.3841492408376706e-09,2.4918968510361515e-09
491,1.3193653947689278e-08,3.0008301073383750e-10,6.6259550414735546e-10,1.3175394512444606e-09,2.2084220199663995e-09,3.0085956415041967e-09,3.2807248348678099e-09,2.4156934852252165e-09
492,1.2793017103338185e-08,2.9148896576577216e-10,6.4311654677866927e-10,1.2779454528940534e-09,2.1413613533321049e-09,2.9168227631223005e-09,3.1804614203997976e-09,2.3418206010454883e-09
493,1.2404545947255707e-08,2.8313989584156892e-10,6.2420929609814856e-10,1.2395409792467680e-09,2.0763370425069668e-09,2.8278494301731885e-09,3.0832623811188898e-09,2.2702069222701754e-09
494,1.2027871057674628e-08,2.7502885548389595e-10,6.0585700233405366e-10,1.2022903037336938e-09,2.0132872517653711e-09,2.7415902376213293e-09,2.9890340539897229e-09,2.2007833527465599e-09
495,1.1662634230642885e-08,2.6714909489653925e-10,5.8804340549550863e-10,1.1661587724852442e-09,1.9521520230776095e-09,2.6579623859990058e-09,2.8976856389775503e-09,2.1334829097114272e-09
496,1.1308488139384788e-08,2.5949405449213418e-10,5.7075272108121795e-10,1.1311127721331933e-09,1.8928732190919966e-09,2.5768856019104804e-09,2.8091291115293827e-09,2.0682406591463830e-09
497,1.0965096004006039e-08,2.5205735957157347e-10,5.5396962620421428e-10,1.0971196985788462e-09,1.8353944678483929e-09,2.4982820609617020e-09,2.7232791377306507e-09,2.0049936531106607e-09
498,1.0632131271228461e-08,2.4483281515093079e-10,5.3767924612055479e-10,1.0641479266983611e-09,1.7796611091705440e-09,2.4220763130415566e-09,2.6400529920555964e-09,1.9436808689909170e-09
499,1.0309277303849845e-08,2.3781440093185601e-10,5.2186714115023885e-10,1.0321667809571178e-09,1.7256201426862662e-09,2.3481952098828913e-09,2.5593704776320955e-09,1.8842431506093780e-09
500,9.9962270796336290e-09,2.3099626641150460e-10,5.0651929397895419e-10,1.0011465069058540e-09,1.6732201774260428e-09,2.2765678348337629e-09,2.4811538489440293e-09,1.8266231511334813e-09
501,9.6926828993420632e-09,2.2437272612817107e-10,4.9162209732959365e-10,9.7105824353213191e-10,1.6224113829521058e-09,2.2071254347714620e-09,2.4053277368966986e-09,1.7707652777318997e-09
502,9.3983561036351844e-09,2.1793825503890091e-10,4.7716234199279981e-10,9.4187399644146570e-10,1.5731454419715226e-09,2.1398013540939385e-09,2.3318190761730224e-09,1.7166156379235337e-09
503,9.1129667985664162e-09,2.1168748402545523e-10,4.6312720520611153e-10,9.1356661184323238e-10,1.5253755043882306e-09,2.0745309707252259e-09,2.2605570348104950e-09,1.6641219875676649e-09
504,8.8362435894137297e-09,2.0561519552510101e-10,4.4950423937158206e-10,8.8610975131721572e-10,1.4790561427503193e-09,2.0112516340734287e-09,2.1914729459310036e-09,1.6132336804450793e-09
505,8.5679233225932569e-09,1.9971631928279652e-10,4.3628136110203792e-10,8.5947786733737213e-10,1.4341433090501973e-09,1.9499026048816817e-09,2.1245002415576891e-09,1.5639016193814833e-09
506,8.3077508354099202e-09,1.9398592822143252e-10,4.2344684058642867e-10,8.3364617953009881e-10,1.3905942928365582e-09,1.8904249969143290e-09,2.0595743884550459e-09,1.5160782088660277e-09
507,8.0554787134070993e-09,1.8841923442688270e-10,4.1098929126499525e-10,8.0859065164497272e-10,1.3483676805983148e-09,1.8327617204223187e-09,1.9966328259304016e-09,1.4697173091192137e-09
508,7.8108670550845959e-09,1.8301158524470339e-10,3.9889765980525388e-10,7.8428796921658535e-10,1.3074233163818722e-09,1.7768574273335299e-09,1.9356149055368215e-09,1.4247741915658298e-09
509,7.5736832437611404e-09,1.7775845948540937e-10,3.8716121637005405e-10,7.6071551789674071e-10,1.2677222636042974e-09,1.7226584581153983e-09,1.8764618326192956e-09,1.3812054956699449e-09
510,7.3437017263644873e-09,1.7265546373533544e-10,3.7576954516921910e-10,7.3785136243690722e-10,1.2292267680260606e-09,1.6701127902588111e-09,1.8191166096478665e-09,1.3389691870902872e-09
511,7.1207037989387550e-09,1.6769832877017574e-10,3.6471253528652947e-10,7.1567422630141419e-10,1.1919002218481446e-09,1.6191699883338052e-09,1.7635239812830623e-09,1.2980245171156228e-09
512,6.9044773986650075e-09,1.6288290606837061e-10,3.5398037177404128e-10,6.9416347189247215e-10,1.1557071288993739e-09,1.5697811555691104e-09,1.7096303811206728e-09,1.2583319833409666e-09
513,6.6948169021973285e-09,1.5820516442158905e-10,3.4356352700597155e-10,6.7329908136865860e-10,1.1206130708808652e-09,1.5218988869090358e-09,1.6573838800645336e-09,1.2198532915466756e-09
514,6.4915229301225840e-09,1.5366118663962916e-10,3.3345275228460029e-10,6.5306163803906949e-10,1.0865846746354892e-09,1.4754772235026256e-09,1.6067341362775428e-09,1.1825513187436273e-09
515,6.2944021573579436e-09,1.4924716634713137e-10,3.2363906969086397e-10,6.3343230831586080e-10,1.0535895804112311e-09,1.4304716085813872e-09,1.5576323466626648e-09,1.1463900773488042e-09
516,6.1032671293058445e-09,1.4495940486957230e-10,3.1411376417252293e-10,6.1439282420843091e-10,1.0215964110882533e-09,1.3868388446832108e-09,1.5100311998271420e-09,1.1113346804567124e-09
517,5.9179360835915705e-09,1.4079430820607317e-10,3.0486837586299598e-10,5.9592546634299172e-10,9.9057474234041308e-10,1.3445370521814162e-09,1.4638848304845739e-09,1.0773513081731065e-09
518,5.7382327772139233e-09,1.3674838408662630e-10,2.9589469262415093e-10,5.7801304749176597e-10,9.6049507370284641e-10,1.3035256290791010e-09,1.4191487752509077e-09,1.0444071749785254e-09
519,5.5639863189446223e-09,1.3281823911140808e-10,2.8718474280653940e-10,5.6063889659652194e-10,9.3132880051811322e-10,1.2637652120301804e-09,1.3757799297917193e-09,1.0124704980901395e-09
520,5.3950310068170316e-09,1.2900057596990969e-10,2.7873078822074922e-10,5.4378684327161143e-10,9.0304818673422094e-10,1.2252176385496944e-09,1.3337365072794823e-09,9.8151046679136297e-10
521,5.2312061705496936e-09,1.2529219073767954e-10,2.7052531731373342e-10,5.2744120277212642e-10,8.7562633852865966e-10,1.1878459103770897e-09,1.2929779981207701e-09,9.5149721269963468e-10
522,5.0723560187548083e-09,1.2168997024853142e-10,2.6256103854415209e-10,5.1158676141321856e-10,8.4903717873336795e-10,1.1516141579573042e-09,1.2534651309145717e-09,9.2240178094366306e-10
523,4.9183294907863608e-09,1.1819088954013144e-10,2.5483087395093735e-10,4.9620876242704505e-10,8.2325542203630585e-10,1.1164876060055395e-09,1.2151598346040844e-09,8.9419610222231643e-10
524,4.7689801130869955e-09,1.1479200937093294e-10,2.4732795290945832e-10,4.8129289224420857e-10,7.9825655093605343e-10,1.0824325401226609e-09,1.1780252017854928e-09,8.6685296571818833e-10
525,4.6241658598970743e-09,1.1149047380648528e-10,2.4004560606982730e-10,4.6682526718695762e-10,7.7401679242657026e-10,1.0494162744291698e-09,1.1420254531383710e-09,8.4034599283969266e-10
526,4.4837490181933959e-09,1.0828350787319539e-10,2.3297735947204642e-10,4.5279242056178992e-10,7.5051309538994200e-10,1.0174071201866650e-09,1.1071259029434135e-09,8.1464961176634400e-10
527,4.3475960567291852e-09,1.0516841527767439e-10,2.2611692883284791e-10,4.3918129013947566e-10,7.2772310867561482e-10,9.8637435537666521e-10,1.0732929256542534e-09,7.8973903277265371e-10
528,4.2155774990507917e-09,1.0214257618985235e-10,2.1945821399922990e-10,4.2597920601087549e-10,7.0562515984527609e-10,9.5628819520758505e-10,1.0404939234911494e-09,7.6559022430682328e-10
529,4.0875678003703498e-09,9.9203445088093762e-11,2.1299529356383668e-10,4.1317387880727793e-10,6.8419823456316134e-10,9.2711976352153882e-10,1.0086972950252965e-09,7.4217988980114510e-10
530,3.9634452281773113e-09,9.6348548664595637e-11,2.0672241963747043e-10,4.0075338827431744e-10,6.6342195661219600e-10,8.9884106507352360e-10,9.7787240472347798e-10,7.1948544519173006e-10
531,3.8430917464753019e-09,9.3575483789396086e-11,2.0063401277416084e-10,3.8870617218886413e-10,6.4327656851696277e-10,8.7142495865635805e-10,9.4798955342369974e-10,6.9748499712586025e-10
532,3.7263929035342418e-09,9.0881915531368199e-11,1.9472465704435011e-10,3.7702101560859377e-10,6.2374291275506989e-10,8.4484513104557568e-10,9.1901994971334974e-10,6.7615732183593411e-10
533,3.6132377230509593e-09,8.8265575234617768e-11,1.8898909525188054e-10,3.6568704044425415e-10,6.0480241353905214e-10,8.1907607173925332e-10,8.9093568218228642e-10,6.5548184465961502e-10
534,3.5035185986148156e-09,8.5724258648747510e-11,1.8342222429059769e-10,3.5469369534494632e-10,5.8643705915148208e-10,7.9409304846851939e-10,8.6370969252411152e-10,6.3543862018641093e-10
535,3.3971311913779675e-09,8.3255824111491977e-11,1.7801909063650227e-10,3.4403074588702611e-10,5.6862938481648862e-10,7.6987208345522969e-10,8.3731574945970036e-10,6.1600831301152839e-10
536,3.2939743308329659e-09,8.0858190782269211e-11,1.7277488597150368e-10,3.3368826505751613e-10,5.5136245609139919e-10,7.4638993039400995e-10,8.1172842345784744e-10,5.9717217907842061e-10
537,3.1939499186033285e-09,7.8529336925234464e-11,1.6768494293494137e-10,3.2365662402318966e-10,5.3461985276270747e-10,7.2362405213656810e-10,7.8692306222866444e-10,5.7891204759202301e-10
538,3.0969628351555922e-09,7.6267298240460528e-11,1.6274473099915299e-10,3.1392648317675453e-10,5.1838565323105522e-10,7.0155259905684590e-10,7.6287576696610359e-10,5.6121030348521938e-10
539,3.0029208493441430e-09,7.4070166241907020e-11,1.5794985246547464e-10,3.0448878345182086e-10,5.0264441937037729e-10,6.8015438807623958e-10,7.3956336931670714e-10,5.4404987042161638e-10
540,2.9117345307027900e-09,7.1936086680877916e-11,1.5329603857716574e-10,2.9533473789858676e-10,4.8738118184681297e-10,6.5940888232874635e-10,7.1696340905238278e-10,5.2741419431821708e-10
541,2.8233171643996830e-09,6.9863258013701716e-11,1.4877914574585099e-10,2.8645582351241883e-10,4.7258142588341874e-10,6.3929617144651540e-10,6.9505411242568068e-10,5.1128722737209679e-10
542,2.7375846687747051e-09,6.7849929912404935e-11,1.4439515188817191e-10,2.7784377330773633e-10,4.5823107745715201e-10,6.1979695244687318e-10,6.7381437118670960e-10,4.9565341257565703e-10
543,2.6544555153809034e-09,6.5894401817181465e-11,1.4014015286943685e-10,2.6949056862983934e-10,4.4431648991499184e-10,6.0089251120247038e-10,6.5322372224146566e-10,4.8049766870551777e-10
544,2.5738506514539411e-09,6.3995021529495229e-11,1.3601035905115069e-10,2.6138843169753881e-10,4.3082443099647445e-10,5.8256470447676036e-10,6.3326232793196511e-10,4.6580537577055632e-10
545,2.4956934247358287e-09,6.2150183844684474e-11,1.3200209193939700e-10,2.5352981836966256e-10,4.1774207025030177e-10,5.6479594250756004e-10,6.1391095691917247e-10,4.5156236090505052e-10
546,2.4199095105814495e-09,6.0358329222967526e-11,1.2811178093113326e-10,2.4590741112871785e-10,4.0505696683305340e-10,5.4756917212196976e-10,5.9515096565029932e-10,4.3775488469330837e-10
547,2.3464268412785550e-09,5.8617942497780285e-11,1.2433596015554483e-10,2.3851411227519439e-10,3.9275705767840303e-10,5.3086786036644176e-10,5.7696428039260337e-10,4.2436962791258704e-10
548,2.2751755375140269e-09,5.6927551620405117e-11,1.2067126540768678e-10,2.3134303732618473e-10,3.8083064602558681e-10,5.1467597863627831e-10,5.5933337981637907e-10,4.1139367868150638e-10
549,2.2060878419212247e-09,5.5285726439879707e-11,1.1711443117172296e-10,2.2438750861219117e-10,3.6926639029621400e-10,4.9897798728932201e-10,5.4224127811034290e-10,3.9881452000155175e-10
550,2.1390980546452188e-09,5.3691077517201837e-11,1.1366228773115020e-10,2.1764104906617090e-10,3.5805329330884363e-10,4.8375882072906573e-10,5.2567150861314279e-10,3.8662001767964370e-10
551,2.0741424708646532e-09,5.2142254972874224e-11,1.1031175836347152e-10,2.1109737619904913e-10,3.4718069182106987e-10,4.6900387294285882e-10,5.0960810794521276e-10,3.7479840862011699e-10
552,2.0111593202108030e-09,5.0637947366858624e-11,1.0705985661685536e-10,2.0475039625610449e-10,3.3663824638917128e-10,4.5469898348132645e-10,4.9403560062567727e-10,3.6333828947480958e-10
553,1.9500887080262276e-09,4.9176880610035524e-11,1.0390368366639052e-10,1.9859419854879803e-10,3.2641593153567995e-10,4.4083042386553735e-10,4.7893898415947793e-10,3.5222860564030818e-10
554,1.8908725584071578e-09,4.7757816906289469e-11,1.0084042574761535e-10,1.9262304995677975e-10,3.1650402621552225e-10,4.2738488440887282e-10,4.6430371458034894e-10,3.4145864059172905e-10
555,1.8334545589754489e-09,4.6379553724365481e-11,9.7867351665067142e-11,1.8683138959496520e-10,3.0689310457166234e-10,4.1434946144094133e-10,4.5011569243570360e-10,3.3101800554274377e-10
556,1.7777801073275826e-09,4.5040922798664740e-11,9.4981810373663994e-11,1.8121382364072785e-10,2.9757402697145934e-10,4.0171164492127375e-10,4.3636124919992678e-10,3.2089662942186623e-10
557,1.7237962591097914e-09,4.3740789158171485e-11,9.2181228630794374e-11,1.7576512031640106e-10,2.8853793131521293e-10,3.8945930643090714e-10,4.2302713410297385e-10,3.1108474915533050e-10
558,1.6714516776699274e-09,4.2478050182724931e-11,8.9463108717051496e-11,1.7048020502242859e-10,2.7977622460863348e-10,3.7758068753032585e-10,4.1010050136158330e-10,3.0157290024717958e-10
559,1.6206965852381953e-09,4.1251634685871959e-11,8.6825026223610439e-11,1.6535415561664110e-10,2.7128057479121992e-10,3.6606438847258467e-10,3.9756889780079307e-10,2.9235190764747400e-10
560,1.5714827155903278e-09,4.0060502023557568e-11,8.4264627904302982e-11,1.6038219783527384e-10,2.6304290281277783e-10,3.5489935726077613e-10,3.8542025085383173e-10,2.8341287689980783e-10
561,1.5237632681481823e-09,3.8903641227930566e-11,8.1779629590502875e-11,1.5555970085146957e-10,2.5505537495053958e-10,3.4407487903933545e-10,3.7364285692881548e-10,2.7474718555958880e-10
562,1.4774928634741134e-09,3.7780070165562021e-11,7.9367814166988377e-11,1.5088217296714108e-10,2.4731039535958249e-10,3.3358056580899963e-10,3.6222537013104139e-10,2.6634647487479844e-10
563,1.4326275001167994e-09,3.6688834719393399e-11,7.7027029607002868e-11,1.4634525743419022e-10,2.3980059884946019e-10,3.2340634645554384e-10,3.5115679133000269e-10,2.5820264172120633e-10
564,1.3891245127674828e-09,3.5629007993750573e-11,7.4755187064785745e-11,1.4194472840119983e-10,2.3251884388017740e-10,3.1354245708272375e-10,3.4042645756059234e-10,2.5030783078425292e-10
565,1.3469425316868299e-09,3.4599689541777675e-11,7.2550259023896148e-11,1.3767648698183308e-10,2.2545820577084869e-10,3.0397943164014097e-10,3.3002403174827593e-10,2.4265442698005723e-10
566,1.3060414433638346e-09,3.3600004614663516e-11,7.0410277499701311e-11,1.3353655744128670e-10,2.1861197011458126e-10,2.9470809283703478e-10,3.1993949274833285e-10,2.3523504810823404e-10
567,1.2663823523693446e-09,3.2629103432049915e-11,6.8333332294448092e-11,1.2952108349725380e-10,2.1197362639332198e-10,2.8571954333327569e-10,3.1016312568956439e-10,2.2804253772943075e-10
568,1.2279275443679414e-09,3.1686160473028729e-11,6.6317569303382974e-11,1.2562632473196016e-10,2.0553686178659369e-10,2.7700515719910441e-10,3.0068551261316099e-10,2.2106995826071048e-10
569,1.1906404502529945e-09,3.0770373787150799e-11,6.4361188870429879e-11,1.2184865311193865e-10,1.9929555516823584e-10,2.6855657163541581e-10,2.9149752339770645e-10,2.1431058428211707e-10
570,1.1544856113707879e-09,2.9880964324885782e-11,6.2462444191979274e-11,1.1818454961230784e-10,1.9324377128543869e-10,2.6036567894663987e-10,2.8259030696157354e-10,2.0775789604796295e-10
571,1.1194286458006469e-09,2.9017175286987711e-11,6.0619639767383349e-11,1.1463060094241861e-10,1.8737575511453638e-10,2.5242461875851243e-10,2.7395528273423013e-10,2.0140557319657826e-10
572,1.0854362156589959e-09,2.8178271492236206e-11,5.8831129894793753e-11,1.1118349636982453e-10,1.8168592638819142e-10,2.4472577047326417e-10,2.6558413238823547e-10,1.9524748865245023e-10
573,1.0524759953962589e-09,2.7363538763037871e-11,5.7095317211017735e-11,1.0784002463962519e-10,1.7616887428876571e-10,2.3726174595498496e-10,2.5746879182395970e-10,1.8927770271486781e-10
574,1.0205166410564530e-09,2.6572283328386940e-11,5.5410651274106885e-11,1.0459707098631927e-10,1.7081935230283237e-10,2.3002538243814006e-10,2.4960144339929909e-10,1.8349045732736829e-10
575,9.8952776047023847e-10,2.5803831243698035e-11,5.3775627187430890e-11,1.0145161423539015e-10,1.6563227323193448e-10,2.2300973565243123e-10,2.4197450839689991e-10,1.7788017052245386e-10
576,9.5947988435308653e-10,2.5057527827037510e-11,5.2188784264024050e-11,9.8400723991930047e-11,1.6060270435484679e-10,2.1620807315740106e-10,2.3458063972162874e-10,1.7244143103621826e-10
577,9.3034443828107313e-10,2.4332737111293014e-11,5.0648704730028614e-11,9.5441557913690362e-11,1.5572586273673923e-10,2.0961386788038249e-10,2.2741271482125332e-10,1.6716899308768607e-10
578,9.0209371551765453e-10,2.3628841311833791e-11,4.9154012466092593e-11,9.2571359066022842e-11,1.5099711068078225e-10,2.0322079185158828e-10,2.2046382882350834e-10,1.6205777131782644e-10
579,8.7470085066558132e-10,2.2945240309226538e-11,4.7703371785613302e-11,8.9787453356254053e-11,1.4641195131786766e-10,1.9702271013032774e-10,2.1372728788293441e-10,1.5710283588335770e-10
580,8.4813979411889408e-10,2.2281351146584037e-11,4.6295486248750125e-11,8.7087247045107400e-11,1.4196602433025171e-10,1.9101367491651758e-10,2.0719660273107544e-10,1.5229940770060769e-10
581,8.2238528729070701e-10,2.1636607541135196e-11,4.4929097511161399e-11,8.4468224332860609e-11,1.3765510180505364e-10,1.8518791984183536e-10,2.0086548242382017e-10,1.4764285383484060e-10
582,7.9741283859322249e-10,2.1010459409617019e-11,4.3602984206450814e-11,8.1927945017994349e-11,1.3347508421366581e-10,1.7953985443503394e-10,1.9472782827986004e-10,1.4312868303060059e-10
583,7.7319870014713256e-10,2.0402372407099780e-11,4.2315960861338199e-11,7.9464042226155674e-11,1.2942199651325328e-10,1.7406405875610367e-10,1.8877772800442291e-10,1.3875254137875902e-10
584,7.4971984519825938e-10,1.9811827478867722e-11,4.1066876842598348e-11,7.7074220207325626e-11,1.2549198436663432e-10,1.6875527819413138e-10,1.8300944999261773e-10,1.3451020811608423e-10
585,7.2695394621996045e-10,1.9238320424988221e-11,3.9854615334839576e-11,7.4756252199142870e-11,1.2168131047694751e-10,1.6360841842386115e-10,1.7741743780690130e-10,1.3039759155327989e-10
586,7.0487935368047298e-10,1.8681361477212271e-11,3.8678092348220458e-11,7.2507978354397364e-11,1.1798635103362023e-10,1.5861854051611604e-10,1.7199630482334349e-10,1.2641072512756315e-10
587,6.8347507545500515e-10,1.8140474887859555e-11,3.7536255755229751e-11,7.0327303730767573e-11,1.1440359226625802e-10,1.5378085619738583e-10,1.6674082904153170e-10,1.2254576357597273e-10
588,6.6272075686299946e-10,1.7615198530350595e-11,3.6428084355679937e-11,6.8212196340932019e-11,1.1092962710317850e-10,1.4909072325403054e-10,1.6164594805311298e-10,1.1879897922571490e-10
589,6.4259666131158052e-10,1.7105083511058327e-11,3.5352586969089618e-11,6.6160685261243149e-11,1.0756115193141153e-10,1.4454364107668742e-10,1.5670675416412369e-10,1.1516675839796682e-10
590,6.2308365152678176e-10,1.6609693792160224e-11,3.4308801553653925e-11,6.4170858797204389e-11,1.0429496345508486e-10,1.4013524634060403e-10,1.5191848966640666e-10,1.1164559792166759e-10
591,6.0416317135470199e-10,1.6128605825181313e-11,3.3295794351025789e-11,6.2240862704045721e-11,1.0112795564920781e-10,1.3586130881775035e-10,1.4727654225355838e-10,1.0823210175393267e-10
592,5.8581722811528771e-10,1.5661408194926843e-11,3.2312659056153155e-11,6.0368898460742824e-11,9.8057116805955750e-11,1.3171772731669028e-10,1.4277644057698839e-10,1.0492297770383041e-10
593,5.6802837549195497e-10,1.5207701273511960e-11,3.1358516011439654e-11,5.8553221595875489e-11,9.5079526670646873e-11,1.2770052574631373e-10,1.3841384993780789e-10,1.0171503425635935e-10
594,5.5077969694078587e-10,1.4767096884203799e-11,3.0432511424517350e-11,5.6792140063768574e-11,9.2192353664687549e-11,1.2380584929965118e-10,1.3418456811039599e-10,9.8605177493561453e-11
595,5.3405478960351762e-10,1.4339217974799469e-11,2.9533816608941073e-11,5.5084012669405935e-11,8.9392852192845314e-11,1.2002996075410730e-10,1.3008452129361841e-10,9.5590408109800128e-11
596,5.1783774870902837e-10,1.3923698300271061e-11,2.8661627247133944e-11,5.3427247540652716e-11,8.6678360032288790e-11,1.1636923688456148e-10,1.2610976018579685e-10,9.2667818518323543e-11
597,5.0211315244848543e-10,1.3520182114416403e-11,2.7815162674933258e-11,5.1820300646365477e-11,8.4046295800911977e-11,1.1282016498589215e-10,1.2225645617964615e-10,8.9834590046319958e-11
598,4.8686604730977246e-10,1.3128323870261517e-11,2.6993665187104973e-11,5.0261674359012516e-11,8.1494156502534753e-11,1.0937933950158649e-10,1.1852089767351224e-10,8.7087990215760017e-11
599,4.7208193385725094e-10,1.2747787928967950e-11,2.6196399363213326e-11,4.8749916060467623e-11,7.9019515146645668e-11,1.0604345875519920e-10,1.1489948649535642e-10,8.4425370107400797e-11
600,4.5774675294332968e-10,1.2378248277004972e-11,2.5422651413250225e-11,4.7283616789680971e-11,7.6620018440423399e-11,1.0280932178152241e-10,1.1138873443603895e-10,8.1844161805408770e-11
601,4.4384687233873354e-10,1.2019388251353405e-11,2.4671728542446230e-11,4.5861409930969810e-11,7.4293384550841902e-11,9.9673825254424957e-11,1.0798525988856154e-10,7.9341875920135665e-11
602,4.3036907376875510e-10,1.1670900272514373e-11,2.3942958334701941e-11,4.4481969941708974e-11,7.2037400934731129e-11,9.6633960508411640e-11,1.0468578459003001e-10,7.6916099186657022e-11
603,4.1730054034316252e-10,1.1332485585102616e-11,2.3235688154095025e-11,4.3144011118238406e-11,6.9849922234730041e-11,9.3686810651043547e-11,1.0148713046319696e-10,7.4564492136755955e-11
604,4.0462884436780835e-10,1.1003854005810208e-11,2.2549284563933875e-11,4.1846286398839793e-11,6.7728868239130704e-11,9.0829547763447020e-11,9.8386216554540818e-11,7.2284786842105954e-11
605,3.9234193552634986e-10,1.0684723678532450e-11,2.1883132762844500e-11,4.0587586202669430e-11,6.5672221903673468e-11,8.8059430186224423e-11,9.5380056065930732e-11,7.0074784726474920e-11
606,3.8042812942084251e-10,1.0374820836453684e-11,2.1236636037392127e-11,3.9366737303567426e-11,6.3678027433412266e-11,8.5373799888160950e-11,9.2465753477016385e-11,6.7932354444839633e-11
607,3.6887609646030667e-10,1.0073879570896302e-11,2.0609215230753635e-11,3.8182601737696007e-11,6.1744388422825530e-11,8.2770079915201563e-11,8.9640501755569802e-11,6.5855429827363817e-11
608,3.5767485108670472e-10,9.7816416067418484e-12,2.0000308226971005e-11,3.7034075743991007e-11,5.9869466052404397e-11,8.0245771917249274e-11,8.6901579653090829e-11,6.3842007886256351e-11
609,3.4681374132807919e-10,9.4978560842384235e-12,1.9409369450329732e-11,3.5920088736441235e-11,5.8051477340003035e-11,7.7798453750410856e-11,8.4246349083069896e-11,6.1890146883586032e-11
610,3.3628243866891995e-10,9.2222793470138479e-12,1.8835869379419478e-11,3.4839602307239801e-11,5.6288693445288302e-11,7.5425777152387856e-11,8.1672252579381944e-11,5.9997964458188719e-11
611,3.2607092822812583e-10,8.9546747361190896e-12,1.8279294075447121e-11,3.3791609259880443e-11,5.4579438025676209e-11,7.3125465488781693e-11,7.9176810832361721e-11,5.8163635809859535e-11
612,3.1616949923522169e-10,8.6948123899313802e-12,1.7739144724385002e-11,3.2775132671299521e-11,5.2922085642191839e-11,7.0895311568149414e-11,7.6757620300186582e-11,5.6385391939077929e-11
613,3.0656873579577324e-10,8.4424690497512827e-12,1.7214937192549259e-11,3.1789224982191311e-11,5.1315060213736745e-11,6.8733175523712689e-11,7.4412350893264567e-11,5.4661517940567376e-11
614,2.9725950793721794e-10,8.1974278709325822e-12,1.6706201595215045e-11,3.0832967114650747e-11,4.9756833518293832e-11,6.6636982759686570e-11,7.2138743729396413e-11,5.2990351349042771e-11
615,2.8823296292659747e-10,7.9594782393884312e-12,1.6212481877886951e-11,2.9905467616322688e-11,4.8245923739644502e-11,6.4604721960256725e-11,6.9934608957548344e-11,5.1370280535549828e-11
616,2.7948051685193416e-10,7.7284155933215394e-12,1.5733335409853912e-11,2.9005861830261803e-11,4.6780894058215968e-11,6.2634443159293900e-11,6.7797823648138278e-11,4.9799743152848772e-11
617,2.7099384645924729e-10,7.5040412500305684e-12,1.5268332589669050e-11,2.8133311089730917e-11,4.5360351284718741e-11,6.0724255868952709e-11,6.5726329747802716e-11,4.8277224628342550e-11
618,2.6276488123744447e-10,7.2861622376489246e-12,1.4817056462205007e-11,2.7287001937188788e-11,4.3982944535274926e-11,5.8872327265358253e-11,6.3718132096673240e-11,4.6801256703095311e-11
619,2.5478579574356319e-10,7.0745911316763107e-12,1.4379102346945936e-11,2.6466145366740940e-11,4.2647363946777377e-11,5.7076880429639142e-11,6.1771296506251953e-11,4.5370416015531520e-11
620,2.4704900216106227e-10,6.8691458961672232e-12,1.3954077477186870e-11,2.5669976089348766e-11,4.1352339431258074e-11,5.5336192642618335e-11,5.9883947896033823e-11,4.3983322728449199e-11
621,2.3954714308408805e-10,6.6696497294445103e-12,1.3541600649821091e-11,2.4897751820113569e-11,4.0096639468081308e-11,5.3648593731525006e-11,5.8054268487080034e-11,4.2638639198022532e-11
622,2.3227308452085194e-10,6.4759309142096906e-12,1.3141301885405304e-11,2.4148752586972305e-11,3.8879069932812816e-11,5.2012464467140264e-11,5.6280496050801970e-11,4.1335068683509601e-11
623,2.2521990910946716e-10,6.2878226719254691e-12,1.2752822098201478e-11,2.3422280060162212e-11,3.7698472961651448e-11,5.0426235009838278e-11,5.4560922211267886e-11,4.0071354096420369e-11
624,2.1838090953979206e-10,6.1051630213493255e-12,1.2375812775903162e-11,2.2717656901830358e-11,3.6553725850343315e-11,4.8888383403031128e-11,5.2893890799396812e-11,3.8846276787937939e-11
625,2.1174958217502526e-10,5.9277946411004704e-12,1.2009935668762468e-11,2.2034226135183184e-11,3.5443739986531377e-11,4.7397434112571272e-11,5.1277796257453248e-11,3.7658655373423264e-11
626,2.0531962086698652e-10,5.7555647361457887e-12,1.1654862487842315e-11,2.1371350532589072e-11,3.4367459814525143e-11,4.5951956610709480e-11,4.9711082092305653e-11,3.6507344592869061e-11
627,1.9908491095920179e-10,5.5883249080936256e-12,1.1310274612126506e-11,2.0728412022064781e-11,3.3323861831506141e-11,4.4550564003249288e-11,4.8192239375957980e-11,3.5391234206203462e-11
628,1.9303952347209018e-10,5.4259310291873776e-12,1.0975862804228152e-11,2.0104811111593497e-11,3.2311953614214342e-11,4.3191911698579786e-11,4.6719805291909426e-11,3.4309247922377586e-11
629,1.8717770946472267e-10,5.2682431198939162e-12,1.0651326934444358e-11,1.9499966330738982e-11,3.1330772875190217e-11,4.1874696117309672e-11,4.5292361725941744e-11,3.3260342361203769e-11
630,1.8149389456779091e-10,5.1151252299848249e-12,1.0336375712912682e-11,1.8913313689036276e-11,3.0379386547674794e-11,4.0597653441263423e-11,4.3908533899976086e-11,3.2243506046942814e-11
631,1.7598267368258720e-10,4.9664453230113106e-12,1.0030726429631796e-11,1.8344306150655066e-11,2.9456889898297500e-11,3.9359558400639285e-11,4.2566989047683022e-11,3.1257758432669190e-11
632,1.7063880584095464e-10,4.8220751640764362e-12,9.7341047021159872e-12,1.7792413124846972e-11,2.8562405666708073e-11,3.8159223098164559e-11,4.1266435130569607e-11,3.0302148954473001e-11
633,1.6545720922131941e-10,4.6818902108110689e-12,9.4462442304595774e-12,1.7257119971702596e-11,2.7695083231334213e-11,3.6995495869119683e-11,4.0005619593306200e-11,2.9375756114586098e-11
634,1.6043295631606559e-10,4.5457695074625364e-12,9.1668865595941965e-12,1.6737927522758573e-11,2.6854097800471835e-11,3.5867260176136909e-11,3.8783328157093815e-11,2.8477686592547720e-11
635,1.5556126924565662e-10,4.4135955820076023e-12,8.8957808485279436e-12,1.6234351616008417e-11,2.6038649627938494e-11,3.4773433537712600e-11,3.7598383649909308e-11,2.7607074383552244e-11
636,1.5083751521504797e-10,4.2852543462038156e-12,8.6326836463618012e-12,1.5745922644884703e-11,2.5247963252544219e-11,3.3712966489404814e-11,3.6449644872501071e-11,2.6763079963147534e-11
637,1.4625720210806959e-10,4.1606349984957687e-12,8.3773586748846008e-12,1.5272185120792743e-11,2.4481286760656478e-11,3.2684841576718996e-11,3.5336005499042857e-11,2.5944889477478129e-11
638,1.4181597421558873e-10,4.0396299296951129e-12,8.1295766175536190e-12,1.4812697248788804e-11,2.3737891071157977e-11,3.1688072378715113e-11,3.4256393011386101e-11,2.5151713958291973e-11
639,1.3750960809339095e-10,3.9221346313554918e-12,7.8891149146735985e-12,1.4367030516007996e-11,2.3017069242117377e-11,3.0721702561399060e-11,3.3209767665884059e-11,2.4382788561953367e-11
640,1.3333400854584029e-10,3.8080476067658002e-12,7.6557575645924413e-12,1.3934769292458815e-11,2.2318135798513537e-11,2.9784804959989721e-11,3.2195121491792114e-11,2.3637371831727850e-11
641,1.2928520473149879e-10,3.6972702844872804e-12,7.4292949307370854e-12,1.3515510443812930e-11,2.1640426080374021e-11,2.8876480689180803e-11,3.1211477320279203e-11,2.2914744982627456e-11
642,1.2535934638700259e-10,3.5897069343621561e-12,7.2095235543183535e-12,1.3108862955829809e-11,2.0983295610707909e-11,2.7995858280543459e-11,3.0257887843114737e-11,2.2214211208126159e-11
643,1.2155270016560320e-10,3.4852645859234724e-12,6.9962459725384522e-12,1.2714447570066756e-11,2.0346119482631917e-11,2.7142092846241725e-11,2.9333434700124031e-11,2.1535095008076859e-11
644,1.1786164608689227e-10,3.3838529491378537e-12,6.7892705421397660e-12,1.2331896430535285e-11,1.9728291765106971e-11,2.6314365268258101e-11,2.8437227594532924e-11,2.0876741537181364e-11
645,1.1428267409433332e-10,3.2853843374147890e-12,6.5884112681382780e-12,1.1960852740975042e-11,1.9129224926720080e-11,2.5511881412351049e-11,2.7568403435349248e-11,2.0238515973384823e-11
646,1.1081238071732736e-10,3.1897735928179564e-12,6.3934876375894986e-12,1.1600970432426309e-11,1.8548349276963599e-11,2.4733871365989965e-11,2.6726125505954744e-11,1.9619802905585290e-11
647,1.0744746583463764e-10,3.0969380134158925e-12,6.2043244582393115e-12,1.1251913840791722e-11,1.7985112424480540e-11,2.3979588699536132e-11,2.5909582658106364e-11,1.9020005740067672e-11
648,1.0418472953609573e-10,3.0067972827111333e-12,6.0207517019164142e-12,1.0913357394087086e-11,1.7438978751760706e-11,2.3248309749960601e-11,2.5117988530570313e-11,1.8438546125089474e-11
649,1.0102106907960491e-10,2.9192734010886249e-12,5.8426043525272406e-12,1.0584985309090283e-11,1.6909428905788176e-11,2.2539332926411437e-11,2.4350580791636032e-11,1.7874863393063107e-11
650,9.7953475940546599e-11,2.8342906192259182e-12,5.6697222585183289e-12,1.0266491297105883e-11,1.6395959304155713e-11,2.1851978036963818e-11,2.3606620404780213e-11,1.7328414019796725e-11
651,9.4979032950784197e-11,2.7517753734092678e-12,5.5019499896750694e-12,9.9575782785716131e-12,1.5898081656176419e-11,2.1185585635906777e-11,2.2885390916773271e-11,1.6798671100271782e-11
652,9.2094911524543622e-11,2.6716562227013424e-12,5.3391366981295624e-12,9.6579581062410950e-12,1.5415322498537284e-11,2.0539516390940191e-11,2.2186197767542446e-11,1.6285123840451706e-11
653,8.9298368968532318e-11,2.5938637879078039e-12,5.1811359834540952e-12,9.3673512966851755e-12,1.4947222745052977e-11,1.9913150469674523e-11,2.1508367621126503e-11,1.5787277064631250e-11
654,8.6586745873739026e-11,2.5183306922914896e-12,5.0278057617203319e-12,9.0854867698619281e-12,1.4493337250091829e-11,1.9305886944844598e-11,2.0851247717077426e-11,1.5304650737851421e-11
655,8.3957463586433549e-11,2.4449915039843882e-12,4.8790081384078242e-12,8.8121015965129439e-12,1.4053234385258697e-11,1.8717143217666461e-11,2.0214205241684127e-11,1.4836779502919117e-11
656,8.1408021755962205e-11,2.3737826800490308e-12,4.7346092850488851e-12,8.5469407531507911e-12,1.3626495628932260e-11,1.8146354458783883e-11,1.9596626718412462e-11,1.4383212231584893e-11
657,7.8935995957006218e-11,2.3046425121422581e-12,4.5944793195001291e-12,8.2897568844095468e-12,1.3212715168266360e-11,1.7592973066267957e-11,1.8997917416974139e-11,1.3943511589445822e-11
658,7.6539035384042594e-11,2.2375110737356904e-12,4.4584921897342713e-12,8.0403100725372209e-12,1.2811499513276936e-11,1.7056468140149551e-11,1.8417500780455155e-11,1.3517253614153771e-11
659,7.4214860615814649e-11,2.1723301688484973e-12,4.3265255610488094e-12,7.7983676138154909e-12,1.2422467122647528e-11,1.6536324972980307e-11,1.7854817869951899e-11,1.3104027306522117e-11
660,7.1961261447686226e-11,2.1090432822493389e-12,4.1984607065913005e-12,7.5637038016986186e-12,1.2045248040897538e-11,1.6032044555933219e-11,1.7309326826179748e-11,1.2703434234136463e-11
661,6.9776094789818529e-11,2.0475955310855695e-12,4.0741824011038775e-12,7.3360997164696842e-12,1.1679483546568181e-11,1.5543143099968762e-11,1.6780502347535457e-11,1.2315088147086991e-11
662,6.7657282629170515e-11,1.9879336178989788e-12,3.9535788177924727e-12,7.1153430212183237e-12,1.1324825811091589e-11,1.5069151571606984e-11,1.6267835184110471e-11,1.1938614605451692e-11
663,6.5602810053385091e-11,1.9300057849885118e-12,3.8365414282290144e-12,6.9012277639500323e-12,1.0980937568018653e-11,1.4609615242860072e-11,1.5770831647167654e-11,1.1573650618171157e-11
664,6.3610723334681616e-11,1.8737617700815228e-12,3.7229649051975443e-12,6.6935541856428393e-12,1.0647491792291040e-11,1.4164093254893331e-11,1.5289013133608819e-11,1.1219844292966509e-11
665,6.1679128071932584e-11,1.8191527632762096e-12,3.6127470283978154e-12,6.4921285340726164e-12,1.0324171389252406e-11,1.3732158194995857e-11,1.4821915664974886e-11,1.0876854496962800e-11
666,5.9806187389158158e-11,1.7661313652189494e-12,3.5057885929224445e-12,6.2967628832337517e-12,1.0010668893103048e-11,1.3313395686454910e-11,1.4369089440534587e-11,1.0544350527690461e-11
667,5.7990120188724452e-11,1.7146515464812620e-12,3.4019933204261884e-12,6.1072749581870154e-12,9.7066861745112594e-12,1.2907403990940323e-11,1.3930098404030999e-11,1.0222011794147409e-11
668,5.6229199457585502e-11,1.6646686081021592e-12,3.3012677729082719e-12,5.9234879651715970e-12,9.4119341571032954e-12,1.2513793623017346e-11,1.3504519823668649e-11,9.9095275076141796e-12
669,5.4521750624957240e-11,1.6161391432625807e-12,3.2035212690310231e-12,5.7452304268231303e-12,9.1261325425623993e-12,1.2132186976417955e-11,1.3091943884936360e-11,9.6065963819237895e-12
670,5.2866149969862471e-11,1.5690210000595920e-12,3.1086658029003233e-12,5.5723360223442593e-12,8.8490095440754116e-12,1.1762217961711965e-11,1.2691973295873728e-11,9.3129263428971947e-12
671,5.1260823077031966e-11,1.5232732453489142e-12,3.0166159652355624e-12,5.4046434324789913e-12,8.5803016278735267e-12,1.1403531655030173e-11,1.2304222904400729e-11,9.0282342466640729e-12
672,4.9704243339693480e-11,1.4788561296252672e-12,2.9272888668589093e-12,5.2419961891464427e-12,8.3197532626213753e-12,1.1055783957502377e-11,1.1928319327341951e-11,8.7522456065971591e-12
673,4.8194930507824925e-11,1.4357310529108633e-12,2.8406040644357652e-12,5.0842425295940052e-12,8.0671166764161362e-12,1.0718641265083482e-11,1.1563900590787906e-11,8.4846943285967646e-12
674,4.6731449280491090e-11,1.3938605316232388e-12,2.7564834884002645e-12,4.9312352549341340e-12,7.8221516211655646e-12,1.0391780148450756e-11,1.1210615781447035e-11,8.2253224544700967e-12
675,4.5312407940925356e-11,1.3532081663944273e-12,2.6748513730016375e-12,4.7828315929330138e-12,7.5846251441209307e-12,1.0074887042665064e-11,1.0868124708652440e-11,7.9738799131578391e-12
676,4.3936457033058191e-11,1.3137386108142746e-12,2.5956341884091122e-12,4.6388930649233775e-12,7.3543113663475009e-12,9.7676579462982044e-12,1.0536097576697733e-11,7.7301242795679888e-12
677,4.2602288078234189e-11,1.2754175410714719e-12,2.5187605748148783e-12,4.4992853567175120e-12,7.1309912679220062e-12,9.4697981297376055e-12,1.0214214667186349e-11,7.4938205407843711e-12
678,4.1308632330897018e-11,1.2382116264666330e-12,2.4441612784764053e-12,4.3638781934002938e-12,6.9144524796527513e-12,9.1810218523884495e-12,9.9021660310882401e-12,7.2647408694242462e-12
679,4.0054259572059089e-11,1.2020885007724721e-12,2.3717690896411243e-12,4.2325452178856161e-12,6.7044890811243387e-12,8.9010520885018013e-12,9.5996511902073319e-12,7.0426644039264009e-12
680,3.8837976939408594e-11,1.1670167344168508e-12,2.3015187822981566e-12,4.1051638731231709e-12,6.5009014048749238e-12,8.6296202613656077e-12,9.3063788477720794e-12,6.8273770355578032e-12
681,3.7658627792941414e-11,1.1329658074651493e-12,2.2333470557034005e-12,3.9816152878458393e-12,6.3034958465198221e-12,8.3664659856034979e-12,9.0220666078703511e-12,6.6186712019333529e-12
682,3.6515090615038980e-11,1.0999060833790907e-12,2.1671924776258578e-12,3.8617841657513438e-12,6.1120846806408558e-12,8.1113368173340199e-12,8.7464407034582992e-12,6.4163456868495167e-12
683,3.5406277943946397e-11,1.0678087835297996e-12,2.1029954292646080e-12,3.7455586780149369e-12,5.9264858822664018e-12,7.8639880119505893e-12,8.4792357326812299e-12,6.2202054262388270e-12
684,3.4331135339636251e-11,1.0366459624435002e-12,2.0406980517873338e-12,3.6328303590330233e-12,5.7465229537723432e-12,7.6241822892896469e-12,8.2201944032523846e-12,6.0300613200580181e-12
685,3.3288640381075057e-11,1.0063904837588864e-12,1.9802441944427236e-12,3.5234940053006463e-12,5.5720247570393214e-12,7.3916896059616871e-12,7.9690672846434377e-12,5.8457300499283536e-12
686,3.2277801693938445e-11,9.7701599687578742e-13,1.9215793642005000e-12,3.4174475773286366e-12,5.4028253507066914e-12,7.1662869346266496e-12,7.7256125678479187e-12,5.6670339023522587e-12
687,3.1297658007850684e-11,9.4849691427532839e-13,1.8646506768741571e-12,3.3145921045090984e-12,5.2387638323683924e-12,6.9477580500018514e-12,7.4895958324861444e-12,5.4938005973357080e-12
688,3.0347277242251962e-11,9.2080838949236535e-13,1.8094068096828228e-12,3.2148315928406206e-12,5.0796841855606896e-12,6.7358933213970866e-12,7.2607898210272927e-12,5.3258631222510832e-12
689,2.9425755620024079e-11,8.9392629572149905e-13,1.7557979552099348e-12,3.1180729354272739e-12,4.9254351313962558e-12,6.5304895115777955e-12,7.0389742199111096e-12,5.1630595707802102e-12
690,2.8532216808031679e-11,8.6782720503852993e-13,1.7037757767176662e-12,3.0242258256680440e-12,4.7758699847035216e-12,6.3313495817632793e-12,6.8239354473583752e-12,5.0052329867822631e-12
691,2.7665811083761707e-11,8.4248836821971083e-13,1.6532933647772335e-12,2.9332026730558295e-12,4.6308465145344780e-12,6.1382825025728191e-12,6.6154664476657325e-12,4.8522312129359037e-12
692,2.6825714527268578e-11,8.1788769514167670e-13,1.6043051951763971e-12,2.8449185215076074e-12,4.4902268089082785e-12,5.9511030707382594e-12,6.4133664917866920e-12,4.7039067440096675e-12
693,2.6011128237656646e-11,7.9400373574540259e-13,1.5567670880666027e-12,2.7592909701496712e-12,4.3538771436620254e-12,5.7696317314071679e-12,6.2174409840067141e-12,4.5601165846190646e-12
694,2.5221277573354873e-11,7.7081566154803049e-13,1.5106361683133023e-12,2.6762400964841718e-12,4.2216678552840145e-12,5.5936944058660469e-12,6.0275012745261138e-12,4.4207221113331953e-12
695,2.4455411415461197e-11,7.4830324768685324e-13,1.4658708270140763e-12,2.5956883818653992e-12,4.0934732176085085e-12,5.4231223245182539e-12,5.8433644777702477e-12,4.2855889389978624e-12
696,2.3712801453456130e-11,7.2644685548020363e-13,1.4224306841502122e-12,2.5175606392163804e-12,3.9691713222547799e-12,5.2577518649563441e-12,5.6648532962519598e-12,4.1545867911462502e-12
697,2.2992741492606245e-11,7.0522741549042405e-13,1.3802765523384031e-12,2.4417839429184639e-12,3.8486439626967344e-12,5.0974243949734674e-12,5.4917958498165853e-12,4.0275893743721673e-12
698,2.2294546782399008e-11,6.8462641107452055e-13,1.3393704016502080e-12,2.3682875608085938e-12,3.7317765218528509e-12,4.9419861203631226e-12,5.3240255101050311e-12,3.9044742565446807e-12
699,2.1617553365370234e-11,6.6462586240851132e-13,1.2996753254678685e-12,2.2970028882209142e-12,3.6184578630895587e-12,4.7912879373612432e-12,5.1613807400754656e-12,3.7851227487466722e-12
700,2.0961117445704986e-11,6.4520831097188345e-13,1.2611555073459964e-12,2.2278633840112742e-12,3.5085802245343940e-12,4.6451852895889877e-12,5.0037049384290125e-12,3.6694197908234390e-12
701,2.0324614777011477e-11,6.2635680447895839e-13,1.2237761888495457e-12,2.1608045085050315e-12,3.4020391165984229e-12,4.5035380293589729e-12,4.8508462887895947e-12,3.5572538404309507e-12
702,1.9707440068685703e-11,6.0805488224434058e-13,1.1875036383393416e-12,2.0957636633103483e-12,3.2987332226104899e-12,4.3662102832118202e-12,4.7026576134926243e-12,3.4485167654767351e-12
703,1.9109006410302370e-11,5.9028656096999570e-13,1.1523051206772991e-12,2.0326801329409188e-12,3.1985643024687942e-12,4.2330703215540096e-12,4.5589962318416970e-12,3.3431037398496549e-12
704,1.8528744713484713e-11,5.7303632094185540e-13,1.1181488678242674e-12,1.9714950281937397e-12,3.1014370992181706e-12,4.1039904322719334e-12,4.4197238226967437e-12,3.2409131423380061e-12
705,1.7966103170722388e-11,5.5628909262419540e-13,1.0850040503042357e-12,1.9121512312291708e-12,3.0072592484642300e-12,3.9788467982008348e-12,4.2847062912612913e-12,3.1418464586384305e-12
706,1.7420546730622823e-11,5.4003024364036627e-13,1.0528407495094183e-12,1.8545933423021316e-12,2.9159411905382236e-12,3.8575193783310987e-12,4.1538136399404491e-12,3.0458081863611352e-12
707,1.6891556589097068e-11,5.2424556612878579e-13,1.0216299308214624e-12,1.7987676280947956e-12,2.8273960853290920e-12,3.7398917926378522e-12,4.0269198431452886e-12,2.9527057429397920e-12
708,1.6378629695996207e-11,5.0892126446341551e-13,9.9134341752477552e-13,1.7446219716026539e-12,2.7415397297017199e-12,3.6258512104233770e-12,3.9039027259229695e-12,2.8624493763572958e-12
709,1.5881278276729176e-11,4.9404394332825657e-13,9.6195386548865360e-13,1.6921058235272588e-12,2.6582904774228547e-12,3.5152882420651713e-12,3.7846438462957052e-12,2.7749520786012738e-12
710,1.5399029368407085e-11,4.7960059613569474e-13,9.3343473859559032e-13,1.6411701551303545e-12,2.5775691615185403e-12,3.4080968340657987e-12,3.6690283811952339e-12,2.6901295017658703e-12
711,1.4931424370072930e-11,4.6557859377881714e-13,9.0576028489380525e-13,1.5917674125054778e-12,2.4992990189892443e-12,3.3041741673037856e-12,3.5569450158829107e-12,2.6078998767188908e-12
712,1.4478018606588976e-11,4.5196567370810794e-13,8.7890551345267253e-13,1.5438514722244150e-12,2.4234056178110698e-12,3.2034205583879543e-12,3.4482858367488991e-12,2.5281839342558571e-12
713,1.4038380905767045e-11,4.3874992932320074e-13,8.5284617190036841e-13,1.4973775983171970e-12,2.3498167861536399e-12,3.1057393640205087e-12,3.3429462273872035e-12,2.4509048286649266e-12
714,1.3612093188339670e-11,4.2591979967063505e-13,8.2755872462364881e-13,1.4523024005455441e-12,2.2784625437473472e-12,3.0110368882771143e-12,3.2408247678464236e-12,2.3759880636289549e-12
715,1.3198750070382077e-11,4.1346405943882196e-13,8.0302033161027344e-13,1.4085837939308811e-12,2.2092750353346912e-12,2.9192222927149847e-12,3.1418231369591921e-12,2.3033614203932325e-12
716,1.2797958477807023e-11,4.0137180924167637e-13,7.7920882791515381e-13,1.3661809594992182e-12,2.1421884661424257e-12,2.8302075092227259e-12,3.0458460176562030e-12,2.2329548881296194e-12
717,1.2409337272565790e-11,3.8963246618261731e-13,7.5610270373186676e-13,1.3250543062063100e-12,2.0771390393131561e-12,2.7439071555282994e-12,2.9528010051736309e-12,2.1647005964299093e-12
718,1.2032516890199944e-11,3.7823575469087570e-13,7.3368108505170895e-13,1.2851654340076245e-12,2.0140648952368731e-12,2.6602384532840346e-12,2.8625985180655102e-12,2.0985327498633168e-12
719,1.1667138988399136e-11,3.6717169762227969e-13,7.1192371489299613e-13,1.2464770980387038e-12,1.9529060527247404e-12,2.5791211486500754e-12,2.7751517119353682e-12,2.0343875645349717e-12
720,1.1312856106230761e-11,3.5643060761691180e-13,6.9081093508381674e-13,1.2089531738725389e-12,1.8936043519691964e-12,2.5004774353000651e-12,2.6903763958040036e-12,1.9722032065842279e-12
721,1.0969331333717406e-11,3.4600307870625008e-13,6.7032366858194442e-13,1.1725586238215877e-12,1.8361033992361158e-12,2.4242318797751783e-12,2.6081909510328531e-12,1.9119197325634746e-12
722,1.0636237991447852e-11,3.3587997816261679e-13,6.5044340231609193e-13,1.1372594642530268e-12,1.7803485132364439e-12,2.3503113491148710e-12,2.5285162527248542e-12,1.8534790316399486e-12
723,1.0313259319917005e-11,3.2605243858396355e-13,6.3115217053315546e-13,1.1030227338867873e-12,1.7262866731263061e-12,2.2786449406949141e-12,2.4512755935270846e-12,1.7968247695647947e-12
724,1.0000088178299245e-11,3.1651185020722413e-13,6.1243253863654767e-13,1.0698164630468249e-12,1.6738664680861363e-12,2.2091639142053690e-12,2.3763946097617963e-12,1.7419023343553473e-12
725,9.6964267523688206e-12,3.0724985344365431e-13,5.9426758750115885e-13,1.0376096438369732e-12,1.6230380484308798e-12,2.1418016257032503e-12,2.3038012098146678e-12,1.6886587836382359e-12
726,9.4019862712894809e-12,2.9825833162977352e-13,5.7664089825090788e-13,1.0063722012135830e-12,1.5737530782047798e-12,2.0764934636765769e-12,2.2334255047113259e-12,1.6370427936025345e-12
727,9.1164867330040486e-12,2.8952940398770191e-13,5.5953653748525906e-13,9.7607496492799152e-13,1.5259646892156604e-12,2.0131767870584813e-12,2.1651997408152320e-12,1.5870046095137223e-12
728,8.8396566379627635e-12,2.8105541878886486e-13,5.4293904294148089e-13,9.4668964231267258e-13,1.4796274364650038e-12,1.9517908651318732e-12,2.0990582345821381e-12,1.5384959977407295e-12
729,8.5712327309372108e-12,2.7282894671521092e-13,5.2683340957981387e-13,9.1818879188570278e-13,1.4346972549314286e-12,1.8922768192670146e-12,2.0349373093082423e-12,1.4914701992497979e-12
730,8.3109597506742926e-12,2.6484277441225621e-13,5.1120507607908698e-13,8.9054579774894658e-13,1.3911314176664778e-12,1.8345775664360839e-12,1.9727752338111296e-12,1.4458818845203108e-12
731,8.0585901871521689e-12,2.5708989822843223e-13,4.9603991173069610e-13,8.6373484475609696e-13,1.3488884951628621e-12,1.7786377644505425e-12,1.9125121629844333e-12,1.4016871098391050e-12
732,7.8138840462073459e-12,2.4956351813537059e-13,4.8132420371920468e-13,8.3773089442742943e-13,1.3079283159565260e-12,1.7244037588687401e-12,1.8540900801689578e-12,1.3588432749311166e-12
733,7.5766086213090547e-12,2.4225703182391473e-13,4.6704464477818081e-13,8.1250966158881789e-13,1.2682119284250627e-12,1.6718235315228283e-12,1.7974527412847487e-12,1.3173090818855009e-12
734,7.3465382722639145e-12,2.3516402897079589e-13,4.5318832121021341e-13,7.8804759171324372e-13,1.2297015637461557e-12,1.6208466506155833e-12,1.7425456206703125e-12,1.2770444953376112e-12
735,7.1234542106404191e-12,2.2827828567105730e-13,4.3974270126037904e-13,7.6432183894367338e-13,1.1923605999808203e-12,1.5714242223392570e-12,1.6893158585767990e-12,1.2380107038684340e-12
736,6.9071442917091797e-12,2.2159375903145084e-13,4.2669562383274333e-13,7.4131024477682441e-13,1.1561535272472864e-12,1.5235088439700320e-12,1.6377122102665850e-12,1.2001700825842578e-12
737,6.6974028127011096e-12,2.1510458192016781e-13,4.1403528753979310e-13,7.1899131738794787e-13,1.1210459139524092e-12,1.4770545583930721e-12,1.5876849966672342e-12,1.1634861568404847e-12
738,6.4940303171916599e-12,2.0880505786839908e-13,4.0175024007498509e-13,6.9734421157735863e-13,1.0870043740484921e-12,1.4320168100145347e-12,1.5391860565332910e-12,1.1279235670745995e-12
739,6.2968334054251055e-12,2.0268965611934752e-13,3.8982936789889194e-13,6.7634870932001733e-13,1.0539965352843828e-12,1.3883524020182411e-12,1.4921687000698416e-12,1.0934480347143839e-12
740,6.1056245503984973e-12,1.9675300682044376e-13,3.7826188622970365e-13,6.5598520090003730e-13,1.0219910084206570e-12,1.3460194549259919e-12,1.4465876639731706e-12,1.0600263291284931e-12
741,5.9202219195303824e-12,1.9098989635463649e-13,3.6703732932911485e-13,6.3623466661252660e-13,9.9095735737960473e-13,1.3049773664217631e-12,1.4023990678452086e-12,1.0276262355875279e-12
742,5.7404492017447172e-12,1.8539526280674710e-13,3.5614554107489255e-13,6.1707865901571388e-13,9.6086607030164288e-13,1.2651867724012343e-12,1.3595603719397869e-12,9.9621652420469955e-13
743,5.5661354398055258e-12,1.7996419156099530e-13,3.4557666581167455e-13,5.9849928571680703e-13,9.3168853148062183e-13,1.2266095092092787e-12,1.3180303362000111e-12,9.6576691982613721e-13
744,5.3971148677428616e-12,1.7469191102591223e-13,3.3532113947179934e-13,5.8047919267554267e-13,9.0339699415134330e-13,1.1892085770291762e-12,1.2777689805472892e-12,9.3624807284179882e-13
745,5.2332267532154732e-12,1.6957378848296733e-13,3.2536968095820570e-13,5.6300154800985849e-13,8.7596455410340839e-13,1.1529481043884225e-12,1.2387375463837720e-12,9.0763153088883854e-13
746,5.0743152446602622e-12,1.6460532605534094e-13,3.1571328378168073e-13,5.4605002628859431e-13,8.4936512409630302e-13,1.1177933137470791e-12,1.2008984592711247e-12,8.7988971142013927e-13
747,4.9202292230831914e-12,1.5978215679337641e-13,3.0634320794495423e-13,5.2960879329657559e-13,8.2357340905139431e-13,1.0837104881356462e-12,1.1642152927496856e-12,8.5299587511155886e-13
748,4.7708221583506780e-12,1.5510004087334552e-13,2.9725097206636663e-13,5.1366249125787948e-13,7.9856488199723972e-13,1.0506669388104438e-12,1.1286527332631597e-12,8.2692410008224340e-13
749,4.6259519698448380e-12,1.5055486190625808e-13,2.8842834573604507e-13,4.9819622450350521e-13,7.7431576074534227e-13,1.0186309738954702e-12,1.0941765461550702e-12,8.0164925690314704e-13
750,4.4854808913500424e-12,1.4614262335354000e-13,2.7986734209773427e-13,4.8319554557008750e-13,7.5080298527416410e-13,9.8757186798064859e-13,1.0607535427042110e-12,7.7714698436965731e-13
751,4.3492753400423262e-12,1.4185944504649572e-13,2.7156021064962840e-13,4.6864644171669291e-13,7.2800419579989495e-13,9.5745983264729056e-13,1.0283515481673596e-12,7.5339366601496394e-13
752,4.2172057894570325e-12,1.3770155980655957e-13,2.6349943025774759e-13,4.5453532184712862e-13,7.0589771151312076e-13,9.2826598789249876e-13,9.9693937079845930e-13,7.3036640734151843e-13
753,4.0891466463139207e-12,1.3366531016342653e-13,2.5567770237559170e-13,4.4084900382556949e-13,6.8446250996117270e-13,8.9996233442508539e-13,9.6648677181444346e-13,7.0804301374863126e-13
754,3.9649761310825750e-12,1.2974714516823705e-13,2.4808794446398877e-13,4.2757470217367919e-13,6.6367820705654798e-13,8.7252172680643350e-13,9.3696443627876902e-13,6.8640196913491980e-13
755,3.8445761621745605e-12,1.2594361729907142e-13,2.4072328360523552e-13,4.1470001613775227e-13,6.4352503769239396e-13,8.4591784741052065e-13,9.0834394487461576e-13,6.6542241515497096e-13
756,3.7278322436521735e-12,1.2225137945608835e-13,2.3357705030579920e-13,4.0221291811475228e-13,6.2398383694661832e-13,8.2012518117812789e-13,8.8059774654056853e-13,6.4508413111021928e-13
757,3.6146333563470265e-12,1.1866718204371865e-13,2.2664277248202154e-13,3.9010174242645581e-13,6.0503602185675431e-13,7.9511899114100638e-13,8.5369913194242650e-13,6.2536751445464300e-13
758,3.5048718522848991e-12,1.1518787013740036e-13,2.1991416962342665e-13,3.7835517443123129e-13,5.8666357374824772e-13,7.7087529469252157e-13,8.2762220775558738e-13,6.0625356189648430e-13
759,3.3984433523164867e-12,1.1181038073241307e-13,2.1338514712839488e-13,3.6696223996330505e-13,5.6884902109935993e-13,7.4737084058200393e-13,8.0234187173324219e-13,5.8772385107776751e-13
760,3.2952466468566642e-12,1.0853174007243999e-13,2.0704979080711978e-13,3.5591229508966288e-13,5.5157542292639497e-13,7.2458308661073641e-13,7.7783378853636269e-13,5.6976052281394742e-13
761,3.1951835996379019e-12,1.0534906105555436e-13,2.0090236154691288e-13,3.4519501617503919e-13,5.3482635267344730e-13,7.0249017800817515e-13,7.5407436630220943e-13,5.5234626387656337e-13
762,3.0981590543862844e-12,1.0225954071539321e-13,1.9493729013506856e-13,3.3480039024572726e-13,5.1858588259135158e-13,6.8107092646766082e-13,7.3104073392878817e-13,5.3546429030229503e-13
763,3.0040807443314022e-12,9.9260457775346075e-14,1.8914917223464069e-13,3.2471870564322648e-13,5.0283856859098037e-13,6.6030478982150234e-13,7.0871071905338154e-13,5.1909833121232474e-13
764,2.9128592044640455e-12,9.6349170273648009e-14,1.8353276350862085e-13,3.1494054295901024e-13,4.8756943555648340e-13,6.4017185233593356e-13,6.8706282670394563e-13,5.0323261312640389e-13
765,2.8244076864582758e-12,9.3523113257328702e-14,1.7808297488813994e-13,3.0545676624196106e-13,4.7276396310450400e-13,6.2065280560703852e-13,6.6607621860280776e-13,4.8785184475649618e-13
766,2.7386420761769634e-12,9.0779796543026166e-14,1.7279486798044387e-13,2.9625851447027418e-13,4.5840807177582896e-13,6.0172893003931312e-13,6.4573069310274098e-13,4.7294120226533648e-13
767,2.6554808136823371e-12,8.8116802542733200e-14,1.6766365061252091e-13,2.8733719327987567e-13,4.4448810964634102e-13,5.8338207688909520e-13,6.2600666573608259e-13,4.5848631497568835e-13
768,2.5748448156754869e-12,8.5531784152598626e-14,1.6268467250637700e-13,2.7868446694164271e-13,4.3099083934454223e-13,5.6559465085563421e-13,6.0688515035817221e-13,4.4447325151651982e-13
769,2.4966574002910590e-12,8.3022462702960612e-14,1.5785342108207552e-13,2.7029225057994235e-13,4.1790342546330058e-13,5.4834959320309604e-13,5.8834774086694369e-13,4.3088850639274060e-13
770,2.4208442141756276e-12,8.0586625967841324e-14,1.5316551738477200e-13,2.6215270262523442e-13,4.0521342235385013e-13,5.3163036539731393e-13,5.7037659348106815e-13,4.1771898696554770e-13
771,2.3473331617803861e-12,7.8222126232183199e-14,1.4861671213208385e-13,2.5425821749369617e-13,3.9290876229043814e-13,5.1542093324157987e-13,5.5295440955957881e-13,4.0495200083082598e-13
772,2.2760543368009410e-12,7.5926878415157065e-14,1.4420288187824557e-13,2.4660141848704551e-13,3.8097774399436101e-13,4.9970575149626246e-13,5.3606441894643648e-13,3.9257524358343318e-13
773,2.2069399556989887e-12,7.3698858247920045e-14,1.3992002529160203e-13,2.3917515090593799e-13,3.6940902150647991e-13,4.8446974896749029e-13,5.1969036382398778e-13,3.8057678695557086e-13
774,2.1399242932426643e-12,7.1536100504248334e-14,1.3576425954209571e-13,2.3197247537051586e-13,3.5819159339763108e-13,4.6969831405059665e-13,5.0381648305977420e-13,3.6894506731780239e-13
775,2.0749436200042670e-12,6.9436697282514744e-14,1.3173181679550156e-13,2.2498666134188002e-13,3.4731479230667162e-13,4.5537728071445465e-13,4.8842749703161182e-13,3.5766887453163244e-13
776,2.0119361417559204e-12,6.7398796337525950e-14,1.2781904081125908e-13,2.1821118083844088e-13,3.3676827479621191e-13,4.4149291491325747e-13,4.7350859291632903e-13,3.4673734114289607e-13
777,1.9508419407055386e-12,6.5420599460776255e-14,1.2402238364084376e-13,2.1163970234128954e-13,3.2654201151638763e-13,4.2803190141270597e-13,4.5904541042799620e-13,3.3613993190553925e-13
778,1.8916029185172088e-12,6.3500360907716955e-14,1.2033840242371082e-13,2.0526608488290238e-13,3.1662627766731674e-13,4.1498133101796405e-13,4.4502402799190930e-13,3.2586643362568853e-13
779,1.8341627410618154e-12,6.1636385870680477e-14,1.1676375627793072e-13,1.9908437231366787e-13,3.0701164375117338e-13,4.0232868819112931e-13,4.3143094934101711e-13,3.1590694531621663e-13
780,1.7784667848453560e-12,5.9827028996137883e-14,1.1329520328272181e-13,1.9308878774088563e-13,2.9768896660508238e-13,3.9006183904633929e-13,4.1825309052187826e-13,3.0625186865231070e-13
781,1.7244620850640097e-12,5.8070692945006355e-14,1.0992959755016698e-13,1.8727372813505236e-13,2.8864938070630801e-13,3.7816901971099443e-13,4.0547776729764051e-13,2.9689189871884122e-13
782,1.6720972852365598e-12,5.6365826994760314e-14,1.0666388638348189e-13,1.8163375909840220e-13,2.7988428974146823e-13,3.6663882504193304e-13,3.9309268293590594e-13,2.8781801504060795e-13
783,1.6213225883662680e-12,5.4710925682135912e-14,1.0349510751927935e-13,1.7616360979082296e-13,2.7138535843175724e-13,3.5546019768573196e-13,3.8108591636972469e-13,2.7902147288681607e-13
784,1.5720897095857694e-12,5.3104527485253436e-14,1.0042038645135045e-13,1.7085816800841402e-13,2.6314450460640197e-13,3.4462241747263768e-13,3.6944591072031528e-13,2.7049379484139642e-13
785,1.5243518302399338e-12,5.1545213544016033e-14,9.7436933833555179e-14,1.6571247541009584e-13,2.5515389151681566e-13,3.3411509113395189e-13,3.5816146217045662e-13,2.6222676263104258e-13
786,1.4780635533630558e-12,5.0031606417676376e-14,9.4542042959487561e-14,1.6072172288781827e-13,2.4740592038413803e-13,3.2392814233300846e-13,3.4722170917784171e-13,2.5421240920308533e-13
787,1.4331808605080062e-12,4.8562368878494639e-14,9.1733087316647730e-14,1.5588124607604824e-13,2.3989322317307665e-13,3.1405180200017461e-13,3.3661612201799881e-13,2.4644301104556554e-13
788,1.3896610698863127e-12,4.7136202740442293e-14,8.9007518212921393e-14,1.5118652099634860e-13,2.3260865558517644e-13,3.0447659896260771e-13,3.2633449264671616e-13,2.3891108074210005e-13
789,1.3474627957793491e-12,4.5751847721936580e-14,8.6362862473231560e-14,1.4663315983298458e-13,2.2554529026485517e-13,2.9519335085977467e-13,3.1636692487220321e-13,2.3160935975436333e-13
790,1.3065459091820406e-12,4.4408080341619568e-14,8.3796720204290050e-14,1.4221690683561710e-13,2.1869641021174288e-13,2.8619315533602063e-13,3.0670382482752636e-13,2.2453081142522406e-13
791,1.2668714996416582e-12,4.3103712846224423e-14,8.1306762625438093e-14,1.3793363434526055e-13,2.1205550239306230e-13,2.7746738150173703e-13,2.9733589173414457e-13,2.1766861419579124e-13
792,1.2284018382554091e-12,4.1837592169598998e-14,7.8890729963624134e-14,1.3377933893979796e-13,2.0561625154997407e-13,2.6900766165493610e-13,2.8825410894764843e-13,2.1101615502982958e-13
793,1.1911003417916417e-12,4.0608598921983925e-14,7.6546429410624762e-14,1.2975013769545682e-13,1.9937253419199839e-13,2.6080588325529186e-13,2.7944973527708169e-13,2.0456702303920416e-13
794,1.1549315379005362e-12,3.9415646408668097e-14,7.4271733140670136e-14,1.2584226456075857e-13,1.9331841277380094e-13,2.5285418114294591e-13,2.7091429656948481e-13,1.9831500330420772e-13
795,1.1198610313812085e-12,3.8257679677170274e-14,7.2064576386690485e-14,1.2205206683955827e-13,1.8744813004880572e-13,2.4514492999461349e-13,2.6263957755155748e-13,1.9225407088281267e-13
796,1.0858554714731387e-12,3.7133674592119756e-14,6.9922955573451490e-14,1.1837600177989352e-13,1.8175610359426571e-13,2.3767073700975388e-13,2.5461761392058306e-13,1.8637838500307135e-13
797,1.0528825201408269e-12,3.6042636937033017e-14,6.7844926505898822e-14,1.1481063326545980e-13,1.7623692050258423e-13,2.3042443481978687e-13,2.4684068467699895e-13,1.8068228343306524e-13
798,1.0209108213215113e-12,3.4983601542206688e-14,6.5828602611080644e-14,1.1135262860662589e-13,1.7088533223383927e-13,2.2339907461355384e-13,2.3930130469123013e-13,1.7516027702297474e-13
799,9.8990997110670678e-13,3.3955631437969389e-14,6.3872153232065417e-14,1.0799875542799455e-13,1.6569624962461494e-13,2.1658791947242824e-13,2.3199221749762722e-13,1.6980704441400696e-13
800,9.5985048882920823e-13,3.2957817032557218e-14,6.1973801972319335e-14,1.0474587864960535e-13,1.6066473804839487e-13,2.0998443790868121e-13,2.2490638830856984e-13,1.6461742690908038e-13
801,9.3070378902806051e-13,3.1989275313898630e-14,6.0131825089052259e-14,1.0159095755896229e-13,1.5578601272291364e-13,2.0358229760090389e-13,2.1803699724200922e-13,1.5958642350032058e-13
802,9.0244215426483829e-13,3.1049149074615311e-14,5.8344549934085858e-14,9.8531042971154631e-14,1.5105543416000534e-13,1.9737535932047665e-13,2.1137743275592727e-13,1.5470918604857319e-13
803,8.7503870876538146e-13,3.0136606159565581e-14,5.6610353440839712e-14,9.5563274474421064e-14,1.4646850375362086e-13,1.9135767104325795e-13,2.0492128528339048e-13,1.4998101461028581e-13
804,8.4846739286192450e-13,2.9250838735276407e-14,5.4927660656072881e-14,9.2684877758587038e-14,1.4202085950181938e-13,1.8552346224084521e-13,1.9866234106206971e-13,1.4539735290725395e-13
805,8.2270293821131131e-13,2.8391062580629016e-14,5.3294943315058619e-14,8.9893162023882311e-14,1.3770827185866504e-13,1.7986713834593012e-13,1.9259457615228375e-13,1.4095378393486260e-13
806,7.9772084376573172e-13,2.7556516398181332e-14,5.1710718458908805e-14,8.7185517467721283e-14,1.3352663971208446e-13,1.7438327538643956e-13,1.8671215063780659e-13,1.3664602570458969e-13
807,7.7349735247312571e-13,2.6746461145528589e-14,5.0173547092802646e-14,8.4559412847100335e-14,1.2947198648386005e-13,1.6906661478331394e-13,1.8100940300385400e-13,1.3246992711666615e-13
808,7.5000942868510318e-13,2.5960179386120440e-14,4.8682032883911015e-14,8.2012393114338106e-14,1.2554045634805074e-13,1.6391205830693321e-13,1.7548084468683587e-13,1.2842146395891371e-13
809,7.2723473625088935e-13,2.5196974658970033e-14,4.7234820897843258e-14,7.9542077123952256e-14,1.2172831056424337e-13,1.5891466318735146e-13,1.7012115479062671e-13,1.2449673502790226e-13
810,7.0515161727646862e-13,2.4456170866706645e-14,4.5830596372478169e-14,7.7146155408532631e-14,1.1803192392214815e-13,1.5406963737364974e-13,1.6492517496426531e-13,1.2069195836868792e-13
811,6.8373907152872348e-13,2.3737111681439391e-14,4.4468083528074222e-14,7.4822388021535893e-14,1.1444778129415717e-13,1.4937233493785895e-13,1.5988790443615237e-13,1.1700346762950542e-13
812,6.6297673646498703e-13,2.3039159967915060e-14,4.3146044412586935e-14,7.2568602444987790e-14,1.1097247429258750e-13,1.4481825161904445e-13,1.5500449519996402e-13,1.1342770852790130e-13
813,6.4284486786901458e-13,2.2361697223467826e-14,4.1863277781152814e-14,7.0382691560141200e-14,1.0760269802843005e-13,1.4040302050327718e-13,1.5027024734764546e-13,1.0996123542490011e-13
814,6.2332432107496012e-13,2.1704123034273461e-14,4.0618618008729873e-14,6.8262611679195552e-14,1.0433524796852153e-13,1.3612240783534736e-13,1.4568060454499122e-13,1.0660070800390118e-13
815,6.0439653276150470e-13,2.1065854547434462e-14,3.9410934034914998e-14,6.6206380636241145e-14,1.0116701688815178e-13,1.3197230895820307e-13,1.4123114964545529e-13,1.0334288805110398e-13
816,5.8604350329882082e-13,2.0446325958436493e-14,3.8239128339986765e-14,6.4212075935646561e-14,9.8094991916207143e-14,1.2794874437621827e-13,1.3691760043796769e-13,1.0018463633435783e-13
817,5.6824777963158726e-13,1.9844988013529560e-14,3.7102135951250909e-14,6.2277832956161049e-14,9.5116251670041126e-14,1.2404785593851410e-13,1.3273580552466315e-13,9.7122909577427370e-14
818,5.5099243868177659e-13,1.9261307526600654e-14,3.5998923478792572e-14,6.0401843209056019e-14,9.2227963477346987e-14,1.2026590313867164e-13,1.2868174032455245e-13,9.4154757526756130e-14
819,5.3426107125542971e-13,1.8694766910116700e-14,3.4928488179766030e-14,5.8582352648679850e-14,8.9427380682390730e-14,1.1659925952728714e-13,1.2475150319928867e-13,9.1277320107900628e-14
820,5.1803776643811845e-13,1.8144863719729238e-14,3.3889857050378294e-14,5.6817660033849122e-14,8.6711840034042555e-14,1.1304440923392800e-13,1.2094131169729751e-13,8.8487824668893675e-14
821,5.0230709646424964e-13,1.7611110212143831e-14,3.2882085944747757e-14,5.5106115338547202e-14,8.4078759153123111e-14,1.0959794359515320e-13,1.1724749891265581e-13,8.5783583307878736e-14
822,4.8705410204582967e-13,1.7093032915868880e-14,3.1904258719843470e-14,5.3446118210446595e-14,8.1525634076655985e-14,1.0625655788536342e-13,1.1366650995521163e-13,8.3161990282439673e-14
823,4.7226427814673146e-13,1.6590172214469519e-14,3.0955486405733788e-14,5.1836116475816414e-14,7.9050036876691121e-14,1.0301704814734512e-13,1.1019489852854781e-13,8.0620519498127673e-14
824,4.5792356018893943e-13,1.6102081941963295e-14,3.0034906400396191e-14,5.0274604689419492e-14,7.6649613351434637e-14,9.9876308119468006e-14,1.0682932361249330e-13,7.8156722073764530e-14
825,4.4401831067765360e-13,1.5628328990004678e-14,2.9141681688361941e-14,4.8760122728045657e-14,7.4322080786489687e-14,9.6831326256588208e-14,1.0356654624698865e-13,7.5768223981174819e-14
826,4.3053530623253421e-13,1.5168492926515859e-14,2.8275000082490943e-14,4.7291254426368377e-14,7.2065225784079106e-14,9.3879182841799829e-14,1.0040342641420850e-13,7.3452723757071604e-14
827,4.1746172501275350e-13,1.4722165625431043e-14,2.7434073488192660e-14,4.5866626253851381e-14,6.9876902158185485e-14,9.1017047186263813e-14,9.7336920015939248e-14,7.1207990284889899e-14
828,4.0478513452389766e-13,1.4288950907231224e-14,2.6618137189429490e-14,4.4484906031470511e-14,6.7755028893607515e-14,8.8242174914428362e-14,9.4364075943301297e-14,6.9031860644429299e-14
829,3.9249347979512195e-13,1.3868464189955774e-14,2.5826449155858348e-14,4.3144801687052593e-14,6.5697588166990929e-14,8.5551905332036632e-14,9.1482033235994933e-14,6.6922238027232799e-14
830,3.8057507191531755e-13,1.3460332150386162e-14,2.5058289370485357e-14,4.1845060048069813e-14,6.3702623427952860e-14,8.2943658874397114e-14,8.8688018328334109e-14,6.4877089715692110e-14
831,3.6901857691738700e-13,1.3064192395106121e-14,2.4312959177226961e-14,4.0584465670762596e-14,6.1768237538474529e-14,8.0414934632468716e-14,8.5979342379416759e-14,6.2894445123931284e-14
832,3.5781300500005935e-13,1.2679693141151017e-14,2.3589780647788801e-14,3.9361839704497898e-14,5.9892590968792756e-14,7.7963307954387773e-14,8.3353398684861207e-14,6.0972393898579904e-14
833,3.4694770007699342e-13,1.2306492905967591e-14,2.2888095967290867e-14,3.8176038790303033e-14,5.8073900048074841e-14,7.5586428120136065e-14,8.0807660167616045e-14,5.9109084077604994e-14
834,3.3641232964323196e-13,1.1944260206413255e-14,2.2207266838084542e-14,3.7025953992546619e-14,5.6310435268213401e-14,7.3282016087119332e-14,7.8339676945428192e-14,5.7302720305426630e-14
835,3.2619687494937010e-13,1.1592673266532069e-14,2.1546673901223469e-14,3.5910509762769405e-14,5.4600519639127750e-14,7.1047862304493927e-14,7.5947073972626745e-14,5.5551562102596684e-14
836,3.1629162147409315e-13,1.1251419733852073e-14,2.0905716175065982e-14,3.4828662934697762e-14,5.2942527094008055e-14,6.8881824594144821e-14,7.3627548753951851e-14,5.3853922188372550e-14
837,3.0668714968602493e-13,1.0920196403956097e-14,2.0283810510502362e-14,3.3779401749501558e-14,5.1334880942985727e-14,6.6781826096282499e-14,7.1378869128227917e-14,5.2208164854568716e-14
838,2.9737432608609985e-13,1.0598708953085332e-14,1.9680391062315155e-14,3.2761744910386391e-14,4.9776052373759363e-14,6.4745853277688136e-14,6.9198871119746819e-14,5.0612704389118715e-14
839,2.8834429452194204e-13,1.0286671678541997e-14,1.9094908776195230e-14,3.1774740665637706e-14,4.8264558997750554e-14,6.2771954000696326e-14,6.7085456855292604e-14,4.9066003547827604e-14
840,2.7958846776598965e-13,9.9838072466641042e-15,1.8526830890950500e-14,3.0817465919260708e-14,4.6798963440406911e-14,6.0858235651063403e-14,6.5036592544802223e-14,4.7566572072841799e-14
841,2.7109851934935852e-13,9.6898464481520382e-15,1.7975640455457785e-14,2.9889025368385621e-14,4.5377871974311782e-14,5.9002863322925320e-14,6.3050306523717903e-14,4.6112965256408068e-14
842,2.6286637564367632e-13,9.4045279605329625e-15,1.7440835859921607e-14,2.8988550666633226e-14,4.3999933193800817e-14,5.7204058059104160e-14,6.1124687355146433e-14,4.4703782548537115e-14
843,2.5488420818335926e-13,9.1275981175553167e-15,1.6921930381016685e-14,2.8115199612659278e-14,4.2663836729824898e-14,5.5460095145075465e-14,5.9257881989998071e-14,4.3337666207229524e-14
844,2.4714442622102963e-13,8.8588106853117073e-15,1.6418451740503295e-14,2.7268155363120444e-14,4.1368312003837441e-14,5.3769302454959889e-14,5.7448093983333868e-14,4.2013299989962971e-14
845,2.3963966950899444e-13,8.5979266448943442e-15,1.5929941676916859e-14,2.6446625669326821e-14,4.0112127019520983e-14,5.2130058847952459e-14,5.5693581765203755e-14,4.0729407885179225e-14
846,2.3236280129992098e-13,8.3447139813928151e-15,1.5455955529944892e-14,2.5649842136868342e-14,3.8894087191204026e-14,5.0540792613651756e-14,5.3992656964310999e-14,3.9484752882548155e-14
847,2.2530690156005262e-13,8.0989474790495994e-15,1.4996061837115907e-14,2.4877059507523802e-14,3.7713034207854039e-14,4.8999979964797249e-14,5.2343682782888699e-14,3.8278135780823344e-14
848,2.1846526038851172e-13,7.8604085223940064e-15,1.4549841942435878e-14,2.4127554962782021e-14,3.6567844931566315e-14,4.7506143575969509e-14,5.0745072421224033e-14,3.7108394032139971e-14
849,2.1183137163643079e-13,7.6288849031804727e-15,1.4116889616618794e-14,2.3400627448324907e-14,3.5457430329501214e-14,4.6057851166851203e-14,4.9195287550313101e-14,3.5974400621641080e-14
850,2.0539892671984440e-13,7.4041706329621968e-15,1.3696810688568091e-14,2.2695597018841490e-14,3.4380734438253955e-14,4.4653714128690399e-14,4.7692836831176228e-14,3.4875062981352033e-14
851,1.9916180862045832e-13,7.1860657611359885e-15,1.3289222687776056e-14,2.2011804202561437e-14,3.3336733359672359e-14,4.3292386192648281e-14,4.6236274479407839e-14,3.3809321937256350e-14
852,1.9311408606859011e-13,6.9743761982989952e-15,1.2893754497318054e-14,2.1348609384914382e-14,3.2324434287167361e-14,4.1972562138754331e-14,4.4824198873579164e-14,3.2776150688557815e-14
853,1.8725000790275014e-13,6.7689135447625907e-15,1.2510046017128016e-14,2.0705392210739834e-14,3.1342874561590516e-14,4.0692976544230451e-14,4.3455251206153779e-14,3.1774553818144944e-14
854,1.8156399760049868e-13,6.5694949240731997e-15,1.2137747837250852e-14,2.0081551004489193e-14,3.0391120755780608e-14,3.9452402569983421e-14,4.2128114175617412e-14,3.0803566333303988e-14
855,1.7605064797537840e-13,6.3759428213941968e-15,1.1776520920776524e-14,1.9476502207878743e-14,2.9468267786908729e-14,3.8249650784101936e-14,4.0841510718562593e-14,2.9862252735755688e-14
856,1.7070471603487917e-13,6.1880849266072789e-15,1.1426036296169186e-14,1.8889679834468267e-14,2.8573438055777866e-14,3.7083568021229496e-14,3.9594202780507618e-14,2.8949706120119460e-14
857,1.6552111799454512e-13,6.0057539819957821e-15,1.1085974758713271e-14,1.8320534940656092e-14,2.7705780612258424e-14,3.5953036276719371e-14,3.8384990124266388e-14,2.8065047299935795e-14
858,1.6049492444348284e-13,5.8287876343764609e-15,1.0756026580806666e-14,1.7768535112596517e-14,2.6864470346065872e-14,3.4856971634510688e-14,3.7212709174721985e-14,2.7207423960404665e-14
859,1.5562135565667312e-13,5.6570282915500965e-15,1.0435891230839096e-14,1.7233163968560514e-14,2.6048707202111335e-14,3.3794323227697517e-14,3.6076231898891590e-14,2.6376009837022993e-14
860,1.5089577704962848e-13,5.4903229829450488e-15,1.0125277100401485e-14,1.6713920676274977e-14,2.5257715419678620e-14,3.2764072230793939e-14,3.4974464720204819e-14,2.5570003919329580e-14
861,1.4631369477107373e-13,5.3285232243316000e-15,9.8239012395797714e-15,1.6210319484789721e-14,2.4490742794704330e-14,3.1765230882728380e-14,3.3906347465949976e-14,2.4788629678989953e-14
862,1.4187075142945916e-13,5.1714848864884102e-15,9.5314891000937056e-15,1.5721889270435139e-14,2.3747059964459524e-14,3.0796841539630298e-14,3.2870852346875078e-14,2.4031134321477001e-14
863,1.3756272194924138e-13,5.0190680677058892e-15,9.2477742860484853e-15,1.5248173096446414e-14,2.3025959713952582e-14,2.9857975756500667e-14,3.1866982967961179e-14,2.3296788060626144e-14
864,1.3338550955299212e-13,4.8711369700146391e-15,8.9724983120737182e-15,1.4788727785843088e-14,2.2326756303393801e-14,2.8947733396885328e-14,3.0893773369415810e-14,2.2584883415365727e-14
865,1.2933514186551372e-13,4.7275597790303983e-15,8.7054103686310797e-15,1.4343123507164988e-14,2.1648784816082102e-14,2.8065241769697447e-14,2.9950287096962908e-14,2.1894734527944790e-14
866,1.2540776713625657e-13,4.5882085473099906e-15,8.4462670942783268e-15,1.3910943372677761e-14,2.0991400526093724e-14,2.7209654792361016e-14,2.9035616300534758e-14,2.1225676503000976e-14
867,1.2159965057644609e-13,4.4529590811159738e-15,8.1948323546837341e-15,1.3491783048672578e-14,2.0353978285171608e-14,2.6380152179472840e-14,2.8148880860497741e-14,2.0577064766831612e-14
868,1.1790717080743619e-13,4.3216908304905461e-15,7.9508770281910300e-15,1.3085250377496238e-14,1.9735911928232414e-14,2.5575938656204783e-14,2.7289227540570949e-14,1.9948274446250219e-14
869,1.1432681641691144e-13,4.1942867825422458e-15,7.7141787977408866e-15,1.2690965010958506e-14,1.9136613696925858e-14,2.4796243195691845e-14,2.6455829166622189e-14,1.9338699766429901e-14
870,1.1085518261966328e-13,4.0706333578517036e-15,7.4845219489606884e-15,1.2308558054774354e-14,1.8555513680698147e-14,2.4040318279674624e-14,2.5647883830550733e-14,1.8747753467153034e-14
871,1.0748896801976465e-13,3.9506203099055341e-15,7.2616971742399295e-15,1.1937671723709036e-14,1.7992059274828035e-14,2.3307439181687024e-14,2.4864614118490382e-14,1.8174866236904710e-14
872,1.0422497147106393e-13,3.8341406274699972e-15,7.0455013826139714e-15,1.1577959007103834e-14,1.7445714654920073e-14,2.2596903272101734e-14,2.4105266362589901e-14,1.7619486164264417e-14
873,1.0106008903301289e-13,3.7210904398187046e-15,6.8357375152841380e-15,1.1229083344470138e-14,1.6915960267355330e-14,2.1908029344366869e-14,2.3369109915650573e-14,1.7081078206067120e-14
874,9.7991311018933436e-14,3.6113689247311029e-15,6.6322143666071958e-15,1.0890718310848802e-14,1.6402292335215037e-14,2.1240156961787666e-14,2.2655436447922432e-14,1.6559123671821201e-14
875,9.5015719133916500e-14,3.5048782191809058e-15,6.4347464103922522e-15,1.0562547311640878e-14,1.5904222379207290e-14,2.0592645824226588e-14,2.1963559265382308e-14,1.6053119723886268e-14
876,9.2130483699630856e-14,3.4015233326359916e-15,6.2431536313478499e-15,1.0244263286624764e-14,1.5421276753141220e-14,1.9964875154114568e-14,2.1292812648837459e-14,1.5562578892929003e-14
877,8.9332860963403372e-14,3.3012120628935650e-15,6.0572613615267226e-15,9.9355684228831629e-15,1.4952996193506891e-14,1.9356243101184456e-14,2.0642551213218433e-14,1.5087028608190134e-14
878,8.6620190489011106e-14,3.2038549143766205e-15,5.8769001216201480e-15,9.6361738763718124e-15,1.4498935382732646e-14,1.8766166165355697e-14,2.0012149286444498e-14,1.4626010742109678e-14
879,8.3989892626704486e-14,3.1093650188198554e-15,5.7019054669582861e-15,9.3457995018698463e-15,1.4058662525704449e-14,1.8194078637216855e-14,1.9401000307263602e-14,1.4179081168871581e-14
880,8.1439466060055349e-14,3.0176580582753286e-15,5.5321178380770427e-15,9.0641735910595546e-15,1.3631758939144665e-14,1.7639432055569239e-14,1.8808516241487274e-14,1.3745809336442239e-14
881,7.8966485427297085e-14,2.9286521903701402e-15,5.3673824157162309e-15,8.7910326184908238e-15,1.3217818653459653e-14,1.7101694681511412e-14,1.8234127016058403e-14,1.3325777851690415e-14
882,7.6568599014894933e-14,2.8422679757504062e-15,5.2075489801177164e-15,8.5261209951930449e-15,1.2816448026677646e-14,1.6580350988560214e-14,1.7677279970407206e-14,1.2918582078188693e-14
883,7.4243526521152946e-14,2.7584283076477170e-15,5.0524717744961738e-15,8.2691908297042147e-15,1.2427265370109707e-14,1.6074901168319216e-14,1.7137439324567148e-14,1.2523829746308765e-14
884,7.1989056887731074e-14,2.6770583435061105e-15,4.9020093725588205e-15,8.0200016962940749e-15,1.2049900585377867e-14,1.5584860651220565e-14,1.6614085663538850e-14,1.2141140575234785e-14
885,6.9803046197010057e-14,2.5980854386094098e-15,4.7560245499541864e-15,7.7783204101647304e-15,1.1683994812465169e-14,1.5109759641880512e-14,1.6106715437405586e-14,1.1770145906530467e-14
886,6.7683415633304734e-14,2.5214390816505234e-15,4.6143841595334707e-15,7.5439208094187400e-15,1.1329200088453018e-14,1.4649142668623069e-14,1.5614840476719183e-14,1.1410488348906726e-14
887,6.5628149505986800e-14,2.4470508321860026e-15,4.4769590103115672e-15,7.3165835435910025e-15,1.0985179016621247e-14,1.4202568146739676e-14,1.5137987522689793e-14,1.1061821433847514e-14
888,6.3635293332637289e-14,2.3748542599208157e-15,4.3436237500180873e-15,7.0960958685468624e-15,1.0651604445596262e-14,1.3769607955066072e-14,1.4675697771727296e-14,1.0723809281761897e-14
889,6.1702951980405733e-14,2.3047848857698784e-15,4.2142567511320388e-15,6.8822514475548600e-15,1.0328159158242133e-14,1.3349847025470273e-14,1.4227526433895930e-14,1.0396126278340625e-14
890,5.9829287863808590e-14,2.2367801246444695e-15,4.0887400002969133e-15,6.6748501583482207e-15,1.0014535569998775e-14,1.2942882944857897e-14,1.3793042304857039e-14,1.0078456760805285e-14
891,5.8012519197253121e-14,2.1707792299131357e-15,3.9669589910160129e-15,6.4736979059948820e-15,9.7104354363803536e-15,1.2548325569313209e-14,1.3371827350887943e-14,9.7704947137475751e-15
892,5.6250918300624805e-14,2.1067232394881979e-15,3.8488026195308108e-15,6.2786064414012027e-15,9.4155695693557595e-15,1.2165796650005787e-14,1.2963476306577438e-14,9.4719434742656092e-15
893,5.4542809956327322e-14,2.0445549234903592e-15,3.7341630837880100e-15,6.0893931852797730e-15,9.1296575623414431e-15,1.1794929470504024e-14,1.2567596284810664e-14,9.1825154461130488e-15
894,5.2886569816212134e-14,1.9842187334453180e-15,3.6229357854037749e-15,5.9058810574168981e-15,8.8524275235450666e-15,1.1435368495147645e-14,1.2183806398667908e-14,8.9019318225855243e-15
895,5.1280622856883294e-14,1.9256607529676447e-15,3.5150192345362904e-15,5.7278983110801850e-15,8.5836158174064277e-15,1.1086769028142047e-14,1.1811737394873400e-14,8.6299223178772999e-15
896,4.9723441881908141e-14,1.8688286498884463e-15,3.4103149575804673e-15,5.5552783724115613e-15,8.3229668138897518e-15,1.0748796883047428e-14,1.1451031298441227e-14,8.3662249066492577e-15
897,4.8213546069509724e-14,1.8136716297846558e-15,3.3087274076011411e-15,5.3878596846556449e-15,8.0702326453889279e-15,1.0421128062345828e-14,1.1101341068176330e-14,8.1105855715571987e-15
898,4.6749499564359856e-14,1.7601403908689835e-15,3.2101638774235994e-15,5.2254855570779082e-15,7.8251729710145504e-15,1.0103448446778718e-14,1.0762330262698979e-14,7.8627580584971154e-15
899,4.5329910112133471e-14,1.7081870802007667e-15,3.1145344153026628e-15,5.0680040184314996e-15,7.5875547480385770e-15,9.7954534941572114e-15,1.0433672716671180e-14,7.6225036393315781e-15
900,4.3953427735526120e-14,1.6577652511791183e-15,3.0217517430939037e-15,4.9152676748357729e-15,7.3571520102792770e-15,9.4968479473560680e-15,1.0115052226913457e-14,7.3895908818685244e-15
901,4.2618743450475175e-14,1.6088298222809067e-15,2.9317311768528199e-15,4.7671335719337592e-15,7.1337456532157090e-15,9.2073455512114056e-15,9.8061622481097894e-15,7.1637954268707823e-15
902,4.1324588021364210e-14,1.5613370370071684e-15,2.8443905497899890e-15,4.6234630611997531e-15,6.9171232256273875e-15,8.9266687780506661e-15,9.5067055978078346e-15,6.9448997718814149e-15
903,4.0069730754026699e-14,1.5152444250026462e-15,2.7596501375123774e-15,4.4841216702721046e-15,6.7070787275609994e-15,8.6545485615915881e-15,9.2163941704304497e-15,6.7326930616565333e-15
904,3.8852978325401072e-14,1.4705107643141525e-15,2.6774325854830070e-15,4.3489789771900523e-15,6.5034124144320305e-15,8.3907240389549550e-15,8.9349486600232651e-15,6.5269708850036101e-15
905,3.7673173648724538e-14,1.4270960447544714e-15,2.5976628386332417e-15,4.2179084884170759e-15,6.3059306070750160e-15,8.1349423005438052e-15,8.6620982914714200e-15,6.3275350778295087e-15
906,3.6529194773186078e-14,1.3849614323394748e-15,2.5202680730638405e-15,4.0907875205367733e-15,6.1144455075617846e-15,7.8869581475491025e-15,8.3975805599267126e-15,6.1341935322083867e-15
907,3.5419953816992579e-14,1.3440692347670793e-15,2.4451776297728878e-15,3.9674970855107452e-15,5.9287750206125515e-15,7.6465338568494301e-15,8.1411409781943954e-15,5.9467600112854926e-15
908,3.4344395932833302e-14,1.3043828679075796e-15,2.3723229503504760e-15,3.8479217793912251e-15,5.7487425804300001e-15,7.4134389530791633e-15,7.8925328318364177e-15,5.7650539698384375e-15
909,3.3301498304758881e-14,1.2658668232757837e-15,2.3016375145818372e-15,3.7319496743844789e-15,5.5741769827917179e-15,7.1874499876465838e-15,7.6515169417554308e-15,5.5889003803230540e-15
910,3.2290269175521087e-14,1.2284866364562451e-15,2.2330567799023444e-15,3.6194722141641080e-15,5.4049122222412794e-15,6.9683503244899790e-15,7.4178614340309924e-15,5.4181295642361401e-15
911,3.1309746903448117e-14,1.1922088564537130e-15,2.1665181226494610e-15,3.5103841123364109e-15,5.2407873342231710e-15,6.7559299323662933e-15,7.1913415167864524e-15,5.2525770286326173e-15
912,3.0358999047958830e-14,1.1570010159417436e-15,2.1019607810583565e-15,3.4045832539629287e-15,5.0816462420114241e-15,6.5499851834731225e-15,6.9717392638717420e-15,5.0920833076395127e-15
913,2.9437121482846052e-14,1.1228316023832078e-15,2.0393257999494903e-15,3.3019706000481353e-15,4.9273376082863951e-15,6.3503186582109255e-15,6.7588434051538501e-15,4.9364938088140494e-15
914,2.8543237536485844e-14,1.0896700299971822e-15,1.9785559770579810e-15,3.2024500949030149e-15,4.7777146912185440e-15,6.1567389558982390e-15,6.5524491232131137e-15,4.7856586641977703e-15
915,2.7676497158155073e-14,1.0574866125474772e-15,1.9195958109560764e-15,3.1059285762979521e-15,4.6326352049223638e-15,5.9690605112583680e-15,6.3523578562496899e-15,4.6394325859231464e-15
916,2.6836076109664473e-14,1.0262525369287554e-15,1.8623914505214848e-15,3.0123156883209620e-15,4.4919611841477323e-15,5.7871034165015580e-15,6.1583771070104469e-15,4.4976747262335326e-15
917,2.6021175181538448e-14,9.9593983752691593e-16,1.8068906459057105e-15,2.9215237968598199e-15,4.3555588530800470e-15,5.6106932488320290e-15,5.9703202575523866e-15,4.3602485417815407e-15
918,2.5231019432996316e-14,9.6652137133108359e-16,1.7530427009579245e-15,2.8334679076291013e-15,4.2232984981243444e-15,5.4396609032144713e-15,5.7880063896642985e-15,4.2270216620750926e-15
919,2.4464857455012143e-14,9.3797079377521889e-16,1.7007984270611786e-15,2.7480655866655139e-15,4.0950543445524533e-15,5.2738424302396095e-15,5.6112601107738264e-15,4.0978657619443406e-15
920,2.3721960655752416e-14,9.1026253528799286e-16,1.6501100983390951e-15,2.6652368832172221e-15,3.9707044368958525e-15,5.1130788789333623e-15,5.4399113851723198e-15,3.9726564379065667e-15
921,2.3001622567712038e-14,8.8337177853020705e-16,1.6009314081923705e-15,2.5849042549550837e-15,3.8501305229705125e-15,4.9572161443588640e-15,5.2737953703950930e-15,3.8512730883099051e-15
922,2.2303158175889763e-14,8.5727443629963357e-16,1.5532174271256529e-15,2.5069924954359065e-15,3.7332179414234245e-15,4.8061048198651833e-15,5.1127522585995570e-15,3.7335987971404060e-15
923,2.1625903266364117e-14,8.3194713008374386e-16,1.5069245618265187e-15,2.4314286637499162e-15,3.6198555126938721e-15,4.6596000538410697e-15,4.9566271227885673e-15,3.6195202213804309e-15
924,2.0969213794650435e-14,8.0736716924136515e-16,1.4620105154594061e-15,2.3581420162866926e-15,3.5099354332857647e-15,4.5175614108363564e-15,4.8052697677309940e-15,3.5089274818098576e-15
925,2.0332465273238252e-14,7.8351253079485223e-16,1.4184342491384673e-15,2.2870639405557748e-15,3.4033531732504783e-15,4.3798527369178327e-15,4.6585345854359959e-15,3.4017140571448507e-15
926,1.9715052177726684e-14,7.6036183981490834e-16,1.3761559445443644e-15,2.2181278910001076e-15,3.3000073767827269e-15,4.2463420291304780e-15,4.5162804150419146e-15,3.2977766814121824e-15
927,1.9116387370993009e-14,7.3789435038070235e-16,1.3351369676510759e-15,2.1512693267423015e-15,3.1997997658349214e-15,4.1169013089388693e-15,4.3783704069849351e-15,3.1970152444602023e-15
928,1.8535901544846886e-14,7.1608992709844306e-16,1.2953398335297833e-15,2.0864256512055351e-15,3.1026350466583619e-15,3.9914064995274074e-15,4.2446718913167643e-15,3.0993326955105907e-15
929,1.7973042678639221e-14,6.9492902716205801e-16,1.2567281721978810e-15,2.0235361535526568e-15,3.0084208191823977e-15,3.8697373068416929e-15,4.1150562500445905e-15,3.0046349496579436e-15
930,1.7427275514310855e-14,6.7439268294010758e-16,1.2192666954821078e-15,1.9625419518887399e-15,2.9170674891453540e-15,3.7517771042569831e-15,3.9893987933704760e-15,2.9128307972270872e-15
931,1.6898081047381858e-14,6.5446248507352345e-16,1.1829211648657074e-15,1.9033859381740098e-15,2.8284881828936955e-15,3.6374128207631199e-15,3.8675786397110236e-15,2.8238318159007794e-15
932,1.6384956033397376e-14,6.3512056606921502e-16,1.1476583602904244e-15,1.8460127247956362e-15,2.7425986647683726e-15,3.5265348325587363e-15,3.7494785993818792e-15,2.7375522855331119e-15
933,1.5887412509360672e-14,6.1634958437502112e-16,1.1134460498850045e-15,1.7903685927484571e-15,2.6593172569998177e-15,3.4190368579507399e-15,3.6349850618351070e-15,2.6539091055665255e-15
934,1.5404977329698303e-14,5.9813270892191194e-16,1.0802529605927095e-15,1.7364014413761829e-15,2.5785647620353887e-15,3.3148158554583464e-15,3.5239878863409017e-15,2.5728217149728623e-15
935,1.4937191716316078e-14,5.8045360411975541e-16,1.0480487496711676e-15,1.6840607396261119e-15,2.5002643872254154e-15,3.2137719250238968e-15,3.4163802960084313e-15,2.4942120146412986e-15
936,1.4483610822317991e-14,5.6329641529336431e-16,1.0168039770386796e-15,1.6332974787717720e-15,2.4243416717962149e-15,3.1158082122357718e-15,3.3120587750438124e-15,2.4180042921383754e-15
937,1.4043803308973201e-14,5.4664575454592722e-16,9.8649007844185729e-16,1.5840641265593074e-15,2.3507244160406366e-15,3.0208308154715295e-15,3.2109229691463255e-15,2.3441251487676184e-15
938,1.3617350935528778e-14,5.3048668703730396e-16,9.5707933942022518e-16,1.5363145827347302e-15,2.2793426126588020e-15,2.9287486958722446e-15,3.1128755889470153e-15,2.2725034288584575e-15
939,1.3203848161478144e-14,5.1480471766503359e-16,9.2854487004413421e-16,1.4900041359104719e-15,2.2101283801837373e-15,2.8394735900617080e-15,3.0178223163967395e-15,2.2030701512163207e-15
940,1.2802901760906986e-14,4.9958577813625376e-16,9.0086058040303782e-16,1.4450894217309047e-15,2.1430158984285976e-15,2.7529199255268066e-15,2.9256717140135647e-15,2.1357584426678208e-15
941,1.2414130448549882e-14,4.8481621441908357e-16,8.7400115682186074e-16,1.4015283822977191e-15,2.0779413458940943e-15,2.6690047385779225e-15,2.8363351369021771e-15,2.0705034736370237e-15
942,1.2037164517202053e-14,4.7048277456234608e-16,8.4794203878385353e-16,1.3592802268172354e-15,2.0148428390765966e-15,2.5876475948107012e-15,2.7497266474606201e-15,2.0072423956907012e-15
943,1.1671645486141435e-14,4.5657259687284263e-16,8.2265939653896493e-16,1.3183053934328406e-15,1.9536603736192010e-15,2.5087705119929078e-15,2.6657629326922813e-15,1.9459142809923958e-15
944,1.1317225760226687e-14,4.4307319843969780e-16,7.9813010937738462e-16,1.2785655122068867e-15,1.8943357672497929e-15,2.4322978853024363e-15,2.5843632240435403e-15,1.8864600636069480e-15
945,1.0973568299347031e-14,4.2997246399560683e-16,7.7433174454851438e-16,1.2400233692174225e-15,1.8368126044518516e-15,2.3581564148447686e-15,2.5054492196899381e-15,1.8288224825989294e-15
946,1.0640346297909505e-14,4.1725863510511009e-16,7.5124253680621181e-16,1.2026428717362030e-15,1.7810361828153686e-15,2.2862750353804012e-15,2.4289450091960528e-15,1.7729460268701572e-15
947,1.0317242874058872e-14,4.0492029967031173e-16,7.2884136856171328e-16,1.1663890144554144e-15,1.7269534610168718e-15,2.2165848481948332e-15,2.3547770004766070e-15,1.7187768816831208e-15
948,1.0003950768334653e-14,3.9294638174473704e-16,7.0710775062620417e-16,1.1312278467315383e-15,1.6745130083790775e-15,2.1490190550458053e-15,2.2828738489884804e-15,1.6662628768188100e-15
949,9.7001720514786863e-15,3.8132613164629688e-16,6.8602180352552758e-16,1.0971264408157267e-15,1.6236649559622118e-15,2.0835128941244434e-15,2.2131663890855054e-15,1.6153534363189731e-15
950,9.4056178411153669e-15,3.7004911636059162e-16,6.6556423937005072e-16,1.0640528610409876e-15,1.5743609491404840e-15,2.0200035779688999e-15,2.1455875674699668e-15,1.5659995297643873e-15
951,9.1200080270351578e-15,3.5910521022604272e-16,6.4571634426320908e-16,1.0319761339373649e-15,1.5265541016186169e-15,1.9584302332709626e-15,2.0800723786767709e-15,1.5181536250421914e-15
952,8.8430710048200783e-15,3.4848458589259109e-16,6.2645996123273443e-16,1.0008662192471754e-15,1.4801989508447078e-15,1.8987338425179187e-15,2.0165578025281838e-15,1.4717696425567665e-15
953,8.5745434175579052e-15,3.3817770554593925e-16,6.0777747366905306e-16,9.7069398181319647e-16,1.4352514147770140e-15,1.8408571874137036e-15,1.9549827434989527e-15,1.4268029108400470e-15
954,8.3141699053994547e-15,3.2817531238955439e-16,5.8965178925579296e-16,9.4143116431352080e-16,1.3916687499635550e-15,1.7847447940250896e-15,1.8952879719334579e-15,1.3832101235184849e-15
955,8.0617028627207579e-15,3.1846842237687298e-16,5.7206632437779475e-16,9.1305036081758180e-16,1.3494095108946636e-15,1.7303428796003210e-15,1.8374160670583153e-15,1.3409492975952074e-15
956,7.8169022026592257e-15,3.0904831618636917e-16,5.5500498899244480e-16,8.8552499113862727e-16,1.3084335105898299e-15,1.6775993010091947e-15,1.7813113617355945e-15,1.2999797330071643e-15
957,7.5795351287998927e-15,2.9990653143236779e-16,5.3845217195057732e-16,8.5882927595865111e-16,1.2687017823813657e-15,1.6264635047551496e-15,1.7269198889034797e-15,1.2602619734183021e-15
958,7.3493759137945932e-15,2.9103485510468552e-16,5.2239272675359588e-16,8.3293821270252900e-16,1.2301765428585359e-15,1.5768864785114348e-15,1.6741893296528320e-15,1.2217577682109810e-15
959,7.1262056847035598e-15,2.8242531623039093e-16,5.0681195773386185e-16,8.0782755213879440e-16,1.1928211559369263e-15,1.5288207041348895e-15,1.6230689628896811e-15,1.1844300356390158e-15
960,6.9098122148553156e-15,2.7407017875116835e-16,4.9169560664578235e-16,7.8347377568517569e-16,1.1566000980188761e-15,1.4822201121122710e-15,1.5735096165352056e-15,1.1482428271068360e-15
961,6.6999897220269279e-15,2.6596193460996092e-16,4.7702983965540200e-16,7.5985407339766866e-16,1.1214789242118454e-15,1.4370400373954682e-15,1.5254636202162389e-15,1.1131612925403434e-15
962,6.4965386727526866e-15,2.5809329704075513e-16,4.6280123471666534e-16,7.3694632262256635e-16,1.0874242355725886e-15,1.3932371765832376e-15,1.4788847594007690e-15,1.0791516468161056e-15
963,6.2992655925751350e-15,2.5045719405554648e-16,4.4899676932286772e-16,7.1472906729147680e-16,1.0544036473459921e-15,1.3507695464084168e-15,1.4337282309342993e-15,1.0461811372165354e-15
964,6.1079828820579604e-15,2.4304676212270303e-16,4.3560380862215170e-16,6.9318149783996915e-16,1.0223857581683610e-15,1.3095964434908031e-15,1.3899505999342744e-15,1.0142180118796973e-15
965,5.9225086383858607e-15,2.3585534003111070e-16,4.2261009388624048e-16,6.7228343173107008e-16,9.9134012020588010e-16,1.2696784053171162e-15,1.3475097580010962e-15,9.8323148921334725e-16
966,5.7426664823816544e-15,2.2887646293464982e-16,4.1000373132191500e-16,6.5201529456538966e-16,9.6123721019984502e-16,1.2309771724106203e-15,1.3063648827055092e-15,9.5319172824372534e-16
967,5.5682853907761757e-15,2.2210385657171226e-16,3.9777318121505767e-16,6.3235810176021949e-16,9.3204840139112990e-16,1.1934556516541436e-15,1.2664763983133691e-15,9.2406979987054308e-16
968,5.3991995335714415e-15,2.1553143165462193e-16,3.8590724739738556e-16,6.1329344078046183e-16,9.0374593629719329e-16,1.1570778807313175e-15,1.2278059377100008e-15,8.9583765900046058e-16
969,5.2352481163424357e-15,2.0915327842397454e-16,3.7439506702628792e-16,5.9480345390477499e-16,8.7630290031573392e-16,1.1218089936519520e-15,1.1903163054875041e-15,8.6846811753220784e-16
970,5.0762752273275213e-15,2.0296366136305519e-16,3.6322610066847003e-16,5.7687082151081762e-16,8.4969319612989536e-16,1.0876151873284813e-15,1.1539714421594821e-15,8.4193481816732000e-16
971,4.9221296891621037e-15,1.9695701406763721e-16,3.5239012267837833e-16,5.5947874586395603e-16,8.2389151889067854e-16,1.0544636891714421e-15,1.1187363894687593e-15,8.1621220902125209e-16
972,4.7726649151145162e-15,1.9112793426660143e-16,3.4187721186265246e-16,5.4261093539427710e-16,7.9887333215296154e-16,1.0223227256729075e-15,1.0845772567547022e-15,7.9127551901041426e-16
973,4.6277387696874406e-15,1.8547117898894909e-16,3.3167774242210695e-16,5.2625158944719786e-16,7.7461484454224373e-16,9.9116149194775816e-16,1.0514611883477763e-15,7.6710073399140805e-16
974,4.4872134334522754e-15,1.7998165987291184e-16,3.2178237516300015e-16,5.1038538349341070e-16,7.5109298712992464e-16,9.6095012220358388e-16,1.0193563319599655e-15,7.4366457362947852e-16
975,4.3509552719879406e-15,1.7465443861298744e-16,3.1218204896958954e-16,4.9499745478433146e-16,7.2828539149560217e-16,9.3165966111090420e-16,9.8823180804063316e-16,7.2094446897389255e-16
976,4.2188347087994593e-15,1.6948472254085216e-16,3.0286797253021377e-16,4.8007338843963205e-16,7.0617036845552890e-16,9.0326203604625679e-16,9.5805768006833848e-16,6.9891854071863778e-16
977,4.0907261020954844e-15,1.6446786033622029e-16,2.9383161630936794e-16,4.6559920395384704e-16,6.8472688743699551e-16,8.7573003018153862e-16,9.2880492575001634e-16,6.7756557812749871e-16
978,3.9665076253075740e-15,1.5959933786383499e-16,2.8506470475846591e-16,4.5156134210943106e-16,6.6393455647903165e-16,8.4903725639380075e-16,9.0044540909980825e-16,6.5686501860320114e-16
979,3.8460611512376169e-15,1.5487477413288776e-16,2.7655920875819784e-16,4.3794665228402907e-16,6.4377360284040132e-16,8.2315813197047938e-16,8.7295185337067749e-16,6.3679692788094396e-16
980,3.7292721397232143e-15,1.5028991737527161e-16,2.6830733828560331e-16,4.2474238014008379e-16,6.2422485419645369e-16,7.9806785408581332e-16,8.4629781481275604e-16,6.1734198082723300e-16
981,3.6160295287142023e-15,1.4584064123917873e-16,2.6030153529918238e-16,4.1193615568526793e-16,6.0526972040694891e-16,7.7374237602493137e-16,8.2045765723317603e-16,5.9848144282551729e-16
982,3.5062256286567302e-15,1.4152294109465543e-16,2.5253446683556856e-16,3.9951598169257302e-16,5.8689017583751856e-16,7.5015838413281649e-16,7.9540652733290218e-16,5.8019715173069620e-16
983,3.3997560200844604e-15,1.3733293044782691e-16,2.4499901831147638e-16,3.8747022246922133e-16,5.6906874221795139e-16,7.2729327546604417e-16,7.7112033079683406e-16,5.6247150037510619e-16
984,3.2965194543195001e-15,1.3326683746060014e-16,2.3768828702482479e-16,3.7578759296389713e-16,5.5178847202100131e-16,7.0512513612586985e-16,7.4757570911416787e-16,5.4528741960913905e-16
985,3.1964177571886358e-15,1.2932100157274707e-16,2.3059557584911913e-16,3.6445714820210670e-16,5.3503293234591368e-16,6.8363272025188825e-16,7.2475001710671694e-16,5.2862836186014405e-16
986,3.0993557356633105e-15,1.2549187022336168e-16,2.2371438711534811e-16,3.5346827303978544e-16,5.1878618929134109e-16,6.6279542965612910e-16,7.0262130114356208e-16,5.1247828519378300e-16
987,3.0052410873345566e-15,1.2177599566877117e-16,2.1703841667582488e-16,3.4281067222556680e-16,5.0303279280279006e-16,6.4259329407805723e-16,6.8116827802107201e-16,4.9682163786247425e-16
988,2.9139843126368039e-15,1.1817003189406894e-16,2.1056154814456499e-16,3.3247436076241628e-16,4.8775776198018797e-16,6.2300695204155171e-16,6.6037031448797106e-16,4.8164334332604294e-16
989,2.8254986297370882e-15,1.1467073161551849e-16,2.0427784730895619e-16,3.2244965455961510e-16,4.7294657083159878e-16,6.0401763229550638e-16,6.4020740739574678e-16,4.6692878573014638e-16
990,2.7396998920087222e-15,1.1127494337115929e-16,1.9818155670762865e-16,3.1272716136634779e-16,4.5858513445953937e-16,5.8560713582025982e-16,6.2066016445530691e-16,4.5266379582848041e-16
991,2.6565065080109532e-15,1.0797960869702303e-16,1.9226709036958814e-16,3.0329777197841289e-16,4.4465979566676047e-16,5.6775781838260290e-16,6.0170978558135746e-16,4.3883463733520802e-16
992,2.5758393638985042e-15,1.0478175938644499e-16,1.8652902870981777e-16,2.9415265170983005e-16,4.3115731196875536e-16,5.5045257362263656e-16,5.8333804480656035e-16,4.2542799369445917e-16
993,2.4976217481872223e-15,1.0167851483002964e-16,1.8096211357670025e-16,2.8528323212136499e-16,4.1806484300064377e-16,5.3367481665626807e-16,5.6552727274806080e-16,4.1243095525415506e-16
994,2.4217792788042811e-15,9.8667079433899848e-17,1.7556124344674746e-16,2.7668120299823540e-16,4.0536993830645879e-16,5.1740846817762032e-16,5.4826033960951700e-16,3.9983100683180237e-16
995,2.3482398323535666e-15,9.5744740113929869e-17,1.7032146876225913e-16,2.6833850456949036e-16,3.9306052549922064e-16,5.0163793904611657e-16,5.3152063870227460e-16,3.8761601566027500e-16
996,2.2769334755289824e-15,9.2908863863729310e-17,1.6523798740766355e-16,2.6024731996178721e-16,3.8112489878054151e-16,4.8634811534345914e-16,5.1529207046982924e-16,3.7577421970197251e-16
997,2.2077923986104545e-15,9.0156895394210384e-17,1.6030614032041784e-16,2.5240006788050253e-16,3.6955170780884230e-16,4.7152434388617990e-16,4.9955902700020599e-16,3.6429421632009569e-16
998,2.1407508509793793e-15,8.7486354842634966e-17,1.5552140723246794e-16,2.4478939551133243e-16,3.5832994690559578e-16,4.5715241817986962e-16,4.8430637701135208e-16,3.5316495129612627e-16
999,2.0757450785922071e-15,8.4894835549099454e-17,1.5087940253838862e-16,2.3740817163574024e-16,3.4744894458933089e-16,4.4321856480162184e-16,4.6951945129509699e-16,3.4237570818292890e-16
1000,2.0127132633526964e-15,8.2380001898475090e-17,1.4637587128643744e-16,2.3024947995380992e-16,3.3689835342744761e-16,4.2970943019763514e-16,4.5518402860567227e-16,3.3191609798321901e-16
1001,1.9515954643251776e-15,7.9939587225879955e-17,1.4200668528886885e-16,2.2330661260825848e-16,3.2666814019618885e-16,4.1661206788331565e-16,4.4128632197921295e-16,3.2177604914345285e-16
1002,1.8923335607329309e-15,7.7571391783815264e-17,1.3776783934796388e-16,2.1657306390354882e-16,3.1674857633941436e-16,4.0391392603360897e-16,4.2781296547107953e-16,3.1194579785350015e-16
1003,1.8348711966874677e-15,7.5273280769152931e-17,1.3365544759433548e-16,2.1004252421422534e-16,3.0713022871710192e-16,3.9160283545166421e-16,4.1475100129823466e-16,3.0241587864275337e-16
1004,1.7791537275961565e-15,7.3043182408215337e-17,1.2966573993417165e-16,2.0370887407677349e-16,2.9780395063477863e-16,3.7966699790429458e-16,4.0208786737430757e-16,2.9317711526361502e-16
1005,1.7251281681972225e-15,7.0879086098238985e-17,1.2579505860217799e-16,1.9756617845947512e-16,2.8876087314535086e-16,3.6809497481305192e-16,3.8981138522534849e-16,2.8422061185357907e-16
1006,1.6727431421727212e-15,6.8779040603564744e-17,1.2203985481707754e-16,1.9160868120489832e-16,2.7999239661506240e-16,3.5687567629007412e-16,3.7790974827464939e-16,2.7553774436739474e-16
1007,1.6219488332915470e-15,6.6741152304945467e-17,1.1839668553661868e-16,1.8583079963982096e-16,2.7149018254555935e-16,3.4599835050819145e-16,3.6637151048535545e-16,2.6712015227105581e-16
1008,1.5726969380360330e-15,6.4763583500408945e-17,1.1486221030913307e-16,1.8022711934754572e-16,2.6324614564428503e-16,3.3545257339510438e-16,3.5518557534994083e-16,2.5895973048961507e-16
1009,1.5249406196670825e-15,6.2844550756160620e-17,1.1143318821877255e-16,1.7479238909771371e-16,2.5525244613566458e-16,3.2522823864174864e-16,3.4434118521595538e-16,2.5104862160106707e-16
1010,1.4786344636841568e-15,6.0982323306054210e-17,1.0810647492164050e-16,1.6952151592887402e-16,2.4750148230576682e-16,3.1531554801527238e-16,3.3382791093777046e-16,2.4337920826877869e-16
1011,1.4337344346377568e-15,5.9175221498202233e-17,1.0487901977011446e-16,1.6440956037920625e-16,2.3998588327335455e-16,3.0570500196733529e-16,3.2363564184436697e-16,2.3594410590517701e-16
1012,1.3901978342533291e-15,5.7421615287339858e-17,1.0174786302273847e-16,1.5945173186093440e-16,2.3269850198044742e-16,2.9638739052872790e-16,3.1375457601351393e-16,2.2873615555962714e-16
1013,1.3479832608267823e-15,5.5719922771596759e-17,9.8710133137140255e-17,1.5464338417410325e-16,2.2563240839573326e-16,2.8735378448158101e-16,3.0417521084297866e-16,2.2174841702364917e-16
1014,1.3070505698529892e-15,5.4068608772370438e-17,9.5763044143504856e-17,1.4998001115551936e-16,2.1878088292436315e-16,2.7859552680070207e-16,2.9488833390969764e-16,2.1497416214683167e-16
1015,1.2673608358498402e-15,5.2466183456033642e-17,9.2903893096209442e-17,1.4545724245878518e-16,2.1213741001786443e-16,2.7010422435583376e-16,2.8588501410811140e-16,2.0840686835700228e-16
1016,1.2288763153415427e-15,5.0911200996245175e-17,9.0130057601294756e-17,1.4107083946147699e-16,2.0569567197809365e-16,2.6187173986687897e-16,2.7715659305913886e-16,2.0204021237841441e-16
1017,1.1915604109659670e-15,4.9402258275669566e-17,8.7438993417518393e-17,1.3681669129563711e-16,1.9944954294933860e-16,2.5389018410438189e-16,2.6869467678152430e-16,1.9586806414189712e-16
1018,1.1553776366719001e-15,4.7937993625946593e-17,8.4828232128801612e-17,1.3269081099786548e-16,1.9339308309285479e-16,2.4615190832778490e-16,2.6049112761754369e-16,1.8988448088110295e-16
1019,1.1202935839731183e-15,4.6517085604785072e-17,8.2295378885946700e-17,1.2868933177540774e-16,1.8752053293829749e-16,2.3864949695421473e-16,2.5253805640530133e-16,1.8408370140916524e-16
1020,1.0862748892271844e-15,4.5138251809088889e-17,7.9838110215564626e-17,1.2480850338474557e-16,1.8182630790667770e-16,2.3137576045076809e-16,2.4482781489008675e-16,1.7846014057025295e-16
1021,1.0532892019078510e-15,4.3800247723055145e-17,7.7454171894214502e-17,1.2104468861930060e-16,1.7630499299963291e-16,2.2432372844348330e-16,2.3735298836748821e-16,1.7300838386067642e-16
1022,1.0213051538409015e-15,4.2501865600215257e-17,7.5141376885815195e-17,1.1739435990296409e-16,1.7095133764996303e-16,2.1748664303639201e-16,2.3010638855118759e-16,1.6772318221436425e-16
1023,9.9029232937417095e-16,4.1241933378420490e-17,7.2897603340447342e-17,1.1385409598626557e-16,1.6576025072853448e-16,2.1085795233424525e-16,2.2308104665857135e-16,1.6259944694768653e-16
1024,9.6022123645338178e-16,4.0019313626802263e-17,7.0720792652720093e-17,1.1042057874208728e-16,1.6072679570280366e-16,2.0443130416270566e-16,2.1627020670750691e-16,1.5763224485875581e-16
1025,9.3106327857628414e-16,3.8832902523766495e-17,6.8608947577930705e-17,1.0709059005792657e-16,1.5584618594235628e-16,1.9820053997998418e-16,2.0966731901783522e-16,1.5281679347648469e-16
1026,9.0279072759843711e-16,3.7681628865108549e-17,6.6560130404298368e-17,1.0386100882179717e-16,1.5111378016699814e-16,1.9215968897408615e-16,2.0326603391132575e-16,1.4814845645482294e-16
1027,8.7537669736476256e-16,3.6564453101362426e-17,6.4572461179603959e-17,1.0072880799894849e-16,1.4652507803306840e-16,1.8630296234000663e-16,1.9706019560403405e-16,1.4362273910773849e-16
1028,8.4879511814180224e-16,3.5480366403523710e-17,6.2644115990618064e-17,9.7691051796667417e-17,1.4207571585377850e-16,1.8062474773138981e-16,1.9104383628518462e-16,1.3923528408064006e-16
1029,8.2302071182636109e-16,3.4428389756311252e-17,6.0773325293746328e-17,9.4744892914508571e-17,1.3776146244950686e-16,1.7511960388133316e-16,1.8521117037688255e-16,1.3498186715407245e-16
1030,7.9802896790696186e-16,3.3407573078156875e-17,5.8958372295369319e-17,9.1887569877379603e-17,1.3357821512410253e-16,1.6978225538717974e-16,1.7955658896913158e-16,1.3085839317564222e-16
1031,7.7379612015525057e-16,3.2416994367136441e-17,5.7197591380398178e-17,8.9116404448985613e-17,1.2952199576337238e-16,1.6460758765429902e-16,1.7407465442480398e-16,1.2686089211625496e-16
1032,7.5029912402518875e-16,3.1455758872078669e-17,5.5489366587612025e-17,8.6428799123211451e-17,1.2558894705204097e-16,1.5959064199400911e-16,1.6876009514937171e-16,1.2298551524686487e-16
1033,7.2751563473853869e-16,3.0522998288110388e-17,5.3832130130385207e-17,8.3822234691094264e-17,1.2177532880558573e-16,1.5472661087094119e-16,1.6360780052036723e-16,1.1922853143205464e-16
1034,7.0542398603580129e-16,2.9617869975918945e-17,5.2224360961454419e-17,8.1294267881108694e-17,1.1807751441345906e-16,1.5001083329529031e-16,1.5861281597169528e-16,1.1558632353687460e-16
1035,6.8400316957240208e-16,2.8739556204033432e-17,5.0664583380415277e-17,7.8842529070556307e-17,1.1449198739031542e-16,1.4543879035553495e-16,1.5377033822806642e-16,1.1205538494348032e-16
1036,6.6323281494052799e-16,2.7887263413447109e-17,4.9151365682677191e-17,7.6464720065916887e-17,1.1101533803196302e-16,1.4100610088734317e-16,1.4907571068496741e-16,1.0863231617421327e-16
1037,6.4309317029762015e-16,2.7060221503923010e-17,4.7683318848643167e-17,7.4158611950084296e-17,1.0764426017286084e-16,1.3670851727451358e-16,1.4452441892972356e-16,1.0531382161787174e-16
1038,6.2356508358309832e-16,2.6257683141344546e-17,4.6259095271917761e-17,7.1922042994471298e-17,1.0437554804207680e-16,1.3254192137792556e-16,1.4011208639934403e-16,1.0209670635601827e-16
1039,6.0462998430545642e-16,2.5478923085491134e-17,4.4877387525381973e-17,6.9752916634029720e-17,1.0120609321471775e-16,1.2850232058859618e-16,1.3583447017097275e-16,9.8977873086266889e-17
1040,5.8626986588240944e-16,2.4723237537637605e-17,4.3536927164008486e-17,6.7649199503289894e-17,9.8132881655931727e-17,1.2458584400106063e-16,1.3168745688089451e-16,9.5954319139586684e-17
1041,5.6846726851729613e-16,2.3989943507393428e-17,4.2236483563323957e-17,6.5608919531581191e-17,9.5152990854671818e-17,1.2078873870340698e-16,1.2766705876817074e-16,9.3023133588748014e-17
1042,5.5120526259545483e-16,2.3278378198215233e-17,4.0974862792457981e-17,6.3630164095650763e-17,9.2263587044495778e-17,1.1710736618041022e-16,1.2376940983909823e-16,9.0181494445126636e-17
1043,5.3446743258478416e-16,2.2587898411042638e-17,3.9750906520749218e-17,6.1711078227951006e-17,8.9461922508758392e-17,1.1353819882631627e-16,1.1999076214880101e-16,8.7426665941165633e-17
1044,5.1823786142517554e-16,2.1917879965523583e-17,3.8563490956910445e-17,5.9849862878918626e-17,8.6745332967634261e-17,1.1007781656393382e-16,1.1632748219637776e-16,8.4755995895877013e-17
1045,5.0250111539197520e-16,2.1267717138311117e-17,3.7411525819783658e-17,5.8044773231618588e-17,8.4111235044485616e-17,1.0672290356679310e-16,1.1277604743013708e-16,8.2166913160846124e-17
1046,4.8724222941908095e-16,2.0636822117928745e-17,3.6293953339745075e-17,5.6294117067175364e-17,8.1557123809166331e-17,1.0347024508122906e-16,1.0933304285955831e-16,7.9656925144278070e-17
1047,4.7244669286771412e-16,2.0024624475716284e-17,3.5209747289848033e-17,5.4596253179461107e-17,7.9080570395925569e-17,1.0031672434534288e-16,1.0599515777071843e-16,7.7223615410701870e-17
1048,4.5810043572733726e-16,1.9430570652382568e-17,3.4157912045818865e-17,5.2949589837556920e-17,7.6679219693645819e-17,9.7259319601888378e-17,1.0275918254202490e-16,7.4864641354019815e-17
1049,4.4418981523559169e-16,1.8854123459705163e-17,3.3137481674047032e-17,5.1352583294547713e-17,7.4350788106219067e-17,9.4295101202219785e-17,9.9622005557191748e-17,7.2577731941661189e-17
1050,4.3070160290453279e-16,1.8294761596930903e-17,3.2147519046736494e-17,4.9803736341254637e-17,7.2093061380930802e-17,9.1421228798524636e-17,9.6580610212488224e-17,7.0360685527667110e-17
1051,4.1762297194082524e-16,1.7751979181444071e-17,3.1187114983409864e-17,4.8301596903551285e-17,6.9903892502787343e-17,8.8634948621650821e-17,9.3632072015381695e-17,6.8211367732600226e-17
1052,4.0494148504793460e-16,1.7225285293281928e-17,3.0255387417981166e-17,4.6844756681950250e-17,6.7781199652783508e-17,8.5933590841917661e-17,9.0773555771782715e-17,6.6127709388237365e-17
1053,3.9264508259871601e-16,1.6714203533089502e-17,2.9351480590636205e-17,4.5431849832186728e-17,6.5722964228169512e-17,8.3314567010381851e-17,8.8002312859187392e-17,6.4107704545064842e-17
1054,3.8072207116715346e-16,1.6218271593117662e-17,2.8474564263782101e-17,4.4061551685563669e-17,6.3727228922833984e-17,8.0775367578104920e-17,8.5315678583092835e-17,6.2149408540658273e-17
1055,3.6916111240834133e-16,1.5737040840880169e-17,2.7623832961349788e-17,4.2732577507860609e-17,6.1792095865977920e-17,7.8313559491044579e-17,8.2711069614142860e-17,6.0250936127085361e-17
1056,3.5795121227613622e-16,1.5270075915096577e-17,2.6798505230754212e-17,4.1443681295644143e-17,5.9915724817309467e-17,7.5926783858264536e-17,8.0185981503538636e-17,5.8410459655528676e-17
1057,3.4708171056822410e-16,1.4816954333559004e-17,2.5997822926838018e-17,4.0193654608853163e-17,5.8096331417043126e-17,7.3612753691227360e-17,7.7737986274323799e-17,5.6626207316379621e-17
1058,3.3654227078865967e-16,1.4377266112571298e-17,2.5221050517144172e-17,3.8981325438565879e-17,5.6332185489039289e-17,7.1369251712003699e-17,7.5364730086226951e-17,5.4896461433108456e-17
1059,3.2632287031824022e-16,1.3950613397619557e-17,2.4467474407882867e-17,3.7805557108888486e-17,5.4621609395470466e-17,6.9194128228296447e-17,7.3063930971815023e-17,5.3219556808267376e-17
1060,3.1641379088336280e-16,1.3536610104942988e-17,2.3736402289976467e-17,3.6665247211937461e-17,5.2962976441449432e-17,6.7085299073243415e-17,7.0833376641779996e-17,5.1593879120033026e-17
1061,3.0680560931430440e-16,1.3134881573683784e-17,2.3027162504585070e-17,3.5559326574918202e-17,5.1354709328102307e-17,6.5040743608023262e-17,6.8670922357247086e-17,5.0017863367744709e-17
