t,f_total,k_0,k_1,k_2,k_3,k_4,k_5,k_6
1,0.0000000000000000e+00,0.0000000000000000e+00,0.0000000000000000e+00,0.0000000000000000e+00,0.0000000000000000e+00,0.0000000000000000e+00,0.0000000000000000e+00,0.0000000000000000e+00
2,1.0249470664572087e-04,0.0000000000000000e+00,0.0000000000000000e+00,0.0000000000000000e+00,1.0249470664572087e-04,0.0000000000000000e+00,0.0000000000000000e+00,0.0000000000000000e+00
3,2.9833583207126355e-03,0.0000000000000000e+00,0.0000000000000000e+00,2.6980249163026265e-03,2.7919219264817860e-04,6.1412117618303857e-06,0.0000000000000000e+00,0.0000000000000000e+00
4,1.2465704155904400e-02,0.0000000000000000e+00,7.9623033465527730e-03,3.9898861622159696e-03,4.9404515508649478e-04,1.9248542310803533e-05,2.2094973835898591e-07,0.0000000000000000e+00
5,1.7041687335503878e-02,3.4788734079617108e-04,1.0940891837618722e-02,5.0102496553222900e-03,7.0269949456280042e-04,3.9050519897999747e-05,9.0130343154120822e-07,7.1838743545447690e-09
6,1.9684087722154669e-02,7.2651658352656959e-04,1.2307668164011236e-02,5.6755137578234109e-03,9.0760175942373360e-04,6.4541072030845255e-05,2.2149856240580035e-06,3.1399714817621460e-08
7,2.1150846898308661e-02,1.1113852193515013e-03,1.2706173502116920e-02,6.1328234976538148e-03,1.1014503438046639e-03,9.4676940930330693e-05,4.2559198656978244e-06,8.1474585730944418e-08
8,2.1966818658074021e-02,1.4694278831337293e-03,1.2644371697992221e-02,6.4364791443713675e-03,1.2810581240699209e-03,1.2827373052513462e-04,7.0444721775080667e-06,1.6360580413540096e-07
9,2.2381165579004218e-02,1.7945033139198164e-03,1.2341904755341812e-02,6.6256675605274960e-03,1.4440826768382731e-03,1.6418532262532225e-04,1.0541002913628590e-05,2.8094683787141521e-07
10,2.2533185499159180e-02,2.0842035341429878e-03,1.1917289900491601e-02,6.7258624201822935e-03,1.5893784672268091e-03,2.0135417265958221e-04,1.4663167966263634e-05,4.3383648964384705e-07
11,2.2504565258488009e-02,2.3390546926759883e-03,1.1433934246358121e-02,6.7561850554874866e-03,1.7166218249234839e-03,2.3884743201344838e-04,1.9301680084217732e-05,6.2032694526215853e-07
12,2.2347265084175442e-02,2.5605236761699901e-03,1.0927998912590792e-02,6.7316112665883115e-03,1.8260927573699539e-03,2.7586809655672970e-04,2.4333580350118293e-05,8.3679454954975742e-07
13,2.2096403931796290e-02,2.7506004200685799e-03,1.0420650822955702e-02,6.6642077682378155e-03,1.9184789145116584e-03,3.1175498024543660e-04,2.9632500919648155e-05,1.0785248574523067e-06
14,2.1776858333213349e-02,2.9115271502820235e-03,9.9244371038481223e-03,6.5637728485525657e-03,1.9947289887860351e-03,3.4597588641926958e-04,3.5076138410736832e-05,1.3402169146015734e-06
15,2.1406834233698182e-02,3.0456658405352819e-03,9.4466737149160439e-03,6.4382647731173965e-03,2.0559449630297728e-03,3.7811722107442425e-04,4.0551332854306006e-05,1.6163881709566652e-06
16,2.0999956413613949e-02,3.1554040943012319e-03,8.9913897909297529e-03,6.2941261225007766e-03,2.1033056716148325e-03,4.0787183972427755e-04,4.5957214378078814e-05,1.9016801649964959e-06
17,2.0566580052628274e-02,3.2430874249140744e-03,8.5605053045660386e-03,6.1365494337471934e-03,2.1380137048270563e-03,4.3502625407093343e-04,5.1206855508405353e-05,2.1910749945764493e-06
18,2.0114663939368001e-02,3.3109700642032494e-03,8.1545789513379121e-03,5.9696999237578846e-03,2.1612592433775659e-03,4.5944790770967238e-04,5.6227812414673711e-05,2.4800365670452940e-06
19,1.9650377983919446e-02,3.3611814176753674e-03,7.7732986936460812e-03,5.7969025011556105e-03,2.1741959318530750e-03,4.8107297469133668e-04,6.0961873497534830e-05,2.7645914004387020e-06
20,1.9178538965705236e-02,3.3957054132568031e-03,7.4158100047794565e-03,5.6207977111154784e-03,2.1779252389159428e-03,4.9989496437723028e-04,6.5364270456493118e-05,3.0413628038306840e-06
21,1.8702929547599494e-02,3.4163700982681611e-03,7.0809375542675475e-03,5.4434706910329398e-03,2.1734867852697308e-03,5.1595429790121498e-04,6.9402550324042830e-05,3.3075705358564675e-06
22,1.8226535079998142e-02,3.4248449802156610e-03,6.7673350022023383e-03,5.2665570208323643e-03,2.1618528743885482e-03,5.2932893754354033e-04,7.3055258759966983e-05,3.5610060557196874e-06
23,1.7751721117648608e-02,3.4226439205085652e-03,6.4735854673590434e-03,5.0913291109498035e-03,2.1439259916739921e-03,5.4012609034039091e-04,7.6310545283963117e-05,3.7999915328507148e-06
24,1.7280367517415157e-02,3.4111317780831643e-03,6.1982678497319518e-03,4.9187664220822084e-03,2.1205384041070971e-03,5.4847496499236116e-04,7.9164769403316669e-05,4.0233290150612168e-06
25,1.6813970418238722e-02,3.3915333927326827e-03,5.9399994471227222e-03,4.7496123962627703e-03,2.0924532434723054e-03,5.5452053227483095e-04,8.1621161742990810e-05,4.2302446304205985e-06
26,1.6353720300608700e-02,3.3649438510962703e-03,5.6974621435913848e-03,4.5844205503199707e-03,2.0603666284652045e-03,5.5841822050259208e-04,8.3688575206555281e-05,4.4203314267249858e-06
27,1.5900562139877852e-02,3.3323392732806162e-03,5.4694172822879333e-03,4.4235917770535909e-03,2.0249105003044506e-03,5.6032946669277951e-04,8.5380346838169322e-05,4.5934934203138236e-06
28,1.5455242097616064e-02,3.2945875922440427e-03,5.2547128263409478e-03,4.2674045365518939e-03,1.9866559304366621e-03,5.6041803895374607e-04,8.6713280481784657e-05,4.7498926069871649e-06
29,1.5018344049918891e-02,3.2524589769214549e-03,5.0522853485912870e-03,4.1160393076271557e-03,1.9461167192336246e-03,5.5884704475236838e-04,8.7706752741516746e-05,4.8899000514849787e-06
30,1.4590318409089569e-02,3.2066356824491113e-03,4.8611586374316578e-03,3.9695984073169965e-03,1.9037531488847158e-03,5.5577654185058991e-04,8.8381939468425532e-05,5.0140516880726442e-06
31,1.4171505072231059e-02,3.1577212061124071e-03,4.6804401700421524e-03,3.8281220706285514e-03,1.8599757869628567e-03,5.5136167289142118e-04,8.8761156488458882e-05,5.1230091052130536e-06
32,1.3762151868405318e-02,3.1062486942986410e-03,4.5093163226643451e-03,3.6916015072635372e-03,1.8151492626338975e-03,5.4575125011115024e-04,8.8867306106359161e-05,5.2175253273886506e-06
33,1.3362429532911203e-02,3.0526885909463123e-03,4.3470469159582747e-03,3.5599895106425872e-03,1.7695959573209531e-03,5.3908672289293815e-04,8.8723419724382363e-05,5.2984154257568734e-06
34,1.2972443982055616e-02,2.9974555474714731e-03,4.1929595006028044e-03,3.4332090811892415e-03,1.7235995672549510e-03,5.3150146743658941e-04,8.8352286431701203e-05,5.3665316688556594e-06
35,1.2592246471831802e-02,2.9409146323540760e-03,4.0464436517995538e-03,3.3111604352707943e-03,1.6774085077209564e-03,5.2312034439503437e-04,8.7776157440815072e-05,5.4227428505720149e-06
36,1.2221842082374203e-02,2.8833868888308539e-03,3.9069454452392302e-03,3.1937266989523049e-03,1.6312391386414603e-03,5.1405947670592038e-04,8.7016516611057178e-05,5.4679173933772631e-06
37,1.1861196864473216e-02,2.8251542939441553e-03,3.7739622199131255e-03,3.0807785281030957e-03,1.5852787989327137e-03,5.0442620588347638e-04,8.6093907885530105e-05,5.5029098111204028e-06
38,1.1510243905558786e-02,2.7664641733423116e-03,3.6470376866534525e-03,2.9721778503981671e-03,1.5396886432157925e-03,4.9431919064232659e-04,8.5027811186594063e-05,5.5285501201416656e-06
39,1.1168888513532165e-02,2.7075331250093833e-03,3.5257574095298571e-03,2.8677808879710460e-03,1.4946062792642345e-03,4.8382861685263473e-04,8.3836559100570232e-05,5.5456358044398436e-06
40,1.0837012672541212e-02,2.6485505024331875e-03,3.4097446659462683e-03,2.7674405899836326e-03,1.4501482082687955e-03,4.7303649245615103e-04,8.2537287487431335e-05,5.5549259657427869e-06
41,1.0514478891470953e-02,2.5896815042336092e-03,3.2986566774023899e-03,2.6710085806676050e-03,1.4064120727970038e-03,4.6201700510800474e-04,8.1145913943039870e-05,5.5571373193002055e-06
42,1.0201133540748430e-02,2.5310699133995794e-03,3.1921811942025040e-03,2.5783367092668593e-03,1.3634787193861644e-03,4.5083692396683808e-04,7.9677138797884362e-05,5.5529417285977507e-06
43,9.8968097539541815e-03,2.4728405253088832e-03,3.0900334123302948e-03,2.4892782728320271e-03,1.3214140841713126e-03,4.3955603026317041e-04,7.8144464043288010e-05,5.5429650052048364e-06
44,9.6013299561468150e-03,2.4151012998140002e-03,2.9919531981318251e-03,2.4036889702474832e-03,1.2802709109297370e-03,4.2822756406565827e-04,7.6560226225752174e-05,5.5277867323592754e-06
45,9.3145080695941941e-03,2.3579452689815213e-03,2.8977025955542785e-03,2.3214276356269929e-03,1.2400903115175721e-03,4.1689867707320080e-04,7.4935639938826621e-05,5.5079409018038896e-06
46,9.0361514389155507e-03,2.3014522286352538e-03,2.8070635909045274e-03,2.2423567908376541e-03,1.2009031789620862e-03,4.0561088332459813e-04,7.3280849069156376e-05,5.4839171822739059e-06
47,8.7660625108416951e-03,2.2456902387034852e-03,2.7198361110163335e-03,2.1663430500406910e-03,1.1627314635226152e-03,3.9440050147324833e-04,7.1604983420754174e-05,5.4561626645689161e-06
48,8.5040402984281147e-03,2.1907169545165341e-03,2.6358362320667386e-03,2.0932574034844133e-03,1.1255893218988845e-03,3.8329908375723989e-04,6.9916218752126438e-05,5.4250839521791917e-06
49,8.2498816552601870e-03,2.1365808086354202e-03,2.5548945778660942e-03,2.0229754031207870e-03,1.0894841494932617e-03,3.7233382803813272e-04,6.8221838618545751e-05,5.3910494879458141e-06
50,8.0033823817134316e-03,2.0833220605011708e-03,2.4768548881297118e-03,1.9553772687596607e-03,1.0544175052604600e-03,3.6152797031524883e-04,6.6528296720903203e-05,5.3543920262767727e-06
51,7.7643381824821448e-03,2.0309737291574919e-03,2.4015727389336793e-03,1.8903479302774143e-03,1.0203859382344165e-03,3.5090115597424381e-04,6.4841278727764676e-05,5.3154111771349096e-06
52,7.5325454922241519e-03,1.9795624224953723e-03,2.3289143992055693e-03,1.8277770187415329e-03,9.8738172433183156e-04,3.4046978872426768e-04,6.3165762763064051e-05,5.2743759625137548e-06
53,7.3078021841807388e-03,1.9291090748744402e-03,2.2587558086671756e-03,1.7675588171039047e-03,9.5539352151427970e-04,3.3024735673963527e-04,6.1506077942703510e-05,5.2315273386007756e-06
54,7.0899081749391081e-03,1.8796296035707707e-03,2.1909816641107194e-03,1.7095921792759936e-03,9.2440695086120099e-04,3.2024473596957182e-04,5.9865960503371660e-05,5.1870806474810652e-06
55,6.8786659370495551e-03,1.8311354932638068e-03,2.1254846022424022e-03,1.6537804248651861e-03,8.9440511057604585e-04,3.1047047093086578e-04,5.8248607200003706e-05,5.1412279712456259e-06
56,6.6738809299456484e-03,1.7836343166869875e-03,2.0621644685649720e-03,1.6000312155717452e-03,8.6536902942644820e-04,3.0093103356852822e-04,5.6656725758046597e-05,5.0941403689202674e-06
57,6.4753619585081832e-03,1.7371301986103028e-03,2.0009276628959113e-03,1.5482564181774517e-03,8.3727806561313624e-04,2.9163106097221923e-04,5.5092582256265135e-05,5.0459699828977755e-06
58,6.2829214676361645e-03,1.6916242294825324e-03,1.9416865531347947e-03,1.4983719581650207e-03,8.1011025657618343e-04,2.8257357288281908e-04,5.3558045388114963e-05,4.9968520067000890e-06
59,6.0963757803197648e-03,1.6471148343224296e-03,1.8843589498086775e-03,1.4502976672627372e-03,7.8384262478450157e-04,2.7376017002407474e-04,5.2054627607275672e-05,4.9469065100683667e-06
60,5.9155452859354155e-03,1.6035981017991302e-03,1.8288676347455854e-03,1.4039571275874228e-03,7.5845144411728434e-04,2.6519121435723716e-04,5.0583523208042091e-05,4.8962401207134826e-06
61,5.7402545847886292e-03,1.5610680778715129e-03,1.7751399379608730e-03,1.3592775145407402e-03,7.3391247103562639e-04,2.5686599238930073e-04,4.9145643425896138e-05,4.8449475646798127e-06
62,5.5703325943060747e-03,1.5195170278545220e-03,1.7231073574973006e-03,1.3161894401822920e-03,7.1020114435923576e-04,2.4878286267398148e-04,4.7741648669451597e-05,4.7931130692907616e-06
63,5.4056126217161687e-03,1.4789356703389651e-03,1.6727052175444222e-03,1.2746267984440260e-03,6.8729275710690890e-04,2.4093938863411948e-04,4.6371978013574891e-05,4.7408116341516994e-06
64,5.2459324075501941e-03,1.4393133860025841e-03,1.6238723606834991e-03,1.2345266132524338e-03,6.6516260352970588e-04,2.3333245780907737e-04,4.5036876096124670e-05,4.6881101767697731e-06
65,5.0911341438378867e-03,1.4006384040077563e-03,1.5765508705671237e-03,1.1958288903781194e-03,6.4378610416173092e-04,2.2595838859454603e-04,4.3736417568525631e-05,4.6350685600842156e-06
66,4.9410644704575065e-03,1.3628979683792217e-03,1.5306858217541510e-03,1.1584764736283372e-03,6.2313891143397112e-04,2.1881302549793920e-04,4.2470529254236599e-05,4.5817405096492389e-06
67,4.7955744527264565e-03,1.3260784864888276e-03,1.4862250537859196e-03,1.1224149058300945e-03,6.0319699814059412e-04,2.1189182388270343e-04,4.1239010169888771e-05,4.5281744284294179e-06
68,4.6545195429805557e-03,1.2901656615390334e-03,1.4431189669140765e-03,1.0875922949136279e-03,5.8393673081309934e-04,2.0518992512139083e-04,4.0041549562126829e-05,4.4744141172014737e-06
69,4.5177595285849480e-03,1.2551446107289849e-03,1.4013203371781690e-03,1.0539591852935597e-03,5.6533492984440624e-04,1.9870222302183262e-04,3.8877743109548018e-05,4.4204994084464590e-06
70,4.3851584685442955e-03,1.2209999706031119e-03,1.3607841487865270e-03,1.0214684346537234e-03,5.4736891801095784e-04,1.9242342233450835e-04,3.7747107434070927e-05,4.3664667213960094e-06
71,4.2565846206315920e-03,1.1877159909193819e-03,1.3214674419805409e-03,9.9007509616804508e-04,5.3001655886483908e-04,1.8634809009322579e-04,3.6649093059964466e-05,4.3123495455937301e-06
72,4.1319103607312382e-03,1.1552766182301470e-03,1.2833291747634029e-03,9.5973630613104552e-04,5.1325628630842751e-04,1.8047070048629691e-04,3.5583095951947127e-05,4.2581788599710045e-06
73,4.0110120958908981e-03,1.1236655702406288e-03,1.2463300970527061e-03,9.3041117692502868e-04,4.9706712651990481e-04,1.7478567390210732e-04,3.4548467756487788e-05,4.2039834940349159e-06
74,3.8937701723956893e-03,1.0928664018966046e-03,1.2104326359744623e-03,9.0206069521478005e-04,4.8142871326782864e-04,1.6928741074176426e-04,3.3544524862909654e-05,4.1497904373399783e-06
75,3.7800687800160601e-03,1.0628625640520617e-03,1.1756007911564988e-03,8.7464762523283674e-04,4.6632129753572198e-04,1.6397032054267616e-04,3.2570556393287463e-05,4.0956251029775972e-06
76,3.6697958534352101e-03,1.0336374554779984e-03,1.1418000390037463e-03,8.4813641699767433e-04,4.5172575227217212e-04,1.5882884691067594e-04,3.1625831222565079e-05,4.0415115503776301e-06
77,3.5628429717317342e-03,1.0051744688938347e-03,1.1089972450485268e-03,8.2249311929221520e-04,4.3762357298720829e-04,1.5385748871475833e-04,3.0709604122908430e-05,3.9874726722827840e-06
78,3.4591052566769181e-03,9.7745703163194786e-04,1.0771605835671271e-03,7.9768529721987666e-04,4.2399687483078718e-04,1.4905081795772064e-04,2.9821121119124104e-05,3.9335303503349913e-06
79,3.3584812705023119e-03,9.5046864148260845e-04,1.0462594637411433e-03,7.7368195414906913e-04,4.1082838671314297e-04,1.4440349469796638e-04,2.8959624135073571e-05,3.8797055833075754e-06
80,3.2608729137008794e-03,9.2419289821022040e-04,1.0162644617195413e-03,7.5045345785387893e-04,3.9810144295875311e-04,1.3991027936241773e-04,2.8124355004436679e-05,3.8260185916314085e-06
81,3.1661853233428960e-03,8.9861353118145281e-04,9.8714725800621650e-04,7.2797147065803891e-04,3.8579997292493266e-04,1.3556604275780386e-04,2.7314558912951829e-05,3.7724889014992549e-06
82,3.0743267723148874e-03,8.7371442350091862e-04,9.5888057965901963e-04,7.0620888339066547e-04,3.7390848896193225e-04,1.3136577405746037e-04,2.6529487333399319e-05,3.7191354114915890e-06
83,2.9852085698254707e-03,8.4947963300990718e-04,9.3143814684063268e-04,6.8513975296520925e-04,3.6241207304319909e-04,1.2730458701306756e-04,2.5768400509105079e-05,3.6659764443499549e-06
84,2.8987449634649267e-03,8.2589341046775740e-04,9.0479462331007456e-04,6.6473924339727588e-04,3.5129636235160962e-04,1.2337772461535555e-04,2.5030569536623469e-05,3.6130297862304406e-06
85,2.8148530430551454e-03,8.0294021520332731e-04,8.7892557048669035e-04,6.4498357008211499e-04,3.4054753406943052e-04,1.1958056240457734e-04,2.4315278093504469e-05,3.5603127154998702e-06
86,2.7334526464824131e-03,7.8060472849522612e-04,8.5380740475681665e-04,6.2584994715841967e-04,3.3015228958604612e-04,1.1590861061036284e-04,2.3621823852651968e-05,3.5078420228901565e-06
87,2.6544662676668091e-03,7.5887186491367794e-04,8.2941735772746553e-04,6.0731653779141567e-04,3.2009783830764285e-04,1.1235751528128340e-04,2.2949519620722918e-05,3.4556340246010514e-06
88,2.5778189667880940e-03,7.3772678183376284e-04,8.0573343916179405e-04,5.8936240721489382e-04,3.1037188122667370e-04,1.0892305854694575e-04,2.2297694234286659e-05,3.4037045697372741e-06
89,2.5034382828585011e-03,7.1715488730900786e-04,7.8273440235824014e-04,5.7196747837870031e-04,3.0096259438566568e-04,1.0560115813956283e-04,2.1665693244042802e-05,3.3520690432814963e-06
90,2.4312541487071797e-03,6.9714184647567338e-04,7.6039971175939180e-04,5.5511249005516297e-04,2.9185861234945032e-04,1.0238786628759589e-04,2.1052879414267388e-05,3.3007423656387029e-06
91,2.3611988084188819e-03,6.7767358664132119e-04,7.3870951259822910e-04,5.3877895726488548e-04,2.8304901178190109e-04,9.9279368081103638e-05,2.0458633061802103e-05,3.2497389896387843e-06
92,2.2932067372503574e-03,6.5873630119620257e-04,7.1764460240863375e-04,5.2294913388923714e-04,2.7452329520747152e-04,9.6271979396758450e-05,1.9882352256302608e-05,3.1990728957515512e-06
93,2.2272145640315909e-03,6.4031645247245180e-04,6.9718640424425746e-04,5.0760597734363186e-04,2.6627137502401049e-04,9.3362144459987854e-05,1.9323452901101118e-05,3.1487575861504901e-06
94,2.1631609960449795e-03,6.2240077366388453e-04,6.7731694146520827e-04,4.9273311519229708e-04,2.5828355782126395e-04,9.0546433112270546e-05,1.8781368711898255e-05,3.0988060781572154e-06
95,2.1009867463637937e-03,6.0497626990821602e-04,6.5801881396573771e-04,4.7831481359164276e-04,2.5055052904896278e-04,8.7821537843165172e-05,1.8255551108562821e-05,3.0492308975066385e-06
96,2.0406344636212811e-03,5.8803021862362118e-04,6.3927517572841209e-04,4.6433594745553072e-04,2.4306333806926522e-04,8.5184270639090040e-05,1.7745469033569545e-05,3.0000440717921409e-06
97,1.9820486641735076e-03,5.7155016918264141e-04,6.2106971360122512e-04,4.5078197224170135e-04,2.3581338362041294e-04,8.2631559694118595e-05,1.7250608709028558e-05,2.9512571243795418e-06
98,1.9251756666122106e-03,5.5552394199838992e-04,6.0338662720396848e-04,4.3763889726432085e-04,2.2879239971163606e-04,8.0160446022035811e-05,1.6770473342842245e-05,2.9028810690173595e-06
99,1.8699635285783858e-03,5.3993962709075012e-04,5.8621060987898421e-04,4.2489326044307084e-04,2.2199244196346849e-04,7.7768080003543373e-05,1.6304582793251075e-05,2.8549264053178190e-06
100,1.8163619858229195e-03,5.2478558219370465e-04,5.6952683060933619e-04,4.1253210440440300e-04,2.1540587440260780e-04,7.5451717897742060e-05,1.5852473199888053e-05,2.8074031152374763e-06
101,1.7643223934571165e-03,5.1005043045900509e-04,5.5332091683452415e-04,4.0054295385553328e-04,2.0902535671616664e-04,7.3208718342801130e-05,1.5413696588438790e-05,2.7603206606473340e-06
102,1.7137976693333762e-03,4.9572305780604142e-04,5.3757893810023208e-04,3.8891379415644222e-04,2.0284383196652941e-04,7.1036538866990772e-05,1.4987820455090940e-05,2.7136879820492369e-06
103,1.6647422394943895e-03,4.8179260996292949e-04,5.2228739048432139e-04,3.7763305101960656e-04,1.9685451476496559e-04,6.8932732427957040e-05,1.4574427336141802e-05,2.6675134984674617e-06
104,1.6171119856280042e-03,4.6824848923945656e-04,5.0743318174641637e-04,3.6668957127139766e-04,1.9105087989959100e-04,6.6894943995213948e-05,1.4173114367407380e-05,2.6218051085211717e-06
105,1.5708641944641940e-03,4.5508035106856047e-04,4.9300361715305403e-04,3.5607260461306304e-04,1.8542665141114685e-04,6.4920907188273879e-05,1.3783492837431449e-05,2.5765701926641902e-06
106,1.5259575090503406e-03,4.4227810034943443e-04,4.7898638593452846e-04,3.4577178632296890e-04,1.7997579210832752e-04,6.3008440980597379e-05,1.3405187737921136e-05,2.5318156165629236e-06
107,1.4823518818411993e-03,4.2983188762209912e-04,4.6536954833331363e-04,3.3577712084532116e-04,1.7469249351297994e-04,6.1155446477585554e-05,1.3037837314329004e-05,2.4875477355707028e-06
108,1.4400085295404013e-03,4.1773210510034209e-04,4.5214152320732326e-04,3.2607896621392608e-04,1.6957116622437989e-04,5.9359903775128777e-05,1.2681092619054264e-05,2.4437724002469932e-06
109,1.3988898896311313e-03,4.0596938258725913e-04,4.3929107615431611e-04,3.1666801926268827e-04,1.6460643069092376e-04,5.7619868903740617e-05,1.2334617069340913e-05,2.4004949628623853e-06
110,1.3589595785345934e-03,3.9453458329521398e-04,4.2680730812651060e-04,3.0753530157750413e-04,1.5979310837691810e-04,5.5933470862018167e-05,1.1998086011603645e-05,2.3577202848247846e-06
111,1.3201823513360987e-03,3.8341879958984459e-04,4.1467964450696049e-04,2.9867214614698453e-04,1.5512621331168451e-04,5.4298908742058817e-05,1.1671186293607560e-05,2.3154527449584218e-06
112,1.2825240630199158e-03,3.7261334867575205e-04,4.0289782462149190e-04,2.9007018467205116e-04,1.5060094400788667e-04,5.2714448948508032e-05,1.1353615845660908e-05,2.2736962485649607e-06
113,1.2459516311555093e-03,3.6210976823971322e-04,3.9145189166204500e-04,2.8172133549690231e-04,1.4621267573581128e-04,5.1178422512095315e-05,1.1045083271747315e-05,2.2324542371948808e-06
114,1.2104329999793407e-03,3.5189981206561714e-04,3.8033218299910636e-04,2.7361779212614303e-04,1.4195695314027593e-04,4.9689222497820012e-05,1.0745307451321083e-05,2.1917296990572132e-06
115,1.1759371058180186e-03,3.4197544563384423e-04,3.6952932086259843e-04,2.6575201229503404e-04,1.3782948318687152e-04,4.8245301507360470e-05,1.0454017152313368e-05,2.1515251799964924e-06
116,1.1424338438002707e-03,3.3232884171646167e-04,3.5903420337211038e-04,2.5811670756183597e-04,1.3382612842436427e-04,4.6845169274786262e-05,1.0170950655744882e-05,2.1118427949672352e-06
117,1.1098940358069086e-03,3.2295237597838606e-04,3.4883799589874141e-04,2.5070483339312537e-04,1.2994290055026516e-04,4.5487390354242528e-05,9.8958553922099629e-06,2.0726842399382810e-06
118,1.0782893996096755e-03,3.1383862259355520e-04,3.3893212274208577e-04,2.4350957971473771e-04,1.2617595426681299e-04,4.4170581897937467e-05,9.6284875903845126e-06,2.0340508041617989e-06
119,1.0475925191515856e-03,3.0498034988414721e-04,3.2930825910703482e-04,2.3652436190265728e-04,1.2252158141489813e-04,4.2893411522488867e-05,9.3686119376147765e-06,1.9959433827445651e-06
120,1.0177768159230934e-03,2.9637051598996864e-04,3.1995832336611960e-04,2.2974281218974093e-04,1.1897620537377255e-04,4.1654595261466710e-05,9.1160012525627004e-06,1.9583624894621657e-06
121,9.8881652139010969e-04,2.8800226457430781e-04,3.1087446959407130e-04,2.2315877146562261e-04,1.1553637571473519e-04,4.0452895601797129e-05,8.8704361698154666e-06,1.9213082697600367e-06
122,9.6068665043157577e-04,2.7986892057179665e-04,3.0204908036215197e-04,2.1676628144851859e-04,1.1219876309734712e-04,3.9287119601563034e-05,8.6317048363097151e-06,1.8847805138885766e-06
123,9.3336297574593704e-04,2.7196398598314285e-04,2.9347475978060459e-04,2.1055957720893847e-04,1.0896015439711109e-04,3.8156117086643175e-05,8.3996026193739476e-06,1.8487786701230035e-06
124,9.0682200318747638e-04,2.6428113572097585e-04,2.8514432677830860e-04,2.0453308002650925e-04,1.0581744805393872e-04,3.7058778923567861e-05,8.1739318261540810e-06,1.8133018580220356e-06
125,8.8104094799502822e-04,2.5681421351048887e-04,2.7705080860939449e-04,1.9868139056224769e-04,1.0276764963112523e-04,3.5994035365932894e-05,7.9545014341561875e-06,1.7783488816828951e-06
126,8.5599771187713303e-04,2.4955722784805289e-04,2.6918743457719210e-04,1.9299928232967156e-04,9.9807867574947730e-05,3.4960854471699103e-05,7.7411268326161455e-06,1.7439182429534748e-06
127,8.3167086091916372e-04,2.4250434802051670e-04,2.6154762996645454e-04,1.8748169544913023e-04,9.6935309165400183e-05,3.3958240588709080e-05,7.5336295743870814e-06,1.7100081545657836e-06
128,8.0803960427939777e-04,2.3564990018749165e-04,2.5412501017532218e-04,1.8212373067065909e-04,9.4147276648971098e-05,3.2985232905773765e-05,7.3318371380218353e-06,1.6766165531579716e-06
129,7.8508377364239559e-04,2.2898836352854118e-04,2.4691337503897565e-04,1.7692064365153331e-04,9.1441163544757022e-05,3.2040904066714989e-05,7.1355826997179967e-06,1.6437411121552769e-06
130,7.6278380339938527e-04,2.2251436645685723e-04,2.3990670333737081e-04,1.7186783947550636e-04,8.8814451115585541e-05,3.1124358844795162e-05,6.9447049147871007e-06,1.6113792544831904e-06
131,7.4112071152664593e-04,2.1622268290069350e-04,2.3309914747986283e-04,1.6696086740148168e-04,8.6264704996193422e-05,3.0234732875018744e-05,6.7590477083067545e-06,1.5795281650889246e-06
132,7.2007608113412215e-04,2.1010822865355239e-04,2.2648502835990772e-04,1.6219541583008005e-04,8.3789571970866605e-05,2.9371191441851318e-05,6.5784600746140925e-06,1.5481848032499330e-06
133,6.9963204265770316e-04,2.0416605779386644e-04,2.2005883037338293e-04,1.5756730747723199e-04,8.1386776893301776e-05,2.8532928319968281e-05,6.4027958853009679e-06,1.5173459146507506e-06
134,6.7977125666973887e-04,1.9839135917469470e-04,2.1381519659440001e-04,1.5307249474455338e-04,7.9054119741787861e-05,2.7719164665716158e-05,6.2319137053749989e-06,1.4870080432117777e-06
135,6.6047689728347258e-04,1.9277945298374651e-04,2.0774892410278581e-04,1.4870705527684867e-04,7.6789472803136404e-05,2.6929147957043385e-05,6.0656766172558958e-06,1.4571675426558837e-06
136,6.4173263612811937e-04,1.8732578737386591e-04,2.0185495945769465e-04,1.4446718769763623e-04,7.4590777979105280e-05,2.6162150979733487e-05,5.9039520522830122e-06,1.4278205878007493e-06
137,6.2352262687233502e-04,1.8202593516394508e-04,1.9612839431207998e-04,1.4034920751410858e-04,7.2456044209365903e-05,2.5417470857851032e-05,5.7466116294175838e-06,1.3989631855668438e-06
138,6.0583149027478196e-04,1.7687559061008848e-04,1.9056446116300123e-04,1.3634954318342260e-04,7.0383345005356512e-05,2.4694428126388854e-05,5.5935310008314532e-06,1.3705911856927052e-06
139,5.8864429974142475e-04,1.7187056624671940e-04,1.8515852923297376e-04,1.3246473233266982e-04,6.8370816089644983e-05,2.3992365844182809e-05,5.4445897040830214e-06,1.3427002911508728e-06
140,5.7194656737007490e-04,1.6700678979720334e-04,1.7990610047778768e-04,1.2869141812530278e-04,6.6416653135693040e-05,2.3310648745238243e-05,5.2996710205905147e-06,1.3152860682593570e-06
141,5.5572423046354393e-04,1.6228030115346000e-04,1.7480280571642324e-04,1.2502634576719358e-04,6.4519109603171099e-05,2.2648662426688617e-05,5.1586618401224156e-06,1.2883439564849429e-06
142,5.3996363849357211e-04,1.5768724942394233e-04,1.6984440087888369e-04,1.2146635914587528e-04,6.2676494664217771e-05,2.2005812571682277e-05,5.0214525310347944e-06,1.2618692779359223e-06
143,5.2465154049847497e-04,1.5322389004928272e-04,1.6502676336794449e-04,1.1800839759686965e-04,6.0887171216272722e-05,2.1381524205567125e-05,4.8879368159952989e-06,1.2358572465430316e-06
144,5.0977507289817617e-04,1.4888658198483281e-04,1.6034588853098715e-04,1.1464949279133507e-04,5.9149553977334104e-05,2.0775240983814853e-05,4.7580116529436374e-06,1.2103029769284462e-06
145,4.9532174771100179e-04,1.4467178494926311e-04,1.5579788623824617e-04,1.1138676573957955e-04,5.7462107659704346e-05,2.0186424510196529e-05,4.6315771210483446e-06,1.1852014929636594e-06
146,4.8127944115728137e-04,1.4057605673833308e-04,1.5137897756394630e-04,1.0821742390527474e-04,5.5823345218490483e-05,1.9614553683789256e-05,4.5085363114295891e-06,1.1605477360179547e-06
147,4.6763638263543344e-04,1.3659605060289756e-04,1.4708549156695034e-04,1.0513875842548224e-04,5.4231826171316563e-05,1.9059124073459306e-05,4.3887952224274476e-06,1.1363365728999654e-06
148,4.5438114405682583e-04,1.3272851269017391e-04,1.4291386216767199e-04,1.0214814143186004e-04,5.2686154985889001e-05,1.8519647318530633e-05,4.2722626592047083e-06,1.1125628034955264e-06
149,4.4150262952628069e-04,1.2897027954726119e-04,1.3886062511813402e-04,9.9243023468659997e-05,5.1184979532228444e-05,1.7995650554408828e-05,4.1588501374825436e-06,1.0892211681056456e-06
150,4.2899006535564518e-04,1.2531827568587489e-04,1.3492241506217397e-04,9.6420931003355194e-05,4.9726989596546321e-05,1.7486675861989352e-05,4.0484717912165009e-06,1.0663063544889841e-06
151,4.1683299039837709e-04,1.2176951120723642e-04,1.3109596268291260e-04,9.3679464025949537e-05,4.8310915453900392e-05,1.6992279739735376e-05,3.9410442840290839e-06,1.0438130046137101e-06
152,4.0502124669359793e-04,1.1832107948603933e-04,1.2737809193470978e-04,9.1016293733225227e-05,4.6935526496911217e-05,1.6512032597364658e-05,3.8364867242237227e-06,1.0217357211240249e-06
153,3.9354497040854401e-04,1.1497015491239879e-04,1.2376571735693437e-04,8.8429160294372058e-05,4.5599629917961740e-05,1.6045518270136822e-05,3.7347205832131624e-06,1.0000690735270170e-06
154,3.8239458306880259e-04,1.1171399069068032e-04,1.2025584146697401e-04,8.5915870694622351e-05,4.4302069442434940e-05,1.5592333552781863e-05,3.6356696172032862e-06,9.7880760410581570e-07
155,3.7156078306615803e-04,1.0854991669409676e-04,1.1684555223000314e-04,8.3474296653683708e-05,4.3041724110670042e-05,1.5152087752158147e-05,3.5392597919809786e-06,9.5794583356527199e-07
156,3.6103453743428397e-04,1.0547533737395792e-04,1.1353202060311710e-04,8.1102372615919779e-05,4.1817507106437201e-05,1.4724402257773394e-05,3.4454192106620017e-06,9.3747826641661692e-07
157,3.5080707388291814e-04,1.0248772972245540e-04,1.1031249815152544e-04,7.8798093809379888e-05,4.0628364629842648e-05,1.4308910129345114e-05,3.3540780442618985e-06,9.1739939610771446e-07
158,3.4086987308153002e-04,9.9584641287866858e-05,1.0718431473457744e-04,7.6559514370918631e-05,3.9473274812683575e-05,1.3905255700618246e-05,3.2651684649596363e-06,8.9770370990566500e-07
159,3.3121466118385591e-04,9.6763688241066251e-05,1.0414487625947214e-04,7.4384745534779838e-05,3.8351246674372286e-05,1.3513094198696590e-05,3.1786245819301985e-06,8.7838569353861958e-07
160,3.2183340258501404e-04,9.4022553492232179e-05,1.0119166250057755e-04,7.2271953882145214e-05,3.7261319116644908e-05,1.3132091378182050e-05,3.0943823796284223e-06,8.5943983560372555e-07
161,3.1271829290324660e-04,9.1358984856653209e-05,9.8322224982355823e-05,7.0219359649265894e-05,3.6202559955360322e-05,1.2761923169450913e-05,3.0123796584123033e-06,8.4086063174817614e-07
162,3.0386175217864364e-04,8.8770793268537425e-05,9.5534184923958806e-05,6.8225235091907467e-05,3.5174064987779927e-05,1.2402275340430075e-05,2.9325559773995534e-06,8.2264258863034220e-07
163,2.9525641828150398e-04,8.6255851041743445e-05,9.2825231243623052e-05,6.6287902903944832e-05,3.4174957093800069e-05,1.2052843171268038e-05,2.8548525994565254e-06,8.0478022766795797e-07
164,2.8689514052327483e-04,8.3812090176361146e-05,9.0193118621056413e-05,6.4405734688042639e-05,3.3204385369684842e-05,1.1713331141325740e-05,2.7792124382237095e-06,7.8726808858031194e-07
165,2.7877097346328168e-04,8.1437500710082486e-05,8.7635665616067957e-05,6.2577149476452111e-05,3.2261524292919756e-05,1.1383452627941191e-05,2.7055800070868022e-06,7.7010073273132989e-07
166,2.7087717090472119e-04,7.9130129113316118e-05,8.5150752841750375e-05,6.0800612300044130e-05,3.1345572916874280e-05,1.1062929616448966e-05,2.6339013700069567e-06,7.5327274628038800e-07
167,2.6320718007363954e-04,7.6888076727013482e-05,8.2736321190579316e-05,5.9074632803782713e-05,3.0455754094026696e-05,1.0751492420961644e-05,2.5641240941281549e-06,7.3677874314760666e-07
168,2.5575463597485342e-04,7.4709498242188303e-05,8.0390370111847631e-05,5.7397763906923672e-05,2.9591313726564979e-05,1.0448879415444758e-05,2.4961972040837842e-06,7.2061336780028639e-07
169,2.4851335591899974e-04,7.2592600220127573e-05,7.8110955938902712e-05,5.5768600506298210e-05,2.8751520043235772e-05,1.0154836774640018e-05,2.4300711379284197e-06,7.0477129786704185e-07
170,2.4147733421511799e-04,7.0535639652307143e-05,7.5896190264704958e-05,5.4185778221113694e-05,2.7935662901367827e-05,9.8691182244137469e-06,2.3656977046245358e-06,6.8924724658608038e-07
171,2.3464073702337323e-04,6.8536922559041906e-05,7.3744238364272674e-05,5.2647972177771234e-05,2.7143053113047957e-05,9.5914848011281161e-06,2.3030300430173807e-06,6.7403596509394659e-07
172,2.2799789736272988e-04,6.6594802625916853e-05,7.1653317662623379e-05,5.1153895833264696e-05,2.6373021794476590e-05,9.3217046196528159e-06,2.2420225822346148e-06,6.5913224456093035e-07
173,2.2154331026857487e-04,6.4707679877062501e-05,6.9621696246866655e-05,4.9702299835786570e-05,2.5624919737576251e-05,9.0595526496532988e-06,2.1826310034504453e-06,6.4453091817919592e-07
174,2.1527162809547050e-04,6.2873999384355252e-05,6.7647691421145000e-05,4.8291970921224281e-05,2.4898116802969777e-05,8.8048104998096238e-06,2.1248122029570201e-06,6.3022686300955512e-07
175,2.0917765596039124e-04,6.1092250011640504e-05,6.5729668303160052e-05,4.6921730844285691e-05,2.4192001333486969e-05,8.5572662096366909e-06,2.0685242564886580e-06,6.1621500169266291e-07
176,2.0325634732196732e-04,5.9360963193094173e-05,6.3866038461061255e-05,4.5590435343044751e-05,2.3505979587397180e-05,8.3167140485925026e-06,2.0137263847471994e-06,6.0249030403026611e-07
177,1.9750279969141520e-04,5.7678711744855306e-05,6.2055258589511635e-05,4.4296973135747925e-05,2.2839475190602707e-05,8.0829543221763146e-06,1.9603789200792925e-06,5.8904778844198838e-07
178,1.9191225047098946e-04,5.6044108709080577e-05,6.0295829223781923e-05,4.3040264948769549e-05,2.2191928607062919e-05,7.8557931847326539e-06,1.9084432742588425e-06,5.7588252330298579e-07
179,1.8648007291593831e-04,5.4455806229588678e-05,5.8586293490759844e-05,4.1819262574648853e-05,2.1562796626752375e-05,7.6350424586907963e-06,1.8578819073301380e-06,5.6298962816765250e-07
180,1.8120177221608370e-04,5.2912494458280463e-05,5.6925235895795317e-05,4.0632947959184342e-05,2.0951551870487774e-05,7.4205194599820795e-06,1.8086582974693151e-06,5.5036427488441088e-07
181,1.7607298169328313e-04,5.1412900491537594e-05,5.5311281144335385e-05,3.9480332316601918e-05,2.0357682310988408e-05,7.2120468293895370e-06,1.7607369118238716e-06,5.3800168860645882e-07
182,1.7108945911116109e-04,4.9955787335820698e-05,5.3743092997334453e-05,3.8360455271851853e-05,1.9780690809563196e-05,7.0094523695958444e-06,1.7140831782918628e-06,5.2589714870320987e-07
183,1.6624708309361902e-04,4.8539952901704331e-05,5.2219373159456368e-05,3.7272384029126402e-05,1.9220094667844228e-05,6.8125688877064578e-06,1.6686634582042544e-06,5.1404598957699824e-07
184,1.6154184964875624e-04,4.7164229025603838e-05,5.0738860199114359e-05,3.6215212565725606e-05,1.8675425194012245e-05,6.6212340430351038e-06,1.6244450198756248e-06,5.0244360138948209e-07
185,1.5696986879494548e-04,4.5827480518465689e-05,4.9300328499423924e-05,3.5188060850431575e-05,1.8146227282983601e-05,6.4352901999486063e-06,1.5813960129900527e-06,4.9108543070202909e-07
186,1.5252736128591895e-04,4.4528604240709799e-05,4.7902587239171491e-05,3.4190074085584309e-05,1.7632059010051281e-05,6.2545842855772418e-06,1.5394854437905726e-06,4.7996698103422017e-07
187,1.4821065543182567e-04,4.3266528202728845e-05,4.6544479402928400e-05,3.3220421972081948e-05,1.7132491237494338e-05,6.0789676522056263e-06,1.4986831510420528e-06,4.6908381334447044e-07
188,1.4401618401332369e-04,4.2040210690265816e-05,4.5224880819466253e-05,3.2278297996558166e-05,1.6647107233690621e-05,5.9082959441674706e-06,1.4589597827387291e-06,4.5843154643662167e-07
189,1.3994048128586630e-04,4.0848639414007242e-05,4.3942699227654354e-05,3.1362918740016548e-05,1.6175502304287574e-05,5.7424289690753781e-06,1.4202867735289542e-06,4.4800585729622654e-07
190,1.3598018007143889e-04,3.9690830682745254e-05,4.2696873369044815e-05,3.0473523207229025e-05,1.5717283435004297e-05,5.5812305732244255e-06,1.3826363228309562e-06,4.3780248136010654e-07
191,1.3213200893509065e-04,3.8565828599477349e-05,4.1486372106374321e-05,2.9609372176230421e-05,1.5272068945655997e-05,5.4245685210153103e-06,1.3459813736145851e-06,4.2781721272263782e-07
192,1.2839278944369362e-04,3.7472704279828077e-05,4.0310193567234397e-05,2.8769747567265621e-05,1.4839488155008703e-05,5.2723143782495941e-06,1.3102955918251433e-06,4.1804590428208715e-07
193,1.2475943350444621e-04,3.6410555092191822e-05,3.9167364312184322e-05,2.7953951830569225e-05,1.4419181056088181e-05,5.1243433991560190e-06,1.2755533464264490e-06,4.0848446783019496e-07
194,1.2122894078071711e-04,3.5378503919010854e-05,3.8056938526602127e-05,2.7161307352379590e-05,1.4010798001582304e-05,4.9805344170128671e-06,1.2417296900412893e-06,3.9912887408808178e-07
195,1.1779839618290553e-04,3.4375698438617273e-05,3.6977997235590013e-05,2.6391155878610650e-05,1.3613999398990620e-05,4.8407697382371764e-06,1.2088003401683674e-06,3.8997515269143156e-07
196,1.1446496743206688e-04,3.3401310427081753e-05,3.5929647541270680e-05,2.5642857955625201e-05,1.3228455415188631e-05,4.7049350398170753e-06,1.1767416609557467e-06,3.8101939212779178e-07
197,1.1122590269412615e-04,3.2454535079526089e-05,3.4911021881830398e-05,2.4915792387572967e-05,1.2853845690087644e-05,4.5729192699686645e-06,1.1455306455116610e-06,3.7225773962871643e-07
198,1.0807852828257055e-04,3.1534590350370253e-05,3.3921277311683825e-05,2.4209355709775428e-05,1.2489859059083396e-05,4.4446145519039346e-06,1.1151448987343506e-06,3.6368640101936743e-07
199,1.0502024642758002e-04,3.0640716311997989e-05,3.2959594802153624e-05,2.3522961677657405e-05,1.2136193283998785e-05,4.3199160906007611e-06,1.0855626206433755e-06,3.5530164052808304e-07
200,1.0204853310961907e-04,2.9772174531338470e-05,3.2025178562076000e-05,2.2856040770742677e-05,1.1792554792237385e-05,4.1987220824706475e-06,1.0567625901955689e-06,3.4709978055832148e-07
201,9.9160935955575609e-05,2.8928247463874118e-05,3.1117255377760111e-05,2.2208039711247296e-05,1.1458658423875281e-05,4.0809336278240270e-06,1.0287241495694999e-06,3.3907720142528286e-07
202,9.6355072195593018e-05,2.8108237864597579e-05,3.0235073971746464e-05,2.1578420996820341e-05,1.1134227186429204e-05,3.9664546460370451e-06,1.0014271889029655e-06,3.3123034105941973e-07
203,9.3628626678799232e-05,2.7311468215453069e-05,2.9377904379825165e-05,2.0966662446996948e-05,1.0818992017048829e-05,3.8551917933275978e-06,9.7485213146866214e-07,3.2355569467895023e-07
204,9.0979349946193372e-05,2.6537280168809482e-05,2.8545037345790870e-05,2.0372256762943224e-05,1.0512691551890570e-05,3.7470543830520615e-06,9.4897991927377845e-07,3.1604981443339747e-07
205,8.8405056359004071e-05,2.5785034006524374e-05,2.7735783733426408e-05,1.9794711100086496e-05,1.0215071902439233e-05,3.6419543084376427e-06,9.2379199906981906e-07,3.0870930902009151e-07
206,8.5903622280885994e-05,2.5054108114169656e-05,2.6949473955221795e-05,1.9233546653238277e-05,9.9258864385526037e-06,3.5398059676686513e-06,8.9927030875950764e-07,3.0153084327548398e-07
207,8.3472984312372105e-05,2.4343898470001039e-05,2.6185457417349682e-05,1.8688298253829885e-05,9.6448955780122147e-06,3.4405261912481258e-06,8.7539726418812447e-07,2.9451113774304531e-07
208,8.1111137576047332e-05,2.3653818148264166e-05,2.5443101980432274e-05,1.8158513978893519e-05,9.3718665823714986e-06,3.3440341715593268e-06,8.5215574630712870e-07,2.8764696821943370e-07
209,7.8816134050956396e-05,2.2983296836441474e-05,2.4721793435647993e-05,1.7643754771433444e-05,9.1065733589001126e-06,3.2502513945544628e-06,8.2952908869837095e-07,2.8093516528054923e-07
210,7.6586080954805144e-05,2.2331780366054108e-05,2.4020934995739582e-05,1.7143594071843573e-05,8.8487962684303989e-06,3.1591015735008028e-06,8.0750106544765315e-07,2.7437261378901377e-07
211,7.4419139172557153e-05,2.1698730256643419e-05,2.3339946800497576e-05,1.6657617460038916e-05,8.5983219389189334e-06,3.0705105847169561e-06,7.8605587935680577e-07,2.6795625238454410e-07
212,7.2313521730071862e-05,2.1083623272566992e-05,2.2678265436305896e-05,1.6185422307979153e-05,8.3549430845427222e-06,2.9844064052346222e-06,7.6517815048385956e-07,2.6168307295862125e-07
213,7.0267492311469487e-05,2.0485950992253426e-05,2.2035343469347790e-05,1.5726617442272727e-05,8.1184583301559825e-06,2.9007190523235053e-06,7.4485290500126886e-07,2.5555012011478789e-07
214,6.8279363818949673e-05,1.9905219389570048e-05,2.1410648992082145e-05,1.5280822816560176e-05,7.8886720409395194e-06,2.8193805248194177e-06,7.2506556436251249e-07,2.4955449061584779e-07
215,6.6347496973828403e-05,1.9340948426966860e-05,2.0803665182611599e-05,1.4847669193384651e-05,7.6653941570806013e-06,2.7403247461977526e-06,7.0580193476774612e-07,2.4369333281917625e-07
216,6.4470298957594911e-05,1.8792671660069111e-05,2.0213889876574383e-05,1.4426797835267194e-05,7.4484400333267696e-06,2.6634875093366540e-06,6.8704819691950887e-07,2.3796384610129455e-07
217,6.2646222091826927e-05,1.8259935853399806e-05,1.9640835151202800e-05,1.4017860204713009e-05,7.2376302832625063e-06,2.5888064229161871e-06,6.6879089605981605e-07,2.3236328027280288e-07
218,6.0873762555836629e-05,1.7742300606922103e-05,1.9084026921201331e-05,1.3620517672883732e-05,7.0327906281627321e-06,2.5162208594017593e-06,6.5101693228026309e-07,2.2688893498471420e-07
219,5.9151459140954460e-05,1.7239337993099822e-05,1.8543004546107385e-05,1.3234441236678982e-05,6.8337517502821452e-06,2.4456719045618830e-06,6.3371355109706393e-07,2.2153815912717776e-07
220,5.7477892040389728e-05,1.6750632204182763e-05,1.8017320448807379e-05,1.2859311243978531e-05,6.6403491504441675e-06,2.3771023084721302e-06,6.1686833428322588e-07,2.1630835022153221e-07
221,5.5851681673639117e-05,1.6275779209431241e-05,1.7506539744890250e-05,1.2494817126804114e-05,6.4524230097977976e-06,2.3104564379588256e-06,6.0046919095032422e-07,2.1119695380657934e-07
222,5.4271487544444604e-05,1.5814386422002223e-05,1.7010239882529644e-05,1.2140657142167453e-05,6.2698180556151056e-06,2.2456802304376509e-06,5.8450434887260188e-07,2.0620146281992423e-07
223,5.2736007131331886e-05,1.5366072375227005e-05,1.6528010292594812e-05,1.1796538120378280e-05,6.0923834310063519e-06,2.1827211491038884e-06,5.6896234604635999e-07,2.0131941697518358e-07
224,5.1243974809789622e-05,1.4930466408017684e-05,1.6059452048698966e-05,1.1462175220593085e-05,5.9199725684337161e-06,2.1215281394325082e-06,5.5383202247784231e-07,1.9654840213581982e-07
225,4.9794160805176932e-05,1.4507208359147034e-05,1.5604177536902065e-05,1.1137291693392107e-05,5.7524430669085982e-06,2.0620515869477668e-06,5.3910251219303771e-07,1.9188604968632112e-07
226,4.8385370175473985e-05,1.4095948270153240e-05,1.5161810134793200e-05,1.0821618650178571e-05,5.5896565727611993e-06,2.0042432762233246e-06,5.2476323546304600e-07,1.8733003590140520e-07
227,4.7016441823016709e-05,1.3696346096627927e-05,1.4731983899685617e-05,1.0514894839200491e-05,5.4314786638746850e-06,1.9480563510752366e-06,5.1080389123885384e-07,1.8287808131389051e-07
228,4.5686247534381457e-05,1.3308071427652423e-05,1.4314343265664966e-05,1.0216866428001455e-05,5.2777787372797851e-06,1.8934452759114184e-06,4.9721444978957127e-07,1.7852795008183987e-07
229,4.4393691047610750e-05,1.2930803213153872e-05,1.3908542749238908e-05,9.9272867921126344e-06,5.1284299000089899e-06,1.8403657982024265e-06,4.8398514553836477e-07,1.7427744935555021e-07
230,4.3137707145994048e-05,1.2564229498958884e-05,1.3514246663343364e-05,9.6459163098040630e-06,4.9833088631127577e-06,1.7887749120395416e-06,4.7110647009051277e-07,1.7012442864492661e-07
231,4.1917260777641565e-05,1.2208047169328782e-05,1.3131128839467627e-05,9.3725221627186314e-06,4.8422958387433067e-06,1.7386308227472897e-06,4.5856916544818032e-07,1.6606677918775009e-07
232,4.0731346200110490e-05,1.1861961696766278e-05,1.2758872357667491e-05,9.1068781422176186e-06,4.7052744402145095e-06,1.6898929125186012e-06,4.4636421740667982e-07,1.6210243331931627e-07
233,3.9578986149365407e-05,1.1525686898889370e-05,1.2397169284242016e-05,8.8487644612717515e-06,4.5721315849493554e-06,1.6425217070418612e-06,4.3448284912715380e-07,1.5822936384389548e-07
234,3.8459231032375121e-05,1.1198944702173868e-05,1.2045720416856005e-05,8.5979675717367085e-06,4.4427574002292407e-06,1.5964788430901022e-06,4.2291651488076200e-07,1.5444558340843566e-07
235,3.7371158142668982e-05,1.0881464912371426e-05,1.1704235036896550e-05,8.3542799868569193e-06,4.3170451316620162e-06,1.5517270370435507e-06,4.1165689395961795e-07,1.5074914387890456e-07
236,3.6313870898194933e-05,1.0572984991415407e-05,1.1372430668857937e-05,8.1175001088460391e-06,4.1948910542883684e-06,1.5082300543176805e-06,4.0069588474985543e-07,1.4713813571964188e-07
237,3.5286498100841105e-05,1.0273249840632010e-05,1.1050032846555167e-05,7.8874320613971215e-06,4.0761943862485811e-06,1.4659526796698027e-06,3.9002559896235264e-07,1.4361068737606887e-07
238,3.4288193217001278e-05,9.9820115900793164e-06,1.0736774885971954e-05,7.6638855269798645e-06,3.9608572049341874e-06,1.4248606883581016e-06,3.7963835601677400e-07,1.4016496466107895e-07
239,3.3318133678582203e-05,9.6990293938416763e-06,1.0432397664554749e-05,7.4466755887864618e-06,3.8487843655513408e-06,1.3849208181278471e-06,3.6952667757471934e-07,1.3679917014541238e-07
240,3.2375520203868691e-05,9.4240692311118100e-06,1.0136649406769504e-05,7.2356225771918698e-06,3.7398834220250021e-06,1.3461007420003141e-06,3.5968328221789732e-07,1.3351154255229634e-07
241,3.1459576137678924e-05,9.1569037128976113e-06,9.8492854757433051e-06,7.0305519205980689e-06,3.6340645501752456e-06,1.3083690418407173e-06,3.5010108026736086e-07,1.3030035615661254e-07
242,3.0569546810259146e-05,8.8973118941951544e-06,9.5700681708179878e-06,6.8312940005359393e-06,3.5312404730990587e-06,1.2716951826822115e-06,3.4077316873995867e-07,1.2716392018883484e-07
243,2.9704698914382707e-05,8.6450790914739260e-06,9.2987665308477539e-06,6.6376840109019870e-06,3.4313263886930873e-06,1.2360494877837250e-06,3.3169282643827058e-07,1.2410057824396210e-07
244,2.8864319900133839e-05,8.3999967053245011e-06,9.0351561430776401e-06,6.4495618212108150e-06,3.3342398992547335e-06,1.2014031144000894e-06,3.2285350917040353e-07,1.2110870769565439e-07
245,2.8047717386871642e-05,8.1618620481231198e-06,8.7790189574443384e-06,6.2667718437477636e-06,3.2399009431009284e-06,1.1677280302435951e-06,3.1424884509612987e-07,1.1818671911576265e-07
246,2.7254218591884424e-05,7.9304781765717440e-06,8.5301431061453485e-06,6.0891629045094685e-06,3.1482317281457304e-06,1.1349969906167531e-06,3.0587263019595200e-07,1.1533305569942923e-07
247,2.6483169775258377e-05,7.7056537289760052e-06,8.2883227283268279e-06,5.9165881178234823e-06,3.0591566673797044e-06,1.1031835161966620e-06,2.9771882385977625e-07,1.1254619269591896e-07
248,2.5733935700498474e-05,7.4872027671274154e-06,8.0533577997448314e-06,5.7489047645411948e-06,2.9726023161957481e-06,1.0722618714519831e-06,2.8978154459197225e-07,1.0982463684532866e-07
249,2.5005899110452820e-05,7.2749446226599148e-06,7.8250539672586528e-06,5.5859741737014438e-06,2.8884973115076976e-06,1.0422070436741126e-06,2.8205506582968949e-07,1.0716692582130739e-07
250,2.4298460218104484e-05,7.0687037477544894e-06,7.6032223880191292e-06,5.4276616075652063e-06,2.8067723126096684e-06,1.0129947226046955e-06,2.7453381187138744e-07,1.0457162767990934e-07
251,2.3611036211807429e-05,6.8683095700690947e-06,7.3876795732185692e-06,5.2738361499246279e-06,2.7273599437256493e-06,9.8460128064217554e-07,2.6721235391262610e-07,1.0203734031468712e-07
252,2.2943060774555273e-05,6.6735963517745997e-06,7.1782472362728208e-06,5.1243705975925228e-06,2.6501947382003676e-06,9.5700375361059520e-07,2.6008540618624408e-07,9.9562690918122944e-08
253,2.2293983616883552e-05,6.4844030525808213e-06,6.9747521453096474e-06,4.9791413549811727e-06,2.5752130842839161e-06,9.3017982207437539e-07,2.5314782220413415e-07,9.7146335449483684e-08
254,2.1663270023017440e-05,6.3005731966399470e-06,6.7770259798411706e-06,4.8380283316819001e-06,2.5023531724640550e-06,9.0410779318328771e-07,2.4639459109790346e-07,9.4786958109175605e-08
255,2.1050400409888172e-05,6.1219547432178033e-06,6.5849051915016207e-06,4.7009148429595355e-06,2.4315549443014575e-06,8.7876658303230951e-07,2.3982083405578108e-07,9.2483270819664845e-08
256,2.0454869898652102e-05,5.9483999610265670e-06,6.3982308687350007e-06,4.5676875130782763e-06,2.3627600427245111e-06,8.5413569952151661e-07,2.3342180085321038e-07,9.0234012713020241e-08
257,1.9876187898356858e-05,5.7797653061154051e-06,6.2168486053205524e-06,4.4382361813779723e-06,2.2959117637415650e-06,8.3019522570160591e-07,2.2719286647463291e-07,8.8037949625126380e-08
258,1.9313877701409307e-05,5.6159113032185691e-06,6.0406083726271090e-06,4.3124538110221390e-06,2.2309550095297658e-06,8.0692580359107606e-07,2.2112952782404172e-07,8.5893873596606138e-08
259,1.8767476090509740e-05,5.4567024304631444e-06,5.8693643954905174e-06,4.1902364003413196e-06,2.1678362428608216e-06,7.8430861845150464e-07,2.1522740052194657e-07,8.3800602380484668e-08
260,1.8236532956726541e-05,5.3020070073415693e-06,5.7029750316112791e-06,4.0714828966976228e-06,2.1065034428252198e-06,7.6232538350777249e-07,2.0948221578646025e-07,8.1756978956618571e-08
261,1.7720610928394706e-05,5.1516970858565668e-06,5.5413026543725652e-06,3.9560951127983872e-06,2.0469060618175394e-06,7.4095832510046499e-07,2.0388981739627667e-07,7.9761871052907562e-08
262,1.7219285010530719e-05,5.0056483447488288e-06,5.3842135389815077e-06,3.8439776453890271e-06,1.9889949837466130e-06,7.2019016825806819e-07,1.9844615873337367e-07,7.7814170673298753e-08
263,1.6732142234465073e-05,4.8637399867202665e-06,5.2315777518394811e-06,3.7350377962571288e-06,1.9327224834353424e-06,7.0000412267693464e-07,1.9314729990333134e-07,7.5912793632587965e-08
264,1.6258781317402309e-05,4.7258546385681278e-06,5.0832690430497612e-06,3.6291854954818113e-06,1.8780421871760205e-06,6.8038386909735703e-07,1.8798940493121530e-07,7.4056679098015939e-08
265,1.5798812331626584e-05,4.5918782541476456e-06,4.9391647419735449e-06,3.5263332268642905e-06,1.8249090344079976e-06,6.6131354606442250e-07,1.8296873903102918e-07,7.2244789137652143e-08
266,1.5351856383078949e-05,4.4617000200831986e-06,4.7991456557478230e-06,3.4263959554774125e-06,1.7732792404855056e-06,6.4277773706265803e-07,1.7808166594679529e-07,7.0476108275553512e-08
267,1.4917545299040344e-05,4.3352122641502772e-06,4.6630959706810940e-06,3.3292910572737209e-06,1.7231102605043980e-06,6.2476145801379963e-07,1.7332464536337463e-07,6.8749643053680599e-08
268,1.4495521324661811e-05,4.2123103662526394e-06,4.5309031564452735e-06,3.2349382506933691e-06,1.6743607541574638e-06,6.0725014512732714e-07,1.6869423038518850e-07,6.7064421600548546e-08
269,1.4085436828090815e-05,4.0928926719212851e-06,4.4024578729844567e-06,3.1432595302148520e-06,1.6269905515888698e-06,5.9022964309371227e-07,1.6418706508105326e-07,6.5419493206586757e-08
270,1.3686954013949845e-05,3.9768604082638477e-06,4.2776538800634827e-06,3.0541791017932030e-06,1.5809606202191322e-06,5.7368619361061769e-07,1.5979988209338867e-07,6.3813927906176141e-08
271,1.3299744644930221e-05,3.8641176022950979e-06,4.1563879493813909e-06,2.9676233201318674e-06,1.5362330325128570e-06,5.5760642423257309e-07,1.5552950031010607e-07,6.2246816066329637e-08
272,1.2923489771270923e-05,3.7545710015811550e-06,4.0385597791770312e-06,2.8835206277360170e-06,1.4927709346622889e-06,5.4197733753492472e-07,1.5137282259752825e-07,6.0717267981978083e-08
273,1.2557879467898792e-05,3.6481299971319251e-06,3.9240719112561247e-06,2.8018014956965593e-06,1.4505385161604986e-06,5.2678630058312728e-07,1.4732683359273728e-07,5.9224413477819720e-08
274,1.2202612579012776e-05,3.5447065484781397e-06,3.8128296503710880e-06,2.7223983661555828e-06,1.4095009802387839e-06,5.1202103469870117e-07,1.4338859755378970e-07,5.7767401516689055e-08
275,1.1857396469901097e-05,3.4442151108711560e-06,3.7047409858868899e-06,2.6452455964053293e-06,1.3696245151436107e-06,4.9766960551343472e-07,1.3955525626627890e-07,5.6345399814397652e-08
276,1.1521946785786290e-05,3.3465725645454264e-06,3.5997165156680980e-06,2.5702794045742316e-06,1.3308762662291236e-06,4.8372041330364867e-07,1.3582402700476652e-07,5.4957594460996720e-08
277,1.1195987217498759e-05,3.2516981459852438e-06,3.4976693721241058e-06,2.4974378168548282e-06,1.2932243088419502e-06,4.7016218359658008e-07,1.3219220054764294e-07,5.3603189548409084e-08
278,1.0879249273785304e-05,3.1595133811390190e-06,3.3985151503513377e-06,2.4266606162296813e-06,1.2566376219757014e-06,4.5698395804117318e-07,1.2865713924401573e-07,5.2281406804375614e-08
279,1.0571472060064521e-05,3.0699420205259655e-06,3.3021718383129537e-06,2.3578892926526872e-06,1.2210860626732117e-06,4.4417508553578271e-07,1.2521627513126191e-07,5.0991485232659141e-08
280,1.0272402063446297e-05,2.9829099761815802e-06,3.2085597489982594e-06,2.2910669946443734e-06,1.1865403411552060e-06,4.3172521360551380e-07,1.2186710810191652e-07,4.9732680759446958e-08
281,9.9817929438378505e-06,2.8983452603898847e-06,3.1176014545056812e-06,2.2261384822609660e-06,1.1529719966546896e-06,4.1962428002213330e-07,1.1860720411860406e-07,4.8504265885891329e-08
282,9.6994053309638357e-06,2.8161779261518086e-06,3.0292217219947484e-06,2.1630500813981624e-06,1.1203533739369500e-06,4.0786250465968470e-07,1.1543419347575494e-07,4.7305529346725597e-08
283,9.4250066271328605e-06,2.7363400093405603e-06,2.9433474514540797e-06,2.1017496393916582e-06,1.0886576004856465e-06,3.9643038157914270e-07,1.1234576910688129e-07,4.6135775774891986e-08
284,9.1583708155876248e-06,2.6587654724962130e-06,2.8599076152338676e-06,2.0421864818775610e-06,1.0578585643360187e-06,3.8531867133562956e-07,1.0933968493621950e-07,4.4994325372116172e-08
285,8.8992782742803978e-06,2.5833901502130688e-06,2.7788331992928216e-06,1.9843113708768754e-06,1.0279308925367883e-06,3.7451839350190274e-07,1.0641375427357794e-07,4.3880513585362150e-08
286,8.6475155949201575e-06,2.5101516960747085e-06,2.7000571461109477e-06,1.9280764640692724e-06,9.9884993022286510e-07,3.6402081940200428e-07,1.0356584825125887e-07,4.2793690789099831e-08
287,8.4028754071420278e-06,2.4389895310928718e-06,2.6235142992209344e-06,1.8734352752223405e-06,9.7059172028147488e-07,3.5381746504913436e-07,1.0079389430195393e-07,4.1733221973317164e-08
288,8.1651562076538496e-06,2.3698447936075885e-06,2.5491413493122187e-06,1.8203426357434829e-06,9.4313298359482700e-07,3.4390008428198462e-07,9.8095874676540911e-08,4.0698486437207326e-08
289,7.9341621942189496e-06,2.3026602906071614e-06,2.4768767818631676e-06,1.7687546573225680e-06,9.1645109984292631e-07,3.3426066209392743e-07,9.5469825000737972e-08,3.9688877488461067e-08
290,7.7097031043380401e-06,2.2373804504277821e-06,2.4066608262580068e-06,1.7186286956343391e-06,8.9052408885059844e-07,3.2489140814962140e-07,9.2913832869598944e-08,3.8703802148093424e-08
291,7.4915940584972048e-06,2.1739512767937018e-06,2.3384354063464240e-06,1.6699233150704808e-06,8.6533059246325959e-07,3.1578475048374497e-07,9.0426036478860035e-08,3.7742680860733698e-08
292,7.2796554078525908e-06,2.1123203041599813e-06,2.2721440924049098e-06,1.6225982544720969e-06,8.4084985693639923e-07,3.0693332937672173e-07,8.8004623292174256e-08,3.6804947210306903e-08
293,7.0737125862261538e-06,2.0524365543209085e-06,2.2077320544601075e-06,1.5766143938341804e-06,8.1706171582417916e-07,2.9832999140244867e-07,8.5647828743295008e-08,3.5890047641034658e-08
294,6.8735959662903872e-06,1.9942504942482458e-06,2.1451460169355416e-06,1.5319337219544779e-06,7.9394657335296466e-07,2.8996778364317811e-07,8.3353934972295043e-08,3.4997441183683215e-08
295,6.6791407198233441e-06,1.9377139951244450e-06,2.0843342145841964e-06,1.4885193049999274e-06,7.7148538826601407e-07,2.8183994806684383e-07,8.1121269594931139e-08,3.4126599186985931e-08
296,6.4901866819187423e-06,1.8827802925369874e-06,2.0252463496704909e-06,1.4463352559646118e-06,7.4965965812594287e-07,2.7393991606225474e-07,7.8948204504287483e-08,3.3277005054167610e-08
297,6.3065782190391107e-06,1.8294039478009495e-06,1.9678335503662159e-06,1.4053467049939230e-06,7.2845140406196088e-07,2.6626130312770998e-07,7.6833154703854283e-08,3.2448153984497798e-08
298,6.1281641008031599e-06,1.7775408103778171e-06,1.9120483303260144e-06,1.3655197705503370e-06,7.0784315594925678e-07,2.5879790370871435e-07,7.4774577171219803e-08,3.1639552719800353e-08
299,5.9547973754016542e-06,1.7271479813595073e-06,1.8578445494089578e-06,1.3268215313969148e-06,6.8781793800825514e-07,2.5154368618059766e-07,7.2770969751575144e-08,3.0850719295846376e-08
300,5.7863352485390263e-06,1.6781837779873918e-06,1.8051773755137220e-06,1.2892199993753092e-06,6.6835925481183495e-07,2.4449278797195859e-07,7.0820870080253037e-08,3.0081182798558114e-08
301,5.6226389658009213e-06,1.6306076991770161e-06,1.7540032474957867e-06,1.2526840929557320e-06,6.4945107768892363e-07,2.3763951082496972e-07,6.8922854533541012e-08,2.9330483124951065e-08
302,5.4635736983506358e-06,1.5843803920200002e-06,1.7042798391359769e-06,1.2171836115369714e-06,6.3107783151322153e-07,2.3097831618869356e-07,6.7075537207030442e-08,2.8598170748742265e-08
303,5.3090084318602696e-06,1.5394636192354418e-06,1.6559660241305361e-06,1.1826892104751621e-06,6.1322438186612797e-07,2.2450382074166741e-07,6.5277568920781186e-08,2.7883806490552634e-08
304,5.1588158585849383e-06,1.4958202275439132e-06,1.6090218420737742e-06,1.1491723768206446e-06,5.9587602256325175e-07,2.1821079204012128e-07,6.3527636250600906e-08,2.7186961292631703e-08
305,5.0128722724911140e-06,1.4534141169379030e-06,1.5634084654051319e-06,1.1166054057428007e-06,5.7901846353419312e-07,2.1209414428829559e-07,6.1824460584756659e-08,2.6507215998033434e-08
306,4.8710574673526171e-06,1.4122102108233056e-06,1.5190881672933317e-06,1.0849613776233561e-06,5.6263781904557269e-07,2.0614893422742570e-07,6.0166797205453311e-08,2.5844161134172091e-08
307,4.7332546377302412e-06,1.3721744270072699e-06,1.4760242904310406e-06,1.0542141357991783e-06,5.4672059625757706e-07,2.0037035714005707e-07,5.8553434394431918e-08,2.5197396700687737e-08
308,4.5993502827533996e-06,1.3332736495084237e-06,1.4341812167142214e-06,1.0243382649361378e-06,5.3125368410455946e-07,1.9475374296644941e-07,5.6983192562056835e-08,2.4566531961551127e-08
309,4.4692341126244475e-06,1.2954757011661679e-06,1.3935243377811028e-06,9.9530907001613502e-07,5.1622434249050685e-07,1.8929455252991910e-07,5.5454923399277840e-08,2.3951185241338629e-08
310,4.3427989577686473e-06,1.2587493170263925e-06,1.3540200263863829e-06,9.6710255591989014e-07,5.0162019179044656e-07,1.8398837386805897e-07,5.3967509051868813e-08,2.3350983725607909e-08
311,4.2199406805548517e-06,1.2230641184816145e-06,1.3156356085869917e-06,9.3969540758860080e-07,4.8742920264911802e-07,1.7883091866686048e-07,5.2519861316360700e-08,2.2765563265305969e-08
312,4.1005580895141677e-06,1.1883905881441549e-06,1.2783393367164021e-06,9.1306497074803838e-07,4.7363968606848211e-07,1.7381801879484676e-07,5.1110920857101252e-08,2.2194568185141605e-08
313,3.9845528559858766e-06,1.1547000454315756e-06,1.2421003631251293e-06,8.8718923317913790e-07,4.6024028377588140e-07,1.6894562293440822e-07,4.9739656443888917e-08,2.1637651095854900e-08
314,3.8718294331219264e-06,1.1219646228441941e-06,1.2068887146656976e-06,8.6204680651956866e-07,4.4721995886489662e-07,1.6420979330760944e-07,4.8405064209643033e-08,2.1094472710317001e-08
315,3.7622949771832300e-06,1.0901572429150635e-06,1.1726752679009682e-06,8.3761690858123545e-07,4.3456798670116837e-07,1.5960670249381453e-07,4.7106166927585971e-08,2.0564701663394199e-08
316,3.6558592710628983e-06,1.0592515958133497e-06,1.1394317250153152e-06,8.1387934616906522e-07,4.2227394608567823e-07,1.5513263033655298e-07,4.5842013307426845e-08,2.0048014335510756e-08
317,3.5524346499734012e-06,1.0292221175825957e-06,1.1071305904087277e-06,7.9081449838687201e-07,4.1032771066819057e-07,1.5078396093711953e-07,4.4611677310049736e-08,1.9544094679845792e-08
318,3.4519359292363842e-06,1.0000439689958712e-06,1.0757451479544716e-06,7.6840330041647766e-07,3.9871944060376841e-07,1.4655717973247316e-07,4.3414257480222186e-08,1.9052634053100152e-08
319,3.3542803341156660e-06,9.7169301501033139e-07,1.0452494389014996e-06,7.4662722775666963e-07,3.8743957444547429e-07,1.4244887065506885e-07,4.2248876296852421e-08,1.8573331049769859e-08
320,3.2593874316355588e-06,9.4414580480418496e-07,1.0156182404033314e-06,7.2546828090895403e-07,3.7647882126656667e-07,1.3845571337232196e-07,4.1114679540336129e-08,1.8105891339863515e-08
321,3.1671790643283496e-06,9.1737955237957255e-07,9.8682704465563873e-07,7.0490897049743423e-07,3.6582815300568747e-07,1.3457448060346973e-07,4.0010835676545415e-08,1.7650027510001738e-08
322,3.0775792858563415e-06,8.9137211771531183e-07,9.5885203862528260e-07,6.8493230281050102e-07,3.5547879702872578e-07,1.3080203551165849e-07,3.8936535257024406e-08,1.7205458907837391e-08
323,2.9905142984553912e-06,8.6610198845392100e-07,9.3167008435402824e-07,6.6552176575237584e-07,3.4542222890121893e-07,1.2713532916914436e-07,3.7890990334967102e-08,1.6771911489736203e-08
324,2.9059123921484222e-06,8.4154826210778268e-07,9.0525869982065140e-07,6.4666131519288195e-07,3.3565016536532677e-07,1.2357139809355659e-07,3.6873433896564427e-08,1.6349117671658042e-08
325,2.8237038856787921e-06,8.1769062876972755e-07,8.7959604034559860e-07,6.2833536170415271e-07,3.2615455751558594e-07,1.2010736185322901e-07,3.5883119307318078e-08,1.5936816183179921e-08
326,2.7438210691148818e-06,7.9450935431374420e-07,8.5466088052282539e-07,6.1052875767330622e-07,3.1692758416781283e-07,1.1674042073966171e-07,3.4919319772928922e-08,1.5534751924602567e-08
327,2.6661981480785793e-06,7.7198526407191807e-07,8.3043259666386207e-07,5.9322678478042159e-07,3.0796164541568581e-07,1.1346785350522989e-07,3.3981327814378656e-08,1.5142675827083046e-08
328,2.5907711895517236e-06,7.5009972697410513e-07,8.0689114973958579e-07,5.7641514183146340e-07,2.9924935636969079e-07,1.1028701516430886e-07,3.3068454756832595e-08,1.4760344715737000e-08
329,2.5174780692158591e-06,7.2883464013722124e-07,7.8401706880559028e-07,5.6007993293608829e-07,2.9078354107326644e-07,1.0719533485603632e-07,3.2180030232001799e-08,1.4387521175654385e-08
330,2.4462584202818952e-06,7.0817241389140047e-07,7.6179143489744105e-07,5.4420765602055436e-07,2.8255722659113064e-07,1.0419031376698344e-07,3.1315401693611635e-08,1.4023973420773801e-08
331,2.3770535837675316e-06,6.8809595723064419e-07,7.4019586538249494e-07,5.2878519166623195e-07,2.7456363726491236e-07,1.0126952311205344e-07,3.0473933945633578e-08,1.3669475165561027e-08
332,2.3098065601814628e-06,6.6858866367592266e-07,7.1921249875534094e-07,5.1379979226448799e-07,2.6679618913135218e-07,9.8430602171975033e-08,2.9655008682945654e-08,1.3323805499438235e-08
333,2.2444619625745710e-06,6.4963439753904122e-07,6.9882397986428356e-07,4.9923907147896831e-07,2.5924848449846788e-07,9.5671256385803442e-08,2.8858024044095689e-08,1.2986748763911081e-08
334,2.1809659709194174e-06,6.3121748057590890e-07,6.7901344555664977e-07,4.8509099400656828e-07,2.5191430667521219e-07,9.2989255496885870e-08,2.8082394175850306e-08,1.2658094432341775e-08
335,2.1192662877804460e-06,6.1332267901817205e-07,6.5976451073104685e-07,4.7134386562861875e-07,2.4478761485027802e-07,9.0382431750792518e-08,2.7327548809220496e-08,1.2337636992316843e-08
336,2.0593120952383863e-06,5.9593519097248631e-07,6.4106125478503071e-07,4.5798632354406482e-07,2.3786253911582703e-07,8.7848678143755511e-08,2.6592932846662930e-08,1.2025175830559200e-08
337,2.0010540130333610e-06,5.7904063417700860e-07,6.2288820844697696e-07,4.4500732697663733e-07,2.3113337563203967e-07,8.5385946720199607e-08,2.5878005960163928e-08,1.1720515120334811e-08
338,1.9444440578922065e-06,5.6262503410497733e-07,6.0523034098126161e-07,4.3239614804825397e-07,2.2459458192849996e-07,8.2992246917988022e-08,2.5182242199920608e-08,1.1423463711305115e-08
339,1.8894356040065224e-06,5.4667481240554772e-07,5.8807304775616991e-07,4.2014236291110093e-07,2.1824077233854024e-07,8.0665643960045398e-08,2.4505129613341307e-08,1.1133835021777010e-08
340,1.8359833446288629e-06,5.3117677567231834e-07,5.7140213816424537e-07,4.0823584313106031e-07,2.1206671356278363e-07,7.8404257291057830e-08,2.3846169874094470e-08,1.0851446933303096e-08
341,1.7840432547554541e-06,5.1611810453026131e-07,5.5520382388509320e-07,3.9666674731536114e-07,2.0606732035822515e-07,7.6206259057985600e-08,2.3204877920942440e-08,1.0576121687585485e-08
342,1.7335725548646800e-06,5.0148634303202758e-07,5.3946470748092378e-07,3.8542551297752790e-07,2.0023765134929939e-07,7.4069872633160913e-08,2.2580781606103235e-08,1.0307685785637393e-08
343,1.6845296756814737e-06,4.8726938835486138e-07,5.2417177131540731e-07,3.7450284863290104e-07,1.9457290495748038e-07,7.1993371178775909e-08,2.1973421352890416e-08,1.0045969889157316e-08
344,1.6368742239385842e-06,4.7345548078959868e-07,5.0931236678667180e-07,3.6388972611819373e-07,1.8906841544605968e-07,6.9975076251601595e-08,2.1382349822387294e-08,9.7908087240715034e-09
345,1.5905669491065107e-06,4.6003319401347075e-07,4.9487420386553769e-07,3.5357737312873256e-07,1.8371964907684162e-07,6.8013356446808698e-08,2.0807131588918474e-08,9.5420409862010096e-09
346,1.5455697110647004e-06,4.4699142563866775e-07,4.8084534093033785e-07,3.4355726596721286e-07,1.7852220037558846e-07,6.6106626079795299e-08,2.0247342824087621e-08,9.2995092490104559e-09
347,1.5018454486873762e-06,4.3431938802884549e-07,4.6721417488991332e-07,3.3382112249797226e-07,1.7347178850313728e-07,6.4253343904955178e-08,1.9702570989156532e-08,9.0630598733962989e-09
348,1.4593581493181192e-06,4.2200659937597802e-07,4.5396943158661434e-07,3.2436089530095763e-07,1.6856425372919779e-07,6.2452011870351654e-08,1.9172414535546419e-08,8.8325429194731703e-09
349,1.4180728191080511e-06,4.1004287503017739e-07,4.4110015647137069e-07,3.1516876501972311e-07,1.6379555400592440e-07,6.0701173907290224e-08,1.8656482613248082e-08,8.6078120603174574e-09
350,1.3779554541931995e-06,3.9841831907530852e-07,4.2859570554311662e-07,3.0623713389796138e-07,1.5916176163843969e-07,5.8999414753812039e-08,1.8154394786933069e-08,8.3887244976281602e-09
351,1.3389730126872806e-06,3.8712331614343116e-07,4.1644573654507612e-07,2.9755861949922263e-07,1.5465906004956417e-07,5.7345358811157174e-08,1.7665780759563663e-08,8.1751408792655837e-09
352,1.3010933874668506e-06,3.7614852346129910e-07,4.0464020041062732e-07,2.8912604860462938e-07,1.5028374063608737e-07,5.5737669032273646e-08,1.7190280103304383e-08,7.9669252186292560e-09
353,1.2642853797263919e-06,3.6548486312233758e-07,3.9316933295166971e-07,2.8093245128354143e-07,1.4603219971398853e-07,5.4175045841474027e-08,1.6727541997543302e-08,7.7639448158370526e-09
354,1.2285186732815568e-06,3.5512351457770676e-07,3.8202364678261982e-07,2.7297105513226917e-07,1.4190093555009011e-07,5.2656226084366603e-08,1.6277224973836145e-08,7.5660701806682090e-09
355,1.1937638095994035e-06,3.4505590734024141e-07,3.7119392347335538e-07,2.6523527967607119e-07,1.3788654547769825e-07,5.1179982007212459e-08,1.5838996667591187e-08,7.3731749572336171e-09
356,1.1599921635350482e-06,3.3527371389523085e-07,3.6067120592461655e-07,2.5771873092980930e-07,1.3398572309385233e-07,4.9745120264883943e-08,1.5412533576317744e-08,7.1851358503373704e-09
357,1.1271759197547557e-06,3.2576884281217618e-07,3.5044679095955907e-07,2.5041519611276209e-07,1.3019525553587593e-07,4.8350480956622739e-08,1.4997520824265538e-08,7.0018325534942433e-09
358,1.0952880498260433e-06,3.1653343205182687e-07,3.4051222212533021e-07,2.4331863851322941e-07,1.2651202083498320e-07,4.6994936688818500e-08,1.4593651933286947e-08,6.8231476785684229e-09
359,1.0643022899559250e-06,3.0755984246296099e-07,3.3085928269871391e-07,2.3642319249868068e-07,1.2293298534476110e-07,4.5677391664050717e-08,1.4200628599758344e-08,6.6489666869994089e-09
360,1.0341931193589623e-06,2.9884065146353007e-07,3.2147998889006016e-07,2.2972315866732259e-07,1.1945520124240873e-07,4.4396780795657884e-08,1.3818160477401126e-08,6.4791778225816842e-09
361,1.0049357392373014e-06,2.9036864690094176e-07,3.1236658323987717e-07,2.2321299913707756e-07,1.1607580410067428e-07,4.3152068847118355e-08,1.3445964965847232e-08,6.3136720457653092e-09
362,9.7650605235538456e-07,2.8213682108640209e-07,3.0351152820262381e-07,2.1688733296807813e-07,1.1279201052848951e-07,4.1942249595547776e-08,1.3083767004797869e-08,6.1523429694452787e-09
363,9.4888064319250318e-07,2.7413836499838279e-07,2.9490749991239622e-07,2.1074093171489314e-07,1.0960111587835759e-07,4.0766345018637077e-08,1.2731298873628312e-08,5.9950867962080176e-09
364,9.2203675865685887e-07,2.6636666265041922e-07,2.8654738212535173e-07,2.0476871510480907e-07,1.0650049201860541e-07,3.9623404504374126e-08,1.2388299996295306e-08,5.8418022570040031e-09
365,8.9595228934523138e-07,2.5881528561857967e-07,2.7842426033385917e-07,1.9896574683859297e-07,1.0348758516866511e-07,3.8512504082910691e-08,1.2054516751407537e-08,5.6923905512161426e-09
366,8.7060575133282612e-07,2.5147798772408090e-07,2.7053141604750746e-07,1.9332723051026576e-07,1.0055991379560093e-07,3.7432745679953921e-08,1.1729702287323149e-08,5.5467552880940153e-09
367,8.4597626847830121e-07,2.4434869986664947e-07,2.6286232123624349e-07,1.8784850564251373e-07,9.7715066570148729e-08,3.6383256391079298e-08,1.1413616342141915e-08,5.4048024295247430e-09
368,8.2204355522939362e-07,2.3742152500435747e-07,2.5541063293103971e-07,1.8252504383445874e-07,9.4950700380584038e-08,3.5363187776378766e-08,1.1106025068463134e-08,5.2664402341117650e-09
369,7.9878789991498735e-07,2.3069073327577846e-07,2.4817018797762994e-07,1.7735244501860530e-07,9.2264538402782435e-08,3.4371715174874078e-08,1.0806700862783681e-08,5.1315792025333721e-09
370,7.7619014850985859e-07,2.2415075726043026e-07,2.4113499793897002e-07,1.7232643382386722e-07,8.9654368224882140e-08,3.3408037038141588e-08,1.0515422199413978e-08,5.0001320241533786e-09
371,7.5423168885872643e-07,2.1779618737358316e-07,2.3429924414220967e-07,1.6744285604166985e-07,8.7118040025003962e-08,3.2471374282610147e-08,1.0231973468792755e-08,4.8720135248568774e-09
372,7.3289443534661249e-07,2.1162176739162504e-07,2.2765727286607747e-07,1.6269767519220478e-07,8.4653464800527185e-08,3.1560969660008695e-08,9.9561448200847243e-09,4.7471406160845009e-09
373,7.1216081400288603e-07,2.0562239010428180e-07,2.2120359066469904e-07,1.5808696918799973e-07,8.2258612647462950e-08,3.0676087145455179e-08,9.6877320079482373e-09,4.6254322450392040e-09
374,6.9201374802672389e-07,1.9979309309009708e-07,2.1493285982398031e-07,1.5360692709204406e-07,7.9931511088507244e-08,2.9816011342692220e-08,9.4265362433629650e-09,4.5068093460400117e-09
375,6.7243664372205912e-07,1.9412905461167657e-07,2.0883989394679717e-07,1.4925384596779164e-07,7.7670243448396268e-08,2.8980046905989236e-08,9.1723640484105795e-09,4.3911947929977642e-09
376,6.5341337683044210e-07,1.8862558962730215e-07,2.0291965366334139e-07,1.4502412781843619e-07,7.5472947275226081e-08,2.8167517978243863e-08,8.9250271149041478e-09,4.2785133529883093e-09
377,6.3492827925054624e-07,1.8327814591561607e-07,1.9716724246307359e-07,1.4091427661292843e-07,7.3337812806435503e-08,2.7377767644828836e-08,8.6843421667647318e-09,4.1686916408991464e-09
378,6.1696612613338845e-07,1.7808230031017044e-07,1.9157790264483561e-07,1.3692089539627812e-07,7.1263081478188967e-08,2.6610157402743075e-08,8.4501308260463673e-09,4.0616580751259523e-09
379,5.9951212334263020e-07,1.7303375504072682e-07,1.8614701138177376e-07,1.3304068348175102e-07,6.9247044476931270e-08,2.5864066644638131e-08,8.2222194825131202e-09,3.9573428342959310e-09
380,5.8255189526963042e-07,1.6812833417827984e-07,1.8087007689781682e-07,1.2927043372263983e-07,6.7288041331920901e-08,2.5138892157303219e-08,8.0004391666744961e-09,3.8556778149953739e-09
381,5.6607147299321996e-07,1.6336198018086431e-07,1.7574273475254727e-07,1.2560702986135489e-07,6.5384458547582692e-08,2.4434047634203578e-08,7.7846254261879770e-09,3.7565965904792742e-09
382,5.5005728277443468e-07,1.5873075053728834e-07,1.7076074423139225e-07,1.2204744395364147e-07,6.3534728274553036e-08,2.3748963201678543e-08,7.5746182055397236e-09,3.6600343703412964e-09
383,5.3449613487674144e-07,1.5423081450601678e-07,1.6591998483814888e-07,1.1858873386579658e-07,6.1737327018323070e-08,2.3083084958416363e-08,7.3702617289169850e-09,3.5659279611228310e-09
384,5.1937521270254282e-07,1.4985844994650710e-07,1.6121645288694295e-07,1.1522804084281471e-07,5.9990774384415909e-08,2.2435874527833990e-08,7.1714043861878763e-09,3.4742157278403140e-09
385,5.0468206223701237e-07,1.4561004024037660e-07,1.5664625819080145e-07,1.1196258714545310e-07,5.8293631859064373e-08,2.1806808622999939e-08,6.9778986219065207e-09,3.3848375564104013e-09
386,4.9040458179056962e-07,1.4148207129985492e-07,1.5220562084410113e-07,1.0878967375426321e-07,5.6644501624384777e-08,2.1195378623749028e-08,6.7896008272636125e-09,3.2977348169530123e-09
387,4.7653101203154241e-07,1.3747112866104642e-07,1.4789086809623039e-07,1.0570667813869023e-07,5.5042025407070815e-08,2.0601090165647192e-08,6.6063712349046187e-09,3.2128503279526773e-09
388,4.6304992630080798e-07,1.3357389465959860e-07,1.4369843131388023e-07,1.0271105208939679e-07,5.3484883359659061e-08,2.0023462740474417e-08,6.4280738165398768e-09,3.1301283212590071e-09
389,4.4995022120043800e-07,1.2978714568644065e-07,1.3962484302945030e-07,9.9800319612019023e-08,5.1971792973444796e-08,1.9462029307903003e-08,6.2545761832727720e-09,3.0495144079075318e-09
390,4.3722110744859086e-07,1.2610774952132114e-07,1.3566673407312974e-07,9.6972074880613522e-08,5.0501508022152280e-08,1.8916335918057474e-08,6.0857494885742190e-09,2.9709555447424988e-09
391,4.2485210099312352e-07,1.2253266274194056e-07,1.3182083078628016e-07,9.4223980249104453e-08,4.9072817535489931e-08,1.8385941344651249e-08,5.9214683338334863e-09,2.8944000018236593e-09
392,4.1283301437660096e-07,1.1905892820653442e-07,1.2808395231381627e-07,9.1553764319085694e-08,4.7684544801744273e-08,1.7870416728403664e-08,5.7616106764172492e-09,2.8197973305993983e-09
393,4.0115394834559203e-07,1.1568367260782537e-07,1.2445300797334412e-07,8.8959220062382124e-08,4.6335546398591602e-08,1.7369345230449305e-08,5.6060577401705856e-09,2.7470983328289639e-09
394,3.8980528369734069e-07,1.1240410409632071e-07,1.2092499469888192e-07,8.6438202996817345e-08,4.5024711251328749e-08,1.6882321695459698e-08,5.4546939282953340e-09,2.6762550302369025e-09
395,3.7877767335709600e-07,1.0921750997098937e-07,1.1749699455704788e-07,8.3988629413680333e-08,4.3750959717747227e-08,1.6408952324205149e-08,5.3074067385429552e-09,2.6072206348831587e-09
396,3.6806203467957808e-07,1.0612125443540822e-07,1.1416617233366157e-07,8.1608474655425622e-08,4.2513242698897065e-08,1.5948854355292250e-08,5.1640866806606673e-09,2.5399495202326607e-09
397,3.5764954196823527e-07,1.0311277641752170e-07,1.1092977318876244e-07,7.9295771442183439e-08,4.1310540775007894e-08,1.5501655755819984e-08,5.0246271960312815e-09,2.4743971929085281e-09
398,3.4753161920613498e-07,1.0018958745121105e-07,1.0778512037810563e-07,7.7048608245696542e-08,4.0141863365855204e-08,1.5066994920704412e-08,4.8889245794486736e-09,2.4105202651134250e-09
399,3.3769993299249802e-07,9.7349269617921391e-08,1.0472961303925092e-07,7.4865127709339562e-08,3.9006247914880751e-08,1.4644520380429214e-08,4.7568779029723966e-09,2.3482764277038439e-09
400,3.2814638567906102e-07,9.4589473546643283e-08,1.0176072404041349e-07,7.2743525112915054e-08,3.7902759096394518e-08,1.4233890516985795e-08,4.6283889418064353e-09,2.2876244239024887e-09
401,3.1886310870061132e-07,9.1907916470595284e-08,9.8875997890297214e-08,7.0682046880956807e-08,3.6830488045205569e-08,1.3834773287773667e-08,4.5033621021484886e-09,2.2285240236342087e-09
402,3.0984245609420244e-07,8.9302380338998947e-08,9.6073048707181645e-08,6.8678989133308019e-08,3.5788551608047051e-08,1.3446845957237911e-08,4.3817043509576700e-09,2.1709359984712618e-09
403,3.0107699820171429e-07,8.6770709982385655e-08,9.3349558245583131e-08,6.6732696276775733e-08,3.4776091616178941e-08,1.3069794836026991e-08,4.2633251475898043e-09,2.1148220971739811e-09
404,2.9255951555056555e-07,8.4310811329916523e-08,9.0703273978857703e-08,6.4841559636697747e-08,3.3792274178569187e-08,1.2703315027460217e-08,4.1481363772508877e-09,2.0601450218132257e-09
405,2.8428299290754504e-07,8.1920649677241547e-08,8.8132007236159863e-08,6.3004016127290634e-08,3.2836288995071181e-08,1.2347110181099960e-08,4.0360522862205663e-09,2.0068684044612915e-09
406,2.7624061350085968e-07,7.9598248003464797e-08,8.5633631392216537e-08,6.1218546959679867e-08,3.1907348689031862e-08,1.2000892253229618e-08,3.9269894187987458e-09,1.9549567844382324e-09
407,2.6842575340564135e-07,7.7341685335823656e-08,8.3206080108418401e-08,5.9483676386544353e-08,3.1004688158780626e-08,1.1664381274043782e-08,3.8208665559297207e-09,1.9043755861008439e-09
408,2.6083197608829022e-07,7.5149095160729631e-08,8.0847345623774614e-08,5.7797970482337349e-08,3.0127563947464922e-08,1.1337305121362534e-08,3.7176046554593357e-09,1.8550910971618261e-09
409,2.5345302710515761e-07,7.3018663879855813e-08,7.8555477094316590e-08,5.6160035958075680e-08,2.9275253630713587e-08,1.1019399300687087e-08,3.6171267939819650e-09,1.8070704475269138e-09
410,2.4628282895120566e-07,7.0948629309994458e-08,7.6328578979577787e-08,5.4568519009717750e-08,2.8447055221623422e-08,1.0710406731419036e-08,3.5193581102351474e-09,1.7602815886380340e-09
411,2.3931547605439778e-07,6.8937279225443546e-08,7.4164809474814905e-08,5.3022104199178153e-08,2.7642286592578922e-08,1.0410077539070556e-08,3.4242257500008807e-09,1.7146932733108083e-09
412,2.3254522991169955e-07,6.6982949941716671e-08,7.2062378987673459e-08,5.1519513367054099e-08,2.6860284913429076e-08,1.0118168853297633e-08,3.3316588124736298e-09,1.6702750360549724e-09
413,2.2596651436268237e-07,6.5084024939404825e-08,7.0019548658038340e-08,5.0059504576164953e-08,2.6100406105558297e-08,9.8344446115932060e-09,3.2415882980561835e-09,1.6269971738665384e-09
414,2.1957391099683742e-07,6.3238933527051544e-08,6.8034628919844549e-08,4.8640871085031547e-08,2.5362024311401916e-08,9.5586753684815853e-09,3.1539470575454933e-09,1.5848307274807678e-09
415,2.1336215469081768e-07,6.1446149541935628e-08,6.6105978103658816e-08,4.7262440350446949e-08,2.4644531378969333e-08,9.2906381100600191e-09,3.0686697426716420e-09,1.5437474630752679e-09
416,2.0732612927193162e-07,5.9704190087686589e-08,6.4232001078876561e-08,4.5923073058313964e-08,2.3947336360950154e-08,9.0301160737375609e-09,2.9856927579540599e-09,1.5037198544127536e-09
417,2.0146086330431777e-07,5.8011614307688821e-08,6.2411147934410609e-08,4.4621662181948546e-08,2.3269865027990842e-08,8.7768985730256259e-09,2.9049542138400602e-09,1.4647210654132561e-09
418,1.9576152599432787e-07,5.6367022193259585e-08,6.0641912696780797e-08,4.3357132067070568e-08,2.2611559395740873e-08,8.5307808272386506e-09,2.8263938810916626e-09,1.4267249331457762e-09
419,1.9022342321174857e-07,5.4769053425615202e-08,5.8922832084544195e-08,4.2128437542725676e-08,2.1971877265278973e-08,8.2915637959672933e-09,2.7499531463876127e-09,1.3897059512296146e-09
420,1.8484199362358204e-07,5.3216386250667472e-08,5.7252484298035713e-08,4.0934563057403428e-08,2.1350291776540856e-08,8.0590540181904414e-09,2.6755749691083313e-09,1.3536392536358108e-09
421,1.7961280493720324e-07,5.1707736385719618e-08,5.5629487843417832e-08,3.9774521839637483e-08,2.0746290974380565e-08,7.8330634558960136e-09,2.6032038392724244e-09,1.3185005988793563e-09
422,1.7453155024979835e-07,5.0241855957157313e-08,5.4052500390067269e-08,3.8647355082394196e-08,2.0159377386908113e-08,7.6134093420842594e-09,2.5327857365941847e-09,1.2842663545930341e-09
423,1.6959404450107767e-07,4.8817532468256182e-08,5.2520217660353109e-08,3.7552131150575257e-08,1.9589067615756106e-08,7.3999140330307040e-09,2.4642680906323264e-09,1.2509134824739621e-09
424,1.6479622102634219e-07,4.7433587796251963e-08,5.1031372350888409e-08,3.6487944810979563e-08,1.9034891937937744e-08,7.1924048646894116e-09,2.3975997420009956e-09,1.2184195235940968e-09
425,1.6013412820706418e-07,4.6088877217843607e-08,4.9584733084362908e-08,3.5453916484087648e-08,1.8496393918968479e-08,6.9907140131205323e-09,2.3327309046148534e-09,1.1867625840661668e-09
426,1.5560392621622286e-07,4.4782288462323423e-08,4.8179103391089909e-08,3.4449191517050257e-08,1.7973130036932483e-08,6.7946783588293654e-09,2.2696131289407618e-09,1.1559213210566872e-09
427,1.5120188385571523e-07,4.3512740791550930e-08,4.6813320719425065e-08,3.3472939477280244e-08,1.7464669317184403e-08,6.6041393549073388e-09,2.2081992662293643e-09,1.1258749291378958e-09
428,1.4692437548323646e-07,4.2279184106009340e-08,4.5486255474238441e-08,3.2524353466063684e-08,1.6970592977385500e-08,6.4189428988683651e-09,2.1484434337005139e-09,1.0966031269706353e-09
429,1.4276787802609961e-07,4.1080598076205430e-08,4.4196810082644668e-08,3.1602649451623124e-08,1.6490494082581768e-08,6.2389392080770135e-09,2.0903009806572305e-09,1.0680861443103922e-09
430,1.3872896807953426e-07,3.9915991298694104e-08,4.2943918086218482e-08,3.0707065621081452e-08,1.6023977210040015e-08,6.0639826986678637e-09,2.0337284555035086e-09,1.0403047093288609e-09
431,1.3480431908707484e-07,3.8784400476029631e-08,4.1726543258944672e-08,2.9836861750790969e-08,1.5570658123565783e-08,5.8939318678581961e-09,1.9786835736419687e-09,1.0132400362436023e-09
432,1.3099069860071561e-07,3.7684889619965256e-08,4.0543678750173094e-08,2.8991318594506972e-08,1.5130163457034870e-08,5.7286491795589437e-09,1.9251251862279756e-09,9.8687381324850157e-10
433,1.2728496561857680e-07,3.6616549277242038e-08,3.9394346251869727e-08,2.8169737288900352e-08,1.4702130406877838e-08,5.5680009531914656e-09,1.8730132497574493e-09,9.6118819073792562e-10
434,1.2368406799788765e-07,3.5578495777326554e-08,3.8277595189475083e-08,2.7371438775917637e-08,1.4286206433264191e-08,5.4118572556203224e-09,1.8223087964662324e-09,9.3616576981762101e-10
435,1.2018503994115678e-07,3.4569870501475146e-08,3.7192501935700651e-08,2.6595763241511172e-08,1.3882048969740099e-08,5.2600917961147243e-09,1.7729739055194225e-09,9.1178959109556013e-10
436,1.1678499955345906e-07,3.3589839172520226e-08,3.6138169046613348e-08,2.5842069570275400e-08,1.3489325141080536e-08,5.1125818242537891e-09,1.7249716749696758e-09,8.8804312374609783e-10
437,1.1348114646882683e-07,3.2637591164791050e-08,3.5113724519375686e-08,2.5109734815538564e-08,1.3107711489123430e-08,4.9692080306931072e-09,1.6782661944640442e-09,8.6491025484094916e-10
438,1.1027075954379077e-07,3.1712338833598199e-08,3.4118321071028293e-08,2.4398153684471731e-08,1.2736893706360014e-08,4.8298544507124424e-09,1.6328225186794270e-09,8.4237527894065192e-10
439,1.0715119461617072e-07,3.0813316863727114e-08,3.3151135437717785e-08,2.3706738037789635e-08,1.2376566377061957e-08,4.6944083704666280e-09,1.5886066414672748e-09,8.2042288794031655e-10
440,1.0411988232727055e-07,2.9939781636401862e-08,3.2211367693790702e-08,2.3034916403629749e-08,1.2026432725732037e-08,4.5627602358639091e-09,1.5455854706886708e-09,7.9903816116361196e-10
441,1.0117432600568312e-07,2.9091010614195338e-08,3.1298240590190135e-08,2.2382133505207826e-08,1.1686204372671213e-08,4.4348035639980929e-09,1.5037268037214328e-09,7.7820655569907453e-10
442,9.8312099610962710e-08,2.8266301743377297e-08,3.0410998911607986e-08,2.1747849801859445e-08,1.1355601096460707e-08,4.3104348570629593e-09,1.4629993036213527e-09,7.5791389697296070e-10
443,9.5530845735471049e-08,2.7464972873205672e-08,2.9548908851861077e-08,2.1131541043088228e-08,1.1034350603163535e-08,4.1895535186793559e-09,1.4233724759201739e-09,7.3814636955300001e-10
444,9.2828273662751268e-08,2.6686361191681082e-08,2.8711257406974414e-08,2.0532697835252130e-08,1.0722188302055359e-08,4.0720617725673737e-09,1.3848166460433575e-09,7.1889050817753188e-10
445,9.0202157480830511e-08,2.5929822677297501e-08,2.7897351785469826e-08,1.9950825220529625e-08,1.0418857087699910e-08,3.9578645834978804e-09,1.3473029373311489e-09,7.0013318900463856e-10
446,8.7650334248897761e-08,2.5194731566335859e-08,2.7106518835372091e-08,1.9385442267817789e-08,1.0124107128189585e-08,3.8468695804595399e-09,1.3108032496468839e-09,6.8186162107601126e-10
447,8.5170702215845654e-08,2.4480479835259724e-08,2.6338104487458571e-08,1.8836081675224116e-08,9.8376956593766976e-09,3.7389869819792421e-09,1.2752902385569045e-09,6.6406333799040644e-10
448,8.2761219089210856e-08,2.3786476697785108e-08,2.5591473214292079e-08,1.8302289383823570e-08,9.5593867849259823e-09,3.6341295235355714e-09,1.2407372950668635e-09,6.4672618978167093e-10
449,8.0419900353085402e-08,2.3112148116208241e-08,2.4866007504589310e-08,1.7783624202361486e-08,9.2889512820236289e-09,3.5322123870066847e-09,1.2071185258996106e-09,6.2983833499642606e-10
450,7.8144817633614937e-08,2.2456936326587152e-08,2.4161107352490261e-08,1.7279657442592284e-08,9.0261664125828293e-09,3.4331531320955748e-09,1.1744087343002316e-09,6.1338823296662140e-10
451,7.5934097110737082e-08,2.1820299377384328e-08,2.3476189761306161e-08,1.6789972564952458e-08,8.7708157397903525e-09,3.3368716296773043e-09,1.1425834013542087e-09,5.9736463627227498e-10
452,7.3785917974851410e-08,2.1201710681188777e-08,2.2810688261335384e-08,1.6314164834274982e-08,8.5226889498430430e-09,3.2432899970143568e-09,1.1116186678050281e-09,5.8175658338982568e-10
453,7.1698510927150837e-08,2.0600658579146738e-08,2.2164052441348730e-08,1.5851840985260671e-08,8.2815816787273912e-09,3.1523325347877407e-09,1.0814913163579368e-09,5.6655339152163459e-10
454,6.9670156722378587e-08,2.0016645917740732e-08,2.1535747493356319e-08,1.5402618897429822e-08,8.0472953438995561e-09,3.0639256658929760e-09,1.0521787544568986e-09,5.5174464960227009e-10
455,6.7699184752810334e-08,1.9449189637566849e-08,2.0925253770279780e-08,1.4966127279285603e-08,7.8196369807271599e-09,2.9779978759514914e-09,1.0236589975221336e-09,5.3732021147731797e-10
456,6.5783971672296167e-08,1.8897820373770196e-08,2.0332066356163803e-08,1.4542005361428074e-08,7.5984190835581765e-09,2.8944796554893616e-09,9.9591065263597721e-10,5.2327018925055504e-10
457,6.3922940059227816e-08,1.8362082067807898e-08,1.9755694648571553e-08,1.4129902598365174e-08,7.3834594512859936e-09,2.8133034437366679e-09,9.6891290266510750e-10,5.0958494679542097e-10
458,6.2114557117331300e-08,1.7841531590218584e-08,1.9195661952818634e-08,1.3729478378774251e-08,7.1745810372834400e-09,2.7344035740020487e-09,9.4264549080751069e-10,4.9625509342682249e-10
459,6.0357333413213647e-08,1.7335738374086354e-08,1.8651505087709899e-08,1.3340401743974600e-08,6.9716118035822271e-09,2.6577162205783104e-09,9.1708870555286426e-10,4.8327147772939129e-10
460,5.8649821649624863e-08,1.6844284058895914e-08,1.8122774002453081e-08,1.2962351114378328e-08,6.7743845791776324e-09,2.5831793471361832e-09,8.9222336604531553e-10,4.7062518153841314e-10
461,5.6990615473424267e-08,1.6366762144484435e-08,1.7609031404432394e-08,1.2595014023693468e-08,6.5827369223417858e-09,2.5107326565645154e-09,8.6803080783793045e-10,4.5830751406973044e-10
462,5.5378348317269432e-08,1.5902777654803782e-08,1.7109852397534180e-08,1.2238086860659607e-08,6.3965109868321091e-09,2.4403175422163795e-09,8.4449286902836513e-10,4.4631000619500979e-10
463,5.3811692274074060e-08,1.5451946811215058e-08,1.6624824130725538e-08,1.1891274618102611e-08,6.2155533918847361e-09,2.3718770405216759e-09,8.2159187676559740e-10,4.3462440485885122e-10
464,5.2289357003307297e-08,1.5013896715045204e-08,1.6153545456595232e-08,1.1554290649100957e-08,6.0397150958858402e-09,2.3053557849279502e-09,7.9931063411782029e-10,4.2324266763429584e-10
465,5.0810088668233925e-08,1.4588265039143048e-08,1.5695626599574469e-08,1.1226856430062181e-08,5.8688512736167932e-09,2.2406999611321929e-09,7.7763240729186611e-10,4.1215695741337356e-10
466,4.9372668903220184e-08,1.4174699728179701e-08,1.5250688833563147e-08,1.0908701330513630e-08,5.7028211969720805e-09,2.1778572635674430e-09,7.5654091319478243e-10,4.0135963722940930e-10
467,4.7975913810254573e-08,1.3772858707445403e-08,1.4818364168694932e-08,1.0599562389417169e-08,5.5414881190517213e-09,2.1167768531090324e-09,7.3602030732843249e-10,3.9084326520788427e-10
468,4.6618672983856955e-08,1.3382409599901911e-08,1.4398295046982069e-08,1.0299184097823020e-08,5.3847191615327139e-09,2.0574093159662820e-09,7.1605517200823509e-10,3.8060058964272477e-10
469,4.5299828563573279e-08,1.3003029451256411e-08,1.3990134046588256e-08,1.0007318187683058e-08,5.2323852052267563e-09,1.9997066237264414e-09,6.9663050489739360e-10,3.7062454419496507e-10
470,4.4018294313275108e-08,1.2634404462829535e-08,1.3593543594484905e-08,9.7237234266490125e-09,5.0843607837340982e-09,1.9436220945185576e-09,6.7773170784819517e-10,3.6090824321080351e-10
471,4.2773014726505889e-08,1.2276229731996536e-08,1.3208195687253235e-08,9.4481654186859598e-09,4.9405239801059339e-09,1.8891103552659075e-09,6.5934457604218484e-10,3.5144497715613898e-10
472,4.1562964157137041e-08,1.1928208999986894e-08,1.2833771619801150e-08,9.1804164103363072e-09,4.8007563264302283e-09,1.8361273049964744e-09,6.4145528742123661e-10,3.4222820816475041e-10
473,4.0387145974617688e-08,1.1590054406833753e-08,1.2469961721770637e-08,8.9202551024741386e-09,4.6649427062582556e-09,1.7846300791818166e-09,6.2405039240175521e-10,3.3325156569734030e-10
474,3.9244591743122708e-08,1.1261486253270524e-08,1.2116465101417627e-08,8.6674664673943408e-09,4.5329712597915130e-09,1.7345770150755092e-09,6.0711680386445121e-10,3.2450884230873848e-10
475,3.8134360423922353e-08,1.0942232769377646e-08,1.1772989396752455e-08,8.4218415710852714e-09,4.4047332917508948e-09,1.6859276180231446e-09,5.9064178741232877e-10,3.1599398952062009e-10
476,3.7055537600317256e-08,1.0632029889788158e-08,1.1439250533735138e-08,8.1831774005381636e-09,4.2801231818522576e-09,1.6386425287166573e-09,5.7461295188972684e-10,3.0770111379715685e-10
477,3.6007234724499746e-08,1.0330621035266203e-08,1.1114972491325456e-08,7.9512766959504116e-09,4.1590382978146385e-09,1.5926834913665168e-09,5.5901824015543904e-10,2.9962447262108488e-10
478,3.4988588385721729e-08,1.0037756900477676e-08,1.0799887073193506e-08,7.7259477876841681e-09,4.0413789108294763e-09,1.5480133227660527e-09,5.4384592010312870e-10,2.9175847066772670e-10
479,3.3998759599165979e-08,9.7531952477775559e-09,1.0493733685901920e-08,7.5070044378453845e-09,3.9270481134212079e-09,1.5045958822229162e-09,5.2908457592243047e-10,2.8409765607457036e-10
480,3.3036933114935424e-08,9.4767007068433363e-09,1.0196259123376308e-08,7.2942656863524266e-09,3.8159517396316124e-09,1.4623960423333743e-09,5.1472309959431135e-10,2.7663671680405986e-10
481,3.2102316746591046e-08,9.2080445799887885e-09,9.9072173574855921e-09,7.0875557013669947e-09,3.7079982874621235e-09,1.4213796605758110e-09,5.0075068261443045e-10,2.6937047709731207e-10
482,3.1194140718685585e-08,8.9470046529970371e-09,9.6263693345591261e-09,6.8867036339637420e-09,3.6030988435102699e-09,1.3815135517004776e-09,4.8715680793840541e-10,2.6229389401652709e-10
483,3.0311657032755446e-08,8.6933650113164902e-09,9.3534827776722044e-09,6.6915434769184503e-09,3.5011670097381481e-09,1.3427654608931767e-09,4.7393124214305723e-10,2.5540205407391275e-10
484,2.9454138851248794e-08,8.4469158614675572e-09,9.0883319945365002e-09,6.5019139274980635e-09,3.4021188323126239e-09,1.3051040376911890e-09,4.6106402779785839e-10,2.4869016994499846e-10
485,2.8620879898882381e-08,8.2074533575124676e-09,8.8306976908365223e-09,6.3176582541391606e-09,3.3058727324586445e-09,1.2684988106303557e-09,4.4854547604096888e-10,2.4215357726426138e-10
486,2.7811193880933931e-08,7.9747794324446022e-09,8.5803667888576762e-09,6.1386241669046730e-09,3.2123494392687231e-09,1.2329201626028295e-09,4.3636615935438902e-10,2.3578773150104050e-10
487,2.7024413917991114e-08,7.7487016343579208e-09,8.3371322512559584e-09,5.9646636916117594e-09,3.1214719244132363e-09,1.1983393069055709e-09,4.2451690453290705e-10,2.2958820491376083e-10
488,2.6259891996691499e-08,7.5290329672609405e-09,8.1007929098235153e-09,5.7956330475268300e-09,3.0331653386977808e-09,1.1647282639602352e-09,4.1298878584166010e-10,2.2355068358053896e-10
489,2.5516998436001109e-08,7.3155917364035906e-09,7.8711532991084191e-09,5.6313925285265984e-09,2.9473569504153252e-09,1.1320598386856272e-09,4.0177311835726417e-10,2.1767096450428758e-10
490,2.4795121368591969e-08,7.1082013979890341e-09,7.6480234947510850e-09,5.4718063876269543e-09,2.8639760854423742e-09,1.1003075985044378e-09,3.9086145148760573e-10,2.1194495279048014e-10
491,2.4093666236891488e-08,6.9066904131460953e-09,7.4312189564035848e-09,5.3167427247842002e-09,2.7829540690298296e-09,1.0694458519664829e-09,3.8024556266551521e-10,2.0636865889578407e-10
492,2.3412055303388689e-08,6.7108921060415502e-09,7.2205603751019722e-09,5.1660733778759337e-09,2.7042241692405814e-09,1.0394496279711658e-09,3.6991745121167258e-10,2.0093819594581111e-10
493,2.2749727174793819e-08,6.5206445260148974e-09,7.0158735249653490e-09,5.0196738167714549e-09,2.6277215419872559e-09,1.0102946555723684e-09,3.5986933236221750e-10,1.9564977712027835e-10
494,2.2106136339659600e-08,6.3357903136215576e-09,6.8169891190990459e-09,4.8774230404041321e-09,2.5533831776248504e-09,9.8195734434944463e-10,3.5009363145665810e-10,1.9049971310391317e-10
495,2.1480752719083121e-08,6.1561765704737375e-09,6.6237426695827161e-09,4.7392034767606864e-09,2.4811478490542641e-09,9.5441476532845465e-10,3.4058297828178955e-10,1.8548440960147556e-10
496,2.0873061230118424e-08,5.9816547327712384e-09,6.4359743514275539e-09,4.6049008857046832e-09,2.4109560612939813e-09,9.2764463243820922e-10,3.3133020156744765e-10,1.8060036491531201e-10
497,2.0282561361540181e-08,5.8120804484176657e-09,6.2535288703901085e-09,4.4744042645539574e-09,2.3427500024783799e-09,9.0162528448614341e-10,3.2232832363003499e-10,1.7584416758389169e-10
498,1.9708766761609016e-08,5.6473134576203318e-09,6.0762553345333674e-09,4.3476057563339010e-09,2.2764734962422967e-09,8.7633566763944143e-10,3.1357055515986431e-10,1.7121249407981549e-10
499,1.9151204837498982e-08,5.4872174768751374e-09,5.9040071294288835e-09,4.2244005606307794e-09,2.2120719554526315e-09,8.5175531839725722e-10,3.0505029014846951e-10,1.6670210656582195e-10
500,1.8609416366057251e-08,5.3316600862404463e-09,5.7366417968967330e-09,4.1046868469714160e-09,2.1494923372489018e-09,8.2786434704026207e-10,2.9676110095213824e-10,1.6230985070735395e-10
501,1.8082955115575428e-08,5.1805126198066970e-09,5.5740209171829890e-09,3.9883656706576147e-09,2.0886830993556834e-09,8.0464342154414299e-10,2.8869673348801975e-10,1.5803265354028069e-10
502,1.7571387478260961e-08,5.0336500592711924e-09,5.4160099944772875e-09,3.8753408909857830e-09,2.0295941576309880e-09,7.8207375194404549e-10,2.8085110255925650e-10,1.5386752139240744e-10
503,1.7074292113105985e-08,4.8909509305299971e-09,5.2624783456757832e-09,3.7655190917841619e-09,1.9721768448155966e-09,7.6013707513732245e-10,2.7321828730568792e-10,1.4981153785743606e-10
504,1.6591259598859403e-08,4.7522972032014327e-09,5.1132989922975053e-09,3.6588095042019505e-09,1.9163838704493746e-09,7.3881564011230471e-10,2.6579252677676033e-10,1.4586186182007289e-10
505,1.6121892096816381e-08,4.6175741929980422e-09,4.9683485554647047e-09,3.5551239316865439e-09,1.8621692819215543e-09,7.1809219359114898e-10,2.5856821562337352e-10,1.4201572553101286e-10
506,1.5665803023147597e-08,4.4866704668662895e-09,4.8275071538603439e-09,3.4543766770868559e-09,1.8094884266229137e-09,6.9794996607516140e-10,2.5153989990547570e-10,1.3827043273055893e-10
507,1.5222616730498274e-08,4.3594777508155137e-09,4.6906583045783246e-09,3.3564844718224814e-09,1.7582979151686689e-09,6.7837265828131097e-10,2.4470227301230835e-10,1.3462335681966583e-10
508,1.4791968198594790e-08,4.2358908403599046e-09,4.5576888267844633e-09,3.2613664070601499e-09,1.7085555856617892e-09,6.5934442795897114e-10,2.3805017169228219e-10,1.3107193907722823e-10
509,1.4373502733604064e-08,4.1158075134994206e-09,4.4284887481085104e-09,3.1689438668405821e-09,1.6602204689673102e-09,6.4084987707623107e-10,2.3157857218954771e-10,1.2761368692246032e-10
510,1.3966875675998069e-08,3.9991284461676701e-09,4.3029512136898084e-09,3.0791404631004911e-09,1.6132527549690384e-09,6.2287403936541593e-10,2.2528258648440100e-10,1.2424617222124372e-10
511,1.3571752116682861e-08,3.8857571300768127e-09,4.1809723978013604e-09,2.9918819725359977e-09,1.5676137597808490e-09,6.0540236821775108e-10,2.1915745863474349e-10,1.2096702963534671e-10
512,1.3187806621158352e-08,3.7755997928915399e-09,4.0624514179792142e-09,2.9070962752552999e-09,1.5232658938855862e-09,5.8842072491737949e-10,2.1319856121588614e-10,1.1777395501344526e-10
513,1.2814722961481596e-08,3.6685653206660968e-09,3.9472902515861316e-09,2.8247132951698679e-09,1.4801726311753107e-09,5.7191536720522376e-10,2.0740139185606378e-10,1.1466470382290301e-10
514,1.2452193855812866e-08,3.5645651824801702e-09,3.8353936547405504e-09,2.7446649420749147e-09,1.4382984788674000e-09,5.5587293816344659e-10,2.0176156986509323e-10,1.1163708962129160e-10
515,1.2099920715329965e-08,3.4635133572113507e-09,3.7266690835437732e-09,2.6668850553712578e-09,1.3976089482717264e-09,5.4028045541151923e-10,1.9627483295367931e-10,1.0868898256665905e-10
516,1.1757613398302358e-08,3.3653262623835502e-09,3.6210266175402359e-09,2.5913093493820564e-09,1.3580705263848317e-09,5.2512530060517048e-10,1.9093703404093732e-10,1.0581830796557730e-10
517,1.1424989971122557e-08,3.2699226850325513e-09,3.5183788853475539e-09,2.5178753602192355e-09,1.3196506482877035e-09,5.1039520922972009e-10,1.8574413814776850e-10,1.0302304485802442e-10
518,1.1101776476097925e-08,3.1772237145314915e-09,3.4186409923948328e-09,2.4465223941556678e-09,1.2823176703244208e-09,4.9607826067954791e-10,1.8069221937378521e-10,1.0030122463817973e-10
519,1.0787706705811683e-08,3.0871526773207206e-09,3.3217304507094807e-09,2.3771914774604493e-09,1.2460408440395770e-09,4.8216286861567714e-10,1.7577745795554605e-10,9.7650929710233204e-11
520,1.0482521983867242e-08,2.9996350734880473e-09,3.2275671106944467e-09,2.3098253076558058e-09,1.2107902908530138e-09,4.6863777159367733e-10,1.7099613740391999e-10,9.5070292178331857e-11
521,1.0185970951835281e-08,2.9145985151469060e-09,3.1360730948394609e-09,2.2443682061553347e-09,1.1765369774510090e-09,4.5549202395430657e-10,1.6634464171845770e-10,9.2557492569808549e-11
522,9.8978093622281299e-09,2.8319726665614869e-09,3.0471727333114545e-09,2.1807660722444423e-09,1.1432526918736488e-09,4.4271498696953362e-10,1.6181945267670398e-10,9.0110758590858470e-11
523,9.6177998773308684e-09,2.7516891859692932e-09,2.9607925013708774e-09,2.1189663383649423e-09,1.1109100202786887e-09,4.3029632023677409e-10,1.5741714719644162e-10,8.7728363913849969e-11
524,9.3457118737235612e-09,2.6736816690530072e-09,2.8768609585621674e-09,2.0589179266668466e-09,1.0794823243627661e-09,4.1822597331438998e-10,1.5313439476890939e-10,8.5408626995476118e-11
525,9.0813212523335338e-09,2.5978855940149081e-09,2.7953086896280604e-09,2.0005712067914467e-09,1.0489437194213699e-09,4.0649417759168502e-10,1.4896795496109068e-10,8.3149909924972991e-11
526,8.8244102538612686e-09,2.5242382682084094e-09,2.7160682470988877e-09,1.9438779548507868e-09,1.0192690530294911e-09,3.9509143838682413e-10,1.4491467498521915e-10,8.0950617301649728e-11
527,8.5747672794279397e-09,2.4526787762825715e-09,2.6390740955093619e-09,1.8887913135696242e-09,9.9043388432540205e-10,3.8400852726628845e-10,1.4097148733369716e-10,7.8809195140994064e-11
528,8.3321867162968259e-09,2.3831479297966985e-09,2.5642625571967310e-09,1.8352657535569351e-09,9.6241446388049720e-10,3.7323647457965474e-10,1.3713540747767250e-10,7.6724129808635488e-11
529,8.0964687685250637e-09,2.3155882182633386e-09,2.4915717596354614e-09,1.7832570356749525e-09,9.3518771413861672e-10,3.6276656220366438e-10,1.3340353162756417e-10,7.4693946981465403e-11
530,7.8674192924062833e-09,2.2499437615791978e-09,2.4209415842648888e-09,1.7327221744746339e-09,9.0873121040874410e-10,3.5259031648971442e-10,1.2977303455387439e-10,7.2717210635231478e-11
531,7.6448496365685795e-09,2.1861602638046207e-09,2.3523136167675243e-09,1.6836194026673388e-09,8.8302316239541851e-10,3.4269950140906874e-10,1.2624116746666896e-10,7.0792522057939999e-11
532,7.4285764865960971e-09,2.1241849682533986e-09,2.2856310987568824e-09,1.6359081366033470e-09,8.5804239625165660e-10,3.3308611189024664e-10,1.2280525595215051e-10,6.8918518888416603e-11
533,7.2184217140463185e-09,2.0639666138557695e-09,2.2208388808348812e-09,1.5895489427286869e-09,8.3376833713959451e-10,3.2374236734320208e-10,1.1946269796479213e-10,6.7093874179391847e-11
534,7.0142122297386160e-09,2.0054553927585032e-09,2.1578833769799786e-09,1.5445035049925512e-09,8.1018099228449196e-10,3.1466070536505674e-10,1.1621096187353906e-10,6.5317295484493989e-11
535,6.8157798411933089e-09,1.9486029091270126e-09,2.0967125202283328e-09,1.5007345931783538e-09,7.8726093450813882e-10,3.0583377562229840e-10,1.1304758456062713e-10,6.3587523968546020e-11
536,6.6229611141037752e-09,1.8933621391154025e-09,2.0372757196113241e-09,1.4582060321322636e-09,7.6498928622810304e-10,2.9725443390449719e-10,1.0997016957160447e-10,6.1903333540579920e-11
537,6.4355972377274914e-09,1.8396873919713547e-09,1.9795238183138211e-09,1.4168826718637677e-09,7.4334770390963950e-10,2.8891573634473201e-10,1.0697638531518123e-10,6.0263530008994778e-11
538,6.2535338940852074e-09,1.7875342722436692e-09,1.9234090530185928e-09,1.3767303584935666e-09,7.2231836295745625e-10,2.8081093380205311e-10,1.0406396331156951e-10,5.8666950258300161e-11
539,6.0766211308604580e-09,1.7368596430612089e-09,1.8688850144032326e-09,1.3377159060247747e-09,7.0188394303489282e-10,2.7293346640144040e-10,1.0123069648801011e-10,5.7112461446899890e-11
540,5.9047132378947661e-09,1.6876215904528690e-09,1.8159066087569303e-09,1.2998070689141036e-09,6.8202761379841976e-10,2.6527695822683955e-10,9.8474437520219102e-11,5.5598960225384895e-11
541,5.7376686271767817e-09,1.6397793886790588e-09,1.7644300206853358e-09,1.2629725154203535e-09,6.6273302103570970e-10,2.5783521216298727e-10,9.5793097218520151e-11,5.4125371974817025e-11
542,5.5753497162265648e-09,1.5932934665460219e-09,1.7144126768726820e-09,1.2271818017081828e-09,6.4398427319586397e-10,2.5060220488185358e-10,9.3184642957462101e-11,5.2690650064498557e-11
543,5.4176228147789049e-09,1.5481253746751288e-09,1.6658132108711851e-09,1.1924053466857584e-09,6.2576592830069822e-10,2.4357208196964683e-10,9.0647097147753175e-11,5.1293775128734881e-11
544,5.2643580146723916e-09,1.5042377537000745e-09,1.6185914288886016e-09,1.1586144075554792e-09,6.0806298122630953e-10,2.3673915319044145e-10,8.8178535749374570e-11,4.9933754362109924e-11
545,5.1154290828535163e-09,1.4615943033656644e-09,1.5727082765456551e-09,1.1257810560575763e-09,5.9086085134444883e-10,2.3009788788259888e-10,8.5777086824766936e-11,4.8609620832805888e-11
546,4.9707133574077067e-09,1.4201597525026425e-09,1.5281258065758242e-09,1.0938781553869420e-09,5.7414537051351763e-10,2.2364291048425774e-10,8.3440929131012444e-11,4.7320432813510789e-11
547,4.8300916465316353e-09,1.3798998298537150e-09,1.4848071474407891e-09,1.0628793377641200e-09,5.5790277140930322e-10,2.1736899618427626e-10,8.1168290749964153e-11,4.6065273129468100e-11
548,4.6934481303636115e-09,1.3407812357266434e-09,1.4427164728355755e-09,1.0327589826419113e-09,5.4211967618583401e-10,2.1127106669510961e-10,7.8957447755302906e-11,4.4843248523234723e-11
549,4.5606702655911951e-09,1.3027716144509608e-09,1.4018189720581697e-09,1.0034921955295858e-09,5.2678308545702360e-10,2.0534418614420349e-10,7.6806722915528567e-11,4.3653489035723705e-11
550,4.4316486927574738e-09,1.2658395276155258e-09,1.3620808212191092e-09,9.7505478741719667e-10,5.1188036759002158e-10,1.9958355708058215e-10,7.4714484431919656e-11,4.2495147403118754e-11
551,4.3062771461896302e-09,1.2299544280647782e-09,1.3234691552672240e-09,9.4742325478298952e-10,4.9739924830145847e-10,1.9398451659340116e-10,7.2679144710521119e-11,4.1367398469258520e-11
552,4.1844523664756576e-09,1.1950866346321919e-09,1.2859520408084014e-09,9.2057476016738554e-10,4.8332780054801124e-10,1.8854253253932586e-10,7.0699159167244997e-11,4.0269438613097797e-11
553,4.0660740154170976e-09,1.1612073075900184e-09,1.2494984496948926e-09,8.9448711329747758e-10,4.6965443470296651e-10,1.8325319987568546e-10,6.8773025065193691e-11,3.9200485190863292e-11
554,3.9510445933877683e-09,1.1282884247950190e-09,1.2140782333633108e-09,8.6913875274644268e-10,4.5636788901068905e-10,1.7811223709643622e-10,6.6899280383339013e-11,3.8159775992530921e-11
555,3.8392693590304303e-09,1.0963027585104565e-09,1.1796620979001043e-09,8.4450872811270858e-10,4.4345722031113350e-10,1.7311548276805316e-10,6.5076502715713534e-11,3.7146568712260861e-11
556,3.7306562512252316e-09,1.0652238528851687e-09,1.1462215798138790e-09,8.2057668270414666e-10,4.3091179502676027e-10,1.6825889216254699e-10,6.3303308200293902e-11,3.6160140432435902e-11
557,3.6251158132656575e-09,1.0350260020710998e-09,1.1137290224945290e-09,7.9732283671297763e-10,4.1872128040443212e-10,1.6353853398488514e-10,6.1578350476776655e-11,3.5199787120957359e-11
558,3.5225611191795683e-09,1.0056842289611896e-09,1.0821575533397138e-09,7.7472797086748667e-10,4.0687563600507763e-10,1.5895058719216904e-10,5.9900319672469822e-11,3.4264823141461538e-11
559,3.4229077021345973e-09,9.7717426453003353e-10,1.0514810615297524e-09,7.5277341054703126e-10,3.9536510543411267e-10,1.5449133790199601e-10,5.8267941415543335e-11,3.3354580776128202e-11
560,3.3260734848689804e-09,9.4947252776022210e-10,1.0216741764325647e-09,7.3144101034721585e-10,3.8418020830580880e-10,1.5015717638750522e-10,5.6679975874902501e-11,3.2468409760760734e-11
561,3.2319787120904844e-09,9.2255610613775890e-10,9.9271224662078922e-10,7.1071313908247529e-10,3.7331173243498949e-10,1.4594459415667756e-10,5.5135216825967676e-11,3.1605676831825638e-11
562,3.1405458847877889e-09,8.9640273670042589e-10,9.6457131948373176e-10,6.9057266521366893e-10,3.6275072624962468e-10,1.4185018111352736e-10,5.3632490741663220e-11,3.0765765285147160e-11
563,3.0516996964001927e-09,8.7099078762341509e-10,9.3722812141727387e-10,6.7100294268864535e-10,3.5248849141807179e-10,1.3787062279889023e-10,5.2170655907937024e-11,2.9948074545959933e-11
564,2.9653669707930818e-09,8.4629924032699741e-10,9.1066003857536493e-10,6.5198779718406881e-10,3.4251657568489440e-10,1.3400269770857540e-10,5.0748601563150493e-11,2.9152019750030614e-11
565,2.8814766019880782e-09,8.2230767209143363e-10,8.8484509816717217e-10,6.3351151273714201e-10,3.3282676590935407e-10,1.3024327468671350e-10,4.9365247060696261e-11,2.8377031335566309e-11
566,2.7999594955982235e-09,7.9899623916473776e-10,8.5976195028442371e-10,6.1555881875617152e-10,3.2341108130084483e-10,1.2658931039219210e-10,4.8019541054218419e-11,2.7622554645634887e-11
567,2.7207485119199655e-09,7.7634566034933152e-10,8.3538985024391220e-10,5.9811487739923997e-10,3.1426176684569701e-10,1.2303784683612945e-10,4.6710460704826583e-11,2.6888049540829078e-11
568,2.6437784106350757e-09,7.5433720105400485e-10,8.1170864143055606e-10,5.8116527131055704e-10,3.0537128691993737e-10,1.1958600898839508e-10,4.5437010909711808e-11,2.6172990021913228e-11
569,2.5689857970769440e-09,7.3295265779799578e-10,7.8869873862682915e-10,5.6469599170434801e-10,2.9673231908274403e-10,1.1623100245124157e-10,4.4198223551587848e-11,2.5476863862197857e-11
570,2.4963090700170170e-09,7.1217434315437141e-10,7.6634111181476938e-10,5.4869342678643441e-10,2.8833774804548566e-10,1.1297011119816565e-10,4.2993156768397059e-11,2.4799172249393786e-11
571,2.4256883709283474e-09,6.9198507112025584e-10,7.4461727043717157e-10,5.3314435050393479e-10,2.8018065981137589e-10,1.0980069537617015e-10,4.1820894242735107e-11,2.4139429436703885e-11
572,2.3570655346844844e-09,6.7236814290180306e-10,7.2350924810494523e-10,5.1803591161378903e-10,2.7225433598091822e-10,1.0672018916964932e-10,4.0680544510463469e-11,2.3497162402916383e-11
573,2.2903840416530993e-09,6.5330733310215921e-10,7.0299958773799147e-10,5.0335562306106782e-10,2.6455224821844903e-10,1.0372609872416953e-10,3.9571240287992796e-11,2.2871910521269911e-11
574,2.2255889711448768e-09,6.3478687630098685e-10,6.8307132712730723e-10,4.8909135165829295e-10,2.5706805287522332e-10,1.0081600012846654e-10,3.8492137817734165e-11,2.2263225236866005e-11
575,2.1626269561793447e-09,6.1679145401445428e-10,6.6370798490637835e-10,4.7523130805723260e-10,2.4979558576461297e-10,9.7987537453026758e-11,3.7442416231228945e-11,2.1670669752410668e-11
576,2.1014461395303775e-09,5.9930618202489876e-10,6.4489354692025627e-10,4.6176403700488826e-10,2.4272885708511529e-10,9.5238420843666352e-11,3.6421276929480774e-11,2.1093818722071886e-11
577,2.0419961310151782e-09,5.8231659806968922e-10,6.2661245298104625e-10,4.4867840787561495e-10,2.3586204648698967e-10,9.2566424668566184e-11,3.5427942980026247e-11,2.0532257953245623e-11
578,1.9842279659915524e-09,5.6580864987910137e-10,6.0884958399885372e-10,4.3596360547155348e-10,2.2918949827845923e-10,8.9969385717263794e-11,3.4461658530293242e-11,1.9985584116027859e-11
579,1.9280940650293007e-09,5.4976868355331228e-10,5.9159024947754197e-10,4.2360912108376791e-10,2.2270571676752955e-10,8.7445201450145842e-11,3.3521688236808054e-11,1.9453404460195457e-11
580,1.8735481947225056e-09,5.3418343226890006e-10,5.7482017536496423e-10,4.1160474380670149e-10,2.1640536173558735e-10,8.4991828297024949e-11,3.2607316709824065e-11,1.8935336539503601e-11
581,1.8205454296104424e-09,5.1904000530550791e-10,5.5852549224761630e-10,3.9994055209877263e-10,2.1028324403905131e-10,8.2607280003425154e-11,3.1717847972956344e-11,1.8431007943112484e-11
582,1.7690421151757487e-09,5.0432587738359619e-10,5.4269272387995025e-10,3.8860690558213397e-10,2.0433432133545233e-10,8.0289626023237822e-11,3.0852604937417867e-11,1.7940056033960493e-11
583,1.7189958318893814e-09,4.9002887830446181e-10,5.2730877603885948e-10,3.7759443707481878e-10,1.9855369393042341e-10,7.8036989956448414e-11,3.0010928890463472e-11,1.7462127693906009e-11
584,1.6703653602727338e-09,4.7613718288395789e-10,5.1236092569411803e-10,3.6689404484868715e-10,1.9293660074217807e-10,7.5847548030670107e-11,2.9192178997658732e-11,1.6996879075464231e-11
585,1.6231106469481601e-09,4.6263930117158569e-10,4.9783681048581813e-10,3.5649688510677463e-10,1.8747841538015417e-10,7.3719527625256413e-11,2.8395731818601025e-11,1.6543975359969941e-11
586,1.5771927716499180e-09,4.4952406894686942e-10,4.8372441850010090e-10,3.4639436467382494e-10,1.8217464233459276e-10,7.1651205836798562e-11,2.7620980835729961e-11,1.6103090522001416e-11
587,1.5325739151683869e-09,4.3678063848515351e-10,4.7001207833472751e-10,3.3657813389396476e-10,1.7702091327391422e-10,6.9640908084847598e-11,2.6867335995874353e-11,1.5673907099904825e-11
588,1.4892173282011351e-09,4.2439846958518336e-10,4.5668844944627043e-10,3.2704007972965161e-10,1.7201298344684158e-10,6.7687006756733392e-11,2.6134223264192230e-11,1.5256115972262587e-11
589,1.4470873010851985e-09,4.1236732085104865e-10,4.4374251277094470e-10,3.1777231905619026e-10,1.6714672818630807e-10,6.5787919890384198e-11,2.5421084190169673e-11,1.4849416140153032e-11
590,1.4061491343856299e-09,4.0067724122127822e-10,4.3116356161132020e-10,3.0876719214627484e-10,1.6241813951226932e-10,6.3942109894081646e-11,2.4727375485353212e-11,1.4453514515052742e-11
591,1.3663691103161032e-09,3.8931856173808007e-10,4.1894119278137788e-10,3.0001725633917247e-10,1.5782332283062186e-10,6.2148082302115044e-11,2.4052568612499436e-11,1.4068125712236581e-11
592,1.3277144649680273e-09,3.7828188754991755e-10,4.0706529800258684e-10,2.9151527988931600e-10,1.5335849372550980e-10,6.0404384565329045e-11,2.3396149385833603e-11,1.3692971849534168e-11
593,1.2901533613253005e-09,3.6755809014080800e-10,3.9552605554388597e-10,2.8325423598922025e-10,1.4901997484237715e-10,5.8709604875585930e-11,2.2757617582117902e-11,1.3327782351305139e-11
594,1.2536548630424812e-09,3.5713829977991572e-10,3.8431392209865614e-10,2.7522729696178289e-10,1.4480419285919842e-10,5.7062371023191721e-11,2.2136486562237442e-11,1.2972293757499067e-11
595,1.2181889089647721e-09,3.4701389818519409e-10,3.7341962489196377e-10,2.6742782861716890e-10,1.4070767554339377e-10,5.5461349286361978e-11,2.1532282903020377e-11,1.2626249537669206e-11
596,1.1837262883688348e-09,3.3717651139500844e-10,3.6283415401154980e-10,2.5984938476961566e-10,1.3672704889200371e-10,5.3905243351828754e-11,2.0944546039015985e-11,1.2289399909812751e-11
597,1.1502386169040474e-09,3.2761800284184407e-10,3.5254875495621896e-10,2.5248570190962456e-10,1.3285903435276879e-10,5.2392793265715703e-11,2.0372827913961982e-11,1.1961501663913335e-11
598,1.1176983132143791e-09,3.1833046662237025e-10,3.4255492139546907e-10,2.4533069402713801e-10,1.2910044612382461e-10,5.0922774413832614e-11,1.9816692641679653e-11,1.1642317990064803e-11
599,1.0860785762216376e-09,3.0930622095829267e-10,3.3284438813436937e-10,2.3837844758142153e-10,1.2544818852978915e-10,4.9493996530564535e-11,1.9275716176142288e-11,1.1331618311058326e-11
600,1.0553533630513745e-09,3.0053780184258803e-10,3.2340912427787159e-10,2.3162321661349395e-10,1.2189925347208018e-10,4.8105302735553620e-11,1.8749485990469403e-11,1.1029178119317874e-11
601,1.0254973675832629e-09,2.9201795686586152e-10,3.1424132658889934e-10,2.2505941799706603e-10,1.1845071795136359e-10,4.6755568597394552e-11,1.8237600764605831e-11,1.0734778818072139e-11
602,9.9648599960829142e-10,2.8373963921772479e-10,3.0533341303472204e-10,2.1868162682406194e-10,1.1509974166009184e-10,4.5443701223586064e-11,1.7739670081451204e-11,1.0448207566653659e-11
603,9.6829536457559967e-10,2.7569600185822966e-10,2.9667801651627728e-10,2.1248457192091047e-10,1.1184356464314928e-10,4.4168638376002331e-11,1.7255314131211728e-11,1.0169257129818864e-11
604,9.4090224391227642e-10,2.6788039185453856e-10,2.8826797877525392e-10,2.0646313149189927e-10,1.0867950502467829e-10,4.2929347611168727e-11,1.6784163423752290e-11,9.8977257309853618e-12
605,9.1428407589991256e-10,2.6028634487814538e-10,2.8009634447389746e-10,2.0061232888599154e-10,1.0560495679921336e-10,4.1724825444646401e-11,1.6325858508732905e-11,9.6334169092854431e-12
606,8.8841893709215704e-10,2.5290757985809808e-10,2.7215635544264163e-10,1.9492732848360667e-10,1.0261738768530431e-10,4.0554096538849747e-11,1.5880049703319257e-11,9.3761393803374194e-12
607,8.6328552425797034e-10,2.4573799378579671e-10,2.6444144509080716e-10,1.8940343169996461e-10,9.9714337039860296e-11,3.9416212913639697e-11,1.5446396827262897e-11,9.1257069006388873e-12
608,8.3886313683570439e-10,2.3877165666707352e-10,2.5694523297574769e-10,1.8403607310169123e-10,9.6893413831497462e-11,3.8310253179054144e-11,1.5024568945152013e-11,8.8819381354883700e-12
609,8.1513165988355872e-10,2.3200280661737724e-10,2.4966151952594785e-10,1.7882081663347468e-10,9.4152294671220463e-11,3.7235321789554873e-11,1.4614244115639180e-11,8.6446565303444083e-12
610,7.9207154751236651e-10,2.2542584509600531e-10,2.4258428091371249e-10,1.7375335195165379e-10,9.1488721898816189e-11,3.6190548319187705e-11,1.4215109147457608e-11,8.4136901855332274e-12
611,7.6966380678706974e-10,2.1903533227544318e-10,2.3570766407320399e-10,1.6882949086170876e-10,8.8900501723383375e-11,3.5175086757069283e-11,1.3826859362042574e-11,8.1888717342185743e-12
612,7.4788998208362268e-10,2.1282598254197835e-10,2.2902598185970847e-10,1.6404516385670907e-10,8.6385502416466956e-11,3.4188114822630774e-11,1.3449198362579561e-11,7.9700382235494431e-12
613,7.2673213988843727e-10,2.0679266012386996e-10,2.2253370834612747e-10,1.5939641675385794e-10,8.3941652556308502e-11,3.3228833300064300e-11,1.3081837809305557e-11,7.7570309989035748e-12
614,7.0617285402785480e-10,2.0093037484345572e-10,2.1622547425280371e-10,1.5487940742635333e-10,8.1566939321767022e-11,3.2296465391433837e-11,1.2724497200894545e-11,7.5496955911467307e-12
615,6.8619519131547571e-10,1.9523427798968419e-10,2.1009606250690330e-10,1.5049040262786403e-10,7.9259406834504689e-11,3.1390256087927012e-11,1.2376903661762821e-11,7.3478816068297905e-12
616,6.6678269760552748e-10,1.8969965830765750e-10,2.0414040392767955e-10,1.4622577490699666e-10,7.7017154548072459e-11,3.0509471558739389e-11,1.2038791735134170e-11,7.1514426212476882e-12
617,6.4791938424078171e-10,1.8432193810186754e-10,1.9835357303405103e-10,1.4208199960920297e-10,7.4838335682568179e-11,2.9653398557096532e-11,1.1709903181709297e-11,6.9602360742862086e-12
618,6.2958971488386412e-10,1.7909666944990278e-10,1.9273078397102676e-10,1.3805565196364976e-10,7.2721155703578745e-11,2.8821343842933547e-11,1.1389986783788020e-11,6.7741231689844760e-12
619,6.1177859272110271e-10,1.7401953052349377e-10,1.8726738655160846e-10,1.3414340425264333e-10,7.0663870844152487e-11,2.8012633621764864e-11,1.1078798154696941e-11,6.5929687727429032e-12
620,5.9447134802838320e-10,1.6908632201385390e-10,1.8195886241089692e-10,1.3034202306126924e-10,6.8664786668585605e-11,2.7226612999290336e-11,1.0776099553379121e-11,6.4166413211081285e-12
621,5.7765372608876512e-10,1.6429296365835951e-10,1.7680082126922180e-10,1.2664836660497423e-10,6.6722256676838766e-11,2.6462645451296375e-11,1.0481659704006301e-11,6.2450127240681958e-12
622,5.6131187545190984e-10,1.5963549086569587e-10,1.7178899730120416e-10,1.2305938213288083e-10,6.4834680948434871e-11,2.5720112308423267e-11,1.0195253620477880e-11,6.0779582747930133e-12
623,5.4543233652564976e-10,1.5511005143667770e-10,1.6691924560774808e-10,1.1957210340468965e-10,6.3000504824721219e-11,2.4998412255381757e-11,9.9166624356745797e-12,5.9153565607567395e-12
624,5.3000203049030218e-10,1.5071290237803195e-10,1.6218753878804473e-10,1.1618364823908269e-10,6.1218217628410334e-11,2.4296960844213798e-11,9.6456732353382142e-12,5.7570893771803816e-12
625,5.1500824852659841e-10,1.4644040680650759e-10,1.5758996360875277e-10,1.1289121613160236e-10,5.9486351419345079e-11,2.3615190021203590e-11,9.3820788964525379e-12,5.6030416427345084e-12
626,5.0043864134835540e-10,1.4228903094075132e-10,1.5312271776760075e-10,1.0969208594003688e-10,5.7803479785463318e-11,2.2952547667056152e-11,9.1256779300034608e-12,5.4531013174434618e-12
627,4.8628120903126688e-10,1.3825534117846159e-10,1.4878210674873454e-10,1.0658361363539894e-10,5.6168216667966170e-11,2.2308497149971435e-11,8.8762743280002146e-12,5.3071593227340290e-12
628,4.7252429112944111e-10,1.3433600125640268e-10,1.4456454076720940e-10,1.0356323011663921e-10,5.4579215219722267e-11,2.1682516891252312e-11,8.6336774146422537e-12,5.1651094635729378e-12
629,4.5915655707153938e-10,1.3052776949093039e-10,1.4046653180009919e-10,1.0062843908728811e-10,5.3035166695967976e-11,2.1074099943094975e-11,8.3977017015197758e-12,5.0268483526390236e-12
630,4.4616699682861119e-10,1.2682749609674686e-10,1.3648469070176774e-10,9.7776814992270864e-11,5.1534799376389525e-11,2.0482753578220199e-11,8.1681667467387815e-12,4.8922753364772550e-12
631,4.3354491184593376e-10,1.2323212058166620e-10,1.3261572440091582e-10,9.5006001013191025e-11,5.0076877517699714e-11,1.9907998891013313e-11,7.9448970178645390e-12,4.7612924235832121e-12
632,4.2127990623139292e-10,1.1973866921523699e-10,1.2885643317708658e-10,9.2313707120424938e-11,4.8660200335846084e-11,1.9349370409850278e-11,7.7277217585801493e-12,4.6338042143679066e-12
633,4.0936187819314309e-10,1.1634425256912673e-10,1.2520370801437608e-10,8.9697708180417739e-11,4.7283601017012606e-11,1.8806415720296123e-11,7.5164748589597386e-12,4.5097178329541246e-12
634,3.9778101171949766e-10,1.1304606312723495e-10,1.2165452803016042e-10,8.7155842116616068e-11,4.5945945756600094e-11,1.8278695098870866e-11,7.3109947292585052e-12,4.3889428607567335e-12
635,3.8652776849419447e-10,1.0984137296355749e-10,1.1820595797671358e-10,8.4686008122517847e-11,4.4646132825393934e-11,1.7765781157086582e-11,7.1111241771244556e-12,4.2713912718006281e-12
636,3.7559288004038006e-10,1.0672753148588148e-10,1.1485514581364862e-10,8.2286164925361901e-11,4.3383091662149974e-11,1.7267258495467631e-11,6.9167102881392815e-12,4.1569773697311608e-12
637,3.6496734008683967e-10,1.0370196324344482e-10,1.1159932034917552e-10,7.9954329099022738e-11,4.2155781991851193e-11,1.6782723367274044e-11,6.7276043095982797e-12,4.0456177264730925e-12
638,3.5464239715018817e-10,1.0076216579674671e-10,1.0843578894822418e-10,7.7688573424715435e-11,4.0963192968908925e-11,1.6311783351655996e-11,6.5436615374417049e-12,3.9372311224952115e-12
639,3.4460954732691020e-10,9.7905707647747325e-11,1.0536193530553729e-10,7.5487025298156513e-11,3.9804342344603023e-11,1.5854057035974904e-11,6.3647412062522452e-12,3.8317384886388794e-12
640,3.3486052728931430e-10,9.5130226228744675e-11,1.0237521728189139e-10,7.3347865181863580e-11,3.8678275658075022e-11,1.5409173707034066e-11,6.1907063822356525e-12,3.7290628494698401e-12
641,3.2538730747963156e-10,9.2433425948265072e-11,9.9473164801656557e-11,7.1269325101315041e-11,3.7584065450208366e-11,1.4976773050969019e-11,6.0214238591038256e-12,3.6291292681136874e-12
642,3.1618208549665420e-10,8.9813076292351132e-11,9.6653377809955663e-11,6.9249687183726779e-11,3.6520810499747781e-11,1.4556504861554763e-11,5.8567640567817446e-12,3.5318647925363762e-12
643,3.0723727966946550e-10,8.7267009979676578e-11,9.3913524287733943e-11,6.7287282238238023e-11,3.5487635081029033e-11,1.4148028756693830e-11,5.6966009228618604e-12,3.4371984032322032e-12
644,2.9854552281296940e-10,8.4793121168962081e-11,9.1251338323097075e-11,6.5380488376332937e-11,3.4483688242707396e-11,1.3751013902855749e-11,5.5408118367315524e-12,3.3450609622826139e-12
645,2.9009965616007751e-10,8.2389363717209354e-11,8.8664618237322846e-11,6.3527729671357777e-11,3.3508143106891132e-11,1.3365138747244988e-11,5.3892775163012952e-12,3.2553851637501595e-12
646,2.8189272346555348e-10,8.0053749487312840e-11,8.6151224763996140e-11,6.1727474856025698e-11,3.2560196188102279e-11,1.2990090757480573e-11,5.2418819272631445e-12,3.1681054853728406e-12
647,2.7391796527666043e-10,7.7784346703649127e-11,8.3709079279761782e-11,5.9978236056832490e-11,3.1639066731504221e-11,1.2625566168576786e-11,5.0985121948110139e-12,3.0831581415249814e-12
648,2.6616881336589205e-10,7.5579278354284205e-11,8.1336162085231703e-11,5.8278567564337444e-11,3.0743996069850816e-11,1.2271269737020164e-11,4.9590585177561096e-12,3.0004810374116403e-12
649,2.5863888532120239e-10,7.3436720638476533e-11,7.9030510734624654e-11,5.6627064638292906e-11,2.9874246998627402e-11,1.1926914501743830e-11,4.8234140849726590e-12,2.9200137244644235e-12
650,2.5132197928927747e-10,7.1354901458192295e-11,7.6790218412757113e-11,5.5022362346634955e-11,2.9029103168869150e-11,1.1592221551805664e-11,4.6914749941108388e-12,2.8416973569074000e-12
651,2.4421206886752015e-10,6.9332098952384768e-11,7.4613432358042820e-11,5.3463134437375447e-11,2.8207868497156592e-11,1.1266919800582414e-11,4.5631401725155000e-12,2.7654746494626163e-12
652,2.3730329814054215e-10,6.7366640072825648e-11,7.2498352330197253e-11,5.1948092242463410e-11,2.7409866592302405e-11,1.0950745766296910e-11,4.4383113002909566e-12,2.6912898361655128e-12
653,2.3058997685707196e-10,6.5456899200310431e-11,7.0443229121378972e-11,5.0475983612709441e-11,2.6634440198257257e-11,1.0643443358700861e-11,4.3168927354537306e-12,2.6190886302612955e-12
654,2.2406657574331021e-10,6.3601296800092959e-11,6.8446363109537112e-11,4.9045591882893019e-11,2.5880950652775853e-11,1.0344763671740560e-11,4.1987914411166612e-12,2.5488181851540800e-12
655,2.1772772194886889e-10,6.1798298115437419e-11,6.6506102852768253e-11,4.7655734866197345e-11,2.5148777361397368e-11,1.0054464782037743e-11,4.0839169146493990e-12,2.4804270563813427e-12
656,2.1156819462154608e-10,6.0046411898206920e-11,6.4620843723520413e-11,4.6305263877140608e-11,2.4437317286306992e-11,9.7723115530224813e-12,3.9721811187617261e-12,2.4138651645869340e-12
657,2.0558292060729029e-10,5.8344189175438762e-11,6.2789026581514049e-11,4.4993062782196018e-11,2.3745984449657601e-11,9.4980754445596639e-12,3.8634984144576196e-12,2.3490837594665967e-12
658,1.9976697027181286e-10,5.6690222050886218e-11,6.1009136484283084e-11,4.3718047077316148e-11,2.3074209450942462e-11,9.2315343279149356e-12,3.7577854958093622e-12,2.2860353846606060e-12
659,1.9411555344040702e-10,5.5083142540535560e-11,5.9279701434269308e-11,4.2479162991598986e-11,2.2421438998021544e-11,8.9724723059104023e-12,3.6549613265024156e-12,2.2246738435688091e-12
660,1.8862401545263038e-10,5.3521621441135148e-11,5.7599291161433794e-11,4.1275386616354839e-11,2.1787135451415043e-11,8.7206795381245360e-12,3.5549470781030597e-12,2.1649541660639763e-12
661,1.8328783332859973e-10,5.2004367230800667e-11,5.5966515940378676e-11,4.0105723058854473e-11,2.1170776381488924e-11,8.4759520709948299e-12,3.4576660700021153e-12,2.1068325760800169e-12
662,1.7810261204374182e-10,5.0530125000787198e-11,5.4380025441000970e-11,3.8969205620058764e-11,2.0571854138167662e-11,8.2380916726856810e-12,3.3630437109893464e-12,2.0502664600521879e-12
663,1.7306408090893219e-10,4.9097675417544759e-11,5.2838507611727689e-11,3.7864894995650549e-11,1.9989875432819857e-11,8.0069056725879169e-12,3.2710074424143385e-12,1.9952143361870604e-12
664,1.6816809005303910e-10,4.7705833714198372e-11,5.1340687594408986e-11,3.6791878499708049e-11,1.9424360931972330e-11,7.7822068053199883e-12,3.1814866828908577e-12,1.9416358245405446e-12
665,1.6341060700497733e-10,4.6353448710618961e-11,4.9885326669971510e-11,3.5749269310378436e-11,1.8874844862518007e-11,7.5638130591046801e-12,3.0944127745028721e-12,1.8894916178828621e-12
666,1.5878771337245502e-10,4.5039401861274254e-11,4.8471221233960296e-11,3.4736205736927945e-11,1.8340874628092587e-11,7.3515475283985296e-12,3.0097189304715122e-12,1.8387434533298922e-12
667,1.5429560161467968e-10,4.3762606330072243e-11,4.7097201801121661e-11,3.3751850507562879e-11,1.7822010436303855e-11,7.1452382706547776e-12,2.9273401842433887e-12,1.7893540847208609e-12
668,1.4993057190636389e-10,4.2522006091432002e-11,4.5762132038204030e-11,3.2795390077432727e-11,1.7317824936506705e-11,6.9447181671038434e-12,2.8472133399617285e-12,1.7412872557228474e-12
669,1.4568902909044888e-10,4.1316575056838332e-11,4.4464907824176741e-11,3.1866033956243594e-11,1.6827902867825562e-11,6.7498247874387155e-12,2.7692769242828448e-12,1.6945076736431018e-12
670,1.4156747971703539e-10,4.0145316226157702e-11,4.3204456337089480e-11,3.0963014054926147e-11,1.6351840717134242e-11,6.5604002582957042e-12,2.6934711395014646e-12,1.6489809839306608e-12
671,1.3756252916608339e-10,3.9007260863013674e-11,4.1979735166817251e-11,3.0085584050818119e-11,1.5889246386711557e-11,6.3762911354241385e-12,2.6197378179494362e-12,1.6046737453492184e-12
672,1.3367087885151091e-10,3.7901467693539626e-11,4.0789731452957132e-11,2.9233018770836658e-11,1.5439738871298996e-11,6.1973482794415247e-12,2.5480203776332791e-12,1.5615534058036950e-12
673,1.2988932350438879e-10,3.6827022127846066e-11,3.9633461047163516e-11,2.8404613592130735e-11,1.5002947944294454e-11,6.0234267350736337e-12,2.4782637790769924e-12,1.5195882788033833e-12
674,1.2621474853299419e-10,3.5783035503558617e-11,3.8509967699229574e-11,2.7599683859718277e-11,1.4578513852823503e-11,5.8543856137817680e-12,2.4104144833374367e-12,1.4787475205450146e-12
675,1.2264412745754825e-10,3.4768644350801067e-11,3.7418322266241159e-11,2.6817564320626608e-11,1.4166087021437196e-11,5.6900879796822107e-12,2.3444204111604881e-12,1.4390011075995085e-12
676,1.1917451941752499e-10,3.3783009678015285e-11,3.6357621944149684e-11,2.6057608574068651e-11,1.3765327764192205e-11,5.5304007386655281e-12,2.2802309032470316e-12,1.4003198151865994e-12
677,1.1580306674947886e-10,3.2825316278027652e-11,3.5326989521128054e-11,2.5319188537200296e-11,1.3375906004876254e-11,5.3751945306259890e-12,2.2177966815986889e-12,1.3626751960219354e-12
678,1.1252699263339536e-10,3.1894772053787672e-11,3.4325572652092257e-11,2.4601693926017544e-11,1.2997501005148390e-11,5.2243436247138569e-12,2.1570698119139960e-12,1.3260395597216577e-12
679,1.0934359880562671e-10,3.0990607363221381e-11,3.3352543153788742e-11,2.3904531750964257e-11,1.2629801100370156e-11,5.0777258175257931e-12,2.0980036670065356e-12,1.2903859527498485e-12
680,1.0625026333652848e-10,3.0112074382657404e-11,3.2407096319864331e-11,2.3227125826833702e-11,1.2272503442910142e-11,4.9352223341509652e-12,2.0405528912173092e-12,1.2556881388946209e-12
681,1.0324443847096726e-10,2.9258446488299423e-11,3.1488450255352454e-11,2.2568916296558836e-11,1.1925313752710443e-11,4.7967177319927531e-12,1.9846733657943661e-12,1.2219205802589942e-12
682,1.0032364852992023e-10,2.8429017655233102e-11,3.0595845230025159e-11,2.1929359168497615e-11,1.1587946074909608e-11,4.6620998072882258e-12,1.9303221752134589e-12,1.1890584187530564e-12
683,9.7485487871438643e-11,2.7623101873470771e-11,2.9728543050076115e-11,2.1307925866831140e-11,1.1260122544322439e-11,4.5312595042497191e-12,1.8774575744141879e-12,1.1570774580742718e-12
684,9.4727618909295776e-11,2.6840032580550519e-11,2.8885826447614957e-11,2.0704102794702716e-11,1.0941573156582694e-11,4.4040908267549680e-12,1.8260389569267971e-12,1.1259541461631260e-12
685,9.2047770187687462e-11,2.6079162110220660e-11,2.8066998487468122e-11,2.0117390909737121e-11,1.0632035545760137e-11,4.2804907525143246e-12,1.7760268238654550e-12,1.0956655581216456e-12
686,8.9443734510399261e-11,2.5339861156753353e-11,2.7271381990795467e-11,1.9547305311588876e-11,1.0331254768268842e-11,4.1603591496455795e-12,1.7273827537645065e-12,1.0661893795826452e-12
687,8.6913367122899845e-11,2.4621518254444461e-11,2.6498318975046101e-11,1.8993374841178983e-11,1.0038983092888718e-11,4.0435986955888674e-12,1.6800693732348244e-12,1.0375038905178719e-12
688,8.4454583945862657e-11,2.3923539271869055e-11,2.5747170109790106e-11,1.8455141691288593e-11,9.7549797967273593e-12,3.9301147982960116e-12,1.6340503284179948e-12,1.0095879494735346e-12
689,8.2065359858661850e-11,2.3245346920474258e-11,2.5017314187976279e-11,1.7932161028187979e-11,9.4790109669541169e-12,3.8198155196305433e-12,1.5892902572166964e-12,9.8242097822199301e-13
690,7.9743727031427784e-11,2.2586380277102995e-11,2.4308147612178414e-11,1.7424000623987981e-11,9.2108493081431526e-12,3.7126115009163597e-12,1.5457547622801928e-12,9.5598294681868398e-13
691,7.7487773304288750e-11,2.1946094320053730e-11,2.3619083895405337e-11,1.6930240499410081e-11,8.9502739550667287e-12,3.6084158905747775e-12,1.5034103847244526e-12,9.3025435905364032e-13
692,7.5295640612464369e-11,2.1323959478292395e-11,2.2949553176061880e-11,1.6450472576679876e-11,8.6970702907846296e-12,3.5071442737914055e-12,1.4622245785669494e-12,9.0521623828724643e-13
693,7.3165523455912871e-11,2.0719461193443750e-11,2.2299001746659525e-11,1.5984300342257013e-11,8.4510297698798017e-12,3.4087146041559006e-12,1.4221656858567465e-12,8.8085011366012777e-13
694,7.1095667412272134e-11,2.0132099494199828e-11,2.1666891595887042e-11,1.5531338519122959e-11,8.2119497466946923e-12,3.3130471372192779e-12,1.3832029124809830e-12,8.5713800666734976e-13
695,6.9084367691869881e-11,1.9561388582793462e-11,2.1052699963662352e-11,1.5091212748355559e-11,7.9796333084267743e-12,3.2200643659149833e-12,1.3453063046294079e-12,8.3406241808735590e-13
696,6.7129967733612571e-11,1.9006856433194841e-11,2.0455918908797650e-11,1.4663559279727387e-11,7.7538891129458161e-12,3.1296909577914673e-12,1.3084467258990870e-12,8.1160631525631676e-13
697,6.5230857840596539e-11,1.8468044400698816e-11,1.9876054888920204e-11,1.4248024671072065e-11,7.5345312311992983e-12,3.0418536940054404e-12,1.2725958350219057e-12,7.8975311967881197e-13
698,6.3385473854318099e-11,1.7944506842579996e-11,1.9312628352301410e-11,1.3844265496170088e-11,7.3213789940762105e-12,2.9564814100264322e-12,1.2377260641979548e-12,7.6848669496600629e-13
699,6.1592295866389960e-11,1.7435810749501847e-11,1.8765173341256582e-11,1.3451948060912782e-11,7.1142568436030393e-12,2.8735049380046527e-12,1.2038105980183469e-12,7.4779133509270414e-13
700,5.9849846966703396e-11,1.6941535387374987e-11,1.8233237106787371e-11,1.3070748127509708e-11,6.9129941883494713e-12,2.7928570507555065e-12,1.1708233529614564e-12,7.2765175296489889e-13
701,5.8156692027005062e-11,1.6461271949368425e-11,1.7716379734148234e-11,1.2700350646511682e-11,6.7174252629246483e-12,2.7144724073154141e-12,1.1387389574470122e-12,7.0805306928964917e-13
702,5.6511436518886245e-11,1.5994623217785900e-11,1.7214173779027156e-11,1.2340449496427813e-11,6.5273889914482877e-12,2.6382875000248669e-12,1.1075327324328870e-12,6.8898080173932971e-13
703,5.4912725365211430e-11,1.5541203235527681e-11,1.6726203914039836e-11,1.1990747230721456e-11,6.3427288548842141e-12,2.5642406030958817e-12,1.0771806725398498e-12,6.7042085440250914e-13
704,5.3359241824039981e-11,1.5100636986866069e-11,1.6252066585244917e-11,1.1650954831975903e-11,6.1632927621270264e-12,2.4922717226222189e-12,1.0476594276899357e-12,6.5235950751391499e-13
705,5.1849706404121691e-11,1.4672560087270596e-11,1.5791369678396191e-11,1.1320791473026665e-11,5.9889329247357292e-12,2.4223225479918930e-12,1.0189462852444846e-12,6.3478340745613707e-13
706,5.0382875811073005e-11,1.4256618482026309e-11,1.5343732194655781e-11,1.0999984284862902e-11,5.8195057352111655e-12,2.3543364046626557e-12,9.9101915262827195e-13,6.1767955702591742e-13
707,4.8957541923365982e-11,1.3852468153395942e-11,1.4908783935500081e-11,1.0688268131106197e-11,5.6548716487169700e-12,2.2882582082622018e-12,9.6385654042653099e-13,6.0103530595806174e-13
708,4.7572530797286645e-11,1.3459774836083714e-11,1.4486165196557855e-11,1.0385385388880256e-11,5.4948950681466555e-12,2.2240344199759617e-12,9.3743754594201296e-13,5.8483834170018547e-13
709,4.6226701700042940e-11,1.3078213740765413e-11,1.4075526470127334e-11,1.0091085735890414e-11,5.3394442324421522e-12,2.1616130031863496e-12,9.1174183719959183e-13,5.6907668043169233e-13
710,4.4918946170226349e-11,1.2707469285456120e-11,1.3676528156126205e-11,9.8051259435370460e-12,5.1883911080718147e-12,2.1009433813283756e-12,8.8674963738624876e-13,5.5373865832054652e-13
711,4.3648187104852839e-11,1.2347234834493337e-11,1.3288840281235507e-11,9.5272696758917668e-12,5.0416112835785398e-12,2.0419763969274995e-12,8.6244170971461034e-13,5.3881292301157986e-13
712,4.2413377872231625e-11,1.1997212444919706e-11,1.2912142226005123e-11,9.2572872943703882e-12,4.8989838671110909e-12,1.9846642717865631e-12,8.3879934269852737e-13,5.2428842534022819e-13
713,4.1213501449930901e-11,1.1657112620055456e-11,1.2546122459695165e-11,8.9949556679411393e-12,4.7603913868543056e-12,1.9289605682895734e-12,8.1580433582949916e-13,5.1015441126575921e-13
714,4.0047569587130491e-11,1.1326654070056833e-11,1.2190478282634002e-11,8.7400579887112851e-12,4.6257196942761029e-12,1.8748201517910152e-12,7.9343898564304871e-13,4.9640041401820461e-13
715,3.8914621990671655e-11,1.1005563479262405e-11,1.1844915575879788e-11,8.4923835927397670e-12,4.4948578701116575e-12,1.8221991540602289e-12,7.7168607216445250e-13,4.8301624645336422e-13
716,3.7813725534133555e-11,1.0693575280134876e-11,1.1509148557978518e-11,8.2517277859277041e-12,4.3676981330072733e-12,1.7710549377512802e-12,7.5052884572350953e-13,4.6999199361039594e-13
717,3.6743973489284945e-11,1.0390431433611385e-11,1.1182899548617363e-11,8.0178916748429444e-12,4.2441357507487431e-12,1.7213460618695354e-12,7.2995101412832636e-13,4.5731800546664701e-13
718,3.5704484779278202e-11,1.0095881215680606e-11,1.0865898738977931e-11,7.7906820023387328e-12,4.1240689540010419e-12,1.6730322482070045e-12,7.0993673018835219e-13,4.4498488988452960e-13
719,3.4694403252970489e-11,9.8096810100101969e-12,1.0557883968599387e-11,7.5699109878307496e-12,4.0073988524883412e-12,1.6260743487192672e-12,6.9047057957717354e-13,4.3298350574536938e-13
720,3.3712896979774411e-11,9.5315941064529871e-12,1.0258600508567021e-11,7.3553961721004025e-12,3.8940293535452906e-12,1.5804343138175687e-12,6.7153756902583262e-13,4.2130495626529831e-13
721,3.2759157564457358e-11,9.2613905052653167e-12,9.9678008508468658e-12,7.1469602664961922e-12,3.7838670829724904e-12,1.5360751615504274e-12,6.5312311483768201e-13,4.0994058248838672e-13
722,3.1832399481325312e-11,8.9988467268755386e-12,9.6852445035921794e-12,6.9444310064084690e-12,3.6768213081309593e-12,1.4929609476497891e-12,6.3521303171603419e-13,3.9888195695233726e-13
723,3.0931859427242403e-11,8.7437456270453964e-12,9.4106977922524860e-12,6.7476410088964740e-12,3.5728038632122725e-12,1.4510567364174843e-12,6.1779352189610214e-13,3.8812087752218674e-13
724,3.0056795692953849e-11,8.4958762172713476e-12,9.1439336663207059e-12,6.5564276343500332e-12,3.4717290766228032e-12,1.4103285724284206e-12,6.0085116457295649e-13,3.7764936138758066e-13
725,2.9206487552193979e-11,8.2550334902773157e-12,8.8847315115585214e-12,6.3706328520715219e-12,3.3735137004222736e-12,1.3707434530275946e-12,5.8437290561744990e-13,3.6745963921930129e-13
726,2.8380234668076525e-11,8.0210182504545146e-12,8.6328769675446899e-12,6.1901031096670496e-12,3.2780768417584872e-12,1.3322693015986565e-12,5.6834604757227795e-13,3.5754414948084529e-13
727,2.7577356516278122e-11,7.7936369491081189e-12,8.3881617503954423e-12,6.0146892061388753e-12,3.1853398962417778e-12,1.2948749415823933e-12,5.5275823992055893e-13,3.4789553289095504e-13
728,2.6797191824540027e-11,7.5727015243745035e-12,8.1503834805103006e-12,5.8442461685741981e-12,3.0952264832043012e-12,1.2585300712240828e-12,5.3759746961952061e-13,3.3850662703311681e-13
729,2.6039098028026260e-11,7.3580292456766265e-12,7.9193455152008885e-12,5.6786331323283955e-12,3.0076623827908389e-12,1.2232052390292829e-12,5.2285205189208287e-13,3.2937046110814352e-13
730,2.5302450740089801e-11,7.1494425625889487e-12,7.6948567860643125e-12,5.5177132246036623e-12,2.9225754748293113e-12,1.1888718199081799e-12,5.0851062126932403e-13,3.2048025082606208e-13
731,2.4586643238010752e-11,6.9467689579868320e-12,7.4767316409665931e-12,5.3613534513268792e-12,2.8398956794306439e-12,1.1555019919891793e-12,4.9456212287700388e-13,3.1182939343362275e-13
732,2.3891085963283040e-11,6.7498408053590038e-12,7.2647896905054909e-12,5.2094245872331519e-12,2.7595548992690651e-12,1.1230687140829725e-12,4.8099580395950808e-13,3.0341146287384777e-13
733,2.3215206036037991e-11,6.5584952301650265e-12,7.0588556588257235e-12,5.0618010690642342e-12,2.6814869634953014e-12,1.0915457037788263e-12,4.6780120563475178e-13,2.9522020507412853e-13
734,2.2558446783204934e-11,6.3725739751231369e-12,6.8587592386632099e-12,4.9183608917935223e-12,2.6056275732364650e-12,1.0609074161553623e-12,4.5496815487376218e-13,2.8724953335947297e-13
735,2.1920267280020114e-11,6.1919232693170055e-12,6.6643349504984532e-12,4.7789855077918792e-12,2.5319142486377594e-12,1.0311290230885941e-12,4.4248675669882632e-13,2.7949352398759411e-13
736,2.1300141904506378e-11,6.0163937010131740e-12,6.4754220057025688e-12,4.6435597288509267e-12,2.4602862774023693e-12,1.0021863931404601e-12,4.3034738659425807e-13,2.7194641180261785e-13
737,2.0697559904556609e-11,5.8458400940839539e-12,6.2918641735627828e-12,4.5119716309828600e-12,2.3906846647871652e-12,9.7405607201157593e-13,4.1854068312399837e-13,2.6460258600427361e-13
738,2.0112024977264451e-11,5.6801213879336052e-12,6.1135096520774484e-12,4.3841124619180613e-12,2.3230520850130313e-12,9.4671526354237250e-13,4.0705754075042260e-13,2.5745658602951172e-13
739,1.9543054860155725e-11,5.5191005208284620e-12,5.9402109424136705e-12,4.2598765512240995e-12,2.2573328340497938e-12,9.2014181124724404e-13,3.9588910284887811e-13,2.5050309754357440e-13
740,1.8990180933983945e-11,5.3626443165344966e-12,5.7718247269237699e-12,4.1391612229718083e-12,2.1934727837368706e-12,8.9431418036674664e-13,3.8502675491262729e-13,2.4373694853762443e-13
741,1.8452947836762799e-11,5.2106233741685843e-12,5.6082117506196631e-12,4.0218667108762604e-12,2.1314193372018465e-12,8.6921144042332102e-13,3.7446211794301328e-13,2.3715310553011111e-13
742,1.7930913088717644e-11,5.0629119611723559e-12,5.4492367060071528e-12,3.9078960758425252e-12,2.0711213855402602e-12,8.4481324826641187e-13,3.6418704201980892e-13,2.3074666986912811e-13
743,1.7423646727847114e-11,4.9193879093201030e-12,5.2947681211848756e-12,3.7971551258480257e-12,2.0125292657209235e-12,8.2109983159325512e-13,3.5419360004684293e-13,2.2451287413309078e-13
744,1.6930730955794778e-11,4.7799325136747351e-12,5.1446782511153695e-12,3.6895523380953199e-12,1.9555947196820959e-12,7.9805197293199258e-13,3.4447408166813559e-13,2.1844707862712897e-13
745,1.6451759793739015e-11,4.6444304344082195e-12,4.9988429719783252e-12,3.5849987833709328e-12,1.9002708545848380e-12,7.7565099407413959e-13,3.3502098734989982e-13,2.1254476797266232e-13
746,1.5986338748017868e-11,4.5127696014052814e-12,4.8571416785186634e-12,3.4834080525477398e-12,1.8465121041907934e-12,7.5387874094380653e-13,3.2582702262389525e-13,2.0680154778768917e-13
747,1.5534084485213315e-11,4.3848411215714858e-12,4.7194571843045356e-12,3.3846961851701551e-12,1.7942741913325966e-12,7.3271756889141663e-13,3.1688509248774129e-13,2.0121314145538811e-13
748,1.5094624516427484e-11,4.2605391887690104e-12,4.5856756248127569e-12,3.2887816000630957e-12,1.7435140914459949e-12,7.1215032840001618e-13,3.0818829595791706e-13,1.9577538697869165e-13
749,1.4667596890490633e-11,4.1397609963056319e-12,4.4556863632615271e-12,3.1955850279073755e-12,1.6941899971336498e-12,6.9216035119259972e-13,2.9972992077129224e-13,1.9048423391855555e-13
750,1.4252649895848371e-11,4.0224066519045439e-12,4.3293818991125472e-12,3.1050294457258005e-12,1.6462612837314274e-12,6.7273143672920391e-13,2.9150343823114278e-13,1.8533574041370560e-13
751,1.3849441770882457e-11,3.9083790950846778e-12,4.2066577791668768e-12,3.0170400132258250e-12,1.5996884758488216e-12,6.5384783908283247e-13,2.8350249819372051e-13,1.8032607027970343e-13
752,1.3457640422426638e-11,3.7975840168831791e-12,4.0874125111810000e-12,2.9315440109461446e-12,1.5544332148559502e-12,6.3549425418358892e-13,2.7572092419154676e-13,1.7545149018522855e-13
753,1.3076923152245693e-11,3.6899297818536620e-12,3.9715474799316445e-12,2.8484707801561184e-12,1.5104582272903452e-12,6.1765580742068354e-13,2.6815270868970951e-13,1.7070836690353093e-13
754,1.2706976391252413e-11,3.5853273522757117e-12,3.8589668656599683e-12,2.7677516644583379e-12,1.4677272941575156e-12,6.0031804159227947e-13,2.6079200847154100e-13,1.6609316463706065e-13
755,1.2347495441243574e-11,3.4836902145129527e-12,3.7495775648276286e-12,2.6893199530460870e-12,1.4262052211000014e-12,5.8346690519341669e-13,2.5363314015015243e-13,1.6160244241333483e-13
756,1.1998184223942207e-11,3.3849343074587731e-12,3.6432891131192229e-12,2.6131108255687869e-12,1.3858578094103425e-12,5.6708874103253109e-13,2.4667057580239930e-13,1.5723285155015293e-13
757,1.1658755037139516e-11,3.2889779530105251e-12,3.5400136106274162e-12,2.5390612985598634e-12,1.3466518278640959e-12,5.5117027516735193e-13,2.3989893872194227e-13,1.5298113318832171e-13
758,1.1328928317735484e-11,3.1957417885146870e-12,3.4396656491588703e-12,2.4671101733827610e-12,1.3085549853496943e-12,5.3569860615121435e-13,2.3331299928815939e-13,1.4884411589009834e-13
759,1.1008432411483142e-11,3.1051487011271297e-12,3.3421622416008699e-12,2.3971979856520789e-12,1.2715359042726121e-12,5.2066119458108307e-13,2.2690767094775594e-13,1.4481871330160980e-13
760,1.0697003349246719e-11,3.0171237640341811e-12,3.2474227532902226e-12,2.3292669560880215e-12,1.2355640947119236e-12,5.0604585293882002e-13,2.2067800630600060e-13,1.4090192187755006e-13
761,1.0394384629589529e-11,2.9315941744817362e-12,3.1553688353276761e-12,2.2632609427635642e-12,1.2006099293079771e-12,4.9184073571747150e-13,2.1461919332460231e-13,1.3709081866650332e-13
762,1.0100327007512384e-11,2.8484891935611737e-12,3.0659243597826927e-12,2.1991253947048363e-12,1.1666446188604959e-12,4.7803432982457738e-13,2.0872655162332296e-13,1.3338255915528466e-13
763,9.8145882891686583e-12,2.7677400877022583e-12,2.9790153567350121e-12,2.1368073068064101e-12,1.1336401886170116e-12,4.6461544525473210e-13,2.0299552888250038e-13,1.2977437517073105e-13
764,9.5369331323868420e-12,2.6892800718246435e-12,2.8945699531009129e-12,2.0762551760241977e-12,1.1015694552320965e-12,4.5157320602384355e-13,1.9742169734373110e-13,1.2626357283741869e-13
765,9.2671328528363683e-12,2.6130442541009575e-12,2.8125183131936015e-12,2.0174189588097763e-12,1.0704060043784239e-12,4.3889704135774791e-13,1.9200075040604021e-13,1.2284753058982131e-13
766,9.0049652356769442e-12,2.5389695822857876e-12,2.7327925809685508e-12,1.9602500297509497e-12,1.0401241689912084e-12,4.2657667712804540e-13,1.8672849931493549e-13,1.1952369723746482e-13
767,8.7502143525363892e-12,2.4669947915661599e-12,2.6553268239060411e-12,1.9047011413843662e-12,1.0106990081281152e-12,4.1460212752822063e-13,1.8160086994181580e-13,1.1628959008167034e-13
768,8.5026703836661733e-12,2.3970603538903993e-12,2.5800569784844823e-12,1.8507263851469774e-12,9.8210628642722189e-13,4.0296368698330710e-13,1.7661389965127102e-13,1.1314279308251588e-13
769,8.2621294451281555e-12,2.3291084287334424e-12,2.5069207971994238e-12,1.7982811534340655e-12,9.5432245414611632e-13,3.9165192228654422e-13,1.7176373425387906e-13,1.1008095507468329e-13
770,8.0283934208702308e-12,2.2630828152578954e-12,2.4358577970844412e-12,1.7473221027324856e-12,9.2732462776568885e-13,3.8065766495665784e-13,1.6704662504217006e-13,1.0710178803089130e-13
771,7.8012697995525787e-12,2.1989289058312602e-12,2.3668092096913196e-12,1.6978071177986399e-12,9.0109057114264383e-13,3.6997200380957555e-13,1.6245892590749062e-13,1.0420306537165102e-13
772,7.5805715159900975e-12,2.1365936408608865e-12,2.2997179324881678e-12,1.6496952768515960e-12,8.7559867719520807e-13,3.5958627773856111e-13,1.5799709053556465e-13,1.0138262032011261e-13
773,7.3661167970804130e-12,2.0760254649092918e-12,2.2345284816352730e-12,1.6029468177525651e-12,8.5082795010695212e-13,3.4949206869692003e-13,1.5365766967860418e-13,9.8638344300805542e-14
774,7.1577290120906327e-12,2.0171742840535577e-12,2.1711869460996273e-12,1.5575231051427994e-12,8.2675798803406419e-13,3.3968119487759379e-13,1.4943730850188545e-13,9.5968185381105366e-14
775,6.9552365271794725e-12,1.9599914244535269e-12,2.1096409430701967e-12,1.5133865985127409e-12,8.0336896630183786e-13,3.3014570408411951e-13,1.4533274400275941e-13,9.3370146754291729e-14
776,6.7584725640349575e-12,1.9044295920945391e-12,2.0498395746370457e-12,1.4705008211760401e-12,7.8064162107653172e-13,3.2087786728758544e-13,1.4134080250012262e-13,9.0842285263091934e-14
777,6.5672750625112694e-12,1.8504428336714066e-12,1.9917333856984931e-12,1.4288303301227916e-12,7.5855723349915141e-13,3.1187017236436423e-13,1.3745839719242812e-13,8.8382709962633643e-14
778,6.3814865471516215e-12,1.7979864985812745e-12,1.9352743230614955e-12,1.3883406867270810e-12,7.3709761426809048e-13,3.0311531800955385e-13,1.3368252578236691e-13,8.5989580721758902e-14
779,6.2009539974871796e-12,1.7470172019939332e-12,1.8804156957014163e-12,1.3489984282846257e-12,7.1624508865792593e-13,2.9460620782119416e-13,1.3001026816640391e-13,8.3661106861679592e-14
780,6.0255287220052537e-12,1.6974927889690409e-12,1.8271121361483391e-12,1.3107710403569898e-12,6.9598248196203494e-13,2.8633594455046996e-13,1.2643878418739870e-13,8.1395545830980814e-14
781,5.8550662356829292e-12,1.6493722995905692e-12,1.7753195629679632e-12,1.2736269298995161e-12,6.7629310534703948e-13,2.7829782451324293e-13,1.2296531144859213e-13,7.9191201916005877e-14
782,5.6894261409852711e-12,1.6026159350896457e-12,1.7249951443060773e-12,1.2375353991507654e-12,6.5716074210742986e-13,2.7048533215838676e-13,1.1958716318728561e-13,7.7046424985681219e-14
783,5.5284720122301078e-12,1.5571850249277603e-12,1.6760972624664434e-12,1.2024666202618823e-12,6.3856963430904564e-13,2.6289213478852550e-13,1.1630172620658462e-13,7.4959609269865483e-14
784,5.3720712832241213e-12,1.5130419948131273e-12,1.6285854794928063e-12,1.1683916106449196e-12,6.2050446981041312e-13,2.5551207742890018e-13,1.1310645886362400e-13,7.2929192170330183e-14
785,5.2200951380777424e-12,1.4701503356237322e-12,1.5824205037265649e-12,1.1352822090197495e-12,6.0295036965124890e-13,2.4833917784020779e-13,1.0999888911273461e-13,7.0953653103504314e-14
786,5.0724184051088745e-12,1.4284745732113700e-12,1.5375641573124363e-12,1.1031110521397615e-12,5.8589287579774440e-13,2.4136762167137281e-13,1.0697661260205275e-13,6.9031512374136813e-14
787,4.9289194537481000e-12,1.3879802390617011e-12,1.4939793446252555e-12,1.0718515521771109e-12,5.6931793923453682e-13,2.3459175774832612e-13,1.0403729082211541e-13,6.7161330079054403e-14
788,4.7894800943604384e-12,1.3486338417860469e-12,1.4516300215917888e-12,1.0414778747488337e-12,5.5321190839355759e-13,2.2800609349497470e-13,1.0117864930502285e-13,6.5341705040213559e-14
789,4.6539854809011467e-12,1.3104028394213608e-12,1.4104811658821862e-12,1.0119649175656576e-12,5.3756151791023038e-13,2.2160529048265451e-13,9.8398475872790284e-14,6.3571273766266722e-14
790,4.5223240163254053e-12,1.2732556125154523e-12,1.3704987479464360e-12,9.8328828968587017e-13,5.2235387769775668e-13,2.1538416010446027e-13,9.5694618933546069e-14,6.1848709441883271e-14
791,4.3943872606739546e-12,1.2371614379752100e-12,1.3316497028718504e-12,9.5542429135709456e-13,5.0757646233048979e-13,2.0933765937095036e-13,9.3064985824271977e-14,6.0172720944086694e-14
792,4.2700698417589968e-12,1.2020904636561879e-12,1.2939019030383185e-12,9.2834989442931331e-13,4.9321710072765402e-13,2.0346088682381984e-13,9.0507541198815798e-14,5.8542051884887895e-14
793,4.1492693683768074e-12,1.1680136836725465e-12,1.2572241315487097e-12,9.0204272332295009e-13,4.7926396612891201e-13,1.9774907856423335e-13,8.8020305459941213e-14,5.6955479679514564e-14
794,4.0318863459755494e-12,1.1349029144069181e-12,1.2215860564124543e-12,8.7648103653628562e-13,4.6570556635352328e-13,1.9219760439259947e-13,8.5601353234213672e-14,5.5411814639554744e-14
795,3.9178240947088595e-12,1.1027307712003587e-12,1.1869582054609458e-12,8.5164370867691542e-13,4.5253073433507264e-13,1.8680196405666139e-13,8.3248811888553844e-14,5.3909899090350657e-14
796,3.8069886698077010e-12,1.0714706457031124e-12,1.1533119419740297e-12,8.2751021300240710e-13,4.3972861892397010e-13,1.8155778360486372e-13,8.0960860087321537e-14,5.2448606511996878e-14
797,3.6992887842049044e-12,1.0410966838674412e-12,1.1206194409974107e-12,8.0406060445572182e-13,4.2728867595014965e-13,1.7646081184204225e-13,7.8735726388824568e-14,5.1026840703313761e-14
798,3.5946357333486464e-12,1.0115837645643352e-12,1.0888536663313989e-12,7.8127550318138147e-13,4.1520065953860431e-13,1.7150691688456618e-13,7.6571687880176693e-14,4.9643534968183831e-14
799,3.4929433221429846e-12,9.8290747880640271e-13,1.0579883481719632e-12,7.5913607850875899e-13,4.0345461367060506e-13,1.6669208281214153e-13,7.4467068849458292e-14,4.8297651323654988e-14
800,3.3941277939552276e-12,9.5504410955976580e-13,1.0279979613856008e-12,7.3762403338925037e-13,3.9204086398365360e-13,1.6201240641356463e-13,7.2420239494162095e-14,4.6988179729230622e-14
801,3.2981077616316969e-12,9.2797061212825631e-13,9.9885770440005068e-13,7.1672158927447135e-13,3.8095000980341389e-13,1.5746409402378957e-13,7.0429614664933422e-14,4.5714137336781307e-14
802,3.2048041404650550e-12,9.0166459509369537e-13,9.7054347869340224e-13,6.9641147142297689e-13,3.7017291640106202e-13,1.5304345844974714e-13,6.8493652643642195e-14,4.4474567760528849e-14
803,3.1141400830579993e-12,8.7610430179648688e-13,9.4303186886463291e-13,6.7667689462336189e-13,3.5970070746967516e-13,1.4874691598242549e-13,6.6610853954849506e-14,4.3268540366566881e-14
804,3.0260409160296459e-12,8.5126859234120798e-13,9.1630012326908470e-13,6.5750154932194218e-13,3.4952475781346388e-13,1.4457098349279251e-13,6.4779760209757492e-14,4.2095149581397487e-14
805,2.9404340785125180e-12,8.2713692611231881e-13,8.9032613520287945e-13,6.3886958814355303e-13,3.3963668624382684e-13,1.4051227560920703e-13,6.2998952981755984e-14,4.0953514218976317e-14
806,2.8572490623894301e-12,8.0368934478552350e-13,8.6508842462070043e-13,6.2076561279432118e-13,3.3002834867637583e-13,1.3656750197403287e-13,6.1267052712703378e-14,3.9842776825772744e-14
807,2.7764173542210983e-12,7.8090645582073560e-13,8.4056612037182502e-13,6.0317466133559022e-13,3.2069183142324675e-13,1.3273346457723312e-13,5.9582717649103019e-14,3.8762103043364388e-14
808,2.6978723788166039e-12,7.5876941642299420e-13,8.1673894293971803e-13,5.8608219581847722e-13,3.1161944467517165e-13,1.2900705516478552e-13,5.7944642807359038e-14,3.7710680988098129e-14
809,2.6215494444002602e-12,7.3725991795806381e-13,7.9358718767090968e-13,5.6947409026884607e-13,3.0280371616794209e-13,1.2538525271981849e-13,5.6351558967317724e-14,3.6687720647362388e-14
810,2.5473856893297082e-12,7.1636017080983067e-13,7.7109170847928838e-13,5.5333661901276031e-13,2.9423738502805018e-13,1.2186512101442879e-13,5.4802231693322377e-14,3.5692453292027280e-14
811,2.4753200303213583e-12,6.9605288966696824e-13,7.4923390201233157e-13,5.3765644533277539e-13,2.8591339579243513e-13,1.1844380623019633e-13,5.3295460382030627e-14,3.4724130904621135e-14
812,2.4052931121405403e-12,6.7632127922670443e-13,7.2799569226618093e-13,5.2242061044568570e-13,2.7782489259741300e-13,1.1511853464546971e-13,5.1830077336263381e-14,3.3782025622823529e-14
813,2.3372472587149205e-12,6.5714902030386708e-13,7.0735951563683816e-13,5.0761652279262565e-13,2.6996521353200023e-13,1.1188661038754836e-13,5.0404946864174956e-14,3.2865429197865783e-14
814,2.2711264256309161e-12,6.3852025633371552e-13,6.8730830639511603e-13,4.9323194763266677e-13,2.6232788515098351e-13,1.0874541324794061e-13,4.9018964403052740e-14,3.1973652467441007e-14
815,2.2068761539740016e-12,6.2041958025739958e-13,6.6782548257333561e-13,4.7925499693131408e-13,2.5490661714321402e-13,1.0569239655892793e-13,4.7671055667074154e-14,3.1106024842736390e-14
816,2.1444435254748612e-12,6.0283202177919348e-13,6.4889493225209659e-13,4.6567411953554222e-13,2.4769529715073625e-13,1.0272508512971546e-13,4.6360175818366737e-14,3.0261893809210477e-14
817,2.0837771189244660e-12,5.8574303498496959e-13,6.3050100023577885e-13,4.5247809162725353e-13,2.4068798573448432e-13,9.9841073240496222e-14,4.5085308660734773e-14,2.9440624440748522e-14
818,2.0248269678221704e-12,5.6913848631167131e-13,6.1262847510575675e-13,4.3965600744726688e-13,2.3387891148239805e-13,9.7038022692804846e-14,4.3845465855433918e-14,2.8641598926838516e-14
819,1.9675445192219428e-12,5.5300464285783019e-13,5.9526257664061854e-13,4.2719727028217031e-13,2.2726246625593153e-13,9.4313660914580975e-14,4.2639686158391350e-14,2.7864216112420166e-14
820,1.9118825937428432e-12,5.3732816102546578e-13,5.7838894359298737e-13,4.1509158370659061e-13,2.2083320057103789e-13,9.1665779118407250e-14,4.1467034678285978e-14,2.7107891050068224e-14
821,1.8577953467107984e-12,5.2209607548396773e-13,5.6199362181283603e-13,4.0332894307363889e-13,2.1458581910982595e-13,8.9092230511430204e-14,4.0326602154919007e-14,2.6372054564180724e-14
822,1.8052382303996881e-12,5.0729578844683742e-13,5.4606305270747083e-13,3.9189962724650194e-13,2.0851517635919274e-13,8.6590928555513436e-14,3.9217504257320499e-14,2.5656152826851285e-14
823,1.7541679573406239e-12,4.9291505925241628e-13,5.3058406202864475e-13,3.8079419056434332e-13,2.0261627237283895e-13,8.4159845276214156e-14,3.8138880901053235e-14,2.4959646945113298e-14
824,1.7045424646692153e-12,4.7894199423998548e-13,5.1554384897752191e-13,3.7000345503587644e-13,1.9688424865317752e-13,8.1797009619212674e-14,3.7089895584189198e-14,2.4282012559252156e-14
825,1.6563208794814512e-12,4.6536503691286224e-13,5.0092997561848790e-13,3.5951850275415642e-13,1.9131438414974280e-13,7.9500505852863607e-14,3.6069734741448682e-14,2.3622739451889579e-14
826,1.6094634851696661e-12,4.5217295838035805e-13,4.8673035659304730e-13,3.4933066852632228e-13,1.8590209137080535e-13,7.7268472015574695e-14,3.5077607116006151e-14,2.2981331167552201e-14
827,1.5639316887108631e-12,4.3935484807069236e-13,4.7293324912530471e-13,3.3943153271219807e-13,1.8064291260498882e-13,7.5099098406755263e-14,3.4112743148479896e-14,2.2357304642444126e-14
828,1.5196879888804518e-12,4.2690010470718112e-13,4.5952724331075981e-13,3.2981291426583381e-13,1.7553251624977821e-13,7.2990626120111950e-14,3.3174394382636297e-14,2.1750189844150632e-14
829,1.4766959453652192e-12,4.1479842754023623e-13,4.4650125268038990e-13,3.2046686397423664e-13,1.7056669324389381e-13,7.0941345618103256e-14,3.2261832887351935e-14,2.1159529421007503e-14
830,1.4349201487501002e-12,4.0303980782792472e-13,4.3384450503221326e-13,3.1138565788770257e-13,1.6574135360059435e-13,6.8949595346398393e-14,3.1374350694389431e-14,2.0584878360877527e-14
831,1.3943261913540199e-12,3.9161452055804109e-13,4.2154653352275105e-13,3.0256179093631990e-13,1.6105252303905279e-13,6.7013760387217476e-14,3.0511259251554964e-14,2.0025803659082554e-14
832,1.3548806388907923e-12,3.8051311640484542e-13,4.0959716801102173e-13,2.9398797072736918e-13,1.5649633971103040e-13,6.5132271150462328e-14,2.9671888890817115e-14,1.9481883995246281e-14
833,1.3165510029317353e-12,3.6972641391381603e-13,3.9798652664790844e-13,2.8565711151849176e-13,1.5206905102015390e-13,6.3303602101577593e-14,2.8855588310978387e-14,1.8952709418809412e-14
834,1.2793057141473173e-12,3.5924549190795247e-13,3.8670500770394342e-13,2.7756232836164824e-13,1.4776701053117504e-13,6.1526270525111364e-14,2.8061724074501597e-14,1.8437881042985149e-14
835,1.2431140963057987e-12,3.4906168210934725e-13,3.7574328162875259e-13,2.6969693141302440e-13,1.4358667496666735e-13,5.9798835322973485e-14,2.7289680118104396e-14,1.7937010746929277e-14
836,1.2079463410074565e-12,3.3916656196992530e-13,3.6509228333559083e-13,2.6205442040418453e-13,1.3952460128868676e-13,5.8119895846418175e-14,2.6538857276745798e-14,1.7449720885905000e-14
837,1.1737734831335738e-12,3.2955194770542007e-13,3.5474320470458942e-13,2.5462847926990044e-13,1.3557744386299195e-13,5.6488090760804667e-14,2.5808672820638468e-14,1.6975644009228602e-14
838,1.1405673769899830e-12,3.2020988752682626e-13,3.4468748729851501e-13,2.4741297092821783e-13,1.3174195170348903e-13,5.4902096942215749e-14,2.5098560004931099e-14,1.6514422585787742e-14
839,1.1083006731255060e-12,3.1113265506372927e-13,3.3491681528501547e-13,2.4040193220844517e-13,1.2801496579463109e-13,5.3360628405040758e-14,2.4407967631714348e-14,1.6065708736929681e-14
840,1.0769467958062047e-12,3.0231274297407391e-13,3.2542310855950040e-13,2.3358956892287345e-13,1.2439341648956731e-13,5.1862435259653791e-14,2.3736359624013659e-14,1.5629163976522128e-14
841,1.0464799211268832e-12,2.9374285673508529e-13,3.1619851606296750e-13,2.2697025107815327e-13,1.2087432098189815e-13,5.0406302699342819e-14,2.3083214611441304e-14,1.5204458957994835e-14
842,1.0168749557418188e-12,2.8541590861020783e-13,3.0723540928925018e-13,2.2053850822237272e-13,1.1745478084895526e-13,4.8991050015668950e-14,2.2448025527188903e-14,1.4791273228174878e-14
843,9.8810751619719976e-13,2.7732501178707133e-13,2.9852637597631513e-13,2.1428902492398928e-13,1.1413197966458163e-13,4.7615529641457859e-14,2.1830299216050536e-14,1.4389294987733856e-14
844,9.6015390884825037e-13,2.6946347468163723e-13,2.9006421397639369e-13,2.0821663637887994e-13,1.1090318067944644e-13,4.6278626220648328e-14,2.1229556053174828e-14,1.3998220858069946e-14
845,9.3299111034450332e-13,2.6182479540381256e-13,2.8184192529987805e-13,2.0231632414187932e-13,1.0776572456698417e-13,4.4979255704243926e-14,2.0645329573252766e-14,1.3617755654452411e-14
846,9.0659674866713944e-13,2.5440265637995513e-13,2.7385271032805463e-13,1.9658321197927632e-13,1.0471702723310083e-13,4.3716364471635752e-14,2.0077166109855950e-14,1.3247612165260932e-14
847,8.8094908470278877e-13,2.4719091912782222e-13,2.6608996218989013e-13,1.9101256183884439e-13,1.0175457768784395e-13,4.2488928476583855e-14,1.9524624444647743e-14,1.2887510937156478e-14
848,8.5602699433860294e-13,2.4018361917964062e-13,2.5854726129821989e-13,1.8559976993407126e-13,9.8875935977282892e-14,4.1295952417165823e-14,1.8987275466197472e-14,1.2537180066024817e-14
849,8.3180995106386396e-13,2.3337496114910034e-13,2.5121837004081871e-13,1.8034036293935541e-13,9.6078731173896700e-14,4.0136468929019600e-14,1.8464701838135029e-14,1.2196354993538052e-14
850,8.0827800906379180e-13,2.2675931393818998e-13,2.4409722762196474e-13,1.7522999429302188e-13,9.3360659423813660e-14,3.9009537801227313e-14,1.7956497676390566e-14,1.1864778309183621e-14
851,7.8541178679162937e-13,2.2033120607991141e-13,2.3717794505023016e-13,1.7026444060510368e-13,9.0719482049294589e-14,3.7914245214204279e-14,1.7462268235270849e-14,1.1542199557614305e-14
852,7.6319245100547388e-13,2.1408532121302069e-13,2.3045480026835290e-13,1.6543959816691947e-13,8.8153023704897277e-14,3.6849702998976146e-14,1.6981629602130591e-14,1.1228375051176639e-14
853,7.4160170125670713e-13,2.0801649368505269e-13,2.2392223342116283e-13,1.6075147955956263e-13,8.5659170585802563e-14,3.5815047917243677e-14,1.6514208400403850e-14,1.0923067687478938e-14
854,7.2062175481724959e-13,2.0211970427999259e-13,2.1757484225764806e-13,1.5619621035849878e-13,8.3235868686827534e-14,3.4809440961652050e-14,1.6059641500766727e-14,1.0626046771863887e-14
855,7.0023533203322148e-13,1.9639007606706155e-13,2.1140737766335941e-13,1.5177002593154874e-13,8.0881122110690859e-14,3.3832066675697603e-14,1.5617575740209132e-14,1.0337087844654209e-14
856,6.8042564209295061e-13,1.9082287036718175e-13,2.0541473931945781e-13,1.4746926832760978e-13,7.8592991424137674e-14,3.2882132492720921e-14,1.5187667648799248e-14,1.0055972513043475e-14
857,6.6117636919760421e-13,1.8541348283378615e-13,1.9959197148481545e-13,1.4329038325354424e-13,7.6369592060569616e-14,3.1958868093450854e-14,1.4769583183930290e-14,9.7824882875075392e-15
858,6.4247165912305276e-13,1.8015743964473044e-13,1.9393425889768149e-13,1.3922991713673727e-13,7.4209092767864564e-14,3.1061524781578709e-14,1.4362997471845003e-14,9.5164284226153226e-15
859,6.2429610616190178e-13,1.7505039380215824e-13,1.8843692279352393e-13,1.3528451427089523e-13,7.2109714100107682e-14,3.0189374876856725e-14,1.3967594556238735e-14,9.2575917621210919e-15
860,6.0663474043493064e-13,1.7008812153725900e-13,1.8309541703575356e-13,1.3145091404272671e-13,7.0069726951991393e-14,2.9341711125229099e-14,1.3583067153747563e-14,9.0057825882233130e-15
861,5.8947301556149534e-13,1.6526651881694485e-13,1.7790532435613069e-13,1.2772594823721360e-13,6.8087451134677263e-14,2.8517846125517581e-14,1.3209116416133058e-14,8.7608104748783943e-15
862,5.7279679667873324e-13,1.6058159794955777e-13,1.7286235270174513e-13,1.2410653841924533e-13,6.6161253991946822e-14,2.7717111772197020e-14,1.2845451698980612e-14,8.5224901450605578e-15
863,5.5659234879970549e-13,1.5602948428679881e-13,1.6796233168554867e-13,1.2058969338945196e-13,6.4289549055501548e-14,2.6938858713809455e-14,1.2491790336733031e-14,8.2906413318619578e-15
864,5.4084632550088963e-13,1.5160641301915251e-13,1.6320120913750429e-13,1.1717250671213416e-13,6.2470794738304520e-14,2.6182455826577789e-14,1.2147857423886179e-14,8.0650886433300577e-15
865,5.2554575792970170e-13,1.4730872606215562e-13,1.5857504775350000e-13,1.1385215431324606e-13,6.0703493064887374e-14,2.5447289702792584e-14,1.1813385602178048e-14,7.8456614309419988e-15
866,5.1067804412299796e-13,1.4313286903093483e-13,1.5408002183925634e-13,1.1062589214644674e-13,5.8986188437577094e-14,2.4732764153557408e-14,1.1488114853607281e-14,7.6321936616183458e-15
867,4.9623093862775508e-13,1.3907538830051114e-13,1.4971241414653411e-13,1.0749105392529085e-13,5.7317466437626157e-14,2.4038299725489728e-14,1.1171792299121700e-14,7.4245237931812752e-15
868,4.8219254241538128e-13,1.3513292814943987e-13,1.4546861279902634e-13,1.0444504891968404e-13,5.5695952660258833e-14,2.3363333230985788e-14,1.0864172002821649e-14,7.2224946531647446e-15
869,4.6855129308135533e-13,1.3130222798442370e-13,1.4134510830539203e-13,1.0148535981478266e-13,5.4120311582674091e-14,2.2707317291668845e-14,1.0565014781527284e-14,7.0259533208867064e-15
870,4.5529595532211437e-13,1.2758011964360310e-13,1.3733849065696150e-13,9.8609540630567423e-14,5.2589245464072750e-14,2.2069719894650716e-14,1.0274088019563101e-14,6.8347510126957703e-15
871,4.4241561168135301e-13,1.2396352477629369e-13,1.3344544650771310e-13,9.5815214700372237e-14,5.1101493276802874e-14,2.1450023961247172e-14,9.9911654886167989e-15,6.6487429703071606e-15
872,4.2989965355811015e-13,1.2044945229700422e-13,1.2966275643418923e-13,9.3100072706697257e-14,4.9655829667743114e-14,2.0847726927797562e-14,9.7160271725337699e-15,6.4677883521449858e-15
873,4.1773777246923655e-13,1.1703499591162826e-13,1.2598729227308533e-13,9.0461870772682938e-14,4.8251063949068660e-14,2.0262340338249122e-14,9.4484590969120559e-15,6.2917501276101377e-15
874,4.0591995155904802e-13,1.1371733171376435e-13,1.2241601453431036e-13,8.7898428607667572e-14,4.6886039117568323e-14,1.9693389448175708e-14,9.1882531633664532e-15,6.1204949741952562e-15
875,3.9443645734917138e-13,1.1049371584917634e-13,1.1894596988737943e-13,8.5407627705295952e-14,4.5559630901705294e-14,1.9140412839910123e-14,8.9352069883339503e-15,5.9538931773703089e-15
876,3.8327783172178700e-13,1.0736148224646228e-13,1.1557428871905945e-13,8.2987409592689905e-14,4.4270746835636572e-14,1.8602962048478148e-14,8.6891237462962195e-15,5.7918185331643930e-15
877,3.7243488412966562e-13,1.0431804041205505e-13,1.1229818276024797e-13,8.0635774129233505e-14,4.3018325359428367e-14,1.8080601198031119e-14,8.4498120172982827e-15,5.6341482533713373e-15
878,3.6189868402658465e-13,1.0136087328773068e-13,1.0911494278012335e-13,7.8350777853567209e-14,4.1801334944726569e-14,1.7572906648482484e-14,8.2170856386457542e-15,5.4807628733086386e-15
879,3.5166055351188708e-13,9.8487535168852838e-14,1.0602193634565841e-13,7.6130532377424661e-14,4.0618773245161891e-14,1.7079466652061894e-14,7.9907635606662789e-15,5.3315461620611369e-15
880,3.4171206018312723e-13,9.5695649681631591e-14,1.0301660564464524e-13,7.3973202824984869e-14,3.9469666270790230e-14,1.6599881019508615e-14,7.7706697064239410e-15,5.1863850351426950e-15
881,3.3204501019091430e-13,9.2982907817722914e-14,1.0009646537043076e-13,7.1877006316449572e-14,3.8353067585888079e-14,1.6133760795633643e-14,7.5566328352784168e-15,5.0451694695109110e-15
882,3.2265144149023634e-13,9.0347066024544479e-14,9.7259100666613458e-14,6.9840210494593190e-14,3.7268057529442297e-14,1.5680727943987670e-14,7.3484864101836368e-15,4.9077924208716475e-15
883,3.1352361728270299e-13,8.7785944349727190e-14,9.4502165130001800e-14,6.7861132093066855e-14,3.6213742457692389e-14,1.5240415040379345e-14,7.1460684686235869e-15,4.7741497432118390e-15
884,3.0465401964430817e-13,8.5297424638168615e-14,9.1823378870182788e-14,6.5938135545273755e-14,3.5189254008101167e-14,1.4812464974995429e-14,6.9492214970856633e-15,4.6441401105007111e-15
885,2.9603534333346393e-13,8.2879448780196658e-14,8.9220526624095722e-14,6.4069631632666278e-14,3.4193748384147813e-14,1.4396530662881460e-14,6.7577923089747704e-15,4.5176649405011389e-15
886,2.8766048977420449e-13,8.0530017009394591e-14,8.6691455924052168e-14,6.2254076171347036e-14,3.3226405660354105e-14,1.3992274762548320e-14,6.5716319258738980e-15,4.3946283206344048e-15
887,2.7952256120960720e-13,7.8247186248680104e-14,8.4234075317686924e-14,6.0489968735889169e-14,3.2286429106971552e-14,1.3599369402476629e-14,6.3905954620596245e-15,4.2749369358431895e-15
888,2.7161485502061131e-13,7.6029068503269840e-14,8.1846352638367891e-14,5.8775851419320692e-14,3.1373044533773099e-14,1.3217495915297314e-14,6.2145420121833736e-15,4.1584999983990770e-15
889,2.6393085820555958e-13,7.3873829299200606e-14,7.9526313324634682e-14,5.7110307628248292e-14,3.0485499652409029e-14,1.2846344579432956e-14,6.0433345420317747e-15,4.0452291796022711e-15
890,2.5646424201591316e-13,7.1779686166115784e-14,7.7272038787275857e-14,5.5491960912124637e-14,2.9623063456801862e-14,1.2485614367990520e-14,5.8768397822817828e-15,3.9350385433226952e-15
891,2.4920885674372181e-13,6.9744907163062101e-14,7.5081664822694617e-14,5.3919473825691823e-14,2.8785025621069840e-14,1.2135012704701959e-14,5.7149281251685996e-15,3.8278444813329125e-15
892,2.4215872665655819e-13,6.7767809446077285e-14,7.2953380071250679e-14,5.2391546823660662e-14,2.7970695914483294e-14,1.1794255226714888e-14,5.5574735239865821e-15,3.7235656503847360e-15
893,2.3530804507574123e-13,6.5846757876384343e-14,7.0885424519303390e-14,5.0906917186712358e-14,2.7179403632971818e-14,1.1463065554041129e-14,5.4043533953455879e-15,3.6221229109825918e-15
894,2.2865116959379885e-13,6.3980163668040709e-14,6.8876088043717412e-14,4.9464357977935033e-14,2.6410497046714185e-14,1.1141175065476198e-14,5.2554485241072975e-15,3.5234392678080242e-15
895,2.2218261742722732e-13,6.2166483073924481e-14,6.6923708997627095e-14,4.8062677028832503e-14,2.5663342863355974e-14,1.0828322680808220e-14,5.1106429709280941e-15,3.4274398117509399e-15
896,2.1589706090072175e-13,6.0404216108970341e-14,6.5026672836290070e-14,4.6700715954067415e-14,2.4937325706412762e-14,1.0524254649139679e-14,4.9698239823371440e-15,3.3340516635043453e-15
897,2.0978932305915827e-13,5.8691905309599498e-14,6.3183410781893793e-14,4.5377349194124383e-14,2.4231847608429348e-14,1.0228724343150502e-14,4.8328819032802211e-15,3.2432039186805402e-15
898,2.0385437340371293e-13,5.7028134528317673e-14,6.1392398526210489e-14,4.4091483085101995e-14,2.3546327518477492e-14,9.9414920591357092e-15,4.6997100920617392e-15,3.1548275944078282e-15
899,1.9808732374860618e-13,5.5411527762483937e-14,5.9652154970027969e-14,4.2842054954864868e-14,2.2880200823586614e-14,9.6623248226555767e-15,4.5702048376193226e-15,3.0688555773679060e-15
900,1.9248342419506038e-13,5.3840748016281917e-14,5.7961240998313615e-14,4.1628032244808722e-14,2.2232918883713189e-14,9.3909961996407942e-15,4.4442652790670016e-15,2.9852225732351718e-15
901,1.8703805921915415e-13,5.2314496194952071e-14,5.6318258290098749e-14,4.0448411656512856e-14,2.1603948579865884e-14,9.1272861127994930e-15,4.3217933274449045e-15,2.9038650574802237e-15
902,1.8174674387035129e-13,5.0831510030370358e-14,5.4721848162098914e-14,3.9302218322574456e-14,2.0992771875014330e-14,8.8709806631774255e-15,4.2026935896149915e-15,2.8247212275008386e-15
903,1.7660512007757379e-13,4.9390563037084942e-14,5.3170690445114126e-14,3.8188505000939720e-14,2.0398885387419693e-14,8.6218719567265580e-15,4.0868732942440514e-15,2.7477309560447027e-15
904,1.7160895305977604e-13,4.7990463497947328e-14,5.1663502392279530e-14,3.7106351292065823e-14,1.9821799976035834e-14,8.3797579357416364e-15,3.9742422198167784e-15,2.6728357458891202e-15
905,1.6675412783806421e-13,4.6630053478498920e-14,5.0199037618263846e-14,3.6054862878266876e-14,1.9261040337639429e-14,8.1444422150279729e-15,3.8647126246232952e-15,2.5999786857438682e-15
906,1.6203664584648764e-13,4.5308207869297996e-14,4.8776085068538185e-14,3.5033170784615004e-14,1.8716144615357328e-14,7.9157339226678099e-15,3.7581991786670637e-15,2.5291044073442793e-15
907,1.5745262163871160e-13,4.4023833455395001e-14,4.7393468017862847e-14,3.4040430660785971e-14,1.8186664018268709e-14,7.6934475452560485e-15,3.6546188974405302e-15,2.4601590437024894e-15
908,1.5299827968785772e-13,4.2775868012186387e-14,4.6050043097163993e-14,3.3075822083255614e-14,1.7672162451768647e-14,7.4774027774800650e-15,3.5538910775173542e-15,2.3930901884856793e-15
909,1.4866995127687794e-13,4.1563279426899448e-14,4.4744699347995165e-14,3.2138547877270565e-14,1.7172216158388773e-14,7.2674243759215324e-15,3.4559372339114437e-15,2.3278468564909652e-15
910,1.4446407147689888e-13,4.0385064844981357e-14,4.3476357303801973e-14,3.1227833458032750e-14,1.6686413368779105e-14,7.0633420169619016e-15,3.3606810391543760e-15,2.2643794451874022e-15
911,1.4037717621105026e-13,3.9240249840686572e-14,4.2243968097230038e-14,3.0342926190553299e-14,1.6214353962563621e-14,6.8649901586762475e-15,3.2680482640441241e-15,2.2026396972963622e-15
912,1.3640589940135658e-13,3.8127887611176530e-14,4.1046512592737862e-14,2.9483094767646702e-14,1.5755649138790248e-14,6.6722079066036406e-15,3.1779667200192960e-15,2.1425806643823263e-15
913,1.3254697019634407e-13,3.7047058193465061e-14,3.9883000543797509e-14,2.8647628605551316e-14,1.5309921095703840e-14,6.4848388832851561e-15,3.0903662031143247e-15,2.0841566714268669e-15
914,1.2879721027707837e-13,3.5996867703562077e-14,3.8752469773985875e-14,2.7835837256676544e-14,1.4876802719578376e-14,6.3027311014638556e-15,3.0051784394523041e-15,2.0273232823593400e-15
915,1.2515353123941490e-13,3.4976447597185958e-14,3.7653985381289543e-14,2.7047049838991486e-14,1.4455937282352132e-14,6.1257368408439129e-15,2.9223370322333132e-15,1.9720372665185214e-15
916,1.2161293205030512e-13,3.3984953951433534e-14,3.6586638964965044e-14,2.6280614481583445e-14,1.4046978147816755e-14,5.9537125283090070e-15,2.8417774101772569e-15,1.9182565660200930e-15
917,1.1817249657606450e-13,3.3021566766813237e-14,3.5549547874315143e-14,2.5535897785928019e-14,1.3649588486118270e-14,5.7865186215028986e-15,2.7634367773813474e-15,1.8659402640055801e-15
918,1.1482939118056513e-13,3.2085489289064394e-14,3.4541854478759997e-14,2.4812284302425617e-14,1.3263440996334841e-14,5.6240194956778117e-15,2.6872540645534634e-15,1.8150485537489956e-15
919,1.1158086239137637e-13,3.1175947350201638e-14,3.3562725458599478e-14,2.4109176021771732e-14,1.2888217636902863e-14,5.4660833337189231e-15,2.6131698815836693e-15,1.7655427085980599e-15
920,1.0842423463193003e-13,3.0292188728239494e-14,3.2611351115880078e-14,2.3425991880740627e-14,1.2523609363669286e-14,5.3125820192558001e-15,2.5411264714172156e-15,1.7173850527275252e-15
921,1.0535690801784279e-13,2.9433482525067489e-14,3.1686944704796627e-14,2.2762167281974036e-14,1.2169315875354428e-14,5.1633910327741472e-15,2.4710676651933484e-15,1.6705389326827070e-15
922,1.0237635621558087e-13,2.8599118561961506e-14,3.0788741781074930e-14,2.2117153627377881e-14,1.1825045366215723e-14,5.0183893506436632e-15,2.4029388386152294e-15,1.6249686896919211e-15
923,9.9480124361702960e-14,2.7788406792231011e-14,2.9915999569797357e-14,2.1490417864741561e-14,1.1490514285708555e-14,4.8774593469801571e-15,2.3366868695172166e-15,1.5806396327271103e-15
924,9.6665827040968191e-14,2.7000676730516819e-14,2.9067996351148593e-14,2.0881442047204920e-14,1.1165447104946330e-14,4.7404866982623678e-15,2.2722600965966836e-15,1.5375180122924814e-15
925,9.3931146321643133e-14,2.6235276898267073e-14,2.8244030863573456e-14,2.0289722905209035e-14,1.0849576089767410e-14,4.6073602906261780e-15,2.2096082792784502e-15,1.4955709949215340e-15
926,9.1273829846390395e-14,2.5491574284932979e-14,2.7443421723853387e-14,1.9714771430576821e-14,1.0542641080221974e-14,4.4779721297610746e-15,2.1486825586807725e-15,1.4547666383633753e-15
927,8.8691688977165775e-14,2.4768953824438561e-14,2.6665506863621827e-14,1.9156112472379919e-14,1.0244389276297216e-14,4.3522172533358143e-15,2.0894354196527019e-15,1.4150738674397413e-15
928,8.6182596992596747e-14,2.4066817886491584e-14,2.5909642981852629e-14,1.8613284344257780e-14,9.9545750297043943e-15,4.2299936458823118e-15,2.0318206538534201e-15,1.3764624505546365e-15
929,8.3744487336356695e-14,2.3384585782314728e-14,2.5175205012868642e-14,1.8085838442864385e-14,9.6729596415562113e-15,4.1112021560687454e-15,1.9757933238449971e-15,1.3389029768389882e-15
930,8.1375351915093115e-14,2.2721693284388428e-14,2.4461585609430563e-14,1.7573338877127369e-14,9.3993111657679449e-15,3.9957464162948349e-15,1.9213097281707831e-15,1.3023668339131998e-15
931,7.9073239444507382e-14,2.2077592159808045e-14,2.3768194640478560e-14,1.7075362108013025e-14,9.1334042180203335e-15,3.8835327645440965e-15,1.8683273673923984e-15,1.2668261862509279e-15
932,7.6836253842223941e-14,2.1451749716869459e-14,2.3094458703111262e-14,1.6591496598499606e-14,8.8750197901269416e-15,3.7744701684297447e-15,1.8168049110590471e-15,1.2322539541278726e-15
933,7.4662552666125371e-14,2.0843648364508105e-14,2.2439820648398643e-14,1.6121342473469516e-14,8.6239450696530512e-15,3.6684701513726568e-15,1.7667021655835828e-15,1.1986237931397958e-15
934,7.2550345596866914e-14,2.0252785184227022e-14,2.1803739120636492e-14,1.5664511189239399e-14,8.3799732646375789e-15,3.5654467208515621e-15,1.7179800430004626e-15,1.1659100742744168e-15
935,7.0497892963321108e-14,1.9678671514159972e-14,2.1185688109661636e-14,1.5220625212454973e-14,8.1429034332735787e-15,3.4653162986672975e-15,1.6706005305814044e-15,1.1340878645222363e-15
936,6.8503504309736943e-14,1.9120832544925505e-14,2.0585156515857494e-14,1.4789317708085246e-14,7.9125403184071271e-15,3.3679976531645888e-15,1.6245266612852256e-15,1.1031329080117529e-15
937,6.6565537003434955e-14,1.8578806926937822e-14,2.0001647727490335e-14,1.4370232236258252e-14,7.6886941867182155e-15,3.2734118333564254e-15,1.5797224850189860e-15,1.0730216076549212e-15
938,6.4682394881890155e-14,1.8052146388849572e-14,1.9434679210026711e-14,1.3963022457687752e-14,7.4711806724512361e-15,3.1814821048976191e-15,1.5361530406881855e-15,1.0437310072890802e-15
939,6.2852526938089210e-14,1.7540415366811070e-14,1.8883782107092378e-14,1.3567351847447444e-14,7.2598206255663394e-15,3.0921338878556395e-15,1.4937843290143694e-15,1.0152387743019582e-15
940,6.1074426043078959e-14,1.7043190644239309e-14,1.8348500852742770e-14,1.3182893416856175e-14,7.0544399641865885e-15,3.0052946962282962e-15,1.4525832860991032e-15,9.8752318272671423e-16
941,5.9346627704654057e-14,1.6560061001798766e-14,1.7828392794724282e-14,1.2809329443244237e-14,6.8548695312194016e-15,2.9208940791592112e-15,1.4125177577138339e-15,9.6056309679432922e-16
942,5.7667708861161450e-14,1.6090626877304622e-14,1.7323027828414956e-14,1.2446351207377507e-14,6.6609449550341707e-15,2.8388635638034561e-15,1.3735564742957344e-15,9.3433795493100414e-16
943,5.6036286709428020e-14,1.5634500035267004e-14,1.6831988041141653e-14,1.2093658738322301e-14,6.4725065140813271e-15,2.7591365997970114e-15,1.3356690266301630e-15,9.0882775418855127e-16
944,5.4451017565846391e-14,1.5191303245803033e-14,1.6354867366579780e-14,1.1750960565540225e-14,6.2893990053413206e-15,2.6816485052850458e-15,1.2988258422009038e-15,8.8401303509608709e-16
945,5.2910595759680687e-14,1.4760669972651089e-14,1.5891271248949571e-14,1.1417973478008034e-14,6.1114716164952113e-15,2.6063364144652575e-15,1.2629981621898686e-15,8.5987486692165907e-16
946,5.1413752557680482e-14,1.4342244070029197e-14,1.5440816316731336e-14,1.1094422290163489e-14,5.9385778017115378e-15,2.5331392266037484e-15,1.2281580191084456e-15,8.3639483333273073e-16
947,4.9959255119117729e-14,1.3935679488086949e-14,1.5003130065629820e-14,1.0780039614483743e-14,5.7705751609471901e-15,2.4619975564821054e-15,1.1942782150431616e-15,8.1355501844476019e-16
948,4.8545905480385624e-14,1.3540639986707231e-14,1.4577850550525492e-14,1.0474565640508320e-14,5.6073253226628666e-15,2.3928536862355088e-15,1.1613323004988126e-15,7.9133799324739002e-16
949,4.7172539568323214e-14,1.3156798857421116e-14,1.4164626086157962e-14,1.0177747920124073e-14,5.4486938298565164e-15,2.3256515185428299e-15,1.1292945538226602e-15,7.6972680239805252e-16
950,4.5838026241453119e-14,1.2783838653205917e-14,1.3763114956294083e-14,9.8893411589346288e-15,5.2945500293208933e-15,2.2603365311307664e-15,1.0981399611937617e-15,7.4870495137306567e-16
951,4.4541266358342702e-14,1.2421450925942929e-14,1.3372985131140155e-14,9.6091070135419707e-15,5.1447669640340334e-15,2.1968557325551259e-15,1.0678441971619195e-15,7.2825639396656498e-16
952,4.3281191872321303e-14,1.2069335971317711e-14,1.2993913992764584e-14,9.3368138945725364e-15,4.9992212685939925e-15,2.1351576192234223e-15,1.0383836057211779e-15,7.0836552012787773e-16
953,4.2056764951807984e-14,1.1727202580951934e-14,1.2625588068303867e-14,9.0722367752851147e-15,4.8577930676117605e-15,2.0751921336239269e-15,1.0097351819031898e-15,6.8901714412819315e-16
954,4.0866977125525266e-14,1.1394767801561803e-14,1.2267702770731354e-14,8.8151570056023261e-15,4.7203658769786246e-15,2.0169106237273206e-15,9.8187655387619696e-16,6.7019649304763786e-16
955,3.9710848451894742e-14,1.1071756700943842e-14,1.1919962146974318e-14,8.5653621314120109e-15,4.5868265079267003e-15,1.9602658035280299e-15,9.5478596553574642e-16,6.5188919557409557e-16
956,3.8587426711930615e-14,1.0757902140594508e-14,1.1582078633171089e-14,8.3226457189891833e-15,4.4570649738035802e-15,1.9052117146932535e-15,9.2844225957364429e-16,6.3408127110535250e-16
957,3.7495786624966248e-14,1.0452944554775597e-14,1.1253772816865853e-14,8.0868071843934573e-15,4.3309743994843440e-15,1.8517036892885916e-15,9.0282486101203366e-16,6.1675911914636883e-16
958,3.6435029086567860e-14,1.0156631735842681e-14,1.0934773205944396e-14,7.8576516277009066e-15,4.2084509333462981e-15,1.7996983135500559e-15,8.7791376118981939e-16,5.9990950899370409e-16
959,3.5404280428007723e-14,9.8687186256590596e-15,1.0624816004119798e-14,7.6349896719334451e-15,4.0893936617339621e-15,1.7491533926730852e-15,8.5368950218903632e-16,5.8351956969933517e-16
960,3.4402691696686805e-14,9.5889671129226853e-15,1.0323644892782345e-14,7.4186373065525144e-15,3.9737045258438365e-15,1.7000279165900272e-15,8.3013316168907945e-16,5.6757678030631748e-16
961,3.3429437956914408e-14,9.3171458362384883e-15,1.0031010819033264e-14,7.2084157353878203e-15,3.8612882409605095e-15,1.6522820267083332e-15,8.0722633823705766e-16,5.5206896034893902e-16
962,3.2483717610468693e-14,9.0530299927731746e-15,9.7466717897269886e-15,7.0041512288753737e-15,3.7520522179775787e-15,1.6058769835825037e-15,7.8495113692284595e-16,5.3698426061022347e-16
963,3.1564751736378560e-14,8.7964011523342683e-15,9.4703926713516642e-15,6.8056749804827662e-15,3.6459064871387423e-15,1.5607751354935660e-15,7.6329015544773260e-16,5.2231115412981975e-16
964,3.0671783449383271e-14,8.5470470767196502e-15,9.2019449955823581e-15,6.6128229672029961e-15,3.5427636239362701e-15,1.5169398879106251e-15,7.4222647057585306e-16,5.0803842745551579e-16
965,2.9804077276541098e-14,8.3047615441881550e-15,8.9411067703461747e-15,6.4254358140015684e-15,3.4425386771057979e-15,1.4743356738097077e-15,7.2174362495790718e-16,4.9415517213178459e-16
966,2.8960918551473880e-14,8.0693441789060727e-15,8.6876622962430626e-15,6.2433586621048300e-15,3.3451490986581615e-15,1.4329279248258530e-15,7.0182561431693856e-16,4.8065077641895802e-16
967,2.8141612825748345e-14,7.8406002852284790e-15,8.4414019881704674e-15,6.0664410410206951e-15,3.2505146758906295e-15,1.3926830432150484e-15,6.8245687498623864e-16,4.6751491723679062e-16
968,2.7345485296909546e-14,7.6183406866783581e-15,8.2021222020043225e-15,5.8945367441859882e-15,3.1585574653215431e-15,1.3535683746032839e-15,6.6362227178970541e-16,4.5473755232634757e-16
969,2.6571880252695198e-14,7.4023815694903413e-15,7.9696250661930655e-15,5.7275037081376463e-15,3.0692017284939438e-15,1.3155521815006269e-15,6.4530708625526275e-16,4.4230891262431016e-16
970,2.5820160530973238e-14,7.1925443305896324e-15,7.7437183181253808e-15,5.5652038951079074e-15,2.9823738695953239e-15,1.2786036175588461e-15,6.2749700515218822e-16,4.3021949484395810e-16
971,2.5089706994957818e-14,6.9886554298804492e-15,7.5242151451363734e-15,5.4075031789464635e-15,2.8980023748421203e-15,1.2426927025517090e-15,6.1017810934346325e-16,4.1846005425723588e-16
972,2.4379918023271398e-14,6.7905462467217494e-15,7.3109340300206996e-15,5.2542712342753057e-15,2.8160177535790110e-15,1.2077902980576704e-15,5.9333686294449370e-16,4.0702159767246626e-16
973,2.3690209014433042e-14,6.5980529404715892e-15,7.1036986009248377e-15,5.1053814287846461e-15,2.7363524810445318e-15,1.1738680838252319e-15,5.7696010277978933e-16,3.9589537660241812e-16
974,2.3020011905364769e-14,6.4110163149847589e-15,6.9023374854944498e-15,4.9607107185809063e-15,2.6589409427558422e-15,1.1408985348018114e-15,5.6103502812942309e-16,3.8507288061758006e-16
975,2.2368774703519342e-14,6.2292816869516157e-15,6.7066841691561433e-15,4.8201395465002915e-15,2.5837193804668576e-15,1.1088548988074971e-15,5.4554919075731072e-16,3.7454583087962922e-16
976,2.1735961032244225e-14,6.0526987579692426e-15,6.5165768574164802e-15,4.6835517433039023e-15,2.5106258396552251e-15,1.0777111748355833e-15,5.3049048521357510e-16,3.6430617385022044e-16
977,2.1121049689007213e-14,5.8811214902391252e-15,6.3318583420643360e-15,4.5508344316727415e-15,2.4396001184948964e-15,1.0474420919622910e-15,5.1584713940346803e-16,3.5434607517035214e-16
978,2.0523534216119822e-14,5.7144079857885336e-15,6.1523758711659687e-15,4.4218779329232538e-15,2.3705837182722645e-15,1.0180230888485780e-15,5.0160770541552883e-16,3.4465791370569461e-16
979,1.9942922483605040e-14,5.5524203691157251e-15,5.9779810227452904e-15,4.2965756763663190e-15,2.3035197952050412e-15,9.8943029381741263e-16,4.8776105060186436e-16,3.3523427575338785e-16
980,1.9378736283865654e-14,5.3950246731619034e-15,5.8085295820448590e-15,4.1748241112348019e-15,2.2383531136241647e-15,9.6164050549035859e-16,4.7429634890362159e-16,3.2606794940594230e-16
981,1.8830510937819500e-14,5.2420907285156436e-15,5.6438814222661302e-15,4.0565226211068304e-15,2.1750300004802098e-15,9.3463117396777250e-16,4.6120307241492433e-16,3.1715191906798839e-16
982,1.8297794912177158e-14,5.0934920557581224e-15,5.4839003886902863e-15,3.9415734407541321e-15,2.1134983011368007e-15,9.0838038253735248e-16,4.4847098317872211e-16,3.0847936012173988e-16
983,1.7780149447546849e-14,4.9491057608601515e-15,5.3284541860838697e-15,3.8298815753466566e-15,2.0537073364146399e-15,8.8286682989620352e-16,4.3609012520818269e-16,3.0004363373714435e-16
984,1.7277148197060290e-14,4.8088124335444614e-15,5.1774142692960622e-15,3.7213547219467600e-15,1.9956078608507538e-15,8.5806981287200944e-16,4.2405081672743426e-16,2.9183828182280693e-16
985,1.6788376875221824e-14,4.6724960485292178e-15,5.0306557369571722e-15,3.6159031932280358e-15,1.9391520221385980e-15,8.3396920962929608e-16,4.1234364262563186e-16,2.8385702211387333e-16
986,1.6313432916691636e-14,4.5400438695710589e-15,4.8880572281903922e-15,3.5134398433557640e-15,1.8842933217155917e-15,8.1054546334717208e-16,4.0095944711849007e-16,2.7609374339316842e-16
987,1.5851925144721999e-14,4.4113463562283204e-15,4.7495008222514455e-15,3.4138799959677238e-15,1.8309865764656417e-15,7.8777956635530922e-16,3.8988932661158197e-16,2.6854250084197916e-16
988,1.5403473448973481e-14,4.2862970732673159e-15,4.6148719410130745e-15,3.3171413741958567e-15,1.7791878815051005e-15,7.6565304471529820e-16,3.7912462275986340e-16,2.6119751151697448e-16
989,1.4967708472445736e-14,4.1647926026367525e-15,4.4840592542137880e-15,3.2231440326709251e-15,1.7288545740215082e-15,7.4414794323488167e-16,3.6865691571803206e-16,2.5405314994984564e-16
990,1.4544271307265028e-14,4.0467324579374937e-15,4.3569545873924588e-15,3.1318102914540030e-15,1.6799451981353447e-15,7.2324681090290677e-16,3.5847801757647930e-16,2.4710394386634421e-16
991,1.4132813199078016e-14,3.9320190013169139e-15,4.2334528324326747e-15,3.0430646718401720e-15,1.6324194707558399e-15,7.0293268673319158e-16,3.4857996597773619e-16,2.4034457002148491e-16
992,1.3732995259808102e-14,3.8205573627191156e-15,4.1134518606428351e-15,2.9568338339813834e-15,1.5862382484027241e-15,6.8318908600582273e-16,3.3895501790845620e-16,2.3376985014776679e-16
993,1.3344488188538094e-14,3.7122553614242364e-15,3.9968524383001418e-15,2.8730465162769294e-15,1.5413634949665953e-15,6.6399998689472995e-16,3.2959564366211080e-16,2.2737474701335281e-16
994,1.2966972000288966e-14,3.6070234298119420e-15,3.8835581445886121e-15,2.7916334764814328e-15,1.4977582503813484e-15,6.4534981747069240e-16,3.2049452096771015e-16,2.2115436058722873e-16
995,1.2600135762471547e-14,3.5047745392860607e-15,3.7734752918632697e-15,2.7125274344816939e-15,1.4553866001828556e-15,6.2722344306923782e-16,3.1164452927998471e-16,2.1510392430844478e-16
996,1.2243677338794009e-14,3.4054241282990964e-15,3.6665128481745782e-15,2.6356630166950867e-15,1.4142136459288426e-15,6.0960615401319098e-16,3.0303874422659467e-16,2.0921880145661938e-16
997,1.1897303140414196e-14,3.3088900324170832e-15,3.5625823619890283e-15,2.5609767020435724e-15,1.3742054764555818e-15,5.9248365367991557e-16,2.9467043220805119e-16,2.0349448162096348e-16
998,1.1560727884131878e-14,3.2150924163669590e-15,3.4615978890436352e-15,2.4884067694586662e-15,1.3353291399477351e-15,5.7584204690357356e-16,2.8653304514615373e-16,1.9792657726515475e-16
999,1.1233674357421761e-14,3.1239537080102371e-15,3.3634759212738683e-15,2.4178932468739830e-15,1.2975526167983458e-15,5.5966782870299481e-16,2.7862021537686320e-16,1.9251082038546662e-16
1000,1.0915873190113712e-14,3.0353985341883925e-15,3.2681353177562125e-15,2.3493778616632007e-15,1.2608447932366199e-15,5.4394787332602048e-16,2.7092575068364187e-16,1.8724305925962402e-16
1001,1.0607062632532179e-14,2.9493536583868771e-15,3.1754972376082764e-15,2.2828039924824889e-15,1.2251754357017769e-15,5.2866942360143084e-16,2.6344362946740040e-16,1.8211925528392832e-16
1002,1.0306988339912044e-14,2.8657479201662379e-15,3.0854850747909504e-15,2.2181166224775980e-15,1.1905151659418715e-15,5.1382008058982649e-16,2.5616799604929825e-16,1.7713547989625974e-16
1003,1.0015403162913349e-14,2.7845121763102175e-15,2.9980243947586864e-15,2.1552622938169388e-15,1.1568354368170639e-15,4.9938779352506876e-16,2.4909315610274668e-16,1.7228791158262918e-16
1004,9.7320669440624192e-15,2.7055792436421844e-15,2.9130428729055301e-15,2.0941890635130788e-15,1.1241085087874217e-15,4.8536085003812220e-16,2.4221357221106327e-16,1.6757283296501648e-16
1005,9.4567463199515958e-15,2.6288838434625893e-15,2.8304702347559911e-15,2.0348464604961452e-15,1.0923074270658806e-15,4.7172786665537192e-16,2.3552385954732600e-16,1.6298662796829106e-16
1006,9.1892145290348374e-15,2.5543625475614959e-15,2.7502381978512879e-15,1.9771854439036542e-15,1.0614059994175490e-15,4.5847777956371053e-16,2.2901878167306723e-16,1.5852577906407186e-16
1007,8.9292512248607261e-15,2.4819537257615404e-15,2.6722804152829207e-15,1.9211583625523028e-15,1.0313787745870724e-15,4.4559983563490387e-16,2.2269324645254293e-16,1.5418686458944155e-16
1008,8.6766422945891487e-15,2.4115974949479254e-15,2.5965324208268694e-15,1.8667189155582211e-15,1.0022010213362880e-15,4.3308358370195909e-16,2.1654230207939967e-16,1.4996655613848522e-16
1009,8.4311796826421452e-15,2.3432356695433085e-15,2.5229315756330331e-15,1.8138221140731499e-15,9.7384870807490494e-16,4.2091886608041852e-16,2.1056113321265054e-16,1.4586161602467983e-16
1010,8.1926612193436834e-15,2.2768117133866127e-15,2.4514170164258535e-15,1.7624242441049107e-15,9.4629848306743247e-16,4.0909581032770465e-16,2.0474505721895568e-16,1.4186889481221364e-16
1011,7.9608904544072182e-15,2.2122706929759654e-15,2.3819296051732568e-15,1.7124828303914526e-15,9.1952765520005907e-16,3.9760482123383181e-16,1.9908952051828579e-16,1.3798532891436677e-16
1012,7.7356764951338998e-15,2.1495592320370983e-15,2.3144118801823082e-15,1.6639566012986092e-15,8.9351417529163126e-16,3.8643657303699142e-16,1.9359009503012624e-16,1.3420793825713464e-16
1013,7.5168338491881576e-15,2.0886254673796323e-15,2.2488080085811279e-15,1.6168054547125690e-15,8.6823661793335117e-16,3.7558200185769472e-16,1.8824247471745924e-16,1.3053382400632519e-16
1014,7.3041822718211886e-15,2.0294190060047330e-15,2.1850637401477862e-15,1.5709904248988576e-15,8.4367416384222691e-16,3.6503229834534050e-16,1.8304247222583495e-16,1.2696016635640887e-16
1015,7.0975466174164546e-15,1.9718908834286735e-15,2.1231263624479743e-15,1.5264736503004525e-15,8.1980658271374583e-16,3.5477890053124148e-16,1.7798601561491938e-16,1.2348422237944661e-16
1016,6.8967566952350240e-15,1.9159935231878271e-15,2.0629446572443758e-15,1.4832183422484188e-15,7.9661421655964592e-16,3.4481348688231495e-16,1.7306914517997487e-16,1.2010332393246665e-16
1017,6.7016471292418424e-15,1.8616806974916063e-15,2.0044688581416652e-15,1.4411887545591980e-15,7.7407796351706211e-16,3.3512796954980300e-16,1.6828801036080295e-16,1.1681487562170508e-16
1018,6.5120572218975379e-15,1.8089074889907961e-15,1.9476506094321352e-15,1.4003501539934331e-15,7.5217926211571416e-16,3.2571448780754817e-16,1.6363886673574336e-16,1.1361635282216744e-16
1019,6.3278308218035592e-15,1.7576302536296765e-15,1.8924429261078892e-15,1.3606687915519139e-15,7.3090007599017435e-16,3.1656540167450185e-16,1.5911807309839223e-16,1.1050529975101137e-16
1020,6.1488161950916494e-15,1.7078065845511970e-15,1.8388001550065584e-15,1.3221118745849181e-15,7.1022287902462793e-16,3.0767328571629372e-16,1.5472208861476419e-16,1.0747932759329011e-16
1021,5.9748659004517001e-15,1.6593952770253611e-15,1.7866779370583926e-15,1.2846475396919008e-15,6.9013064091788691e-16,2.9903092302083504e-16,1.5044747005868765e-16,1.0453611267863627e-16
1022,5.8058366676950907e-15,1.6123562943718097e-15,1.7360331706035148e-15,1.2482448263891378e-15,6.7060681315677201e-16,2.9063129934307052e-16,1.4629086912328116e-16,1.0167339470750444e-16
1023,5.6415892797534616e-15,1.5666507348484251e-15,1.6868239757489997e-15,1.2128736515235539e-15,6.5163531538630738e-16,2.8246759741412807e-16,1.4224902980642048e-16,9.8888975025627542e-17
1024,5.4819884580157648e-15,1.5222407994785644e-15,1.6390096597363010e-15,1.1785047844116015e-15,6.3320052216550367e-16,2.7453319141025420e-16,1.3831878586816062e-16,9.6180714945379048e-17
1025,5.3269027509091095e-15,1.4790897607903169e-15,1.5925506832903926e-15,1.1451098226826316e-15,6.1528725009781933e-16,2.6682164157704528e-16,1.3449705835813475e-16,9.3546534112768689e-17
1026,5.1762044256316882e-15,1.4371619324419366e-15,1.5474086279227840e-15,1.1126611688068055e-15,5.9788074532570452e-16,2.5932668900461834e-16,1.3078085321100644e-16,9.0984408918832710e-17
1027,5.0297693629485654e-15,1.3964226397083205e-15,1.5035461641613865e-15,1.0811320072881397e-15,5.8096667137892133e-16,2.5204225054948110e-16,1.2716725890810277e-16,8.8492370954214485e-17
1028,4.8874769549637069e-15,1.3568381908041290e-15,1.4609270206809426e-15,1.0504962825038401e-15,5.6453109736663826e-16,2.4496241389898432e-16,1.2365344420340946e-16,8.6068505505763215e-17
1029,4.7492100057840312e-15,1.3183758490198294e-15,1.4195159543085001e-15,1.0207286771716118e-15,5.4856048650357006e-16,2.3808143277435276e-16,1.2023665591215734e-16,8.3710950094010598e-17
1030,4.6148546349937021e-15,1.2810038056476201e-15,1.3792787208791222e-15,9.9180459142714702e-16,5.3304168496071352e-16,2.3139372226840407e-16,1.1691421676027955e-16,8.1417893050415454e-17
1031,4.4843001838591082e-15,1.2446911536748400e-15,1.3401820469177351e-15,9.6370012249450089e-16,5.1796191103149647e-16,2.2489385431417438e-16,1.1368352329306456e-16,7.9187572133297618e-17
1032,4.3574391241873394e-15,1.2094078622231117e-15,1.3021936021236896e-15,9.3639204493255579e-16,5.0330874460441684e-16,2.1857655328077567e-16,1.1054204384137846e-16,7.7018273181410378e-17
1033,4.2341669697630298e-15,1.1751247517120741e-15,1.2652819726352920e-15,9.0985779144124745e-16,4.8907011693350208e-16,2.1243669169291238e-16,1.0748731654387128e-16,7.4908328804130130e-17
1034,4.1143821902906858e-15,1.1418134697271672e-15,1.2294166350521835e-15,8.8407543421169169e-16,4.7523430069816088e-16,2.0646928607058528e-16,1.0451694742362965e-16,7.2856117107268789e-17
1035,3.9979861277715745e-15,1.1094464675715082e-15,1.1945679311940948e-15,8.5902366680479772e-16,4.6178990034424487e-16,2.0066949288560915e-16,1.0162860851777674e-16,7.0860060453542384e-17
1036,3.8848829152463009e-15,1.0779969774824677e-15,1.1607070435750977e-15,8.3468178654339350e-16,4.4872584269835893e-16,1.9503260463166379e-16,9.8820036058563934e-17,6.8918624256754528e-17
1037,3.7749793978361938e-15,1.0474389904941035e-15,1.1278059715730739e-15,8.1102967740331203e-16,4.3603136784769612e-16,1.8955404600469113e-16,9.6089028704537886e-17,6.7030315808779428e-17
1038,3.6681850560184102e-15,1.0177472349271421e-15,1.0958375082746911e-15,7.8804779338929597e-16,4.2369602027788053e-16,1.8422937019054078e-16,9.3433445820405461e-17,6.5193683138454006e-17
1039,3.5644119310715921e-15,9.8889715548872011e-16,1.0647752179767424e-15,7.6571714238198707e-16,4.1170964026152150e-16,1.7905425525685209e-16,9.0851205804256837e-17,6.3407313901512577e-17
1040,3.4635745526306823e-15,9.6086489296459894e-16,1.0345934143252386e-15,7.4401927044264557e-16,4.0006235549038651e-16,1.7402450064624703e-16,8.8340284460844603e-17,6.1669834300720936e-17
1041,3.3655898682912018e-15,9.3362726448705606e-16,1.0052671390741820e-15,7.2293624656263401e-16,3.8874457294429962e-16,1.6913602376798904e-16,8.5898713419651490e-17,5.9979908035390067e-17
1042,3.2703771752050405e-15,9.0716174436213774e-16,9.7677214144644658e-16,7.0245064784505771e-16,3.7774697099006942e-16,1.6438485668534335e-16,8.3524578596514564e-17,5.8336235279471296e-17
1043,3.1778580536113917e-15,8.8144644544041247e-16,9.4908485807970523e-16,6.8254554510631817e-16,3.6706049170393892e-16,1.5976714289595202e-16,8.1216018697608265e-17,5.6737551687456660e-17
1044,3.0879563022481124e-15,8.5646010101582102e-16,9.2218239354081725e-16,6.6320448888567953e-16,3.5667633341123303e-16,1.5527913420261187e-16,7.8971223764620150e-17,5.5182627427329319e-17
1045,3.0005978755902895e-15,8.3218204723764978e-16,8.9604250139255900e-16,6.4441149585128591e-16,3.4658594343706082e-16,1.5091718767191762e-16,7.6788433759986890e-17,5.3670266239829309e-17
1046,2.9157108228643370e-15,8.0859220602108527e-16,8.7064356579704813e-16,6.2615103559139427e-16,3.3678101106209933e-16,1.4667776267830281e-16,7.4665937191087621e-17,5.2199304523319598e-17
1047,2.8332252287873813e-15,7.8567106844221183e-16,8.4596458364063815e-16,6.0840801777990956e-16,3.2725346067766003e-16,1.4255741803108119e-16,7.2602069772323497e-17,5.0768610443557179e-17
1048,2.7530731559831370e-15,7.6339967860372389e-16,8.2198514716551169e-16,5.9116777970561260e-16,3.1799544513439766e-16,1.3855280918215801e-16,7.0595213124040760e-17,4.9377083067692561e-17
1049,2.6751885890268362e-15,7.4175961795800585e-16,7.9868542709360154e-16,5.7441607415477488e-16,3.0899933927918497e-16,1.3466068551214638e-16,6.8643793507283436e-17,4.8023651521839333e-17
1050,2.5995073800731325e-15,7.2073299007461582e-16,7.7604615622888777e-16,5.5813905763714880e-16,3.0025773367482963e-16,1.3087788769268717e-16,6.6746280593390163e-17,4.6707274171573427e-17
1051,2.5259671960221922e-15,7.0030240583957453e-16,7.5404861352450879e-16,5.4232327894559984e-16,2.9176342849746029e-16,1.2720134512283344e-16,6.4901186267476351e-17,4.5426937824739068e-17
1052,2.4545074671804594e-15,6.8045096907422032e-16,7.3267460860151270e-16,5.2695566803992735e-16,2.8350942760655568e-16,1.2362807343741895e-16,6.3107063464868891e-17,4.4181656955955348e-17
1053,2.3850693373738103e-15,6.6116226256173356e-16,7.1190646670644341e-16,5.1202352524568801e-16,2.7548893278273397e-16,1.2015517208539092e-16,6.1362505039587239e-17,4.2970472952233496e-17
1054,2.3175956154720126e-15,6.4242033446977733e-16,6.9172701409532539e-16,4.9751451075909516e-16,2.6769533812855396e-16,1.1677982197614134e-16,5.9666142663988512e-17,4.1792453379131404e-17
1055,2.2520307282845528e-15,6.2420968515802323e-16,6.7211956383195727e-16,4.8341663444931867e-16,2.6012222462771876e-16,1.1349928319192859e-16,5.8016645758719422e-17,4.0646691266887117e-17
1056,2.1883206747890479e-15,6.0651525435965124e-16,6.5306790198877224e-16,4.6971824594976259e-16,2.5276335485819942e-16,1.1031089276453345e-16,5.6412720452140698e-17,3.9532304415988205e-17
1057,2.1264129816545372e-15,5.8932240872622525e-16,6.3455627423885314e-16,4.5640802503012523e-16,2.4561266785492486e-16,1.0721206251434575e-16,5.4853108568413231e-17,3.8448434721649055e-17
1058,2.0662566600230186e-15,5.7261692972563939e-16,6.1656937282801388e-16,4.4347497224129127e-16,2.3866427411780629e-16,1.0420027695012928e-16,5.3336586643456918e-17,3.7394247516681778e-17
1059,2.0078021635136453e-15,5.5638500188312987e-16,5.9909232391617376e-16,4.3090839982532029e-16,2.3191245076098479e-16,1.0127309122776069e-16,5.1861964968015151e-17,3.6368930932260985e-17
1060,1.9510013474149755e-15,5.4061320135562546e-16,5.8211067527755912e-16,4.1869792288302146e-16,2.2535163679930732e-16,9.8428129166287060e-17,5.0428086657079172e-17,3.5371695276095861e-17
1061,1.8958074290316803e-15,5.2528848482998655e-16,5.6561038434955585e-16,4.0683345079181451e-16,2.1897642856814798e-16,9.5663081319692408e-17,4.9033826744946437e-17,3.4401772427536448e-17
1062,1.8421749491530474e-15,5.1039817873595414e-16,5.4957780662033425e-16,3.9530517886678498e-16,2.1278157527280318e-16,9.2975703102809263e-17,4.7678091305207855e-17,3.3458415249153552e-17
1063,1.7900597346115383e-15,4.9592996876488389e-16,5.3399968434564122e-16,3.8410358025804204e-16,2.0676197466379438e-16,9.0363812969854806e-17,4.6359816594977359e-17,3.2540897014344587e-17
1064,1.7394188619005686e-15,4.8187188968559932e-16,5.1886313558542950e-16,3.7321939807768224e-16,2.0091266883451699e-16,8.7825290644114074e-17,4.5077968222696953e-17,3.1648510850529481e-17
1065,1.6902106218215402e-15,4.6821231544894118e-16,5.0415564355125723e-16,3.6264363774985305e-16,1.9522884013777355e-16,8.5358075397334296e-17,4.3831540338867924e-17,3.0780569197512786e-17
1066,1.6423944851310127e-15,4.5493994957282774e-16,4.8986504625564974e-16,3.5236755957759554e-16,1.8970580721782869e-16,8.2960164377434219e-17,4.2619554849077489e-17,2.9936403280599510e-17
1067,1.5959310691597196e-15,4.4204381579987630e-16,4.7597952645486312e-16,3.4238267152032007e-16,1.8433902115471747e-16,8.0629610983172322e-17,4.1441060648706905e-17,2.9115362598063609e-17
1068,1.5507821053759286e-15,4.2951324901985784e-16,4.6248760187673213e-16,3.3268072217594958e-16,1.7912406171763107e-16,7.8364523284454961e-17,4.0295132878724353e-17,2.8316814422578646e-17
1069,1.5069104078664405e-15,4.1733788644947736e-16,4.4937811572552293e-16,3.2325369396192887e-16,1.7405663372429485e-16,7.6163062487003213e-17,3.9180872201982075e-17,2.7540143316231016e-17
1070,1.4642798427092610e-15,4.0550765906218676e-16,4.3664022745593807e-16,3.1409379648946430e-16,1.6913256350333950e-16,7.4023441440132860e-17,3.8097404099453441e-17,2.6784750658746227e-17
1071,1.4228552982127219e-15,3.9401278326094096e-16,4.2426340380864234e-16,3.0519346012552015e-16,1.6434779545675175e-16,7.1943923186436993e-17,3.7043878185860833e-17,2.6050054188568923e-17
1072,1.3826026559965358e-15,3.8284375278701115e-16,4.1223741009989956e-16,2.9654532973724898e-16,1.5969838871957376e-16,6.9922819552194622e-17,3.6019467544160638e-17,2.5335487556446977e-17
1073,1.3434887628909720e-15,3.7199133085816289e-16,4.0055230175811448e-16,2.8814225861368732e-16,1.5518051391409980e-16,6.7958489777361808e-17,3.5023368078366171e-17,2.4640499891179511e-17
1074,1.3054814036310061e-15,3.6144654252969812e-16,3.8919841610028197e-16,2.7997730255969390e-16,1.5079044999589642e-16,6.6049339184033961e-17,3.4054797884203640e-17,2.3964555377197976e-17
1075,1.2685492743229509e-15,3.5120066727204212e-16,3.7816636434154343e-16,2.7204371415724846e-16,1.4652458118904950e-16,6.4193817882298984e-17,3.3112996637110156e-17,2.3307132843658328e-17
1076,1.2326619566617209e-15,3.4124523175873792e-16,3.6744702383124190e-16,2.6433493718936920e-16,1.4237939400811272e-16,6.2390419512431477e-17,3.2197224997096349e-17,2.2667725364731214e-17
1077,1.1977898928774874e-15,3.3157200285888311e-16,3.5703153050905552e-16,2.5684460122204105e-16,1.3835147436430568e-16,6.0637680022407516e-17,3.1306764030009199e-17,2.2045839870785338e-17
1078,1.1639043613910993e-15,3.2217298082821380e-16,3.4691127157497186e-16,2.4956651633967625e-16,1.3443750475357746e-16,5.8934176479748371e-17,3.0440914644743600e-17,2.1440996770167808e-17
1079,1.1309774531582072e-15,3.1304039269320430e-16,3.3707787836704001e-16,2.4249466802975724e-16,1.3063426152422024e-16,5.7278525916729056e-17,2.9598997045963345e-17,2.0852729581292985e-17
1080,1.0989820486826179e-15,3.0416668582271080e-16,3.2752321944101179e-16,2.3562321221243430e-16,1.2693861222178217e-16,5.5669384208015082e-17,2.8780350201904679e-17,2.0280584574759370e-17
1081,1.0678917956799413e-15,2.9554452168184375e-16,3.1823939384614936e-16,2.2894647041097020e-16,1.2334751300909279e-16,5.4105444979816735e-17,2.7984331326846913e-17,1.9724120425221608e-17
1082,1.0376810873731300e-15,2.8716676976290187e-16,3.0921872459163719e-16,2.2245892505904058e-16,1.1985800615927602e-16,5.2585438549675900e-17,2.7210315377846339e-17,1.9182907872752211e-17
1083,1.0083250414020459e-15,2.7902650168834876e-16,3.0045375229819799e-16,2.1615521494101255e-16,1.1646721761968591e-16,5.1108130896025370e-17,2.6457694565340589e-17,1.8656529393434619e-17
1084,9.7979947932966856e-16,2.7111698548095588e-16,2.9193722902965974e-16,2.1003013076143163e-16,1.1317235464475882e-16,4.9672322656684541e-17,2.5725877877241541e-17,1.8144578878936436e-17
1085,9.5208090672808118e-16,2.6343167999637224e-16,2.8366211229937529e-16,2.0407861084005848e-16,1.0997070349583239e-16,4.8276848155479200e-17,2.5014290616145196e-17,1.7646661324818380e-17
1086,9.2514649382781846e-16,2.5596422951351722e-16,2.7562155924653671e-16,1.9829573692889415e-16,1.0685962720603652e-16,4.6920574456195340e-17,2.4322373949297444e-17,1.7162392527341178e-17
1087,8.9897405671465066e-16,2.4870845847832151e-16,2.6780892097756960e-16,1.9267673014774046e-16,1.0383656340841585e-16,4.5602400443099932e-17,2.3649584470964258e-17,1.6691398788539101e-17
1088,8.7354203905830688e-16,2.4165836639647028e-16,2.6021773706792617e-16,1.8721694703493356e-16,1.0089902222549480e-16,4.4321255927282236e-17,2.2995393776864820e-17,1.6233316629335027e-17
1089,8.4882949435809739e-16,2.3480812287092403e-16,2.5284173021973283e-16,1.8191187570998942e-16,9.8044584218546695e-17,4.3076100778090959e-17,2.2359288050335224e-17,1.5787792510478251e-17
1090,8.2481606869080593e-16,2.2815206278011296e-16,2.4567480107087215e-16,1.7675713214498837e-16,9.5270898394878465e-17,4.1865924078962396e-17,2.1740767659899779e-17,1.5354482561091915e-17
1091,8.0148198394664626e-16,2.2168468159281822e-16,2.3871102315120823e-16,1.7174845654161771e-16,9.2575680271488952e-17,4.0689743306954649e-17,2.1139346767935598e-17,1.4933052314623005e-17
1092,7.7880802153947240e-16,2.1540063081586282e-16,2.3194463798178263e-16,1.6688170981087918e-16,8.9956709993506984e-17,3.9546603535322491e-17,2.0554552950125064e-17,1.4523176451993293e-17
1093,7.5677550657782995e-16,2.0929471357085051e-16,2.2537005031293086e-16,1.6215287015255060e-16,8.7411830505858266e-17,3.8435576658485548e-17,1.9985926825398866e-17,1.4124538551755176e-17
1094,7.3536629248380728e-16,2.0336188029629216e-16,2.1898182349737888e-16,1.5755802973157612e-16,8.4938945776656400e-17,3.7355760638761312e-17,1.9433021696080763e-17,1.3736830847061642e-17
1095,7.1456274604702226e-16,1.9759722457156592e-16,2.1277467499449503e-16,1.5309339144863769e-16,8.2536019070853983e-17,3.6306278774251713e-17,1.8895403197952989e-17,1.3359753989264872e-17
1096,6.9434773290142957e-16,1.9199597905925756e-16,2.0674347200197887e-16,1.4875526580223958e-16,8.0201071272732413e-17,3.5286278987289127e-17,1.8372648959969105e-17,1.2993016817962884e-17
1097,6.7470460341299237e-16,1.8655351156252515e-16,2.0088322721137545e-16,1.4454006783971175e-16,7.7932179255848273e-17,3.4294933132864769e-17,1.7864348273348423e-17,1.2636336137318668e-17
1098,6.5561717896659133e-16,1.8126532119422725e-16,1.9518909468390362e-16,1.4044431419461343e-16,7.5727474299094212e-17,3.3331436326478171e-17,1.7370101769793639e-17,1.2289436498480961e-17
1099,6.3706973864087664e-16,1.7612703465464678e-16,1.8965636584318921e-16,1.3646462020808776e-16,7.3585140547569497e-17,3.2395006290862458e-17,1.6889521108580359e-17,1.1952049987940470e-17
1100,6.1904700626009113e-16,1.7113440261473154e-16,1.8428046558158884e-16,1.3259769713178894e-16,7.1503413516992532e-17,3.1484882721055371e-17,1.6422228672274040e-17,1.1623916021659903e-17
1101,6.0153413781219691e-16,1.6628329620186066e-16,1.7905694847688410e-16,1.2884034941007039e-16,6.9480578640423637e-17,3.0600326667300933e-17,1.5967857270836709e-17,1.1304781144820501e-17
1102,5.8451670922294320e-16,1.6156970358523083e-16,1.7398149511621812e-16,1.2518947203918756e-16,6.7514969856101273e-17,2.9740619935281004e-17,1.5526049853892304e-17,1.0994398837032105e-17
1103,5.6798070447580684e-16,1.5698972665803753e-16,1.6904990852423405e-16,1.2164204800133328e-16,6.5604968235228115e-17,2.8905064503190063e-17,1.5096459230925863e-17,1.0692529322857892e-17
1104,5.5191250406802086e-16,1.5253957781370845e-16,1.6425811069246228e-16,1.1819514577138519e-16,6.3749000648577507e-17,2.8092981955180417e-17,1.4678747799197986e-17,1.0398939387509055e-17
1105,5.3629887379318162e-16,1.4821557681352171e-16,1.5960213920708601e-16,1.1484591689430434e-16,6.1945538470821352e-17,2.7303712930717920e-17,1.4272587279161935e-17,1.0113402197568486e-17
1106,5.2112695384119716e-16,1.4401414774301971e-16,1.5507814397229626e-16,1.1159159363118346e-16,6.0193096321512775e-17,2.6536616589401619e-17,1.3877658457176748e-17,9.8356971266065338e-18
1107,5.0638424820659758e-16,1.3993181605470018e-16,1.5068238402652775e-16,1.0842948667199929e-16,5.8490230841686567e-17,2.5791070090812935e-17,1.3493650935315236e-17,9.5656095855555090e-18
1108,4.9205861439648582e-16,1.3596520569453961e-16,1.4641122444894121e-16,1.0535698291317857e-16,5.6835539505069313e-17,2.5066468088972477e-17,1.3120262888071443e-17,9.3029308577132374e-18
1109,4.7813825342965141e-16,1.3211103630997207e-16,1.4226113335359573e-16,1.0237154329814156e-16,5.5227659462920830e-17,2.4362222240994134e-17,1.2757200825777423e-17,9.0474579382495949e-18
1110,4.6461170011860717e-16,1.2836612053701473e-16,1.3822867896882417e-16,9.9470700719037842e-17,5.3665266421554808e-17,2.3677760729537973e-17,1.2404179364544448e-17,8.7989933780932691e-18
1111,4.5146781362655137e-16,1.2472736136429625e-16,1.3431052679939686e-16,9.6652057977941144e-17,5.2147073551614632e-17,2.3012527798674231e-17,1.2060921002548880e-17,8.5573451320793799e-18
1112,4.3869576829147014e-16,1.2119174957180806e-16,1.3050343686912713e-16,9.3913285805817502e-17,5.0671830428205695e-17,2.2365983302782013e-17,1.1727155902487839e-17,8.3223264112418755e-18
1113,4.2628504470982903e-16,1.1775636124226032e-16,1.2680426104163818e-16,9.1252120937630203e-17,4.9238322001011507e-17,2.1737602268116491e-17,1.1402621680034687e-17,8.0937555391376931e-18
1114,4.1422542107250661e-16,1.1441835534298459e-16,1.2320994041707544e-16,8.8666364241990528e-17,4.7845367593545283e-17,2.1126874466689010e-17,1.1087063198128929e-17,7.8714558120928470e-18
1115,4.0250696474583391e-16,1.1117497137638282e-16,1.1971750280261237e-16,8.6153878903808583e-17,4.6491819930712637e-17,2.0533304002114199e-17,1.0780232366939781e-17,7.6552553632635058e-18
1116,3.9112002409080815e-16,1.0802352709698062e-16,1.1632406025465711e-16,8.3712588658442497e-17,4.5176564193884683e-17,1.9956408907088141e-17,1.0481887949347050e-17,7.4449870304080983e-18
1117,3.8005522051374071e-16,1.0496141629319540e-16,1.1302680669072837e-16,8.1340476075886474e-17,4.3898517102703145e-17,1.9395720752170918e-17,1.0191795371787190e-17,7.2404882272692805e-18
1118,3.6930344074179222e-16,1.0198610663198599e-16,1.0982301556902485e-16,7.9035580893579903e-17,4.2656626022861181e-17,1.8850784265556176e-17,9.9097265403168095e-18,7.0416008184673630e-18
1119,3.5885582931703341e-16,9.9095137564600385e-17,1.0671003763376997e-16,7.6795998396459700e-17,4.1449868099125239e-17,1.8321156963519006e-17,9.6354596617496530e-18,6.8481709978094532e-18
1120,3.4870378130284967e-16,9.6286118291690504e-17,1.0368529872446733e-16,7.4619877842917111e-17,4.0277249412883560e-17,1.7806408791242489e-17,9.3687790697273970e-18,6.6600491699212252e-18
1121,3.3883893519668121e-16,9.3556725786110070e-17,1.0074629764725484e-16,7.2505420935358211e-17,3.9137804163527987e-17,1.7306121773731297e-17,9.1094750555881120e-18,6.4770898351106999e-18
1122,3.2925316604326278e-16,9.0904702871761252e-17,9.7890604106597831e-17,7.0450880334104120e-17,3.8030593872994197e-17,1.6819889676529148e-17,8.8573437039002965e-18,6.2991514773759339e-18
1123,3.1993857874268922e-16,8.8327856356900811e-17,9.5115856695610453e-17,6.8454558213402798e-17,3.6954706612805738e-17,1.6347317675964798e-17,8.6121867325337546e-18,6.1260964554708822e-18
1124,3.1088750154779713e-16,8.5824055220362049e-17,9.2419760943343437e-17,6.6514804858359265e-17,3.5909256252984944e-17,1.5888022038658997e-17,8.3738113371423507e-18,5.9577908969460561e-18
1125,3.0209247974550513e-16,8.3391228849192527e-17,8.9800087417423775e-17,6.4630017301624469e-17,3.4893381732212244e-17,1.5441629810032307e-17,8.1420300399369934e-18,5.7941045950828586e-18
1126,2.9354626951691005e-16,8.1027365326250228e-17,8.7254669880476625e-17,6.2798637998716290e-17,3.3906246348632595e-17,1.5007778511561089e-17,7.9166605426305630e-18,5.6349109086426749e-18
1127,2.8524183197108039e-16,7.8730509766341501e-17,8.4781403498805894e-17,6.1019153540878171e-17,3.2947037070725168e-17,1.4586115846535894e-17,7.6975255834398255e-18,5.4800866643539691e-18
