t,f_total,k_0,k_1,k_2,k_3,k_4,k_5,k_6
1,0.0000000000000000e+00,0.0000000000000000e+00,0.0000000000000000e+00,0.0000000000000000e+00,0.0000000000000000e+00,0.0000000000000000e+00,0.0000000000000000e+00,0.0000000000000000e+00
2,0.0000000000000000e+00,0.0000000000000000e+00,0.0000000000000000e+00,0.0000000000000000e+00,0.0000000000000000e+00,0.0000000000000000e+00,0.0000000000000000e+00,0.0000000000000000e+00
3,1.0376530218265127e-06,0.0000000000000000e+00,0.0000000000000000e+00,0.0000000000000000e+00,1.0376530218265127e-06,0.0000000000000000e+00,0.0000000000000000e+00,0.0000000000000000e+00
4,6.2612283484580065e-05,0.0000000000000000e+00,0.0000000000000000e+00,1.6186529576012759e-07,6.5948852488440827e-06,5.5855532939975855e-05,0.0000000000000000e+00,0.0000000000000000e+00
5,6.1763046269340126e-04,0.0000000000000000e+00,8.4114849961889514e-09,7.4368904270301091e-07,1.9165716777181859e-05,1.6950415502518947e-04,4.2820849036333069e-04,0.0000000000000000e+00
6,2.3196326817421769e-03,2.8564649689459416e-10,4.1588155129025665e-08,1.9860317474193760e-06,3.9396522572953714e-05,3.3394452904242464e-04,1.0806610924416855e-03,8.6360263213606766e-04
7,4.5477646953245472e-03,1.4718730694224811e-09,1.2049980692808403e-07,4.0651646468002678e-06,6.6886873633053632e-05,5.3073473788778412e-04,1.8460501679547791e-03,2.0999057795221326e-03
8,6.9067248223714205e-03,4.4240293758220210e-09,2.6741418447173697e-07,7.0907974721591855e-06,1.0062606084132599e-04,7.4459358699828786e-04,2.6253148139996560e-03,3.4288277248461434e-03
9,9.1440699852400366e-03,1.0142115764475496e-08,5.0332868173605339e-07,1.1114724184389003e-05,1.3941881576478931e-04,9.6346923979401559e-04,3.3612638950196502e-03,4.6682898396796920e-03
10,1.1137995793291292e-02,1.9648317747070639e-08,8.4619827132680386e-07,1.6142450519679392e-05,1.8206830547824355e-04,1.1788807863236360e-03,4.0226588153807032e-03,5.7373795889999555e-03
11,1.2843080196889973e-02,3.3895196911378807e-08,1.3098801555430181e-06,2.2143461829560368e-05,2.2747402795661396e-04,1.3851252105042376e-03,4.5962452637129982e-03,6.6107484575341092e-03
12,1.4257043025625861e-02,5.3699719615349184e-08,1.9036528937266753e-06,2.9059966020988602e-05,2.7466588583338424e-04,1.5785988180725627e-03,5.0795798559243183e-03,7.2931811471612651e-03
13,1.5399292949595926e-02,7.9702140961905583e-08,2.6321705031522908e-06,3.6814073252932505e-05,3.2280980553094660e-04,1.7572108980904522e-03,5.4764413490860399e-03,7.8033049509914406e-03
14,1.6298670662297371e-02,1.1234615299119008e-07,3.4957217666096653e-06,4.5313698252880481e-05,3.7119949818561386e-04,1.9199399039844783e-03,5.7938447297806745e-03,8.1647647641741247e-03
15,1.6986659936339916e-02,1.5187581543001459e-07,4.4906865010948830e-06,5.4457419602566320e-05,4.1924316953174500e-04,2.0665037855695629e-03,6.0402070876610829e-03,8.4016059116584323e-03
16,1.7493855951800287e-02,1.9834483769529431e-07,5.6101029260367338e-06,6.4138489563038005e-05,4.6644925205802020e-04,2.1971202827915696e-03,6.2242543962562780e-03,8.5360850833676501e-03
17,1.7848287333825867e-02,2.5163425691218854e-07,6.8442816387839903e-06,7.4248135729021295e-05,5.1241300896671027e-04,2.3123343711523854e-03,6.3544024152462674e-03,8.5877934868357850e-03
18,1.8074769207936173e-02,3.1147521223701171e-07,8.1814200236796673e-06,8.4678258955267512e-05,5.5680466285579688e-04,2.4128952614638540e-03,6.4384329021909010e-03,8.5734652272344367e-03
19,1.8194807879388632e-02,3.7747420278796156e-07,9.6081858198500265e-06,9.5323607343821159e-05,5.9935914623902994e-04,2.4996696042456183e-03,6.4833501673839354e-03,8.5071196941535893e-03
20,1.8226783480726858e-02,4.4913885929363212e-07,1.1110250163248746e-05,1.0608349118419554e-04,6.3986733367621157e-04,2.5735810029235313e-03,6.4953446256297764e-03,8.4003476382905982e-03
21,1.8186256880262115e-02,5.2590282038056860e-07,1.2672759127192368e-05,1.1686309497380845e-04,6.7816853964088866e-04,2.6355685451010320e-03,6.4798171971828704e-03,8.2626408414159420e-03
22,1.8086316711170520e-02,6.0714876984557591e-07,1.4280739116545473e-05,1.2757443733917118e-04,7.1414406446678152e-04,2.6865590051599131e-03,6.4414358802105248e-03,8.1017154361077391e-03
23,1.7937922304740082e-02,6.9222906187841275e-07,1.5919435914266927e-05,1.3813702601663336e-04,7.4771159846301837e-04,2.7274488085826639e-03,6.3842069756771492e-03,7.9238062310244724e-03
24,1.7750220970038248e-02,7.8048364534547483e-07,1.7574590165899533e-05,1.4847825197367487e-04,7.7882032980965414e-04,2.7590929081378066e-03,6.3115505214420241e-03,7.7339238848638421e-03
25,1.7530830698560384e-02,8.7125520781970392e-07,1.9232653976120783e-05,1.5853356371588314e-04,8.0744663546779109e-04,2.7822985020938299e-03,6.2263739466827065e-03,7.5360741414162340e-03
26,1.7286086223701397e-02,9.6390160795407229e-07,2.0880954369561796e-05,1.6824645961715766e-04,8.3359026248369271e-04,2.7978220978548719e-03,6.1311407336563989e-03,7.3334418141117611e-03
27,1.7021249901498430e-02,1.0578057634425174e-06,2.2507809861569021e-05,1.7756833270352471e-04,8.5727092907543999e-04,2.8063688447909256e-03,6.0279325786856876e-03,7.1285436006178413e-03
28,1.6740690538902737e-02,1.1523832222887816e-06,2.4102606467392023e-05,1.8645819877815433e-04,8.7852529136187344e-04,2.8085933674858927e-03,5.9185045682603457e-03,6.9233541233267894e-03
29,1.6448033913369665e-02,1.2470876768774623e-06,2.5655839282435827e-05,1.9488233519479034e-04,8.9740423354779534e-04,2.8051015547142094e-03,5.8043334797203954e-03,6.7194093832331605e-03
30,1.6146288784972589e-02,1.3414146912068639e-06,2.7159125390479957e-05,2.0281385406859225e-04,9.1397044786893796e-04,2.7964529221044974e-03,5.6866596397548907e-03,6.5178913810939832e-03
31,1.5837951975986309e-02,1.4349039078335019e-06,2.8605193373947736e-05,2.1023223034281955e-04,9.2829627654609549e-04,2.7831632839185418e-03,5.5665229308102344e-03,6.3196971570868366e-03
32,1.5525095739386428e-02,1.5271399874546607e-06,2.9987854163185009e-05,2.1712280197182325e-04,9.4046179214122508e-04,2.7657075537212052e-03,5.4447935911965100e-03,6.1254950062050242e-03
33,1.5209440243576964e-02,1.6177525143208831e-06,3.1301957407734436e-05,2.2347625657924563e-04,9.5055309561432703e-04,2.7445225538655512e-03,5.3221984510278559e-03,5.9357701765679286e-03
34,1.4892413612036449e-02,1.7064150775781714e-06,3.2543337007625192e-05,2.2928811632998866e-04,9.5866081346252961e-04,2.7200097562594268e-03,5.1993432095306527e-03,5.7508619643686478e-03
35,1.4575201596368496e-02,1.7928437141847823e-06,3.3708748923883999e-05,2.3455823042453779e-04,9.6487877687512192e-04,2.6925379066710413e-03,5.0767313061658844e-03,5.5709937835938415e-03
36,1.4258788639200010e-02,1.8767948746304659e-06,3.4795803905500309e-05,2.3929028258168304e-04,9.6930286706129625e-04,2.6624455054372778e-03,4.9547798785166963e-03,5.3962975068229252e-03
37,1.3943991801961587e-02,1.9580630492509607e-06,3.5802897330901655e-05,2.4349131910883208e-04,9.7203001193424312e-04,2.6300431314684927e-03,4.8338332399760148e-03,5.2268331390938503e-03
38,1.3631488790438418e-02,2.0364781710772964e-06,3.6729137968169794e-05,2.4717130165030626e-04,9.7315732025068306e-04,2.5956156057984230e-03,4.7141742533171379e-03,5.0626046932826206e-03
39,1.3321841104854057e-02,2.1119028912329744e-06,3.7574277109912751e-05,2.5034268743194874e-04,9.7278134016001066e-04,2.5594239969866503e-03,4.5960339239906325e-03,4.9035729762836678e-03
40,1.3015513167152467e-02,2.1842298050526746e-06,3.8338639234431126e-05,2.5302003876194300e-04,9.7099742994042845e-04,2.5217074744395239e-03,4.4795994902000055e-03,4.7496658647710830e-03
41,1.2712888131953808e-02,2.2533786913740991e-06,3.9023055082045732e-05,2.5521966267932466e-04,9.6789922950448013e-04,2.4826850178882721e-03,4.3650212455933306e-03,4.6007865425149791e-03
42,1.2414280965448287e-02,2.3192938137910918e-06,3.9628797811018524e-05,2.5695928094013727e-04,9.6357822204784201e-04,2.4425569923601440e-03,4.2524182945450611e-03,4.4568200839302944e-03
43,1.2119949274682178e-02,2.3819413209350591e-06,4.0157522707898763e-05,2.5825772997452778e-04,9.5812337599241013e-04,2.4015065983609466e-03,4.1418834090809487e-03,4.3176386972445099e-03
44,1.1830102285109674e-02,2.4413067729217872e-06,4.0611210768755071e-05,2.5913469001583554e-04,9.5162085813412260e-04,2.3597012069088916e-03,4.0334871300249531e-03,4.1831058824841946e-03
45,1.1544908294176651e-02,2.4973928127930636e-06,4.0992116337047590e-05,2.5961044227621572e-04,9.4415380964307436e-04,2.3172935886963063e-03,3.9272812324035204e-03,4.0530797120076944e-03
46,1.1264500870698937e-02,2.5502169949218660e-06,4.1302718877441941e-05,2.5970565280574175e-04,9.3580217727363426e-04,2.2744230461284468e-03,3.8233016560278495e-03,3.9274154025908999e-03
47,1.0988984021884312e-02,2.5998097767634028e-06,4.1545678879470817e-05,2.5944118150831973e-04,9.2664259282135080e-04,2.2312164563787606e-03,3.7215709860215405e-03,3.8059673164981059e-03
48,1.0718436510322048e-02,2.6462126758565499e-06,4.1723797817668145e-05,2.5883791468499999e-04,9.1674829450809760e-04,2.1877892329613016e-03,3.6221005544467329e-03,3.6885905032273915e-03
49,1.0452915470695611e-02,2.6894765904569661e-06,4.1839982042965858e-05,2.5791661942198198e-04,9.0618908458471614e-04,2.1442462126879079e-03,3.5248922227310441e-03,3.5751418726365385e-03
50,1.0192459449166616e-02,2.7296602794731000e-06,4.1897210441360635e-05,2.5669781812693920e-04,8.9503131800983983e-04,2.1006824742712351e-03,3.4299398949823026e-03,3.4654810730554656e-03
51,9.9370909663319008e-03,2.7668289953518970e-06,4.1898505668003873e-05,2.5520168153485035e-04,8.8333791759392618e-04,2.0571840942665578e-03,3.3372308042137278e-03,3.3594711340594829e-03
52,9.6868186865403036e-03,2.8010532621088330e-06,4.1846908746076577e-05,2.5344793854618756e-04,8.7116841148877824e-04,2.0138288455212087e-03,3.2467466067449837e-03,3.2569789222309615e-03
53,9.4416392614812602e-03,2.8324077897169761e-06,4.1745456808453261e-05,2.5145580132011891e-04,8.5857898935562079e-04,1.9706868428222544e-03,3.1584643143859874e-03,3.1578754489991080e-03
54,9.2015389037523460e-03,2.8609705154749433e-06,4.1597163754829278e-05,2.4924390411834590e-04,8.4562257396020519e-04,1.9278211399998092e-03,3.0723570892738378e-03,3.0620360621298427e-03
55,8.9664947361044883e-03,2.8868217626886886e-06,4.1405003596474207e-05,2.4683025447722425e-04,8.3234890532288156e-04,1.8852882823528990e-03,2.9883949222690893e-03,2.9693405463232306e-03
56,8.7364759538610288e-03,2.9100435069625235e-06,4.1171896264052662e-05,2.4423219537355473e-04,8.1880463489684724e-04,1.8431388179139608e-03,2.9065452125000249e-03,2.8796731534056264e-03
57,8.5114448312878684e-03,2.9307187405460347e-06,4.0900695660151349e-05,2.4146637714017702e-04,8.0503342756074931e-04,1.8014177707533414e-03,2.8267732628664511e-03,2.7929225785664515e-03
58,8.2913575971907544e-03,2.9489309254795571e-06,4.0594179746537077e-05,2.3854873797909867e-04,7.9107606949449451e-04,1.7601650792431012e-03,2.7490427039892312e-03,2.7089818958128120e-03
59,8.0761652005136454e-03,2.9647635266832786e-06,4.0255042466136971e-05,2.3549449201065622e-04,7.7697058026159256e-04,1.7194160019464888e-03,2.6733158571437413e-03,2.6277484631583459e-03
60,7.8658139830287428e-03,2.9782996166121840e-06,3.9885887310777332e-05,2.3231812388583268e-04,7.6275232764967909e-04,1.6792014935725112e-03,2.5995540450825558e-03,2.5491238059107738e-03
61,7.6602462731963934e-03,2.9896215436250146e-06,3.9489222357430829e-05,2.2903338907437137e-04,7.4845414402508544e-04,1.6395485532310413e-03,2.5277178582829335e-03,2.4730134846819049e-03
62,7.4594009128098812e-03,2.9988106567693157e-06,3.9067456607772423e-05,2.2565331902302726e-04,7.3410644313941600e-04,1.6004805470403072e-03,2.4577673830047768e-03,2.3993269533378121e-03
63,7.2632137260262618e-03,3.0059470802497688e-06,3.8622897477966643e-05,2.2219023045568772e-04,7.1973733648797000e-04,1.5620175069729373e-03,2.3896623965783898e-03,2.3279774109730604e-03
64,7.0716179387380878e-03,3.0111095314103254e-06,3.8157749297596349e-05,2.1865573815988071e-04,7.0537274846329558e-04,1.5241764076769861e-03,2.3233625345285250e-03,2.2588816510803931e-03
65,6.8845445548948066e-03,3.0143751766120686e-06,3.7674112688333679e-05,2.1506077067219126e-04,6.9103652967389319e-04,1.4869714228726118e-03,2.2588274334566544e-03,2.1919599103545108e-03
66,6.7019226952818312e-03,3.0158195199207445e-06,3.7173984704228745e-05,2.1141558833829240e-04,6.7675056790969957e-04,1.4504141628017967e-03,2.1960168530261309e-03,2.1271357189817613e-03
67,6.5236799033647269e-03,3.0155163200250197e-06,3.6659259626262318e-05,2.0772980328168726e-04,6.6253489633393329e-04,1.4145138940962051e-03,2.1348907799076293e-03,2.0643357537989846e-03
68,6.3497424220688367e-03,3.0135375312850790e-06,3.6131730314015124e-05,2.0401240086897972e-04,6.4840779856657489e-04,1.3792777433258177e-03,2.0754095161301302e-03,2.0034896953320335e-03
69,6.1800354447606046e-03,3.0099532652586908e-06,3.5593090026910232e-05,2.0027176230868674e-04,6.3438591039941558e-04,1.3447108853972634e-03,2.0175337539338738e-03,1.9445300894291957e-03
70,6.0144833432015689e-03,3.0048317694672428e-06,3.5044934636466452e-05,1.9651568806548211e-04,6.2048431794742677e-04,1.3108167178848586e-03,1.9612246389257870e-03,1.8873922139720815e-03
71,5.8530098748390122e-03,2.9982394205469904e-06,3.4488765159352517e-05,1.9275142181253576e-04,6.0671665209721692e-04,1.2775970222984898e-03,1.9064438230865818e-03,1.8320139509642877e-03
72,5.6955383714624060e-03,2.9902407292812628e-06,3.3925990548760357e-05,1.8898567468152586e-04,5.9309517916152370e-04,1.2450521132199074e-03,1.8531535089648923e-03,1.7783356641565156e-03
73,5.5419919109786211e-03,2.9808983553284258e-06,3.3357930688734087e-05,1.8522464960319833e-04,5.7963088768991824e-04,1.2131809761721309e-03,1.8013164862115589e-03,1.7263000822577521e-03
74,5.3922934738303155e-03,2.9702731297492557e-06,3.2785819542619239e-05,1.8147406556127737e-04,5.6633357142095702e-04,1.1819813950249567e-03,1.7508961614515685e-03,1.6758521876991874e-03
75,5.2463660853924558e-03,2.9584240836975119e-06,3.2210808412760390e-05,1.7773918160934811e-04,5.5321190839063253e-04,1.1514500696825608e-03,1.7018565823580744e-03,1.6269391108553819e-03
76,5.1041329455238449e-03,2.9454084818705944e-06,3.1633969274001854e-05,1.7402482052426393e-04,5.4027353623678867e-04,1.1215827247464147e-03,1.6541624566788593e-03,1.5795100295816461e-03
77,4.9655175463184237e-03,2.9312818595250149e-06,3.1056298148466333e-05,1.7033539199093320e-04,5.2752512375975433e-04,1.0923742097979181e-03,1.6077791668676973e-03,1.5335160738941297e-03
78,4.8304437789898512e-03,2.9160980620458557e-06,3.0478718493532210e-05,1.6667491523221484e-04,5.1497243881634257e-04,1.0638185918998477e-03,1.5626727808888559e-03,1.4889102355970121e-03
79,4.6988360307287976e-03,2.8999092862222771e-06,2.9902084578933310e-05,1.6304704101433037e-04,5.0262041263801789e-04,1.0359092408737452e-03,1.5188100596904011e-03,1.4456472826471474e-03
80,4.5706192722922085e-03,2.8827661225242671e-06,2.9327184832496892e-05,1.5945507297287139e-04,4.9047320067487207e-04,1.0086389078713522e-03,1.4761584617793103e-03,1.4036836780387816e-03
81,4.4457191370151031e-03,2.8647175978010256e-06,2.8754745137248774e-05,1.5590198821734030e-04,4.7853424007543628e-04,9.8199979772200987e-04,1.4346861452772040e-03,1.3629775029880633e-03
82,4.3240619918760688e-03,2.8458112179302508e-06,2.8185432065478005e-05,1.5239045718338189e-04,4.6680630391864004e-04,9.5598363550426389e-04,1.3943619677885268e-03,1.3234883841978481e-03
83,4.2055750011959145e-03,2.8260930100418508e-06,2.7619856037896707e-05,1.4892286271160637e-04,4.5529155231866419e-04,9.3058172775864218e-04,1.3551554843722229e-03,1.2851774249868404e-03
84,4.0901861835035960e-03,2.8056075640206509e-06,2.7058574398282157e-05,1.4550131834032380e-04,4.4399158052633070e-04,9.0578501872946090e-04,1.3170369438724949e-03,1.2480071400726832e-03
85,3.9778244620633481e-03,2.7843980730619910e-06,2.6502094395972526e-05,1.4212768580674221e-04,4.3290746415221965e-04,8.8158414199644534e-04,1.2799772838332959e-03,1.2119413938056105e-03
86,3.8684197095212049e-03,2.7625063731129742e-06,2.5950876070331070e-05,1.3880359175735319e-04,4.2203980163712130e-04,8.5796946783176029e-04,1.2439481241942481e-03,1.1769453416572780e-03
87,3.7619027870969251e-03,2.7399729810817304e-06,2.5405335032817717e-05,1.3553044367345995e-04,4.1138875409489899e-04,8.3493114659459521e-04,1.2089217599420624e-03,1.1429853747780090e-03
88,3.6582055787182464e-03,2.7168371317385455e-06,2.4865845143634089e-05,1.3230944502219357e-04,4.0095408265150697e-04,8.1245914845362371e-04,1.1748711528708877e-03,1.1100290674446618e-03
89,3.5572610204679042e-03,2.6931368132670120e-06,2.4332741081057520e-05,1.2914160964701515e-04,3.9073518340191607e-04,7.9054329970733870e-04,1.1417699225868697e-03,1.0780451272304403e-03
90,3.4590031256895772e-03,2.6689088014514428e-06,2.3806320802569658e-05,1.2602777541469924e-04,3.8073112010417285e-04,7.6917331595334232e-04,1.1095923368762881e-03,1.0470033477370535e-03
91,3.3633670060765420e-03,2.6441886925094531e-06,2.3286847897732986e-05,1.2296861713821493e-04,3.7094065472685042e-04,7.4833883234006230e-04,1.0783133015426051e-03,1.0168745637385670e-03
92,3.2702888890461363e-03,2.6190109345966050e-06,2.2774553833489211e-05,1.1996465879684099e-04,3.6136227596284323e-04,7.2802943111795421e-04,1.0479083498054205e-03,9.8763060859499143e-04
93,3.1797061316838713e-03,2.5934088580239441e-06,2.2269640093160594e-05,1.1701628507632862e-04,3.5199422581888459e-04,7.0823466669198447e-04,1.0183536313434238e-03,9.5924427380206538e-04
94,3.0915572315231045e-03,2.5674147042398070e-06,2.1772280210942819e-05,1.1412375225302107e-04,3.4283452438639545e-04,6.8894408836296639e-04,9.8962590105380302e-04,9.3168927055173594e-04
95,3.0057818344093891e-03,2.5410596536348641e-06,2.1282621704095947e-05,1.1128719844660451e-04,3.3388099289536352e-04,6.7014726093207971e-04,9.6170250759205459e-04,9.0494019318555611e-04
96,2.9223207396828817e-03,2.5143738522345159e-06,2.0800787905380636e-05,1.0850665326664146e-04,3.2513127514895461e-04,6.5183378333056956e-04,9.3456138174859258e-04,8.7897248443050840e-04
97,2.8411159028974143e-03,2.4873864373458782e-06,2.0326879698558012e-05,1.0578204687827356e-04,3.1658285743251527e-04,6.3399330542515502e-04,9.0818102471187283e-04,8.5376240231369385e-04
98,2.7621104362809232e-03,2.4601255622279825e-06,1.9860977159983204e-05,1.0311321851250448e-04,3.0823308698656903e-04,6.1661554313897731e-04,8.8254049626180662e-04,8.2928698865885470e-04
99,2.6852486071288336e-03,2.4326184198538467e-06,1.9403141109481461e-05,1.0049992444632324e-04,3.0007918912937945e-04,5.9969029201797431e-04,8.5761940293197305e-04,8.0552403907384871e-04
100,2.6104758343096605e-03,2.4048912658319909e-06,1.8953414573809143e-05,9.7941845477628856e-05,2.9211828311065760e-04,5.8320743936330645e-04,8.3339788617445515e-04,7.8245207434397140e-04
101,2.5377386830504308e-03,2.3769694405529791e-06,1.8511824166076266e-05,9.5438593919495334e-05,2.8434739677407785e-04,5.6715697504183783e-04,8.0985661055694915e-04,7.6005031315144137e-04
102,2.4669848581585774e-03,2.3488773906239342e-06,1.8078381384547267e-05,9.2989720137792904e-05,2.7676348010241661e-04,5.5152900107865207e-04,7.8697675201810024e-04,7.3829864604644407e-04
103,2.3981631958265638e-03,2.3206386896507846e-06,1.7653083834248217e-05,9.0594718655577071e-05,2.6936341771539510e-04,5.3631374012811229e-04,7.6473998620370026e-04,7.1717761059987984e-04
104,2.3312236541557542e-03,2.2922760584244840e-06,1.7235916374795548e-05,8.8253033846987371e-05,2.6214404038666506e-04,5.2150154291303089e-04,7.4312847690344872e-04,6.9666836767240240e-04
105,2.2661173025268050e-03,2.2638113845636513e-06,1.6826852197827338e-05,8.5964065242679144e-05,2.5510213564286039e-04,5.0708289471504192e-04,7.2212486460535106e-04,6.7675267873848163e-04
106,2.2027963099351682e-03,2.2352657416621686e-06,1.6425853837367237e-05,8.3727172468054317e-05,2.4823445750423833e-04,4.9304842099325507e-04,7.0171225518248837e-04,6.5741288420810258e-04
107,2.1412139324021116e-03,2.2066594079862972e-06,1.6032874116385548e-05,8.1541679834774817e-05,2.4153773542316323e-04,4.7938889220267364e-04,6.8187420872480552e-04,6.3863188269232241e-04
108,2.0813244995639231e-03,2.1780118847618863e-06,1.5647857032745046e-05,7.9406880605242255e-05,2.3500868247354020e-04,4.6609522787864719e-04,6.6259472852670800e-04,6.2039311116227872e-04
109,2.0230834005347110e-03,2.1493419140883876e-06,1.5270738587632688e-05,7.7322040948919578e-05,2.2864400284129706e-04,4.5315850004879100e-04,6.4385825023959074e-04,6.0268052595439155e-04
110,1.9664470691313565e-03,2.1206674965125724e-06,1.4901447559484853e-05,7.5286403608559738e-05,2.2244039866312518e-04,4.4056993602929637e-04,6.2564963119695000e-04,5.8547858457742765e-04
111,1.9113729685427514e-03,2.0920059082912263e-06,1.4539906226314451e-05,7.3299191293600281e-05,2.1639457625793993e-04,4.2832092065836735e-04,6.0795413991840310e-04,5.6877222827983519e-04
112,1.8578195755193905e-03,2.0633737183686420e-06,1.4186031039245202e-05,7.1359609817185985e-05,2.1050325179289403e-04,4.1640299801562356e-04,5.9075744579777025e-04,5.5254686533830275e-04
113,1.8057463641537018e-03,2.0347868050914464e-06,1.3839733249952547e-05,6.9466850992496498e-05,2.0476315642327728e-04,4.0480787267268799e-04,5.7404560897932175e-04,5.3678835503087412e-04
114,1.7551137893161740e-03,2.0062603726802538e-06,1.3500919494603118e-05,6.7620095303288217e-05,1.9917104094325922e-04,3.9352741051680991e-04,5.5780507042536213e-04,5.2148299226017114e-04
115,1.7058832698073146e-03,1.9778089674747751e-06,1.3169492336776947e-05,6.5818514362810413e-05,1.9372367998217390e-04,3.8255363918624478e-04,5.4202264217749453e-04,5.0661749279433909e-04
116,1.6580171712807829e-03,1.9494464939663980e-06,1.2845350771748588e-05,6.4061273174527075e-05,1.8841787577890466e-04,3.7187874815320423e-04,5.2668549781316888e-04,4.9217897909526311e-04
117,1.6114787889886506e-03,1.9211862306298246e-06,1.2528390694396651e-05,6.2347532207370775e-05,1.8325046156489864e-04,3.6149508848748300e-04,5.1178116309846843e-04,4.7815496670540323e-04
118,1.5662323303956012e-03,1.8930408455631716e-06,1.2218505332905804e-05,6.0676449297573077e-05,1.7821830458442033e-04,3.5139517233136495e-04,4.9729750683750128e-04,4.6453335116627254e-04
119,1.5222428977050520e-03,1.8650224119439437e-06,1.1915585650321914e-05,5.9047181388459122e-05,1.7331830877883824e-04,3.4157167211406816e-04,4.8322273191826162e-04,4.5130239544315906e-04
120,1.4794764703365544e-03,1.8371424233064957e-06,1.1619520715920007e-05,5.7458886118962994e-05,1.6854741716002485e-04,3.3201741953182859e-04,4.6954536655436025e-04,4.3845071783215131e-04
121,1.4378998873904717e-03,1.8094118086450349e-06,1.1330198048246241e-05,5.5910723271013920e-05,1.6390261389632885e-04,3.2272540431770605e-04,4.5625425572163388e-04,4.2596728032689768e-04
122,1.3974808301327939e-03,1.7818409473447757e-06,1.1047503931599709e-05,5.4401856085364283e-05,1.5938092613305526e-04,3.1368877282332639e-04,4.4333855278828996e-04,4.1384137742381347e-04
123,1.3581878045300056e-03,1.7544396839426542e-06,1.0771323707627424e-05,5.2931452454875024e-05,1.5497942556794774e-04,3.0490082643304048e-04,4.3078771133693247e-04,4.0206262534563992e-04
124,1.3199901238611950e-03,1.7272173427179275e-06,1.0501542043616675e-05,5.1498686003745462e-05,1.5069522980081372e-04,2.9635501982936720e-04,4.1859147717655072e-04,3.9062095166438325e-04
125,1.2828578914320444e-03,1.7001827421120719e-06,1.0238043178983161e-05,5.0102737060670448e-05,1.4652550347515875e-04,2.8804495912709420e-04,4.0673988054231857e-04,3.7950658530570711e-04
126,1.2467619834129751e-03,1.6733442089766260e-06,9.9807111513707483e-06,4.8742793533427473e-05,1.4246745922849566e-04,2.7996439989202239e-04,3.9522322848084936e-04,3.6871004691783286e-04
127,1.2116740318215060e-03,1.6467095926469713e-06,9.7294300036996273e-06,4.7418051691941369e-05,1.3851835846686949e-04,2.7210724505905205e-04,3.8403209741837802e-04,3.5822213958891844e-04
128,1.1775664076668453e-03,1.6202862788395350e-06,9.4840839734240151e-06,4.6127716866440382e-05,1.3467551197807797e-04,2.6446754276311608e-04,3.7315732590919752e-04,3.4803393989774972e-04
129,1.1444122042728305e-03,1.5940812033694817e-06,9.2445576651881570e-06,4.4871004066908348e-05,1.3093628039707745e-04,2.5703948409535758e-04,3.6259000756154735e-04,3.3813678928338209e-04
130,1.1121852207935630e-03,1.5681008656856462e-06,9.0107362080004075e-06,4.3647138529648104e-05,1.2729807453612703e-04,2.4981740079592352e-04,3.5232148413805121e-04,3.2852228572012707e-04
131,1.0808599459344531e-03,1.5423513422192428e-06,8.7825053979794498e-06,4.2455356196404348e-05,1.2375835559135480e-04,2.4279576289379314e-04,3.4234333882771285e-04,3.1918227568498915e-04
132,1.0504115418898722e-03,1.5168382995427435e-06,8.5597518276641260e-06,4.1294904131146065e-05,1.2031463523660567e-04,2.3596917630318138e-04,3.3264738968641106e-04,3.1010884640532123e-04
133,1.0208158285072138e-03,1.4915670073352541e-06,8.3423630028189515e-06,4.0165040879280917e-05,1.1696447561466686e-04,2.2933238038523663e-04,3.2322568324277904e-04,3.0129431837509616e-04
134,9.9204926768585791e-04,1.4665423511506976e-06,8.1302274476109571e-06,3.9065036773763728e-05,1.1370548923524530e-04,2.2288024548299947e-04,3.1407048826631215e-04,2.9273123812877555e-04
135,9.6408894801835641e-04,1.4417688449851878e-06,7.9232347989799536e-06,3.7994174192269430e-05,1.1053533878840033e-04,2.1660777043688731e-04,3.0517428969452067e-04,2.8441237126231354e-04
136,9.3691256968003235e-04,1.4172506436400536e-06,7.7212758909737301e-06,3.6951747769325585e-05,1.0745173688150514e-04,2.1051008008732034e-04,2.9652978271592020e-04,2.7633069569134734e-04
137,9.1049842957218884e-04,1.3929915548771362e-06,7.5242428297716175e-06,3.5937064567040142e-05,1.0445244570722217e-04,2.0458242277050749e-04,2.8812986700564927e-04,2.6847939513712106e-04
138,8.8482540672317716e-04,1.3689950513631462e-06,7.3320290600745984e-06,3.4949444207816662e-05,1.0153527664942706e-04,1.9882016781285459e-04,2.7996764111049688e-04,2.6085185283114418e-04
139,8.5987294795071751e-04,1.3452642824000838e-06,7.1445294234971995e-06,3.3988218972219481e-05,9.8698089833503113e-05,1.9321880302894281e-04,2.7203639698013195e-04,2.5344164543002288e-04
140,8.3562105378808243e-04,1.3218020854389611e-06,6.9616402095560357e-06,3.3052733864936249e-05,9.5938793626947270e-05,1.8777393222755594e-04,2.6432961464133939e-04,2.4624253713230844e-04
141,8.1205026467602083e-04,1.2986109973743082e-06,6.7832591998116141e-06,3.2142346651582403e-05,9.3255344095781125e-05,1.8248127272979176e-04,2.5684095701208513e-04,2.3924847398959444e-04
142,7.8914164742164986e-04,1.2756932656172352e-06,6.6092857056841025e-06,3.1256427868902411e-05,9.0645744421842471e-05,1.7733665290289288e-04,2.4956426485225685e-04,2.3245357840445395e-04
143,7.6687678192493126e-04,1.2530508589450825e-06,6.4396206004298526e-06,3.0394360810744357e-05,8.8108044285643096e-05,1.7233600971305779e-04,2.4249355184795648e-04,2.2585214380815467e-04
144,7.4523774817280121e-04,1.2306854781260014e-06,6.2741663457334723e-06,2.9555541492017143e-05,8.5640339219114888e-05,1.6747538630014789e-04,2.3562299982625128e-04,2.1943862951141047e-04
145,7.2420711350052120e-04,1.2085985663170936e-06,6.1128270133403529e-06,2.8739378592683015e-05,8.3240769932227697e-05,1.6275092957689023e-04,2.2894695409732767e-04,2.1320765572173508e-04
146,7.0376792011936460e-04,1.1867913192350391e-06,5.9555083021261772e-06,2.7945293383691531e-05,8.0907521617146669e-05,1.5815888785488359e-04,2.2245991892103003e-04,2.0715399872125152e-04
147,6.8390367290933744e-04,1.1652646950984418e-06,5.8021175509734495e-06,2.7172719636623285e-05,7.8638823233303224e-05,1.5369560849944449e-04,2.1615655309480879e-04,2.0127258619908573e-04
148,6.6459832747526432e-04,1.1440194243414228e-06,5.6525637478001672e-06,2.6421103518683622e-05,7.6432946776479945e-05,1.4935753561508497e-04,2.1003166566014512e-04,1.9555849273272899e-04
149,6.4583627846423138e-04,1.1230560190982750e-06,5.5067575350622715e-06,2.5689903474565927e-05,7.4288206534755489e-05,1.4514120776318288e-04,2.0408021172456587e-04,1.9000693541300064e-04
150,6.2760234814208016e-04,1.1023747824592916e-06,5.3646112120296020e-06,2.4978590096591827e-05,7.2202958333918648e-05,1.4104325571319900e-04,1.9829728839640867e-04,1.8461326960747304e-04
151,6.0988177522637403e-04,1.0819758174981490e-06,5.2260387341144144e-06,2.4286645984430435e-05,7.0175598774740942e-05,1.3706040022860185e-04,1.9267813082954723e-04,1.7937298485744095e-04
152,5.9266020397302029e-04,1.0618590360715078e-06,5.0909557095122307e-06,2.3613565595600735e-05,6.8204564464292418e-05,1.3318944988848443e-04,1.8721810837533405e-04,1.7428170090372493e-04
153,5.7592367351351730e-04,1.0420241673917492e-06,4.9592793933966175e-06,2.2958855087869306e-05,6.6288331243295772e-05,1.2942729894569669e-04,1.8191272083907016e-04,1.6933516383679705e-04
154,5.5965860743960858e-04,1.0224707663740184e-06,4.8309286798925764e-06,2.2322032154570396e-05,6.4425413411337248e-05,1.2577092522216934e-04,1.7675759483836177e-04,1.6452924236690328e-04
155,5.4385180363195962e-04,1.0031982217589892e-06,4.7058240920372843e-06,2.1702625853795082e-05,6.2614362951589472e-05,1.2221738804196839e-04,1.7174848026077445e-04,1.5985992421003599e-04
156,5.2849042432933225e-04,9.8420576401299199e-07,4.5838877699220609e-06,2.1100176432322258e-05,6.0853768756549678e-05,1.1876382620249828e-04,1.6688124681824872e-04,1.5532331258577827e-04
157,5.1356198643460387e-04,9.6549247300736519e-07,4.4650434571955139e-06,2.0514235145094531e-05,5.9142255856155771e-05,1.1540745598415682e-04,1.6215188069579112e-04,1.5091562282320276e-04
158,4.9905435205387745e-04,9.4705728547909164e-07,4.3492164860947852e-06,1.9944364070977607e-05,5.7478484649513143e-05,1.1214556919864402e-04,1.5755648129200836e-04,1.4663317907116045e-04
159,4.8495571926483478e-04,9.2889900227498416e-07,4.2363337611596483e-06,1.9390135925481485e-05,5.5861150141343544e-05,1.0897553127603261e-04,1.5309125804910249e-04,1.4247241110944002e-04
160,4.7125461311041600e-04,9.1101629538185195e-07,4.1263237417728102e-06,1.8851133871065766e-05,5.4288981184156600e-05,1.0589477939062418e-04,1.4875252736999765e-04,1.3842985125741715e-04
161,4.5793987681384536e-04,8.9340771474525773e-07,4.0191164236591553e-06,1.8326951325599331e-05,5.2760739727040543e-05,1.0290082062553701e-04,1.4453670962031982e-04,1.3450213137694426e-04
162,4.4500066321097900e-04,8.7607169487962761e-07,3.9146433194667176e-06,1.7817191769495953e-05,5.1275220071873810e-05,9.9991230175903686e-05,1.4044032621300209e-04,1.3068597996635710e-04
163,4.3242642639591383e-04,8.5900656127261780e-07,3.8128374385429034e-06,1.7321468552002535e-05,4.9831248137670748e-05,9.7163649590492363e-05,1.3645999677333812e-04,1.2697821934259452e-04
164,4.2020691357577380e-04,8.4221053658677441e-07,3.7136332660108230e-06,1.6839404697074716e-05,4.8427680733693091e-05,9.4415785051510490e-05,1.3259243638235699e-04,1.2337576290854087e-04
165,4.0833215713057469e-04,8.2568174666164459e-07,3.6169667412425269e-06,1.6370632709235598e-05,4.7063404841884435e-05,9.1745405692298030e-05,1.2883445289644195e-04,1.1987561250281047e-04
166,3.9679246687406391e-04,8.0941822631960255e-07,3.5227752358183863e-06,1.5914794379777426e-05,4.5737336909114972e-05,8.9150341952573406e-05,1.2518294434116329e-04,1.1647485582929685e-04
167,3.8557842251143445e-04,7.9341792497875081e-07,3.4309975310548698e-06,1.5471540593632428e-05,4.4448422149660530e-05,8.6628483970853205e-05,1.2163489637734589e-04,1.1317066396390877e-04
168,3.7468086628982173e-04,7.7767871207634716e-07,3.3415737951763830e-06,1.5040531137207949e-05,4.3195633858281213e-05,8.4177780013632586e-05,1.1818737983743726e-04,1.0996028893601000e-04
169,3.6409089583751118e-04,7.6219838230627773e-07,3.2544455602007775e-06,1.4621434507452375e-05,4.1977972734211005e-05,8.1796234940880675e-05,1.1483754833028985e-04,1.0684106138217024e-04
170,3.5379985718780437e-04,7.4697466067416749e-07,3.1695556986024383e-06,1.4213927722391548e-05,4.0794466216320056e-05,7.9481908707377418e-05,1.1158263591251719e-04,1.0381038826992156e-04
171,3.4379933798352316e-04,7.3200520737377233e-07,3.0868483998115759e-06,1.3817696133350744e-05,3.9644167829666290e-05,7.7232914899394927e-05,1.0841995482462866e-04,1.0086575068929717e-04
172,3.3408116085816236e-04,7.1728762248834434e-07,3.0062691466034292e-06,1.3432433239054486e-05,3.8526156543611146e-05,7.5047419306204153e-05,1.0534689329019152e-04,9.8004701710009264e-05
173,3.2463737698974098e-04,7.0281945052070091e-07,2.9277646914265218e-06,1.3057840501775388e-05,3.7439536141635921e-05,7.2923638525870598e-05,1.0236091337631396e-04,9.5224864302197868e-05
174,3.1546025982344265e-04,6.8859818475575810e-07,2.8512830327148454e-06,1.2693627165683609e-05,3.6383434602961021e-05,7.0859838604787195e-05,9.9459548913783741e-05,9.2523929318756465e-05
175,3.0654229895918134e-04,6.7462127145930673e-07,2.7767733912248961e-06,1.2339510077530698e-05,3.5357003496037898e-05,6.8854333710379061e-05,9.6640403475240912e-05,8.9899653537308554e-05
176,2.9787619420027780e-04,6.6088611391682975e-07,2.7041861864348290e-06,1.1995213509784840e-05,3.4359417383955063e-05,6.6905484836405585e-05,9.3901148409803050e-05,8.7349857759977623e-05
177,2.8945484975948118e-04,6.4739007631616049e-07,2.6334730130395544e-06,1.1660468986319337e-05,3.3389873241772819e-05,6.5011698540275419e-05,9.1239520932602134e-05,8.4872424969155782e-05
178,2.8127136861862611e-04,6.3413048747778762e-07,2.5645866175724770e-06,1.1335015110742009e-05,3.2447589885777644e-05,6.3171425711784789e-05,8.8653322267732390e-05,8.2465298537539000e-05
179,2.7331904703826782e-04,6.2110464443659951e-07,2.4974808751816009e-06,1.1018597397440309e-05,3.1531807414625366e-05,6.1383160372683508e-05,8.6140415843145656e-05,8.0126480490754767e-05
180,2.6559136921369859e-04,6.0830981587885734e-07,2.4321107665850298e-06,1.0710968105404907e-05,3.0641786662322638e-05,5.9645438506471168e-05,8.3698725536070321e-05,7.7854029820965633e-05
181,2.5808200207380426e-04,5.9574324543816054e-07,2.3684323552283523e-06,1.0411886074883787e-05,2.9776808662978561e-05,5.7956836917822993e-05,8.1326233967566106e-05,7.5646060849886287e-05
182,2.5078479021928117e-04,5.8340215485415255e-07,2.3064027646640742e-06,1.0121116566908622e-05,2.8936174127242338e-05,5.6315972121045681e-05,7.9020980844862835e-05,7.3500741639703505e-05
183,2.4369375099679447e-04,5.7128374699768279e-07,2.2459801561710898e-06,9.8384311057261954e-06,2.8119202930328564e-05,5.4721499256963259e-05,7.6781061350168065e-05,7.1416292450439633e-05
184,2.3680306970571909e-04,5.5938520876611188e-07,2.1871237066301845e-06,9.5636073241591686e-06,2.7325233611518971e-05,5.3172111037635661e-05,7.4604624574661324e-05,6.9390984242347656e-05
185,2.3010709493416932e-04,5.4770371385241106e-07,2.1297935866697118e-06,9.2964288119127873e-06,2.6553622885018102e-05,5.1666536718314903e-05,7.2489871996428274e-05,6.7423137221973132e-05
186,2.2360033402108354e-04,5.3623642539166511e-07,2.0739509390938745e-06,9.0366849668371795e-06,2.5803745162030276e-05,5.0203541096048088e-05,7.0435056001120095e-05,6.5511119430562381e-05
187,2.1727744864119363e-04,5.2498049848855001e-07,2.0195578576044724e-06,8.7841708491485130e-06,2.5074992083916307e-05,4.8781923534340371e-05,6.8438478444155656e-05,6.3653345373539753e-05
188,2.1113325050977337e-04,5.1393308262930388e-07,1.9665773658254996e-06,8.5386870386064162e-06,2.4366772066280655e-05,4.7400517013296751e-05,6.6498489253316286e-05,6.1848274689818439e-05
189,2.0516269720412137e-04,5.0309132398166849e-07,1.9149733966386547e-06,8.3000394946399195e-06,2.3678509853832953e-05,4.6058187204666914e-05,6.4613485070612881e-05,6.0094410859748354e-05
190,1.9936088809879802e-04,4.9245236758622192e-07,1.8647107718365877e-06,8.0680394194093359e-06,2.3009646085861839e-05,4.4753831571224034e-05,6.2781907932335767e-05,5.8390299950544229e-05
191,1.9372306041169824e-04,4.8201335944247082e-07,1.8157551820995462e-06,7.8425031237872242e-06,2.2359636872154207e-05,4.3486378489915228e-05,6.1002243986226564e-05,5.6734529398073010e-05
192,1.8824458535810426e-04,4.7177144849301569e-07,1.7680731673000729e-06,7.6232518962377337e-06,2.1727953379188642e-05,4.2254786398228700e-05,5.9273022244739870e-05,5.5125726823916203e-05
193,1.8292096440992479e-04,4.6172378850904818e-07,1.7216320971394187e-06,7.4101118745701007e-06,2.1114081426428322e-05,4.1058042963230235e-05,5.7592813373390965e-05,5.3562558886656721e-05
194,1.7774782565738883e-04,4.5186753988037185e-07,1.6764001521184655e-06,7.2029139205390321e-06,2.0517521092535844e-05,3.9895164272729673e-05,5.5960228513212272e-05,5.2043730166373147e-05
195,1.7272092027052131e-04,4.4219987131308814e-07,1.6323463048451450e-06,7.0014934972618825e-06,1.9937786331330238e-05,3.8765194048046497e-05,5.4373918136368050e-05,5.0567982081356429e-05
196,1.6783611905779169e-04,4.3271796143802158e-07,1.5894403016795969e-06,6.8056905494200642e-06,1.9374404597304507e-05,3.7667202877852007e-05,5.2832570934002669e-05,4.9134091836094821e-05
197,1.6308940911938192e-04,4.2341900033289638e-07,1.5476526447176438e-06,6.6153493862100322e-06,1.8826916480521250e-05,3.6600287472574318e-05,5.1334912735423090e-05,4.7740871399602710e-05
198,1.5847689059258303e-04,4.1430019096121622e-07,1.5069545741125316e-06,6.4303185670071907e-06,1.8294875350702748e-05,3.5563569938861390e-05,4.9879705457740172e-05,4.6387166513197783e-05
199,1.5399477348688456e-04,4.0535875053073326e-07,1.4673180507343394e-06,6.2504507897044559e-06,1.7777847010331894e-05,3.4556197073606212e-05,4.8465746085118109e-05,4.5071855726858814e-05
200,1.4963937460638061e-04,3.9659191177432769e-07,1.4287157391659331e-06,6.0756027816857601e-06,1.7275409356580249e-05,3.3577339677047564e-05,4.7091865676803740e-05,4.3793849463323053e-05
201,1.4540711455717170e-04,3.8799692415605840e-07,1.3911209910338997e-06,5.9056351933935551e-06,1.6787152051879968e-05,3.2626191884468820e-05,4.5756928403131012e-05,4.2552089109108400e-05
202,1.4129451483749672e-04,3.7957105500507581e-07,1.3545078286724547e-06,5.7404124944483057e-06,1.6312676202957071e-05,3.1701970516026492e-05,4.4459830608717117e-05,4.1345546131670206e-05
203,1.3729819500838552e-04,3.7131159058002646e-07,1.3188509291179605e-06,5.5798028722771506e-06,1.5851594048144424e-05,3.0803914444249790e-05,4.3199499902089089e-05,4.0173221221927099e-05
204,1.3341486994267510e-04,3.6321583706651541e-07,1.2841256084313336e-06,5.4236781332081385e-06,1.5403528652794204e-05,2.9931283978761308e-05,4.1974894271000067e-05,3.9034143461413524e-05
205,1.2964134715028524e-04,3.5528112151012446e-07,1.2503078063453305e-06,5.2719136059859366e-06,1.4968113612610986e-05,2.9083360267778676e-05,4.0785001222715021e-05,3.7927369513339155e-05
206,1.2597452417770254e-04,3.4750479268742327e-07,1.2173740712334180e-06,5.1243880476644516e-06,1.4544992764728199e-05,2.8259444715965867e-05,3.9628836948565778e-05,3.6851982836857415e-05
207,1.2241138607967147e-04,3.3988422191734596e-07,1.1853015453966925e-06,4.9809835518315174e-06,1.4133819906352811e-05,2.7458858418212456e-05,3.8505445512094201e-05,3.5807092923866441e-05
208,1.1894900296114102e-04,3.3241680381524312e-07,1.1540679506651020e-06,4.8415854591206025e-06,1.3734258520804752e-05,2.6680941608927804e-05,3.7413898060121374e-05,3.4791834557686134e-05
209,1.1558452758756619e-04,3.2509995699185474e-07,1.1236515743090307e-06,4.7060822699644085e-06,1.3345981510780100e-05,2.5925053126446805e-05,3.6353292056099020e-05,3.3805367092974961e-05
210,1.1231519306170918e-04,3.1793112469939038e-07,1.0940312552571404e-06,4.5743655595452087e-06,1.2968670938669033e-05,2.5190569892152167e-05,3.5322750535117133e-05,3.2846873756269117e-05
211,1.0913831056513443e-04,3.1090777542683922e-07,1.0651863706162170e-06,4.4463298948969023e-06,1.2602017773762202e-05,2.4476886403927788e-05,3.4321421379959075e-05,3.1915560966545407e-05
212,1.0605126716263584e-04,3.0402740344657425e-07,1.0370968224886507e-06,4.3218727541138905e-06,1.2245721646181386e-05,2.3783414243565999e-05,3.3348476617612558e-05,3.1010657675226788e-05
213,1.0305152366788157e-04,2.9728752931425300e-07,1.0097430250830636e-06,4.2008944476221107e-06,1.1899490607373116e-05,2.3109581597760588e-05,3.2403111735661042e-05,3.0131414725067402e-05
214,1.0013661256860414e-04,2.9068570032396007e-07,9.8310589211351909e-07,4.0832980414678878e-06,1.1563040897006401e-05,2.2454832792325855e-05,3.1484545017996350e-05,2.9277104227370171e-05
215,9.7304136009708110e-05,2.8421949092047784e-07,9.5716682448266569e-07,3.9689892825805720e-06,1.1236096716118403e-05,2.1818627839290607e-05,3.0592016899308709e-05,2.8447018957006680e-05
216,9.4551763832709156e-05,2.7788650307051600e-07,9.3190769824411267e-07,3.8578765259653594e-06,1.0918390006354773e-05,2.1200441996524125e-05,2.9724789337825522e-05,2.7640471764724751e-05
217,9.1877231669960005e-05,2.7168436659467162e-07,9.0731085283928774e-07,3.7498706637831212e-06,1.0609660235153854e-05,2.0599765339559625e-05,2.8882145205785186e-05,2.6856795006244266e-05
218,8.9278339092158982e-05,2.6561073946184031e-07,8.8335907960399165e-07,3.6448850562745399e-06,1.0309654186727085e-05,2.0016102345288619e-05,2.8063387697146216e-05,2.6095339987656701e-05
219,8.6752947807676445e-05,2.5966330804774234e-07,8.6003561053984462e-07,3.5428354644864079e-06,1.0018125758690452e-05,1.9448971487207636e-05,2.7267839752046202e-05,2.5355476426658162e-05
220,8.4298979912272770e-05,2.5383978735917460e-07,8.3732410734580226e-07,3.4436399847584313e-06,9.7348357642048643e-06,1.8897904841906543e-05,2.6494843497538527e-05,2.4636591929159431e-05
221,8.1914416187819642e-05,2.4813792122554912e-07,8.1520865070491848e-07,3.3472189849295117e-06,9.4595517394860592e-06,1.8362447706495406e-05,2.5743759704147959e-05,2.3938091480830246e-05
222,7.9597294448672547e-05,2.4255548245922605e-07,7.9367372982153229e-07,3.2534950422230507e-06,9.1920477565474919e-06,1.7842158226674384e-05,2.5013967257799107e-05,2.3259396953147756e-05
223,7.7345707934378991e-05,2.3709027298610074e-07,7.7270423220407684e-07,3.1623928827714262e-06,8.9321042410425338e-06,1.7336607035158490e-05,2.4304862646684293e-05,2.2599946623532068e-05
224,7.5157803747441418e-05,2.3174012394785454e-07,7.5228543368871653e-07,3.0738393227404773e-06,8.6795077950750599e-06,1.6845376900176337e-05,2.3615859462649328e-05,2.1959194709163639e-05
225,7.3031781334888403e-05,2.2650289577723250e-07,7.3240298869905227e-07,2.9877632110154093e-06,8.4340510248503631e-06,1.6368062383769134e-05,2.2946387916687576e-05,2.1336610914089634e-05
226,7.0965891012440813e-05,2.2137647824766391e-07,7.1304292073716043e-07,2.9040953734102637e-06,8.1955323730410491e-06,1.5904269509623090e-05,2.2295894368144298e-05,2.0731679989237293e-05
227,6.8958432530092403e-05,2.1635879049849669e-07,6.9419161310127245e-07,2.8227685583637163e-06,7.9637559557454045e-06,1.5453615440175218e-05,2.1663840867244248e-05,2.0143901304964050e-05
228,6.7007753677955851e-05,2.1144778103707130e-07,6.7583579982543583e-07,2.7437173840846784e-06,7.7385314039184084e-06,1.5015728162739299e-05,2.1049704710566355e-05,1.9572788435784611e-05
229,6.5112248931256477e-05,2.0664142771881867e-07,6.5796255683654975e-07,2.6668782871118350e-06,7.5196737091583083e-06,1.4590246184405150e-05,2.0452978009100033e-05,1.9017868756925778e-05
230,6.3270358133385695e-05,2.0193773770652203e-07,6.4055929332420990e-07,2.5921894722519583e-06,7.3070030737342930e-06,1.4176818235470872e-05,1.9873167268527789e-05,1.8478683052370058e-05
231,6.1480565215956301e-05,1.9733474740984335e-07,6.2361374331885521e-07,2.5195908638625158e-06,7.1003447647435304e-06,1.3775102981173932e-05,1.9309792981388809e-05,1.7954785134058819e-05
232,5.9741396954829504e-05,1.9283052240617469e-07,6.0711395747375738e-07,2.4490240584447838e-06,6.8995289722883633e-06,1.3384768741493057e-05,1.8762389230787891e-05,1.7445741471935476e-05
233,5.8051421761112550e-05,1.8842315734383474e-07,5.9104829504645827e-07,2.3804322785143554e-06,6.7043906715670854e-06,1.3005493218798914e-05,1.8230503305323610e-05,1.6951130834518296e-05
234,5.6409248506152276e-05,1.8411077582859466e-07,5.7540541607531254e-07,2.3137603277166440e-06,6.5147694887742289e-06,1.2636963233137348e-05,1.7713695324918558e-05,1.6470543939701593e-05
235,5.4813525379577034e-05,1.7989153029447971e-07,5.6017427374686125e-07,2.2489545471556431e-06,6.3305095707087772e-06,1.2278874464934764e-05,1.7211537877243852e-05,1.6003583115492652e-05
236,5.3262938779464694e-05,1.7576360185975654e-07,5.4534410694981786e-07,2.1859627729048743e-06,6.1514594579912268e-06,1.1930931204920607e-05,1.6723615664438073e-05,1.5549861970400340e-05
237,5.1756212233740494e-05,1.7172520016898341e-07,5.3090443301151918e-07,2.1247342946701761e-06,5.9774719617927544e-06,1.1592846111067559e-05,1.6249525159830058e-05,1.5109005073199445e-05
238,5.0292105351932065e-05,1.6777456322196412e-07,5.1684504061275399e-07,2.0652198155745955e-06,5.8084040439822115e-06,1.1264339972355266e-05,1.5788874274382404e-05,1.4680647641802870e-05
239,4.8869412806433685e-05,1.6390995719041594e-07,5.0315598287695205e-07,2.0073714130363453e-06,5.6441167005988869e-06,1.0945141479168541e-05,1.5341282032581067e-05,1.4264435240981478e-05
240,4.7486963342454716e-05,1.6012967622312866e-07,4.8982757062978256e-07,1.9511425007114364e-06,5.4844748485613880e-06,1.0634987000146218e-05,1.4906378257503820e-05,1.3860023488678946e-05
241,4.6143618815849787e-05,1.5643204224036180e-07,4.7685036582527626e-07,1.8964877914732291e-06,5.3293472155251272e-06,1.0333620365301544e-05,1.4483803264808049e-05,1.3467077770676202e-05
242,4.4838273258050715e-05,1.5281540471819589e-07,4.6421517513465815e-07,1.8433632614018045e-06,5.1786062328031562e-06,1.0040792655240068e-05,1.4073207565385627e-05,1.3085272963367202e-05
243,4.3569851967341201e-05,1.4927814046352647e-07,4.5191304369414334e-07,1.7917261147566708e-06,5.0321279312672459e-06,9.7562619963053993e-06,1.3674251576439692e-05,1.2714293164414523e-05
244,4.2337310625736733e-05,1.4581865338035986e-07,4.3993524900801630e-07,1.7415347499069492e-06,4.8897918401481912e-06,9.4797933614880454e-06,1.3286605340745106e-05,1.2353831431060066e-05
245,4.1139634440752037e-05,1.4243537422804289e-07,4.2827329500338612e-07,1.6927487261937995e-06,4.7514808886564203e-06,9.2111583769368114e-06,1.2909948253861086e-05,1.2003589525872487e-05
246,3.9975837311358617e-05,1.3912676037203294e-07,4.1691890623307441e-07,1.6453287317004334e-06,4.6170813103459854e-06,8.9501351339167153e-06,1.2543968799070987e-05,1.1663277669719388e-05
247,3.8844961017454068e-05,1.3589129552778834e-07,4.0586402222316411e-07,1.5992365519056707e-06,4.4864825501470226e-06,8.6965080060615548e-06,1.2188364289830626e-05,1.1332614301758239e-05
248,3.7746074432183548e-05,1.3272748949833484e-07,3.9510079196180352e-07,1.5544350391975690e-06,4.3595771739936898e-06,8.4500674717734030e-06,1.1842840619512666e-05,1.1011325846246085e-05
249,3.6678272756472292e-05,1.2963387790604019e-07,3.8462156852592862e-07,1.5108880832242273e-06,4.2362607809764723e-06,8.2106099416253536e-06,1.1507112018240582e-05,1.0699146485973684e-05
250,3.5640676775145546e-05,1.2660902191910512e-07,3.7441890384263259e-07,1.4685605820594337e-06,4.1164319179496448e-06,7.9779375906277578e-06,1.1180900816611564e-05,1.0395817942135409e-05
251,3.4632432134029986e-05,1.2365150797325688e-07,3.6448554358197864e-07,1.4274184141613655e-06,3.9999919965264335e-06,7.7518581952220153e-06,1.0863937216113381e-05,1.0101089260451553e-05
252,3.3652708637447071e-05,1.2075994748911115e-07,3.5481442217811931e-07,1.3874284111031088e-06,3.8868452123962538e-06,7.5321849748696813e-06,1.0555959066045734e-05,9.8147166033650665e-06
253,3.2700699565525627e-05,1.1793297658564426e-07,3.4539865797564766e-07,1.3485583310542766e-06,3.7768984669000665e-06,7.3187364381083306e-06,1.0256711646761947e-05,9.5364630481397112e-06
254,3.1775621010776487e-05,1.1516925579020121e-07,3.3623154849817379e-07,1.3107768329935375e-06,3.6700612908016318e-06,7.1113362329491200e-06,9.9659474590521493e-06,9.2660983906916756e-06
255,3.0876711233387879e-05,1.1246746974544239e-07,3.2730656583618194e-07,1.2740534516323692e-06,3.5662457701940824e-06,6.9098130014944169e-06,9.6834260194939540e-06,9.0033989549914354e-06
256,3.0003230034715022e-05,1.0982632691361552e-07,3.1861735215128576e-07,1.2383585730308539e-06,3.4653664744828080e-06,6.7140002386572330e-06,9.4089136616018306e-06,8.7481474078773913e-06
257,2.9154458148452287e-05,1.0724455927851901e-07,3.1015771529406468e-07,1.2036634108868150e-06,3.3673403863872835e-06,6.5237361548674943e-06,9.1421833426108601e-06,8.5001325791272522e-06
258,2.8329696648990549e-05,1.0472092204550749e-07,3.0192162453272137e-07,1.1699399834800840e-06,3.2720868339059385e-06,6.3388635426532586e-06,8.8830144557354295e-06,8.2591492866376054e-06
259,2.7528266376475942e-05,1.0225419333987206e-07,2.9390320638986485e-07,1.1371610912541362e-06,3.1795274241897148e-06,6.1592296469882084e-06,8.6311926477477528e-06,8.0249981665663912e-06
260,2.6749507378100296e-05,9.9843173903912038e-08,2.8609674058478004e-07,1.1053002950178133e-06,3.0895859792713878e-06,5.9846860392996298e-06,8.3865096417256690e-06,7.7974855082971026e-06
261,2.5992778365165979e-05,9.7486686792999449e-08,2.7849665607860546e-07,1.0743318947502733e-06,3.0021884735991587e-06,5.8150884950341218e-06,8.1487630648232208e-06,7.5764230940875994e-06
262,2.5257456185481309e-05,9.5183577070921964e-08,2.7109752721989729e-07,1.0442309089927711e-06,2.9172629733244291e-06,5.6502968746810664e-06,7.9177562809218603e-06,7.3616280432703637e-06
263,2.4542935310654555e-05,9.2932711504776089e-08,2.6389406998811540e-07,1.0149730548112770e-06,2.8347395772949882e-06,5.4901750081566735e-06,7.6932982280239910e-06,7.1529226608747345e-06
264,2.3848627337867078e-05,9.0732978259667991e-08,2.5688113833262180e-07,9.8653472831437456e-07,2.7545503597062056e-06,5.3345905824541474e-06,7.4752032602545745e-06,6.9501342905454852e-06
265,2.3173960505717585e-05,8.8583286593465824e-08,2.5005372060483842e-07,9.5889298571128057e-07,2.6766293143640786e-06,5.1834150324680887e-06,7.2632909943402452e-06,6.7530951716355883e-06
266,2.2518379223741087e-05,8.6482566551834959e-08,2.4340693608126332e-07,9.3202552489522063e-07,2.6009123005152405e-06,5.0365234349038605e-06,7.0573861604391495e-06,6.5616423003545177e-06
267,2.1881343615217175e-05,8.4429768663774392e-08,2.3693603157509789e-07,9.0591066753780189e-07,2.5273369902002789e-06,4.8937944051851025e-06,6.8573184571982412e-06,6.3756172948568804e-06
268,2.1262329072893041e-05,8.2423863637861486e-08,2.3063637813429077e-07,8.8052734168038424e-07,2.4558428170878717e-06,4.7551099972749793e-06,6.6629224109182862e-06,6.1948662641593695e-06
269,2.0660825827257197e-05,8.0463842059399609e-08,2.2450346782385266e-07,8.5585506480882973e-07,2.3863709267484378e-06,4.6203556063291527e-06,6.4740372387102320e-06,6.0192396807772915e-06
270,2.0076338527010039e-05,7.8548714088653147e-08,2.1853291059034867e-07,8.3187392739837760e-07,2.3188641283271134e-06,4.4894198741007042e-06,6.2905067155298700e-06,5.8485922569749714e-06
271,1.9508385831387337e-05,7.6677509160343402e-08,2.1272043120652224e-07,8.0856457691573220e-07,2.2532668475769631e-06,4.3621945970194904e-06,6.1121790449808857e-06,5.6827828245273995e-06
272,1.8956500014002353e-05,7.4849275684568298e-08,2.0706186629405325e-07,7.8590820226580568e-07,2.1895250812144194e-06,4.2385746368705646e-06,5.9389067337795903e-06,5.5216742178933504e-06
273,1.8420226577881779e-05,7.3063080749299662e-08,2.0155316142250065e-07,7.6388651867088928e-07,2.1275863525599834e-06,4.1184578339984353e-06,5.7705464697775660e-06,5.3651331607031023e-06
274,1.7899123881379624e-05,7.1318009824602095e-08,1.9619036828252442e-07,7.4248175297035233e-07,2.0673996684282204e-06,4.0017449229659109e-06,5.6069590034414154e-06,5.2130301554665975e-06
275,1.7392762774662286e-05,6.9613166468708311e-08,1.9096964193152937e-07,7.2167662932928971e-07,2.0089154772321007e-06,3.8883394505983664e-06,5.4480090326916870e-06,5.0652393764106051e-06
276,1.6900726246466459e-05,6.7947672036077564e-08,1.8588723810991459e-07,7.0145435534485135e-07,1.9520856282676839e-06,3.7781476963461291e-06,5.2935650910057887e-06,4.9216385653560127e-06
277,1.6422609080840014e-05,6.6320665387555284e-08,1.8093951062615857e-07,6.8179860853928344e-07,1.8968633321460736e-06,3.6710785948995960e-06,5.1434994386924128e-06,4.7821089305489336e-06
278,1.5958017523584189e-05,6.4731302602743797e-08,1.7612290880901065e-07,6.6269352322901805e-07,1.8432031223405095e-06,3.5670436609935352e-06,4.9976879572476088e-06,4.6465350483617614e-06
279,1.5506568958123162e-05,6.3178756694687085e-08,1.7143397502510136e-07,6.4412367775942329e-07,1.7910608178173243e-06,3.4659569163387801e-06,4.8560100467051812e-06,4.5148047677826656e-06
280,1.5067891590535058e-05,6.1662217326964663e-08,1.6686934226032534e-07,6.2607408209511643e-07,1.7403934867203759e-06,3.3677348186212939e-06,4.7183485258965691e-06,4.3868091176144123e-06
281,1.4641624143485607e-05,6.0180890533282851e-08,1.6242573176339006e-07,6.0853016575601261e-07,1.6911594110794015e-06,3.2722961925102177e-06,4.5845895355377744e-06,4.2624422163055289e-06
282,1.4227415558813293e-05,5.8733998439645193e-08,1.5809995074996202e-07,5.9147776608954610e-07,1.6433180525135608e-06,3.1795621626182152e-06,4.4546224440632024e-06,4.1416011843391617e-06
283,1.3824924708521572e-05,5.7320778989177215e-08,1.5388889016588101e-07,5.7490311686976728e-07,1.5968300189022215e-06,3.0894560883589541e-06,4.3283397561286079e-06,4.0241860591069632e-06
284,1.3433820113940895e-05,5.5940485669674693e-08,1.4978952250794973e-07,5.5879283721425985e-07,1.5516570319958441e-06,3.0019035006481687e-06,4.2056370237074861e-06,3.9100997121975118e-06
285,1.3053779672829767e-05,5.4592387243938690e-08,1.4579889970084229e-07,5.4313392081008489e-07,1.5077618959405413e-06,2.9168320403962220e-06,4.0864127597074213e-06,3.7992477690307163e-06
286,1.2684490394190675e-05,5.3275767482955259e-08,1.4191415102871129e-07,5.2791372544018214e-07,1.4651084666906507e-06,2.8341713987415588e-06,3.9705683540349908e-06,3.6915385307716254e-06
287,1.2325648140582987e-05,5.1989924901972153e-08,1.3813248112010719e-07,5.1311996280190536e-07,1.4236616222843597e-06,2.7538532589758663e-06,3.8580079920398185e-06,3.5868828984589592e-06
288,1.1976957377721085e-05,5.0734172499519845e-08,1.3445116798485880e-07,4.9874068860958789e-07,1.3833872339581206e-06,2.6758112401131344e-06,3.7486385752703643e-06,3.4851942992854991e-06
289,1.1638130931151925e-05,4.9507837499419572e-08,1.3086756110159551e-07,4.8476429297325956e-07,1.3442521380762673e-06,2.5999808420561679e-06,3.6423696444759352e-06,3.3863886149692800e-06
290,1.1308889749812097e-05,4.8310261095816136e-08,1.2737907955462578e-07,4.7117949104585208e-07,1.3062241088529061e-06,2.5262993923153929e-06,3.5391133047912487e-06,3.2903841121562550e-06
291,1.0988962676269999e-05,4.7140798201269077e-08,1.2398321021891667e-07,4.5797531393143869e-07,1.2692718318437937e-06,2.4547059942360875e-06,3.4387841530417177e-06,3.1971013747967763e-06
292,1.0678086223464280e-05,4.5998817197931534e-08,1.2067750599195194e-07,4.4514109984725677e-07,1.2333648781865283e-06,2.3851414766913880e-06,3.3412992071093171e-06,3.1064632384399054e-06
293,1.0376004357754995e-05,4.4883699691842092e-08,1.1745958407127455e-07,4.3266648553246691e-07,1.1984736795679987e-06,2.3175483451996268e-06,3.2465778373006657e-06,3.0183947263911212e-06
294,1.0082468288109170e-05,4.3794840270351236e-08,1.1432712427655094e-07,4.2054139789678689e-07,1.1645695038986156e-06,2.2518707344257466e-06,3.1545416996605635e-06,2.9328229876805551e-06
295,9.7972362612473532e-06,4.2731646262700295e-08,1.1127786741502141e-07,4.0875604590233622e-07,1.1316244316734203e-06,2.1880543620276286e-06,3.0651146711758399e-06,2.8496772367904058e-06
296,9.5200733625827971e-06,4.1693537503767443e-08,1.0830961368923077e-07,3.9730091267220399e-07,1.0996113330007354e-06,2.1260464838093148e-06,2.9782227868159528e-06,2.7688886950915914e-06
297,9.2507513227895370e-06,4.0679946100991990e-08,1.0542022114596016e-07,3.8616674781943405e-07,1.0685038452795419e-06,2.0657958501441626e-06,2.8937941783582649e-06,2.6903905339411810e-06
298,8.9890483298403008e-06,3.9690316204485230e-08,1.0260760416530755e-07,3.7534455999029607e-07,1.0382763515073187e-06,2.0072526636320032e-06,2.8117590149474238e-06,2.6141178193934663e-06
299,8.7347488463596705e-06,3.8724103780333000e-08,9.9869731988891653e-08,3.6482560961587646e-07,1.0089039592005720e-06,1.9503685379554033e-06,2.7320494453396919e-06,2.5400074584789027e-06
300,8.4876434321422904e-06,3.7780776387092476e-08,9.7204627286178591e-08,3.5460140186619284e-07,9.8036247991078818e-07,1.8950964579011057e-06,2.6545995417844744e-06,2.4679981470064579e-06
301,8.2475285716901038e-06,3.6859812955483095e-08,9.4610364757956456e-08,3.4466367980119123e-07,9.5262840931903181e-07,1.8413907405136875e-06,2.5793452454966295e-06,2.3980303188461239e-06
302,8.0142065066268094e-06,3.5960703571268985e-08,9.2085069776006699e-08,3.3500441771314309e-07,9.2567890789287121e-07,1.7892069973493982e-06,2.5062243136744875e-06,2.3300460966496345e-06
303,7.7874850728516370e-06,3.5082949261327873e-08,8.9626917058045688e-08,3.2561581465511025e-07,8.9949178208978059e-07,1.7385020977990465e-06,2.4351762680197531e-06,2.2639892439685732e-06
304,7.5671775422984955e-06,3.4226061782899372e-08,8.7234129377032447e-08,3.1649028815029386e-07,8.7404546609160607e-07,1.6892341334496905e-06,2.3661423447167309e-06,2.1998051187302422e-06
305,7.3531024691703260e-06,3.3389563416003231e-08,8.4904976303961979e-08,3.0762046807722611e-07,8.4931900405512170e-07,1.6413623834557299e-06,2.2990654458295024e-06,2.1374406280327807e-06
306,7.1450835405221310e-06,3.2572986759016555e-08,8.2637772983285114e-08,2.9899919072590347e-07,8.2529203286411544e-07,1.5948472808908317e-06,2.2338900920768733e-06,2.0768441842221060e-06
307,6.9429494310697603e-06,3.1775874527396653e-08,8.0430878940117707e-08,2.9061949302009464e-07,8.0194476536886005e-07,1.5496503800529363e-06,2.1705623769460248e-06,2.0179656622143300e-06
308,6.7465336621049847e-06,3.0997779355534698e-08,7.8282696918423024e-08,2.8247460690119159e-07,7.7925797409921679e-07,1.5057343246953622e-06,2.1090299221069358e-06,1.9607563580283208e-06
309,6.5556744644007799e-06,3.0238263601723924e-08,7.6191671749372109e-08,2.7455795386909623e-07,7.5721297543800866e-07,1.4630628171577990e-06,2.0492418340906992e-06,1.9051689484940811e-06
310,6.3702146449940014e-06,2.9496899156224097e-08,7.4156289249106191e-08,2.6686313967576394e-07,7.3579161424167521e-07,1.4216005883717156e-06,1.9911486621959060e-06,1.8511574521036105e-06
311,6.1900014577358248e-06,2.8773267252402909e-08,7.2175075145145716e-08,2.5938394916714418e-07,7.1497624889558674e-07,1.3813133687154265e-06,1.9347023575882901e-06,1.7986771909718292e-06
312,6.0148864775034465e-06,2.8066958280933574e-08,7.0246594030709037e-08,2.5211434126937746e-07,6.9474973679174721e-07,1.3421678596947735e-06,1.8798562335598097e-06,1.7476847538760956e-06
313,5.8447254779694945e-06,2.7377571607026391e-08,6.8369448346222552e-08,2.4504844411522359e-07,6.7509542021696750e-07,1.3041317064260359e-06,1.8265649269142929e-06,1.6981379603437251e-06
314,5.6793783128285900e-06,2.6704715390671195e-08,6.6542277387322769e-08,2.3818055030680681e-07,6.5599711263991661e-07,1.2671734708983651e-06,1.7747843604477291e-06,1.6499958257577788e-06
315,5.5187088003832934e-06,2.6048006409866314e-08,6.4763756338667567e-08,2.3150511231087178e-07,6.3743908538579464e-07,1.2312626059936727e-06,1.7244717064921590e-06,1.6032185274522613e-06
316,5.3625846113944356e-06,2.5407069886808740e-08,6.3032595332892279e-08,2.2501673798285291e-07,6.1940605468767904e-07,1.1963694302425229e-06,1.6755853514930289e-06,1.5577673717686509e-06
317,5.2108771601035554e-06,2.4781539317019225e-08,6.1347538534062233e-08,2.1871018621615774e-07,6.0188316910391183e-07,1.1624651032951876e-06,1.6280848615907059e-06,1.5136047620465111e-06
318,5.0634614983377304e-06,2.4171056301375186e-08,5.9707363244990330e-08,2.1258036271316985e-07,5.8485599729118891e-07,1.1295216020876232e-06,1.5819309491776939e-06,1.4706941675216892e-06
319,4.9202162126096332e-06,2.3575270381023495e-08,5.8110879037804160e-08,2.0662231587457069e-07,5.6831051612330603e-07,1.0975116976826743e-06,1.5370854404038863e-06,1.4290000931063683e-06
320,4.7810233241281383e-06,2.2993838875144560e-08,5.6556926907162861e-08,2.0083123280367556e-07,5.5223309914580188e-07,1.0664089327674009e-06,1.4935112436029949e-06,1.3884880500259575e-06
321,4.6457681916371458e-06,2.2426426721538291e-08,5.5044378445538842e-08,1.9520243542257134e-07,5.3661050535700688e-07,1.0361875997879377e-06,1.4511723186140226e-06,1.3491245272885302e-06
322,4.5143394170026710e-06,2.1872706320002062e-08,5.3572135039995087e-08,1.8973137669693181e-07,5.2142986830628248e-07,1.0068227197038329e-06,1.4100336469724295e-06,1.3108769639631969e-06
323,4.3866287534704557e-06,2.1332357378470249e-08,5.2139127089902547e-08,1.8441363696647444e-07,5.0667868550048681e-07,9.7829002134432369e-07,1.3700612029463237e-06,1.2737137222444742e-06
324,4.2625310165185977e-06,2.0805066761884283e-08,5.0744313245056616e-08,1.7924492037810674e-07,4.9234480810996091e-07,9.5056592134949924e-07,1.3312219253937266e-06,1.2376040612803629e-06
325,4.1419439972318070e-06,2.0290528343761828e-08,4.9386679663665611e-08,1.7422105141889195e-07,4.7841643096557556e-07,9.2362750467979039e-07,1.2934836904176452e-06,1.2025181117424761e-06
326,4.0247683781259702e-06,1.9788442860433333e-08,4.8065239289697246e-08,1.6933797154604466e-07,4.6488208283861111e-07,8.9745250567768000e-07,1.2568152847963236e-06,1.1684268511171796e-06
327,3.9109076513537311e-06,1.9298517767913669e-08,4.6779031149082634e-08,1.6459173591124449e-07,4.5173061699548309e-07,8.7201928966600471e-07,1.2211863801667086e-06,1.1353020796972938e-06
328,3.8002680392237544e-06,1.8820467101376482e-08,4.5527119664289827e-08,1.5997851017663056e-07,4.3895120201954562e-07,8.4730683506764102e-07,1.1865675079397733e-06,1.1031163972544978e-06
329,3.6927584169682234e-06,1.8354011337198509e-08,4.4308593986791513e-08,1.5549456741991470e-07,4.2653331289242496e-07,8.2329471603181034e-07,1.1529300349269542e-06,1.0718431803731290e-06
330,3.5882902376950003e-06,1.7898877257540799e-08,4.3122567346963634e-08,1.5113628512612129e-07,4.1446672232755140e-07,7.9996308555265363e-07,1.1202461396575412e-06,1.0414565604266286e-06
331,3.4867774594626624e-06,1.7454797817433895e-08,4.1968176420963535e-08,1.4690014226353157e-07,4.0274149234876018e-07,7.7729265906613136e-07,1.0884887893674375e-06,1.0119314021784044e-06
332,3.3881364744183603e-06,1.7021512014333470e-08,4.0844580714147855e-08,1.4278271644147888e-07,3.9134796610703722e-07,7.5526469851169678e-07,1.0576317176402540e-06,9.8324328298941225e-07
333,3.2922860399401724e-06,1.6598764760113142e-08,3.9750961960601418e-08,1.3878068114770466e-07,3.8027675992867767e-07,7.3386099684558171e-07,1.0276494026822450e-06,9.5536847261524828e-07
334,3.1991472117272488e-06,1.6186306755460955e-08,3.8686523538359753e-08,1.3489080306305137e-07,3.6951875558831825e-07,7.1306386299289667e-07,9.9851704621312477e-07,9.2828391357603710e-07
335,3.1086432787826655e-06,1.5783894366645951e-08,3.7650489899918214e-08,1.3110993945132875e-07,3.5906509280048561e-07,6.9285610722611670e-07,9.7021055295529498e-07,9.0196720208287533e-07
336,3.0206997002354442e-06,1.5391289504621346e-08,3.6642106017631321e-08,1.2743503562225147e-07,3.4890716192348640e-07,6.7322102695787664e-07,9.4270651070452738e-07,8.7639656950504957e-07
337,2.9352440439497315e-06,1.5008259506430627e-08,3.5660636843615971e-08,1.2386312246540410e-07,3.3903659686963495e-07,6.5414239293633293e-07,9.1598217096561725e-07,8.5155086436269589e-07
338,2.8522059268705793e-06,1.4634577018883212e-08,3.4705366783782227e-08,1.2039131405324620e-07,3.2944526821598659e-07,6.3560443583169222e-07,8.9001543013698896e-07,8.2740953482999951e-07
339,2.7715169570572087e-06,1.4270019884466069e-08,3.3775599185624993e-08,1.1701680531122728e-07,3.2012527650990961e-07,6.1759183320282325e-07,8.6478481122869299e-07,8.0395261173446438e-07
340,2.6931106773560382e-06,1.3914371029457978e-08,3.2870655839419150e-08,1.1373686975313307e-07,3.1106894576398590e-07,6.0008969683318362e-07,8.4026944609867790e-07,7.8116069203818071e-07
341,2.6169225106670795e-06,1.3567418354213149e-08,3.1989876492470346e-08,1.1054885727983921e-07,3.0226881713489001e-07,5.8308356042560150e-07,8.1644905819263594e-07,7.5901492278742923e-07
342,2.5428897067586421e-06,1.3228954625580990e-08,3.1132618376081956e-08,1.0745019203969766e-07,2.9371764278104345e-07,5.6655936764573852e-07,7.9330394577315919e-07,7.3749698551734051e-07
343,2.4709512905865549e-06,1.2898777371429075e-08,3.0298255744908060e-08,1.0443837034883161e-07,2.8540837989399246e-07,5.5050346050436452e-07,7.7081496562432233e-07,7.1658908109870723e-07
344,2.4010480120753390e-06,1.2576688777236382e-08,2.9486179428370394e-08,1.0151095866966301e-07,2.7733418489859416e-07,5.3490256806883737e-07,7.4896351721822401e-07,6.9627391501441358e-07
345,2.3331222973199854e-06,1.2262495584724181e-08,2.8695796393825609e-08,9.8665591646042673e-08,2.6948840781724190e-07,5.1974379549446419e-07,7.2773152733038758e-07,6.7653468305329916e-07
346,2.2671182011681590e-06,1.1956008992492038e-08,2.7926529321177418e-08,9.5899970193399753e-08,2.6186458679348930e-07,5.0501461336668046e-07,7.0710143509129437e-07,6.5735505740962574e-07
347,2.2029813611437741e-06,1.1657044558626680e-08,2.7177816188635794e-08,9.3211859642370113e-08,2.5445644277056771e-07,4.9070284734524097e-07,6.8705617746169184e-07,6.3871917317664079e-07
348,2.1406589526739975e-06,1.1365422105251667e-08,2.6449109869333279e-08,9.0599087934408102e-08,2.4725787432041570e-07,4.7679666810186404e-07,6.6757917511965592e-07,6.2061161522306891e-07
349,2.0800996455828257e-06,1.1080965624986037e-08,2.5739877738515882e-08,8.8059543867925868e-08,2.4026295261896681e-07,4.6328458154301667e-07,6.4865431874774133e-07,6.0301740544167307e-07
350,2.0212535618153870e-06,1.0803503189280347e-08,2.5049601291033246e-08,8.5591175393546808e-08,2.3346591656355815e-07,4.5015541930975996e-07,6.3026595570887466e-07,5.8592199035933405e-07
351,1.9640722343581753e-06,1.0532866858598813e-08,2.4377775768859995e-08,8.3191987957098315e-08,2.2686116802844203e-07,4.3739832954680525e-07,6.1239887709996938e-07,5.6931122909840169e-07
352,1.9085085673213739e-06,1.0268892594416497e-08,2.3723909798386974e-08,8.0860042889007735e-08,2.2044326725449550e-07,4.2500276793315358e-07,5.9503830517255888e-07,5.5317138167935473e-07
353,1.8545167971504005e-06,1.0011420173000783e-08,2.3087525037227924e-08,7.8593455838802650e-08,2.1420692836933218e-07,4.1295848896690487e-07,5.7816988111003576e-07,5.3748909765509622e-07
354,1.8020524549347375e-06,9.7602931009466273e-09,2.2468155830293673e-08,7.6390395253453025e-08,2.0814701503412976e-07,4.0125553749703723e-07,5.6177965315139862e-07,5.2225140506747853e-07
355,1.7510723297829964e-06,9.5153585324354687e-09,2.1865348874892294e-08,7.4249080898328287e-08,2.0225853621358915e-07,3.8988424049515717e-07,5.4585406505167077e-07,5.0744569971692315e-07
356,1.7015344332340685e-06,9.2764671881878541e-09,2.1278662894619973e-08,7.2167782419575922e-08,1.9653664206554350e-07,3.7883519906042137e-07,5.3037994486945954e-07,4.9305973473626034e-07
357,1.6533979646750437e-06,9.0434732760802733e-09,2.0707668321813409e-08,7.0144817946762694e-08,1.9097661994683333e-07,3.6809928065102349e-07,5.1534449407237145e-07,4.7908161046015890e-07
358,1.6066232777374219e-06,8.8162344133969060e-09,2.0151946988340450e-08,6.8178552734651005e-08,1.8557389053215966e-07,3.5766761153582538e-07,5.0073527695127802e-07,4.6549976458177047e-07
359,1.5611718476439475e-06,8.5946115506873702e-09,1.9611091824511461e-08,6.6267397843014932e-08,1.8032400404272035e-07,3.4753156945989555e-07,4.8654021033467657e-07,4.5230296258844130e-07
360,1.5170062394791690e-06,8.3784688972019172e-09,1.9084706565899579e-08,6.4409808853431061e-08,1.7522263658152452e-07,3.3768277651789331e-07,4.7274755359463726e-07,4.3948028846858154e-07
361,1.4740900773575986e-06,8.1676738478757061e-09,1.8572405467863442e-08,6.2604284622009043e-08,1.7026558657236807e-07,3.2811309222940869e-07,4.5934589893606918e-07,4.2702113568200415e-07
362,1.4323880144640762e-06,7.9620969118343538e-09,1.8073813027571409e-08,6.0849366067055412e-08,1.6544877129953912e-07,3.1881460681053659e-07,4.4632416196127789e-07,4.1491519838626133e-07
363,1.3918657039416740e-06,7.7616116423930764e-09,1.7588563713331281e-08,5.9143634990693222e-08,1.6076822354540400e-07,3.0977963463612292e-07,4.3367157250200491e-07,4.0315246291172471e-07
364,1.3524897706031541e-06,7.5660945685222027e-09,1.7116301701034966e-08,5.7485712933486103e-08,1.5622008832310533e-07,3.0100070788728219e-07,4.2137766571137112e-07,3.9172319947835209e-07
365,1.3142277834426892e-06,7.3754251277521897e-09,1.6656680617532059e-08,5.5874260061143224e-08,1.5180061970168296e-07,2.9247057037893345e-07,4.0943227340835280e-07,3.8061795414729254e-07
366,1.2770482289252118e-06,7.1894856004915405e-09,1.6209363290751477e-08,5.4307974082406668e-08,1.4750617772100295e-07,2.8418217156225643e-07,3.9782551566763321e-07,3.6982754100066952e-07
367,1.2409204850313842e-06,7.0081610457314575e-09,1.5774021506394710e-08,5.2785589197248329e-08,1.4333322539395508e-07,2.7612866069710926e-07,3.8654779264787212e-07,3.5934303454307314e-07
368,1.2058147960368242e-06,6.8313392381113482e-09,1.5350335771029057e-08,5.1305875074527431e-08,1.3927832579345033e-07,2.6830338118959252e-07,3.7558977665163618e-07,3.4915576231847726e-07
369,1.1717022480048089e-06,6.6589106063197251e-09,1.4937995081413445e-08,4.9867635858284026e-08,1.3533813922182019e-07,2.6069986509007935e-07,3.6494240441042116e-07,3.3925729773647103e-07
370,1.1385547449722762e-06,6.4907681728053080e-09,1.4536696699893958e-08,4.8469709201866401e-08,1.3150942046028634e-07,2.5331182774716463e-07,3.5459686958838607e-07,3.2963945310187367e-07
371,1.1063449858095114e-06,6.3268074947735578e-09,1.4146145935710272e-08,4.7110965329113219e-08,1.2778901609623741e-07,2.4613316261311525e-07,3.4454461549859774e-07,3.2029427284196399e-07
372,1.0750464417344590e-06,6.1669266064442189e-09,1.3766055932058488e-08,4.5790306121832653e-08,1.2417386192611042e-07,2.3915793619652748e-07,3.3477732802576333e-07,3.1121402692572240e-07
373,1.0446333344631465e-06,6.0110259625457433e-09,1.3396147458759690e-08,4.4506664232842305e-08,1.2066098043173992e-07,2.3238038315802086e-07,3.2528692874959504e-07,3.0239120446964295e-07
374,1.0150806149782191e-06,5.8590083830228987e-09,1.3036148710387553e-08,4.3259002223853885e-08,1.1724747832809565e-07,2.2579490154491483e-07,3.1606556826312026e-07,2.9381850752482400e-07
375,9.8636394289810401e-07,5.7107789989341543e-09,1.2685795109712187e-08,4.2046311727507243e-08,1.1393054418039015e-07,2.1939604816094945e-07,3.0710561968041113e-07,2.8548884504019970e-07
376,9.5845966642981144e-07,5.5662451995158433e-09,1.2344829116320986e-08,4.0867612632877284e-08,1.1070744608859414e-07,2.1317853406722391e-07,2.9839967232836238e-07,2.7739532699691698e-07
377,9.3134480288886322e-07,5.4253165803903839e-09,1.2013000040280989e-08,3.9721952293796396e-08,1.0757552943745257e-07,2.0713722021063405e-07,2.8994052561730143e-07,2.6953125870900746e-07
378,9.0499701977030288e-07,5.2879048928962625e-09,1.1690063860710697e-08,3.8608404759353669e-08,1.0453221471014915e-07,2.0126711317619560e-07,2.8172118308535960e-07,2.6189013528563786e-07
379,8.7939461635520110e-07,5.1539239945177802e-09,1.1375783049132800e-08,3.7526070025949613e-08,1.0157499536381857e-07,1.9556336105974322e-07,2.7373484661167924e-07,2.5446563625035988e-07
380,8.5451650583750635e-07,5.0232898003929152e-09,1.1069926397482498e-08,3.6474073310302930e-08,9.8701435765157189e-08,1.9002124945759312e-07,2.6597491079367095e-07,2.4725162031290678e-07
381,8.3034219795651935e-07,4.8959202358780250e-09,1.0772268850649535e-08,3.5451564342822383e-08,9.5909169184432418e-08,1.8463619756985540e-07,2.5843495748366900e-07,2.4024212028921257e-07
382,8.0685178212068987e-07,4.7717351901484208e-09,1.0482591343435025e-08,3.4457716680773527e-08,9.3195895846238284e-08,1.7940375441417565e-07,2.5110875048046673e-07,2.3343133816545222e-07
383,7.8402591100883583e-07,4.6506564708142079e-09,1.0200680641807426e-08,3.3491727040685986e-08,9.0559381035392983e-08,1.7431959514677530e-07,2.4399023037134215e-07,2.2681364030201775e-07
384,7.6184578463527843e-07,4.5326077595310991e-09,9.9263291883449174e-09,3.2552814649462182e-08,8.7997453256417578e-08,1.6937951748775182e-07,2.3707350952030565e-07,2.2038355277346513e-07
385,7.4029313486577049e-07,4.4175145685862895e-09,9.6593349517544177e-09,3.1640220613664062e-08,8.5508002445081014e-08,1.6457943824768216e-07,2.3035286719842662e-07,2.1413575684057593e-07
386,7.1935021037146446e-07,4.3053041984397253e-09,9.3995012803603347e-09,3.0753207306468452e-08,8.3088978230538330e-08,1.5991538995266057e-07,2.2382274485220930e-07,2.0806508455078780e-07
387,6.9899976200852886e-07,4.1959056962015524e-09,9.1466367594588996e-09,2.9891057771796325e-08,8.0738388246630857e-08,1.5538351756497982e-07,2.1747774150610581e-07,2.0216651446335555e-07
388,6.7922502861137106e-07,4.0892498150267215e-09,8.9005550724366895e-09,2.9053075145134949e-08,7.8454296490958095e-08,1.5098007529674645e-07,2.1131260929536255e-07,1.9643516749570565e-07
389,6.6000972318776809e-07,3.9852689744081571e-09,8.6610748655545512e-09,2.8238582090585394e-08,7.6234821730369319e-08,1.4670142351379577e-07,2.0532224912550643e-07,1.9086630288754846e-07
390,6.4133801950453090e-07,3.8838972213501592e-09,8.4280196163007213e-09,2.7446920253680897e-08,7.4078135951562633e-08,1.4254402572734761e-07,1.9950170645487893e-07,1.8545531427940995e-07
391,6.2319453905266132e-07,3.7850701924040390e-09,8.2012175052194881e-09,2.6677449729534451e-08,7.1982462855514735e-08,1.3850444567091736e-07,1.9384616719673237e-07,1.8019772590233879e-07
392,6.0556433838125778e-07,3.6887250765482997e-09,7.9805012911240810e-09,2.5929548545886195e-08,6.9946076394501990e-08,1.3457934446006479e-07,1.8835095373749566e-07,1.7508918887563683e-07
393,5.8843289678974626e-07,3.5948005788959986e-09,7.7657081896049911e-09,2.5202612160633346e-08,6.7967299350507966e-08,1.3076547783263403e-07,1.8301152106791971e-07,1.7012547760955027e-07
394,5.7178610436829232e-07,3.5032368852122075e-09,7.5566797547471208e-09,2.4496052973436944e-08,6.6044501953846340e-08,1.2705969346720376e-07,1.7782345302389921e-07,1.6530248630994680e-07
395,5.5561025037655013e-07,3.4139756272248124e-09,7.3532617639715053e-09,2.3809299851011191e-08,6.4176100540862086e-08,1.2345892837753052e-07,1.7278245863386431e-07,1.6061622558208568e-07
396,5.3989201195117325e-07,3.3269598487121884e-09,7.1553041059194926e-09,2.3141797665712132e-08,6.2360556249605154e-08,1.1996020638083234e-07,1.6788436856971905e-07,1.5606281913067296e-07
397,5.2461844313278947e-07,3.2421339723515710e-09,6.9626606712994353e-09,2.2493006847053078e-08,6.0596373752402491e-08,1.1656063563781963e-07,1.6312513169839230e-07,1.5163850055347098e-07
398,5.0977696420339935e-07,3.1594437673122574e-09,6.7751892466180557e-09,2.1862402945784882e-08,5.8882100024284742e-08,1.1325740626244017e-07,1.5850081173114841e-07,1.4733961022581076e-07
399,4.9535535132541892e-07,3.0788363175780369e-09,6.5927514107206330e-09,2.1249476210188850e-08,5.7216323146253375e-08,1.1004778799936290e-07,1.5400758396788624e-07,1.4316259227342896e-07
400,4.8134172647383363e-07,3.0002599909835602e-09,6.4152124340661652e-09,2.0653731174240459e-08,5.5597671142402461e-08,1.0692912796728019e-07,1.4964173213373389e-07,1.3910399163112692e-07
401,4.6772454765316753e-07,2.9236644089496148e-09,6.2424411806656191e-09,2.0074686257311207e-08,5.4024810849937676e-08,1.0389884846616417e-07,1.4539964530532253e-07,1.3516045118481671e-07
402,4.5449259939121629e-07,2.8490004169025695e-09,6.0743100126131824e-09,1.9511873375085474e-08,5.2496446821161628e-08,1.0095444484666387e-07,1.4127781492419727e-07,1.3132870899459230e-07
403,4.4163498350170898e-07,2.7762200553635158e-09,5.9106946971423601e-09,1.8964837561378205e-08,5.1011320256521614e-08,9.8093483439882946e-08,1.3727283189489384e-07,1.2760559559652652e-07
404,4.2914111010829501e-07,2.7052765316929116e-09,5.7514743161404447e-09,1.8433136600548097e-08,4.9568207967840559e-08,9.5313599545826208e-08,1.3338138376528284e-07,1.2398803138096391e-07
405,4.1700068892245980e-07,2.6361241924767901e-09,5.5965311780567205e-09,1.7916340670209455e-08,4.8165921370877969e-08,9.2612495478852730e-08,1.2960025198684691e-07,1.2047302404513918e-07
406,4.0520372076818916e-07,2.5687184965408702e-09,5.4457507321413620e-09,1.7414031993954315e-08,4.6803305506390455e-08,8.9987938668519892e-08,1.2592630925262707e-07,1.1705766611801520e-07
407,3.9374048934639889e-07,2.5030159885791548e-09,5.2990214849537007e-09,1.6925804503804271e-08,4.5479238088886297e-08,8.7437759814248396e-08,1.2235651691063483e-07,1.1373913255529222e-07
408,3.8260155323234793e-07,2.4389742733838665e-09,5.1562349190801173e-09,1.6451263512119621e-08,4.4192628582290091e-08,8.4959851092283475e-08,1.1888792245059115e-07,1.1051467840259959e-07
409,3.7177773809944512e-07,2.3765519906638244e-09,5.0172854140033839e-09,1.5990025392700810e-08,4.2942417301756512e-08,8.2552164413469865e-08,1.1551765706191405e-07,1.0738163652493667e-07
410,3.6126012916304276e-07,2.3157087904385933e-09,4.8820701690667790e-09,1.5541717270824677e-08,4.1727574540893420e-08,8.0212709730400568e-08,1.1224293326093419e-07,1.0433741540048460e-07
411,3.5104006383799576e-07,2.2564053089960154e-09,4.7504891284778200e-09,1.5105976721965259e-08,4.0547099723675464e-08,7.7939553392540467e-08,1.0906104258537646e-07,1.0137949697696430e-07
412,3.4110912460393636e-07,2.1986031454009465e-09,4.6224449082978792e-09,1.4682451478955813e-08,3.9400020580349589e-08,7.5730816547964698e-08,1.0596935335420028e-07,9.8505434588767169e-08
413,3.3145913207239178e-07,2.1422648385432626e-09,4.4978427253653697e-09,1.4270799147355650e-08,3.8285392346654117e-08,7.3584673590391267e-08,1.0296530849094621e-07,9.5712850933135848e-08
414,3.2208213825003111e-07,2.0873538447134534e-09,4.3765903281015209e-09,1.3870686928791859e-08,3.7202296985691440e-08,7.1499350650224137e-08,1.0004642340878805e-07,9.2999436103720671e-08
415,3.1297041999249599e-07,2.0338345156943190e-09,4.2585979291491693e-09,1.3481791352052624e-08,3.6149842431813749e-08,6.9473124128359217e-08,9.7210283955541444e-08,9.0362945679885433e-08
416,3.0411647264342027e-07,1.9816720773575447e-09,4.1437781397962087e-09,1.3103798011714867e-08,3.5127161855898983e-08,6.7504319271541888e-08,9.4454544416929080e-08,8.7801198870181693e-08
417,2.9551300385340350e-07,1.9308326087541211e-09,4.0320459061366800e-09,1.2736401314095220e-08,3.4133412951411941e-08,6.5591308788098222e-08,9.1776925576451218e-08,8.5312076708456095e-08
418,2.8715292757384418e-07,1.8812830216878200e-09,3.9233184469236545e-09,1.2379304230319158e-08,3.3167777240662450e-08,6.3732511502895841e-08,8.9175212830256789e-08,8.2893520301098514e-08
419,2.7902935822068753e-07,1.8329910407611385e-09,3.8175151930693291e-09,1.2032218056308866e-08,3.2229459400689321e-08,6.1926391050422413e-08,8.6647254355455368e-08,8.0543529123981081e-08
420,2.7113560500328058e-07,1.7859251838833401e-09,3.7145577287488530e-09,1.1694862179496048e-08,3.1317686608214888e-08,6.0171454604902011e-08,8.4190959330356057e-08,7.8260159367679408e-08
421,2.6346516641366421e-07,1.7400547432304261e-09,3.6143697340656002e-09,1.1366963852071210e-08,3.0431707903130636e-08,5.8466251646399316e-08,8.1804296205159848e-08,7.6041522329607188e-08
422,2.5601172487176221e-07,1.6953497666470843e-09,3.5168769292366882e-09,1.1048257970586416e-08,2.9570793569989607e-08,5.6809372761891858e-08,7.9485291021676536e-08,7.3885782851734001e-08
423,2.4876914152205841e-07,1.6517810394808523e-09,3.4220070202586249e-09,1.0738486861733397e-08,2.8734234536996283e-08,5.5199448480319496e-08,7.7232025780675404e-08,7.1791157802594341e-08
424,2.4173145117747559e-07,1.6093200668389374e-09,3.3296896460140145e-09,1.0437400074124103e-08,2.7921341791998939e-08,5.3635148140648039e-08,7.5042636855519644e-08,6.9755914602331904e-08
425,2.3489285740629174e-07,1.5679390562583312e-09,3.2398563267812971e-09,1.0144754175905493e-08,2.7131445815003398e-08,5.2115178792011485e-08,7.2915313450772576e-08,6.7778369789559169e-08
426,2.2824772775804762e-07,1.5276109007800441e-09,3.1524404141104671e-09,9.8603125580451370e-09,2.6363896026740890e-08,5.0638284125023755e-08,7.0848296104500574e-08,6.5856887628846729e-08
427,2.2179058912451307e-07,1.4883091624184685e-09,3.0673770420287223e-09,9.5838452431287226e-09,2.5618060252835838e-08,4.9203243433376687e-08,6.8839875233033848e-08,6.3989878757690784e-08
428,2.1551612323189182e-07,1.4500080560170849e-09,2.9846030795409035e-09,9.3151286995151091e-09,2.4893324203132206e-08,4.7808870604865824e-08,6.6888389716981644e-08,6.2175798871839044e-08
429,2.0941916226055163e-07,1.4126824334818714e-09,2.9040570843905422e-09,9.0539456606987586e-09,2.4189090965749669e-08,4.6454013141010162e-08,6.4992225527332457e-08,6.0413147447888196e-08
430,2.0349468458867226e-07,1.3763077683839951e-09,2.8256792580482096e-09,8.8000849497337248e-09,2.3504780515452785e-08,4.5137551204455505e-08,6.3149814390502312e-08,5.8700466502095733e-08
431,1.9773781065630545e-07,1.3408601409235044e-09,2.7494114018947436e-09,8.5533413085773321e-09,2.2839829235928395e-08,4.3858396693373973e-08,6.1359632491227775e-08,5.7036339384379747e-08
432,1.9214379894644104e-07,1.3063162232459380e-09,2.6751968745677831e-09,8.3135152322157585e-09,2.2193689455577683e-08,4.2615492342094604e-08,5.9620199212230187e-08,5.5419389606509097e-08
433,1.8670804207976830e-07,1.2726532651039209e-09,2.6029805504408672e-09,8.0804128074375393e-09,2.1565828996440653e-08,4.1407810847221850e-08,5.7930075909609006e-08,5.3848279703514470e-08
434,1.8142606301991673e-07,1.2398490798559875e-09,2.5327087792051609e-09,7.8538455561247562e-09,2.0955730735881415e-08,4.0234354018519378e-08,5.6287864722951306e-08,5.2321710127378704e-08
435,1.7629351138605041e-07,1.2078820307950365e-09,2.4643293465246678e-09,7.6336302829353437e-09,2.0362892180673442e-08,3.9094151953857590e-08,5.4692207419173260e-08,5.0838418172091078e-08
436,1.7130615986977934e-07,1.1767310177989811e-09,2.3977914357365350e-09,7.4195889272535308e-09,1.9786825053133766e-08,3.7986262237542659e-08,5.3141784269137378e-08,4.9397176929176501e-08
437,1.6645990075343618e-07,1.1463754642963122e-09,2.3330455905688301e-09,7.2115484192887677e-09,1.9227054888965543e-08,3.6909769161364760e-08,5.1635312956116278e-08,4.7996794272835682e-08
438,1.6175074252685091e-07,1.1167953045394471e-09,2.2700436788488793e-09,7.0093405402069710e-09,1.8683120646477506e-08,3.5863782967721298e-08,5.0171547515200225e-08,4.6636111873856582e-08
439,1.5717480659983717e-07,1.0879709711788946e-09,2.2087388571759548e-09,6.8128017861810637e-09,1.8154574326858595e-08,3.4847439114189820e-08,4.8749277302771220e-08,4.5314004241481635e-08
440,1.5272832410768237e-07,1.0598833831313994e-09,2.1490855365328183e-09,6.6217732362510557e-09,1.7640980605195001e-08,3.3859897558942633e-08,4.7367325995191217e-08,4.4029377792438254e-08
441,1.4840763280701027e-07,1.0325139337353923e-09,2.0910393488112683e-09,6.4361004238868712e-09,1.7141916471925679e-08,3.2900342066412373e-08,4.6024550615876358e-08,4.2781169946362319e-08
442,1.4420917405945993e-07,1.0058444791872012e-09,2.0345571142275131e-09,6.2556332121502248e-09,1.6656970884441064e-08,3.1967979532634833e-08,4.4719840589952487e-08,4.1568348246866598e-08
443,1.4012948990069632e-07,9.7985732725162630e-10,1.9795968096038191e-09,6.0802256723546955e-09,1.6185744428538060e-08,3.1062039329711240e-08,4.3452116825709993e-08,4.0389909507526896e-08
444,1.3616522019233887e-07,9.5453522624061729e-10,1.9261175374935031e-09,5.9097359661259802e-09,1.5727848989452407e-08,3.0181772668848197e-08,4.2220330822098457e-08,3.9244878982079711e-08
445,1.3231309985446142e-07,9.2986135425392100e-10,1.8740794961269460e-09,5.7440262307670657e-09,1.5282907432197524e-08,2.9326451981448793e-08,4.1023463801522438e-08,3.8132309558144727e-08
446,1.2856995617638552e-07,9.0581930867570856e-10,1.8234439501568941e-09,5.5829624678357303e-09,1.4850553290946588e-08,2.8495370317743407e-08,3.9860525867221726e-08,3.7051280973805472e-08
447,1.2493270620355103e-07,8.8239309592131317e-10,1.7741732021818763e-09,5.4264144348443429e-09,1.4430430467201916e-08,2.7687840762462916e-08,3.8730555184538739e-08,3.6000899056399944e-08
448,1.2139835419831233e-07,8.5956712142833800e-10,1.7262305650271388e-09,5.2742555399945277e-09,1.4022192936503181e-08,2.6903195867071621e-08,3.7632617185395935e-08,3.4980294982891593e-08
449,1.1796398917256851e-07,8.3732617988652135e-10,1.6795803347630254e-09,5.1263627398615993e-09,1.3625504463432794e-08,2.6140787098090373e-08,3.6565803795325356e-08,3.3988624561208839e-08
450,1.1462678249019580e-07,8.1565544570086520e-10,1.6341877644412775e-09,4.9826164399461755e-09,1.3240038324683786e-08,2.5399984301053989e-08,3.5529232682410990e-08,3.3025067531958705e-08
451,1.1138398553730685e-07,7.9454046368265277e-10,1.5900190385302259e-09,4.8429003980125956e-09,1.2865477039962091e-08,2.4680175179659863e-08,3.4522046527522535e-08,3.2088826889936894e-08
452,1.0823292745841894e-07,7.7396713996309900e-10,1.5470412480303594e-09,4.7071016301360903e-09,1.2501512110501594e-08,2.3980764789677381e-08,3.3543412315237278e-08,3.1179128224873131e-08
453,1.0517101295666545e-07,7.5392173312449379e-10,1.5052223662522416e-09,4.5751103193827691e-09,1.2147843764976578e-08,2.3301175047199572e-08,3.2592520644863407e-08,3.0295219080866382e-08
454,1.0219572015623995e-07,7.3439084554380676e-10,1.4645312252392172e-09,4.4468197270487006e-09,1.1804180712602286e-08,2.2640844250830825e-08,3.1668585060994949e-08,2.9436368333980182e-08
455,9.9304598525311542e-08,7.1536141494383826e-10,1.4249374928178185e-09,4.3221261063863483e-09,1.1470239903220302e-08,2.1999226617415497e-08,3.0770841403044624e-08,2.8601865587483127e-08
456,9.6495266857700828e-08,6.9682070614710111e-10,1.3864116502592308e-09,4.2009286187486767e-09,1.1145746294171050e-08,2.1375791830923818e-08,2.9898547173216610e-08,2.7791020584234335e-08
457,9.3765411311654723e-08,6.7875630302773581e-10,1.3489249705356168e-09,4.0831292520831989e-09,1.0830432623761528e-08,2.0770024604122190e-08,2.9050980922396595e-08,2.7003162635727856e-08
458,9.1112783504104072e-08,6.6115610065685049e-10,1.3124494971555167e-09,3.9686327417100979e-09,1.0524039191141589e-08,2.0181424252665478e-08,2.8227441653450919e-08,2.6237640067323632e-08
459,8.8535198658834967e-08,6.4400829763679360e-10,1.2769580235629835e-09,3.8573464933204453e-09,1.0226313642407544e-08,1.9609504281259390e-08,2.7427248241441571e-08,2.5493819679206245e-08
460,8.6030533807048106e-08,6.2730138861995480e-10,1.2424240730854789e-09,3.7491805081322953e-09,9.9370107627568713e-09,1.9053791981550841e-08,2.6649738870277189e-08,2.4771086222625473e-08
461,8.3596726038824684e-08,6.1102415700779568e-10,1.2088218794159922e-09,3.6440473101441948e-09,9.6558922745228977e-09,1.8513828041413844e-08,2.5894270485334513e-08,2.4068841890985445e-08
462,8.1231770804058157e-08,5.9516566782590297e-10,1.1761263676151929e-09,3.5418618754273449e-09,9.3827266409230379e-09,1.7989166165308161e-08,2.5160218261597068e-08,2.3386505825361458e-08
463,7.8933720261452866e-08,5.7971526077095055e-10,1.1443131356198293e-09,3.4425415633992829e-09,9.1172888753590317e-09,1.7479372705396730e-08,2.4446975086871668e-08,2.2723513634035378e-08
464,7.6700681674229306e-08,5.6466254342555255e-10,1.1133584362439292e-09,3.3460060500235656e-09,8.8593603561120475e-09,1.6984026303117103e-08,2.3753951059654886e-08,2.2079316925652223e-08
465,7.4530815851215210e-08,5.4999738463707202e-10,1.0832391596597294e-09,3.2521772628814837e-09,8.6087286462800777e-09,1.6502717540910560e-08,2.3080573001234477e-08,2.1453382855611812e-08
466,7.2422335632038061e-08,5.3570990805654723e-10,1.0539328163455963e-09,3.1609793180633636e-09,8.3651873188092989e-09,1.6035048603821062e-08,2.2426283981622042e-08,2.0845193685320158e-08
467,7.0373504415171643e-08,5.2179048583397435e-10,1.0254175204885402e-09,3.0723384588284467e-09,8.1285357864753013e-09,1.5580632950684333e-08,2.1790542858924919e-08,2.0254246353936131e-08
468,6.8382634727624072e-08,5.0822973246627627e-10,9.9767197382925275e-10,2.9861829959838188e-09,7.8985791366741360e-09,1.5139094994635285e-08,2.1172823831776233e-08,1.9680052062259071e-08
469,6.6448086835089605e-08,4.9501849879436725e-10,9.7067544993791782e-10,2.9024432499341911e-09,7.6751279708871454e-09,1.4710069792669710e-08,2.0572616004453042e-08,1.9122135868413228e-08
470,6.4568267391419141e-08,4.8214786614580400e-10,9.4440777890935232e-10,2.8210514943557455e-09,7.4579982486873139e-09,1.4293202744003637e-08,1.9989422964322771e-08,1.8580036294994517e-08
471,6.2741628126297305e-08,4.6960914061959167e-10,9.1884933246634229e-10,2.7419419014484970e-09,7.2470111361586906e-09,1.3888149296981062e-08,1.9422762371268459e-08,1.8053304947354666e-08
472,6.0966664570045237e-08,4.5739384750979551e-10,8.9398100946032659e-10,2.6650504887229848e-09,7.0419928586040321e-09,1.3494574664287737e-08,1.8872165558753339e-08,1.7541506142707016e-08
473,5.9241914814498651e-08,4.4549372586467881e-10,8.6978422175887575e-10,2.5903150672782594e-09,6.8427745574193359e-09,1.3112153546235685e-08,1.8337177146194648e-08,1.7044216549747163e-08
474,5.7565958308940835e-08,4.3390072317816478e-10,8.4624088050968321e-10,2.5176751915294046e-09,6.6491921510174004e-09,1.2740569861889696e-08,1.7817354662326147e-08,1.6561024838490338e-08
475,5.5937414690098666e-08,4.2260699021049336e-10,8.2333338277106793e-10,2.4470721103439603e-09,6.4610861996858708e-09,1.2379516487813542e-08,1.7312268179237819e-08,1.6091531340035909e-08
476,5.4354942645238069e-08,4.1160487593501442e-10,8.0104459849924381e-10,2.3784487195477753e-09,6.2783017742684281e-09,1.2028695004220029e-08,1.6821499956790043e-08,1.5635347715977530e-08
477,5.2817238807422595e-08,4.0088692260812749e-10,7.7935785788287451e-10,2.3117495157619103e-09,6.1006883285610173e-09,1.1687815448314987e-08,1.6344644097108176e-08,1.5192096637185503e-08
478,5.1323036682025226e-08,3.9044586095944668e-10,7.5825693901568045e-10,2.2469205515332956e-09,5.9280995753179634e-09,1.1356596074631412e-08,1.5881306208871737e-08,1.4761411471695685e-08
479,4.9871105603609020e-08,3.8027460549933782e-10,7.3772605589810887e-10,2.1839093917228933e-09,5.7603933657658975e-09,1.1034763122155573e-08,1.5431103081120531e-08,1.4342935981446682e-08
480,4.8460249722317896e-08,3.7036624994103694e-10,7.1774984675932068e-10,2.1226650711161121e-09,5.5974315725262257e-09,1.0722050588052684e-08,1.4993662366307951e-08,1.3936324027614565e-08
481,4.7089307018942212e-08,3.6071406273462610e-10,6.9831336269096961e-10,2.0631380532212479e-09,5.4390799758497198e-09,1.0418200007805050e-08,1.4568622272339269e-08,1.3541239284301330e-08
482,4.5757148347848385e-08,3.5131148271020292e-10,6.7940205658448670e-10,2.0052801902226333e-09,5.2852081530695432e-09,1.0122960241580989e-08,1.4155631263340278e-08,1.3157354960340249e-08
483,4.4462676506983929e-08,3.4215211482764225e-10,6.6100177236379239e-10,1.9490446840561561e-09,5.1356893711816552e-09,9.8360872666579485e-09,1.3754347768908662e-08,1.2784353528988070e-08
484,4.3204825334192187e-08,3.3322972603040742e-10,6.4309873450558002e-10,1.8943860485756894e-09,4.9904004824641050e-09,9.5573439757282556e-09,1.3364439901607757e-08,1.2421926465280391e-08
485,4.1982558829092264e-08,3.2453824120092818e-10,6.2567953783951660e-10,1.8412600727798641e-09,4.8492218230492658e-09,9.2864999809207418e-09,1.2985585182468946e-08,1.2069773990833000e-08
486,4.0794870299801092e-08,3.1607173921511869e-10,6.0873113762091434e-10,1.7896237850694611e-09,4.7120371143654700e-09,9.0233314233763397e-09,1.2617470274275693e-08,1.1727604825878098e-08
487,3.9640781533794734e-08,3.0782444909366430e-10,5.9224083986862070e-10,1.7394354185065616e-09,4.5787333673668540e-09,8.7676207882201534e-09,1.2259790722408624e-08,1.1395135948330258e-08
488,3.8519341992226010e-08,2.9979074624776299e-10,5.7619629196106817e-10,1.6906543770473631e-09,4.4492007894725420e-09,8.5191567247771550e-09,1.1912250703037268e-08,1.1072092359682851e-08
489,3.7429628027035008e-08,2.9196514881705741e-10,5.6058547348361108e-10,1.6432412027213876e-09,4.3233326941385322e-09,8.2777338718828730e-09,1.1574562778450243e-08,1.0758206857541305e-08
490,3.6370742120207487e-08,2.8434231409754905e-10,5.4539668732046198e-10,1.5971575437305572e-09,4.2010254129877883e-09,8.0431526881446460e-09,1.1246447659321475e-08,1.0453219814605007e-08
491,3.5341812144554708e-08,2.7691703505733513e-10,5.3061855098471119e-10,1.5523661234423615e-09,4.0821782104261768e-09,7.8152192870132259e-09,1.0927633973715839e-08,1.0156878963915060e-08
492,3.4341990645405900e-08,2.6968423693806002e-10,5.1623998818009297e-10,1.5088307102520582e-09,3.9666932006739238e-09,7.5937452765283315e-09,1.0617858042643184e-08,9.8689391901902478e-09
493,3.3370454142621554e-08,2.6263897394002126e-10,5.0225022058832574e-10,1.4665160882895553e-09,3.8544752671442507e-09,7.3785476036057191e-09,1.0316863661975077e-08,9.5891623270786039e-09
494,3.2426402452352921e-08,2.5577642598891864e-10,4.8863875987601714e-10,1.4253880289473040e-09,3.7454319841027948e-09,7.1694484027371020e-09,1.0024401890543909e-08,9.3173169601568756e-09
495,3.1509058027988873e-08,2.4909189558228157e-10,4.7539539991528700e-10,1.3854132632061948e-09,3.6394735405432795e-09,6.9662748489777967e-09,9.7402308442490911e-09,9.0531782355149440e-09
496,3.0617665319747452e-08,2.4258080471365512e-10,4.6251020921241383e-10,1.3465594547370917e-09,3.5365126662167595e-09,6.7688590151006352e-09,9.4641154960000573e-09,8.7965276737668430e-09
497,2.9751490152384559e-08,2.3623869187267090e-10,4.4997352353896090e-10,1.3087951737562698e-09,3.4364645597534832e-09,6.5770377327980475e-09,9.1958274813305829e-09,8.5471529893345461e-09
498,2.8909819120507352e-08,2.3006120911917222e-10,4.3777593875999026e-10,1.2720898716136287e-09,3.3392468188182008e-09,6.3906524578176013e-09,8.9351449095237011e-09,8.3048479148550588e-09
499,2.8091959000994180e-08,2.2404411922960558e-10,4.2590830385410869e-10,1.2364138560931448e-09,3.2447793722413823e-09,6.2095491389195154e-09,8.6818521800909030e-09,8.0694120305655197e-09
500,2.7297236182037252e-08,2.1818329291393229e-10,4.1436171412023432e-10,1.2017382674056055e-09,3.1529844140704367e-09,6.0335780905478510e-09,8.4357398044539606e-09,7.8406505985252313e-09
501,2.6524996108337674e-08,2.1247470610135613e-10,4.0312750456610720e-10,1.1680350548542192e-09,3.0637863394866348e-09,5.8625938691101251e-09,8.1966042326817556e-09,7.6183744015374767e-09
502,2.5774602741995951e-08,2.0691443729320090e-10,3.9219724347369820e-10,1.1352769541542513e-09,2.9771116825349367e-09,5.6964551527630815e-09,7.9642476851389084e-09,7.4023995866378731e-09
503,2.5045438038653916e-08,2.0149866498131293e-10,3.8156272613679986e-10,1.1034374653883504e-09,2.8928890556154488e-09,5.5350246246052657e-09,7.7384779889069187e-09,7.1925475130198187e-09
504,2.4336901438456636e-08,1.9622366513040041e-10,3.7121596876620865e-10,1.0724908315797541e-09,2.8110490906866703e-09,5.3781688591798597e-09,7.5191084188425234e-09,6.9886446042712188e-09
505,2.3648409371415029e-08,1.9108580872275919e-10,3.6114920255802853e-10,1.0424120178660569e-09,2.7315243821320979e-09,5.2257582121939448e-09,7.3059575431418372e-09,6.7905222048003046e-09
506,2.2979394776761780e-08,1.8608155936387127e-10,3.5135486792074661e-10,1.0131766912567090e-09,2.6542494312431381e-09,5.0776667133630702e-09,7.0988490732825107e-09,6.5980164403317335e-09
507,2.2329306635904710e-08,1.8120747094739802e-10,3.4182560885684455e-10,9.8476120095788879e-10,2.5791605922726059e-09,4.9337719622925266e-09,6.8976117182198270e-09,6.4109680823576198e-09
508,2.1697609518592922e-08,1.7646018537812496e-10,3.3255426749482504e-10,9.5714255924884462e-10,2.5061960200143623e-09,4.7939550273092930e-09,6.7020790427161153e-09,6.2292224164313560e-09
509,2.1083783141921898e-08,1.7183643035144833e-10,3.2353387876763829e-10,9.3029842289425510e-10,2.4352956188659308e-09,4.6581003471610218e-09,6.5120893296863270e-09,6.0526291141952785e-09
510,2.0487321941814415e-08,1.6733301718802848e-10,3.1475766523360444e-10,9.0420707507758315e-10,2.3664009933321355e-09,4.5260956355008095e-09,6.3274854464459153e-09,5.8810421090363361e-09
511,1.9907734656624199e-08,1.6294683872226623e-10,3.0621903203602859e-10,8.7884740784082385e-10,2.2994553999289948e-09,4.3978317880788153e-09,6.1481147147503807e-09,5.7143194752668911e-09
512,1.9344543922519566e-08,1.5867486724329114e-10,2.9791156199780628e-10,8.5419890501645189e-10,2.2344037004482463e-09,4.2732027925640125e-09,5.9738287845190198e-09,5.5523233107307390e-09
513,1.8797285880313564e-08,1.5451415248718098e-10,2.8982901084741873e-10,8.3024162563777881e-10,2.1711923165440322e-09,4.1521056409215268e-09,5.8044835111384151e-09,5.3949196227372095e-09
514,1.8265509793416968e-08,1.5046181967916286e-10,2.8196530257280743e-10,8.0695618781430630e-10,2.1097691856043206e-09,4.0344402442731561e-09,5.6399388362441840e-09,5.2419782172290310e-09
515,1.7748777676599417e-08,1.4651506762457539e-10,2.7431452489971785e-10,7.8432375305904966e-10,2.0500837178707329e-09,3.9201093501706861e-09,5.4800586718823978e-09,5.0933725910922568e-09
516,1.7246663935252862e-08,1.4267116684740094e-10,2.6687092489118637e-10,7.6232601105515976e-10,1.9920867547714442e-09,3.8090184622136208e-09,5.3247107879548550e-09,4.9489798275191926e-09
517,1.6758755014860296e-08,1.3892745777520514e-10,2.5962890466493658e-10,7.4094516484953427e-10,1.9357305284328579e-09,3.7010757619449088e-09,5.1737667028550931e-09,4.8086804943377603e-09
518,1.6284649060381055e-08,1.3528134896934796e-10,2.5258301722553705e-10,7.2016391646145039e-10,1.8809686223366868e-09,3.5961920329600814e-09,5.0271015772047455e-09,4.6723585452232046e-09
519,1.5823955585272061e-08,1.3173031539935892e-10,2.4572796240825446e-10,6.9996545289458704e-10,1.8277559330900564e-09,3.4942805871670958e-09,4.8845941106022726e-09,4.5399012237104362e-09
520,1.5376295149872537e-08,1.2827189676039438e-10,2.3905858293161937e-10,6.8033343254113291e-10,1.7760486332771248e-09,3.3952571931359271e-09,4.7461264412987405e-09,4.4111989699275960e-09
521,1.4941299048887179e-08,1.2490369583272127e-10,2.3256986055580070e-10,6.6125197196698923e-10,1.7258041353616387e-09,3.2990400064786802e-09,4.6115840487176334e-09,4.2861453299737145e-09
522,1.4518609007710475e-08,1.2162337688219601e-10,2.2625691234396179e-10,6.4270563306738725e-10,1.6769810566106836e-09,3.2055495022026895e-09,4.4808556587380730e-09,4.1646368678654829e-09
523,1.4107876887342013e-08,1.1842866410073414e-10,2.2011498702384686e-10,6.2467941058253948e-10,1.6295391850107433e-09,3.1147084089806873e-09,4.3538331516631304e-09,4.0465730799803310e-09
524,1.3708764397649750e-08,1.1531734008578707e-10,2.1413946144691975e-10,6.0715871996323367e-10,1.5834394461479978e-09,3.0264416452837055e-09,4.2304114727970953e-09,3.9318563119250110e-09
525,1.3320942818745068e-08,1.1228724435786901e-10,2.0832583714244788e-10,5.9012938557656170e-10,1.5386438710255748e-09,2.9406762573239356e-09,4.1104885455577294e-09,3.8203916777609510e-09
526,1.2944092730240153e-08,1.0933627191519787e-10,2.0266973696399330e-10,5.7357762924224971e-10,1.4951155647912569e-09,2.8573413587562436e-09,3.9939651870516751e-09,3.7120869815195365e-09
527,1.2577903748164688e-08,1.0646237182453771e-10,1.9716690182584241e-10,5.5749005909032545e-10,1.4528186763498793e-09,2.7763680720885027e-09,3.8807450260431619e-09,3.6068526409424383e-09
528,1.2222074269325191e-08,1.0366354584735180e-10,1.9181318752696835e-10,5.4185365873111478e-10,1.4117183688353977e-09,2.6976894717523163e-09,3.7707344232481791e-09,3.5046016133838627e-09
529,1.1876311222896434e-08,1.0093784710039630e-10,1.8660456166018711e-10,5.2665577672881380e-10,1.3717807909183010e-09,2.6212405287870836e-09,3.6638423938881816e-09,3.4052493238134712e-09
530,1.1540329829040356e-08,9.8283378749906531e-11,1.8153710060422936e-10,5.1188411637013000e-10,1.3329730489247365e-09,2.5469580570916732e-09,3.5599805324392882e-09,3.3087135948603920e-09
531,1.1213853364353642e-08,9.5698292738547434e-11,1.7660698659651052e-10,4.9752672571971944e-10,1.2952631797443903e-09,2.4747806611992924e-09,3.4590629395147139e-09,3.2149145788404687e-09
532,1.0896612933950835e-08,9.3180788544319660e-11,1.7181050488444103e-10,4.8357198795438409e-10,1.2586201245048025e-09,2.4046486855323811e-09,3.3610061508199823e-09,3.1237746917105246e-09
533,1.0588347249995185e-08,9.0729111970633380e-11,1.6714404095317675e-10,4.7000861196821570e-10,1.2230137029904360e-09,2.3365041650955817e-09,3.2657290681221414e-09,3.0352185488950002e-09
534,1.0288802416494911e-08,8.8341553966779051e-11,1.6260407782776448e-10,4.5682562324109117e-10,1.1884145887854352e-09,2.2702907775660427e-09,3.1731528921759021e-09,2.9491729029318959e-09
535,9.9977317201875514e-09,8.6016449478045308e-11,1.5818719344769248e-10,4.4401235496313886e-10,1.1547942851195924e-09,2.2059537967414417e-09,3.0832010575512083e-09,2.8655665828864312e-09
536,9.7148954273402261e-09,8.3752176324749646e-11,1.5389005811190918e-10,4.3155843940800269e-10,1.1221251013976356e-09,2.1434400473072643e-09,2.9957991693083485e-09,2.7843304354823154e-09
537,9.4400605862984281e-09,8.1547154109468091e-11,1.4970943199242463e-10,4.1945379954792776e-10,1.0903801303925020e-09,2.0826978608859458e-09,2.9108749414682307e-09,2.7053972679019286e-09
538,9.1730008356207091e-09,7.9399843151764699e-11,1.4564216271465928e-10,4.0768864090389283e-10,1.0595332260838181e-09,2.0236770333315452e-09,2.8283581372269274e-09,2.6287017922081013e-09
539,8.9134962176412506e-09,7.7308743449740924e-11,1.4168518300275425e-10,3.9625344362419959e-10,1.0295589821233260e-09,1.9663287832346614e-09,2.7481805108650422e-09,2.5541805713415259e-09
540,8.6613329973067554e-09,7.5272393667739657e-11,1.3783550838810426e-10,3.8513895478511561e-10,1.0004327109095268e-09,1.9106057116032874e-09,2.6702757513038582e-09,2.4817719666491233e-09
541,8.4163034861384529e-09,7.3289370149555998e-11,1.3409023497942108e-10,3.7433618090734813e-10,9.7213042325430145e-10,1.8564617626862812e-09,2.5945794272615786e-09,2.4114160868999666e-09
542,8.1782058711742313e-09,7.1358285956521880e-11,1.3044653729268047e-10,3.6383638068229896e-10,9.4462880862476441e-10,1.8038521859070725e-09,2.5210289339643039e-09,2.3430547387465890e-09
543,7.9468440487499935e-09,6.9477789929847594e-11,1.2690166613934939e-10,3.5363105790221875e-10,9.1790521594407744e-10,1.7527334988761369e-09,2.4495634413676641e-09,2.2766313785906999e-09
544,7.7220274629833616e-09,6.7646565776617616e-11,1.2345294657133309e-10,3.4371195458854870e-10,8.9193763493540654e-10,1.7030634514516709e-09,2.3801238438462906e-09,2.2120910658134950e-09
545,7.5035709488266677e-09,6.5863331178853402e-11,1.2009777588112343e-10,3.3407104431289153e-10,8.6670467799366110e-10,1.6548009908187626e-09,2.3126527113095065e-09,2.1493804173318703e-09
546,7.2912945795600000e-09,6.4126836925069811e-11,1.1683362165567021e-10,3.2470052570521535e-10,8.4218556257008277e-10,1.6079062275581898e-09,2.2470942417028156e-09,2.0884475634429565e-09
547,7.0850235185986592e-09,6.2435866063765839e-11,1.1365801988253648e-10,3.1559281614403977e-10,8.1836009405517276e-10,1.5623404026768056e-09,2.1833942148558916e-09,2.0292421049204476e-09
548,6.8845878754930094e-09,6.0789233078303858e-11,1.1056857310693814e-10,3.0674054562350555e-10,7.9520864914586475e-10,1.5180658555722557e-09,2.1214999476389066e-09,1.9717150713272353e-09
549,6.6898225660020839e-09,5.9185783082645108e-11,1.0756294863830377e-10,2.9813655079236851e-10,7.7271215968323875e-10,1.4750459929055541e-09,2.0613602503901076e-09,1.9158188805098659e-09
550,6.5005671761257162e-09,5.7624391037422180e-11,1.0463887680502918e-10,2.8977386916009947e-10,7.5085209694746841e-10,1.4332452583557847e-09,2.0029253845785943e-09,1.8615072992413177e-09
551,6.3166658299832216e-09,5.6103960985841438e-11,1.0179414925613481e-10,2.8164573346540551e-10,7.2961045639706472e-10,1.3926291032319304e-09,1.9461470216672986e-09,1.8087354049795463e-09
552,6.1379670614297827e-09,5.4623425308921464e-11,9.9026617308569425e-11,2.7374556620262115e-10,7.0896974283984563e-10,1.3531639579175453e-09,1.8909782031421223e-09,1.7574595487101573e-09
553,5.9643236893048130e-09,5.3181743999585075e-11,9.6334190338937108e-11,2.6606697430154287e-10,6.8891295602342247e-10,1.3148172041246569e-09,1.8373733016741894e-09,1.7076373188424794e-09
554,5.7955926962095667e-09,5.1777903955134479e-11,9.3714834218456917e-11,2.5860374395640738e-10,6.6942357663332939e-10,1.2775571479339758e-09,1.7852879833830871e-09,1.6592275061291760e-09
555,5.6316351107141172e-09,5.0410918287650905e-11,9.1166569789996489e-11,2.5134983559983209e-10,6.5048555268726768e-10,1.2413529935991232e-09,1.7346791711698791e-09,1.6121900695803674e-09
556,5.4723158928967113e-09,4.9079825651870728e-11,8.8687471386051926e-11,2.4429937901765483e-10,6.3208328631425827e-10,1.2061748180932254e-09,1.6855050090895678e-09,1.5664861033440820e-09
557,5.3175038231212225e-09,4.7783689590101704e-11,8.6275665386576484e-11,2.3744666860072364e-10,6.1420162090781003e-10,1.1719935463768400e-09,1.6377248277335394e-09,1.5220778045256316e-09
558,5.1670713939611014e-09,4.6521597893753106e-11,8.3929328815589319e-11,2.3078615872979747e-10,5.9682582864252892e-10,1.1387809273667676e-09,1.5912991105933650e-09,1.4789284419192998e-09
559,5.0208947051807838e-09,4.5292661981064496e-11,8.1646687975525197e-11,2.2431245928982677e-10,5.7994159834387963e-10,1.1065095105858898e-09,1.5461894613781258e-09,1.4370023256264721e-09
560,4.8788533616880999e-09,4.4096016290627616e-11,7.9426017118312611e-11,2.1802033130998726e-10,5.6353502370111496e-10,1.0751526234747312e-09,1.5023585722582399e-09,1.3962647775350862e-09
561,4.7408303743736011e-09,4.2930817690306139e-11,7.7265637152195859e-11,2.1190468272594238e-10,5.4759259181365938e-10,1.0446843493459939e-09,1.4597701930095284e-09,1.3566821026359750e-09
562,4.6067120637551562e-09,4.1796244901167747e-11,7.5163914383342082e-11,2.0596056426090760e-10,5.3210117206151833e-10,1.0150795059638449e-09,1.4183891010319912e-09,1.3182215611523839e-09
563,4.4763879663484335e-09,4.0691497936052240e-11,7.3119259291300642e-11,2.0018316542218695e-10,5.1704800529054263e-10,9.8631362473024420e-10,1.3781810722185022e-09,1.2808513414596046e-09
564,4.3497507436861867e-09,3.9615797552408976e-11,7.1130125337406654e-11,1.9456781060994473e-10,5.0242069330364230e-10,9.5836293046112239e-10,1.3391128526493321e-09,1.2445405337723297e-09
565,4.2266960939113653e-09,3.8568384719045656e-11,6.9195007805244956e-11,1.8910995533506650e-10,4.8820718864929503e-10,9.3120432173567852e-10,1.3011521310890780e-09,1.2092591045779568e-09
566,4.1071226658712792e-09,3.7548520096439580e-11,6.7312442672314345e-11,1.8380518254305124e-10,4.7439578469893829e-10,9.0481535180256661e-10,1.2642675122632647e-09,1.1749778717947047e-09
567,3.9909319756420338e-09,3.6555483530270883e-11,6.5481005512055025e-11,1.7864919904096261e-10,4.6097510600507170e-10,8.7917421002718458e-10,1.2284284908925070e-09,1.1416684806339817e-09
568,3.8780283254144940e-09,3.5588573557845765e-11,6.3699310425424611e-11,1.7363783202455059e-10,4.4793409893212946e-10,8.5425970386473094e-10,1.1936054264627605e-09,1.1093033801470521e-09
569,3.7683187246749706e-09,3.4647106927086002e-11,6.1966009001229627e-11,1.6876702570273502e-10,4.3526202255240651e-10,8.3005124134413084e-10,1.1597695187107924e-09,1.0778558004365904e-09
570,3.6617128136157083e-09,3.3730418127768733e-11,6.0279789304440825e-11,1.6403283801672259e-10,4.2294843979953805e-10,8.0652881404835280e-10,1.1268927838046013e-09,1.0472997305142840e-09
571,3.5581227887120880e-09,3.2837858934708745e-11,5.8639374891741185e-11,1.5943143745110389e-10,4.1098320887224883e-10,7.8367298057704873e-10,1.0949480311990772e-09,1.0176098967861596e-09
572,3.4574633304052646e-09,3.1968797962582748e-11,5.7043523853575799e-11,1.5495909993435246e-10,3.9935647488128973e-10,7.6146485047785021e-10,1.0639088411477666e-09,9.8876174214784756e-10
573,3.3596515328306580e-09,3.1122620232102717e-11,5.5491027881991957e-11,1.5061220582621993e-10,3.8805866173268368e-10,7.3988606863303646e-10,1.0337495428521435e-09,9.6073140567247985e-10
574,3.2646068355344294e-09,3.0298726747252647e-11,5.3980711363577332e-11,1.4638723698959060e-10,3.7708046424059439e-10,7.1891880008867217e-10,1.0044451932303054e-09,9.3349570287443692e-10
575,3.1722509571217066e-09,2.9496534083309984e-11,5.2511430496822034e-11,1.4228077394442899e-10,3.6641284046332244e-10,6.9854571531367513e-10,9.7597155628754808e-10,9.0703210653259981e-10
576,3.0825078307818958e-09,2.8715473985380248e-11,5.1082072433249158e-11,1.3828949310151823e-10,3.5604700425611691e-10,6.7874997587662714e-10,9.4830508307174121e-10,8.8131872805726287e-10
577,2.9953035416379953e-09,2.7954992977179574e-11,4.9691554441675186e-11,1.3441016407375284e-10,3.4597441803466760e-10,6.5951522052849461e-10,9.2142289219694234e-10,8.5633429938528280e-10
578,2.9105662658682899e-09,2.7214551979807083e-11,4.8338823094979331e-11,1.3063964706281210e-10,3.3618678574331887e-10,6.4082555167975141e-10,8.9530275091912758e-10,8.3205815538849362e-10
579,2.8282262115503045e-09,2.6493625940254831e-11,4.7022853478776974e-11,1.2697489031910053e-10,3.2667604602221260e-10,6.2266552226072771e-10,8.6992305674839666e-10,8.0847021678083510e-10
580,2.7482155611782769e-09,2.5791703469409804e-11,4.5742648421409198e-11,1.2341292767290182e-10,3.1743436556773372e-10,6.0502012295432670e-10,8.4526281958243683e-10,7.8555097351005865e-10
581,2.6704684158068198e-09,2.5108286489308216e-11,4.4497237744675559e-11,1.1995087613475002e-10,3.0845413268078814e-10,5.8787476979055426e-10,8.2130164434647483e-10,7.6328146862026864e-10
582,2.5949207407747592e-09,2.4442889889408537e-11,4.3285677534752878e-11,1.1658593356307715e-10,2.9972795099760099e-10,5.7121529209260878e-10,7.9801971412535563e-10,7.4164328257195533e-10
583,2.5215103129644477e-09,2.3795041191655332e-11,4.2107049432757709e-11,1.1331537639725205e-10,2.9124863339787029e-10,5.5502792076456835e-10,7.7539777377379567e-10,7.2061851800654825e-10
584,2.4501766695531117e-09,2.3164280224111755e-11,4.0960459944424727e-11,1.1013655745417642e-10,2.8300919608525928e-10,5.3929927691099397e-10,7.5341711399126021e-10,7.0018978494288557e-10
585,2.3808610582140328e-09,2.2550158802944091e-11,3.9845039768387286e-11,1.0704690378665721e-10,2.7500285283535264e-10,5.2401636077904432e-10,7.3205955584828720e-10,6.8034018639336035e-10
586,2.3135063887265323e-09,2.1952240422547024e-11,3.8759943142560226e-11,1.0404391460182318e-10,2.6722300940633713e-10,5.0916654101396058e-10,7.1130743575146458e-10,6.6105330438783987e-10
587,2.2480571859549146e-09,2.1370099953603707e-11,3.7704347208138428e-11,1.0112515923790210e-10,2.5966325810780517e-10,4.9473754421904070e-10,6.9114359083462350e-10,6.4231318639380104e-10
588,2.1844595441576390e-09,2.0803323348879767e-11,3.6677451390737708e-11,9.8288275197723150e-11,2.5231737252320711e-10,4.8071744481147537e-10,6.7155134476416607e-10,6.2410433212145006e-10
589,2.1226610825890865e-09,2.0251507356555362e-11,3.5678476798217037e-11,9.5530966237353965e-11,2.4517930238160514e-10,4.6709465516565971e-10,6.5251449394678579e-10,6.0641168070290946e-10
590,2.0626109023573540e-09,1.9714259240904432e-11,3.4706665634733931e-11,9.2851000508326633e-11,2.3824316857450585e-10,4.5385791603583639e-10,6.3401729412817696e-10,5.8922059823486962e-10
591,2.0042595445025450e-09,1.9191196510134898e-11,3.3761280630596271e-11,9.0246208751950572e-11,2.3150325831366700e-10,4.4099628725014930e-10,6.1604444737164616e-10,5.7251686567440066e-10
592,1.9475589492610261e-09,1.8681946651208260e-11,3.2841604487486133e-11,8.7714482544251952e-11,2.2495402042588974e-10,4.2849913866842235e-10,5.9858108940585541e-10,5.5628666707791221e-10
593,1.8924624164821005e-09,1.8186146871461696e-11,3.1946939338641998e-11,8.5253772590120429e-11,2.1859006078092162e-10,4.1635614139618484e-10,5.8161277733123720e-10,5.4051657817353276e-10
594,1.8389245671644943e-09,1.7703443846859971e-11,3.1076606223597275e-11,8.2862087065283777e-11,2.1240613784870435e-10,4.0455725924768341e-10,5.6512547767490864e-10,5.2519355525745690e-10
595,1.7869013060809787e-09,1.7233493476709013e-11,3.0229944577083610e-11,8.0537490004769367e-11,2.0639715838230743e-10,3.9309274045082505e-10,5.4910555478420908e-10,5.1030492440507527e-10
596,1.7363497854603437e-09,1.6775960644667049e-11,2.9406311731717948e-11,7.8278099736549814e-11,2.0055817322299125e-10,3.8195310958719356e-10,5.3353975954925922e-10,4.9583837098796487e-10
597,1.6872283696968074e-09,1.6330518985893426e-11,2.8605082434102663e-11,7.6082087359105180e-11,1.9488437322394593e-10,3.7112915976047912e-10,5.1841521844521525e-10,4.8178192948806596e-10
598,1.6394966010578028e-09,1.5896850660179121e-11,2.7825648373977868e-11,7.3947675261671746e-11,1.8937108528934717e-10,3.6061194498684663e-10,5.0371942288515706e-10,4.6812397360062326e-10
599,1.5931151663618878e-09,1.5474646130907002e-11,2.7067417726074832e-11,7.1873135685979409e-11,1.8401376852546759e-10,3.5039277280095458e-10,4.8944021887480107e-10,4.5485320661770331e-10
600,1.5480458645993426e-09,1.5063603949693587e-11,2.6329814704328724e-11,6.9856789328315591e-11,1.7880801050067325e-10,3.4046319707151182e-10,4.7556579696048487e-10,4.4195865208433454e-10
601,1.5042515754687783e-09,1.4663430546567823e-11,2.5612279128118192e-11,6.7897003980784551e-11,1.7374952361122525e-10,3.3081501102043467e-10,4.6208468246210726e-10,4.2942964471954054e-10
602,1.4616962288038505e-09,1.4273840025546029e-11,2.4914266000208073e-11,6.5992193210663453e-11,1.6883414154989256e-10,3.2144024043983526e-10,4.4898572598294751e-10,4.1725582159475780e-10
603,1.4203447748648895e-09,1.3894553965465672e-11,2.4235245096080337e-11,6.4140815076787082e-11,1.6405781587446855e-10,3.1233113710123292e-10,4.3625809418851400e-10,4.0542711356234116e-10
604,1.3801631554709816e-09,1.3525301225944135e-11,2.3574700564346785e-11,6.2341370881923248e-11,1.5941661267336370e-10,3.0348017235154307e-10,4.2389126084679503e-10,3.9393373692706561e-10
605,1.3411182759487260e-09,1.3165817758331892e-11,2.2932130537945170e-11,6.0592403960129764e-11,1.5490670932552922e-10,2.9488003089054885e-10,4.1187499812250338e-10,3.8276618535373772e-10
606,1.3031779778745645e-09,1.2815846421532946e-11,2.2307046755828523e-11,5.8892498498112149e-11,1.5052439135204266e-10,2.8652360472471433e-10,4.0019936811811247e-10,3.7191522200422161e-10
607,1.2663110125882288e-09,1.2475136802568435e-11,2.1698974194865188e-11,5.7240278389629197e-11,1.4626604935676208e-10,2.7840398729233974e-10,3.8885471465468851e-10,3.6137187189737580e-10
608,1.2304870154554953e-09,1.2143445041762542e-11,2.1107450711674695e-11,5.5634406122019554e-11,1.4212817605352920e-10,2.7051446775520448e-10,3.7783165528572220e-10,3.5112741448558255e-10
609,1.1956764808590461e-09,1.1820533662432792e-11,2.0532026694131951e-11,5.4073581693948951e-11,1.3810736337747341e-10,2.6284852545197952e-10,3.6712107353735169e-10,3.4117337644172784e-10
610,1.1618507378968437e-09,1.1506171404969899e-11,1.9972264722279378e-11,5.2556541563502773e-11,1.3420029967803688e-10,2.5539982450882492e-10,3.5671411136856320e-10,3.3150152465066660e-10
611,1.1289819267679947e-09,1.1200133065195108e-11,1.9427739238393770e-11,5.1082057625773163e-11,1.3040376699140931e-10,2.4816220860271691e-10,3.4660216184512932e-10,3.2210385939937711e-10
612,1.0970429758266619e-09,1.0902199336885881e-11,1.8898036225961155e-11,4.9648936219113822e-11,1.2671463839012523e-10,2.4112969587317807e-10,3.3677686202122846e-10,3.1297260776016928e-10
613,1.0660075792851215e-09,1.0612156658363475e-11,1.8382752897319962e-11,4.8256017159258794e-11,1.2312987540764193e-10,2.3429647397820335e-10,3.2723008602285741e-10,3.0410021716147659e-10
614,1.0358501755476012e-09,1.0329797063038703e-11,1.7881497389738836e-11,4.6902172800523852e-11,1.1964652553577569e-10,2.2765689529029670e-10,3.1795393832731579e-10,2.9547934914091167e-10
615,1.0065459261570556e-09,1.0054918033814709e-11,1.7393888469701996e-11,4.5586307123331571e-11,1.1626171979293585e-10,2.2120547222864691e-10,3.0894074723320467e-10,2.8710287327541983e-10
616,9.7807069533753809e-10,9.7873223612482020e-12,1.6919555245181012e-11,4.4307354847321657e-11,1.1297267036115357e-10,2.1493687272358533e-10,3.0018305851553927e-10,2.7896386128350898e-10
617,9.5040103011531992e-10,9.5268180053730826e-12,1.6458136885677866e-11,4.3064280569329468e-11,1.0977666828995944e-10,2.0884591580957556e-10,2.9167362926072664e-10,2.7105558129467792e-10
618,9.2351414100238521e-10,9.2732179610927800e-12,1.6009282349829878e-11,4.1856077925535485e-11,1.0667108126521799e-10,2.0292756734309455e-10,2.8340542187631082e-10,2.6337149228130370e-10
619,8.9738788322638717e-10,9.0263401270500150e-12,1.5572650120372776e-11,4.0681768777107966e-11,1.0365335144108243e-10,1.9717693584186344e-10,2.7537159827052979e-10,2.5590523864838077e-10
620,8.7200073849161338e-10,8.7860071778849968e-12,1.5147907946263612e-11,3.9540402418680219e-11,1.0072099333328331e-10,1.9158926844199096e-10,2.6756551419687164e-10,2.4865064497663871e-10
621,8.4733179725593333e-10,8.5520464397953515e-12,1.4734732591770637e-11,3.8431054809022245e-11,9.7871591772016133e-11,1.8615994696968748e-10,2.5998071375895218e-10,2.4160171091468933e-10
622,8.2336074150912974e-10,8.3242897693132130e-12,1.4332809592342263e-11,3.7352827823284439e-11,9.5102799912741803e-11,1.8088448412430211e-10,2.5261092407116784e-10,2.3475260621597806e-10
623,8.0006782803843512e-10,8.1025734352170876e-12,1.3941833017072488e-11,3.6304848526208698e-11,9.2412337303261854e-11,1.7575851976952910e-10,2.4545005007071058e-10,2.2809766591643527e-10
624,7.7743387216748384e-10,7.8867380034981925e-12,1.3561505237584951e-11,3.5286268465718801e-11,8.9797988005475992e-11,1.7077781732971732e-10,2.3849216947665060e-10,2.2163138564883807e-10
625,7.5544023195529317e-10,7.6766282253029734e-12,1.3191536703162593e-11,3.4296262986319068e-11,8.7257598770275304e-11,1.6593826028830483e-10,2.3173152789192114e-10,2.1534841709000735e-10
626,7.3406879284225247e-10,7.4720929277755044e-12,1.2831645721954533e-11,3.3334030561745465e-11,8.4789077264067655e-11,1.6123584878548410e-10,2.2516253404415160e-10,2.0924356353707363e-10
627,7.1330195273048051e-10,7.2729849077254351e-12,1.2481558248096331e-11,3.2398792146329840e-11,8.2390390345475141e-11,1.5666669631228580e-10,2.1877975516141433e-10,2.0331177560915363e-10
628,6.9312260748625977e-10,7.0791608280489877e-12,1.2141007674584223e-11,3.1489790544552243e-11,8.0059562390783423e-11,1.5222702649834887e-10,2.1257791247906050e-10,1.9754814707088150e-10
629,6.7351413685260674e-10,6.8904811168323594e-12,1.1809734631748101e-11,3.0606289798271608e-11,7.7794673666764442e-11,1.4791316999072192e-10,2.0655187687392841e-10,1.9194791077433997e-10
630,6.5446039076037721e-10,6.7068098690687213e-12,1.1487486791172350e-11,2.9747574591139057e-11,7.5593858749531965e-11,1.4372156142111598e-10,2.0069666462231303e-10,1.8650643471603606e-10
631,6.3594567602662960e-10,6.5280147509216788e-12,1.1174018674917551e-11,2.8912949669712068e-11,7.3455304988127769e-11,1.3964873645910209e-10,1.9500743327819006e-10,1.8121921820565835e-10
632,6.1795474342929410e-10,6.3539669064698207e-12,1.0869091469900105e-11,2.8101739280801291e-11,7.1377251011573096e-11,1.3569132894881829e-10,1.8947947766828369e-10,1.7608188814344781e-10
633,6.0047277514749887e-10,6.1845408668686255e-12,1.0572472847290689e-11,2.7313286624594792e-11,6.9357985278155689e-11,1.3184606812681932e-10,1.8410822600066663e-10,1.7109019540310317e-10
634,5.8348537255721012e-10,6.0196144618676032e-12,1.0283936786796097e-11,2.6546953323117501e-11,6.7395844665757466e-11,1.2810977591876919e-10,1.7888923608367404e-10,1.6624001131722818e-10
635,5.6697854437213359e-10,5.8590687336221463e-12,1.0003263405692808e-11,2.5802118903595750e-11,6.5489213102062006e-11,1.2447936431274304e-10,1.7381819165200361e-10,1.6152732426241430e-10
636,5.5093869512011246e-10,5.7027878527410913e-12,9.7302387924840080e-12,2.5078180296309080e-11,6.3636520233513481e-11,1.2095183280696642e-10,1.6889089879696382e-10,1.5694823634113451e-10
637,5.3535261394552513e-10,5.5506590365125079e-12,9.4646548450553995e-12,2.4374551346523106e-11,6.1836240131930814e-11,1.1752426592988310e-10,1.6410328249791768e-10,1.5249896015770254e-10
638,5.2020746372846767e-10,5.4025724692516617e-12,9.2063091132083506e-12,2.3690662340108591e-11,6.0086890037711743e-11,1.1419383083050148e-10,1.5945138325205342e-10,1.4817581568563243e-10
639,5.0549077051175162e-10,5.2584212247165772e-12,8.9550046454523104e-12,2.3025959542463027e-11,5.8387029138591736e-11,1.1095777493702794e-10,1.5493135379969431e-10,1.4397522722380570e-10
640,4.9119041322701459e-10,5.1181011905379634e-12,8.7105498399415167e-12,2.2379904750361752e-11,5.6735257382951909e-11,1.0781342368185185e-10,1.5053945594243986e-10,1.3989372043892969e-10
641,4.7729461371147894e-10,4.9815109946116550e-12,8.4727582994441768e-12,2.1751974856376015e-11,5.5130214326698429e-11,1.0475817829100227e-10,1.4627205745150645e-10,1.3592791949183992e-10
642,4.6379192700713711e-10,4.8485519334030191e-12,8.2414486902352636e-12,2.1141661425505698e-11,5.3570578012763804e-11,1.0178951363624887e-10,1.4212562906371036e-10,1.3207454424527007e-10
643,4.5067123193437262e-10,4.7191279021141088e-12,8.0164446048070369e-12,2.0548470283684158e-11,5.2055063882307133e-11,9.8904976148071914e-11,1.3809674156260867e-10,1.2833040755077960e-10
644,4.3792172193225543e-10,4.5931453266655235e-12,7.7975744282942351e-12,1.9971921117822373e-11,5.0582423716716578e-11,9.6102181787776515e-11,1.3418206294238460e-10,1.2469241261259560e-10
645,4.2553289615796363e-10,4.4705130974462599e-12,7.5846712085136479e-12,1.9411547087068710e-11,4.9151444609542523e-11,9.3378814077074898e-11,1.3037835565213015e-10,1.2115755042618746e-10
646,4.1349455083800509e-10,4.3511425047859307e-12,7.3775725295205048e-12,1.8866894444970041e-11,4.7760947967514992e-11,9.0732622183507997e-11,1.2668247391824924e-10,1.1772289728945639e-10
647,4.0179677086411131e-10,4.2349471761049710e-12,7.1761203885867075e-12,1.8337522172228328e-11,4.6409788539822066e-11,8.8161419060124121e-11,1.2309136114276400e-10,1.1438561238448111e-10
648,3.9042992162688582e-10,4.1218430146995313e-12,6.9801610765085446e-12,1.7823001619755742e-11,4.5096853474850330e-11,8.5663079637877258e-11,1.1960204737537501e-10,1.1114293542781939e-10
649,3.7938464108047756e-10,4.0117481401189070e-12,6.7895450611539512e-12,1.7322916161739489e-11,4.3821061403609980e-11,8.3235539069250454e-11,1.1621164685718301e-10,1.0799218438742175e-10
650,3.6865183203174578e-10,3.9045828300943816e-12,6.6041268741618466e-12,1.6836860858435661e-11,4.2581361549089942e-11,8.0876791021653222e-11,1.1291735563404149e-10,1.0493075326426923e-10
651,3.5822265464756457e-10,3.8002694639794642e-12,6.4237650007084214e-12,1.6364442128419377e-11,4.1376732860809431e-11,7.8584886019181884e-11,1.0971644923756582e-10,1.0195610993690014e-10
652,3.4808851917409599e-10,3.6987324676624743e-12,6.2483217722575311e-12,1.5905277430025962e-11,4.0206183173852966e-11,7.6357929831372811e-11,1.0660628043188132e-10,9.9065794067042939e-11
653,3.3824107886203576e-10,3.5998982599134687e-12,6.0776632622146126e-12,1.5458994951725570e-11,3.9068748391696446e-11,7.4194081907616381e-11,1.0358427702424632e-10,9.6257415064622994e-11
654,3.2867222309200364e-10,3.5036952001284498e-12,5.9116591844056747e-12,1.5025233311180671e-11,3.7963491692151025e-11,7.2091553855937939e-11,1.0064793973773984e-10,9.3528650110459988e-11
655,3.1937407069441646e-10,3.4100535374347529e-12,5.7501827943050489e-12,1.4603641262742953e-11,3.6889502755770936e-11,7.0048607964888333e-11,9.7794840144254129e-11,9.0877242235020324e-11
656,3.1033896345834376e-10,3.3189053611224327e-12,5.5931107929376542e-12,1.4193877413153027e-11,3.5845897016089627e-11,6.8063555767322475e-11,9.5022618656082915e-11,8.8300998451635628e-11
657,3.0155945982399625e-10,3.2301845523673692e-12,5.4403232333835008e-12,1.3795609945212880e-11,3.4831814931066818e-11,6.6134756644878588e-11,9.2328982574443938e-11,8.5797787942643135e-11
658,2.9302832875365546e-10,3.1438267372126990e-12,5.2917034298141238e-12,1.3408516349207577e-11,3.3846421275146315e-11,6.4260616472005142e-11,8.9711704193321926e-11,8.3365540296947697e-11
659,2.8473854377599456e-10,3.0597692407760112e-12,5.1471378689925437e-12,1.3032283161858843e-11,3.2888904451341559e-11,6.2439586298414208e-11,8.7168618957063813e-11,8.1002243797547566e-11
660,2.7668327719888552e-10,2.9779510426506138e-12,5.0065161241701619e-12,1.2666605712599436e-11,3.1958475822782258e-11,6.0670161068872833e-11,8.4697623670202522e-11,7.8705943757607688e-11
661,2.6885589448592659e-10,2.8983127334699615e-12,4.8697307713158269e-12,1.2311187876962889e-11,3.1054369063171700e-11,5.8950878379273882e-11,8.2296674758028322e-11,7.6474740903704000e-11
662,2.6124994879205780e-10,2.8207964726051355e-12,4.7366773076140441e-12,1.1965741836889250e-11,3.0175839525619533e-11,5.7280317267958416e-11,7.9963786576469848e-11,7.4306789804901563e-11
663,2.5385917565376404e-10,2.7453459469660605e-12,4.6072540721709766e-12,1.1629987847752775e-11,2.9322163629330394e-11,5.5657097041290616e-11,7.7697029769886075e-11,7.2200297346367138e-11
664,2.4667748782949307e-10,2.6719063308778473e-12,4.4813621688685849e-12,1.1303654011923164e-11,2.8492638263643096e-11,5.4079876132514413e-11,7.5494529675412072e-11,7.0153521246253925e-11
665,2.3969897028603779e-10,2.6004242470044365e-12,4.3589053913088220e-12,1.0986476058677067e-11,2.7686580208929596e-11,5.2547350992948962e-11,7.3354464772537710e-11,6.8164768614631177e-11
666,2.3291787532675392e-10,2.5308477282924068e-12,4.2397901497913814e-12,1.0678197130281855e-11,2.6903325573876721e-11,5.1058255014606152e-11,7.1275065176638138e-11,6.6232394553267261e-11
667,2.2632861785760143e-10,2.4631261809084995e-12,4.1239254002700215e-12,1.0378567574078532e-11,2.6142229248687263e-11,4.9611357483339971e-11,6.9254611175209325e-11,6.4354800795107829e-11
668,2.1992577078710902e-10,2.3972103481451115e-12,4.0112225752339805e-12,1.0087344740395583e-11,2.5402664373750022e-11,4.8205462561662342e-11,6.7291431805598359e-11,6.2530434382323624e-11
669,2.1370406055647416e-10,2.3330522752686626e-12,3.9015955164624121e-12,9.8042927861302596e-12,2.4684021823341228e-11,4.6839408300384685e-11,6.5383903473052064e-11,6.0757786381834836e-11
670,2.0765836279611681e-10,2.2706052752863764e-12,3.7949604096011989e-12,9.5291824838383592e-12,2.3985709703931972e-11,4.5512065678268511e-11,6.3530448607941354e-11,5.9035390637249034e-11
671,2.0178369810510948e-10,2.2098238956076643e-12,3.6912357205128706e-12,9.2617910361780418e-12,2.3307152866688696e-11,4.4222337668890977e-11,6.1729534361050203e-11,5.7361822556181020e-11
672,1.9607522795000729e-10,2.1506638855768954e-12,3.5903421333516632e-12,9.0019018955575624e-12,2.2647792433764934e-11,4.2969158333954565e-11,5.9979671335850690e-11,5.5735697931950983e-11
673,1.9052825067970033e-10,2.0930821648549390e-12,3.4922024903170676e-12,8.7493045888409730e-12,2.2007085337994355e-11,4.1751491942291092e-11,5.8279412356715217e-11,5.4155671798686721e-11
674,1.8513819765300626e-10,2.0370367926274561e-12,3.3967417330404582e-12,8.5037945469699545e-12,2.1384503875605904e-11,4.0568332113832152e-11,5.6627351272047507e-11,5.2620437318882813e-11
675,1.7990062947581289e-10,1.9824869376184668e-12,3.3038868455606406e-12,8.2651729393639595e-12,2.0779535271592603e-11,3.9418700987838375e-11,5.5022121791342357e-11,5.1128724702496508e-11
676,1.7481123234467311e-10,1.9293928488882896e-12,3.2135667988453255e-12,8.0332465129646186e-12,2.0191681257376153e-11,3.8301648414700138e-11,5.3462396355212088e-11,4.9679300156686516e-11
677,1.6986581449383882e-10,1.8777158273954765e-12,3.1257124968167051e-12,7.8078274357942082e-12,1.9620457660419387e-11,3.7216251170641508e-11,5.1946885037445720e-11,4.8270964865325800e-11
678,1.6506030274280879e-10,1.8274181983028940e-12,3.0402567238404531e-12,7.5887331449016145e-12,1.9065394005448618e-11,3.6161612194678632e-11,5.0474334478192184e-11,4.6902553997444389e-11
679,1.6039073914154673e-10,1.7784632840086168e-12,2.9571340936385335e-12,7.3757861985727066e-12,1.8526033126957416e-11,3.5136859847201728e-11,4.9043526847385713e-11,4.5572935743782006e-11
680,1.5585327771060590e-10,1.7308153778827931e-12,2.8762809995873040e-12,7.1688141326855709e-12,1.8001930792672672e-11,3.4141147189568000e-11,4.7653278837555865e-11,4.4281010380653702e-11
681,1.5144418127347617e-10,1.6844397186921304e-12,2.7976355663634259e-12,6.9676493210943752e-12,1.7492655337672840e-11,3.3173651284109968e-11,4.6302440685189332e-11,4.3025709360354109e-11
682,1.4715981837854367e-10,1.6393024656941185e-12,2.7211376029011051e-12,6.7721288399288667e-12,1.6997787308856980e-11,3.2233572513980637e-11,4.4989895219833971e-11,4.1805994427347977e-11
683,1.4299666030812869e-10,1.5953706743835775e-12,2.6467285566251758e-12,6.5820943356997237e-12,1.6516919119471780e-11,3.1320133922273529e-11,4.3714556940158870e-11,4.0620856759516050e-11
684,1.3895127817213809e-10,1.5526122728745532e-12,2.5743514689254940e-12,6.3973918971030256e-12,1.6049654713412039e-11,3.0432580569871137e-11,4.2475371116206005e-11,3.9469316133745851e-11
685,1.3502034008393793e-10,1.5109960389010364e-12,2.5039509318390447e-12,6.2178719304200928e-12,1.5595609239018085e-11,2.9570178911491171e-11,4.1271312917091221e-11,3.8350420115177280e-11
686,1.3120060841612139e-10,1.4704915774203957e-12,2.4354730459070700e-12,6.0433890384118976e-12,1.5154408732101516e-11,2.8732216189414906e-11,4.0101386563433132e-11,3.7263243269432468e-11
687,1.2748893713391071e-10,1.4310692988038392e-12,2.3688653791754122e-12,5.8738019026100341e-12,1.4725689807938120e-11,2.7917999844396416e-11,3.8964624503808654e-11,3.6206886397178250e-11
688,1.2388226920399771e-10,1.3927003975986161e-12,2.3040769273071156e-12,5.7089731689089940e-12,1.4309099361974337e-11,2.7126856943266040e-11,3.7860086614554466e-11,3.5180475790388121e-11
689,1.2037763407668765e-10,1.3553568318470757e-12,2.2410580747771902e-12,5.5487693363671717e-12,1.3904294279000764e-11,2.6358133622754684e-11,3.6786859422252237e-11,3.4183162509688545e-11
690,1.1697214523927440e-10,1.3190113029480739e-12,2.1797605571202155e-12,5.3930606491266245e-12,1.3510941150553158e-11,2.5611194549079551e-11,3.5744055348254844e-11,3.3214121682191944e-11
691,1.1366299783862964e-10,1.2836372360465996e-12,2.1201374242022942e-12,5.2417209913641183e-12,1.3128716000308147e-11,2.4885422392844466e-11,3.4730811974628596e-11,3.2272551819235421e-11
692,1.1044746637104984e-10,1.2492087609378583e-12,2.0621430044896085e-12,5.0946277851884446e-12,1.2757304017247533e-11,2.4180217318820892e-11,3.3746291330904419e-11,3.1357674153461097e-11
693,1.0732290243745741e-10,1.2157006934724033e-12,2.0057328702865962e-12,4.9516618914014060e-12,1.2396399296371389e-11,2.3494996490187845e-11,3.2789679201048134e-11,3.0468731994689634e-11
694,1.0428673256210713e-10,1.1830885174492521e-12,1.9508638039174832e-12,4.8127075130421387e-12,1.2045704586746394e-11,2.2829193586821087e-11,3.1860184450076606e-11,2.9604990104054169e-11
695,1.0133645607300172e-10,1.1513483669842636e-12,1.8974937648256235e-12,4.6776521016367363e-12,1.1704931046681879e-11,2.2182258337233302e-11,3.0957038369762922e-11,2.8765734085876987e-11
696,9.8469643042270368e-11,1.1204570093413880e-12,1.8455818575657903e-12,4.5463862660772870e-12,1.1373798005831969e-11,2.1553656063778556e-11,3.0079494042889302e-11,2.7950269796786063e-11
697,9.5683932284814138e-11,1.0903918282147052e-12,1.7950883006652259e-12,4.4188036840566222e-12,1.1052032734027855e-11,2.0942867240745009e-11,2.9226825725522223e-11,2.7157922771582500e-11
698,9.2977029413569829e-11,1.0611308074495001e-12,1.7459743963299250e-12,4.2948010159870380e-12,1.0739370216649827e-11,2.0349387064970770e-11,2.8398328246798530e-11,2.6388037665384240e-11
699,9.0346704949790403e-11,1.0326525151909121e-12,1.6982025009732442e-12,4.1742778213334204e-12,1.0435552936354029e-11,1.9772725038627899e-11,2.7593316425726480e-11,2.5639977711584417e-11
700,8.7790792486785690e-11,1.0049360884490029e-12,1.6517359965445664e-12,4.0571364772929695e-12,1.0140330660974163e-11,1.9212404563829750e-11,2.6811124504519032e-11,2.4913124195176194e-11
701,8.5307186905611014e-11,9.7796121806936960e-13,1.6065392626363417e-12,3.9432820997557839e-12,9.8534602374235129e-12,1.8667962548726662e-11,2.6051105597991038e-11,2.4206875941008318e-11
702,8.2893842641234126e-11,9.5170813409871403e-13,1.5625776493484124e-12,3.8326224664823077e-12,9.5747053914274195e-12,1.8138949024764336e-11,2.5312631158564750e-11,2.3520648816548187e-11
703,8.0548771997752070e-11,9.2615759153505467e-13,1.5198174508891061e-12,3.7250679424354721e-12,9.3038365329213934e-12,1.7624926774788627e-11,2.4595090456441267e-11,2.2853875248741151e-11
704,7.8270043511270989e-11,9.0129085645253442e-13,1.4782258798931299e-12,3.6205314072071141e-12,9.0406305669544907e-12,1.7125470971689349e-11,2.3897890074507980e-11,2.2206003754566394e-11
705,7.6055780359099952e-11,8.7708969249103593e-13,1.4377710424368385e-12,3.5189281844799240e-12,8.7848707099422456e-12,1.6640168827284443e-11,2.3220453417564277e-11,2.1576498484901191e-11
706,7.3904158813948780e-11,8.5353634770107245e-13,1.3984219137319802e-12,3.4201759734678569e-12,8.5363463111178337e-12,1.6168619251154289e-11,2.2562220235459649e-11,2.0964838781316099e-11
707,7.1813406741856710e-11,8.3061354173466891e-13,1.3601483144795283e-12,3.3241947822794973e-12,8.2948526790343653e-12,1.5710432519144217e-11,2.1922646159749711e-11,2.0370518745434723e-11
708,6.9781802142614710e-11,8.0830445337318846e-13,1.3229208878657088e-12,3.2309068631504699e-12,8.0601909129754567e-12,1.5265229951261176e-11,2.1301202253487088e-11,1.9793046820501624e-11
709,6.7807671731479360e-11,7.8659270838329520e-13,1.2867110771828164e-12,3.1402366494924617e-12,7.8321677391351923e-12,1.4832643598698444e-11,2.0697374573774665e-11,1.9231945384812482e-11
710,6.5889389561010016e-11,7.6546236769247029e-13,1.2514911040578801e-12,3.0521106947079242e-12,7.6105953514325634e-12,1.4412315939729568e-11,2.0110663746719511e-11,1.8686750356670099e-11
711,6.4025375681894361e-11,7.4489791587572508e-13,1.2172339472727032e-12,2.9664576127209228e-12,7.3952912568292880e-12,1.4003899584220312e-11,1.9540584554435899e-11,1.8157010810539507e-11
712,6.2214094841659242e-11,7.2488424994536869e-13,1.1839133221592431e-12,2.8832080201760098e-12,7.1860781250235764e-12,1.3607056986514314e-11,1.8986665533755924e-11,1.7642288604084802e-11
713,6.0454055220194965e-11,7.0540666843590140e-13,1.1515036605547301e-12,2.8022944802583455e-12,6.9827836423960816e-12,1.3221460166455170e-11,1.8448448586315687e-11,1.7142158015779046e-11
714,5.8743807201051795e-11,6.8645086077630925e-13,1.1199800913013534e-12,2.7236514480895844e-12,6.7852403700877222e-12,1.2846790438314400e-11,1.7925488599694773e-11,1.6656205392787655e-11
715,5.7081942177496411e-11,6.6800289694223734e-13,1.0893184212757412e-12,2.6472152176553524e-12,6.5932856060924849e-12,1.2482738147401183e-11,1.7417353079295485e-11,1.6184028808833926e-11
716,5.5467091392345152e-11,6.5004921738071417e-13,1.0594951169338746e-12,2.5729238702213426e-12,6.4067612512516325e-12,1.2129002414136275e-11,1.6923621790657530e-11,1.5725237731763782e-11
717,5.3897924810618408e-11,6.3257662320029045e-13,1.0304872863574528e-12,2.5007172241962905e-12,6.2255136790389475e-12,1.1785290885378450e-11,1.6443886411912275e-11,1.5279452700534700e-11
718,5.2373150024087672e-11,6.1557226661964133e-13,1.0022726617881136e-12,2.4305367864012469e-12,6.0493936090297435e-12,1.1451319492798061e-11,1.5977750196089135e-11,1.4846305011361732e-11
719,5.0891511186813040e-11,5.9902364166785997e-13,9.7482958263627308e-13,2.3623257047057090e-12,5.8782559839494542e-12,1.1126812218097949e-11,1.5524827642994806e-11,1.4425436412760983e-11
720,4.9451787980794294e-11,5.8291857512985200e-13,9.4813697895171614e-13,2.2960287219922694e-12,5.7119598502005252e-12,1.0811500864887643e-11,1.5084744180394010e-11,1.4016498809238281e-11
721,4.8052794610883987e-11,5.6724521773040235e-13,9.2217435534340822e-13,2.2315921314125329e-12,5.5503682417691956e-12,1.0505124837022386e-11,1.4657135854228011e-11,1.3619153973378045e-11
722,4.6693378828134165e-11,5.5199203555066459e-13,8.9692177533634706e-13,2.1689637328980742e-12,5.3933480674165721e-12,1.0207430923223646e-11,1.4241649027614770e-11,1.3233073266094095e-11
723,4.5372420980772990e-11,5.3714780167097696e-13,8.7235984615359323e-13,2.1080927908912448e-12,5.2407700010610664e-12,9.9181730878032656e-12,1.3837940088381730e-11,1.2857937364811118e-11
724,4.4088833092029031e-11,5.2270158803407170e-13,8.4846970391194911e-13,2.0489299932616193e-12,5.0925083752619222e-12,9.6371122673181300e-12,1.3445675164889424e-11,1.2493435999351912e-11
725,4.2841557964044028e-11,5.0864275752289870e-13,8.2523299922005938e-13,1.9914274113748161e-12,4.9484410777160965e-12,9.3640161729873998e-12,1.3064529849910786e-11,1.2139267695311972e-11
726,4.1629568307136076e-11,4.9496095624743333e-13,8.0263188316801905e-13,1.9355384612813880e-12,4.8084494506832470e-12,9.0986590987089433e-12,1.2694188932337891e-11,1.1795139524709157e-11
727,4.0451865893695896e-11,4.8164610603498913e-13,7.8064899369786029e-13,1.8812178659943509e-12,4.6724181932560007e-12,8.8408217345163241e-12,1.2334346136494200e-11,1.1460766863702174e-11
728,3.9307480736019451e-11,4.6868839711869130e-13,7.5926744234458610e-13,1.8284216188248376e-12,4.5402352663949812e-12,8.5902909853221384e-12,1.1984703868836675e-11,1.1135873157177539e-11
729,3.8195470287399726e-11,4.5607828101891664e-13,7.3847080133769609e-13,1.7771069477461818e-12,4.4117918006504260e-12,8.3468597947979311e-12,1.1644972971838354e-11,1.0820189690010220e-11
730,3.7114918665819664e-11,4.4380646361262879e-13,7.1824309105341579e-13,1.7272322807575961e-12,4.2869820064943395e-12,8.1103269742450916e-12,1.1314872484847737e-11,1.0513455364808853e-11
731,3.6064935899606842e-11,4.3186389838568334e-13,6.9856876780811868e-13,1.6787572122194121e-12,4.1657030871893687e-12,7.8804970363153070e-12,1.0994129411727309e-11,1.0215416485961638e-11
732,3.5044657194428618e-11,4.2024177986329229e-13,6.7943271198367291e-13,1.6316424701326234e-12,4.0478551541226182e-12,7.6571800334431447e-12,1.0682478495078949e-11,9.9258265498043164e-12
733,3.4053242221024041e-11,4.0893153721397447e-13,6.6082021647570904e-13,1.5858498843362538e-12,3.9333411445346684e-12,7.4401914008572318e-12,1.0379661996869534e-11,9.6444460407366704e-12
734,3.3089874423085826e-11,3.9792482802243167e-13,6.4271697545604004e-13,1.5413423555968051e-12,3.8220667415760599e-12,7.2293518040402493e-12,1.0085429485275305e-11,9.3710422331189365e-12
735,3.2153760344722408e-11,3.8721353222691675e-13,6.2510907344070539e-13,1.4980838255647664e-12,3.7139402966253640e-12,7.0244869905117246e-12,9.7995376275686978e-12,9.1053889987842340e-12
736,3.1244128976946088e-11,3.7678974621676750e-13,6.0798297465534448e-13,1.4560392475738618e-12,3.6088727538048924e-12,6.8254276458110493e-12,9.5217499888763533e-12,8.8472666200078150e-12
737,3.0360231122649110e-11,3.6664577708590181e-13,5.9132551268982442e-13,1.4151745582594032e-12,3.5067775766318605e-12,6.6320092535617748e-12,9.2518368366418757e-12,8.5964616077784713e-12
738,2.9501338779544566e-11,3.5677413703817207e-13,5.7512388043427056e-13,1.3754566499727737e-12,3.4075706767445822e-12,6.4440719595014351e-12,8.9895749506316102e-12,8.3527665252217221e-12
739,2.8666744540563914e-11,3.4716753794058850e-13,5.5936562028885872e-13,1.3368533439697102e-12,3.3111703446450146e-12,6.2614604393646054e-12,8.7347474383263222e-12,8.1159798160288145e-12
740,2.7855761011217312e-11,3.3781888602052309e-13,5.4403861463993319e-13,1.2993333643506850e-12,3.2174971824005955e-12,6.0840237705099476e-12,8.4871435555460830e-12,7.8859056377495470e-12
741,2.7067720243436843e-11,3.2872127670310876e-13,5.2913107659522337e-13,1.2628663127322856e-12,3.1264740382499459e-12,5.9116153071851524e-12,8.2465585321600353e-12,7.6623536998110919e-12
742,2.6301973185436339e-11,3.1986798958514620e-13,5.1463154097111731e-13,1.2274226436290967e-12,3.0380259430585897e-12,5.7440925593267149e-12,8.0127934027368662e-12,7.4451391061288067e-12
743,2.5557889147134674e-11,3.1125248354192697e-13,5.0052885552514990e-13,1.1929736405261532e-12,2.9520800485723308e-12,5.5813170747943069e-12,7.7856548419959456e-12,7.2340822021788606e-12
744,2.4834855280702317e-11,3.0286839196347858e-13,4.8681217242704548e-13,1.1594913926225909e-12,2.8685655674174543e-12,5.4231543249424989e-12,7.5649550049230446e-12,7.0290084264062031e-12
745,2.4132276075803171e-11,2.9470951811682281e-13,4.7347093996183454e-13,1.1269487722276766e-12,2.7874137147983252e-12,5.2694735934351762e-12,7.3505113714183899e-12,6.8297481658449482e-12
746,2.3449572869116119e-11,2.8676983063093322e-13,4.6049489445874140e-13,1.0953194127909134e-12,2.7085576518443577e-12,5.1201478682108163e-12,7.1421465953485864e-12,6.6361366158317701e-12
747,2.2786183367732146e-11,2.7904345910116229e-13,4.4787405243970975e-13,1.0645776875484377e-12,2.6319324305597077e-12,4.9750537365092897e-12,6.9396883578775602e-12,6.4480136436962801e-12
748,2.2141561186034668e-11,2.7152468980999154e-13,4.3559870298160063e-13,1.0346986887684238e-12,2.5574749403303382e-12,4.8340712828734570e-12,6.7429692249552222e-12,6.2652236563156358e-12
749,2.1515175395681465e-11,2.6420796156104335e-13,4.2365940028625558e-13,1.0056582075786927e-12,2.4851238559444030e-12,4.6970839900412526e-12,6.5518265088459910e-12,6.0876154714238301e-12
750,2.0906510088317690e-11,2.5708786162337171e-13,4.1204695645278053e-13,9.7743271436019526e-13,2.4148195870831363e-12,4.5639786426463265e-12,6.3661021335826533e-12,5.9150421925692272e-12
751,2.0315063950659712e-11,2.5015912178312657e-13,4.0075243444655398e-13,9.4999933969049807e-13,2.3465042292406478e-12,4.4346452336476765e-12,6.1856425042342908e-12,5.7473610876169153e-12
752,1.9740349851599885e-11,2.4341661449976411e-13,3.8976714125961523e-13,9.2333585582184478e-13,2.2801215160321972e-12,4.3089768734109229e-12,6.0102983798801489e-12,5.5844334706953919e-12
753,1.9181894440992157e-11,2.3685534916404852e-13,3.7908262125723218e-13,8.9742065867879847e-13,2.2156167728516730e-12,4.1868697013660812e-12,5.8399247501843962e-12,5.4261245874899269e-12
754,1.8639237759787987e-11,2.3047046845516251e-13,3.6869064970558932e-13,8.7223275036089175e-13,2.1529368718400979e-12,4.0682228001688186e-12,5.6743807154696906e-12,5.2723035037877376e-12
755,1.8111932861201611e-11,2.2425724479431519e-13,3.5858322647567488e-13,8.4775172213611905e-13,2.0920301881280850e-12,3.9529381122942607e-12,5.5135293701903760e-12,5.1228429971827793e-12
756,1.7599545442592498e-11,2.1821107689230354e-13,3.4875256991857565e-13,8.2395773791150212e-13,2.0328465573161898e-12,3.8409203589943883e-12,5.3572376897089424e-12,4.9776194518505969e-12
757,1.7101653487761930e-11,2.1232748638855057e-13,3.3919111090752558e-13,8.0083151816735041e-13,1.9753372341581491e-12,3.7320769615520771e-12,5.2053764202820871e-12,4.8365127563061894e-12
758,1.6617846919368955e-11,2.0660211457920827e-13,3.2989148704217166e-13,7.7835432434220682e-13,1.9194548524129725e-12,3.6263179647666614e-12,5.0578199721654176e-12,4.6994062040603181e-12
759,1.6147727261179587e-11,2.0103071923197684e-13,3.2084653701064957e-13,7.5650794365583722e-13,1.8651533858328174e-12,3.5235559626078126e-12,4.9144463157483833e-12,4.5661863970921119e-12
760,1.5690907309870930e-11,1.9560917148535278e-13,3.1204929510518020e-13,7.3527467435798065e-13,1.8123881102545238e-12,3.4237060259762665e-12,4.7751368806335176e-12,4.4367431520581087e-12
761,1.5247010816120001e-11,1.9033345283007909e-13,3.0349298588701155e-13,7.1463731139091128e-13,1.7611155667635754e-12,3.3266856325117044e-12,4.6397764575765526e-12,4.3109694091601672e-12
762,1.4815672174714578e-11,1.8519965217062819e-13,2.9517101899664889e-13,6.9457913245421236e-13,1.7112935259001582e-12,3.2324145983897707e-12,4.5082531032062882e-12,4.1887611435968703e-12
763,1.4396536123430803e-11,1.8020396296460701e-13,2.8707698410542025e-13,6.7508388446047234e-13,1.6628809528778306e-12,3.1408150120518550e-12,4.3804580474454286e-12,4.0700172795251882e-12
764,1.3989257450429571e-11,1.7534268043802625e-13,2.7920464600453727e-13,6.5613577037094467e-13,1.6158379737861574e-12,3.0518111698128764e-12,4.2562856035558093e-12,3.9546396064612188e-12
765,1.3593500709930675e-11,1.7061219887443274e-13,2.7154793982791102e-13,6.3771943640050805e-13,1.5701258427494761e-12,2.9653295132938405e-12,4.1356330807336202e-12,3.8425326980508867e-12
766,1.3208939945930558e-11,1.6600900897595435e-13,2.6410096640508716e-13,6.1981995958157115e-13,1.5257069100147373e-12,2.8812985686274553e-12,4.0184006991823541e-12,3.7336038331433968e-12
767,1.2835258423736068e-11,1.6152969529435882e-13,2.5685798774076123e-13,6.0242283567685313e-13,1.4825445909421476e-12,2.7996488873865792e-12,3.9044915075932156e-12,3.6277629191021513e-12
768,1.2472148369093191e-11,1.5717093373027813e-13,2.4981342261743330e-13,5.8551396743125152e-13,1.4406033358730677e-12,2.7203129891866498e-12,3.7938113029647699e-12,3.5249224172897409e-12
769,1.2119310714695791e-11,1.5292948909879764e-13,2.4296184231785093e-13,5.6907965315328866e-13,1.3998486008503430e-12,2.6432253059146794e-12,3.6862685526955039e-12,3.4249972706653273e-12
770,1.1776454853865661e-11,1.4880221275965706e-13,2.3629796646398556e-13,5.5310657561689104e-13,1.3602468191669677e-12,2.5683221275387160e-12,3.5817743188848755e-12,3.3279048334345684e-12
771,1.1443298401200967e-11,1.4478604031035700e-13,2.2981665896937001e-13,5.3758179127451383e-13,1.3217653737196283e-12,2.4955415494529680e-12,3.4802421847802412e-12,3.2335648026938871e-12
772,1.1119566959995953e-11,1.4087798934050834e-13,2.2351292410171631e-13,5.2249271977288121e-13,1.2843725701443751e-12,2.4248234213150983e-12,3.3815881833088318e-12,3.1418991520125430e-12
773,1.0804993896240372e-11,1.3707515724580589e-13,2.1738190265281176e-13,5.0782713376285033e-13,1.2480376107122794e-12,2.3561092973333803e-12,3.2857307276356737e-12,3.0528320668975720e-12
774,1.0499320119012461e-11,1.3337471910005165e-13,2.1141886821277752e-13,4.9357314899514942e-13,1.2127305689635884e-12,2.2893423879626393e-12,3.1925905436900241e-12,2.9662898820882300e-12
775,1.0202293867084610e-11,1.2977392558369172e-13,2.0561922354584864e-13,4.7971921469397253e-13,1.1784223650594813e-12,2.2244675129690590e-12,3.1020906046045022e-12,2.8822010206280534e-12
776,9.9136705015659987e-12,1.2627010096737408e-13,1.9997849706491501e-13,4.6625410420063399e-13,1.1450847418311235e-12,2.1614310558250521e-12,3.0141560670127346e-12,2.8004959346641657e-12
777,9.6332123044113409e-12,1.2286064114907171e-13,1.9449233940213587e-13,4.5316690587970996e-13,1.1126902415062921e-12,2.1001809193965083e-12,2.9287142091527769e-12,2.7211070479248476e-12
778,9.3606882826298570e-12,1.1954301174335480e-13,1.8915652007301383e-13,4.4044701428030149e-13,1.0812121830944123e-12,2.0406664828857988e-12,2.8456943707251708e-12,2.6439686998278036e-12
779,9.0958739780331485e-12,1.1631474622143280e-13,1.8396692423138618e-13,4.2808412154526456e-13,1.0506246404113668e-12,1.9828385599949421e-12,2.7650278944558672e-12,2.5690170911728898e-12
780,8.8385512823653681e-12,1.1317344410062341e-13,1.7891954951285868e-13,4.1606820906144946e-13,1.0209024207259861e-12,1.9266493582743645e-12,2.6866480693156925e-12,2.4961902313743922e-12
781,8.5885082576633044e-12,1.1011676918194067e-13,1.7401050296427631e-13,4.0438953934419079e-13,9.9202104401063141e-13,1.8720524396236466e-12,2.6104900753494149e-12,2.4254278871892031e-12
782,8.3455389616985430e-12,1.0714244783452931e-13,1.6923599805688840e-13,3.9303864814947473e-13,9.6395672277877831e-13,1.8190026819116200e-12,2.5364909300687523e-12,2.3566715328984992e-12
783,8.1094432783578275e-12,1.0424826732570513e-13,1.6459235178093185e-13,3.8200633680739882e-13,9.3668634249299690e-13,1.7674562416840812e-12,2.4645894363650151e-12,2.2898643019016977e-12
784,7.8800267528220095e-12,1.0143207419539529e-13,1.6007598181941559e-13,3.7128366477071600e-13,9.1018744252719009e-13,1.7173705179283189e-12,2.3947261318982966e-12,2.2249509396826775e-12
785,7.6571004314077740e-12,9.8691772673801898e-14,1.5568340379895143e-13,3.6086194237242788e-13,8.8443819766741246e-13,1.6687041168644881e-12,2.3268432399213459e-12,2.1618777581093459e-12
786,7.4404807059402443e-12,9.6025323141146109e-14,1.5141122861553364e-13,3.5073272378656610e-13,8.5941740013603092e-13,1.6214168177347422e-12,2.2608846214974699e-12,2.1005925910287552e-12
787,7.2299891625283086e-12,9.3430740628377319e-14,1.4725615983322762e-13,3.4088780018645831e-13,8.3510444212442327e-13,1.5754695395618465e-12,2.1967957290729271e-12,2.0410447511210481e-12
788,7.0254524346180861e-12,9.0906093357763331e-14,1.4321499115378314e-13,3.3131919309494226e-13,8.1147929881982601e-13,1.5308243088497963e-12,2.1345235613654351e-12,1.9831849879765401e-12
789,6.8267020602035297e-12,8.8449501322305127e-14,1.3928460395524091e-13,3.2201914792114062e-13,7.8852251191235521e-13,1.4874442281997491e-12,2.0740166195314768e-12,1.9269654473612616e-12
790,6.6335743430765347e-12,8.6059134902947692e-14,1.3546196489765501e-13,3.1298012767856513e-13,7.6621517356861422e-13,1.4452934458153282e-12,2.0152248645761453e-12,1.8723396316372789e-12
791,6.4459102180022997e-12,8.3733213522585800e-14,1.3174412359410329e-13,3.0419480687946202e-13,7.4453891085868783e-13,1.4043371258720972e-12,1.9580996759703197e-12,1.8192623613050433e-12
792,6.2635551197088722e-12,8.1470004335889695e-14,1.2812821034520888e-13,2.9565606560045567e-13,7.2347587062369798e-13,1.3645414197267143e-12,1.9025938114409338e-12,1.7676897376359726e-12
793,6.0863588555829983e-12,7.9267820954001780e-14,1.2461143393544295e-13,2.8735698371468382e-13,7.0300870477145748e-13,1.3258734379419716e-12,1.8486613679010915e-12,1.7175791063643492e-12
794,5.9141754819673984e-12,7.7125022203179679e-14,1.2119107948952714e-13,2.7929083528575584e-13,6.8312055598810983e-13,1.2883012231045996e-12,1.7962577434877167e-12,1.6688890224085096e-12
795,5.7468631839576098e-12,7.5040010916486280e-14,1.1786450638729859e-13,2.7145108311899217e-13,6.6379504385398689e-13,1.2517937234133694e-12,1.7453396006753329e-12,1.6215792155921441e-12
796,5.5842841585993806e-12,7.3011232757650654e-14,1.1462914623544623e-13,2.6383137346553471e-13,6.4501625135225155e-13,1.2163207670156626e-12,1.6958648304354807e-12,1.5756105573373543e-12
797,5.4263045013904084e-12,7.1037175076246704e-14,1.1148250089456894e-13,2.5642553087503767e-13,6.2676871175920880e-13,1.1818530370713062e-12,1.6477925174121182e-12,1.5309450283019216e-12
798,5.2727940959929567e-12,6.9116365793359323e-14,1.0842214056004945e-13,2.4922755319277352e-13,6.0903739590549284e-13,1.1483620475230484e-12,1.6010829060842163e-12,1.4875456869340160e-12
799,5.1236265070665018e-12,6.7247372316929473e-14,1.0544570189527821e-13,2.4223160669709924e-13,5.9180769979763475e-13,1.1158201195536654e-12,1.5556973678875509e-12,1.4453766389183437e-12
800,4.9786788761321567e-12,6.5428800485990957e-14,1.0255088621580130e-13,2.3543202137334883e-13,5.7506543258981598e-13,1.0842003587102324e-12,1.5115983692685136e-12,1.4044030074884534e-12
801,4.8378318203830842e-12,6.3659293543032534e-14,9.9735457723005475e-14,2.2882328632032201e-13,5.5879680489590329e-13,1.0534766326766530e-12,1.4687494406435138e-12,1.3645909045806537e-12
802,4.7009693343575747e-12,6.1937531133739182e-14,9.6997241785990993e-14,2.2240004528565128e-13,5.4298841743213497e-13,1.0236235496760793e-12,1.4271151462382999e-12,1.3259074028056794e-12
803,4.5679786943937993e-12,6.0262228333386089e-14,9.4334123270319594e-14,2.1615709232643065e-13,5.2762724998110659e-13,9.9461643748537088e-13,1.3866610547822606e-12,1.2883205082149255e-12
804,4.4387503657875381e-12,5.8632134699178117e-14,9.1744044912360765e-14,2.1008936759159283e-13,5.1270065066796672e-13,9.6643132304424888e-13,1.3473537110334670e-12,1.2517991338387238e-12
805,4.3131779125764185e-12,5.7046033347845977e-14,8.9225005737993979e-14,2.0419195322261867e-13,4.9819632553998893e-13,9.3904491264229103e-13,1.3091606081109054e-12,1.2163130739747747e-12
806,4.1911579098763694e-12,5.5502740057828890e-14,8.6775059524458582e-14,1.9846006936925973e-13,4.8410232844093782e-13,9.1243457266739530e-13,1.2720501606110201e-12,1.1818329792054690e-12
807,4.0725898586980764e-12,5.4001102395390977e-14,8.4392313304175741e-14,1.9288907031704731e-13,4.7040705117189099e-13,8.8657831089979778e-13,1.2359916784863345e-12,1.1483303321234387e-12
808,3.9573761031732797e-12,5.2539998864035900e-14,8.2074925909398928e-14,1.8747444072345168e-13,4.5709921393041065e-13,8.6145475833618823e-13,1.2009553416645413e-12,1.1157774237452533e-12
809,3.8454217501227541e-12,5.1118338076601187e-14,7.9821106556580329e-14,1.8221179195964336e-13,4.4416785602019125e-13,8.3704315152889638e-13,1.1669121753870823e-12,1.0841473305937591e-12
810,3.7366345908997020e-12,4.9735057949429779e-14,7.7629113469371275e-14,1.7709685855489463e-13,4.3160232682353362e-13,8.1332331542555911e-13,1.1338340262468091e-12,1.0534138924301042e-12
811,3.6309250254442102e-12,4.8389124918032653e-14,7.5497252539203452e-14,1.7212549474074075e-13,4.1939227702920545e-13,7.9027564669507848e-13,1.1016935389049163e-12,1.0235516906170328e-12
812,3.5282059884862074e-12,4.7079533173671403e-14,7.3423876022427329e-14,1.6729367109210274e-13,4.0752765010846834e-13,7.6788109752609705e-13,1.0704641334678910e-12,9.9453602709554944e-13
813,3.4283928778361399e-12,4.5805303920305159e-14,7.1407381273011172e-14,1.6259747126265182e-13,3.9599867403224707e-13,7.4612115988459255e-13,1.0401199835057637e-12,9.6634290395756886e-13
814,3.3314034847043118e-12,4.4565484651360744e-14,6.9446209509831417e-14,1.5803308881177087e-13,3.8479585322262106e-13,7.2497785021758957e-13,1.0106359946934855e-12,9.3894900359765242e-13
815,3.2371579259914886e-12,4.3359148445799251e-14,6.7538844617612104e-14,1.5359682412054382e-13,3.7390996073200857e-13,7.0443369459033873e-13,9.8198778405776631e-13,9.1233166942741969e-13
816,3.1455785784950114e-12,4.2185393282966197e-14,6.5683811980595599e-14,1.4928508139427501e-13,3.6333203064360158e-13,6.8447171424468203e-13,9.5415165981221279e-13,8.8646888713667831e-13
817,3.0565900149762153e-12,4.1043341375726074e-14,6.3879677348053007e-14,1.4509436574911101e-13,3.5305335068679357e-13,6.6507541156667209e-13,9.2710460176408280e-13,8.6133926648577667e-13
818,2.9701189420365057e-12,3.9932138521395236e-14,6.2125045730766006e-14,1.4102128038040563e-13,3.4306545506151652e-13,6.4622875645184182e-13,9.0082424227646076e-13,8.3692202361411926e-13
819,2.8860941397509267e-12,3.8850953469999716e-14,6.0418560327635912e-14,1.3706252381053434e-13,3.3336011746557811e-13,6.2791617305686028e-13,8.7528884777010549e-13,8.1319696385021268e-13
820,2.8044464030094933e-12,3.7798977309397711e-14,5.8758901481598910e-14,1.3321488721392984e-13,3.2392934431925525e-13,6.1012252692662206e-13,8.5047730074966775e-13,7.9014446500902152e-13
821,2.7251084845179850e-12,3.6775422866817906e-14,5.7144785664048090e-14,1.2947525181717162e-13,3.1476536818156570e-13,5.9283311248613441e-13,8.2636908233942182e-13,7.6774546116282552e-13
822,2.6480150394112459e-12,3.5779524126377155e-14,5.5574964486985514e-14,1.2584058637202423e-13,3.0586064135279124e-13,5.7603364088686073e-13,8.0294425531406033e-13,7.4598142687214675e-13
823,2.5731025714333772e-12,3.4810535662152612e-14,5.4048223742147906e-14,1.2230794469937788e-13,2.9720782965798854e-13,5.5971022819747713e-13,7.8018344761052117e-13,7.2483436186371206e-13
824,2.5003093806404993e-12,3.3867732086394339e-14,5.2563382466370833e-14,1.1887446330210168e-13,2.8879980640636231e-13,5.4384938392928455e-13,7.5806783630721261e-13,7.0428677614277281e-13
825,2.4295755125829976e-12,3.2950407512475690e-14,5.1119292032475720e-14,1.1553735904487645e-13,2.8062964652152977e-13,5.2843799988678730e-13,7.3657913205738178e-13,6.8432167552747063e-13
826,2.3608427089254119e-12,3.2057875032189307e-14,4.9714835264983771e-14,1.1229392689912794e-13,2.7269062083783923e-13,5.1346333933422911e-13,7.1569956396375791e-13,6.6492254759328460e-13
827,2.2940543594632875e-12,3.1189466207006933e-14,4.8348925579979854e-14,1.0914153775123411e-13,2.6497619055804691e-13,4.9891302646912858e-13,6.9541186488195849e-13,6.4607334801593279e-13
828,2.2291554554974734e-12,3.0344530572931486e-14,4.7020506148467676e-14,1.0607763627223082e-13,2.5748000186778531e-13,4.8477503619411753e-13,6.7569925714050478e-13,6.2775848730143553e-13
829,2.1660925445274607e-12,2.9522435158579451e-14,4.5728549082575758e-14,1.0309973884729135e-13,2.5019588070238950e-13,4.7103768417862534e-13,6.5654543866563729e-13,6.0996281789236211e-13
830,2.1048136862264552e-12,2.8722564016141566e-14,4.4472054643990748e-14,1.0020543156330190e-13,2.4311782766176950e-13,4.5768961720219990e-13,6.3793456949945381e-13,5.9267162163959791e-13
831,2.0452684096619099e-12,2.7944317764878803e-14,4.3250050474012125e-14,9.7392368252903636e-14,2.3624001306914143e-13,4.4471980377147925e-13,6.1985125870022545e-13,5.7587059762926905e-13
832,1.9874076717262936e-12,2.7187113146819934e-14,4.2061590844638253e-14,9.4658268593417088e-14,2.2955677216954747e-13,4.3211752500306277e-13,6.0228055161404975e-13,5.5954585035475830e-13
833,1.9311838167438582e-12,2.6450382594335692e-14,4.0905755930110502e-14,9.2000916259108734e-14,2.2306260046420945e-13,4.1987236576474567e-13,5.8520791750732178e-13,5.4368387822402648e-13
834,1.8765505372201258e-12,2.5733573809273326e-14,3.9781651098357015e-14,8.9418157125303584e-14,2.1675214917687445e-13,4.0797420606779376e-13,5.6861923754978797e-13,5.2827156239273564e-13
835,1.8234628357017804e-12,2.5036149353343518e-14,3.8688406221793526e-14,8.6907897522888915e-14,2.1062022084841720e-13,3.9641321270314687e-13,5.5250079313825195e-13,5.1329615591393813e-13
836,1.7718769877155413e-12,2.4357586249459953e-14,3.7625175006953062e-14,8.4468102541795545e-14,2.0466176505607146e-13,3.8517983111463665e-13,5.3683925455126843e-13,4.9874527319535632e-13
837,1.7217505057555012e-12,2.3697375593739772e-14,3.6591134342430852e-14,8.2096794382082275e-14,1.9887187425376478e-13,3.7426477750250286e-13,5.2162166992544739e-13,4.8460687975553334e-13
838,1.6730421042892600e-12,2.3055022177880774e-14,3.5585483664644887e-14,7.9792050751288221e-14,1.9324577973013017e-13,3.6365903115068156e-13,5.0683545454425098e-13,4.7086928227038341e-13
839,1.6257116657540390e-12,2.2430044121638966e-14,3.4607444340925832e-14,7.7552003306754628e-14,1.8777884768086569e-13,3.5335382697152404e-13,4.9246838043042183e-13,4.5752111890190790e-13
840,1.5797202075147668e-12,2.1821972515137114e-14,3.3656259069463668e-14,7.5374836141654704e-14,1.8246657539220778e-13,3.4334064826178501e-13,4.7850856623344014e-13,4.4455134990107844e-13
841,1.5350298497569219e-12,2.1230351070742422e-14,3.2731191295651029e-14,7.3258784313504935e-14,1.7730458753237322e-13,3.3361121966389294e-13,4.6494446740364278e-13,4.3194924847711466e-13
842,1.4916037842876885e-12,2.0654735784258159e-14,3.1831524644375785e-14,7.1202132413966306e-14,1.7228863254791770e-13,3.2415750032668482e-13,4.5176486664487928e-13,4.1970439192560664e-13
843,1.4494062442197278e-12,2.0094694605180939e-14,3.0956562367827730e-14,6.9203213178776612e-14,1.6741457916204034e-13,3.1497167725995354e-13,4.3895886463780909e-13,4.0780665300813963e-13
844,1.4084024745125989e-12,1.9549807115781973e-14,3.0105626808395880e-14,6.7260406136688086e-14,1.6267841297195212e-13,3.0604615887731525e-13,4.2651587102616908e-13,3.9624619157629655e-13
845,1.3685587033475628e-12,1.9019664218776951e-14,2.9278058876244743e-14,6.5372136296315944e-14,1.5807623314250472e-13,2.9737356872205934e-13,4.1442559565855423e-13,3.8501344643310679e-13
846,1.3298421143121951e-12,1.8503867833355583e-14,2.8473217541168722e-14,6.3536872869834266e-14,1.5360424919335661e-13,2.8894673937079748e-13,4.0267804007847084e-13,3.7409912742521176e-13
847,1.2922208193718980e-12,1.8002030599347690e-14,2.7690479338335111e-14,6.1753128032485147e-14,1.4925877787703044e-13,2.8075870650987094e-13,3.9126348925562348e-13,3.6349420775920532e-13
848,1.2556638326060466e-12,1.7513775589308995e-14,2.6929237887536604e-14,6.0019455716896390e-14,1.4503624014529048e-13,2.7280270317962189e-13,3.8017250355159661e-13,3.5318991653579571e-13
849,1.2201410446871448e-12,1.7038736028315171e-14,2.6188903425584446e-14,5.8334450441231383e-14,1.4093315820134117e-13,2.6507215418177198e-13,3.6939591091328799e-13,3.4317773149561278e-13
850,1.1856231980819642e-12,1.6576555021258608e-14,2.5468902351483735e-14,5.6696746170221352e-14,1.3694615263541915e-13,2.5756067064528429e-13,3.5892479928763573e-13,3.3344937197066129e-13
851,1.1520818629542449e-12,1.6126885287447628e-14,2.4768676784041741e-14,5.5105015208157945e-14,1.3307193964141966e-13,2.5026204474621995e-13,3.4875050925136835e-13,3.2399679203558972e-13
852,1.1194894137491108e-12,1.5689388902313297e-14,2.4087684131570045e-14,5.3557967122949053e-14,1.2930732831226455e-13,2.4317024457722318e-13,3.3886462684967932e-13,3.1481217385311125e-13
853,1.0878190064399102e-12,1.5263737046034198e-14,2.3425396673350158e-14,5.2054347700366365e-14,1.2564921801178457e-13,2.3627940916239620e-13,3.2925897663790724e-13,3.0588792120807143e-13
854,1.0570445564187482e-12,1.4849609758894388e-14,2.2781301152541586e-14,5.0592937927637811e-14,1.2209459582095108e-13,2.2958384361344276e-13,3.1992561492046363e-13,2.9721665322481689e-13
855,1.0271407170124940e-12,1.4446695703194952e-14,2.2154898380219916e-14,4.9172553005561111e-14,1.1864053405635423e-13,2.2307801442307811e-13,3.1085682318141983e-13,2.8879119826266581e-13
856,9.9808285860657209e-13,1.4054691931544053e-14,2.1545702850240999e-14,4.7792041388338417e-14,1.1528418785888328e-13,2.1675654489181419e-13,3.0204510170131706e-13,2.8060458798443411e-13
857,9.6984704835934326e-13,1.3673303661355276e-14,2.0953242364635667e-14,4.6450283850354373e-14,1.1202279285062331e-13,2.1061421068434174e-13,2.9348316335492376e-13,2.7265005159310910e-13
858,9.4241003049036490e-13,1.3302244055388441e-14,2.0377057669247463e-14,4.5146192579141306e-14,1.0885366285803855e-13,2.0464593551183590e-13,2.8516392758480745e-13,2.6492101023190582e-13
859,9.1574920712629947e-13,1.2941234008171499e-14,1.9816702099333619e-14,4.3878710293796985e-14,1.0577418769956681e-13,1.9884678693661702e-13,2.7708051454574090e-13,2.5741107154307280e-13
860,8.8984261968869214e-13,1.2590001938146500e-14,1.9271741234857282e-14,4.2646809388140745e-14,1.0278183103580306e-13,1.9321197229569982e-13,2.6922623941509715e-13,2.5011402438094753e-13
861,8.6466893080828715e-13,1.2248283585386640e-14,1.8741752565206278e-14,4.1449491097913870e-14,9.9874128280501428e-14,1.8773683473986085e-13,2.6159460686452848e-13,2.4302383367488956e-13
862,8.4020740675099340e-13,1.1915821814735699e-14,1.8226325163081033e-14,4.0285784691349512e-14,9.7048684570674863e-14,1.8241684938495211e-13,2.5417930568835929e-13,2.3613463543784093e-13
863,8.1643790034101622e-13,1.1592366424224848e-14,1.7725059367301145e-14,3.9154746682456531e-14,9.4303172794121165e-14,1.7724761957227813e-13,2.4697420358424741e-13,2.2944073191638698e-13
864,7.9334083436709605e-13,1.1277673958625931e-14,1.7237566474287149e-14,3.8055460066379876e-14,9.1635331672749834e-14,1.7222487323494789e-13,2.3997334208179991e-13,2.2293658687830537e-13
865,7.7089718545818561e-13,1.0971507528003918e-14,1.6763468437980374e-14,3.6987033576218077e-14,8.9042963900132319e-14,1.6734445936719633e-13,2.3317093161494865e-13,2.1661682103370592e-13
866,7.4908846841528490e-13,1.0673636631134925e-14,1.6302397577970571e-14,3.5948600960695769e-14,8.6523934331740515e-14,1.6260234459375931e-13,2.2656134673400929e-13,2.1047620758597447e-13
867,7.2789672098652884e-13,1.0383836983659774e-14,1.5853996295606994e-14,3.4939320282106123e-14,8.4076168226383770e-14,1.5799460983646583e-13,2.2013912145346578e-13,2.0450966790884059e-13
868,7.0730448907298853e-13,1.0101890350846509e-14,1.5417916797874886e-14,3.3958373233954351e-14,8.1697649537395824e-14,1.5351744707529216e-13,2.1389894473163142e-13,1.9871226734599340e-13
869,6.8729481235300151e-13,9.8275843848386348e-15,1.4993820828825300e-14,3.3004964477749614e-14,7.9386419252163741e-14,1.4916715620120191e-13,2.0783565607844948e-13,1.9307921112977286e-13
870,6.6785121031318944e-13,9.5607124662691694e-15,1.4581379408351819e-14,3.2078320998407896e-14,7.7140573778632148e-14,1.4494014195817035e-13,2.0194424128779929e-13,1.8760584041555884e-13
871,6.4895766867466049e-13,9.3010735501237845e-15,1.4180272578113506e-14,3.1177691477743743e-14,7.4958263377452910e-14,1.4083291097186599e-13,1.9621982829078052e-13,1.8228762842857995e-13
872,6.3059862620321293e-13,9.0484720157393801e-15,1.3790189154408856e-14,3.0302345685543264e-14,7.2837690638489699e-14,1.3684206886253355e-13,1.9065768312654413e-13,1.7712017671995404e-13
873,6.1275896189268122e-13,8.8027175208275222e-15,1.3410826487810789e-14,2.9451573887725073e-14,7.0777109000422071e-14,1.3296431743969198e-13,1.8525320602733958e-13,1.7209921152886423e-13
874,5.9542398251086335e-13,8.5636248594150857e-15,1.3041890229378008e-14,2.8624686271109649e-14,6.8774821312230127e-14,1.2919645197632968e-13,1.8000192761453906e-13,1.6722058024786173e-13
875,5.7857941049777652e-13,8.3310138235973175e-15,1.2683094103262990e-14,2.7821012384331287e-14,6.6829178435374896e-14,1.2553535856034356e-13,1.7489950520249456e-13,1.6248024798837190e-13
876,5.6221137220626975e-13,8.1047090690013282e-15,1.2334159685541827e-14,2.7039900594439313e-14,6.4938577885522881e-14,1.2197801152103287e-13,1.6994171920716917e-13,1.5787429424356239e-13
877,5.4630638647531260e-13,7.8845399838607659e-15,1.1994816189095920e-14,2.6280717558748718e-14,6.3101462512696599e-14,1.1852147092852188e-13,1.6512446965657406e-13,1.5339890964581470e-13
878,5.3085135352654346e-13,7.6703405616050123e-15,1.1664800254380104e-14,2.5542847711512052e-14,6.1316319218763484e-14,1.1516288016404323e-13,1.6044377280012432e-13,1.4905039281611534e-13
879,5.1583354417493684e-13,7.4619492768688894e-15,1.1343855745916396e-14,2.4825692764996824e-14,5.9581677711207070e-14,1.1189946355907521e-13,1.5589575781410993e-13,1.4482514730276257e-13
880,5.0124058934470034e-13,7.2592089648313164e-15,1.1031733554356828e-14,2.4128671224564103e-14,5.7896109292154256e-14,1.0872852410138105e-13,1.5147666360055718e-13,1.4071967860685557e-13
881,4.8706046988176808e-13,7.0619667037938171e-15,1.0728191403963189e-14,2.3451217917355538e-14,5.6258225681660870e-14,1.0564744120605462e-13,1.4718283567683338e-13,1.3673059129210663e-13
882,4.7328150665449873e-13,6.8700737009121805e-15,1.0432993665355646e-14,2.2792783534206843e-14,5.4666677874286578e-14,1.0265366854973026e-13,1.4301072315342190e-13,1.3285458617658532e-13
883,4.5989235093442573e-13,6.6833851809968307e-15,1.0145911173386172e-14,2.2152834184416687e-14,5.3120155028017369e-14,9.9744731966166898e-14,1.3895687579736923e-13,1.2908845760407255e-13
884,4.4688197504913555e-13,6.5017602782997753e-15,9.8667210499967548e-15,2.1530850963010229e-14,5.1617383384620465e-14,9.6918227401466955e-14,1.3501794117897429e-13,1.2542909079276704e-13
885,4.3423966329957748e-13,6.3250619312081601e-15,9.5952065319261078e-15,2.0926329530146686e-14,5.0157125220542403e-14,9.4171818927240618e-14,1.3119066189936118e-13,1.2187345925915235e-13
886,4.2195500313432309e-13,6.1531567797665971e-15,9.3311568031323487e-15,2.0338779702330172e-14,4.8738177827486346e-14,9.1503236810072768e-14,1.2747187289664225e-13,1.1841862231489260e-13
887,4.1001787657350512e-13,5.9859150659525055e-15,9.0743668318027150e-15,1.9767725055092588e-14,4.7359372521828787e-14,8.8910275635697632e-14,1.2385849882844349e-13,1.1506172263468739e-13
888,3.9841845187537521e-13,5.8232105366307563e-15,8.8246372118249448e-15,1.9212702536826735e-14,4.6019573682060016e-14,8.6390792486330370e-14,1.2034755152862794e-13,1.1179998389307441e-13
889,3.8714717543861364e-13,5.6649203491158113e-15,8.5817740085983053e-15,1.8673262093456585e-14,4.4717677813455360e-14,8.3942705169649630e-14,1.1693612753611351e-13,1.0863070846822448e-13
890,3.7619476393372449e-13,5.5109249792715681e-15,8.3455886090656584e-15,1.8148966303640814e-14,4.3452612639206984e-14,8.1563990497967218e-14,1.1362140569374162e-13,1.0555127521083063e-13
891,3.6555219665703230e-13,5.3611081320808648e-15,8.1158975758511419e-15,1.7639390024213881e-14,4.2223336217267535e-14,7.9252682616162264e-14,1.1040064481521118e-13,1.0255913727624542e-13
892,3.5521070810098617e-13,5.2153566546185244e-15,7.8925225053912050e-15,1.7144120045577420e-14,4.1028836082178384e-14,7.7006871376998943e-14,1.0727118141814784e-13,9.9651820018073823e-14
893,3.4516178073464940e-13,5.0735604513635045e-15,7.6752898899498199e-15,1.6662754756762787e-14,3.9868128411175591e-14,7.4824700762484088e-14,1.0423042752143445e-13,9.6826918941479113e-14
894,3.3539713798842938e-13,4.9356124017874824e-15,7.4640309834116504e-15,1.6194903819893250e-14,3.8740257213886702e-14,7.2704367349960342e-14,1.0127586850498052e-13,9.4082097714509385e-14
895,3.2590873743727039e-13,4.8014082801588825e-15,7.2585816707498614e-15,1.5740187853782169e-14,3.7644293544951148e-14,7.0644118821667263e-14,9.8405061030161238e-14,9.1415086235799793e-14
896,3.1668876417669352e-13,4.6708466775029235e-15,7.0587823410681092e-15,1.5298238126410776e-14,3.6579334738915572e-14,6.8642252516538418e-14,9.5615631019205682e-14,8.8823678757052015e-14
897,3.0772962438622914e-13,4.5438289256599418e-15,6.8644777641189342e-15,1.4868696256036307e-14,3.5544503666774074e-14,6.6697114023037513e-14,9.2905271691863721e-14,8.6305732058738645e-14
898,2.9902393907494010e-13,4.4202590233857152e-15,6.6755169702035109e-15,1.4451213920688417e-14,3.4538948013540902e-14,6.4807095811870920e-14,9.0271741657727407e-14,8.3859163677523224e-14
899,2.9056453800388423e-13,4.3000435644390423e-15,6.4917531333602588e-15,1.4045452575818402e-14,3.3561839576260684e-14,6.2970635907446062e-14,8.7712863062629732e-14,8.1481950183930076e-14
900,2.8234445378051078e-13,4.1830916676033069e-15,6.3130434577523656e-15,1.3651083179872463e-14,3.2612373581877960e-14,6.1186216596978153e-14,8.5226519787587276e-14,7.9172125508839235e-14
901,2.7435691612012646e-13,4.0693149085901523e-15,6.1392490671667381e-15,1.3267785927566717e-14,3.1689768024404282e-14,5.9452363176178224e-14,8.2810655698797619e-14,7.6927779317422731e-14
902,2.6659534626970547e-13,3.9586272537748082e-15,5.9702348975392706e-15,1.2895249990647704e-14,3.0793263020836745e-14,5.7767642730485689e-14,8.0463272947244355e-14,7.4747055429176876e-14
903,2.5905335158944921e-13,3.8509449957139358e-15,5.8058695924236378e-15,1.2533173265928472e-14,2.9922120185297788e-14,5.6130662950838387e-14,7.8182430316502941e-14,7.2628150282744063e-14
904,2.5172472028763501e-13,3.7461866903981847e-15,5.6460254013231130e-15,1.2181262130395950e-14,2.9075622020880479e-14,5.4540070983001146e-14,7.5966241617381671e-14,7.0569311444254453e-14
905,2.4460341630441512e-13,3.6442730961929287e-15,5.4905780808070888e-15,1.1839231203191259e-14,2.8253071328698569e-14,5.2994552309502146e-14,7.3812874128069678e-14,6.8568836157953455e-14
906,2.3768357434035446e-13,3.5451271144218866e-15,5.3394067983361017e-15,1.1506803114270056e-14,2.7453790633654578e-14,5.1492829663252835e-14,7.1720547078502179e-14,6.6625069937916792e-14
907,2.3095949502561006e-13,3.4486737315495695e-15,5.1923940387212865e-15,1.1183708279555441e-14,2.6677121626452861e-14,5.0033661971953634e-14,6.9687530177689487e-14,6.4736405199687801e-14
908,2.2442564022577574e-13,3.3548399629196278e-15,5.0494255131461774e-15,1.0869684682401276e-14,2.5922424621398206e-14,4.8615843332412988e-14,6.7712142182791695e-14,6.2901279930705775e-14
909,2.1807662848052367e-13,3.2635547980073668e-15,4.9103900706807464e-15,1.0564477661188772e-14,2.5189078029533314e-14,4.7238202013932089e-14,6.5792749508756183e-14,6.1118176398425203e-14
910,2.1190723057128785e-13,3.1747491471457978e-15,4.7751796122194961e-15,1.0267839702884288e-14,2.4476477846681261e-14,4.5899599489931666e-14,6.3927764877367423e-14,5.9385619895057915e-14
911,2.0591236521433737e-13,3.0883557896856602e-15,4.6436890067772789e-15,9.9795302423909899e-15,2.3784037155971214e-14,4.4598929497020423e-14,6.2115646004592426e-14,5.7702177517899366e-14
912,2.0008709487569310e-13,3.0043093235509432e-15,4.5158160100783260e-15,9.6993154675318617e-15,2.3111185644437778e-14,4.3335117120727459e-14,6.0354894325135843e-14,5.6066456984230893e-14
913,1.9442662170444073e-13,2.9225461161524406e-15,4.3914611853757506e-15,9.4269681295059401e-15,2.2457369133295736e-14,4.2107117907143244e-14,5.8644053753150345e-14,5.4477105479817277e-14
914,1.8892628358109024e-13,2.8430042566228737e-15,4.2705278264404592e-15,9.1622673586642622e-15,2.1822049121503341e-14,4.0913916999734811e-14,5.6981709478076911e-14,5.2932808540047594e-14
915,1.8358155027772773e-13,2.7656235093381160e-15,4.1529218826601440e-15,8.9049984854561876e-15,2.1204702342238235e-14,3.9754528300621670e-14,5.5366486794619644e-14,5.1432288962793735e-14
916,1.7838801972679650e-13,2.6903452686899790e-15,4.0385518861905747e-15,8.6549528664010345e-15,2.0604820331920675e-14,3.8627993655619575e-14,5.3797049965887152e-14,4.9974305752087500e-14
917,1.7334141439543467e-13,2.6171125150769510e-15,3.9273288811030422e-15,8.4119277149439591e-15,2.0021909011429105e-14,3.7533382062378370e-14,5.2272101118760486e-14,4.8557653091742759e-14
918,1.6843757776238309e-13,2.5458697720801790e-15,3.8191663544733264e-15,8.1757259370590595e-15,1.9455488279163187e-14,3.6469788900959537e-14,5.0790379170574199e-14,4.7181159348073597e-14
919,1.6367247089456114e-13,2.4765630647928739e-15,3.7139801693590265e-15,7.9461559714664526e-15,1.8905091615619063e-14,3.5436335186217561e-14,4.9350658786222545e-14,4.5843686100883637e-14
920,1.5904216912049208e-13,2.4091398792721421e-15,3.6116884996135982e-15,7.7230316343338433e-15,1.8370265699151225e-14,3.4432166841367228e-14,4.7951749364828776e-14,4.4544127201925269e-14
921,1.5454285879783675e-13,2.3435491230831040e-15,3.5122117664868044e-15,7.5061719683367490e-15,1.7850570032604495e-14,3.3456453992136551e-14,4.6592494055139193e-14,4.3281407860049851e-14
922,1.5017083417237418e-13,2.2797410869059554e-15,3.4154725769626849e-15,7.2954010959550407e-15,1.7345576580508577e-14,3.2508390280921779e-14,4.5271768798827837e-14,4.2054483752292313e-14
923,1.4592249432584180e-13,2.2176674071774068e-15,3.3213956637874864e-15,7.0905480768869265e-15,1.6854869416536455e-14,3.1587192200377923e-14,4.3988481400920569e-14,4.0862340160155031e-14
924,1.4179434021012129e-13,2.1572810297387214e-15,3.2299078271412908e-15,6.8914467694648401e-15,1.6378044380936139e-14,3.0692098445893896e-14,4.2741570626569893e-14,3.9703991130376517e-14
925,1.3778297176532748e-13,2.0985361744632893e-15,3.1409378779083413e-15,6.6979356959608879e-15,1.5914708747653717e-14,2.9822369286417019e-14,4.1530005323433350e-14,3.8578478659490879e-14
926,1.3388508511942667e-13,2.0413883008374277e-15,3.0544165825023049e-15,6.5098579116727409e-15,1.5464480900873517e-14,2.8977285953107195e-14,4.0352783568929928e-14,3.7484871901503548e-14
927,1.3009746986707775e-13,1.9857940744687794e-15,2.9702766092038954e-15,6.3270608776838450e-15,1.5026990020708942e-14,2.8156150045315139e-14,3.9208931841669079e-14,3.6422266398028088e-14
928,1.2641700642545546e-13,1.9317113344973841e-15,2.8884524759694566e-15,6.1493963371948611e-15,1.4601875777785158e-14,2.7358282953394059e-14,3.8097504216367284e-14,3.5389783330247249e-14
929,1.2284066346487674e-13,1.8790990618851542e-15,2.8088804996702292e-15,5.9767201953260802e-15,1.4188788036462001e-14,2.6583025297867548e-14,3.7017581581586184e-14,3.4386568792079545e-14
930,1.1936549541211571e-13,1.8279173485601474e-15,2.7314987467231264e-15,5.8088924022934387e-15,1.3787386566452769e-14,2.5829736384490277e-14,3.5968270879645548e-14,3.3411793083950412e-14
931,1.1598864002434926e-13,1.7781273673926519e-15,2.6562469850749263e-15,5.6457768398634282e-15,1.3397340762601322e-14,2.5097793674751047e-14,3.4948704368082276e-14,3.2464650026583594e-14
932,1.1270731603173609e-13,1.7296913429807197e-15,2.5830666375028058e-15,5.4872412109948879e-15,1.3018329372586669e-14,2.4386592271380725e-14,3.3958038902044877e-14,3.1544356294245404e-14
933,1.0951882084668752e-13,1.6825725232233829e-15,2.5119007361951905e-15,5.3331569325782576e-15,1.2650040232330851e-14,2.3695544418439744e-14,3.2995455237029827e-14,3.0650150766890276e-14
934,1.0642052833794273e-13,1.6367351516603750e-15,2.4426938785778384e-15,5.1833990311853345e-15,1.2292170008892114e-14,2.3024079015571991e-14,3.2060157351383179e-14,2.9781293900671899e-14
935,1.0340988666761578e-13,1.5921444405577419e-15,2.3753921843510772e-15,5.0378460417450703e-15,1.1944423950631667e-14,2.2371641146023800e-14,3.1151371788007248e-14,2.8937067116299175e-14
936,1.0048441618943256e-13,1.5487665447192777e-15,2.3099432537050123e-15,4.8963799090632704e-15,1.1606515644448207e-14,2.1737691618037727e-14,3.0268347014727801e-14,2.8116772204731261e-14
937,9.7641707406426821e-14,1.5065685360042698e-15,2.2462961266804498e-15,4.7588858921064056e-15,1.1278166779880324e-14,2.1121706519242360e-14,2.9410352802792937e-14,2.7319730749720065e-14
938,9.4879418986412892e-14,1.4655183785325486e-15,2.1844012436441567e-15,4.6252524709719314e-15,1.0959106919882440e-14,2.0523176783669648e-14,2.8576679622989573e-14,2.6545283566722595e-14
939,9.2195275833601069e-14,1.4255849045583541e-15,2.1242104068479356e-15,4.4953712564697521e-15,1.0649073278085504e-14,1.9941607771042111e-14,2.7766638058878177e-14,2.5792790157719232e-14
940,8.9587067214766717e-14,1.3867377909950269e-15,2.0656767430418278e-15,4.3691369022415147e-15,1.0347810502359000e-14,1.9376518857982053e-14,2.6979558236660474e-14,2.5061628181486819e-14
941,8.7052644938430444e-14,1.3489475365730078e-15,2.0087546671125779e-15,4.2464470193465391e-15,1.0055070464496006e-14,1.8827443040805048e-14,2.6214789271208636e-14,2.4351192938888623e-14
942,8.4589921585549139e-14,1.3121854396141139e-15,1.9533998467192645e-15,4.1272020932451293e-15,9.7706120558480539e-15,1.8293926549569385e-14,2.5471698727797838e-14,2.3660896872755357e-14
943,8.2196868790261103e-14,1.2764235764054960e-15,1.8995691678987940e-15,4.0113054031120130e-15,9.4942009887414909e-15,1.7775528473062522e-14,2.4749672099097055e-14,2.2990169081943731e-14
944,7.9871515569268614e-14,1.2416347801571481e-15,1.8472207016146815e-15,3.8986629434144823e-15,9.2256096035117915e-15,1.7271820394414564e-14,2.4048112296985464e-14,2.2338454849170483e-14
945,7.7611946698482664e-14,1.2077926205272565e-15,1.7963136712232830e-15,3.7891833476917046e-15,8.9646166809968748e-15,1.6782386037037693e-14,2.3366439158774350e-14,2.1705215182231504e-14
946,7.5416301135592340e-14,1.1748713837001077e-15,1.7468084208323393e-15,3.6827778144734029e-15,8.7110072603349882e-15,1.6306820920598853e-14,2.2704088967426065e-14,2.1089926368226597e-14
947,7.3282770487259828e-14,1.1428460530016796e-15,1.6986663845273929e-15,3.5793600352778808e-15,8.4645724619171069e-15,1.5844732026741462e-14,2.2060513985373249e-14,2.0492079540421057e-14
948,7.1209597519678438e-14,1.1116922900384421e-15,1.6518500564422927e-15,3.4788461246310253e-15,8.2251093153480117e-15,1.5395737474279768e-14,2.1435182001552867e-14,1.9911180257386033e-14
949,6.9195074711267248e-14,1.0813864163452805e-15,1.6063229616506649e-15,3.3811545520495672e-15,7.9924205922743401e-15,1.4959466203597548e-14,2.0827575891280401e-14,1.9346748094069444e-14
950,6.7237542846309821e-14,1.0519053955288318e-15,1.5620496278558570e-15,3.2862060759334754e-15,7.7663146439419889e-15,1.4535557669990187e-14,2.0237193188600210e-14,1.8798316244459260e-14
951,6.5335389648379084e-14,1.0232268158928955e-15,1.5189955578574700e-15,3.1939236793138990e-15,7.5466052433489645e-15,1.4123661545696798e-14,1.9663545670758432e-14,1.8265431135510627e-14
952,6.3487048452422752e-14,9.9532887353293974e-16,1.4771272027732114e-15,3.1042325074045836e-15,7.3331114318637836e-15,1.3723437430376077e-14,1.9106158954454807e-14,1.7747652052017346e-14
953,6.1690996914415272e-14,9.6819035588706324e-16,1.4364119359953561e-15,3.0170598069061406e-15,7.1256573701830090e-15,1.3334554569786614e-14,1.8564572103539451e-14,1.7244550772117638e-14
954,5.9945755757514034e-14,9.4179062573112452e-16,1.3968180278616999e-15,2.9323348670139753e-15,6.9240721935052428e-15,1.2956691582439207e-14,1.8038337247830190e-14,1.6755711213132598e-14
955,5.8249887553686783e-14,9.1610960560607265e-16,1.3583146210214160e-15,2.8499889620820684e-15,6.7281898708022205e-15,1.2589536193995224e-14,1.7527019212735278e-14,1.6280729087444511e-14
956,5.6601995539806758e-14,8.9112776266583607e-16,1.3208717064767738e-15,2.7699552958961174e-15,6.5378490680711472e-15,1.2232784979191492e-14,1.7030195159375084e-14,1.5819211568130312e-14
957,5.5000722467240675e-14,8.6682609393444331e-16,1.2844601002822011e-15,2.6921689475108874e-15,6.3528930154556327e-15,1.1886143111078498e-14,1.6547454234905215e-14,1.5370776964073801e-14
958,5.3444749483981912e-14,8.4318611196134547e-16,1.2490514208826659e-15,2.6165668186078625e-15,6.1731693781257803e-15,1.1549324117364613e-14,1.6078397232751887e-14,1.4935054404287760e-14
959,5.1932795048408097e-14,8.2018983086421630e-16,1.2146180670738642e-15,2.5430875823305232e-15,5.9985301308110713e-15,1.1222049643664927e-14,1.5622636262478543e-14,1.4511683531184955e-14
960,5.0463613873768674e-14,7.9781975274878539e-16,1.1811331965671666e-15,2.4716716335557932e-15,5.8288314358827474e-15,1.0904049223459131e-14,1.5179794429010682e-14,1.4100314202544368e-14
961,4.9035995902532865e-14,7.7605885449554647e-16,1.1485707051427484e-15,2.4022610405613238e-15,5.6639335248852167e-15,1.0595060054568255e-14,1.4749505520953686e-14,1.3700606201926085e-14
962,4.7648765309753396e-14,7.5489057490345331e-16,1.1169052063747813e-15,2.3347994980494646e-15,5.5037005834189632e-15,1.0294826781965523e-14,1.4331413707745827e-14,1.3312228957295387e-14
963,4.6300779534625210e-14,7.3429880218098094e-16,1.0861120119130065e-15,2.2692322814898253e-15,5.3480006392801187e-15,1.0003101286741913e-14,1.3925173245396022e-14,1.2934861267623344e-14
964,4.4990928339441227e-14,7.1426786177519062e-16,1.0561671123054358e-15,2.2055062027434252e-15,5.1967054537645673e-15,9.7196424810518985e-15,1.3530448190562986e-14,1.2568191037237727e-14
965,4.3718132895170512e-14,6.9478250452968701e-16,1.0270471583473483e-15,2.1435695669324599e-15,5.0496904160470678e-15,9.4442161088699916e-15,1.3146912122739350e-14,1.2211915017704610e-14
966,4.2481344892905307e-14,6.7582789516260017e-16,9.9872944294215502e-16,2.0833721305207288e-15,4.9068344405483838e-15,9.1765945523933908e-15,1.2774247874310946e-14,1.1865738557027103e-14
967,4.1279545680445348e-14,6.5738960105596742e-16,9.7119188346009911e-16,2.0248650605707348e-15,4.7680198672059270e-15,8.9165566439307185e-15,1.2412147268268069e-14,1.1529375355953834e-14
968,4.0111745423308265e-14,6.3945358134811666e-16,9.4441300458114025e-16,1.9680008951444368e-15,4.6331323645657147e-15,8.6638874831214281e-15,1.2060310863351773e-14,1.1202547231195654e-14
969,3.8976982289474973e-14,6.2200617632088272e-16,9.1837192160875167e-16,1.9127335048155560e-15,4.5020608356158932e-15,8.4183782593347824e-15,1.1718447706424470e-14,1.0884983885354637e-14
970,3.7874321657198713e-14,6.0503409707370375e-16,8.9304832424171977e-16,1.8590180552622315e-15,4.3746973262842091e-15,8.1798260791016193e-15,1.1386275091860009e-14,1.0576422683375220e-14
971,3.6802855345225186e-14,5.8852441547686695e-16,8.6842246079138267e-16,1.8068109709097141e-15,4.2509369365241134e-15,7.9480337984363491e-15,1.1063518327754297e-14,1.0276608435332464e-14
972,3.5761700864789803e-14,5.7246455439636788e-16,8.4447512283210182e-16,1.7560698995936086e-15,4.1306777339162218e-15,7.7228098599105193e-15,1.0749910508763076e-14,9.9852931853779034e-15
973,3.4750000692775927e-14,5.5684227818306270e-16,8.2118763027308104e-16,1.7067536782150414e-15,4.0138206697140136e-15,7.5039681343433639e-15,1.0445192295379034e-14,9.7022360066683315e-15
974,3.3766921565435595e-14,5.4164568341898284e-16,7.9854181683998268e-16,1.6588222993598952e-15,3.9002694972645876e-15,7.2913277669784613e-15,1.0149111699465695e-14,9.4272028021079887e-15
975,3.2811653792090805e-14,5.2686318991387499e-16,7.7652001595510421e-16,1.6122368788550590e-15,3.7899306927373098e-15,7.0847130280194134e-15,9.8614238758707243e-15,9.1599661107393208e-15
976,3.1883410588250311e-14,5.1248353194521548e-16,7.5510504700518085e-16,1.5669596242353954e-15,3.6827133780950370e-15,6.8839531674009727e-15,9.5818909199463423e-15,8.9003049196221662e-15
977,3.0981427427592511e-14,4.9849574973513195e-16,7.3428020198619057e-16,1.5229538040958569e-15,3.5785292462445049e-15,6.6888822736756314e-15,9.3102816708093602e-15,8.6480044810458332e-15
978,3.0104961412280831e-14,4.8488918115783800e-16,7.1402923251481671e-16,1.4801837183039130e-15,3.4772924883042032e-15,6.4993391368990451e-15,9.0463715201781800e-15,8.4028561349228353e-15
979,2.9253290661092843e-14,4.7165345367136354e-16,6.9433633719651745e-16,1.4386146690481362e-15,3.3789197229298461e-15,6.3151671154009458e-15,8.7899422266286063e-15,8.1646571362174303e-15
980,2.8425713714859328e-14,4.5877847646752564e-16,6.7518614934041627e-16,1.3982129326994824e-15,3.2833299276392387e-15,6.1362140063314762e-15,8.5407817351149650e-15,7.9332104872662247e-15
981,2.7621548958723382e-14,4.4625443283425190e-16,6.5656372501150710e-16,1.3589457324624482e-15,3.1904443720799547e-15,5.9623319198759244e-15,8.2986840016071450e-15,7.7083247748521506e-15
982,2.6840134060743965e-14,4.3407177272452480e-16,6.3845453141091700e-16,1.3207812117939414e-15,3.1001865531848814e-15,5.7933771570339319e-15,8.0634488226986726e-15,7.4898140118970971e-15
983,2.6080825426381292e-14,4.2222120552637007e-16,6.2084443557523218e-16,1.2836884085683112e-15,3.0124821321622133e-15,5.6292100908621451e-15,7.8348816700447960e-15,7.2774974836422237e-15
984,2.5342997668414864e-14,4.1069369302846221e-16,6.0371969338613163e-16,1.2476372299675983e-15,2.9272588732680046e-15,5.4696950510821718e-15,7.6127935294937270e-15,7.0711995981887709e-15
985,2.4626043091857615e-14,3.9948044257606661e-16,5.8706693888182157e-16,1.2125984280766460e-15,2.8444465843108477e-15,5.3147002119584846e-15,7.3970007447779987e-15,6.8707497412757505e-15
986,2.3929371193441746e-14,3.8857290041218090e-16,5.7087317386198577e-16,1.1785435761632900e-15,2.7639770588396776e-15,5.1640974833535914e-15,7.1873248656366408e-15,6.6759821351743813e-15
987,2.3252408175264254e-14,3.7796274519887359e-16,5.5512575777820559e-16,1.1454450456243951e-15,2.6857840199670865e-15,5.0177624048704565e-15,6.9835925002426243e-15,6.4867357015826137e-15
988,2.2594596472191338e-14,3.6764188171395617e-16,5.3981239790201402e-16,1.1132759835790534e-15,2.6098030657818749e-15,4.8755740429946672e-15,6.7856351718134646e-15,6.3028539284063072e-15
989,2.1955394292632634e-14,3.5760243471825422e-16,5.2492113976297022e-16,1.0820102910907741e-15,2.5359716163058947e-15,4.7374148911513556e-15,6.5932891792864852e-15,6.1241847403168972e-15
990,2.1334275172306939e-14,3.4783674298886898e-16,5.1044035784934429e-16,1.0516226020010153e-15,2.4642288619514711e-15,4.6031707725942646e-15,6.4063954619434600e-15,5.9505803729785144e-15
991,2.0730727540631924e-14,3.3833735351394972e-16,4.9635874656420919e-16,1.0220882623568905e-15,2.3945157134369819e-15,4.4727307460467161e-15,6.2247994678726928e-15,5.7818972508404816e-15
992,2.0144254299380694e-14,3.2909701584461173e-16,4.8266531142993096e-16,9.9338331041638068e-16,2.3267747531193115e-15,4.3459870140164813e-15,6.0483510261597979e-15,5.6179958683941807e-15
993,1.9574372413258209e-14,3.2010867659975768e-16,4.6934936053424248e-16,9.6548445721483413e-16,2.2609501877031279e-15,4.2228348337087964e-15,5.8769042227014160e-15,5.4587406747960328e-15
994,1.9020612512060248e-14,3.1136547411967151e-16,4.5640049621127165e-16,9.3836906767700606e-16,2.1969878022880041e-15,4.1031724304638884e-15,5.7103172795392151e-15,5.3039999617611929e-15
995,1.8482518504087409e-14,3.0286073326436556e-16,4.4380860695107771e-16,9.1201514225931604e-16,2.1348349157155547e-15,3.9869009136474782e-15,5.5484524376143884e-15,5.1536457546352272e-15
996,1.7959647200495547e-14,2.9458796035277159e-16,4.3156385953142496e-16,8.8640129910745282e-16,2.0744403371798015e-15,3.8739241949247463e-15,5.3911758428456502e-15,5.0075537065537002e-15
997,1.7451567950273436e-14,2.8654083823896902e-16,4.1965669136569553e-16,8.6150675671484749e-16,2.0157543240650378e-15,3.7641489088502112e-15,5.2383574354365649e-15,4.8656029956021110e-15
998,1.6957862285546876e-14,2.7871322152174972e-16,4.0807780306100969e-16,8.3731131706796627e-16,1.9587285409764540e-15,3.6574843357079155e-15,5.0898708423206306e-15,4.7276762248911508e-15
999,1.6478123576917194e-14,2.7109913188391449e-16,3.9681815118078632e-16,8.1379534926475312e-16,1.9033160199297991e-15,3.5538423265381200e-15,4.9455932726552042e-15,4.5936593254646153e-15
1000,1.6011956698550204e-14,2.6369275355779705e-16,3.8586894120613065e-16,7.9093977359294197e-16,1.8494711216672661e-15,3.4531372302885729e-15,4.8054054162778144e-15,4.4634414619596831e-15
1001,1.5558977702739875e-14,2.5648842891360407e-16,3.7522162069059543e-16,7.6872604605532953e-16,1.7971494980677658e-15,3.3552858230301343e-15,4.6691913450409034e-15,4.3369149409415437e-15
1002,1.5118813503678523e-14,2.4948065416725170e-16,3.6486787260300585e-16,7.4713614332946511e-16,1.7463080556206045e-15,3.2602072391782553e-15,4.5368384169434039e-15,4.2139751218365360e-15
1003,1.4691101570173228e-14,2.4266407520446859e-16,3.5479960885318881e-16,7.2615254814955912e-16,1.6969049199325012e-15,3.1678229046634800e-15,4.4082371829798674e-15,4.0945203303901620e-15
1004,1.4275489627055292e-14,2.3603348351802423e-16,3.4500896399558384e-16,7.0575823509876339e-16,1.6488994012386969e-15,3.0780564719957313e-15,4.2832812966301048e-15,3.9784517745783888e-15
1005,1.3871635365036846e-14,2.2958381225502258e-16,3.3548828910585640e-16,6.8593665680029958e-16,1.6022519608897613e-15,2.9908337571687201e-15,4.1618674259144976e-15,3.8656734629026900e-15
1006,1.3479206158775607e-14,2.2331013237128748e-16,3.2623014582576200e-16,6.6667173049624353e-16,1.5569241787864853e-15,2.9060826783523259e-15,4.0438951679422447e-15,3.7560921250012561e-15
1007,1.3097878792915599e-14,2.1720764888994376e-16,3.1722730057164448e-16,6.4794782500308238e-16,1.5128787217360435e-15,2.8237331963222930e-15,3.9292669658818761e-15,3.6496171345107154e-15
1008,1.2727339195878245e-14,2.1127169726137657e-16,3.0847271890207613e-16,6.2974974803346726e-16,1.4700793127033634e-15,2.7437172565780023e-15,3.8178880282853948e-15,3.5461604341145651e-15
1009,1.2367282181184445e-14,2.0549773982182898e-16,2.9995956004027138e-16,6.1206273387388541e-16,1.4284907009323728e-15,2.6659687331004786e-15,3.7096662506992771e-15,3.4456364627163305e-15
1010,1.2017411196094709e-14,1.9988136234796945e-16,2.9168117154702430e-16,5.9487243140825733e-16,1.3880786329125207e-15,2.5904233737041703e-15,3.6045121394975645e-15,3.3479620846772025e-15
1011,1.1677438077360277e-14,1.9441827070483475e-16,2.8363108414003925e-16,5.7816489247775158e-16,1.3488098241666524e-15,2.5170187469373180e-15,3.5023387378740245e-15,3.2530565210596570e-15
1012,1.1347082813884020e-14,1.8910428758462276e-16,2.7580300665563367e-16,5.6192656056737674e-16,1.3106519318370136e-15,2.4456941904870369e-15,3.4030615539321717e-15,3.1608412828201648e-15
1013,1.1026073316095706e-14,1.8393534933387829e-16,2.6819082114890671e-16,5.4614425981018099e-16,1.2735735280467911e-15,2.3763907610464798e-15,3.3065984908137159e-15,3.0712401058957529e-15
1014,1.0714145191851631e-14,1.7890750286668108e-16,2.6078857812856935e-16,5.3080518430013998e-16,1.2375440740152616e-15,2.3090511856026350e-15,3.2128697788076167e-15,2.9841788881307271e-15
1015,1.0411041528674070e-14,1.7401690266150919e-16,2.5359049192274123e-16,5.1589688770507054e-16,1.2025338949052209e-15,2.2436198141045095e-15,3.1217979093836251e-15,2.8995856279913939e-15
1016,1.0116512682151181e-14,1.6925980783951567e-16,2.4659093617211700e-16,5.0140727317114836e-16,1.1685141553819824e-15,2.1800425734725840e-15,3.0333075710957499e-15,2.8173903650180832e-15
1017,9.8303160703230802e-15,1.6463257932201426e-16,2.3978443944700447e-16,4.8732458351084130e-16,1.1354568358638117e-15,2.1182669229115225e-15,2.9473255873026429e-15,2.7375251219652440e-15
1018,9.5522159738847546e-15,1.6013167706503264e-16,2.3316568098483514e-16,4.7363739166630617e-16,1.1033347094442383e-15,2.0582418104892099e-15,2.8637808556533997e-15,2.6599238485817335e-15
1019,9.2819833420412364e-15,1.5575365736884773e-16,2.2672948654483684e-16,4.6033459144051295e-16,1.0721213194672354e-15,1.9999176309462335e-15,2.7826042892887373e-15,2.5845223669848312e-15
1020,9.0193956038551354e-15,1.5149517026047359e-16,2.2047082437665228e-16,4.4740538848858357e-16,1.0417909577367984e-15,1.9432461847009421e-15,2.7037287597089128e-15,2.5112583185827731e-15
1021,8.7642364849311928e-15,1.4735295694712874e-16,2.1438480129977507e-16,4.3483929156204020e-16,1.0123186433429790e-15,1.8881806380161940e-15,2.6270890412611449e-15,2.4400711125019304e-15
1022,8.5162958292867837e-15,1.4332384733876154e-16,2.0846665889075874e-16,4.2262610399886189e-16,9.8368010208692504e-16,1.8346754842948866e-15,2.5526217572006329e-15,2.3709018754759572e-15
1023,8.2753694262617675e-15,1.3940475763776523e-16,2.0271176977523942e-16,4.1075591545245136e-16,9.5585174648799403e-16,1.7826865064722701e-15,2.4802653272805563e-15,2.3036934031554905e-15
1024,8.0412588423250147e-15,1.3559268799406342e-16,1.9711563402189445e-16,3.9921909385280437e-16,9.2881065635646218e-16,1.7321707404739750e-15,2.4099599168277152e-15,2.2383901127981003e-15
1025,7.8137712576391820e-15,1.3188472022379769e-16,1.9167387563553628e-16,3.8800627759336371e-16,9.0253455991583294e-16,1.6830864397095416e-15,2.3416473872617180e-15,2.1749379972993924e-15
1026,7.5927193072490402e-15,1.2827801558989475e-16,1.8638223914661957e-16,3.7710836793722175e-16,8.7700181545919763e-16,1.6353930405721178e-15,2.2752712480167632e-15,2.1132845805272260e-15
1027,7.3779209267626139e-15,1.2476981264283921e-16,1.8123658629451319e-16,3.6651652163651544e-16,8.5219139352453714e-16,1.5890511289158107e-15,2.2107766098262867e-15,2.0533788739221112e-15
1028,7.1691992023979967e-15,1.2135742512002064e-16,1.7623289280196173e-16,3.5622214375902768e-16,8.2808285957428580e-16,1.5440224074829832e-15,2.1481101393318242e-15,1.9951713343278946e-15
1029,6.9663822252723651e-15,1.1803823990207087e-16,1.7136724523823204e-16,3.4621688071617886e-16,8.0465635716489121e-16,1.5002696642545808e-15,2.0872200149785564e-15,1.9386138230178551e-15
1030,6.7693029498131378e-15,1.1480971502464721e-16,1.6663583796850858e-16,3.3649261348675543e-16,7.8189259159250792e-16,1.4577567416973325e-15,2.0280558841610681e-15,1.8836595658823177e-15
1031,6.5777990561747100e-15,1.1166937774416077e-16,1.6203497018716813e-16,3.2704145103088064e-16,7.5977281400135446e-16,1.4164485068824034e-15,1.9705688215838712e-15,1.8302631147448718e-15
1032,6.3917128165474218e-15,1.0861482265598960e-16,1.5756104303263060e-16,3.1785572388888639e-16,7.3827880594164705e-16,1.3763108224508158e-15,1.9147112888022710e-15,1.7783803097751816e-15
1033,6.2108909652486474e-15,1.0564370986375445e-16,1.5321055678154392e-16,3.0892797795989653e-16,7.1739286436438951e-16,1.3373105184016354e-15,1.8604370949101058e-15,1.7279682429673213e-15
1034,6.0351845724890080e-15,1.0275376319827540e-16,1.4898010812012458e-16,3.0025096845507574e-16,6.9709778704066023e-16,1.2994153646796049e-15,1.8077013583418522e-15,1.6789852226534153e-15
1035,5.8644489217097616e-15,9.9942768484862812e-17,1.4486638749053338e-16,2.9181765402064176e-16,6.7737685839339054e-16,1.2625940445395801e-15,1.7564604697575121e-15,1.6313907390232412e-15
1036,5.6985433903903085e-15,9.7208571857634378e-17,1.4086617651022592e-16,2.8362119102587396e-16,6.5821383572995952e-16,1.2268161286657498e-15,1.7066720559795842e-15,1.5851454306212808e-15
1037,5.5373313342276572e-15,9.4549078119583936e-17,1.3697634546227143e-16,2.7565492801148770e-16,6.3959293586427223e-16,1.1920520500242462e-15,1.6582949449522951e-15,1.5402110517935008e-15
1038,5.3806799745924773e-15,9.1962249147162928e-17,1.3319385085469213e-16,2.6791240029387229e-16,6.2149882211729888e-16,1.1582730794283772e-15,1.6112891316941192e-15,1.4965504410569544e-15
1039,5.2284602891689994e-15,8.9446102338168874e-17,1.2951573304692492e-16,2.6038732472081558e-16,6.0391659168536877e-16,1.1254513017962688e-15,1.5656157452154229e-15,1.4541274903660296e-15
1040,5.0805469056887401e-15,8.6998709101767161e-17,1.2593911394156246e-16,2.5307359457446494e-16,5.8683176336581635e-16,1.0935595930813142e-15,1.5212370163738799e-15,1.4129071152499348e-15
1041,4.9368179986704901e-15,8.4618193389505197e-17,1.2246119473957895e-16,2.4596527461738993e-16,5.7023026562986989e-16,1.0625715978563473e-15,1.4781162466410752e-15,1.3728552257967233e-15
1042,4.7971551890815396e-15,8.2302730266207820e-17,1.1907925375729730e-16,2.3905659627772886e-16,5.5409842503295748e-16,1.0324617075330279e-15,1.4362177777544665e-15,1.3339386984598538e-15
1043,4.6614434468374934e-15,8.0050544519673592e-17,1.1579064430340009e-16,2.3234195296951565e-16,5.3842295495288660e-16,1.0032050391984362e-15,1.3955069622296051e-15,1.2961253486639762e-15
1044,4.5295709960603645e-15,7.7859909308120534e-17,1.1259279261433502e-16,2.2581589554439255e-16,5.2319094464662133e-16,9.7477741505137586e-16,1.3559501347082363e-15,1.2593839041872826e-15
1045,4.4014292230169232e-15,7.5729144844358267e-17,1.0948319584650990e-16,2.1947312787101846e-16,5.0838984861664365e-16,9.4715534242140859e-16,1.3175145841185759e-15,1.2236839792984079e-15
1046,4.2769125866614813e-15,7.3656617115691227e-17,1.0645942012371688e-16,2.1330850253859002e-16,4.9400747627814091e-16,9.2031599435409279e-16,1.2801685266247524e-15,1.1889960496264968e-15
1047,4.1559185317094152e-15,7.1640736638584741e-17,1.0351909863826767e-16,2.0731701668098975e-16,4.8003198191850841e-16,8.9423719074638787e-16,1.2438810793430317e-15,1.1552914277436450e-15
1048,4.0383474041698481e-15,6.9679957247151468e-17,1.0065992980436396e-16,2.0149380791817581e-16,4.6645185494089941e-16,8.6889738001663240e-16,1.2086222348030988e-15,1.1225422394395260e-15
1049,3.9241023692679146e-15,6.7772774914541769e-17,9.7879675462267582e-17,1.9583415041152148e-16,4.5325591038378432e-16,8.4427562129394861e-16,1.1743628361332706e-15,1.0907214006685802e-15
1050,3.8130893316890119e-15,6.5917726606345909e-17,9.5176159131873847e-17,1.9033345102990539e-16,4.4043327970871295e-16,8.2035156711235308e-16,1.1410745529491214e-15,1.0598025951506990e-15
1051,3.7052168580793387e-15,6.4113389165140235e-17,9.2547264314330576e-17,1.8498724562344368e-16,4.2797340184869051e-16,7.9710544659527030e-16,1.1087298579255832e-15,1.0297602526068807e-15
1052,3.6003961017389064e-15,6.2358378225333308e-17,8.9990932840382154e-17,1.7979119540184184e-16,4.1586601450979618e-16,7.7451804911655592e-16,1.0773020040331401e-15,1.0005695276118570e-15
1053,3.4985407294449769e-15,6.0651347157490068e-17,8.7505163264154336e-17,1.7474108341442935e-16,4.0410114571887892e-16,7.5257070842452170e-16,1.0467650024193026e-15,9.7220627904619967e-16
1054,3.3995668503456776e-15,5.8990986041335178e-17,8.5088009301130702e-17,1.6983281112902234e-16,3.9266910561036958e-16,7.3124528721584635e-16,1.0170936009170576e-15,9.4464705013091562e-16
1055,3.3033929468652171e-15,5.7376020666657720e-17,8.2737578309106263e-17,1.6506239510684004e-16,3.8156047844544402e-16,7.1052416214662048e-16,9.8826326316253293e-16,9.1786904902801533e-16
1056,3.2099398075637963e-15,5.5805211561360577e-17,8.0452029810936478e-17,1.6042596377077804e-16,3.7076611485696538e-16,6.9039020926814043e-16,9.6025014830460178e-16,8.9185012999101336e-16
1057,3.1191304618969101e-15,5.4277353045918629e-17,7.8229574057933266e-17,1.5591975426441797e-16,3.6027712431381628e-16,6.7082678987541331e-16,9.3303109128964410e-16,8.6656877504976640e-16
1058,3.0308901168203204e-15,5.2791272313529333e-17,7.6068470632790088e-17,1.5154010939922560e-16,3.5008486779841595e-16,6.5181773675667759e-16,9.0658358370517158e-16,8.4200407621451036e-16
1059,2.9451460951884708e-15,5.1345828535258975e-17,7.3967027090949886e-17,1.4728347468746210e-16,3.4018095069139065e-16,6.3334734083257880e-16,8.8088575516646245e-16,8.1813571818436800e-16
1060,2.8618277758956149e-15,4.9939911989506681e-17,7.1923597639358626e-17,1.4314639545840182e-16,3.3055721585753721e-16,6.1540033817395300e-16,8.5591635523082324e-16,7.9494396154603458e-16
1061,2.7808665357103550e-15,4.8572443215126561e-17,6.9936581851577113e-17,1.3912551405551814e-16,3.2120573692738483e-16,5.9796189738749405e-16,8.3165473582451283e-16,7.7240962644874141e-16
1062,2.7021956927556840e-15,4.7242372187566082e-17,6.8004423418250968e-17,1.3521756711236361e-16,3.1211881176882139e-16,5.8101760735887846e-16,8.0808083416780594e-16,7.5051407674199765e-16
1063,2.6257504515879822e-15,4.5948677517396599e-17,6.6125608931967017e-17,1.3141938290493595e-16,3.0328895614340895e-16,5.6455346534321577e-16,7.8517515618406588e-16,7.2923920456299200e-16
1064,2.5514678498297260e-15,4.4690365670628319e-17,6.4298666705550457e-17,1.2772787877838185e-16,2.9470889754216103e-16,5.4855586539298648e-16,7.6291876037911354e-16,7.0856741536090442e-16
1065,2.4792867063119655e-15,4.3466470210218786e-17,6.2522165622883519e-17,1.2414005864595188e-16,2.8637156919570688e-16,5.3301158711390038e-16,7.4129324217755732e-16,6.8848161334574705e-16
1066,2.4091475706838522e-15,4.2276051058199801e-17,6.0794714021351141e-17,1.2065301055817823e-16,2.7827010425390848e-16,5.1790778473938439e-16,7.2028071870313388e-16,6.6896518734969634e-16
1067,2.3409926744477111e-15,4.1118193777863388e-17,5.9114958605044413e-17,1.1726390434030345e-16,2.7039783013013534e-16,5.0323197651467095e-16,6.9986381399047015e-16,6.5000199708922361e-16
1068,2.2747658833793417e-15,3.9992008875462564e-17,5.7481583387875655e-17,1.1396998929604442e-16,2.6274826300554205e-16,4.8897203438171297e-16,6.8002564461603983e-16,6.3157635981666415e-16
1069,2.2104126512943416e-15,3.8896631120897055e-17,5.5893308665782704e-17,1.1076859197582872e-16,2.5531510248881797e-16,4.7511617395640103e-16,6.6074980573643161e-16,6.1367303735018261e-16
1070,2.1478799751223891e-15,3.7831218886869184e-17,5.4348890017222856e-17,1.0765711400769382e-16,2.4809222642701422e-16,4.6165294478979931e-16,6.4202035752238005e-16,5.9627722347140973e-16
1071,2.0871163512524750e-15,3.6794953506008290e-17,5.2847117331177831e-17,1.0463302998908963e-16,2.4107368586317211e-16,4.4857122090535336e-16,6.2382181197734673e-16,5.7937453168032703e-16
1072,2.0280717331131271e-15,3.5787038645476166e-17,5.1386813861913874e-17,1.0169388543787425e-16,2.3425370013660052e-16,4.3586019160424619e-16,6.0613912012974345e-16,5.6295098329727275e-16
1073,1.9706974899526967e-15,3.4806699698578937e-17,4.9966835309760734e-17,9.8837294800841847e-17,2.2762665212176671e-16,4.2350935253130828e-16,5.8895765958821247e-16,5.4699299590222790e-16
1074,1.9149463667857491e-15,3.3853183192923973e-17,4.8586068927194180e-17,9.6060939518166230e-17,2.2118708360187924e-16,4.1150849699409495e-16,5.7226322244966827e-16,5.3148737210182203e-16
1075,1.8607724454725723e-15,3.2925756214672355e-17,4.7243432649526079e-17,9.3362566142191652e-17,2.1492969077335215e-16,3.9984770752795683e-16,5.5604200355010432e-16,5.1642128861476891e-16
1076,1.8081311068997532e-15,3.2023705848450329e-17,4.5937874249525240e-17,9.0739984509043713e-17,2.0884931987744825e-16,3.8851734770013562e-16,5.4028058904844528e-16,5.0178228566670463e-16
1077,1.7569789942306606e-15,3.1146338632494261e-17,4.4668370515310818e-17,8.8191065961578514e-17,2.0294096295550359e-16,3.7750805414610871e-16,5.2496594533400772e-16,4.8755825668565701e-16
1078,1.7072739771955777e-15,3.0292980028615887e-17,4.3433926450878252e-17,8.5713741622227749e-17,1.9719975372423647e-16,3.6681072883160205e-16,5.1008540824839176e-16,4.7373743828962536e-16
1079,1.6589751173920668e-15,2.9462973906585102e-17,4.2233574498635084e-17,8.3306000714339641e-17,1.9162096356774438e-16,3.5641653153387797e-16,4.9562667261289609e-16,4.6030840055798841e-16
1080,1.6120426345669895e-15,2.8655682042539044e-17,4.1066373783341410e-17,8.0965888930653819e-17,1.8619999764288748e-16,3.4631687253608220e-16,4.8157778205279074e-16,4.4726003757869498e-16
1081,1.5664378738524100e-15,2.7870483631036543e-17,3.9931409376866015e-17,7.8691506847586642e-17,1.8093239109485091e-16,3.3650340552861374e-16,4.6792711911003495e-16,4.3458155826342110e-16
1082,1.5221232739283930e-15,2.7106774810387309e-17,3.8827791583185742e-17,7.6481008384041266e-17,1.7581380537976910e-16,3.2696802071165043e-16,4.5466339563626489e-16,4.2226247742309428e-16
1083,1.4790623360864835e-15,2.6363968200895465e-17,3.7754655243071209e-17,7.4332599303491933e-17,1.7084002469138317e-16,3.1770283809313115e-16,4.4177564345810381e-16,4.1029260709640676e-16
1084,1.4372195941683767e-15,2.5641492455666564e-17,3.6711159057917172e-17,7.2244535758127736e-17,1.6600695248878838e-16,3.0870020097665391e-16,4.2925320530707810e-16,3.9866204812414485e-16
1085,1.3965605853550273e-15,2.4938791823637002e-17,3.5696484932191147e-17,7.0215122873875018e-17,1.6131060812241162e-16,2.9995266963391054e-16,4.1708572600663569e-16,3.8736118196236628e-16
1086,1.3570518217821353e-15,2.4255325724493682e-17,3.4709837333987790e-17,6.8242713375150547e-17,1.5674712355544048e-16,2.9145301515642617e-16,4.0526314390898168e-16,3.7638066272765480e-16
1087,1.3186607629586304e-15,2.3590568335161131e-17,3.3750442673191164e-17,6.6325706248230049e-17,1.5231274017800289e-16,2.8319421348152470e-16,3.9377568257464789e-16,3.6571140946787247e-16
1088,1.2813557889654414e-15,2.2944008187541671e-17,3.2817548696760308e-17,6.4462545442147985e-17,1.4800380571147397e-16,2.7516943958758179e-16,3.8261384268791630e-16,3.5534459865201932e-16
1089,1.2451061744124695e-15,2.2315147777203081e-17,3.1910423900667066e-17,6.2651718606074710e-17,1.4381677120036007e-16,2.6737206185376852e-16,3.7176839420141014e-16,3.4527165687298597e-16
1090,1.2098820631323240e-15,2.1703503182716223e-17,3.1028356958027994e-17,6.0891755862146854e-17,1.3974818808928275e-16,2.5979563657962454e-16,3.6123036870335854e-16,3.3548425375716715e-16
1091,1.1756544435899708e-15,2.1108603695353409e-17,3.0170656162984844e-17,5.9181228612755738e-17,1.3579470538265461e-16,2.5243390265993191e-16,3.5099105200121949e-16,3.2597429507507073e-16
1092,1.1423951249880439e-15,2.0529991458865851e-17,2.9336648889900148e-17,5.7518748381326089e-17,1.3195306688470863e-16,2.4528077641048796e-16,3.4104197691553133e-16,3.1673391604722385e-16
1093,1.1100767140481392e-15,1.9967221119066447e-17,2.8525681067446690e-17,5.5902965685644818e-17,1.2822010851760658e-16,2.3833034654050193e-16,3.3137491627803104e-16,3.0775547483984178e-16
1094,1.0786725924489666e-15,1.9419859482951440e-17,2.7737116667180872e-17,5.4332568942826115e-17,1.2459275571541871e-16,2.3157686926746000e-16,3.2198187612825117e-16,2.9903154624487829e-16
1095,1.0481568949027761e-15,1.8887485187101638e-17,2.6970337206201555e-17,5.2806283405024481e-17,1.2106802089182764e-16,2.2501476357042164e-16,3.1285508910296725e-16,2.9055491553923180e-16
1096,1.0185044878520048e-15,1.8369688375111207e-17,2.6224741263506689e-17,5.1322870125032336e-17,1.1764300097947115e-16,2.1863860657782445e-16,3.0398700801303040e-16,2.8231857251802846e-16
1097,9.8969094876859655e-16,1.7866070383798438e-17,2.5499744009670803e-17,4.9881124950923296e-17,1.1431487503889702e-16,2.1244312908598620e-16,2.9537029960227369e-16,2.7431570569704703e-16
1098,9.6169254603894341e-16,1.7376243437960035e-17,2.4794776749476796e-17,4.8479877548925454e-17,1.1108090193516061e-16,2.0642321120459977e-16,2.8699783848332919e-16,2.6653969667949167e-16
1099,9.3448621941788516e-16,1.6899830353436569e-17,2.4109286477145550e-17,4.7117990453732159e-17,1.0793841808015179e-16,2.0057387812562292e-16,2.7886270124534367e-16,2.5898411468245254e-16
1100,9.0804956103566305e-16,1.6436464248263225e-17,2.3442735443816583e-17,4.5794358145479832e-17,1.0488483523879110e-16,1.9489029601206636e-16,2.7095816072871732e-16,2.5164271121852848e-16
1101,8.8236079694219079e-16,1.5985788261686070e-17,2.2794600736942666e-17,4.4507906152644139e-17,1.0191763839728945e-16,1.8936776800328149e-16,2.6327768046213393e-16,2.4450941492821308e-16
1102,8.5739876917343816e-16,1.5547455280830017e-17,2.2164373871270469e-17,4.3257590180126763e-17,9.9034383691714017e-17,1.8400173033344814e-16,2.5581490925727914e-16,2.3757832655876954e-16
1103,8.3314291832515524e-16,1.5121127674810452e-17,2.1551560391088348e-17,4.2042395261825524e-17,9.6232696395155850e-17,1.7878774856005255e-16,2.4856367595677978e-16,2.3084371408544268e-16
1104,8.0957326661959007e-16,1.4706477036086142e-17,2.0955679483431163e-17,4.0861334937000440e-17,9.3510268961840033e-17,1.7372151389924089e-16,2.4151798433101844e-16,2.2430000797097300e-16
1105,7.8667040145124783e-16,1.4303183928856596e-17,2.0376263601940609e-17,3.9713450449767434e-17,9.0864859126568398e-17,1.6879883966501787e-16,2.3467200811960548e-16,2.1794179655949140e-16
1106,7.6441545939814068e-16,1.3910937644312293e-17,1.9812858101087659e-17,3.8597809971070573e-17,8.8294288057928980e-17,1.6401565780934881e-16,2.2802008621340597e-16,2.1176382160098635e-16
1107,7.4279011068536183e-16,1.3529435962551413e-17,1.9265020880471966e-17,3.7513507842501454e-17,8.5796438563751305e-17,1.5936801556030584e-16,2.2155671797313870e-16,2.0576097390264119e-16
1108,7.2177654408818486e-16,1.3158384920981888e-17,1.8732322038920873e-17,3.6459663841352500e-17,8.3369253347329265e-17,1.5485207215547919e-16,2.1527655868067522e-16,1.9992828910344584e-16
1109,7.0135745226225447e-16,1.2797498589032287e-17,1.8214343538118172e-17,3.5435422466307813e-17,8.1010733312975841e-17,1.5046409566795477e-16,2.0917441511927804e-16,1.9426094356858756e-16
1110,6.8151601748878822e-16,1.2446498849000062e-17,1.7710678875500399e-17,3.4439952243192207e-17,7.8718935919513424e-17,1.4620045992223479e-16,2.0324524127912171e-16,1.8875425040022571e-16
1111,6.6223589782304637e-16,1.2105115182870172e-17,1.7220932766165467e-17,3.3472445050215276e-17,7.6491973580344247e-17,1.4205764149755199e-16,1.9748413418454741e-16,1.8340365556135173e-16
1112,6.4350121363466112e-16,1.1773084464941756e-17,1.6744720833545567e-17,3.2532115462162922e-17,7.4328012108782681e-17,1.3803221681610226e-16,1.9188632983959827e-16,1.7820473410952762e-16
1113,6.2529653452874333e-16,1.1450150760104806e-17,1.6281669308603055e-17,3.1618200113004627e-17,7.2225269207369332e-17,1.3412085931378803e-16,1.8644719928848438e-16,1.7315318653738906e-16
1114,6.0760686663698863e-16,1.1136065127613243e-17,1.5831414737314690e-17,3.0729957076399028e-17,7.0182012999922352e-17,1.3032033669113507e-16,1.8116224478771798e-16,1.6824483521688625e-16
1115,5.9041764026832095e-16,1.0830585430204792e-17,1.5393603696216012e-17,2.9866665263595599e-17,6.8196560605117224e-17,1.2662750824211057e-16,1.7602709608675522e-16,1.6347562094432150e-16
1116,5.7371469790889870e-16,1.0533476148422273e-17,1.4967892515783985e-17,2.9027623838243746e-17,6.6267276750419979e-17,1.2303932225863477e-16,1.7103750681406697e-16,1.5884159958332692e-16
1117,5.5748428256160191e-16,1.0244508199994758e-17,1.4553947011442089e-17,2.8212151647634609e-17,6.4392572425232259e-17,1.1955281350864187e-16,1.6618935096565138e-16,1.5433893880300490e-16
1118,5.4171302641539566e-16,9.9634587641409626e-18,1.4151442221977941e-17,2.7419586669914315e-17,6.2570903572139078e-17,1.1616510078560502e-16,1.6147861949308367e-16,1.4996391490853474e-16
1119,5.2638793983523786e-16,9.6901111106609192e-18,1.3760062155169464e-17,2.6649285476820024e-17,6.0800769815181137e-17,1.1287338452750109e-16,1.5690141698828184e-16,1.4571290976162334e-16
1120,5.1149640066346228e-16,9.4242544336856790e-18,1.3379499540420969e-17,2.5900622711503030e-17,5.9080713224104433e-17,1.0967494450324734e-16,1.5245395846224710e-16,1.4158240778825370e-16
1121,4.9702614382382734e-16,9.1656836899582761e-18,1.3009455588216287e-17,2.5172990581015309e-17,5.7409317113569353e-17,1.0656713756469770e-16,1.4813256621511426e-16,1.3756899307125613e-16
1122,4.8296525121966584e-16,8.9141994415226434e-18,1.2649639756201095e-17,2.4465798363047679e-17,5.5785204876330033e-17,1.0354739546234128e-16,1.4393366679492493e-16,1.3366934652529819e-16
1123,4.6930214191781657e-16,8.6696077027005466e-18,1.2299769521712018e-17,2.3778471926519497e-17,5.4207038849423296e-17,1.0061322272289753e-16,1.3985378804260765e-16,1.2988024315195610e-16
1124,4.5602556261025332e-16,8.4317197912398335e-18,1.1959570160574876e-17,2.3110453265630874e-17,5.2673519212433106e-17,9.7762194587054535e-17,1.3588955622072168e-16,1.2619854937259846e-16
1125,4.4312457834555467e-16,8.2003521835204502e-18,1.1628774531999510e-17,2.2461200046999509e-17,5.1183382916923116e-17,9.4991955005645862e-17,1.3203769322359028e-16,1.2262122043687594e-16
1126,4.3058856352258050e-16,7.9753263737078292e-18,1.1307122869403251e-17,2.1830185169514591e-17,4.9735402646155659e-17,9.2300214692609984e-17,1.2829501386651566e-16,1.1914529790467355e-16
1127,4.1840719313893892e-16,7.7564687367461566e-18,1.0994362576999796e-17,2.1216896336550824e-17,4.8328385804240398e-17,8.9684749233123174e-17,1.2465842325183486e-16,1.1576790719944369e-16
1128,4.0657043428703307e-16,7.5436103950870439e-18,1.0690248031994670e-17,2.0620835640195403e-17,4.6961173533879877e-17,8.7143397245342808e-17,1.2112491420963758e-16,1.1248625523089571e-16
1129,3.9506853789068661e-16,7.3365870890518807e-18,1.0394540392232937e-17,2.0041519157150683e-17,4.5632639761903235e-17,8.4674058594241300e-17,1.1769156481103020e-16,1.0929762808507638e-16
1130,3.8389203067553891e-16,7.1352390507289930e-18,1.0107007409148899e-17,1.9478476555984700e-17,4.4341690271801680e-17,8.2274692656055025e-17,1.1435553595188893e-16,1.0619938877993072e-16
1131,3.7303170736659944e-16,6.9394108813093358e-18,9.8274232458718373e-18,1.8931250715410858e-17,4.3087261802502100e-17,7.9943316631913491e-17,1.1111406900510475e-16,1.0318897508448708e-16
1132,3.6247862310653304e-16,6.7489514317671469e-18,9.5555683003457631e-18,1.8399397353287102e-17,4.1868321172636334e-17,7.7678003909255907e-17,1.0796448353937799e-16,1.0026389739986278e-16
1133,3.5222408608843230e-16,6.5637136867944480e-18,9.2912290333250530e-18,1.7882484666033649e-17,4.0683864429584907e-17,7.5476882469680023e-17,1.0490417510267639e-16,9.7421736700337835e-17
1134,3.4225965039700951e-16,6.3835546519008314e-18,9.0341978011117063e-18,1.7380092978176580e-17,3.9532916022594423e-17,7.3338133341908180e-17,1.0193061306852370e-16,9.4660142532794112e-17
1135,3.3257710905231112e-16,6.2083352435923437e-18,8.7842726929035675e-18,1.6891814401733142e-17,3.8414527999287412e-17,7.1259989098591767e-17,9.9041338543337729e-17,9.1976831072865200e-17
1136,3.2316848725022628e-16,6.0379201825455916e-18,8.5412573726265625e-18,1.6417252505162228e-17,3.7327779224903047e-17,6.9240732395711771e-17,9.6233962333087450e-17,8.9369583236189623e-17
1137,3.1402603579422114e-16,5.8721778896955458e-18,8.3049609251273894e-18,1.5956021991611585e-17,3.6271774623625467e-17,6.7278694553368877e-17,9.3506162967587148e-17,8.6836242843205124e-17
1138,3.0514222471289058e-16,5.7109803851576666e-18,8.0751977066065619e-18,1.5507748386200613e-17,3.5245644441375090e-17,6.5372254176789333e-17,9.0855684780794979e-17,8.4374714835966327e-17
1139,2.9650973705806879e-16,5.5542031899071713e-18,7.8517871991750005e-18,1.5072067732085092e-17,3.4248543529455456e-17,6.3519835816407916e-17,8.8280336045526948e-17,8.1982963545511192e-17
1140,2.8812146287839219e-16,5.4017252301403581e-18,7.6345538694205742e-18,1.4648626295057186e-17,3.3279650648465848e-17,6.1719908665920110e-17,8.5777987161044998e-17,7.9659011008343077e-17
