{
  "params": {
    "N": 140,
    "K": 4,
    "n0": 0,
    "target": 70,
    "sc_src": 5,
    "sc_dst": 71,
    "mode": "lazy_selfloop",
    "q": 0.6666666667,
    "beta": 0.01,
    "rho": 1.0,
    "jumpover_absorbs": false,
    "n0_paper": 1,
    "target_paper": 71,
    "sc_src_paper": 6,
    "sc_dst_paper": 72,
    "p_shortcut": 0.0033333333330000004
  },
  "paper_peaks": [
    [
      32,
      0.00011037965358596478
    ],
    [
      943,
      0.00032554661276545395
    ]
  ],
  "peaks_valley": {
    "t1": 32,
    "tv": 181,
    "t2": 943,
    "delta": 45
  },
  "exact_meta": {
    "method": "aw",
    "r": 0.9977000638225533,
    "L": 8192,
    "max_steps": 4000,
    "x_nnz": 2
  },
  "cond_by_time": {
    "max_t": 4000,
    "min_n": 50,
    "smooth_window": 21
  },
  "summaries": [
    {
      "window": "peak1",
      "n": 1425,
      "frac": 0.007125,
      "P_sc_ge1": 1.0,
      "P_jo_ge1": 0.3291228070175439,
      "P_sc_ge1_ci95": [
        0.9973113884702124,
        0.9999999999999999
      ],
      "P_jo_ge1_ci95": [
        0.3052130040871989,
        0.35395145473034945
      ],
      "C0": 0.0,
      "C1": 1.0,
      "C2p": 0.0,
      "J0": 0.6708771929824562,
      "J1": 0.22807017543859648,
      "J2p": 0.10105263157894737,
      "class_C0J0": 0.0,
      "class_C1pJ0": 0.6708771929824562,
      "class_C0J1p": 0.0,
      "class_C1pJ1p": 0.3291228070175439,
      "class_D_taujo_lt_tausc": 0.0,
      "class_D_tausc_lt_taujo": 1.0,
      "class_D_tie": 0.0
    },
    {
      "window": "valley",
      "n": 1328,
      "frac": 0.00664,
      "P_sc_ge1": 0.9141566265060241,
      "P_jo_ge1": 0.36596385542168675,
      "P_sc_ge1_ci95": [
        0.8978696249848896,
        0.9280544188353366
      ],
      "P_jo_ge1_ci95": [
        0.3404770206867368,
        0.39222392513144455
      ],
      "C0": 0.0858433734939759,
      "C1": 0.9141566265060241,
      "C2p": 0.0,
      "J0": 0.6340361445783133,
      "J1": 0.21762048192771086,
      "J2p": 0.14834337349397592,
      "class_C0J0": 0.07003012048192771,
      "class_C1pJ0": 0.5640060240963856,
      "class_C0J1p": 0.01581325301204819,
      "class_C1pJ1p": 0.3501506024096386,
      "class_D_taujo_lt_tausc": 0.0,
      "class_D_tausc_lt_taujo": 1.0,
      "class_D_tie": 0.0
    },
    {
      "window": "peak2",
      "n": 5946,
      "frac": 0.02973,
      "P_sc_ge1": 0.09418096199125463,
      "P_jo_ge1": 0.2658930373360242,
      "P_sc_ge1_ci95": [
        0.08701662237099655,
        0.10186934729918762
      ],
      "P_jo_ge1_ci95": [
        0.2548168773867086,
        0.2772715062771523
      ],
      "C0": 0.9058190380087454,
      "C1": 0.09418096199125463,
      "C2p": 0.0,
      "J0": 0.7341069626639758,
      "J1": 0.16717120753447695,
      "J2p": 0.09872182980154726,
      "class_C0J0": 0.6755802219979818,
      "class_C1pJ0": 0.05852674066599395,
      "class_C0J1p": 0.23023881601076354,
      "class_C1pJ1p": 0.03565422132526068,
      "class_D_taujo_lt_tausc": 0.0,
      "class_D_tausc_lt_taujo": 1.0,
      "class_D_tie": 0.0
    },
    {
      "window": "other",
      "n": 191301,
      "frac": 0.956505,
      "P_sc_ge1": 0.10369522375732484,
      "P_jo_ge1": 0.28753116815907914,
      "P_sc_ge1_ci95": [
        0.10233700269961314,
        0.1050693612384337
      ],
      "P_jo_ge1_ci95": [
        0.2855071942515357,
        0.28956367525645277
      ],
      "C0": 0.8963047762426751,
      "C1": 0.10326657989242084,
      "C2p": 0.0004286438649039995,
      "J0": 0.7124688318409208,
      "J1": 0.17667968280353996,
      "J2p": 0.11085148535553918,
      "class_C0J0": 0.6495784130767743,
      "class_C1pJ0": 0.06289041876414656,
      "class_C0J1p": 0.24672636316590085,
      "class_C1pJ1p": 0.04080480499317829,
      "class_D_taujo_lt_tausc": 0.026261849859082757,
      "class_D_tausc_lt_taujo": 0.9737381501409172,
      "class_D_tie": 0.0
    }
  ]
}