{
  "params": {
    "N": 270,
    "K": 2,
    "n0": 0,
    "target": 135,
    "sc_src": 5,
    "sc_dst": 136,
    "mode": "lazy_selfloop",
    "q": 0.6666666667,
    "beta": 0.01,
    "rho": 1.0,
    "jumpover_absorbs": false,
    "n0_paper": 1,
    "target_paper": 136,
    "sc_src_paper": 6,
    "sc_dst_paper": 137,
    "p_shortcut": 0.0033333333330000004
  },
  "paper_peaks": [
    [
      53,
      0.00013220486346997277
    ],
    [
      4000,
      3.516576287011189e-05
    ]
  ],
  "peaks_valley": {
    "t1": 53,
    "tv": 2450,
    "t2": 4000,
    "delta": 197
  },
  "exact_meta": {
    "method": "aw",
    "r": 0.9977000638225533,
    "L": 8192,
    "max_steps": 4000,
    "x_nnz": 2
  },
  "cond_by_time": {
    "max_t": 4000,
    "min_n": 50,
    "smooth_window": 21
  },
  "summaries": [
    {
      "window": "peak1",
      "n": 5290,
      "frac": 0.02645,
      "P_sc_ge1": 1.0,
      "P_jo_ge1": 0.0,
      "P_sc_ge1_ci95": [
        0.999274326606221,
        0.9999999999999998
      ],
      "P_jo_ge1_ci95": [
        0.0,
        0.0007256733937789146
      ],
      "C0": 0.0,
      "C1": 1.0,
      "C2p": 0.0,
      "J0": 1.0,
      "J1": 0.0,
      "J2p": 0.0,
      "class_C0J0": 0.0,
      "class_C1pJ0": 1.0,
      "class_C0J1p": 0.0,
      "class_C1pJ1p": 0.0,
      "class_D_taujo_lt_tausc": null,
      "class_D_tausc_lt_taujo": null,
      "class_D_tie": null
    },
    {
      "window": "valley",
      "n": 2359,
      "frac": 0.011795,
      "P_sc_ge1": 0.8711318355235269,
      "P_jo_ge1": 0.0,
      "P_sc_ge1_ci95": [
        0.8570050232027984,
        0.8840518466271554
      ],
      "P_jo_ge1_ci95": [
        0.0,
        0.0016258389897994008
      ],
      "C0": 0.1288681644764731,
      "C1": 0.8711318355235269,
      "C2p": 0.0,
      "J0": 1.0,
      "J1": 0.0,
      "J2p": 0.0,
      "class_C0J0": 0.1288681644764731,
      "class_C1pJ0": 0.8711318355235269,
      "class_C0J1p": 0.0,
      "class_C1pJ1p": 0.0,
      "class_D_taujo_lt_tausc": null,
      "class_D_tausc_lt_taujo": null,
      "class_D_tie": null
    },
    {
      "window": "peak2",
      "n": 2671,
      "frac": 0.013355,
      "P_sc_ge1": 0.5503556720329464,
      "P_jo_ge1": 0.0,
      "P_sc_ge1_ci95": [
        0.5314309570123794,
        0.569135745703774
      ],
      "P_jo_ge1_ci95": [
        0.0,
        0.0014361971938824337
      ],
      "C0": 0.44964432796705356,
      "C1": 0.5503556720329464,
      "C2p": 0.0,
      "J0": 1.0,
      "J1": 0.0,
      "J2p": 0.0,
      "class_C0J0": 0.44964432796705356,
      "class_C1pJ0": 0.5503556720329464,
      "class_C0J1p": 0.0,
      "class_C1pJ1p": 0.0,
      "class_D_taujo_lt_tausc": null,
      "class_D_tausc_lt_taujo": null,
      "class_D_tie": null
    },
    {
      "window": "other",
      "n": 189680,
      "frac": 0.9484,
      "P_sc_ge1": 0.36376528890763393,
      "P_jo_ge1": 0.0,
      "P_sc_ge1_ci95": [
        0.36160303474873456,
        0.3659330612937235
      ],
      "P_jo_ge1_ci95": [
        0.0,
        2.025264760348464e-05
      ],
      "C0": 0.6362347110923661,
      "C1": 0.3624894559257697,
      "C2p": 0.0012758329818641923,
      "J0": 1.0,
      "J1": 0.0,
      "J2p": 0.0,
      "class_C0J0": 0.6362347110923661,
      "class_C1pJ0": 0.36376528890763393,
      "class_C0J1p": 0.0,
      "class_C1pJ1p": 0.0,
      "class_D_taujo_lt_tausc": null,
      "class_D_tausc_lt_taujo": null,
      "class_D_tie": null
    }
  ]
}