case,display_name,role,style,x_gate,phase,t_peak1,t_valley,t_peak2,valley_over_max,sep_peaks,kappa_top,kappa_bottom,kappa_c2o,kappa_o2c,peak2_dominant_gate_family,peak2_dominant_gate_frac,peak2_dominant_rollback_class,peak2_dominant_rollback_frac,N,P,Q,L0R0,L0R1,L1R0,L1R1,no_leak_total,leak_total,rollback_total,D0,D1,T0,T1,B0,B1
sym_shared,shared symmetric baseline,standard,dir,32,2,395,1080,1686,0.08135465983186779,1.6331435800126501,0.002,0.002,0.002,0.002,N,0.8821038528918413,L0R1,0.8811529949058483,0.8821038528918413,0.028964241597695426,0.08893190551046329,0.0009508579859928979,0.8811529949058483,0.0015914397585609047,0.11630470734959786,0.8712463218422497,0.12875367815775035,0.8919661232862289,0.000950857985992898,0.8811529949058485,0.0007957198792804524,0.0581523536747989,0.0007957198792804526,0.05815235367479895
tb_asym_balanced,top/bottom balanced asymmetry,comparison,tb,32,2,395,1081,1692,0.07286256419013727,1.7562626946513202,0.002,0.0005,0.002,0.002,N,0.925654874464671,L0R1,0.9246675760719796,0.925654874464671,0.017688679099120308,0.05665644643620875,0.0009872983926914238,0.9246675760719796,0.0009676518791705717,0.07337747365615838,0.9163907296475077,0.08360927035249238,0.8908509974606241,0.0009872983926914238,0.9246675760719796,0.0007696463567776454,0.05857631670980201,0.0001980055223929262,0.014801156946356402
dir_asym_easy_out_balanced,directional easy-out / hard-return,comparison,dir,32,2,394,1077,1689,0.07562537922321126,1.7095709570957096,0.002,0.002,0.002,0.0005,N,0.906721529026151,L0R1,0.9057455126060149,0.906721529026151,0.027730006524727405,0.06554846444912155,0.0009760164201361069,0.9057455126060149,0.00039713208628541324,0.09288133888756352,0.8977922426763749,0.10220775732362497,0.8933559078886707,0.0009760164201361069,0.9057455126060149,0.00019856604314270662,0.046440669443781744,0.0001985660431427067,0.046440669443781765
dir_asym_easy_in_balanced,directional hard-out / easy-return,comparison,dir,32,2,396,1084,1694,0.07002614627812966,1.8002773925104023,0.0005,0.0005,0.0005,0.002,N,0.9449739681085053,L0R1,0.9439726076597944,0.9449739681085053,0.0075688778755473056,0.04745715401594739,0.0010013604487109705,0.9439726076597944,0.0016021579649770532,0.05342387392651762,0.9355400463586333,0.06445995364136671,0.8883032468390639,0.0010013604487109705,0.9439726076597944,0.0008010789824885265,0.026711936963258805,0.0008010789824885266,0.02671193696325881
