{
  "source_chain": [
    "二维半透膜_gating_game",
    "two_target_gating_framework",
    "one_two_target_deepening_work"
  ],
  "one_target": {
    "representatives": [
      {
        "case": "sym_shared",
        "phase": 2,
        "sep_peaks": 1.6331435800126501,
        "peak2_dominant_gate_family": "N",
        "peak2_dominant_rollback_class": "L0R1",
        "rollback_total": 0.8919661232862289,
        "peak2_L0R1_plus_L1R1": 0.9974577022554462,
        "x_gate_scan_P_min": 0.0016221407256594594,
        "x_gate_scan_P_max": 0.0865893820460822,
        "x_gate_scan_Q_min": 0.03130676506207646,
        "x_gate_scan_Q_max": 0.11627400638249925,
        "x_gate_scan_rollback_min": 0.2765870429317472,
        "x_gate_scan_rollback_max": 0.7705600808398584
      },
      {
        "case": "tb_asym_balanced",
        "phase": 2,
        "sep_peaks": 1.7562626946513202,
        "peak2_dominant_gate_family": "N",
        "peak2_dominant_rollback_class": "L0R1",
        "rollback_total": 0.8908509974606241,
        "peak2_L0R1_plus_L1R1": 0.9980450497281379,
        "x_gate_scan_P_min": 0.0009940138694264976,
        "x_gate_scan_P_max": 0.05416466961089815,
        "x_gate_scan_Q_min": 0.02018045592443088,
        "x_gate_scan_Q_max": 0.07335111166590251,
        "x_gate_scan_rollback_min": 0.2823275273850727,
        "x_gate_scan_rollback_max": 0.7686104683860114
      },
      {
        "case": "dir_asym_easy_out_balanced",
        "phase": 2,
        "sep_peaks": 1.7095709570957096,
        "peak2_dominant_gate_family": "N",
        "peak2_dominant_rollback_class": "L0R1",
        "rollback_total": 0.8933559078886707,
        "peak2_L0R1_plus_L1R1": 0.9986268514935784,
        "x_gate_scan_P_min": 0.0014579487426114085,
        "x_gate_scan_P_max": 0.07950036228813356,
        "x_gate_scan_Q_min": 0.013778108685715414,
        "x_gate_scan_Q_max": 0.09182052223123756,
        "x_gate_scan_rollback_min": 0.28030161785532975,
        "x_gate_scan_rollback_max": 0.7729005778032311
      },
      {
        "case": "dir_asym_easy_in_balanced",
        "phase": 2,
        "sep_peaks": 1.8002773925104023,
        "peak2_dominant_gate_family": "N",
        "peak2_dominant_rollback_class": "L0R1",
        "rollback_total": 0.8883032468390639,
        "peak2_L0R1_plus_L1R1": 0.997396481586312,
        "x_gate_scan_P_min": 0.0005316127990377038,
        "x_gate_scan_P_max": 0.028308617858992007,
        "x_gate_scan_Q_min": 0.026717414032502666,
        "x_gate_scan_Q_max": 0.05449441909245696,
        "x_gate_scan_rollback_min": 0.2840916034297783,
        "x_gate_scan_rollback_max": 0.7642576765589274
      }
    ],
    "symmetry_control": {
      "case_a": "sym_shared",
      "case_b": "tb_sym_control",
      "x_gate": 32,
      "max_npq_abs_diff": 0.0,
      "max_lr_abs_diff": 0.0,
      "max_side_abs_diff": 0.0,
      "max_total_abs_diff": 0.0
    },
    "max_peak2_rollback_share": 0.9986268514935784,
    "max_line_halfspace_abs_diff": 0.0
  },
  "two_target": {
    "representatives": [
      {
        "case": "anchor",
        "source_phase": 2,
        "recomputed_phase": 2,
        "source_p_far": 0.6760085327508798,
        "recomputed_p_far": 0.6760085327508798,
        "q_far_start": 0.6760085316212855,
        "q_far_gap_vs_p_far": 1.1295943069811187e-09,
        "source_t_peak2": 469,
        "recomputed_t_peak2": 469,
        "source_sep_gate_coarse": 2.493150684931507,
        "recomputed_sep_gate_coarse": 2.493150684931507,
        "source_late_family_coarse": "F_no_return",
        "late_family_coarse": "F_no_return",
        "peak2_F_no_return_frac": 0.8872614310110994,
        "peak2_F_rollback_frac": 0.11269993729833654,
        "closure_max_abs": 3.2742905609062234e-17,
        "mc_branch_near": 0.3271,
        "mc_branch_far": 0.6724,
        "mc_max_family_abs_err": 0.006816449086511467
      },
      {
        "case": "clear_instance",
        "source_phase": 2,
        "recomputed_phase": 2,
        "source_p_far": 0.6502638910530909,
        "recomputed_p_far": 0.6502638910530909,
        "q_far_start": 0.6502638898820161,
        "q_far_gap_vs_p_far": 1.1710747926940712e-09,
        "source_t_peak2": 471,
        "recomputed_t_peak2": 471,
        "source_sep_gate_coarse": 2.379947229551451,
        "recomputed_sep_gate_coarse": 2.379947229551451,
        "source_late_family_coarse": "F_no_return",
        "late_family_coarse": "F_no_return",
        "peak2_F_no_return_frac": 0.8866931776228891,
        "peak2_F_rollback_frac": 0.11322000613817859,
        "closure_max_abs": 3.599551212651875e-17,
        "mc_branch_near": 0.34865,
        "mc_branch_far": 0.6513,
        "mc_max_family_abs_err": 0.00422196578250375
      },
      {
        "case": "near_mass_loss",
        "source_phase": 1,
        "recomputed_phase": 2,
        "source_p_far": 0.9112623182462092,
        "recomputed_p_far": 0.9112623182462092,
        "q_far_start": 0.9112623168394842,
        "q_far_gap_vs_p_far": 1.406724958741279e-09,
        "source_t_peak2": 470,
        "recomputed_t_peak2": 470,
        "source_sep_gate_coarse": 2.2290076335877864,
        "recomputed_sep_gate_coarse": 2.2290076335877864,
        "source_late_family_coarse": "F_no_return",
        "late_family_coarse": "F_no_return",
        "peak2_F_no_return_frac": 0.8748532188978663,
        "peak2_F_rollback_frac": 0.12511498961728387,
        "closure_max_abs": 4.7704895589362195e-17,
        "mc_branch_near": 0.0893,
        "mc_branch_far": 0.9103,
        "mc_max_family_abs_err": 0.005742761016821585
      }
    ],
    "max_p_far_gap": 0.0,
    "max_sep_gate_gap": 0.0,
    "max_mc_family_abs_err": 0.006816449086511467
  }
}