{
  "params": {
    "N": 270,
    "K": 4,
    "n0": 0,
    "target": 135,
    "sc_src": 5,
    "sc_dst": 136,
    "mode": "lazy_selfloop",
    "q": 0.6666666667,
    "beta": 0.01,
    "rho": 1.0,
    "jumpover_absorbs": false,
    "n0_paper": 1,
    "target_paper": 136,
    "sc_src_paper": 6,
    "sc_dst_paper": 137,
    "p_shortcut": 0.0033333333330000004
  },
  "paper_peaks": [
    [
      32,
      0.00011037965384825872
    ],
    [
      3273,
      9.21780469790806e-05
    ]
  ],
  "peaks_valley": {
    "t1": 32,
    "tv": 780,
    "t2": 3273,
    "delta": 162
  },
  "exact_meta": {
    "method": "aw",
    "r": 0.9977000638225533,
    "L": 8192,
    "max_steps": 4000,
    "x_nnz": 2
  },
  "cond_by_time": {
    "max_t": 4000,
    "min_n": 50,
    "smooth_window": 21
  },
  "summaries": [
    {
      "window": "peak1",
      "n": 3222,
      "frac": 0.01611,
      "P_sc_ge1": 1.0,
      "P_jo_ge1": 0.33116076970825575,
      "P_sc_ge1_ci95": [
        0.9988091169758616,
        1.0
      ],
      "P_jo_ge1_ci95": [
        0.31511951448787134,
        0.34760416047496623
      ],
      "C0": 0.0,
      "C1": 1.0,
      "C2p": 0.0,
      "J0": 0.6688392302917443,
      "J1": 0.21632526381129732,
      "J2p": 0.11483550589695841,
      "class_C0J0": 0.0,
      "class_C1pJ0": 0.6688392302917443,
      "class_C0J1p": 0.0,
      "class_C1pJ1p": 0.33116076970825575,
      "class_D_taujo_lt_tausc": 0.0,
      "class_D_tausc_lt_taujo": 1.0,
      "class_D_tie": 0.0
    },
    {
      "window": "valley",
      "n": 2398,
      "frac": 0.01199,
      "P_sc_ge1": 0.9090909090909091,
      "P_jo_ge1": 0.3432026688907423,
      "P_sc_ge1_ci95": [
        0.896920812470072,
        0.9199523735052229
      ],
      "P_jo_ge1_ci95": [
        0.3244639892646168,
        0.36244292416381246
      ],
      "C0": 0.09090909090909091,
      "C1": 0.9090909090909091,
      "C2p": 0.0,
      "J0": 0.6567973311092578,
      "J1": 0.2122602168473728,
      "J2p": 0.13094245204336946,
      "class_C0J0": 0.07297748123436197,
      "class_C1pJ0": 0.5838198498748958,
      "class_C0J1p": 0.01793160967472894,
      "class_C1pJ1p": 0.32527105921601335,
      "class_D_taujo_lt_tausc": 0.0,
      "class_D_tausc_lt_taujo": 1.0,
      "class_D_tie": 0.0
    },
    {
      "window": "peak2",
      "n": 5883,
      "frac": 0.029415,
      "P_sc_ge1": 0.16097229304776475,
      "P_jo_ge1": 0.2818289988101309,
      "P_sc_ge1_ci95": [
        0.15180280762455547,
        0.170584259831107
      ],
      "P_jo_ge1_ci95": [
        0.27047780036508345,
        0.2934649427180666
      ],
      "C0": 0.8390277069522353,
      "C1": 0.16080231174570797,
      "C2p": 0.00016998130205677376,
      "J0": 0.7181710011898691,
      "J1": 0.17406085330613633,
      "J2p": 0.10776814550399456,
      "class_C0J0": 0.6161822199558049,
      "class_C1pJ0": 0.10198878123406425,
      "class_C0J1p": 0.2228454869964304,
      "class_C1pJ1p": 0.05898351181370049,
      "class_D_taujo_lt_tausc": 0.0,
      "class_D_tausc_lt_taujo": 1.0,
      "class_D_tie": 0.0
    },
    {
      "window": "other",
      "n": 188497,
      "frac": 0.942485,
      "P_sc_ge1": 0.18529207361390368,
      "P_jo_ge1": 0.295633352254943,
      "P_sc_ge1_ci95": [
        0.1835444786779772,
        0.18705249588746684
      ],
      "P_jo_ge1_ci95": [
        0.2935774735683074,
        0.2976975608238997
      ],
      "C0": 0.8147079263860963,
      "C1": 0.1846342382106877,
      "C2p": 0.0006578354032159663,
      "J0": 0.704366647745057,
      "J1": 0.18240608603850458,
      "J2p": 0.11322726621643846,
      "class_C0J0": 0.5909271765598392,
      "class_C1pJ0": 0.1134394711852178,
      "class_C0J1p": 0.22378074982625717,
      "class_C1pJ1p": 0.07185260242868587,
      "class_D_taujo_lt_tausc": 0.011591848789131718,
      "class_D_tausc_lt_taujo": 0.9884081512108683,
      "class_D_tie": 0.0
    }
  ]
}