{
  "absorption_prob": 0.9999999999990028,
  "aw": {
    "errors": {
      "l1": 4.933392511013614e-15,
      "linf": 2.3076279827094103e-17,
      "rel_l1": 4.933392511018534e-15
    },
    "params": {
      "m": 16384,
      "oversample": 4,
      "r": 0.9983149575896413,
      "r_pow10": 12.0
    }
  },
  "case_id": "C3",
  "mc": {
    "fast_fraction": 0.29328333333333334,
    "n_walkers": 60000,
    "slow_fraction": 0.7067166666666667,
    "truncated_fraction": 0.0
  },
  "metrics": {
    "gap": 542,
    "h1": 0.005592084855396278,
    "h2": 0.0012940961421711577,
    "h2_over_h1": 0.23141568406680638,
    "hv": 2.8641358094457294e-05,
    "min_gap": 20,
    "min_sep": 5,
    "peak_ratio": 0.23141568406680638,
    "smooth_window": 9,
    "t_p1": 160,
    "t_p2": 702,
    "t_v": 388,
    "valley_depth": 0.9778676736904536,
    "valley_ratio": 0.022132326309546466
  },
  "name": "local active track vs long detour loop",
  "params": {
    "N": 60,
    "g_x": -0.15,
    "g_y": 0.0,
    "q": 0.8,
    "start": [
      10,
      30
    ],
    "target": [
      50,
      30
    ]
  }
}