{
  "absorption_prob": 0.9997486901733573,
  "aw": {
    "errors": {
      "l1": 2.3888602993898625e-15,
      "linf": 1.735252871568841e-18,
      "rel_l1": 2.3894607943678647e-15
    },
    "params": {
      "m": 131072,
      "oversample": 4,
      "r": 0.9997892142570423,
      "r_pow10": 12.0
    }
  },
  "case_id": "NB1",
  "mc": {
    "fast_fraction": 0.01656666666666662,
    "n_walkers": 30000,
    "slow_fraction": 0.9834333333333334,
    "truncated_fraction": 0.00016666666666666666
  },
  "metrics": {
    "gap": 377,
    "h1": 0.0003772011781910027,
    "h2": 0.0003671490852650616,
    "h2_over_h1": 0.9733508443050222,
    "hv": 0.0002803685037555071,
    "min_gap": 20,
    "min_sep": 5,
    "peak_ratio": 0.9733508443050222,
    "smooth_window": 9,
    "t_p1": 31,
    "t_p2": 408,
    "t_v": 83,
    "valley_depth": 0.23636333302288814,
    "valley_ratio": 0.7636366669771119
  },
  "name": "boundary-layer slowdown with short sticky strip",
  "params": {
    "N": 60,
    "g_x": 0.0,
    "g_y": 0.4,
    "q": 0.8,
    "start": [
      50,
      60
    ],
    "target": [
      42,
      60
    ]
  }
}