{
  "absorption_prob": 0.9999999999976414,
  "aw": {
    "errors": {
      "l1": 6.7726506570159806e-15,
      "linf": 1.322541517269788e-17,
      "rel_l1": 6.772650657031954e-15
    },
    "params": {
      "m": 65536,
      "oversample": 4,
      "r": 0.999578472944714,
      "r_pow10": 12.0
    }
  },
  "case_id": "R6",
  "mc": {
    "fast_fraction": 0.49568333333333336,
    "n_walkers": 60000,
    "slow_fraction": 0.5043166666666666,
    "truncated_fraction": 0.0
  },
  "metrics": {
    "gap": 1813,
    "h1": 0.0022852459602079917,
    "h2": 0.00032315469479409604,
    "h2_over_h1": 0.14140915263435544,
    "hv": 2.046001504621142e-05,
    "min_gap": 20,
    "min_sep": 5,
    "peak_ratio": 0.14140915263435544,
    "smooth_window": 9,
    "t_p1": 347,
    "t_p2": 2160,
    "t_v": 1021,
    "valley_depth": 0.9366866229214219,
    "valley_ratio": 0.06331337707857809
  },
  "name": "parallel lanes with door array slowdown",
  "params": {
    "N": 60,
    "g_x": 0.0,
    "g_y": 0.0,
    "q": 0.8,
    "start": [
      10,
      30
    ],
    "target": [
      50,
      30
    ]
  }
}