{
  "params": {
    "N": 50,
    "K": 4,
    "n0": 0,
    "target": 25,
    "sc_src": 5,
    "sc_dst": 26,
    "mode": "lazy_selfloop",
    "q": 0.6666666667,
    "beta": 0.01,
    "rho": 1.0,
    "jumpover_absorbs": false,
    "n0_paper": 1,
    "target_paper": 26,
    "sc_src_paper": 6,
    "sc_dst_paper": 27,
    "p_shortcut": 0.0033333333330000004
  },
  "paper_peaks": [
    [
      131,
      0.0023565570932006356
    ]
  ],
  "peaks_valley": {
    "t1": 131,
    "tv": null,
    "t2": null,
    "delta": 2
  },
  "exact_meta": {
    "method": "aw",
    "r": 0.9977000638225533,
    "L": 8192,
    "max_steps": 4000,
    "x_nnz": 2
  },
  "cond_by_time": {
    "max_t": 4000,
    "min_n": 50,
    "smooth_window": 21
  },
  "summaries": [
    {
      "window": "peak1",
      "n": 2353,
      "frac": 0.011765,
      "P_sc_ge1": 0.02634934126646834,
      "P_jo_ge1": 0.26009349766255846,
      "P_sc_ge1_ci95": [
        0.02060883820494498,
        0.033633924651922456
      ],
      "P_jo_ge1_ci95": [
        0.2427691844421676,
        0.2781998955333385
      ],
      "C0": 0.9736506587335316,
      "C1": 0.02634934126646834,
      "C2p": 0.0,
      "J0": 0.7399065023374416,
      "J1": 0.16404589885252868,
      "J2p": 0.09604759881002975,
      "class_C0J0": 0.7241818954526137,
      "class_C1pJ0": 0.01572460688482788,
      "class_C0J1p": 0.24946876328091797,
      "class_C1pJ1p": 0.010624734381640459,
      "class_D_taujo_lt_tausc": 0.0,
      "class_D_tausc_lt_taujo": 1.0,
      "class_D_tie": 0.0
    },
    {
      "window": "valley",
      "n": 0,
      "frac": 0.0
    },
    {
      "window": "peak2",
      "n": 0,
      "frac": 0.0
    },
    {
      "window": "other",
      "n": 197647,
      "frac": 0.988235,
      "P_sc_ge1": 0.039170844991322916,
      "P_jo_ge1": 0.28265038174118506,
      "P_sc_ge1_ci95": [
        0.03832446904126958,
        0.04003513456387895
      ],
      "P_jo_ge1_ci95": [
        0.28066943510994874,
        0.28463977731487716
      ],
      "C0": 0.960829155008677,
      "C1": 0.03896846397870952,
      "C2p": 0.00020238101261339661,
      "J0": 0.7173496182588149,
      "J1": 0.17518606404347145,
      "J2p": 0.1074643176977136,
      "class_C0J0": 0.6938784803209763,
      "class_C1pJ0": 0.02347113793783867,
      "class_C0J1p": 0.2669506746877008,
      "class_C1pJ1p": 0.01569970705348424,
      "class_D_taujo_lt_tausc": 0.07347728005156301,
      "class_D_tausc_lt_taujo": 0.926522719948437,
      "class_D_tie": 0.0
    }
  ]
}