{
  "params": {
    "N": 110,
    "K": 2,
    "n0": 0,
    "target": 55,
    "sc_src": 5,
    "sc_dst": 56,
    "mode": "lazy_selfloop",
    "q": 0.6666666667,
    "beta": 0.01,
    "rho": 1.0,
    "jumpover_absorbs": false,
    "n0_paper": 1,
    "target_paper": 56,
    "sc_src_paper": 6,
    "sc_dst_paper": 57,
    "p_shortcut": 0.0033333333330000004
  },
  "paper_peaks": [
    [
      53,
      0.00013220486338843794
    ],
    [
      1345,
      0.00022725574322346125
    ]
  ],
  "peaks_valley": {
    "t1": 53,
    "tv": 308,
    "t2": 1345,
    "delta": 64
  },
  "exact_meta": {
    "method": "aw",
    "r": 0.9977000638225533,
    "L": 8192,
    "max_steps": 4000,
    "x_nnz": 2
  },
  "cond_by_time": {
    "max_t": 4000,
    "min_n": 50,
    "smooth_window": 21
  },
  "summaries": [
    {
      "window": "peak1",
      "n": 2535,
      "frac": 0.012675,
      "P_sc_ge1": 1.0,
      "P_jo_ge1": 0.0,
      "P_sc_ge1_ci95": [
        0.9984868689720542,
        1.0
      ],
      "P_jo_ge1_ci95": [
        0.0,
        0.0015131310279459737
      ],
      "C0": 0.0,
      "C1": 1.0,
      "C2p": 0.0,
      "J0": 1.0,
      "J1": 0.0,
      "J2p": 0.0,
      "class_C0J0": 0.0,
      "class_C1pJ0": 1.0,
      "class_C0J1p": 0.0,
      "class_C1pJ1p": 0.0,
      "class_D_taujo_lt_tausc": null,
      "class_D_tausc_lt_taujo": null,
      "class_D_tie": null
    },
    {
      "window": "valley",
      "n": 2291,
      "frac": 0.011455,
      "P_sc_ge1": 0.9188127455259711,
      "P_jo_ge1": 0.0,
      "P_sc_ge1_ci95": [
        0.9069149420208049,
        0.9293083511250051
      ],
      "P_jo_ge1_ci95": [
        0.0,
        0.0016740153220161252
      ],
      "C0": 0.0811872544740288,
      "C1": 0.9188127455259711,
      "C2p": 0.0,
      "J0": 1.0,
      "J1": 0.0,
      "J2p": 0.0,
      "class_C0J0": 0.0811872544740288,
      "class_C1pJ0": 0.9188127455259711,
      "class_C0J1p": 0.0,
      "class_C1pJ1p": 0.0,
      "class_D_taujo_lt_tausc": null,
      "class_D_tausc_lt_taujo": null,
      "class_D_tie": null
    },
    {
      "window": "peak2",
      "n": 5906,
      "frac": 0.02953,
      "P_sc_ge1": 0.1559431087030139,
      "P_jo_ge1": 0.0,
      "P_sc_ge1_ci95": [
        0.146914152716493,
        0.16541936227991572
      ],
      "P_jo_ge1_ci95": [
        0.0,
        0.0006500343427140247
      ],
      "C0": 0.8440568912969861,
      "C1": 0.15560447003047748,
      "C2p": 0.0003386386725364037,
      "J0": 1.0,
      "J1": 0.0,
      "J2p": 0.0,
      "class_C0J0": 0.8440568912969861,
      "class_C1pJ0": 0.1559431087030139,
      "class_C0J1p": 0.0,
      "class_C1pJ1p": 0.0,
      "class_D_taujo_lt_tausc": null,
      "class_D_tausc_lt_taujo": null,
      "class_D_tie": null
    },
    {
      "window": "other",
      "n": 189268,
      "frac": 0.94634,
      "P_sc_ge1": 0.17924847306464906,
      "P_jo_ge1": 0.0,
      "P_sc_ge1_ci95": [
        0.17752695942516497,
        0.18098300712022317
      ],
      "P_jo_ge1_ci95": [
        0.0,
        2.0296732823674285e-05
      ],
      "C0": 0.8207515269353509,
      "C1": 0.17848236363252107,
      "C2p": 0.0007661094321279879,
      "J0": 1.0,
      "J1": 0.0,
      "J2p": 0.0,
      "class_C0J0": 0.8207515269353509,
      "class_C1pJ0": 0.17924847306464906,
      "class_C0J1p": 0.0,
      "class_C1pJ1p": 0.0,
      "class_D_taujo_lt_tausc": null,
      "class_D_tausc_lt_taujo": null,
      "class_D_tie": null
    }
  ]
}