case_id,classification,L,K,q,drift,beta,start,target1,target2,shortcut_src,shortcut_dst,steps,survival_final,row_stochasticity_error,mass_balance_error,decomposition_error,shape_t1,shape_t2,shape_tv,R_peak,R_valley,peak_separation,shape_score,total_mass,total_peak_t,total_peak_height,total_mean_t,target1_mass,target1_peak_t,target1_peak_height,target1_mean_t,target2_mass,target2_peak_t,target2_peak_height,target2_mean_t,split_t,early_target1_mass,early_target2_mass,late_target1_mass,late_target2_mass,early_dominant_target,late_dominant_target
001_unimodal_L31_x0_a15_16_gm0p6_b0p00,unimodal,31,2,0.6666666666666666,-0.6,0.0,0,15,16,,,199,9.683203647236941e-11,0.0,2.671474153004283e-16,0.0,32,,,0.0,1.0,0,0.0,0.9999999999031687,32,0.041225001100800414,37.499999913800586,9.313225736579361e-10,32,3.839377412796641e-11,37.49999991380059,0.9999999989718462,32,0.04122500106240664,37.4999999138006,32,3.419830147663142e-10,0.3672014660522009,5.893395588916219e-10,0.6327985329196453,target2,target2
002_shoulder_L31_x0_a15_16_gm0p6_b0p03,shoulder,31,2,0.6666666666666666,-0.6,0.03,0,15,16,5,16,199,9.393258268593205e-11,0.0,4.0145295941707015e-16,0.0,11,32,14,3.880372167098639e-05,3.508357485861149e-05,21,23.226770885655547,0.9999999999060685,32,0.04122516660671088,37.4988089872265,9.086074100794642e-10,32,3.7623187489977004e-11,37.3983751570312,0.9999999989974611,32,0.04122516656908769,37.498808987317744,14,0.0,1.1574976127210088e-05,9.086074100794641e-10,0.9999884240213338,target2,target2
003_unimodal_L31_x0_a15_16_gm0p3_b0p00,unimodal,31,2,0.6666666666666666,-0.3,0.0,0,15,16,,,717,9.885956129995943e-11,0.0,2.688821387764051e-16,0.0,55,,,0.0,1.0,0,0.0,0.9999999999011426,55,0.014901136370975584,74.98608851900416,9.274276422585961e-05,55,1.381972577287388e-06,74.98608851900416,0.9999072571369167,55,0.014899754398398296,74.98608851900417,55,3.0120631487806704e-05,0.3247459601361208,6.262213273805289e-05,0.6751612970007961,target2,target2
004_unimodal_L31_x0_a15_16_gm0p3_b0p03,unimodal,31,2,0.6666666666666666,-0.3,0.03,0,15,16,5,16,709,9.935086114696643e-11,0.0,2.8709673527416157e-16,0.0,54,,,0.0,1.0,0,0.0,0.9999999999006515,54,0.014917746640101297,74.77163722776804,8.833507878631948e-05,54,1.3346654402726287e-06,74.20378776488673,0.9999116648218649,54,0.014916411974661025,74.77168739322647,54,2.7990359097337167e-05,0.31148837625312104,6.0344719688982315e-05,0.6884232885687441,target2,target2
005_unimodal_L31_x0_a15_16_gp0p0_b0p00,unimodal,31,2,0.6666666666666666,0.0,0.0,0,15,16,,,2500,0.00013554090677448806,0.0,3.67544536472586e-16,0.0,112,,,0.0,1.0,0,0.0,0.9998644590932283,112,0.002750147713006134,337.16973457502405,0.49993222954661426,112,0.0013750738565030673,337.1697345750241,0.4999322295466141,112,0.0013750738565030665,337.1697345750241,112,0.08292092510224186,0.08292092510224186,0.4170113044443724,0.4170113044443723,tie,tie
006_unimodal_L31_x0_a15_16_gp0p0_b0p03,unimodal,31,2,0.6666666666666666,0.0,0.03,0,15,16,5,16,2500,4.2534767737796896e-05,0.0,3.7643499428696714e-16,0.0,105,,,0.0,1.0,0,0.0,0.9999574652322646,105,0.0030027499704210637,299.89608511115847,0.4166487265088139,107,0.0012810736511926256,303.9783198847339,0.5833087387234507,103,0.0017224878220589318,296.98020573749704,105,0.06985876732434095,0.11299826624355584,0.346789959184473,0.47031047247989477,target2,target2
007_unimodal_L31_x0_a15_16_gp0p3_b0p00,unimodal,31,2,0.6666666666666666,0.3,0.0,0,15,16,,,717,9.88595612999593e-11,0.0,3.84849843101465e-16,0.0,55,,,0.0,1.0,0,0.0,0.9999999999011426,55,0.014901136370975584,74.98608851900416,0.9999072571369167,55,0.014899754398398296,74.98608851900416,9.274276422585961e-05,55,1.381972577287388e-06,74.98608851900418,55,0.3247459601361208,3.0120631487806707e-05,0.6751612970007961,6.262213273805291e-05,target1,target1
008_unimodal_L31_x0_a15_16_gp0p3_b0p03,unimodal,31,2,0.6666666666666666,0.3,0.03,0,15,16,5,16,706,9.839130792402336e-11,0.0,4.0245584642661925e-16,0.0,54,,,0.0,1.0,0,0.0,0.9999999999016109,54,0.014789804269550217,72.61003268241532,0.9523857421608767,54,0.01438971191680663,74.20378775838832,0.0476142577407345,18,0.0010713941775719678,40.73156428082379,54,0.30177840206634554,0.03646376860994689,0.6506073400945308,0.011150489130787616,target1,target1
009_unimodal_L31_x0_a15_16_gp0p6_b0p00,unimodal,31,2,0.6666666666666666,0.6,0.0,0,15,16,,,199,9.683203647236944e-11,0.0,3.191891195797325e-16,0.0,32,,,0.0,1.0,0,0.0,0.9999999999031691,32,0.041225001100800435,37.4999999138006,0.9999999989718467,32,0.04122500106240666,37.49999991380059,9.313225736579357e-10,32,3.839377412796639e-11,37.4999999138006,32,0.36720146605220116,3.4198301476631396e-10,0.6327985329196455,5.893395588916217e-10,target1,target1
010_local_bump_L31_x0_a15_16_gp0p6_b0p03,local_bump,31,2,0.6666666666666666,0.6,0.03,0,15,16,5,16,198,9.657334877338786e-11,0.0,2.454633718507182e-16,0.0,11,32,15,0.040376851561261036,0.03593273576750014,21,23.59725372075313,0.9999999999034279,32,0.040569841007583894,36.89024438421906,0.9756097777854558,32,0.04039758996018189,37.39837515484735,0.024390222117972156,11,0.0016380824482271758,16.564994953491503,15,8.034908196191158e-05,0.013230211849356221,0.9755294287034938,0.011160010268615935,target2,target1
011_unimodal_L31_x0_a29_15_gm0p6_b0p00,unimodal,31,2,0.6666666666666666,-0.6,0.0,0,29,15,,,132,9.530902487404468e-11,0.0,6.938893903907228e-17,0.0,2,,,0.0,1.0,0,0.0,0.999999999904691,2,0.28444444444444444,4.999999950123793,0.9999999990315767,2,0.28444444444444444,4.999999922329725,8.731142501297566e-10,32,3.7312143945372335e-11,36.83325562796696,2,0.28444444444444444,0.0,0.7155555545871323,8.731142501297565e-10,target1,target1
012_unimodal_L31_x0_a29_15_gm0p6_b0p03,unimodal,31,2,0.6666666666666666,-0.6,0.03,0,29,15,5,15,131,9.430915173326254e-11,0.0,6.938893903907228e-17,0.0,2,,,0.0,1.0,0,0.0,0.999999999905691,2,0.28444444444444444,4.99960917717827,0.9999776691063244,2,0.28444444444444444,4.999365775620772,2.2330799366419226e-05,11,1.592608109465287e-06,15.899179682064908,2,0.28444444444444444,0.0,0.71553322466188,2.2330799366419226e-05,target1,target1
013_unimodal_L31_x0_a29_15_gm0p3_b0p00,unimodal,31,2,0.6666666666666666,-0.3,0.0,0,29,15,,,492,9.617387214757289e-11,0.0,1.3877787807814457e-16,0.0,2,,,0.0,1.0,0,0.0,0.9999999999038266,2,0.1877777777777778,9.994401789325815,0.9999341391748828,2,0.1877777777777778,9.990657788397646,6.586072894368055e-05,50,1.1533015404624483e-06,66.83790178128514,2,0.1877777777777778,0.0,0.812156361397105,6.586072894368055e-05,target1,target1
014_unimodal_L31_x0_a29_15_gm0p3_b0p03,unimodal,31,2,0.6666666666666666,-0.3,0.03,0,29,15,5,15,479,9.726340246320621e-11,0.0,1.3877787807814457e-16,0.0,2,,,0.0,1.0,0,0.0,0.9999999999027367,2,0.1877777777777778,9.941164941329768,0.9984086705957975,2,0.1877777777777778,9.902988816192293,0.0015913293069392998,16,4.520096443478555e-05,33.893073688812265,2,0.1877777777777778,0.0,0.8106308928180199,0.0015913293069392998,target1,target1
015_unimodal_L31_x0_a29_15_gp0p0_b0p00,unimodal,31,2,0.6666666666666666,0.0,0.0,0,29,15,,,1949,9.962197901116645e-11,0.0,1.682681771697503e-16,0.0,2,,,0.0,1.0,0,0.0,0.9999999999003784,2,0.1111111111111111,44.9999998015435,0.8823529411266599,2,0.1111111111111111,31.999999886807437,0.11764705877371857,77,0.0008113956551814274,142.49999919784062,2,0.1111111111111111,0.0,0.7712418300155487,0.11764705877371859,target1,target1
016_unimodal_L31_x0_a29_15_gp0p0_b0p03,unimodal,31,2,0.6666666666666666,0.0,0.03,0,29,15,5,15,1782,9.987400367271138e-11,0.0,1.4224732503009818e-16,0.0,2,,,0.0,1.0,0,0.0,0.9999999999001264,2,0.1111111111111111,41.70157049876733,0.8638743455042631,2,0.1111111111111111,28.839600093854276,0.13612565439586313,70,0.0009451289661235523,123.32561348134519,2,0.1111111111111111,0.0,0.7527632343931521,0.13612565439586313,target1,target1
017_double_peak_L31_x0_a29_15_gp0p3_b0p00,double_peak,31,2,0.6666666666666666,0.3,0.0,0,29,15,,,586,9.96996377181133e-11,0.0,1.717376241217039e-16,0.0,2,50,21,0.2338213232528539,0.05668447784193004,48,197.99818122051954,0.9999999999003018,2,0.054444444444444434,50.35665266572356,0.28992173268739957,2,0.054444444444444434,9.990657835757274,0.7100782672129022,50,0.012434334792600896,66.83790508975464,21,0.2581625568053417,0.0014422022474712302,0.031759175882057775,0.708636064965431,target1,target2
018_double_peak_L31_x0_a29_15_gp0p3_b0p03,double_peak,31,2,0.6666666666666666,0.3,0.03,0,29,15,5,15,572,9.817851131514329e-11,0.0,1.682681771697503e-16,0.0,2,49,21,0.23130076676490482,0.07367960060400651,47,147.54607718868908,0.9999999999018229,2,0.054444444444444434,48.705833791568196,0.2894794370637176,2,0.054444444444444434,9.90298886209352,0.7105205628381055,50,0.012288301949623494,64.51484241728258,21,0.25815927087566737,0.014094463544135282,0.03132016618805015,0.6964260992939701,target1,target2
019_double_peak_L31_x0_a29_15_gp0p6_b0p00,double_peak,31,2,0.6666666666666666,0.6,0.0,0,29,15,,,191,8.579225512004831e-11,0.0,1.8041124150158794e-16,0.0,2,32,15,0.443595064858929,0.012259014609077532,30,1085.5564146170198,0.9999999999142087,32,0.040076590535179694,34.84374998831913,0.06249999994542966,2,0.017777777777777778,4.999999935096409,0.9374999999687791,32,0.04006360949725465,36.83333332352976,15,0.06076636440565046,8.034908196191158e-05,0.0017336355397791893,0.9374196508868172,target1,target2
020_double_peak_L31_x0_a29_15_gp0p6_b0p03,double_peak,31,2,0.6666666666666666,0.6,0.03,0,29,15,5,15,189,9.602779917335907e-11,0.0,2.393918396847994e-16,0.0,2,32,15,0.45125013393975233,0.04630355978767283,30,292.3642173575733,0.9999999999039736,32,0.03939672576396695,34.27216264004157,0.062498604325030474,2,0.017777777777777778,4.99936578813596,0.9375013955789429,32,0.03938380102542321,36.22363594617405,15,0.060766359109385375,0.01318261510755447,0.0017322452156451017,0.9243187804713884,target1,target2
021_unimodal_L31_x0_a10_20_gm0p6_b0p00,unimodal,31,2,0.6666666666666666,-0.6,0.0,0,10,20,,,181,8.926452337123248e-11,0.0,2.220446049250313e-16,0.0,23,,,0.0,1.0,0,0.0,0.999999999910736,23,0.05028967402197106,27.499949917766912,9.536740889897093e-07,20,5.12349447957709e-08,24.999986879627386,0.999999046236647,23,0.05028962641007407,27.49995230191916,23,4.851230491948826e-07,0.3878382262211337,4.685510397948267e-07,0.6121608200155134,target2,target2
022_unimodal_L31_x0_a10_20_gm0p6_b0p03,unimodal,31,2,0.6666666666666666,-0.6,0.03,0,10,20,5,20,180,9.969534483187453e-11,0.0,3.7470027081099033e-16,0.0,23,,,0.0,1.0,0,0.0,0.9999999999003053,23,0.050290236688326585,27.498999300264,9.304359070387288e-07,20,5.028898497154121e-08,24.899053168744338,0.9999990694643983,23,0.05029019014628657,27.499001719349486,23,4.77419440717473e-07,0.38785816964110675,4.5301646632125594e-07,0.6121408998232915,target2,target2
023_unimodal_L31_x0_a10_20_gm0p3_b0p00,unimodal,31,2,0.6666666666666666,-0.3,0.0,0,10,20,,,631,9.828492073796037e-11,0.0,3.608224830031759e-16,0.0,36,,,0.0,1.0,0,0.0,0.9999999999017165,36,0.019058173592179355,54.78508939474963,0.002046767104783244,31,4.2241380701744405e-05,49.87897543700398,0.9979532327969334,36,0.01901741700354571,54.795151662530344,36,0.0007714586134484995,0.29325297045333887,0.0012753084913347441,0.7047002623435945,target2,target2
024_unimodal_L31_x0_a10_20_gm0p3_b0p03,unimodal,31,2,0.6666666666666666,-0.3,0.03,0,10,20,5,20,625,9.794088783605563e-11,0.0,2.3343550399970714e-16,0.0,36,,,0.0,1.0,0,0.0,0.9999999999020607,36,0.019089088891131718,54.63006968238842,0.0019535171048437193,31,4.100852240598441e-05,49.22799475312775,0.9980464827972171,36,0.019049734709125105,54.64064338407251,36,0.0007527393762514124,0.2944574861759811,0.001200777728592307,0.7035889966212359,target2,target2
025_unimodal_L31_x0_a10_20_gp0p0_b0p00,unimodal,31,2,0.6666666666666666,0.0,0.0,0,10,20,,,2500,9.730072535183792e-09,0.0,3.2439329000766293e-16,0.0,54,,,0.0,1.0,0,0.0,0.9999999902699287,54,0.005631981312350339,164.99997597354928,0.5238095189444884,50,0.003107080228362364,159.99997701922166,0.47619047132544057,60,0.0025643124175129205,170.49997482841786,54,0.09644062553113127,0.06727471370829571,0.427368893413357,0.40891575761714477,target1,target1
026_unimodal_L31_x0_a10_20_gp0p0_b0p03,unimodal,31,2,0.6666666666666666,0.0,0.03,0,10,20,5,20,2500,3.4493608297237915e-09,0.0,3.5166097464567336e-16,0.0,53,,,0.0,1.0,0,0.0,0.99999999655064,53,0.005894826072184403,156.53845301608897,0.4700854685443389,48,0.002964710729764762,151.74358162787436,0.5299145280063011,58,0.002964673427710214,160.79196795861932,53,0.09013820440100717,0.08347047779279554,0.3799472641433317,0.44644405021350575,target1,target2
027_unimodal_L31_x0_a10_20_gp0p3_b0p00,unimodal,31,2,0.6666666666666666,0.3,0.0,0,10,20,,,623,9.817002477076911e-11,0.0,3.7990444123892075e-16,0.0,31,,,0.0,1.0,0,0.0,0.9999999999018314,31,0.020635512369831,49.8843884365376,0.9988989379533765,31,0.020615374471842474,49.87897542196906,0.0011010619484551852,36,2.0982300104952248e-05,54.7951516421964,31,0.27501913000313716,0.0002195371112427054,0.7238798079502391,0.0008815248372124799,target1,target1
028_unimodal_L31_x0_a10_20_gp0p3_b0p03,unimodal,31,2,0.6666666666666666,0.3,0.03,0,10,20,5,20,615,9.87079928768717e-11,0.0,4.544975507059235e-16,0.0,31,,,0.0,1.0,0,0.0,0.9999999999012935,31,0.020877216077019776,48.7468248096626,0.9533894485256676,31,0.020013693489460183,49.22799473464144,0.046610551375625926,19,0.0010785860630399301,38.904797288344554,31,0.2691629532344632,0.023004823023811544,0.6842264952912043,0.023605728351814383,target1,target1
029_unimodal_L31_x0_a10_20_gp0p6_b0p00,unimodal,31,2,0.6666666666666666,0.6,0.0,0,10,20,,,176,9.569633326322618e-11,0.0,2.498001805406602e-16,0.0,20,,,0.0,1.0,0,0.0,0.9999999999043044,20,0.053723744694575346,24.99998746789986,0.9999997614859528,20,0.05372373347417027,24.999986871862227,2.3841835168291855e-07,23,1.1989981272238271e-08,27.499952286863078,20,0.35349320727135736,5.6769862674174176e-08,0.6465065542145954,1.8164848900874438e-07,target1,target1
030_unimodal_L31_x0_a10_20_gp0p6_b0p03,unimodal,31,2,0.6666666666666666,0.6,0.03,0,10,20,5,20,175,9.586351980308814e-11,0.0,2.3418766925686896e-16,0.0,20,,,0.0,1.0,0,0.0,0.9999999999041371,20,0.053563929114649564,24.695399969697636,0.9756327616085817,20,0.052731822705518794,24.899053160841273,0.024367238295555503,11,0.0016380826849968643,16.541389126289637,20,0.3486936249261999,0.018451234148344237,0.6269391366823819,0.0059160041472112665,target1,target1
031_unimodal_L31_x0_a30_20_gm0p6_b0p00,unimodal,31,2,0.6666666666666666,-0.6,0.0,0,30,20,,,124,8.590662039951442e-11,0.0,2.7755575615628914e-17,0.0,1,,,0.0,1.0,0,0.0,0.9999999999140933,1,0.5333333333333333,2.4999999889249507,0.9999999999134112,1,0.5333333333333333,2.49999998889369,6.820970072080054e-13,43,2.497552132405981e-14,48.33040647673477,1,0.5333333333333333,0.0,0.466666666580078,6.820970072080053e-13,target1,target1
032_unimodal_L31_x0_a30_20_gm0p6_b0p03,unimodal,31,2,0.6666666666666666,-0.6,0.03,0,30,20,5,20,122,9.814002527688968e-11,0.0,2.7755575615628914e-17,0.0,1,,,0.0,1.0,0,0.0,0.9999999999018598,1,0.5333333333333333,2.499732026737547,0.999982135846935,1,0.5333333333333333,2.4995105291458444,1.7864054925061732e-05,10,1.4121279837293104e-06,14.898576284924852,1,0.5333333333333333,0.0,0.4666488025136015,1.7864054925061736e-05,target1,target1
033_unimodal_L31_x0_a30_20_gm0p3_b0p00,unimodal,31,2,0.6666666666666666,-0.3,0.0,0,30,20,,,501,9.97499498651148e-11,0.0,5.551115123125783e-17,0.0,1,,,0.0,1.0,0,0.0,0.9999999999002502,1,0.43333333333333335,4.9997964818456415,0.9999980621285881,1,0.43333333333333335,4.999634999312295,1.9377716619979246e-06,70,2.770672131457458e-08,88.33377415400227,1,0.43333333333333335,0.0,0.5666647287952548,1.937771661997925e-06,target1,target1
034_unimodal_L31_x0_a30_20_gm0p3_b0p03,unimodal,31,2,0.6666666666666666,-0.3,0.03,0,30,20,5,20,492,9.694146169212126e-11,0.0,5.551115123125783e-17,0.0,1,,,0.0,1.0,0,0.0,0.9999999999030587,1,0.43333333333333335,4.969928038893479,0.9990022219832008,1,0.43333333333333335,4.945538088271318,0.0009977779198578115,14,3.446857614223343e-05,29.389805830007354,1,0.43333333333333335,0.0,0.5656688886498675,0.0009977779198578113,target1,target1
035_unimodal_L31_x0_a30_20_gp0p0_b0p00,unimodal,31,2,0.6666666666666666,0.0,0.0,0,30,20,,,2500,1.4542584623139634e-09,0.0,7.632783294297951e-17,0.0,1,,,0.0,1.0,0,0.0,0.9999999985457418,1,0.3333333333333333,29.999996212677328,0.9523809516538233,1,0.3333333333333333,20.49999800440249,0.04761904689191847,121,0.00021447997720328937,219.9999631343568,1,0.3333333333333333,0.0,0.6190476183204899,0.04761904689191846,target1,target1
036_unimodal_L31_x0_a30_20_gp0p0_b0p03,unimodal,31,2,0.6666666666666666,0.0,0.03,0,30,20,5,20,2500,3.470109522478564e-10,0.0,8.326672684688674e-17,0.0,1,,,0.0,1.0,0,0.0,0.9999999996529892,1,0.3333333333333333,27.436707959343945,0.9388185652470264,1,0.3333333333333333,17.824704451216913,0.061181434405962624,17,0.0002554236900286927,174.93124499114913,1,0.3333333333333333,0.0,0.6054852319136933,0.06118143440596263,target1,target1
037_local_bump_L31_x0_a30_20_gp0p3_b0p00,local_bump,31,2,0.6666666666666666,0.3,0.0,0,30,20,,,654,9.81322181064503e-11,0.0,1.1102230246251565e-16,0.0,1,70,30,0.02857632789326047,0.004417563168947798,69,446.34712605697047,0.9999999999018688,1,0.2333333333333333,43.461647957666706,0.5384604950458003,1,0.2333333333333333,4.9996350511634935,0.46153950485606876,70,0.006599201393029839,88.33380796172135,30,0.5261438504417831,0.0005425123243600723,0.012316644604017005,0.4609969925317086,target1,target2
038_local_bump_L31_x0_a30_20_gp0p3_b0p03,local_bump,31,2,0.6666666666666666,0.3,0.03,0,30,20,5,20,644,9.809766167237246e-11,0.0,1.1622647289044608e-16,0.0,1,69,31,0.027773830323083653,0.0060451209898052935,68,312.42062237542063,0.9999999999019035,1,0.2333333333333333,41.86782655323638,0.5379242734262564,1,0.2333333333333333,4.9455381365837425,0.46207572647564704,70,0.006415092624237479,84.85081404156385,31,0.5268408072257811,0.015611297518911936,0.01108346620047538,0.44646442895673516,target1,target2
039_double_peak_L31_x0_a30_20_gp0p6_b0p00,double_peak,31,2,0.6666666666666666,0.6,0.0,0,30,20,,,209,9.847049951436749e-11,0.0,1.5959455978986625e-16,0.0,1,43,21,0.20597063092015097,0.0011111282173702334,42,7785.569985001886,0.9999999999015307,1,0.13333333333333333,36.87499998234905,0.24999999999982944,1,0.13333333333333333,2.4999999999328812,0.7499999999017012,43,0.0274608761055712,48.333333311315094,21,0.249437313393095,2.65816013202709e-05,0.0005626866067344394,0.7499734183003809,target1,target2
040_double_peak_L31_x0_a30_20_gp0p6_b0p03,double_peak,31,2,0.6666666666666666,0.6,0.03,0,30,20,5,20,208,9.928515024257091e-11,0.0,1.6132928326584306e-16,0.0,1,43,22,0.20177352839373636,0.0043473503468107666,42,1949.3455821323087,0.999999999900716,1,0.13333333333333333,36.18925475405097,0.24999553398620142,1,0.13333333333333333,2.4995105415215857,0.7500044659145148,43,0.02690131707693307,47.4189020122178,22,0.24953753980398735,0.01614100771766377,0.00045799418221406576,0.733863458196851,target1,target2
041_shoulder_L31_x7_a15_16_gm0p6_b0p00,shoulder,31,2,0.6666666666666666,-0.6,0.0,7,15,16,,,229,8.739997133982715e-11,0.0,2.5153490401663703e-16,0.0,15,50,21,2.9261177946495135e-05,2.1106909707528804e-05,35,48.5216093837754,0.9999999999126014,50,0.03278744992073892,54.99885557495926,1.5258789062499009e-05,15,9.593994065425393e-07,19.999999999991854,0.9999847411235389,50,0.03278743743984478,54.999389623262886,21,1.0025063451483837e-05,0.0,5.233725611015171e-06,0.999984741123539,target1,target2
042_shoulder_L31_x7_a15_16_gm0p6_b0p03,shoulder,31,2,0.6666666666666666,-0.6,0.03,7,15,16,12,16,228,9.976763159031364e-11,0.0,2.5766064629118013e-16,0.0,13,50,21,7.308111781866708e-05,4.2178376769084005e-05,37,64.1087108234252,0.9999999999002338,50,0.03278742995407989,54.99729982205112,1.4892298894394755e-05,15,9.43222159493315e-07,19.90564239419687,0.9999851076013394,50,0.03278741822604483,54.99782242528506,21,9.852452625113884e-06,1.8684604136611237e-05,5.03984626928087e-06,0.9999664229972027,target2,target2
043_shoulder_L31_x7_a15_16_gm0p3_b0p00,shoulder,31,2,0.6666666666666666,-0.3,0.0,7,15,16,,,771,9.794202344348475e-11,0.0,4.180683577104105e-16,0.0,22,88,27,0.01564259024700092,0.015321325847546365,66,67.38391746086363,0.9999999999020609,88,0.011388488520839351,108.93994533027575,0.007067030680097182,22,0.00017813522450422923,39.999734770144485,0.992932969221964,88,0.011373646992695902,109.43061549454931,27,0.0026176078487063674,8.943626306310646e-06,0.004449422831390815,0.9929240255956577,target1,target2
044_shoulder_L31_x7_a15_16_gm0p3_b0p03,shoulder,31,2,0.6666666666666666,-0.3,0.03,7,15,16,12,16,769,9.984453047982719e-11,0.0,4.0505793164058446e-16,0.0,21,88,27,0.019272058351871357,0.018381512262211203,67,70.24601083719826,0.9999999999001589,88,0.011387329692392903,108.73545769444027,0.006780917340002487,22,0.00017360664717039882,39.54967632841427,0.9932190825601563,88,0.01137356974651885,109.2078036982416,27,0.0025604058409567187,0.0008659672214255738,0.004220511499045768,0.9923531153387308,target1,target2
045_unimodal_L31_x7_a15_16_gp0p0_b0p00,unimodal,31,2,0.6666666666666666,0.0,0.0,7,15,16,,,2500,0.00010072652350997465,0.0,4.397524011601206e-16,0.0,32,,,0.0,1.0,0,0.0,0.999899273476492,32,0.004876216599944156,263.7471693586537,0.7332829700715797,32,0.004875940911716865,207.8237748110486,0.2666163034049125,212,0.0005936341493863481,417.5549910359123,32,0.08448740732266873,6.872830256582953e-07,0.6487955627489108,0.2666156161218869,target1,target1
046_unimodal_L31_x7_a15_16_gp0p0_b0p03,unimodal,31,2,0.6666666666666666,0.0,0.03,7,15,16,12,16,2500,8.542882778883838e-05,0.0,3.0531133177191805e-16,0.0,31,,,0.0,1.0,0,0.0,0.9999145711722127,31,0.005123163906718324,256.3671801098857,0.6783449033882334,31,0.004702768780362141,201.74437039351034,0.32156966778397944,194,0.0006742635621255654,371.5929252343905,31,0.07762902564074356,0.008676096829262321,0.6007158777474899,0.31289357095471704,target1,target1
047_unimodal_L31_x7_a15_16_gp0p3_b0p00,unimodal,31,2,0.6666666666666666,0.3,0.0,7,15,16,,,646,9.969222920746068e-11,0.0,3.7816971776294395e-16,0.0,22,,,0.0,1.0,0,0.0,0.9999999999003091,22,0.025206485899583304,39.99981862977723,0.9999987911876864,22,0.025206485899570846,39.99973470780035,1.2087126226472088e-06,88,1.3845316063771728e-08,109.43061125054572,22,0.2470543579876793,1.2459174729274128e-14,0.7529444332000069,1.208712610188034e-06,target1,target1
048_unimodal_L31_x7_a15_16_gp0p3_b0p03,unimodal,31,2,0.6666666666666666,0.3,0.03,7,15,16,12,16,644,9.750589807552506e-11,0.0,4.2674197509029455e-16,0.0,22,,,0.0,1.0,0,0.0,0.9999999999024952,22,0.02557776486817597,39.39253484945051,0.9595131887928902,22,0.024565683267592786,39.54967626726343,0.0404868111096048,18,0.0010601518514258613,35.668377308642576,22,0.2425628910079542,0.014229659060092855,0.7169502977849362,0.026257152049511942,target1,target1
049_unimodal_L31_x7_a15_16_gp0p6_b0p00,unimodal,31,2,0.6666666666666666,0.6,0.0,7,15,16,,,167,9.131776086704282e-11,0.0,2.949029909160572e-16,0.0,15,,,0.0,1.0,0,0.0,0.9999999999086828,15,0.06287519950717185,19.999999985915718,0.999999999908626,15,0.06287519950717185,19.99999998591373,5.68425191300576e-14,50,1.8637500397656357e-15,54.99932149930826,15,0.3280801591763798,0.0,0.6719198407322461,5.684251913005759e-14,target1,target1
050_unimodal_L31_x7_a15_16_gp0p6_b0p03,unimodal,31,2,0.6666666666666666,0.6,0.03,7,15,16,12,16,166,9.624500821736362e-11,0.0,2.220446049250313e-16,0.0,15,,,0.0,1.0,0,0.0,0.9999999999037555,15,0.06318971688655721,19.819862737809096,0.9759817002481134,15,0.06181500744455389,19.90564237928738,0.024018299655642197,11,0.0016380824482271758,16.334213814406613,15,0.32414149091607614,0.013225237407407758,0.6518402093320371,0.010793062248234436,target1,target1
051_unimodal_L31_x7_a29_15_gm0p6_b0p00,unimodal,31,2,0.6666666666666666,-0.6,0.0,7,29,15,,,170,9.35902478854358e-11,0.0,2.220446049250313e-16,0.0,18,,,0.0,1.0,0,0.0,0.9999999999064104,18,0.0577294971873921,22.4993514894767,0.9999847411755555,18,0.05772862110071999,22.499389629609745,1.5258730855011317e-05,15,9.593994065425393e-07,19.999828335548315,18,0.37101961748400514,7.756462809318548e-06,0.6289651236915502,7.502268045692768e-06,target1,target1
052_unimodal_L31_x7_a29_15_gm0p6_b0p03,unimodal,31,2,0.6666666666666666,-0.6,0.03,7,29,15,12,15,170,9.032213196808252e-11,0.0,2.220446049250313e-16,0.0,18,,,0.0,1.0,0,0.0,0.9999999999096785,18,0.05773048530999839,22.498546130910604,0.9999616523863057,18,0.05772862110071999,22.498729344817367,3.834752337275243e-05,13,2.396142031445407e-06,17.721004719302172,18,0.37101961748400514,2.3913426204294154e-05,0.6289420349023005,1.4434097168458275e-05,target1,target1
053_unimodal_L31_x7_a29_15_gm0p3_b0p00,unimodal,31,2,0.6666666666666666,-0.3,0.0,7,29,15,,,567,9.606377003832087e-11,0.0,2.220446049250313e-16,0.0,27,,,0.0,1.0,0,0.0,0.9999999999039376,27,0.02278803402800098,44.40157137509561,0.9929596637586824,27,0.022618759655438383,44.435184761530145,0.007040336145255228,22,0.00017813522450422923,39.66078397472156,27,0.27458388719660504,0.0026176078486125505,0.7183757765620773,0.004422728296642678,target1,target1
054_unimodal_L31_x7_a29_15_gm0p3_b0p03,unimodal,31,2,0.6666666666666666,-0.3,0.03,7,29,15,12,15,563,9.654030013348691e-11,0.0,2.220446049250313e-16,0.0,27,,,0.0,1.0,0,0.0,0.999999999903461,27,0.02282279890464387,44.29799570155232,0.9914189413805606,27,0.02261869493614551,44.34917184192616,0.008581058522900257,21,0.00021945728230379332,38.38532248321155,27,0.27458374916515665,0.003417429434740176,0.716835192215404,0.005163629088160079,target1,target1
055_unimodal_L31_x7_a29_15_gp0p0_b0p00,unimodal,31,2,0.6666666666666666,0.0,0.0,7,29,15,,,2038,9.941227299427554e-11,0.0,2.3245294578089215e-16,0.0,35,,,0.0,1.0,0,0.0,0.9999999999005886,35,0.008624945691547623,107.99999979937657,0.4705882352444119,40,0.0038426636293455553,112.49999978731292,0.5294117646561767,32,0.004875939976105903,103.99999981014676,35,0.06316342606051993,0.09905868148570114,0.40742480918389196,0.43035308317047555,target2,target2
056_unimodal_L31_x7_a29_15_gp0p0_b0p03,unimodal,31,2,0.6666666666666666,0.0,0.03,7,29,15,12,15,1984,9.910804770829272e-11,0.0,2.237793284010081e-16,0.0,35,,,0.0,1.0,0,0.0,0.9999999999008925,35,0.008843380630207821,105.20536672753126,0.46276013138555705,40,0.0038420578702989144,110.39280392884677,0.5372398685153356,31,0.005122986129810443,100.7370849384879,35,0.0631626895924188,0.10667146347699284,0.39959744179313833,0.4305684050383428,target2,target2
057_unimodal_L31_x7_a29_15_gp0p3_b0p00,unimodal,31,2,0.6666666666666666,0.3,0.0,7,29,15,,,559,9.897582758199136e-11,0.0,2.220446049250313e-16,0.0,22,,,0.0,1.0,0,0.0,0.9999999999010254,22,0.025286970391636403,39.67882421469255,0.0037785380174223154,27,8.607181780659573e-05,44.4351847413518,0.9962214618836029,22,0.025206485899570846,39.66078395982736,22,0.0006203194595834917,0.2470543579876793,0.0031582185578388246,0.7491671038959237,target2,target2
058_unimodal_L31_x7_a29_15_gp0p3_b0p03,unimodal,31,2,0.6666666666666666,0.3,0.03,7,29,15,12,15,555,9.581885099692979e-11,0.0,2.6020852139652106e-16,0.0,22,,,0.0,1.0,0,0.0,0.9999999999041822,22,0.02565824935472869,39.074328859022174,0.0037726750621637447,27,8.607157152840588e-05,44.349171821603605,0.9962273248420184,22,0.025577764868163513,39.054353228957105,22,0.0006203194524241903,0.25679255006803453,0.0031523556097395548,0.7394347747739839,target2,target2
059_unimodal_L31_x7_a29_15_gp0p6_b0p00,unimodal,31,2,0.6666666666666666,0.6,0.0,7,29,15,,,166,8.67635684294632e-11,0.0,2.636779683484747e-16,0.0,15,,,0.0,1.0,0,0.0,0.9999999999132368,15,0.06287539778533834,19.99983786456345,3.814639057526201e-06,18,2.2021721306121822e-07,22.499389618031234,0.9999961852741795,15,0.06287519950717185,19.999828329639325,15,7.63428471233616e-07,0.3280801591763798,3.0512105862925844e-06,0.6719160260977998,target2,target2
060_unimodal_L31_x7_a29_15_gp0p6_b0p03,unimodal,31,2,0.6666666666666666,0.6,0.03,7,29,15,12,15,165,9.078685230944228e-11,0.0,2.220446049250313e-16,0.0,15,,,0.0,1.0,0,0.0,0.9999999999092137,15,0.06318991516472369,19.81970130748299,3.8145509806885293e-06,18,2.2021721306121822e-07,22.498729329615877,0.999996185358233,15,0.06318971688655721,19.819691088155036,15,7.63428471233616e-07,0.33736672832348386,3.0511225094549127e-06,0.6626294570347492,target2,target2
061_double_peak_L31_x7_a10_20_gm0p6_b0p00,double_peak,31,2,0.6666666666666666,-0.6,0.0,7,10,20,,,207,9.6963875604395e-11,0.0,3.002155815612362e-16,0.0,4,40,18,0.06450248027839471,0.0037890101820173393,36,612.8485220342918,0.9999999999030373,40,0.036748515098020705,44.17968748352446,0.015624999999776134,4,0.0023703703703703708,7.499999998713537,0.9843749999032613,40,0.03674646690501708,44.761904745237,18,0.015036514386538977,1.2189253322814438e-05,0.0005884856132371579,0.9843628106499384,target1,target2
062_double_peak_L31_x7_a10_20_gm0p6_b0p03,double_peak,31,2,0.6666666666666666,-0.6,0.03,7,10,20,12,20,207,9.6963875604395e-11,0.0,3.002155815612362e-16,0.0,4,40,18,0.06450248027839471,0.0037890101820173393,36,612.8485220342918,0.9999999999030373,40,0.036748515098020705,44.17968748352446,0.015624999999776134,4,0.0023703703703703708,7.499999998713537,0.9843749999032613,40,0.03674646690501708,44.761904745237,18,0.015036514386538977,1.2189253322814438e-05,0.0005884856132371579,0.9843628106499384,target1,target2
063_double_peak_L31_x7_a10_20_gm0p3_b0p00,double_peak,31,2,0.6666666666666666,-0.3,0.0,7,10,20,,,666,9.6863155545254e-11,0.0,2.6194324487249787e-16,0.0,4,66,26,0.9637623583551651,0.14028701144369377,62,425.9358411238455,0.9999999999031388,4,0.012703703703703701,73.6073918822716,0.15612007674066986,4,0.012703703703703701,14.997868220792869,0.843879923162469,66,0.012118288880275177,84.4503128721131,26,0.13380083927794986,0.000701351082108954,0.022319237462720003,0.84317857208036,target1,target2
064_double_peak_L31_x7_a10_20_gm0p3_b0p03,double_peak,31,2,0.6666666666666666,-0.3,0.03,7,10,20,12,20,666,9.6863155545254e-11,0.0,2.6194324487249787e-16,0.0,4,66,26,0.9637623583551651,0.14028701144369377,62,425.9358411238455,0.9999999999031388,4,0.012703703703703701,73.6073918822716,0.15612007674066986,4,0.012703703703703701,14.997868220792869,0.843879923162469,66,0.012118288880275177,84.4503128721131,26,0.13380083927794986,0.000701351082108954,0.022319237462720003,0.84317857208036,target1,target2
065_unimodal_L31_x7_a10_20_gp0p0_b0p00,unimodal,31,2,0.6666666666666666,0.0,0.0,7,10,20,,,2500,4.233558140657147e-09,0.0,2.7582103268031233e-16,0.0,5,,,0.0,1.0,0,0.0,0.999999995766442,3,0.037037037037037035,80.99998919046365,0.8571428550260783,3,0.037037037037037035,58.499993638871686,0.14285714074036396,117,0.0006438562461773085,215.99996416697843,3,0.037037037037037035,0.0,0.8201058179890413,0.14285714074036393,target1,target1
066_unimodal_L31_x7_a10_20_gp0p0_b0p03,unimodal,31,2,0.6666666666666666,0.0,0.03,7,10,20,12,20,2500,4.233558140657147e-09,0.0,2.7582103268031233e-16,0.0,5,,,0.0,1.0,0,0.0,0.999999995766442,3,0.037037037037037035,80.99998919046365,0.8571428550260783,3,0.037037037037037035,58.499993638871686,0.14285714074036396,117,0.0006438562461773085,215.99996416697843,3,0.037037037037037035,0.0,0.8201058179890413,0.14285714074036393,target1,target1
067_unimodal_L31_x7_a10_20_gp0p3_b0p00,unimodal,31,2,0.6666666666666666,0.3,0.0,7,10,20,,,545,9.891944342297789e-11,0.0,9.71445146547012e-17,0.0,4,,,0.0,1.0,0,0.0,0.9999999999010809,4,0.0813703703703704,14.998716863192465,0.9999877800749065,4,0.0813703703703704,14.99786816646215,1.2219826174527199e-05,66,1.7547921376939675e-07,84.45030702339629,4,0.1627407407407408,0.0,0.8372470393341657,1.2219826174527199e-05,target1,target1
068_unimodal_L31_x7_a10_20_gp0p3_b0p03,unimodal,31,2,0.6666666666666666,0.3,0.03,7,10,20,12,20,545,9.891944342297789e-11,0.0,9.71445146547012e-17,0.0,4,,,0.0,1.0,0,0.0,0.9999999999010809,4,0.0813703703703704,14.998716863192465,0.9999877800749065,4,0.0813703703703704,14.99786816646215,1.2219826174527199e-05,66,1.7547921376939675e-07,84.45030702339629,4,0.1627407407407408,0.0,0.8372470393341657,1.2219826174527199e-05,target1,target1
069_unimodal_L31_x7_a10_20_gp0p6_b0p00,unimodal,31,2,0.6666666666666666,0.6,0.0,7,10,20,,,139,9.783044041758084e-11,0.0,8.326672684688674e-17,0.0,4,,,0.0,1.0,0,0.0,0.9999999999021698,4,0.15170370370370373,7.499999985693007,0.9999999998878454,4,0.15170370370370373,7.499999985159253,1.4324508768500333e-11,40,5.347314713437966e-13,44.761672266324766,4,0.30340740740740746,0.0,0.696592592480438,1.4324508768500334e-11,target1,target1
070_unimodal_L31_x7_a10_20_gp0p6_b0p03,unimodal,31,2,0.6666666666666666,0.6,0.03,7,10,20,12,20,139,9.783044041758084e-11,0.0,8.326672684688674e-17,0.0,4,,,0.0,1.0,0,0.0,0.9999999999021698,4,0.15170370370370373,7.499999985693007,0.9999999998878454,4,0.15170370370370373,7.499999985159253,1.4324508768500333e-11,40,5.347314713437966e-13,44.761672266324766,4,0.30340740740740746,0.0,0.696592592480438,1.4324508768500334e-11,target1,target1
071_unimodal_L31_x7_a30_20_gm0p6_b0p00,unimodal,31,2,0.6666666666666666,-0.6,0.0,7,30,20,,,167,8.896066770404832e-11,0.0,2.220446049250313e-16,0.0,15,,,0.0,1.0,0,0.0,0.9999999999110398,15,0.06287519955362313,19.99999920398782,0.999999985010106,15,0.06287519950717184,19.999999017735234,1.4900933780986854e-08,27,6.719359878353263e-10,32.4993892664482,15,0.32808015917637967,6.890056395570759e-11,0.6719198258337264,1.4832033217031147e-08,target1,target1
072_unimodal_L31_x7_a30_20_gm0p6_b0p03,unimodal,31,2,0.6666666666666666,-0.6,0.03,7,30,20,12,20,166,9.671435924082594e-11,0.0,2.220446049250313e-16,0.0,15,,,0.0,1.0,0,0.0,0.9999999999032861,15,0.06287654470605897,19.99922514088751,0.9999761674862333,15,0.06287519950717184,19.999306786266033,2.383241705292111e-05,11,1.5996898908468513e-06,16.573494862257807,15,0.32808015917637967,1.2920197421525198e-05,0.6718960083098534,1.0912219631395912e-05,target1,target1
073_unimodal_L31_x7_a30_20_gm0p3_b0p00,unimodal,31,2,0.6666666666666666,-0.3,0.0,7,30,20,,,605,9.875261749270108e-11,0.0,2.220446049250313e-16,0.0,22,,,0.0,1.0,0,0.0,0.9999999999012485,22,0.025207764085286206,39.9666479979215,0.9996823623426522,22,0.02520648589957085,39.958874704003875,0.00031763755859660485,45,5.317667881625721e-06,64.43108747127704,22,0.24705435798767933,4.533676055572969e-06,0.7526280043549727,0.00031310388254103175,target1,target1
074_unimodal_L31_x7_a30_20_gm0p3_b0p03,unimodal,31,2,0.6666666666666666,-0.3,0.03,7,30,20,12,20,594,9.856735548417013e-11,0.0,2.220446049250313e-16,0.0,22,,,0.0,1.0,0,0.0,0.9999999999014338,22,0.02525486086754339,39.8300399736891,0.9975714578195038,22,0.025206477600817123,39.822937157415254,0.0024285420819300588,19,4.902418553599849e-05,42.74766155317636,22,0.2470543456958887,0.0006539065196247084,0.750517112123615,0.00177463556230535,target1,target1
075_unimodal_L31_x7_a30_20_gp0p0_b0p00,unimodal,31,2,0.6666666666666666,0.0,0.0,7,30,20,,,2500,9.082866632687845e-09,0.0,1.97758476261356e-16,0.0,43,,,0.0,1.0,0,0.0,0.9999999909171344,43,0.005753625016979745,155.9999774899479,0.6190476145061863,32,0.004875940911716863,135.99998167208085,0.38095237641094826,83,0.001824111326013055,188.49997084299747,43,0.13671302265259014,0.015044010300065674,0.4823345918535961,0.3659083661108825,target1,target1
076_unimodal_L31_x7_a30_20_gp0p0_b0p03,unimodal,31,2,0.6666666666666666,0.0,0.03,7,30,20,12,20,2500,1.2728345810242371e-09,0.0,2.0599841277224584e-16,0.0,42,,,0.0,1.0,0,0.0,0.999999998727166,42,0.006177392157828407,143.58208639836454,0.5887230508048861,32,0.004875702883741502,125.90511971256947,0.4112769479222799,75,0.0021060737726083575,168.88580888709544,42,0.13212695716744227,0.027602835859890328,0.4565960936374439,0.38367411206238955,target1,target1
077_unimodal_L31_x7_a30_20_gp0p3_b0p00,unimodal,31,2,0.6666666666666666,0.3,0.0,7,30,20,,,645,9.93318407598017e-11,0.0,2.5630539357557325e-16,0.0,45,,,0.0,1.0,0,0.0,0.9999999999006698,45,0.016714919536331967,64.25819652085757,0.007064794464890653,22,0.00017813522450422917,39.958874749015884,0.9929352054357792,45,0.016623033094300566,64.43108767529998,45,0.004926112129839114,0.3037398128335659,0.002138682335051538,0.6891953926022131,target2,target2
078_unimodal_L31_x7_a30_20_gp0p3_b0p03,unimodal,31,2,0.6666666666666666,0.3,0.03,7,30,20,12,20,632,9.79541709105602e-11,0.0,2.220446049250313e-16,0.0,44,,,0.0,1.0,0,0.0,0.9999999999020476,44,0.016727601013742932,62.38116325971975,0.0070498766198217235,22,0.00017813516585661116,39.822937200848884,0.9929501232822258,44,0.01663195923712403,62.541325091364826,44,0.004833896876710571,0.31194269583263373,0.0022159797431111528,0.6810074274495921,target2,target2
079_unimodal_L31_x7_a30_20_gp0p6_b0p00,unimodal,31,2,0.6666666666666666,0.6,0.0,7,30,20,,,189,9.848002816411052e-11,0.0,2.220446049250313e-16,0.0,27,,,0.0,1.0,0,0.0,0.999999999901521,27,0.04509321136404406,32.49919889746489,1.5258788835080429e-05,15,9.59399406542539e-07,19.99999903087841,0.999984741112686,27,0.04509286082434657,32.49938962302652,27,1.2917833299445177e-05,0.35452149101690605,2.3409555356352534e-06,0.64546325009578,target2,target2
080_local_bump_L31_x7_a30_20_gp0p6_b0p03,local_bump,31,2,0.6666666666666666,0.6,0.03,7,30,20,12,20,188,9.66268834815252e-11,0.0,2.220446049250313e-16,0.0,11,27,12,0.03677390599224777,0.03648492712539906,16,16.126728000680604,0.999999999903374,27,0.04456191864658696,32.01140874364641,1.5258425408622635e-05,15,9.59399406542539e-07,19.999306800469597,0.9999847414779655,27,0.04456156810856219,32.011592032204625,12,2.232420496092699e-06,0.008804194956605779,1.3026004912529935e-05,0.9911805465213597,target2,target2
081_double_peak_L31_x13_a15_16_gm0p6_b0p00,double_peak,31,2,0.6666666666666666,-0.6,0.0,13,15,16,,,248,9.097207525456448e-11,0.0,4.2327252813834093e-16,0.0,2,64,31,0.6509528242674106,0.0007148016271056798,62,56461.92394384767,0.99999999990903,64,0.027310393495542602,65.31249998269745,0.0625,2,0.017777777777777778,4.999999999999998,0.93749999990903,64,0.0273103438842358,69.33333331526745,31,0.06242168206647618,5.1684450884890535e-06,7.831793352382793e-05,0.9374948314639415,target1,target2
082_double_peak_L31_x13_a15_16_gm0p6_b0p03,double_peak,31,2,0.6666666666666666,-0.6,0.03,13,15,16,18,16,248,8.74747283478254e-11,0.0,3.4594858444939036e-16,0.0,2,64,31,0.6499182064915163,0.0007259383041285102,62,55507.3737992764,0.9999999999125272,64,0.027353869456509583,65.20515265510936,0.0625,2,0.017777777777777778,4.999999999999997,0.9374999999125272,64,0.02735381984520278,69.2188294991578,31,0.06242168206647618,5.667702237376942e-06,7.831793352382767e-05,0.9374943322102899,target1,target2
083_double_peak_L31_x13_a15_16_gm0p3_b0p00,double_peak,31,2,0.6666666666666666,-0.3,0.0,13,15,16,,,788,9.714410030503001e-11,0.0,2.975050761300224e-16,0.0,2,112,47,0.13875093244292006,0.007983311839600217,110,1911.8134021789028,0.9999999999028587,2,0.054444444444444434,96.50887658590548,0.28994082229384943,2,0.054444444444444434,9.999994272957196,0.7100591776090093,112,0.007540995955903971,131.83333582041394,47,0.28357502151762004,0.0002867959876375186,0.006365800776229425,0.7097723816213717,target1,target2
084_double_peak_L31_x13_a15_16_gm0p3_b0p03,double_peak,31,2,0.6666666666666666,-0.3,0.03,13,15,16,18,16,787,9.685368872388096e-11,0.0,3.619066851756614e-16,0.0,2,111,47,0.13908825161671315,0.008039132638300568,109,1885.8526296720752,0.9999999999031491,2,0.054444444444444434,96.26542780202182,0.2899408217809483,2,0.054444444444444434,9.999993827393064,0.710059178122201,111,0.0075587610619396155,131.4904788802144,47,0.28357502151762004,0.0002990725189141178,0.006365800263328209,0.7097601056032868,target1,target2
085_unimodal_L31_x13_a15_16_gp0p0_b0p00,unimodal,31,2,0.6666666666666666,0.0,0.0,13,15,16,,,2500,2.818053910245607e-05,0.0,1.2836953722228372e-16,0.0,2,,,0.0,1.0,0,0.0,0.999971819460898,2,0.1111111111111111,83.92419736131075,0.9333192430637824,2,0.1111111111111111,57.95899945430487,0.06665257639711564,246,0.00014667002253649828,447.5083251853137,2,0.1111111111111111,0.0,0.8222081319526713,0.06665257639711565,target1,target1
086_unimodal_L31_x13_a15_16_gp0p0_b0p03,unimodal,31,2,0.6666666666666666,0.0,0.03,13,15,16,18,16,2500,2.6419706330002756e-05,0.0,1.48318857196017e-16,0.0,2,,,0.0,1.0,0,0.0,0.9999735802936703,2,0.1111111111111111,83.61079754367809,0.9330676059636643,2,0.1111111111111111,57.73602299230239,0.0669059743300062,244,0.00014831004629866815,444.45919990636423,2,0.1111111111111111,0.0,0.8219564948525532,0.06690597433000618,target1,target1
087_unimodal_L31_x13_a15_16_gp0p3_b0p00,unimodal,31,2,0.6666666666666666,0.3,0.0,13,15,16,,,557,9.680244212247021e-11,0.0,8.326672684688674e-17,0.0,2,,,0.0,1.0,0,0.0,0.9999999999031977,2,0.1877777777777778,9.999996784004388,0.9999999788350858,2,0.1877777777777778,9.999994217209917,2.1068112004227184e-08,112,2.2374841302662672e-10,131.833144991019,2,0.1877777777777778,0.0,0.8122222010573079,2.1068112004227184e-08,target1,target1
088_unimodal_L31_x13_a15_16_gp0p3_b0p03,unimodal,31,2,0.6666666666666666,0.3,0.03,13,15,16,18,16,556,9.970855303256707e-11,0.0,8.326672684688674e-17,0.0,2,,,0.0,1.0,0,0.0,0.9999999999002916,2,0.1877777777777778,9.999996541997211,0.9999999770631954,2,0.1877777777777778,9.999993770074148,2.28370963532956e-08,111,2.4310775853448804e-10,131.37808051790054,2,0.1877777777777778,0.0,0.8122221992854176,2.28370963532956e-08,target1,target1
089_unimodal_L31_x13_a15_16_gp0p6_b0p00,unimodal,31,2,0.6666666666666666,0.6,0.0,13,15,16,,,132,9.843270148952523e-11,0.0,6.938893903907228e-17,0.0,2,,,0.0,1.0,0,0.0,0.9999999999015673,2,0.28444444444444444,4.999999986806396,0.9999999999015673,2,0.28444444444444444,4.999999986806396,1.3000737727062831e-17,64,3.790071573838677e-19,69.28040401332375,2,0.28444444444444444,0.0,0.715555555457123,1.3000737727062834e-17,target1,target1
090_unimodal_L31_x13_a15_16_gp0p6_b0p03,unimodal,31,2,0.6666666666666666,0.6,0.03,13,15,16,18,16,132,9.843269900334703e-11,0.0,6.938893903907228e-17,0.0,2,,,0.0,1.0,0,0.0,0.9999999999015673,2,0.28444444444444444,4.9999999868063965,0.9999999999015673,2,0.28444444444444444,4.999999986806395,1.7467510253382556e-17,64,5.096864144296559e-19,68.79437416016201,2,0.28444444444444444,0.0,0.715555555457123,1.7467510253382562e-17,target1,target1
091_double_peak_L31_x13_a29_15_gm0p6_b0p00,double_peak,31,2,0.6666666666666666,-0.6,0.0,13,29,15,,,191,8.579225512004827e-11,0.0,2.738694687698384e-16,0.0,2,32,15,0.4435950648589291,0.012259014609077537,30,1085.5564146170193,0.9999999999142085,32,0.04007659053517969,34.84374998831914,0.9374999999687791,32,0.04006360949725464,36.83333332352974,0.062499999945429666,2,0.017777777777777778,4.999999935096409,15,8.034908196191158e-05,0.060766364405650475,0.9374196508868171,0.00173363553977919,target2,target1
092_double_peak_L31_x13_a29_15_gm0p6_b0p03,double_peak,31,2,0.6666666666666666,-0.6,0.03,13,29,15,18,15,191,8.579225512004827e-11,0.0,2.738694687698384e-16,0.0,2,32,15,0.4435950648589291,0.012259014609077537,30,1085.5564146170193,0.9999999999142085,32,0.04007659053517969,34.84374998831914,0.9374999999687791,32,0.04006360949725464,36.83333332352974,0.062499999945429666,2,0.017777777777777778,4.999999935096409,15,8.034908196191158e-05,0.060766364405650475,0.9374196508868171,0.00173363553977919,target2,target1
093_double_peak_L31_x13_a29_15_gm0p3_b0p00,double_peak,31,2,0.6666666666666666,-0.3,0.0,13,29,15,,,586,9.969963771811333e-11,0.0,1.7694179454963432e-16,0.0,2,50,21,0.23382132325285385,0.05668447784193004,48,197.99818122051948,0.9999999999003018,2,0.054444444444444434,50.356652665723566,0.7100782672129022,50,0.012434334792600893,66.83790508975466,0.28992173268739957,2,0.054444444444444434,9.990657835757274,21,0.00144220224747123,0.2581625568053417,0.7086360649654309,0.03175917588205778,target2,target1
094_double_peak_L31_x13_a29_15_gm0p3_b0p03,double_peak,31,2,0.6666666666666666,-0.3,0.03,13,29,15,18,15,586,9.969963771811333e-11,0.0,1.7694179454963432e-16,0.0,2,50,21,0.23382132325285385,0.05668447784193004,48,197.99818122051948,0.9999999999003018,2,0.054444444444444434,50.356652665723566,0.7100782672129022,50,0.012434334792600893,66.83790508975466,0.28992173268739957,2,0.054444444444444434,9.990657835757274,21,0.00144220224747123,0.2581625568053417,0.7086360649654309,0.03175917588205778,target2,target1
095_unimodal_L31_x13_a29_15_gp0p0_b0p00,unimodal,31,2,0.6666666666666666,0.0,0.0,13,29,15,,,1949,9.962197901116645e-11,0.0,1.3010426069826053e-16,0.0,2,,,0.0,1.0,0,0.0,0.9999999999003781,2,0.1111111111111111,44.99999980154349,0.11764705877371848,77,0.0008113956551814266,142.49999919784065,0.8823529411266596,2,0.1111111111111111,31.99999988680743,2,0.0,0.1111111111111111,0.11764705877371849,0.7712418300155487,target2,target2
096_unimodal_L31_x13_a29_15_gp0p0_b0p03,unimodal,31,2,0.6666666666666666,0.0,0.03,13,29,15,18,15,1949,9.962197901116645e-11,0.0,1.3010426069826053e-16,0.0,2,,,0.0,1.0,0,0.0,0.9999999999003781,2,0.1111111111111111,44.99999980154349,0.11764705877371848,77,0.0008113956551814266,142.49999919784065,0.8823529411266596,2,0.1111111111111111,31.99999988680743,2,0.0,0.1111111111111111,0.11764705877371849,0.7712418300155487,target2,target2
097_unimodal_L31_x13_a29_15_gp0p3_b0p00,unimodal,31,2,0.6666666666666666,0.3,0.0,13,29,15,,,492,9.617387214757291e-11,0.0,8.326672684688674e-17,0.0,2,,,0.0,1.0,0,0.0,0.9999999999038265,2,0.1877777777777778,9.994401789325815,6.586072894368055e-05,50,1.1533015404624483e-06,66.83790178128514,0.9999341391748827,2,0.1877777777777778,9.990657788397643,2,0.0,0.1877777777777778,6.586072894368055e-05,0.812156361397105,target2,target2
098_unimodal_L31_x13_a29_15_gp0p3_b0p03,unimodal,31,2,0.6666666666666666,0.3,0.03,13,29,15,18,15,492,9.617387214757291e-11,0.0,8.326672684688674e-17,0.0,2,,,0.0,1.0,0,0.0,0.9999999999038265,2,0.1877777777777778,9.994401789325815,6.586072894368055e-05,50,1.1533015404624483e-06,66.83790178128514,0.9999341391748827,2,0.1877777777777778,9.990657788397643,2,0.0,0.1877777777777778,6.586072894368055e-05,0.812156361397105,target2,target2
099_unimodal_L31_x13_a29_15_gp0p6_b0p00,unimodal,31,2,0.6666666666666666,0.6,0.0,13,29,15,,,132,9.530902487404464e-11,0.0,6.938893903907228e-17,0.0,2,,,0.0,1.0,0,0.0,0.999999999904691,2,0.28444444444444444,4.999999950123794,8.731142501297566e-10,32,3.731214394537233e-11,36.83325562796696,0.9999999990315768,2,0.28444444444444444,4.9999999223297245,2,0.0,0.28444444444444444,8.731142501297566e-10,0.7155555545871325,target2,target2
100_unimodal_L31_x13_a29_15_gp0p6_b0p03,unimodal,31,2,0.6666666666666666,0.6,0.03,13,29,15,18,15,132,9.530902487404464e-11,0.0,6.938893903907228e-17,0.0,2,,,0.0,1.0,0,0.0,0.999999999904691,2,0.28444444444444444,4.999999950123794,8.731142501297566e-10,32,3.731214394537233e-11,36.83325562796696,0.9999999990315768,2,0.28444444444444444,4.9999999223297245,2,0.0,0.28444444444444444,8.731142501297566e-10,0.7155555545871325,target2,target2
101_unimodal_L31_x13_a10_20_gm0p6_b0p00,unimodal,31,2,0.6666666666666666,-0.6,0.0,13,10,20,,,131,8.802479910324114e-11,0.0,1.3877787807814457e-16,0.0,4,,,0.0,1.0,0,0.0,0.9999999999119754,3,0.1517037037037037,7.498497950095912,0.9999399183728294,3,0.1517037037037037,7.497911311486542,6.0081539145937886e-05,13,4.242004410667601e-06,17.261952274131144,3,0.1517037037037037,0.0,0.8482362146691258,6.0081539145937886e-05,target1,target1
102_unimodal_L31_x13_a10_20_gm0p6_b0p03,unimodal,31,2,0.6666666666666666,-0.6,0.03,13,10,20,18,20,130,9.707469083544949e-11,0.0,1.3877787807814457e-16,0.0,4,,,0.0,1.0,0,0.0,0.9999999999029255,3,0.1517037037037037,7.498092054027905,0.9999192796406823,3,0.1517037037037037,7.497343342973685,8.07202622433434e-05,12,5.700482847301848e-06,16.772722700528746,3,0.1517037037037037,0.0,0.8482155759369785,8.072026224334341e-05,target1,target1
103_unimodal_L31_x13_a10_20_gm0p3_b0p00,unimodal,31,2,0.6666666666666666,-0.3,0.0,13,10,20,,,355,9.818648744562049e-11,0.0,1.942890293094024e-16,0.0,4,,,0.0,1.0,0,0.0,0.999999999901814,3,0.08137037037037038,14.445089029284256,0.9889017811922672,3,0.08137037037037038,14.274389866314896,0.011098218709546645,18,0.0003743925793924717,29.65516108915659,3,0.08137037037037038,0.0,0.9075314108218968,0.011098218709546647,target1,target1
104_unimodal_L31_x13_a10_20_gm0p3_b0p03,unimodal,31,2,0.6666666666666666,-0.3,0.03,13,10,20,18,20,352,9.420899654884983e-11,0.0,2.0816681711721685e-16,0.0,4,,,0.0,1.0,0,0.0,0.9999999999057915,3,0.08137037037037038,14.411518196743328,0.987967844762518,3,0.08137037037037038,14.231244158532826,0.012032155143273285,18,0.00041007306444784165,29.213933132112796,3,0.08137037037037038,0.0,0.9065974743921477,0.012032155143273285,target1,target1
105_unimodal_L31_x13_a10_20_gp0p0_b0p00,unimodal,31,2,0.6666666666666666,0.0,0.0,13,10,20,,,695,9.918772414563058e-11,0.0,1.942890293094024e-16,0.0,5,,,0.0,1.0,0,0.0,0.9999999999008125,3,0.037037037037037035,31.499999931149084,0.6999999999504063,3,0.037037037037037035,25.499999950395686,0.2999999999504062,22,0.00618958592922381,45.499999887562865,3,0.037037037037037035,0.0,0.6629629629133692,0.29999999995040616,target1,target1
106_unimodal_L31_x13_a10_20_gp0p0_b0p03,unimodal,31,2,0.6666666666666666,0.0,0.03,13,10,20,18,20,681,9.948311442295146e-11,0.0,1.457167719820518e-16,0.0,5,,,0.0,1.0,0,0.0,0.9999999999005169,3,0.037037037037037035,31.08778619189903,0.6965648854466914,3,0.037037037037037035,25.17578160974436,0.3034351144538256,22,0.006379953027790435,44.65936903899743,3,0.037037037037037035,0.0,0.6595278484096544,0.30343511445382554,target1,target1
107_double_peak_L31_x13_a10_20_gp0p3_b0p00,double_peak,31,2,0.6666666666666666,0.3,0.0,13,10,20,,,375,9.448065423558548e-11,0.0,1.7694179454963432e-16,0.0,4,17,6,0.4007089130187323,0.35099132566270436,13,14.841437632135309,0.99999999990552,17,0.03170307245726234,27.280534535915866,0.15438930858997627,4,0.012703703703703701,14.274389890227761,0.8456106913155438,18,0.02852623254970582,29.655161181358437,6,0.04885750342935526,0.0,0.10553180516062101,0.8456106913155438,target1,target2
108_double_peak_L31_x13_a10_20_gp0p3_b0p03,double_peak,31,2,0.6666666666666666,0.3,0.03,13,10,20,18,20,370,9.989494770150052e-11,0.0,1.5092094240998222e-16,0.0,4,17,6,0.3960102105971995,0.35163867547683103,13,14.640405327379288,0.9999999999001058,17,0.03207923271611103,26.997851277964827,0.15424350058021338,4,0.012703703703703701,14.231244180136708,0.8457564993198925,18,0.02884741559355533,29.326141005427395,6,0.04885750342935526,0.00015279547325102886,0.10538599715085811,0.8456037038466414,target1,target2
109_local_bump_L31_x13_a10_20_gp0p6_b0p00,local_bump,31,2,0.6666666666666666,0.6,0.0,13,10,20,,,147,8.746813523039609e-11,0.0,1.9971004017182992e-16,0.0,4,13,6,0.033927540615254714,0.02462888133551824,9,12.397959183673468,0.9999999999125324,13,0.06986567040773328,17.109398457441365,0.015624061225864171,3,0.0023703703703703703,7.497911322103242,0.9843759386866682,13,0.06950100026437797,17.261952433592473,6,0.008547379972565158,0.0,0.0070766812532990124,0.9843759386866682,target1,target2
110_local_bump_L31_x13_a10_20_gp0p6_b0p03,local_bump,31,2,0.6666666666666666,0.6,0.03,13,10,20,18,20,146,9.160354330754643e-11,0.0,1.8821749714348357e-16,0.0,4,13,5,0.03374239124156721,0.029693304292579152,9,10.227272727272723,0.999999999908397,13,0.07024903343098915,16.99669167988827,0.015623738745807749,3,0.0023703703703703703,7.497343354597377,0.9843762611625893,13,0.06988436328763384,17.147462622205065,5,0.006826666666666667,0.0,0.00879707207914108,0.9843762611625893,target1,target2
111_unimodal_L31_x13_a30_20_gm0p6_b0p00,unimodal,31,2,0.6666666666666666,-0.6,0.0,13,30,20,,,193,9.989776568999477e-11,0.0,2.220446049250313e-16,0.0,30,,,0.0,1.0,0,0.0,0.9999999999001032,30,0.043090388177481447,34.99679563780482,0.9999389647440806,30,0.0430897677312578,34.99786362265712,6.103515602258949e-05,13,4.242273801957572e-06,17.499999739101725,30,0.3828227417866141,5.729716484361735e-05,0.6171162229574665,3.737991178972142e-06,target1,target1
112_shoulder_L31_x13_a30_20_gm0p6_b0p03,shoulder,31,2,0.6666666666666666,-0.6,0.03,13,30,20,18,20,193,9.86607941529808e-11,0.0,2.220446049250313e-16,0.0,12,30,13,0.00013229434418204946,0.00013178385652790983,18,18.069726125920187,0.99999999990134,30,0.043090537355533864,34.995806728706796,0.9999179984703479,30,0.043089765667154514,34.9972816495358,8.200143099219535e-05,12,5.700634379902456e-06,17.010756158279307,13,0.0,3.085981071453097e-05,0.9999179984703478,5.114162027766436e-05,target2,target1
113_unimodal_L31_x13_a30_20_gm0p3_b0p00,unimodal,31,2,0.6666666666666666,-0.3,0.0,13,30,20,,,651,9.993440984734676e-11,0.0,2.237793284010081e-16,0.0,50,,,0.0,1.0,0,0.0,0.9999999999000678,50,0.01580733514095445,68.62216155243438,0.9868777295504751,50,0.01569551906436737,69.06954156049669,0.013122270349592733,18,0.0003769069550602287,34.97635523687563,50,0.3150397741383727,0.01068488395433437,0.6718379554121022,0.0024373863952583666,target1,target1
114_unimodal_L31_x13_a30_20_gm0p3_b0p03,unimodal,31,2,0.6666666666666666,-0.3,0.03,13,30,20,18,20,650,9.867504197791146e-11,0.0,2.220446049250313e-16,0.0,50,,,0.0,1.0,0,0.0,0.9999999999013268,50,0.015813163451647863,68.52198823284105,0.9857759152304851,50,0.01569448921635886,69.0125949575923,0.014224084670841656,18,0.0004130788866540698,34.521326376453935,50,0.31503433641273776,0.01165337947637381,0.6707415788177475,0.002570705194467848,target1,target1
115_unimodal_L31_x13_a30_20_gp0p0_b0p00,unimodal,31,2,0.6666666666666666,0.0,0.0,13,30,20,,,2500,8.450118240578087e-09,0.0,2.3635607360183997e-16,0.0,26,,,0.0,1.0,0,0.0,0.9999999915498828,26,0.006521676144447688,146.99997898203603,0.3333333291082746,93,0.0015505616522168229,195.99996909413753,0.6666666624416081,24,0.006392522246416879,122.49998408125614,26,0.0006270501154058946,0.0944312270855754,0.3327062789928687,0.5722354353560327,target2,target2
116_unimodal_L31_x13_a30_20_gp0p0_b0p03,unimodal,31,2,0.6666666666666666,0.0,0.03,13,30,20,18,20,2500,6.8887071603681976e-09,0.0,1.491862189340054e-16,0.0,26,,,0.0,1.0,0,0.0,0.9999999931112937,26,0.006690899826807281,144.83738123451724,0.3297199604260492,92,0.0015476350400638957,194.44909658308123,0.6702800326852445,24,0.00657765260281171,120.43269658970632,26,0.0006270501150757829,0.09841946291033715,0.32909291031097343,0.5718605697749072,target2,target2
117_unimodal_L31_x13_a30_20_gp0p3_b0p00,unimodal,31,2,0.6666666666666666,0.3,0.0,13,30,20,,,595,9.91195605819273e-11,0.0,2.220446049250313e-16,0.0,18,,,0.0,1.0,0,0.0,0.9999999999008815,18,0.0287178850282778,34.98215076160858,0.00016999219281517878,50,2.703592983505102e-06,69.06954113846575,0.9998300077080662,18,0.028717811306774522,34.976355186167915,18,1.4042298296459053e-07,0.23815424356926235,0.00016985176983221417,0.761675764138804,target2,target2
118_unimodal_L31_x13_a30_20_gp0p3_b0p03,unimodal,31,2,0.6666666666666666,0.3,0.03,13,30,20,18,20,593,9.967345628849156e-11,0.0,3.174543961037557e-16,0.0,18,,,0.0,1.0,0,0.0,0.9999999999003275,18,0.02904880171880942,34.63937176454669,0.0001698024024980788,50,2.703415589572575e-06,69.01259452104894,0.9998301974978295,18,0.029048727997306144,34.63353411749396,18,1.4042298296459053e-07,0.24406750558191112,0.00016966197951511424,0.7557626919159183,target2,target2
119_unimodal_L31_x13_a30_20_gp0p6_b0p00,unimodal,31,2,0.6666666666666666,0.6,0.0,13,30,20,,,162,8.934221837207944e-11,0.0,2.220446049250313e-16,0.0,13,,,0.0,1.0,0,0.0,0.9999999999106581,13,0.06950541397127286,17.49999979088695,3.725062887017886e-09,30,1.6052189369223192e-10,34.99786227813406,0.9999999961855954,13,0.06950541397127286,17.49999972570631,13,0.0,0.3444130293867309,3.7250628870178863e-09,0.6555869667988644,target2,target2
120_unimodal_L31_x13_a30_20_gp0p6_b0p03,unimodal,31,2,0.6666666666666666,0.6,0.03,13,30,20,18,20,161,9.773610683751906e-11,0.0,2.220446049250313e-16,0.0,13,,,0.0,1.0,0,0.0,0.9999999999022645,13,0.06988939612036699,17.38549597333791,3.724984775901756e-09,30,1.6052188600284798e-10,34.99728011267506,0.9999999961772797,13,0.06988939612036699,17.385495907734278,13,0.0,0.35075923417230853,3.7249847759017563e-09,0.6492407620049712,target2,target2
121_unimodal_L51_x0_a25_26_gm0p6_b0p00,unimodal,51,2,0.6666666666666666,-0.6,0.0,0,25,26,,,241,9.65883116423262e-11,0.0,3.5041414214731503e-16,0.0,57,,,0.0,1.0,0,0.0,0.9999999999034135,57,0.03045194523060205,62.49999998202527,8.881784196143384e-16,57,2.704676059171087e-17,62.499999982025265,0.9999999999034126,57,0.03045194523060202,62.499999982025265,57,3.5727042259080446e-16,0.40225073551261165,5.309079970235339e-16,0.5977492643908009,target2,target2
122_shoulder_L51_x0_a25_26_gm0p6_b0p03,shoulder,51,2,0.6666666666666666,-0.6,0.03,0,25,26,5,26,241,9.516168544299708e-11,0.0,3.765840720856839e-16,0.0,11,57,24,5.253167538331938e-05,1.6303313295600427e-05,46,148.21877147418806,0.99999999990484,57,0.030451910760013717,62.498213587474375,8.665155313379058e-16,57,2.64560850523114e-17,62.398373967226,0.9999999999048391,57,0.03045191076001369,62.49821358747438,24,0.0,2.044056404453344e-05,8.665155313379057e-16,0.9999795593407946,target2,target2
123_unimodal_L51_x0_a25_26_gm0p3_b0p00,unimodal,51,2,0.6666666666666666,-0.3,0.0,0,25,26,,,834,9.825084216045085e-11,0.0,3.169665051261372e-16,0.0,103,,,0.0,1.0,0,0.0,0.9999999999017528,103,0.010459444716162667,124.99995241484946,1.900496657418046e-07,103,1.987813972346896e-09,124.99995241484947,0.999999809852087,103,0.010459442728348695,124.99995241484947,103,6.792043722739546e-08,0.35738249813467476,1.2212922851440917e-07,0.6426173117174121,target2,target2
124_shoulder_L51_x0_a25_26_gm0p3_b0p03,shoulder,51,2,0.6666666666666666,-0.3,0.03,0,25,26,5,26,828,9.891533716345568e-11,0.0,3.0878077872387166e-16,0.0,18,103,31,0.0046371174237833344,0.003817114839553635,85,103.25992211113959,0.9999999999010885,103,0.01045851675408345,124.67662647785913,1.8099971792138738e-07,103,1.909636038905039e-09,124.20634491596424,0.9999998189013707,103,0.01045851484444741,124.67662656297995,31,5.123279624039741e-13,0.0010350789326509684,1.8099920559342498e-07,0.9989647399687196,target2,target2
125_unimodal_L51_x0_a25_26_gp0p0_b0p00,unimodal,51,2,0.6666666666666666,0.0,0.0,0,25,26,,,2500,0.047372392254336024,0.0,3.79362340152678e-16,0.0,312,,,0.0,1.0,0,0.0,0.9526276077456646,312,0.000987925189480805,821.9985082808838,0.4763138038728323,312,0.0004939625947404025,821.9985082808838,0.4763138038728323,312,0.0004939625947404025,821.9985082808838,312,0.08314088858204831,0.08314088858204831,0.393172915290784,0.393172915290784,tie,tie
126_double_peak_L51_x0_a25_26_gp0p0_b0p03,double_peak,51,2,0.6666666666666666,0.0,0.03,0,25,26,5,26,2500,0.020605184496179676,0.0,3.7600131341797294e-16,0.0,35,273,58,0.40518541436655997,0.3933587936018486,238,245.15564463737485,0.9793948155038215,273,0.0011446042172054828,689.1250281927671,0.35962670913518063,291,0.0004400078291549618,726.5883633980388,0.6197681063686409,257,0.0007077581199910826,667.3865492122329,58,4.5733809969452997e-05,0.021280293670036757,0.3595809753252112,0.5984878126986041,target2,target2
127_unimodal_L51_x0_a25_26_gp0p3_b0p00,unimodal,51,2,0.6666666666666666,0.3,0.0,0,25,26,,,834,9.825084216045086e-11,0.0,2.7950732006676304e-16,0.0,103,,,0.0,1.0,0,0.0,0.9999999999017527,103,0.010459444716162667,124.99995241484947,0.999999809852087,103,0.010459442728348695,124.99995241484946,1.9004966574180463e-07,103,1.9878139723468968e-09,124.99995241484946,103,0.35738249813467476,6.792043722739546e-08,0.6426173117174121,1.2212922851440917e-07,target1,target1
128_double_peak_L51_x0_a25_26_gp0p3_b0p03,double_peak,51,2,0.6666666666666666,0.3,0.03,0,25,26,5,26,824,9.840974761820601e-11,0.0,4.045158305543417e-16,0.0,18,102,39,0.10584881208248677,0.0725476333720256,84,122.5581015073798,0.9999999999015938,102,0.01012182357054155,120.23806769963501,0.9523809620810887,103,0.01004808752668948,124.20634490704198,0.047619037820505285,18,0.0010713830010503377,40.87250641214253,39,0.00021495168452768284,0.028745982093955187,0.9521660103965608,0.0188730557265501,target2,target1
129_unimodal_L51_x0_a25_26_gp0p6_b0p00,unimodal,51,2,0.6666666666666666,0.6,0.0,0,25,26,,,241,9.65883116423262e-11,0.0,3.2569433261464553e-16,0.0,57,,,0.0,1.0,0,0.0,0.9999999999034135,57,0.03045194523060205,62.49999998202527,0.9999999999034126,57,0.03045194523060202,62.499999982025265,8.881784196143384e-16,57,2.704676059171087e-17,62.499999982025265,57,0.40225073551261165,3.5727042259080446e-16,0.5977492643908009,5.309079970235339e-16,target1,target1
130_double_peak_L51_x0_a25_26_gp0p6_b0p03,double_peak,51,2,0.6666666666666666,0.6,0.03,0,25,26,5,26,240,9.968551640075552e-11,0.0,2.220446049250313e-16,0.0,11,57,29,0.05498480685650458,0.010406014986517425,46,243.06145231160104,0.9999999999003162,57,0.02979154682678301,61.28048778630811,0.9756097559978981,57,0.02978690369581794,62.398373964821076,0.024390243902418195,11,0.0016380824482271756,16.565040650318757,29,7.463827080207575e-05,0.022671262235445057,0.975535117727096,0.00171898166697314,target2,target1
131_unimodal_L51_x0_a49_25_gm0p6_b0p00,unimodal,51,2,0.6666666666666666,-0.6,0.0,0,49,25,,,132,9.843237466013989e-11,0.0,5.551115123125783e-17,0.0,2,,,0.0,1.0,0,0.0,0.9999999999015677,2,0.28444444444444444,4.999999986806387,0.9999999999015667,2,0.28444444444444444,4.999999986806341,8.325033025530586e-16,57,2.5929181259760304e-17,61.817941957194236,2,0.28444444444444444,0.0,0.7155555554571226,8.325033025530586e-16,target1,target1
132_unimodal_L51_x0_a49_25_gm0p6_b0p03,unimodal,51,2,0.6666666666666666,-0.6,0.03,0,49,25,5,25,131,9.749281985190725e-11,0.0,5.551115123125783e-17,0.0,2,,,0.0,1.0,0,0.0,0.9999999999025074,2,0.28444444444444444,4.999609212587354,0.9999776699341969,2,0.28444444444444444,4.999365836799956,2.2329968310391013e-05,11,1.5926081094652867e-06,15.898431343466171,2,0.28444444444444444,0.0,0.7155332254897523,2.2329968310391013e-05,target1,target1
133_unimodal_L51_x0_a49_25_gm0p3_b0p00,unimodal,51,2,0.6666666666666666,-0.3,0.0,0,49,25,,,551,9.955071479289608e-11,0.0,1.3877787807814457e-16,0.0,2,,,0.0,1.0,0,0.0,0.9999999999004496,2,0.1877777777777778,9.999981725517616,0.9999998649539314,2,0.1877777777777778,9.999967308735625,1.3494651803378684e-07,97,1.557536697553443e-09,116.83326837812066,2,0.1877777777777778,0.0,0.8122220871761536,1.3494651803378682e-07,target1,target1
134_unimodal_L51_x0_a49_25_gm0p3_b0p03,unimodal,51,2,0.6666666666666666,-0.3,0.03,0,49,25,5,25,542,9.717828159402742e-11,0.0,1.3877787807814457e-16,0.0,2,,,0.0,1.0,0,0.0,0.9999999999028221,2,0.1877777777777778,9.946379902023855,0.998468366092557,2,0.1877777777777778,9.911374579889545,0.0015316338102649557,16,4.519931341482041e-05,32.76626449959819,2,0.1877777777777778,0.0,0.8106905883147794,0.0015316338102649557,target1,target1
135_unimodal_L51_x0_a49_25_gp0p0_b0p00,unimodal,51,2,0.6666666666666666,0.0,0.0,0,49,25,,,2500,3.647579632023656e-06,0.0,1.5959455978986625e-16,0.0,2,,,0.0,1.0,0,0.0,0.9999963524203683,2,0.1111111111111111,74.99034540657742,0.9259241021361101,2,0.1111111111111111,51.9947412252712,0.0740722502842581,198,0.0002013387105624981,362.4419088860575,2,0.1111111111111111,0.0,0.8148129910249988,0.07407225028425812,target1,target1
136_unimodal_L51_x0_a49_25_gp0p0_b0p03,unimodal,51,2,0.6666666666666666,0.0,0.03,0,49,25,5,25,2500,1.3634602107670686e-06,0.0,1.2836953722228372e-16,0.0,2,,,0.0,1.0,0,0.0,0.9999986365397892,2,0.1111111111111111,66.91947947608399,0.8974353093059244,2,0.1111111111111111,43.85265138090174,0.10256332723386481,22,0.000371782537926621,268.7556188117756,2,0.1111111111111111,0.0,0.7863241981948134,0.10256332723386481,target1,target1
137_double_peak_L51_x0_a49_25_gp0p3_b0p00,double_peak,51,2,0.6666666666666666,0.3,0.0,0,49,25,,,751,9.85717758623796e-11,0.0,2.654126918244515e-16,0.0,2,97,41,0.15100699518257135,0.011954118928736825,95,1200.060383192136,0.9999999999014305,2,0.054444444444444434,85.85799337937962,0.2899407892758317,2,0.054444444444444434,9.99996736536027,0.710059210625599,97,0.008195417736262213,116.83334811920926,41,0.28106679777452237,0.00044394741363628536,0.008873991501309403,0.7096152632119626,target1,target2
138_double_peak_L51_x0_a49_25_gp0p3_b0p03,double_peak,51,2,0.6666666666666666,0.3,0.03,0,49,25,5,25,742,9.947789742763292e-11,0.0,2.1597307275911248e-16,0.0,2,96,43,0.14575360486548264,0.018960075868630584,94,722.6151916418955,0.9999999999005242,2,0.054444444444444434,82.53460402237177,0.289496745225966,2,0.054444444444444434,9.911374633167046,0.7105032546745581,97,0.007911757688103522,112.12516310517778,43,0.2819068290082046,0.026981791520078104,0.007589916217761466,0.6835214631544799,target1,target2
139_double_peak_L51_x0_a49_25_gp0p6_b0p00,double_peak,51,2,0.6666666666666666,0.6,0.0,0,49,25,,,235,9.850135492488086e-11,0.0,2.338217510236551e-16,0.0,2,57,27,0.6089568368258101,0.001345482299622957,55,24892.65450374573,0.9999999999015001,57,0.029193822456193303,58.281249981862,0.06249999999999995,2,0.017777777777777778,4.999999999999893,0.9374999999015002,57,0.02919366276486964,61.83333331435933,27,0.062336543291894524,7.065039902219754e-06,0.0001634567081054263,0.937492934861598,target1,target2
140_double_peak_L51_x0_a49_25_gp0p6_b0p03,double_peak,51,2,0.6666666666666666,0.6,0.03,0,49,25,5,25,235,8.752264444014753e-11,0.0,2.5934115965853266e-16,0.0,2,57,29,0.6226141013901296,0.009827994532109776,55,3484.3095877370233,0.9999999999124791,57,0.02855344544571796,57.1380498034349,0.06249860437697151,2,0.017777777777777778,4.999365849745514,0.9375013955355075,57,0.02855329114389284,60.61387927598332,29,0.0623865468464642,0.02170088367878536,0.00011205753050730601,0.9158005118567222,target1,target2
141_unimodal_L51_x0_a17_34_gm0p6_b0p00,unimodal,51,2,0.6666666666666666,-0.6,0.0,0,17,34,,,208,9.2762608668657e-11,0.0,2.636779683484747e-16,0.0,37,,,0.0,1.0,0,0.0,0.9999999999072384,37,0.038188538448549615,42.499999979013424,5.820766090467985e-11,37,2.2228654966647008e-12,42.49999997901342,0.9999999998490309,37,0.03818853844632675,42.49999997901342,37,2.195104340782038e-11,0.3771160541986597,3.625661749685948e-11,0.6228839456503714,target2,target2
142_shoulder_L51_x0_a17_34_gm0p6_b0p03,shoulder,51,2,0.6666666666666666,-0.6,0.03,0,17,34,5,34,208,9.040212603142871e-11,0.0,2.0383000842727483e-16,0.0,11,37,16,4.188918384838331e-05,3.2361230890431466e-05,26,33.655048034034934,0.999999999909599,37,0.038188614431755995,42.49868995675391,5.6787961941352996e-11,37,2.1770815176040605e-12,42.39837405762474,0.9999999998528112,37,0.03818861442957891,42.4986899567596,16,0.0,1.4155959328075577e-05,5.6787961941352996e-11,0.9999858438934831,target2,target2
143_unimodal_L51_x0_a17_34_gm0p3_b0p00,unimodal,51,2,0.6666666666666666,-0.3,0.0,0,17,34,,,746,9.673076429903419e-11,0.0,2.983724378680108e-16,0.0,64,,,0.0,1.0,0,0.0,0.9999999999032714,64,0.013599961206526798,84.99542834675277,2.6891684782121836e-05,64,3.657258698503802e-07,84.99542834675275,0.9999731082184894,64,0.013599595480656947,84.99542834675277,64,8.79285551304624e-06,0.3269642318335685,1.8098829269075594e-05,0.6730088763849208,target2,target2
144_unimodal_L51_x0_a17_34_gm0p3_b0p03,unimodal,51,2,0.6666666666666666,-0.3,0.03,0,17,34,5,34,738,9.81773930986777e-11,0.0,2.4797736563816897e-16,0.0,64,,,0.0,1.0,0,0.0,0.9999999999018251,64,0.013610705937544331,84.75867809814721,2.561185441303116e-05,64,3.5261011160152607e-07,84.20563519913996,0.9999743880474119,64,0.013610353327432729,84.75869226296423,64,8.55049015700654e-06,0.3287492990898631,1.7061364256024623e-05,0.6712250889575488,target2,target2
145_unimodal_L51_x0_a17_34_gp0p0_b0p00,unimodal,51,2,0.6666666666666666,0.0,0.0,0,17,34,,,2500,0.0010291908960732969,0.0,3.157196726277789e-16,0.0,144,,,0.0,1.0,0,0.0,0.9989708091039271,144,0.002139521704969361,431.0087165830834,0.49948540455196355,144,0.0010697608524846804,431.0087165830834,0.49948540455196355,144,0.0010697608524846804,431.0087165830834,144,0.08299711541263022,0.08299711541263022,0.4164882891393333,0.4164882891393333,tie,tie
146_unimodal_L51_x0_a17_34_gp0p0_b0p03,unimodal,51,2,0.6666666666666666,0.0,0.03,0,17,34,5,34,2500,0.0003464197063898434,0.0,2.82651506366971e-16,0.0,133,,,0.0,1.0,0,0.0,0.9996535802936101,133,0.0023691722005833972,374.8451950966591,0.40539096540816366,137,0.0009874991653598727,382.6712295006846,0.5942626148854464,130,0.001383023623332219,369.50647184048233,133,0.06749923343640124,0.12050933012139595,0.3378917319717624,0.4737532847640505,target2,target2
147_unimodal_L51_x0_a17_34_gp0p3_b0p00,unimodal,51,2,0.6666666666666666,0.3,0.0,0,17,34,,,746,9.673076429903413e-11,0.0,2.706168622523819e-16,0.0,64,,,0.0,1.0,0,0.0,0.9999999999032714,64,0.013599961206526798,84.99542834675277,0.9999731082184894,64,0.013599595480656947,84.99542834675277,2.6891684782121836e-05,64,3.657258698503802e-07,84.99542834675276,64,0.3269642318335685,8.79285551304624e-06,0.6730088763849208,1.8098829269075597e-05,target1,target1
148_unimodal_L51_x0_a17_34_gp0p3_b0p03,unimodal,51,2,0.6666666666666666,0.3,0.03,0,17,34,5,34,734,9.942382314563685e-11,0.0,2.654126918244515e-16,0.0,63,,,0.0,1.0,0,0.0,0.9999999999005786,63,0.013400559816073729,82.13998858813493,0.9523823394406071,64,0.013111883176686007,84.20563519043928,0.047617660459971435,18,0.0010713831031285408,40.82579287677935,63,0.3048399405326945,0.03946899800942276,0.6475423989079128,0.008148662450548677,target1,target1
149_unimodal_L51_x0_a17_34_gp0p6_b0p00,unimodal,51,2,0.6666666666666666,0.6,0.0,0,17,34,,,208,9.2762608668657e-11,0.0,3.400058012914542e-16,0.0,37,,,0.0,1.0,0,0.0,0.9999999999072384,37,0.038188538448549615,42.499999979013424,0.9999999998490309,37,0.03818853844632675,42.49999997901342,5.820766090467985e-11,37,2.2228654966647008e-12,42.49999997901342,37,0.3771160541986597,2.195104340782038e-11,0.6228839456503714,3.625661749685948e-11,target1,target1
150_local_bump_L51_x0_a17_34_gp0p6_b0p03,local_bump,51,2,0.6666666666666666,0.6,0.03,0,17,34,5,34,207,9.333082887138613e-11,0.0,2.220446049250313e-16,0.0,11,37,18,0.04369746996299744,0.03117837450096506,26,36.439815648592166,0.9999999999066704,37,0.03748689454136101,41.768292704461835,0.9756097573657669,37,0.03740197567534195,42.3983740554778,0.02439024254090351,11,0.0016380824482271756,16.565037224140948,18,0.00015213711803537772,0.01668662377624868,0.9754576202477314,0.0077036187646548305,target2,target1
151_unimodal_L51_x0_a50_30_gm0p6_b0p00,unimodal,51,2,0.6666666666666666,-0.6,0.0,0,50,30,,,124,8.597257883435289e-11,0.0,2.7755575615628914e-17,0.0,1,,,0.0,1.0,0,0.0,0.9999999999140272,1,0.5333333333333333,2.4999999889519766,0.9999999999140272,1,0.5333333333333333,2.4999999889519766,6.482171828303982e-19,68,1.852953132843011e-20,73.12211357646052,1,0.5333333333333333,0.0,0.466666666580694,6.482171828303982e-19,target1,target1
152_unimodal_L51_x0_a50_30_gm0p6_b0p03,unimodal,51,2,0.6666666666666666,-0.6,0.03,0,50,30,5,30,122,9.821267800159914e-11,0.0,2.7755575615628914e-17,0.0,1,,,0.0,1.0,0,0.0,0.9999999999017875,1,0.5333333333333333,2.4997320267626995,0.9999821358475124,1,0.5333333333333333,2.499510529200097,1.7864054275179895e-05,10,1.4121279837293102e-06,14.89857510709072,1,0.5333333333333333,0.0,0.46664880251417884,1.7864054275179898e-05,target1,target1
153_unimodal_L51_x0_a50_30_gm0p3_b0p00,unimodal,51,2,0.6666666666666666,-0.3,0.0,0,50,30,,,529,9.810728287294953e-11,0.0,8.326672684688674e-17,0.0,1,,,0.0,1.0,0,0.0,0.9999999999018927,1,0.43333333333333335,4.999999330280622,0.9999999959313688,1,0.43333333333333335,4.999998800880141,3.97052396487209e-09,118,4.110694486698654e-11,138.33264812371647,1,0.43333333333333335,0.0,0.5666666625980354,3.97052396487209e-09,target1,target1
154_unimodal_L51_x0_a50_30_gm0p3_b0p03,unimodal,51,2,0.6666666666666666,-0.3,0.03,0,50,30,5,30,521,9.797388249922143e-11,0.0,8.326672684688674e-17,0.0,1,,,0.0,1.0,0,0.0,0.9999999999020263,1,0.43333333333333335,4.970118878708175,0.9990039800831886,1,0.43333333333333335,4.945866777300833,0.0009960198188377499,14,3.4468576142233446e-05,29.294881672672588,1,0.43333333333333335,0.0,0.5656706467498552,0.0009960198188377497,target1,target1
155_unimodal_L51_x0_a50_30_gp0p0_b0p00,unimodal,51,2,0.6666666666666666,0.0,0.0,0,50,30,,,2500,2.4519374706240703e-05,0.0,6.526897078362737e-17,0.0,1,,,0.0,1.0,0,0.0,0.9999754806252934,1,0.3333333333333333,44.93263482100115,0.9677296757965178,1,0.3333333333333333,30.465011376692207,0.03224580482877601,264,6.645078862777001e-05,479.12085309158283,1,0.3333333333333333,0.0,0.6343963424631843,0.032245804828776,target1,target1
156_unimodal_L51_x0_a50_30_gp0p0_b0p03,unimodal,51,2,0.6666666666666666,0.0,0.03,0,50,30,5,30,2500,1.375790954387268e-05,0.0,5.551115123125783e-17,0.0,1,,,0.0,1.0,0,0.0,0.9999862420904562,1,0.3333333333333333,40.208827860796774,0.9506982696098017,1,0.3333333333333333,25.34974247039266,0.04928797248065437,17,0.0002554236900286927,326.8204707760366,1,0.3333333333333333,0.0,0.6173649362764685,0.04928797248065437,target1,target1
157_shoulder_L51_x0_a50_30_gp0p3_b0p00,shoulder,51,2,0.6666666666666666,0.3,0.0,0,50,30,,,788,9.905755482262131e-11,0.0,1.3791051634015616e-16,0.0,1,118,51,0.020508711980113503,0.0010682034323658037,117,2246.3130420382045,0.9999999999009442,1,0.2333333333333333,66.53846179546535,0.5384615363235538,1,0.2333333333333333,4.999998855153517,0.46153846357739053,118,0.004778312722832397,138.33333462359778,51,0.5348382422824679,0.0001918030503153087,0.0036232940410857437,0.4613466605270752,target1,target2
158_shoulder_L51_x0_a50_30_gp0p3_b0p03,shoulder,51,2,0.6666666666666666,0.3,0.03,0,50,30,5,30,782,9.798758166261004e-11,0.0,1.240327285323417e-16,0.0,1,117,53,0.01972055463293073,0.0015725230555678445,116,1454.7222880582242,0.9999999999020143,1,0.2333333333333333,63.87114619121756,0.5379252200961246,1,0.2333333333333333,4.945866829326232,0.46207477980588946,118,0.004595360197107507,132.46912049158215,53,0.5349241619038999,0.01993328972580763,0.003001058192224871,0.4421414900800819,target1,target2
159_double_peak_L51_x0_a50_30_gp0p6_b0p00,double_peak,51,2,0.6666666666666666,0.6,0.0,0,50,30,,,252,9.190007370145009e-11,0.0,2.409097227262791e-16,0.0,1,68,33,0.16022341275106766,9.685091861220052e-05,67,110840.13252683003,0.9999999999081015,1,0.13333333333333333,55.62499998126011,0.24999999999999994,1,0.13333333333333333,2.500000000000001,0.7499999999081015,68,0.02136309513883335,73.33333331051665,33,0.24994193775503046,1.7458869206091078e-06,5.806224496952249e-05,0.7499982540211808,target1,target2
160_double_peak_L51_x0_a50_30_gp0p6_b0p03,double_peak,51,2,0.6666666666666666,0.6,0.03,0,50,30,5,30,251,9.5710934082669e-11,0.0,1.973247953923618e-16,0.0,1,68,35,0.15667722676551576,0.000499664553028803,67,21008.843092146337,0.9999999999042906,1,0.13333333333333333,54.48204660565316,0.24999553398636384,1,0.13333333333333333,2.499510541585338,0.7500044659179268,68,0.020890272389083676,71.80914591218466,35,0.24995612554928884,0.018038401725519702,3.9408437074952395e-05,0.7319660641924071,target1,target2
161_unimodal_L51_x7_a25_26_gm0p6_b0p00,unimodal,51,2,0.6666666666666666,-0.6,0.0,7,25,26,,,269,9.323984986886964e-11,0.0,3.3415110956003247e-16,0.0,75,,,0.0,1.0,0,0.0,0.9999999999067626,75,0.026498458107343803,79.99999997983541,1.4551915228366504e-11,40,5.372274590147092e-13,44.9999999999942,0.9999999998922104,75,0.026498458107309004,79.99999998034473,75,1.4283150274145479e-11,0.42828006286981624,2.6876495422102596e-13,0.5717199370223944,target2,target2
162_shoulder_L51_x7_a25_26_gm0p6_b0p03,shoulder,51,2,0.6666666666666666,-0.6,0.03,7,25,26,12,26,269,9.227332826713827e-11,0.0,3.191891195797325e-16,0.0,11,75,33,6.0369345957721595e-05,6.256921617835395e-06,64,617.4982487044199,0.9999999999077288,75,0.026498380352955295,79.99779675982796,1.4196990471858871e-11,40,5.258488694210774e-13,44.89837400883602,0.9999999998935318,75,0.026498380352922037,79.99779676032628,33,2.2579813489537922e-12,2.289123581147029e-05,1.193900912290508e-11,0.9999771086577203,target2,target2
163_unimodal_L51_x7_a25_26_gm0p3_b0p00,unimodal,51,2,0.6666666666666666,-0.3,0.0,7,25,26,,,896,9.877214449751539e-11,0.0,3.598473884406825e-16,0.0,138,,,0.0,1.0,0,0.0,0.9999999999012325,138,0.008948907649274886,159.9963797923645,1.4480527330643235e-05,69,1.8908335117107387e-07,89.9999992006485,0.9999855193739019,138,0.008948860539043925,159.99739339154428,138,1.2985068481204074e-05,0.3783548714289659,1.4954588494391623e-06,0.6216306479449358,target2,target2
164_shoulder_L51_x7_a25_26_gm0p3_b0p03,shoulder,51,2,0.6666666666666666,-0.3,0.03,7,25,26,12,26,892,9.839890927635664e-11,0.0,2.8053731213062427e-16,0.0,18,138,46,0.005422123685569284,0.002900603014856792,120,224.31709507839633,0.9999999999016056,138,0.008944350458028797,159.59790050623891,1.3791188494388962e-05,68,1.8218699826239557e-07,89.20857055851805,0.9999862087131112,138,0.008944306813312226,159.59887127214432,46,1.0118510254927766e-06,0.0014909324469036928,1.2779337468896185e-05,0.9984952762662075,target2,target2
165_unimodal_L51_x7_a25_26_gp0p0_b0p00,unimodal,51,2,0.6666666666666666,0.0,0.0,7,25,26,,,2500,0.04286382205179018,0.0,3.3306690738754696e-16,0.0,203,,,0.0,1.0,0,0.0,0.957136177948211,203,0.0010425803810620912,756.69183193878,0.6185676250638862,162,0.0009539436949615716,650.6116706119248,0.33856855288432486,495,0.00029840641262157414,950.5011887125781,203,0.122094478423312,0.005906620112105873,0.4964731466405742,0.332661932772219,target1,target1
166_unimodal_L51_x7_a25_26_gp0p0_b0p03,unimodal,51,2,0.6666666666666666,0.0,0.03,7,25,26,12,26,2500,0.025524052082371403,0.0,3.3957212042246e-16,0.0,159,,,0.0,1.0,0,0.0,0.9744759479176293,159,0.001235552546219678,660.2584579307706,0.4868120531708273,153,0.0008765762488852212,578.8221422497604,0.48766389474680216,35,0.0004637275078460142,741.552522277945,159,0.0759292815989735,0.05940569568634154,0.4108827715718539,0.4282581990604606,target1,target2
167_unimodal_L51_x7_a25_26_gp0p3_b0p00,unimodal,51,2,0.6666666666666666,0.3,0.0,7,25,26,,,766,9.991549172382683e-11,0.0,2.723515857283587e-16,0.0,69,,,0.0,1.0,0,0.0,0.9999999999000873,69,0.013057766916996411,89.99999930578664,0.9999999974058157,69,0.013057766915645946,89.99999913119416,2.494271445608157e-09,138,2.2321210681741892e-11,159.99738930922356,69,0.33405475177059707,8.755094301951633e-12,0.6659452456352187,2.485516351306205e-09,target1,target1
168_double_peak_L51_x7_a25_26_gp0p3_b0p03,double_peak,51,2,0.6666666666666666,0.3,0.03,7,25,26,12,26,756,9.991071535546821e-11,0.0,2.914335439641036e-16,0.0,19,68,21,0.0836053343852421,0.08344278336844003,49,49.09545462773134,0.9999999999000916,68,0.012825438089630749,86.90570424338247,0.9523954579585258,68,0.01258151679477684,89.2085704867741,0.04760454194156592,18,0.0010713830010503377,40.83364344749521,21,2.3764644597501103e-05,0.013305739621656444,0.9523716933139282,0.034298802319909484,target2,target1
169_unimodal_L51_x7_a25_26_gp0p6_b0p00,unimodal,51,2,0.6666666666666666,0.6,0.0,7,25,26,,,212,9.664541495581357e-11,0.0,3.215913050181457e-16,0.0,40,,,0.0,1.0,0,0.0,0.9999999999033558,40,0.0369179898717017,44.99999998314231,0.9999999999033558,40,0.0369179898717017,44.99999998314231,5.421009725166805e-20,75,1.4364842923730275e-21,79.99997062940658,40,0.3997760842871969,4.240876781766165e-24,0.6002239156161588,5.4205856374886286e-20,target1,target1
170_local_bump_L51_x7_a25_26_gp0p6_b0p03,local_bump,51,2,0.6666666666666666,0.6,0.03,7,25,26,12,26,211,9.76689099588507e-11,0.0,2.2388774861825667e-16,0.0,11,40,19,0.045261791366983745,0.027783451056935263,29,47.24366123390138,0.9999999999023322,40,0.03619128626495496,44.20731706768123,0.9756097563544763,40,0.03613605914883363,44.898373991472425,0.024390243547855895,11,0.0016380824482271756,16.565039706893764,19,8.520288072647294e-05,0.01761912897946607,0.9755245534737498,0.0067711145683898325,target2,target1
171_unimodal_L51_x7_a49_25_gm0p6_b0p00,unimodal,51,2,0.6666666666666666,-0.6,0.0,7,49,25,,,172,8.983338568952556e-11,0.0,2.5890747878953846e-16,0.0,18,,,0.0,1.0,0,0.0,0.9999999999101674,18,0.057728621100720176,22.49999998494003,0.9999999998956154,18,0.057728621100719996,22.49999998461261,1.4551859282391523e-11,40,5.372274590045664e-13,44.9998243205832,18,0.37101961748400514,1.7737698105068466e-16,0.6289803824116103,1.4551681905410471e-11,target1,target1
172_unimodal_L51_x7_a49_25_gm0p6_b0p03,unimodal,51,2,0.6666666666666666,-0.6,0.03,7,49,25,12,25,171,9.829828057718292e-11,0.0,2.220446049250313e-16,0.0,18,,,0.0,1.0,0,0.0,0.9999999999017025,18,0.057729636235650666,22.499166336016632,0.999976181381151,18,0.057728621100719996,22.499307685187,2.38185205516747e-05,11,1.5996898908468511e-06,16.564884930128,18,0.37101961748400514,1.629553103166157e-05,0.6289565638971457,7.522989520013132e-06,target1,target1
173_unimodal_L51_x7_a49_25_gm0p3_b0p00,unimodal,51,2,0.6666666666666666,-0.3,0.0,7,49,25,,,649,9.916080675298923e-11,0.0,2.2898349882893854e-16,0.0,27,,,0.0,1.0,0,0.0,0.9999999999008404,27,0.02261876572403722,44.99805250490015,0.9999855744758701,27,0.022618759882851006,44.99740828247424,1.4425424970408007e-05,69,1.8907903357783498e-07,89.65622611111432,27,0.27458388747894985,1.5997314231578856e-08,0.7254016869969202,1.440942765617643e-05,target1,target1
174_unimodal_L51_x7_a49_25_gm0p3_b0p03,unimodal,51,2,0.6666666666666666,-0.3,0.03,7,49,25,12,25,638,9.64481527488409e-11,0.0,2.220446049250313e-16,0.0,27,,,0.0,1.0,0,0.0,0.9999999999035529,27,0.022661364130037796,44.84787680478415,0.9978395697341204,27,0.02261869516253973,44.856643551252645,0.002160430169432648,18,4.8497374470510414e-05,40.7987727662177,27,0.2745837494463654,0.0008723640314256507,0.7232558202877549,0.0012880661380069974,target1,target1
175_unimodal_L51_x7_a49_25_gp0p0_b0p00,unimodal,51,2,0.6666666666666666,0.0,0.0,7,49,25,,,2500,1.3697654951020885e-05,0.0,2.6194324487249787e-16,0.0,44,,,0.0,1.0,0,0.0,0.9999863023450491,44,0.003930463140206508,242.9660452454079,0.6666598178391914,40,0.003842845248842972,202.4741179507196,0.33332648450585795,153,0.0009360812083391949,323.9507318185512,44,0.0976366562095768,0.0007970558089874724,0.5690231616296144,0.3325294286968704,target1,target1
176_unimodal_L51_x7_a49_25_gp0p0_b0p03,unimodal,51,2,0.6666666666666666,0.0,0.03,7,49,25,12,25,2500,2.358228873152984e-06,0.0,2.8362728832220796e-16,0.0,43,,,0.0,1.0,0,0.0,0.999997641771127,43,0.00438545590153071,213.47382304411832,0.6146015262256269,40,0.0038422355171580523,178.20013229076787,0.38539611554550013,131,0.001160560425244814,269.7257241353749,43,0.09381084742619913,0.015195514569123112,0.5207906787994278,0.370200600976377,target1,target1
177_unimodal_L51_x7_a49_25_gp0p3_b0p00,unimodal,51,2,0.6666666666666666,0.3,0.0,7,49,25,,,727,9.974114345541285e-11,0.0,2.220446049250313e-16,0.0,69,,,0.0,1.0,0,0.0,0.9999999999002613,69,0.013080231115932149,89.4862879545766,0.0038052739184051554,27,8.607181867197554e-05,44.99740834081447,0.9961947259818561,69,0.01305746875017658,89.65622699243535,69,0.003247272603067311,0.33405327966385534,0.000558001315337844,0.6621414463180008,target2,target2
178_unimodal_L51_x7_a49_25_gp0p3_b0p03,unimodal,51,2,0.6666666666666666,0.3,0.03,7,49,25,12,25,714,9.709242867467033e-11,0.0,2.393918396847994e-16,0.0,68,,,0.0,1.0,0,0.0,0.9999999999029097,68,0.012848043058700768,86.40484470097677,0.0037971076647197303,27,8.607157238991033e-05,44.85664360685052,0.99620289223819,68,0.012824422515563648,86.56320902019225,68,0.003223283693300553,0.3528084549138326,0.000573823971419177,0.6433944373243574,target2,target2
179_unimodal_L51_x7_a49_25_gp0p6_b0p00,unimodal,51,2,0.6666666666666666,0.6,0.0,7,49,25,,,212,9.140446192066045e-11,0.0,2.8123760985465657e-16,0.0,40,,,0.0,1.0,0,0.0,0.999999999908597,40,0.036918012335122326,44.99974249199535,3.8146972655686096e-06,18,2.2021721306121825e-07,22.499999998644853,0.9999961852113313,40,0.0369179898710047,44.99982832202895,40,3.670038567764299e-06,0.39977608428625366,1.4465869780431137e-07,0.6002201009250777,target2,target2
180_local_bump_L51_x7_a49_25_gp0p6_b0p03,local_bump,51,2,0.6666666666666666,0.6,0.03,7,49,25,12,25,211,9.21153166481038e-11,0.0,2.2388774861825667e-16,0.0,11,40,19,0.045263839854750416,0.027789406873893575,29,47.23567371352991,0.999999999907886,40,0.03619130786666816,44.20706260649427,3.8146064051788435e-06,18,2.2021721306121825e-07,22.499307700441804,0.999996185301481,40,0.036191285405096314,44.20714541335104,19,1.631476495586898e-06,0.01770433186019254,2.1831299095919455e-06,0.9822918534412883,target2,target2
181_shoulder_L51_x7_a17_34_gm0p6_b0p00,shoulder,51,2,0.6666666666666666,-0.6,0.0,7,17,34,,,237,9.396859626931238e-11,0.0,3.4500186631215607e-16,0.0,20,55,23,1.643338372426025e-06,1.5271307039292735e-06,35,37.66334007097186,0.9999999999060334,55,0.031177355592405386,59.99991892034104,9.53674316406236e-07,20,5.1234944795770894e-08,24.999999999996977,0.9999990462317169,55,0.031177354524519616,59.99995229889663,23,4.851230491948825e-07,0.0,4.6855126721135355e-07,0.9999990462317169,target1,target2
182_shoulder_L51_x7_a17_34_gm0p6_b0p03,shoulder,51,2,0.6666666666666666,-0.6,0.03,7,17,34,12,34,237,9.268029709333593e-11,0.0,2.4724383510584674e-16,0.0,11,55,23,5.149869393045146e-05,1.9578669835495774e-05,44,115.73526454957381,0.9999999999073214,55,0.03117732223461483,59.998195692785494,9.304361289093083e-07,20,5.02889849715412e-08,24.899066288733238,0.9999990694711923,55,0.031177321229508843,59.99822835031397,23,4.774194407174729e-07,1.9943570277102547e-05,4.5301668819183546e-07,0.9999791259009154,target2,target2
183_unimodal_L51_x7_a17_34_gm0p3_b0p00,unimodal,51,2,0.6666666666666666,-0.3,0.0,7,17,34,,,803,9.685565446938217e-11,0.0,3.9448611342590353e-16,0.0,98,,,0.0,1.0,0,0.0,0.9999999999031479,98,0.01074594378610322,119.65166610851628,0.0020490224846928216,31,4.224138070174439e-05,49.999915536991935,0.9979509774184553,98,0.010740963038198308,119.79467714437742,98,0.0019213772537290084,0.3534506941001983,0.0001276452309638128,0.6445002833182568,target2,target2
184_shoulder_L51_x7_a17_34_gm0p3_b0p03,shoulder,51,2,0.6666666666666666,-0.3,0.03,7,17,34,12,34,800,9.822277577558971e-11,0.0,2.896988204881268e-16,0.0,27,98,28,0.007668760203224143,0.007665321913733485,71,71.03184713656962,0.9999999999017805,98,0.01074467442253035,119.36848841052954,0.0019556654830976505,31,4.100852240598441e-05,49.34856296598389,0.998044334418683,98,0.010740118228822728,119.5056922867488,28,0.00042887749154539974,0.0009144404207589023,0.0015267879915522508,0.997129893997924,target2,target2
185_unimodal_L51_x7_a17_34_gp0p0_b0p00,unimodal,51,2,0.6666666666666666,0.0,0.0,7,17,34,,,2500,0.0008213120652264754,0.0,2.909998630951094e-16,0.0,50,,,0.0,1.0,0,0.0,0.9991786879347736,50,0.0031115483654688752,357.9519104789626,0.7054716969084404,50,0.0031070831889015056,288.50887055089953,0.2937069910263333,262,0.0005128194434034087,524.751137985736,50,0.08404286636145007,2.371979446400214e-05,0.6214288305469903,0.2936832712318693,target1,target1
186_unimodal_L51_x7_a17_34_gp0p0_b0p03,unimodal,51,2,0.6666666666666666,0.0,0.03,7,17,34,12,34,2500,0.000612047250227069,0.0,4.0679265511656126e-16,0.0,47,,,0.0,1.0,0,0.0,0.9993879527497733,47,0.003402327791793958,338.0520940462979,0.6255459087302627,48,0.0029647120880034136,272.39304809754157,0.37384204401951043,225,0.0006220001028275177,447.91867599295927,47,0.07239287349002771,0.016193090549416478,0.553153035240235,0.35764895347009396,target1,target1
187_unimodal_L51_x7_a17_34_gp0p3_b0p00,unimodal,51,2,0.6666666666666666,0.3,0.0,7,17,34,,,675,9.943944958979396e-11,0.0,2.8102520310824275e-16,0.0,31,,,0.0,1.0,0,0.0,0.999999999900562,31,0.02061537447379988,49.99994005641703,0.9999996476743196,31,0.020615374471842463,49.99991547287191,3.522262423563958e-07,98,3.7910169575697724e-09,119.79467282856245,31,0.27501913000313705,3.804140931481179e-12,0.7249805176711827,3.522224382154643e-07,target1,target1
188_unimodal_L51_x7_a17_34_gp0p3_b0p03,unimodal,51,2,0.6666666666666666,0.3,0.03,7,17,34,12,34,670,9.930692635196354e-11,0.0,2.706168622523819e-16,0.0,31,,,0.0,1.0,0,0.0,0.9999999999006944,31,0.020857078241771135,48.860897401792926,0.9544379374425672,31,0.02001369348946018,49.348562901354306,0.045562062458127175,18,0.0010713560073527075,38.64523927632893,31,0.26916295323446315,0.022785286059412636,0.6852749842081041,0.022776776398714532,target1,target1
189_unimodal_L51_x7_a17_34_gp0p6_b0p00,unimodal,51,2,0.6666666666666666,0.6,0.0,7,17,34,,,177,8.7064592064124e-11,0.0,2.220446049250313e-16,0.0,20,,,0.0,1.0,0,0.0,0.9999999999129361,20,0.05372373347417026,24.999999986135922,0.9999999999129326,20,0.05372373347417026,24.999999986135794,3.5527088065303704e-15,55,1.1076421388807353e-16,59.99990020492332,20,0.3534932072713573,0.0,0.6465067926415753,3.55270880653037e-15,target1,target1
190_unimodal_L51_x7_a17_34_gp0p6_b0p03,unimodal,51,2,0.6666666666666666,0.6,0.03,7,17,34,12,34,176,8.750806890148084e-11,0.0,2.2388774861825667e-16,0.0,20,,,0.0,1.0,0,0.0,0.9999999999124927,20,0.05356391789424448,24.69541241496799,0.9756329942201792,20,0.05273182270551879,24.899066274611698,0.024367005692313374,11,0.0016380824482271756,16.54129502452607,20,0.3486936249261999,0.018451177378481568,0.6269393692939795,0.005915828313831811,target1,target1
191_unimodal_L51_x7_a50_30_gm0p6_b0p00,unimodal,51,2,0.6666666666666666,-0.6,0.0,7,50,30,,,167,9.13193284975988e-11,0.0,2.220446049250313e-16,0.0,15,,,0.0,1.0,0,0.0,0.9999999999086813,15,0.06287519950717185,19.999999985918635,0.9999999999086673,15,0.06287519950717185,19.999999985918095,1.4210624118415251e-14,52,4.539806595776413e-16,57.49927616639315,15,0.3280801591763798,0.0,0.6719198407322873,1.4210624118415251e-14,target1,target1
192_unimodal_L51_x7_a50_30_gm0p6_b0p03,unimodal,51,2,0.6666666666666666,-0.6,0.03,7,50,30,12,30,166,9.909199752132687e-11,0.0,2.220446049250313e-16,0.0,15,,,0.0,1.0,0,0.0,0.9999999999009086,15,0.0628765446598037,19.99922589221403,0.9999761816667713,15,0.06287519950717185,19.999307704927848,2.3818234137408153e-05,11,1.5996898908468511e-06,16.564430318741476,15,0.3280801591763798,1.2920128759063858e-05,0.6718960224903917,1.0898105378344291e-05,target1,target1
193_unimodal_L51_x7_a50_30_gm0p3_b0p00,unimodal,51,2,0.6666666666666666,-0.3,0.0,7,50,30,,,648,9.926906072915944e-11,0.0,2.220446049250313e-16,0.0,22,,,0.0,1.0,0,0.0,0.9999999999007321,22,0.025206485899570853,39.99989905570866,0.9999993490554779,22,0.025206485899570853,39.99985061280309,6.508452540083961e-07,93,7.237836856151402e-09,114.43060860809442,22,0.2470543579876793,0.0,0.7529449910677988,6.508452540083962e-07,target1,target1
194_unimodal_L51_x7_a50_30_gm0p3_b0p03,unimodal,51,2,0.6666666666666666,-0.3,0.03,7,50,30,12,30,637,9.661897332568023e-11,0.0,2.220446049250313e-16,0.0,22,,,0.0,1.0,0,0.0,0.9999999999033822,22,0.025253598952413324,39.86078434544578,0.9978590798047992,22,0.02520647760081712,39.859789193301836,0.00214092009858298,18,4.8497370267290285e-05,40.32461370707129,22,0.24705434569588863,0.0006494207911794423,0.7508047341089105,0.0014914993074035372,target1,target1
195_unimodal_L51_x7_a50_30_gp0p0_b0p00,unimodal,51,2,0.6666666666666666,0.0,0.0,7,50,30,,,2500,0.0001756623573993751,0.0,2.0903417885520525e-16,0.0,32,,,0.0,1.0,0,0.0,0.9998243376426006,32,0.00487601926698513,275.557892766679,0.7418476526922676,32,0.004875940911716864,215.6949715271556,0.25797668495033294,229,0.0005370610553284551,447.7020057643031,32,0.08448740732266871,1.7726594236597567e-07,0.6573602453695989,0.25797650768439057,target1,target1
196_unimodal_L51_x7_a50_30_gp0p0_b0p03,unimodal,51,2,0.6666666666666666,0.0,0.03,7,50,30,12,30,2500,4.1177593545623054e-05,0.0,1.9992688060632702e-16,0.0,32,,,0.0,1.0,0,0.0,0.9999588224064546,32,0.005338200901869093,236.01429344662742,0.6759424654689073,32,0.004875702883741501,182.14307819000277,0.3240163569375475,185,0.000695304813108375,348.39702128955423,32,0.08448661706616392,0.009436742749301778,0.5914558484027435,0.31457961418824565,target1,target1
197_shoulder_L51_x7_a50_30_gp0p3_b0p00,shoulder,51,2,0.6666666666666666,0.3,0.0,7,50,30,,,783,9.666460171884657e-11,0.0,2.7842311789427754e-16,0.0,22,93,29,0.016114824813915855,0.015129009478698024,71,75.62640260084558,0.9999999999033385,93,0.011054121069339931,113.90460956597673,0.007067034622570278,22,0.0001781352245042292,39.99985067535462,0.9929329652807682,93,0.011042082114108497,114.43061434989991,29,0.0029450519737423482,1.004790295345962e-05,0.0041219826488279295,0.9929229173778146,target1,target2
198_double_peak_L51_x7_a50_30_gp0p3_b0p03,double_peak,51,2,0.6666666666666666,0.3,0.03,7,50,30,12,30,770,9.980309151304651e-11,0.0,2.1152784385192192e-16,0.0,19,92,34,0.11569452287864357,0.09152655625318752,73,92.27595264021363,0.9999999999001999,92,0.01072802757161019,109.65152086651516,0.007051909255807928,22,0.0001781351658566111,39.85978925293207,0.9929480906443919,92,0.01071563654156342,110.14718117623515,34,0.0036877698815013563,0.02538361163879172,0.0033641393743065726,0.9675644790056,target2,target2
199_shoulder_L51_x7_a50_30_gp0p6_b0p00,shoulder,51,2,0.6666666666666666,0.6,0.0,7,50,30,,,233,8.918578897306542e-11,0.0,2.220446049250313e-16,0.0,15,52,22,3.0031855692431026e-05,1.963248753899807e-05,37,56.59897445052224,0.9999999999108158,52,0.031946058091386544,57.498817427526305,1.5258789062499724e-05,15,9.593994065425393e-07,19.999999999997293,0.9999847411217532,52,0.03194604889542621,57.49938962280259,22,1.0652244038883093e-05,0.0,4.606545023616627e-06,0.9999847411217533,target1,target2
200_double_peak_L51_x7_a50_30_gp0p6_b0p03,double_peak,51,2,0.6666666666666666,0.6,0.03,7,50,30,12,30,232,9.144046981851088e-11,0.0,2.504507018441515e-16,0.0,11,52,26,0.05241324927491506,0.014183969528694869,41,151.50506463822413,0.9999999999085613,52,0.031265297034886744,56.40127322673168,1.5258425625089349e-05,15,9.593994065425393e-07,19.999307720102486,0.9999847414829361,52,0.031265287848857605,56.40182867189024,26,1.2567290893809054e-05,0.02184214871454395,2.691134731280295e-06,0.9781425927683922,target2,target2
201_shoulder_L51_x13_a25_26_gm0p6_b0p00,shoulder,51,2,0.6666666666666666,-0.6,0.0,13,25,26,,,292,9.387664899128985e-11,0.0,2.654126918244515e-16,0.0,25,90,38,1.1763264742301014e-07,5.4229348877334393e-08,65,140.9960149031297,0.9999999999061263,90,0.024102352994954064,94.99999253018501,5.960464477539066e-08,25,2.835223591920364e-09,30.000000000000004,0.9999999403014815,90,0.024102352993736417,94.99999640448671,38,4.9381373397000114e-08,4.2262157245935727e-11,1.0223271378390565e-08,0.9999999402592193,target1,target2
202_shoulder_L51_x13_a25_26_gm0p6_b0p03,shoulder,51,2,0.6666666666666666,-0.6,0.03,13,25,26,18,26,292,9.314027905202543e-11,0.0,2.2538678517665996e-16,0.0,11,90,40,6.63709774189553e-05,2.426315612166078e-06,79,2161.0161472012865,0.9999999999068625,90,0.02410225000528598,94.9974323652779,5.8150959518744575e-08,25,2.7799377473095098e-09,29.898432138481528,0.9999999417559028,90,0.024102250004165427,94.99743615084749,40,5.044433613142683e-08,2.347757121212077e-05,7.706623387317736e-09,0.9999764641846908,target2,target2
203_shoulder_L51_x13_a25_26_gm0p3_b0p00,shoulder,51,2,0.6666666666666666,-0.3,0.0,13,25,26,,,944,9.861175515791014e-11,0.0,3.4752067759949434e-16,0.0,40,167,56,0.0013048518482086846,0.001112917792459478,127,148.9024489008129,0.9999999999013934,167,0.008063158060149808,189.85147605106212,0.0005940954858475747,40,1.0521225333783626e-05,59.99999997688246,0.9994059044155459,167,0.008062968580093382,189.9286660850868,56,0.00032782012975552576,1.2794946230508701e-06,0.00026627535609204876,0.9994046249209229,target1,target2
204_shoulder_L51_x13_a25_26_gm0p3_b0p03,shoulder,51,2,0.6666666666666666,-0.3,0.03,13,25,26,18,26,942,9.749077187586279e-11,0.0,3.2699537522162814e-16,0.0,22,167,60,0.006360667680700256,0.002966060829556941,145,310.95006700833795,0.9999999999025145,167,0.008057386172877457,189.40081752178705,0.0005661590605877839,40,1.018921923831258e-05,59.260051341968314,0.9994338408419269,167,0.008057219266856064,189.47453963416064,60,0.00034828238406663667,0.0017495828820491516,0.00021787667652114725,0.9976842579598776,target2,target2
205_unimodal_L51_x13_a25_26_gp0p0_b0p00,unimodal,51,2,0.6666666666666666,0.0,0.0,13,25,26,,,2500,0.0324286340187024,0.0,3.7795287732844685e-16,0.0,72,,,0.0,1.0,0,0.0,0.9675713659812984,72,0.0021526675133437504,597.658756403621,0.7437850820992268,72,0.0021526631568008756,468.4379150817745,0.22378628388207178,610,0.00019115494826468264,1027.142335129782,72,0.0838034384253245,1.9268016579771903e-08,0.6599816436739023,0.22378626461405518,target1,target1
206_unimodal_L51_x13_a25_26_gp0p0_b0p03,unimodal,51,2,0.6666666666666666,0.0,0.03,13,25,26,18,26,2500,0.026095438308650333,0.0,2.736526283353413e-16,0.0,66,,,0.0,1.0,0,0.0,0.9739045616913506,66,0.0024441737562512053,553.2345439324165,0.632818315867926,69,0.0020340517630910043,434.52835572278786,0.34108624582342456,35,0.0004635250598737744,773.4704843309237,66,0.0682808083771821,0.024557094380096192,0.5645375074907439,0.3165291514433284,target1,target1
207_unimodal_L51_x13_a25_26_gp0p3_b0p00,unimodal,51,2,0.6666666666666666,0.3,0.0,13,25,26,,,703,9.929155644712791e-11,0.0,2.411265631607762e-16,0.0,40,,,0.0,1.0,0,0.0,0.99999999990071,40,0.017709653723649726,59.99999991790719,0.9999999998399497,40,0.017709653723649726,59.99999991001268,6.076030536600522e-11,167,4.901997668081478e-13,189.92854572996077,40,0.29035629819439546,9.603556148452549e-23,0.7096437016455542,6.076030536590918e-11,target1,target1
208_unimodal_L51_x13_a25_26_gp0p3_b0p03,unimodal,51,2,0.6666666666666666,0.3,0.03,13,25,26,18,26,697,9.67468040906395e-11,0.0,2.929514270055833e-16,0.0,40,,,0.0,1.0,0,0.0,0.9999999999032547,40,0.01779215973766156,58.354178823426764,0.9529765399404369,40,0.017150810737362427,59.260051275727065,0.04702345996281787,18,0.0010713830010503377,39.99578503651467,40,0.28353912308995827,0.029384251196022202,0.6694374168504786,0.017639208766795665,target1,target1
209_unimodal_L51_x13_a25_26_gp0p6_b0p00,unimodal,51,2,0.6666666666666666,0.6,0.0,13,25,26,,,186,9.105958425757956e-11,0.0,2.220446049250313e-16,0.0,25,,,0.0,1.0,0,0.0,0.9999999999089414,25,0.0475671586099438,29.999999985131474,0.9999999999089414,25,0.0475671586099438,29.999999985131474,1.3233817885450108e-23,90,3.1899198581325103e-25,94.99192274927763,25,0.3704934975712359,0.0,0.6295065023377054,1.3233817885450108e-23,target1,target1
210_unimodal_L51_x13_a25_26_gp0p6_b0p03,unimodal,51,2,0.6666666666666666,0.6,0.03,13,25,26,18,26,185,9.021054132749805e-11,0.0,3.349100510807723e-16,0.0,25,,,0.0,1.0,0,0.0,0.9999999999097902,25,0.04708605584061333,29.573196133255767,0.9756112083631842,25,0.046639616053165064,29.898432123495702,0.02438879154660622,11,0.0016380824482271756,16.562962443126914,25,0.36505333039849763,0.021377576373896985,0.6105578779646865,0.0030112151727092395,target1,target1
211_unimodal_L51_x13_a49_25_gm0p6_b0p00,unimodal,51,2,0.6666666666666666,-0.6,0.0,13,49,25,,,199,9.55552054740108e-11,0.0,2.220446049250313e-16,0.0,32,,,0.0,1.0,0,0.0,0.999999999904446,32,0.041225003193155633,37.49999596055336,0.9999999402998013,32,0.04122500106240666,37.499996407587986,5.960464471908839e-08,25,2.835223591920364e-09,29.999999927811032,32,0.36720146605220105,3.9707781931546705e-08,0.6327984742476003,1.989686278754168e-08,target1,target1
212_shoulder_L51_x13_a49_25_gm0p6_b0p03,shoulder,51,2,0.6666666666666666,-0.6,0.03,13,49,25,18,25,199,9.279954529885231e-11,0.0,2.636779683484747e-16,0.0,11,32,14,3.880371976901166e-05,3.509083023027036e-05,21,23.22196738583596,0.9999999999072015,32,0.041225168627373465,37.49880520018264,0.9999761245770195,32,0.04122499835521172,37.49930428678828,2.3875330182153226e-05,11,1.5996898908468511e-06,16.5954423589204,14,0.0,1.1575432832788293e-05,0.9999761245770192,1.2299897349364935e-05,target2,target1
213_unimodal_L51_x13_a49_25_gm0p3_b0p00,unimodal,51,2,0.6666666666666666,-0.3,0.0,13,49,25,,,705,9.815641834237396e-11,0.0,2.680147770384167e-16,0.0,54,,,0.0,1.0,0,0.0,0.9999999999018456,54,0.014908495169488518,74.91980447926406,0.9994059594864195,55,0.014899754329967034,74.92868097576665,0.000594040415426164,40,1.0521225333783626e-05,59.986100856253785,54,0.30984620564109444,0.0003106358598706472,0.689559753845325,0.00028340455555551686,target1,target1
214_unimodal_L51_x13_a49_25_gm0p3_b0p03,unimodal,51,2,0.6666666666666666,-0.3,0.03,13,49,25,18,25,699,9.749916597984217e-11,0.0,2.220446049250313e-16,0.0,54,,,0.0,1.0,0,0.0,0.999999999902503,54,0.014924770233856544,74.7107381824927,0.9973055197052599,54,0.014898363848743634,74.79363200085002,0.0026944801972429763,22,5.125035582074277e-05,44.029324126531364,54,0.3098391030516315,0.0019492752319834998,0.6874664166536285,0.0007452049652594758,target1,target1
215_unimodal_L51_x13_a49_25_gp0p0_b0p00,unimodal,51,2,0.6666666666666666,0.0,0.0,13,49,25,,,2500,1.5576398492357725e-05,0.0,2.8622937353617317e-16,0.0,87,,,0.0,1.0,0,0.0,0.9999844236015075,87,0.0033999038803372876,269.96180857449826,0.4444366562451982,112,0.0013745810280176782,292.4574288471494,0.5555477673563093,72,0.0021526630458468697,251.9653754293957,87,0.04906736690652778,0.1157601850557053,0.39536928933867044,0.439787582300604,target2,target2
216_unimodal_L51_x13_a49_25_gp0p0_b0p03,unimodal,51,2,0.6666666666666666,0.0,0.03,13,49,25,18,25,2500,6.254761316083812e-06,0.0,2.658463726934457e-16,0.0,82,,,0.0,1.0,0,0.0,0.9999937452386843,82,0.003631101119241667,248.78271144267106,0.41826617652505854,111,0.0013682840539065626,276.42512376755514,0.5817275687136259,66,0.0024441725477271936,228.90762431447249,82,0.04260554218795441,0.13147148051865465,0.3756606343371041,0.45025608819497115,target2,target2
217_unimodal_L51_x13_a49_25_gp0p3_b0p00,unimodal,51,2,0.6666666666666666,0.3,0.0,13,49,25,,,679,9.796438519980698e-11,0.0,2.3375398838787476e-16,0.0,40,,,0.0,1.0,0,0.0,0.9999999999020371,40,0.017710720302031534,59.98748594035443,9.269626816999028e-05,55,1.3819725709402948e-06,74.92868088354838,0.9999073036338672,40,0.017709653723649726,59.98610081894547,40,1.0692909496672734e-05,0.29035629819439546,8.200335867331754e-05,0.7095510054394717,target2,target2
218_unimodal_L51_x13_a49_25_gp0p3_b0p03,unimodal,51,2,0.6666666666666666,0.3,0.03,13,49,25,18,25,670,9.826376794378253e-11,0.0,2.3830763751231387e-16,0.0,40,,,0.0,1.0,0,0.0,0.9999999999017378,40,0.017793226311394073,58.341843385512156,9.250144950780118e-05,54,1.3818436019070752e-06,74.79363189152343,0.9999074984522298,40,0.01779215973766132,58.34032143044517,40,1.069289603904812e-05,0.3129233742859801,8.180855346875305e-05,0.6869841241662498,target2,target2
219_unimodal_L51_x13_a49_25_gp0p6_b0p00,unimodal,51,2,0.6666666666666666,0.6,0.0,13,49,25,,,186,9.071491412140585e-11,0.0,2.220446049250313e-16,0.0,25,,,0.0,1.0,0,0.0,0.9999999999092861,25,0.047567158634505356,29.999999922324143,9.313225185075113e-10,32,3.839377412796641e-11,37.49999632385243,0.9999999989779634,25,0.0475671586099438,29.99999991533923,25,1.0063109771727147e-10,0.3704934975712359,8.306914207902397e-10,0.6295065014067276,target2,target2
220_unimodal_L51_x13_a49_25_gp0p6_b0p03,unimodal,51,2,0.6666666666666666,0.6,0.03,13,49,25,18,25,185,8.984275222685306e-11,0.0,3.349100510807723e-16,0.0,25,,,0.0,1.0,0,0.0,0.9999999999101581,25,0.047086055865174885,29.57319607085102,9.313003383074309e-10,32,3.8393771606694646e-11,37.49930419039012,0.9999999989788579,25,0.04708605584061333,29.573196063469435,25,1.0063109771727147e-10,0.38643090677239456,8.306692405901595e-10,0.6135690922064632,target2,target2
221_shoulder_L51_x13_a17_34_gm0p6_b0p00,shoulder,51,2,0.6666666666666666,-0.6,0.0,13,17,34,,,259,9.575614550829387e-11,0.0,2.858431265122252e-16,0.0,6,70,32,0.016076610031253154,0.0001880495077359523,64,5471.447675603198,0.9999999999042458,70,0.027435166432590655,74.66796873161984,0.003906250000000001,6,0.0004410644718792867,10.000000000000002,0.9960937499042458,70,0.027435158391879842,74.92156860902313,32,0.0038809466600513826,4.1834717819350475e-07,2.5303339948618495e-05,0.9960933315570677,target1,target2
222_shoulder_L51_x13_a17_34_gm0p6_b0p03,shoulder,51,2,0.6666666666666666,-0.6,0.03,13,17,34,18,34,259,9.575614550829387e-11,0.0,2.858431265122252e-16,0.0,6,70,32,0.016076610031253154,0.0001880495077359523,64,5471.447675603198,0.9999999999042458,70,0.027435166432590655,74.66796873161984,0.003906250000000001,6,0.0004410644718792867,10.000000000000002,0.9960937499042458,70,0.027435158391879842,74.92156860902313,32,0.0038809466600513826,4.1834717819350475e-07,2.5303339948618495e-05,0.9960933315570677,target1,target2
223_double_peak_L51_x13_a17_34_gm0p3_b0p00,double_peak,51,2,0.6666666666666666,-0.3,0.0,13,17,34,,,834,9.786616744996279e-11,0.0,2.877472565776529e-16,0.0,7,126,51,0.5157299503776324,0.03473905200495561,119,1766.6533930224523,0.9999999999021376,126,0.008906615407033702,135.7088337656494,0.08406568331224293,7,0.004593408321902147,19.99999766501719,0.9159343165898947,126,0.0088994186143216,146.32874634658532,51,0.0792181173289682,0.0002147622194979171,0.004847565983274751,0.9157195543703969,target1,target2
224_double_peak_L51_x13_a17_34_gm0p3_b0p03,double_peak,51,2,0.6666666666666666,-0.3,0.03,13,17,34,18,34,834,9.786616744996279e-11,0.0,2.877472565776529e-16,0.0,7,126,51,0.5157299503776324,0.03473905200495561,119,1766.6533930224523,0.9999999999021376,126,0.008906615407033702,135.7088337656494,0.08406568331224293,7,0.004593408321902147,19.99999766501719,0.9159343165898947,126,0.0088994186143216,146.32874634658532,51,0.0792181173289682,0.0002147622194979171,0.004847565983274751,0.9157195543703969,target1,target2
225_unimodal_L51_x13_a17_34_gp0p0_b0p00,unimodal,51,2,0.6666666666666666,0.0,0.0,13,17,34,,,2500,0.0003717866341221662,0.0,3.2439329000766293e-16,0.0,8,,,0.0,1.0,0,0.0,0.9996282133658779,8,0.02027130010669105,179.00635351717347,0.8821670478593234,8,0.02027130010669105,127.42606677148027,0.11746116550655447,310,0.00020144009923773155,566.389103296261,8,0.08840115836000609,0.0,0.7937658894993174,0.11746116550655449,target1,target1
226_unimodal_L51_x13_a17_34_gp0p0_b0p03,unimodal,51,2,0.6666666666666666,0.0,0.03,13,17,34,18,34,2500,0.0003717866341221662,0.0,3.2439329000766293e-16,0.0,8,,,0.0,1.0,0,0.0,0.9996282133658779,8,0.02027130010669105,179.00635351717347,0.8821670478593234,8,0.02027130010669105,127.42606677148027,0.11746116550655447,310,0.00020144009923773155,566.389103296261,8,0.08840115836000609,0.0,0.7937658894993174,0.11746116550655449,target1,target1
227_unimodal_L51_x13_a17_34_gp0p3_b0p00,unimodal,51,2,0.6666666666666666,0.3,0.0,13,17,34,,,598,9.749567789144783e-11,0.0,1.5959455978986625e-16,0.0,7,,,0.0,1.0,0,0.0,0.9999999999025048,7,0.05464070598994058,19.99999860120659,0.999999992022893,7,0.05464070598994058,19.9999976057863,7.87961181874909e-09,126,7.656006032822043e-11,146.3285922131727,7,0.1903544288980339,0.0,0.809645563124859,7.879611818749091e-09,target1,target1
228_unimodal_L51_x13_a17_34_gp0p3_b0p03,unimodal,51,2,0.6666666666666666,0.3,0.03,13,17,34,18,34,598,9.749567789144783e-11,0.0,1.5959455978986625e-16,0.0,7,,,0.0,1.0,0,0.0,0.9999999999025048,7,0.05464070598994058,19.99999860120659,0.999999992022893,7,0.05464070598994058,19.9999976057863,7.87961181874909e-09,126,7.656006032822043e-11,146.3285922131727,7,0.1903544288980339,0.0,0.809645563124859,7.879611818749091e-09,target1,target1
229_unimodal_L51_x13_a17_34_gp0p6_b0p00,unimodal,51,2,0.6666666666666666,0.6,0.0,13,17,34,,,146,8.6484327445639e-11,0.0,2.498001805406602e-16,0.0,6,,,0.0,1.0,0,0.0,0.999999999913516,6,0.1129125048010974,9.99999998762484,0.999999999913516,6,0.1129125048010974,9.99999998762484,8.636520180133167e-19,70,2.3796206664768035e-20,74.89194370650756,6,0.30169933607681754,0.0,0.6983006638366984,8.636520180133168e-19,target1,target1
230_unimodal_L51_x13_a17_34_gp0p6_b0p03,unimodal,51,2,0.6666666666666666,0.6,0.03,13,17,34,18,34,146,8.6484327445639e-11,0.0,2.498001805406602e-16,0.0,6,,,0.0,1.0,0,0.0,0.999999999913516,6,0.1129125048010974,9.99999998762484,0.999999999913516,6,0.1129125048010974,9.99999998762484,8.636520180133167e-19,70,2.3796206664768035e-20,74.89194370650756,6,0.30169933607681754,0.0,0.6983006638366984,8.636520180133168e-19,target1,target1
231_unimodal_L51_x13_a50_30_gm0p6_b0p00,unimodal,51,2,0.6666666666666666,-0.6,0.0,13,50,30,,,195,9.1219065626796e-11,0.0,2.220446049250313e-16,0.0,30,,,0.0,1.0,0,0.0,0.9999999999087821,30,0.04308976779806822,34.99999998022522,0.9999999998505744,30,0.0430897677965086,34.99999997978865,5.8207660661179356e-11,37,2.2228654966647008e-12,42.49999964184753,30,0.3828227418661797,7.694134629407397e-12,0.6171772579843946,5.0513526031771964e-11,target1,target1
232_shoulder_L51_x13_a50_30_gm0p6_b0p03,shoulder,51,2,0.6666666666666666,-0.6,0.03,13,50,30,18,30,195,8.819382075351831e-11,0.0,1.8041124150158794e-16,0.0,11,30,13,3.71243987532694e-05,3.552572994166278e-05,19,19.855005863930298,0.9999999999118072,30,0.043089987840031284,34.99886859752897,0.9999761812589322,30,0.04308976573213791,34.99930767555845,2.381865287509048e-05,11,1.5996898908468511e-06,16.565098497478257,13,0.0,1.0128649908504814e-05,0.9999761812589321,1.3690002966585664e-05,target2,target1
233_unimodal_L51_x13_a50_30_gm0p3_b0p00,unimodal,51,2,0.6666666666666666,-0.3,0.0,13,50,30,,,711,9.803205136016851e-11,0.0,2.220446049250313e-16,0.0,50,,,0.0,1.0,0,0.0,0.9999999999019699,50,0.015698017216528137,69.99583232902553,0.9999731121261707,50,0.015697712746970554,69.99542953798468,2.688777579925885e-05,64,3.657258697673832e-07,84.9758817636067,50,0.3150488755147438,3.9195029100729915e-06,0.684924236611427,2.2968272889185855e-05,target1,target1
234_unimodal_L51_x13_a50_30_gm0p3_b0p03,unimodal,51,2,0.6666666666666666,-0.3,0.03,13,50,30,18,30,702,9.815159290659492e-11,0.0,2.220446049250313e-16,0.0,50,,,0.0,1.0,0,0.0,0.9999999999018504,50,0.015717655600002236,69.79140633198713,0.9978204513256445,50,0.015696623383940487,69.85365903642966,0.0021795485762061474,18,4.8497472165355425e-05,41.29145807608686,50,0.3150432135191293,0.0015769982991598274,0.6827772378065149,0.0006025502770463197,target1,target1
235_unimodal_L51_x13_a50_30_gp0p0_b0p00,unimodal,51,2,0.6666666666666666,0.0,0.0,13,50,30,,,2500,0.0002395673344514072,0.0,2.220446049250313e-16,0.0,116,,,0.0,1.0,0,0.0,0.9997604326655488,116,0.002575865466142561,356.41642770691413,0.5482673131069679,98,0.0015793347042655688,335.46334261756687,0.45149311955858107,144,0.0010694862265588014,381.860650809294,116,0.11186018676310103,0.05338021359796821,0.43640712634386675,0.3981129059606129,target1,target1
236_unimodal_L51_x13_a50_30_gp0p0_b0p03,unimodal,51,2,0.6666666666666666,0.0,0.03,13,50,30,18,30,2500,6.39047519380268e-05,0.0,2.2502616089936645e-16,0.0,108,,,0.0,1.0,0,0.0,0.9999360952480623,108,0.0028544563084645777,311.2921688180803,0.49679904922800255,97,0.001574025908579007,300.3420097464901,0.5031370460200597,125,0.001313954587234784,322.1043891836714,108,0.09924582983994577,0.08416297827056689,0.39755321938805677,0.4189740677494929,target1,target2
237_unimodal_L51_x13_a50_30_gp0p3_b0p00,unimodal,51,2,0.6666666666666666,0.3,0.0,13,50,30,,,738,9.752558725585879e-11,0.0,2.220446049250313e-16,0.0,64,,,0.0,1.0,0,0.0,0.999999999902477,64,0.013601930426266432,84.97330150803697,0.00017224790583297836,50,2.7039708508995903e-06,69.99542957681805,0.999827751996644,64,0.013599595477570696,84.97588185957136,64,9.000698393574856e-05,0.32696423182595896,8.224092189722976e-05,0.6728635201706848,target2,target2
238_unimodal_L51_x13_a50_30_gp0p3_b0p03,unimodal,51,2,0.6666666666666666,0.3,0.03,13,50,30,18,30,726,9.733293965470854e-11,0.0,1.951563910473908e-16,0.0,63,,,0.0,1.0,0,0.0,0.9999999999026694,63,0.013402569561973486,82.11832355782957,0.0001718771045474589,50,2.703783205353592e-06,69.85365907241945,0.999828122798122,63,0.013400194093463024,82.12043193523155,63,8.766446878189861e-05,0.3443005101997498,8.421263576556029e-05,0.6555276125983722,target2,target2
239_unimodal_L51_x13_a50_30_gp0p6_b0p00,unimodal,51,2,0.6666666666666666,0.6,0.0,13,50,30,,,208,9.24626598052642e-11,0.0,2.220446049250313e-16,0.0,37,,,0.0,1.0,0,0.0,0.9999999999075386,37,0.03818853857193064,42.4999996953034,3.7252902981945945e-09,30,1.605218939353101e-10,34.99999999260862,0.9999999961822482,37,0.03818853844632675,42.499999723243086,37,2.440420188467156e-09,0.3771160541986597,1.2848701097274382e-09,0.6228839419835885,target2,target2
240_local_bump_L51_x13_a50_30_gp0p6_b0p03,local_bump,51,2,0.6666666666666666,0.6,0.03,13,50,30,18,30,207,9.301181823178611e-11,0.0,3.349100510807723e-16,0.0,11,37,18,0.04369746981917578,0.031178375072285682,26,36.43981486092503,0.9999999999069894,37,0.03748689466474178,41.768292423445,3.7252015670092103e-09,30,1.6052188624492998e-10,34.999307687607995,0.9999999961817878,37,0.03748689453913813,41.76829244866082,18,5.017844023489979e-11,0.016838760894275193,3.6750231267743096e-09,0.9831612352875128,target2,target2
