case,phase,sep_peaks,peak2_dominant_gate_family,peak2_dominant_rollback_class,rollback_total,peak2_L0R1_plus_L1R1,x_gate_scan_P_min,x_gate_scan_P_max,x_gate_scan_Q_min,x_gate_scan_Q_max,x_gate_scan_rollback_min,x_gate_scan_rollback_max
sym_shared,2,1.528169014084507,N,L0R1,0.8921338401382382,0.9976205177089292,0.0016453062161029906,0.0864803306839463,0.029489774738227628,0.1143247992060709,0.27472078477651735,0.7699628363247327
tb_asym_balanced,2,1.6888315041962556,N,L0R1,0.8910327204544815,0.998178837231636,0.001008666256994182,0.0542334946674279,0.018377921795539834,0.07160275020597348,0.28044119567610976,0.7680281742672428
dir_asym_easy_out_balanced,2,1.6143386897404202,N,L0R1,0.8933985051976591,0.9986713837616252,0.0014829161406444144,0.07985708013632428,0.013108647953980831,0.09148281194966071,0.27804349659065275,0.7720900250194823
dir_asym_easy_in_balanced,2,1.7374005305039788,N,L0R1,0.8885434156555451,0.9975705085687316,0.0005375166507945856,0.027903714764260523,0.025045628315191543,0.05241182642865744,0.2824301373642207,0.7637901025134811
