{
  "meta": {
    "Lx": 60,
    "q": 0.8,
    "Wy_ref": 12,
    "scan_t_max": 5000,
    "scan_surv_tol": 1e-10,
    "start_x": 7,
    "target_x": 58,
    "corridor_halfwidth": 1,
    "wall_margin": 5,
    "delta_core": 0.95,
    "delta_open": 0.6
  },
  "bx_values": [
    -0.12,
    -0.08,
    -0.04,
    0.0,
    0.08
  ],
  "by_values": [
    -0.08,
    -0.04,
    0.0,
    0.04,
    0.08
  ],
  "phase_grid": [
    [
      1,
      1,
      2,
      0,
      0
    ],
    [
      1,
      2,
      2,
      0,
      0
    ],
    [
      1,
      2,
      0,
      0,
      0
    ],
    [
      1,
      2,
      0,
      0,
      0
    ],
    [
      1,
      1,
      0,
      0,
      0
    ]
  ],
  "sep_grid": [
    [
      0.5991688704193426,
      0.8059870093194013,
      1.2012113055181697,
      0.0,
      0.0
    ],
    [
      0.5581395348837209,
      1.1064346418454067,
      1.6621280887544125,
      0.0,
      0.0
    ],
    [
      0.5486526946107785,
      1.2103849597135183,
      0.0,
      0.0,
      0.0
    ],
    [
      0.5710521362695276,
      1.0047084389713872,
      0.0,
      0.0,
      0.0
    ],
    [
      0.6270126917976889,
      0.7223177019396022,
      0.0,
      0.0,
      0.0
    ]
  ],
  "valley_grid": [
    [
      0.23427446318644393,
      0.07932826029100598,
      0.033331377977348774,
      1.0,
      1.0
    ],
    [
      0.2867346438594045,
      0.08814499549677654,
      0.030934031588428095,
      1.0,
      1.0
    ],
    [
      0.29654162098174547,
      0.08778272310254148,
      1.0,
      1.0,
      1.0
    ],
    [
      0.26160712756002946,
      0.08262311471629362,
      1.0,
      1.0,
      1.0
    ],
    [
      0.18441661330785059,
      0.0628338873638972,
      1.0,
      1.0,
      1.0
    ]
  ]
}