{
  "params": {
    "N": 160,
    "K": 2,
    "n0": 0,
    "target": 80,
    "sc_src": 5,
    "sc_dst": 81,
    "mode": "lazy_selfloop",
    "q": 0.6666666667,
    "beta": 0.01,
    "rho": 1.0,
    "jumpover_absorbs": false,
    "n0_paper": 1,
    "target_paper": 81,
    "sc_src_paper": 6,
    "sc_dst_paper": 82,
    "p_shortcut": 0.0033333333330000004
  },
  "paper_peaks": [
    [
      53,
      0.00013220486354197637
    ],
    [
      2698,
      0.00011097396222833685
    ]
  ],
  "peaks_valley": {
    "t1": 53,
    "tv": 731,
    "t2": 2698,
    "delta": 132
  },
  "exact_meta": {
    "method": "aw",
    "r": 0.9977000638225533,
    "L": 8192,
    "max_steps": 4000,
    "x_nnz": 2
  },
  "cond_by_time": {
    "max_t": 4000,
    "min_n": 50,
    "smooth_window": 21
  },
  "summaries": [
    {
      "window": "peak1",
      "n": 4031,
      "frac": 0.020155,
      "P_sc_ge1": 1.0,
      "P_jo_ge1": 0.0,
      "P_sc_ge1_ci95": [
        0.9990478932308026,
        1.0
      ],
      "P_jo_ge1_ci95": [
        0.0,
        0.0009521067691975815
      ],
      "C0": 0.0,
      "C1": 1.0,
      "C2p": 0.0,
      "J0": 1.0,
      "J1": 0.0,
      "J2p": 0.0,
      "class_C0J0": 0.0,
      "class_C1pJ0": 1.0,
      "class_C0J1p": 0.0,
      "class_C1pJ1p": 0.0,
      "class_D_taujo_lt_tausc": null,
      "class_D_tausc_lt_taujo": null,
      "class_D_tie": null
    },
    {
      "window": "valley",
      "n": 3113,
      "frac": 0.015565,
      "P_sc_ge1": 0.904914873112753,
      "P_jo_ge1": 0.0,
      "P_sc_ge1_ci95": [
        0.8941055758822971,
        0.914726031088041
      ],
      "P_jo_ge1_ci95": [
        1.0842021724855044e-19,
        0.0012325297506296114
      ],
      "C0": 0.09508512688724703,
      "C1": 0.904914873112753,
      "C2p": 0.0,
      "J0": 1.0,
      "J1": 0.0,
      "J2p": 0.0,
      "class_C0J0": 0.09508512688724703,
      "class_C1pJ0": 0.904914873112753,
      "class_C0J1p": 0.0,
      "class_C1pJ1p": 0.0,
      "class_D_taujo_lt_tausc": null,
      "class_D_tausc_lt_taujo": null,
      "class_D_tie": null
    },
    {
      "window": "peak2",
      "n": 5836,
      "frac": 0.02918,
      "P_sc_ge1": 0.22549691569568198,
      "P_jo_ge1": 0.0,
      "P_sc_ge1_ci95": [
        0.21495738600049913,
        0.23639759595654575
      ],
      "P_jo_ge1_ci95": [
        0.0,
        0.0006578260615835882
      ],
      "C0": 0.774503084304318,
      "C1": 0.22532556545579163,
      "C2p": 0.00017135023989033586,
      "J0": 1.0,
      "J1": 0.0,
      "J2p": 0.0,
      "class_C0J0": 0.774503084304318,
      "class_C1pJ0": 0.22549691569568198,
      "class_C0J1p": 0.0,
      "class_C1pJ1p": 0.0,
      "class_D_taujo_lt_tausc": null,
      "class_D_tausc_lt_taujo": null,
      "class_D_tie": null
    },
    {
      "window": "other",
      "n": 187020,
      "frac": 0.9351,
      "P_sc_ge1": 0.24381349588279327,
      "P_jo_ge1": 0.0,
      "P_sc_ge1_ci95": [
        0.24187271480941833,
        0.24576480145471127
      ],
      "P_jo_ge1_ci95": [
        0.0,
        2.0540696668055177e-05
      ],
      "C0": 0.7561865041172067,
      "C1": 0.2428510319751898,
      "C2p": 0.0009624639076034649,
      "J0": 1.0,
      "J1": 0.0,
      "J2p": 0.0,
      "class_C0J0": 0.7561865041172067,
      "class_C1pJ0": 0.24381349588279327,
      "class_C0J1p": 0.0,
      "class_C1pJ1p": 0.0,
      "class_D_taujo_lt_tausc": null,
      "class_D_tausc_lt_taujo": null,
      "class_D_tie": null
    }
  ]
}