{
  "params": {
    "N": 300,
    "K": 4,
    "n0": 0,
    "target": 150,
    "sc_src": 5,
    "sc_dst": 151,
    "mode": "lazy_selfloop",
    "q": 0.6666666667,
    "beta": 0.01,
    "rho": 1.0,
    "jumpover_absorbs": false,
    "n0_paper": 1,
    "target_paper": 151,
    "sc_src_paper": 6,
    "sc_dst_paper": 152,
    "p_shortcut": 0.0033333333330000004
  },
  "paper_peaks": [
    [
      32,
      0.0001103796538449099
    ],
    [
      3984,
      7.536012040658776e-05
    ]
  ],
  "peaks_valley": {
    "t1": 32,
    "tv": 986,
    "t2": 3984,
    "delta": 197
  },
  "exact_meta": {
    "method": "aw",
    "r": 0.9977000638225533,
    "L": 8192,
    "max_steps": 4000,
    "x_nnz": 2
  },
  "cond_by_time": {
    "max_t": 4000,
    "min_n": 50,
    "smooth_window": 21
  },
  "summaries": [
    {
      "window": "peak1",
      "n": 3608,
      "frac": 0.01804,
      "P_sc_ge1": 1.0,
      "P_jo_ge1": 0.3597560975609756,
      "P_sc_ge1_ci95": [
        0.9989363874650539,
        1.0
      ],
      "P_jo_ge1_ci95": [
        0.34425259912399786,
        0.375557926343121
      ],
      "C0": 0.0,
      "C1": 1.0,
      "C2p": 0.0,
      "J0": 0.6402439024390244,
      "J1": 0.23752771618625276,
      "J2p": 0.12222838137472283,
      "class_C0J0": 0.0,
      "class_C1pJ0": 0.6402439024390244,
      "class_C0J1p": 0.0,
      "class_C1pJ1p": 0.3597560975609756,
      "class_D_taujo_lt_tausc": 0.0,
      "class_D_tausc_lt_taujo": 1.0,
      "class_D_tie": 0.0
    },
    {
      "window": "valley",
      "n": 2600,
      "frac": 0.013,
      "P_sc_ge1": 0.8996153846153846,
      "P_jo_ge1": 0.35384615384615387,
      "P_sc_ge1_ci95": [
        0.8874679710919324,
        0.9105836461800245
      ],
      "P_jo_ge1_ci95": [
        0.33569411917084013,
        0.3724294471782036
      ],
      "C0": 0.10038461538461538,
      "C1": 0.8996153846153846,
      "C2p": 0.0,
      "J0": 0.6461538461538462,
      "J1": 0.21384615384615385,
      "J2p": 0.14,
      "class_C0J0": 0.075,
      "class_C1pJ0": 0.5711538461538461,
      "class_C0J1p": 0.025384615384615384,
      "class_C1pJ1p": 0.32846153846153847,
      "class_D_taujo_lt_tausc": 0.0,
      "class_D_tausc_lt_taujo": 1.0,
      "class_D_tie": 0.0
    },
    {
      "window": "peak2",
      "n": 5978,
      "frac": 0.02989,
      "P_sc_ge1": 0.18116426898628304,
      "P_jo_ge1": 0.28755436600869855,
      "P_sc_ge1_ci95": [
        0.17160635369116453,
        0.19113170343157845
      ],
      "P_jo_ge1_ci95": [
        0.2762196976248074,
        0.29916190392077674
      ],
      "C0": 0.818835731013717,
      "C1": 0.18116426898628304,
      "C2p": 0.0,
      "J0": 0.7124456339913015,
      "J1": 0.1758113081298093,
      "J2p": 0.11174305787888926,
      "class_C0J0": 0.5978588156574105,
      "class_C1pJ0": 0.11458681833389094,
      "class_C0J1p": 0.22097691535630645,
      "class_C1pJ1p": 0.06657745065239211,
      "class_D_taujo_lt_tausc": 0.0,
      "class_D_tausc_lt_taujo": 1.0,
      "class_D_tie": 0.0
    },
    {
      "window": "other",
      "n": 187814,
      "frac": 0.93907,
      "P_sc_ge1": 0.19992652304939995,
      "P_jo_ge1": 0.29807682068429403,
      "P_sc_ge1_ci95": [
        0.19812386178130698,
        0.2017414596397864
      ],
      "P_jo_ge1_ci95": [
        0.2960122512952774,
        0.30014965029054086
      ],
      "C0": 0.8000734769506,
      "C1": 0.19908526520919634,
      "C2p": 0.0008412578402036057,
      "J0": 0.7019231793157059,
      "J1": 0.18348472424845857,
      "J2p": 0.11459209643583546,
      "class_C0J0": 0.5792273206470231,
      "class_C1pJ0": 0.12269585866868285,
      "class_C0J1p": 0.22084615630357693,
      "class_C1pJ1p": 0.07723066438071709,
      "class_D_taujo_lt_tausc": 0.008617718028266115,
      "class_D_tausc_lt_taujo": 0.9913822819717338,
      "class_D_tie": 0.0
    }
  ]
}