{
  "params": {
    "N": 210,
    "K": 4,
    "n0": 0,
    "target": 105,
    "sc_src": 5,
    "sc_dst": 106,
    "mode": "lazy_selfloop",
    "q": 0.6666666667,
    "beta": 0.01,
    "rho": 1.0,
    "jumpover_absorbs": false,
    "n0_paper": 1,
    "target_paper": 106,
    "sc_src_paper": 6,
    "sc_dst_paper": 107,
    "p_shortcut": 0.0033333333330000004
  },
  "paper_peaks": [
    [
      32,
      0.00011037965379282157
    ],
    [
      2040,
      0.00014922487222995332
    ]
  ],
  "peaks_valley": {
    "t1": 32,
    "tv": 447,
    "t2": 2040,
    "delta": 100
  },
  "exact_meta": {
    "method": "aw",
    "r": 0.9977000638225533,
    "L": 8192,
    "max_steps": 4000,
    "x_nnz": 2
  },
  "cond_by_time": {
    "max_t": 4000,
    "min_n": 50,
    "smooth_window": 21
  },
  "summaries": [
    {
      "window": "peak1",
      "n": 2244,
      "frac": 0.01122,
      "P_sc_ge1": 1.0,
      "P_jo_ge1": 0.32976827094474154,
      "P_sc_ge1_ci95": [
        0.9982909827809932,
        1.0
      ],
      "P_jo_ge1_ci95": [
        0.3106217719546325,
        0.34949662784720414
      ],
      "C0": 0.0,
      "C1": 1.0,
      "C2p": 0.0,
      "J0": 0.6702317290552585,
      "J1": 0.21479500891265596,
      "J2p": 0.11497326203208556,
      "class_C0J0": 0.0,
      "class_C1pJ0": 0.6702317290552585,
      "class_C0J1p": 0.0,
      "class_C1pJ1p": 0.32976827094474154,
      "class_D_taujo_lt_tausc": 0.0,
      "class_D_tausc_lt_taujo": 1.0,
      "class_D_tie": 0.0
    },
    {
      "window": "valley",
      "n": 2004,
      "frac": 0.01002,
      "P_sc_ge1": 0.904690618762475,
      "P_jo_ge1": 0.34830339321357284,
      "P_sc_ge1_ci95": [
        0.891048743790158,
        0.9167839059567144
      ],
      "P_jo_ge1_ci95": [
        0.32775184264461127,
        0.36943542551439096
      ],
      "C0": 0.09530938123752496,
      "C1": 0.904690618762475,
      "C2p": 0.0,
      "J0": 0.6516966067864272,
      "J1": 0.21457085828343314,
      "J2p": 0.13373253493013973,
      "class_C0J0": 0.07285429141716566,
      "class_C1pJ0": 0.5788423153692615,
      "class_C0J1p": 0.02245508982035928,
      "class_C1pJ1p": 0.3258483033932136,
      "class_D_taujo_lt_tausc": 0.0,
      "class_D_tausc_lt_taujo": 1.0,
      "class_D_tie": 0.0
    },
    {
      "window": "peak2",
      "n": 5974,
      "frac": 0.02987,
      "P_sc_ge1": 0.1295614328757951,
      "P_jo_ge1": 0.28356210244392366,
      "P_sc_ge1_ci95": [
        0.12128300351441096,
        0.13831597950313834
      ],
      "P_jo_ge1_ci95": [
        0.27227426808977734,
        0.29512812008992956
      ],
      "C0": 0.8704385671242049,
      "C1": 0.1295614328757951,
      "C2p": 0.0,
      "J0": 0.7164378975560763,
      "J1": 0.1796116504854369,
      "J2p": 0.10395045195848678,
      "class_C0J0": 0.6386006026113157,
      "class_C1pJ0": 0.07783729494476063,
      "class_C0J1p": 0.23183796451288918,
      "class_C1pJ1p": 0.05172413793103448,
      "class_D_taujo_lt_tausc": 0.003236245954692557,
      "class_D_tausc_lt_taujo": 0.9967637540453075,
      "class_D_tie": 0.0
    },
    {
      "window": "other",
      "n": 189778,
      "frac": 0.94889,
      "P_sc_ge1": 0.1498171547808492,
      "P_jo_ge1": 0.29163548988818516,
      "P_sc_ge1_ci95": [
        0.14821852288083437,
        0.1514299636158843
      ],
      "P_jo_ge1_ci95": [
        0.28959477856308796,
        0.293684636721077
      ],
      "C0": 0.8501828452191508,
      "C1": 0.14918483702009716,
      "C2p": 0.0006323177607520366,
      "J0": 0.7083645101118149,
      "J1": 0.18111161462340208,
      "J2p": 0.11052387526478306,
      "class_C0J0": 0.6168312449282847,
      "class_C1pJ0": 0.09153326518353024,
      "class_C0J1p": 0.23335160029086616,
      "class_C1pJ1p": 0.05828388959731897,
      "class_D_taujo_lt_tausc": 0.01708706265256306,
      "class_D_tausc_lt_taujo": 0.9829129373474369,
      "class_D_tie": 0.0
    }
  ]
}